2015.05.26 14:00:00.397,0.7242,0.72449,1.50,1.00
2015.05.26 14:00:01.047,0.72421,0.72449,1.00,1.00
2015.05.26 14:00:01.415,0.72422,0.72443,1.00,1.00
2015.05.26 14:00:01.685,0.7242,0.72444,1.50,1.00
2015.05.26 14:00:01.837,0.72421,0.72449,1.50,2.25
2015.05.26 14:00:01.888,0.7242,0.7245,1.50,5.32
2015.05.26 14:00:02.262,0.72418,0.72447,1.00,1.07
2015.05.26 14:00:02.416,0.72417,0.7244,1.50,1.50
2015.05.26 14:00:02.534,0.72417,0.72449,1.50,3.00
2015.05.26 14:00:02.791,0.72417,0.72448,1.50,1.15
2015.05.26 14:00:03.186,0.72408,0.72445,1.00,1.00
2015.05.26 14:00:03.239,0.72408,0.72445,1.50,1.50
2015.05.26 14:00:04.243,0.72407,0.7244,1.75,1.50
2015.05.26 14:00:04.550,0.72408,0.72439,1.50,4.50
2015.05.26 14:00:05.890,0.72408,0.72436,1.00,2.25
2015.05.26 14:00:06.957,0.72407,0.72429,1.00,2.25
2015.05.26 14:00:07.262,0.72409,0.72426,1.00,1.12
2015.05.26 14:00:08.684,0.72409,0.72426,1.37,1.12
2015.05.26 14:00:09.108,0.72406,0.72422,1.50,1.00
2015.05.26 14:00:09.671,0.72409,0.72424,1.37,1.00
2015.05.26 14:00:10.142,0.72409,0.72424,1.37,1.00
2015.05.26 14:00:10.657,0.72414,0.72422,1.37,1.00
2015.05.26 14:00:11.209,0.72413,0.7242,1.37,1.00
2015.05.26 14:00:11.261,0.72403,0.72418,2.62,1.00
2015.05.26 14:00:12.625,0.72411,0.72421,1.12,1.75
2015.05.26 14:00:12.828,0.72413,0.72421,1.00,1.75
2015.05.26 14:00:13.031,0.72411,0.72421,1.12,1.75
2015.05.26 14:00:13.400,0.72408,0.72414,1.37,1.00
2015.05.26 14:00:13.705,0.72398,0.72409,1.37,1.00
2015.05.26 14:00:13.857,0.724,0.72412,1.37,1.00
2015.05.26 14:00:13.960,0.724,0.72414,1.37,1.00
2015.05.26 14:00:14.422,0.72406,0.72418,1.37,1.00
2015.05.26 14:00:14.575,0.72414,0.72419,1.00,1.00
2015.05.26 14:00:14.677,0.72407,0.72419,1.87,1.00
2015.05.26 14:00:14.779,0.72414,0.72419,1.00,1.00
2015.05.26 14:00:15.879,0.72407,0.72414,1.37,1.00
2015.05.26 14:00:16.184,0.72398,0.72404,1.82,1.50
2015.05.26 14:00:16.846,0.72397,0.72405,1.12,1.00
2015.05.26 14:00:16.898,0.72396,0.72405,1.12,1.00
2015.05.26 14:00:16.949,0.72396,0.72402,1.12,1.50
2015.05.26 14:00:17.154,0.72387,0.72396,1.00,1.00
2015.05.26 14:00:17.206,0.72383,0.7239,1.12,1.00
2015.05.26 14:00:17.359,0.72372,0.7238,2.25,3.75
2015.05.26 14:00:17.461,0.72365,0.72373,1.57,1.00
2015.05.26 14:00:17.859,0.72367,0.72374,1.87,1.00
2015.05.26 14:00:17.911,0.72369,0.72381,1.50,3.00
2015.05.26 14:00:18.419,0.72371,0.72381,1.00,1.00
2015.05.26 14:00:18.963,0.72374,0.72384,1.00,1.00
2015.05.26 14:00:19.166,0.7237,0.72385,1.10,1.12
2015.05.26 14:00:19.319,0.7237,0.72378,1.10,1.00
2015.05.26 14:00:19.904,0.72367,0.72378,1.57,1.00
2015.05.26 14:00:20.212,0.72375,0.72388,1.00,3.00
2015.05.26 14:00:20.365,0.72372,0.72388,1.00,2.70
2015.05.26 14:00:20.906,0.72371,0.7238,1.10,1.37
2015.05.26 14:00:21.010,0.72367,0.72378,1.50,1.37
2015.05.26 14:00:21.113,0.72369,0.72379,1.00,1.37
2015.05.26 14:00:21.215,0.72374,0.72384,1.12,1.50
2015.05.26 14:00:21.318,0.72374,0.72387,1.12,1.20
2015.05.26 14:00:21.900,0.72376,0.72389,1.37,1.00
2015.05.26 14:00:22.053,0.72378,0.72391,1.37,1.20
2015.05.26 14:00:22.105,0.72378,0.72391,1.37,1.20
2015.05.26 14:00:22.395,0.72381,0.72391,1.00,1.10
2015.05.26 14:00:22.450,0.72377,0.72391,1.00,1.57
2015.05.26 14:00:22.501,0.72376,0.72384,1.10,1.00
2015.05.26 14:00:23.104,0.72364,0.72378,1.75,1.50
2015.05.26 14:00:23.312,0.72364,0.72379,1.75,1.00
2015.05.26 14:00:23.719,0.72364,0.72377,2.25,1.00
2015.05.26 14:00:24.175,0.72365,0.72379,1.12,1.00
2015.05.26 14:00:24.685,0.72365,0.7238,1.12,1.00
2015.05.26 14:00:25.405,0.72371,0.72383,1.37,1.12
2015.05.26 14:00:25.456,0.72371,0.72387,2.25,1.75
2015.05.26 14:00:25.508,0.72378,0.7239,1.00,1.20
2015.05.26 14:00:25.813,0.72375,0.72386,1.20,1.00
2015.05.26 14:00:25.915,0.72375,0.72388,1.20,1.00
2015.05.26 14:00:26.896,0.72378,0.72392,1.00,1.50
2015.05.26 14:00:26.947,0.7238,0.72392,1.00,1.50
2015.05.26 14:00:27.947,0.72382,0.7239,1.00,1.00
2015.05.26 14:00:28.253,0.72385,0.72392,1.00,1.00
2015.05.26 14:00:28.356,0.72388,0.72399,1.00,1.12
2015.05.26 14:00:28.407,0.72388,0.72402,1.00,1.95
2015.05.26 14:00:28.612,0.72392,0.72403,1.00,1.37
2015.05.26 14:00:28.976,0.72392,0.72403,1.00,1.00
2015.05.26 14:00:29.181,0.72393,0.72407,1.00,1.20
2015.05.26 14:00:29.232,0.72401,0.72408,1.00,1.20
2015.05.26 14:00:29.334,0.72397,0.72409,1.00,1.27
2015.05.26 14:00:29.640,0.72395,0.72409,1.50,1.95
2015.05.26 14:00:30.088,0.72398,0.72409,1.00,1.20
2015.05.26 14:00:30.344,0.72399,0.72412,1.00,1.37
2015.05.26 14:00:30.446,0.72402,0.72412,1.00,1.00
2015.05.26 14:00:30.548,0.72402,0.72414,1.00,2.62
2015.05.26 14:00:30.651,0.72402,0.72412,1.00,1.00
2015.05.26 14:00:31.187,0.72402,0.72409,1.00,1.00
2015.05.26 14:00:31.238,0.72399,0.72409,1.00,1.50
2015.05.26 14:00:31.340,0.72399,0.72407,1.00,1.00
2015.05.26 14:00:31.443,0.72395,0.72406,1.00,1.00
2015.05.26 14:00:31.595,0.72395,0.72403,1.00,1.00
2015.05.26 14:00:31.646,0.72393,0.72403,1.20,1.50
2015.05.26 14:00:32.112,0.72391,0.72401,1.00,1.37
2015.05.26 14:00:32.620,0.7239,0.72401,1.00,1.37
2015.05.26 14:00:33.416,0.72387,0.724,1.00,1.12
2015.05.26 14:00:33.873,0.7239,0.724,1.00,1.87
2015.05.26 14:00:33.974,0.72388,0.72399,1.00,1.50
2015.05.26 14:00:34.511,0.72381,0.72391,1.37,1.10
2015.05.26 14:00:34.562,0.72381,0.72391,1.00,1.57
2015.05.26 14:00:34.867,0.72377,0.72388,1.10,1.12
2015.05.26 14:00:35.451,0.72375,0.72385,1.00,1.37
2015.05.26 14:00:36.694,0.72376,0.72384,1.00,1.87
2015.05.26 14:00:36.796,0.7237,0.72384,1.87,1.37
2015.05.26 14:00:36.847,0.7237,0.72384,1.50,1.87
2015.05.26 14:00:37.303,0.72367,0.7238,1.12,1.37
2015.05.26 14:00:38.129,0.72368,0.7238,1.12,1.37
2015.05.26 14:00:38.383,0.72367,0.72378,1.20,1.37
2015.05.26 14:00:39.171,0.72367,0.72382,3.00,1.00
2015.05.26 14:00:39.280,0.72371,0.72386,1.00,3.07
2015.05.26 14:00:39.331,0.72372,0.72386,1.00,1.87
2015.05.26 14:00:39.383,0.72372,0.72387,1.00,1.12
2015.05.26 14:00:39.486,0.72375,0.72387,1.00,1.12
2015.05.26 14:00:39.791,0.72372,0.72378,1.05,3.00
2015.05.26 14:00:40.208,0.72358,0.72366,1.00,1.00
2015.05.26 14:00:40.573,0.72357,0.72372,1.12,2.25
2015.05.26 14:00:40.677,0.72357,0.72371,1.12,1.50
2015.05.26 14:00:40.728,0.72357,0.72367,1.12,1.00
2015.05.26 14:00:40.829,0.72353,0.72367,1.50,1.50
2015.05.26 14:00:41.285,0.72351,0.72365,1.95,1.12
2015.05.26 14:00:42.258,0.72354,0.72365,1.87,1.00
2015.05.26 14:00:42.516,0.72353,0.72368,2.32,1.37
2015.05.26 14:00:42.670,0.72352,0.72366,2.25,1.37
2015.05.26 14:00:43.219,0.72349,0.72361,1.87,1.00
2015.05.26 14:00:43.425,0.72351,0.72364,1.07,2.62
2015.05.26 14:00:43.628,0.72351,0.72361,1.07,1.00
2015.05.26 14:00:44.216,0.7235,0.72359,1.47,1.00
2015.05.26 14:00:44.268,0.7235,0.72364,1.47,3.75
2015.05.26 14:00:45.421,0.72349,0.72363,1.57,1.00
2015.05.26 14:00:45.624,0.72349,0.72364,2.32,1.50
2015.05.26 14:00:45.978,0.72349,0.72364,1.87,1.50
2015.05.26 14:00:46.080,0.72349,0.72364,1.87,1.50
2015.05.26 14:00:46.283,0.72349,0.72359,1.12,1.00
2015.05.26 14:00:46.645,0.72347,0.72354,1.00,1.12
2015.05.26 14:00:47.153,0.72347,0.72355,1.50,1.12
2015.05.26 14:00:47.863,0.72343,0.72348,1.00,1.00
2015.05.26 14:00:47.914,0.72346,0.72351,1.00,1.20
2015.05.26 14:00:47.965,0.72343,0.72352,1.00,2.70
2015.05.26 14:00:48.067,0.72343,0.7235,1.00,1.07
2015.05.26 14:00:48.372,0.72347,0.72352,1.00,1.20
2015.05.26 14:00:49.283,0.72362,0.72369,1.00,1.37
2015.05.26 14:00:49.382,0.72364,0.72369,1.00,1.00
2015.05.26 14:00:49.890,0.72363,0.7237,1.00,1.37
2015.05.26 14:00:51.436,0.72352,0.72358,1.00,1.12
2015.05.26 14:00:51.589,0.72354,0.72358,1.00,1.00
2015.05.26 14:00:51.640,0.72354,0.72358,1.00,1.00
2015.05.26 14:00:51.794,0.72356,0.72362,1.00,1.00
2015.05.26 14:00:52.482,0.72358,0.72363,1.00,2.25
2015.05.26 14:00:52.534,0.72348,0.7236,2.25,1.37
2015.05.26 14:00:52.585,0.72346,0.72357,1.50,1.12
2015.05.26 14:00:52.789,0.7234,0.72348,1.10,1.00
2015.05.26 14:00:53.045,0.72342,0.72348,1.00,1.00
2015.05.26 14:00:53.565,0.72346,0.72353,1.00,1.75
2015.05.26 14:00:53.617,0.72348,0.72355,1.00,1.12
2015.05.26 14:00:54.177,0.72348,0.72354,1.00,1.00
2015.05.26 14:00:54.597,0.72343,0.72354,1.00,1.87
2015.05.26 14:00:54.648,0.72345,0.72352,1.00,1.00
2015.05.26 14:00:55.163,0.72345,0.72351,1.00,1.00
2015.05.26 14:00:55.482,0.72348,0.72353,1.00,1.10
2015.05.26 14:00:59.702,0.72349,0.72354,1.00,1.00
2015.05.26 14:00:59.805,0.7235,0.72356,1.00,1.12
2015.05.26 14:00:59.856,0.7235,0.72357,1.00,1.12
2015.05.26 14:01:00.162,0.72354,0.7236,1.00,1.50
2015.05.26 14:01:00.666,0.72358,0.72364,1.00,1.50
2015.05.26 14:01:00.767,0.7236,0.72366,1.00,3.00
2015.05.26 14:01:00.921,0.72365,0.7237,1.00,1.00
2015.05.26 14:01:01.023,0.72366,0.72372,1.00,1.00
2015.05.26 14:01:01.279,0.72367,0.72374,1.00,2.25
2015.05.26 14:01:01.730,0.72368,0.72374,1.00,1.87
2015.05.26 14:01:02.255,0.72368,0.72373,1.00,1.00
2015.05.26 14:01:02.852,0.72361,0.72374,1.87,1.00
2015.05.26 14:01:02.903,0.72362,0.72366,1.50,1.00
2015.05.26 14:01:03.005,0.72358,0.72366,1.00,1.50
2015.05.26 14:01:03.208,0.72358,0.72364,1.00,1.12
2015.05.26 14:01:03.514,0.72358,0.72362,1.00,1.00
2015.05.26 14:01:04.130,0.72357,0.72365,1.00,2.25
2015.05.26 14:01:05.167,0.72357,0.72364,1.00,1.37
2015.05.26 14:01:05.523,0.72357,0.72361,1.00,1.00
2015.05.26 14:01:05.574,0.72354,0.72361,1.00,1.00
2015.05.26 14:01:05.767,0.72353,0.72361,1.00,1.50
2015.05.26 14:01:06.072,0.72353,0.72361,1.00,1.87
2015.05.26 14:01:06.481,0.72352,0.72357,1.00,1.37
2015.05.26 14:01:06.534,0.7235,0.72357,1.00,1.37
2015.05.26 14:01:06.788,0.72351,0.72357,1.00,1.37
2015.05.26 14:01:08.085,0.72351,0.72356,1.00,1.87
2015.05.26 14:01:08.747,0.72353,0.72358,1.00,3.00
2015.05.26 14:01:09.274,0.72352,0.72356,1.00,1.12
2015.05.26 14:01:09.376,0.7235,0.72356,1.00,1.12
2015.05.26 14:01:10.319,0.72349,0.72355,1.00,1.50
2015.05.26 14:01:10.370,0.72346,0.72352,1.00,1.00
2015.05.26 14:01:10.624,0.72342,0.72353,1.50,2.25
2015.05.26 14:01:10.675,0.72344,0.72353,1.00,2.25
2015.05.26 14:01:12.598,0.72344,0.72353,1.10,1.87
2015.05.26 14:01:12.903,0.72347,0.72353,1.00,1.37
2015.05.26 14:01:14.440,0.72347,0.72353,1.00,1.37
2015.05.26 14:01:15.338,0.72347,0.72354,1.00,1.50
2015.05.26 14:01:17.730,0.72345,0.72353,1.00,1.50
2015.05.26 14:01:17.882,0.72345,0.72353,1.00,1.50
2015.05.26 14:01:18.238,0.72342,0.72353,1.00,1.75
2015.05.26 14:01:18.340,0.72339,0.7235,1.10,1.87
2015.05.26 14:01:18.391,0.72337,0.72348,1.87,1.50
2015.05.26 14:01:18.544,0.72335,0.72342,1.12,1.00
2015.05.26 14:01:18.969,0.72332,0.72342,1.50,1.50
2015.05.26 14:01:19.476,0.72332,0.72342,1.12,1.50
2015.05.26 14:01:20.162,0.72335,0.72342,1.50,1.87
2015.05.26 14:01:20.618,0.72335,0.72345,1.57,1.00
2015.05.26 14:01:20.669,0.72338,0.72345,1.00,1.00
2015.05.26 14:01:20.720,0.7234,0.7235,1.00,3.07
2015.05.26 14:01:21.776,0.72345,0.72358,1.00,1.95
2015.05.26 14:01:22.031,0.72342,0.72354,1.00,1.00
2015.05.26 14:01:22.336,0.72339,0.72351,1.57,1.00
2015.05.26 14:01:23.050,0.7234,0.72351,1.00,1.50
2015.05.26 14:01:23.559,0.72339,0.7235,1.12,1.00
2015.05.26 14:01:24.269,0.7234,0.72353,1.00,1.12
2015.05.26 14:01:24.421,0.72344,0.72353,1.00,1.00
2015.05.26 14:01:25.557,0.72345,0.72355,1.87,1.87
2015.05.26 14:01:25.608,0.72345,0.72355,1.87,1.00
2015.05.26 14:01:25.760,0.7235,0.72361,1.37,1.50
2015.05.26 14:01:25.812,0.7235,0.72362,1.37,2.25
2015.05.26 14:01:25.913,0.7235,0.72362,1.37,2.25
2015.05.26 14:01:26.117,0.72355,0.72362,1.00,1.20
2015.05.26 14:01:26.961,0.72355,0.72366,1.00,1.95
2015.05.26 14:01:27.287,0.72355,0.72366,1.00,1.00
2015.05.26 14:01:27.822,0.72355,0.72367,1.00,1.50
2015.05.26 14:01:29.655,0.72355,0.72366,1.50,1.00
2015.05.26 14:01:29.707,0.72357,0.72366,1.00,1.00
2015.05.26 14:01:29.758,0.72357,0.72368,1.00,1.95
2015.05.26 14:01:30.921,0.72354,0.72368,1.87,3.00
2015.05.26 14:01:31.378,0.72355,0.72363,1.00,1.00
2015.05.26 14:01:32.919,0.72355,0.72364,1.00,1.00
2015.05.26 14:01:33.388,0.72356,0.72363,1.00,1.37
2015.05.26 14:01:33.441,0.72354,0.72363,1.00,1.37
2015.05.26 14:01:33.594,0.72356,0.72362,1.00,1.00
2015.05.26 14:01:35.160,0.72358,0.72364,1.00,1.00
2015.05.26 14:01:35.363,0.72359,0.72369,1.00,1.20
2015.05.26 14:01:35.414,0.72357,0.72369,1.00,1.20
2015.05.26 14:01:35.917,0.72357,0.72368,1.00,1.00
2015.05.26 14:01:36.070,0.72359,0.72368,1.00,1.50
2015.05.26 14:01:37.029,0.72363,0.7237,1.00,1.12
2015.05.26 14:01:37.538,0.72362,0.72372,1.00,2.25
2015.05.26 14:01:38.352,0.72354,0.72364,1.37,1.00
2015.05.26 14:01:38.859,0.72354,0.72364,1.00,1.95
2015.05.26 14:01:39.617,0.72352,0.72362,1.00,2.32
2015.05.26 14:01:40.126,0.72353,0.72363,1.00,1.87
2015.05.26 14:01:40.711,0.72357,0.72368,1.50,1.57
2015.05.26 14:01:40.762,0.72359,0.72369,1.00,1.12
2015.05.26 14:01:41.068,0.72361,0.72372,1.00,2.02
2015.05.26 14:01:41.582,0.72361,0.72372,1.00,1.95
2015.05.26 14:01:42.685,0.72362,0.72373,1.00,1.50
2015.05.26 14:01:43.499,0.72361,0.72367,1.00,1.12
2015.05.26 14:01:43.550,0.72357,0.72367,1.50,1.87
2015.05.26 14:01:44.576,0.72357,0.72365,1.00,1.50
2015.05.26 14:01:44.629,0.72353,0.72364,1.50,1.37
2015.05.26 14:01:45.087,0.72351,0.72362,1.50,1.20
2015.05.26 14:01:45.138,0.7235,0.72361,1.00,1.37
2015.05.26 14:01:45.689,0.72348,0.72357,1.00,1.12
2015.05.26 14:01:46.155,0.72352,0.72359,1.00,1.12
2015.05.26 14:01:46.361,0.72355,0.72366,1.00,3.07
2015.05.26 14:01:47.011,0.72358,0.72368,1.00,1.50
2015.05.26 14:01:47.518,0.72358,0.72369,1.00,1.95
2015.05.26 14:01:48.055,0.72359,0.72368,1.00,1.00
2015.05.26 14:01:49.101,0.72359,0.72371,1.00,1.45
2015.05.26 14:01:49.682,0.72361,0.7237,1.00,1.37
2015.05.26 14:01:49.935,0.72361,0.72371,1.00,1.10
2015.05.26 14:01:50.834,0.72363,0.72373,1.00,1.50
2015.05.26 14:01:51.341,0.72364,0.72376,1.00,3.07
2015.05.26 14:01:51.392,0.72364,0.72376,1.00,3.07
2015.05.26 14:01:52.335,0.72364,0.72373,1.00,1.12
2015.05.26 14:01:53.913,0.72364,0.72375,1.00,2.70
2015.05.26 14:01:54.217,0.72361,0.72372,1.00,1.37
2015.05.26 14:01:54.268,0.72359,0.72372,1.50,1.37
2015.05.26 14:01:54.632,0.7236,0.72369,1.00,1.00
2015.05.26 14:01:55.045,0.72361,0.72371,1.00,1.65
2015.05.26 14:01:55.899,0.72361,0.7237,1.00,1.00
2015.05.26 14:01:57.172,0.7236,0.7237,1.50,1.07
2015.05.26 14:01:57.427,0.7236,0.72372,1.50,2.32
2015.05.26 14:01:57.580,0.72362,0.72372,1.00,1.57
2015.05.26 14:01:57.955,0.72362,0.72369,1.00,1.00
2015.05.26 14:01:58.492,0.72362,0.72371,1.00,1.87
2015.05.26 14:01:59.067,0.72362,0.7237,1.00,1.37
2015.05.26 14:01:59.758,0.7236,0.72368,1.00,1.50
2015.05.26 14:01:59.817,0.72356,0.72365,1.00,1.12
2015.05.26 14:01:59.919,0.72357,0.72367,1.00,1.87
2015.05.26 14:02:00.332,0.72352,0.72357,3.07,1.37
2015.05.26 14:02:00.383,0.72352,0.72357,1.57,1.37
2015.05.26 14:02:00.434,0.72351,0.7236,1.00,3.75
2015.05.26 14:02:00.535,0.72349,0.72357,1.00,1.50
2015.05.26 14:02:01.082,0.72349,0.72357,1.00,1.12
2015.05.26 14:02:01.184,0.72349,0.72355,1.00,1.00
2015.05.26 14:02:01.388,0.7235,0.72359,1.50,1.87
2015.05.26 14:02:01.439,0.72352,0.72359,1.00,1.50
2015.05.26 14:02:01.541,0.72352,0.72361,1.00,1.00
2015.05.26 14:02:02.487,0.72353,0.72362,1.00,1.20
2015.05.26 14:02:02.996,0.72354,0.72361,1.00,1.00
2015.05.26 14:02:03.149,0.72354,0.72363,1.00,1.12
2015.05.26 14:02:03.251,0.72351,0.72363,1.00,1.00
2015.05.26 14:02:03.353,0.72347,0.7236,1.20,1.37
2015.05.26 14:02:03.756,0.72346,0.72357,1.00,1.00
2015.05.26 14:02:03.807,0.72346,0.72359,1.00,2.62
2015.05.26 14:02:04.112,0.72347,0.72357,1.00,1.00
2015.05.26 14:02:04.265,0.72347,0.72359,1.00,1.00
2015.05.26 14:02:04.967,0.72346,0.72353,1.50,1.00
2015.05.26 14:02:05.275,0.72338,0.72342,1.00,1.00
2015.05.26 14:02:05.327,0.72336,0.7234,1.00,1.00
2015.05.26 14:02:05.379,0.72338,0.72342,1.00,1.00
2015.05.26 14:02:05.684,0.72338,0.72342,1.00,1.00
2015.05.26 14:02:06.097,0.72338,0.72346,1.00,1.50
2015.05.26 14:02:06.148,0.72341,0.72346,1.00,1.00
2015.05.26 14:02:06.199,0.72341,0.72348,1.00,1.20
2015.05.26 14:02:06.556,0.72342,0.7235,1.00,1.00
2015.05.26 14:02:06.658,0.72344,0.7235,1.00,1.00
2015.05.26 14:02:06.964,0.72347,0.72351,1.00,1.00
2015.05.26 14:02:07.313,0.72347,0.72353,1.00,1.20
2015.05.26 14:02:07.365,0.72346,0.72353,1.00,1.75
2015.05.26 14:02:07.572,0.72342,0.72349,1.00,1.12
2015.05.26 14:02:07.776,0.72339,0.72345,1.00,1.00
2015.05.26 14:02:07.878,0.72337,0.72345,1.50,1.12
2015.05.26 14:02:08.491,0.72336,0.72345,1.00,1.20
2015.05.26 14:02:08.543,0.72334,0.72343,1.50,1.00
2015.05.26 14:02:08.849,0.72337,0.72346,1.00,1.50
2015.05.26 14:02:09.576,0.72337,0.72346,1.00,2.25
2015.05.26 14:02:10.727,0.72339,0.72348,1.00,1.37
2015.05.26 14:02:11.238,0.72339,0.72349,1.00,1.27
2015.05.26 14:02:11.289,0.72337,0.72346,1.50,1.00
2015.05.26 14:02:12.360,0.72338,0.72348,1.00,1.37
2015.05.26 14:02:12.666,0.72338,0.72347,1.00,1.50
2015.05.26 14:02:12.768,0.72336,0.72345,1.00,1.00
2015.05.26 14:02:13.022,0.72335,0.7234,1.00,1.00
2015.05.26 14:02:13.518,0.72331,0.72337,1.50,1.00
2015.05.26 14:02:13.721,0.72331,0.72335,1.00,1.00
2015.05.26 14:02:13.824,0.72329,0.72334,1.00,1.00
2015.05.26 14:02:14.027,0.72329,0.7234,1.00,1.75
2015.05.26 14:02:14.078,0.72329,0.7234,1.00,1.50
2015.05.26 14:02:14.231,0.7233,0.7234,1.00,1.12
2015.05.26 14:02:14.781,0.7233,0.72342,1.00,1.00
2015.05.26 14:02:14.832,0.7233,0.7234,1.00,1.00
2015.05.26 14:02:15.140,0.72336,0.7234,1.00,1.00
2015.05.26 14:02:15.648,0.72336,0.72341,1.00,1.00
2015.05.26 14:02:16.114,0.72332,0.72341,1.00,1.00
2015.05.26 14:02:16.165,0.72331,0.72335,1.50,1.00
2015.05.26 14:02:16.216,0.72329,0.72335,1.12,1.00
2015.05.26 14:02:16.267,0.72329,0.72337,1.00,1.00
2015.05.26 14:02:16.369,0.72321,0.72326,10.20,1.00
2015.05.26 14:02:16.471,0.7232,0.72324,1.87,1.00
2015.05.26 14:02:16.522,0.72317,0.72324,1.00,1.00
2015.05.26 14:02:16.625,0.72317,0.72325,1.37,1.00
2015.05.26 14:02:16.678,0.7232,0.72328,1.37,2.32
2015.05.26 14:02:16.881,0.7232,0.7233,1.37,1.00
2015.05.26 14:02:17.425,0.72321,0.72331,1.12,1.10
2015.05.26 14:02:17.578,0.72323,0.72334,1.37,2.25
2015.05.26 14:02:17.732,0.72326,0.72337,1.37,1.95
2015.05.26 14:02:18.038,0.72327,0.72331,1.00,1.50
2015.05.26 14:02:18.090,0.72319,0.72325,1.00,1.00
2015.05.26 14:02:18.530,0.72313,0.72325,1.50,1.00
2015.05.26 14:02:18.581,0.72313,0.72324,1.00,1.37
2015.05.26 14:02:18.633,0.72309,0.72323,2.02,1.37
2015.05.26 14:02:18.785,0.72309,0.72323,1.12,1.00
2015.05.26 14:02:19.038,0.72312,0.72325,1.00,1.00
2015.05.26 14:02:19.722,0.72314,0.72328,1.00,2.25
2015.05.26 14:02:19.824,0.72316,0.7233,1.00,1.47
2015.05.26 14:02:20.027,0.72317,0.72332,1.00,2.25
2015.05.26 14:02:20.231,0.7232,0.72333,1.00,1.50
2015.05.26 14:02:20.750,0.72323,0.72335,1.87,1.10
2015.05.26 14:02:21.165,0.72323,0.72337,1.37,1.20
2015.05.26 14:02:21.267,0.72322,0.72331,1.50,1.00
2015.05.26 14:02:21.318,0.72321,0.72331,1.00,1.00
2015.05.26 14:02:21.369,0.72317,0.72331,1.75,1.12
2015.05.26 14:02:21.420,0.72317,0.72329,1.37,1.10
2015.05.26 14:02:21.471,0.72315,0.72329,1.00,1.95
2015.05.26 14:02:22.475,0.72316,0.72329,1.00,1.12
2015.05.26 14:02:22.628,0.72314,0.72329,1.00,2.25
2015.05.26 14:02:22.780,0.72316,0.72331,1.00,1.95
2015.05.26 14:02:23.088,0.72318,0.72332,1.37,1.20
2015.05.26 14:02:23.697,0.72318,0.72333,1.37,2.25
2015.05.26 14:02:23.748,0.72318,0.72332,1.37,1.50
2015.05.26 14:02:26.368,0.72316,0.7233,1.37,1.07
2015.05.26 14:02:26.623,0.72315,0.72329,1.00,1.50
2015.05.26 14:02:27.135,0.72315,0.72329,2.25,1.10
2015.05.26 14:02:27.643,0.72315,0.72329,1.50,1.57
2015.05.26 14:02:30.303,0.72315,0.7233,2.25,1.50
2015.05.26 14:02:30.647,0.72317,0.7233,1.00,1.45
2015.05.26 14:02:30.952,0.72323,0.72334,1.00,1.00
2015.05.26 14:02:31.105,0.72323,0.72336,1.00,1.10
2015.05.26 14:02:31.258,0.72325,0.72336,1.00,1.10
2015.05.26 14:02:31.310,0.72323,0.72337,3.00,1.50
2015.05.26 14:02:31.671,0.72323,0.72338,2.62,1.10
2015.05.26 14:02:31.778,0.72325,0.72338,1.00,1.10
2015.05.26 14:02:32.032,0.72323,0.72338,1.12,2.32
2015.05.26 14:02:32.083,0.72325,0.72334,1.00,1.00
2015.05.26 14:02:32.236,0.72316,0.72326,1.00,1.00
2015.05.26 14:02:32.338,0.72316,0.72328,1.75,1.12
2015.05.26 14:02:33.379,0.72327,0.72334,1.37,1.00
2015.05.26 14:02:33.430,0.72327,0.7234,1.37,2.32
2015.05.26 14:02:33.889,0.72325,0.72338,1.00,1.87
2015.05.26 14:02:33.940,0.72322,0.72333,1.50,1.00
2015.05.26 14:02:34.494,0.72319,0.72334,1.37,1.95
2015.05.26 14:02:34.545,0.72318,0.72332,3.45,1.00
2015.05.26 14:02:34.647,0.72318,0.72332,1.50,2.70
2015.05.26 14:02:34.800,0.72324,0.7233,1.00,1.12
2015.05.26 14:02:35.105,0.72327,0.72332,1.00,1.50
2015.05.26 14:02:35.628,0.72326,0.72331,1.00,1.00
2015.05.26 14:02:36.340,0.72327,0.72332,1.00,1.50
2015.05.26 14:02:39.102,0.7232,0.72324,1.00,1.00
2015.05.26 14:02:39.155,0.72314,0.72325,1.00,1.87
2015.05.26 14:02:39.206,0.72311,0.72323,1.00,1.50
2015.05.26 14:02:39.258,0.72311,0.72319,1.00,1.00
2015.05.26 14:02:39.603,0.72308,0.72316,1.00,1.12
2015.05.26 14:02:40.309,0.72304,0.72318,1.12,2.25
2015.05.26 14:02:40.362,0.72305,0.72318,1.47,1.00
2015.05.26 14:02:40.869,0.72308,0.72319,1.37,1.00
2015.05.26 14:02:41.530,0.72308,0.72317,1.37,1.00
2015.05.26 14:02:41.854,0.72304,0.72315,1.47,1.12
2015.05.26 14:02:41.905,0.72303,0.72315,1.37,1.82
2015.05.26 14:02:42.158,0.72307,0.72312,1.00,1.00
2015.05.26 14:02:42.750,0.72311,0.72322,1.00,2.70
2015.05.26 14:02:42.801,0.72315,0.72322,1.00,2.70
2015.05.26 14:02:44.268,0.72308,0.72312,1.00,1.00
2015.05.26 14:02:44.433,0.72307,0.72312,1.00,1.50
2015.05.26 14:02:44.789,0.72305,0.72309,1.00,1.00
2015.05.26 14:02:44.840,0.72298,0.72309,1.37,1.50
2015.05.26 14:02:44.891,0.72298,0.72309,1.00,1.87
2015.05.26 14:02:44.993,0.72298,0.72307,1.00,1.75
2015.05.26 14:02:45.511,0.72309,0.72313,1.00,1.00
2015.05.26 14:02:46.275,0.72305,0.72309,1.00,1.00
2015.05.26 14:02:46.326,0.72298,0.72309,1.37,1.50
2015.05.26 14:02:46.377,0.72298,0.72307,1.37,1.00
2015.05.26 14:02:46.429,0.72297,0.72307,1.00,1.00
2015.05.26 14:02:46.827,0.72305,0.72311,1.00,1.95
2015.05.26 14:02:47.082,0.72306,0.72312,1.00,1.50
2015.05.26 14:02:47.999,0.72297,0.72309,1.50,1.85
2015.05.26 14:02:48.152,0.72299,0.72307,1.00,1.95
2015.05.26 14:02:48.457,0.72303,0.72309,1.00,1.75
2015.05.26 14:02:48.560,0.72306,0.72311,1.00,1.20
2015.05.26 14:02:49.067,0.72304,0.7231,1.00,1.50
2015.05.26 14:02:49.169,0.72298,0.72309,1.00,3.37
2015.05.26 14:02:49.221,0.72298,0.72304,1.00,1.00
2015.05.26 14:02:49.527,0.72299,0.72306,1.00,2.70
2015.05.26 14:02:50.365,0.723,0.72306,1.00,1.50
2015.05.26 14:02:50.669,0.72297,0.72305,1.00,2.25
2015.05.26 14:02:51.149,0.72298,0.72304,1.00,1.12
2015.05.26 14:02:51.564,0.72299,0.72305,1.00,1.37
2015.05.26 14:02:51.617,0.72303,0.72309,1.00,1.00
2015.05.26 14:02:51.972,0.72304,0.7231,1.00,1.57
2015.05.26 14:02:52.706,0.72305,0.72311,1.00,1.00
2015.05.26 14:02:53.010,0.72307,0.72312,1.00,1.00
2015.05.26 14:02:53.264,0.72304,0.7231,1.00,1.37
2015.05.26 14:02:54.246,0.72303,0.72308,1.00,1.50
2015.05.26 14:02:54.400,0.72304,0.72311,1.00,3.07
2015.05.26 14:02:54.452,0.72305,0.7231,1.00,1.00
2015.05.26 14:02:54.706,0.72306,0.72311,1.00,1.57
2015.05.26 14:02:55.537,0.72308,0.72313,1.00,1.10
2015.05.26 14:02:56.840,0.72308,0.72315,1.37,1.50
2015.05.26 14:02:57.095,0.72315,0.72322,1.00,1.50
2015.05.26 14:02:57.147,0.72317,0.72324,1.00,1.95
2015.05.26 14:02:57.676,0.72317,0.72325,1.00,1.95
2015.05.26 14:02:58.199,0.72317,0.72325,1.00,1.27
2015.05.26 14:02:58.849,0.72318,0.72325,1.00,1.27
2015.05.26 14:02:59.451,0.72322,0.72327,1.00,1.00
2015.05.26 14:03:00.130,0.72323,0.72328,1.00,1.00
2015.05.26 14:03:00.781,0.72326,0.72333,1.00,1.12
2015.05.26 14:03:00.832,0.72325,0.72333,1.00,2.25
2015.05.26 14:03:01.137,0.72326,0.72334,1.00,1.85
2015.05.26 14:03:01.188,0.72328,0.72334,1.00,1.85
2015.05.26 14:03:01.544,0.72328,0.72337,1.00,1.37
2015.05.26 14:03:01.939,0.72335,0.7234,1.00,1.12
2015.05.26 14:03:02.243,0.72335,0.72341,1.00,1.20
2015.05.26 14:03:02.396,0.72336,0.72342,1.00,1.20
2015.05.26 14:03:02.968,0.7234,0.72344,1.00,1.00
2015.05.26 14:03:03.019,0.72343,0.7235,1.00,1.57
2015.05.26 14:03:03.273,0.72343,0.72347,1.00,1.00
2015.05.26 14:03:03.375,0.72336,0.72346,1.00,1.37
2015.05.26 14:03:03.426,0.72335,0.72341,1.00,1.00
2015.05.26 14:03:04.556,0.7233,0.72335,1.00,1.00
2015.05.26 14:03:05.665,0.72331,0.72335,1.00,1.10
2015.05.26 14:03:05.829,0.72331,0.72338,1.00,3.07
2015.05.26 14:03:06.134,0.72332,0.72339,1.00,2.32
2015.05.26 14:03:06.186,0.72334,0.72339,1.00,1.10
2015.05.26 14:03:06.287,0.72331,0.72338,1.12,1.00
2015.05.26 14:03:06.440,0.72331,0.72336,1.00,1.00
2015.05.26 14:03:08.210,0.72331,0.72342,1.00,1.47
2015.05.26 14:03:08.261,0.72337,0.72343,1.00,1.20
2015.05.26 14:03:08.363,0.72338,0.72345,1.00,1.57
2015.05.26 14:03:08.872,0.72339,0.72343,1.00,1.00
2015.05.26 14:03:09.313,0.72337,0.72341,1.00,1.00
2015.05.26 14:03:09.364,0.72337,0.72343,1.00,1.57
2015.05.26 14:03:09.415,0.72338,0.72344,1.00,3.00
2015.05.26 14:03:09.620,0.7234,0.72346,1.00,1.00
2015.05.26 14:03:10.519,0.72338,0.72342,1.00,1.50
2015.05.26 14:03:10.571,0.72336,0.72342,1.00,1.50
2015.05.26 14:03:11.079,0.72338,0.72344,1.00,1.57
2015.05.26 14:03:11.130,0.72339,0.72344,1.00,1.57
2015.05.26 14:03:11.182,0.7234,0.72344,1.00,1.00
2015.05.26 14:03:11.592,0.72343,0.7235,1.00,1.50
2015.05.26 14:03:12.787,0.72343,0.72347,1.00,1.00
2015.05.26 14:03:12.889,0.72343,0.72349,1.00,1.12
2015.05.26 14:03:12.991,0.72343,0.72347,1.00,1.00
2015.05.26 14:03:13.244,0.72343,0.72349,1.00,1.50
2015.05.26 14:03:14.081,0.72335,0.72344,3.75,1.75
2015.05.26 14:03:14.132,0.72335,0.72343,1.50,1.12
2015.05.26 14:03:14.284,0.72334,0.72342,1.10,1.87
2015.05.26 14:03:14.335,0.72334,0.72342,1.37,1.12
2015.05.26 14:03:14.437,0.7234,0.72345,1.00,1.00
2015.05.26 14:03:14.488,0.72344,0.72348,1.00,1.00
2015.05.26 14:03:14.539,0.72344,0.7235,1.00,1.50
2015.05.26 14:03:14.692,0.72344,0.7235,1.00,1.50
2015.05.26 14:03:15.679,0.72346,0.7235,1.00,1.00
2015.05.26 14:03:15.985,0.72343,0.72347,1.00,1.00
2015.05.26 14:03:17.032,0.72345,0.72351,1.00,1.00
2015.05.26 14:03:17.287,0.72345,0.72349,1.00,1.00
2015.05.26 14:03:17.389,0.72347,0.72351,1.00,1.00
2015.05.26 14:03:19.200,0.72347,0.72352,1.00,1.00
2015.05.26 14:03:19.706,0.72346,0.72351,1.00,1.37
2015.05.26 14:03:20.014,0.72344,0.7235,1.00,1.37
2015.05.26 14:03:21.321,0.72342,0.72351,1.00,1.85
2015.05.26 14:03:21.871,0.72346,0.72351,1.00,1.50
2015.05.26 14:03:21.922,0.72343,0.72347,1.00,1.00
2015.05.26 14:03:22.028,0.72344,0.7235,1.00,1.12
2015.05.26 14:03:22.130,0.72336,0.72342,1.10,1.37
2015.05.26 14:03:22.435,0.72336,0.7234,1.00,1.00
2015.05.26 14:03:22.486,0.72338,0.72342,1.00,1.10
2015.05.26 14:03:22.891,0.72342,0.72349,1.00,1.95
2015.05.26 14:03:23.144,0.72344,0.7235,1.00,1.57
2015.05.26 14:03:23.246,0.72346,0.7235,1.00,1.27
2015.05.26 14:03:24.060,0.72337,0.72341,1.00,1.57
2015.05.26 14:03:24.112,0.72332,0.72337,1.00,1.50
2015.05.26 14:03:24.164,0.72331,0.72337,1.00,1.87
2015.05.26 14:03:24.468,0.7233,0.72336,1.00,1.12
2015.05.26 14:03:24.519,0.7233,0.72337,1.00,1.87
2015.05.26 14:03:24.722,0.72331,0.72336,1.00,1.00
2015.05.26 14:03:24.773,0.72334,0.7234,1.00,1.50
2015.05.26 14:03:24.824,0.72337,0.72341,1.00,1.00
2015.05.26 14:03:25.662,0.72337,0.72341,1.00,1.00
2015.05.26 14:03:25.717,0.7234,0.72348,1.00,1.47
2015.05.26 14:03:25.819,0.72334,0.72338,2.25,1.00
2015.05.26 14:03:25.921,0.72329,0.72334,1.50,1.00
2015.05.26 14:03:25.972,0.72328,0.72332,1.00,1.12
2015.05.26 14:03:26.075,0.72324,0.72329,1.00,1.00
2015.05.26 14:03:26.126,0.72324,0.72329,1.00,1.37
2015.05.26 14:03:26.332,0.72317,0.72329,1.00,1.37
2015.05.26 14:03:26.794,0.72324,0.72329,1.00,1.00
2015.05.26 14:03:26.846,0.72327,0.72332,1.00,1.12
2015.05.26 14:03:26.948,0.72329,0.72335,1.00,2.25
2015.05.26 14:03:27.050,0.72329,0.72335,1.00,1.10
2015.05.26 14:03:27.152,0.7233,0.72336,1.00,1.65
2015.05.26 14:03:27.459,0.72331,0.72337,1.00,1.37
2015.05.26 14:03:28.049,0.72323,0.7233,1.50,1.00
2015.05.26 14:03:28.101,0.72323,0.7233,1.50,1.12
2015.05.26 14:03:28.204,0.72324,0.7233,1.10,1.37
2015.05.26 14:03:28.664,0.72325,0.72331,1.00,1.00
2015.05.26 14:03:28.715,0.72328,0.72334,1.00,3.75
2015.05.26 14:03:29.061,0.72331,0.72335,1.00,1.87
2015.05.26 14:03:29.112,0.72334,0.72338,1.00,1.00
2015.05.26 14:03:29.164,0.72334,0.72339,1.00,1.00
2015.05.26 14:03:29.471,0.72337,0.72343,1.00,1.12
2015.05.26 14:03:29.726,0.72341,0.72346,1.00,1.00
2015.05.26 14:03:30.168,0.7234,0.72346,1.00,1.00
2015.05.26 14:03:30.676,0.72343,0.72347,1.00,1.00
2015.05.26 14:03:31.328,0.72346,0.7235,1.00,1.00
2015.05.26 14:03:31.381,0.72344,0.72348,1.00,1.00
2015.05.26 14:03:31.584,0.72346,0.72351,1.00,1.00
2015.05.26 14:03:31.768,0.72339,0.72343,1.00,1.00
2015.05.26 14:03:31.820,0.72338,0.72343,1.00,1.00
2015.05.26 14:03:32.177,0.72337,0.72341,1.00,1.00
2015.05.26 14:03:32.648,0.72335,0.72339,1.00,1.00
2015.05.26 14:03:32.699,0.72337,0.72341,1.00,1.50
2015.05.26 14:03:32.801,0.72338,0.72343,1.00,1.57
2015.05.26 14:03:32.852,0.72339,0.72344,1.00,2.25
2015.05.26 14:03:32.954,0.7234,0.72346,1.00,1.95
2015.05.26 14:03:33.056,0.72341,0.72346,1.00,1.37
2015.05.26 14:03:33.705,0.72341,0.72346,1.00,1.87
2015.05.26 14:03:34.177,0.7234,0.72346,1.00,1.37
2015.05.26 14:03:34.380,0.72343,0.72348,1.00,1.50
2015.05.26 14:03:34.431,0.72344,0.72348,1.00,1.00
2015.05.26 14:03:34.859,0.72337,0.72347,1.10,1.12
2015.05.26 14:03:34.910,0.7233,0.72335,5.25,1.37
2015.05.26 14:03:34.961,0.72329,0.72335,1.50,1.87
2015.05.26 14:03:35.268,0.72331,0.72338,1.00,2.32
2015.05.26 14:03:35.573,0.72334,0.72339,1.00,1.50
2015.05.26 14:03:36.451,0.72336,0.72341,1.00,1.00
2015.05.26 14:03:37.062,0.7233,0.72341,1.00,1.00
2015.05.26 14:03:37.113,0.72326,0.72331,1.50,1.12
2015.05.26 14:03:37.266,0.72324,0.72334,1.00,1.87
2015.05.26 14:03:37.317,0.72324,0.72333,1.00,1.00
2015.05.26 14:03:37.368,0.72329,0.72333,1.00,1.00
2015.05.26 14:03:37.419,0.72332,0.72338,1.00,1.00
2015.05.26 14:03:37.813,0.72336,0.72342,1.00,1.87
2015.05.26 14:03:38.129,0.72338,0.72344,1.00,1.50
2015.05.26 14:03:38.435,0.72345,0.7235,1.00,1.12
2015.05.26 14:03:38.830,0.72338,0.72345,1.00,1.12
2015.05.26 14:03:38.882,0.72338,0.72343,1.00,1.00
2015.05.26 14:03:39.188,0.72341,0.72345,1.00,1.00
2015.05.26 14:03:39.342,0.72344,0.72348,1.00,1.00
2015.05.26 14:03:39.850,0.72345,0.72349,1.00,1.50
2015.05.26 14:03:40.360,0.72345,0.7235,1.00,1.37
2015.05.26 14:03:40.816,0.72338,0.72342,1.00,1.00
2015.05.26 14:03:41.156,0.72335,0.72339,1.50,1.00
2015.05.26 14:03:41.258,0.72339,0.72343,1.00,1.20
2015.05.26 14:03:41.512,0.72341,0.72346,1.00,4.50
2015.05.26 14:03:41.614,0.7234,0.72346,1.00,4.12
2015.05.26 14:03:41.919,0.72344,0.7235,1.00,2.32
2015.05.26 14:03:42.299,0.72345,0.72351,1.00,2.25
2015.05.26 14:03:42.918,0.72345,0.7235,1.00,1.00
2015.05.26 14:03:43.835,0.72347,0.72353,1.00,1.00
2015.05.26 14:03:44.343,0.72347,0.72354,1.00,1.00
2015.05.26 14:03:44.900,0.72347,0.72353,1.00,1.00
2015.05.26 14:03:45.256,0.72344,0.72352,1.00,1.00
2015.05.26 14:03:45.359,0.72343,0.72351,1.00,1.37
2015.05.26 14:03:45.918,0.72342,0.72353,1.00,1.37
2015.05.26 14:03:46.125,0.72342,0.72353,1.00,2.62
2015.05.26 14:03:46.380,0.72343,0.72354,1.10,1.87
2015.05.26 14:03:46.686,0.72345,0.72355,1.00,1.37
2015.05.26 14:03:47.600,0.72343,0.7235,1.00,2.02
2015.05.26 14:03:47.703,0.72338,0.72349,1.00,1.37
2015.05.26 14:03:47.907,0.72336,0.72343,1.00,1.00
2015.05.26 14:03:48.009,0.72332,0.72343,1.50,2.25
2015.05.26 14:03:48.111,0.72332,0.72339,1.00,1.00
2015.05.26 14:03:48.162,0.7233,0.72339,1.00,1.00
2015.05.26 14:03:48.667,0.7233,0.7234,1.00,2.25
2015.05.26 14:03:49.776,0.7233,0.7234,1.00,1.10
2015.05.26 14:03:49.828,0.72334,0.7234,1.00,1.00
2015.05.26 14:03:50.138,0.7233,0.72339,1.00,1.37
2015.05.26 14:03:50.442,0.72331,0.72339,1.00,1.37
2015.05.26 14:03:50.880,0.72334,0.72343,1.00,1.12
2015.05.26 14:03:51.186,0.72332,0.72341,1.00,1.00
2015.05.26 14:03:51.796,0.72327,0.72341,1.50,1.00
2015.05.26 14:03:52.143,0.72325,0.72329,1.10,1.00
2015.05.26 14:03:52.296,0.72317,0.72329,1.00,1.57
2015.05.26 14:03:52.804,0.72319,0.72329,1.00,1.37
2015.05.26 14:03:52.855,0.72319,0.7233,1.50,1.12
2015.05.26 14:03:52.906,0.72322,0.72333,1.00,1.12
2015.05.26 14:03:53.599,0.72327,0.72336,1.00,1.87
2015.05.26 14:03:53.651,0.72327,0.7234,1.00,1.12
2015.05.26 14:03:54.006,0.72325,0.7234,1.50,1.07
2015.05.26 14:03:54.910,0.72325,0.72334,1.00,1.00
2015.05.26 14:03:54.961,0.72316,0.72331,1.87,1.57
2015.05.26 14:03:55.062,0.72319,0.72327,1.00,1.50
2015.05.26 14:03:55.266,0.72317,0.7233,1.00,1.12
2015.05.26 14:03:55.944,0.72332,0.72336,1.00,1.12
2015.05.26 14:03:55.996,0.72332,0.72343,1.00,1.12
2015.05.26 14:03:56.520,0.72332,0.72344,1.00,1.12
2015.05.26 14:03:56.723,0.72332,0.72345,1.00,2.62
2015.05.26 14:03:57.859,0.72332,0.72342,1.00,1.75
2015.05.26 14:03:58.113,0.7233,0.72339,1.00,2.70
2015.05.26 14:03:58.215,0.72332,0.72339,1.00,1.20
2015.05.26 14:03:58.685,0.72334,0.72341,1.00,1.12
2015.05.26 14:03:58.740,0.72336,0.72343,1.00,1.87
2015.05.26 14:03:59.101,0.72335,0.72343,1.00,1.87
2015.05.26 14:03:59.878,0.72331,0.72341,1.00,1.12
2015.05.26 14:04:00.507,0.72328,0.72339,2.25,1.95
2015.05.26 14:04:01.089,0.72328,0.72335,1.00,1.07
2015.05.26 14:04:01.408,0.7233,0.72335,1.00,1.07
2015.05.26 14:04:01.712,0.72331,0.72339,1.00,1.12
2015.05.26 14:04:01.814,0.72328,0.72339,1.00,1.12
2015.05.26 14:04:01.917,0.72328,0.72332,1.00,1.00
2015.05.26 14:04:02.290,0.72329,0.72333,1.00,1.00
2015.05.26 14:04:02.449,0.72326,0.72334,1.00,1.12
2015.05.26 14:04:02.652,0.72328,0.72335,1.00,1.12
2015.05.26 14:04:02.856,0.72328,0.72337,1.00,2.25
2015.05.26 14:04:02.908,0.72326,0.72337,1.00,3.00
2015.05.26 14:04:03.355,0.72326,0.72334,1.00,3.00
2015.05.26 14:04:03.705,0.72323,0.72332,1.00,1.50
2015.05.26 14:04:03.908,0.72321,0.72332,1.00,1.50
2015.05.26 14:04:04.009,0.72323,0.72332,1.00,1.50
2015.05.26 14:04:04.927,0.72323,0.72331,1.00,1.87
2015.05.26 14:04:05.427,0.72321,0.72331,1.00,1.87
2015.05.26 14:04:05.971,0.7232,0.72331,1.00,1.87
2015.05.26 14:04:06.134,0.72318,0.72328,1.00,1.57
2015.05.26 14:04:06.338,0.72316,0.72328,1.57,1.50
2015.05.26 14:04:06.440,0.7232,0.72328,1.00,1.57
2015.05.26 14:04:07.187,0.72316,0.72329,1.50,1.95
2015.05.26 14:04:07.245,0.72317,0.72328,1.50,1.12
2015.05.26 14:04:09.059,0.72319,0.72329,1.00,1.12
2015.05.26 14:04:09.110,0.72319,0.7233,1.00,1.12
2015.05.26 14:04:09.416,0.72322,0.72331,1.00,1.12
2015.05.26 14:04:09.568,0.72321,0.72332,1.50,1.00
2015.05.26 14:04:10.042,0.72321,0.7233,1.50,1.10
2015.05.26 14:04:10.093,0.72317,0.72328,1.00,2.25
2015.05.26 14:04:10.601,0.72318,0.72329,1.00,1.50
2015.05.26 14:04:11.825,0.72319,0.72329,1.00,1.45
2015.05.26 14:04:12.712,0.72316,0.72327,1.50,1.00
2015.05.26 14:04:12.813,0.72316,0.72323,1.00,1.00
2015.05.26 14:04:12.916,0.72315,0.72326,1.00,1.12
2015.05.26 14:04:12.967,0.72315,0.72325,1.00,1.47
2015.05.26 14:04:13.507,0.72317,0.72326,1.50,1.50
2015.05.26 14:04:13.820,0.7232,0.72328,1.00,1.12
2015.05.26 14:04:14.074,0.72321,0.72331,1.00,1.12
2015.05.26 14:04:14.764,0.7232,0.72329,1.00,1.12
2015.05.26 14:04:15.268,0.72319,0.72329,1.00,1.87
2015.05.26 14:04:15.771,0.72319,0.72328,1.00,1.12
2015.05.26 14:04:16.299,0.72325,0.72332,1.37,4.87
2015.05.26 14:04:16.350,0.72336,0.72351,1.50,1.12
2015.05.26 14:04:16.401,0.72336,0.72348,1.50,1.87
2015.05.26 14:04:16.553,0.72332,0.72344,1.87,1.20
2015.05.26 14:04:16.655,0.72332,0.72343,1.00,1.07
2015.05.26 14:04:16.961,0.72326,0.72335,1.00,1.37
2015.05.26 14:04:17.012,0.7232,0.72332,1.50,1.87
2015.05.26 14:04:17.064,0.72318,0.72331,1.00,1.12
2015.05.26 14:04:17.415,0.72321,0.72331,1.00,1.12
2015.05.26 14:04:17.933,0.72321,0.72331,1.00,1.12
2015.05.26 14:04:18.747,0.72322,0.72329,1.00,1.95
2015.05.26 14:04:18.799,0.72315,0.72325,1.37,1.12
2015.05.26 14:04:19.256,0.72316,0.72328,1.12,2.70
2015.05.26 14:04:20.323,0.72321,0.72328,1.12,1.50
2015.05.26 14:04:20.375,0.72319,0.72331,2.25,1.00
2015.05.26 14:04:20.578,0.72323,0.72331,1.00,1.47
2015.05.26 14:04:20.782,0.72325,0.72334,1.00,1.12
2015.05.26 14:04:21.279,0.72324,0.72329,1.00,1.10
2015.05.26 14:04:21.336,0.72318,0.72329,1.00,1.20
2015.05.26 14:04:21.902,0.72319,0.72329,1.00,1.20
2015.05.26 14:04:22.449,0.72319,0.7233,1.50,1.50
2015.05.26 14:04:22.861,0.72316,0.72326,1.87,1.00
2015.05.26 14:04:23.576,0.72317,0.72324,1.00,1.12
2015.05.26 14:04:23.731,0.72324,0.72329,1.00,3.00
2015.05.26 14:04:23.782,0.72326,0.72337,1.00,1.20
2015.05.26 14:04:23.834,0.72328,0.72337,1.00,1.20
2015.05.26 14:04:24.142,0.7232,0.72331,1.00,1.37
2015.05.26 14:04:24.599,0.72318,0.72328,1.00,1.87
2015.05.26 14:04:24.752,0.72315,0.72327,1.00,2.70
2015.05.26 14:04:24.804,0.72314,0.72323,1.00,1.00
2015.05.26 14:04:24.855,0.72312,0.72324,1.00,1.50
2015.05.26 14:04:24.957,0.72312,0.72323,1.00,1.95
2015.05.26 14:04:25.619,0.72311,0.72323,1.00,2.25
2015.05.26 14:04:26.137,0.72312,0.72321,1.00,1.10
2015.05.26 14:04:26.336,0.7231,0.72321,1.00,1.57
2015.05.26 14:04:27.169,0.72312,0.72321,1.00,1.10
2015.05.26 14:04:27.372,0.72313,0.72323,1.00,1.00
2015.05.26 14:04:27.577,0.72311,0.72319,1.00,1.37
2015.05.26 14:04:27.964,0.72309,0.72319,1.00,1.37
2015.05.26 14:04:28.015,0.72309,0.7232,1.00,2.25
2015.05.26 14:04:28.524,0.7231,0.7232,1.00,1.00
2015.05.26 14:04:29.355,0.7231,0.7232,1.37,1.00
2015.05.26 14:04:29.406,0.72313,0.72324,1.12,1.87
2015.05.26 14:04:29.457,0.72316,0.72324,1.00,1.12
2015.05.26 14:04:29.610,0.72318,0.72327,1.00,3.45
2015.05.26 14:04:29.813,0.72316,0.7233,1.50,3.00
2015.05.26 14:04:30.873,0.72316,0.72326,1.00,1.00
2015.05.26 14:04:31.288,0.72318,0.72328,1.00,1.07
2015.05.26 14:04:31.391,0.72313,0.72326,2.62,1.00
2015.05.26 14:04:31.996,0.72318,0.72329,1.00,1.12
2015.05.26 14:04:32.049,0.72318,0.72334,1.50,3.07
2015.05.26 14:04:32.101,0.72319,0.7233,1.00,1.50
2015.05.26 14:04:32.610,0.72314,0.7233,4.12,1.20
2015.05.26 14:04:33.171,0.72323,0.72336,1.87,1.12
2015.05.26 14:04:33.680,0.72323,0.72337,1.37,1.00
2015.05.26 14:04:34.392,0.7232,0.72329,1.37,1.00
2015.05.26 14:04:34.648,0.72318,0.72332,1.37,1.95
2015.05.26 14:04:35.105,0.7232,0.72335,1.37,1.12
2015.05.26 14:04:35.564,0.72324,0.72337,1.00,1.12
2015.05.26 14:04:37.117,0.72324,0.72338,1.87,1.47
2015.05.26 14:04:37.169,0.72327,0.72339,1.00,1.12
2015.05.26 14:04:37.220,0.72325,0.7234,2.62,2.62
2015.05.26 14:04:37.272,0.72325,0.7234,1.87,2.25
2015.05.26 14:04:37.425,0.72327,0.7234,1.00,1.12
2015.05.26 14:04:37.731,0.7234,0.72348,1.00,1.75
2015.05.26 14:04:38.192,0.72344,0.72354,1.00,1.12
2015.05.26 14:04:38.243,0.72345,0.72355,1.00,1.57
2015.05.26 14:04:38.395,0.72347,0.72357,1.00,1.85
2015.05.26 14:04:38.598,0.72348,0.72356,1.00,1.00
2015.05.26 14:04:38.649,0.72346,0.72356,1.00,1.00
2015.05.26 14:04:38.801,0.72343,0.72359,1.87,3.00
2015.05.26 14:04:39.212,0.72344,0.72359,1.37,3.00
2015.05.26 14:04:39.720,0.72344,0.72359,1.37,1.50
2015.05.26 14:04:40.755,0.72343,0.72356,1.37,1.00
2015.05.26 14:04:40.907,0.72342,0.72357,1.37,2.32
2015.05.26 14:04:41.415,0.72341,0.72355,1.50,1.00
2015.05.26 14:04:41.567,0.72343,0.72355,1.12,1.00
2015.05.26 14:04:42.079,0.72342,0.72354,1.37,1.00
2015.05.26 14:04:42.586,0.72342,0.72355,1.37,1.00
2015.05.26 14:04:43.378,0.72341,0.72354,1.57,1.00
2015.05.26 14:04:43.684,0.72337,0.72351,2.32,1.00
2015.05.26 14:04:44.299,0.72333,0.72347,1.12,1.00
2015.05.26 14:04:44.810,0.72336,0.7235,1.12,2.25
2015.05.26 14:04:44.861,0.72336,0.7235,1.12,1.10
2015.05.26 14:04:44.964,0.72339,0.72352,1.00,1.50
2015.05.26 14:04:45.116,0.72339,0.72352,1.00,1.00
2015.05.26 14:04:45.561,0.72343,0.72353,1.00,1.00
2015.05.26 14:04:45.618,0.72344,0.72357,1.00,1.20
2015.05.26 14:04:45.975,0.72342,0.72357,3.00,1.10
2015.05.26 14:04:46.078,0.72342,0.72358,3.37,2.32
2015.05.26 14:04:46.585,0.72344,0.72356,1.00,1.10
2015.05.26 14:04:47.070,0.72347,0.72357,1.00,1.20
2015.05.26 14:04:47.325,0.72347,0.7236,1.00,1.20
2015.05.26 14:04:47.427,0.72344,0.72358,1.57,1.00
2015.05.26 14:04:47.580,0.72343,0.72356,1.12,1.00
2015.05.26 14:04:48.114,0.72344,0.72356,1.00,1.00
2015.05.26 14:04:48.591,0.72341,0.72355,3.45,1.00
2015.05.26 14:04:49.006,0.72344,0.72355,1.00,1.00
2015.05.26 14:04:49.468,0.72342,0.72355,1.20,1.50
2015.05.26 14:04:49.671,0.72338,0.72353,3.00,1.00
2015.05.26 14:04:49.722,0.72338,0.72353,1.57,1.87
2015.05.26 14:04:49.773,0.72338,0.7235,1.07,1.00
2015.05.26 14:04:49.874,0.72335,0.7235,1.20,1.00
2015.05.26 14:04:49.976,0.72334,0.72347,1.47,1.00
2015.05.26 14:04:50.999,0.72334,0.72348,1.12,1.00
2015.05.26 14:04:51.507,0.72335,0.72348,1.00,1.10
2015.05.26 14:04:51.813,0.72333,0.72345,1.37,1.00
2015.05.26 14:04:51.865,0.72332,0.72347,2.62,1.00
2015.05.26 14:04:52.390,0.72335,0.72348,1.00,1.10
2015.05.26 14:04:53.991,0.72336,0.7235,1.00,3.00
2015.05.26 14:04:54.449,0.72338,0.72351,1.00,1.87
2015.05.26 14:04:54.796,0.72344,0.72352,1.00,1.00
2015.05.26 14:04:54.848,0.72344,0.72357,1.50,2.25
2015.05.26 14:04:54.899,0.72347,0.72357,1.00,1.87
2015.05.26 14:04:55.001,0.72347,0.72357,1.00,1.20
2015.05.26 14:04:55.103,0.72345,0.72357,1.00,1.20
2015.05.26 14:04:55.614,0.72346,0.72358,1.00,1.50
2015.05.26 14:04:56.610,0.72346,0.72358,1.00,1.00
2015.05.26 14:04:57.566,0.72349,0.72358,1.00,1.00
2015.05.26 14:04:57.618,0.72349,0.7236,1.00,1.00
2015.05.26 14:04:58.146,0.72349,0.72358,1.00,1.00
2015.05.26 14:04:58.248,0.72349,0.7236,1.00,1.00
2015.05.26 14:04:59.142,0.72349,0.72358,1.00,1.00
2015.05.26 14:04:59.345,0.72349,0.7236,1.00,1.00
2015.05.26 14:04:59.700,0.72349,0.72358,1.00,1.00
2015.05.26 14:05:00.474,0.72349,0.72359,1.00,1.10
2015.05.26 14:05:00.830,0.72349,0.72361,1.50,1.00
2015.05.26 14:05:01.742,0.72348,0.72361,1.50,1.00
2015.05.26 14:05:01.996,0.72348,0.72359,1.00,1.00
2015.05.26 14:05:02.047,0.72346,0.72359,1.50,1.00
2015.05.26 14:05:02.099,0.72346,0.72356,1.00,1.00
2015.05.26 14:05:02.819,0.72357,0.72362,1.87,1.47
2015.05.26 14:05:02.870,0.72358,0.72366,1.87,1.50
2015.05.26 14:05:02.922,0.72358,0.72366,1.00,1.50
2015.05.26 14:05:03.076,0.72355,0.72359,1.57,1.00
2015.05.26 14:05:03.280,0.72344,0.72357,2.62,1.37
2015.05.26 14:05:03.382,0.72343,0.72354,2.62,1.00
2015.05.26 14:05:03.485,0.72345,0.72358,1.00,1.95
2015.05.26 14:05:04.022,0.72343,0.72358,2.62,1.00
2015.05.26 14:05:04.545,0.72344,0.72359,1.00,1.87
2015.05.26 14:05:05.432,0.72345,0.72358,1.50,1.57
2015.05.26 14:05:07.448,0.72347,0.72359,1.00,1.50
2015.05.26 14:05:07.958,0.72347,0.7236,1.00,1.20
2015.05.26 14:05:08.473,0.72348,0.7236,1.12,1.12
2015.05.26 14:05:08.981,0.72349,0.72361,1.00,1.57
2015.05.26 14:05:09.584,0.7235,0.72361,1.00,1.00
2015.05.26 14:05:09.889,0.72352,0.72363,1.10,1.12
2015.05.26 14:05:10.746,0.72352,0.72364,1.20,1.50
2015.05.26 14:05:11.254,0.72352,0.72363,1.20,1.00
2015.05.26 14:05:11.761,0.72352,0.72364,1.20,1.50
2015.05.26 14:05:12.590,0.72352,0.72363,1.20,1.00
2015.05.26 14:05:14.612,0.72352,0.72365,1.57,2.25
2015.05.26 14:05:14.916,0.72354,0.72365,1.12,1.50
2015.05.26 14:05:15.450,0.72354,0.72364,1.07,1.00
2015.05.26 14:05:15.806,0.72351,0.72364,2.62,1.87
2015.05.26 14:05:16.313,0.72351,0.72363,2.25,1.00
2015.05.26 14:05:17.195,0.72354,0.72363,1.00,1.00
2015.05.26 14:05:17.297,0.72354,0.72366,1.00,1.50
2015.05.26 14:05:17.501,0.72355,0.72368,1.00,1.57
2015.05.26 14:05:17.909,0.72358,0.72369,1.00,1.87
2015.05.26 14:05:18.430,0.72358,0.7237,1.00,1.00
2015.05.26 14:05:19.792,0.72358,0.72372,1.00,1.57
2015.05.26 14:05:20.495,0.72358,0.72372,1.00,1.47
2015.05.26 14:05:21.043,0.72358,0.72372,1.00,1.47
2015.05.26 14:05:21.703,0.72361,0.72372,1.00,1.12
2015.05.26 14:05:22.209,0.72359,0.72373,1.57,1.37
2015.05.26 14:05:22.412,0.72361,0.72374,1.00,1.95
2015.05.26 14:05:23.361,0.72361,0.72374,1.10,1.87
2015.05.26 14:05:23.920,0.7236,0.72373,1.07,1.87
2015.05.26 14:05:24.438,0.7236,0.72373,2.62,1.37
2015.05.26 14:05:24.693,0.72364,0.72376,2.25,1.50
2015.05.26 14:05:24.847,0.72366,0.72377,1.00,1.00
2015.05.26 14:05:24.899,0.72367,0.72379,1.00,1.00
2015.05.26 14:05:25.469,0.72368,0.72382,1.00,1.57
2015.05.26 14:05:25.877,0.72371,0.72384,1.00,2.32
2015.05.26 14:05:26.184,0.7237,0.72382,1.00,1.47
2015.05.26 14:05:26.590,0.72368,0.72382,1.00,1.95
2015.05.26 14:05:27.124,0.72368,0.72382,1.00,1.47
2015.05.26 14:05:27.176,0.72371,0.72382,1.00,1.47
2015.05.26 14:05:27.724,0.72371,0.72385,1.57,1.87
2015.05.26 14:05:28.384,0.72372,0.72384,1.00,1.37
2015.05.26 14:05:29.059,0.72373,0.72386,1.00,1.37
2015.05.26 14:05:29.401,0.72375,0.72388,1.00,3.75
2015.05.26 14:05:30.115,0.72374,0.72385,1.00,1.37
2015.05.26 14:05:30.166,0.72371,0.72383,1.00,1.37
2015.05.26 14:05:30.685,0.72373,0.72381,1.00,1.12
2015.05.26 14:05:31.297,0.72375,0.72384,1.00,1.50
2015.05.26 14:05:32.397,0.72374,0.72384,2.25,1.12
2015.05.26 14:05:32.833,0.72375,0.72381,1.00,1.37
2015.05.26 14:05:33.086,0.72369,0.72375,1.10,1.00
2015.05.26 14:05:33.937,0.72374,0.72378,1.00,1.12
2015.05.26 14:05:33.995,0.72378,0.72385,1.00,1.00
2015.05.26 14:05:34.046,0.72378,0.7239,1.00,2.32
2015.05.26 14:05:34.149,0.72378,0.72391,1.00,1.65
2015.05.26 14:05:34.201,0.72376,0.7239,1.00,1.00
2015.05.26 14:05:35.473,0.72376,0.7239,1.20,2.62
2015.05.26 14:05:36.128,0.72375,0.72389,2.25,1.00
2015.05.26 14:05:36.636,0.72377,0.7239,1.57,1.00
2015.05.26 14:05:36.789,0.72377,0.72392,2.70,1.12
2015.05.26 14:05:37.683,0.72378,0.72392,1.00,1.37
2015.05.26 14:05:37.835,0.7238,0.72392,1.00,1.12
2015.05.26 14:05:38.548,0.72378,0.72394,1.50,2.70
2015.05.26 14:05:39.050,0.72377,0.72392,1.95,1.12
2015.05.26 14:05:39.932,0.72385,0.72392,1.00,1.87
2015.05.26 14:05:40.236,0.72389,0.72398,1.12,1.75
2015.05.26 14:05:40.338,0.72389,0.72398,1.12,1.37
2015.05.26 14:05:40.948,0.72383,0.72392,1.00,1.00
2015.05.26 14:05:41.003,0.72377,0.72392,1.87,2.25
2015.05.26 14:05:41.510,0.72379,0.72391,1.20,1.00
2015.05.26 14:05:43.615,0.72378,0.72391,1.10,1.00
2015.05.26 14:05:44.122,0.72377,0.72389,1.20,2.25
2015.05.26 14:05:44.274,0.72373,0.72387,1.87,1.50
2015.05.26 14:05:44.376,0.72373,0.72384,1.87,1.00
2015.05.26 14:05:45.291,0.72372,0.72383,3.37,1.00
2015.05.26 14:05:45.699,0.72374,0.72386,1.37,1.37
2015.05.26 14:05:45.904,0.72376,0.72387,1.00,1.12
2015.05.26 14:05:46.413,0.72372,0.72385,1.87,1.00
2015.05.26 14:05:46.468,0.72371,0.72385,1.12,1.37
2015.05.26 14:05:46.671,0.72371,0.72382,1.12,1.00
2015.05.26 14:05:47.026,0.72367,0.72381,2.62,1.00
2015.05.26 14:05:47.128,0.72367,0.72379,1.20,1.00
2015.05.26 14:05:47.631,0.72366,0.72379,1.07,2.25
2015.05.26 14:05:48.873,0.72366,0.7238,1.07,1.12
2015.05.26 14:05:50.299,0.72366,0.72378,1.20,1.00
2015.05.26 14:05:50.840,0.72365,0.72377,1.50,1.00
2015.05.26 14:05:51.201,0.72365,0.72379,1.50,2.62
2015.05.26 14:05:51.713,0.72365,0.7238,3.82,1.87
2015.05.26 14:05:52.312,0.72366,0.7238,1.47,1.12
2015.05.26 14:05:52.666,0.7237,0.7238,1.00,1.12
2015.05.26 14:05:55.682,0.72368,0.7238,1.00,1.12
2015.05.26 14:05:56.190,0.72372,0.72381,1.00,1.00
2015.05.26 14:05:56.292,0.72373,0.72383,1.00,1.12
2015.05.26 14:05:56.783,0.72375,0.72383,1.00,1.00
2015.05.26 14:05:57.090,0.72378,0.72387,1.00,1.37
2015.05.26 14:05:57.835,0.72376,0.72387,1.50,1.00
2015.05.26 14:05:58.141,0.72373,0.72385,2.62,1.50
2015.05.26 14:05:58.650,0.72373,0.72386,1.50,1.50
2015.05.26 14:05:59.018,0.72373,0.72386,1.87,1.00
2015.05.26 14:05:59.121,0.72375,0.72389,1.87,1.00
2015.05.26 14:05:59.173,0.72379,0.72389,1.00,1.00
2015.05.26 14:05:59.581,0.72379,0.72391,1.95,1.87
2015.05.26 14:05:59.632,0.72379,0.72388,1.57,1.00
2015.05.26 14:05:59.938,0.72373,0.72383,1.75,1.00
2015.05.26 14:06:00.343,0.72369,0.72382,1.50,1.00
2015.05.26 14:06:00.902,0.72369,0.72383,1.50,1.50
2015.05.26 14:06:01.431,0.7237,0.72384,1.50,1.12
2015.05.26 14:06:02.424,0.7237,0.72384,1.87,2.62
2015.05.26 14:06:03.105,0.72373,0.72384,1.00,1.00
2015.05.26 14:06:03.638,0.72373,0.72385,1.20,1.00
2015.05.26 14:06:04.758,0.72372,0.72384,2.25,1.00
2015.05.26 14:06:05.063,0.72372,0.72384,2.62,1.00
2015.05.26 14:06:06.319,0.72374,0.72384,1.10,1.00
2015.05.26 14:06:06.712,0.72374,0.72386,1.95,1.50
2015.05.26 14:06:07.739,0.72376,0.72386,1.00,1.00
2015.05.26 14:06:08.265,0.72374,0.72386,2.32,1.00
2015.05.26 14:06:09.323,0.72374,0.72386,1.10,1.00
2015.05.26 14:06:09.628,0.72374,0.72386,1.10,3.37
2015.05.26 14:06:10.136,0.72372,0.72385,1.95,1.37
2015.05.26 14:06:10.852,0.72372,0.72385,1.57,1.87
2015.05.26 14:06:13.288,0.72372,0.72386,2.62,1.10
2015.05.26 14:06:13.660,0.72376,0.72386,1.87,1.00
2015.05.26 14:06:13.711,0.72377,0.72389,1.00,1.12
2015.05.26 14:06:14.066,0.72378,0.72391,2.25,1.12
2015.05.26 14:06:14.421,0.7238,0.72392,1.00,1.50
2015.05.26 14:06:16.824,0.72379,0.72385,1.57,1.00
2015.05.26 14:06:16.875,0.72375,0.72388,1.00,3.00
2015.05.26 14:06:17.391,0.72374,0.72387,1.50,1.12
2015.05.26 14:06:18.140,0.72374,0.72387,2.32,1.00
2015.05.26 14:06:21.195,0.72374,0.72388,1.95,1.00
2015.05.26 14:06:24.212,0.72378,0.72389,1.00,1.10
2015.05.26 14:06:24.520,0.7238,0.72392,1.00,2.25
2015.05.26 14:06:25.380,0.7238,0.72392,1.00,3.00
2015.05.26 14:06:29.631,0.7238,0.72392,1.87,1.00
2015.05.26 14:06:34.872,0.72381,0.72392,1.07,1.87
2015.05.26 14:06:38.185,0.7238,0.72392,1.95,1.87
2015.05.26 14:06:39.482,0.72381,0.72392,2.32,1.00
2015.05.26 14:06:40.614,0.7238,0.72392,1.87,1.50
2015.05.26 14:06:42.018,0.7238,0.72392,1.20,1.50
2015.05.26 14:06:43.522,0.7238,0.72392,1.47,1.75
2015.05.26 14:06:44.033,0.72382,0.72393,1.00,1.75
2015.05.26 14:06:45.995,0.72382,0.72394,1.20,1.50
2015.05.26 14:06:46.248,0.7238,0.72392,1.87,1.12
2015.05.26 14:06:46.755,0.7238,0.72392,1.27,1.12
2015.05.26 14:06:47.943,0.7238,0.72393,1.87,1.12
2015.05.26 14:06:48.508,0.7238,0.72394,2.25,1.87
2015.05.26 14:06:49.146,0.72382,0.72394,1.00,1.37
2015.05.26 14:06:49.298,0.72382,0.72395,1.87,1.00
2015.05.26 14:06:49.807,0.72382,0.72395,3.07,1.00
2015.05.26 14:06:50.713,0.72382,0.72395,2.32,1.87
2015.05.26 14:06:51.221,0.72382,0.72393,1.95,1.12
2015.05.26 14:06:53.771,0.72383,0.72395,1.00,1.00
2015.05.26 14:06:54.380,0.72383,0.72396,3.07,1.00
2015.05.26 14:06:54.886,0.72386,0.72397,1.00,1.00
2015.05.26 14:06:54.937,0.72386,0.72399,1.00,2.62
2015.05.26 14:06:55.772,0.72385,0.72399,1.47,2.62
2015.05.26 14:06:56.282,0.72385,0.72399,1.37,3.37
2015.05.26 14:06:57.362,0.72384,0.72396,1.37,1.00
2015.05.26 14:06:57.414,0.72383,0.72394,1.47,1.00
2015.05.26 14:06:57.719,0.72381,0.72393,1.37,2.62
2015.05.26 14:06:58.426,0.72381,0.72393,1.37,1.87
2015.05.26 14:06:58.934,0.72381,0.72395,1.75,2.62
2015.05.26 14:06:59.644,0.72381,0.72394,1.75,1.12
2015.05.26 14:07:03.419,0.72381,0.72395,2.32,1.87
2015.05.26 14:07:04.817,0.72381,0.72395,3.07,1.87
2015.05.26 14:07:05.387,0.72381,0.72395,1.87,1.87
2015.05.26 14:07:06.853,0.72381,0.72394,1.50,1.12
2015.05.26 14:07:07.359,0.72381,0.72395,2.62,2.25
2015.05.26 14:07:07.461,0.72381,0.72395,2.62,2.25
2015.05.26 14:07:08.364,0.72381,0.72395,2.62,1.87
2015.05.26 14:07:08.991,0.72381,0.72395,2.62,3.37
2015.05.26 14:07:09.397,0.72379,0.72391,2.62,1.37
2015.05.26 14:07:09.735,0.72379,0.72391,2.62,1.37
2015.05.26 14:07:09.888,0.72379,0.72386,1.37,1.00
2015.05.26 14:07:10.142,0.72372,0.72384,1.37,1.87
2015.05.26 14:07:10.333,0.72371,0.72384,1.37,1.87
2015.05.26 14:07:11.078,0.72371,0.72384,1.12,2.62
2015.05.26 14:07:11.600,0.72372,0.72384,1.00,2.62
2015.05.26 14:07:12.359,0.72372,0.72383,1.00,1.12
2015.05.26 14:07:12.410,0.72375,0.72384,1.00,2.62
2015.05.26 14:07:12.926,0.72375,0.72384,1.00,1.87
2015.05.26 14:07:13.197,0.72371,0.72382,1.12,1.37
2015.05.26 14:07:14.401,0.72375,0.72382,1.00,1.37
2015.05.26 14:07:15.673,0.72375,0.72384,1.00,1.87
2015.05.26 14:07:16.405,0.72375,0.72384,1.00,1.37
2015.05.26 14:07:16.712,0.72378,0.72384,1.00,1.37
2015.05.26 14:07:17.705,0.72375,0.72384,1.00,2.62
2015.05.26 14:07:19.724,0.72382,0.72389,1.00,1.00
2015.05.26 14:07:20.058,0.72384,0.72391,1.00,1.12
2015.05.26 14:07:22.151,0.7239,0.72394,1.00,1.12
2015.05.26 14:07:22.663,0.7239,0.72395,1.00,1.00
2015.05.26 14:07:23.312,0.7239,0.72397,1.00,1.87
2015.05.26 14:07:23.849,0.7239,0.72397,1.00,1.00
2015.05.26 14:07:23.951,0.72388,0.72397,1.00,1.87
2015.05.26 14:07:24.530,0.72386,0.72396,1.12,1.37
2015.05.26 14:07:24.633,0.72383,0.72393,1.20,1.87
2015.05.26 14:07:25.231,0.72383,0.72393,1.20,1.12
2015.05.26 14:07:25.936,0.72385,0.72393,1.00,1.87
2015.05.26 14:07:26.508,0.72385,0.72392,1.00,1.00
2015.05.26 14:07:26.660,0.72383,0.72392,1.10,1.00
2015.05.26 14:07:26.863,0.72386,0.7239,1.00,1.00
2015.05.26 14:07:28.064,0.72386,0.72392,1.00,1.87
2015.05.26 14:07:30.375,0.7239,0.72401,1.20,1.87
2015.05.26 14:07:30.882,0.7239,0.72401,1.20,1.50
2015.05.26 14:07:32.922,0.72392,0.72401,1.00,1.87
2015.05.26 14:07:36.653,0.7239,0.72399,1.10,1.12
2015.05.26 14:07:37.068,0.7239,0.72402,1.00,1.87
2015.05.26 14:07:37.170,0.72394,0.72402,1.00,1.87
2015.05.26 14:07:37.272,0.72392,0.72402,1.00,1.87
2015.05.26 14:07:38.305,0.72392,0.72402,1.00,2.62
2015.05.26 14:07:40.588,0.72392,0.724,1.12,1.00
2015.05.26 14:07:41.524,0.72392,0.72401,1.00,1.00
2015.05.26 14:07:41.973,0.7239,0.72401,1.57,1.00
2015.05.26 14:07:46.913,0.72394,0.72401,1.00,1.00
2015.05.26 14:07:47.315,0.72391,0.724,1.00,1.00
2015.05.26 14:07:47.844,0.7239,0.724,1.10,1.00
2015.05.26 14:07:48.647,0.72391,0.72399,1.00,1.00
2015.05.26 14:07:49.052,0.72391,0.72397,1.10,1.00
2015.05.26 14:07:50.051,0.72391,0.724,1.20,1.00
2015.05.26 14:07:50.456,0.72391,0.72401,2.32,1.00
2015.05.26 14:07:51.014,0.72393,0.72401,1.50,1.00
2015.05.26 14:07:51.066,0.72393,0.72404,1.87,1.12
2015.05.26 14:07:51.320,0.72395,0.72406,2.25,1.87
2015.05.26 14:07:51.676,0.72397,0.72406,3.07,1.75
2015.05.26 14:07:52.548,0.72394,0.72405,1.10,1.37
2015.05.26 14:07:53.066,0.72392,0.72404,1.07,1.50
2015.05.26 14:07:54.397,0.72392,0.72404,1.20,2.62
2015.05.26 14:07:54.752,0.72394,0.72405,1.12,1.87
2015.05.26 14:07:55.283,0.72396,0.72407,1.50,1.37
2015.05.26 14:07:55.639,0.72396,0.72407,1.87,1.12
2015.05.26 14:07:55.792,0.72395,0.72407,1.10,2.62
2015.05.26 14:07:55.894,0.72395,0.72405,1.10,1.37
2015.05.26 14:07:56.377,0.72392,0.72402,1.10,1.00
2015.05.26 14:07:57.946,0.72391,0.72402,1.20,1.50
2015.05.26 14:07:58.483,0.72392,0.72402,1.12,1.00
2015.05.26 14:07:58.839,0.72395,0.72405,1.00,2.25
2015.05.26 14:07:59.359,0.72395,0.72405,1.00,1.12
2015.05.26 14:08:00.351,0.72395,0.72403,1.10,1.00
2015.05.26 14:08:00.503,0.72393,0.72403,1.95,1.00
2015.05.26 14:08:00.607,0.72393,0.72401,1.95,1.00
2015.05.26 14:08:01.114,0.72393,0.72403,1.10,1.00
2015.05.26 14:08:01.658,0.72392,0.72403,1.10,1.50
2015.05.26 14:08:02.164,0.72391,0.72403,1.87,1.87
2015.05.26 14:08:03.375,0.72391,0.72401,2.25,1.00
2015.05.26 14:08:03.882,0.72392,0.72403,1.10,1.37
2015.05.26 14:08:03.934,0.72394,0.72404,1.00,1.50
2015.05.26 14:08:04.037,0.72392,0.72403,1.10,1.00
2015.05.26 14:08:04.541,0.72392,0.72403,1.50,1.00
2015.05.26 14:08:06.214,0.72392,0.72403,1.50,1.00
2015.05.26 14:08:06.419,0.72392,0.724,1.12,1.00
2015.05.26 14:08:06.970,0.72394,0.724,1.00,1.00
2015.05.26 14:08:07.021,0.72394,0.72403,1.12,1.00
2015.05.26 14:08:07.123,0.72396,0.72403,1.00,1.00
2015.05.26 14:08:07.226,0.72394,0.72404,1.00,1.00
2015.05.26 14:08:07.637,0.72392,0.72403,2.32,1.87
2015.05.26 14:08:08.034,0.72392,0.724,1.00,1.00
2015.05.26 14:08:08.339,0.72389,0.724,1.95,1.00
2015.05.26 14:08:08.846,0.72389,0.724,1.57,1.50
2015.05.26 14:08:09.444,0.7239,0.72401,1.57,2.25
2015.05.26 14:08:10.153,0.7239,0.72401,1.95,2.25
2015.05.26 14:08:16.648,0.7239,0.72401,1.95,1.00
2015.05.26 14:08:17.031,0.72394,0.72401,1.00,1.00
2015.05.26 14:08:17.285,0.72392,0.72402,1.57,1.00
2015.05.26 14:08:17.540,0.72394,0.72402,1.00,1.00
2015.05.26 14:08:18.163,0.72393,0.72404,1.10,2.25
2015.05.26 14:08:20.902,0.72392,0.72403,1.95,1.00
2015.05.26 14:08:21.985,0.72392,0.72403,1.07,1.37
2015.05.26 14:08:22.441,0.7239,0.72401,1.07,1.37
2015.05.26 14:08:22.943,0.72389,0.72401,1.95,1.50
2015.05.26 14:08:23.475,0.72389,0.72401,1.95,1.12
2015.05.26 14:08:24.874,0.72388,0.72399,1.87,1.00
2015.05.26 14:08:25.179,0.72392,0.72399,1.00,1.00
2015.05.26 14:08:25.635,0.7239,0.72399,1.20,1.00
2015.05.26 14:08:26.323,0.7239,0.72401,1.20,1.50
2015.05.26 14:08:27.415,0.7239,0.72401,2.40,1.50
2015.05.26 14:08:30.305,0.72391,0.72401,1.95,2.25
2015.05.26 14:08:30.564,0.72397,0.72408,2.25,1.12
2015.05.26 14:08:30.666,0.72397,0.72407,1.87,1.00
2015.05.26 14:08:30.818,0.72395,0.72406,1.10,1.50
2015.05.26 14:08:31.487,0.72395,0.72406,1.87,1.00
2015.05.26 14:08:31.538,0.72396,0.72409,1.00,1.95
2015.05.26 14:08:31.944,0.724,0.72409,1.00,1.00
2015.05.26 14:08:32.450,0.724,0.7241,1.37,1.00
2015.05.26 14:08:33.045,0.724,0.7241,1.00,1.00
2015.05.26 14:08:33.451,0.72398,0.7241,1.12,1.50
2015.05.26 14:08:33.974,0.72396,0.72408,4.57,1.50
2015.05.26 14:08:34.493,0.72397,0.72409,2.25,1.00
2015.05.26 14:08:34.798,0.724,0.72411,1.00,1.37
2015.05.26 14:08:35.853,0.72399,0.7241,1.12,1.00
2015.05.26 14:08:36.668,0.72397,0.7241,2.70,1.50
2015.05.26 14:08:37.189,0.72395,0.72408,1.87,1.12
2015.05.26 14:08:37.595,0.72395,0.72408,1.20,3.37
2015.05.26 14:08:38.761,0.72395,0.72408,1.10,2.62
2015.05.26 14:08:39.175,0.72396,0.72408,2.25,1.37
2015.05.26 14:08:39.327,0.72397,0.72409,1.20,1.12
2015.05.26 14:08:40.032,0.72397,0.72409,1.95,1.12
2015.05.26 14:08:40.238,0.72397,0.72408,1.12,2.62
2015.05.26 14:08:40.392,0.72392,0.72404,3.07,1.00
2015.05.26 14:08:40.802,0.72393,0.72406,1.57,1.50
2015.05.26 14:08:41.451,0.72394,0.72403,1.12,1.50
2015.05.26 14:08:41.925,0.72393,0.72402,1.07,1.00
2015.05.26 14:08:42.435,0.72392,0.72402,1.87,1.00
2015.05.26 14:08:44.044,0.72391,0.724,1.47,1.00
2015.05.26 14:08:44.516,0.7239,0.72395,1.50,1.00
2015.05.26 14:08:44.568,0.72384,0.72395,1.45,1.50
2015.05.26 14:08:44.670,0.72382,0.72393,1.50,1.00
2015.05.26 14:08:44.925,0.7238,0.72392,1.87,1.50
2015.05.26 14:08:45.230,0.7238,0.72392,1.10,1.50
2015.05.26 14:08:46.108,0.72382,0.72392,1.75,1.50
2015.05.26 14:08:46.159,0.72385,0.72396,1.12,1.00
2015.05.26 14:08:46.467,0.72383,0.72394,1.95,1.00
2015.05.26 14:08:46.670,0.72382,0.72393,1.45,2.25
2015.05.26 14:08:47.220,0.72381,0.72394,3.07,1.87
2015.05.26 14:08:47.271,0.72383,0.72396,1.37,1.57
2015.05.26 14:08:47.679,0.72386,0.72397,1.00,1.00
2015.05.26 14:08:47.832,0.72386,0.72399,1.50,1.12
2015.05.26 14:08:48.354,0.72386,0.72398,1.50,1.00
2015.05.26 14:08:48.507,0.72385,0.72398,1.20,2.25
2015.05.26 14:08:48.713,0.72387,0.72398,1.00,1.00
2015.05.26 14:08:48.867,0.72388,0.72401,1.50,3.00
2015.05.26 14:08:48.918,0.72388,0.72399,1.50,1.00
2015.05.26 14:08:49.583,0.72389,0.72399,1.00,1.00
2015.05.26 14:08:50.122,0.72388,0.72399,2.32,1.00
2015.05.26 14:08:50.567,0.72388,0.72401,2.70,3.00
2015.05.26 14:08:52.131,0.72392,0.72403,1.12,2.25
2015.05.26 14:08:52.312,0.72392,0.72401,1.57,1.00
2015.05.26 14:08:52.818,0.72392,0.72402,1.57,1.00
2015.05.26 14:08:53.363,0.72392,0.72402,1.12,1.00
2015.05.26 14:08:54.496,0.72396,0.72406,1.12,1.50
2015.05.26 14:08:54.803,0.72392,0.72404,1.45,1.00
2015.05.26 14:08:55.160,0.72392,0.72401,1.07,1.00
2015.05.26 14:08:56.080,0.7239,0.72401,2.32,1.37
2015.05.26 14:08:56.182,0.72392,0.72403,1.07,1.50
2015.05.26 14:08:56.703,0.72392,0.72401,1.07,1.00
2015.05.26 14:08:57.295,0.72391,0.724,2.25,1.12
2015.05.26 14:08:57.600,0.72394,0.72405,1.00,1.12
2015.05.26 14:08:58.109,0.72393,0.72404,1.57,1.00
2015.05.26 14:08:58.497,0.72391,0.72398,1.57,1.37
2015.05.26 14:08:58.549,0.72387,0.72398,1.27,1.87
2015.05.26 14:08:58.600,0.72387,0.72398,2.02,1.00
2015.05.26 14:08:58.702,0.72389,0.72401,1.00,1.37
2015.05.26 14:08:59.007,0.72391,0.72401,1.50,1.37
2015.05.26 14:08:59.185,0.72392,0.72402,1.00,1.00
2015.05.26 14:08:59.834,0.72391,0.72401,1.10,1.00
2015.05.26 14:09:00.241,0.72392,0.72403,1.20,1.00
2015.05.26 14:09:00.343,0.72394,0.72403,1.00,1.00
2015.05.26 14:09:00.394,0.72395,0.72407,1.00,1.00
2015.05.26 14:09:00.496,0.72396,0.72409,2.25,1.65
2015.05.26 14:09:00.958,0.72398,0.72409,1.00,1.50
2015.05.26 14:09:01.060,0.72399,0.72411,1.00,1.20
2015.05.26 14:09:01.584,0.72398,0.72411,2.25,1.12
2015.05.26 14:09:02.393,0.72399,0.72411,1.50,1.12
2015.05.26 14:09:02.697,0.72401,0.72412,1.00,1.37
2015.05.26 14:09:02.850,0.72403,0.72415,1.00,1.10
2015.05.26 14:09:02.901,0.72405,0.72416,1.00,5.25
2015.05.26 14:09:03.105,0.72408,0.72419,1.50,1.12
2015.05.26 14:09:03.603,0.72406,0.72419,1.00,1.00
2015.05.26 14:09:03.654,0.72406,0.72415,1.00,1.00
2015.05.26 14:09:03.908,0.72403,0.72414,1.50,1.87
2015.05.26 14:09:04.212,0.72403,0.72412,1.00,1.00
2015.05.26 14:09:04.314,0.72403,0.72414,1.00,2.62
2015.05.26 14:09:05.292,0.72401,0.72414,1.95,2.25
2015.05.26 14:09:05.798,0.72401,0.72413,1.10,1.00
2015.05.26 14:09:06.748,0.72401,0.72412,1.10,1.00
2015.05.26 14:09:07.260,0.724,0.72412,1.65,1.00
2015.05.26 14:09:08.012,0.724,0.72412,1.95,1.00
2015.05.26 14:09:08.520,0.72402,0.72412,1.10,1.00
2015.05.26 14:09:09.268,0.72404,0.72417,1.10,2.25
2015.05.26 14:09:09.320,0.72404,0.72417,1.20,1.50
2015.05.26 14:09:09.372,0.72404,0.72417,1.57,1.00
2015.05.26 14:09:09.677,0.7241,0.7242,1.50,1.00
2015.05.26 14:09:10.347,0.7241,0.72423,2.25,1.87
2015.05.26 14:09:11.958,0.72411,0.72423,1.00,1.50
2015.05.26 14:09:12.476,0.72413,0.72424,1.00,1.50
2015.05.26 14:09:13.458,0.72412,0.72424,3.00,1.00
2015.05.26 14:09:14.204,0.72412,0.72424,1.12,1.12
2015.05.26 14:09:14.612,0.72412,0.72426,1.00,1.00
2015.05.26 14:09:14.764,0.72414,0.72427,1.00,2.25
2015.05.26 14:09:15.069,0.72414,0.72427,1.50,1.37
2015.05.26 14:09:15.526,0.72414,0.72427,1.00,1.00
2015.05.26 14:09:15.833,0.72412,0.72426,2.02,1.00
2015.05.26 14:09:15.884,0.72412,0.72426,1.20,1.87
2015.05.26 14:09:16.391,0.72412,0.72426,1.20,3.00
2015.05.26 14:09:17.307,0.72418,0.72426,1.00,1.00
2015.05.26 14:09:17.358,0.72418,0.72429,1.00,1.00
2015.05.26 14:09:17.460,0.72419,0.72433,1.00,2.32
2015.05.26 14:09:17.967,0.7242,0.72432,1.10,1.37
2015.05.26 14:09:18.565,0.72421,0.72432,1.00,1.37
2015.05.26 14:09:19.073,0.7242,0.72432,1.00,1.37
2015.05.26 14:09:22.898,0.72419,0.72433,1.12,1.50
2015.05.26 14:09:23.405,0.72418,0.72432,1.50,2.62
2015.05.26 14:09:23.898,0.72415,0.72426,1.20,1.12
2015.05.26 14:09:24.202,0.7241,0.72422,1.75,1.00
2015.05.26 14:09:24.557,0.72409,0.72424,3.00,2.62
2015.05.26 14:09:24.954,0.72413,0.72427,1.50,1.00
2015.05.26 14:09:25.462,0.72413,0.72428,1.50,2.25
2015.05.26 14:09:25.968,0.72414,0.72428,1.00,2.62
2015.05.26 14:09:27.158,0.72415,0.72428,1.00,1.50
2015.05.26 14:09:27.210,0.72417,0.72428,1.50,1.00
2015.05.26 14:09:28.235,0.72419,0.72432,1.50,1.50
2015.05.26 14:09:28.843,0.72419,0.7243,1.00,1.00
2015.05.26 14:09:29.454,0.72417,0.7243,2.62,1.12
2015.05.26 14:09:29.965,0.72416,0.72429,1.00,1.12
2015.05.26 14:09:30.829,0.72416,0.72427,1.00,1.00
2015.05.26 14:09:32.705,0.72417,0.72427,1.00,1.00
2015.05.26 14:09:33.819,0.72419,0.72431,1.00,1.00
2015.05.26 14:09:34.345,0.72419,0.72433,1.50,1.37
2015.05.26 14:09:35.098,0.72419,0.72433,1.87,1.12
2015.05.26 14:09:35.605,0.72421,0.72433,1.50,1.12
2015.05.26 14:09:35.808,0.72423,0.72433,1.00,1.12
2015.05.26 14:09:36.460,0.72423,0.72433,1.00,1.37
2015.05.26 14:09:36.612,0.7242,0.72434,2.32,1.37
2015.05.26 14:09:37.224,0.72421,0.72434,1.00,1.37
2015.05.26 14:09:38.384,0.72419,0.72433,2.40,1.12
2015.05.26 14:09:38.892,0.72419,0.72432,1.20,1.12
2015.05.26 14:09:40.772,0.72419,0.72431,1.12,1.00
2015.05.26 14:09:41.281,0.72417,0.7243,2.77,1.00
2015.05.26 14:09:41.383,0.72417,0.72428,2.77,1.00
2015.05.26 14:09:45.133,0.72417,0.72432,1.65,1.50
2015.05.26 14:09:45.184,0.72417,0.72432,2.40,1.50
2015.05.26 14:09:45.438,0.72417,0.72426,1.00,1.00
2015.05.26 14:09:46.041,0.72413,0.72423,1.37,1.00
2015.05.26 14:09:46.355,0.72414,0.7242,1.00,1.12
2015.05.26 14:09:46.406,0.7241,0.7242,1.00,1.12
2015.05.26 14:09:46.457,0.72412,0.72422,1.00,1.50
2015.05.26 14:09:47.299,0.72416,0.72426,1.00,1.37
2015.05.26 14:09:47.455,0.72418,0.72428,1.00,1.37
2015.05.26 14:09:47.658,0.72416,0.72425,1.00,1.12
2015.05.26 14:09:47.709,0.72416,0.72423,1.00,1.12
2015.05.26 14:09:47.760,0.72411,0.72423,1.50,1.12
2015.05.26 14:09:47.811,0.72411,0.72423,1.00,1.12
2015.05.26 14:09:48.919,0.72413,0.72426,1.00,1.87
2015.05.26 14:09:49.224,0.72415,0.72426,1.00,1.00
2015.05.26 14:09:49.579,0.72416,0.72428,1.00,1.12
2015.05.26 14:09:51.838,0.72415,0.72428,3.00,1.00
2015.05.26 14:09:52.345,0.72416,0.72428,2.62,1.12
2015.05.26 14:09:53.592,0.7242,0.72428,1.00,1.12
2015.05.26 14:09:54.413,0.72424,0.7243,1.00,1.12
2015.05.26 14:09:54.566,0.72422,0.7243,1.00,1.87
2015.05.26 14:09:56.318,0.72425,0.7243,1.00,1.12
2015.05.26 14:09:57.379,0.7242,0.7243,1.37,1.00
2015.05.26 14:09:57.481,0.7242,0.72432,1.37,1.87
2015.05.26 14:09:57.634,0.7242,0.72432,1.37,1.87
2015.05.26 14:09:58.089,0.72419,0.72432,1.87,1.87
2015.05.26 14:09:58.837,0.72419,0.72432,1.50,1.87
2015.05.26 14:10:00.801,0.7242,0.72432,1.00,1.87
2015.05.26 14:10:03.269,0.72419,0.72432,1.00,2.62
2015.05.26 14:10:03.422,0.72418,0.7243,1.12,1.37
2015.05.26 14:10:03.727,0.72415,0.72424,1.50,1.37
2015.05.26 14:10:04.032,0.72413,0.7242,2.25,1.00
2015.05.26 14:10:04.553,0.72411,0.72422,1.50,1.87
2015.05.26 14:10:04.655,0.72411,0.72422,1.50,1.87
2015.05.26 14:10:04.807,0.72411,0.72422,1.50,1.12
2015.05.26 14:10:05.682,0.72409,0.72422,1.87,1.37
2015.05.26 14:10:06.374,0.7241,0.72421,1.12,1.00
2015.05.26 14:10:08.373,0.72416,0.72421,1.00,1.00
2015.05.26 14:10:08.591,0.72414,0.72421,1.00,1.00
2015.05.26 14:10:09.152,0.72413,0.72421,1.00,1.00
2015.05.26 14:10:11.598,0.72413,0.72424,1.00,1.37
2015.05.26 14:10:11.700,0.72414,0.72425,1.00,1.00
2015.05.26 14:10:11.852,0.72417,0.72427,1.00,1.00
2015.05.26 14:10:12.106,0.72418,0.72431,3.37,1.37
2015.05.26 14:10:12.463,0.72421,0.72431,1.00,1.37
2015.05.26 14:10:12.810,0.72426,0.72431,1.00,1.37
2015.05.26 14:10:13.014,0.72428,0.72434,1.00,1.37
2015.05.26 14:10:13.523,0.72427,0.72432,1.00,1.00
2015.05.26 14:10:14.665,0.72427,0.72433,1.00,1.00
2015.05.26 14:10:15.524,0.72424,0.72433,1.50,1.00
2015.05.26 14:10:16.224,0.72424,0.72431,1.00,1.00
2015.05.26 14:10:17.431,0.72424,0.72434,1.00,1.87
2015.05.26 14:10:17.786,0.72426,0.72434,1.00,1.00
2015.05.26 14:10:17.888,0.72427,0.72436,1.00,1.00
2015.05.26 14:10:18.327,0.72428,0.72439,1.00,1.50
2015.05.26 14:10:18.582,0.72428,0.72441,1.50,1.57
2015.05.26 14:10:19.510,0.72428,0.72439,1.00,1.00
2015.05.26 14:10:20.043,0.72426,0.72439,1.87,1.00
2015.05.26 14:10:20.348,0.72421,0.72434,3.00,1.00
2015.05.26 14:10:21.152,0.72421,0.72434,2.62,1.00
2015.05.26 14:10:22.376,0.72421,0.72433,1.00,2.62
2015.05.26 14:10:22.889,0.7242,0.72433,1.75,2.62
2015.05.26 14:10:23.660,0.72424,0.72433,1.87,1.12
2015.05.26 14:10:23.813,0.72426,0.72436,1.00,1.00
2015.05.26 14:10:24.016,0.72429,0.72437,1.00,1.00
2015.05.26 14:10:24.067,0.72429,0.72439,1.00,1.87
2015.05.26 14:10:24.220,0.72432,0.72439,1.00,1.00
2015.05.26 14:10:24.550,0.72434,0.7244,1.50,1.00
2015.05.26 14:10:24.944,0.72434,0.72442,1.50,1.00
2015.05.26 14:10:25.465,0.72433,0.72442,1.00,1.12
2015.05.26 14:10:26.255,0.72432,0.72442,1.00,1.12
2015.05.26 14:10:28.383,0.72433,0.72442,1.00,1.87
2015.05.26 14:10:32.422,0.72432,0.72443,1.00,1.87
2015.05.26 14:10:37.741,0.72432,0.72441,1.00,1.00
2015.05.26 14:10:39.379,0.72432,0.72442,1.50,1.12
2015.05.26 14:10:40.452,0.72433,0.72443,1.00,1.87
2015.05.26 14:10:40.604,0.72433,0.72444,1.50,1.12
2015.05.26 14:10:40.908,0.72437,0.72447,1.00,1.00
2015.05.26 14:10:41.404,0.72442,0.7245,1.50,1.00
2015.05.26 14:10:41.916,0.72442,0.72451,1.00,1.00
2015.05.26 14:10:42.999,0.72442,0.72453,1.87,1.12
2015.05.26 14:10:43.720,0.72442,0.72453,1.87,1.37
2015.05.26 14:10:44.371,0.72443,0.72451,1.00,1.00
2015.05.26 14:10:45.696,0.72443,0.72452,1.00,1.12
2015.05.26 14:10:46.105,0.72439,0.72452,1.87,1.87
2015.05.26 14:10:47.103,0.72441,0.72452,1.37,1.00
2015.05.26 14:10:49.608,0.72441,0.72452,1.00,1.12
2015.05.26 14:10:50.115,0.72441,0.72451,1.00,1.00
2015.05.26 14:10:50.763,0.7244,0.72451,1.12,1.00
2015.05.26 14:10:51.269,0.72439,0.72447,1.00,1.00
2015.05.26 14:10:51.320,0.72439,0.7245,1.00,1.12
2015.05.26 14:10:51.829,0.72437,0.7245,1.50,1.87
2015.05.26 14:10:53.709,0.72434,0.72442,8.25,1.00
2015.05.26 14:10:54.216,0.72434,0.72442,7.50,1.50
2015.05.26 14:10:55.026,0.72431,0.72439,1.12,1.00
2015.05.26 14:10:56.434,0.72431,0.7244,1.12,1.50
2015.05.26 14:10:58.192,0.72431,0.7244,1.12,1.37
2015.05.26 14:10:58.929,0.72423,0.72432,1.00,1.37
2015.05.26 14:10:59.645,0.72421,0.72434,1.00,2.62
2015.05.26 14:11:00.495,0.72424,0.72434,1.00,1.87
2015.05.26 14:11:01.122,0.72424,0.72434,1.00,1.87
2015.05.26 14:11:01.760,0.72424,0.72435,1.37,2.62
2015.05.26 14:11:01.811,0.7243,0.72439,1.00,1.10
2015.05.26 14:11:01.963,0.7243,0.72442,1.00,3.00
2015.05.26 14:11:02.166,0.72433,0.72444,1.12,3.00
2015.05.26 14:11:02.501,0.72433,0.72444,1.37,1.50
2015.05.26 14:11:02.602,0.72433,0.72444,1.12,1.50
2015.05.26 14:11:03.358,0.72433,0.72444,1.00,1.87
2015.05.26 14:11:06.578,0.72431,0.72442,1.12,1.12
2015.05.26 14:11:06.956,0.72429,0.72436,1.75,1.00
2015.05.26 14:11:07.382,0.72422,0.72433,1.50,1.00
2015.05.26 14:11:07.535,0.72421,0.72433,2.25,1.37
2015.05.26 14:11:08.526,0.72421,0.72434,2.25,1.87
2015.05.26 14:11:09.144,0.72421,0.72434,1.87,1.37
2015.05.26 14:11:09.958,0.72421,0.72434,1.87,1.37
2015.05.26 14:11:10.060,0.72422,0.72435,1.37,1.95
2015.05.26 14:11:10.600,0.72426,0.72437,1.12,1.12
2015.05.26 14:11:10.753,0.72428,0.72439,1.50,1.00
2015.05.26 14:11:11.106,0.72428,0.72441,1.87,1.12
2015.05.26 14:11:11.612,0.72429,0.72442,2.25,1.00
2015.05.26 14:11:12.679,0.72431,0.72444,1.12,1.37
2015.05.26 14:11:12.983,0.72433,0.72442,3.00,1.00
2015.05.26 14:11:13.136,0.72433,0.72441,1.87,1.00
2015.05.26 14:11:13.238,0.72429,0.72441,1.00,1.37
2015.05.26 14:11:13.778,0.72429,0.72441,1.50,1.00
2015.05.26 14:11:14.487,0.72429,0.72441,1.00,1.87
2015.05.26 14:11:15.489,0.72429,0.72441,1.00,1.00
2015.05.26 14:11:15.998,0.72429,0.72442,1.00,1.87
2015.05.26 14:11:17.112,0.72431,0.72443,1.00,1.87
2015.05.26 14:11:17.620,0.7243,0.72443,1.00,4.12
2015.05.26 14:11:18.135,0.72431,0.72443,1.00,1.87
2015.05.26 14:11:18.923,0.72431,0.72438,1.00,1.00
2015.05.26 14:11:19.302,0.72431,0.72441,1.50,1.87
2015.05.26 14:11:19.811,0.7243,0.72442,1.50,1.57
2015.05.26 14:11:19.964,0.7243,0.72442,1.00,1.20
2015.05.26 14:11:21.879,0.7243,0.72442,1.00,1.57
2015.05.26 14:11:22.384,0.72428,0.72439,1.00,1.37
2015.05.26 14:11:22.435,0.72426,0.72437,1.12,2.25
2015.05.26 14:11:22.486,0.72425,0.72437,1.57,2.62
2015.05.26 14:11:22.841,0.72424,0.72435,1.12,1.12
2015.05.26 14:11:23.548,0.72424,0.72437,1.12,2.25
2015.05.26 14:11:23.650,0.72428,0.72437,1.00,1.12
2015.05.26 14:11:23.853,0.72429,0.72441,1.50,1.45
2015.05.26 14:11:23.904,0.72431,0.72442,1.00,3.00
2015.05.26 14:11:24.056,0.72432,0.72442,1.00,1.00
2015.05.26 14:11:24.108,0.72432,0.72444,1.00,4.20
2015.05.26 14:11:24.651,0.72432,0.72444,1.00,1.47
2015.05.26 14:11:25.210,0.7243,0.72443,1.00,2.62
2015.05.26 14:11:26.358,0.7243,0.72442,1.00,1.00
2015.05.26 14:11:27.008,0.7243,0.72443,1.00,2.70
2015.05.26 14:11:27.062,0.72432,0.72443,1.00,1.95
2015.05.26 14:11:28.227,0.72432,0.72442,1.00,1.00
2015.05.26 14:11:29.160,0.7243,0.72442,1.00,1.00
2015.05.26 14:11:29.667,0.7243,0.72441,1.00,1.50
2015.05.26 14:11:30.196,0.72432,0.72443,1.00,2.25
2015.05.26 14:11:33.457,0.72434,0.72443,1.00,1.37
2015.05.26 14:11:33.558,0.72432,0.72443,1.00,1.37
2015.05.26 14:11:33.812,0.72432,0.72443,1.87,1.47
2015.05.26 14:11:38.747,0.72433,0.72443,1.37,1.47
2015.05.26 14:11:40.245,0.72435,0.72443,1.00,1.37
2015.05.26 14:11:40.753,0.72433,0.72444,1.37,1.57
2015.05.26 14:11:45.326,0.72433,0.7244,1.37,1.00
2015.05.26 14:11:45.377,0.72432,0.7244,1.12,1.00
2015.05.26 14:11:45.884,0.72433,0.72441,1.00,1.00
2015.05.26 14:11:47.089,0.72433,0.72442,1.00,1.12
2015.05.26 14:11:47.594,0.72433,0.72442,1.00,1.37
2015.05.26 14:11:50.062,0.72433,0.72442,1.00,1.12
2015.05.26 14:11:50.706,0.72434,0.72444,1.00,1.50
2015.05.26 14:11:55.203,0.72435,0.72444,1.00,1.37
2015.05.26 14:11:56.371,0.72435,0.72445,2.25,1.12
2015.05.26 14:11:56.678,0.72439,0.72446,1.37,1.00
2015.05.26 14:11:56.729,0.72441,0.7245,1.12,4.50
2015.05.26 14:11:57.126,0.72444,0.7245,1.00,2.25
2015.05.26 14:11:57.178,0.72444,0.72451,1.00,1.50
2015.05.26 14:11:57.685,0.72443,0.72454,1.00,1.75
2015.05.26 14:11:58.447,0.72443,0.72454,1.10,1.37
2015.05.26 14:12:00.813,0.72444,0.72455,1.50,1.37
2015.05.26 14:12:02.834,0.72444,0.72455,1.50,1.37
2015.05.26 14:12:06.640,0.72444,0.72453,1.00,1.37
2015.05.26 14:12:06.851,0.7244,0.72453,3.75,1.37
2015.05.26 14:12:07.352,0.7244,0.72451,2.25,1.12
2015.05.26 14:12:07.505,0.72439,0.72451,1.20,1.12
2015.05.26 14:12:08.091,0.72439,0.72451,2.62,1.12
2015.05.26 14:12:09.555,0.72436,0.72448,1.57,1.00
2015.05.26 14:12:09.872,0.72433,0.72444,1.57,1.37
2015.05.26 14:12:10.413,0.72433,0.72444,1.47,1.12
2015.05.26 14:12:11.416,0.72433,0.72444,1.37,1.37
2015.05.26 14:12:19.405,0.72434,0.72444,1.37,1.12
2015.05.26 14:12:20.599,0.72436,0.72448,1.50,2.62
2015.05.26 14:12:20.751,0.72438,0.72448,1.50,1.00
2015.05.26 14:12:21.257,0.72438,0.72451,1.87,1.87
2015.05.26 14:12:22.067,0.72438,0.72446,1.00,1.00
2015.05.26 14:12:22.373,0.72433,0.72444,1.37,1.37
2015.05.26 14:12:22.628,0.72433,0.72444,1.87,1.12
2015.05.26 14:12:23.670,0.72433,0.72445,2.62,1.12
2015.05.26 14:12:25.174,0.72433,0.72445,1.50,1.37
2015.05.26 14:12:26.885,0.72434,0.72446,1.47,1.12
2015.05.26 14:12:26.936,0.72437,0.72446,1.00,1.12
2015.05.26 14:12:26.987,0.72437,0.72449,1.37,3.45
2015.05.26 14:12:27.680,0.7244,0.7245,1.10,1.00
2015.05.26 14:12:28.542,0.72441,0.72454,1.00,1.87
2015.05.26 14:12:32.464,0.7244,0.72451,1.20,1.00
2015.05.26 14:12:33.508,0.72441,0.72453,1.00,1.50
2015.05.26 14:12:34.860,0.72442,0.72451,1.00,1.00
2015.05.26 14:12:35.561,0.72441,0.72451,1.00,1.00
2015.05.26 14:12:36.070,0.7244,0.72451,1.57,1.00
2015.05.26 14:12:40.382,0.72441,0.72451,1.00,1.12
2015.05.26 14:12:40.822,0.72439,0.72451,1.57,1.12
2015.05.26 14:12:42.594,0.72439,0.72453,2.70,2.62
2015.05.26 14:12:43.395,0.72439,0.72453,3.07,1.87
2015.05.26 14:12:44.145,0.72439,0.72453,3.07,1.87
2015.05.26 14:12:45.128,0.72439,0.72451,2.32,1.00
2015.05.26 14:12:46.599,0.72439,0.72453,3.82,2.62
2015.05.26 14:12:46.903,0.72441,0.72453,1.47,1.87
2015.05.26 14:12:50.651,0.72439,0.72452,2.32,1.12
2015.05.26 14:12:50.754,0.72439,0.7245,2.32,1.00
2015.05.26 14:12:50.855,0.72439,0.72452,2.32,1.12
2015.05.26 14:12:59.482,0.72442,0.72453,1.00,1.87
2015.05.26 14:13:00.190,0.72441,0.72453,1.57,1.37
2015.05.26 14:13:03.371,0.7244,0.72453,1.27,1.37
2015.05.26 14:13:06.083,0.72438,0.72449,3.75,1.37
2015.05.26 14:13:06.237,0.72437,0.72447,1.50,1.12
2015.05.26 14:13:06.746,0.72437,0.7245,1.00,1.37
2015.05.26 14:13:07.140,0.72439,0.7245,1.00,1.12
2015.05.26 14:13:07.648,0.7244,0.72451,1.00,1.47
2015.05.26 14:13:08.419,0.7244,0.72453,1.00,1.37
2015.05.26 14:13:08.967,0.72441,0.72454,1.00,2.32
2015.05.26 14:13:12.867,0.72442,0.72454,1.37,1.00
2015.05.26 14:13:13.171,0.72449,0.72459,1.00,3.37
2015.05.26 14:13:13.373,0.72449,0.72462,1.50,1.37
2015.05.26 14:13:14.499,0.72449,0.72463,2.32,1.37
2015.05.26 14:13:15.010,0.72449,0.72462,1.00,1.37
2015.05.26 14:13:15.604,0.72446,0.72459,2.25,1.50
2015.05.26 14:13:15.657,0.72446,0.72459,1.10,1.87
2015.05.26 14:13:17.105,0.72446,0.7246,1.87,3.07
2015.05.26 14:13:17.409,0.7245,0.72462,1.50,2.62
2015.05.26 14:13:19.723,0.7245,0.72461,1.00,1.12
2015.05.26 14:13:20.519,0.72447,0.72461,2.32,2.02
2015.05.26 14:13:20.570,0.72447,0.7246,2.02,1.12
2015.05.26 14:13:20.621,0.72447,0.7246,1.20,1.37
2015.05.26 14:13:21.168,0.72445,0.72459,2.32,1.87
2015.05.26 14:13:21.676,0.72445,0.72457,2.32,1.37
2015.05.26 14:13:21.980,0.72443,0.72455,3.37,1.87
2015.05.26 14:13:22.407,0.72443,0.72452,1.00,1.37
2015.05.26 14:13:22.813,0.7244,0.72452,1.12,1.37
2015.05.26 14:13:23.319,0.7244,0.72452,1.12,1.00
2015.05.26 14:13:26.160,0.7244,0.7245,1.12,1.00
2015.05.26 14:13:26.684,0.72438,0.72449,1.47,1.00
2015.05.26 14:13:27.446,0.72438,0.72446,1.47,1.00
2015.05.26 14:13:27.802,0.72434,0.72444,1.95,1.00
2015.05.26 14:13:27.903,0.72433,0.72444,3.00,1.00
2015.05.26 14:13:28.359,0.72434,0.72444,1.57,1.00
2015.05.26 14:13:28.563,0.72434,0.72447,1.65,4.87
2015.05.26 14:13:28.666,0.72436,0.72447,1.87,3.00
2015.05.26 14:13:28.819,0.72437,0.7245,2.62,1.27
2015.05.26 14:13:28.870,0.72439,0.7245,1.37,1.20
2015.05.26 14:13:29.720,0.72439,0.72452,1.37,1.95
2015.05.26 14:13:30.027,0.72439,0.72449,1.37,1.00
2015.05.26 14:13:30.716,0.72439,0.72452,1.87,4.20
2015.05.26 14:13:34.558,0.72439,0.72452,1.87,4.20
2015.05.26 14:13:35.279,0.72439,0.72451,1.12,4.20
2015.05.26 14:13:35.482,0.7244,0.72453,1.00,1.57
2015.05.26 14:13:36.311,0.72446,0.72453,1.00,1.00
2015.05.26 14:13:36.364,0.72446,0.7246,1.50,2.62
2015.05.26 14:13:36.847,0.72446,0.7246,2.25,3.07
2015.05.26 14:13:37.559,0.72448,0.7246,1.50,1.12
2015.05.26 14:13:39.032,0.72448,0.72461,1.50,1.12
2015.05.26 14:13:39.573,0.72449,0.72461,1.12,1.00
2015.05.26 14:13:40.302,0.7245,0.72461,1.20,1.00
2015.05.26 14:13:40.657,0.72452,0.72464,1.00,1.95
2015.05.26 14:13:43.968,0.72451,0.72463,1.50,1.87
2015.05.26 14:13:44.938,0.72454,0.72465,2.25,1.20
2015.05.26 14:13:45.039,0.72452,0.72466,1.87,2.62
2015.05.26 14:13:45.191,0.72452,0.72462,1.20,1.00
2015.05.26 14:13:45.703,0.72451,0.72462,1.87,1.00
2015.05.26 14:13:46.202,0.7245,0.72462,1.57,1.00
2015.05.26 14:13:46.708,0.72451,0.72462,1.57,1.00
2015.05.26 14:13:47.081,0.72451,0.72462,2.25,1.00
2015.05.26 14:13:47.927,0.72451,0.72463,1.95,1.12
2015.05.26 14:13:48.181,0.72451,0.72461,1.10,1.00
2015.05.26 14:13:48.485,0.72449,0.72461,1.95,1.00
2015.05.26 14:13:49.147,0.7245,0.72462,1.50,1.12
2015.05.26 14:13:50.476,0.72448,0.7246,1.12,1.12
2015.05.26 14:13:50.932,0.72446,0.7246,1.95,1.87
2015.05.26 14:13:51.350,0.72449,0.7246,1.00,1.57
2015.05.26 14:13:51.900,0.7245,0.72463,1.00,1.95
2015.05.26 14:13:52.154,0.72453,0.72464,1.00,4.95
2015.05.26 14:13:52.797,0.72454,0.72466,1.95,1.37
2015.05.26 14:13:52.848,0.72453,0.72465,1.00,1.37
2015.05.26 14:13:53.657,0.72453,0.72465,1.47,2.25
2015.05.26 14:13:54.116,0.72452,0.72463,1.00,1.47
2015.05.26 14:13:54.420,0.72452,0.72463,1.00,1.20
2015.05.26 14:13:54.929,0.72453,0.72466,1.00,1.50
2015.05.26 14:13:55.441,0.72452,0.72463,1.95,1.37
2015.05.26 14:13:55.644,0.72451,0.72461,1.00,1.00
2015.05.26 14:13:55.948,0.72449,0.72461,1.27,1.87
2015.05.26 14:13:56.579,0.72448,0.72455,1.37,1.00
2015.05.26 14:13:56.631,0.72445,0.72453,1.00,1.12
2015.05.26 14:13:56.733,0.72443,0.72453,3.00,1.12
2015.05.26 14:13:57.242,0.72444,0.72454,1.00,1.00
2015.05.26 14:13:58.251,0.72444,0.72454,1.37,1.00
2015.05.26 14:13:58.303,0.72449,0.72459,1.00,1.00
2015.05.26 14:13:58.811,0.72449,0.7246,1.00,1.12
2015.05.26 14:13:59.898,0.72449,0.72461,1.00,1.00
2015.05.26 14:14:00.719,0.72451,0.72462,1.00,1.00
2015.05.26 14:14:01.237,0.7245,0.72462,1.00,1.37
2015.05.26 14:14:03.170,0.72451,0.72462,1.00,1.37
2015.05.26 14:14:03.426,0.72449,0.7246,1.50,1.00
2015.05.26 14:14:03.681,0.72448,0.72455,1.00,1.00
2015.05.26 14:14:03.733,0.72446,0.72455,1.20,1.00
2015.05.26 14:14:04.017,0.72444,0.72453,1.20,1.00
2015.05.26 14:14:04.577,0.72441,0.72453,2.62,1.00
2015.05.26 14:14:04.881,0.7244,0.72453,2.70,2.62
2015.05.26 14:14:04.983,0.7244,0.72451,3.00,1.00
2015.05.26 14:14:05.034,0.7244,0.7245,1.00,1.00
2015.05.26 14:14:05.563,0.72439,0.7245,1.00,1.00
2015.05.26 14:14:06.086,0.72437,0.7245,1.57,1.50
2015.05.26 14:14:06.757,0.72436,0.7245,3.37,1.87
2015.05.26 14:14:07.302,0.72436,0.72449,2.70,1.37
2015.05.26 14:14:08.492,0.72438,0.7245,1.00,1.87
2015.05.26 14:14:08.544,0.72438,0.7245,1.00,2.62
2015.05.26 14:14:08.595,0.72436,0.7245,2.70,2.62
2015.05.26 14:14:08.900,0.72436,0.72448,1.20,1.37
2015.05.26 14:14:09.205,0.72434,0.72444,1.37,2.62
2015.05.26 14:14:09.751,0.72437,0.72446,1.00,4.27
2015.05.26 14:14:10.688,0.72435,0.72446,1.00,2.02
2015.05.26 14:14:10.897,0.72435,0.72446,1.00,3.00
2015.05.26 14:14:11.150,0.72432,0.72443,2.25,2.02
2015.05.26 14:14:11.202,0.72432,0.72441,1.00,1.37
2015.05.26 14:14:11.354,0.72429,0.72438,1.50,1.37
2015.05.26 14:14:11.759,0.72428,0.72438,1.00,1.47
2015.05.26 14:14:11.810,0.72429,0.7244,1.00,1.12
2015.05.26 14:14:11.862,0.72431,0.7244,1.00,1.12
2015.05.26 14:14:11.914,0.72431,0.72441,1.00,1.45
2015.05.26 14:14:12.067,0.72432,0.72443,1.00,1.95
2015.05.26 14:14:12.864,0.72431,0.72443,1.50,1.45
2015.05.26 14:14:14.041,0.72433,0.72444,1.00,1.95
2015.05.26 14:14:14.244,0.72431,0.72444,1.00,1.95
2015.05.26 14:14:14.346,0.72434,0.72445,1.50,2.62
2015.05.26 14:14:14.665,0.72441,0.72452,1.50,1.57
2015.05.26 14:14:16.872,0.72441,0.72452,1.00,1.12
2015.05.26 14:14:17.024,0.72439,0.72452,1.10,2.62
2015.05.26 14:14:17.075,0.72438,0.72452,1.87,2.62
2015.05.26 14:14:17.900,0.72437,0.72449,1.10,1.37
2015.05.26 14:14:18.059,0.72437,0.72449,1.10,1.75
2015.05.26 14:14:19.736,0.72441,0.72449,1.00,1.12
2015.05.26 14:14:23.758,0.72441,0.72449,1.00,1.50
2015.05.26 14:14:23.810,0.72438,0.72449,1.00,1.50
2015.05.26 14:14:24.322,0.72437,0.72449,1.20,1.50
2015.05.26 14:14:25.170,0.72438,0.72449,1.00,1.50
2015.05.26 14:14:26.036,0.72436,0.72445,1.50,1.37
2015.05.26 14:14:26.342,0.72432,0.72441,3.82,1.00
2015.05.26 14:14:26.444,0.7243,0.7244,1.50,1.50
2015.05.26 14:14:26.992,0.7243,0.7244,1.00,1.12
2015.05.26 14:14:27.145,0.72427,0.72439,1.10,1.00
2015.05.26 14:14:27.551,0.72426,0.72437,1.12,1.37
2015.05.26 14:14:27.754,0.72422,0.72435,1.57,1.50
2015.05.26 14:14:28.101,0.72422,0.72435,1.57,2.25
2015.05.26 14:14:29.868,0.72429,0.7244,1.00,1.37
2015.05.26 14:14:30.416,0.72428,0.7244,1.00,1.50
2015.05.26 14:14:30.467,0.72423,0.72436,4.50,1.00
2015.05.26 14:14:30.569,0.72423,0.72438,2.62,1.75
2015.05.26 14:14:30.938,0.72423,0.72436,1.12,1.75
2015.05.26 14:14:30.989,0.72422,0.72436,1.95,2.25
2015.05.26 14:14:31.518,0.72422,0.72436,1.57,3.00
2015.05.26 14:14:32.164,0.72427,0.72436,1.00,1.37
2015.05.26 14:14:32.215,0.7243,0.72437,1.00,1.12
2015.05.26 14:14:32.571,0.72429,0.72441,1.00,1.47
2015.05.26 14:14:33.281,0.7243,0.7244,1.00,1.27
2015.05.26 14:14:33.435,0.7243,0.72436,1.00,1.00
2015.05.26 14:14:33.690,0.72426,0.72436,1.00,1.75
2015.05.26 14:14:33.910,0.72426,0.72436,1.00,2.25
2015.05.26 14:14:36.062,0.72423,0.72436,1.00,2.70
2015.05.26 14:14:36.569,0.72422,0.72433,1.00,1.57
2015.05.26 14:14:37.700,0.72423,0.72433,1.00,1.20
2015.05.26 14:14:38.246,0.72418,0.72431,1.20,1.75
2015.05.26 14:14:38.760,0.72418,0.7243,1.20,1.50
2015.05.26 14:14:38.931,0.72421,0.7243,1.00,1.50
2015.05.26 14:14:39.415,0.72417,0.72427,1.12,1.12
2015.05.26 14:14:39.472,0.72417,0.72427,1.00,1.50
2015.05.26 14:14:39.573,0.72417,0.72427,1.00,1.12
2015.05.26 14:14:39.625,0.7242,0.72427,1.00,1.37
2015.05.26 14:14:39.830,0.72421,0.72426,1.00,1.00
2015.05.26 14:14:39.931,0.72422,0.7243,1.00,1.87
2015.05.26 14:14:40.033,0.72425,0.72432,1.00,1.50
2015.05.26 14:14:41.030,0.72428,0.72435,1.00,1.50
2015.05.26 14:14:41.283,0.72428,0.72432,1.00,1.00
2015.05.26 14:14:41.487,0.72426,0.72432,1.00,1.00
2015.05.26 14:14:41.589,0.72425,0.72429,1.50,1.00
2015.05.26 14:14:42.374,0.72426,0.72431,1.00,1.00
2015.05.26 14:14:43.018,0.72426,0.72434,1.12,1.00
2015.05.26 14:14:43.120,0.7243,0.72436,1.00,1.00
2015.05.26 14:14:43.222,0.7243,0.72438,1.00,1.20
2015.05.26 14:14:44.177,0.7243,0.72434,1.00,1.00
2015.05.26 14:14:44.329,0.72425,0.72434,1.57,1.00
2015.05.26 14:14:44.380,0.72425,0.72432,1.50,1.00
2015.05.26 14:14:44.893,0.72426,0.72432,1.00,1.00
2015.05.26 14:14:45.333,0.72424,0.72432,1.00,1.00
2015.05.26 14:14:46.039,0.72423,0.72432,1.00,1.10
2015.05.26 14:14:46.950,0.72422,0.72432,1.00,1.27
2015.05.26 14:14:47.001,0.72421,0.7243,1.50,1.00
2015.05.26 14:14:47.552,0.7242,0.7243,1.50,1.20
2015.05.26 14:14:48.092,0.72421,0.72431,1.00,1.12
2015.05.26 14:14:48.760,0.7242,0.72431,1.00,1.12
2015.05.26 14:14:49.648,0.72419,0.72431,1.00,1.12
2015.05.26 14:14:50.075,0.72417,0.7243,1.00,1.10
2015.05.26 14:14:50.176,0.72418,0.7243,1.00,1.50
2015.05.26 14:14:50.683,0.72417,0.7243,1.50,1.12
2015.05.26 14:14:51.638,0.72415,0.72427,1.00,1.87
2015.05.26 14:14:51.741,0.72412,0.72424,1.87,1.37
2015.05.26 14:14:51.843,0.72411,0.72424,2.25,1.65
2015.05.26 14:14:52.948,0.72411,0.72424,1.00,1.95
2015.05.26 14:14:54.163,0.72411,0.72424,1.00,1.95
2015.05.26 14:14:54.675,0.72414,0.72424,1.00,1.95
2015.05.26 14:14:55.124,0.72413,0.72424,2.25,1.00
2015.05.26 14:14:55.777,0.72417,0.72427,1.00,1.85
2015.05.26 14:14:55.879,0.72418,0.7243,1.87,4.12
2015.05.26 14:14:55.931,0.7242,0.72431,1.00,1.50
2015.05.26 14:14:56.289,0.72421,0.72432,1.00,1.10
2015.05.26 14:14:56.831,0.7242,0.72432,1.00,1.10
2015.05.26 14:14:59.793,0.7242,0.72432,1.00,1.07
2015.05.26 14:15:00.137,0.7242,0.72428,1.00,1.00
2015.05.26 14:15:00.449,0.7241,0.72421,1.20,1.50
2015.05.26 14:15:01.656,0.72411,0.72424,1.00,2.70
2015.05.26 14:15:01.859,0.72413,0.72424,1.00,3.00
2015.05.26 14:15:02.165,0.72412,0.72424,1.12,1.50
2015.05.26 14:15:02.368,0.72412,0.72424,1.12,1.50
2015.05.26 14:15:02.830,0.72414,0.72426,1.00,1.57
2015.05.26 14:15:03.138,0.72414,0.72428,1.00,1.20
2015.05.26 14:15:03.189,0.72417,0.72428,1.00,1.20
2015.05.26 14:15:03.392,0.72414,0.72428,1.00,1.57
2015.05.26 14:15:04.127,0.72414,0.72429,1.10,1.57
2015.05.26 14:15:04.667,0.72414,0.72429,1.47,1.57
2015.05.26 14:15:04.819,0.72414,0.72424,1.47,1.00
2015.05.26 14:15:05.125,0.72407,0.72416,1.20,1.00
2015.05.26 14:15:05.176,0.72407,0.72419,1.50,1.10
2015.05.26 14:15:07.212,0.72408,0.72413,1.12,1.00
2015.05.26 14:15:07.263,0.72401,0.72413,1.00,2.62
2015.05.26 14:15:07.784,0.72401,0.72413,1.00,2.70
2015.05.26 14:15:08.842,0.72401,0.72414,1.50,1.95
2015.05.26 14:15:08.893,0.72406,0.72414,1.00,1.57
2015.05.26 14:15:09.096,0.72407,0.72416,1.00,1.12
2015.05.26 14:15:09.147,0.72407,0.72416,1.00,1.00
2015.05.26 14:15:09.594,0.72401,0.72413,2.62,1.20
2015.05.26 14:15:09.950,0.72398,0.72412,1.12,1.57
2015.05.26 14:15:10.153,0.72398,0.72407,1.12,1.00
2015.05.26 14:15:11.275,0.72396,0.72405,1.00,1.50
2015.05.26 14:15:11.328,0.72391,0.72404,1.37,1.27
2015.05.26 14:15:11.702,0.72389,0.72402,1.87,1.00
2015.05.26 14:15:11.905,0.72387,0.72401,1.45,1.00
2015.05.26 14:15:12.445,0.72388,0.72402,1.12,1.87
2015.05.26 14:15:12.598,0.72386,0.72399,3.00,1.00
2015.05.26 14:15:12.700,0.72386,0.72401,4.12,1.10
2015.05.26 14:15:13.524,0.72387,0.72401,2.25,1.12
2015.05.26 14:15:13.738,0.72386,0.72398,1.57,1.00
2015.05.26 14:15:14.070,0.72378,0.72389,1.87,1.00
2015.05.26 14:15:14.473,0.72377,0.72391,1.10,1.10
2015.05.26 14:15:14.558,0.72377,0.72391,1.00,1.87
2015.05.26 14:15:15.461,0.72377,0.72385,1.00,1.00
2015.05.26 14:15:15.512,0.72373,0.72385,1.10,1.50
2015.05.26 14:15:15.614,0.7237,0.72383,1.00,1.50
2015.05.26 14:15:15.716,0.7237,0.7238,1.00,1.00
2015.05.26 14:15:16.418,0.72371,0.72383,1.00,1.87
2015.05.26 14:15:16.469,0.72367,0.72382,1.87,1.47
2015.05.26 14:15:17.529,0.72377,0.72385,1.00,1.50
2015.05.26 14:15:17.823,0.72379,0.7239,1.00,1.12
2015.05.26 14:15:17.874,0.72379,0.72392,1.00,1.75
2015.05.26 14:15:18.229,0.72379,0.7239,1.00,1.12
2015.05.26 14:15:18.330,0.72377,0.7239,1.00,1.12
2015.05.26 14:15:18.776,0.72376,0.72382,1.00,1.00
2015.05.26 14:15:18.878,0.72369,0.72382,1.57,1.50
2015.05.26 14:15:19.030,0.72368,0.7238,1.12,1.12
2015.05.26 14:15:19.081,0.72365,0.7238,3.00,1.50
2015.05.26 14:15:19.892,0.72367,0.7238,1.00,1.75
2015.05.26 14:15:19.945,0.72365,0.72376,1.00,1.20
2015.05.26 14:15:20.654,0.72364,0.72378,1.12,1.12
2015.05.26 14:15:21.017,0.72374,0.72381,1.00,1.12
2015.05.26 14:15:21.068,0.72374,0.72385,1.00,1.20
2015.05.26 14:15:21.169,0.72376,0.72387,1.00,1.50
2015.05.26 14:15:21.524,0.72373,0.72387,1.50,2.25
2015.05.26 14:15:21.575,0.72373,0.72385,1.50,1.12
2015.05.26 14:15:21.778,0.72371,0.72385,1.00,1.75
2015.05.26 14:15:22.581,0.72371,0.72384,1.00,1.12
2015.05.26 14:15:22.803,0.72369,0.72384,1.50,1.87
2015.05.26 14:15:23.845,0.72368,0.72383,1.12,1.75
2015.05.26 14:15:24.203,0.72367,0.72377,1.00,1.00
2015.05.26 14:15:24.254,0.72365,0.72376,1.50,1.00
2015.05.26 14:15:24.357,0.72361,0.72376,1.12,1.95
2015.05.26 14:15:25.002,0.72364,0.72375,1.00,1.20
2015.05.26 14:15:25.207,0.72366,0.72379,1.00,1.07
2015.05.26 14:15:25.515,0.72366,0.72379,1.00,1.75
2015.05.26 14:15:26.056,0.72363,0.72374,1.00,1.00
2015.05.26 14:15:26.568,0.72364,0.72376,1.50,1.12
2015.05.26 14:15:27.685,0.72363,0.72372,1.00,1.00
2015.05.26 14:15:27.892,0.7236,0.72372,1.00,1.00
2015.05.26 14:15:28.403,0.72358,0.72372,1.50,1.00
2015.05.26 14:15:28.928,0.7236,0.72373,1.00,1.57
2015.05.26 14:15:29.232,0.72362,0.72375,1.00,1.20
2015.05.26 14:15:29.697,0.72365,0.72375,1.00,1.00
2015.05.26 14:15:29.749,0.72365,0.7238,1.50,1.12
2015.05.26 14:15:30.003,0.72365,0.72377,1.00,1.87
2015.05.26 14:15:30.206,0.7236,0.72373,1.37,1.00
2015.05.26 14:15:30.359,0.72358,0.72372,1.00,1.10
2015.05.26 14:15:30.846,0.7236,0.72373,1.00,1.87
2015.05.26 14:15:31.664,0.7236,0.72375,1.00,4.12
2015.05.26 14:15:32.086,0.72362,0.72373,1.00,1.00
2015.05.26 14:15:32.595,0.72361,0.7237,1.12,1.00
2015.05.26 14:15:33.618,0.72358,0.7237,1.95,1.37
2015.05.26 14:15:34.126,0.72361,0.7237,1.50,1.37
2015.05.26 14:15:35.070,0.72361,0.72374,1.87,1.75
2015.05.26 14:15:35.376,0.72361,0.72373,1.12,1.00
2015.05.26 14:15:35.784,0.72365,0.72375,1.00,1.00
2015.05.26 14:15:35.887,0.72369,0.7238,1.00,1.00
2015.05.26 14:15:36.400,0.72368,0.72382,1.50,2.32
2015.05.26 14:15:36.451,0.7237,0.72382,1.00,2.32
2015.05.26 14:15:37.044,0.72369,0.72382,1.00,3.07
2015.05.26 14:15:37.250,0.72366,0.72381,1.37,1.10
2015.05.26 14:15:37.353,0.72365,0.7238,2.25,1.00
2015.05.26 14:15:37.404,0.72365,0.72375,1.12,1.00
2015.05.26 14:15:37.456,0.72363,0.72374,1.87,1.00
2015.05.26 14:15:38.077,0.72363,0.72378,1.50,1.50
2015.05.26 14:15:38.129,0.72367,0.72379,1.00,1.10
2015.05.26 14:15:38.639,0.72368,0.72381,1.00,1.20
2015.05.26 14:15:39.283,0.72367,0.7238,1.00,1.57
2015.05.26 14:15:39.804,0.72367,0.72379,1.00,1.20
2015.05.26 14:15:39.906,0.72364,0.72377,1.12,1.00
2015.05.26 14:15:40.605,0.72362,0.72377,1.37,1.00
2015.05.26 14:15:40.656,0.72362,0.72375,1.37,1.00
2015.05.26 14:15:40.911,0.7236,0.72373,1.12,1.50
2015.05.26 14:15:41.871,0.72361,0.72373,1.00,1.00
2015.05.26 14:15:41.922,0.72364,0.72378,1.00,1.50
2015.05.26 14:15:42.436,0.72363,0.72378,2.25,1.50
2015.05.26 14:15:43.430,0.72363,0.72374,1.00,1.00
2015.05.26 14:15:43.734,0.72359,0.72372,1.50,1.00
2015.05.26 14:15:43.836,0.72358,0.72372,2.40,1.00
2015.05.26 14:15:44.789,0.72357,0.72369,2.25,1.00
2015.05.26 14:15:45.312,0.72357,0.72368,1.00,1.00
2015.05.26 14:15:45.616,0.72356,0.72365,1.12,1.00
2015.05.26 14:15:46.370,0.72358,0.72365,1.00,1.00
2015.05.26 14:15:47.171,0.72357,0.72365,1.00,1.00
2015.05.26 14:15:47.229,0.72359,0.72368,1.00,1.00
2015.05.26 14:15:47.737,0.72359,0.72369,1.00,1.00
2015.05.26 14:15:49.558,0.72358,0.72369,1.12,1.00
2015.05.26 14:15:51.063,0.72357,0.72368,1.12,1.00
2015.05.26 14:15:51.216,0.72355,0.72366,1.12,1.00
2015.05.26 14:15:51.370,0.7235,0.72362,1.00,1.00
2015.05.26 14:15:52.056,0.72349,0.72362,1.87,1.00
2015.05.26 14:15:52.108,0.72351,0.72362,1.12,1.00
2015.05.26 14:15:52.362,0.72356,0.7237,1.50,1.10
2015.05.26 14:15:52.616,0.72357,0.72372,1.50,2.70
2015.05.26 14:15:53.153,0.7236,0.72372,1.00,1.10
2015.05.26 14:15:53.962,0.72359,0.72372,1.50,1.57
2015.05.26 14:15:54.905,0.72358,0.72367,1.12,1.00
2015.05.26 14:15:56.120,0.72357,0.72365,1.37,1.00
2015.05.26 14:15:56.274,0.72357,0.72367,1.00,1.00
2015.05.26 14:15:56.781,0.72358,0.72367,1.12,1.00
2015.05.26 14:15:57.035,0.72355,0.72367,1.50,2.25
2015.05.26 14:15:57.582,0.72355,0.72366,1.00,1.12
2015.05.26 14:15:57.938,0.72357,0.72368,1.12,1.37
2015.05.26 14:15:58.348,0.72357,0.72369,1.87,1.37
2015.05.26 14:15:58.451,0.72357,0.72369,1.50,1.37
2015.05.26 14:15:58.902,0.72358,0.72368,1.37,1.37
2015.05.26 14:15:59.309,0.72362,0.7237,1.00,1.37
2015.05.26 14:16:00.047,0.72357,0.72371,2.32,1.37
2015.05.26 14:16:00.100,0.72357,0.72371,2.32,1.37
2015.05.26 14:16:00.642,0.7236,0.72371,1.12,1.37
2015.05.26 14:16:01.308,0.72362,0.72373,1.37,1.00
2015.05.26 14:16:01.359,0.72363,0.72376,1.75,1.00
2015.05.26 14:16:01.513,0.72367,0.7238,1.37,1.10
2015.05.26 14:16:01.615,0.7237,0.72382,1.12,1.65
2015.05.26 14:16:02.450,0.72369,0.72381,1.10,1.00
2015.05.26 14:16:02.958,0.72368,0.72381,2.25,1.00
2015.05.26 14:16:03.009,0.72371,0.72381,1.00,1.00
2015.05.26 14:16:03.161,0.72372,0.72383,1.00,1.50
2015.05.26 14:16:03.414,0.7237,0.72383,2.25,1.00
2015.05.26 14:16:03.940,0.72369,0.72382,1.10,1.00
2015.05.26 14:16:03.991,0.72369,0.72379,1.10,1.00
2015.05.26 14:16:04.601,0.72369,0.72381,1.00,1.50
2015.05.26 14:16:07.277,0.72369,0.7238,1.00,1.00
2015.05.26 14:16:08.396,0.72371,0.72381,1.00,1.50
2015.05.26 14:16:08.600,0.72369,0.72381,1.12,1.50
2015.05.26 14:16:09.420,0.72376,0.72381,1.00,1.00
2015.05.26 14:16:09.473,0.72376,0.7239,1.00,3.82
2015.05.26 14:16:09.982,0.72377,0.72388,1.00,1.00
2015.05.26 14:16:10.134,0.72377,0.72386,1.00,1.00
2015.05.26 14:16:10.782,0.72376,0.72386,1.00,1.50
2015.05.26 14:16:11.108,0.72374,0.72386,1.50,1.00
2015.05.26 14:16:12.546,0.72376,0.72386,1.00,1.12
2015.05.26 14:16:12.762,0.72374,0.72386,1.87,1.12
2015.05.26 14:16:12.814,0.72374,0.72381,1.00,1.00
2015.05.26 14:16:12.968,0.72369,0.72379,1.00,1.00
2015.05.26 14:16:13.517,0.72369,0.7238,1.00,1.00
2015.05.26 14:16:13.770,0.72371,0.72381,1.00,1.00
2015.05.26 14:16:13.821,0.72371,0.72383,1.00,1.00
2015.05.26 14:16:13.872,0.72373,0.72383,1.00,1.00
2015.05.26 14:16:14.714,0.72372,0.72384,1.00,1.57
2015.05.26 14:16:15.648,0.72371,0.72382,1.50,1.00
2015.05.26 14:16:16.478,0.72373,0.72382,1.00,1.00
2015.05.26 14:16:16.529,0.72374,0.72384,1.00,1.00
2015.05.26 14:16:17.039,0.72375,0.72385,1.00,1.50
2015.05.26 14:16:17.694,0.72374,0.72385,1.00,1.50
2015.05.26 14:16:18.150,0.72376,0.72388,1.87,1.47
2015.05.26 14:16:18.353,0.7238,0.72391,1.00,1.10
2015.05.26 14:16:19.422,0.7238,0.72392,1.00,1.10
2015.05.26 14:16:19.676,0.72381,0.72395,1.50,2.62
2015.05.26 14:16:20.268,0.72383,0.72396,1.00,1.00
2015.05.26 14:16:20.861,0.72382,0.72396,1.57,1.00
2015.05.26 14:16:22.120,0.72381,0.72397,2.25,1.20
2015.05.26 14:16:22.667,0.72382,0.72396,1.00,1.10
2015.05.26 14:16:23.623,0.72382,0.72395,1.00,1.00
2015.05.26 14:16:24.125,0.72381,0.72395,1.12,1.00
2015.05.26 14:16:26.036,0.72381,0.72396,1.00,2.32
2015.05.26 14:16:26.343,0.72384,0.72392,1.00,1.00
2015.05.26 14:16:27.592,0.72383,0.72392,1.50,1.00
2015.05.26 14:16:28.048,0.72385,0.72392,1.00,1.00
2015.05.26 14:16:28.353,0.7239,0.72395,1.00,1.00
2015.05.26 14:16:28.768,0.72391,0.72401,1.00,2.25
2015.05.26 14:16:28.820,0.72391,0.72399,1.00,1.00
2015.05.26 14:16:28.922,0.72388,0.72399,2.40,1.00
2015.05.26 14:16:29.430,0.72388,0.72398,1.50,1.00
2015.05.26 14:16:29.634,0.72387,0.72398,1.20,1.00
2015.05.26 14:16:30.456,0.72387,0.72395,1.00,1.00
2015.05.26 14:16:30.559,0.72385,0.72395,1.00,1.50
2015.05.26 14:16:30.714,0.72383,0.72394,1.00,1.00
2015.05.26 14:16:31.317,0.72383,0.72392,1.12,1.00
2015.05.26 14:16:31.825,0.72382,0.72392,1.00,1.00
2015.05.26 14:16:32.398,0.7238,0.72392,1.47,1.50
2015.05.26 14:16:32.907,0.72381,0.72393,2.25,1.00
2015.05.26 14:16:33.233,0.72384,0.72396,1.00,1.50
2015.05.26 14:16:33.773,0.72383,0.72396,1.12,2.25
2015.05.26 14:16:33.824,0.72383,0.72393,1.12,1.00
2015.05.26 14:16:34.331,0.72382,0.72392,1.50,1.00
2015.05.26 14:16:34.938,0.72381,0.72392,1.00,1.00
2015.05.26 14:16:35.242,0.72378,0.72392,1.57,2.25
2015.05.26 14:16:35.293,0.72378,0.7239,1.57,1.00
2015.05.26 14:16:35.945,0.72379,0.7239,1.57,1.00
2015.05.26 14:16:35.996,0.72383,0.72395,1.50,1.00
2015.05.26 14:16:36.250,0.72384,0.72397,1.50,2.32
2015.05.26 14:16:36.605,0.72384,0.72395,1.00,1.00
2015.05.26 14:16:37.513,0.72383,0.72395,1.00,1.50
2015.05.26 14:16:37.837,0.72381,0.72393,1.37,1.50
2015.05.26 14:16:38.624,0.7238,0.72393,1.00,2.25
2015.05.26 14:16:38.676,0.72379,0.72391,1.20,1.50
2015.05.26 14:16:39.183,0.72379,0.7239,1.10,1.00
2015.05.26 14:16:39.728,0.72379,0.72386,1.00,1.50
2015.05.26 14:16:39.779,0.72375,0.72386,1.50,1.50
2015.05.26 14:16:40.402,0.72374,0.72386,1.12,1.50
2015.05.26 14:16:42.245,0.7237,0.72382,1.20,1.00
2015.05.26 14:16:42.755,0.7237,0.72381,1.00,1.00
2015.05.26 14:16:43.685,0.72366,0.72378,2.62,1.50
2015.05.26 14:16:43.837,0.72366,0.72378,1.50,1.50
2015.05.26 14:16:44.091,0.72365,0.72375,1.00,1.50
2015.05.26 14:16:44.243,0.72362,0.72375,1.10,1.50
2015.05.26 14:16:44.600,0.72367,0.72375,1.00,1.50
2015.05.26 14:16:44.652,0.72368,0.72382,1.00,2.25
2015.05.26 14:16:44.753,0.72368,0.72382,1.00,2.25
2015.05.26 14:16:45.124,0.7237,0.72382,1.00,1.00
2015.05.26 14:16:47.887,0.72368,0.72382,2.70,1.50
2015.05.26 14:16:48.940,0.72368,0.72381,1.95,1.00
2015.05.26 14:16:49.703,0.72368,0.7238,1.87,1.00
2015.05.26 14:16:50.277,0.7237,0.72382,1.00,1.50
2015.05.26 14:16:50.748,0.72367,0.72381,1.95,1.00
2015.05.26 14:16:50.799,0.72366,0.72379,1.20,1.00
2015.05.26 14:16:51.288,0.72362,0.72372,1.50,1.00
2015.05.26 14:16:51.394,0.72358,0.7237,1.87,1.00
2015.05.26 14:16:51.702,0.7236,0.72372,1.00,1.00
2015.05.26 14:16:52.298,0.7236,0.72374,1.87,2.70
2015.05.26 14:16:53.224,0.72364,0.72377,1.00,3.00
2015.05.26 14:16:53.769,0.72365,0.72377,1.00,1.20
2015.05.26 14:16:56.262,0.7237,0.72378,1.00,1.50
2015.05.26 14:16:56.314,0.7237,0.72382,1.00,1.00
2015.05.26 14:16:57.899,0.7237,0.72378,1.00,1.00
2015.05.26 14:16:57.950,0.72369,0.7238,1.00,1.57
2015.05.26 14:16:58.052,0.72369,0.7238,1.00,1.47
2015.05.26 14:16:58.103,0.72366,0.7238,1.12,1.57
2015.05.26 14:16:58.205,0.72364,0.72378,1.12,1.10
2015.05.26 14:16:58.308,0.72366,0.72378,1.00,1.50
2015.05.26 14:16:59.125,0.72365,0.72378,1.00,1.95
2015.05.26 14:16:59.279,0.72366,0.7238,1.00,1.57
2015.05.26 14:16:59.635,0.72369,0.72381,1.00,2.70
2015.05.26 14:16:59.852,0.72366,0.7238,2.62,1.00
2015.05.26 14:17:00.488,0.72366,0.7238,2.62,1.12
2015.05.26 14:17:01.119,0.72366,0.7238,2.62,1.00
2015.05.26 14:17:01.424,0.72368,0.72382,1.00,3.00
2015.05.26 14:17:01.864,0.72368,0.72382,2.70,1.12
2015.05.26 14:17:02.376,0.7237,0.72382,1.12,1.00
2015.05.26 14:17:02.944,0.72368,0.72382,2.70,1.00
2015.05.26 14:17:02.995,0.72368,0.7238,1.95,1.00
2015.05.26 14:17:03.553,0.72365,0.72378,1.00,1.50
2015.05.26 14:17:04.059,0.72365,0.72378,1.00,1.95
2015.05.26 14:17:04.162,0.72367,0.72378,1.00,1.20
2015.05.26 14:17:04.651,0.72369,0.72382,1.50,1.12
2015.05.26 14:17:05.163,0.72367,0.7238,1.37,1.00
2015.05.26 14:17:05.428,0.72366,0.7238,2.25,1.00
2015.05.26 14:17:05.947,0.72366,0.7238,1.87,1.00
2015.05.26 14:17:06.483,0.72366,0.7238,1.87,1.10
2015.05.26 14:17:06.584,0.72366,0.72378,1.00,1.00
2015.05.26 14:17:07.590,0.72366,0.72376,1.00,1.50
2015.05.26 14:17:07.658,0.72364,0.72376,1.00,3.00
2015.05.26 14:17:08.013,0.72362,0.72372,1.00,1.12
2015.05.26 14:17:08.318,0.72359,0.7237,1.50,1.00
2015.05.26 14:17:08.710,0.72357,0.7237,1.00,1.10
2015.05.26 14:17:08.863,0.72355,0.72368,2.25,1.00
2015.05.26 14:17:09.320,0.72353,0.72367,1.87,1.50
2015.05.26 14:17:09.423,0.72353,0.72365,1.12,1.00
2015.05.26 14:17:09.924,0.72354,0.72365,1.00,1.10
2015.05.26 14:17:10.474,0.72355,0.72365,1.00,1.10
2015.05.26 14:17:11.229,0.72357,0.72369,3.37,1.00
2015.05.26 14:17:11.281,0.72359,0.72371,1.12,1.50
2015.05.26 14:17:11.637,0.72361,0.72373,1.00,1.87
2015.05.26 14:17:12.392,0.72358,0.72372,1.12,1.50
2015.05.26 14:17:12.924,0.72358,0.7237,1.12,1.00
2015.05.26 14:17:13.159,0.72356,0.7237,3.15,2.25
2015.05.26 14:17:14.388,0.72356,0.72369,1.50,1.00
2015.05.26 14:17:14.920,0.72356,0.72368,1.00,1.00
2015.05.26 14:17:15.446,0.72355,0.72368,1.27,1.00
2015.05.26 14:17:16.193,0.72354,0.72362,2.25,1.00
2015.05.26 14:17:16.294,0.72349,0.72361,1.57,1.00
2015.05.26 14:17:16.447,0.72349,0.72359,1.07,1.00
2015.05.26 14:17:16.599,0.72346,0.72357,1.57,1.00
2015.05.26 14:17:16.701,0.72345,0.72357,1.20,1.00
2015.05.26 14:17:17.629,0.72344,0.72356,1.12,1.00
2015.05.26 14:17:18.155,0.72344,0.72355,1.00,1.00
2015.05.26 14:17:18.698,0.72343,0.72355,1.00,1.00
2015.05.26 14:17:18.908,0.72341,0.72354,1.57,1.50
2015.05.26 14:17:20.986,0.7234,0.72353,2.32,1.00
2015.05.26 14:17:21.470,0.72344,0.72354,2.32,1.00
2015.05.26 14:17:21.523,0.72347,0.72361,1.37,2.25
2015.05.26 14:17:21.929,0.72346,0.7236,2.77,1.00
2015.05.26 14:17:22.031,0.72347,0.72361,1.50,1.00
2015.05.26 14:17:22.702,0.72347,0.7236,1.00,1.20
2015.05.26 14:17:23.245,0.72346,0.72361,1.12,3.00
2015.05.26 14:17:23.766,0.72347,0.72361,1.37,1.57
2015.05.26 14:17:24.162,0.7235,0.72361,1.12,1.00
2015.05.26 14:17:24.217,0.7235,0.72364,1.57,1.12
2015.05.26 14:17:24.471,0.72352,0.72366,1.47,1.87
2015.05.26 14:17:24.724,0.72356,0.72369,1.95,1.12
2015.05.26 14:17:25.380,0.72356,0.72368,1.95,1.00
2015.05.26 14:17:26.684,0.72357,0.72368,1.12,1.00
2015.05.26 14:17:29.701,0.72356,0.72368,1.95,1.00
2015.05.26 14:17:30.245,0.72357,0.72368,1.00,1.00
2015.05.26 14:17:31.689,0.72357,0.72369,1.00,1.00
2015.05.26 14:17:31.942,0.72357,0.72372,1.87,2.32
2015.05.26 14:17:32.145,0.7236,0.72374,1.12,1.50
2015.05.26 14:17:32.562,0.72366,0.72374,1.12,1.00
2015.05.26 14:17:32.613,0.72366,0.7238,1.20,2.70
2015.05.26 14:17:34.562,0.72368,0.7238,1.00,2.62
2015.05.26 14:17:34.613,0.72369,0.72382,1.00,1.87
2015.05.26 14:17:35.003,0.72375,0.72385,1.12,2.62
2015.05.26 14:17:35.054,0.72375,0.72387,1.12,1.00
2015.05.26 14:17:35.106,0.72375,0.72389,1.20,1.12
2015.05.26 14:17:36.271,0.72375,0.72387,1.07,1.00
2015.05.26 14:17:36.728,0.72374,0.72387,1.95,1.00
2015.05.26 14:17:37.379,0.72374,0.72387,2.32,1.00
2015.05.26 14:17:37.786,0.72374,0.72385,1.00,1.00
2015.05.26 14:17:38.039,0.7237,0.72383,1.07,1.50
2015.05.26 14:17:38.191,0.7237,0.72385,1.95,3.37
2015.05.26 14:17:38.293,0.7237,0.72377,2.70,1.00
2015.05.26 14:17:39.171,0.72373,0.72377,1.00,1.00
2015.05.26 14:17:39.375,0.72374,0.72379,1.00,1.00
2015.05.26 14:17:39.476,0.72375,0.72381,1.50,1.00
2015.05.26 14:17:39.680,0.72375,0.7238,2.25,1.00
2015.05.26 14:17:40.231,0.72375,0.72379,1.00,1.00
2015.05.26 14:17:40.738,0.72376,0.7238,1.12,1.00
2015.05.26 14:17:43.082,0.72375,0.72379,1.12,1.00
2015.05.26 14:17:43.488,0.72373,0.72377,1.95,1.00
2015.05.26 14:17:44.056,0.7237,0.72375,1.87,1.00
2015.05.26 14:17:44.569,0.7237,0.72377,3.37,1.00
2015.05.26 14:17:44.769,0.7237,0.72377,3.37,1.00
2015.05.26 14:17:45.421,0.72374,0.72378,1.00,1.00
2015.05.26 14:17:45.929,0.72375,0.72379,1.00,1.00
2015.05.26 14:17:47.624,0.72375,0.72379,1.00,1.00
2015.05.26 14:17:48.522,0.72375,0.72379,1.00,1.00
2015.05.26 14:17:48.623,0.72373,0.72377,1.20,1.00
2015.05.26 14:17:48.725,0.72371,0.72376,1.20,1.00
2015.05.26 14:17:49.698,0.72367,0.72372,1.87,1.00
2015.05.26 14:17:49.759,0.72366,0.72371,1.47,1.00
2015.05.26 14:17:50.115,0.72363,0.72371,1.50,1.00
2015.05.26 14:17:50.870,0.72365,0.72373,1.50,1.00
2015.05.26 14:17:51.380,0.72365,0.72373,2.25,1.00
2015.05.26 14:17:52.193,0.72365,0.72373,1.12,1.00
2015.05.26 14:17:52.751,0.72364,0.72373,1.50,1.00
2015.05.26 14:17:54.757,0.72362,0.72369,1.00,1.00
2015.05.26 14:17:55.448,0.72359,0.72369,2.62,1.00
2015.05.26 14:17:56.173,0.72358,0.72369,1.95,1.00
2015.05.26 14:17:56.685,0.72358,0.72369,2.62,1.00
2015.05.26 14:17:57.452,0.7236,0.72373,1.12,1.00
2015.05.26 14:17:57.657,0.72361,0.72373,1.37,1.00
2015.05.26 14:17:57.810,0.72362,0.72375,1.12,1.87
2015.05.26 14:17:58.718,0.72366,0.72375,1.37,1.50
2015.05.26 14:17:58.769,0.72368,0.7238,1.00,1.57
2015.05.26 14:17:59.023,0.72369,0.7238,1.50,1.12
2015.05.26 14:18:00.411,0.72369,0.72382,1.57,1.00
2015.05.26 14:18:00.666,0.7237,0.72382,1.50,1.00
2015.05.26 14:18:00.971,0.7237,0.7238,1.57,1.00
2015.05.26 14:18:01.725,0.72369,0.72378,3.37,1.00
2015.05.26 14:18:01.878,0.72369,0.72378,1.57,1.00
2015.05.26 14:18:02.390,0.72369,0.72378,1.12,1.00
2015.05.26 14:18:03.036,0.72368,0.72374,1.47,1.00
2015.05.26 14:18:04.330,0.72368,0.72377,1.37,1.00
2015.05.26 14:18:05.001,0.72368,0.72377,1.00,1.00
2015.05.26 14:18:05.052,0.72368,0.72375,1.00,1.00
2015.05.26 14:18:05.892,0.72367,0.72375,1.00,1.00
2015.05.26 14:18:05.943,0.72367,0.72377,1.50,1.50
2015.05.26 14:18:06.045,0.72367,0.72379,1.50,1.50
2015.05.26 14:18:10.008,0.72368,0.7238,1.87,1.00
2015.05.26 14:18:11.911,0.72367,0.72378,1.57,1.00
2015.05.26 14:18:12.174,0.72367,0.72377,1.57,1.00
2015.05.26 14:18:12.631,0.72366,0.7237,2.32,1.00
2015.05.26 14:18:13.041,0.72361,0.7237,3.00,2.25
2015.05.26 14:18:13.092,0.72358,0.7237,1.10,2.25
2015.05.26 14:18:13.447,0.72357,0.72368,1.12,1.00
2015.05.26 14:18:14.315,0.72357,0.72368,1.37,1.00
2015.05.26 14:18:14.569,0.72358,0.7237,1.95,1.00
2015.05.26 14:18:14.976,0.72359,0.7237,1.12,1.00
2015.05.26 14:18:15.432,0.72359,0.72372,1.20,1.87
2015.05.26 14:18:15.492,0.72364,0.72376,2.62,1.00
2015.05.26 14:18:16.001,0.72364,0.72376,1.50,1.00
2015.05.26 14:18:16.745,0.72365,0.72376,1.12,1.00
2015.05.26 14:18:17.520,0.72366,0.72376,1.12,1.00
2015.05.26 14:18:18.332,0.72365,0.72375,1.00,2.25
2015.05.26 14:18:18.640,0.72361,0.72373,1.57,1.50
2015.05.26 14:18:18.691,0.72361,0.72369,1.20,1.00
2015.05.26 14:18:18.844,0.72359,0.72368,1.20,1.00
2015.05.26 14:18:19.451,0.72355,0.72365,2.02,1.00
2015.05.26 14:18:20.163,0.72353,0.7236,1.50,1.00
2015.05.26 14:18:20.366,0.72349,0.7236,1.95,1.00
2015.05.26 14:18:20.417,0.72349,0.7236,1.47,1.00
2015.05.26 14:18:21.233,0.72349,0.72361,1.47,2.25
2015.05.26 14:18:21.487,0.7235,0.72364,1.87,1.50
2015.05.26 14:18:22.500,0.72356,0.72367,1.50,2.62
2015.05.26 14:18:22.552,0.72358,0.72371,1.47,1.00
2015.05.26 14:18:23.062,0.72359,0.72372,1.12,2.25
2015.05.26 14:18:23.561,0.72358,0.72368,1.57,1.00
2015.05.26 14:18:23.723,0.72356,0.72367,1.10,1.00
2015.05.26 14:18:24.331,0.72356,0.72368,1.00,1.50
2015.05.26 14:18:24.780,0.72358,0.72369,1.57,1.00
2015.05.26 14:18:24.831,0.72358,0.72372,1.95,1.00
2015.05.26 14:18:24.933,0.72358,0.7237,1.57,1.00
2015.05.26 14:18:25.442,0.72358,0.7237,1.12,1.00
2015.05.26 14:18:26.057,0.72358,0.72369,1.00,1.00
2015.05.26 14:18:26.565,0.72358,0.7237,1.20,1.00
2015.05.26 14:18:26.870,0.72357,0.72367,1.10,1.00
2015.05.26 14:18:27.237,0.72355,0.72367,1.12,1.00
2015.05.26 14:18:28.176,0.72359,0.72367,1.00,1.00
2015.05.26 14:18:28.228,0.72359,0.72369,1.00,1.00
2015.05.26 14:18:28.678,0.72357,0.72369,1.00,1.00
2015.05.26 14:18:28.780,0.7236,0.72369,1.00,1.00
2015.05.26 14:18:29.086,0.72364,0.72373,1.00,1.00
2015.05.26 14:18:29.394,0.72362,0.72374,1.10,1.12
2015.05.26 14:18:30.147,0.72361,0.72372,1.20,1.00
2015.05.26 14:18:30.654,0.72359,0.72372,1.20,1.00
2015.05.26 14:18:31.189,0.72358,0.72372,2.70,2.25
2015.05.26 14:18:31.552,0.72358,0.72369,1.95,1.00
2015.05.26 14:18:31.704,0.72356,0.72369,1.57,2.25
2015.05.26 14:18:32.809,0.72353,0.72362,1.47,1.00
2015.05.26 14:18:32.861,0.72349,0.72361,1.07,1.50
2015.05.26 14:18:33.369,0.72348,0.72361,3.07,1.50
2015.05.26 14:18:33.993,0.72348,0.72361,2.32,1.50
2015.05.26 14:18:35.451,0.72348,0.72361,1.95,1.00
2015.05.26 14:18:35.958,0.72349,0.72362,1.47,1.50
2015.05.26 14:18:36.313,0.72351,0.72364,1.12,1.00
2015.05.26 14:18:37.035,0.72351,0.72364,1.50,1.00
2015.05.26 14:18:37.570,0.72353,0.72365,1.00,2.62
2015.05.26 14:18:37.673,0.72356,0.72367,1.00,2.32
2015.05.26 14:18:38.029,0.72356,0.72367,1.95,1.00
2015.05.26 14:18:38.081,0.72359,0.72371,1.00,1.00
2015.05.26 14:18:38.341,0.7236,0.72373,1.57,1.50
2015.05.26 14:18:39.544,0.72359,0.72371,2.32,1.00
2015.05.26 14:18:40.052,0.72359,0.7237,1.87,1.00
2015.05.26 14:18:40.602,0.72359,0.72371,1.87,1.00
2015.05.26 14:18:44.015,0.72359,0.72373,2.32,1.87
2015.05.26 14:18:44.522,0.72359,0.72372,1.07,1.00
2015.05.26 14:18:45.341,0.72358,0.72371,2.32,1.00
2015.05.26 14:18:47.287,0.72358,0.72372,2.32,1.00
2015.05.26 14:18:47.814,0.72359,0.72373,3.82,1.00
2015.05.26 14:18:51.230,0.72368,0.72376,1.00,1.47
2015.05.26 14:18:51.433,0.72373,0.72385,2.25,1.00
2015.05.26 14:18:51.923,0.72372,0.72384,1.12,2.25
2015.05.26 14:18:51.974,0.72375,0.72385,1.00,1.50
2015.05.26 14:18:52.075,0.72376,0.72388,1.00,1.50
2015.05.26 14:18:52.177,0.72376,0.7239,1.00,2.32
2015.05.26 14:18:52.684,0.72376,0.7239,1.50,1.50
2015.05.26 14:18:53.180,0.72371,0.72383,1.47,1.00
2015.05.26 14:18:53.232,0.72371,0.72383,1.10,1.50
2015.05.26 14:18:55.145,0.72371,0.72384,1.10,1.12
2015.05.26 14:18:55.754,0.72372,0.72384,1.00,1.00
2015.05.26 14:18:55.856,0.72375,0.72386,1.50,2.62
2015.05.26 14:18:56.644,0.72374,0.7239,1.10,3.07
2015.05.26 14:18:56.899,0.72374,0.7239,1.10,2.70
2015.05.26 14:18:57.622,0.72376,0.7239,1.00,2.32
2015.05.26 14:18:58.157,0.72376,0.7239,1.00,1.20
2015.05.26 14:18:58.461,0.7238,0.72392,1.00,1.95
2015.05.26 14:18:59.016,0.7238,0.72393,1.00,2.32
2015.05.26 14:19:03.032,0.7238,0.72393,1.12,1.37
2015.05.26 14:19:05.556,0.7238,0.72393,1.00,1.12
2015.05.26 14:19:06.758,0.7238,0.72393,1.10,2.62
2015.05.26 14:19:07.265,0.72379,0.72393,1.45,3.37
2015.05.26 14:19:07.570,0.72379,0.72389,2.70,1.00
2015.05.26 14:19:07.919,0.72379,0.72391,2.70,1.00
2015.05.26 14:19:08.756,0.72379,0.72393,2.25,1.87
2015.05.26 14:19:09.691,0.72379,0.72393,2.25,1.12
2015.05.26 14:19:10.595,0.72379,0.72393,1.57,1.12
2015.05.26 14:19:12.542,0.72381,0.72396,1.00,2.32
2015.05.26 14:19:13.355,0.72388,0.72401,1.37,1.75
2015.05.26 14:19:13.407,0.72389,0.72403,1.12,3.37
2015.05.26 14:19:13.864,0.72389,0.72403,1.50,4.12
2015.05.26 14:19:14.117,0.72389,0.72402,1.12,1.00
2015.05.26 14:19:14.632,0.72387,0.724,2.32,1.00
2015.05.26 14:19:15.161,0.72387,0.724,1.00,1.00
2015.05.26 14:19:16.844,0.72387,0.72399,1.00,1.50
2015.05.26 14:19:17.525,0.72388,0.724,1.00,1.00
2015.05.26 14:19:18.039,0.72389,0.724,1.00,1.00
2015.05.26 14:19:18.837,0.72392,0.72402,1.00,1.00
2015.05.26 14:19:18.990,0.7239,0.72402,1.00,1.50
2015.05.26 14:19:19.395,0.72388,0.72401,1.47,1.37
2015.05.26 14:19:20.806,0.72388,0.72401,1.10,2.62
2015.05.26 14:19:21.356,0.72387,0.72401,1.50,1.87
2015.05.26 14:19:21.660,0.72387,0.72401,1.47,3.00
2015.05.26 14:19:23.816,0.72393,0.72401,1.00,1.50
2015.05.26 14:19:24.400,0.72396,0.72401,1.00,1.12
2015.05.26 14:19:25.649,0.724,0.72405,1.00,1.87
2015.05.26 14:19:25.700,0.72398,0.72405,1.00,1.37
2015.05.26 14:19:25.904,0.724,0.72405,1.00,1.00
2015.05.26 14:19:25.955,0.724,0.72408,1.00,1.00
2015.05.26 14:19:26.057,0.724,0.72412,1.00,7.20
2015.05.26 14:19:26.412,0.72402,0.72412,1.00,1.50
2015.05.26 14:19:27.614,0.724,0.72412,1.00,1.00
2015.05.26 14:19:27.970,0.72397,0.7241,1.87,1.00
2015.05.26 14:19:28.277,0.72396,0.72408,1.57,1.00
2015.05.26 14:19:29.362,0.72395,0.7241,1.47,2.62
2015.05.26 14:19:30.140,0.72395,0.7241,2.32,1.50
2015.05.26 14:19:30.675,0.72396,0.7241,1.50,1.50
2015.05.26 14:19:31.464,0.72397,0.72411,2.25,1.12
2015.05.26 14:19:31.515,0.72397,0.72411,2.62,1.00
2015.05.26 14:19:31.872,0.72396,0.72403,1.65,1.00
2015.05.26 14:19:31.973,0.72395,0.72405,1.12,1.50
2015.05.26 14:19:32.176,0.72399,0.72407,1.00,1.00
2015.05.26 14:19:32.228,0.72399,0.7241,1.00,2.62
2015.05.26 14:19:32.380,0.724,0.72411,1.00,1.57
2015.05.26 14:19:33.719,0.724,0.72412,1.12,1.12
2015.05.26 14:19:34.882,0.72396,0.72412,3.07,1.87
2015.05.26 14:19:35.726,0.72397,0.72412,2.25,1.37
2015.05.26 14:19:36.287,0.72399,0.72412,1.50,1.00
2015.05.26 14:19:36.942,0.72401,0.72412,1.37,1.00
2015.05.26 14:19:37.450,0.724,0.72412,1.12,2.25
2015.05.26 14:19:38.621,0.72399,0.72413,1.50,1.12
2015.05.26 14:19:41.404,0.72401,0.72413,1.45,1.37
2015.05.26 14:19:41.912,0.72401,0.72413,1.95,1.12
2015.05.26 14:19:42.790,0.724,0.72413,2.20,1.37
2015.05.26 14:19:43.298,0.72401,0.72413,2.70,1.12
2015.05.26 14:19:44.859,0.72401,0.72415,1.95,1.87
2015.05.26 14:19:45.336,0.72401,0.72412,1.07,1.00
2015.05.26 14:19:45.882,0.72398,0.72412,3.07,1.87
2015.05.26 14:19:46.509,0.72398,0.72412,3.45,1.87
2015.05.26 14:19:47.768,0.724,0.72412,1.87,1.00
2015.05.26 14:19:48.077,0.72401,0.72413,1.45,1.00
2015.05.26 14:19:48.230,0.724,0.72415,3.37,1.00
2015.05.26 14:19:48.434,0.72403,0.72415,1.37,1.00
2015.05.26 14:19:49.481,0.72404,0.72415,1.87,1.00
2015.05.26 14:19:49.847,0.72404,0.72414,1.37,1.00
2015.05.26 14:19:50.151,0.72403,0.72416,1.50,2.25
2015.05.26 14:19:50.909,0.72405,0.72418,1.37,1.00
2015.05.26 14:19:52.659,0.72404,0.72416,2.62,1.00
2015.05.26 14:19:54.929,0.72403,0.72416,2.25,1.37
2015.05.26 14:19:55.361,0.72403,0.72413,1.00,1.87
2015.05.26 14:19:55.870,0.724,0.72413,1.95,1.00
2015.05.26 14:19:55.922,0.724,0.72413,1.95,1.00
2015.05.26 14:19:56.643,0.72401,0.72416,1.57,2.62
2015.05.26 14:19:56.745,0.72401,0.72416,2.70,2.25
2015.05.26 14:19:57.099,0.72402,0.72416,2.25,1.00
2015.05.26 14:19:58.018,0.72403,0.72418,2.70,2.62
2015.05.26 14:20:00.176,0.72403,0.72416,3.07,1.00
2015.05.26 14:20:00.890,0.72403,0.72414,1.87,1.00
2015.05.26 14:20:01.822,0.72402,0.72414,1.85,1.00
2015.05.26 14:20:02.097,0.72402,0.72416,1.20,1.00
2015.05.26 14:20:02.845,0.72401,0.72409,1.50,1.00
2015.05.26 14:20:02.896,0.72397,0.72409,2.62,1.50
2015.05.26 14:20:03.353,0.72397,0.72409,2.25,1.50
2015.05.26 14:20:03.455,0.72395,0.72409,1.50,1.50
2015.05.26 14:20:03.557,0.72393,0.72407,4.95,1.00
2015.05.26 14:20:04.375,0.72397,0.72407,1.00,1.00
2015.05.26 14:20:04.477,0.72397,0.72409,1.00,1.50
2015.05.26 14:20:04.630,0.72397,0.72406,1.00,1.00
2015.05.26 14:20:05.563,0.72393,0.72406,3.00,1.00
2015.05.26 14:20:06.677,0.72393,0.72406,2.62,1.12
2015.05.26 14:20:07.870,0.72393,0.72401,2.62,1.00
2015.05.26 14:20:08.337,0.72394,0.72404,1.00,1.00
2015.05.26 14:20:08.913,0.72392,0.72404,3.00,1.37
2015.05.26 14:20:09.117,0.72395,0.72405,1.00,1.12
2015.05.26 14:20:10.029,0.72395,0.72405,1.37,1.37
2015.05.26 14:20:10.081,0.72395,0.72407,1.87,1.12
2015.05.26 14:20:12.385,0.72394,0.72407,2.25,1.37
2015.05.26 14:20:13.253,0.72394,0.72407,2.25,1.37
2015.05.26 14:20:13.779,0.72394,0.72407,1.87,1.00
2015.05.26 14:20:14.344,0.72394,0.72407,1.87,1.12
2015.05.26 14:20:14.625,0.72394,0.72405,1.37,1.00
2015.05.26 14:20:14.929,0.72392,0.72402,1.37,1.00
2015.05.26 14:20:15.270,0.7239,0.72402,1.50,1.12
2015.05.26 14:20:15.712,0.72392,0.72403,1.00,1.00
2015.05.26 14:20:16.018,0.72394,0.72404,1.00,1.00
2015.05.26 14:20:16.837,0.72394,0.72405,1.87,1.00
2015.05.26 14:20:18.569,0.72394,0.72404,1.87,1.00
2015.05.26 14:20:18.671,0.72394,0.72402,1.12,1.00
2015.05.26 14:20:18.874,0.72392,0.72402,1.00,1.00
2015.05.26 14:20:19.952,0.72392,0.72403,1.00,1.12
2015.05.26 14:20:21.684,0.72391,0.72403,1.00,1.12
2015.05.26 14:20:24.449,0.72392,0.72403,1.00,1.12
2015.05.26 14:20:25.125,0.72393,0.72403,1.00,1.12
2015.05.26 14:20:25.816,0.72393,0.72399,1.00,1.12
2015.05.26 14:20:25.867,0.7239,0.72399,2.62,1.12
2015.05.26 14:20:25.969,0.72388,0.72397,2.25,1.00
2015.05.26 14:20:26.020,0.72387,0.72399,1.37,1.12
2015.05.26 14:20:26.172,0.7239,0.72401,1.12,1.20
2015.05.26 14:20:26.905,0.72388,0.72396,1.37,1.00
2015.05.26 14:20:27.159,0.72381,0.7239,1.00,1.00
2015.05.26 14:20:27.261,0.72381,0.72387,1.00,1.00
2015.05.26 14:20:28.036,0.72377,0.72387,1.50,1.00
2015.05.26 14:20:28.139,0.72377,0.72387,1.12,1.00
2015.05.26 14:20:28.558,0.72378,0.7239,1.50,1.00
2015.05.26 14:20:28.659,0.7238,0.72392,1.00,1.10
2015.05.26 14:20:29.752,0.72385,0.72397,1.50,1.37
2015.05.26 14:20:29.804,0.72388,0.724,1.00,1.00
2015.05.26 14:20:30.314,0.72389,0.724,1.00,1.00
2015.05.26 14:20:31.600,0.72388,0.724,1.00,1.00
2015.05.26 14:20:36.325,0.72388,0.72394,1.00,1.12
2015.05.26 14:20:36.376,0.72384,0.72394,1.00,1.12
2015.05.26 14:20:36.907,0.72383,0.72394,1.00,1.50
2015.05.26 14:20:37.413,0.72382,0.72394,1.50,1.12
2015.05.26 14:20:37.825,0.72388,0.72397,1.00,1.37
2015.05.26 14:20:37.876,0.72389,0.724,1.00,1.00
2015.05.26 14:20:37.928,0.72389,0.72402,1.50,1.20
2015.05.26 14:20:44.891,0.72389,0.72402,1.50,1.47
2015.05.26 14:20:44.992,0.72387,0.724,1.87,1.00
2015.05.26 14:20:45.145,0.72388,0.72398,1.00,1.00
2015.05.26 14:20:45.603,0.72388,0.724,1.00,1.12
2015.05.26 14:20:46.183,0.72388,0.72399,1.00,1.00
2015.05.26 14:20:47.374,0.72384,0.72395,1.00,1.37
2015.05.26 14:20:47.887,0.72382,0.72395,2.62,1.50
2015.05.26 14:20:48.141,0.72387,0.72399,1.00,1.00
2015.05.26 14:20:48.394,0.72386,0.72402,1.50,2.02
2015.05.26 14:20:48.819,0.72389,0.72401,1.00,1.57
2015.05.26 14:20:49.184,0.72392,0.72402,1.00,1.87
2015.05.26 14:20:49.437,0.72393,0.72404,1.00,1.27
2015.05.26 14:20:50.477,0.72391,0.72402,1.50,1.12
2015.05.26 14:20:51.014,0.7239,0.72402,1.00,1.12
2015.05.26 14:20:52.099,0.72389,0.72402,1.50,1.87
2015.05.26 14:20:52.720,0.72389,0.72401,1.00,1.85
2015.05.26 14:20:52.822,0.72387,0.72397,1.12,1.00
2015.05.26 14:20:53.264,0.72386,0.72397,1.50,1.37
2015.05.26 14:20:53.315,0.72383,0.72396,1.87,1.50
2015.05.26 14:20:53.853,0.72383,0.72396,1.87,1.50
2015.05.26 14:20:54.620,0.72388,0.72398,1.00,1.37
2015.05.26 14:20:54.672,0.72388,0.724,1.00,1.20
2015.05.26 14:20:54.927,0.72388,0.72398,1.00,1.00
2015.05.26 14:20:55.234,0.72382,0.72392,1.37,1.12
2015.05.26 14:20:55.730,0.72381,0.72385,1.12,1.00
2015.05.26 14:20:55.782,0.72381,0.72385,1.00,1.50
2015.05.26 14:20:55.833,0.72373,0.72385,1.00,1.00
2015.05.26 14:20:56.088,0.72373,0.72382,1.00,1.00
2015.05.26 14:20:56.830,0.7237,0.72382,1.37,1.00
2015.05.26 14:20:57.338,0.7237,0.72382,1.00,1.00
2015.05.26 14:20:58.148,0.72377,0.72384,1.00,1.00
2015.05.26 14:20:58.199,0.72378,0.72387,1.00,3.00
2015.05.26 14:20:58.705,0.72378,0.72388,1.50,1.00
2015.05.26 14:20:59.271,0.72375,0.7239,1.00,1.12
2015.05.26 14:20:59.576,0.72374,0.72387,1.00,1.37
2015.05.26 14:20:59.830,0.72371,0.72384,1.00,4.12
2015.05.26 14:20:59.882,0.72368,0.72381,3.45,1.00
2015.05.26 14:21:00.342,0.72372,0.72381,1.00,1.00
2015.05.26 14:21:00.648,0.7237,0.72382,2.25,3.00
2015.05.26 14:21:01.939,0.72371,0.72383,1.00,4.50
2015.05.26 14:21:01.991,0.72374,0.72383,1.00,4.50
2015.05.26 14:21:02.247,0.72379,0.72391,2.25,1.57
2015.05.26 14:21:02.399,0.72379,0.72391,2.25,1.10
2015.05.26 14:21:03.047,0.7238,0.7239,1.00,1.20
2015.05.26 14:21:03.504,0.72376,0.72386,2.25,1.00
2015.05.26 14:21:03.606,0.72374,0.72386,1.12,1.37
2015.05.26 14:21:04.144,0.72373,0.72384,1.00,1.00
2015.05.26 14:21:04.195,0.72371,0.72384,2.62,1.00
2015.05.26 14:21:05.100,0.72373,0.72384,1.00,1.00
2015.05.26 14:21:06.312,0.72372,0.72384,1.00,1.00
2015.05.26 14:21:06.768,0.72376,0.72384,1.00,1.00
2015.05.26 14:21:06.869,0.72376,0.7239,1.50,1.87
2015.05.26 14:21:07.459,0.72377,0.72391,1.00,1.27
2015.05.26 14:21:07.671,0.72378,0.72388,1.00,1.00
2015.05.26 14:21:08.169,0.72374,0.72382,1.50,1.00
2015.05.26 14:21:08.221,0.72371,0.72383,2.62,1.00
2015.05.26 14:21:08.728,0.72371,0.72383,1.00,1.87
2015.05.26 14:21:08.779,0.72371,0.7238,1.00,1.00
2015.05.26 14:21:09.473,0.72369,0.7238,1.00,1.00
2015.05.26 14:21:09.886,0.72371,0.7238,1.00,1.00
2015.05.26 14:21:10.484,0.72371,0.72382,1.00,1.00
2015.05.26 14:21:10.929,0.72372,0.72384,1.00,1.87
2015.05.26 14:21:11.439,0.72372,0.72384,1.00,1.37
2015.05.26 14:21:12.883,0.72371,0.72381,1.00,1.00
2015.05.26 14:21:14.364,0.72371,0.72379,1.00,1.00
2015.05.26 14:21:14.415,0.72369,0.72379,1.12,1.00
2015.05.26 14:21:15.737,0.7237,0.72381,1.00,1.00
2015.05.26 14:21:17.366,0.72372,0.72382,1.00,1.12
2015.05.26 14:21:20.230,0.72373,0.72384,1.00,2.32
2015.05.26 14:21:21.429,0.72372,0.72382,1.00,1.00
2015.05.26 14:21:23.316,0.7237,0.72382,1.20,1.50
2015.05.26 14:21:23.825,0.72369,0.72382,2.02,1.50
2015.05.26 14:21:24.418,0.72369,0.72381,1.12,1.00
2015.05.26 14:21:24.926,0.72369,0.7238,1.12,1.00
2015.05.26 14:21:24.978,0.72369,0.72376,1.12,1.00
2015.05.26 14:21:25.183,0.72364,0.72373,1.00,1.37
2015.05.26 14:21:25.674,0.72362,0.72371,1.00,1.50
2015.05.26 14:21:25.732,0.72358,0.72369,1.20,1.00
2015.05.26 14:21:25.935,0.7236,0.72369,1.00,1.00
2015.05.26 14:21:26.443,0.7236,0.7237,1.00,1.50
2015.05.26 14:21:26.991,0.72359,0.7237,1.00,1.00
2015.05.26 14:21:28.334,0.72361,0.7237,1.00,1.00
2015.05.26 14:21:28.395,0.72361,0.72374,1.00,3.07
2015.05.26 14:21:28.497,0.72363,0.72374,1.00,1.95
2015.05.26 14:21:28.600,0.72363,0.72374,1.00,1.50
2015.05.26 14:21:28.651,0.72365,0.72374,1.00,1.00
2015.05.26 14:21:28.996,0.72368,0.72378,1.00,1.10
2015.05.26 14:21:29.047,0.72368,0.72382,1.50,1.12
2015.05.26 14:21:29.149,0.7237,0.72381,1.00,1.20
2015.05.26 14:21:30.139,0.72369,0.7238,1.00,1.00
2015.05.26 14:21:32.209,0.72371,0.7238,1.00,1.00
2015.05.26 14:21:32.805,0.72371,0.72381,1.00,1.20
2015.05.26 14:21:33.109,0.72369,0.72379,1.00,1.37
2015.05.26 14:21:33.312,0.72367,0.72378,1.00,1.12
2015.05.26 14:21:33.615,0.72367,0.72377,1.00,1.37
2015.05.26 14:21:33.666,0.72365,0.72375,1.12,1.12
2015.05.26 14:21:33.869,0.72363,0.72375,1.00,1.12
2015.05.26 14:21:34.761,0.72363,0.72375,1.50,1.75
2015.05.26 14:21:35.444,0.72363,0.72375,1.50,1.50
2015.05.26 14:21:35.849,0.72365,0.72376,1.00,1.50
2015.05.26 14:21:36.325,0.7237,0.72381,1.00,2.70
2015.05.26 14:21:36.376,0.72368,0.72379,1.00,1.87
2015.05.26 14:21:36.884,0.72368,0.72379,1.00,2.62
2015.05.26 14:21:37.610,0.72368,0.72375,1.00,1.37
2015.05.26 14:21:37.665,0.72364,0.72375,1.00,1.37
2015.05.26 14:21:38.184,0.72362,0.72375,1.50,2.25
2015.05.26 14:21:38.916,0.72365,0.72375,1.00,2.25
2015.05.26 14:21:39.068,0.72365,0.72375,1.00,1.00
2015.05.26 14:21:39.170,0.72366,0.72377,1.00,1.00
2015.05.26 14:21:39.686,0.72367,0.72377,1.00,1.00
2015.05.26 14:21:40.267,0.72369,0.72377,1.00,1.00
2015.05.26 14:21:40.764,0.72367,0.72377,1.00,1.00
2015.05.26 14:21:40.967,0.72369,0.72377,1.00,1.00
2015.05.26 14:21:43.399,0.72368,0.72377,1.00,1.00
2015.05.26 14:21:44.843,0.72369,0.72377,1.00,1.00
2015.05.26 14:21:45.689,0.72368,0.72377,1.00,1.00
2015.05.26 14:21:47.011,0.72381,0.72385,1.00,1.87
2015.05.26 14:21:47.062,0.72381,0.72391,1.00,1.00
2015.05.26 14:21:47.113,0.72381,0.72394,1.50,1.95
2015.05.26 14:21:47.366,0.72383,0.72394,1.00,1.87
2015.05.26 14:21:48.112,0.72384,0.72395,1.10,1.50
2015.05.26 14:21:48.620,0.72382,0.72394,1.50,1.00
2015.05.26 14:21:49.740,0.72387,0.72397,2.25,1.37
2015.05.26 14:21:49.842,0.72387,0.72397,1.50,1.00
2015.05.26 14:21:49.894,0.72389,0.72403,1.00,3.00
2015.05.26 14:21:49.945,0.72389,0.72403,1.00,2.32
2015.05.26 14:21:50.249,0.72391,0.72402,1.00,1.10
2015.05.26 14:21:50.753,0.72391,0.72404,1.50,1.12
2015.05.26 14:21:51.401,0.72391,0.72402,1.00,1.00
2015.05.26 14:21:51.977,0.72391,0.72395,1.00,2.25
2015.05.26 14:21:52.030,0.72386,0.72395,1.00,3.37
2015.05.26 14:21:52.133,0.7238,0.72393,2.70,1.00
2015.05.26 14:21:52.593,0.72379,0.72389,1.75,1.37
2015.05.26 14:21:52.652,0.72377,0.72385,2.25,1.00
2015.05.26 14:21:52.702,0.7238,0.72385,1.00,1.00
2015.05.26 14:21:53.142,0.72377,0.72387,1.57,1.37
2015.05.26 14:21:54.402,0.72373,0.72385,1.95,1.12
2015.05.26 14:21:54.941,0.72372,0.72385,2.32,1.12
2015.05.26 14:21:55.821,0.72372,0.72384,1.95,1.50
2015.05.26 14:21:55.875,0.72372,0.72382,1.10,1.00
2015.05.26 14:21:56.179,0.7237,0.72381,1.87,1.37
2015.05.26 14:21:56.331,0.72369,0.72381,1.00,1.37
2015.05.26 14:21:57.380,0.72368,0.72379,1.00,1.12
2015.05.26 14:21:57.432,0.72366,0.72379,1.00,1.50
2015.05.26 14:21:57.535,0.72367,0.72379,2.62,1.00
2015.05.26 14:21:57.840,0.72373,0.72382,1.00,1.37
2015.05.26 14:21:57.891,0.72374,0.72384,1.00,1.00
2015.05.26 14:21:58.587,0.72374,0.72386,1.00,2.25
2015.05.26 14:21:59.722,0.72375,0.72386,1.00,1.37
2015.05.26 14:22:01.325,0.72373,0.72382,3.37,1.00
2015.05.26 14:22:01.478,0.72372,0.72382,1.10,1.37
2015.05.26 14:22:01.985,0.72371,0.72382,1.00,3.07
2015.05.26 14:22:02.087,0.72368,0.72381,1.00,1.50
2015.05.26 14:22:02.497,0.7237,0.7238,1.00,1.10
2015.05.26 14:22:02.954,0.72374,0.72382,1.00,3.00
2015.05.26 14:22:03.058,0.72374,0.72385,1.50,1.87
2015.05.26 14:22:03.817,0.72375,0.72386,1.50,1.00
2015.05.26 14:22:03.879,0.72377,0.72387,1.00,2.32
2015.05.26 14:22:04.184,0.72375,0.72387,1.10,1.85
2015.05.26 14:22:04.235,0.72373,0.72385,1.20,2.62
2015.05.26 14:22:04.387,0.72372,0.72385,1.50,4.20
2015.05.26 14:22:04.590,0.72372,0.72385,1.50,4.20
2015.05.26 14:22:05.071,0.72371,0.72382,1.00,1.37
2015.05.26 14:22:05.382,0.72372,0.72384,1.00,3.07
2015.05.26 14:22:06.388,0.72372,0.72385,1.00,1.12
2015.05.26 14:22:06.491,0.72374,0.72386,1.00,1.12
2015.05.26 14:22:06.542,0.72374,0.72387,1.00,1.57
2015.05.26 14:22:07.152,0.72375,0.72387,1.00,1.37
2015.05.26 14:22:08.115,0.72375,0.72387,1.00,1.00
2015.05.26 14:22:08.794,0.72373,0.72386,1.10,1.00
2015.05.26 14:22:08.845,0.72371,0.7238,2.62,1.00
2015.05.26 14:22:09.000,0.72368,0.7238,1.20,1.87
2015.05.26 14:22:09.445,0.72367,0.72379,1.00,2.62
2015.05.26 14:22:09.841,0.72365,0.72376,1.10,1.00
2015.05.26 14:22:09.946,0.72364,0.72374,1.00,1.00
2015.05.26 14:22:10.770,0.72363,0.72374,1.50,1.20
2015.05.26 14:22:12.717,0.72365,0.72374,1.00,1.00
2015.05.26 14:22:12.870,0.72366,0.72376,1.00,1.12
2015.05.26 14:22:12.921,0.72368,0.72376,1.00,1.12
2015.05.26 14:22:13.422,0.72373,0.7238,1.00,1.00
2015.05.26 14:22:13.473,0.72374,0.72387,1.00,1.95
2015.05.26 14:22:13.746,0.72376,0.72388,1.00,1.20
2015.05.26 14:22:14.000,0.72378,0.72389,1.00,1.10
2015.05.26 14:22:14.328,0.7238,0.72391,1.00,1.12
2015.05.26 14:22:14.429,0.72378,0.72389,1.00,1.10
2015.05.26 14:22:14.803,0.72385,0.7239,1.00,1.00
2015.05.26 14:22:14.855,0.72385,0.72396,1.00,1.12
2015.05.26 14:22:15.210,0.72382,0.72394,1.20,2.25
2015.05.26 14:22:15.261,0.72381,0.72391,1.12,1.00
2015.05.26 14:22:15.363,0.7238,0.72391,1.00,2.25
2015.05.26 14:22:15.882,0.72379,0.7239,1.50,1.00
2015.05.26 14:22:16.244,0.72378,0.72388,1.12,1.00
2015.05.26 14:22:16.700,0.72378,0.72386,1.00,1.00
2015.05.26 14:22:16.852,0.72376,0.72386,1.00,1.00
2015.05.26 14:22:17.399,0.72378,0.72387,1.00,1.12
2015.05.26 14:22:17.653,0.72379,0.72392,1.50,3.07
2015.05.26 14:22:18.161,0.7238,0.72391,1.00,1.20
2015.05.26 14:22:18.213,0.7238,0.72389,1.00,1.00
2015.05.26 14:22:19.078,0.7238,0.72384,1.00,1.00
2015.05.26 14:22:19.133,0.72372,0.72384,2.25,1.00
2015.05.26 14:22:20.450,0.72376,0.72387,1.00,1.75
2015.05.26 14:22:20.654,0.72378,0.72388,1.50,1.00
2015.05.26 14:22:20.858,0.72378,0.7239,1.50,1.00
2015.05.26 14:22:20.909,0.7238,0.72391,1.00,1.12
2015.05.26 14:22:21.286,0.72378,0.7239,1.50,1.00
2015.05.26 14:22:21.339,0.72376,0.72386,1.00,1.00
2015.05.26 14:22:21.849,0.72375,0.72385,1.00,1.12
2015.05.26 14:22:22.517,0.72375,0.72386,1.00,1.50
2015.05.26 14:22:23.337,0.72375,0.72388,1.00,1.50
2015.05.26 14:22:23.936,0.72377,0.72388,1.00,1.12
2015.05.26 14:22:24.040,0.72377,0.72391,1.50,1.87
2015.05.26 14:22:24.092,0.7238,0.72391,1.00,1.45
2015.05.26 14:22:24.143,0.7238,0.72392,1.00,1.12
2015.05.26 14:22:24.194,0.72382,0.72392,1.00,1.00
2015.05.26 14:22:24.724,0.72384,0.72395,1.00,1.50
2015.05.26 14:22:25.317,0.72386,0.72396,1.00,1.47
2015.05.26 14:22:25.419,0.72387,0.72398,1.00,1.20
2015.05.26 14:22:26.812,0.72387,0.724,1.00,1.10
2015.05.26 14:22:27.065,0.7239,0.724,1.00,1.10
2015.05.26 14:22:27.166,0.72388,0.724,1.50,1.10
2015.05.26 14:22:27.319,0.72388,0.72398,1.00,1.00
2015.05.26 14:22:27.970,0.72388,0.72396,1.00,1.00
2015.05.26 14:22:28.638,0.72388,0.72397,1.00,1.50
2015.05.26 14:22:32.261,0.72387,0.72397,1.00,1.00
2015.05.26 14:22:32.801,0.72387,0.72396,1.00,1.00
2015.05.26 14:22:34.348,0.72386,0.72396,1.00,1.00
2015.05.26 14:22:34.704,0.72385,0.72393,1.00,1.50
2015.05.26 14:22:34.908,0.7238,0.72392,2.32,1.87
2015.05.26 14:22:35.266,0.7238,0.72389,1.65,1.00
2015.05.26 14:22:35.709,0.72375,0.72385,1.20,1.00
2015.05.26 14:22:35.912,0.72374,0.72381,1.00,1.00
2015.05.26 14:22:36.218,0.72367,0.72375,1.47,1.00
2015.05.26 14:22:36.370,0.72365,0.72375,1.12,1.00
2015.05.26 14:22:36.807,0.72365,0.72375,1.20,1.37
2015.05.26 14:22:37.010,0.72361,0.72373,1.20,2.62
2015.05.26 14:22:37.162,0.72362,0.72373,1.10,2.62
2015.05.26 14:22:37.366,0.72362,0.72373,1.47,1.00
2015.05.26 14:22:37.891,0.72366,0.72374,1.00,1.00
2015.05.26 14:22:38.402,0.72366,0.72375,1.00,1.00
2015.05.26 14:22:38.555,0.72365,0.72377,2.25,1.00
2015.05.26 14:22:38.606,0.72369,0.72378,1.00,1.20
2015.05.26 14:22:39.579,0.72371,0.7238,1.00,1.00
2015.05.26 14:22:39.951,0.72369,0.7238,1.00,1.12
2015.05.26 14:22:40.053,0.72368,0.72378,1.00,1.00
2015.05.26 14:22:40.154,0.72366,0.72378,1.00,1.00
2015.05.26 14:22:40.600,0.72365,0.72376,1.10,1.37
2015.05.26 14:22:40.652,0.7236,0.72372,1.12,1.00
2015.05.26 14:22:40.804,0.72362,0.72372,1.00,1.00
2015.05.26 14:22:41.058,0.7236,0.72373,1.87,1.00
2015.05.26 14:22:41.875,0.72359,0.7237,1.47,1.00
2015.05.26 14:22:42.181,0.72355,0.72362,1.00,1.00
2015.05.26 14:22:42.233,0.72353,0.72362,1.12,1.50
2015.05.26 14:22:42.385,0.7235,0.72362,1.12,1.00
2015.05.26 14:22:42.538,0.72352,0.72366,1.00,1.37
2015.05.26 14:22:43.039,0.72352,0.72366,1.12,1.37
2015.05.26 14:22:44.145,0.72353,0.72365,1.10,1.00
2015.05.26 14:22:44.349,0.72355,0.72367,2.25,1.85
2015.05.26 14:22:44.655,0.72361,0.72373,1.00,2.32
2015.05.26 14:22:45.270,0.72361,0.72373,1.00,1.10
2015.05.26 14:22:45.580,0.72362,0.72375,1.00,2.32
2015.05.26 14:22:46.853,0.72361,0.72375,1.87,1.87
2015.05.26 14:22:47.858,0.72365,0.72375,1.50,1.00
2015.05.26 14:22:47.910,0.72366,0.72378,1.00,1.00
2015.05.26 14:22:48.062,0.72371,0.72382,1.00,2.77
2015.05.26 14:22:48.215,0.72369,0.72382,1.00,1.65
2015.05.26 14:22:48.372,0.72369,0.7238,1.00,1.00
2015.05.26 14:22:48.631,0.72367,0.7238,1.12,1.00
2015.05.26 14:22:48.682,0.72367,0.72377,1.12,1.00
2015.05.26 14:22:49.183,0.72365,0.72374,1.95,1.00
2015.05.26 14:22:50.754,0.7236,0.72373,1.95,1.00
2015.05.26 14:22:50.811,0.72361,0.72372,1.12,1.00
2015.05.26 14:22:51.959,0.72361,0.72373,1.57,1.00
2015.05.26 14:22:52.466,0.72361,0.72374,1.57,1.12
2015.05.26 14:22:53.364,0.72362,0.72375,1.00,2.25
2015.05.26 14:22:53.567,0.72364,0.72375,1.00,1.87
2015.05.26 14:22:53.720,0.7236,0.72372,1.20,1.50
2015.05.26 14:22:53.772,0.7236,0.7237,1.20,1.00
2015.05.26 14:22:53.875,0.72358,0.72368,1.00,1.00
2015.05.26 14:22:54.260,0.72352,0.72361,1.00,1.00
2015.05.26 14:22:54.564,0.72354,0.72362,1.00,1.00
2015.05.26 14:22:54.615,0.72354,0.72365,1.00,1.50
2015.05.26 14:22:54.717,0.72355,0.72368,1.00,1.12
2015.05.26 14:22:54.971,0.72354,0.72365,1.10,1.00
2015.05.26 14:22:55.483,0.72354,0.72367,1.57,1.10
2015.05.26 14:22:55.534,0.72357,0.72368,1.00,1.12
2015.05.26 14:22:56.042,0.72356,0.72368,1.00,1.12
2015.05.26 14:22:56.479,0.72355,0.72365,1.00,1.00
2015.05.26 14:22:56.926,0.72352,0.72362,1.20,1.00
2015.05.26 14:22:57.180,0.72353,0.72366,1.00,1.57
2015.05.26 14:22:57.434,0.72355,0.72366,1.00,1.00
2015.05.26 14:22:57.586,0.72355,0.72368,1.00,1.50
2015.05.26 14:22:58.110,0.72354,0.72368,1.50,1.00
2015.05.26 14:22:58.212,0.7236,0.72368,1.00,1.00
2015.05.26 14:22:58.365,0.72363,0.72373,1.00,2.25
2015.05.26 14:22:58.467,0.72362,0.72374,1.10,1.00
2015.05.26 14:22:58.962,0.72361,0.72373,1.00,1.37
2015.05.26 14:22:59.473,0.7236,0.72374,1.10,2.62
2015.05.26 14:23:00.594,0.72365,0.72374,1.10,1.37
2015.05.26 14:23:00.645,0.72365,0.72378,1.57,1.00
2015.05.26 14:23:01.165,0.72365,0.72377,1.87,1.00
2015.05.26 14:23:01.756,0.72368,0.72379,1.00,1.20
2015.05.26 14:23:02.162,0.72366,0.72379,1.57,1.10
2015.05.26 14:23:02.947,0.72368,0.72381,1.50,1.50
2015.05.26 14:23:04.443,0.72366,0.72379,3.00,1.00
2015.05.26 14:23:04.748,0.72364,0.72375,2.70,1.00
2015.05.26 14:23:05.370,0.72365,0.72375,1.00,1.00
2015.05.26 14:23:05.472,0.72362,0.72375,1.95,1.12
2015.05.26 14:23:05.778,0.72365,0.72377,1.00,1.87
2015.05.26 14:23:05.881,0.72366,0.72378,1.00,1.10
2015.05.26 14:23:06.655,0.72366,0.72379,2.40,1.00
2015.05.26 14:23:06.706,0.72369,0.72379,1.00,1.00
2015.05.26 14:23:07.010,0.72373,0.72382,1.00,1.37
2015.05.26 14:23:07.061,0.72371,0.72382,1.87,1.37
2015.05.26 14:23:07.163,0.72372,0.72382,1.20,1.37
2015.05.26 14:23:07.618,0.72371,0.72382,2.62,1.00
2015.05.26 14:23:08.296,0.72372,0.72383,1.20,1.00
2015.05.26 14:23:08.784,0.72374,0.72385,1.00,1.00
2015.05.26 14:23:09.150,0.72374,0.72382,1.00,1.00
2015.05.26 14:23:09.201,0.7237,0.72382,1.87,1.50
2015.05.26 14:23:09.404,0.72368,0.72381,1.95,1.50
2015.05.26 14:23:09.456,0.72367,0.72379,1.87,1.00
2015.05.26 14:23:10.310,0.72366,0.72373,1.75,1.00
2015.05.26 14:23:10.361,0.72363,0.72374,1.00,1.00
2015.05.26 14:23:10.413,0.72361,0.72372,2.32,1.00
2015.05.26 14:23:10.464,0.72362,0.72374,1.07,1.00
2015.05.26 14:23:11.576,0.72364,0.72376,1.00,1.87
2015.05.26 14:23:11.627,0.72366,0.72377,1.00,1.87
2015.05.26 14:23:11.730,0.72367,0.72378,1.00,1.00
2015.05.26 14:23:11.832,0.72367,0.7238,1.57,1.00
2015.05.26 14:23:12.188,0.7237,0.7238,1.00,1.00
2015.05.26 14:23:12.576,0.72368,0.7238,1.00,1.00
2015.05.26 14:23:13.084,0.72369,0.7238,1.00,1.00
2015.05.26 14:23:14.250,0.7237,0.7238,1.00,1.00
2015.05.26 14:23:15.175,0.72367,0.7238,1.57,1.57
2015.05.26 14:23:15.277,0.72366,0.72378,1.12,1.00
2015.05.26 14:23:15.430,0.72364,0.72377,1.00,1.50
2015.05.26 14:23:15.481,0.72364,0.72374,1.00,1.00
2015.05.26 14:23:15.633,0.72362,0.72374,1.20,1.50
2015.05.26 14:23:16.450,0.72363,0.72377,1.10,2.25
2015.05.26 14:23:16.754,0.72366,0.72378,1.50,1.00
2015.05.26 14:23:17.059,0.72369,0.72379,1.00,1.00
2015.05.26 14:23:17.657,0.7237,0.72381,2.32,1.00
2015.05.26 14:23:17.861,0.7237,0.72378,1.00,1.00
2015.05.26 14:23:17.963,0.72367,0.72377,1.57,1.50
2015.05.26 14:23:18.115,0.72366,0.72377,1.20,1.50
2015.05.26 14:23:18.166,0.72366,0.72374,1.00,1.00
2015.05.26 14:23:18.218,0.72364,0.72374,1.20,1.00
2015.05.26 14:23:18.846,0.72363,0.72374,1.00,1.00
2015.05.26 14:23:20.790,0.72364,0.72376,1.00,1.00
2015.05.26 14:23:21.279,0.72365,0.72371,1.00,1.00
2015.05.26 14:23:21.330,0.72361,0.72371,1.10,1.50
2015.05.26 14:23:21.947,0.7236,0.72371,1.87,1.50
2015.05.26 14:23:21.998,0.72358,0.72366,1.00,1.00
2015.05.26 14:23:22.153,0.72355,0.72364,1.00,1.50
2015.05.26 14:23:22.406,0.72352,0.72364,1.37,1.50
2015.05.26 14:23:23.135,0.72359,0.72369,1.00,1.00
2015.05.26 14:23:23.440,0.72359,0.72371,1.00,1.57
2015.05.26 14:23:23.797,0.72359,0.72369,1.00,1.00
2015.05.26 14:23:23.950,0.72357,0.72368,1.00,1.50
2015.05.26 14:23:24.322,0.72357,0.72366,1.00,1.00
2015.05.26 14:23:24.425,0.72359,0.72369,1.00,1.00
2015.05.26 14:23:24.958,0.72359,0.7237,1.00,1.00
2015.05.26 14:23:25.061,0.72361,0.72372,1.00,1.10
2015.05.26 14:23:25.489,0.72361,0.7237,1.00,1.00
2015.05.26 14:23:26.013,0.7236,0.7237,1.00,1.50
2015.05.26 14:23:26.441,0.72358,0.72362,1.00,1.00
2015.05.26 14:23:26.799,0.72353,0.7236,1.00,1.00
2015.05.26 14:23:26.864,0.7235,0.7236,1.12,1.00
2015.05.26 14:23:27.371,0.72351,0.72361,1.50,1.50
2015.05.26 14:23:27.472,0.72352,0.72364,1.00,1.50
2015.05.26 14:23:27.958,0.72356,0.72364,1.00,1.00
2015.05.26 14:23:28.009,0.72356,0.72366,1.00,1.50
2015.05.26 14:23:29.606,0.72356,0.72365,1.00,1.00
2015.05.26 14:23:30.145,0.72355,0.72365,1.00,1.00
2015.05.26 14:23:30.479,0.72354,0.72362,1.00,1.00
2015.05.26 14:23:31.346,0.72352,0.7236,1.00,1.00
2015.05.26 14:23:31.552,0.72349,0.72359,1.87,1.00
2015.05.26 14:23:31.654,0.72351,0.72359,1.00,1.00
2015.05.26 14:23:31.705,0.72351,0.72361,1.00,1.00
2015.05.26 14:23:32.486,0.7235,0.72361,1.00,1.00
2015.05.26 14:23:34.596,0.72349,0.72361,1.50,1.00
2015.05.26 14:23:35.478,0.72349,0.72353,1.00,1.00
2015.05.26 14:23:35.529,0.72346,0.72353,1.00,1.00
2015.05.26 14:23:35.840,0.72343,0.72353,1.37,1.00
2015.05.26 14:23:35.994,0.72343,0.72355,1.00,1.50
2015.05.26 14:23:36.357,0.72345,0.72355,1.00,1.50
2015.05.26 14:23:36.895,0.72344,0.72355,1.00,1.87
2015.05.26 14:23:37.199,0.72344,0.7235,1.00,1.00
2015.05.26 14:23:37.301,0.72342,0.72352,1.00,1.00
2015.05.26 14:23:37.402,0.72341,0.72355,1.87,1.50
2015.05.26 14:23:37.605,0.72344,0.72355,1.00,1.00
2015.05.26 14:23:38.070,0.72346,0.72358,1.00,1.00
2015.05.26 14:23:38.121,0.72348,0.72358,1.00,1.00
2015.05.26 14:23:38.628,0.72349,0.72358,1.00,1.00
2015.05.26 14:23:39.204,0.72351,0.7236,1.00,1.00
2015.05.26 14:23:41.318,0.72351,0.72361,1.00,1.50
2015.05.26 14:23:42.303,0.72351,0.72362,1.00,1.00
2015.05.26 14:23:42.354,0.72349,0.72362,1.00,1.00
2015.05.26 14:23:42.508,0.7235,0.72365,1.00,1.87
2015.05.26 14:23:42.662,0.72352,0.72366,1.00,3.75
2015.05.26 14:23:43.172,0.72353,0.72366,1.00,1.50
2015.05.26 14:23:43.620,0.72351,0.72364,1.00,1.00
2015.05.26 14:23:43.925,0.72351,0.72362,1.00,1.00
2015.05.26 14:23:45.013,0.7235,0.72361,1.00,1.00
2015.05.26 14:23:45.526,0.72351,0.72362,1.00,1.12
2015.05.26 14:23:46.508,0.7235,0.72362,1.87,1.12
2015.05.26 14:23:47.838,0.72351,0.72358,1.00,1.00
2015.05.26 14:23:47.941,0.72348,0.72357,1.00,1.00
2015.05.26 14:23:48.042,0.7235,0.72357,1.00,1.00
2015.05.26 14:23:48.144,0.7235,0.7236,1.00,1.00
2015.05.26 14:23:48.195,0.7235,0.72362,1.00,1.00
2015.05.26 14:23:48.867,0.72351,0.72362,1.00,1.00
2015.05.26 14:23:49.020,0.72349,0.72362,1.00,1.00
2015.05.26 14:23:49.588,0.7235,0.72362,1.00,1.00
2015.05.26 14:23:52.439,0.72351,0.72362,1.00,1.87
2015.05.26 14:23:52.541,0.72348,0.7236,1.87,1.00
2015.05.26 14:23:52.745,0.72348,0.72358,1.00,1.50
2015.05.26 14:23:53.102,0.72346,0.72357,1.00,1.50
2015.05.26 14:23:53.609,0.72345,0.72357,1.12,1.50
2015.05.26 14:23:53.965,0.72344,0.72355,1.00,1.00
2015.05.26 14:23:54.218,0.72341,0.72353,1.50,1.00
2015.05.26 14:23:54.933,0.72341,0.72354,2.25,1.12
2015.05.26 14:23:54.984,0.72344,0.72357,1.00,1.87
2015.05.26 14:23:55.492,0.72344,0.72357,1.00,1.50
2015.05.26 14:23:58.014,0.72344,0.72357,1.37,1.00
2015.05.26 14:23:58.169,0.72346,0.7236,1.50,1.57
2015.05.26 14:23:58.271,0.72347,0.72362,1.37,2.25
2015.05.26 14:23:58.322,0.72347,0.72362,1.37,1.50
2015.05.26 14:23:58.627,0.72353,0.72364,1.00,1.87
2015.05.26 14:23:58.678,0.72353,0.72365,1.00,2.25
2015.05.26 14:23:59.122,0.72354,0.72368,1.87,1.00
2015.05.26 14:23:59.173,0.72356,0.7237,1.00,1.10
2015.05.26 14:23:59.478,0.72359,0.7237,1.00,1.20
2015.05.26 14:24:00.233,0.7236,0.7237,1.00,1.00
2015.05.26 14:24:00.541,0.72357,0.72367,1.12,1.00
2015.05.26 14:24:00.643,0.72354,0.72367,1.00,1.00
2015.05.26 14:24:00.795,0.72352,0.72365,1.00,1.00
2015.05.26 14:24:01.806,0.72351,0.72362,1.00,1.50
2015.05.26 14:24:02.344,0.7235,0.72362,1.50,1.50
2015.05.26 14:24:02.981,0.7235,0.72357,1.50,1.00
2015.05.26 14:24:03.032,0.72347,0.72357,1.00,1.00
2015.05.26 14:24:04.425,0.72346,0.72357,1.00,1.00
2015.05.26 14:24:04.476,0.72346,0.72354,1.00,1.00
2015.05.26 14:24:04.578,0.72342,0.72352,1.00,1.00
2015.05.26 14:24:04.629,0.7234,0.72352,1.50,1.00
2015.05.26 14:24:05.838,0.7234,0.72351,1.00,1.00
2015.05.26 14:24:08.238,0.7234,0.72352,1.00,1.87
2015.05.26 14:24:08.837,0.72341,0.72352,1.00,1.12
2015.05.26 14:24:09.539,0.72348,0.72355,1.00,1.00
2015.05.26 14:24:09.590,0.72348,0.72359,1.00,1.50
2015.05.26 14:24:09.692,0.72346,0.72359,1.00,1.87
2015.05.26 14:24:09.894,0.72346,0.72357,1.00,1.00
2015.05.26 14:24:09.945,0.72344,0.72357,1.00,1.50
2015.05.26 14:24:09.996,0.72344,0.72354,1.00,1.00
2015.05.26 14:24:10.047,0.7234,0.72352,5.70,1.00
2015.05.26 14:24:10.654,0.7234,0.72353,1.87,1.50
2015.05.26 14:24:11.162,0.7234,0.72352,1.50,1.00
2015.05.26 14:24:11.468,0.72338,0.7235,1.50,1.50
2015.05.26 14:24:12.374,0.72338,0.72352,1.50,1.50
2015.05.26 14:24:12.578,0.72341,0.72352,1.00,1.00
2015.05.26 14:24:14.995,0.72341,0.72354,1.87,1.00
2015.05.26 14:24:15.453,0.72343,0.72357,1.87,1.57
2015.05.26 14:24:15.605,0.72346,0.72358,1.50,1.00
2015.05.26 14:24:15.656,0.72349,0.7236,1.12,1.12
2015.05.26 14:24:16.187,0.72351,0.72363,1.50,1.00
2015.05.26 14:24:16.239,0.72353,0.72365,1.00,1.50
2015.05.26 14:24:16.392,0.72354,0.72368,1.00,1.12
2015.05.26 14:24:16.444,0.72356,0.72368,1.00,1.12
2015.05.26 14:24:16.954,0.72355,0.72368,1.00,1.12
2015.05.26 14:24:17.548,0.72355,0.72367,1.00,1.00
2015.05.26 14:24:19.875,0.72355,0.72366,1.00,1.12
2015.05.26 14:24:20.079,0.72351,0.72363,1.00,2.62
2015.05.26 14:24:20.581,0.72347,0.72358,1.12,1.50
2015.05.26 14:24:21.128,0.72348,0.72358,1.00,1.50
2015.05.26 14:24:21.919,0.72348,0.72355,1.00,1.00
2015.05.26 14:24:22.273,0.72345,0.72353,1.00,1.00
2015.05.26 14:24:22.377,0.72341,0.72353,1.87,1.00
2015.05.26 14:24:23.399,0.72341,0.72354,1.00,1.00
2015.05.26 14:24:24.320,0.72342,0.72354,1.00,1.00
2015.05.26 14:24:24.856,0.72347,0.72359,1.00,1.00
2015.05.26 14:24:26.282,0.72343,0.72354,1.12,1.00
2015.05.26 14:24:26.941,0.72342,0.72355,1.37,1.00
2015.05.26 14:24:27.474,0.72341,0.72355,1.12,1.50
2015.05.26 14:24:27.880,0.72341,0.72357,3.00,1.50
2015.05.26 14:24:27.981,0.72344,0.72357,1.00,1.00
2015.05.26 14:24:28.235,0.72345,0.7236,1.87,1.12
2015.05.26 14:24:28.653,0.72347,0.72361,1.00,3.82
2015.05.26 14:24:29.154,0.72348,0.72361,1.12,1.00
2015.05.26 14:24:29.459,0.7235,0.72362,1.00,1.12
2015.05.26 14:24:30.845,0.7235,0.72363,1.00,3.00
2015.05.26 14:24:31.155,0.72353,0.72366,1.50,1.37
2015.05.26 14:24:31.527,0.72356,0.72367,1.00,1.37
2015.05.26 14:24:31.579,0.72357,0.7237,1.00,1.50
2015.05.26 14:24:32.085,0.72358,0.7237,1.00,1.50
2015.05.26 14:24:32.995,0.72358,0.72368,1.00,1.00
2015.05.26 14:24:33.149,0.72356,0.72368,1.00,1.00
2015.05.26 14:24:33.454,0.72352,0.72366,1.57,1.50
2015.05.26 14:24:34.770,0.72354,0.72367,1.00,1.00
2015.05.26 14:24:34.975,0.72351,0.72365,1.12,1.00
2015.05.26 14:24:35.485,0.72352,0.72365,1.00,1.00
2015.05.26 14:24:35.885,0.72352,0.72368,1.50,2.25
2015.05.26 14:24:36.395,0.72352,0.72367,1.00,1.00
2015.05.26 14:24:37.094,0.72351,0.72366,1.87,1.00
2015.05.26 14:24:38.671,0.72354,0.72366,1.00,1.00
2015.05.26 14:24:38.773,0.72354,0.72369,1.87,1.57
2015.05.26 14:24:38.874,0.72356,0.72369,1.00,1.12
2015.05.26 14:24:39.180,0.72358,0.72369,1.00,1.12
2015.05.26 14:24:39.846,0.72355,0.72369,1.87,3.00
2015.05.26 14:24:40.416,0.72353,0.72367,2.25,1.00
2015.05.26 14:24:40.620,0.72351,0.72366,1.50,1.50
2015.05.26 14:24:40.772,0.72351,0.72364,1.50,1.00
2015.05.26 14:24:41.677,0.72351,0.72364,1.00,1.00
2015.05.26 14:24:42.227,0.7235,0.72364,1.57,1.50
2015.05.26 14:24:42.774,0.72351,0.72365,1.12,1.50
2015.05.26 14:24:43.343,0.72351,0.72366,1.87,1.12
2015.05.26 14:24:43.882,0.72351,0.72365,1.87,1.00
2015.05.26 14:24:44.998,0.72351,0.72364,1.12,1.50
2015.05.26 14:24:46.251,0.72352,0.72365,1.00,3.75
2015.05.26 14:24:46.695,0.72352,0.72364,1.00,1.87
2015.05.26 14:24:46.746,0.7235,0.72363,1.00,1.12
2015.05.26 14:24:46.898,0.72349,0.72361,1.00,1.50
2015.05.26 14:24:47.475,0.72349,0.7236,1.00,1.00
2015.05.26 14:24:49.009,0.72345,0.72357,1.37,1.00
2015.05.26 14:24:49.060,0.72345,0.72356,1.00,1.00
2015.05.26 14:24:49.162,0.72343,0.72355,1.00,1.00
2015.05.26 14:24:49.264,0.72341,0.72352,1.50,1.00
2015.05.26 14:24:49.772,0.7234,0.72352,1.00,1.00
2015.05.26 14:24:50.218,0.72344,0.72355,1.00,3.37
2015.05.26 14:24:50.422,0.72343,0.72357,1.87,1.00
2015.05.26 14:24:50.473,0.72346,0.72359,1.00,1.00
2015.05.26 14:24:51.333,0.72341,0.72356,1.87,1.00
2015.05.26 14:24:52.904,0.72341,0.72356,1.12,1.00
2015.05.26 14:24:56.230,0.7234,0.72356,3.00,1.12
2015.05.26 14:24:59.959,0.7234,0.72355,1.75,1.00
2015.05.26 14:25:00.010,0.7234,0.72355,1.50,1.37
2015.05.26 14:25:00.526,0.7234,0.72353,1.95,1.37
2015.05.26 14:25:04.825,0.7234,0.72351,1.95,1.00
2015.05.26 14:25:05.129,0.72344,0.72353,1.00,1.87
2015.05.26 14:25:05.331,0.72344,0.72354,1.12,2.62
2015.05.26 14:25:05.434,0.72347,0.72354,1.00,1.12
2015.05.26 14:25:05.996,0.72348,0.72355,1.00,1.37
2015.05.26 14:25:06.656,0.72348,0.72355,1.00,1.00
2015.05.26 14:25:06.809,0.7235,0.72355,1.00,1.00
2015.05.26 14:25:07.274,0.72352,0.72361,1.00,1.87
2015.05.26 14:25:07.427,0.72352,0.72362,1.00,1.00
2015.05.26 14:25:07.478,0.72352,0.72365,1.50,1.20
2015.05.26 14:25:07.529,0.72355,0.72365,1.00,1.00
2015.05.26 14:25:07.783,0.72355,0.72367,2.25,2.25
2015.05.26 14:25:10.877,0.72355,0.72369,2.62,1.12
2015.05.26 14:25:10.928,0.7236,0.72369,1.00,1.12
2015.05.26 14:25:11.783,0.7236,0.72371,1.00,1.57
2015.05.26 14:25:12.139,0.7236,0.72373,1.50,1.95
2015.05.26 14:25:13.356,0.72361,0.72372,1.00,1.00
2015.05.26 14:25:13.458,0.72363,0.72372,1.00,1.00
2015.05.26 14:25:13.718,0.72367,0.72377,1.00,1.00
2015.05.26 14:25:13.821,0.72369,0.7238,1.50,1.95
2015.05.26 14:25:13.873,0.72369,0.7238,1.50,1.10
2015.05.26 14:25:14.658,0.72369,0.72382,1.87,1.12
2015.05.26 14:25:15.668,0.72366,0.72378,1.50,1.00
2015.05.26 14:25:15.773,0.72362,0.72375,2.62,1.00
2015.05.26 14:25:15.875,0.72361,0.72375,1.00,1.87
2015.05.26 14:25:16.179,0.72362,0.72374,1.00,1.12
2015.05.26 14:25:16.433,0.72364,0.72376,1.00,1.87
2015.05.26 14:25:16.884,0.72369,0.72382,1.00,3.00
2015.05.26 14:25:17.240,0.72366,0.72379,1.12,1.00
2015.05.26 14:25:17.597,0.72363,0.72378,1.87,1.00
2015.05.26 14:25:17.750,0.72362,0.72376,1.12,1.00
2015.05.26 14:25:18.094,0.72361,0.72374,1.37,1.00
2015.05.26 14:25:18.148,0.7236,0.72374,1.87,1.87
2015.05.26 14:25:18.300,0.7236,0.72372,1.87,1.00
2015.05.26 14:25:18.606,0.72356,0.7237,3.00,1.00
2015.05.26 14:25:18.758,0.72358,0.72372,1.87,1.50
2015.05.26 14:25:19.696,0.72359,0.72372,1.00,1.00
2015.05.26 14:25:20.207,0.72358,0.72371,1.00,1.12
2015.05.26 14:25:21.024,0.72364,0.72376,1.50,1.37
2015.05.26 14:25:21.176,0.72364,0.72378,1.12,1.95
2015.05.26 14:25:21.278,0.72366,0.72379,1.00,1.45
2015.05.26 14:25:22.237,0.72365,0.72378,1.50,1.10
2015.05.26 14:25:22.389,0.72363,0.72377,1.00,1.00
2015.05.26 14:25:22.543,0.72359,0.72371,3.00,1.00
2015.05.26 14:25:22.746,0.7236,0.72372,1.10,1.50
2015.05.26 14:25:26.657,0.72362,0.72372,1.00,2.25
2015.05.26 14:25:28.326,0.72362,0.72372,1.00,1.50
2015.05.26 14:25:29.978,0.72363,0.72372,1.00,1.50
2015.05.26 14:25:30.841,0.72363,0.72374,1.00,1.00
2015.05.26 14:25:30.892,0.72365,0.72374,1.00,1.00
2015.05.26 14:25:31.252,0.72362,0.72375,2.70,1.50
2015.05.26 14:25:33.074,0.72362,0.72376,1.20,2.62
2015.05.26 14:25:33.466,0.72365,0.72376,1.37,1.00
2015.05.26 14:25:33.518,0.72365,0.7238,1.37,1.20
2015.05.26 14:25:33.723,0.72367,0.72381,1.37,1.87
2015.05.26 14:25:33.926,0.72365,0.72378,1.87,1.00
2015.05.26 14:25:34.080,0.72363,0.72376,1.37,1.00
2015.05.26 14:25:34.131,0.72363,0.72376,1.00,1.00
2015.05.26 14:25:34.647,0.72362,0.72377,1.00,1.57
2015.05.26 14:25:35.412,0.72363,0.72377,1.00,1.10
2015.05.26 14:25:35.463,0.72363,0.72375,1.00,1.00
2015.05.26 14:25:35.515,0.72361,0.72374,1.10,1.50
2015.05.26 14:25:36.521,0.72361,0.72375,1.57,1.50
2015.05.26 14:25:36.572,0.72362,0.72375,1.37,1.00
2015.05.26 14:25:36.623,0.72364,0.72378,1.87,1.07
2015.05.26 14:25:36.674,0.72364,0.72379,1.00,1.95
2015.05.26 14:25:36.775,0.72361,0.72375,2.32,1.00
2015.05.26 14:25:38.180,0.72361,0.72377,2.32,2.32
2015.05.26 14:25:39.190,0.72361,0.72375,2.70,1.00
2015.05.26 14:25:39.443,0.72361,0.72375,1.57,1.00
2015.05.26 14:25:40.141,0.72362,0.72375,1.87,1.00
2015.05.26 14:25:40.594,0.72368,0.72379,1.00,1.95
2015.05.26 14:25:41.102,0.72368,0.72379,1.00,1.10
2015.05.26 14:25:41.742,0.72369,0.7238,1.00,1.95
2015.05.26 14:25:42.597,0.72369,0.72377,1.00,1.00
2015.05.26 14:25:42.751,0.72364,0.72377,1.87,2.25
2015.05.26 14:25:42.802,0.72364,0.72374,1.37,1.00
2015.05.26 14:25:42.904,0.72362,0.72373,1.12,1.50
2015.05.26 14:25:43.006,0.72362,0.72371,1.00,1.00
2015.05.26 14:25:43.216,0.72359,0.72371,1.20,1.12
2015.05.26 14:25:43.736,0.72355,0.72368,1.47,1.00
2015.05.26 14:25:43.940,0.72353,0.72366,1.12,1.00
2015.05.26 14:25:43.991,0.7235,0.72364,3.00,1.00
2015.05.26 14:25:44.706,0.72353,0.72365,1.12,1.12
2015.05.26 14:25:45.216,0.72353,0.72366,1.00,1.50
2015.05.26 14:25:45.707,0.72358,0.72366,1.00,1.00
2015.05.26 14:25:45.809,0.72358,0.72368,1.00,1.00
2015.05.26 14:25:45.911,0.7236,0.72368,1.00,1.00
2015.05.26 14:25:45.962,0.7236,0.7237,1.00,1.00
2015.05.26 14:25:46.483,0.7236,0.72371,1.00,1.50
2015.05.26 14:25:46.990,0.72358,0.72371,1.00,2.25
2015.05.26 14:25:47.750,0.72358,0.7237,1.00,1.00
2015.05.26 14:25:48.617,0.72358,0.72371,1.00,2.70
2015.05.26 14:25:49.901,0.72358,0.72371,1.00,3.07
2015.05.26 14:25:51.181,0.72358,0.72368,1.00,1.00
2015.05.26 14:25:51.232,0.72355,0.72368,1.12,1.50
2015.05.26 14:25:51.334,0.72354,0.72365,1.37,1.00
2015.05.26 14:25:51.435,0.72352,0.72365,1.00,1.10
2015.05.26 14:25:51.537,0.7235,0.72363,1.95,1.00
2015.05.26 14:25:51.740,0.72351,0.72365,1.00,1.00
2015.05.26 14:25:52.254,0.72351,0.72366,1.10,1.50
2015.05.26 14:25:52.406,0.72354,0.72365,1.00,1.12
2015.05.26 14:25:53.890,0.72354,0.72367,1.10,1.57
2015.05.26 14:25:54.558,0.72354,0.72366,1.10,1.00
2015.05.26 14:25:55.108,0.72351,0.72362,1.57,1.00
2015.05.26 14:25:55.159,0.72349,0.72362,1.87,2.25
2015.05.26 14:25:55.277,0.72348,0.72358,2.25,1.50
2015.05.26 14:25:55.380,0.72344,0.72356,1.95,1.00
2015.05.26 14:25:55.533,0.72344,0.72352,1.00,1.00
2015.05.26 14:25:55.635,0.72343,0.72354,3.00,1.50
2015.05.26 14:25:56.107,0.72341,0.72356,1.37,1.57
2015.05.26 14:25:56.310,0.7234,0.72354,1.57,1.00
2015.05.26 14:25:56.615,0.72342,0.72354,1.00,1.00
2015.05.26 14:25:56.667,0.72343,0.72356,1.12,1.10
2015.05.26 14:25:56.769,0.72343,0.72358,4.20,1.57
2015.05.26 14:25:56.820,0.72344,0.72358,1.37,1.27
2015.05.26 14:25:57.297,0.72344,0.72355,1.00,1.00
2015.05.26 14:25:57.348,0.72342,0.72356,1.12,1.00
2015.05.26 14:25:57.855,0.72341,0.72356,1.20,1.50
2015.05.26 14:25:58.663,0.72342,0.72356,1.00,1.50
2015.05.26 14:25:59.172,0.72343,0.72358,1.87,1.20
2015.05.26 14:25:59.690,0.72347,0.72357,1.00,1.12
2015.05.26 14:25:59.989,0.72347,0.72359,1.00,1.57
2015.05.26 14:26:00.446,0.72344,0.72355,1.87,1.00
2015.05.26 14:26:00.995,0.72342,0.72354,1.00,1.57
2015.05.26 14:26:01.098,0.72344,0.72354,1.00,1.00
2015.05.26 14:26:01.200,0.72345,0.72358,1.00,2.70
2015.05.26 14:26:01.353,0.72344,0.72358,1.00,1.20
2015.05.26 14:26:01.608,0.72347,0.72358,1.00,1.20
2015.05.26 14:26:01.761,0.72344,0.72356,1.87,1.00
2015.05.26 14:26:02.312,0.72341,0.72355,3.00,1.00
2015.05.26 14:26:03.149,0.72342,0.72358,1.00,3.00
2015.05.26 14:26:04.668,0.72341,0.72352,1.12,1.00
2015.05.26 14:26:05.562,0.72343,0.72358,1.00,2.25
2015.05.26 14:26:05.616,0.72343,0.72358,1.00,1.87
2015.05.26 14:26:05.769,0.72345,0.72358,1.00,2.25
2015.05.26 14:26:05.820,0.72345,0.72359,1.00,1.20
2015.05.26 14:26:05.871,0.72347,0.7236,1.00,2.62
2015.05.26 14:26:06.180,0.72355,0.72363,1.00,2.62
2015.05.26 14:26:06.283,0.72355,0.72365,1.00,1.12
2015.05.26 14:26:06.820,0.72355,0.72366,1.00,1.57
2015.05.26 14:26:08.029,0.72355,0.72368,1.00,1.27
2015.05.26 14:26:09.460,0.72357,0.72368,1.00,2.02
2015.05.26 14:26:10.329,0.72358,0.72368,1.00,1.20
2015.05.26 14:26:10.884,0.72358,0.7237,1.37,1.12
2015.05.26 14:26:11.205,0.72363,0.7237,1.00,1.12
2015.05.26 14:26:11.257,0.72363,0.72373,1.00,1.87
2015.05.26 14:26:12.228,0.7236,0.72371,1.00,1.12
2015.05.26 14:26:12.434,0.72358,0.7237,1.00,1.20
2015.05.26 14:26:12.536,0.72356,0.72368,1.00,1.00
2015.05.26 14:26:12.638,0.72355,0.72366,1.00,1.00
2015.05.26 14:26:12.740,0.72353,0.72366,1.20,1.50
2015.05.26 14:26:13.390,0.72354,0.72365,1.00,1.50
2015.05.26 14:26:13.441,0.72354,0.72361,1.00,1.00
2015.05.26 14:26:13.542,0.72352,0.72361,1.00,1.00
2015.05.26 14:26:13.593,0.72349,0.72361,1.00,2.62
2015.05.26 14:26:13.949,0.72346,0.72358,1.12,1.00
2015.05.26 14:26:14.438,0.72346,0.72355,1.00,1.00
2015.05.26 14:26:14.894,0.72341,0.72355,1.37,1.20
2015.05.26 14:26:16.203,0.72345,0.72355,1.00,1.00
2015.05.26 14:26:16.261,0.72345,0.72359,1.00,1.12
2015.05.26 14:26:16.769,0.72346,0.72359,1.00,1.75
2015.05.26 14:26:17.530,0.72346,0.72359,1.37,1.75
2015.05.26 14:26:18.055,0.72348,0.7236,1.00,2.25
2015.05.26 14:26:18.359,0.72346,0.72357,1.00,1.20
2015.05.26 14:26:18.410,0.72344,0.72357,1.50,1.65
2015.05.26 14:26:18.886,0.72341,0.72356,1.87,1.10
2015.05.26 14:26:19.423,0.72341,0.72355,1.12,1.00
2015.05.26 14:26:20.208,0.7234,0.72354,1.95,1.00
2015.05.26 14:26:20.261,0.72337,0.72351,1.87,1.00
2015.05.26 14:26:20.516,0.72336,0.72348,1.50,1.10
2015.05.26 14:26:20.618,0.72338,0.7235,1.12,2.25
2015.05.26 14:26:20.771,0.72338,0.72351,1.00,1.20
2015.05.26 14:26:21.286,0.72337,0.72348,1.00,1.00
2015.05.26 14:26:21.592,0.7234,0.72346,1.00,1.12
2015.05.26 14:26:22.273,0.72339,0.72345,1.00,2.32
2015.05.26 14:26:22.369,0.7233,0.72345,1.87,1.57
2015.05.26 14:26:23.123,0.72331,0.72341,1.37,1.00
2015.05.26 14:26:23.175,0.7233,0.72341,1.50,1.00
2015.05.26 14:26:23.277,0.7233,0.72344,1.50,1.10
2015.05.26 14:26:23.633,0.7233,0.72342,1.50,1.00
2015.05.26 14:26:24.138,0.7233,0.72344,1.50,1.57
2015.05.26 14:26:24.239,0.7233,0.72342,1.00,1.00
2015.05.26 14:26:25.691,0.72329,0.72344,1.00,3.37
2015.05.26 14:26:26.008,0.72327,0.72338,1.50,1.50
2015.05.26 14:26:26.936,0.72327,0.72341,1.50,1.10
2015.05.26 14:26:27.139,0.72329,0.72342,1.00,1.20
2015.05.26 14:26:28.019,0.72327,0.72341,2.25,1.10
2015.05.26 14:26:28.929,0.72329,0.72343,1.50,2.25
2015.05.26 14:26:29.245,0.72336,0.72345,1.87,1.85
2015.05.26 14:26:29.347,0.72336,0.72351,2.62,1.50
2015.05.26 14:26:29.449,0.72336,0.72351,2.62,1.10
2015.05.26 14:26:29.500,0.72336,0.72351,2.62,1.37
2015.05.26 14:26:30.031,0.72337,0.72351,1.12,1.12
2015.05.26 14:26:30.335,0.72339,0.72353,1.00,2.70
2015.05.26 14:26:30.386,0.72337,0.72352,1.95,1.57
2015.05.26 14:26:30.488,0.72337,0.7235,1.12,1.00
2015.05.26 14:26:31.097,0.72334,0.72345,1.87,1.00
2015.05.26 14:26:31.404,0.72327,0.72337,2.70,1.00
2015.05.26 14:26:31.851,0.72328,0.72339,1.12,1.00
2015.05.26 14:26:32.286,0.72328,0.72341,1.12,1.10
2015.05.26 14:26:33.096,0.72327,0.7234,2.62,1.00
2015.05.26 14:26:33.600,0.72328,0.72341,1.50,3.00
2015.05.26 14:26:34.308,0.72328,0.72341,2.25,1.50
2015.05.26 14:26:34.813,0.72328,0.72339,1.00,1.10
2015.05.26 14:26:35.319,0.72329,0.72342,1.12,2.62
2015.05.26 14:26:37.848,0.7233,0.72342,1.00,1.87
2015.05.26 14:26:37.950,0.7233,0.72344,2.62,1.20
2015.05.26 14:26:38.001,0.7233,0.72346,2.62,3.75
2015.05.26 14:26:38.664,0.7233,0.72342,1.12,1.12
2015.05.26 14:26:39.175,0.7233,0.7234,1.00,1.00
2015.05.26 14:26:39.867,0.72329,0.7234,1.50,1.00
2015.05.26 14:26:40.275,0.72329,0.72343,1.50,1.87
2015.05.26 14:26:40.479,0.72329,0.72339,1.87,1.00
2015.05.26 14:26:41.183,0.72329,0.72341,1.87,1.10
2015.05.26 14:26:43.129,0.7233,0.72343,1.00,1.87
2015.05.26 14:26:43.518,0.72332,0.72343,1.00,1.87
2015.05.26 14:26:43.620,0.72337,0.72349,1.00,2.62
2015.05.26 14:26:43.874,0.72337,0.72351,1.00,1.95
2015.05.26 14:26:44.618,0.72336,0.7235,1.00,1.20
2015.05.26 14:26:45.125,0.72335,0.7235,1.50,2.32
2015.05.26 14:26:46.403,0.72335,0.72346,1.00,1.00
2015.05.26 14:26:46.454,0.72333,0.72346,1.00,1.50
2015.05.26 14:26:46.556,0.72331,0.72344,1.20,1.00
2015.05.26 14:26:46.861,0.72334,0.72346,1.00,1.00
2015.05.26 14:26:47.166,0.72336,0.72349,1.50,2.32
2015.05.26 14:26:48.252,0.72334,0.72347,1.00,1.00
2015.05.26 14:26:48.608,0.72332,0.72347,3.82,1.00
2015.05.26 14:26:49.338,0.72332,0.72347,2.62,1.47
2015.05.26 14:26:49.440,0.7233,0.72344,2.70,1.12
2015.05.26 14:26:49.948,0.72335,0.72344,1.00,1.07
2015.05.26 14:26:50.330,0.72334,0.72347,1.00,1.10
2015.05.26 14:26:50.432,0.72331,0.72345,1.57,1.00
2015.05.26 14:26:50.585,0.72331,0.72343,1.20,1.00
2015.05.26 14:26:50.892,0.72329,0.7234,1.00,1.10
2015.05.26 14:26:51.763,0.72329,0.7234,2.62,1.10
2015.05.26 14:26:52.073,0.72332,0.72344,1.00,1.50
2015.05.26 14:26:52.641,0.72331,0.72344,2.25,1.50
2015.05.26 14:26:52.948,0.72331,0.72342,1.00,1.00
2015.05.26 14:26:54.128,0.72329,0.7234,1.87,1.00
2015.05.26 14:26:54.932,0.72329,0.72342,1.87,1.00
2015.05.26 14:26:55.513,0.72329,0.72342,1.87,1.57
2015.05.26 14:26:55.616,0.72331,0.72343,1.00,1.57
2015.05.26 14:26:55.923,0.72336,0.72349,1.50,1.50
2015.05.26 14:26:57.097,0.72335,0.72347,1.37,1.50
2015.05.26 14:26:57.404,0.72335,0.72344,1.00,1.00
2015.05.26 14:26:58.410,0.72336,0.72344,1.00,1.00
2015.05.26 14:26:58.513,0.72336,0.72347,1.00,2.25
2015.05.26 14:26:58.767,0.72334,0.72347,1.00,2.62
2015.05.26 14:26:58.818,0.72332,0.72344,2.25,1.00
2015.05.26 14:26:59.326,0.72333,0.72345,1.00,2.32
2015.05.26 14:26:59.723,0.72336,0.72346,1.00,1.00
2015.05.26 14:26:59.775,0.72336,0.7235,1.00,1.87
2015.05.26 14:27:00.032,0.72338,0.7235,1.00,3.00
2015.05.26 14:27:00.542,0.72337,0.72348,1.00,1.50
2015.05.26 14:27:01.922,0.72341,0.72348,1.00,1.50
2015.05.26 14:27:02.840,0.72339,0.72349,1.00,1.12
2015.05.26 14:27:05.113,0.72336,0.72347,1.00,1.20
2015.05.26 14:27:06.614,0.72336,0.7234,1.00,1.00
2015.05.26 14:27:09.053,0.72338,0.72345,1.37,1.00
2015.05.26 14:27:09.255,0.72343,0.72348,1.37,1.00
2015.05.26 14:27:09.459,0.72342,0.72353,2.25,1.75
2015.05.26 14:27:09.886,0.72338,0.72343,1.50,1.00
2015.05.26 14:27:10.293,0.72335,0.7234,1.37,1.00
2015.05.26 14:27:10.344,0.72334,0.7234,1.27,1.00
2015.05.26 14:27:10.447,0.72333,0.72339,1.95,1.00
2015.05.26 14:27:11.263,0.72335,0.7234,1.00,1.00
2015.05.26 14:27:11.720,0.72337,0.72341,1.00,1.00
2015.05.26 14:27:12.256,0.72336,0.7234,1.00,1.00
2015.05.26 14:27:12.308,0.72333,0.72339,2.25,1.00
2015.05.26 14:27:12.562,0.72331,0.72337,2.02,1.00
2015.05.26 14:27:12.866,0.7233,0.72335,2.02,1.00
2015.05.26 14:27:14.970,0.72332,0.72336,1.00,1.00
2015.05.26 14:27:15.022,0.72332,0.72337,1.00,1.00
2015.05.26 14:27:15.377,0.72333,0.72339,1.50,1.00
2015.05.26 14:27:15.681,0.72337,0.72345,1.00,1.00
2015.05.26 14:27:16.063,0.72337,0.72347,1.00,1.20
2015.05.26 14:27:16.528,0.7234,0.72347,1.00,1.20
2015.05.26 14:27:16.832,0.7234,0.72344,1.00,1.00
2015.05.26 14:27:18.969,0.7234,0.72348,1.00,1.12
2015.05.26 14:27:20.342,0.7234,0.72348,1.00,1.00
2015.05.26 14:27:22.082,0.7234,0.7235,1.00,1.47
2015.05.26 14:27:25.344,0.72337,0.7235,1.00,1.57
2015.05.26 14:27:25.446,0.72335,0.72346,1.12,1.37
2015.05.26 14:27:25.882,0.72333,0.7234,1.00,1.00
2015.05.26 14:27:25.938,0.72331,0.7234,1.00,1.00
2015.05.26 14:27:26.445,0.72332,0.72341,1.00,1.50
2015.05.26 14:27:26.965,0.72333,0.72341,1.00,1.50
2015.05.26 14:27:27.098,0.72329,0.72341,1.12,1.50
2015.05.26 14:27:27.606,0.72331,0.72341,1.00,1.50
2015.05.26 14:27:28.450,0.72334,0.72341,1.00,1.50
2015.05.26 14:27:29.772,0.72333,0.72339,1.00,1.10
2015.05.26 14:27:29.977,0.72326,0.72337,1.12,1.50
2015.05.26 14:27:30.029,0.72326,0.72337,1.00,1.87
2015.05.26 14:27:30.657,0.72325,0.72334,1.00,1.12
2015.05.26 14:27:30.965,0.72327,0.72334,1.00,1.12
2015.05.26 14:27:31.631,0.72326,0.72332,1.00,1.00
2015.05.26 14:27:31.684,0.72322,0.72331,1.00,1.50
2015.05.26 14:27:31.736,0.72322,0.72333,1.00,1.10
2015.05.26 14:27:31.838,0.72322,0.7233,1.00,1.00
2015.05.26 14:27:32.108,0.72322,0.72333,1.00,1.87
2015.05.26 14:27:32.597,0.7233,0.72337,1.00,1.00
2015.05.26 14:27:32.648,0.7233,0.72339,1.00,3.00
2015.05.26 14:27:33.155,0.7233,0.72338,1.00,1.00
2015.05.26 14:27:33.796,0.72331,0.72338,1.00,1.00
2015.05.26 14:27:34.530,0.72331,0.72341,1.00,1.20
2015.05.26 14:27:34.921,0.72339,0.72347,1.00,2.62
2015.05.26 14:27:35.168,0.72336,0.72342,1.00,1.00
2015.05.26 14:27:35.219,0.72333,0.72342,1.00,1.00
2015.05.26 14:27:35.422,0.72331,0.72338,1.00,1.00
2015.05.26 14:27:36.290,0.7233,0.72338,1.00,1.00
2015.05.26 14:27:36.391,0.72327,0.72336,1.00,1.00
2015.05.26 14:27:36.594,0.72323,0.72335,1.37,1.00
2015.05.26 14:27:37.054,0.72323,0.72335,2.25,1.00
2015.05.26 14:27:37.105,0.72325,0.72338,1.00,1.00
2015.05.26 14:27:37.308,0.72328,0.72341,1.00,3.45
2015.05.26 14:27:38.244,0.72332,0.72341,1.00,1.10
2015.05.26 14:27:38.550,0.72337,0.72347,1.00,2.25
2015.05.26 14:27:38.652,0.72339,0.72349,1.00,1.27
2015.05.26 14:27:39.633,0.72336,0.72348,1.50,1.12
2015.05.26 14:27:39.945,0.72332,0.7234,1.12,1.00
2015.05.26 14:27:40.202,0.72332,0.72343,1.12,1.57
2015.05.26 14:27:41.974,0.72334,0.72345,1.00,1.37
2015.05.26 14:27:42.179,0.72334,0.72346,1.00,1.10
2015.05.26 14:27:42.230,0.72336,0.72346,1.00,1.00
2015.05.26 14:27:42.484,0.72336,0.72348,1.00,1.87
2015.05.26 14:27:43.518,0.72336,0.72347,1.00,1.00
2015.05.26 14:27:44.343,0.72337,0.72347,1.00,1.87
2015.05.26 14:27:44.445,0.72339,0.72347,1.00,1.37
2015.05.26 14:27:44.750,0.72341,0.72348,1.00,1.00
2015.05.26 14:27:44.852,0.72338,0.72348,1.00,1.00
2015.05.26 14:27:45.634,0.72337,0.72348,1.00,1.00
2015.05.26 14:27:45.977,0.72335,0.72346,3.75,1.00
2015.05.26 14:27:47.025,0.72331,0.72341,1.87,1.00
2015.05.26 14:27:47.077,0.7233,0.72341,1.00,1.00
2015.05.26 14:27:47.181,0.72327,0.7234,1.57,1.00
2015.05.26 14:27:47.334,0.7233,0.72343,1.00,1.95
2015.05.26 14:27:47.437,0.72331,0.72344,2.25,1.10
2015.05.26 14:27:48.106,0.72331,0.72342,1.50,1.00
2015.05.26 14:27:48.613,0.72331,0.72344,2.25,1.50
2015.05.26 14:27:49.673,0.72324,0.72337,1.50,1.00
2015.05.26 14:27:49.978,0.72323,0.72334,1.50,1.00
2015.05.26 14:27:50.717,0.72325,0.72335,1.00,1.50
2015.05.26 14:27:50.921,0.72327,0.72339,1.00,1.00
2015.05.26 14:27:51.428,0.72327,0.7234,2.62,1.10
2015.05.26 14:27:51.882,0.72324,0.72337,3.37,1.00
2015.05.26 14:27:52.188,0.72321,0.72337,3.00,1.50
2015.05.26 14:27:52.494,0.72324,0.72337,1.00,1.00
2015.05.26 14:27:52.596,0.72322,0.72337,1.00,1.00
2015.05.26 14:27:53.449,0.72322,0.72338,1.87,1.95
2015.05.26 14:27:53.500,0.72324,0.72339,1.00,3.07
2015.05.26 14:27:54.154,0.72327,0.7234,1.00,1.95
2015.05.26 14:27:54.205,0.72328,0.72341,1.00,1.45
2015.05.26 14:27:54.358,0.72329,0.72342,2.25,1.00
2015.05.26 14:27:55.712,0.72329,0.7234,1.00,1.00
2015.05.26 14:27:56.674,0.72331,0.7234,1.00,1.00
2015.05.26 14:27:56.725,0.72331,0.72342,1.00,1.10
2015.05.26 14:27:56.979,0.72333,0.72342,1.00,1.00
2015.05.26 14:27:57.080,0.72334,0.72345,1.00,1.10
2015.05.26 14:27:57.283,0.72337,0.72346,1.00,1.00
2015.05.26 14:27:57.793,0.72337,0.72349,1.00,1.87
2015.05.26 14:27:58.304,0.72337,0.72346,1.00,1.00
2015.05.26 14:27:58.949,0.72333,0.72342,1.00,1.00
2015.05.26 14:27:59.469,0.72332,0.72341,1.00,1.00
2015.05.26 14:28:00.532,0.72332,0.72339,1.00,1.00
2015.05.26 14:28:00.583,0.72329,0.72339,1.00,1.00
2015.05.26 14:28:01.632,0.72326,0.72335,1.50,1.00
2015.05.26 14:28:02.106,0.72326,0.72337,1.00,1.00
2015.05.26 14:28:02.157,0.72328,0.72337,1.00,1.00
2015.05.26 14:28:02.776,0.72328,0.72338,1.00,1.00
2015.05.26 14:28:03.184,0.7233,0.72338,1.00,1.00
2015.05.26 14:28:03.236,0.7233,0.7234,1.00,1.10
2015.05.26 14:28:03.845,0.7233,0.72339,1.00,1.00
2015.05.26 14:28:03.898,0.72328,0.72339,1.00,1.00
2015.05.26 14:28:04.559,0.72333,0.72339,1.00,1.00
2015.05.26 14:28:06.502,0.72333,0.7234,1.00,1.00
2015.05.26 14:28:06.836,0.72335,0.72342,1.00,1.50
2015.05.26 14:28:07.426,0.72332,0.7234,1.12,1.12
2015.05.26 14:28:10.378,0.72332,0.7234,1.00,1.87
2015.05.26 14:28:11.680,0.72331,0.7234,1.00,1.87
2015.05.26 14:28:12.189,0.72331,0.72338,1.00,1.00
2015.05.26 14:28:12.291,0.72327,0.72338,2.25,1.00
2015.05.26 14:28:12.699,0.72338,0.72345,1.00,3.00
2015.05.26 14:28:12.751,0.72338,0.72345,1.00,1.57
2015.05.26 14:28:12.905,0.72338,0.7235,1.00,1.57
2015.05.26 14:28:13.327,0.72338,0.72346,1.00,1.00
2015.05.26 14:28:13.877,0.72337,0.72348,1.00,1.57
2015.05.26 14:28:14.398,0.7234,0.7235,1.00,3.37
2015.05.26 14:28:14.840,0.72338,0.72349,1.00,1.10
2015.05.26 14:28:15.198,0.72337,0.72347,1.00,1.00
2015.05.26 14:28:15.301,0.72334,0.72347,2.70,1.50
2015.05.26 14:28:15.903,0.72332,0.72346,1.00,1.50
2015.05.26 14:28:16.411,0.72333,0.72346,1.00,1.00
2015.05.26 14:28:17.061,0.72333,0.72347,1.50,1.10
2015.05.26 14:28:17.576,0.72335,0.72348,1.00,1.20
2015.05.26 14:28:18.361,0.72336,0.7235,1.00,2.70
2015.05.26 14:28:18.718,0.72334,0.72346,1.00,1.00
2015.05.26 14:28:19.665,0.72332,0.72346,1.50,1.00
2015.05.26 14:28:19.716,0.72335,0.72346,1.00,1.00
2015.05.26 14:28:19.817,0.72335,0.72349,1.00,3.37
2015.05.26 14:28:20.818,0.72334,0.72349,2.62,1.50
2015.05.26 14:28:21.680,0.72336,0.72349,1.00,1.87
2015.05.26 14:28:22.628,0.72336,0.72343,1.00,1.00
2015.05.26 14:28:22.679,0.72332,0.72343,1.00,1.00
2015.05.26 14:28:22.781,0.7233,0.72343,1.57,1.00
2015.05.26 14:28:23.087,0.72332,0.72344,1.00,1.50
2015.05.26 14:28:23.733,0.72333,0.72345,1.00,1.50
2015.05.26 14:28:23.936,0.72333,0.72347,1.00,2.62
2015.05.26 14:28:24.190,0.72333,0.72345,1.00,1.00
2015.05.26 14:28:26.402,0.72332,0.72345,1.50,1.00
2015.05.26 14:28:26.554,0.72332,0.72347,2.62,1.20
2015.05.26 14:28:27.062,0.72334,0.72347,1.00,1.20
2015.05.26 14:28:30.223,0.72332,0.72347,2.25,1.10
2015.05.26 14:28:30.640,0.72333,0.72345,1.00,1.00
2015.05.26 14:28:31.178,0.72333,0.72344,1.50,1.00
2015.05.26 14:28:31.533,0.72334,0.72346,1.00,1.50
2015.05.26 14:28:31.585,0.72336,0.72346,1.00,1.00
2015.05.26 14:28:31.981,0.72336,0.7235,1.50,2.32
2015.05.26 14:28:32.134,0.72338,0.72348,1.00,1.00
2015.05.26 14:28:32.337,0.72335,0.72346,1.00,1.00
2015.05.26 14:28:33.546,0.72335,0.72348,1.50,1.95
2015.05.26 14:28:34.065,0.72335,0.72348,1.50,1.95
2015.05.26 14:28:34.792,0.72334,0.72346,1.00,1.10
2015.05.26 14:28:34.894,0.72331,0.72346,1.47,1.10
2015.05.26 14:28:34.945,0.72331,0.72344,1.57,1.00
2015.05.26 14:28:35.250,0.72331,0.72342,1.00,1.00
2015.05.26 14:28:35.352,0.72329,0.72342,1.12,1.87
2015.05.26 14:28:35.404,0.72328,0.7234,1.47,1.00
2015.05.26 14:28:35.457,0.72327,0.7234,1.95,1.50
2015.05.26 14:28:35.815,0.72327,0.72334,1.12,1.00
2015.05.26 14:28:35.866,0.72325,0.72334,1.10,1.00
2015.05.26 14:28:36.880,0.72325,0.72333,1.00,1.00
2015.05.26 14:28:36.931,0.72322,0.72333,1.50,1.00
2015.05.26 14:28:37.134,0.72323,0.72335,1.00,1.00
2015.05.26 14:28:37.236,0.72326,0.72335,1.00,1.00
2015.05.26 14:28:37.547,0.72324,0.72335,1.50,1.00
2015.05.26 14:28:37.986,0.72324,0.72331,1.50,1.00
2015.05.26 14:28:38.037,0.72318,0.72331,1.50,1.00
2015.05.26 14:28:38.088,0.72318,0.72331,1.12,1.00
2015.05.26 14:28:38.205,0.72317,0.72328,3.45,1.00
2015.05.26 14:28:39.012,0.72317,0.72328,1.50,1.00
2015.05.26 14:28:39.173,0.72318,0.72331,1.00,1.20
2015.05.26 14:28:39.712,0.72319,0.72331,1.00,1.00
2015.05.26 14:28:40.669,0.72321,0.72333,1.00,1.12
2015.05.26 14:28:41.600,0.72321,0.72334,1.00,3.82
2015.05.26 14:28:41.931,0.72321,0.72334,1.00,3.07
2015.05.26 14:28:43.577,0.72324,0.72334,1.00,1.95
2015.05.26 14:28:43.729,0.72326,0.72336,1.00,1.12
2015.05.26 14:28:45.082,0.72323,0.72336,1.00,1.00
2015.05.26 14:28:45.235,0.72323,0.72338,1.50,1.00
2015.05.26 14:28:46.018,0.72324,0.72339,1.00,1.20
2015.05.26 14:28:47.697,0.72324,0.72337,1.00,1.00
2015.05.26 14:28:48.002,0.72322,0.72337,3.82,1.00
2015.05.26 14:28:48.444,0.72322,0.72335,1.12,1.00
2015.05.26 14:28:48.955,0.72323,0.72335,1.00,2.62
2015.05.26 14:28:49.656,0.72325,0.72335,1.00,1.00
2015.05.26 14:28:50.315,0.72326,0.72336,1.00,1.00
2015.05.26 14:28:50.585,0.72327,0.7234,1.00,1.87
2015.05.26 14:28:51.988,0.72326,0.72339,1.00,1.57
2015.05.26 14:28:52.501,0.72325,0.7234,1.00,2.70
2015.05.26 14:28:52.869,0.72327,0.7234,1.00,1.57
2015.05.26 14:28:53.466,0.7233,0.72341,1.00,1.50
2015.05.26 14:28:53.773,0.72335,0.72344,1.00,1.00
2015.05.26 14:28:55.034,0.72336,0.72347,1.50,1.00
2015.05.26 14:28:55.085,0.72338,0.72349,1.00,1.00
2015.05.26 14:28:55.391,0.7234,0.72351,1.00,2.77
2015.05.26 14:28:56.091,0.7234,0.72351,1.50,1.00
2015.05.26 14:28:56.806,0.7234,0.72351,1.00,1.47
2015.05.26 14:28:57.270,0.72338,0.7235,1.00,1.12
2015.05.26 14:28:57.321,0.72336,0.72349,1.00,1.10
2015.05.26 14:28:57.424,0.72334,0.72347,1.57,1.00
2015.05.26 14:28:57.939,0.72333,0.72347,1.95,1.00
2015.05.26 14:28:59.953,0.72332,0.72346,2.62,1.00
2015.05.26 14:29:00.588,0.72332,0.72347,1.12,1.00
2015.05.26 14:29:01.166,0.72333,0.72347,1.00,1.00
2015.05.26 14:29:01.909,0.72334,0.72347,1.00,1.00
2015.05.26 14:29:02.574,0.72334,0.72349,1.00,3.45
2015.05.26 14:29:03.108,0.72335,0.72349,1.00,2.32
2015.05.26 14:29:06.554,0.72337,0.7235,1.00,1.50
2015.05.26 14:29:07.734,0.72338,0.72351,1.00,2.62
2015.05.26 14:29:07.785,0.72338,0.72351,1.00,2.25
2015.05.26 14:29:08.633,0.72337,0.7235,2.25,1.20
2015.05.26 14:29:09.030,0.72337,0.72348,1.00,1.00
2015.05.26 14:29:10.867,0.72339,0.72349,1.00,1.07
2015.05.26 14:29:13.599,0.72339,0.7235,1.00,2.32
2015.05.26 14:29:15.109,0.72335,0.7235,1.50,2.32
2015.05.26 14:29:15.313,0.72335,0.72348,1.00,1.50
2015.05.26 14:29:17.778,0.72332,0.72347,2.32,1.10
2015.05.26 14:29:18.320,0.72333,0.72348,1.00,1.12
2015.05.26 14:29:18.473,0.72335,0.72349,1.00,3.07
2015.05.26 14:29:19.786,0.72334,0.72349,1.00,2.62
2015.05.26 14:29:22.190,0.72333,0.72348,1.12,1.37
2015.05.26 14:29:26.209,0.72333,0.72342,1.00,1.20
2015.05.26 14:29:26.260,0.72329,0.72341,1.00,1.50
2015.05.26 14:29:26.412,0.72326,0.72339,4.12,1.00
2015.05.26 14:29:27.668,0.72327,0.7234,1.00,1.37
2015.05.26 14:29:27.872,0.72329,0.72341,1.00,1.95
2015.05.26 14:29:28.922,0.72329,0.72341,1.00,2.62
2015.05.26 14:29:29.024,0.72327,0.72339,1.00,1.50
2015.05.26 14:29:29.126,0.72325,0.72338,1.20,1.00
2015.05.26 14:29:29.481,0.72327,0.72339,1.00,1.00
2015.05.26 14:29:30.044,0.72322,0.72334,1.00,1.00
2015.05.26 14:29:30.350,0.72333,0.72337,1.00,1.10
2015.05.26 14:29:30.555,0.72336,0.7234,1.00,1.50
2015.05.26 14:29:31.299,0.72336,0.7234,1.00,1.00
2015.05.26 14:29:31.929,0.72337,0.72341,1.00,1.12
2015.05.26 14:29:34.250,0.72336,0.7234,1.00,1.00
2015.05.26 14:29:34.810,0.72334,0.7234,1.50,1.00
2015.05.26 14:29:35.409,0.72331,0.7234,1.00,2.25
2015.05.26 14:29:35.511,0.72327,0.72337,1.00,1.12
2015.05.26 14:29:35.613,0.7233,0.72335,1.00,1.12
2015.05.26 14:29:35.917,0.72332,0.72336,1.50,1.12
2015.05.26 14:29:36.416,0.72336,0.72341,1.00,4.12
2015.05.26 14:29:36.926,0.72336,0.72342,1.50,1.00
2015.05.26 14:29:38.146,0.72337,0.72342,1.00,1.12
2015.05.26 14:29:38.676,0.72336,0.72343,1.00,1.75
2015.05.26 14:29:39.231,0.72336,0.72343,1.00,1.37
2015.05.26 14:29:39.738,0.72337,0.72344,1.00,1.87
2015.05.26 14:29:39.840,0.72339,0.72343,1.00,1.00
2015.05.26 14:29:40.144,0.72346,0.7235,1.00,1.12
2015.05.26 14:29:40.498,0.72346,0.72351,1.00,1.37
2015.05.26 14:29:40.549,0.72339,0.72351,1.10,1.87
2015.05.26 14:29:40.651,0.72337,0.72349,1.00,1.00
2015.05.26 14:29:40.956,0.72336,0.72344,1.00,1.00
2015.05.26 14:29:41.159,0.72329,0.72342,1.87,1.00
2015.05.26 14:29:41.262,0.72328,0.7234,2.25,1.00
2015.05.26 14:29:41.366,0.72327,0.7234,4.50,1.00
2015.05.26 14:29:41.802,0.72326,0.7234,1.00,1.00
2015.05.26 14:29:42.057,0.72328,0.7234,1.00,1.00
2015.05.26 14:29:42.362,0.72333,0.72342,1.00,1.10
2015.05.26 14:29:42.880,0.72332,0.72342,1.00,1.00
2015.05.26 14:29:43.188,0.72338,0.72348,1.50,3.52
2015.05.26 14:29:43.496,0.72328,0.72334,2.25,1.00
2015.05.26 14:29:44.178,0.72321,0.72331,1.20,1.00
2015.05.26 14:29:44.634,0.72323,0.72333,1.00,1.00
2015.05.26 14:29:44.735,0.72326,0.72335,1.00,1.00
2015.05.26 14:29:44.837,0.72326,0.72339,1.00,4.57
2015.05.26 14:29:45.332,0.72323,0.72331,1.00,1.00
2015.05.26 14:29:46.576,0.72327,0.72336,1.00,1.37
2015.05.26 14:29:46.729,0.72328,0.72338,1.00,3.00
2015.05.26 14:29:47.236,0.72331,0.72339,1.00,1.20
2015.05.26 14:29:47.782,0.72328,0.72338,1.00,1.00
2015.05.26 14:29:48.339,0.72328,0.7234,1.00,1.12
2015.05.26 14:29:49.443,0.72327,0.7234,1.00,1.12
2015.05.26 14:29:49.596,0.72325,0.72338,1.50,1.50
2015.05.26 14:29:49.648,0.72325,0.72336,1.50,1.50
2015.05.26 14:29:50.056,0.72325,0.72333,1.00,1.50
2015.05.26 14:29:50.621,0.72323,0.72328,1.00,1.00
2015.05.26 14:29:50.931,0.72313,0.72319,3.45,1.00
2015.05.26 14:29:51.033,0.7231,0.72318,1.12,1.00
2015.05.26 14:29:51.287,0.7231,0.7232,1.50,1.00
2015.05.26 14:29:51.389,0.7231,0.72322,1.95,2.25
2015.05.26 14:29:51.834,0.72312,0.72326,3.00,1.50
2015.05.26 14:29:51.886,0.72315,0.72326,1.00,1.50
2015.05.26 14:29:52.191,0.72317,0.72327,1.00,1.12
2015.05.26 14:29:52.395,0.72318,0.72329,1.00,1.00
2015.05.26 14:29:53.005,0.7232,0.72329,1.00,1.50
2015.05.26 14:29:53.466,0.72322,0.7233,1.00,1.00
2015.05.26 14:29:53.943,0.72322,0.72332,1.00,2.25
2015.05.26 14:29:55.167,0.72317,0.7233,1.20,1.00
2015.05.26 14:29:55.912,0.72317,0.72331,1.20,1.50
2015.05.26 14:29:57.101,0.72317,0.7233,1.20,1.00
2015.05.26 14:30:00.274,0.72319,0.7233,1.00,1.00
2015.05.26 14:30:00.834,0.72319,0.72331,1.00,1.87
2015.05.26 14:30:01.389,0.72319,0.72333,1.50,1.00
2015.05.26 14:30:02.732,0.72319,0.72332,1.00,1.00
2015.05.26 14:30:03.393,0.72317,0.72331,1.50,1.00
2015.05.26 14:30:06.689,0.7232,0.72332,1.00,1.10
2015.05.26 14:30:06.993,0.72317,0.72331,1.00,1.00
2015.05.26 14:30:10.171,0.72317,0.72331,1.00,2.32
2015.05.26 14:30:17.503,0.72319,0.72331,1.00,1.07
2015.05.26 14:30:18.018,0.72319,0.72331,1.00,1.12
2015.05.26 14:30:18.546,0.72319,0.72332,1.00,1.00
2015.05.26 14:30:19.700,0.72321,0.72334,1.12,1.95
2015.05.26 14:30:19.852,0.72324,0.72337,1.00,4.12
2015.05.26 14:30:19.903,0.72321,0.72337,1.95,3.75
2015.05.26 14:30:20.423,0.7232,0.72334,1.20,1.87
2015.05.26 14:30:20.626,0.72319,0.72333,1.20,1.87
2015.05.26 14:30:21.133,0.72319,0.72333,1.00,1.87
2015.05.26 14:30:22.650,0.72319,0.72333,1.00,1.87
2015.05.26 14:30:25.195,0.72321,0.72334,1.00,2.40
2015.05.26 14:30:25.994,0.72321,0.72335,1.12,1.87
2015.05.26 14:30:26.046,0.72321,0.72335,1.00,1.50
2015.05.26 14:30:26.757,0.7232,0.72334,1.20,1.50
2015.05.26 14:30:27.158,0.72321,0.72332,1.00,1.00
2015.05.26 14:30:27.210,0.72318,0.72332,1.12,2.25
2015.05.26 14:30:27.717,0.72318,0.72332,1.10,2.25
2015.05.26 14:30:28.584,0.72315,0.72327,1.10,1.00
2015.05.26 14:30:29.097,0.72315,0.72326,1.10,1.00
2015.05.26 14:30:29.299,0.72315,0.72328,1.10,1.00
2015.05.26 14:30:29.400,0.72318,0.7233,1.00,1.12
2015.05.26 14:30:29.553,0.72318,0.72332,1.00,2.32
2015.05.26 14:30:30.097,0.72322,0.72332,1.00,1.87
2015.05.26 14:30:30.199,0.72319,0.72332,1.00,1.12
2015.05.26 14:30:31.232,0.72317,0.7233,1.50,1.50
2015.05.26 14:30:31.539,0.72313,0.72326,1.87,2.62
2015.05.26 14:30:31.641,0.72312,0.72325,1.00,1.87
2015.05.26 14:30:31.928,0.72314,0.72325,1.00,1.50
2015.05.26 14:30:32.786,0.72317,0.72325,1.00,1.12
2015.05.26 14:30:32.858,0.72317,0.7233,1.00,1.87
2015.05.26 14:30:33.112,0.72323,0.72331,1.00,3.07
2015.05.26 14:30:33.436,0.72321,0.72325,1.00,1.87
2015.05.26 14:30:33.488,0.72316,0.72325,1.00,1.87
2015.05.26 14:30:33.996,0.72321,0.72326,1.00,1.87
2015.05.26 14:30:34.098,0.72318,0.72327,1.00,1.87
2015.05.26 14:30:34.150,0.72318,0.72322,1.00,1.87
2015.05.26 14:30:34.201,0.72314,0.72322,1.50,1.87
2015.05.26 14:30:34.303,0.72312,0.72322,1.00,2.62
2015.05.26 14:30:34.354,0.72312,0.72322,1.00,1.87
2015.05.26 14:30:34.608,0.72312,0.72322,1.10,1.37
2015.05.26 14:30:35.214,0.72312,0.72322,1.00,1.87
2015.05.26 14:30:35.316,0.72315,0.72322,1.00,1.87
2015.05.26 14:30:35.570,0.72314,0.72322,1.00,1.00
2015.05.26 14:30:36.379,0.72316,0.72325,1.00,1.00
2015.05.26 14:30:36.536,0.72316,0.72329,1.00,1.37
2015.05.26 14:30:36.892,0.72318,0.72326,1.00,1.00
2015.05.26 14:30:36.994,0.72315,0.72329,2.70,1.37
2015.05.26 14:30:37.644,0.72315,0.72329,2.70,1.00
2015.05.26 14:30:37.796,0.72318,0.72332,1.00,2.70
2015.05.26 14:30:38.101,0.72319,0.72333,1.50,1.37
2015.05.26 14:30:38.833,0.72319,0.72333,2.25,1.37
2015.05.26 14:30:38.925,0.72319,0.72334,1.12,1.12
2015.05.26 14:30:39.482,0.7232,0.72332,1.07,1.00
2015.05.26 14:30:41.714,0.7232,0.72334,1.57,1.12
2015.05.26 14:30:42.629,0.72324,0.72339,1.00,1.87
2015.05.26 14:30:42.682,0.72324,0.7234,1.10,1.50
2015.05.26 14:30:43.191,0.72325,0.7234,1.00,1.50
2015.05.26 14:30:43.927,0.72325,0.72336,1.00,1.00
2015.05.26 14:30:44.438,0.72322,0.72337,1.50,1.00
2015.05.26 14:30:45.026,0.72321,0.72335,2.25,1.00
2015.05.26 14:30:45.543,0.72323,0.72339,1.20,1.50
2015.05.26 14:30:45.747,0.72325,0.72339,1.00,1.50
2015.05.26 14:30:46.257,0.72326,0.72339,1.00,1.87
2015.05.26 14:30:46.784,0.72324,0.72339,1.00,1.87
2015.05.26 14:30:47.206,0.72324,0.72335,1.00,1.00
2015.05.26 14:30:47.554,0.72323,0.72332,1.10,1.00
2015.05.26 14:30:47.606,0.72319,0.72331,1.00,1.00
2015.05.26 14:30:47.917,0.72316,0.7233,1.20,1.50
2015.05.26 14:30:47.968,0.72315,0.72328,1.12,1.00
2015.05.26 14:30:48.319,0.72314,0.72326,1.95,1.00
2015.05.26 14:30:48.835,0.72316,0.72329,1.00,1.00
2015.05.26 14:30:48.988,0.72319,0.72332,1.00,6.07
2015.05.26 14:30:49.292,0.72325,0.72334,1.50,3.00
2015.05.26 14:30:49.344,0.72325,0.72336,1.00,3.75
2015.05.26 14:30:49.859,0.72325,0.72338,1.00,1.00
2015.05.26 14:30:50.012,0.72324,0.72336,1.95,1.00
2015.05.26 14:30:50.317,0.72321,0.72334,2.25,1.50
2015.05.26 14:30:50.952,0.72321,0.72335,3.75,1.50
2015.05.26 14:30:51.003,0.72325,0.72338,1.00,1.00
2015.05.26 14:30:51.520,0.72325,0.7234,1.00,1.12
2015.05.26 14:30:51.672,0.72327,0.72341,1.00,2.70
2015.05.26 14:30:52.626,0.72327,0.72339,1.00,1.00
2015.05.26 14:30:53.133,0.72326,0.7234,3.37,1.00
2015.05.26 14:30:54.143,0.72326,0.72339,2.25,1.00
2015.05.26 14:30:54.449,0.72326,0.72333,1.95,1.00
2015.05.26 14:30:54.842,0.72327,0.72331,1.10,1.50
2015.05.26 14:30:54.893,0.72331,0.72341,1.00,2.25
2015.05.26 14:30:54.995,0.72333,0.72341,1.00,1.95
2015.05.26 14:30:55.503,0.72332,0.72341,1.00,1.12
2015.05.26 14:30:55.965,0.72338,0.72342,1.00,1.00
2015.05.26 14:30:56.016,0.72338,0.72345,1.00,1.00
2015.05.26 14:30:56.118,0.72338,0.72347,1.00,1.00
2015.05.26 14:30:56.526,0.7234,0.72346,1.00,1.00
2015.05.26 14:30:57.232,0.72337,0.72346,1.00,1.00
2015.05.26 14:30:57.389,0.72341,0.72346,1.00,1.00
2015.05.26 14:30:57.440,0.72341,0.72348,1.50,1.00
2015.05.26 14:30:57.592,0.72342,0.72353,1.00,3.00
2015.05.26 14:30:57.949,0.72342,0.7235,1.00,1.37
2015.05.26 14:30:58.591,0.72338,0.72348,1.50,1.00
2015.05.26 14:30:58.643,0.72336,0.72348,1.00,1.00
2015.05.26 14:30:59.164,0.72336,0.72349,1.00,1.12
2015.05.26 14:30:59.366,0.72333,0.72346,1.47,1.00
2015.05.26 14:30:59.724,0.72332,0.72346,1.20,1.50
2015.05.26 14:30:59.775,0.72331,0.72344,1.57,1.00
2015.05.26 14:31:00.079,0.7233,0.72342,2.25,1.00
2015.05.26 14:31:00.385,0.72326,0.72339,1.00,1.00
2015.05.26 14:31:00.892,0.72327,0.72338,1.50,1.00
2015.05.26 14:31:00.943,0.72325,0.72338,1.87,1.00
2015.05.26 14:31:01.458,0.72323,0.72335,3.37,1.00
2015.05.26 14:31:01.559,0.72325,0.72337,1.00,2.25
2015.05.26 14:31:02.519,0.72326,0.72338,1.57,1.50
2015.05.26 14:31:03.862,0.72324,0.72337,2.32,1.00
2015.05.26 14:31:03.964,0.72323,0.72336,1.87,1.00
2015.05.26 14:31:04.218,0.72322,0.72332,1.12,1.00
2015.05.26 14:31:04.320,0.72321,0.72332,1.12,1.00
2015.05.26 14:31:04.472,0.72319,0.72332,1.20,1.00
2015.05.26 14:31:05.018,0.72319,0.72333,1.20,1.00
2015.05.26 14:31:05.221,0.72322,0.72333,1.00,1.00
2015.05.26 14:31:06.149,0.72322,0.72335,1.00,2.62
2015.05.26 14:31:06.252,0.72324,0.72336,2.25,1.37
2015.05.26 14:31:06.405,0.72326,0.72339,1.50,1.00
2015.05.26 14:31:06.508,0.72326,0.72342,1.50,3.90
2015.05.26 14:31:06.712,0.72328,0.72342,1.00,2.77
2015.05.26 14:31:07.224,0.72332,0.72343,1.00,1.12
2015.05.26 14:31:07.732,0.72332,0.72344,1.20,1.00
2015.05.26 14:31:08.515,0.72332,0.72344,1.50,1.00
2015.05.26 14:31:08.718,0.72334,0.7235,2.25,3.07
2015.05.26 14:31:08.920,0.72335,0.72349,3.37,1.50
2015.05.26 14:31:09.639,0.72335,0.72349,4.12,1.00
2015.05.26 14:31:10.163,0.72335,0.72344,3.37,1.00
2015.05.26 14:31:10.366,0.72335,0.72346,3.37,1.00
2015.05.26 14:31:10.872,0.72335,0.7234,1.00,1.00
2015.05.26 14:31:11.075,0.7233,0.72337,1.20,1.00
2015.05.26 14:31:11.306,0.72328,0.72337,1.57,1.00
2015.05.26 14:31:11.358,0.72328,0.72334,1.57,1.00
2015.05.26 14:31:12.359,0.72326,0.72337,2.25,1.00
2015.05.26 14:31:12.476,0.72327,0.72339,1.00,1.10
2015.05.26 14:31:12.781,0.72329,0.72341,1.00,1.10
2015.05.26 14:31:13.637,0.72329,0.72341,1.47,1.00
2015.05.26 14:31:14.383,0.72332,0.72344,1.00,1.10
2015.05.26 14:31:14.486,0.72336,0.72346,1.00,1.20
2015.05.26 14:31:14.986,0.72337,0.72349,1.12,1.00
2015.05.26 14:31:15.088,0.72336,0.72346,1.00,1.00
2015.05.26 14:31:15.190,0.72334,0.72346,1.00,1.50
2015.05.26 14:31:15.291,0.72332,0.72344,2.25,1.00
2015.05.26 14:31:15.393,0.72331,0.72345,1.95,1.00
2015.05.26 14:31:15.938,0.7233,0.72344,1.95,1.00
2015.05.26 14:31:16.484,0.72331,0.72346,1.00,1.00
2015.05.26 14:31:16.535,0.72331,0.72346,1.87,1.00
2015.05.26 14:31:16.738,0.72331,0.72347,1.50,1.65
2015.05.26 14:31:16.839,0.72331,0.72345,2.25,1.00
2015.05.26 14:31:17.391,0.72333,0.72346,1.37,1.00
2015.05.26 14:31:17.703,0.72329,0.72342,1.50,1.50
2015.05.26 14:31:18.048,0.72325,0.72337,2.25,1.50
2015.05.26 14:31:18.099,0.72324,0.72336,1.00,1.00
2015.05.26 14:31:18.150,0.72323,0.72334,1.10,1.00
2015.05.26 14:31:18.639,0.72318,0.72332,3.37,1.50
2015.05.26 14:31:18.696,0.72318,0.72332,2.25,1.50
2015.05.26 14:31:19.202,0.72317,0.72331,1.37,1.50
2015.05.26 14:31:19.751,0.7232,0.72332,1.00,1.50
2015.05.26 14:31:20.055,0.72324,0.72338,1.10,1.85
2015.05.26 14:31:20.157,0.72324,0.72338,1.57,1.00
2015.05.26 14:31:20.310,0.72326,0.72339,1.00,1.00
2015.05.26 14:31:21.078,0.72326,0.7234,1.50,1.00
2015.05.26 14:31:21.599,0.72327,0.7234,1.12,1.00
2015.05.26 14:31:23.053,0.72326,0.7234,1.57,1.00
2015.05.26 14:31:23.378,0.72325,0.72337,1.12,1.00
2015.05.26 14:31:26.924,0.72328,0.72337,1.00,1.00
2015.05.26 14:31:26.975,0.72328,0.72341,1.50,1.00
2015.05.26 14:31:27.078,0.7233,0.72344,1.12,2.70
2015.05.26 14:31:27.129,0.72332,0.72345,1.00,1.50
2015.05.26 14:31:27.384,0.72332,0.72346,1.50,1.00
2015.05.26 14:31:28.206,0.72334,0.72348,1.87,1.50
2015.05.26 14:31:28.359,0.72333,0.72344,1.00,1.00
2015.05.26 14:31:28.563,0.7233,0.72342,1.87,1.00
2015.05.26 14:31:29.608,0.7233,0.72341,1.00,1.00
2015.05.26 14:31:30.114,0.72328,0.72339,1.10,1.00
2015.05.26 14:31:30.629,0.72326,0.72338,2.25,1.00
2015.05.26 14:31:30.882,0.72325,0.72338,1.00,1.50
2015.05.26 14:31:32.197,0.72324,0.72338,3.82,1.00
2015.05.26 14:31:32.721,0.72325,0.72339,1.00,1.57
2015.05.26 14:31:35.558,0.72327,0.72339,1.00,1.10
2015.05.26 14:31:35.863,0.72332,0.72343,1.00,1.00
2015.05.26 14:31:35.914,0.72332,0.72345,1.00,1.00
2015.05.26 14:31:37.120,0.72332,0.72344,2.25,1.00
2015.05.26 14:31:37.906,0.72333,0.72344,1.00,1.00
2015.05.26 14:31:38.633,0.72331,0.72342,1.50,1.00
2015.05.26 14:31:38.786,0.7233,0.72342,1.00,1.00
2015.05.26 14:31:39.865,0.72331,0.72342,1.00,1.00
2015.05.26 14:31:39.967,0.72331,0.72344,1.50,1.00
2015.05.26 14:31:40.222,0.72331,0.72338,1.50,1.00
2015.05.26 14:31:40.751,0.72327,0.72338,1.50,1.00
2015.05.26 14:31:40.853,0.72327,0.72336,1.00,1.00
2015.05.26 14:31:40.955,0.72323,0.72336,1.20,1.00
2015.05.26 14:31:41.474,0.72323,0.72336,1.20,1.00
2015.05.26 14:31:42.983,0.72322,0.72335,1.50,1.00
2015.05.26 14:31:43.698,0.7232,0.72333,1.07,1.00
2015.05.26 14:31:44.229,0.72319,0.72333,3.82,1.50
2015.05.26 14:31:45.138,0.72327,0.72334,1.00,1.00
2015.05.26 14:31:45.392,0.72327,0.72338,1.00,1.37
2015.05.26 14:31:45.748,0.72332,0.72338,1.00,1.00
2015.05.26 14:31:46.302,0.72337,0.72342,1.00,1.00
2015.05.26 14:31:46.460,0.72335,0.72342,1.00,1.00
2015.05.26 14:31:46.969,0.72334,0.72342,1.00,1.00
2015.05.26 14:31:47.565,0.72334,0.72341,1.00,1.00
2015.05.26 14:31:47.859,0.72331,0.72341,1.10,1.00
2015.05.26 14:31:48.370,0.72331,0.72342,1.10,1.00
2015.05.26 14:31:49.777,0.72333,0.72343,1.00,1.37
2015.05.26 14:31:50.249,0.72336,0.72344,1.00,1.50
2015.05.26 14:31:50.351,0.72336,0.72347,1.00,1.50
2015.05.26 14:31:50.453,0.72338,0.72349,1.00,1.87
2015.05.26 14:31:51.242,0.72338,0.72349,1.00,1.50
2015.05.26 14:31:51.648,0.72336,0.72347,1.00,1.00
2015.05.26 14:31:51.851,0.72334,0.72346,1.00,1.00
2015.05.26 14:31:52.819,0.72336,0.7235,1.00,1.12
2015.05.26 14:31:53.331,0.72337,0.72349,1.00,1.00
2015.05.26 14:31:54.375,0.72338,0.72349,1.00,1.00
2015.05.26 14:31:54.427,0.72339,0.72352,1.50,1.57
2015.05.26 14:31:54.580,0.72339,0.72353,2.25,1.00
2015.05.26 14:31:54.733,0.72341,0.72353,1.00,1.00
2015.05.26 14:31:55.232,0.72337,0.72349,1.95,1.00
2015.05.26 14:31:55.285,0.72337,0.72349,1.57,1.00
2015.05.26 14:31:55.865,0.72336,0.72349,1.20,1.00
2015.05.26 14:31:56.397,0.72335,0.72349,1.57,1.50
2015.05.26 14:31:56.448,0.72335,0.72346,1.00,1.00
2015.05.26 14:31:56.955,0.72334,0.72346,1.65,1.00
2015.05.26 14:31:58.644,0.72335,0.72349,1.37,1.50
2015.05.26 14:31:59.302,0.72335,0.72349,1.27,1.50
2015.05.26 14:31:59.455,0.72333,0.72347,2.25,1.00
2015.05.26 14:31:59.557,0.72332,0.72346,1.12,3.00
2015.05.26 14:32:00.225,0.72332,0.72345,1.10,1.12
2015.05.26 14:32:00.432,0.72332,0.72343,1.00,1.00
2015.05.26 14:32:00.939,0.72333,0.72344,1.00,1.00
2015.05.26 14:32:01.603,0.72333,0.72345,1.57,1.00
2015.05.26 14:32:03.320,0.72335,0.72346,1.12,1.00
2015.05.26 14:32:03.627,0.72332,0.72346,1.12,1.00
2015.05.26 14:32:03.881,0.72335,0.72349,1.00,1.50
2015.05.26 14:32:04.444,0.72333,0.72348,1.65,1.00
2015.05.26 14:32:04.965,0.72333,0.72347,1.65,1.50
2015.05.26 14:32:06.530,0.72334,0.72347,1.00,1.00
2015.05.26 14:32:07.043,0.72334,0.72348,1.12,1.00
2015.05.26 14:32:08.728,0.72334,0.72347,1.00,1.00
2015.05.26 14:32:11.948,0.72332,0.72346,1.12,1.50
2015.05.26 14:32:12.643,0.72333,0.72348,1.20,1.50
2015.05.26 14:32:15.087,0.72333,0.72347,1.20,1.00
2015.05.26 14:32:16.007,0.72333,0.72348,1.95,1.50
2015.05.26 14:32:16.811,0.72334,0.72349,2.32,1.00
2015.05.26 14:32:18.815,0.72337,0.72351,1.00,1.95
2015.05.26 14:32:19.364,0.72337,0.7235,1.50,1.12
2015.05.26 14:32:20.251,0.7234,0.7235,1.00,1.00
2015.05.26 14:32:30.793,0.72338,0.7235,1.00,1.12
2015.05.26 14:32:32.659,0.72339,0.7235,1.00,1.00
2015.05.26 14:32:33.369,0.72338,0.7235,1.87,1.00
2015.05.26 14:32:37.032,0.72339,0.7235,1.00,1.00
2015.05.26 14:32:38.035,0.72338,0.7235,1.12,1.12
2015.05.26 14:32:40.351,0.72338,0.7235,1.50,1.00
2015.05.26 14:32:43.793,0.7234,0.7235,1.00,1.00
2015.05.26 14:32:43.844,0.72343,0.72353,1.37,1.00
2015.05.26 14:32:44.097,0.72348,0.7236,1.00,2.32
2015.05.26 14:32:44.148,0.72345,0.72349,1.50,1.00
2015.05.26 14:32:44.206,0.72345,0.72349,1.00,1.00
2015.05.26 14:32:44.308,0.7234,0.72349,3.00,1.00
2015.05.26 14:32:44.409,0.72338,0.72349,7.12,1.00
2015.05.26 14:32:44.561,0.72338,0.72351,6.45,1.00
2015.05.26 14:32:45.610,0.72338,0.72351,1.20,1.87
2015.05.26 14:32:47.054,0.72339,0.72351,1.50,1.12
2015.05.26 14:32:47.565,0.72339,0.72352,1.87,1.00
2015.05.26 14:32:47.616,0.72341,0.72354,1.37,2.62
2015.05.26 14:32:47.922,0.72345,0.72356,1.00,1.00
2015.05.26 14:32:48.175,0.72348,0.72358,1.00,1.50
2015.05.26 14:32:48.609,0.72348,0.72359,1.87,1.00
2015.05.26 14:32:48.663,0.72348,0.72361,2.62,3.37
2015.05.26 14:32:50.164,0.72348,0.72359,1.37,1.00
2015.05.26 14:32:50.674,0.72348,0.7236,1.37,1.00
2015.05.26 14:32:51.478,0.72348,0.72361,2.25,3.37
2015.05.26 14:32:52.493,0.72348,0.7236,1.37,1.00
2015.05.26 14:32:55.342,0.72348,0.7236,1.37,1.50
2015.05.26 14:32:55.817,0.72343,0.72348,1.50,1.00
2015.05.26 14:32:55.872,0.72335,0.72346,2.32,1.00
2015.05.26 14:32:56.074,0.72333,0.72343,1.37,1.00
2015.05.26 14:32:56.379,0.7233,0.72343,1.95,1.00
2015.05.26 14:32:57.342,0.72337,0.72343,1.12,1.00
2015.05.26 14:32:57.394,0.72337,0.7235,1.12,2.25
2015.05.26 14:32:58.843,0.72337,0.72348,1.87,1.00
2015.05.26 14:33:00.726,0.72336,0.72347,2.62,1.00
2015.05.26 14:33:01.920,0.72333,0.72346,1.57,1.00
2015.05.26 14:33:01.971,0.72332,0.72346,2.62,1.87
2015.05.26 14:33:02.564,0.72332,0.72343,1.87,1.00
2015.05.26 14:33:03.115,0.72329,0.72342,1.87,1.00
2015.05.26 14:33:03.868,0.72327,0.7234,3.82,1.12
2015.05.26 14:33:03.919,0.72333,0.72344,1.50,1.57
2015.05.26 14:33:04.427,0.72331,0.72344,2.25,2.70
2015.05.26 14:33:06.614,0.72331,0.72344,1.75,1.57
2015.05.26 14:33:07.214,0.72331,0.72344,1.75,1.57
2015.05.26 14:33:08.230,0.72336,0.72347,1.50,1.87
2015.05.26 14:33:08.288,0.72339,0.72351,1.37,2.25
2015.05.26 14:33:08.390,0.72341,0.72351,1.00,1.65
2015.05.26 14:33:08.593,0.7234,0.72351,1.37,1.50
2015.05.26 14:33:10.783,0.72339,0.7235,1.37,1.00
2015.05.26 14:33:11.104,0.72333,0.72344,1.87,1.00
2015.05.26 14:33:11.357,0.72331,0.72341,1.57,1.00
2015.05.26 14:33:11.835,0.7233,0.72343,1.50,1.50
2015.05.26 14:33:11.938,0.72328,0.7234,2.32,1.00
2015.05.26 14:33:12.460,0.72329,0.72342,1.37,1.87
2015.05.26 14:33:13.111,0.72329,0.72342,1.87,1.10
2015.05.26 14:33:16.224,0.72335,0.72342,1.00,1.00
2015.05.26 14:33:16.731,0.72336,0.72342,1.00,1.00
2015.05.26 14:33:17.036,0.7234,0.72345,1.00,1.00
2015.05.26 14:33:17.459,0.72342,0.72346,1.00,1.00
2015.05.26 14:33:17.510,0.72342,0.7235,1.00,1.00
2015.05.26 14:33:18.027,0.72342,0.72349,1.37,1.00
2015.05.26 14:33:21.951,0.7234,0.72348,1.37,1.00
2015.05.26 14:33:22.163,0.72338,0.7235,1.37,1.57
2015.05.26 14:33:22.519,0.72338,0.72348,1.37,1.00
2015.05.26 14:33:23.266,0.72339,0.72347,1.37,1.00
2015.05.26 14:33:23.317,0.72339,0.72351,1.37,1.12
2015.05.26 14:33:23.977,0.72339,0.72348,1.37,1.00
2015.05.26 14:33:24.384,0.72336,0.72348,1.37,1.00
2015.05.26 14:33:24.435,0.72336,0.72346,1.37,1.00
2015.05.26 14:33:24.804,0.72337,0.7235,1.37,2.70
2015.05.26 14:33:24.855,0.72336,0.72348,1.37,1.00
2015.05.26 14:33:25.162,0.7234,0.7235,1.37,1.00
2015.05.26 14:33:29.735,0.72338,0.72348,1.37,1.00
2015.05.26 14:33:30.592,0.72338,0.72347,1.37,1.00
2015.05.26 14:33:30.644,0.72336,0.72347,1.37,1.10
2015.05.26 14:33:31.580,0.7234,0.72348,1.37,1.12
2015.05.26 14:33:31.967,0.72341,0.72351,1.37,1.50
2015.05.26 14:33:32.483,0.72341,0.72351,1.37,1.20
2015.05.26 14:33:35.203,0.72336,0.72349,2.62,1.10
2015.05.26 14:33:42.599,0.72339,0.72351,3.00,2.25
2015.05.26 14:33:43.139,0.72339,0.72351,2.25,1.50
2015.05.26 14:33:48.510,0.72339,0.7235,1.37,1.00
2015.05.26 14:33:48.930,0.72336,0.72347,1.37,1.00
2015.05.26 14:33:49.357,0.72332,0.72344,1.57,1.37
2015.05.26 14:33:49.409,0.72332,0.72341,1.57,1.00
2015.05.26 14:33:49.917,0.7233,0.72342,1.12,1.50
2015.05.26 14:33:50.512,0.72335,0.72343,1.00,1.00
2015.05.26 14:33:50.563,0.72336,0.72347,1.00,4.87
2015.05.26 14:33:50.614,0.72339,0.72347,1.87,1.00
2015.05.26 14:33:50.665,0.72339,0.72349,1.87,1.87
2015.05.26 14:33:51.071,0.72338,0.72349,1.37,1.00
2015.05.26 14:33:52.018,0.72337,0.72347,1.37,1.00
2015.05.26 14:33:54.881,0.72335,0.72345,1.12,1.00
2015.05.26 14:33:54.932,0.72333,0.72343,1.12,1.00
2015.05.26 14:33:55.135,0.72332,0.72343,1.45,1.00
2015.05.26 14:33:55.448,0.72332,0.72345,1.57,1.12
2015.05.26 14:33:56.046,0.72337,0.72346,1.87,1.75
2015.05.26 14:33:56.149,0.72337,0.7235,1.87,1.50
2015.05.26 14:33:56.672,0.72339,0.7235,1.37,1.50
2015.05.26 14:33:58.330,0.72342,0.72352,1.87,1.12
2015.05.26 14:34:00.418,0.7234,0.7235,2.32,1.00
2015.05.26 14:34:01.908,0.7234,0.72352,2.62,1.00
2015.05.26 14:34:04.005,0.72339,0.72352,3.75,1.87
2015.05.26 14:34:08.213,0.72337,0.72344,1.47,1.00
2015.05.26 14:34:08.315,0.72334,0.72344,1.87,1.00
2015.05.26 14:34:08.958,0.72333,0.72341,1.12,1.00
2015.05.26 14:34:09.465,0.72328,0.7234,2.62,1.00
2015.05.26 14:34:09.566,0.72328,0.72342,2.62,1.87
2015.05.26 14:34:10.019,0.72337,0.72343,1.50,1.87
2015.05.26 14:34:10.071,0.7234,0.72347,1.00,3.37
2015.05.26 14:34:10.173,0.7234,0.72351,1.00,1.12
2015.05.26 14:34:10.325,0.7234,0.72351,1.37,1.12
2015.05.26 14:34:11.704,0.72339,0.72344,1.37,1.00
2015.05.26 14:34:11.857,0.72334,0.72344,1.37,1.00
2015.05.26 14:34:11.959,0.72332,0.72342,1.57,1.00
2015.05.26 14:34:12.404,0.72335,0.72344,1.50,1.00
2015.05.26 14:34:12.607,0.72338,0.72347,1.00,1.37
2015.05.26 14:34:12.811,0.72338,0.72349,1.50,1.37
2015.05.26 14:34:13.116,0.7234,0.72352,1.00,2.32
2015.05.26 14:34:14.004,0.72339,0.72352,1.87,2.02
2015.05.26 14:34:17.633,0.72337,0.72351,1.95,3.00
2015.05.26 14:34:18.082,0.72336,0.72341,1.12,1.00
2015.05.26 14:34:18.136,0.72333,0.7234,1.95,1.00
2015.05.26 14:34:18.651,0.72333,0.7234,1.57,1.00
2015.05.26 14:34:18.983,0.72333,0.72342,1.57,1.00
2015.05.26 14:34:19.564,0.72333,0.72344,1.95,1.12
2015.05.26 14:34:19.616,0.72339,0.72345,1.10,1.00
2015.05.26 14:34:19.769,0.72337,0.72345,1.57,1.00
2015.05.26 14:34:20.023,0.72337,0.72344,1.50,1.00
2015.05.26 14:34:21.222,0.72338,0.72348,1.37,1.37
2015.05.26 14:34:21.644,0.72339,0.72348,1.87,1.00
2015.05.26 14:34:22.191,0.72339,0.7235,1.87,1.37
2015.05.26 14:34:22.242,0.72343,0.72352,2.25,1.00
2015.05.26 14:34:22.293,0.72344,0.72354,1.37,1.37
2015.05.26 14:34:22.344,0.72345,0.72354,1.37,1.12
2015.05.26 14:34:23.882,0.72345,0.72358,1.57,1.87
2015.05.26 14:34:24.242,0.72347,0.72358,1.20,1.00
2015.05.26 14:34:24.344,0.72348,0.72358,1.57,1.00
2015.05.26 14:34:24.547,0.72349,0.7236,1.50,1.50
2015.05.26 14:34:25.052,0.7235,0.72361,1.87,1.00
2015.05.26 14:34:25.255,0.72351,0.72362,1.37,1.50
2015.05.26 14:34:25.409,0.7235,0.72362,1.27,1.50
2015.05.26 14:34:26.270,0.7235,0.72362,1.37,2.62
2015.05.26 14:34:28.389,0.72346,0.72357,1.47,1.00
2015.05.26 14:34:28.491,0.72346,0.72359,1.47,1.00
2015.05.26 14:34:29.005,0.72346,0.7236,1.87,2.62
2015.05.26 14:34:29.574,0.72346,0.7236,1.87,3.00
2015.05.26 14:34:30.385,0.72344,0.72355,1.87,1.00
2015.05.26 14:34:30.639,0.72341,0.72352,1.37,1.50
2015.05.26 14:34:30.740,0.72338,0.7235,1.57,1.00
2015.05.26 14:34:31.886,0.72338,0.7235,1.37,1.87
2015.05.26 14:34:32.841,0.72336,0.7235,2.62,2.62
2015.05.26 14:34:33.147,0.72336,0.72347,1.37,1.00
2015.05.26 14:34:33.654,0.72335,0.72348,1.37,1.50
2015.05.26 14:34:34.753,0.72335,0.72347,1.37,1.50
2015.05.26 14:34:34.804,0.72335,0.72347,1.87,1.12
2015.05.26 14:34:35.059,0.72336,0.72347,1.87,1.00
2015.05.26 14:34:36.824,0.72338,0.72347,1.37,1.00
2015.05.26 14:34:38.372,0.72339,0.7235,1.37,2.40
2015.05.26 14:34:41.000,0.72341,0.72351,1.37,1.87
2015.05.26 14:34:41.714,0.72341,0.72351,1.37,1.12
2015.05.26 14:34:41.768,0.72345,0.72351,1.00,1.12
2015.05.26 14:34:41.921,0.72344,0.72355,1.00,1.95
2015.05.26 14:34:42.673,0.72339,0.72353,3.00,1.00
2015.05.26 14:34:42.829,0.72339,0.72351,1.12,1.00
2015.05.26 14:34:43.185,0.7234,0.72353,1.37,3.75
2015.05.26 14:34:45.429,0.72347,0.72354,1.00,1.00
2015.05.26 14:34:45.485,0.72347,0.72359,1.00,1.95
2015.05.26 14:34:45.954,0.72345,0.72357,1.37,1.00
2015.05.26 14:34:46.543,0.7234,0.72352,1.87,1.50
2015.05.26 14:34:47.057,0.7234,0.72352,1.37,1.50
2015.05.26 14:34:47.719,0.72337,0.72351,1.75,1.00
2015.05.26 14:34:47.872,0.72337,0.7235,1.37,1.50
2015.05.26 14:34:48.380,0.72337,0.72351,2.62,1.95
2015.05.26 14:34:48.969,0.72339,0.72352,1.37,1.87
2015.05.26 14:34:49.071,0.72339,0.72352,1.37,2.62
2015.05.26 14:34:50.184,0.72344,0.72356,1.12,1.20
2015.05.26 14:34:50.258,0.72346,0.72358,1.00,1.47
2015.05.26 14:34:50.562,0.72348,0.7236,1.37,1.50
2015.05.26 14:34:51.074,0.7235,0.7236,1.00,1.12
2015.05.26 14:34:53.026,0.7235,0.72361,1.00,1.12
2015.05.26 14:34:53.540,0.7235,0.7236,1.00,1.00
2015.05.26 14:34:53.894,0.72352,0.7236,1.00,1.00
2015.05.26 14:34:54.772,0.72352,0.72359,1.00,1.00
2015.05.26 14:34:54.824,0.72349,0.72359,1.00,1.00
2015.05.26 14:34:56.014,0.72348,0.72355,1.00,1.00
2015.05.26 14:34:56.116,0.72344,0.72354,1.00,1.50
2015.05.26 14:34:56.168,0.72343,0.72352,1.00,1.00
2015.05.26 14:34:56.675,0.72341,0.72351,1.37,1.57
2015.05.26 14:34:57.800,0.72346,0.72351,1.00,1.10
2015.05.26 14:34:58.004,0.7235,0.72357,1.00,1.87
2015.05.26 14:34:58.830,0.7235,0.72359,1.00,1.50
2015.05.26 14:34:59.460,0.7235,0.72359,1.00,1.37
2015.05.26 14:35:00.125,0.7235,0.7236,1.00,1.95
2015.05.26 14:35:00.412,0.72352,0.7236,1.00,1.95
2015.05.26 14:35:00.818,0.72352,0.72362,1.00,1.87
2015.05.26 14:35:01.173,0.72356,0.72362,1.00,1.50
2015.05.26 14:35:01.651,0.72354,0.72362,1.00,1.00
2015.05.26 14:35:01.904,0.72352,0.72362,1.00,1.12
2015.05.26 14:35:01.955,0.72352,0.72359,1.00,1.00
2015.05.26 14:35:02.362,0.72351,0.72361,1.12,1.20
2015.05.26 14:35:02.897,0.72354,0.72362,1.00,2.70
2015.05.26 14:35:03.172,0.72352,0.72362,1.00,1.95
2015.05.26 14:35:03.683,0.72352,0.72361,1.37,1.20
2015.05.26 14:35:04.330,0.7235,0.72361,1.37,2.70
2015.05.26 14:35:06.240,0.72346,0.72354,1.50,1.00
2015.05.26 14:35:06.342,0.72342,0.72353,1.12,1.00
2015.05.26 14:35:06.851,0.72342,0.72352,1.12,1.00
2015.05.26 14:35:06.902,0.72347,0.72352,1.00,1.00
2015.05.26 14:35:07.004,0.72349,0.72357,1.00,1.87
2015.05.26 14:35:07.106,0.72351,0.72358,1.00,1.10
2015.05.26 14:35:07.539,0.72353,0.72363,1.00,1.87
2015.05.26 14:35:11.105,0.72359,0.72363,1.00,1.87
2015.05.26 14:35:11.408,0.7236,0.72366,1.00,1.75
2015.05.26 14:35:11.807,0.72364,0.72373,1.00,1.95
2015.05.26 14:35:12.315,0.72364,0.72373,1.00,1.50
2015.05.26 14:35:13.104,0.72362,0.72373,1.37,2.62
2015.05.26 14:35:13.619,0.72362,0.72371,1.37,1.00
2015.05.26 14:35:14.471,0.72362,0.72369,1.37,1.00
2015.05.26 14:35:14.523,0.7236,0.72371,1.37,1.87
2015.05.26 14:35:15.986,0.72363,0.72372,1.12,1.12
2015.05.26 14:35:16.495,0.72368,0.72372,1.00,1.12
2015.05.26 14:35:16.647,0.72368,0.72375,1.00,1.37
2015.05.26 14:35:17.183,0.72367,0.72375,1.00,2.62
2015.05.26 14:35:17.235,0.72365,0.72373,1.00,1.00
2015.05.26 14:35:17.438,0.72362,0.72373,1.87,1.37
2015.05.26 14:35:17.949,0.72362,0.72373,1.12,1.37
2015.05.26 14:35:22.449,0.72364,0.72373,1.00,1.50
2015.05.26 14:35:23.055,0.7237,0.72377,1.00,1.85
2015.05.26 14:35:23.107,0.72372,0.72378,1.00,1.00
2015.05.26 14:35:23.158,0.72372,0.72382,1.00,5.32
2015.05.26 14:35:23.665,0.72372,0.72382,1.12,2.70
2015.05.26 14:35:26.013,0.72372,0.72383,1.12,2.62
2015.05.26 14:35:27.305,0.72368,0.72381,1.95,1.50
2015.05.26 14:35:27.814,0.7237,0.72383,1.37,3.82
2015.05.26 14:35:28.496,0.7237,0.7238,1.37,1.00
2015.05.26 14:35:30.835,0.7237,0.72381,1.37,1.12
2015.05.26 14:35:33.366,0.7237,0.72379,1.37,1.00
2015.05.26 14:35:33.951,0.72366,0.72377,2.25,1.00
2015.05.26 14:35:34.107,0.72366,0.72379,1.37,1.00
2015.05.26 14:35:34.412,0.72366,0.72381,1.75,1.95
2015.05.26 14:35:35.613,0.7237,0.72383,1.37,3.45
2015.05.26 14:35:36.988,0.72372,0.72383,1.37,3.45
2015.05.26 14:35:38.727,0.72372,0.72383,1.37,3.45
2015.05.26 14:35:40.335,0.72372,0.72383,1.37,1.00
2015.05.26 14:35:41.023,0.72372,0.72382,1.37,1.00
2015.05.26 14:35:44.313,0.72372,0.72383,1.37,1.00
2015.05.26 14:35:44.566,0.72375,0.72386,1.50,1.50
2015.05.26 14:35:45.176,0.72373,0.72386,2.25,1.00
2015.05.26 14:35:45.227,0.72375,0.72388,1.37,3.00
2015.05.26 14:35:46.060,0.72375,0.72387,1.37,1.10
2015.05.26 14:35:46.548,0.72375,0.72386,1.37,1.37
2015.05.26 14:35:46.604,0.72375,0.72386,1.37,1.37
2015.05.26 14:35:46.858,0.72373,0.72384,1.37,1.12
2015.05.26 14:35:47.062,0.72373,0.72384,1.12,1.37
2015.05.26 14:35:48.224,0.72373,0.72385,1.37,2.62
2015.05.26 14:35:48.731,0.72373,0.72384,1.00,1.12
2015.05.26 14:35:48.782,0.72377,0.72385,1.00,1.37
2015.05.26 14:35:48.884,0.72377,0.72386,1.00,1.00
2015.05.26 14:35:49.385,0.72375,0.72386,1.37,1.00
2015.05.26 14:35:52.735,0.72374,0.72386,2.02,1.37
2015.05.26 14:35:52.887,0.72371,0.72385,1.85,2.62
2015.05.26 14:35:53.268,0.72371,0.72382,2.25,1.00
2015.05.26 14:35:53.320,0.72371,0.72385,1.87,2.32
2015.05.26 14:35:53.472,0.72374,0.72385,1.00,1.87
2015.05.26 14:35:53.574,0.72375,0.72386,1.00,1.10
2015.05.26 14:35:53.899,0.72375,0.72387,1.37,1.37
2015.05.26 14:35:54.001,0.72373,0.72386,1.57,1.12
2015.05.26 14:35:54.605,0.72373,0.72386,1.37,1.37
2015.05.26 14:35:54.656,0.72373,0.72385,1.12,1.37
2015.05.26 14:35:55.163,0.72373,0.72386,1.12,1.00
2015.05.26 14:35:55.366,0.72375,0.72386,1.00,1.00
2015.05.26 14:35:55.809,0.72382,0.72387,1.12,1.00
2015.05.26 14:35:55.860,0.72382,0.72397,2.25,1.85
2015.05.26 14:35:55.911,0.72384,0.72398,1.12,2.32
2015.05.26 14:35:56.012,0.72385,0.72399,1.50,2.32
2015.05.26 14:35:56.063,0.72385,0.724,2.62,1.12
2015.05.26 14:35:56.281,0.7239,0.72402,1.00,1.07
2015.05.26 14:35:56.844,0.72388,0.72401,1.37,1.00
2015.05.26 14:35:58.540,0.72387,0.72394,2.62,1.00
2015.05.26 14:35:58.591,0.72382,0.72392,1.37,1.00
2015.05.26 14:35:58.693,0.72382,0.72389,1.37,1.00
2015.05.26 14:35:58.846,0.72381,0.72389,1.37,1.00
2015.05.26 14:35:58.999,0.72378,0.72391,1.37,1.10
2015.05.26 14:35:59.612,0.72384,0.72392,1.00,1.45
2015.05.26 14:36:00.119,0.72385,0.72395,1.00,1.95
2015.05.26 14:36:00.322,0.72383,0.72394,1.00,2.62
2015.05.26 14:36:00.827,0.72383,0.72394,1.00,1.47
2015.05.26 14:36:01.339,0.72381,0.72393,1.37,1.12
2015.05.26 14:36:03.504,0.72381,0.72393,1.37,1.50
2015.05.26 14:36:04.606,0.72378,0.72393,1.50,1.87
2015.05.26 14:36:05.115,0.72379,0.72391,1.37,1.00
2015.05.26 14:36:06.554,0.72379,0.72391,1.37,1.00
2015.05.26 14:36:07.420,0.72379,0.72393,1.37,3.82
2015.05.26 14:36:07.980,0.7238,0.72393,1.37,2.32
2015.05.26 14:36:09.137,0.72378,0.72391,1.37,1.57
2015.05.26 14:36:09.656,0.72378,0.72391,1.50,1.10
2015.05.26 14:36:11.372,0.72378,0.72391,2.25,1.10
2015.05.26 14:36:11.763,0.72378,0.7239,1.50,1.50
2015.05.26 14:36:11.821,0.72377,0.7239,1.37,1.00
2015.05.26 14:36:12.398,0.72379,0.72391,1.37,1.20
2015.05.26 14:36:15.481,0.72379,0.7239,1.37,1.00
2015.05.26 14:36:16.419,0.72379,0.72392,1.37,2.70
2015.05.26 14:36:19.441,0.72378,0.72391,1.37,2.70
2015.05.26 14:36:20.972,0.72376,0.72388,1.37,1.37
2015.05.26 14:36:21.176,0.72373,0.72386,3.00,1.57
2015.05.26 14:36:21.380,0.72375,0.72385,1.12,1.10
2015.05.26 14:36:21.584,0.72371,0.72383,1.50,1.12
2015.05.26 14:36:22.136,0.7237,0.72383,3.00,1.37
2015.05.26 14:36:22.648,0.7237,0.72384,2.25,1.47
2015.05.26 14:36:22.750,0.72371,0.72384,1.00,1.47
2015.05.26 14:36:23.267,0.72371,0.72383,1.00,2.70
2015.05.26 14:36:23.797,0.72372,0.7238,1.00,1.00
2015.05.26 14:36:24.391,0.72369,0.7238,1.37,1.57
2015.05.26 14:36:25.991,0.7237,0.72381,1.75,1.20
2015.05.26 14:36:26.688,0.7237,0.72382,1.75,2.25
2015.05.26 14:36:27.556,0.72373,0.72383,1.00,2.32
2015.05.26 14:36:28.071,0.72371,0.72382,1.50,1.57
2015.05.26 14:36:28.579,0.7237,0.72381,1.50,1.12
2015.05.26 14:36:29.150,0.72368,0.72381,1.75,2.25
2015.05.26 14:36:30.081,0.72369,0.72381,1.75,1.50
2015.05.26 14:36:31.065,0.72372,0.72382,1.12,1.47
2015.05.26 14:36:31.331,0.72372,0.72383,1.37,1.00
2015.05.26 14:36:31.893,0.72372,0.72385,1.50,2.62
2015.05.26 14:36:32.389,0.72376,0.72387,1.12,1.50
2015.05.26 14:36:32.440,0.72374,0.72386,1.12,1.00
2015.05.26 14:36:32.990,0.72372,0.72386,1.95,1.37
2015.05.26 14:36:33.757,0.7237,0.72384,2.62,1.00
2015.05.26 14:36:34.294,0.7237,0.72384,2.25,1.37
2015.05.26 14:36:34.633,0.72373,0.72385,1.37,2.25
2015.05.26 14:36:35.098,0.72382,0.72386,1.12,1.00
2015.05.26 14:36:35.149,0.72382,0.72392,1.00,1.10
2015.05.26 14:36:35.658,0.72383,0.72392,1.00,1.50
2015.05.26 14:36:36.312,0.72386,0.72393,1.00,1.50
2015.05.26 14:36:36.816,0.72385,0.72393,1.00,2.25
2015.05.26 14:36:37.714,0.72382,0.72392,1.37,1.87
2015.05.26 14:36:38.261,0.72382,0.72392,1.37,1.00
2015.05.26 14:36:39.969,0.72387,0.72394,1.00,1.12
2015.05.26 14:36:40.540,0.72387,0.72394,1.00,1.50
2015.05.26 14:36:41.199,0.72384,0.72396,1.12,1.95
2015.05.26 14:36:42.207,0.72382,0.72394,1.87,1.50
2015.05.26 14:36:42.634,0.72382,0.72393,1.12,1.87
2015.05.26 14:36:43.039,0.72379,0.72392,2.70,1.00
2015.05.26 14:36:43.729,0.72379,0.72392,1.50,2.25
2015.05.26 14:36:43.883,0.72379,0.72389,1.00,1.00
2015.05.26 14:36:44.512,0.72376,0.72388,1.37,1.50
2015.05.26 14:36:44.919,0.72377,0.7239,1.37,1.00
2015.05.26 14:36:46.744,0.72377,0.72388,1.37,1.00
2015.05.26 14:36:47.247,0.72372,0.72383,1.00,1.50
2015.05.26 14:36:47.399,0.72374,0.72383,1.00,1.50
2015.05.26 14:36:47.552,0.72374,0.72385,1.00,1.20
2015.05.26 14:36:47.603,0.72376,0.72385,1.00,1.20
2015.05.26 14:36:47.842,0.72376,0.72387,1.00,1.50
2015.05.26 14:36:48.096,0.72376,0.72389,1.87,1.07
2015.05.26 14:36:48.551,0.7238,0.72392,2.62,1.37
2015.05.26 14:36:49.079,0.72381,0.72393,1.50,1.87
2015.05.26 14:36:49.607,0.72381,0.72393,1.87,1.87
2015.05.26 14:36:50.133,0.72383,0.72392,1.12,1.12
2015.05.26 14:36:52.592,0.72381,0.72391,1.37,1.00
2015.05.26 14:36:53.410,0.72381,0.72392,1.37,1.12
2015.05.26 14:36:54.372,0.72382,0.72392,1.37,1.12
2015.05.26 14:36:54.474,0.72381,0.72392,1.37,1.12
2015.05.26 14:36:55.021,0.72381,0.72391,1.37,1.00
2015.05.26 14:36:55.563,0.72381,0.72391,1.37,1.00
2015.05.26 14:36:57.171,0.72381,0.72392,1.37,1.00
2015.05.26 14:36:58.675,0.7238,0.72392,1.50,1.87
2015.05.26 14:37:00.608,0.72381,0.72391,1.37,1.00
2015.05.26 14:37:00.710,0.72381,0.72391,1.00,1.12
2015.05.26 14:37:00.811,0.72379,0.72391,1.50,1.87
2015.05.26 14:37:01.014,0.7238,0.72392,1.37,2.62
2015.05.26 14:37:01.854,0.7238,0.7239,1.12,1.00
2015.05.26 14:37:02.489,0.72378,0.72389,1.75,1.00
2015.05.26 14:37:03.510,0.72379,0.72388,1.00,1.00
2015.05.26 14:37:03.842,0.72374,0.72386,3.82,1.87
2015.05.26 14:37:04.045,0.72372,0.72385,1.12,1.87
2015.05.26 14:37:04.147,0.72371,0.72383,1.37,1.37
2015.05.26 14:37:04.663,0.72369,0.72381,2.32,1.37
2015.05.26 14:37:05.865,0.72365,0.72379,1.95,1.50
2015.05.26 14:37:06.373,0.72365,0.72378,1.50,1.00
2015.05.26 14:37:06.577,0.72365,0.72379,1.37,1.87
2015.05.26 14:37:07.157,0.72365,0.72379,1.37,2.62
2015.05.26 14:37:07.672,0.72363,0.72377,4.20,1.00
2015.05.26 14:37:07.925,0.72364,0.72373,1.37,1.87
2015.05.26 14:37:08.431,0.7236,0.72373,1.37,2.62
2015.05.26 14:37:08.882,0.7236,0.72373,1.37,1.37
2015.05.26 14:37:09.383,0.72359,0.72373,1.47,3.75
2015.05.26 14:37:11.733,0.72364,0.72373,1.00,3.00
2015.05.26 14:37:12.240,0.72367,0.72374,1.00,2.25
2015.05.26 14:37:15.020,0.72367,0.72373,1.00,1.12
2015.05.26 14:37:16.104,0.72367,0.72374,1.00,1.12
2015.05.26 14:37:17.757,0.72366,0.72375,1.00,1.37
2015.05.26 14:37:19.258,0.72366,0.72375,1.00,1.87
2015.05.26 14:37:19.309,0.72364,0.72374,1.00,1.37
2015.05.26 14:37:19.983,0.72364,0.72375,1.00,1.87
2015.05.26 14:37:23.700,0.72365,0.72375,1.00,1.12
2015.05.26 14:37:23.751,0.72367,0.72377,1.00,2.25
2015.05.26 14:37:24.459,0.72368,0.72379,1.00,1.37
2015.05.26 14:37:24.864,0.72368,0.7238,1.37,2.25
2015.05.26 14:37:25.067,0.72371,0.72381,1.50,1.37
2015.05.26 14:37:25.950,0.72371,0.72382,1.87,1.87
2015.05.26 14:37:27.633,0.72371,0.72381,1.87,1.37
2015.05.26 14:37:27.685,0.72368,0.7238,1.75,2.62
2015.05.26 14:37:27.787,0.72368,0.7238,1.75,2.62
2015.05.26 14:37:27.890,0.72372,0.7238,1.00,1.12
2015.05.26 14:37:28.419,0.72372,0.72381,1.20,1.37
2015.05.26 14:37:28.859,0.72373,0.72382,1.10,1.12
2015.05.26 14:37:30.225,0.72373,0.72383,1.12,1.50
2015.05.26 14:37:32.723,0.72373,0.72384,1.50,1.87
2015.05.26 14:37:32.935,0.72373,0.72384,3.00,1.50
2015.05.26 14:37:33.276,0.72375,0.72384,1.37,1.50
2015.05.26 14:37:33.790,0.72375,0.72385,1.87,1.50
2015.05.26 14:37:38.835,0.72376,0.72386,1.87,1.50
2015.05.26 14:37:38.937,0.72378,0.72388,1.37,1.00
2015.05.26 14:37:39.040,0.72379,0.72391,1.85,1.12
2015.05.26 14:37:39.143,0.72381,0.72391,1.12,1.12
2015.05.26 14:37:39.693,0.72381,0.72392,1.07,1.12
2015.05.26 14:37:41.101,0.72381,0.72392,1.12,1.00
2015.05.26 14:37:42.474,0.72381,0.72392,1.87,1.00
2015.05.26 14:37:42.626,0.72381,0.72395,2.62,2.62
2015.05.26 14:37:43.147,0.72382,0.72395,1.12,2.62
2015.05.26 14:37:43.891,0.72383,0.72395,1.12,1.00
2015.05.26 14:37:43.943,0.72384,0.72396,1.57,1.12
2015.05.26 14:37:44.299,0.72384,0.72397,2.62,1.12
2015.05.26 14:37:45.354,0.7239,0.72401,1.95,1.00
2015.05.26 14:37:47.221,0.7239,0.724,1.57,1.37
2015.05.26 14:37:47.428,0.72387,0.72397,1.47,1.12
2015.05.26 14:37:47.634,0.72387,0.72397,1.20,1.12
2015.05.26 14:37:47.736,0.72389,0.72398,1.00,1.00
2015.05.26 14:37:48.046,0.7239,0.724,1.47,1.12
2015.05.26 14:37:48.818,0.72389,0.724,1.50,1.12
2015.05.26 14:37:50.641,0.72389,0.724,1.50,1.37
2015.05.26 14:37:50.744,0.72389,0.724,1.50,1.00
2015.05.26 14:37:51.555,0.72389,0.72402,1.75,1.87
2015.05.26 14:37:55.179,0.7239,0.72401,1.87,2.25
2015.05.26 14:37:55.281,0.7239,0.724,1.07,1.00
2015.05.26 14:37:55.872,0.72389,0.724,1.12,1.00
2015.05.26 14:37:56.889,0.72389,0.72402,1.12,1.87
2015.05.26 14:37:58.010,0.7239,0.72403,1.07,3.00
2015.05.26 14:38:00.517,0.7239,0.72402,1.07,1.37
2015.05.26 14:38:01.029,0.72387,0.72401,2.25,1.87
2015.05.26 14:38:03.628,0.72387,0.72401,1.50,1.87
2015.05.26 14:38:04.506,0.72388,0.72403,1.87,3.00
2015.05.26 14:38:05.424,0.7239,0.72403,1.12,2.62
2015.05.26 14:38:06.288,0.7239,0.72403,1.12,1.87
2015.05.26 14:38:09.705,0.72391,0.724,1.45,1.00
2015.05.26 14:38:10.252,0.72389,0.72401,2.25,1.12
2015.05.26 14:38:11.623,0.72387,0.72395,1.12,1.37
2015.05.26 14:38:12.155,0.72383,0.72393,1.12,1.12
2015.05.26 14:38:12.307,0.72383,0.72393,1.45,1.37
2015.05.26 14:38:15.429,0.72381,0.72393,3.00,1.12
2015.05.26 14:38:15.936,0.72382,0.72395,1.75,3.00
2015.05.26 14:38:16.338,0.72381,0.72391,1.10,1.00
2015.05.26 14:38:18.834,0.72381,0.72393,1.12,1.87
2015.05.26 14:38:19.735,0.7238,0.72394,2.62,3.37
2015.05.26 14:38:20.397,0.72384,0.72394,1.50,1.00
2015.05.26 14:38:20.499,0.72389,0.72396,1.12,1.00
2015.05.26 14:38:20.600,0.72389,0.724,1.12,1.00
2015.05.26 14:38:21.038,0.7239,0.72402,1.75,1.12
2015.05.26 14:38:23.007,0.72391,0.72402,1.50,1.37
2015.05.26 14:38:23.771,0.72389,0.72402,2.25,2.62
2015.05.26 14:38:24.029,0.72389,0.72402,2.62,3.37
2015.05.26 14:38:24.081,0.72389,0.724,2.62,1.00
2015.05.26 14:38:24.387,0.72386,0.72396,1.12,1.37
2015.05.26 14:38:24.489,0.72386,0.72397,1.50,1.87
2015.05.26 14:38:24.541,0.72386,0.72395,1.50,1.00
2015.05.26 14:38:25.055,0.72383,0.7239,3.75,1.00
2015.05.26 14:38:25.377,0.7238,0.7239,1.07,1.50
2015.05.26 14:38:26.765,0.7238,0.72392,1.57,1.87
2015.05.26 14:38:27.714,0.7238,0.72393,1.57,2.62
2015.05.26 14:38:31.052,0.72382,0.72393,1.12,2.62
2015.05.26 14:38:40.369,0.7238,0.72392,2.25,1.12
2015.05.26 14:38:40.672,0.7238,0.7239,1.87,1.12
2015.05.26 14:38:41.315,0.7238,0.72393,2.32,1.87
2015.05.26 14:38:41.823,0.72382,0.72394,1.20,3.00
2015.05.26 14:38:42.910,0.72391,0.72397,1.10,1.00
2015.05.26 14:38:42.961,0.72391,0.72404,1.20,2.62
2015.05.26 14:38:46.910,0.7239,0.724,1.37,1.37
2015.05.26 14:38:47.507,0.7239,0.724,1.00,1.87
2015.05.26 14:38:48.825,0.7239,0.72401,1.10,1.87
2015.05.26 14:38:49.185,0.7239,0.72401,1.95,1.00
2015.05.26 14:38:50.088,0.7239,0.72401,1.50,2.62
2015.05.26 14:38:50.292,0.7239,0.72401,1.10,2.62
2015.05.26 14:38:50.805,0.7239,0.72401,1.00,1.87
2015.05.26 14:38:50.958,0.72392,0.72401,1.00,1.00
2015.05.26 14:38:51.519,0.72392,0.72403,1.10,3.00
2015.05.26 14:38:52.312,0.72392,0.72401,1.10,1.00
2015.05.26 14:38:52.515,0.72389,0.72401,1.95,1.87
2015.05.26 14:38:53.452,0.72389,0.72393,1.00,1.00
2015.05.26 14:38:53.504,0.72383,0.72392,1.20,1.12
2015.05.26 14:38:54.203,0.72383,0.72393,1.20,1.12
2015.05.26 14:38:54.739,0.72383,0.72394,1.57,1.37
2015.05.26 14:38:57.444,0.7239,0.72396,1.00,1.00
2015.05.26 14:38:57.495,0.7239,0.724,1.50,1.37
2015.05.26 14:38:57.546,0.7239,0.72403,2.70,1.75
2015.05.26 14:38:57.902,0.7239,0.72403,3.00,1.50
2015.05.26 14:38:58.410,0.7239,0.72403,1.47,1.12
2015.05.26 14:38:58.799,0.7239,0.72403,1.20,1.87
2015.05.26 14:38:59.256,0.7239,0.724,1.00,1.37
2015.05.26 14:38:59.765,0.72388,0.724,1.20,1.37
2015.05.26 14:39:00.524,0.72388,0.724,1.00,1.37
2015.05.26 14:39:02.352,0.7239,0.724,1.00,1.00
2015.05.26 14:39:02.657,0.72393,0.72402,1.00,1.00
2015.05.26 14:39:03.864,0.72396,0.72407,1.00,1.87
2015.05.26 14:39:04.822,0.72401,0.72407,1.10,1.12
2015.05.26 14:39:04.874,0.72401,0.72413,1.10,1.37
2015.05.26 14:39:07.839,0.72403,0.72413,1.00,1.37
2015.05.26 14:39:08.347,0.72404,0.72416,1.00,1.50
2015.05.26 14:39:08.399,0.72405,0.72417,1.00,1.87
2015.05.26 14:39:08.799,0.72408,0.72419,1.12,3.00
2015.05.26 14:39:09.641,0.72406,0.72419,1.12,2.25
2015.05.26 14:39:11.197,0.72406,0.72419,1.12,2.25
2015.05.26 14:39:11.300,0.72402,0.72415,2.25,1.00
2015.05.26 14:39:11.740,0.72405,0.72416,1.75,1.00
2015.05.26 14:39:12.148,0.72407,0.72419,1.12,2.62
2015.05.26 14:39:12.250,0.72404,0.72417,1.12,1.12
2015.05.26 14:39:12.683,0.72401,0.72413,1.57,1.50
2015.05.26 14:39:12.835,0.724,0.72413,1.95,1.50
2015.05.26 14:39:14.339,0.72401,0.72415,1.10,2.25
2015.05.26 14:39:14.390,0.72401,0.72415,1.47,2.25
2015.05.26 14:39:15.726,0.72404,0.72415,2.62,1.00
2015.05.26 14:39:16.034,0.72411,0.72424,1.00,1.75
2015.05.26 14:39:16.138,0.72409,0.72425,2.32,3.75
2015.05.26 14:39:16.839,0.7241,0.72423,1.00,1.00
2015.05.26 14:39:17.600,0.72409,0.72425,2.32,3.00
2015.05.26 14:39:18.172,0.72411,0.72425,1.00,3.00
2015.05.26 14:39:18.478,0.72413,0.72425,1.00,2.25
2015.05.26 14:39:19.760,0.72413,0.72426,1.50,1.47
2015.05.26 14:39:19.863,0.72419,0.72428,1.00,1.12
2015.05.26 14:39:19.916,0.72419,0.72431,1.00,3.82
2015.05.26 14:39:19.967,0.72419,0.72433,1.10,2.62
2015.05.26 14:39:20.591,0.7242,0.72433,1.00,1.87
2015.05.26 14:39:21.100,0.72419,0.72433,1.65,1.00
2015.05.26 14:39:21.774,0.7242,0.72433,1.50,1.00
2015.05.26 14:39:22.281,0.7242,0.72435,1.50,3.00
2015.05.26 14:39:22.835,0.7242,0.72435,1.57,3.07
2015.05.26 14:39:23.349,0.7242,0.72433,1.20,1.37
2015.05.26 14:39:29.950,0.72418,0.72429,2.25,1.00
2015.05.26 14:39:30.052,0.72418,0.7243,1.00,1.37
2015.05.26 14:39:30.104,0.72418,0.72428,1.00,1.37
2015.05.26 14:39:30.259,0.72412,0.72427,3.00,1.47
2015.05.26 14:39:30.564,0.72415,0.72428,1.37,1.50
2015.05.26 14:39:30.964,0.72418,0.7243,1.00,1.12
2015.05.26 14:39:31.319,0.72418,0.72432,1.00,1.57
2015.05.26 14:39:32.520,0.72418,0.72431,1.00,1.12
2015.05.26 14:39:32.623,0.72416,0.72428,1.20,1.37
2015.05.26 14:39:33.129,0.72413,0.72426,3.00,1.00
2015.05.26 14:39:33.653,0.72414,0.72427,1.12,1.00
2015.05.26 14:39:33.704,0.72415,0.72429,1.27,1.50
2015.05.26 14:39:35.534,0.72415,0.7243,2.32,2.25
2015.05.26 14:39:36.805,0.72409,0.72419,1.00,1.00
2015.05.26 14:39:36.859,0.72405,0.72419,1.65,1.00
2015.05.26 14:39:37.266,0.72407,0.72421,1.50,2.02
2015.05.26 14:39:37.813,0.72408,0.72422,1.20,1.87
2015.05.26 14:39:38.321,0.72408,0.72421,1.00,1.50
2015.05.26 14:39:38.972,0.72409,0.72421,1.00,1.00
2015.05.26 14:39:39.479,0.72408,0.72421,1.00,1.00
2015.05.26 14:39:40.288,0.72409,0.72422,1.00,2.25
2015.05.26 14:39:40.712,0.72411,0.72423,1.00,1.95
2015.05.26 14:39:41.017,0.72413,0.72425,1.00,1.47
2015.05.26 14:39:41.119,0.72413,0.72425,1.00,1.00
2015.05.26 14:39:41.499,0.72416,0.72426,1.00,1.50
2015.05.26 14:39:41.550,0.72414,0.72427,1.00,1.00
2015.05.26 14:39:41.805,0.72413,0.72429,3.37,1.00
2015.05.26 14:39:42.381,0.72413,0.72426,1.50,1.00
2015.05.26 14:39:43.172,0.72412,0.72424,1.87,1.00
2015.05.26 14:39:43.477,0.72409,0.72422,1.87,1.00
2015.05.26 14:39:43.580,0.72409,0.72422,1.10,1.50
2015.05.26 14:39:43.682,0.72406,0.72419,4.12,1.00
2015.05.26 14:39:44.073,0.72406,0.72418,1.87,1.00
2015.05.26 14:39:44.581,0.72408,0.7242,1.00,1.50
2015.05.26 14:39:45.294,0.72408,0.72421,1.00,1.00
2015.05.26 14:39:47.532,0.72409,0.72421,1.00,1.00
2015.05.26 14:39:48.644,0.72408,0.72419,1.00,1.00
2015.05.26 14:39:50.982,0.72407,0.72419,1.00,1.50
2015.05.26 14:39:53.819,0.72405,0.72418,3.82,1.00
2015.05.26 14:39:54.505,0.72409,0.72421,1.00,2.32
2015.05.26 14:40:00.353,0.72411,0.72421,1.00,1.95
2015.05.26 14:40:00.404,0.72411,0.72421,1.00,1.20
2015.05.26 14:40:00.923,0.72411,0.72422,1.00,1.20
2015.05.26 14:40:01.831,0.72407,0.72418,1.10,1.87
2015.05.26 14:40:02.143,0.72407,0.72413,1.00,1.20
2015.05.26 14:40:02.349,0.72407,0.72418,1.00,1.20
2015.05.26 14:40:02.453,0.72409,0.72417,1.00,1.00
2015.05.26 14:40:02.901,0.72411,0.72422,1.00,1.37
2015.05.26 14:40:02.952,0.72411,0.72422,1.00,1.00
2015.05.26 14:40:08.083,0.7241,0.72422,1.00,1.87
2015.05.26 14:40:14.654,0.72408,0.72419,1.10,1.37
2015.05.26 14:40:14.959,0.72407,0.72413,3.00,1.00
2015.05.26 14:40:15.060,0.72403,0.72414,1.50,1.00
2015.05.26 14:40:15.619,0.72403,0.72414,1.00,1.50
2015.05.26 14:40:16.125,0.72404,0.72417,1.50,2.77
2015.05.26 14:40:16.877,0.72405,0.72418,1.12,1.27
2015.05.26 14:40:16.930,0.72407,0.72419,1.00,2.32
2015.05.26 14:40:17.437,0.72407,0.7242,1.00,1.57
2015.05.26 14:40:18.044,0.72408,0.72421,1.50,2.70
2015.05.26 14:40:18.551,0.72408,0.72421,1.50,3.00
2015.05.26 14:40:19.882,0.72406,0.72413,1.00,1.87
2015.05.26 14:40:19.934,0.72402,0.72413,1.00,1.87
2015.05.26 14:40:20.695,0.72403,0.72413,1.00,1.00
2015.05.26 14:40:21.138,0.72408,0.72417,1.00,1.10
2015.05.26 14:40:21.397,0.7241,0.7242,1.00,1.10
2015.05.26 14:40:21.920,0.72409,0.7242,1.00,1.50
2015.05.26 14:40:22.569,0.72407,0.7242,1.50,1.50
2015.05.26 14:40:23.309,0.72407,0.72418,1.00,1.00
2015.05.26 14:40:26.064,0.72407,0.7242,1.50,2.70
2015.05.26 14:40:26.370,0.72409,0.7242,1.00,1.50
2015.05.26 14:40:28.428,0.72408,0.7242,1.00,1.50
2015.05.26 14:40:29.209,0.72407,0.7242,1.12,1.50
2015.05.26 14:40:30.079,0.72407,0.7242,1.37,1.50
2015.05.26 14:40:31.381,0.72407,0.7242,1.50,1.12
2015.05.26 14:40:31.689,0.72409,0.7242,1.00,1.12
2015.05.26 14:40:32.046,0.72411,0.72421,1.00,1.12
2015.05.26 14:40:32.098,0.72411,0.72424,1.00,1.47
2015.05.26 14:40:32.469,0.72414,0.72424,1.10,1.10
2015.05.26 14:40:32.687,0.72414,0.72427,1.10,1.00
2015.05.26 14:40:33.196,0.72414,0.72426,1.12,1.00
2015.05.26 14:40:33.813,0.72414,0.72426,1.50,1.00
2015.05.26 14:40:36.708,0.72413,0.72426,3.52,1.00
2015.05.26 14:40:37.255,0.72412,0.72425,1.47,2.25
2015.05.26 14:40:37.767,0.72413,0.72426,1.95,1.12
2015.05.26 14:40:37.925,0.72415,0.72427,1.00,1.87
2015.05.26 14:40:38.475,0.7241,0.72423,3.75,1.00
2015.05.26 14:40:38.577,0.7241,0.72423,2.25,1.50
2015.05.26 14:40:39.116,0.7241,0.72423,1.00,2.25
2015.05.26 14:40:39.876,0.72411,0.72423,1.00,2.62
2015.05.26 14:40:42.947,0.7241,0.72423,1.00,2.62
2015.05.26 14:40:43.281,0.7241,0.72423,1.87,1.50
2015.05.26 14:40:43.637,0.72415,0.72425,1.00,1.00
2015.05.26 14:40:44.048,0.72415,0.72428,1.10,1.50
2015.05.26 14:40:44.751,0.72415,0.72429,1.10,1.20
2015.05.26 14:40:45.377,0.72415,0.72426,1.00,1.00
2015.05.26 14:40:45.682,0.72418,0.72429,1.00,1.00
2015.05.26 14:40:46.190,0.72419,0.72429,1.00,1.00
2015.05.26 14:40:46.603,0.7242,0.72431,1.57,1.00
2015.05.26 14:40:47.066,0.72423,0.72434,1.00,1.12
2015.05.26 14:40:47.371,0.72425,0.72437,1.00,1.75
2015.05.26 14:40:47.817,0.72425,0.72437,1.00,1.00
2015.05.26 14:40:48.046,0.72424,0.72436,2.32,1.37
2015.05.26 14:40:48.249,0.72419,0.72432,1.57,1.50
2015.05.26 14:40:48.401,0.72417,0.7243,3.37,1.00
2015.05.26 14:40:48.503,0.72417,0.7243,1.65,1.00
2015.05.26 14:40:48.984,0.72415,0.72426,1.75,1.00
2015.05.26 14:40:49.036,0.72415,0.72426,1.10,1.00
2015.05.26 14:40:50.294,0.72411,0.72424,2.62,1.50
2015.05.26 14:40:50.801,0.72412,0.72424,2.40,1.12
2015.05.26 14:40:51.522,0.72413,0.72424,1.00,1.57
2015.05.26 14:40:51.574,0.7241,0.72421,2.32,1.00
2015.05.26 14:40:51.930,0.72411,0.72423,1.50,1.00
2015.05.26 14:40:52.440,0.72411,0.72424,1.57,1.50
2015.05.26 14:40:53.453,0.72412,0.72424,1.00,1.00
2015.05.26 14:40:53.996,0.72411,0.72424,1.10,1.50
2015.05.26 14:40:54.149,0.7241,0.72422,1.95,1.00
2015.05.26 14:40:54.745,0.72408,0.72418,1.12,1.00
2015.05.26 14:40:54.796,0.72405,0.72417,1.50,1.00
2015.05.26 14:40:56.967,0.72405,0.72416,1.50,1.00
2015.05.26 14:40:59.154,0.72408,0.72416,1.00,1.00
2015.05.26 14:40:59.205,0.72408,0.72419,1.50,1.00
2015.05.26 14:41:00.084,0.72408,0.72421,2.25,1.20
2015.05.26 14:41:00.600,0.72413,0.72422,1.00,1.10
2015.05.26 14:41:00.904,0.72415,0.72424,1.00,1.20
2015.05.26 14:41:01.157,0.72415,0.72428,1.00,1.12
2015.05.26 14:41:01.360,0.72414,0.72426,1.00,1.00
2015.05.26 14:41:01.774,0.72415,0.72428,1.12,1.50
2015.05.26 14:41:02.100,0.72415,0.72426,1.00,1.00
2015.05.26 14:41:02.606,0.72415,0.72427,1.00,1.00
2015.05.26 14:41:03.539,0.72414,0.72427,2.25,1.00
2015.05.26 14:41:03.850,0.72416,0.72429,1.00,1.45
2015.05.26 14:41:04.155,0.72418,0.72428,1.00,1.10
2015.05.26 14:41:04.597,0.72414,0.72424,1.00,1.00
2015.05.26 14:41:04.648,0.72411,0.72422,1.95,1.00
2015.05.26 14:41:05.205,0.72412,0.72423,1.00,1.10
2015.05.26 14:41:05.358,0.72414,0.72427,1.00,1.87
2015.05.26 14:41:05.409,0.72415,0.72427,1.00,1.50
2015.05.26 14:41:05.958,0.72414,0.72428,1.00,1.87
2015.05.26 14:41:06.322,0.7241,0.72423,1.50,1.00
2015.05.26 14:41:07.133,0.7241,0.72423,1.00,1.95
2015.05.26 14:41:08.396,0.7241,0.72423,1.20,1.00
2015.05.26 14:41:08.702,0.72416,0.72428,1.00,1.07
2015.05.26 14:41:09.256,0.72413,0.72428,1.50,1.57
2015.05.26 14:41:09.409,0.72413,0.72428,1.00,1.95
2015.05.26 14:41:09.881,0.72412,0.72422,1.00,1.00
2015.05.26 14:41:09.932,0.72409,0.72422,1.87,1.10
2015.05.26 14:41:11.185,0.72409,0.72422,1.50,2.62
2015.05.26 14:41:11.239,0.72406,0.72419,1.87,1.20
2015.05.26 14:41:11.745,0.72406,0.72419,1.00,1.20
2015.05.26 14:41:12.649,0.72407,0.72419,1.00,1.57
2015.05.26 14:41:14.511,0.72408,0.7242,1.00,1.20
2015.05.26 14:41:15.412,0.72407,0.7242,1.12,1.20
2015.05.26 14:41:15.959,0.72407,0.7242,1.00,1.50
2015.05.26 14:41:16.456,0.72409,0.7242,1.00,1.50
2015.05.26 14:41:16.764,0.72407,0.7242,1.00,1.50
2015.05.26 14:41:19.374,0.72407,0.7242,1.00,1.20
2015.05.26 14:41:21.099,0.72406,0.7242,1.00,1.10
2015.05.26 14:41:22.545,0.72406,0.7242,2.62,1.20
2015.05.26 14:41:24.246,0.72407,0.7242,2.32,1.00
2015.05.26 14:41:25.558,0.72409,0.72422,1.37,3.00
2015.05.26 14:41:26.098,0.72409,0.72422,1.00,1.87
2015.05.26 14:41:26.633,0.72409,0.72422,1.00,2.25
2015.05.26 14:41:28.603,0.72414,0.72422,1.00,1.00
2015.05.26 14:41:28.810,0.72414,0.72427,2.25,1.37
2015.05.26 14:41:29.168,0.72411,0.72423,1.57,1.00
2015.05.26 14:41:29.371,0.72411,0.72423,1.00,1.00
2015.05.26 14:41:29.877,0.72412,0.72423,1.00,1.00
2015.05.26 14:41:31.918,0.72411,0.72423,1.57,1.00
2015.05.26 14:41:32.122,0.72409,0.72422,2.62,1.00
2015.05.26 14:41:36.392,0.72407,0.7242,1.37,1.10
2015.05.26 14:41:40.904,0.72409,0.7242,1.00,1.00
2015.05.26 14:41:41.681,0.72406,0.72415,1.00,1.12
2015.05.26 14:41:41.732,0.72404,0.72415,1.00,1.12
2015.05.26 14:41:41.834,0.72402,0.72413,1.37,1.00
2015.05.26 14:41:41.886,0.72402,0.72413,1.00,1.00
2015.05.26 14:41:42.154,0.72404,0.72413,1.00,1.00
2015.05.26 14:41:42.306,0.72405,0.72416,1.00,1.50
2015.05.26 14:41:42.357,0.72408,0.72418,1.00,1.47
2015.05.26 14:41:42.408,0.72408,0.72418,1.00,1.00
2015.05.26 14:41:42.831,0.72414,0.72419,1.00,1.00
2015.05.26 14:41:43.359,0.72413,0.72419,1.00,1.00
2015.05.26 14:41:46.181,0.72413,0.72421,1.00,1.87
2015.05.26 14:41:46.435,0.72409,0.72421,1.00,1.00
2015.05.26 14:41:46.638,0.72416,0.72421,1.00,1.00
2015.05.26 14:41:47.616,0.72416,0.72421,1.00,1.87
2015.05.26 14:41:48.144,0.72415,0.72419,1.00,1.00
2015.05.26 14:41:48.884,0.72412,0.72419,1.00,1.00
2015.05.26 14:41:50.477,0.72412,0.72419,1.00,2.62
2015.05.26 14:41:50.631,0.72411,0.72421,1.00,1.87
2015.05.26 14:41:50.735,0.72408,0.72421,1.20,1.87
2015.05.26 14:41:50.837,0.72408,0.72421,1.10,1.87
2015.05.26 14:41:51.791,0.72408,0.7242,1.12,1.00
2015.05.26 14:41:52.343,0.72408,0.72421,1.12,1.87
2015.05.26 14:41:53.355,0.72409,0.72421,1.00,1.12
2015.05.26 14:41:54.234,0.7241,0.72422,1.10,1.87
2015.05.26 14:41:54.751,0.72408,0.7242,3.45,1.00
2015.05.26 14:41:55.157,0.72408,0.72422,3.82,1.37
2015.05.26 14:41:55.967,0.72409,0.72422,1.37,1.37
2015.05.26 14:41:57.813,0.72408,0.72422,3.00,1.37
2015.05.26 14:41:58.806,0.72408,0.72422,1.57,1.37
2015.05.26 14:42:01.188,0.72409,0.72422,1.12,1.37
2015.05.26 14:42:01.814,0.72408,0.72421,2.32,1.12
2015.05.26 14:42:03.857,0.7241,0.72421,1.00,1.12
2015.05.26 14:42:04.792,0.72409,0.72413,1.12,1.00
2015.05.26 14:42:06.105,0.72408,0.72412,1.10,1.00
2015.05.26 14:42:06.358,0.72405,0.72412,2.02,1.12
2015.05.26 14:42:06.410,0.72404,0.72409,2.62,1.00
2015.05.26 14:42:06.664,0.72401,0.72407,1.10,1.00
2015.05.26 14:42:08.747,0.72404,0.72408,1.00,1.00
2015.05.26 14:42:09.278,0.72405,0.72409,1.00,1.00
2015.05.26 14:42:10.136,0.7241,0.72415,1.00,1.00
2015.05.26 14:42:10.189,0.7241,0.72414,1.00,1.00
2015.05.26 14:42:10.717,0.72409,0.72413,1.00,1.00
2015.05.26 14:42:11.022,0.72406,0.7241,1.00,1.00
2015.05.26 14:42:11.878,0.72407,0.72411,1.00,1.00
2015.05.26 14:42:12.031,0.72404,0.72408,1.12,1.00
2015.05.26 14:42:12.082,0.72404,0.72408,1.12,1.00
2015.05.26 14:42:12.133,0.72402,0.72406,1.00,1.00
2015.05.26 14:42:12.879,0.72403,0.72407,1.00,1.00
2015.05.26 14:42:13.188,0.72406,0.7241,1.00,1.00
2015.05.26 14:42:13.493,0.7241,0.72414,1.00,1.00
2015.05.26 14:42:13.696,0.7241,0.72414,1.00,1.00
2015.05.26 14:42:14.098,0.72408,0.72414,1.87,1.00
2015.05.26 14:42:14.707,0.72406,0.72414,1.00,1.00
2015.05.26 14:42:15.455,0.72406,0.72412,1.00,1.00
2015.05.26 14:42:15.760,0.72407,0.72415,1.87,1.00
2015.05.26 14:42:17.806,0.72407,0.72417,1.37,1.00
2015.05.26 14:42:17.857,0.72407,0.72417,1.37,1.00
2015.05.26 14:42:17.908,0.72407,0.72413,1.37,1.00
2015.05.26 14:42:18.393,0.72398,0.72411,1.87,1.12
2015.05.26 14:42:20.167,0.72398,0.72411,1.87,1.00
2015.05.26 14:42:20.370,0.72396,0.7241,3.37,1.00
2015.05.26 14:42:21.007,0.72399,0.72412,1.00,3.00
2015.05.26 14:42:21.313,0.72401,0.72413,1.00,1.37
2015.05.26 14:42:21.821,0.724,0.72413,1.00,1.37
2015.05.26 14:42:22.024,0.724,0.72413,1.00,1.37
2015.05.26 14:42:22.575,0.72399,0.72413,1.87,1.95
2015.05.26 14:42:22.938,0.72401,0.72412,1.00,1.00
2015.05.26 14:42:23.748,0.724,0.72412,1.50,1.00
2015.05.26 14:42:24.269,0.72398,0.72412,1.87,1.50
2015.05.26 14:42:25.360,0.72397,0.72409,1.57,1.12
2015.05.26 14:42:25.664,0.72395,0.72408,1.50,1.57
2015.05.26 14:42:26.170,0.72396,0.72409,1.00,1.50
2015.05.26 14:42:27.534,0.72397,0.72408,1.00,1.12
2015.05.26 14:42:28.820,0.72397,0.7241,1.50,1.00
2015.05.26 14:42:29.367,0.72398,0.72412,1.00,2.32
2015.05.26 14:42:35.498,0.72398,0.72411,1.00,2.25
2015.05.26 14:42:35.854,0.72396,0.7241,1.50,1.20
2015.05.26 14:42:37.437,0.72398,0.7241,1.00,1.20
2015.05.26 14:42:37.739,0.724,0.7241,1.00,1.10
2015.05.26 14:42:38.793,0.724,0.72409,1.00,1.00
2015.05.26 14:42:38.845,0.72398,0.72409,1.00,1.12
2015.05.26 14:42:39.052,0.72396,0.72407,1.00,1.37
2015.05.26 14:42:39.305,0.72393,0.72404,1.00,1.87
2015.05.26 14:42:39.356,0.72391,0.72403,1.00,1.37
2015.05.26 14:42:40.437,0.72389,0.72402,1.00,1.87
2015.05.26 14:42:42.140,0.7239,0.72402,1.00,1.87
2015.05.26 14:42:42.655,0.72391,0.72404,1.00,1.57
2015.05.26 14:42:45.918,0.7239,0.72404,3.00,1.57
2015.05.26 14:42:46.639,0.72389,0.72402,1.00,1.57
2015.05.26 14:42:47.680,0.72388,0.72401,1.87,1.10
2015.05.26 14:42:48.263,0.72388,0.72401,1.87,1.95
2015.05.26 14:42:52.372,0.72389,0.72401,1.50,2.32
2015.05.26 14:42:52.474,0.72392,0.72404,1.00,1.87
2015.05.26 14:42:52.525,0.72392,0.72404,1.00,1.50
2015.05.26 14:42:53.447,0.72392,0.72402,1.00,1.12
2015.05.26 14:42:53.599,0.72389,0.72402,1.50,1.87
2015.05.26 14:42:54.106,0.72388,0.72401,1.12,1.00
2015.05.26 14:42:54.817,0.72388,0.72402,1.87,1.20
2015.05.26 14:42:58.175,0.72388,0.72401,1.12,1.00
2015.05.26 14:42:58.963,0.72387,0.72398,2.25,1.37
2015.05.26 14:42:59.437,0.72387,0.72399,1.00,1.00
2015.05.26 14:43:00.987,0.72387,0.72398,1.50,1.12
2015.05.26 14:43:08.254,0.72388,0.72399,1.00,1.12
2015.05.26 14:43:09.376,0.72388,0.72401,1.00,1.87
2015.05.26 14:43:10.780,0.72388,0.72401,1.12,4.12
2015.05.26 14:43:10.831,0.72386,0.72399,1.37,1.00
2015.05.26 14:43:11.136,0.72382,0.72394,1.00,1.00
2015.05.26 14:43:11.339,0.72379,0.72392,3.07,1.00
2015.05.26 14:43:11.390,0.72379,0.72392,1.20,1.00
2015.05.26 14:43:12.381,0.72379,0.72392,1.47,1.00
2015.05.26 14:43:12.483,0.72382,0.72394,1.00,1.00
2015.05.26 14:43:13.709,0.72381,0.72394,1.12,1.00
2015.05.26 14:43:14.222,0.7238,0.72393,1.10,1.12
2015.05.26 14:43:21.105,0.7238,0.72393,1.12,1.47
2015.05.26 14:43:22.034,0.72379,0.7239,1.00,1.00
2015.05.26 14:43:25.029,0.7238,0.72393,1.00,1.87
2015.05.26 14:43:25.530,0.72379,0.7239,1.00,1.00
2015.05.26 14:43:27.794,0.72387,0.72392,1.00,1.00
2015.05.26 14:43:27.946,0.72391,0.72398,1.00,1.95
2015.05.26 14:43:28.149,0.72391,0.72399,1.00,1.20
2015.05.26 14:43:28.251,0.72393,0.724,1.00,1.12
2015.05.26 14:43:28.758,0.72392,0.72401,1.00,1.20
2015.05.26 14:43:30.193,0.72391,0.72401,1.00,3.00
2015.05.26 14:43:30.676,0.72391,0.724,1.00,2.25
2015.05.26 14:43:31.344,0.72389,0.724,1.00,2.25
2015.05.26 14:43:31.998,0.72385,0.72393,1.00,1.50
2015.05.26 14:43:32.049,0.72382,0.72393,1.00,1.87
2015.05.26 14:43:33.921,0.72382,0.72391,1.00,1.50
2015.05.26 14:43:35.061,0.72382,0.7239,1.00,1.12
2015.05.26 14:43:37.307,0.72382,0.72389,1.00,1.00
2015.05.26 14:43:39.953,0.72383,0.7239,1.00,1.00
2015.05.26 14:43:40.656,0.72379,0.7239,1.00,1.00
2015.05.26 14:43:46.322,0.72382,0.72393,1.37,3.45
2015.05.26 14:43:46.374,0.72382,0.72393,2.25,2.32
2015.05.26 14:43:46.475,0.72384,0.72397,1.50,1.87
2015.05.26 14:43:46.628,0.72386,0.72399,1.87,1.57
2015.05.26 14:43:46.881,0.72388,0.72399,1.37,1.10
2015.05.26 14:43:47.414,0.72388,0.72399,1.37,2.32
2015.05.26 14:43:47.618,0.72386,0.72399,1.87,3.00
2015.05.26 14:43:48.137,0.72386,0.72397,1.12,1.00
2015.05.26 14:43:48.733,0.72388,0.724,3.00,1.00
2015.05.26 14:43:49.045,0.72397,0.72408,1.00,1.12
2015.05.26 14:43:49.350,0.72397,0.72409,1.00,1.20
2015.05.26 14:43:50.031,0.72398,0.72411,1.12,2.62
2015.05.26 14:43:51.005,0.72398,0.72411,1.37,2.62
2015.05.26 14:43:53.200,0.72398,0.72411,1.37,2.25
2015.05.26 14:43:57.373,0.724,0.72411,1.00,2.32
2015.05.26 14:43:57.880,0.724,0.72411,1.12,1.57
2015.05.26 14:43:59.451,0.724,0.72411,1.00,1.87
2015.05.26 14:44:00.677,0.724,0.72411,1.00,1.12
2015.05.26 14:44:05.335,0.72399,0.7241,1.00,1.00
2015.05.26 14:44:05.943,0.72399,0.7241,1.37,1.10
2015.05.26 14:44:12.114,0.72399,0.7241,1.00,1.95
2015.05.26 14:44:12.216,0.72397,0.72409,1.00,1.12
2015.05.26 14:44:12.730,0.72396,0.72409,1.12,1.95
2015.05.26 14:44:13.694,0.7239,0.72402,1.37,2.62
2015.05.26 14:44:14.234,0.72389,0.72401,2.62,1.00
2015.05.26 14:44:23.969,0.72389,0.72401,1.37,1.47
2015.05.26 14:44:25.407,0.72387,0.72397,1.75,1.00
2015.05.26 14:44:25.610,0.72386,0.72396,2.25,1.87
2015.05.26 14:44:26.048,0.72386,0.72394,1.12,1.00
2015.05.26 14:44:26.657,0.72386,0.72396,1.12,1.00
2015.05.26 14:44:26.759,0.72386,0.72398,1.50,1.10
2015.05.26 14:44:26.911,0.72386,0.72398,2.25,1.10
2015.05.26 14:44:27.316,0.72387,0.724,2.25,1.20
2015.05.26 14:44:31.037,0.72388,0.72399,1.50,1.00
2015.05.26 14:44:32.298,0.72388,0.724,1.50,1.50
2015.05.26 14:44:37.589,0.72389,0.72399,1.37,1.00
2015.05.26 14:44:41.095,0.72388,0.72401,2.62,1.12
2015.05.26 14:44:41.602,0.72388,0.72401,2.25,1.87
2015.05.26 14:44:42.438,0.72388,0.72401,2.62,1.87
2015.05.26 14:44:42.620,0.72388,0.72401,3.37,1.12
2015.05.26 14:44:44.855,0.72392,0.72403,1.50,2.02
2015.05.26 14:44:45.584,0.72394,0.72405,1.12,3.00
2015.05.26 14:44:46.906,0.72394,0.72405,1.37,3.00
2015.05.26 14:44:46.957,0.72396,0.72407,1.12,1.10
2015.05.26 14:44:47.059,0.72397,0.72409,1.37,1.20
2015.05.26 14:44:48.271,0.72396,0.72409,1.12,1.50
2015.05.26 14:44:48.575,0.72396,0.72409,2.62,1.00
2015.05.26 14:44:49.108,0.72399,0.7241,1.87,1.87
2015.05.26 14:44:50.668,0.72396,0.72409,1.37,1.00
2015.05.26 14:44:51.637,0.72396,0.72407,1.00,1.37
2015.05.26 14:44:51.945,0.72392,0.72403,1.37,1.00
2015.05.26 14:44:52.918,0.7239,0.72402,1.12,1.00
2015.05.26 14:44:53.426,0.7239,0.72403,1.87,1.95
2015.05.26 14:44:54.211,0.7239,0.72402,1.87,1.00
2015.05.26 14:44:54.735,0.7239,0.72401,1.50,1.20
2015.05.26 14:44:55.543,0.7239,0.72401,1.00,2.70
2015.05.26 14:44:56.397,0.72389,0.72401,2.25,1.57
2015.05.26 14:44:57.766,0.7239,0.72403,1.12,2.62
2015.05.26 14:45:00.355,0.7239,0.72403,1.37,1.50
2015.05.26 14:45:11.795,0.7239,0.72402,1.37,1.47
2015.05.26 14:45:12.676,0.7239,0.72402,1.37,1.20
2015.05.26 14:45:13.220,0.72394,0.72404,1.12,1.57
2015.05.26 14:45:13.322,0.72395,0.72405,1.12,1.00
2015.05.26 14:45:13.424,0.72399,0.72406,1.00,1.00
2015.05.26 14:45:13.475,0.72399,0.72411,1.00,2.25
2015.05.26 14:45:13.576,0.72399,0.72411,1.00,1.50
2015.05.26 14:45:14.863,0.72398,0.72411,1.87,1.50
2015.05.26 14:45:19.221,0.724,0.72413,1.00,1.95
2015.05.26 14:45:19.755,0.72401,0.72414,1.87,2.32
2015.05.26 14:45:20.441,0.72401,0.72413,1.00,1.12
2015.05.26 14:45:21.141,0.724,0.72412,1.00,1.12
2015.05.26 14:45:25.042,0.72402,0.72414,1.00,1.50
2015.05.26 14:45:25.094,0.72403,0.72415,1.00,1.10
2015.05.26 14:45:26.200,0.72403,0.72417,1.12,1.12
2015.05.26 14:45:27.783,0.72405,0.72419,1.00,4.12
2015.05.26 14:45:28.443,0.72403,0.72414,1.37,1.00
2015.05.26 14:45:28.823,0.72401,0.7241,2.25,1.50
2015.05.26 14:45:28.885,0.72401,0.72409,1.00,1.57
2015.05.26 14:45:28.936,0.72397,0.72409,3.37,1.57
2015.05.26 14:45:29.038,0.72397,0.7241,1.12,1.20
2015.05.26 14:45:29.394,0.724,0.7241,1.00,1.00
2015.05.26 14:45:30.019,0.72397,0.7241,3.00,1.00
2015.05.26 14:45:30.716,0.72399,0.72412,1.00,1.95
2015.05.26 14:45:31.219,0.72399,0.72412,1.00,2.32
2015.05.26 14:45:32.341,0.72401,0.72412,1.00,1.57
2015.05.26 14:45:32.443,0.72403,0.72414,1.00,1.00
2015.05.26 14:45:32.545,0.72403,0.72416,1.00,1.95
2015.05.26 14:45:33.064,0.72404,0.72417,1.00,1.50
2015.05.26 14:45:33.216,0.72402,0.72417,1.00,3.00
2015.05.26 14:45:33.728,0.724,0.72416,2.32,1.57
2015.05.26 14:45:37.038,0.724,0.72414,1.57,1.12
2015.05.26 14:45:37.343,0.724,0.72413,1.12,2.62
2015.05.26 14:45:38.321,0.724,0.72411,1.00,1.00
2015.05.26 14:45:38.626,0.72403,0.72415,1.00,1.87
2015.05.26 14:45:39.777,0.72403,0.72413,1.00,1.00
2015.05.26 14:45:39.828,0.72401,0.72413,1.10,1.00
2015.05.26 14:45:40.082,0.72398,0.72411,1.87,1.00
2015.05.26 14:45:43.844,0.72398,0.72411,1.37,1.00
2015.05.26 14:45:46.944,0.72398,0.72411,1.12,1.20
2015.05.26 14:45:47.679,0.72398,0.72411,1.00,1.95
2015.05.26 14:45:48.960,0.72397,0.72404,1.00,1.47
2015.05.26 14:45:49.011,0.7239,0.72402,1.75,1.12
2015.05.26 14:45:50.239,0.72392,0.72405,1.87,2.70
2015.05.26 14:45:50.443,0.72395,0.72407,1.12,1.65
2015.05.26 14:45:50.951,0.72395,0.72408,2.62,1.50
2015.05.26 14:45:52.243,0.72395,0.72408,1.87,1.20
2015.05.26 14:45:53.824,0.72397,0.72409,1.00,1.20
2015.05.26 14:45:57.613,0.72396,0.72409,1.12,1.20
2015.05.26 14:45:58.160,0.72395,0.72407,1.12,1.10
2015.05.26 14:46:00.568,0.72395,0.72408,1.50,2.02
2015.05.26 14:46:01.024,0.72397,0.7241,1.00,3.75
2015.05.26 14:46:01.505,0.72397,0.7241,1.00,1.50
2015.05.26 14:46:02.013,0.72397,0.7241,1.37,1.12
2015.05.26 14:46:05.636,0.72398,0.7241,1.87,1.00
2015.05.26 14:46:08.170,0.72397,0.7241,1.12,1.12
2015.05.26 14:46:08.373,0.72396,0.72407,2.25,1.00
2015.05.26 14:46:08.855,0.72402,0.72408,1.37,1.00
2015.05.26 14:46:08.906,0.72402,0.72412,1.37,1.12
2015.05.26 14:46:09.413,0.72403,0.72414,1.37,1.87
2015.05.26 14:46:11.960,0.72405,0.72414,1.87,1.00
2015.05.26 14:46:14.202,0.72407,0.72418,1.75,1.20
2015.05.26 14:46:14.354,0.72408,0.72421,1.37,1.37
2015.05.26 14:46:14.988,0.72408,0.72421,3.00,1.20
2015.05.26 14:46:15.346,0.72408,0.72421,2.25,1.20
2015.05.26 14:46:15.562,0.72408,0.72421,3.00,1.20
2015.05.26 14:46:16.063,0.72408,0.72421,3.00,1.47
2015.05.26 14:46:16.553,0.72411,0.72421,1.87,1.20
2015.05.26 14:46:16.706,0.72413,0.72422,1.37,1.10
2015.05.26 14:46:17.223,0.72413,0.72424,1.37,1.57
2015.05.26 14:46:17.918,0.72411,0.72423,3.00,1.20
2015.05.26 14:46:18.126,0.72411,0.72423,1.37,1.95
2015.05.26 14:46:19.400,0.7241,0.72422,2.25,1.20
2015.05.26 14:46:28.564,0.72409,0.72419,1.37,1.50
2015.05.26 14:46:28.615,0.72409,0.72416,1.37,1.00
2015.05.26 14:46:29.097,0.72405,0.72414,1.37,1.12
2015.05.26 14:46:29.158,0.72404,0.72414,1.37,1.20
2015.05.26 14:46:29.671,0.72403,0.72412,1.50,1.00
2015.05.26 14:46:29.875,0.72403,0.72412,1.37,1.20
2015.05.26 14:46:30.582,0.72405,0.72414,1.00,2.25
2015.05.26 14:46:30.633,0.72405,0.72414,1.37,2.25
2015.05.26 14:46:30.785,0.72404,0.72414,1.37,1.00
2015.05.26 14:46:32.149,0.72409,0.72421,3.00,3.82
2015.05.26 14:46:32.200,0.72409,0.72422,3.00,2.62
2015.05.26 14:46:37.942,0.72413,0.72422,1.37,1.87
2015.05.26 14:46:37.994,0.72414,0.72425,1.87,1.50
2015.05.26 14:46:41.367,0.72418,0.72427,1.00,1.50
2015.05.26 14:46:41.672,0.72419,0.72429,1.12,1.12
2015.05.26 14:46:42.832,0.72419,0.72431,1.50,1.87
2015.05.26 14:46:43.167,0.72419,0.72428,1.00,1.00
2015.05.26 14:46:43.421,0.72415,0.72426,1.87,1.57
2015.05.26 14:46:43.877,0.72413,0.72425,2.25,1.57
2015.05.26 14:46:47.602,0.72413,0.72425,1.50,1.57
2015.05.26 14:46:48.109,0.7241,0.72423,2.62,1.20
2015.05.26 14:46:48.615,0.72409,0.72422,3.00,1.20
2015.05.26 14:46:50.347,0.72409,0.72422,1.50,1.57
2015.05.26 14:46:50.843,0.72408,0.72419,3.75,1.00
2015.05.26 14:46:52.415,0.72414,0.72423,1.37,1.12
2015.05.26 14:46:52.567,0.72414,0.72425,1.37,1.10
2015.05.26 14:46:57.607,0.72418,0.72428,1.50,3.37
2015.05.26 14:46:57.659,0.72418,0.7243,1.50,1.12
2015.05.26 14:46:58.167,0.72418,0.7243,3.75,1.00
2015.05.26 14:46:59.260,0.72418,0.72425,1.37,1.00
2015.05.26 14:46:59.362,0.72415,0.72425,1.50,1.50
2015.05.26 14:46:59.978,0.72418,0.72428,1.50,1.12
2015.05.26 14:47:00.030,0.72418,0.72431,1.50,2.25
2015.05.26 14:47:00.131,0.72418,0.72431,2.25,1.57
2015.05.26 14:47:05.365,0.72422,0.72432,1.37,1.12
2015.05.26 14:47:09.987,0.72421,0.72431,1.37,1.12
2015.05.26 14:47:11.878,0.72419,0.72431,2.62,1.37
2015.05.26 14:47:14.281,0.72419,0.72431,1.87,1.12
2015.05.26 14:47:18.656,0.7242,0.72433,1.50,1.12
2015.05.26 14:47:19.618,0.72421,0.72435,1.87,3.07
2015.05.26 14:47:21.866,0.72426,0.72432,1.00,1.00
2015.05.26 14:47:21.917,0.72426,0.72436,1.00,1.12
2015.05.26 14:47:21.968,0.72429,0.72436,1.00,1.12
2015.05.26 14:47:22.360,0.72432,0.72436,1.00,1.00
2015.05.26 14:47:22.462,0.7243,0.72441,1.00,2.70
2015.05.26 14:47:22.564,0.72429,0.72441,1.00,1.50
2015.05.26 14:47:23.104,0.72428,0.72442,1.50,1.85
2015.05.26 14:47:23.688,0.72429,0.72442,1.00,2.70
2015.05.26 14:47:25.177,0.7243,0.72442,1.00,2.70
2015.05.26 14:47:26.928,0.72429,0.72442,1.00,1.87
2015.05.26 14:47:27.188,0.72431,0.72442,1.00,1.87
2015.05.26 14:47:28.640,0.72432,0.72442,1.00,1.87
2015.05.26 14:47:30.534,0.72436,0.72445,1.00,1.12
2015.05.26 14:47:30.840,0.72438,0.7245,1.00,1.12
2015.05.26 14:47:31.399,0.72438,0.72451,1.00,1.87
2015.05.26 14:47:31.640,0.7244,0.72451,1.00,1.00
2015.05.26 14:47:32.029,0.72438,0.72451,1.57,1.00
2015.05.26 14:47:32.608,0.7244,0.72451,1.00,1.00
2015.05.26 14:47:41.232,0.72439,0.72451,1.00,1.00
2015.05.26 14:47:41.814,0.72438,0.72451,1.95,1.00
2015.05.26 14:47:43.895,0.72438,0.72452,1.00,1.20
2015.05.26 14:47:44.199,0.72443,0.72454,1.00,1.20
2015.05.26 14:47:44.963,0.72442,0.72454,1.00,1.12
2015.05.26 14:47:48.696,0.72441,0.72454,1.00,1.00
2015.05.26 14:47:49.728,0.72442,0.72454,1.00,1.00
2015.05.26 14:47:50.536,0.72442,0.72453,1.00,1.00
2015.05.26 14:47:51.691,0.7244,0.72454,1.00,1.12
2015.05.26 14:47:51.747,0.72442,0.72454,1.00,1.12
2015.05.26 14:47:53.464,0.72441,0.72454,1.00,1.87
2015.05.26 14:47:54.102,0.72439,0.72453,1.12,1.10
2015.05.26 14:47:55.108,0.72439,0.72453,1.37,1.20
2015.05.26 14:47:55.613,0.72439,0.72452,1.87,1.10
2015.05.26 14:47:58.031,0.72439,0.72452,1.37,3.07
2015.05.26 14:48:00.878,0.72439,0.7245,1.37,1.10
2015.05.26 14:48:05.762,0.72443,0.72451,1.00,1.87
2015.05.26 14:48:11.948,0.72441,0.7245,1.00,1.12
2015.05.26 14:48:16.360,0.72441,0.7245,1.00,1.37
2015.05.26 14:48:17.193,0.72444,0.7245,1.00,1.37
2015.05.26 14:48:17.245,0.72438,0.72446,1.00,1.00
2015.05.26 14:48:17.348,0.72438,0.72446,1.00,1.47
2015.05.26 14:48:17.451,0.72436,0.72446,1.00,1.57
2015.05.26 14:48:17.706,0.72436,0.72442,1.00,1.00
2015.05.26 14:48:17.757,0.72434,0.72442,1.00,1.00
2015.05.26 14:48:23.642,0.72436,0.72442,1.00,1.00
2015.05.26 14:48:24.497,0.72436,0.72443,1.00,1.10
2015.05.26 14:48:27.971,0.7243,0.72441,1.37,1.00
2015.05.26 14:48:28.022,0.7243,0.72437,1.37,1.00
2015.05.26 14:48:28.073,0.72431,0.7244,1.12,1.12
2015.05.26 14:48:28.124,0.72431,0.72442,1.37,1.95
2015.05.26 14:48:28.428,0.72427,0.72436,1.50,1.00
2015.05.26 14:48:28.979,0.72432,0.7244,1.00,1.00
2015.05.26 14:48:29.284,0.72434,0.72441,1.00,1.00
2015.05.26 14:48:29.690,0.72433,0.72439,1.00,1.00
2015.05.26 14:48:30.703,0.72433,0.72442,1.00,1.95
2015.05.26 14:48:31.255,0.72433,0.72442,1.00,1.10
2015.05.26 14:48:33.042,0.72433,0.7244,1.00,1.00
2015.05.26 14:48:35.470,0.72431,0.7244,1.00,1.00
2015.05.26 14:48:42.089,0.72432,0.72442,1.00,1.20
2015.05.26 14:48:43.569,0.72439,0.72445,1.00,1.87
2015.05.26 14:48:43.875,0.72441,0.72445,1.00,1.00
2015.05.26 14:48:43.981,0.72441,0.7245,1.00,1.47
2015.05.26 14:48:44.184,0.72444,0.7245,1.00,1.00
2015.05.26 14:48:44.488,0.72441,0.7245,1.50,1.00
2015.05.26 14:48:51.619,0.72442,0.7245,1.00,1.12
2015.05.26 14:48:52.125,0.72442,0.72451,1.00,1.12
2015.05.26 14:48:55.084,0.72442,0.72451,1.00,1.37
2015.05.26 14:48:56.437,0.72445,0.72451,1.00,1.00
2015.05.26 14:49:01.686,0.72445,0.72453,1.00,1.75
2015.05.26 14:49:04.213,0.72442,0.72453,1.00,2.25
2015.05.26 14:49:05.729,0.72442,0.72453,1.50,1.07
2015.05.26 14:49:05.831,0.72444,0.72453,1.50,1.07
2015.05.26 14:49:06.085,0.72444,0.72454,1.50,1.00
2015.05.26 14:49:06.766,0.72446,0.72452,1.00,1.00
2015.05.26 14:49:10.345,0.72443,0.72452,1.00,1.00
2015.05.26 14:49:10.886,0.72444,0.72452,1.12,1.00
2015.05.26 14:49:10.937,0.72445,0.72455,1.37,1.47
2015.05.26 14:49:11.242,0.72449,0.72459,1.00,2.62
2015.05.26 14:49:11.793,0.72449,0.72459,2.62,1.75
2015.05.26 14:49:11.998,0.72447,0.72458,1.50,1.37
2015.05.26 14:49:12.100,0.72445,0.72456,1.00,1.37
2015.05.26 14:49:12.151,0.72445,0.72456,1.00,2.25
2015.05.26 14:49:12.608,0.72443,0.72455,1.00,1.57
2015.05.26 14:49:13.085,0.72445,0.72455,1.00,1.57
2015.05.26 14:49:13.389,0.72448,0.72459,1.00,2.25
2015.05.26 14:49:13.925,0.72449,0.72459,1.00,1.50
2015.05.26 14:49:17.098,0.72449,0.7246,1.00,1.85
2015.05.26 14:49:19.732,0.72449,0.7246,1.00,1.85
2015.05.26 14:49:26.949,0.72445,0.72459,2.25,1.87
2015.05.26 14:49:27.467,0.72445,0.72455,1.12,1.37
2015.05.26 14:49:28.202,0.72444,0.72455,1.12,1.87
2015.05.26 14:49:29.696,0.72444,0.72454,1.12,1.37
2015.05.26 14:49:32.252,0.72444,0.72454,1.12,1.00
2015.05.26 14:49:34.030,0.72444,0.72452,1.12,1.00
2015.05.26 14:49:34.844,0.72448,0.72452,1.00,1.00
2015.05.26 14:49:35.352,0.72448,0.72455,1.00,1.37
2015.05.26 14:49:35.554,0.72446,0.72458,1.00,1.87
2015.05.26 14:49:36.091,0.72447,0.72458,1.00,1.37
2015.05.26 14:49:36.614,0.72446,0.72458,1.87,1.37
2015.05.26 14:49:37.504,0.72447,0.72459,1.00,1.37
2015.05.26 14:49:38.081,0.72447,0.72459,1.00,1.50
2015.05.26 14:49:38.385,0.72447,0.7246,1.50,1.75
2015.05.26 14:49:38.914,0.72449,0.7246,1.37,1.12
2015.05.26 14:49:39.443,0.72449,0.72459,1.37,1.00
2015.05.26 14:49:41.305,0.7245,0.72461,1.37,1.75
2015.05.26 14:49:45.670,0.72452,0.72461,1.00,1.50
2015.05.26 14:49:47.087,0.72452,0.72461,1.00,1.75
2015.05.26 14:49:47.454,0.72448,0.72456,1.37,1.00
2015.05.26 14:49:47.888,0.72445,0.7245,1.00,1.00
2015.05.26 14:49:48.546,0.72445,0.72452,1.00,1.12
2015.05.26 14:49:49.682,0.7244,0.72453,1.37,3.00
2015.05.26 14:49:49.733,0.7244,0.7245,1.00,1.00
2015.05.26 14:49:51.960,0.7244,0.72449,1.00,1.00
2015.05.26 14:49:52.704,0.72439,0.72449,1.12,1.00
2015.05.26 14:49:54.093,0.7244,0.72449,1.00,1.12
2015.05.26 14:49:55.169,0.72438,0.7245,1.12,1.37
2015.05.26 14:49:55.990,0.72438,0.72449,1.37,1.50
2015.05.26 14:49:56.660,0.72436,0.72448,1.37,1.50
2015.05.26 14:49:57.501,0.72435,0.72447,1.37,1.00
2015.05.26 14:49:57.603,0.72434,0.72445,1.12,1.00
2015.05.26 14:49:58.008,0.72432,0.72442,1.12,1.00
2015.05.26 14:49:58.528,0.72439,0.72444,1.00,1.12
2015.05.26 14:49:58.582,0.72439,0.72449,1.12,1.12
2015.05.26 14:50:16.943,0.72441,0.7245,1.00,1.50
2015.05.26 14:50:19.339,0.72441,0.7245,1.00,1.95
2015.05.26 14:50:19.713,0.72439,0.7245,1.00,1.47
2015.05.26 14:50:20.143,0.72438,0.7245,1.50,1.10
2015.05.26 14:50:20.194,0.72438,0.72445,1.50,1.00
2015.05.26 14:50:20.245,0.72439,0.72447,1.00,1.00
2015.05.26 14:50:20.448,0.72437,0.72447,1.00,1.12
2015.05.26 14:50:21.121,0.72434,0.72444,1.00,1.12
2015.05.26 14:50:21.627,0.72433,0.72445,1.50,3.45
2015.05.26 14:50:22.345,0.72433,0.72444,1.50,1.00
2015.05.26 14:50:22.940,0.72434,0.72445,1.00,1.20
2015.05.26 14:50:24.169,0.72433,0.72445,1.50,1.12
2015.05.26 14:50:24.220,0.72431,0.72442,2.32,1.12
2015.05.26 14:50:24.626,0.72433,0.72442,1.00,1.87
2015.05.26 14:50:25.726,0.72433,0.72443,1.00,1.00
2015.05.26 14:50:26.032,0.72435,0.72443,1.00,1.00
2015.05.26 14:50:26.679,0.72432,0.72443,1.00,1.50
2015.05.26 14:50:27.491,0.72432,0.72441,1.10,1.00
2015.05.26 14:50:27.985,0.72432,0.72438,1.10,1.00
2015.05.26 14:50:28.499,0.72429,0.72437,2.32,1.00
2015.05.26 14:50:29.319,0.72431,0.72437,1.00,1.00
2015.05.26 14:50:29.842,0.7243,0.72437,1.10,1.00
2015.05.26 14:50:32.009,0.72431,0.72437,1.00,1.00
2015.05.26 14:50:32.921,0.72432,0.72437,1.00,1.00
2015.05.26 14:50:33.405,0.72432,0.72439,2.62,1.12
2015.05.26 14:50:33.957,0.72434,0.72443,1.12,1.00
2015.05.26 14:50:34.211,0.72436,0.72444,1.00,1.00
2015.05.26 14:50:34.516,0.72438,0.72445,1.00,1.00
2015.05.26 14:50:34.718,0.72435,0.72443,1.10,1.12
2015.05.26 14:50:34.972,0.72435,0.72441,1.10,1.00
2015.05.26 14:50:35.882,0.72428,0.72438,3.07,1.00
2015.05.26 14:50:36.418,0.72428,0.72437,2.32,1.00
2015.05.26 14:50:40.785,0.72429,0.72439,1.07,1.12
2015.05.26 14:50:43.144,0.72428,0.72439,3.00,1.00
2015.05.26 14:50:44.024,0.72432,0.7244,1.00,1.12
2015.05.26 14:50:44.430,0.72434,0.72445,1.00,1.00
2015.05.26 14:50:44.836,0.72435,0.72448,1.37,1.37
2015.05.26 14:50:45.753,0.72435,0.72448,2.70,1.37
2015.05.26 14:50:46.110,0.72432,0.72445,2.70,1.12
2015.05.26 14:50:47.118,0.72433,0.72445,1.57,1.12
2015.05.26 14:50:48.151,0.72433,0.72445,1.20,1.50
2015.05.26 14:50:48.674,0.72432,0.72443,1.12,1.50
2015.05.26 14:50:50.349,0.72429,0.72441,1.57,1.87
2015.05.26 14:50:50.871,0.7243,0.72441,1.12,1.12
2015.05.26 14:50:52.308,0.72431,0.72444,1.00,1.87
2015.05.26 14:50:55.125,0.72432,0.72444,1.00,1.00
2015.05.26 14:50:55.750,0.72431,0.72444,1.57,1.00
2015.05.26 14:50:58.923,0.72431,0.72444,1.20,2.25
2015.05.26 14:51:00.687,0.72431,0.72442,1.00,1.00
2015.05.26 14:51:01.387,0.72431,0.72442,1.00,1.37
2015.05.26 14:51:02.348,0.72428,0.72441,3.00,1.12
2015.05.26 14:51:04.296,0.72428,0.72441,3.00,1.12
2015.05.26 14:51:04.819,0.72428,0.72441,2.70,1.12
2015.05.26 14:51:05.471,0.7243,0.72441,1.00,1.12
2015.05.26 14:51:08.286,0.72428,0.72441,3.52,1.12
2015.05.26 14:51:11.340,0.72428,0.72441,1.87,1.87
2015.05.26 14:51:13.611,0.72428,0.72441,2.25,1.87
2015.05.26 14:51:13.713,0.72428,0.72441,2.25,1.87
2015.05.26 14:51:18.939,0.72428,0.72441,1.87,1.37
2015.05.26 14:51:21.880,0.72428,0.72441,2.62,1.37
2015.05.26 14:51:24.177,0.7243,0.72442,1.00,1.37
2015.05.26 14:51:33.630,0.7243,0.72443,1.12,2.25
2015.05.26 14:51:33.732,0.72434,0.72443,1.00,1.12
2015.05.26 14:51:34.146,0.72439,0.72445,1.00,3.75
2015.05.26 14:51:34.197,0.72439,0.7245,1.50,1.87
2015.05.26 14:51:34.705,0.7244,0.72451,1.00,1.37
2015.05.26 14:51:37.013,0.72442,0.72451,1.87,1.37
2015.05.26 14:51:37.114,0.72442,0.72453,1.50,1.37
2015.05.26 14:51:37.165,0.72442,0.72454,1.87,2.25
2015.05.26 14:51:37.368,0.72442,0.72454,1.00,2.25
2015.05.26 14:51:37.469,0.72442,0.72454,1.00,2.25
2015.05.26 14:51:37.779,0.72442,0.72453,1.00,1.37
2015.05.26 14:51:38.136,0.7244,0.72453,1.50,1.87
2015.05.26 14:51:39.586,0.7244,0.72453,1.00,3.75
2015.05.26 14:51:44.483,0.72439,0.72451,1.00,1.00
2015.05.26 14:51:45.514,0.7244,0.72451,1.50,1.00
2015.05.26 14:51:46.208,0.72438,0.72451,2.62,1.00
2015.05.26 14:51:46.310,0.72446,0.72454,1.37,2.32
2015.05.26 14:51:46.657,0.72444,0.72457,1.12,4.87
2015.05.26 14:51:46.708,0.72443,0.72455,1.12,1.00
2015.05.26 14:51:47.540,0.72442,0.72453,1.87,1.00
2015.05.26 14:51:47.845,0.7244,0.72451,1.87,1.00
2015.05.26 14:51:48.098,0.72441,0.72454,1.50,1.12
2015.05.26 14:51:48.351,0.72447,0.72455,1.00,1.00
2015.05.26 14:51:48.953,0.72452,0.72463,1.00,3.00
2015.05.26 14:51:49.466,0.72453,0.72465,1.00,1.37
2015.05.26 14:51:49.973,0.72452,0.72465,1.00,1.37
2015.05.26 14:51:50.954,0.72456,0.72466,1.00,1.37
2015.05.26 14:51:55.973,0.72457,0.72466,1.00,1.37
2015.05.26 14:51:58.466,0.72455,0.72469,1.50,1.87
2015.05.26 14:52:02.006,0.72457,0.72469,1.00,1.50
2015.05.26 14:52:02.562,0.72458,0.72469,1.00,1.37
2015.05.26 14:52:03.896,0.72457,0.7247,1.12,1.87
2015.05.26 14:52:04.424,0.72455,0.72469,1.57,3.37
2015.05.26 14:52:05.291,0.72452,0.72466,1.87,1.37
2015.05.26 14:52:05.443,0.72451,0.72462,1.47,1.12
2015.05.26 14:52:05.748,0.72449,0.7246,2.25,1.00
2015.05.26 14:52:06.356,0.72448,0.7246,3.75,1.00
2015.05.26 14:52:08.533,0.72449,0.72463,2.25,1.87
2015.05.26 14:52:11.493,0.72451,0.72463,1.00,1.87
2015.05.26 14:52:15.018,0.72449,0.72463,3.75,1.87
2015.05.26 14:52:16.518,0.72451,0.72463,1.00,1.87
2015.05.26 14:52:16.572,0.72451,0.72463,1.37,1.87
2015.05.26 14:52:22.180,0.72454,0.72465,1.12,1.95
2015.05.26 14:52:22.722,0.72455,0.72465,1.50,1.00
2015.05.26 14:52:22.773,0.72458,0.72465,1.00,1.00
2015.05.26 14:52:23.281,0.72457,0.72466,1.00,1.50
2015.05.26 14:52:23.821,0.72452,0.72462,1.37,1.37
2015.05.26 14:52:28.630,0.72452,0.72462,1.37,1.12
2015.05.26 14:52:31.029,0.72452,0.72464,1.37,1.00
2015.05.26 14:52:31.622,0.72458,0.72467,1.00,1.37
2015.05.26 14:52:32.131,0.72459,0.72467,2.25,1.37
2015.05.26 14:52:33.115,0.72459,0.72472,2.25,1.20
2015.05.26 14:52:33.723,0.72459,0.72472,2.25,1.00
2015.05.26 14:52:34.050,0.72461,0.72472,1.00,1.00
2015.05.26 14:52:34.562,0.7246,0.72473,1.87,1.37
2015.05.26 14:52:36.347,0.72466,0.72473,1.00,1.37
2015.05.26 14:52:36.399,0.72468,0.72476,1.00,1.00
2015.05.26 14:52:36.605,0.72468,0.7248,1.00,1.50
2015.05.26 14:52:36.860,0.7247,0.7248,1.00,1.00
2015.05.26 14:52:39.784,0.72467,0.72479,1.00,1.00
2015.05.26 14:52:39.936,0.72469,0.72479,1.12,1.00
2015.05.26 14:52:40.494,0.72469,0.72481,1.12,1.50
2015.05.26 14:52:41.881,0.72469,0.72482,1.12,1.37
2015.05.26 14:52:42.271,0.72469,0.72481,1.00,1.45
2015.05.26 14:52:42.374,0.72467,0.72481,1.00,3.07
2015.05.26 14:52:43.680,0.72467,0.7248,1.12,1.10
2015.05.26 14:52:45.743,0.72467,0.72479,1.12,1.00
2015.05.26 14:52:47.006,0.72466,0.7248,2.62,1.57
2015.05.26 14:52:47.159,0.72467,0.72481,1.37,1.50
2015.05.26 14:52:50.319,0.72467,0.72481,1.87,1.87
2015.05.26 14:52:50.829,0.72467,0.7248,1.87,1.47
2015.05.26 14:52:52.837,0.72467,0.72479,1.50,1.50
2015.05.26 14:52:53.941,0.72466,0.72479,1.50,1.50
2015.05.26 14:52:54.637,0.72466,0.72478,1.50,1.00
2015.05.26 14:52:55.147,0.72466,0.72478,1.50,1.37
2015.05.26 14:52:55.401,0.72464,0.72476,1.50,1.00
2015.05.26 14:52:55.452,0.72463,0.72473,1.37,2.25
2015.05.26 14:52:55.554,0.72462,0.72472,1.47,1.37
2015.05.26 14:52:55.949,0.72458,0.7247,2.25,1.00
2015.05.26 14:52:56.752,0.72458,0.7247,1.87,1.00
2015.05.26 14:52:57.930,0.72456,0.72469,3.37,1.00
2015.05.26 14:52:58.039,0.72456,0.72465,1.50,1.00
2015.05.26 14:52:58.293,0.72451,0.72462,1.00,1.00
2015.05.26 14:52:58.808,0.72451,0.72462,1.00,1.37
2015.05.26 14:52:59.186,0.72452,0.72465,1.00,1.75
2015.05.26 14:52:59.238,0.72454,0.72466,1.00,1.50
2015.05.26 14:52:59.444,0.72455,0.72467,1.00,1.95
2015.05.26 14:52:59.800,0.72458,0.72469,1.00,1.45
2015.05.26 14:53:00.378,0.72459,0.72471,1.00,2.25
2015.05.26 14:53:00.430,0.72459,0.72471,1.00,1.57
2015.05.26 14:53:01.703,0.72459,0.7247,1.50,1.00
2015.05.26 14:53:02.327,0.72457,0.7247,1.50,1.12
2015.05.26 14:53:03.159,0.72457,0.7247,1.00,1.57
2015.05.26 14:53:03.324,0.72457,0.72469,1.00,1.20
2015.05.26 14:53:03.866,0.72457,0.7247,1.00,2.32
2015.05.26 14:53:04.830,0.72457,0.7247,1.00,1.95
2015.05.26 14:53:05.432,0.72455,0.72467,1.50,1.37
2015.05.26 14:53:05.686,0.72451,0.72463,3.75,1.20
2015.05.26 14:53:06.187,0.7245,0.72464,1.12,2.62
2015.05.26 14:53:06.694,0.72451,0.72464,1.00,1.12
2015.05.26 14:53:06.847,0.72453,0.72465,1.00,1.85
2015.05.26 14:53:07.357,0.72454,0.72467,1.00,2.25
2015.05.26 14:53:07.896,0.72455,0.72467,1.50,2.25
2015.05.26 14:53:07.948,0.72455,0.72467,1.50,2.25
2015.05.26 14:53:09.032,0.72454,0.72467,1.50,2.62
2015.05.26 14:53:11.786,0.72454,0.72467,2.62,1.00
2015.05.26 14:53:13.482,0.72452,0.72464,1.50,1.12
2015.05.26 14:53:13.686,0.7245,0.72463,1.50,1.12
2015.05.26 14:53:14.955,0.7245,0.72464,1.37,1.50
2015.05.26 14:53:22.156,0.7245,0.72464,1.95,1.57
2015.05.26 14:53:23.433,0.72453,0.72465,1.37,1.12
2015.05.26 14:53:25.215,0.72453,0.72465,1.00,1.12
2015.05.26 14:53:26.379,0.72453,0.72465,1.00,1.57
2015.05.26 14:53:26.686,0.72453,0.72465,1.37,1.95
2015.05.26 14:53:28.224,0.72454,0.72467,1.37,2.70
2015.05.26 14:53:28.788,0.72456,0.72467,1.00,1.95
2015.05.26 14:53:29.274,0.72457,0.72469,1.12,1.95
2015.05.26 14:53:29.326,0.72457,0.72469,1.37,1.57
2015.05.26 14:53:29.874,0.72458,0.7247,1.37,1.57
2015.05.26 14:53:31.047,0.7246,0.72471,1.00,1.95
2015.05.26 14:53:31.403,0.7246,0.72472,1.00,3.07
2015.05.26 14:53:32.389,0.72461,0.72472,1.00,3.07
2015.05.26 14:53:34.062,0.72462,0.72471,1.00,1.10
2015.05.26 14:53:34.164,0.72465,0.72474,1.00,1.50
2015.05.26 14:53:34.266,0.72462,0.72474,1.50,1.12
2015.05.26 14:53:34.318,0.72462,0.72475,1.50,2.32
2015.05.26 14:53:35.059,0.72462,0.72475,1.10,1.87
2015.05.26 14:53:35.467,0.72465,0.72475,1.00,1.57
2015.05.26 14:53:36.165,0.72465,0.72478,1.50,2.20
2015.05.26 14:53:38.881,0.72467,0.72478,1.00,2.25
2015.05.26 14:53:39.429,0.72467,0.7248,2.25,2.25
2015.05.26 14:53:39.930,0.72467,0.7248,1.00,1.20
2015.05.26 14:53:40.628,0.72467,0.72479,1.00,1.00
2015.05.26 14:53:41.215,0.72468,0.72479,1.00,1.00
2015.05.26 14:53:42.473,0.72469,0.72479,1.00,1.45
2015.05.26 14:53:42.983,0.72469,0.72481,1.37,1.75
2015.05.26 14:53:43.136,0.72468,0.7248,1.00,1.87
2015.05.26 14:53:43.745,0.72467,0.72479,1.12,1.27
2015.05.26 14:53:43.949,0.72466,0.72477,1.00,1.00
2015.05.26 14:53:44.256,0.72463,0.72477,2.70,2.25
2015.05.26 14:53:44.307,0.72463,0.72474,1.12,1.00
2015.05.26 14:53:44.510,0.72462,0.72474,3.15,1.87
2015.05.26 14:53:45.102,0.72461,0.72474,1.10,1.95
2015.05.26 14:53:45.662,0.72462,0.72474,1.00,1.57
2015.05.26 14:53:45.764,0.72464,0.72476,1.00,1.85
2015.05.26 14:53:45.967,0.72466,0.72478,1.00,1.57
2015.05.26 14:53:46.567,0.72471,0.72478,1.00,1.12
2015.05.26 14:53:46.619,0.7247,0.7248,1.00,1.12
2015.05.26 14:53:47.162,0.72469,0.7248,2.62,1.12
2015.05.26 14:53:48.195,0.72468,0.7248,1.20,1.50
2015.05.26 14:53:50.271,0.72469,0.7248,1.00,1.50
2015.05.26 14:53:51.530,0.72472,0.7248,1.00,1.12
2015.05.26 14:53:52.624,0.7247,0.72481,1.12,1.00
2015.05.26 14:53:53.292,0.7247,0.72482,1.00,1.12
2015.05.26 14:53:53.394,0.72473,0.72484,1.00,1.45
2015.05.26 14:53:53.843,0.72473,0.72485,1.12,2.25
2015.05.26 14:53:54.350,0.72478,0.72487,1.00,1.50
2015.05.26 14:53:54.705,0.72478,0.72489,1.37,1.10
2015.05.26 14:53:55.611,0.72478,0.72489,1.50,1.10
2015.05.26 14:53:55.713,0.72475,0.72489,2.32,1.10
2015.05.26 14:53:55.968,0.72475,0.72489,2.70,1.85
2015.05.26 14:53:56.946,0.72476,0.72489,1.00,1.47
2015.05.26 14:53:57.810,0.72475,0.72489,3.45,1.47
2015.05.26 14:53:58.334,0.72476,0.7249,1.00,2.25
2015.05.26 14:53:58.587,0.72478,0.72491,1.00,3.37
2015.05.26 14:53:58.992,0.72479,0.72491,1.12,1.37
2015.05.26 14:53:59.516,0.72479,0.72493,1.95,3.75
2015.05.26 14:54:00.722,0.7248,0.72493,1.00,4.12
2015.05.26 14:54:01.246,0.72481,0.72493,1.20,2.62
2015.05.26 14:54:01.550,0.7248,0.72493,1.50,2.62
2015.05.26 14:54:01.804,0.72484,0.72493,1.00,1.37
2015.05.26 14:54:02.766,0.72484,0.72493,1.37,1.37
2015.05.26 14:54:03.274,0.72484,0.72495,1.37,1.87
2015.05.26 14:54:05.093,0.72484,0.72494,1.37,1.87
2015.05.26 14:54:05.597,0.72482,0.72494,1.00,1.95
2015.05.26 14:54:06.105,0.7248,0.72493,1.12,1.87
2015.05.26 14:54:07.013,0.7248,0.72492,1.00,1.12
2015.05.26 14:54:07.553,0.7248,0.72492,1.00,1.37
2015.05.26 14:54:08.075,0.72481,0.72492,1.00,1.37
2015.05.26 14:54:08.127,0.72481,0.72492,1.37,1.37
2015.05.26 14:54:11.419,0.72481,0.72494,1.00,1.87
2015.05.26 14:54:11.810,0.72483,0.72494,1.00,1.87
2015.05.26 14:54:12.064,0.72481,0.72494,1.00,1.87
2015.05.26 14:54:12.572,0.7248,0.72493,1.57,1.37
2015.05.26 14:54:13.498,0.72483,0.72494,1.00,1.95
2015.05.26 14:54:15.336,0.72481,0.72493,1.00,1.37
2015.05.26 14:54:16.080,0.72482,0.72493,1.00,1.37
2015.05.26 14:54:16.384,0.72483,0.72495,1.00,1.87
2015.05.26 14:54:16.486,0.72487,0.72497,1.12,2.25
2015.05.26 14:54:16.638,0.7249,0.72501,1.00,1.65
2015.05.26 14:54:16.689,0.72492,0.72501,1.00,1.57
2015.05.26 14:54:17.178,0.72493,0.72502,1.50,1.12
2015.05.26 14:54:17.231,0.72493,0.72506,1.57,2.25
2015.05.26 14:54:17.485,0.72496,0.72508,1.00,1.95
2015.05.26 14:54:18.338,0.72495,0.72508,2.25,1.10
2015.05.26 14:54:18.847,0.72496,0.72508,1.50,1.10
2015.05.26 14:54:19.198,0.72498,0.72511,1.50,1.82
2015.05.26 14:54:19.704,0.72498,0.7251,1.00,1.00
2015.05.26 14:54:20.216,0.72496,0.7251,4.12,1.00
2015.05.26 14:54:20.924,0.72498,0.72511,1.00,1.07
2015.05.26 14:54:21.026,0.72496,0.7251,1.57,1.95
2015.05.26 14:54:21.533,0.72494,0.72508,2.32,1.20
2015.05.26 14:54:22.085,0.72494,0.72507,1.20,1.12
2015.05.26 14:54:22.392,0.72493,0.72506,1.50,1.95
2015.05.26 14:54:22.443,0.72493,0.72506,3.00,1.20
2015.05.26 14:54:22.595,0.72495,0.72508,1.00,1.75
2015.05.26 14:54:22.799,0.72496,0.72508,1.00,1.10
2015.05.26 14:54:22.901,0.72494,0.72508,1.57,1.10
2015.05.26 14:54:23.748,0.72493,0.72506,2.62,1.50
2015.05.26 14:54:24.003,0.72496,0.7251,1.00,1.95
2015.05.26 14:54:24.359,0.72498,0.72511,1.00,1.87
2015.05.26 14:54:24.764,0.72498,0.72512,2.62,1.87
2015.05.26 14:54:25.280,0.725,0.72512,1.00,1.50
2015.05.26 14:54:25.817,0.72499,0.72513,1.57,1.95
2015.05.26 14:54:25.872,0.72499,0.72512,1.57,1.12
2015.05.26 14:54:28.227,0.72498,0.72509,1.00,1.07
2015.05.26 14:54:28.278,0.72495,0.72509,1.12,1.57
2015.05.26 14:54:29.550,0.72497,0.7251,1.00,3.82
2015.05.26 14:54:29.893,0.72501,0.72511,1.50,2.25
2015.05.26 14:54:30.860,0.72506,0.72516,1.00,3.37
2015.05.26 14:54:30.914,0.72506,0.72517,1.00,1.37
2015.05.26 14:54:31.117,0.72507,0.72519,1.50,1.50
2015.05.26 14:54:31.219,0.72509,0.7252,1.00,1.95
2015.05.26 14:54:31.575,0.72509,0.7252,1.00,1.95
2015.05.26 14:54:32.308,0.72506,0.7252,1.50,1.57
2015.05.26 14:54:32.714,0.72508,0.72521,1.00,2.32
2015.05.26 14:54:33.318,0.72508,0.72521,1.00,1.57
2015.05.26 14:54:33.848,0.72509,0.72522,1.00,1.82
2015.05.26 14:54:35.246,0.72509,0.7252,1.00,1.00
2015.05.26 14:54:37.006,0.72509,0.72521,1.00,1.85
2015.05.26 14:54:37.473,0.72508,0.72518,1.00,2.62
2015.05.26 14:54:37.525,0.72506,0.72517,1.00,1.50
2015.05.26 14:54:37.628,0.72506,0.72517,1.50,1.87
2015.05.26 14:54:37.985,0.72507,0.72522,1.95,4.12
2015.05.26 14:54:38.663,0.72507,0.72521,1.87,2.62
2015.05.26 14:54:39.171,0.72506,0.72519,2.25,1.07
2015.05.26 14:54:39.866,0.72508,0.72519,1.00,1.07
2015.05.26 14:54:40.373,0.72507,0.72519,2.62,1.07
2015.05.26 14:54:40.883,0.72508,0.7252,1.00,1.87
2015.05.26 14:54:41.279,0.72509,0.72521,1.00,1.45
2015.05.26 14:54:41.791,0.72509,0.72519,1.50,1.00
2015.05.26 14:54:42.434,0.72514,0.72521,1.00,1.57
2015.05.26 14:54:42.940,0.72512,0.7252,1.00,1.10
2015.05.26 14:54:44.262,0.72511,0.72522,1.00,1.75
2015.05.26 14:54:45.353,0.72511,0.72523,1.00,1.87
2015.05.26 14:54:45.961,0.72509,0.72523,1.95,1.12
2015.05.26 14:54:46.515,0.7251,0.72523,1.95,1.87
2015.05.26 14:54:47.023,0.72511,0.72523,1.20,1.37
2015.05.26 14:54:47.469,0.7251,0.72524,1.65,1.87
2015.05.26 14:54:48.133,0.72511,0.72524,1.00,1.87
2015.05.26 14:54:48.640,0.7251,0.72524,1.20,1.87
2015.05.26 14:54:49.163,0.7251,0.72523,1.20,1.37
2015.05.26 14:54:53.672,0.7251,0.72524,3.37,1.57
2015.05.26 14:54:53.723,0.72515,0.72525,1.00,1.50
2015.05.26 14:54:53.825,0.72515,0.72527,1.00,4.50
2015.05.26 14:54:54.330,0.72516,0.72529,1.12,1.20
2015.05.26 14:54:54.383,0.72518,0.7253,1.00,1.12
2015.05.26 14:54:55.141,0.72519,0.72531,1.00,1.95
2015.05.26 14:54:56.134,0.72518,0.72527,1.87,1.00
2015.05.26 14:54:56.644,0.7252,0.72529,1.50,1.37
2015.05.26 14:54:57.407,0.72518,0.72529,1.07,1.00
2015.05.26 14:54:57.923,0.72517,0.72529,1.57,1.00
2015.05.26 14:54:58.849,0.72517,0.72531,1.20,1.12
2015.05.26 14:54:59.833,0.7252,0.72531,1.00,1.50
2015.05.26 14:55:00.321,0.72517,0.72531,1.20,1.87
2015.05.26 14:55:00.829,0.72517,0.72531,1.57,1.37
2015.05.26 14:55:01.363,0.72516,0.7253,2.62,1.20
2015.05.26 14:55:01.909,0.72515,0.72529,1.50,1.20
2015.05.26 14:55:02.827,0.72516,0.72527,1.10,1.00
2015.05.26 14:55:03.131,0.72522,0.72534,1.00,3.75
2015.05.26 14:55:03.182,0.72519,0.72532,1.07,1.00
2015.05.26 14:55:03.386,0.72518,0.7253,1.47,1.50
2015.05.26 14:55:03.827,0.72514,0.72527,2.32,1.00
2015.05.26 14:55:03.884,0.72513,0.72527,2.25,1.50
2015.05.26 14:55:04.189,0.72513,0.72528,1.57,1.10
2015.05.26 14:55:04.341,0.72515,0.72528,1.12,1.10
2015.05.26 14:55:05.107,0.72511,0.72522,1.87,1.00
2015.05.26 14:55:05.159,0.72508,0.72521,1.95,1.00
2015.05.26 14:55:05.773,0.72508,0.7252,1.37,1.00
2015.05.26 14:55:06.875,0.72507,0.7252,1.50,1.20
2015.05.26 14:55:08.203,0.72511,0.7252,1.00,1.20
2015.05.26 14:55:08.710,0.72511,0.72522,1.00,2.25
2015.05.26 14:55:08.881,0.72509,0.72522,1.00,2.25
2015.05.26 14:55:09.990,0.72509,0.72522,1.00,2.62
2015.05.26 14:55:10.525,0.72508,0.72522,1.00,2.62
2015.05.26 14:55:10.830,0.72509,0.72519,1.00,1.50
2015.05.26 14:55:11.238,0.72506,0.72521,2.02,2.40
2015.05.26 14:55:11.848,0.72508,0.72522,2.70,2.32
2015.05.26 14:55:12.417,0.72508,0.72522,2.32,1.95
2015.05.26 14:55:13.227,0.72511,0.72522,1.00,1.00
2015.05.26 14:55:13.278,0.72512,0.72526,1.10,3.82
2015.05.26 14:55:13.763,0.72513,0.72527,3.07,1.37
2015.05.26 14:55:13.865,0.72515,0.72527,1.00,1.37
2015.05.26 14:55:14.383,0.72515,0.72527,2.25,1.00
2015.05.26 14:55:14.704,0.72515,0.72529,4.12,1.00
2015.05.26 14:55:15.218,0.72518,0.72531,1.00,1.95
2015.05.26 14:55:16.222,0.72517,0.72531,1.00,2.25
2015.05.26 14:55:17.488,0.72516,0.7252,1.00,1.00
2015.05.26 14:55:17.540,0.72506,0.72519,3.37,1.50
2015.05.26 14:55:17.591,0.72506,0.72517,3.00,1.00
2015.05.26 14:55:17.642,0.72505,0.72517,1.00,1.50
2015.05.26 14:55:17.845,0.72506,0.72517,1.50,1.00
2015.05.26 14:55:18.048,0.72507,0.7252,1.12,1.50
2015.05.26 14:55:18.933,0.72508,0.72519,1.00,1.00
2015.05.26 14:55:19.443,0.72507,0.72519,1.87,1.00
2015.05.26 14:55:20.592,0.72506,0.72519,1.12,1.50
2015.05.26 14:55:20.643,0.72506,0.72514,1.00,1.00
2015.05.26 14:55:20.694,0.72503,0.72514,1.00,1.00
2015.05.26 14:55:21.179,0.72506,0.72514,1.12,1.00
2015.05.26 14:55:21.230,0.72505,0.72518,1.00,1.37
2015.05.26 14:55:21.384,0.72504,0.72518,2.32,1.00
2015.05.26 14:55:21.638,0.72505,0.72518,1.00,1.37
2015.05.26 14:55:22.449,0.72509,0.72516,1.00,1.37
2015.05.26 14:55:22.805,0.7251,0.72522,1.50,3.37
2015.05.26 14:55:23.306,0.72511,0.72522,1.00,1.87
2015.05.26 14:55:23.358,0.72511,0.72522,1.00,1.50
2015.05.26 14:55:23.746,0.72509,0.72522,1.87,1.50
2015.05.26 14:55:24.253,0.7251,0.72522,1.00,1.37
2015.05.26 14:55:24.405,0.72508,0.72522,2.62,1.87
2015.05.26 14:55:25.264,0.72507,0.7252,1.87,1.00
2015.05.26 14:55:25.367,0.72505,0.72519,1.95,1.00
2015.05.26 14:55:25.470,0.72504,0.72516,1.57,1.00
2015.05.26 14:55:26.467,0.72502,0.72514,1.50,1.50
2015.05.26 14:55:26.778,0.72499,0.7251,1.12,1.00
2015.05.26 14:55:28.225,0.72498,0.72511,1.37,2.62
2015.05.26 14:55:28.828,0.72498,0.7251,1.37,1.00
2015.05.26 14:55:29.924,0.72497,0.72509,1.50,1.00
2015.05.26 14:55:36.703,0.72498,0.7251,1.37,1.12
2015.05.26 14:55:37.200,0.725,0.72512,1.12,1.00
2015.05.26 14:55:37.909,0.72499,0.72512,1.50,1.37
2015.05.26 14:55:38.870,0.72498,0.72512,3.00,1.37
2015.05.26 14:55:39.124,0.72498,0.72509,1.50,1.00
2015.05.26 14:55:40.507,0.72497,0.7251,3.00,2.70
2015.05.26 14:55:40.660,0.72496,0.72506,1.00,1.00
2015.05.26 14:55:40.711,0.72494,0.72504,1.75,1.00
2015.05.26 14:55:40.914,0.7249,0.72504,1.00,2.62
2015.05.26 14:55:41.340,0.7249,0.72503,1.00,1.37
2015.05.26 14:55:42.742,0.72488,0.72502,1.95,1.37
2015.05.26 14:55:43.250,0.7249,0.72502,1.00,1.37
2015.05.26 14:55:43.908,0.72491,0.72504,1.00,1.75
2015.05.26 14:55:44.572,0.72492,0.72504,1.00,1.75
2015.05.26 14:55:45.369,0.72491,0.72505,1.00,1.37
2015.05.26 14:55:45.422,0.72491,0.72507,1.12,3.00
2015.05.26 14:55:46.177,0.72491,0.72507,1.00,3.00
2015.05.26 14:55:46.937,0.72492,0.72507,1.00,2.25
2015.05.26 14:55:47.472,0.72492,0.72507,1.00,2.25
2015.05.26 14:55:47.625,0.7249,0.72506,1.50,1.87
2015.05.26 14:55:48.374,0.72489,0.72505,1.65,3.75
2015.05.26 14:55:48.578,0.72489,0.72504,1.65,1.37
2015.05.26 14:55:48.882,0.72498,0.72503,10.12,1.12
2015.05.26 14:55:49.821,0.72498,0.72505,10.12,1.87
2015.05.26 14:55:50.475,0.72498,0.72506,10.12,1.00
2015.05.26 14:55:53.157,0.72498,0.72508,10.12,1.20
2015.05.26 14:55:53.897,0.72498,0.7251,10.12,2.25
2015.05.26 14:55:53.957,0.72499,0.72511,1.00,1.50
2015.05.26 14:55:54.571,0.72502,0.72511,10.12,1.50
2015.05.26 14:55:56.708,0.72505,0.72511,10.12,2.25
2015.05.26 14:55:57.018,0.72507,0.72513,10.12,1.50
2015.05.26 14:55:58.216,0.72507,0.72513,10.12,1.37
2015.05.26 14:55:59.611,0.72509,0.72513,10.12,1.12
2015.05.26 14:55:59.668,0.72509,0.72519,11.62,1.12
2015.05.26 14:55:59.769,0.72515,0.72521,10.12,1.37
2015.05.26 14:56:01.247,0.72513,0.72523,10.12,1.37
2015.05.26 14:56:03.274,0.72515,0.72523,10.12,1.37
2015.05.26 14:56:04.235,0.72514,0.72522,10.12,2.25
2015.05.26 14:56:05.634,0.72514,0.72522,10.12,1.50
2015.05.26 14:56:07.326,0.72513,0.72522,10.12,1.00
2015.05.26 14:56:08.773,0.72513,0.72521,10.12,1.00
2015.05.26 14:56:09.499,0.72513,0.7252,10.12,1.12
2015.05.26 14:56:10.007,0.72512,0.72521,10.12,1.37
2015.05.26 14:56:14.114,0.72512,0.72521,10.12,1.87
2015.05.26 14:56:14.474,0.72514,0.72521,10.12,1.50
2015.05.26 14:56:15.467,0.72516,0.72526,1.20,1.50
2015.05.26 14:56:15.621,0.72518,0.72529,1.00,1.37
2015.05.26 14:56:15.775,0.72516,0.72529,2.32,1.37
2015.05.26 14:56:15.827,0.72516,0.72529,1.57,1.12
2015.05.26 14:56:16.030,0.72516,0.72524,1.10,1.00
2015.05.26 14:56:16.132,0.72516,0.72526,1.00,1.00
2015.05.26 14:56:16.335,0.72515,0.72523,1.00,1.00
2015.05.26 14:56:16.876,0.72516,0.72526,1.00,1.50
2015.05.26 14:56:17.029,0.72517,0.72528,1.00,1.50
2015.05.26 14:56:17.436,0.72521,0.72528,10.12,1.50
2015.05.26 14:56:17.945,0.72521,0.72529,10.12,1.12
2015.05.26 14:56:19.958,0.72521,0.72528,10.12,2.25
2015.05.26 14:56:20.263,0.72521,0.72526,10.12,1.00
2015.05.26 14:56:20.954,0.72521,0.72526,10.12,1.00
2015.05.26 14:56:21.408,0.72521,0.72529,10.12,1.00
2015.05.26 14:56:23.443,0.72521,0.72529,10.12,1.37
2015.05.26 14:56:23.763,0.7252,0.72525,10.12,1.37
2015.05.26 14:56:26.022,0.72519,0.72526,10.12,1.37
2015.05.26 14:56:26.619,0.72519,0.72527,10.12,1.00
2015.05.26 14:56:27.306,0.72519,0.72529,10.12,1.00
2015.05.26 14:56:27.865,0.72519,0.72528,10.12,1.00
2015.05.26 14:56:28.682,0.72519,0.72525,10.12,1.00
2015.05.26 14:56:30.032,0.72519,0.72528,10.12,1.00
2015.05.26 14:56:31.402,0.72519,0.7253,10.12,3.37
2015.05.26 14:56:31.656,0.72521,0.7253,10.12,1.50
2015.05.26 14:56:31.968,0.72521,0.72528,10.12,1.00
2015.05.26 14:56:32.814,0.72521,0.72527,10.12,1.87
2015.05.26 14:56:33.387,0.72519,0.72527,10.12,1.87
2015.05.26 14:56:34.688,0.72519,0.72527,10.12,1.50
2015.05.26 14:56:35.196,0.7252,0.72527,10.12,1.50
2015.05.26 14:56:36.367,0.7252,0.72525,10.12,1.00
2015.05.26 14:56:36.876,0.7252,0.72524,10.12,1.00
2015.05.26 14:56:37.669,0.7252,0.72527,10.12,1.00
2015.05.26 14:56:39.059,0.7252,0.72526,10.12,1.00
2015.05.26 14:56:39.161,0.7252,0.72524,10.12,1.00
2015.05.26 14:56:39.467,0.72517,0.72521,10.12,1.00
2015.05.26 14:56:39.569,0.72515,0.7252,10.12,1.12
2015.05.26 14:56:41.782,0.72517,0.72523,10.12,1.37
2015.05.26 14:56:42.296,0.72517,0.72523,10.12,1.12
2015.05.26 14:56:42.985,0.72514,0.72521,10.12,1.50
2015.05.26 14:56:43.501,0.72514,0.72519,10.12,1.00
2015.05.26 14:56:44.624,0.72514,0.72521,10.12,1.12
2015.05.26 14:56:46.217,0.72513,0.72521,10.12,1.87
2015.05.26 14:56:48.068,0.72513,0.72521,10.12,2.25
2015.05.26 14:56:48.373,0.72512,0.72518,7.50,1.37
2015.05.26 14:56:48.828,0.72507,0.72517,1.00,1.37
2015.05.26 14:56:49.213,0.72504,0.72517,4.87,1.37
2015.05.26 14:56:49.472,0.72506,0.72518,1.50,1.12
2015.05.26 14:56:49.981,0.72507,0.72519,1.50,1.12
2015.05.26 14:56:50.835,0.72506,0.72519,2.25,1.00
2015.05.26 14:56:50.888,0.72506,0.72519,2.62,1.00
2015.05.26 14:56:51.192,0.72504,0.72517,4.50,1.37
2015.05.26 14:56:52.600,0.72504,0.72514,2.25,1.00
2015.05.26 14:56:53.358,0.72505,0.72514,1.00,1.00
2015.05.26 14:56:55.275,0.72504,0.72509,2.25,1.00
2015.05.26 14:56:55.681,0.72504,0.72511,2.25,1.00
2015.05.26 14:56:56.557,0.72504,0.72509,2.25,1.00
2015.05.26 14:56:57.318,0.72504,0.72511,2.25,1.00
2015.05.26 14:56:57.770,0.72504,0.72509,2.25,1.00
2015.05.26 14:56:58.074,0.72504,0.72511,2.25,1.50
2015.05.26 14:56:59.114,0.72504,0.72511,2.25,1.37
2015.05.26 14:56:59.732,0.72502,0.72511,2.25,1.37
2015.05.26 14:57:01.687,0.72502,0.72511,2.25,1.87
2015.05.26 14:57:03.843,0.72502,0.72511,2.25,1.37
2015.05.26 14:57:05.388,0.72502,0.72509,2.25,1.37
2015.05.26 14:57:05.903,0.72502,0.72509,2.25,1.12
2015.05.26 14:57:06.793,0.72502,0.7251,2.25,1.12
2015.05.26 14:57:08.036,0.72502,0.72511,2.25,1.00
2015.05.26 14:57:08.565,0.72502,0.72511,2.25,1.37
2015.05.26 14:57:09.355,0.72501,0.7251,2.25,1.12
2015.05.26 14:57:11.239,0.72501,0.7251,2.25,1.37
2015.05.26 14:57:11.544,0.72501,0.72506,2.25,1.00
2015.05.26 14:57:11.978,0.725,0.72504,2.25,1.00
2015.05.26 14:57:12.546,0.72498,0.72503,3.75,1.50
2015.05.26 14:57:12.598,0.72492,0.72502,2.25,2.25
2015.05.26 14:57:14.044,0.7249,0.72503,1.87,1.75
2015.05.26 14:57:14.146,0.7249,0.72503,2.62,1.50
2015.05.26 14:57:14.711,0.7249,0.72503,2.62,1.12
2015.05.26 14:57:18.369,0.72491,0.72504,1.00,1.50
2015.05.26 14:57:18.897,0.72492,0.72504,1.57,1.50
2015.05.26 14:57:19.541,0.72493,0.72504,1.00,1.50
2015.05.26 14:57:19.852,0.72496,0.72504,1.00,1.00
2015.05.26 14:57:20.157,0.725,0.72507,1.00,1.00
2015.05.26 14:57:20.208,0.725,0.72509,1.00,1.12
2015.05.26 14:57:20.959,0.72501,0.72509,1.00,1.00
2015.05.26 14:57:22.419,0.72503,0.72512,1.00,1.75
2015.05.26 14:57:22.623,0.72503,0.72512,1.00,1.00
2015.05.26 14:57:23.172,0.72503,0.72514,1.50,1.50
2015.05.26 14:57:25.349,0.72508,0.72515,1.00,1.50
2015.05.26 14:57:25.653,0.72508,0.72517,1.00,1.12
2015.05.26 14:57:26.238,0.72509,0.72517,1.00,1.00
2015.05.26 14:57:27.048,0.72509,0.7252,3.00,1.37
2015.05.26 14:57:27.527,0.72511,0.7252,1.00,1.00
2015.05.26 14:57:27.952,0.72513,0.72521,1.00,1.50
2015.05.26 14:57:31.951,0.72513,0.72523,1.00,1.37
2015.05.26 14:57:32.002,0.72513,0.72524,1.00,2.25
2015.05.26 14:57:32.155,0.72515,0.72524,1.00,2.25
2015.05.26 14:57:33.815,0.72514,0.72524,1.00,1.87
2015.05.26 14:57:34.471,0.72515,0.72522,1.00,1.37
2015.05.26 14:57:35.088,0.72515,0.72524,1.00,1.12
2015.05.26 14:57:35.645,0.72517,0.72524,1.00,1.00
2015.05.26 14:57:36.090,0.72521,0.72529,1.00,1.00
2015.05.26 14:57:36.444,0.72521,0.72531,1.00,2.25
2015.05.26 14:57:37.338,0.72526,0.72534,1.00,1.87
2015.05.26 14:57:37.440,0.72526,0.72535,1.00,1.95
2015.05.26 14:57:38.545,0.72531,0.72537,1.00,1.47
2015.05.26 14:57:38.600,0.72532,0.72539,1.50,1.12
2015.05.26 14:57:38.701,0.7253,0.72542,2.25,1.47
2015.05.26 14:57:38.752,0.7253,0.72542,3.00,1.47
2015.05.26 14:57:40.102,0.72532,0.72543,1.10,1.87
2015.05.26 14:57:40.610,0.7253,0.72543,1.47,1.50
2015.05.26 14:57:42.082,0.72535,0.72543,1.37,1.12
2015.05.26 14:57:42.516,0.72537,0.7255,1.07,1.20
2015.05.26 14:57:42.872,0.7254,0.72551,1.00,1.95
2015.05.26 14:57:44.243,0.72537,0.72545,1.12,1.00
2015.05.26 14:57:44.345,0.72534,0.72543,1.07,1.00
2015.05.26 14:57:44.396,0.72533,0.72541,1.12,1.12
2015.05.26 14:57:44.876,0.7253,0.72541,1.20,1.00
2015.05.26 14:57:45.348,0.7253,0.72543,1.20,1.95
2015.05.26 14:57:46.650,0.7253,0.72543,1.10,3.07
2015.05.26 14:57:47.155,0.72529,0.72542,1.57,1.95
2015.05.26 14:57:47.756,0.72529,0.72542,1.07,3.07
2015.05.26 14:57:48.213,0.7253,0.72543,1.12,2.25
2015.05.26 14:57:48.517,0.72532,0.72544,1.12,1.00
2015.05.26 14:57:49.730,0.72533,0.72545,1.50,1.37
2015.05.26 14:57:51.118,0.72532,0.72545,1.12,2.32
2015.05.26 14:57:51.271,0.72531,0.72543,1.12,2.62
2015.05.26 14:57:51.626,0.72529,0.72542,3.00,1.47
2015.05.26 14:57:52.173,0.72529,0.72541,1.95,1.10
2015.05.26 14:57:53.435,0.72529,0.72541,1.20,1.95
2015.05.26 14:57:54.097,0.72527,0.7254,3.75,1.27
2015.05.26 14:57:54.613,0.72528,0.72541,1.57,1.57
2015.05.26 14:57:55.134,0.72529,0.72541,2.70,1.57
2015.05.26 14:57:58.786,0.72526,0.72532,1.87,1.00
2015.05.26 14:57:58.938,0.72519,0.72529,1.87,1.00
2015.05.26 14:57:59.091,0.72518,0.7253,1.95,1.20
2015.05.26 14:57:59.895,0.72518,0.72531,2.32,1.95
2015.05.26 14:57:59.997,0.72518,0.72531,2.62,1.27
2015.05.26 14:58:00.301,0.72518,0.72531,1.12,1.95
2015.05.26 14:58:02.947,0.72518,0.7253,1.10,1.50
2015.05.26 14:58:03.252,0.7251,0.72521,1.12,1.12
2015.05.26 14:58:03.405,0.72509,0.72521,1.00,1.07
2015.05.26 14:58:03.508,0.7251,0.72521,1.57,1.07
2015.05.26 14:58:03.610,0.7251,0.72523,1.50,1.12
2015.05.26 14:58:03.956,0.72511,0.72524,1.85,1.75
2015.05.26 14:58:04.168,0.72518,0.72529,1.50,1.00
2015.05.26 14:58:04.321,0.72518,0.72531,1.50,1.57
2015.05.26 14:58:04.372,0.72518,0.72531,1.87,2.25
2015.05.26 14:58:05.171,0.72519,0.72529,1.50,1.20
2015.05.26 14:58:05.679,0.72518,0.72529,1.10,1.12
2015.05.26 14:58:06.676,0.72517,0.72529,1.12,1.00
2015.05.26 14:58:08.039,0.72517,0.72531,1.07,3.45
2015.05.26 14:58:08.799,0.72523,0.72531,1.00,1.57
2015.05.26 14:58:09.269,0.7252,0.72532,1.10,1.10
2015.05.26 14:58:09.327,0.72519,0.7253,1.20,1.00
2015.05.26 14:58:10.474,0.7252,0.72532,1.57,1.10
2015.05.26 14:58:10.982,0.7252,0.72532,1.95,1.47
2015.05.26 14:58:11.496,0.72519,0.72531,2.70,1.07
2015.05.26 14:58:12.399,0.72519,0.72531,2.70,1.12
2015.05.26 14:58:12.906,0.72518,0.72529,1.37,1.20
2015.05.26 14:58:13.709,0.7252,0.7253,1.00,1.50
2015.05.26 14:58:13.761,0.7252,0.72531,1.87,1.12
2015.05.26 14:58:14.269,0.72518,0.72529,1.12,1.87
2015.05.26 14:58:15.020,0.72517,0.72529,1.12,1.50
2015.05.26 14:58:15.568,0.72519,0.72531,1.20,2.25
2015.05.26 14:58:16.230,0.72521,0.72531,1.10,1.50
2015.05.26 14:58:16.383,0.7252,0.72531,1.20,1.37
2015.05.26 14:58:17.596,0.72518,0.72531,1.20,2.70
2015.05.26 14:58:18.031,0.72516,0.72528,1.20,1.65
2015.05.26 14:58:18.841,0.72513,0.72524,1.20,1.37
2015.05.26 14:58:20.097,0.72514,0.72526,1.00,1.87
2015.05.26 14:58:20.199,0.72515,0.72527,1.37,1.87
2015.05.26 14:58:20.504,0.72515,0.72524,1.12,1.37
2015.05.26 14:58:20.657,0.72515,0.72527,1.57,1.95
2015.05.26 14:58:20.810,0.72515,0.72527,1.57,1.20
2015.05.26 14:58:21.326,0.72515,0.72527,1.95,1.00
2015.05.26 14:58:21.377,0.72518,0.72528,1.12,1.00
2015.05.26 14:58:21.991,0.72518,0.7253,1.12,1.50
2015.05.26 14:58:24.504,0.72517,0.72526,1.50,1.00
2015.05.26 14:58:24.810,0.72516,0.72526,1.10,1.00
2015.05.26 14:58:25.721,0.72516,0.72527,1.50,1.10
2015.05.26 14:58:25.824,0.72516,0.72527,2.25,1.00
2015.05.26 14:58:26.133,0.72518,0.72529,1.20,1.00
2015.05.26 14:58:26.890,0.72516,0.72528,2.70,1.00
2015.05.26 14:58:26.943,0.72516,0.72528,1.57,1.00
2015.05.26 14:58:27.099,0.72516,0.72528,1.57,1.37
2015.05.26 14:58:27.404,0.72517,0.7253,1.47,1.95
2015.05.26 14:58:27.610,0.72519,0.7253,1.20,1.50
2015.05.26 14:58:28.065,0.7252,0.7253,1.12,1.37
2015.05.26 14:58:29.388,0.7252,0.72531,1.50,1.57
2015.05.26 14:58:30.045,0.7252,0.72531,3.00,1.57
2015.05.26 14:58:30.350,0.72524,0.72533,1.12,1.12
2015.05.26 14:58:30.854,0.72522,0.72534,2.62,1.12
2015.05.26 14:58:31.158,0.72524,0.72532,1.12,1.12
2015.05.26 14:58:31.209,0.72524,0.72533,1.12,1.12
2015.05.26 14:58:32.056,0.72524,0.72534,1.12,1.12
2015.05.26 14:58:32.563,0.72524,0.72533,1.00,1.00
2015.05.26 14:58:32.614,0.72521,0.72533,1.95,1.37
2015.05.26 14:58:32.715,0.7252,0.72531,1.87,1.37
2015.05.26 14:58:32.817,0.72518,0.72531,2.62,1.37
2015.05.26 14:58:33.992,0.72524,0.72531,1.00,1.10
2015.05.26 14:58:34.103,0.72526,0.72539,2.32,1.95
2015.05.26 14:58:34.205,0.72528,0.72541,1.12,1.95
2015.05.26 14:58:34.560,0.72532,0.72542,1.00,3.75
2015.05.26 14:58:34.662,0.72529,0.72542,1.20,3.75
2015.05.26 14:58:35.059,0.72529,0.72542,1.10,2.62
2015.05.26 14:58:35.628,0.72529,0.72542,1.50,1.27
2015.05.26 14:58:36.349,0.72529,0.72539,1.57,1.00
2015.05.26 14:58:37.152,0.72531,0.72539,1.00,1.00
2015.05.26 14:58:37.203,0.72531,0.72542,1.00,1.20
2015.05.26 14:58:37.802,0.72529,0.72542,1.87,1.95
2015.05.26 14:58:38.057,0.72528,0.72541,2.62,1.50
2015.05.26 14:58:38.364,0.72525,0.72537,1.95,2.32
2015.05.26 14:58:38.881,0.72525,0.72537,1.12,1.57
2015.05.26 14:58:39.389,0.72523,0.72536,2.70,1.95
2015.05.26 14:58:40.162,0.72524,0.72536,1.57,1.47
2015.05.26 14:58:40.474,0.72527,0.7254,1.50,2.25
2015.05.26 14:58:41.274,0.72528,0.7254,1.50,1.50
2015.05.26 14:58:42.035,0.72529,0.72542,1.57,2.25
2015.05.26 14:58:42.538,0.72529,0.72541,1.20,1.27
2015.05.26 14:58:42.691,0.72527,0.7254,2.25,1.37
2015.05.26 14:58:42.995,0.72524,0.72536,3.07,1.12
2015.05.26 14:58:43.097,0.72524,0.72536,1.57,1.20
2015.05.26 14:58:44.291,0.72524,0.72537,1.95,2.32
2015.05.26 14:58:47.110,0.72524,0.72535,1.07,1.00
2015.05.26 14:58:47.161,0.72524,0.72535,1.07,1.37
2015.05.26 14:58:47.783,0.72524,0.72536,1.12,1.95
2015.05.26 14:58:48.290,0.72525,0.72536,1.00,1.07
2015.05.26 14:58:48.963,0.72524,0.72537,3.45,1.57
2015.05.26 14:58:49.831,0.72524,0.72534,1.20,1.00
2015.05.26 14:58:50.273,0.72522,0.72532,1.12,1.87
2015.05.26 14:58:50.579,0.72518,0.7253,1.82,3.00
2015.05.26 14:58:51.352,0.7252,0.72531,1.37,1.20
2015.05.26 14:58:52.772,0.7252,0.72531,1.37,1.12
2015.05.26 14:58:54.389,0.72518,0.72529,1.87,1.12
2015.05.26 14:58:54.902,0.72517,0.72528,1.37,1.00
2015.05.26 14:58:55.106,0.72517,0.72528,1.37,1.10
2015.05.26 14:58:55.615,0.72518,0.72531,2.25,3.82
2015.05.26 14:58:57.070,0.72518,0.72529,1.37,1.87
2015.05.26 14:58:57.121,0.72518,0.72529,1.37,3.37
2015.05.26 14:58:57.274,0.72514,0.72526,3.00,1.50
2015.05.26 14:58:57.325,0.72513,0.72526,1.95,1.95
2015.05.26 14:58:57.680,0.72512,0.72522,1.12,1.00
2015.05.26 14:58:57.782,0.7251,0.72522,1.57,1.37
2015.05.26 14:58:58.231,0.72509,0.7252,1.10,1.00
2015.05.26 14:58:58.739,0.72509,0.7252,1.57,1.00
2015.05.26 14:58:59.592,0.7251,0.72522,1.57,1.37
2015.05.26 14:59:00.128,0.7251,0.72522,1.20,1.47
2015.05.26 14:59:02.013,0.7251,0.72522,1.95,1.47
2015.05.26 14:59:02.802,0.7251,0.72523,1.95,2.25
2015.05.26 14:59:02.955,0.72511,0.72522,1.20,1.37
2015.05.26 14:59:03.764,0.72511,0.72522,1.20,1.00
2015.05.26 14:59:04.118,0.72511,0.72523,1.57,1.37
2015.05.26 14:59:04.524,0.72509,0.72521,1.07,1.95
2015.05.26 14:59:05.607,0.72508,0.72521,1.57,1.47
2015.05.26 14:59:07.301,0.72508,0.72521,1.95,1.57
2015.05.26 14:59:08.621,0.72511,0.72522,1.00,1.45
2015.05.26 14:59:08.673,0.72513,0.72523,1.00,1.12
2015.05.26 14:59:08.774,0.72514,0.72527,1.00,3.00
2015.05.26 14:59:08.876,0.72514,0.72527,1.95,1.10
2015.05.26 14:59:09.383,0.72514,0.72527,2.40,1.87
2015.05.26 14:59:09.803,0.72515,0.72527,1.87,2.25
2015.05.26 14:59:10.057,0.72515,0.72529,3.37,2.62
2015.05.26 14:59:10.362,0.72518,0.7253,1.12,2.62
2015.05.26 14:59:10.832,0.72518,0.7253,1.20,1.20
2015.05.26 14:59:12.186,0.72518,0.7253,1.57,1.10
2015.05.26 14:59:12.737,0.72519,0.72533,1.87,2.62
2015.05.26 14:59:13.239,0.72519,0.7253,1.87,1.00
2015.05.26 14:59:14.125,0.72519,0.72531,1.87,1.07
2015.05.26 14:59:14.784,0.72518,0.72531,1.57,2.62
2015.05.26 14:59:14.886,0.72517,0.72529,1.20,1.50
2015.05.26 14:59:15.837,0.72516,0.72529,1.12,3.00
2015.05.26 14:59:16.201,0.72514,0.72522,1.95,1.00
2015.05.26 14:59:16.355,0.72508,0.7252,1.57,2.25
2015.05.26 14:59:17.215,0.72511,0.72522,1.37,1.50
2015.05.26 14:59:17.469,0.72513,0.72526,1.10,1.45
2015.05.26 14:59:17.875,0.72514,0.72527,1.57,1.57
2015.05.26 14:59:18.378,0.72516,0.7253,1.95,6.82
2015.05.26 14:59:18.430,0.72516,0.7253,3.07,3.07
2015.05.26 14:59:18.960,0.72516,0.72528,3.07,1.00
2015.05.26 14:59:21.341,0.72516,0.72528,3.07,1.00
2015.05.26 14:59:21.392,0.72518,0.72529,1.95,1.10
2015.05.26 14:59:22.982,0.72518,0.72525,1.57,1.12
2015.05.26 14:59:23.185,0.72511,0.72519,3.75,1.50
2015.05.26 14:59:23.288,0.72507,0.72518,2.62,1.00
2015.05.26 14:59:23.339,0.72507,0.7252,2.62,1.00
2015.05.26 14:59:23.491,0.7251,0.72522,1.20,1.10
2015.05.26 14:59:23.989,0.72511,0.72523,1.12,1.12
2015.05.26 14:59:24.354,0.7251,0.72522,1.50,1.00
2015.05.26 14:59:24.406,0.72513,0.72522,2.25,1.00
2015.05.26 14:59:24.610,0.72516,0.72526,1.95,1.57
2015.05.26 14:59:25.789,0.72507,0.72517,1.47,1.50
2015.05.26 14:59:26.554,0.72507,0.72518,1.47,1.00
2015.05.26 14:59:27.222,0.72507,0.72518,2.25,1.00
2015.05.26 14:59:27.729,0.72507,0.72518,1.57,1.00
2015.05.26 14:59:28.671,0.72507,0.72517,1.57,1.00
2015.05.26 14:59:28.978,0.72507,0.72519,2.32,1.10
2015.05.26 14:59:29.829,0.72507,0.72518,1.57,1.00
2015.05.26 14:59:31.430,0.72507,0.72516,1.12,1.00
2015.05.26 14:59:31.932,0.72505,0.72515,3.07,1.00
2015.05.26 14:59:32.326,0.72505,0.72509,1.87,1.00
2015.05.26 14:59:32.782,0.72498,0.72507,1.57,1.00
2015.05.26 14:59:32.833,0.72498,0.72507,1.50,1.00
2015.05.26 14:59:33.449,0.72497,0.72508,3.00,1.27
2015.05.26 14:59:34.910,0.72497,0.7251,2.70,1.57
2015.05.26 14:59:35.214,0.72497,0.72505,1.12,1.12
2015.05.26 14:59:36.332,0.72489,0.72499,1.57,1.00
2015.05.26 14:59:36.857,0.72489,0.725,1.95,1.00
2015.05.26 14:59:37.009,0.72489,0.72498,1.95,1.00
2015.05.26 14:59:37.654,0.72489,0.72498,1.50,1.10
2015.05.26 14:59:38.211,0.72488,0.72496,1.87,1.00
2015.05.26 14:59:39.217,0.72487,0.72492,1.37,1.00
2015.05.26 14:59:39.319,0.72486,0.72496,1.87,9.00
2015.05.26 14:59:39.421,0.72486,0.72494,1.87,3.75
2015.05.26 14:59:39.526,0.72486,0.72496,1.20,11.25
2015.05.26 14:59:39.578,0.72486,0.72496,1.95,7.50
2015.05.26 14:59:39.629,0.72486,0.72496,1.37,7.87
2015.05.26 14:59:40.293,0.72487,0.72496,1.37,7.57
2015.05.26 14:59:40.345,0.72487,0.72499,1.00,1.20
2015.05.26 14:59:40.867,0.72487,0.72499,1.57,1.20
2015.05.26 14:59:41.528,0.72487,0.72497,1.57,7.50
2015.05.26 14:59:42.030,0.72487,0.72497,1.12,7.50
2015.05.26 14:59:42.334,0.72486,0.72497,3.07,7.95
2015.05.26 14:59:44.456,0.72485,0.72497,2.25,9.45
2015.05.26 14:59:47.457,0.72485,0.72496,2.25,1.95
2015.05.26 14:59:48.668,0.72483,0.72495,2.40,1.37
2015.05.26 14:59:48.974,0.72479,0.72487,1.12,1.00
2015.05.26 14:59:49.025,0.72476,0.72487,2.62,1.00
2015.05.26 14:59:49.127,0.72475,0.72486,1.37,1.95
2015.05.26 14:59:49.757,0.72475,0.72486,1.12,1.47
2015.05.26 14:59:50.267,0.72475,0.72486,1.37,1.07
2015.05.26 14:59:50.965,0.72475,0.72488,1.50,9.37
2015.05.26 14:59:52.301,0.72474,0.72482,1.87,2.25
2015.05.26 14:59:52.352,0.72468,0.72481,1.87,1.57
2015.05.26 14:59:52.858,0.72467,0.72477,1.12,7.95
2015.05.26 14:59:53.606,0.72464,0.72477,1.50,10.50
2015.05.26 14:59:53.660,0.72464,0.72477,2.62,10.50
2015.05.26 14:59:54.166,0.72465,0.72477,1.87,8.62
2015.05.26 14:59:54.268,0.72466,0.72477,2.02,7.87
2015.05.26 14:59:54.823,0.72465,0.72477,2.25,7.87
2015.05.26 14:59:55.411,0.72465,0.72475,1.50,7.50
2015.05.26 14:59:56.614,0.72465,0.72475,2.25,7.50
2015.05.26 14:59:56.968,0.72465,0.72473,1.57,1.00
2015.05.26 14:59:57.851,0.72465,0.72474,1.50,1.00
2015.05.26 14:59:58.111,0.72462,0.72473,1.50,1.10
2015.05.26 14:59:58.265,0.72466,0.72473,1.00,1.10
2015.05.26 14:59:58.469,0.72466,0.72476,1.00,1.27
2015.05.26 14:59:59.354,0.72466,0.72477,1.20,1.00
2015.05.26 14:59:59.660,0.7247,0.72477,1.00,1.00
