2009.05.25 11:00:06.944,0.6184,0.61865,1.60,1.00
2009.05.25 11:00:07.063,0.61825,0.61865,3.20,1.00
2009.05.25 11:00:42.515,0.6184,0.61865,1.60,1.00
2009.05.25 11:00:42.736,0.6184,0.61865,3.20,1.00
2009.05.25 11:00:42.905,0.61825,0.61865,3.20,1.00
2009.05.25 11:00:43.195,0.6184,0.61865,1.00,1.00
2009.05.25 11:00:43.415,0.61825,0.61865,3.20,1.00
2009.05.25 11:00:43.984,0.6184,0.61865,1.00,1.00
2009.05.25 11:00:44.324,0.6184,0.61865,1.60,1.00
2009.05.25 11:00:44.674,0.61825,0.61865,3.20,1.00
2009.05.25 11:00:54.052,0.6183,0.6187,4.00,6.40
2009.05.25 11:01:09.748,0.6184,0.6187,1.00,6.40
2009.05.25 11:01:09.868,0.6184,0.6187,2.40,6.40
2009.05.25 11:01:10.038,0.6184,0.6187,4.00,6.40
2009.05.25 11:01:10.268,0.6184,0.6187,3.20,6.40
2009.05.25 11:01:10.498,0.6183,0.6187,4.00,6.40
2009.05.25 11:01:11.328,0.6184,0.6187,1.00,6.40
2009.05.25 11:01:11.548,0.6184,0.6187,4.00,6.40
2009.05.25 11:01:11.908,0.6184,0.6187,1.60,6.40
2009.05.25 11:01:12.128,0.6183,0.6187,4.00,6.40
2009.05.25 11:01:15.607,0.6184,0.6187,1.60,6.40
2009.05.25 11:01:15.777,0.6184,0.6187,3.20,6.40
2009.05.25 11:01:15.897,0.6184,0.6187,4.00,6.40
2009.05.25 11:01:22.785,0.6184,0.6187,1.00,6.40
2009.05.25 11:01:22.945,0.6184,0.6187,2.40,6.40
2009.05.25 11:01:23.055,0.6184,0.6187,4.00,6.40
2009.05.25 11:01:46.740,0.6184,0.6187,3.20,6.40
2009.05.25 11:01:47.069,0.6183,0.6187,4.00,6.40
2009.05.25 11:01:47.419,0.6184,0.6187,1.00,6.40
2009.05.25 11:01:47.869,0.6184,0.6187,4.00,6.40
2009.05.25 11:02:00.257,0.6184,0.6187,4.00,7.00
2009.05.25 11:02:00.426,0.6184,0.6187,4.00,7.80
2009.05.25 11:02:04.815,0.6183,0.6187,4.00,7.80
2009.05.25 11:02:05.145,0.6184,0.6187,1.00,7.80
2009.05.25 11:02:05.255,0.6184,0.6187,2.40,7.80
2009.05.25 11:02:05.365,0.6184,0.6187,4.00,7.80
2009.05.25 11:02:10.193,0.6184,0.6187,4.00,7.20
2009.05.25 11:02:10.524,0.6184,0.6187,4.00,6.40
2009.05.25 11:02:16.342,0.6184,0.6186,3.20,1.40
2009.05.25 11:02:16.452,0.6184,0.6185,3.20,1.00
2009.05.25 11:02:16.512,0.6182,0.6185,2.40,1.00
2009.05.25 11:02:26.560,0.6182,0.6185,2.40,1.40
2009.05.25 11:03:22.007,0.6182,0.6185,2.40,1.00
2009.05.25 11:04:03.286,0.6181,0.6184,4.00,2.20
2009.05.25 11:04:03.926,0.61804,0.61834,5.20,1.40
2009.05.25 11:04:04.095,0.61802,0.61827,8.00,4.60
2009.05.25 11:04:32.939,0.61799,0.61824,8.00,4.60
2009.05.25 11:04:33.159,0.61795,0.61825,4.80,2.40
2009.05.25 11:04:33.638,0.61788,0.61828,9.20,2.20
2009.05.25 11:04:37.208,0.61792,0.61822,6.80,2.20
2009.05.25 11:04:37.388,0.61803,0.61813,7.40,2.20
2009.05.25 11:04:37.668,0.61805,0.6182,10.40,2.20
2009.05.25 11:04:37.787,0.61809,0.61819,12.60,6.20
2009.05.25 11:04:38.147,0.618,0.6182,6.20,2.20
2009.05.25 11:04:38.377,0.61787,0.61817,6.20,7.00
2009.05.25 11:04:38.647,0.61785,0.61815,6.00,3.80
2009.05.25 11:04:41.986,0.61788,0.61818,4.00,5.40
2009.05.25 11:04:48.435,0.61792,0.61822,5.20,1.40
2009.05.25 11:04:48.655,0.61794,0.61819,10.40,2.20
2009.05.25 11:04:48.935,0.61794,0.61814,6.20,4.60
2009.05.25 11:04:49.154,0.61791,0.61811,6.20,7.00
2009.05.25 11:04:49.724,0.61789,0.61809,12.60,6.20
2009.05.25 11:04:50.015,0.61799,0.61804,3.20,1.40
2009.05.25 11:04:50.314,0.61789,0.61819,5.20,1.40
2009.05.25 11:04:55.943,0.61792,0.61822,3.20,6.10
2009.05.25 11:05:54.100,0.61825,0.6185,2.20,1.00
2009.05.25 11:05:54.150,0.6183,0.6185,1.00,1.00
2009.05.25 11:05:54.210,0.61835,0.6185,4.80,1.00
2009.05.25 11:05:54.330,0.61835,0.61855,4.80,11.00
2009.05.25 11:05:54.390,0.61835,0.6185,6.40,1.00
2009.05.25 11:05:54.440,0.61825,0.6185,4.00,1.00
2009.05.25 11:05:54.550,0.61825,0.6185,2.40,1.00
2009.05.25 11:05:54.609,0.6182,0.6185,2.40,1.00
2009.05.25 11:06:02.660,0.618,0.6182,1.00,1.00
2009.05.25 11:06:02.890,0.61799,0.61819,1.00,1.00
2009.05.25 11:06:02.940,0.61806,0.61816,3.00,1.40
2009.05.25 11:06:03.230,0.61803,0.61823,4.80,1.40
2009.05.25 11:06:04.480,0.61808,0.61828,4.80,5.60
2009.05.25 11:06:14.367,0.61804,0.61839,2.40,2.80
2009.05.25 11:06:21.715,0.61805,0.61845,4.80,1.00
2009.05.25 11:06:25.534,0.6181,0.61835,1.00,1.00
2009.05.25 11:06:40.021,0.61799,0.61839,1.60,3.20
2009.05.25 11:06:40.131,0.61793,0.61833,3.00,2.20
2009.05.25 11:06:44.830,0.61793,0.61823,2.40,2.80
2009.05.25 11:06:45.170,0.61784,0.61824,3.00,2.20
2009.05.25 11:07:15.291,0.61786,0.61826,3.00,3.00
2009.05.25 11:07:16.711,0.61778,0.61823,4.80,1.00
2009.05.25 11:07:17.621,0.61773,0.61818,4.80,1.40
2009.05.25 11:07:21.880,0.6177,0.61816,2.40,2.80
2009.05.25 11:07:24.029,0.61771,0.61816,3.00,1.40
2009.05.25 11:07:24.369,0.61776,0.61816,4.80,1.40
2009.05.25 11:07:24.749,0.61784,0.61819,4.80,1.40
2009.05.25 11:07:25.099,0.61804,0.61814,4.80,5.60
2009.05.25 11:07:25.439,0.61805,0.61815,4.80,1.40
2009.05.25 11:07:32.717,0.61792,0.61822,4.80,1.00
2009.05.25 11:07:36.356,0.61791,0.61821,3.00,1.40
2009.05.25 11:07:36.706,0.61793,0.61823,2.40,2.80
2009.05.25 11:07:51.662,0.61793,0.61823,4.80,1.40
2009.05.25 11:07:57.201,0.61794,0.61824,4.80,2.20
2009.05.25 11:08:17.755,0.61825,0.61855,2.40,15.60
2009.05.25 11:08:17.925,0.61825,0.61855,2.40,12.40
2009.05.25 11:08:18.275,0.61825,0.61855,2.40,11.80
2009.05.25 11:08:22.784,0.61825,0.6185,8.80,1.00
2009.05.25 11:08:23.084,0.6182,0.6185,2.40,1.00
2009.05.25 11:08:39.750,0.61815,0.6185,3.20,2.20
2009.05.25 11:08:39.810,0.61815,0.6185,2.40,3.80
2009.05.25 11:08:39.870,0.6181,0.6185,14.40,4.40
2009.05.25 11:08:40.040,0.6181,0.6185,13.60,4.40
2009.05.25 11:08:40.160,0.6181,0.6185,12.80,4.40
2009.05.25 11:08:40.331,0.6181,0.6185,6.20,4.40
2009.05.25 11:08:41.199,0.6181,0.6185,12.80,4.40
2009.05.25 11:08:41.539,0.6181,0.6185,6.20,4.40
2009.05.25 11:08:42.789,0.6181,0.6185,12.80,4.40
2009.05.25 11:08:49.099,0.6181,0.6185,6.20,4.40
2009.05.25 11:08:49.527,0.6181,0.6185,12.80,4.40
2009.05.25 11:08:54.606,0.6181,0.6185,6.20,4.40
2009.05.25 11:08:54.987,0.6181,0.6185,12.80,4.40
2009.05.25 11:08:58.255,0.6181,0.6185,6.20,4.40
2009.05.25 11:08:58.625,0.6181,0.61845,10.40,1.00
2009.05.25 11:08:58.795,0.6181,0.6185,6.20,4.40
2009.05.25 11:09:05.834,0.6181,0.6185,12.80,4.40
2009.05.25 11:09:06.423,0.6181,0.6185,6.20,4.40
2009.05.25 11:09:06.923,0.6181,0.6185,12.80,4.40
2009.05.25 11:09:07.613,0.6181,0.6185,6.20,4.40
2009.05.25 11:09:08.003,0.6181,0.61845,10.40,1.00
2009.05.25 11:09:08.313,0.6181,0.6185,6.20,4.40
2009.05.25 11:09:18.101,0.6181,0.61845,10.40,1.00
2009.05.25 11:09:18.271,0.6181,0.6185,6.20,4.40
2009.05.25 11:09:38.156,0.6181,0.6184,3.80,1.00
2009.05.25 11:09:38.386,0.6181,0.6184,7.00,1.00
2009.05.25 11:09:38.566,0.6181,0.6184,5.60,3.00
2009.05.25 11:09:38.836,0.61805,0.6184,4.80,3.00
2009.05.25 11:09:40.006,0.6181,0.6184,5.60,3.00
2009.05.25 11:09:40.805,0.6181,0.6184,4.80,3.00
2009.05.25 11:09:41.035,0.6181,0.6184,1.60,3.00
2009.05.25 11:09:47.024,0.6181,0.61835,1.60,7.00
2009.05.25 11:09:47.304,0.6181,0.61835,2.40,7.00
2009.05.25 11:09:47.593,0.6181,0.61835,2.40,3.00
2009.05.25 11:09:48.053,0.6181,0.61835,2.40,7.00
2009.05.25 11:09:50.693,0.61805,0.61835,4.80,7.00
2009.05.25 11:09:55.912,0.61805,0.61835,4.80,3.00
2009.05.25 11:10:00.171,0.61805,0.61835,4.80,5.40
2009.05.25 11:10:00.460,0.61805,0.61835,4.80,3.00
2009.05.25 11:10:00.730,0.61805,0.61835,4.00,7.00
2009.05.25 11:10:01.120,0.61805,0.61835,4.80,7.00
2009.05.25 11:10:03.050,0.61805,0.61835,4.00,7.00
2009.05.25 11:10:03.280,0.61805,0.61835,4.80,7.00
2009.05.25 11:10:04.619,0.61805,0.61835,4.80,5.40
2009.05.25 11:10:04.849,0.61805,0.61835,4.80,3.00
2009.05.25 11:10:10.018,0.6181,0.6184,5.60,3.00
2009.05.25 11:10:15.567,0.6181,0.6184,7.00,3.00
2009.05.25 11:10:15.736,0.6181,0.6184,7.00,2.20
2009.05.25 11:10:15.906,0.6181,0.6185,9.40,3.60
2009.05.25 11:11:04.753,0.6179,0.6183,4.20,3.90
2009.05.25 11:11:05.053,0.6179,0.6183,1.00,2.20
2009.05.25 11:11:14.821,0.6179,0.6183,1.00,2.20
2009.05.25 11:11:15.051,0.61797,0.61823,1.00,2.20
2009.05.25 11:11:18.840,0.61797,0.61823,4.80,2.20
2009.05.25 11:11:19.020,0.61797,0.61823,1.00,2.20
2009.05.25 11:11:21.829,0.6179,0.6183,6.60,2.20
2009.05.25 11:11:21.889,0.6179,0.6183,4.80,2.20
2009.05.25 11:12:20.400,0.61763,0.61813,1.20,2.20
2009.05.25 11:12:20.510,0.61778,0.61793,1.00,2.20
2009.05.25 11:12:21.790,0.61784,0.61798,1.00,2.20
2009.05.25 11:12:26.857,0.61801,0.61806,4.80,2.20
2009.05.25 11:12:30.388,0.61804,0.61818,1.00,2.20
2009.05.25 11:12:30.788,0.61805,0.6182,2.00,5.20
2009.05.25 11:12:31.198,0.61806,0.61816,7.20,5.20
2009.05.25 11:12:31.478,0.61806,0.61816,1.20,2.20
2009.05.25 11:12:31.827,0.618,0.6182,4.80,2.20
2009.05.25 11:12:50.713,0.61795,0.61825,1.20,2.20
2009.05.25 11:13:02.696,0.6181,0.61845,6.40,2.20
2009.05.25 11:13:02.926,0.6181,0.61845,6.40,7.00
2009.05.25 11:13:13.184,0.6181,0.61845,8.00,5.40
2009.05.25 11:13:13.473,0.6181,0.6185,10.40,3.60
2009.05.25 11:13:22.652,0.61815,0.6185,1.40,3.60
2009.05.25 11:13:22.871,0.6182,0.6185,4.00,3.60
2009.05.25 11:13:23.101,0.61815,0.61855,3.20,2.00
2009.05.25 11:13:23.721,0.6181,0.6185,10.40,3.60
2009.05.25 11:14:18.348,0.6182,0.6185,1.00,3.60
2009.05.25 11:14:18.628,0.6182,0.61855,4.00,2.00
2009.05.25 11:15:17.464,0.6182,0.6185,4.00,3.60
2009.05.25 11:15:17.744,0.6182,0.6185,1.60,3.60
2009.05.25 11:15:18.084,0.6181,0.6185,10.40,3.60
2009.05.25 11:15:46.547,0.61805,0.61845,4.20,1.00
2009.05.25 11:15:47.007,0.618,0.6184,4.00,1.00
2009.05.25 11:15:47.357,0.618,0.6184,2.40,1.00
2009.05.25 11:15:54.045,0.61795,0.61835,2.40,1.00
2009.05.25 11:16:42.023,0.6179,0.61815,9.20,6.20
2009.05.25 11:16:42.294,0.6179,0.61815,2.80,8.60
2009.05.25 11:16:52.061,0.6178,0.61815,4.80,8.60
2009.05.25 11:17:17.905,0.6179,0.61815,1.40,8.60
2009.05.25 11:17:18.105,0.6179,0.61815,2.80,8.60
2009.05.25 11:17:28.022,0.6178,0.61815,4.80,8.60
2009.05.25 11:17:52.217,0.6179,0.61815,2.80,8.60
2009.05.25 11:18:02.094,0.6178,0.61815,4.80,8.60
2009.05.25 11:18:11.262,0.6178,0.6182,8.80,4.60
2009.05.25 11:18:11.382,0.6179,0.6182,2.80,10.80
2009.05.25 11:18:11.492,0.6179,0.61815,2.80,14.80
2009.05.25 11:18:11.722,0.6179,0.61805,2.80,2.20
2009.05.25 11:18:12.002,0.6179,0.61805,2.80,6.20
2009.05.25 11:18:17.150,0.6179,0.61805,2.80,2.20
2009.05.25 11:18:17.560,0.6179,0.61805,2.80,4.60
2009.05.25 11:18:17.671,0.6179,0.61805,2.80,6.20
2009.05.25 11:18:18.470,0.6179,0.61805,2.80,2.20
2009.05.25 11:18:21.349,0.61785,0.61805,8.80,2.20
2009.05.25 11:18:21.699,0.61785,0.61805,6.40,2.20
2009.05.25 11:18:21.819,0.61785,0.61805,8.80,2.20
2009.05.25 11:18:24.948,0.6179,0.6182,1.40,13.20
2009.05.25 11:18:25.229,0.618,0.6183,4.00,2.20
2009.05.25 11:18:25.518,0.618,0.6183,4.00,5.80
2009.05.25 11:18:28.258,0.618,0.6183,3.20,5.80
2009.05.25 11:18:28.548,0.618,0.6182,1.60,1.20
2009.05.25 11:18:28.948,0.6179,0.6182,10.60,1.20
2009.05.25 11:18:29.528,0.618,0.6182,1.00,1.20
2009.05.25 11:18:29.808,0.618,0.6182,2.40,1.20
2009.05.25 11:18:30.037,0.618,0.6182,4.00,1.20
2009.05.25 11:18:31.677,0.61795,0.6182,3.20,1.20
2009.05.25 11:18:38.335,0.61795,0.6182,3.20,1.00
2009.05.25 11:18:38.685,0.61795,0.61835,3.20,2.60
2009.05.25 11:18:41.615,0.61795,0.6183,3.20,1.00
2009.05.25 11:18:41.785,0.61795,0.61835,3.20,1.00
2009.05.25 11:18:43.284,0.618,0.61835,2.20,1.00
2009.05.25 11:18:43.554,0.6181,0.6182,2.40,1.20
2009.05.25 11:18:43.904,0.6181,0.6182,1.00,1.20
2009.05.25 11:18:44.254,0.6181,0.6182,4.00,1.20
2009.05.25 11:18:44.604,0.6181,0.6182,1.60,1.20
2009.05.25 11:18:44.724,0.618,0.6182,7.80,1.20
2009.05.25 11:18:44.944,0.6181,0.6182,1.00,1.20
2009.05.25 11:18:45.114,0.6181,0.6182,4.00,1.20
2009.05.25 11:18:45.464,0.6181,0.6182,3.20,1.20
2009.05.25 11:18:45.584,0.618,0.6182,7.80,1.20
2009.05.25 11:18:48.893,0.6181,0.6182,1.00,1.20
2009.05.25 11:18:49.293,0.6181,0.6182,4.00,1.20
2009.05.25 11:18:51.562,0.6181,0.6182,3.20,1.20
2009.05.25 11:18:51.682,0.6181,0.6182,1.60,1.20
2009.05.25 11:18:51.802,0.61795,0.6182,3.20,1.20
2009.05.25 11:18:53.322,0.61795,0.6182,3.20,1.00
2009.05.25 11:18:53.492,0.61795,0.61835,3.20,2.60
2009.05.25 11:19:22.045,0.61795,0.6182,3.20,1.00
2009.05.25 11:19:22.285,0.61795,0.61835,3.20,1.00
2009.05.25 11:19:49.639,0.6181,0.61835,1.00,1.00
2009.05.25 11:19:49.698,0.6181,0.61835,2.40,1.00
2009.05.25 11:19:49.808,0.6181,0.6182,2.40,1.00
2009.05.25 11:19:59.556,0.618,0.6182,4.00,1.00
2009.05.25 11:19:59.786,0.618,0.6184,4.00,7.80
2009.05.25 11:20:45.975,0.618,0.6183,4.00,1.00
2009.05.25 11:20:46.035,0.618,0.6183,4.00,1.40
2009.05.25 11:21:09.579,0.618,0.6182,4.00,1.00
2009.05.25 11:21:09.749,0.618,0.6183,4.00,1.00
2009.05.25 11:21:18.337,0.618,0.6183,4.00,2.20
2009.05.25 11:21:28.284,0.618,0.6183,4.00,1.00
2009.05.25 11:22:01.360,0.61775,0.61805,6.20,10.40
2009.05.25 11:22:01.650,0.61774,0.61804,10.40,2.00
2009.05.25 11:22:05.069,0.61774,0.61804,4.80,4.60
2009.05.25 11:22:05.299,0.61778,0.61803,7.20,4.60
2009.05.25 11:22:06.278,0.61776,0.61806,1.60,5.40
2009.05.25 11:22:07.438,0.61776,0.61806,8.80,1.20
2009.05.25 11:22:21.155,0.61776,0.61806,8.80,4.60
2009.05.25 11:22:23.414,0.61779,0.61809,7.20,1.20
2009.05.25 11:22:24.793,0.61782,0.61812,6.20,10.40
2009.05.25 11:22:26.374,0.61778,0.61818,8.80,1.20
2009.05.25 11:22:26.484,0.61795,0.618,4.80,4.60
2009.05.25 11:22:29.093,0.6179,0.61795,8.80,1.20
2009.05.25 11:22:30.983,0.6178,0.61795,2.40,4.60
2009.05.25 11:22:31.333,0.61778,0.61793,6.20,1.00
2009.05.25 11:22:31.673,0.61784,0.61794,1.60,5.40
2009.05.25 11:22:33.802,0.61783,0.61803,8.80,1.20
2009.05.25 11:22:34.082,0.61787,0.61807,8.80,1.20
2009.05.25 11:22:34.312,0.61787,0.61807,7.80,1.00
2009.05.25 11:22:34.652,0.61785,0.61805,1.60,5.40
2009.05.25 11:22:36.581,0.61779,0.61809,7.20,4.60
2009.05.25 11:22:45.279,0.61781,0.61806,4.80,4.60
2009.05.25 11:22:45.459,0.61782,0.61807,8.80,4.60
2009.05.25 11:22:45.519,0.61779,0.61809,1.00,4.60
2009.05.25 11:22:45.859,0.61777,0.61807,4.80,4.60
2009.05.25 11:22:46.089,0.61775,0.61805,4.80,1.60
2009.05.25 11:22:46.269,0.61769,0.61809,8.80,4.60
2009.05.25 11:22:46.439,0.61772,0.61797,1.40,2.00
2009.05.25 11:22:46.669,0.6177,0.618,7.20,4.80
2009.05.25 11:22:50.608,0.61766,0.61811,4.80,4.60
2009.05.25 11:22:50.948,0.61776,0.61806,6.20,1.00
2009.05.25 11:22:51.297,0.61774,0.61809,7.20,4.60
2009.05.25 11:22:51.758,0.6177,0.6181,2.40,2.00
2009.05.25 11:22:53.947,0.61772,0.61807,6.20,1.00
2009.05.25 11:22:55.727,0.61774,0.61804,7.20,1.60
2009.05.25 11:22:56.976,0.61772,0.61807,7.20,4.80
2009.05.25 11:22:57.316,0.61781,0.61796,6.20,1.60
2009.05.25 11:22:57.716,0.6178,0.618,7.20,4.60
2009.05.25 11:23:04.141,0.6177,0.618,2.40,1.00
2009.05.25 11:23:04.371,0.6177,0.618,4.00,1.00
2009.05.25 11:23:05.851,0.6177,0.61795,3.20,1.00
2009.05.25 11:23:05.961,0.6177,0.61795,1.60,1.00
2009.05.25 11:23:06.191,0.61755,0.61795,3.20,1.00
2009.05.25 11:23:06.661,0.6175,0.6179,5.60,1.00
2009.05.25 11:23:06.881,0.6175,0.6179,2.40,1.00
2009.05.25 11:23:07.111,0.6176,0.6179,1.00,1.00
2009.05.25 11:23:07.291,0.6176,0.61785,4.00,1.00
2009.05.25 11:23:07.461,0.6176,0.61785,3.20,1.00
2009.05.25 11:23:07.621,0.61745,0.61785,2.40,1.00
2009.05.25 11:23:24.946,0.61745,0.61785,3.20,1.00
2009.05.25 11:23:25.176,0.61745,0.61785,2.40,1.00
2009.05.25 11:23:25.576,0.6175,0.6178,4.00,1.00
2009.05.25 11:23:25.746,0.61755,0.61795,2.40,7.00
2009.05.25 11:23:26.026,0.61755,0.61795,2.40,1.00
2009.05.25 11:23:26.086,0.6175,0.6179,2.40,1.00
2009.05.25 11:23:26.326,0.61755,0.61795,2.40,1.00
2009.05.25 11:23:27.196,0.6176,0.618,2.40,1.00
2009.05.25 11:23:31.745,0.6178,0.6181,2.40,7.00
2009.05.25 11:23:31.865,0.6178,0.6181,2.40,6.40
2009.05.25 11:23:32.145,0.6178,0.6182,2.40,5.60
2009.05.25 11:23:32.764,0.6178,0.6182,2.40,2.40
2009.05.25 11:23:33.104,0.61785,0.6182,2.40,1.60
2009.05.25 11:23:34.804,0.61775,0.6181,7.20,1.00
2009.05.25 11:23:35.544,0.6177,0.6181,2.40,1.00
2009.05.25 11:23:47.131,0.6179,0.6181,1.00,1.00
2009.05.25 11:23:47.471,0.6179,0.61815,2.40,4.80
2009.05.25 11:23:47.631,0.6179,0.6182,4.00,2.40
2009.05.25 11:23:57.399,0.6179,0.6182,4.00,1.60
2009.05.25 11:23:57.518,0.6179,0.6182,4.00,1.00
2009.05.25 11:24:04.147,0.6179,0.6182,4.00,2.40
2009.05.25 11:24:04.327,0.6179,0.61815,3.20,1.00
2009.05.25 11:24:04.497,0.61775,0.61815,2.40,1.00
2009.05.25 11:24:04.737,0.6177,0.6181,2.40,1.00
2009.05.25 11:24:11.675,0.61785,0.61815,5.20,6.40
2009.05.25 11:24:12.015,0.61785,0.61825,5.20,2.40
2009.05.25 11:24:12.365,0.61785,0.61825,6.00,2.40
2009.05.25 11:24:14.265,0.61785,0.61825,6.00,1.60
2009.05.25 11:24:14.494,0.61785,0.61825,6.00,1.00
2009.05.25 11:24:21.373,0.61785,0.61825,4.60,1.00
2009.05.25 11:24:21.673,0.61785,0.61825,3.20,1.00
2009.05.25 11:24:40.158,0.61795,0.6182,3.20,1.20
2009.05.25 11:24:40.328,0.61795,0.61835,3.20,1.00
2009.05.25 11:24:50.746,0.618,0.6184,2.40,7.60
2009.05.25 11:24:50.806,0.618,0.6184,2.40,1.20
2009.05.25 11:25:00.354,0.618,0.6184,2.40,1.00
2009.05.25 11:25:39.364,0.618,0.6184,2.40,1.00
2009.05.25 11:26:26.483,0.618,0.6184,2.40,4.00
2009.05.25 11:26:26.593,0.618,0.6184,2.40,10.40
2009.05.25 11:26:26.813,0.61795,0.61835,3.20,1.00
2009.05.25 11:26:30.622,0.618,0.6184,2.40,2.20
2009.05.25 11:26:32.161,0.61795,0.61835,3.20,1.00
2009.05.25 11:26:48.187,0.61795,0.61835,3.80,1.00
2009.05.25 11:26:48.357,0.61795,0.61835,3.20,1.00
2009.05.25 11:27:05.845,0.6181,0.6184,1.00,9.20
2009.05.25 11:27:06.015,0.6181,0.6184,4.00,2.60
2009.05.25 11:27:13.753,0.618,0.6184,5.60,2.60
2009.05.25 11:27:13.913,0.6181,0.6184,3.20,2.60
2009.05.25 11:27:14.023,0.6181,0.6184,3.20,1.20
2009.05.25 11:27:14.193,0.618,0.6184,2.40,1.20
2009.05.25 11:27:16.052,0.618,0.6184,2.40,1.00
2009.05.25 11:27:56.383,0.61795,0.61835,3.20,1.00
2009.05.25 11:28:19.328,0.6178,0.6181,5.40,1.40
2009.05.25 11:28:27.317,0.61777,0.61811,4.00,1.40
2009.05.25 11:28:30.505,0.61773,0.61813,5.00,2.20
2009.05.25 11:28:30.965,0.61773,0.61813,4.60,2.20
2009.05.25 11:28:36.324,0.61773,0.61813,3.20,4.60
2009.05.25 11:28:40.453,0.61776,0.6181,5.40,2.20
2009.05.25 11:28:40.743,0.61776,0.6181,5.40,1.40
2009.05.25 11:28:40.913,0.61778,0.61808,1.00,2.20
2009.05.25 11:28:41.033,0.61776,0.6181,4.00,1.40
2009.05.25 11:28:45.022,0.6177,0.61816,3.00,4.60
2009.05.25 11:28:45.202,0.61776,0.6181,4.60,3.20
2009.05.25 11:28:45.592,0.61776,0.6181,1.00,2.20
2009.05.25 11:28:46.052,0.6178,0.61806,5.40,2.20
2009.05.25 11:28:46.272,0.61785,0.61805,4.00,1.40
2009.05.25 11:28:46.502,0.61786,0.61801,3.20,1.60
2009.05.25 11:28:46.742,0.6179,0.618,4.60,3.20
2009.05.25 11:28:49.571,0.61792,0.61802,1.00,2.20
2009.05.25 11:29:02.107,0.618,0.6184,4.00,8.60
2009.05.25 11:29:23.402,0.618,0.6184,2.40,3.20
2009.05.25 11:29:23.512,0.61795,0.61835,3.20,1.00
2009.05.25 11:29:55.064,0.618,0.6184,2.40,8.20
2009.05.25 11:29:55.354,0.618,0.6184,2.40,1.20
2009.05.25 11:30:05.321,0.618,0.6184,2.40,1.00
2009.05.25 11:30:27.926,0.618,0.6184,2.40,1.20
2009.05.25 11:30:27.986,0.618,0.6184,2.40,1.20
2009.05.25 11:30:38.024,0.618,0.6184,2.40,1.20
2009.05.25 11:30:38.134,0.618,0.6184,2.40,1.00
2009.05.25 11:31:34.660,0.618,0.6184,2.40,1.20
2009.05.25 11:31:34.780,0.618,0.6184,2.40,1.20
2009.05.25 11:31:44.538,0.618,0.6184,2.40,1.00
2009.05.25 11:32:24.638,0.618,0.61845,4.00,6.40
2009.05.25 11:33:22.274,0.618,0.6184,5.60,1.00
2009.05.25 11:33:22.554,0.618,0.6184,2.40,1.00
2009.05.25 11:34:24.179,0.618,0.61845,4.00,6.40
2009.05.25 11:35:17.466,0.6181,0.61835,1.00,1.40
2009.05.25 11:35:17.816,0.6181,0.61835,4.00,1.40
2009.05.25 11:35:18.386,0.6181,0.61835,3.20,1.40
2009.05.25 11:35:18.796,0.61795,0.61835,5.60,1.40
2009.05.25 11:35:20.486,0.6181,0.61835,1.60,1.40
2009.05.25 11:35:20.716,0.6181,0.61835,4.00,1.40
2009.05.25 11:35:21.076,0.6181,0.61835,1.60,1.40
2009.05.25 11:35:21.416,0.61795,0.61835,5.60,1.40
2009.05.25 11:35:21.765,0.6181,0.61835,1.00,1.40
2009.05.25 11:35:21.995,0.6181,0.61835,2.40,1.40
2009.05.25 11:35:22.235,0.6181,0.61835,4.00,1.40
2009.05.25 11:35:22.995,0.6181,0.61835,1.00,1.40
2009.05.25 11:35:23.165,0.6181,0.61835,4.00,1.40
2009.05.25 11:35:23.735,0.61795,0.61835,5.60,1.40
2009.05.25 11:35:23.855,0.618,0.6184,2.40,7.00
2009.05.25 11:35:29.514,0.618,0.6184,2.40,1.00
2009.05.25 11:35:44.000,0.6181,0.6184,1.00,1.00
2009.05.25 11:35:44.250,0.618,0.6184,4.00,1.00
2009.05.25 11:35:44.490,0.618,0.6184,2.40,1.00
2009.05.25 11:36:08.094,0.61805,0.61845,4.80,7.80
2009.05.25 11:36:08.454,0.61805,0.61845,5.60,1.40
2009.05.25 11:36:10.474,0.61805,0.61845,3.20,2.20
2009.05.25 11:36:10.653,0.6181,0.6184,4.00,1.00
2009.05.25 11:36:16.003,0.618,0.6184,5.60,1.00
2009.05.25 11:36:16.352,0.618,0.6184,2.40,1.00
2009.05.25 11:36:17.022,0.6181,0.6184,1.00,1.00
2009.05.25 11:36:17.252,0.6181,0.6184,4.00,1.00
2009.05.25 11:36:21.361,0.618,0.6184,5.60,1.00
2009.05.25 11:36:21.531,0.618,0.6184,4.00,1.00
2009.05.25 11:36:21.591,0.618,0.6184,2.40,1.00
2009.05.25 11:36:23.890,0.6181,0.6184,4.00,1.00
2009.05.25 11:36:24.060,0.618,0.6184,5.60,1.00
2009.05.25 11:36:24.170,0.618,0.6184,2.40,1.00
2009.05.25 11:36:24.700,0.6181,0.6184,1.00,1.00
2009.05.25 11:36:50.734,0.6181,0.6184,2.40,1.00
2009.05.25 11:36:50.904,0.6181,0.6184,4.00,1.00
2009.05.25 11:36:51.754,0.61805,0.61845,5.60,3.00
2009.05.25 11:36:52.113,0.61805,0.61845,5.60,1.40
2009.05.25 11:36:56.563,0.61805,0.61845,3.20,1.00
2009.05.25 11:36:56.683,0.6181,0.6184,4.00,1.00
2009.05.25 11:37:38.852,0.618,0.6184,5.60,1.00
2009.05.25 11:37:39.072,0.618,0.6184,2.40,1.00
2009.05.25 11:37:43.541,0.6181,0.6184,1.00,1.00
2009.05.25 11:37:43.771,0.6181,0.6184,2.40,1.00
2009.05.25 11:37:43.951,0.6181,0.6184,4.00,1.00
2009.05.25 11:37:47.470,0.618,0.6184,5.60,1.00
2009.05.25 11:37:47.920,0.61805,0.61845,4.80,1.40
2009.05.25 11:37:48.140,0.61805,0.61845,5.60,1.40
2009.05.25 11:38:00.067,0.618,0.6184,5.60,1.00
2009.05.25 11:38:00.537,0.6181,0.6184,1.00,1.00
2009.05.25 11:38:00.777,0.6181,0.6184,2.40,1.00
2009.05.25 11:38:00.887,0.6181,0.6184,4.00,1.00
2009.05.25 11:38:08.575,0.618,0.6184,5.60,1.00
2009.05.25 11:38:08.805,0.6181,0.6184,4.00,1.00
2009.05.25 11:38:08.975,0.6181,0.6184,2.40,1.00
2009.05.25 11:38:09.145,0.6181,0.6184,4.00,1.00
2009.05.25 11:38:27.461,0.6181,0.6184,2.40,1.00
2009.05.25 11:38:27.811,0.6181,0.6184,4.00,1.00
2009.05.25 11:38:27.990,0.618,0.6184,4.00,1.00
2009.05.25 11:38:28.161,0.618,0.6184,2.40,1.00
2009.05.25 11:38:28.810,0.6181,0.6184,1.00,1.00
2009.05.25 11:38:29.091,0.6181,0.6184,4.00,1.00
2009.05.25 11:38:34.149,0.61805,0.6184,3.20,1.00
2009.05.25 11:38:34.319,0.61805,0.61845,5.60,7.80
2009.05.25 11:38:34.439,0.61805,0.61845,5.60,1.40
2009.05.25 11:38:42.427,0.61805,0.61845,3.20,1.00
2009.05.25 11:38:42.707,0.6181,0.6184,4.00,1.00
2009.05.25 11:38:45.477,0.618,0.6184,5.60,1.00
2009.05.25 11:38:45.777,0.618,0.6184,4.00,1.00
2009.05.25 11:38:45.946,0.6181,0.6184,1.00,1.00
2009.05.25 11:38:46.466,0.6181,0.6184,4.00,1.00
2009.05.25 11:38:46.926,0.618,0.6184,5.60,1.00
2009.05.25 11:38:47.286,0.618,0.6184,2.40,1.00
2009.05.25 11:38:49.605,0.6181,0.6184,1.00,1.00
2009.05.25 11:38:49.825,0.6181,0.6184,2.40,1.00
2009.05.25 11:38:50.055,0.6181,0.6184,4.00,1.00
2009.05.25 11:38:58.243,0.618,0.6184,4.00,1.00
2009.05.25 11:38:58.463,0.618,0.6184,5.60,1.00
2009.05.25 11:38:58.643,0.618,0.6184,2.40,1.00
2009.05.25 11:39:00.313,0.6181,0.6184,1.00,1.00
2009.05.25 11:39:00.583,0.6181,0.6184,2.40,1.00
2009.05.25 11:39:00.753,0.6181,0.6184,4.00,1.00
2009.05.25 11:39:04.422,0.618,0.6184,5.60,1.00
2009.05.25 11:39:04.482,0.618,0.6184,4.00,1.00
2009.05.25 11:39:04.712,0.6181,0.6184,2.40,1.00
2009.05.25 11:39:05.471,0.6181,0.6184,1.00,1.00
2009.05.25 11:39:05.801,0.618,0.6184,2.40,1.00
2009.05.25 11:39:07.021,0.6181,0.6184,1.00,1.00
2009.05.25 11:39:07.371,0.6181,0.6184,2.40,1.00
2009.05.25 11:39:07.431,0.6181,0.6184,4.00,1.00
2009.05.25 11:39:07.651,0.618,0.6184,5.60,1.00
2009.05.25 11:39:07.891,0.6181,0.6184,1.00,1.00
2009.05.25 11:39:08.221,0.6181,0.6184,4.00,1.00
2009.05.25 11:39:09.141,0.618,0.6184,5.60,1.00
2009.05.25 11:39:09.490,0.618,0.6184,2.40,1.00
2009.05.25 11:39:10.990,0.61805,0.6184,2.40,1.00
2009.05.25 11:39:11.230,0.61805,0.61845,5.60,1.40
2009.05.25 11:39:16.819,0.61805,0.61845,3.20,1.00
2009.05.25 11:39:16.929,0.6181,0.6184,4.00,1.00
2009.05.25 11:39:23.127,0.618,0.6184,5.60,1.00
2009.05.25 11:39:23.247,0.618,0.6184,4.00,1.00
2009.05.25 11:39:23.307,0.618,0.6184,2.40,1.00
2009.05.25 11:39:26.496,0.6181,0.6184,1.00,1.00
2009.05.25 11:39:26.846,0.6181,0.6184,4.00,1.00
2009.05.25 11:39:37.914,0.618,0.6184,5.60,1.00
2009.05.25 11:39:38.034,0.618,0.6184,4.00,1.00
2009.05.25 11:39:38.154,0.618,0.6184,2.40,1.00
2009.05.25 11:39:49.121,0.618,0.6184,5.60,1.00
2009.05.25 11:39:49.341,0.6181,0.6184,1.00,1.00
2009.05.25 11:39:49.631,0.6181,0.6184,4.00,1.00
2009.05.25 11:40:12.105,0.618,0.6184,2.40,1.00
2009.05.25 11:40:16.954,0.6181,0.6184,1.00,1.00
2009.05.25 11:40:17.124,0.6181,0.6184,2.40,1.00
2009.05.25 11:40:17.244,0.6181,0.6184,4.00,1.00
2009.05.25 11:40:19.964,0.618,0.6184,5.60,1.00
2009.05.25 11:40:20.234,0.618,0.6184,2.40,1.00
2009.05.25 11:40:21.773,0.6181,0.6184,4.00,1.00
2009.05.25 11:40:22.593,0.618,0.6184,5.60,1.00
2009.05.25 11:40:22.863,0.618,0.6184,2.40,1.00
2009.05.25 11:40:23.323,0.6181,0.6184,2.40,1.00
2009.05.25 11:40:23.613,0.6181,0.6184,4.00,1.00
2009.05.25 11:40:30.981,0.618,0.6184,5.60,1.00
2009.05.25 11:40:31.211,0.618,0.6184,4.00,1.00
2009.05.25 11:40:31.271,0.618,0.6184,2.40,1.00
2009.05.25 11:40:34.500,0.618,0.61825,2.40,2.20
2009.05.25 11:40:44.568,0.618,0.61825,4.00,3.00
2009.05.25 11:41:31.346,0.618,0.6181,2.40,1.00
2009.05.25 11:41:31.516,0.618,0.6181,2.40,2.20
2009.05.25 11:41:32.146,0.618,0.6181,2.40,2.20
2009.05.25 11:41:32.326,0.618,0.6181,2.40,1.20
2009.05.25 11:41:33.926,0.618,0.6181,2.40,1.00
2009.05.25 11:41:34.106,0.618,0.6185,2.40,1.00
2009.05.25 11:41:50.092,0.618,0.61845,4.00,6.40
2009.05.25 11:41:50.322,0.618,0.61845,4.00,7.00
2009.05.25 11:41:50.702,0.618,0.61845,4.00,6.40
2009.05.25 11:41:51.172,0.618,0.61845,3.20,6.40
2009.05.25 11:41:51.401,0.61795,0.61845,6.40,7.00
2009.05.25 11:41:59.959,0.618,0.61845,1.40,7.00
2009.05.25 11:42:00.129,0.61805,0.61845,4.80,7.80
2009.05.25 11:42:00.350,0.61805,0.61845,4.80,3.00
2009.05.25 11:42:00.409,0.61805,0.61845,4.80,1.40
2009.05.25 11:42:10.867,0.61805,0.61845,2.40,1.00
2009.05.25 11:42:10.917,0.61805,0.61845,2.40,5.40
2009.05.25 11:42:11.027,0.618,0.6184,2.40,1.00
2009.05.25 11:42:51.307,0.6181,0.61845,2.20,7.80
2009.05.25 11:42:51.607,0.6181,0.6185,6.20,9.20
2009.05.25 11:42:51.937,0.6181,0.6185,6.20,4.40
2009.05.25 11:42:52.837,0.6181,0.6185,10.20,4.40
2009.05.25 11:42:53.177,0.6181,0.6185,6.20,4.40
2009.05.25 11:42:53.417,0.6182,0.6185,2.40,4.40
2009.05.25 11:42:53.647,0.6182,0.6185,2.40,3.80
2009.05.25 11:42:59.395,0.6183,0.61855,4.00,10.20
2009.05.25 11:42:59.515,0.6183,0.61855,4.80,7.80
2009.05.25 11:43:00.215,0.61835,0.61855,6.40,8.60
2009.05.25 11:43:00.325,0.61835,0.61855,2.40,8.60
2009.05.25 11:43:00.485,0.61825,0.61855,3.20,7.00
2009.05.25 11:43:02.954,0.6184,0.61855,1.60,4.60
2009.05.25 11:43:03.005,0.6184,0.6186,1.60,3.00
2009.05.25 11:43:03.245,0.6185,0.61855,1.00,1.00
2009.05.25 11:43:03.364,0.6185,0.6186,1.00,1.00
2009.05.25 11:43:03.474,0.6184,0.6188,4.00,1.00
2009.05.25 11:43:03.594,0.6185,0.6188,1.60,1.00
2009.05.25 11:43:04.004,0.61845,0.61895,3.20,1.00
2009.05.25 11:43:04.304,0.6185,0.61895,5.60,1.00
2009.05.25 11:43:04.694,0.6185,0.6189,2.40,1.00
2009.05.25 11:43:04.814,0.61855,0.61895,2.40,7.00
2009.05.25 11:43:04.934,0.61855,0.61895,2.40,1.00
2009.05.25 11:43:06.243,0.61855,0.61895,3.20,1.00
2009.05.25 11:43:06.653,0.61855,0.61895,2.40,1.00
2009.05.25 11:43:07.243,0.61855,0.61895,3.20,1.00
2009.05.25 11:43:08.293,0.61865,0.619,2.40,6.40
2009.05.25 11:43:08.633,0.6187,0.619,4.00,1.00
2009.05.25 11:43:16.151,0.6188,0.61905,2.40,2.20
2009.05.25 11:43:16.331,0.6188,0.61905,4.00,1.00
2009.05.25 11:43:17.661,0.6188,0.619,3.20,1.00
2009.05.25 11:43:17.771,0.6188,0.619,1.60,1.00
2009.05.25 11:43:17.951,0.6187,0.619,4.00,1.00
2009.05.25 11:43:32.037,0.6187,0.61895,4.00,1.00
2009.05.25 11:43:32.257,0.6187,0.61895,1.60,1.40
2009.05.25 11:43:32.547,0.61855,0.61895,5.60,1.40
2009.05.25 11:43:42.125,0.6186,0.6189,4.00,1.40
2009.05.25 11:43:42.745,0.6186,0.6189,4.00,1.00
2009.05.25 11:43:44.954,0.6185,0.6189,7.80,1.00
2009.05.25 11:43:45.234,0.6185,0.6189,6.20,1.00
2009.05.25 11:43:54.962,0.6185,0.6189,6.20,1.40
2009.05.25 11:44:11.947,0.6185,0.6188,6.20,1.00
2009.05.25 11:44:12.177,0.6185,0.6188,2.40,1.00
2009.05.25 11:44:53.617,0.61845,0.61875,3.20,5.40
2009.05.25 11:44:53.677,0.6185,0.61875,2.40,2.20
2009.05.25 11:44:55.297,0.6185,0.6188,2.40,3.00
2009.05.25 11:44:58.826,0.61845,0.61875,3.20,3.00
2009.05.25 11:44:59.176,0.61845,0.61875,3.20,4.60
2009.05.25 11:44:59.236,0.61845,0.61875,3.20,7.00
2009.05.25 11:45:05.654,0.6185,0.6188,2.40,3.00
2009.05.25 11:45:05.824,0.61845,0.61875,3.20,3.00
2009.05.25 11:45:06.354,0.61845,0.61875,3.20,7.00
2009.05.25 11:45:29.019,0.6185,0.61875,2.40,6.20
2009.05.25 11:45:29.309,0.6185,0.61875,2.40,3.80
2009.05.25 11:45:29.479,0.6185,0.61875,2.40,2.20
2009.05.25 11:45:31.348,0.61845,0.61875,3.20,3.00
2009.05.25 11:45:31.668,0.61845,0.61875,3.20,4.60
2009.05.25 11:45:31.728,0.61845,0.61875,3.20,7.00
2009.05.25 11:45:44.875,0.6185,0.61875,2.40,6.20
2009.05.25 11:45:45.225,0.61845,0.61875,3.20,3.00
2009.05.25 11:45:45.805,0.61845,0.61875,3.20,7.00
2009.05.25 11:45:46.384,0.6185,0.61875,2.40,2.20
2009.05.25 11:45:54.443,0.61845,0.61875,3.20,3.00
2009.05.25 11:45:54.803,0.61845,0.61875,3.20,5.40
2009.05.25 11:45:54.862,0.6185,0.61875,2.40,6.20
2009.05.25 11:45:55.083,0.6185,0.61875,2.40,4.60
2009.05.25 11:45:55.142,0.6185,0.61875,2.40,2.20
2009.05.25 11:46:03.760,0.61845,0.61875,3.20,3.00
2009.05.25 11:46:04.050,0.61845,0.61875,3.20,7.00
2009.05.25 11:46:04.400,0.6185,0.61875,2.40,2.20
2009.05.25 11:46:27.724,0.61845,0.61875,5.60,3.00
2009.05.25 11:46:28.415,0.6185,0.61875,2.40,2.20
2009.05.25 11:46:51.139,0.61845,0.61875,3.20,3.00
2009.05.25 11:46:51.369,0.61845,0.61875,3.20,7.00
2009.05.25 11:46:53.158,0.6185,0.6188,2.40,3.00
2009.05.25 11:46:56.517,0.6185,0.61875,2.40,2.20
2009.05.25 11:47:02.106,0.6185,0.6188,2.40,3.00
2009.05.25 11:47:19.792,0.6185,0.61875,3.80,2.20
2009.05.25 11:47:19.902,0.6185,0.61875,7.80,2.20
2009.05.25 11:47:19.962,0.6185,0.61875,10.20,1.60
2009.05.25 11:47:20.022,0.6185,0.6189,10.20,11.80
2009.05.25 11:47:20.142,0.6185,0.6189,6.20,11.80
2009.05.25 11:47:20.262,0.6185,0.6189,6.20,3.00
2009.05.25 11:47:20.322,0.6185,0.6189,6.20,1.40
2009.05.25 11:47:20.432,0.6185,0.6189,10.20,1.40
2009.05.25 11:47:20.762,0.6185,0.6189,6.20,1.40
2009.05.25 11:47:48.165,0.6185,0.6189,10.20,1.40
2009.05.25 11:47:48.385,0.6185,0.6189,6.20,1.40
2009.05.25 11:47:53.434,0.6185,0.6189,10.20,1.40
2009.05.25 11:47:53.784,0.6185,0.6189,6.20,1.40
2009.05.25 11:47:54.504,0.6185,0.6189,10.20,1.40
2009.05.25 11:47:55.004,0.6185,0.6189,6.20,1.40
2009.05.25 11:48:11.790,0.6185,0.6189,10.20,1.40
2009.05.25 11:48:12.359,0.6185,0.6189,6.20,1.40
2009.05.25 11:48:13.529,0.6185,0.6189,10.20,1.40
2009.05.25 11:48:14.269,0.6185,0.6189,6.20,1.40
2009.05.25 11:48:14.509,0.6185,0.6189,10.20,1.40
2009.05.25 11:48:15.529,0.61855,0.6189,1.60,1.40
2009.05.25 11:48:15.859,0.6186,0.6189,2.40,1.00
2009.05.25 11:48:16.339,0.61855,0.61885,3.20,3.00
2009.05.25 11:48:16.779,0.61855,0.61885,3.20,4.60
2009.05.25 11:48:17.008,0.61855,0.61885,3.20,7.00
2009.05.25 11:48:22.787,0.6185,0.61885,11.20,4.00
2009.05.25 11:48:22.948,0.6185,0.61885,6.20,4.00
2009.05.25 11:48:23.217,0.6185,0.6189,6.20,1.40
2009.05.25 11:48:24.736,0.6185,0.6189,11.20,1.40
2009.05.25 11:48:25.436,0.6185,0.6189,6.20,1.40
2009.05.25 11:48:32.594,0.6186,0.6189,2.40,1.40
2009.05.25 11:48:32.834,0.6186,0.6189,2.40,1.00
2009.05.25 11:48:37.024,0.61855,0.6189,2.40,1.00
2009.05.25 11:48:37.203,0.6186,0.6189,3.20,1.40
2009.05.25 11:48:37.373,0.6185,0.6189,11.20,1.40
2009.05.25 11:48:45.461,0.6185,0.6189,6.20,1.40
2009.05.25 11:48:46.961,0.6185,0.6188,6.20,1.00
2009.05.25 11:48:47.181,0.6185,0.6188,2.40,1.00
2009.05.25 11:48:50.040,0.6185,0.61885,11.20,4.00
2009.05.25 11:48:50.100,0.6185,0.6189,6.20,1.40
2009.05.25 11:48:52.040,0.6185,0.6189,11.20,1.40
2009.05.25 11:48:56.279,0.6185,0.6189,6.20,1.40
2009.05.25 11:48:57.019,0.6185,0.6189,11.20,1.40
2009.05.25 11:48:57.529,0.6185,0.6189,6.20,1.40
2009.05.25 11:48:57.768,0.6185,0.6189,11.20,1.40
2009.05.25 11:49:02.557,0.6185,0.6189,11.20,1.40
2009.05.25 11:49:03.947,0.6185,0.6189,6.20,1.40
2009.05.25 11:49:04.587,0.6185,0.6189,11.20,1.40
2009.05.25 11:49:05.047,0.6185,0.6189,6.20,1.40
2009.05.25 11:49:08.506,0.6185,0.6189,11.20,1.40
2009.05.25 11:49:20.313,0.6185,0.6189,6.20,1.40
2009.05.25 11:49:32.170,0.6185,0.6189,11.20,1.40
2009.05.25 11:49:34.329,0.6185,0.6189,6.20,1.40
2009.05.25 11:49:36.929,0.6185,0.6189,11.20,1.40
2009.05.25 11:49:44.717,0.6185,0.6189,6.20,1.40
2009.05.25 11:49:50.156,0.6185,0.6189,3.80,1.00
2009.05.25 11:49:50.676,0.6185,0.6189,8.80,1.00
2009.05.25 11:49:53.975,0.6185,0.6189,3.80,1.00
2009.05.25 11:49:54.555,0.6185,0.6189,8.80,1.00
2009.05.25 11:49:56.354,0.6185,0.6189,3.80,1.00
2009.05.25 11:49:56.804,0.6185,0.6189,8.80,1.00
2009.05.25 11:50:02.263,0.6185,0.6189,3.80,1.00
2009.05.25 11:50:07.422,0.61865,0.6189,2.40,1.00
2009.05.25 11:50:12.260,0.6185,0.6189,6.20,1.40
2009.05.25 11:50:13.140,0.6185,0.6189,11.20,1.40
2009.05.25 11:50:13.590,0.6185,0.6189,6.20,1.40
2009.05.25 11:50:14.020,0.6185,0.6189,11.20,1.40
2009.05.25 11:50:14.590,0.61865,0.6189,1.00,1.40
2009.05.25 11:50:14.810,0.61865,0.61895,2.40,13.40
2009.05.25 11:50:16.570,0.61865,0.61895,2.40,14.20
2009.05.25 11:50:16.629,0.6186,0.6189,4.80,3.00
2009.05.25 11:50:16.809,0.6186,0.61885,4.80,2.20
2009.05.25 11:50:17.199,0.6186,0.61885,4.80,6.20
2009.05.25 11:50:53.501,0.6186,0.61885,4.80,6.20
2009.05.25 11:50:53.850,0.6186,0.61885,4.80,2.20
2009.05.25 11:50:53.910,0.6186,0.61885,4.80,4.60
2009.05.25 11:50:59.159,0.61865,0.61885,2.40,6.20
2009.05.25 11:50:59.379,0.61865,0.61885,2.40,3.80
2009.05.25 11:50:59.499,0.61865,0.61885,2.40,1.60
2009.05.25 11:50:59.559,0.61865,0.61895,2.40,13.40
2009.05.25 11:51:15.505,0.61845,0.61885,1.00,4.40
2009.05.25 11:51:16.085,0.61852,0.61878,5.60,1.00
2009.05.25 11:51:16.265,0.6185,0.6188,3.20,1.00
2009.05.25 11:51:16.734,0.6185,0.6188,1.00,4.80
2009.05.25 11:51:16.855,0.6185,0.6188,3.20,1.00
2009.05.25 11:51:17.025,0.6185,0.6188,5.60,1.00
2009.05.25 11:52:08.703,0.61865,0.61885,2.40,1.60
2009.05.25 11:52:09.163,0.6186,0.6189,4.80,3.00
2009.05.25 11:52:09.342,0.6186,0.61885,4.80,6.20
2009.05.25 11:52:10.022,0.6186,0.6189,4.80,3.00
2009.05.25 11:52:43.064,0.6186,0.61885,4.80,6.20
2009.05.25 11:52:43.424,0.6186,0.61885,4.80,4.60
2009.05.25 11:52:43.654,0.6186,0.6189,4.80,3.00
2009.05.25 11:52:44.444,0.6186,0.61885,4.80,6.20
2009.05.25 11:52:48.193,0.61865,0.61885,4.00,7.00
2009.05.25 11:52:48.603,0.6185,0.61885,6.20,2.40
2009.05.25 11:52:49.003,0.6185,0.6189,6.20,1.40
2009.05.25 11:52:49.343,0.6185,0.6189,11.20,1.40
2009.05.25 11:52:52.002,0.6185,0.6189,6.20,1.40
2009.05.25 11:52:52.612,0.6185,0.6189,11.20,1.40
2009.05.25 11:52:52.952,0.6185,0.6189,6.20,1.40
2009.05.25 11:53:33.312,0.6185,0.6189,11.20,1.40
2009.05.25 11:53:33.722,0.6185,0.6189,6.20,1.40
2009.05.25 11:54:42.335,0.6185,0.6189,3.80,1.00
2009.05.25 11:54:49.304,0.6185,0.6189,8.80,1.00
2009.05.25 11:54:49.864,0.6185,0.6189,3.80,1.00
2009.05.25 11:54:51.473,0.6185,0.6189,8.80,1.00
2009.05.25 11:54:51.813,0.6185,0.6189,3.80,1.00
2009.05.25 11:54:58.962,0.6185,0.6189,8.80,1.00
2009.05.25 11:54:59.472,0.6185,0.6189,3.80,1.00
2009.05.25 11:55:00.171,0.6185,0.6189,8.80,1.00
2009.05.25 11:55:00.621,0.6185,0.6189,3.80,1.00
2009.05.25 11:55:03.600,0.6185,0.6189,8.80,1.00
2009.05.25 11:55:05.340,0.6185,0.6189,3.80,1.00
2009.05.25 11:55:05.640,0.6185,0.6189,8.80,1.00
2009.05.25 11:55:20.597,0.6185,0.6189,3.80,1.00
2009.05.25 11:55:49.629,0.6185,0.6189,8.80,1.00
2009.05.25 11:55:51.299,0.6185,0.6189,3.80,1.00
2009.05.25 11:55:51.929,0.6185,0.6189,8.80,1.00
2009.05.25 11:55:53.688,0.6185,0.6189,3.80,1.00
2009.05.25 11:55:54.038,0.6185,0.6189,8.80,1.00
2009.05.25 11:56:03.476,0.6185,0.6189,3.80,1.00
2009.05.25 11:56:03.706,0.6185,0.6189,8.80,1.00
2009.05.25 11:56:04.196,0.6185,0.6189,3.80,1.00
2009.05.25 11:56:04.616,0.6185,0.6189,8.80,1.00
2009.05.25 11:56:08.785,0.6185,0.6189,3.80,1.00
2009.05.25 11:56:12.834,0.6185,0.6189,8.80,1.00
2009.05.25 11:56:12.894,0.6185,0.6189,3.80,1.00
2009.05.25 11:56:18.712,0.6185,0.6189,8.80,1.00
2009.05.25 11:56:26.740,0.6185,0.6189,3.80,1.00
2009.05.25 11:56:26.961,0.6185,0.6189,8.80,1.00
2009.05.25 11:56:28.620,0.6185,0.6189,3.80,1.00
2009.05.25 11:56:28.850,0.6185,0.6189,8.80,1.00
2009.05.25 11:56:39.447,0.6185,0.6189,8.80,2.20
2009.05.25 11:56:39.507,0.6185,0.6189,8.80,3.80
2009.05.25 11:56:42.967,0.6185,0.6189,3.80,3.80
2009.05.25 11:56:43.567,0.6185,0.6189,8.80,3.80
2009.05.25 11:56:49.475,0.6185,0.6189,3.80,3.80
2009.05.25 11:56:50.125,0.6185,0.6189,8.80,3.80
2009.05.25 11:56:53.984,0.6185,0.6189,3.80,3.80
2009.05.25 11:57:11.260,0.6185,0.6189,8.80,3.80
2009.05.25 11:57:11.790,0.6185,0.6189,3.80,3.80
2009.05.25 11:57:12.819,0.6185,0.6189,8.80,3.80
2009.05.25 11:57:13.349,0.6185,0.6189,3.80,3.80
2009.05.25 11:57:13.689,0.6185,0.6189,8.80,3.80
2009.05.25 11:57:14.569,0.6185,0.6189,3.80,3.80
2009.05.25 11:57:14.909,0.6185,0.6189,8.80,3.80
2009.05.25 11:57:23.377,0.6185,0.6189,3.80,3.80
2009.05.25 11:57:29.145,0.6185,0.6189,8.80,3.80
2009.05.25 11:57:32.884,0.6185,0.6189,3.80,3.80
2009.05.25 11:57:35.074,0.6185,0.6189,8.80,3.80
2009.05.25 11:57:42.962,0.6185,0.6189,8.80,3.80
2009.05.25 11:57:44.022,0.6185,0.6189,3.80,3.80
2009.05.25 11:57:47.981,0.6185,0.6189,8.80,3.80
2009.05.25 11:57:48.551,0.6185,0.6189,2.40,3.80
2009.05.25 11:58:03.101,0.61833,0.61863,1.00,1.00
2009.05.25 11:58:03.392,0.61832,0.61857,3.20,1.00
2009.05.25 11:58:03.612,0.61824,0.61859,1.00,3.80
2009.05.25 11:58:03.901,0.6183,0.6185,3.00,3.80
2009.05.25 11:58:04.141,0.61831,0.61846,1.00,1.00
2009.05.25 11:58:04.441,0.61833,0.61843,3.20,2.80
2009.05.25 11:58:16.129,0.61828,0.61853,1.00,3.80
2009.05.25 11:58:16.478,0.61828,0.61858,1.00,1.40
2009.05.25 11:58:16.828,0.61835,0.61855,3.20,1.00
2009.05.25 11:58:19.608,0.61842,0.61852,4.00,1.00
2009.05.25 11:58:20.218,0.6184,0.61855,1.00,3.80
2009.05.25 11:58:20.507,0.6184,0.61855,9.40,1.00
2009.05.25 11:58:20.907,0.61833,0.61858,1.00,1.00
2009.05.25 11:58:21.128,0.61833,0.61853,2.40,1.00
2009.05.25 11:58:21.307,0.61831,0.61846,1.00,1.00
2009.05.25 11:58:21.587,0.61829,0.61843,3.00,3.80
2009.05.25 11:58:21.757,0.61825,0.6185,2.20,2.20
2009.05.25 11:58:21.967,0.61823,0.61858,5.60,1.00
2009.05.25 11:58:22.427,0.61824,0.61859,2.20,1.00
2009.05.25 11:58:22.817,0.61833,0.61853,4.00,1.00
2009.05.25 11:58:23.147,0.6184,0.6185,4.00,1.00
2009.05.25 11:58:24.237,0.61838,0.61853,3.00,3.80
2009.05.25 11:58:24.406,0.61838,0.61853,4.00,1.00
2009.05.25 11:58:24.796,0.61839,0.61849,1.00,4.00
2009.05.25 11:58:25.646,0.61834,0.61854,1.00,1.60
2009.05.25 11:58:25.886,0.61837,0.61852,4.80,4.40
2009.05.25 11:58:26.116,0.61827,0.61862,4.60,1.00
2009.05.25 11:58:26.536,0.61825,0.6186,1.00,4.00
2009.05.25 11:58:26.706,0.61832,0.61852,4.00,1.00
2009.05.25 11:58:26.946,0.61826,0.61861,3.20,1.00
2009.05.25 11:58:27.116,0.61838,0.61853,2.40,1.00
2009.05.25 11:58:27.286,0.61839,0.61854,4.00,2.80
2009.05.25 11:58:27.946,0.61843,0.61858,2.40,1.00
2009.05.25 11:58:28.176,0.61844,0.61864,2.20,1.00
2009.05.25 11:58:28.416,0.61851,0.61855,3.20,2.80
2009.05.25 11:58:29.735,0.61838,0.61858,1.00,1.00
2009.05.25 11:58:30.075,0.61837,0.61852,2.40,1.00
2009.05.25 11:58:30.195,0.61831,0.61856,3.20,1.00
2009.05.25 11:58:30.315,0.61834,0.61854,3.20,1.00
2009.05.25 11:58:41.483,0.61828,0.61858,2.40,1.00
2009.05.25 11:58:43.142,0.61827,0.61857,2.40,1.00
2009.05.25 11:58:43.362,0.61827,0.61857,4.00,1.00
2009.05.25 11:58:43.872,0.61828,0.61853,5.60,1.00
2009.05.25 11:58:44.052,0.61828,0.61853,1.00,1.00
2009.05.25 11:58:44.432,0.61829,0.61854,2.40,2.40
2009.05.25 11:58:49.600,0.61829,0.61864,4.00,1.00
2009.05.25 11:58:49.840,0.61835,0.6186,2.40,1.00
2009.05.25 11:59:01.993,0.6187,0.61895,1.00,16.60
2009.05.25 11:59:02.173,0.6187,0.619,2.40,11.80
2009.05.25 11:59:02.353,0.6187,0.619,4.80,11.00
2009.05.25 11:59:02.933,0.6187,0.619,2.40,10.20
2009.05.25 11:59:03.113,0.6186,0.6189,8.80,1.00
2009.05.25 11:59:03.233,0.6186,0.6189,6.40,1.00
2009.05.25 11:59:03.412,0.6186,0.6189,2.40,1.00
2009.05.25 11:59:03.532,0.6185,0.6189,6.20,1.40
2009.05.25 11:59:03.822,0.6185,0.6188,4.80,1.00
2009.05.25 11:59:03.992,0.6185,0.6188,6.20,1.00
2009.05.25 11:59:04.162,0.6185,0.61885,8.80,2.20
2009.05.25 11:59:04.323,0.6185,0.61885,8.80,1.00
2009.05.25 11:59:04.502,0.6185,0.6189,11.20,7.80
2009.05.25 11:59:04.622,0.6185,0.61875,2.40,1.40
2009.05.25 11:59:04.792,0.6185,0.6188,7.80,3.00
2009.05.25 11:59:04.962,0.6185,0.6188,7.80,1.00
2009.05.25 11:59:05.082,0.6185,0.61885,10.20,6.40
2009.05.25 11:59:05.262,0.6185,0.61885,7.80,4.80
2009.05.25 11:59:05.382,0.6185,0.6188,2.40,1.40
2009.05.25 11:59:05.502,0.6186,0.61865,1.00,2.20
2009.05.25 11:59:05.732,0.6185,0.61875,5.40,1.00
2009.05.25 11:59:05.902,0.6186,0.6188,3.20,6.40
2009.05.25 11:59:11.571,0.6185,0.6189,10.20,1.40
2009.05.25 11:59:12.061,0.6185,0.6189,6.20,1.40
2009.05.25 11:59:13.510,0.6185,0.6189,10.20,1.40
2009.05.25 11:59:14.140,0.6185,0.6189,6.20,1.40
2009.05.25 11:59:15.071,0.6185,0.6189,6.20,4.40
2009.05.25 11:59:40.484,0.6185,0.6189,10.20,4.40
2009.05.25 11:59:46.063,0.6186,0.6189,1.60,4.40
2009.05.25 11:59:46.183,0.6186,0.6189,4.00,4.40
2009.05.25 11:59:52.001,0.6185,0.6189,9.40,4.40
2009.05.25 11:59:52.331,0.6185,0.6189,6.20,4.40
