2013.05.14 16:00:02.090,0.82129,0.82142,1.50,2.63
2013.05.14 16:00:02.227,0.82123,0.82136,1.50,1.50
2013.05.14 16:00:02.355,0.82119,0.82135,1.50,1.50
2013.05.14 16:00:02.418,0.82117,0.82135,5.82,1.50
2013.05.14 16:00:02.974,0.82115,0.82132,5.25,1.13
2013.05.14 16:00:03.047,0.82115,0.82132,3.00,1.13
2013.05.14 16:00:03.186,0.82116,0.82132,1.50,1.13
2013.05.14 16:00:03.538,0.82119,0.82134,1.50,1.50
2013.05.14 16:00:04.236,0.82118,0.82134,1.50,1.50
2013.05.14 16:00:04.547,0.82124,0.82136,1.50,1.50
2013.05.14 16:00:08.427,0.82124,0.82137,1.50,1.50
2013.05.14 16:00:09.175,0.82123,0.82136,1.50,1.50
2013.05.14 16:00:09.235,0.82121,0.82136,1.50,1.50
2013.05.14 16:00:09.295,0.82118,0.82136,2.85,1.50
2013.05.14 16:00:14.721,0.82118,0.82133,2.10,1.50
2013.05.14 16:00:14.875,0.82118,0.82133,1.35,1.50
2013.05.14 16:00:15.057,0.82116,0.82131,2.25,1.50
2013.05.14 16:00:16.036,0.82115,0.82131,1.50,1.50
2013.05.14 16:00:16.666,0.82114,0.8213,2.25,1.50
2013.05.14 16:00:17.297,0.82114,0.8213,2.25,1.50
2013.05.14 16:00:18.584,0.82114,0.8213,2.25,1.50
2013.05.14 16:00:20.267,0.82114,0.8213,3.00,1.50
2013.05.14 16:00:29.265,0.82115,0.82132,2.25,1.88
2013.05.14 16:00:29.567,0.82119,0.82132,1.50,1.88
2013.05.14 16:00:29.637,0.82116,0.82132,1.88,1.50
2013.05.14 16:00:29.706,0.82116,0.82133,2.25,1.50
2013.05.14 16:00:30.155,0.82116,0.82133,2.25,2.25
2013.05.14 16:00:30.216,0.82116,0.82133,1.50,2.25
2013.05.14 16:00:30.806,0.82118,0.82133,1.50,1.50
2013.05.14 16:00:38.846,0.82118,0.82133,1.50,1.50
2013.05.14 16:00:41.009,0.82118,0.82133,2.76,1.50
2013.05.14 16:00:41.918,0.82118,0.82135,1.50,3.00
2013.05.14 16:00:42.047,0.82121,0.82136,1.35,1.13
2013.05.14 16:00:42.396,0.82129,0.82138,1.50,1.50
2013.05.14 16:00:42.969,0.82129,0.82144,1.50,2.25
2013.05.14 16:00:43.285,0.82126,0.82143,3.00,1.50
2013.05.14 16:00:43.345,0.82126,0.82141,2.25,1.13
2013.05.14 16:00:44.335,0.82125,0.82141,2.25,1.13
2013.05.14 16:00:44.456,0.82125,0.82141,1.50,1.13
2013.05.14 16:00:46.626,0.82125,0.82142,2.25,1.13
2013.05.14 16:00:46.875,0.82125,0.82142,2.25,1.13
2013.05.14 16:00:47.655,0.82127,0.82142,1.50,1.13
2013.05.14 16:00:48.957,0.82128,0.82143,1.50,1.13
2013.05.14 16:00:49.825,0.82127,0.82143,1.50,1.50
2013.05.14 16:00:50.365,0.82129,0.82144,1.50,3.00
2013.05.14 16:00:50.715,0.82129,0.82144,1.50,1.50
2013.05.14 16:00:54.175,0.82129,0.82145,1.50,1.50
2013.05.14 16:00:56.119,0.8213,0.82145,2.10,1.50
2013.05.14 16:01:23.205,0.82131,0.82145,1.50,1.50
2013.05.14 16:01:23.478,0.82131,0.82145,1.50,1.50
2013.05.14 16:01:39.212,0.8213,0.82144,1.50,1.50
2013.05.14 16:01:59.395,0.8213,0.82143,1.50,1.50
2013.05.14 16:01:59.634,0.8213,0.82143,1.50,1.50
2013.05.14 16:02:00.168,0.8213,0.82143,1.50,1.50
2013.05.14 16:02:00.675,0.82128,0.8214,1.50,1.50
2013.05.14 16:02:01.207,0.82129,0.82143,1.50,1.50
2013.05.14 16:02:06.929,0.82127,0.82142,1.50,2.25
2013.05.14 16:02:06.996,0.82126,0.82142,2.25,3.00
2013.05.14 16:02:07.116,0.82124,0.82142,2.25,3.00
2013.05.14 16:02:07.656,0.82123,0.82139,1.50,1.50
2013.05.14 16:02:08.274,0.82123,0.82139,1.50,3.00
2013.05.14 16:02:09.245,0.82123,0.82138,1.50,1.50
2013.05.14 16:02:10.836,0.82123,0.82138,1.50,1.50
2013.05.14 16:02:13.204,0.82123,0.82137,1.50,1.50
2013.05.14 16:02:13.545,0.82128,0.82139,1.50,1.50
2013.05.14 16:02:13.666,0.82124,0.82139,2.25,1.50
2013.05.14 16:02:13.726,0.82124,0.82138,2.25,3.00
2013.05.14 16:02:13.846,0.82124,0.82136,1.50,1.50
2013.05.14 16:02:14.036,0.82124,0.82138,1.50,8.44
2013.05.14 16:02:14.155,0.82121,0.82138,1.50,8.44
2013.05.14 16:02:14.436,0.82122,0.82138,1.50,5.44
2013.05.14 16:02:14.735,0.82123,0.82141,1.50,3.00
2013.05.14 16:02:23.056,0.82124,0.82141,1.50,3.75
2013.05.14 16:02:23.540,0.82125,0.82141,1.50,4.50
2013.05.14 16:02:25.188,0.82125,0.82141,1.50,4.50
2013.05.14 16:02:25.318,0.82125,0.82141,1.50,2.25
2013.05.14 16:02:25.518,0.82128,0.82143,1.50,2.25
2013.05.14 16:02:25.585,0.82128,0.82143,2.25,1.50
2013.05.14 16:02:26.128,0.8213,0.82146,1.50,1.50
2013.05.14 16:02:26.197,0.8213,0.82146,1.50,1.50
2013.05.14 16:02:26.496,0.82135,0.82152,1.50,2.25
2013.05.14 16:02:26.806,0.82136,0.82152,2.25,2.25
2013.05.14 16:02:27.045,0.82136,0.82152,1.50,2.25
2013.05.14 16:02:27.781,0.82136,0.82152,1.50,1.50
2013.05.14 16:02:28.386,0.82136,0.82149,1.50,2.25
2013.05.14 16:02:28.966,0.82132,0.82146,1.50,1.50
2013.05.14 16:02:30.025,0.82131,0.82145,2.25,1.50
2013.05.14 16:02:31.255,0.82131,0.82145,2.25,1.50
2013.05.14 16:02:31.437,0.82134,0.82149,1.50,2.25
2013.05.14 16:02:31.567,0.82139,0.82149,1.50,1.50
2013.05.14 16:02:31.818,0.82139,0.82153,1.50,1.50
2013.05.14 16:02:32.522,0.82137,0.82151,2.25,3.00
2013.05.14 16:02:32.599,0.82135,0.82151,1.50,3.00
2013.05.14 16:02:32.736,0.82135,0.8215,1.50,2.25
2013.05.14 16:02:33.266,0.82135,0.82151,1.50,1.50
2013.05.14 16:02:35.527,0.82135,0.82151,1.50,1.50
2013.05.14 16:02:39.017,0.82135,0.82151,1.50,2.25
2013.05.14 16:02:40.327,0.82135,0.82148,1.50,1.50
2013.05.14 16:02:48.308,0.82135,0.82147,1.50,1.50
2013.05.14 16:02:58.267,0.82133,0.82147,1.50,2.25
2013.05.14 16:02:58.575,0.82129,0.82145,3.00,1.13
2013.05.14 16:02:59.545,0.82129,0.82144,1.50,1.50
2013.05.14 16:03:08.798,0.82128,0.82139,1.50,1.20
2013.05.14 16:03:09.010,0.82122,0.82135,2.25,1.50
2013.05.14 16:03:09.197,0.82119,0.82131,1.50,1.50
2013.05.14 16:03:09.268,0.82117,0.82129,1.50,1.50
2013.05.14 16:03:09.406,0.82117,0.82128,1.50,1.50
2013.05.14 16:03:09.466,0.82114,0.82126,1.50,1.50
2013.05.14 16:03:09.708,0.82111,0.82126,1.88,2.63
2013.05.14 16:03:09.775,0.8211,0.82126,2.63,3.38
2013.05.14 16:03:10.398,0.82109,0.82125,1.50,1.50
2013.05.14 16:03:10.904,0.82107,0.82121,1.50,1.50
2013.05.14 16:03:11.446,0.82104,0.8212,1.13,2.25
2013.05.14 16:03:11.506,0.82103,0.82118,1.50,1.50
2013.05.14 16:03:11.746,0.82099,0.82114,1.88,1.50
2013.05.14 16:03:11.807,0.82099,0.82114,1.88,1.50
2013.05.14 16:03:12.367,0.82098,0.82114,2.25,1.50
2013.05.14 16:03:29.197,0.82099,0.82109,1.50,1.50
2013.05.14 16:03:29.698,0.82095,0.82109,1.50,1.50
2013.05.14 16:03:29.768,0.82093,0.82109,2.25,1.50
2013.05.14 16:03:29.840,0.82093,0.82109,2.25,1.50
2013.05.14 16:03:30.107,0.82089,0.82109,2.25,3.75
2013.05.14 16:03:30.657,0.82089,0.82109,1.50,3.75
2013.05.14 16:03:31.172,0.82089,0.82106,1.50,1.50
2013.05.14 16:03:31.677,0.82089,0.82106,1.50,1.50
2013.05.14 16:03:32.039,0.82089,0.82105,1.50,1.13
2013.05.14 16:03:32.387,0.82087,0.821,1.50,1.13
2013.05.14 16:03:32.459,0.82084,0.821,1.50,1.13
2013.05.14 16:03:33.229,0.82082,0.82097,2.25,1.50
2013.05.14 16:03:35.209,0.82083,0.82095,1.50,1.50
2013.05.14 16:03:36.275,0.82083,0.82096,1.50,1.50
2013.05.14 16:03:42.879,0.82084,0.82096,1.50,1.50
2013.05.14 16:03:43.223,0.82084,0.82098,2.25,1.13
2013.05.14 16:03:43.428,0.82086,0.82098,1.50,1.13
2013.05.14 16:03:43.738,0.82088,0.82102,3.00,2.25
2013.05.14 16:03:46.279,0.82088,0.82106,3.00,1.13
2013.05.14 16:03:50.407,0.8209,0.82105,1.50,1.13
2013.05.14 16:03:50.927,0.8209,0.82106,2.25,1.50
2013.05.14 16:03:51.499,0.8209,0.82109,2.25,3.00
2013.05.14 16:03:56.263,0.8209,0.82109,2.25,3.00
2013.05.14 16:03:56.477,0.82085,0.82104,1.50,2.25
2013.05.14 16:03:56.548,0.82085,0.82104,1.50,3.83
2013.05.14 16:03:56.615,0.82086,0.82102,1.50,1.13
2013.05.14 16:03:56.917,0.82092,0.82106,1.50,2.25
2013.05.14 16:03:56.988,0.8209,0.82106,1.50,2.25
2013.05.14 16:03:57.357,0.82089,0.82109,3.75,5.25
2013.05.14 16:03:57.488,0.8209,0.82109,1.50,2.25
2013.05.14 16:03:57.797,0.82097,0.82113,1.50,1.50
2013.05.14 16:03:57.868,0.82097,0.82115,1.50,1.50
2013.05.14 16:03:58.957,0.82097,0.82118,2.25,3.75
2013.05.14 16:04:01.729,0.82097,0.82118,2.25,3.75
2013.05.14 16:04:03.257,0.82098,0.82118,1.50,3.00
2013.05.14 16:04:03.819,0.82099,0.82118,1.50,3.00
2013.05.14 16:04:04.452,0.82101,0.82118,2.25,1.50
2013.05.14 16:04:04.788,0.82107,0.82125,1.50,1.50
2013.05.14 16:04:05.336,0.82107,0.82127,2.25,1.69
2013.05.14 16:04:08.895,0.82107,0.82127,3.75,2.25
2013.05.14 16:04:09.958,0.82109,0.82127,1.50,1.50
2013.05.14 16:04:10.997,0.82109,0.82127,1.50,1.50
2013.05.14 16:04:12.741,0.82109,0.82129,1.50,3.75
2013.05.14 16:04:13.285,0.82109,0.82128,1.50,1.50
2013.05.14 16:04:13.526,0.82109,0.82128,1.50,1.50
2013.05.14 16:04:14.114,0.82109,0.82128,1.50,1.50
2013.05.14 16:04:14.665,0.82109,0.82128,1.50,1.50
2013.05.14 16:04:28.102,0.8211,0.82126,1.50,1.50
2013.05.14 16:04:35.137,0.82108,0.8212,1.50,1.50
2013.05.14 16:04:35.267,0.82104,0.8212,1.50,2.25
2013.05.14 16:04:35.336,0.82103,0.8212,2.25,3.00
2013.05.14 16:04:35.876,0.82103,0.82118,1.50,2.25
2013.05.14 16:04:36.419,0.82103,0.82118,1.50,1.50
2013.05.14 16:04:37.206,0.82103,0.82114,1.50,3.38
2013.05.14 16:04:37.516,0.821,0.82109,1.50,1.50
2013.05.14 16:04:37.758,0.82091,0.82106,1.50,2.25
2013.05.14 16:04:37.826,0.8209,0.82106,1.50,2.25
2013.05.14 16:04:38.436,0.82089,0.82106,3.00,1.50
2013.05.14 16:04:38.555,0.82089,0.82108,3.75,1.50
2013.05.14 16:04:41.276,0.82092,0.82108,1.50,1.50
2013.05.14 16:04:41.402,0.82091,0.82109,2.25,3.08
2013.05.14 16:04:41.469,0.82091,0.82109,1.50,2.33
2013.05.14 16:04:41.777,0.82091,0.82108,1.50,1.13
2013.05.14 16:04:42.086,0.8209,0.82108,3.00,2.25
2013.05.14 16:04:42.268,0.82092,0.82108,2.25,2.25
2013.05.14 16:04:42.627,0.82093,0.82114,2.25,2.33
2013.05.14 16:04:43.419,0.82093,0.82114,2.25,2.33
2013.05.14 16:04:43.546,0.82098,0.82115,1.50,1.58
2013.05.14 16:04:43.966,0.82098,0.82118,1.50,3.00
2013.05.14 16:04:44.525,0.82098,0.82119,2.25,3.75
2013.05.14 16:04:46.242,0.82099,0.82118,1.50,1.50
2013.05.14 16:04:49.075,0.821,0.82118,1.50,1.50
2013.05.14 16:04:51.470,0.82098,0.82114,2.25,2.63
2013.05.14 16:04:51.656,0.82096,0.82112,1.50,1.88
2013.05.14 16:04:51.835,0.82092,0.82111,1.88,1.50
2013.05.14 16:04:53.252,0.82094,0.82112,1.50,4.88
2013.05.14 16:04:56.007,0.82092,0.82109,1.50,2.25
2013.05.14 16:04:57.545,0.82089,0.82108,3.00,2.25
2013.05.14 16:04:57.846,0.82088,0.82106,1.50,2.40
2013.05.14 16:04:57.975,0.82087,0.82103,1.50,1.50
2013.05.14 16:04:58.096,0.82085,0.82103,2.25,2.25
2013.05.14 16:04:58.156,0.82086,0.82103,1.50,2.25
2013.05.14 16:04:58.276,0.82086,0.82106,1.50,4.65
2013.05.14 16:05:00.295,0.82084,0.82099,1.13,1.13
2013.05.14 16:05:00.476,0.82083,0.82097,1.50,1.80
2013.05.14 16:05:00.536,0.82083,0.82098,2.25,3.00
2013.05.14 16:05:00.778,0.82089,0.82105,1.50,2.44
2013.05.14 16:05:00.847,0.82088,0.82107,1.50,2.82
2013.05.14 16:05:00.978,0.82089,0.82108,1.50,1.13
2013.05.14 16:05:01.348,0.82092,0.82111,1.50,1.50
2013.05.14 16:05:02.336,0.82092,0.82111,1.50,1.50
2013.05.14 16:05:02.855,0.82092,0.8211,1.50,1.50
2013.05.14 16:05:07.945,0.82093,0.82111,1.50,1.50
2013.05.14 16:05:08.966,0.8209,0.82108,2.25,1.50
2013.05.14 16:05:09.025,0.8209,0.82108,1.50,1.50
2013.05.14 16:05:10.786,0.8209,0.82107,1.50,1.50
2013.05.14 16:05:14.427,0.8209,0.82107,1.50,1.50
2013.05.14 16:05:15.536,0.8209,0.82107,1.50,1.50
2013.05.14 16:05:20.529,0.82089,0.82107,1.50,1.58
2013.05.14 16:05:22.524,0.8209,0.82109,1.50,5.33
2013.05.14 16:05:24.507,0.82088,0.82101,3.00,1.50
2013.05.14 16:05:24.697,0.82084,0.82101,2.25,1.50
2013.05.14 16:05:24.757,0.82084,0.82102,1.50,3.00
2013.05.14 16:05:24.815,0.82084,0.82101,1.50,1.50
2013.05.14 16:05:25.398,0.82084,0.82101,1.50,1.50
2013.05.14 16:05:25.482,0.82084,0.82101,2.25,2.25
2013.05.14 16:05:26.041,0.82084,0.82101,2.25,3.00
2013.05.14 16:05:27.506,0.82084,0.82102,2.25,1.50
2013.05.14 16:05:28.006,0.82084,0.82103,3.00,3.00
2013.05.14 16:05:28.525,0.82085,0.82103,1.50,2.33
2013.05.14 16:05:30.303,0.82084,0.82102,1.50,3.38
2013.05.14 16:05:35.328,0.82083,0.82101,1.50,1.50
2013.05.14 16:05:37.727,0.82082,0.82099,3.00,1.50
2013.05.14 16:05:43.068,0.82083,0.82099,1.50,2.25
2013.05.14 16:05:43.317,0.8208,0.82098,2.25,3.45
2013.05.14 16:05:43.446,0.82084,0.82098,2.25,2.25
2013.05.14 16:05:43.569,0.82084,0.82103,2.25,1.50
2013.05.14 16:05:43.698,0.82087,0.82104,1.50,1.50
2013.05.14 16:05:43.767,0.82088,0.82106,1.50,1.69
2013.05.14 16:05:43.826,0.82088,0.82109,1.50,3.00
2013.05.14 16:05:43.885,0.82088,0.82109,2.25,2.25
2013.05.14 16:05:44.433,0.8209,0.82109,1.50,2.25
2013.05.14 16:05:45.856,0.82089,0.82108,1.50,2.25
2013.05.14 16:05:49.096,0.8209,0.82107,1.50,1.50
2013.05.14 16:05:49.526,0.8209,0.82108,1.50,1.50
2013.05.14 16:06:01.928,0.82088,0.82104,2.25,1.50
2013.05.14 16:06:02.467,0.82088,0.82107,1.50,1.65
2013.05.14 16:06:03.150,0.82088,0.82106,2.25,1.65
2013.05.14 16:06:05.225,0.82088,0.82107,2.25,1.65
2013.05.14 16:06:14.967,0.82088,0.82109,2.25,4.65
2013.05.14 16:06:15.488,0.82088,0.82105,2.25,1.58
2013.05.14 16:06:16.407,0.82088,0.82105,2.25,1.58
2013.05.14 16:06:16.906,0.82088,0.82104,1.50,1.50
2013.05.14 16:06:18.445,0.82089,0.82106,1.50,1.58
2013.05.14 16:06:24.055,0.82089,0.82107,1.50,1.50
2013.05.14 16:06:24.497,0.82089,0.82109,1.50,3.75
2013.05.14 16:06:25.037,0.8209,0.82108,1.50,1.50
2013.05.14 16:06:25.595,0.82089,0.82108,3.00,1.50
2013.05.14 16:06:26.156,0.8209,0.82108,1.50,1.50
2013.05.14 16:06:26.785,0.82091,0.82108,1.50,1.50
2013.05.14 16:06:44.005,0.8209,0.82108,1.50,1.50
2013.05.14 16:06:44.506,0.82089,0.82106,1.50,1.58
2013.05.14 16:06:46.325,0.82089,0.82108,1.50,2.33
2013.05.14 16:06:47.986,0.82089,0.82108,1.50,2.33
2013.05.14 16:06:49.705,0.8209,0.82109,1.50,3.75
2013.05.14 16:06:49.765,0.82091,0.82108,1.50,1.50
2013.05.14 16:06:50.066,0.82093,0.8211,2.25,1.50
2013.05.14 16:06:50.595,0.82094,0.82113,2.25,4.50
2013.05.14 16:06:52.599,0.82094,0.82113,3.00,3.75
2013.05.14 16:06:56.645,0.82095,0.82113,1.50,4.50
2013.05.14 16:07:01.805,0.82094,0.82113,2.25,4.13
2013.05.14 16:07:01.928,0.82094,0.82108,1.50,1.50
2013.05.14 16:07:02.235,0.82094,0.82112,1.50,2.25
2013.05.14 16:07:03.787,0.82093,0.82113,2.25,4.50
2013.05.14 16:07:06.202,0.82097,0.82113,1.50,3.75
2013.05.14 16:07:06.768,0.82096,0.82112,1.50,1.13
2013.05.14 16:07:08.835,0.82095,0.82113,1.50,3.00
2013.05.14 16:07:10.337,0.82095,0.82113,2.25,2.25
2013.05.14 16:07:10.468,0.82098,0.82116,1.50,4.13
2013.05.14 16:07:10.656,0.82098,0.82117,1.50,1.13
2013.05.14 16:07:11.167,0.82099,0.82118,1.50,1.50
2013.05.14 16:07:11.478,0.82108,0.82121,1.50,1.84
2013.05.14 16:07:12.027,0.82107,0.82125,1.50,2.25
2013.05.14 16:07:12.336,0.82109,0.82128,1.50,1.50
2013.05.14 16:07:12.577,0.82111,0.82128,1.88,2.25
2013.05.14 16:07:12.772,0.82112,0.82132,2.25,2.25
2013.05.14 16:07:12.838,0.82118,0.82134,1.50,1.50
2013.05.14 16:07:12.907,0.82118,0.82134,1.50,1.50
2013.05.14 16:07:13.448,0.82118,0.82134,1.50,1.50
2013.05.14 16:07:14.707,0.82118,0.82136,1.50,1.58
2013.05.14 16:07:14.838,0.82118,0.82137,1.50,1.35
2013.05.14 16:07:21.087,0.82119,0.82136,1.50,1.50
2013.05.14 16:07:37.931,0.82128,0.82143,1.50,2.25
2013.05.14 16:07:39.725,0.82127,0.82143,1.50,2.25
2013.05.14 16:07:40.026,0.82123,0.82138,2.25,2.25
2013.05.14 16:07:40.207,0.82123,0.82138,1.50,3.75
2013.05.14 16:07:41.978,0.82123,0.82138,1.50,3.75
2013.05.14 16:07:42.227,0.82119,0.82138,1.50,3.75
2013.05.14 16:07:42.613,0.82123,0.82139,1.50,2.25
2013.05.14 16:07:45.888,0.82124,0.82139,1.50,3.00
2013.05.14 16:07:46.437,0.82123,0.82139,2.25,3.00
2013.05.14 16:07:47.011,0.82123,0.82137,2.25,1.50
2013.05.14 16:08:04.416,0.82123,0.82137,2.25,2.25
2013.05.14 16:08:04.536,0.82123,0.82136,1.50,2.63
2013.05.14 16:08:04.655,0.82117,0.82133,1.50,2.63
2013.05.14 16:08:04.837,0.82115,0.82132,1.13,1.13
2013.05.14 16:08:07.487,0.82115,0.82132,1.50,1.50
2013.05.14 16:08:09.476,0.82115,0.82132,1.50,1.50
2013.05.14 16:08:21.585,0.82115,0.8213,2.25,1.50
2013.05.14 16:08:21.826,0.82115,0.82128,1.50,2.25
2013.05.14 16:08:22.546,0.82115,0.82126,1.50,3.60
2013.05.14 16:08:22.849,0.82105,0.82116,1.50,1.50
2013.05.14 16:08:23.036,0.821,0.82116,2.25,2.25
2013.05.14 16:08:23.217,0.82098,0.82115,1.50,1.43
2013.05.14 16:08:23.277,0.82097,0.82113,1.50,1.50
2013.05.14 16:08:23.347,0.82096,0.82113,3.00,1.50
2013.05.14 16:08:23.466,0.82096,0.82114,3.00,1.50
2013.05.14 16:08:23.586,0.82098,0.82118,1.50,2.25
2013.05.14 16:08:24.006,0.82098,0.82117,2.25,1.50
2013.05.14 16:08:25.956,0.82102,0.82117,1.50,1.50
2013.05.14 16:08:26.326,0.82098,0.82118,3.75,5.25
2013.05.14 16:08:26.866,0.82098,0.82118,1.50,4.50
2013.05.14 16:08:27.347,0.82098,0.82118,1.50,3.75
2013.05.14 16:08:28.858,0.82098,0.82118,1.50,5.25
2013.05.14 16:08:29.559,0.82099,0.82117,1.50,1.50
2013.05.14 16:08:31.400,0.821,0.82116,1.50,1.50
2013.05.14 16:08:48.156,0.82101,0.82118,1.50,2.25
2013.05.14 16:08:48.216,0.821,0.82121,2.25,1.50
2013.05.14 16:08:48.577,0.82103,0.82121,2.32,1.50
2013.05.14 16:08:50.655,0.82103,0.82121,3.00,1.50
2013.05.14 16:08:51.407,0.82103,0.82121,2.25,1.50
2013.05.14 16:08:55.448,0.82103,0.82123,2.25,3.00
2013.05.14 16:08:55.578,0.82107,0.82123,1.50,2.25
2013.05.14 16:08:55.646,0.82104,0.82124,1.50,1.50
2013.05.14 16:08:55.827,0.82103,0.82123,1.50,1.50
2013.05.14 16:08:55.946,0.82104,0.82123,1.50,1.50
2013.05.14 16:08:56.306,0.82103,0.82118,2.25,1.50
2013.05.14 16:08:56.546,0.82099,0.82118,2.25,1.50
2013.05.14 16:08:58.877,0.82099,0.82119,1.50,3.00
2013.05.14 16:09:02.911,0.82101,0.82119,1.50,2.25
2013.05.14 16:09:03.040,0.82103,0.82121,1.50,1.50
2013.05.14 16:09:03.637,0.82108,0.82124,1.50,2.25
2013.05.14 16:09:03.728,0.82107,0.82128,2.25,1.77
2013.05.14 16:09:04.406,0.82107,0.82128,2.25,1.50
2013.05.14 16:09:05.516,0.82108,0.82128,1.50,2.25
2013.05.14 16:09:08.246,0.82108,0.82128,1.50,3.00
2013.05.14 16:09:08.857,0.82106,0.82128,1.50,3.00
2013.05.14 16:09:09.596,0.82106,0.82128,1.50,3.00
2013.05.14 16:09:23.176,0.82109,0.82128,1.50,2.25
2013.05.14 16:09:24.187,0.8211,0.82126,1.50,1.50
2013.05.14 16:09:25.957,0.8211,0.82126,1.50,1.50
2013.05.14 16:09:29.206,0.82109,0.82128,3.00,2.25
2013.05.14 16:09:36.090,0.82108,0.82128,1.50,3.00
2013.05.14 16:09:44.027,0.82106,0.82126,1.50,1.50
2013.05.14 16:09:52.047,0.82104,0.82126,2.25,1.50
2013.05.14 16:09:52.178,0.82104,0.82122,1.50,1.50
2013.05.14 16:09:52.366,0.82101,0.8212,1.88,1.50
2013.05.14 16:09:52.706,0.82101,0.82118,1.13,1.50
2013.05.14 16:09:52.958,0.82101,0.8212,1.13,1.50
2013.05.14 16:09:53.530,0.82101,0.82121,1.13,2.25
2013.05.14 16:09:54.835,0.82099,0.82119,3.83,1.50
2013.05.14 16:09:55.355,0.82099,0.82119,3.00,1.50
2013.05.14 16:09:56.295,0.82099,0.8212,3.00,1.50
2013.05.14 16:09:57.099,0.82099,0.82119,3.08,1.50
2013.05.14 16:09:57.166,0.82099,0.82118,1.58,1.50
2013.05.14 16:09:57.885,0.821,0.82118,1.50,1.50
2013.05.14 16:09:58.429,0.82098,0.82116,2.25,1.50
2013.05.14 16:10:05.867,0.82098,0.82116,2.25,3.00
2013.05.14 16:10:06.372,0.82098,0.82116,2.44,3.00
2013.05.14 16:10:06.877,0.82098,0.82115,2.63,1.50
2013.05.14 16:10:07.367,0.82094,0.82115,1.50,2.25
2013.05.14 16:10:07.726,0.82093,0.82113,1.13,2.33
2013.05.14 16:10:08.362,0.82092,0.82113,3.00,3.08
2013.05.14 16:10:09.557,0.82092,0.82113,1.50,3.83
2013.05.14 16:10:09.615,0.82092,0.82113,2.25,3.83
2013.05.14 16:10:11.466,0.82092,0.82112,1.50,1.50
2013.05.14 16:10:12.246,0.82092,0.82112,1.50,1.50
2013.05.14 16:10:25.236,0.82094,0.82113,1.50,3.83
2013.05.14 16:10:25.596,0.82095,0.82113,1.50,2.25
2013.05.14 16:10:25.837,0.82097,0.82117,1.50,1.50
2013.05.14 16:10:25.896,0.82097,0.82118,1.50,4.50
2013.05.14 16:10:26.137,0.82098,0.82118,1.50,3.75
2013.05.14 16:10:26.447,0.82098,0.82118,1.50,3.75
2013.05.14 16:10:26.506,0.82098,0.82118,1.50,3.75
2013.05.14 16:10:28.359,0.82098,0.82118,2.25,3.00
2013.05.14 16:10:35.838,0.82099,0.82118,1.50,2.25
2013.05.14 16:10:55.036,0.82099,0.82118,1.50,2.25
2013.05.14 16:10:55.158,0.821,0.82118,2.25,2.25
2013.05.14 16:10:55.406,0.82102,0.8212,1.50,2.25
2013.05.14 16:10:55.712,0.82104,0.82123,1.50,1.13
2013.05.14 16:10:55.956,0.82107,0.82125,2.25,1.13
2013.05.14 16:10:56.017,0.82107,0.82125,2.25,1.88
2013.05.14 16:10:56.076,0.82109,0.82125,3.00,1.50
2013.05.14 16:10:56.136,0.82114,0.82125,1.50,1.50
2013.05.14 16:10:56.198,0.82118,0.82128,1.50,3.00
2013.05.14 16:10:56.387,0.82118,0.82135,1.50,1.50
2013.05.14 16:10:56.892,0.82118,0.82137,2.25,1.50
2013.05.14 16:10:58.696,0.82116,0.82138,2.25,3.00
2013.05.14 16:11:01.017,0.82117,0.82138,1.50,3.00
2013.05.14 16:11:01.076,0.82118,0.82138,1.50,2.25
2013.05.14 16:11:02.096,0.82118,0.82138,1.50,2.25
2013.05.14 16:11:02.958,0.82119,0.82138,2.25,1.50
2013.05.14 16:11:03.277,0.8212,0.8214,1.50,1.50
2013.05.14 16:11:03.346,0.8212,0.82141,3.00,2.25
2013.05.14 16:11:03.537,0.8212,0.82138,3.00,1.50
2013.05.14 16:11:03.776,0.82121,0.82142,1.13,1.50
2013.05.14 16:11:03.835,0.82121,0.82144,1.13,3.83
2013.05.14 16:11:04.137,0.82121,0.82144,1.50,3.08
2013.05.14 16:11:06.427,0.82122,0.82144,1.50,2.33
2013.05.14 16:11:08.597,0.82124,0.82144,1.50,2.33
2013.05.14 16:11:10.046,0.82122,0.82144,1.50,2.33
2013.05.14 16:11:10.107,0.8212,0.82139,1.50,1.50
2013.05.14 16:11:10.347,0.82119,0.82139,2.25,2.25
2013.05.14 16:11:11.004,0.82117,0.82139,3.00,3.75
2013.05.14 16:11:12.272,0.82118,0.82139,1.50,3.75
2013.05.14 16:11:12.336,0.82119,0.82139,1.50,3.75
2013.05.14 16:11:14.367,0.82119,0.82139,1.50,3.00
2013.05.14 16:11:18.490,0.82122,0.82139,1.50,1.50
2013.05.14 16:11:18.758,0.82121,0.82143,1.50,1.50
2013.05.14 16:11:19.019,0.82123,0.82144,2.25,1.69
2013.05.14 16:11:19.158,0.82123,0.82144,2.25,1.69
2013.05.14 16:11:19.229,0.82124,0.82145,2.25,1.69
2013.05.14 16:11:19.299,0.82125,0.82145,1.50,1.69
2013.05.14 16:11:19.737,0.82125,0.82148,1.50,5.18
2013.05.14 16:11:19.798,0.82126,0.82148,1.50,5.18
2013.05.14 16:11:20.710,0.82129,0.82148,2.25,3.83
2013.05.14 16:11:21.029,0.82133,0.82151,2.25,1.50
2013.05.14 16:11:21.218,0.82135,0.82154,1.50,3.75
2013.05.14 16:11:21.288,0.82137,0.82154,1.50,3.00
2013.05.14 16:11:21.618,0.82145,0.82162,1.50,1.50
2013.05.14 16:11:21.689,0.82145,0.82163,1.50,3.00
2013.05.14 16:11:22.428,0.82145,0.82164,2.63,1.50
2013.05.14 16:11:22.558,0.82145,0.82169,3.38,3.00
2013.05.14 16:11:22.632,0.82145,0.82169,3.38,3.00
2013.05.14 16:11:23.211,0.82145,0.82168,1.50,1.50
2013.05.14 16:11:23.521,0.82145,0.82168,1.50,1.50
2013.05.14 16:11:23.707,0.82146,0.82168,1.58,1.50
2013.05.14 16:11:24.217,0.82149,0.82167,1.13,1.50
2013.05.14 16:11:24.549,0.82149,0.82166,1.13,2.25
2013.05.14 16:11:24.622,0.82146,0.82166,2.25,2.25
2013.05.14 16:11:24.689,0.82147,0.82167,1.50,2.25
2013.05.14 16:11:24.949,0.82146,0.82166,1.50,1.50
2013.05.14 16:11:25.149,0.82144,0.82166,1.50,1.50
2013.05.14 16:11:25.339,0.82146,0.82166,1.50,1.50
2013.05.14 16:11:25.469,0.82146,0.82167,1.50,1.50
2013.05.14 16:11:25.866,0.82144,0.82167,2.25,2.25
2013.05.14 16:11:26.167,0.82144,0.82163,1.50,1.50
2013.05.14 16:11:27.638,0.82147,0.82166,1.50,1.58
2013.05.14 16:11:28.197,0.82147,0.82166,3.75,2.33
2013.05.14 16:11:28.746,0.82147,0.82166,3.00,1.50
2013.05.14 16:11:29.436,0.82147,0.82166,3.00,1.50
2013.05.14 16:11:30.866,0.82149,0.82169,1.50,3.00
2013.05.14 16:11:31.418,0.82151,0.82167,1.50,1.50
2013.05.14 16:11:36.447,0.82148,0.82167,2.25,2.25
2013.05.14 16:11:36.998,0.82149,0.82169,1.50,2.25
2013.05.14 16:11:37.455,0.82149,0.82169,1.50,2.25
2013.05.14 16:11:37.771,0.8216,0.82169,1.50,1.50
2013.05.14 16:11:38.298,0.82156,0.82168,1.50,1.50
2013.05.14 16:11:38.847,0.82155,0.82168,2.25,1.50
2013.05.14 16:11:39.108,0.82156,0.82171,1.50,2.25
2013.05.14 16:11:39.598,0.82159,0.82171,1.50,1.50
2013.05.14 16:11:39.906,0.82169,0.82183,2.25,1.13
2013.05.14 16:11:39.967,0.82169,0.82183,2.25,1.88
2013.05.14 16:11:40.553,0.82175,0.82188,1.50,3.00
2013.05.14 16:11:41.122,0.82174,0.82188,1.50,2.25
2013.05.14 16:11:41.263,0.82174,0.82188,1.50,1.50
2013.05.14 16:11:41.332,0.82174,0.82188,1.50,2.25
2013.05.14 16:11:41.589,0.82174,0.82188,1.50,1.50
2013.05.14 16:11:42.759,0.82174,0.82188,1.50,1.50
2013.05.14 16:11:42.948,0.82179,0.82188,1.50,1.50
2013.05.14 16:11:43.266,0.82179,0.82194,1.50,1.50
2013.05.14 16:11:43.448,0.82181,0.82195,2.25,1.50
2013.05.14 16:11:44.067,0.82181,0.82197,1.50,3.75
2013.05.14 16:11:44.743,0.82181,0.82197,1.50,3.75
2013.05.14 16:11:45.291,0.82181,0.82197,1.50,3.75
2013.05.14 16:11:45.697,0.82181,0.82196,2.25,1.50
2013.05.14 16:11:45.818,0.82183,0.82196,1.50,1.50
2013.05.14 16:11:46.337,0.82183,0.82196,1.50,2.25
2013.05.14 16:11:46.830,0.82181,0.82193,1.50,1.50
2013.05.14 16:11:47.216,0.82179,0.82193,3.00,1.50
2013.05.14 16:11:48.448,0.82179,0.82193,1.50,1.50
2013.05.14 16:11:48.524,0.82188,0.822,1.50,1.50
2013.05.14 16:11:48.598,0.82189,0.82206,1.50,1.65
2013.05.14 16:11:48.668,0.82189,0.82204,1.50,1.65
2013.05.14 16:11:48.919,0.82189,0.82206,1.50,1.65
2013.05.14 16:11:49.478,0.82188,0.82207,2.93,1.65
2013.05.14 16:11:51.267,0.82189,0.82207,2.25,1.65
2013.05.14 16:11:52.017,0.82189,0.82207,2.25,1.65
2013.05.14 16:11:52.749,0.82189,0.82208,1.50,1.65
2013.05.14 16:11:53.648,0.82189,0.82208,2.25,1.65
2013.05.14 16:11:53.719,0.82191,0.82209,1.50,1.50
2013.05.14 16:11:53.788,0.82191,0.82211,1.50,3.75
2013.05.14 16:11:53.980,0.82196,0.82212,1.50,4.13
2013.05.14 16:11:54.289,0.82196,0.82214,2.25,1.50
2013.05.14 16:11:56.580,0.82199,0.82215,2.18,2.25
2013.05.14 16:11:56.661,0.82199,0.82215,1.50,1.50
2013.05.14 16:11:56.908,0.82201,0.82215,1.50,2.25
2013.05.14 16:11:57.438,0.82201,0.82215,1.50,2.25
2013.05.14 16:11:57.980,0.82201,0.82214,1.50,1.50
2013.05.14 16:11:58.378,0.82198,0.82214,3.00,1.50
2013.05.14 16:11:58.717,0.82198,0.82215,3.00,2.25
2013.05.14 16:11:58.898,0.82198,0.82213,3.00,2.25
2013.05.14 16:11:59.421,0.82198,0.82213,3.00,2.25
2013.05.14 16:11:59.926,0.82197,0.82213,1.50,2.25
2013.05.14 16:12:00.567,0.82196,0.82213,3.00,2.25
2013.05.14 16:12:00.937,0.82196,0.82213,3.75,2.25
2013.05.14 16:12:02.080,0.82196,0.82213,2.25,2.25
2013.05.14 16:12:02.298,0.82196,0.82213,2.25,2.25
2013.05.14 16:12:02.618,0.82196,0.82213,1.50,2.25
2013.05.14 16:12:03.017,0.82196,0.82213,1.50,2.25
2013.05.14 16:12:03.269,0.82196,0.82213,1.50,2.25
2013.05.14 16:12:04.916,0.82195,0.82213,1.50,2.25
2013.05.14 16:12:05.218,0.82197,0.82213,1.50,3.00
2013.05.14 16:12:05.418,0.82197,0.82213,1.50,3.00
2013.05.14 16:12:05.793,0.82196,0.82213,1.50,3.00
2013.05.14 16:12:07.589,0.82195,0.82211,1.50,1.50
2013.05.14 16:12:07.901,0.82195,0.82212,1.50,1.50
2013.05.14 16:12:11.859,0.82195,0.82212,1.50,1.50
2013.05.14 16:12:13.226,0.82195,0.82212,1.50,1.50
2013.05.14 16:12:15.868,0.82195,0.82213,3.75,2.25
2013.05.14 16:12:15.938,0.82198,0.82213,1.50,2.25
2013.05.14 16:12:16.249,0.82197,0.82213,1.50,2.25
2013.05.14 16:12:16.440,0.82196,0.82213,2.25,2.25
2013.05.14 16:12:16.510,0.82197,0.82215,1.50,1.50
2013.05.14 16:12:16.817,0.822,0.82215,1.50,1.50
2013.05.14 16:12:17.158,0.822,0.82213,1.50,1.50
2013.05.14 16:12:17.759,0.822,0.82213,1.50,1.50
2013.05.14 16:12:18.136,0.82205,0.82213,2.48,1.50
2013.05.14 16:12:18.197,0.82207,0.82217,1.50,1.50
2013.05.14 16:12:18.316,0.82207,0.8222,1.50,3.00
2013.05.14 16:12:18.378,0.82207,0.8222,3.00,1.50
2013.05.14 16:12:18.450,0.82207,0.82217,2.25,2.25
2013.05.14 16:12:18.523,0.82204,0.82217,1.50,2.25
2013.05.14 16:12:18.648,0.82202,0.82216,1.50,1.50
2013.05.14 16:12:19.369,0.822,0.82215,1.50,1.50
2013.05.14 16:12:19.678,0.82205,0.82218,1.50,2.25
2013.05.14 16:12:19.747,0.82205,0.82218,1.50,2.25
2013.05.14 16:12:19.988,0.82204,0.8222,1.50,1.50
2013.05.14 16:12:20.536,0.82204,0.82221,1.50,2.25
2013.05.14 16:12:24.290,0.82204,0.82221,1.50,2.25
2013.05.14 16:12:25.507,0.82204,0.82221,1.50,2.25
2013.05.14 16:12:26.392,0.82204,0.82217,1.50,1.50
2013.05.14 16:12:26.757,0.82204,0.82216,1.50,1.50
2013.05.14 16:12:27.077,0.82204,0.82216,1.50,1.50
2013.05.14 16:12:27.438,0.82203,0.82216,1.50,1.50
2013.05.14 16:12:27.747,0.82202,0.82212,1.50,1.50
2013.05.14 16:12:27.807,0.82201,0.82213,1.50,1.50
2013.05.14 16:12:28.732,0.82199,0.82208,1.50,2.25
2013.05.14 16:12:28.817,0.82191,0.822,1.50,1.50
2013.05.14 16:12:29.075,0.82189,0.822,5.10,1.50
2013.05.14 16:12:29.148,0.82192,0.82198,1.50,1.50
2013.05.14 16:12:29.218,0.82188,0.82197,1.50,1.50
2013.05.14 16:12:29.760,0.8218,0.82194,3.00,1.50
2013.05.14 16:12:29.951,0.8218,0.82194,2.25,1.50
2013.05.14 16:12:33.743,0.82178,0.82194,1.50,1.50
2013.05.14 16:12:36.937,0.82178,0.82194,1.50,1.50
2013.05.14 16:12:42.099,0.82179,0.82194,1.50,2.25
2013.05.14 16:12:43.736,0.82177,0.82193,1.50,1.50
2013.05.14 16:12:45.867,0.8218,0.82192,1.50,1.50
2013.05.14 16:12:45.926,0.8218,0.82192,2.48,1.50
2013.05.14 16:12:46.106,0.82187,0.82199,1.50,1.50
2013.05.14 16:12:46.167,0.82183,0.82197,1.13,1.50
2013.05.14 16:12:46.227,0.82182,0.82195,2.25,1.50
2013.05.14 16:12:46.286,0.82182,0.82195,1.50,1.50
2013.05.14 16:12:46.407,0.82179,0.82195,1.50,1.50
2013.05.14 16:12:46.468,0.82182,0.82194,1.50,1.50
2013.05.14 16:12:46.538,0.82182,0.82194,1.50,1.50
2013.05.14 16:12:46.726,0.82179,0.82195,1.50,1.50
2013.05.14 16:12:46.786,0.82178,0.82193,2.25,1.50
2013.05.14 16:12:48.236,0.82178,0.82193,1.50,1.50
2013.05.14 16:12:49.918,0.82172,0.8219,1.50,1.88
2013.05.14 16:12:50.109,0.82178,0.8219,1.50,3.38
2013.05.14 16:12:50.178,0.82178,0.8219,1.50,3.38
2013.05.14 16:12:50.247,0.8217,0.82188,2.25,2.25
2013.05.14 16:12:52.340,0.8217,0.82188,2.25,2.25
2013.05.14 16:12:54.217,0.82168,0.82187,1.13,1.50
2013.05.14 16:12:54.516,0.82168,0.82187,1.13,1.50
2013.05.14 16:12:55.946,0.82169,0.82183,1.50,1.50
2013.05.14 16:12:56.508,0.82169,0.82183,1.50,1.50
2013.05.14 16:12:58.796,0.82169,0.82183,1.50,1.50
2013.05.14 16:12:59.176,0.82169,0.82184,1.50,1.50
2013.05.14 16:12:59.736,0.8217,0.82186,1.13,1.50
2013.05.14 16:13:11.827,0.82169,0.82185,1.50,1.50
2013.05.14 16:13:12.498,0.82167,0.82185,3.75,1.50
2013.05.14 16:13:12.811,0.82165,0.82181,1.50,1.50
2013.05.14 16:13:13.188,0.8216,0.82181,1.88,1.50
2013.05.14 16:13:13.257,0.8216,0.82179,1.88,1.50
2013.05.14 16:13:13.376,0.82155,0.82175,2.25,1.50
2013.05.14 16:13:13.869,0.82153,0.82173,3.00,1.50
2013.05.14 16:13:14.208,0.82152,0.82169,1.50,1.50
2013.05.14 16:13:14.276,0.82148,0.82169,2.07,2.25
2013.05.14 16:13:14.543,0.82148,0.82167,1.32,2.25
2013.05.14 16:13:16.967,0.82148,0.82167,1.50,1.50
2013.05.14 16:13:17.927,0.82148,0.82168,1.13,1.50
2013.05.14 16:13:18.686,0.82148,0.82165,1.50,1.50
2013.05.14 16:13:21.159,0.82148,0.82164,1.13,1.50
2013.05.14 16:13:21.719,0.82147,0.8216,2.25,1.50
2013.05.14 16:13:22.234,0.82147,0.82164,2.63,1.50
2013.05.14 16:13:23.721,0.82148,0.82164,1.50,1.50
2013.05.14 16:13:24.952,0.82147,0.82164,2.25,1.50
2013.05.14 16:13:25.550,0.82148,0.82164,1.50,1.50
2013.05.14 16:13:26.078,0.82148,0.82164,1.50,1.50
2013.05.14 16:13:28.921,0.82147,0.82164,1.88,1.50
2013.05.14 16:13:29.168,0.82147,0.82162,1.88,1.50
2013.05.14 16:13:29.296,0.82147,0.82161,1.88,1.50
2013.05.14 16:13:29.573,0.82145,0.82161,1.13,2.25
2013.05.14 16:13:29.642,0.82145,0.8216,1.13,1.50
2013.05.14 16:13:29.709,0.82142,0.82157,2.25,1.50
2013.05.14 16:13:29.778,0.82142,0.82157,2.25,2.25
2013.05.14 16:13:30.096,0.82138,0.82156,2.25,1.50
2013.05.14 16:13:30.156,0.82136,0.82156,2.63,2.25
2013.05.14 16:13:30.656,0.82139,0.82156,1.50,1.50
2013.05.14 16:13:31.016,0.82145,0.82159,1.50,3.75
2013.05.14 16:13:31.581,0.82145,0.82159,1.50,3.75
2013.05.14 16:13:32.118,0.82145,0.82159,1.50,3.75
2013.05.14 16:13:32.826,0.82142,0.82158,2.21,3.75
2013.05.14 16:13:32.887,0.82137,0.82158,1.50,3.75
2013.05.14 16:13:33.007,0.82137,0.82156,1.88,2.25
2013.05.14 16:13:33.558,0.82132,0.82153,1.50,1.50
2013.05.14 16:13:33.627,0.82134,0.82151,1.13,1.50
2013.05.14 16:13:34.177,0.82134,0.82153,1.13,2.25
2013.05.14 16:13:34.520,0.82134,0.82152,1.13,2.25
2013.05.14 16:13:35.129,0.82135,0.82151,1.13,1.50
2013.05.14 16:13:35.453,0.82142,0.82159,1.13,3.75
2013.05.14 16:13:35.520,0.82139,0.82156,1.13,1.50
2013.05.14 16:13:35.647,0.82133,0.82153,1.50,1.50
2013.05.14 16:13:36.246,0.82133,0.82153,1.13,1.50
2013.05.14 16:13:36.787,0.82134,0.82152,1.13,1.50
2013.05.14 16:13:36.907,0.82137,0.82152,1.35,1.50
2013.05.14 16:13:37.266,0.82142,0.82158,1.13,1.50
2013.05.14 16:13:37.386,0.82142,0.82159,1.13,3.75
2013.05.14 16:13:37.447,0.82142,0.82158,1.13,4.50
2013.05.14 16:13:37.569,0.82137,0.82157,1.50,1.50
2013.05.14 16:13:37.758,0.82135,0.82154,1.13,2.25
2013.05.14 16:13:40.386,0.82132,0.82152,3.00,1.50
2013.05.14 16:13:40.688,0.82132,0.82147,1.50,1.50
2013.05.14 16:13:40.807,0.82128,0.82147,1.50,1.50
2013.05.14 16:13:40.930,0.82126,0.82144,2.25,1.50
2013.05.14 16:13:41.297,0.82125,0.82143,1.50,1.50
2013.05.14 16:13:41.876,0.82124,0.82143,1.13,1.50
2013.05.14 16:13:42.427,0.82122,0.82143,2.25,1.50
2013.05.14 16:13:43.339,0.82122,0.82143,2.25,2.25
2013.05.14 16:13:45.409,0.82125,0.82143,1.50,1.50
2013.05.14 16:13:45.719,0.82124,0.82141,1.50,1.50
2013.05.14 16:13:46.316,0.82125,0.82141,1.13,1.50
2013.05.14 16:13:46.832,0.82124,0.8214,1.13,1.50
2013.05.14 16:13:48.859,0.82123,0.8214,1.13,1.50
2013.05.14 16:13:49.108,0.82122,0.82139,2.63,1.50
2013.05.14 16:13:49.479,0.82119,0.82137,1.88,2.25
2013.05.14 16:13:49.847,0.82119,0.82134,1.13,1.50
2013.05.14 16:13:50.107,0.82114,0.82129,1.50,1.50
2013.05.14 16:13:50.167,0.82114,0.8213,1.50,4.50
2013.05.14 16:13:50.709,0.82115,0.82131,1.50,1.50
2013.05.14 16:13:51.018,0.82115,0.82131,1.13,1.50
2013.05.14 16:13:51.387,0.82113,0.82128,1.50,1.50
2013.05.14 16:13:51.960,0.82113,0.82128,1.50,1.50
2013.05.14 16:13:52.603,0.82113,0.82128,1.50,1.35
2013.05.14 16:13:52.929,0.82096,0.82111,1.88,2.25
2013.05.14 16:13:52.998,0.82096,0.82111,1.50,2.25
2013.05.14 16:13:53.070,0.82095,0.82111,1.50,1.50
2013.05.14 16:13:53.577,0.82091,0.82109,1.88,2.25
2013.05.14 16:13:53.938,0.82091,0.82107,1.13,2.25
2013.05.14 16:13:54.007,0.82091,0.82108,1.13,1.50
2013.05.14 16:13:54.127,0.82091,0.82107,1.13,1.50
2013.05.14 16:13:54.367,0.82091,0.82107,1.13,1.50
2013.05.14 16:13:54.428,0.82091,0.82107,1.13,1.50
2013.05.14 16:13:54.798,0.82091,0.82106,1.13,1.50
2013.05.14 16:13:55.226,0.82091,0.82109,1.13,1.50
2013.05.14 16:13:56.498,0.82091,0.82114,1.13,1.88
2013.05.14 16:13:57.052,0.82096,0.82114,1.13,1.13
2013.05.14 16:13:57.468,0.82096,0.82118,1.50,4.50
2013.05.14 16:13:57.718,0.82102,0.82117,1.13,1.58
2013.05.14 16:13:58.076,0.82098,0.82117,1.13,1.58
2013.05.14 16:13:58.587,0.82098,0.82118,1.13,3.23
2013.05.14 16:13:58.707,0.82098,0.82118,1.13,3.00
2013.05.14 16:13:59.258,0.82098,0.82118,1.13,2.25
2013.05.14 16:14:01.287,0.82098,0.82118,1.13,2.25
2013.05.14 16:14:03.207,0.82097,0.82118,3.19,2.25
2013.05.14 16:14:03.326,0.82097,0.82118,3.94,2.25
2013.05.14 16:14:06.087,0.82101,0.82118,1.13,3.00
2013.05.14 16:14:07.658,0.821,0.82118,1.13,2.25
2013.05.14 16:14:10.059,0.82098,0.82117,1.13,1.50
2013.05.14 16:14:10.127,0.82101,0.82117,1.13,1.50
2013.05.14 16:14:11.398,0.82101,0.82118,1.88,3.00
2013.05.14 16:14:12.766,0.82101,0.82117,1.13,1.50
2013.05.14 16:14:19.750,0.82103,0.82119,1.50,1.50
2013.05.14 16:14:19.889,0.82106,0.82118,1.50,1.50
2013.05.14 16:14:20.032,0.82108,0.82121,1.50,2.25
2013.05.14 16:14:20.165,0.8211,0.82124,1.50,1.50
2013.05.14 16:14:20.231,0.8211,0.82128,2.63,1.50
2013.05.14 16:14:20.358,0.82112,0.82128,1.50,1.50
2013.05.14 16:14:20.488,0.82112,0.82129,1.50,2.25
2013.05.14 16:14:20.678,0.82111,0.82129,1.88,2.25
2013.05.14 16:14:20.737,0.8211,0.82129,2.63,2.25
2013.05.14 16:14:21.096,0.82111,0.82133,1.50,1.88
2013.05.14 16:14:21.157,0.8211,0.82132,4.13,1.50
2013.05.14 16:14:21.346,0.82111,0.82132,1.50,1.50
2013.05.14 16:14:22.376,0.82113,0.82133,3.00,1.13
2013.05.14 16:14:22.497,0.82114,0.82134,1.50,2.25
2013.05.14 16:14:24.183,0.82115,0.82135,3.00,1.50
2013.05.14 16:14:24.547,0.82118,0.82138,2.26,2.25
2013.05.14 16:14:25.826,0.82118,0.82138,1.50,3.75
2013.05.14 16:14:27.459,0.82118,0.82138,1.50,3.75
2013.05.14 16:14:29.127,0.82118,0.82138,1.50,3.00
2013.05.14 16:14:31.757,0.82117,0.82136,2.25,1.50
2013.05.14 16:14:31.879,0.82119,0.82137,1.50,2.25
2013.05.14 16:14:32.187,0.82121,0.82138,1.13,2.25
2013.05.14 16:14:32.728,0.82123,0.82142,2.25,2.25
2013.05.14 16:14:32.993,0.82124,0.82142,1.50,1.13
2013.05.14 16:14:33.308,0.82129,0.82145,1.13,3.00
2013.05.14 16:14:33.809,0.82129,0.82151,2.63,1.50
2013.05.14 16:14:34.117,0.82132,0.82153,1.50,3.08
2013.05.14 16:14:34.188,0.82133,0.82153,1.13,3.00
2013.05.14 16:14:34.377,0.82133,0.82154,1.88,1.50
2013.05.14 16:14:34.436,0.82134,0.82157,1.13,1.50
2013.05.14 16:14:34.958,0.82135,0.82157,1.88,1.50
2013.05.14 16:14:38.766,0.82137,0.82157,1.50,1.50
2013.05.14 16:14:40.577,0.82134,0.82157,2.63,1.65
2013.05.14 16:14:40.698,0.82134,0.82156,1.13,2.40
2013.05.14 16:14:41.177,0.82132,0.82151,2.25,1.50
2013.05.14 16:14:41.238,0.82132,0.82151,2.25,1.50
2013.05.14 16:14:41.357,0.82131,0.82151,1.13,1.50
2013.05.14 16:14:41.946,0.8213,0.82151,1.88,1.50
2013.05.14 16:14:42.096,0.82132,0.82151,1.50,1.50
2013.05.14 16:14:42.679,0.82132,0.82151,1.50,1.50
2013.05.14 16:14:44.839,0.82131,0.82151,1.88,2.25
2013.05.14 16:14:49.758,0.8213,0.82151,1.88,2.25
2013.05.14 16:14:55.337,0.82133,0.82153,2.25,3.00
2013.05.14 16:14:55.871,0.82133,0.82153,2.25,3.00
2013.05.14 16:14:57.021,0.82134,0.82153,1.50,3.00
2013.05.14 16:14:59.717,0.82134,0.82151,1.50,1.50
2013.05.14 16:15:01.337,0.82131,0.82151,1.69,1.50
2013.05.14 16:15:22.187,0.82132,0.82151,1.13,1.50
2013.05.14 16:15:22.367,0.82131,0.82147,1.13,1.50
2013.05.14 16:15:23.517,0.82128,0.82149,3.38,3.00
2013.05.14 16:15:26.396,0.82128,0.82149,2.82,3.00
2013.05.14 16:15:28.093,0.82128,0.82148,2.82,1.50
2013.05.14 16:15:28.699,0.82128,0.82149,3.00,3.00
2013.05.14 16:15:40.217,0.82128,0.82149,3.00,2.25
2013.05.14 16:15:45.586,0.82128,0.82149,3.00,2.25
2013.05.14 16:15:46.046,0.82128,0.82149,3.00,2.25
2013.05.14 16:15:46.107,0.82128,0.82149,3.00,2.25
2013.05.14 16:15:46.656,0.8213,0.82149,1.13,2.25
2013.05.14 16:15:48.276,0.82131,0.82151,1.13,2.63
2013.05.14 16:15:48.397,0.82131,0.82151,1.58,3.38
2013.05.14 16:15:48.757,0.82136,0.82156,2.25,1.50
2013.05.14 16:15:50.398,0.82134,0.82156,2.63,1.50
2013.05.14 16:15:50.528,0.82136,0.82156,1.50,1.50
2013.05.14 16:15:51.249,0.82136,0.82156,1.50,1.50
2013.05.14 16:15:52.967,0.82134,0.82156,3.00,1.50
2013.05.14 16:15:54.709,0.82135,0.82156,1.50,1.50
2013.05.14 16:15:58.117,0.82136,0.82156,1.50,1.50
2013.05.14 16:16:06.583,0.82136,0.82156,1.50,1.50
2013.05.14 16:16:10.539,0.82137,0.82156,1.50,1.50
2013.05.14 16:16:36.227,0.82136,0.82158,1.50,1.50
2013.05.14 16:16:44.244,0.82135,0.82158,2.44,1.50
2013.05.14 16:16:59.027,0.82136,0.82159,3.00,1.50
2013.05.14 16:16:59.147,0.82137,0.82159,1.50,1.50
2013.05.14 16:16:59.268,0.82137,0.82159,1.50,1.50
2013.05.14 16:16:59.387,0.82137,0.82159,1.50,1.50
2013.05.14 16:17:01.315,0.82137,0.82159,1.50,1.50
2013.05.14 16:17:06.077,0.82136,0.82158,3.08,1.50
2013.05.14 16:17:06.596,0.82137,0.82158,1.50,1.50
2013.05.14 16:17:08.958,0.82137,0.82158,2.25,1.50
2013.05.14 16:17:09.028,0.82137,0.8216,2.25,2.25
2013.05.14 16:17:09.161,0.82139,0.82161,3.60,1.13
2013.05.14 16:17:09.231,0.82142,0.82162,2.63,1.13
2013.05.14 16:17:09.778,0.82142,0.82164,2.63,3.00
2013.05.14 16:17:09.936,0.82143,0.82164,1.50,2.25
2013.05.14 16:17:10.478,0.82143,0.82164,2.25,3.00
2013.05.14 16:17:11.386,0.82143,0.82164,3.75,2.25
2013.05.14 16:17:13.593,0.82144,0.82164,1.50,3.00
2013.05.14 16:17:14.746,0.82145,0.82164,1.50,3.75
2013.05.14 16:17:18.399,0.82144,0.82164,1.50,3.00
2013.05.14 16:17:38.277,0.82143,0.82163,2.25,1.50
2013.05.14 16:17:40.518,0.82154,0.82172,1.50,1.32
2013.05.14 16:17:40.710,0.82157,0.82174,1.50,3.75
2013.05.14 16:17:40.898,0.82159,0.82179,1.13,2.25
2013.05.14 16:17:40.960,0.82158,0.82179,1.50,2.25
2013.05.14 16:17:41.268,0.82158,0.82185,2.25,2.33
2013.05.14 16:17:41.337,0.8216,0.82185,1.13,2.33
2013.05.14 16:17:41.697,0.8216,0.82186,1.13,3.83
2013.05.14 16:17:41.837,0.8216,0.82186,1.13,3.83
2013.05.14 16:17:42.153,0.8216,0.82186,1.13,3.08
2013.05.14 16:17:42.221,0.8216,0.82186,2.63,2.33
2013.05.14 16:17:42.529,0.82164,0.82188,4.13,2.25
2013.05.14 16:17:42.597,0.82165,0.82188,1.50,1.50
2013.05.14 16:17:42.717,0.82167,0.8219,1.50,1.50
2013.05.14 16:17:42.898,0.82166,0.82193,3.08,1.50
2013.05.14 16:17:43.257,0.8217,0.82191,1.50,1.50
2013.05.14 16:17:45.997,0.82167,0.82188,1.58,3.00
2013.05.14 16:17:46.118,0.82165,0.82188,1.50,2.25
2013.05.14 16:17:46.657,0.82165,0.82188,2.25,2.25
2013.05.14 16:17:47.524,0.82167,0.82188,1.50,2.25
2013.05.14 16:17:48.716,0.82167,0.82188,1.58,2.25
2013.05.14 16:17:48.964,0.82167,0.82191,1.58,2.25
2013.05.14 16:17:50.118,0.82169,0.8219,1.50,1.50
2013.05.14 16:17:50.668,0.82168,0.82182,1.50,1.50
2013.05.14 16:17:50.907,0.82166,0.82182,1.58,1.50
2013.05.14 16:17:51.419,0.82166,0.82182,1.58,1.50
2013.05.14 16:17:54.444,0.82165,0.82183,1.58,1.50
2013.05.14 16:17:55.348,0.82166,0.82184,1.58,2.25
2013.05.14 16:17:55.650,0.82171,0.82184,1.58,1.50
2013.05.14 16:17:55.718,0.82171,0.82188,1.58,2.25
2013.05.14 16:17:55.840,0.82171,0.82191,2.33,1.50
2013.05.14 16:17:55.967,0.82171,0.82189,1.13,1.50
2013.05.14 16:17:56.148,0.82171,0.8219,1.13,1.50
2013.05.14 16:17:56.706,0.82172,0.82191,3.00,2.25
2013.05.14 16:17:57.018,0.82171,0.82189,1.50,1.50
2013.05.14 16:17:57.518,0.82169,0.82186,1.35,2.25
2013.05.14 16:17:58.070,0.82166,0.82186,1.50,2.25
2013.05.14 16:18:08.581,0.82168,0.82187,1.50,1.50
2013.05.14 16:18:08.839,0.8217,0.82191,1.50,1.50
2013.05.14 16:18:09.428,0.82172,0.82193,1.50,2.25
2013.05.14 16:18:10.053,0.82173,0.82193,1.50,1.50
2013.05.14 16:18:10.250,0.82174,0.82195,1.50,1.50
2013.05.14 16:18:10.318,0.82174,0.82195,1.50,1.50
2013.05.14 16:18:10.642,0.82176,0.82193,1.50,3.75
2013.05.14 16:18:11.177,0.82175,0.82193,1.50,3.75
2013.05.14 16:18:11.239,0.82175,0.82193,1.50,3.00
2013.05.14 16:18:11.548,0.82177,0.82197,1.50,1.88
2013.05.14 16:18:11.669,0.82177,0.82198,2.25,1.50
2013.05.14 16:18:11.738,0.82177,0.82198,2.25,1.50
2013.05.14 16:18:12.167,0.82177,0.82199,2.25,3.00
2013.05.14 16:18:12.468,0.82178,0.82197,1.50,1.50
2013.05.14 16:18:12.777,0.82178,0.82197,1.50,2.25
2013.05.14 16:18:13.439,0.82178,0.82197,1.50,1.50
2013.05.14 16:18:13.567,0.82178,0.82199,1.50,3.00
2013.05.14 16:18:13.628,0.82178,0.82199,2.25,3.00
2013.05.14 16:18:13.958,0.8218,0.82199,2.10,2.25
2013.05.14 16:18:14.198,0.8218,0.822,2.10,1.50
2013.05.14 16:18:14.448,0.82181,0.82202,3.38,1.50
2013.05.14 16:18:14.749,0.82185,0.82202,1.50,1.50
2013.05.14 16:18:17.282,0.82183,0.82202,2.25,1.50
2013.05.14 16:18:17.897,0.82186,0.82204,1.50,4.50
2013.05.14 16:18:18.198,0.82189,0.82206,2.18,1.50
2013.05.14 16:18:18.737,0.82189,0.82208,2.93,1.50
2013.05.14 16:18:19.048,0.8219,0.82206,1.43,1.50
2013.05.14 16:18:24.548,0.8219,0.82206,2.10,2.25
2013.05.14 16:18:25.151,0.8219,0.82205,2.18,1.50
2013.05.14 16:18:26.217,0.8219,0.82205,1.35,1.50
2013.05.14 16:18:26.277,0.8219,0.82206,1.35,3.00
2013.05.14 16:18:26.397,0.8219,0.82206,2.10,3.00
2013.05.14 16:18:27.113,0.8219,0.82205,2.18,1.50
2013.05.14 16:18:27.686,0.8219,0.82206,2.18,3.75
2013.05.14 16:18:28.637,0.8219,0.82206,2.18,3.75
2013.05.14 16:18:29.238,0.8219,0.82205,1.43,1.50
2013.05.14 16:18:35.762,0.82189,0.82205,1.43,1.50
2013.05.14 16:18:36.587,0.82189,0.82204,1.43,1.50
2013.05.14 16:18:36.987,0.8219,0.82205,2.18,1.50
2013.05.14 16:18:40.905,0.8219,0.82205,1.62,1.50
2013.05.14 16:18:41.408,0.82189,0.82206,2.37,1.50
2013.05.14 16:18:43.149,0.8219,0.82203,2.10,1.50
2013.05.14 16:18:44.418,0.82189,0.82204,2.18,1.50
2013.05.14 16:18:45.560,0.8219,0.82204,2.10,1.50
2013.05.14 16:18:48.528,0.82189,0.82206,2.37,1.50
2013.05.14 16:18:48.649,0.8219,0.82207,2.85,1.50
2013.05.14 16:18:48.718,0.82191,0.82208,1.50,1.50
2013.05.14 16:18:48.838,0.8219,0.82208,3.60,1.50
2013.05.14 16:18:48.957,0.8219,0.82211,4.62,2.25
2013.05.14 16:18:49.017,0.82191,0.8221,1.50,1.50
2013.05.14 16:18:49.595,0.8219,0.8221,4.02,1.50
2013.05.14 16:18:49.977,0.8219,0.8221,4.02,2.25
2013.05.14 16:18:50.527,0.82191,0.82212,1.50,2.63
2013.05.14 16:18:50.767,0.82191,0.82211,3.00,1.50
2013.05.14 16:18:51.127,0.82191,0.82211,3.00,1.50
2013.05.14 16:18:51.268,0.82192,0.82212,2.25,1.50
2013.05.14 16:18:51.388,0.82196,0.82214,1.50,1.50
2013.05.14 16:18:51.568,0.82196,0.82218,3.75,4.50
2013.05.14 16:18:51.687,0.82198,0.82218,2.25,3.00
2013.05.14 16:18:52.168,0.822,0.8222,2.25,1.13
2013.05.14 16:18:53.093,0.822,0.82221,2.25,1.50
2013.05.14 16:18:53.461,0.82204,0.82225,1.50,1.50
2013.05.14 16:18:53.708,0.82202,0.82223,1.88,2.25
2013.05.14 16:18:53.898,0.82202,0.82221,2.48,1.50
2013.05.14 16:18:54.378,0.82202,0.82221,1.73,1.50
2013.05.14 16:18:54.927,0.82202,0.82222,2.48,1.50
2013.05.14 16:18:55.236,0.82203,0.82222,1.35,1.50
2013.05.14 16:18:55.539,0.82216,0.82228,1.50,1.50
2013.05.14 16:18:56.087,0.82215,0.82227,1.50,1.50
2013.05.14 16:18:56.787,0.82215,0.82231,2.25,2.25
2013.05.14 16:18:58.658,0.82215,0.8223,2.93,1.50
2013.05.14 16:18:59.138,0.82216,0.82233,1.50,1.50
2013.05.14 16:18:59.497,0.82215,0.82232,1.50,3.00
2013.05.14 16:18:59.807,0.82211,0.82226,2.48,1.50
2013.05.14 16:19:00.108,0.82216,0.8223,2.25,1.50
2013.05.14 16:19:00.230,0.82216,0.8223,2.25,1.50
2013.05.14 16:19:00.537,0.82216,0.82233,2.25,1.35
2013.05.14 16:19:00.897,0.82216,0.82235,3.00,2.25
2013.05.14 16:19:01.197,0.82216,0.82235,3.00,2.25
2013.05.14 16:19:02.328,0.82216,0.82235,3.75,2.25
2013.05.14 16:19:02.557,0.82216,0.82233,3.00,1.50
2013.05.14 16:19:02.618,0.82216,0.82235,3.00,2.25
2013.05.14 16:19:04.618,0.82216,0.82233,3.75,1.50
2013.05.14 16:19:04.987,0.82216,0.82233,3.75,1.50
2013.05.14 16:19:08.793,0.82216,0.82234,3.00,1.50
2013.05.14 16:19:09.339,0.82218,0.82235,2.25,1.50
2013.05.14 16:19:09.887,0.82217,0.82234,2.25,2.25
2013.05.14 16:19:18.105,0.82217,0.82234,2.25,2.25
2013.05.14 16:19:19.458,0.82217,0.82234,2.25,2.25
2013.05.14 16:19:20.359,0.82217,0.82234,2.25,2.25
2013.05.14 16:19:28.500,0.82216,0.82231,1.50,3.00
2013.05.14 16:19:28.809,0.82213,0.82224,1.50,1.50
2013.05.14 16:19:28.880,0.82209,0.82222,1.50,1.50
2013.05.14 16:19:29.010,0.82207,0.82219,1.50,2.25
2013.05.14 16:19:29.080,0.82203,0.82218,2.25,1.50
2013.05.14 16:19:29.412,0.82203,0.82216,2.25,1.50
2013.05.14 16:19:29.657,0.82203,0.82212,2.25,1.50
2013.05.14 16:19:29.838,0.82194,0.82214,1.50,1.50
2013.05.14 16:19:30.199,0.82193,0.82215,3.00,2.25
2013.05.14 16:19:30.330,0.82193,0.82214,2.25,1.50
2013.05.14 16:19:30.399,0.82193,0.82213,2.25,1.50
2013.05.14 16:19:33.547,0.82192,0.82213,2.63,1.50
2013.05.14 16:19:35.169,0.82193,0.82213,1.50,1.50
2013.05.14 16:19:35.479,0.82195,0.82216,2.25,1.50
2013.05.14 16:19:35.830,0.82196,0.82217,3.00,1.50
2013.05.14 16:19:36.827,0.82197,0.82217,1.50,2.25
2013.05.14 16:19:38.198,0.82196,0.82216,2.25,1.50
2013.05.14 16:19:39.128,0.82194,0.82211,1.50,1.50
2013.05.14 16:19:39.250,0.82193,0.82208,1.50,1.50
2013.05.14 16:19:39.318,0.8219,0.82208,4.13,1.50
2013.05.14 16:19:40.197,0.82191,0.82208,1.50,1.50
2013.05.14 16:19:40.257,0.8219,0.82208,3.38,1.50
2013.05.14 16:19:40.317,0.8219,0.82208,3.00,1.50
2013.05.14 16:19:40.679,0.82189,0.82207,1.88,1.50
2013.05.14 16:19:41.236,0.82188,0.82206,2.33,1.50
2013.05.14 16:19:43.308,0.82188,0.82206,2.33,1.50
2013.05.14 16:19:46.087,0.82188,0.82206,2.33,1.50
2013.05.14 16:19:48.708,0.82188,0.82206,2.33,1.50
2013.05.14 16:19:57.949,0.82189,0.82206,1.58,1.50
2013.05.14 16:20:02.584,0.82189,0.82209,2.44,1.50
2013.05.14 16:20:03.030,0.8219,0.8221,2.37,1.13
2013.05.14 16:20:03.159,0.82192,0.8221,1.50,1.13
2013.05.14 16:20:03.609,0.82193,0.8221,1.50,1.13
2013.05.14 16:20:03.678,0.82193,0.82212,2.25,1.50
2013.05.14 16:20:03.738,0.82193,0.82213,3.00,1.13
2013.05.14 16:20:04.327,0.82195,0.82215,1.50,1.88
2013.05.14 16:20:04.857,0.82195,0.82215,1.50,1.88
2013.05.14 16:20:05.038,0.82195,0.82215,1.50,1.88
2013.05.14 16:20:05.489,0.82194,0.82215,1.50,1.88
2013.05.14 16:20:05.830,0.82194,0.82215,2.25,1.13
2013.05.14 16:20:06.318,0.82195,0.82214,1.50,1.50
2013.05.14 16:20:07.528,0.82195,0.82213,1.50,1.50
2013.05.14 16:20:09.528,0.82195,0.82214,1.50,1.50
2013.05.14 16:20:12.188,0.82195,0.8221,1.50,1.50
2013.05.14 16:20:17.908,0.82192,0.82211,1.50,1.50
2013.05.14 16:20:18.615,0.82192,0.82211,1.50,1.50
2013.05.14 16:20:27.908,0.82191,0.82209,3.75,1.50
2013.05.14 16:20:27.968,0.82191,0.82208,3.00,1.50
2013.05.14 16:20:28.179,0.82191,0.82208,2.25,1.50
2013.05.14 16:20:28.487,0.82189,0.82209,1.58,1.50
2013.05.14 16:20:29.028,0.82188,0.82208,1.13,1.50
2013.05.14 16:20:29.578,0.82187,0.82206,1.58,1.50
2013.05.14 16:20:32.208,0.82187,0.82204,2.25,1.50
2013.05.14 16:20:34.028,0.82187,0.82204,3.00,1.50
2013.05.14 16:20:37.498,0.82188,0.82207,1.50,2.25
2013.05.14 16:20:40.287,0.82191,0.82208,1.50,1.50
2013.05.14 16:20:40.836,0.82191,0.82206,1.50,1.50
2013.05.14 16:20:42.758,0.82193,0.82208,1.50,1.50
2013.05.14 16:20:42.818,0.82193,0.82209,1.50,1.50
2013.05.14 16:20:49.128,0.82194,0.82209,1.50,1.50
2013.05.14 16:21:00.884,0.82194,0.82209,1.50,1.50
2013.05.14 16:21:01.440,0.82193,0.82209,2.25,1.50
2013.05.14 16:21:10.037,0.82193,0.82212,2.25,2.25
2013.05.14 16:21:10.157,0.82193,0.82212,2.25,2.25
2013.05.14 16:21:12.959,0.82195,0.82212,2.25,1.50
2013.05.14 16:21:13.268,0.82195,0.82211,1.50,1.50
2013.05.14 16:21:13.868,0.82195,0.8221,1.50,1.50
2013.05.14 16:21:21.858,0.82195,0.8221,1.50,1.50
2013.05.14 16:21:32.867,0.82195,0.8221,1.50,1.50
2013.05.14 16:21:34.908,0.82195,0.8221,1.50,1.50
2013.05.14 16:21:52.558,0.82192,0.82208,1.50,1.50
2013.05.14 16:21:52.618,0.82191,0.82208,1.50,1.50
2013.05.14 16:21:52.749,0.8219,0.82206,1.50,1.50
2013.05.14 16:21:52.818,0.82189,0.82205,1.13,1.50
2013.05.14 16:21:53.120,0.82181,0.82196,2.25,1.50
2013.05.14 16:21:53.368,0.82179,0.82197,3.75,2.25
2013.05.14 16:21:53.789,0.82179,0.82192,1.50,2.25
2013.05.14 16:21:53.918,0.82176,0.82192,1.50,1.50
2013.05.14 16:21:54.099,0.82176,0.82196,1.50,1.50
2013.05.14 16:21:54.169,0.82176,0.82195,2.25,1.50
2013.05.14 16:21:54.478,0.82177,0.82193,1.50,2.25
2013.05.14 16:21:54.718,0.82178,0.82196,1.50,1.50
2013.05.14 16:21:54.778,0.82178,0.82196,1.50,1.50
2013.05.14 16:21:55.377,0.82177,0.82196,2.25,1.50
2013.05.14 16:21:55.437,0.82177,0.82195,1.50,2.25
2013.05.14 16:21:55.977,0.82176,0.82191,1.50,1.50
2013.05.14 16:22:00.269,0.82172,0.82191,5.25,1.50
2013.05.14 16:22:02.190,0.82175,0.82191,2.25,2.25
2013.05.14 16:22:13.579,0.82175,0.82191,2.25,1.50
2013.05.14 16:22:13.709,0.82178,0.82191,1.50,1.50
2013.05.14 16:22:13.898,0.8218,0.82195,1.50,2.25
2013.05.14 16:22:14.438,0.82179,0.82195,1.50,1.50
2013.05.14 16:22:16.943,0.82179,0.82195,2.25,1.50
2013.05.14 16:22:19.218,0.82179,0.82195,1.50,1.50
2013.05.14 16:22:19.579,0.82177,0.82191,1.50,1.50
2013.05.14 16:22:20.099,0.82175,0.82191,1.50,1.50
2013.05.14 16:22:20.608,0.82174,0.82191,1.50,1.50
2013.05.14 16:22:21.758,0.82175,0.8219,1.50,1.50
2013.05.14 16:22:25.308,0.82173,0.8219,1.50,2.25
2013.05.14 16:22:25.369,0.82173,0.82189,1.50,1.50
2013.05.14 16:22:26.511,0.82168,0.82187,2.70,1.50
2013.05.14 16:22:26.841,0.82167,0.82183,2.33,1.50
2013.05.14 16:22:27.261,0.82168,0.82183,1.05,1.50
2013.05.14 16:22:28.588,0.82168,0.82183,1.05,2.25
2013.05.14 16:22:32.647,0.82169,0.82181,1.05,1.50
2013.05.14 16:22:40.199,0.82162,0.82179,4.62,1.50
2013.05.14 16:22:40.280,0.82161,0.82179,2.93,1.50
2013.05.14 16:22:41.260,0.82161,0.82176,1.62,1.50
2013.05.14 16:22:41.332,0.82161,0.82176,1.50,1.50
2013.05.14 16:22:41.742,0.82159,0.82176,2.25,1.50
2013.05.14 16:22:41.881,0.82157,0.82175,3.00,1.50
2013.05.14 16:22:42.195,0.82154,0.82171,2.25,1.50
2013.05.14 16:22:42.320,0.82154,0.82173,1.62,3.38
2013.05.14 16:22:42.709,0.82156,0.82168,1.50,1.50
2013.05.14 16:22:43.188,0.82152,0.82168,1.62,1.50
2013.05.14 16:22:43.388,0.82152,0.82168,1.62,1.50
2013.05.14 16:22:43.849,0.82152,0.82168,1.62,1.50
2013.05.14 16:22:48.394,0.82153,0.82167,1.62,1.50
2013.05.14 16:22:48.579,0.82152,0.82168,2.37,2.25
2013.05.14 16:22:49.369,0.82151,0.82168,2.25,2.25
2013.05.14 16:22:49.889,0.8215,0.82167,1.50,1.50
2013.05.14 16:22:50.407,0.8215,0.82167,1.50,1.50
2013.05.14 16:22:50.728,0.8215,0.82167,1.50,1.50
2013.05.14 16:22:51.110,0.82151,0.82167,1.50,1.50
2013.05.14 16:22:52.820,0.82152,0.82166,1.50,1.50
2013.05.14 16:22:53.160,0.8215,0.82166,3.00,1.50
2013.05.14 16:22:54.678,0.8215,0.82165,1.50,1.50
2013.05.14 16:22:54.754,0.82149,0.82165,1.13,1.50
2013.05.14 16:22:55.307,0.82151,0.82165,1.62,1.50
2013.05.14 16:22:55.858,0.82151,0.82165,1.62,1.50
2013.05.14 16:22:56.121,0.82152,0.82165,1.62,1.50
2013.05.14 16:22:57.241,0.82152,0.82165,2.37,1.50
2013.05.14 16:22:58.362,0.82152,0.82165,3.00,1.50
2013.05.14 16:22:58.628,0.82152,0.82166,2.37,1.50
2013.05.14 16:22:59.109,0.82152,0.82166,1.50,1.50
2013.05.14 16:22:59.731,0.82152,0.82166,2.37,1.50
2013.05.14 16:23:02.318,0.82152,0.82166,1.62,1.50
2013.05.14 16:23:05.068,0.82153,0.82168,1.62,1.50
2013.05.14 16:23:05.128,0.82153,0.82168,1.62,1.50
2013.05.14 16:23:05.313,0.82156,0.82171,1.50,1.50
2013.05.14 16:23:05.501,0.82157,0.82172,2.25,1.50
2013.05.14 16:23:05.842,0.82164,0.82178,3.00,1.50
2013.05.14 16:23:05.989,0.82167,0.82179,1.50,1.50
2013.05.14 16:23:06.203,0.82167,0.82181,1.50,1.50
2013.05.14 16:23:06.987,0.8217,0.8218,1.50,1.50
2013.05.14 16:23:07.301,0.82174,0.82186,2.25,1.50
2013.05.14 16:23:07.618,0.82177,0.82191,2.25,1.50
2013.05.14 16:23:07.678,0.82177,0.82191,2.25,1.50
2013.05.14 16:23:07.857,0.82177,0.82191,1.50,1.50
2013.05.14 16:23:08.949,0.82177,0.82191,3.00,1.50
2013.05.14 16:23:09.476,0.82177,0.82191,3.00,1.50
2013.05.14 16:23:09.561,0.82179,0.82192,3.00,1.50
2013.05.14 16:23:10.958,0.82179,0.82192,2.25,1.50
2013.05.14 16:23:11.199,0.82179,0.82198,2.25,3.08
2013.05.14 16:23:11.330,0.8218,0.82198,1.50,2.25
2013.05.14 16:23:11.518,0.82181,0.822,1.50,3.38
2013.05.14 16:23:11.578,0.82183,0.822,1.50,2.63
2013.05.14 16:23:11.638,0.82184,0.822,2.25,1.88
2013.05.14 16:23:12.538,0.82186,0.82203,1.50,1.50
2013.05.14 16:23:14.439,0.82189,0.82203,1.50,1.50
2013.05.14 16:23:14.998,0.82188,0.82202,1.50,1.50
2013.05.14 16:23:18.749,0.8219,0.8221,2.25,2.25
2013.05.14 16:23:19.067,0.82191,0.8221,2.25,1.50
2013.05.14 16:23:19.632,0.82191,0.8221,2.25,1.50
2013.05.14 16:23:20.591,0.82191,0.8221,1.50,1.50
2013.05.14 16:23:21.098,0.82191,0.8221,3.00,1.50
2013.05.14 16:23:22.258,0.82194,0.8221,1.50,1.50
2013.05.14 16:23:22.621,0.82196,0.82212,1.50,1.50
2013.05.14 16:23:27.089,0.82196,0.82212,1.50,1.50
2013.05.14 16:23:29.428,0.82196,0.82211,1.50,1.50
2013.05.14 16:23:29.940,0.82195,0.82211,2.25,1.50
2013.05.14 16:23:34.149,0.82195,0.8221,1.50,1.50
2013.05.14 16:23:42.219,0.82196,0.82212,1.50,1.50
2013.05.14 16:23:42.535,0.82197,0.82212,1.50,1.50
2013.05.14 16:23:43.094,0.82196,0.8221,1.50,1.50
2013.05.14 16:23:43.589,0.82198,0.82214,1.50,1.50
2013.05.14 16:23:43.659,0.82198,0.82214,1.88,1.50
2013.05.14 16:23:43.729,0.82202,0.82218,2.25,1.50
2013.05.14 16:23:43.860,0.82202,0.82218,3.00,1.50
2013.05.14 16:23:43.930,0.82202,0.8222,3.00,2.25
2013.05.14 16:23:44.479,0.82203,0.82221,1.50,1.50
2013.05.14 16:23:44.808,0.82202,0.82221,3.00,1.50
2013.05.14 16:23:45.778,0.82205,0.82221,1.50,1.50
2013.05.14 16:23:47.926,0.82204,0.82221,1.50,1.50
2013.05.14 16:23:49.719,0.82204,0.8222,1.50,2.25
2013.05.14 16:23:50.029,0.82204,0.82217,1.50,1.50
2013.05.14 16:23:50.100,0.82204,0.82217,1.50,1.50
2013.05.14 16:24:04.368,0.82202,0.82216,1.50,2.25
2013.05.14 16:24:04.730,0.822,0.82216,3.75,2.25
2013.05.14 16:24:04.859,0.822,0.82216,3.00,2.25
2013.05.14 16:24:04.978,0.82197,0.82216,3.00,3.00
2013.05.14 16:24:05.039,0.82197,0.82215,2.25,2.25
2013.05.14 16:24:05.108,0.82197,0.82211,2.25,1.13
2013.05.14 16:24:05.410,0.82191,0.82206,1.50,1.50
2013.05.14 16:24:05.478,0.8219,0.82206,2.25,1.50
2013.05.14 16:24:05.990,0.82188,0.82206,1.50,1.50
2013.05.14 16:24:12.928,0.8219,0.82205,1.50,1.50
2013.05.14 16:24:16.869,0.82188,0.82205,1.50,1.50
2013.05.14 16:24:16.990,0.82188,0.82204,1.50,1.50
2013.05.14 16:24:17.060,0.82187,0.82203,1.50,1.50
2013.05.14 16:24:17.248,0.82184,0.82203,3.00,1.50
2013.05.14 16:24:18.450,0.82182,0.82198,3.00,1.50
2013.05.14 16:24:19.258,0.82178,0.82192,1.50,1.35
2013.05.14 16:24:19.339,0.82165,0.82182,1.13,1.50
2013.05.14 16:24:19.599,0.82163,0.82182,1.50,1.50
2013.05.14 16:24:21.819,0.82161,0.82181,1.50,1.50
2013.05.14 16:24:24.279,0.82162,0.82182,1.69,2.25
2013.05.14 16:24:24.828,0.82163,0.8218,1.05,1.50
2013.05.14 16:24:24.950,0.82163,0.8218,1.80,1.50
2013.05.14 16:24:25.500,0.82165,0.82181,1.50,1.50
2013.05.14 16:24:26.949,0.82166,0.82181,1.50,1.50
2013.05.14 16:24:49.997,0.82167,0.82183,1.69,2.25
2013.05.14 16:24:54.099,0.82167,0.82182,1.50,1.50
2013.05.14 16:24:54.579,0.82167,0.82181,1.50,1.50
2013.05.14 16:24:55.188,0.82165,0.82181,1.50,1.50
2013.05.14 16:25:03.318,0.82165,0.8218,1.50,1.50
2013.05.14 16:25:35.080,0.82164,0.82179,1.50,1.50
2013.05.14 16:25:35.209,0.82161,0.82178,1.50,1.50
2013.05.14 16:25:39.508,0.82161,0.82177,1.50,1.50
2013.05.14 16:25:39.748,0.82158,0.82176,3.38,2.25
2013.05.14 16:25:39.929,0.82158,0.82175,1.50,1.50
2013.05.14 16:25:40.262,0.82154,0.8217,2.44,1.50
2013.05.14 16:25:40.466,0.82153,0.8217,1.50,2.63
2013.05.14 16:25:40.601,0.82153,0.82168,1.50,1.35
2013.05.14 16:25:40.921,0.82148,0.82162,1.13,1.50
2013.05.14 16:25:41.049,0.82148,0.82162,1.13,1.50
2013.05.14 16:25:42.479,0.82145,0.82162,1.50,1.50
2013.05.14 16:25:42.998,0.82142,0.82162,1.50,1.50
2013.05.14 16:25:43.399,0.82142,0.82162,1.50,1.50
2013.05.14 16:25:43.960,0.82142,0.82162,2.25,1.50
2013.05.14 16:25:44.159,0.82142,0.82162,2.25,1.50
2013.05.14 16:25:45.469,0.82142,0.82162,2.25,1.50
2013.05.14 16:25:45.659,0.82142,0.82162,2.25,1.50
2013.05.14 16:25:46.168,0.82142,0.82161,3.00,1.50
2013.05.14 16:25:48.468,0.82142,0.82161,3.00,1.50
2013.05.14 16:25:54.174,0.82142,0.82159,2.25,1.50
2013.05.14 16:25:54.240,0.82142,0.82159,2.25,2.25
2013.05.14 16:25:54.548,0.82141,0.82156,2.25,1.50
2013.05.14 16:25:54.610,0.82141,0.82158,2.25,2.25
2013.05.14 16:25:54.680,0.82141,0.82155,2.25,1.50
2013.05.14 16:25:54.810,0.82137,0.82153,1.32,2.25
2013.05.14 16:25:54.880,0.82136,0.82153,2.07,2.25
2013.05.14 16:25:55.192,0.82135,0.82147,1.13,1.50
2013.05.14 16:25:55.391,0.8213,0.82146,1.13,1.50
2013.05.14 16:25:55.460,0.8213,0.82144,1.13,1.50
2013.05.14 16:25:55.709,0.82122,0.82143,2.37,2.10
2013.05.14 16:25:55.978,0.82121,0.82138,1.50,1.50
2013.05.14 16:25:56.047,0.82121,0.82137,1.50,1.50
2013.05.14 16:25:56.169,0.82121,0.82135,1.50,1.50
2013.05.14 16:25:56.588,0.82119,0.82135,1.62,1.50
2013.05.14 16:25:56.650,0.82121,0.82135,1.50,1.50
2013.05.14 16:25:58.400,0.82117,0.82134,1.50,1.50
2013.05.14 16:25:58.987,0.82117,0.82134,1.62,1.50
2013.05.14 16:26:00.190,0.82117,0.82134,1.62,1.50
2013.05.14 16:26:00.378,0.82118,0.82133,1.50,1.50
2013.05.14 16:26:00.880,0.82116,0.82133,2.25,1.50
2013.05.14 16:26:01.358,0.82117,0.82132,1.50,1.50
2013.05.14 16:26:04.761,0.82118,0.82135,1.50,1.50
2013.05.14 16:26:04.891,0.8212,0.82135,1.50,1.50
2013.05.14 16:26:05.200,0.82118,0.82135,1.50,1.50
2013.05.14 16:26:05.270,0.82123,0.82137,1.50,1.50
2013.05.14 16:26:05.711,0.82121,0.8214,2.25,2.48
2013.05.14 16:26:06.021,0.82123,0.8214,2.25,1.50
2013.05.14 16:26:06.089,0.82125,0.8214,1.50,1.50
2013.05.14 16:26:07.425,0.82123,0.8214,1.50,1.50
2013.05.14 16:26:07.939,0.82125,0.8214,2.25,1.50
2013.05.14 16:26:08.819,0.82125,0.8214,1.50,1.50
2013.05.14 16:26:10.040,0.82125,0.8214,2.25,1.50
2013.05.14 16:26:10.174,0.82125,0.8214,1.50,1.50
2013.05.14 16:26:10.521,0.82125,0.82141,2.25,1.50
2013.05.14 16:26:10.934,0.82125,0.82141,1.50,1.50
2013.05.14 16:26:13.093,0.82125,0.82141,2.25,1.50
2013.05.14 16:26:31.651,0.82126,0.82142,1.50,1.50
2013.05.14 16:26:31.780,0.82128,0.82143,1.50,1.50
2013.05.14 16:26:31.851,0.82128,0.82146,1.50,1.50
2013.05.14 16:26:31.921,0.82129,0.82148,1.50,1.50
2013.05.14 16:26:32.168,0.82132,0.82149,1.50,1.50
2013.05.14 16:26:32.560,0.82132,0.82148,2.25,1.50
2013.05.14 16:26:32.688,0.82132,0.82149,2.25,1.50
2013.05.14 16:26:32.750,0.82133,0.82151,1.50,1.50
2013.05.14 16:26:33.261,0.82134,0.82151,1.50,1.50
2013.05.14 16:26:33.800,0.82133,0.82151,3.00,1.50
2013.05.14 16:26:35.069,0.82133,0.82151,3.00,1.50
2013.05.14 16:26:39.873,0.82134,0.82151,2.25,1.50
2013.05.14 16:26:39.939,0.82134,0.82151,2.25,1.50
2013.05.14 16:26:40.338,0.82135,0.82151,1.50,1.50
2013.05.14 16:26:41.589,0.82134,0.82151,2.25,1.50
2013.05.14 16:26:42.198,0.82134,0.82151,3.75,1.50
2013.05.14 16:26:43.101,0.82137,0.82151,1.50,1.50
2013.05.14 16:26:43.419,0.82139,0.82156,1.50,1.50
2013.05.14 16:26:43.720,0.82142,0.82157,1.50,1.50
2013.05.14 16:26:43.849,0.82142,0.8216,3.00,1.88
2013.05.14 16:26:44.101,0.82144,0.8216,2.25,1.88
2013.05.14 16:26:44.418,0.82145,0.8216,1.50,1.50
2013.05.14 16:26:44.718,0.82144,0.8216,3.00,1.50
2013.05.14 16:26:45.749,0.82146,0.8216,1.50,1.50
2013.05.14 16:26:46.307,0.82146,0.82161,1.50,1.50
2013.05.14 16:26:46.877,0.82146,0.82161,2.25,1.50
2013.05.14 16:26:47.428,0.82147,0.82162,1.50,1.50
2013.05.14 16:26:47.491,0.82147,0.82165,3.00,2.25
2013.05.14 16:26:47.560,0.82148,0.82165,1.50,1.50
2013.05.14 16:26:47.748,0.8215,0.82163,1.50,1.50
2013.05.14 16:26:47.990,0.8215,0.82165,1.13,1.50
2013.05.14 16:26:48.060,0.8215,0.82167,1.88,1.50
2013.05.14 16:26:48.130,0.8215,0.82167,3.38,1.50
2013.05.14 16:26:48.201,0.82151,0.8217,1.50,1.50
2013.05.14 16:26:48.330,0.82155,0.8217,1.50,1.50
2013.05.14 16:26:49.322,0.82158,0.8217,2.25,1.50
2013.05.14 16:26:49.413,0.82162,0.82181,3.00,1.88
2013.05.14 16:26:53.502,0.82162,0.82181,3.00,1.50
2013.05.14 16:27:08.469,0.82162,0.82177,2.25,1.50
2013.05.14 16:27:12.650,0.82159,0.82177,2.25,2.25
2013.05.14 16:27:12.840,0.82158,0.82172,1.13,1.50
2013.05.14 16:27:13.349,0.82157,0.82171,1.50,1.50
2013.05.14 16:27:13.560,0.82154,0.82171,1.50,1.50
2013.05.14 16:27:23.242,0.82153,0.8217,1.50,1.50
2013.05.14 16:27:23.610,0.82151,0.82169,3.00,1.50
2013.05.14 16:27:23.679,0.82151,0.82167,2.25,1.50
2013.05.14 16:27:23.749,0.82151,0.82163,2.25,1.50
2013.05.14 16:27:23.870,0.82148,0.82163,1.50,1.50
2013.05.14 16:27:23.999,0.82146,0.82163,1.50,1.50
2013.05.14 16:27:24.238,0.82144,0.82163,1.50,3.00
2013.05.14 16:27:30.229,0.82144,0.8216,1.50,1.50
2013.05.14 16:28:17.507,0.82144,0.82157,1.50,1.50
2013.05.14 16:28:17.868,0.8214,0.82157,3.75,1.50
2013.05.14 16:28:17.927,0.8214,0.82159,1.50,1.50
2013.05.14 16:28:18.108,0.82139,0.82156,1.88,1.50
2013.05.14 16:28:18.168,0.82137,0.82156,1.50,1.50
2013.05.14 16:28:18.597,0.82133,0.82155,3.00,2.25
2013.05.14 16:28:18.656,0.82132,0.82154,2.25,1.50
2013.05.14 16:28:23.379,0.82133,0.82151,1.50,1.50
2013.05.14 16:28:24.746,0.82133,0.82151,1.50,1.50
2013.05.14 16:28:40.697,0.82134,0.82153,1.50,1.50
2013.05.14 16:28:40.816,0.82135,0.82155,1.50,1.50
2013.05.14 16:28:40.997,0.82136,0.82155,1.50,1.50
2013.05.14 16:28:41.237,0.82136,0.82156,2.63,1.50
2013.05.14 16:28:43.249,0.82138,0.82158,3.38,1.50
2013.05.14 16:28:46.765,0.82138,0.82158,2.25,1.50
2013.05.14 16:28:47.200,0.82142,0.82158,2.25,1.50
2013.05.14 16:28:47.567,0.82139,0.82158,1.50,1.50
2013.05.14 16:28:48.126,0.82139,0.82157,1.50,1.50
2013.05.14 16:28:48.258,0.82138,0.82157,2.25,1.50
2013.05.14 16:28:49.218,0.82139,0.82158,1.50,1.50
2013.05.14 16:28:49.817,0.82139,0.82158,1.50,1.50
2013.05.14 16:28:49.937,0.82138,0.82158,3.00,1.50
2013.05.14 16:28:49.998,0.82142,0.82158,1.50,1.50
2013.05.14 16:28:51.147,0.82142,0.82159,2.25,1.50
2013.05.14 16:28:52.682,0.82142,0.8216,1.50,1.50
2013.05.14 16:28:55.227,0.82142,0.82161,1.50,1.50
2013.05.14 16:28:56.678,0.82142,0.82161,2.25,1.88
2013.05.14 16:28:58.139,0.82143,0.8216,1.50,1.50
2013.05.14 16:29:08.090,0.82142,0.8216,2.25,1.50
2013.05.14 16:29:13.197,0.82143,0.82159,2.25,1.50
2013.05.14 16:29:22.278,0.82143,0.82161,2.25,1.50
2013.05.14 16:29:27.447,0.82143,0.8216,2.25,1.50
2013.05.14 16:29:27.626,0.82143,0.82163,3.00,3.00
2013.05.14 16:29:28.176,0.82143,0.82163,3.00,1.50
2013.05.14 16:29:31.287,0.82145,0.82163,1.50,1.50
2013.05.14 16:29:33.259,0.82145,0.82162,1.50,1.50
2013.05.14 16:29:33.947,0.82146,0.82162,1.50,1.50
2013.05.14 16:29:39.614,0.82146,0.82163,1.50,1.50
2013.05.14 16:29:39.677,0.82153,0.82163,2.25,1.50
2013.05.14 16:29:39.798,0.82153,0.8217,2.25,2.10
2013.05.14 16:29:39.918,0.82157,0.82171,2.25,1.50
2013.05.14 16:29:40.098,0.82157,0.82174,3.75,1.65
2013.05.14 16:29:40.577,0.82157,0.82176,4.13,2.25
2013.05.14 16:29:41.428,0.82158,0.82176,2.25,2.25
2013.05.14 16:29:42.805,0.82158,0.82175,2.25,1.50
2013.05.14 16:29:46.777,0.82157,0.82176,1.50,1.50
2013.05.14 16:29:46.957,0.82157,0.82176,2.25,1.50
2013.05.14 16:29:53.833,0.82157,0.8217,1.50,1.50
2013.05.14 16:29:53.909,0.82146,0.82166,2.33,1.88
2013.05.14 16:29:54.038,0.82144,0.82166,2.63,2.63
2013.05.14 16:29:54.279,0.82144,0.82165,1.13,2.25
2013.05.14 16:29:55.825,0.82144,0.82164,1.13,1.50
2013.05.14 16:29:57.988,0.82143,0.82163,1.50,1.50
2013.05.14 16:29:59.649,0.82144,0.82163,1.50,1.50
2013.05.14 16:30:01.038,0.82143,0.82163,1.50,1.50
2013.05.14 16:30:01.159,0.8214,0.82161,3.00,1.50
2013.05.14 16:30:01.219,0.8214,0.82158,2.25,2.10
2013.05.14 16:30:01.458,0.8214,0.82158,1.50,2.10
2013.05.14 16:30:03.058,0.82139,0.82157,1.50,1.35
2013.05.14 16:30:03.779,0.82137,0.82157,1.50,1.35
2013.05.14 16:30:04.948,0.82137,0.82157,1.50,1.35
2013.05.14 16:30:05.620,0.82136,0.82157,4.50,2.10
2013.05.14 16:30:06.724,0.82137,0.82157,1.50,1.35
2013.05.14 16:30:07.467,0.82137,0.82157,2.25,1.35
2013.05.14 16:30:11.397,0.82139,0.82157,1.50,1.35
2013.05.14 16:31:04.427,0.82139,0.82157,1.50,1.54
2013.05.14 16:31:08.926,0.82136,0.82157,3.13,1.54
2013.05.14 16:31:10.347,0.82136,0.82156,1.94,1.77
2013.05.14 16:31:10.407,0.82136,0.82156,2.69,1.84
2013.05.14 16:31:10.709,0.82135,0.82154,2.01,3.34
2013.05.14 16:31:11.017,0.82136,0.82154,1.75,2.52
2013.05.14 16:31:11.557,0.82136,0.82152,1.69,1.13
2013.05.14 16:31:11.677,0.82136,0.82155,1.69,1.77
2013.05.14 16:31:12.038,0.82137,0.82155,3.38,1.69
2013.05.14 16:31:13.263,0.82138,0.82158,2.25,1.69
2013.05.14 16:31:13.808,0.82138,0.82159,2.25,1.69
2013.05.14 16:31:14.239,0.82138,0.82159,2.25,1.69
2013.05.14 16:31:15.381,0.82139,0.82159,1.50,1.50
2013.05.14 16:31:17.673,0.82138,0.82158,1.88,1.50
2013.05.14 16:31:39.165,0.82139,0.82159,1.50,3.68
2013.05.14 16:31:39.289,0.82139,0.82158,1.50,1.50
2013.05.14 16:31:51.777,0.82139,0.82159,2.25,2.33
2013.05.14 16:31:57.128,0.82139,0.82159,3.00,2.25
2013.05.14 16:32:12.949,0.82139,0.82157,1.50,1.50
2013.05.14 16:32:13.994,0.82139,0.82157,1.50,1.50
2013.05.14 16:32:15.667,0.82136,0.82157,2.82,1.95
2013.05.14 16:32:16.188,0.82136,0.8215,2.07,1.50
2013.05.14 16:32:16.428,0.82136,0.82156,1.88,1.58
2013.05.14 16:32:16.548,0.82138,0.82155,1.50,1.13
2013.05.14 16:32:16.908,0.82132,0.82155,2.25,2.48
2013.05.14 16:32:17.088,0.82134,0.82155,1.50,1.80
2013.05.14 16:32:17.209,0.82135,0.82155,1.50,1.80
2013.05.14 16:32:17.388,0.82136,0.82155,3.75,1.73
2013.05.14 16:32:17.929,0.82138,0.82158,1.88,1.72
2013.05.14 16:32:19.549,0.82139,0.82157,1.50,1.12
2013.05.14 16:32:20.097,0.82138,0.82158,2.63,1.72
2013.05.14 16:32:21.487,0.82139,0.82158,1.50,1.35
2013.05.14 16:32:22.012,0.82139,0.82158,1.50,1.35
2013.05.14 16:32:36.407,0.82139,0.82158,1.50,1.35
2013.05.14 16:32:36.938,0.82138,0.82158,2.63,1.35
2013.05.14 16:32:39.011,0.82137,0.82157,3.38,2.33
2013.05.14 16:32:39.141,0.82137,0.82154,3.38,1.58
2013.05.14 16:32:39.459,0.82136,0.82149,1.50,2.10
2013.05.14 16:32:39.521,0.82136,0.82152,1.50,1.13
2013.05.14 16:32:39.722,0.82135,0.82149,1.50,2.14
2013.05.14 16:32:40.031,0.82137,0.82147,2.25,2.85
2013.05.14 16:32:40.269,0.82134,0.82147,1.50,2.85
2013.05.14 16:32:40.747,0.82128,0.82146,1.50,1.43
2013.05.14 16:32:41.468,0.82126,0.82138,1.13,2.85
2013.05.14 16:32:41.588,0.82122,0.82138,3.75,4.35
2013.05.14 16:32:42.588,0.82124,0.82138,1.50,4.35
2013.05.14 16:32:43.151,0.82124,0.82138,1.50,4.35
2013.05.14 16:32:43.380,0.82124,0.82138,1.50,4.35
2013.05.14 16:32:44.041,0.82124,0.82138,1.50,4.35
2013.05.14 16:32:44.551,0.82121,0.82137,1.50,1.35
2013.05.14 16:32:45.927,0.82119,0.82137,2.25,1.35
2013.05.14 16:32:47.499,0.82121,0.82137,1.50,1.35
2013.05.14 16:32:47.679,0.82121,0.82136,2.63,2.25
2013.05.14 16:32:47.738,0.82122,0.82141,2.25,2.25
2013.05.14 16:32:48.098,0.82124,0.82141,2.25,1.58
2013.05.14 16:32:48.418,0.82124,0.82142,2.25,1.50
2013.05.14 16:32:48.541,0.82124,0.82143,1.50,3.53
2013.05.14 16:32:49.193,0.82123,0.82141,1.50,2.78
2013.05.14 16:32:49.380,0.82121,0.8214,2.25,1.58
2013.05.14 16:32:49.628,0.82122,0.82138,1.50,2.25
2013.05.14 16:32:49.870,0.8212,0.82138,2.25,2.25
2013.05.14 16:32:50.526,0.82119,0.82138,2.63,2.25
2013.05.14 16:32:51.038,0.82119,0.82138,2.63,2.25
2013.05.14 16:32:51.778,0.82119,0.82136,1.50,1.50
2013.05.14 16:32:51.957,0.82118,0.82135,1.50,1.50
2013.05.14 16:32:53.408,0.82118,0.82137,2.25,3.60
2013.05.14 16:32:53.968,0.82118,0.82137,2.25,3.60
2013.05.14 16:32:54.027,0.82118,0.82137,2.25,3.60
2013.05.14 16:33:00.799,0.82115,0.82129,1.50,1.50
2013.05.14 16:33:01.158,0.82115,0.82129,1.50,2.25
2013.05.14 16:33:01.878,0.82114,0.82129,1.13,1.50
2013.05.14 16:33:03.064,0.82113,0.82129,1.50,1.50
2013.05.14 16:33:04.880,0.82113,0.82129,1.50,1.50
2013.05.14 16:33:08.708,0.82114,0.82132,2.25,2.44
2013.05.14 16:33:09.035,0.82114,0.82131,2.25,1.69
2013.05.14 16:33:10.618,0.82114,0.82126,1.50,1.50
2013.05.14 16:33:10.919,0.82108,0.82119,1.50,1.50
2013.05.14 16:33:11.158,0.82104,0.82119,1.50,1.69
2013.05.14 16:33:11.279,0.82102,0.82119,1.88,1.69
2013.05.14 16:33:12.248,0.82102,0.82119,1.88,1.69
2013.05.14 16:33:17.170,0.82102,0.82119,1.50,2.44
2013.05.14 16:33:20.969,0.82103,0.82118,1.50,2.25
2013.05.14 16:33:24.868,0.82104,0.8212,1.50,1.69
2013.05.14 16:33:25.408,0.82104,0.8212,2.25,1.88
2013.05.14 16:33:26.949,0.82105,0.8212,1.50,1.69
2013.05.14 16:33:27.968,0.82104,0.8212,1.50,1.88
2013.05.14 16:33:28.509,0.82102,0.82119,1.50,1.54
2013.05.14 16:33:29.078,0.82102,0.82119,1.50,1.54
2013.05.14 16:33:29.274,0.82102,0.82119,1.50,1.54
2013.05.14 16:33:29.698,0.82103,0.82119,1.50,1.62
2013.05.14 16:33:30.194,0.82101,0.82118,1.50,1.13
2013.05.14 16:33:32.228,0.821,0.82118,1.50,1.13
2013.05.14 16:33:34.063,0.821,0.82118,1.50,1.13
2013.05.14 16:33:35.328,0.821,0.82118,1.50,1.32
2013.05.14 16:33:38.378,0.82101,0.82118,1.50,1.32
2013.05.14 16:33:41.607,0.821,0.82118,2.25,1.32
2013.05.14 16:33:50.127,0.821,0.82118,1.50,1.32
2013.05.14 16:33:50.786,0.821,0.82118,2.25,1.32
2013.05.14 16:33:51.307,0.821,0.82118,1.50,1.32
2013.05.14 16:33:51.880,0.821,0.82118,1.50,1.32
2013.05.14 16:33:56.790,0.82099,0.82118,3.75,1.13
2013.05.14 16:33:57.394,0.821,0.82118,1.50,1.13
2013.05.14 16:33:57.898,0.821,0.82118,1.50,1.13
2013.05.14 16:34:05.668,0.82099,0.82118,3.00,1.13
2013.05.14 16:34:06.821,0.82099,0.82118,3.00,1.13
2013.05.14 16:34:07.338,0.82099,0.82118,3.75,1.13
2013.05.14 16:34:16.247,0.82099,0.82119,2.25,1.20
2013.05.14 16:34:17.527,0.82099,0.82119,2.25,1.88
2013.05.14 16:34:18.009,0.82099,0.82117,2.25,1.50
2013.05.14 16:34:18.499,0.82099,0.82117,2.25,1.50
2013.05.14 16:34:18.557,0.82099,0.82117,3.00,1.50
2013.05.14 16:34:20.150,0.82099,0.82117,3.00,1.50
2013.05.14 16:34:20.688,0.82099,0.82117,2.25,1.50
2013.05.14 16:34:21.287,0.82099,0.82117,2.25,1.50
2013.05.14 16:34:21.899,0.82099,0.82117,2.25,1.69
2013.05.14 16:34:22.517,0.82099,0.82117,3.00,1.69
2013.05.14 16:34:23.058,0.82099,0.82117,3.00,1.69
2013.05.14 16:34:25.570,0.82099,0.82117,2.25,1.69
2013.05.14 16:34:25.627,0.82099,0.82117,2.25,1.69
2013.05.14 16:34:26.490,0.821,0.82117,1.50,1.69
2013.05.14 16:34:27.048,0.82099,0.82117,2.25,1.69
2013.05.14 16:34:27.588,0.82099,0.82117,2.25,1.69
2013.05.14 16:34:28.107,0.82099,0.82117,2.25,1.50
2013.05.14 16:34:28.885,0.82099,0.82117,2.25,1.50
2013.05.14 16:34:29.408,0.82099,0.82117,2.25,1.50
2013.05.14 16:34:29.947,0.82099,0.82117,2.25,1.50
2013.05.14 16:34:30.622,0.82099,0.82117,2.25,1.50
2013.05.14 16:34:31.135,0.82099,0.82117,2.25,1.50
2013.05.14 16:34:33.427,0.82099,0.82117,3.00,1.50
2013.05.14 16:34:33.968,0.82099,0.82116,2.25,2.25
2013.05.14 16:34:35.139,0.82099,0.82113,1.50,1.50
2013.05.14 16:34:35.750,0.82097,0.82113,2.25,1.50
2013.05.14 16:34:36.059,0.82096,0.8211,1.50,1.50
2013.05.14 16:34:36.179,0.82094,0.82111,1.50,1.35
2013.05.14 16:34:36.729,0.82094,0.82114,1.50,1.50
2013.05.14 16:34:36.909,0.82093,0.82114,1.88,2.25
2013.05.14 16:34:37.090,0.82094,0.82113,1.50,1.50
2013.05.14 16:34:38.380,0.82093,0.82114,2.25,1.88
2013.05.14 16:34:40.999,0.82093,0.82114,2.25,1.88
2013.05.14 16:34:41.588,0.82094,0.82114,1.50,1.88
2013.05.14 16:34:41.708,0.82097,0.82114,1.50,1.88
2013.05.14 16:34:43.528,0.82096,0.82114,1.50,1.88
2013.05.14 16:34:44.021,0.82098,0.82114,1.50,1.50
2013.05.14 16:34:44.661,0.82101,0.82114,1.50,1.50
2013.05.14 16:34:44.737,0.82102,0.82115,2.25,1.73
2013.05.14 16:34:44.949,0.82102,0.82115,2.25,1.73
2013.05.14 16:34:45.892,0.82102,0.82115,2.25,1.73
2013.05.14 16:34:46.090,0.82102,0.82115,1.50,1.35
2013.05.14 16:34:46.280,0.821,0.82115,3.75,1.35
2013.05.14 16:34:46.708,0.82102,0.82115,1.50,1.35
2013.05.14 16:34:46.891,0.82101,0.82115,2.25,1.35
2013.05.14 16:34:47.405,0.82101,0.82115,2.25,1.35
2013.05.14 16:34:48.387,0.821,0.82115,2.25,1.35
2013.05.14 16:34:48.919,0.82102,0.82115,1.50,1.35
2013.05.14 16:34:50.197,0.821,0.82115,2.25,1.35
2013.05.14 16:34:57.201,0.82102,0.82115,1.50,2.10
2013.05.14 16:34:57.748,0.82101,0.82115,1.50,1.35
2013.05.14 16:34:58.269,0.82102,0.82115,1.50,1.35
2013.05.14 16:34:58.897,0.82101,0.82115,1.50,1.35
2013.05.14 16:34:59.899,0.82102,0.82115,1.50,1.35
2013.05.14 16:35:00.438,0.82102,0.82115,1.50,1.35
2013.05.14 16:35:00.988,0.82101,0.82115,1.50,1.35
2013.05.14 16:35:01.868,0.82101,0.82115,2.25,1.35
2013.05.14 16:35:02.369,0.82101,0.82115,2.25,1.35
2013.05.14 16:35:03.101,0.821,0.82115,2.25,1.35
2013.05.14 16:35:03.229,0.82102,0.82118,1.50,3.45
2013.05.14 16:35:03.410,0.82104,0.82118,1.50,1.88
2013.05.14 16:35:03.530,0.82105,0.82119,1.50,1.13
2013.05.14 16:35:03.649,0.82104,0.8212,1.88,2.33
2013.05.14 16:35:04.360,0.82106,0.8212,2.25,1.50
2013.05.14 16:35:04.870,0.82106,0.8212,1.50,3.00
2013.05.14 16:35:05.973,0.82106,0.8212,1.50,3.00
2013.05.14 16:35:06.193,0.82101,0.82119,1.50,1.50
2013.05.14 16:35:06.559,0.82101,0.82119,1.50,1.50
2013.05.14 16:35:07.109,0.82104,0.82119,1.50,1.50
2013.05.14 16:35:07.530,0.82103,0.82119,1.50,1.50
2013.05.14 16:35:08.079,0.82103,0.82119,2.25,1.50
2013.05.14 16:35:10.335,0.82103,0.82119,1.50,2.25
2013.05.14 16:35:10.410,0.82103,0.82119,1.50,2.25
2013.05.14 16:35:10.769,0.82101,0.82119,3.00,2.25
2013.05.14 16:35:11.069,0.82102,0.82119,1.50,2.25
2013.05.14 16:35:11.189,0.82102,0.82119,1.50,2.25
2013.05.14 16:35:21.289,0.82102,0.82119,2.25,2.25
2013.05.14 16:35:31.993,0.82104,0.82119,2.63,1.50
2013.05.14 16:35:32.118,0.82106,0.82119,1.50,1.50
2013.05.14 16:35:32.600,0.82106,0.82122,3.75,2.85
2013.05.14 16:35:33.740,0.82106,0.82122,3.00,1.35
2013.05.14 16:35:34.273,0.82106,0.82122,1.50,2.85
2013.05.14 16:35:34.779,0.82105,0.82122,2.25,2.85
2013.05.14 16:35:34.959,0.82106,0.82122,1.50,2.85
2013.05.14 16:35:35.989,0.82107,0.82122,2.25,3.60
2013.05.14 16:35:36.289,0.8211,0.82124,1.50,2.85
2013.05.14 16:35:36.480,0.8211,0.82124,2.25,3.00
2013.05.14 16:35:37.063,0.82114,0.82127,2.25,2.25
2013.05.14 16:35:37.248,0.82114,0.82127,1.50,2.25
2013.05.14 16:35:37.308,0.82115,0.82127,1.50,2.25
2013.05.14 16:35:37.790,0.82118,0.82127,1.50,1.50
2013.05.14 16:35:37.848,0.82119,0.82127,3.00,1.50
2013.05.14 16:35:38.090,0.82121,0.82138,1.50,1.35
2013.05.14 16:35:38.568,0.82124,0.82139,2.25,1.50
2013.05.14 16:35:38.869,0.82127,0.82139,1.50,1.50
2013.05.14 16:35:39.111,0.82127,0.82143,1.50,1.50
2013.05.14 16:35:39.651,0.82127,0.82145,1.50,1.13
2013.05.14 16:35:39.830,0.82128,0.82146,1.50,1.50
2013.05.14 16:35:40.377,0.82132,0.82151,2.25,1.50
2013.05.14 16:35:40.450,0.82132,0.82151,1.50,1.50
2013.05.14 16:35:40.641,0.82133,0.82152,1.50,1.58
2013.05.14 16:35:40.708,0.82133,0.82154,1.50,1.99
2013.05.14 16:35:40.768,0.82133,0.82154,1.50,1.24
2013.05.14 16:35:41.009,0.82134,0.82155,1.50,1.62
2013.05.14 16:35:41.319,0.82132,0.82152,1.50,1.58
2013.05.14 16:35:41.621,0.82135,0.82152,1.50,1.50
2013.05.14 16:35:41.689,0.82135,0.82154,1.50,1.58
2013.05.14 16:35:42.251,0.82134,0.82155,2.25,1.50
2013.05.14 16:35:42.851,0.82135,0.82155,1.50,1.50
2013.05.14 16:35:44.450,0.82136,0.82155,1.50,1.50
2013.05.14 16:35:44.750,0.82133,0.82155,1.50,2.25
2013.05.14 16:35:45.122,0.82133,0.82155,1.50,2.25
2013.05.14 16:35:45.658,0.82135,0.82155,1.50,1.50
2013.05.14 16:35:45.988,0.82135,0.82155,2.25,1.50
2013.05.14 16:35:48.468,0.82137,0.82155,1.50,1.50
2013.05.14 16:35:49.470,0.82136,0.82155,1.50,1.50
2013.05.14 16:35:50.391,0.82137,0.82155,1.50,1.50
2013.05.14 16:35:50.789,0.82137,0.82155,2.25,1.50
2013.05.14 16:35:50.969,0.82137,0.82155,2.25,1.50
2013.05.14 16:35:51.209,0.82137,0.82155,1.50,1.50
2013.05.14 16:35:51.740,0.82139,0.82155,1.50,1.50
2013.05.14 16:35:51.869,0.82138,0.82155,1.50,1.50
2013.05.14 16:35:52.169,0.82138,0.82155,1.50,1.50
2013.05.14 16:35:52.748,0.82138,0.82155,1.50,1.50
2013.05.14 16:35:52.809,0.82137,0.82155,3.75,1.50
2013.05.14 16:35:54.028,0.82139,0.82155,1.50,1.50
2013.05.14 16:35:59.708,0.82137,0.82155,1.50,1.50
2013.05.14 16:36:00.489,0.82137,0.82155,3.75,1.50
2013.05.14 16:36:00.858,0.82137,0.82155,1.50,1.50
2013.05.14 16:36:01.839,0.82138,0.82155,1.50,1.50
2013.05.14 16:36:01.901,0.82138,0.82155,1.50,1.50
2013.05.14 16:36:02.651,0.82139,0.82157,1.50,1.35
2013.05.14 16:36:03.821,0.82141,0.82157,1.50,1.02
2013.05.14 16:36:03.912,0.82147,0.82166,1.50,1.50
2013.05.14 16:36:06.788,0.82147,0.82165,1.50,1.50
2013.05.14 16:36:08.848,0.82146,0.82165,1.50,1.50
2013.05.14 16:36:09.459,0.82145,0.82163,1.50,1.50
2013.05.14 16:36:09.975,0.82144,0.82163,1.50,1.50
2013.05.14 16:36:11.498,0.82144,0.82163,1.50,1.50
2013.05.14 16:36:12.060,0.82144,0.82163,1.50,1.50
2013.05.14 16:36:13.029,0.82144,0.82165,1.50,2.63
2013.05.14 16:36:13.689,0.82144,0.82164,1.50,2.25
2013.05.14 16:36:28.538,0.82144,0.82162,1.50,1.50
2013.05.14 16:36:32.378,0.82143,0.82162,1.50,1.50
2013.05.14 16:36:34.339,0.82142,0.8216,2.25,1.50
2013.05.14 16:36:34.639,0.82138,0.82157,1.88,2.25
2013.05.14 16:36:34.819,0.82138,0.82155,1.13,1.50
2013.05.14 16:36:35.529,0.82133,0.82155,2.07,2.25
2013.05.14 16:36:37.432,0.82133,0.82154,1.50,1.50
2013.05.14 16:36:38.378,0.82133,0.82154,2.25,1.50
2013.05.14 16:36:41.097,0.82134,0.82154,1.50,1.50
2013.05.14 16:36:50.848,0.82133,0.82154,1.50,1.50
2013.05.14 16:36:50.908,0.82135,0.82155,1.50,1.50
2013.05.14 16:36:51.209,0.82139,0.82157,1.50,1.88
2013.05.14 16:36:51.740,0.82138,0.82158,2.25,2.25
2013.05.14 16:36:52.369,0.82137,0.82156,3.00,1.50
2013.05.14 16:36:52.849,0.82141,0.82155,1.50,1.50
2013.05.14 16:36:53.288,0.8214,0.82156,1.50,1.50
2013.05.14 16:36:53.501,0.8214,0.82156,1.50,1.50
2013.05.14 16:36:55.488,0.8214,0.8216,2.25,1.50
2013.05.14 16:36:55.789,0.82142,0.8216,1.50,1.50
2013.05.14 16:36:55.849,0.82142,0.8216,1.50,1.50
2013.05.14 16:36:55.909,0.82142,0.82162,1.50,1.13
2013.05.14 16:36:55.969,0.82143,0.82164,1.50,3.27
2013.05.14 16:36:56.328,0.82145,0.82164,1.50,2.25
2013.05.14 16:36:56.771,0.82147,0.82164,1.50,1.50
2013.05.14 16:36:57.078,0.82151,0.82168,1.50,1.58
2013.05.14 16:36:57.670,0.82149,0.82168,1.50,1.58
2013.05.14 16:36:57.908,0.82151,0.82168,1.50,1.58
2013.05.14 16:36:59.290,0.82149,0.82168,1.50,1.58
2013.05.14 16:36:59.730,0.8215,0.82169,1.50,1.58
2013.05.14 16:36:59.801,0.82154,0.82171,1.50,2.25
2013.05.14 16:37:00.678,0.82155,0.82171,1.50,2.25
2013.05.14 16:37:00.767,0.82153,0.82174,2.25,1.88
2013.05.14 16:37:00.960,0.82155,0.82174,1.50,1.13
2013.05.14 16:37:01.268,0.82162,0.82174,1.50,1.13
2013.05.14 16:37:01.389,0.82159,0.82174,1.50,1.13
2013.05.14 16:37:01.930,0.82155,0.82174,1.50,1.13
2013.05.14 16:37:02.408,0.82153,0.82174,2.25,1.13
2013.05.14 16:37:03.630,0.82156,0.82174,2.25,1.13
2013.05.14 16:37:03.810,0.82158,0.82174,1.50,1.13
2013.05.14 16:37:03.931,0.82156,0.82174,3.75,1.13
2013.05.14 16:37:04.419,0.82157,0.82174,1.50,1.13
2013.05.14 16:37:04.603,0.82158,0.82174,1.50,1.13
2013.05.14 16:37:04.669,0.82154,0.82174,3.00,1.13
2013.05.14 16:37:05.208,0.82155,0.82171,2.25,1.50
2013.05.14 16:37:05.523,0.82159,0.82171,1.50,1.50
2013.05.14 16:37:05.589,0.82159,0.82171,2.25,1.50
2013.05.14 16:37:06.528,0.8216,0.82175,1.50,1.50
2013.05.14 16:37:07.276,0.82159,0.82175,1.50,1.50
2013.05.14 16:37:07.355,0.82156,0.82174,1.50,1.13
2013.05.14 16:37:07.420,0.82155,0.82174,1.50,1.13
2013.05.14 16:37:07.928,0.82154,0.82174,1.50,1.13
2013.05.14 16:37:10.668,0.82153,0.82173,1.50,1.50
2013.05.14 16:37:12.970,0.82153,0.82173,1.50,1.50
2013.05.14 16:37:13.535,0.82153,0.82173,1.50,1.50
2013.05.14 16:37:14.068,0.82153,0.82173,1.50,1.50
2013.05.14 16:37:16.768,0.82153,0.82174,1.50,1.50
2013.05.14 16:37:16.949,0.82154,0.82174,1.50,1.50
2013.05.14 16:37:17.259,0.8216,0.82175,1.50,1.50
2013.05.14 16:37:18.522,0.8216,0.82175,1.50,1.50
2013.05.14 16:37:18.844,0.8216,0.82175,1.50,1.50
2013.05.14 16:37:19.361,0.82157,0.82174,1.50,1.88
2013.05.14 16:37:19.539,0.82155,0.82174,2.25,1.88
2013.05.14 16:37:21.165,0.82155,0.82174,1.50,1.88
2013.05.14 16:37:21.716,0.82153,0.82174,1.50,2.63
2013.05.14 16:37:23.619,0.8215,0.82168,1.50,1.50
2013.05.14 16:37:23.979,0.82149,0.82168,1.58,1.50
2013.05.14 16:37:25.420,0.82149,0.82168,1.58,1.50
2013.05.14 16:37:27.891,0.82149,0.82168,1.58,1.50
2013.05.14 16:37:31.929,0.82151,0.82169,1.50,1.50
2013.05.14 16:37:32.050,0.82154,0.82171,1.50,1.13
2013.05.14 16:37:32.349,0.82155,0.82173,2.25,2.25
2013.05.14 16:37:33.027,0.82155,0.82173,1.50,2.25
2013.05.14 16:37:33.090,0.82155,0.82174,1.50,1.50
2013.05.14 16:37:35.410,0.82155,0.82174,1.50,1.50
2013.05.14 16:37:36.015,0.82155,0.82174,1.50,1.50
2013.05.14 16:37:37.378,0.82155,0.82174,2.25,1.50
2013.05.14 16:37:37.808,0.82155,0.82174,2.25,1.50
2013.05.14 16:37:38.168,0.82155,0.82174,1.50,1.50
2013.05.14 16:37:43.009,0.82156,0.82174,1.50,1.50
2013.05.14 16:37:45.728,0.82156,0.82174,2.25,1.50
2013.05.14 16:37:46.088,0.82158,0.82174,1.50,1.50
2013.05.14 16:37:46.594,0.82157,0.82174,1.50,1.50
2013.05.14 16:37:49.219,0.82157,0.82174,2.25,1.50
2013.05.14 16:37:50.558,0.82157,0.82174,1.50,1.50
2013.05.14 16:37:53.059,0.82157,0.82174,1.50,1.50
2013.05.14 16:37:55.558,0.82158,0.82174,1.50,1.50
2013.05.14 16:37:56.919,0.82157,0.82174,1.50,1.50
2013.05.14 16:37:57.458,0.82156,0.82174,3.00,1.50
2013.05.14 16:37:58.149,0.82156,0.82174,2.25,1.50
2013.05.14 16:38:02.159,0.82158,0.82174,1.50,1.50
2013.05.14 16:38:02.849,0.82157,0.82174,1.50,1.50
2013.05.14 16:38:04.049,0.82157,0.82174,1.50,1.50
2013.05.14 16:38:04.559,0.82157,0.82174,1.50,1.50
2013.05.14 16:38:06.958,0.82158,0.82174,1.50,1.50
2013.05.14 16:38:10.912,0.82157,0.82175,1.50,1.50
2013.05.14 16:38:11.569,0.82158,0.82174,1.50,1.50
2013.05.14 16:38:13.539,0.82157,0.82174,1.50,1.50
2013.05.14 16:38:13.598,0.82156,0.82174,1.50,1.50
2013.05.14 16:38:14.200,0.82152,0.8217,1.50,1.88
2013.05.14 16:38:14.321,0.82151,0.8217,1.50,1.88
2013.05.14 16:38:14.389,0.82149,0.82169,2.25,1.50
2013.05.14 16:38:17.807,0.82148,0.82169,1.95,1.50
2013.05.14 16:38:20.005,0.82148,0.82169,2.70,1.50
2013.05.14 16:38:34.305,0.8215,0.82169,1.50,1.50
2013.05.14 16:38:40.399,0.8215,0.82169,1.58,1.50
2013.05.14 16:38:49.749,0.82149,0.82169,3.75,1.50
2013.05.14 16:38:50.361,0.82151,0.82172,2.25,3.38
2013.05.14 16:38:50.859,0.82151,0.82172,2.25,3.38
2013.05.14 16:38:50.919,0.82151,0.82172,3.00,3.38
2013.05.14 16:38:56.679,0.82151,0.82172,2.25,2.74
2013.05.14 16:38:57.159,0.82151,0.82169,2.25,1.50
2013.05.14 16:38:57.220,0.82151,0.82169,2.25,1.50
2013.05.14 16:38:57.459,0.82149,0.82169,1.88,3.12
2013.05.14 16:38:59.212,0.82149,0.82168,1.13,1.50
2013.05.14 16:38:59.759,0.82148,0.82168,1.50,1.50
2013.05.14 16:39:15.358,0.82148,0.82168,1.88,1.50
2013.05.14 16:39:16.868,0.82148,0.82168,1.88,1.50
2013.05.14 16:39:17.419,0.82148,0.82168,1.88,1.50
2013.05.14 16:39:21.448,0.8215,0.82168,1.50,1.50
2013.05.14 16:39:23.399,0.82149,0.82169,1.50,2.25
2013.05.14 16:39:23.939,0.82149,0.82169,1.50,2.25
2013.05.14 16:39:37.024,0.82149,0.82169,1.50,1.35
2013.05.14 16:39:37.931,0.82154,0.82171,1.50,1.50
2013.05.14 16:39:38.008,0.82156,0.82175,1.50,1.50
2013.05.14 16:39:38.667,0.82155,0.82175,1.50,1.50
2013.05.14 16:39:39.408,0.82155,0.82175,3.00,2.25
2013.05.14 16:39:40.841,0.82155,0.82175,2.25,2.25
2013.05.14 16:39:43.130,0.82156,0.82175,1.50,2.25
2013.05.14 16:39:58.030,0.82161,0.82175,1.50,2.25
2013.05.14 16:39:58.568,0.82161,0.82175,1.50,2.25
2013.05.14 16:39:59.220,0.82161,0.82175,1.50,2.25
2013.05.14 16:39:59.760,0.82161,0.82175,1.50,2.25
2013.05.14 16:40:01.182,0.82161,0.82175,1.50,3.00
2013.05.14 16:40:01.561,0.82164,0.82178,2.25,2.44
2013.05.14 16:40:02.119,0.82165,0.82178,1.50,2.25
2013.05.14 16:40:02.179,0.82165,0.82185,2.25,1.88
2013.05.14 16:40:02.929,0.82167,0.82185,1.50,1.88
2013.05.14 16:40:03.050,0.82168,0.82185,1.50,1.50
2013.05.14 16:40:03.382,0.82172,0.82186,1.50,1.50
2013.05.14 16:40:03.689,0.82177,0.82194,2.33,1.50
2013.05.14 16:40:03.750,0.82177,0.82194,3.08,1.50
2013.05.14 16:40:03.870,0.82179,0.82195,1.50,2.25
2013.05.14 16:40:05.039,0.82177,0.82195,2.25,2.25
2013.05.14 16:40:05.940,0.82177,0.82195,2.25,2.25
2013.05.14 16:40:09.601,0.82179,0.82195,1.50,2.25
2013.05.14 16:40:10.241,0.82179,0.82195,1.50,3.00
2013.05.14 16:40:12.662,0.82179,0.82195,1.50,3.00
2013.05.14 16:41:12.660,0.82177,0.82197,1.50,1.13
2013.05.14 16:41:13.199,0.82175,0.82197,3.00,1.32
2013.05.14 16:41:13.718,0.82177,0.82197,1.50,1.32
2013.05.14 16:41:16.211,0.82175,0.82197,2.25,1.13
2013.05.14 16:41:33.699,0.82177,0.82195,1.50,1.50
2013.05.14 16:41:33.819,0.82175,0.82195,3.00,1.50
2013.05.14 16:41:33.881,0.82172,0.82193,1.50,1.50
2013.05.14 16:41:33.952,0.82172,0.82193,1.50,1.50
2013.05.14 16:41:34.081,0.8217,0.82191,1.50,1.50
2013.05.14 16:41:34.439,0.82169,0.82185,1.50,2.25
2013.05.14 16:41:35.854,0.82168,0.82185,2.25,2.25
2013.05.14 16:41:38.309,0.82169,0.82185,1.50,2.25
2013.05.14 16:41:39.312,0.8217,0.82185,1.50,2.25
2013.05.14 16:41:48.052,0.82168,0.82185,1.50,3.00
2013.05.14 16:41:48.241,0.82165,0.82185,2.25,3.00
2013.05.14 16:41:48.370,0.82165,0.82184,1.50,2.25
2013.05.14 16:41:49.543,0.82165,0.82182,2.25,1.50
2013.05.14 16:42:02.441,0.82166,0.82182,2.25,1.69
2013.05.14 16:42:02.561,0.82166,0.82178,2.25,1.50
2013.05.14 16:42:02.870,0.82164,0.82173,1.50,1.50
2013.05.14 16:42:02.931,0.82164,0.82174,2.25,2.70
2013.05.14 16:42:03.480,0.82159,0.82175,1.50,1.13
2013.05.14 16:42:04.140,0.82157,0.82175,1.50,1.13
2013.05.14 16:42:05.690,0.82158,0.82176,1.50,3.00
2013.05.14 16:42:06.305,0.82158,0.82176,1.50,3.00
2013.05.14 16:42:07.168,0.82159,0.82176,1.50,3.75
2013.05.14 16:42:08.850,0.8216,0.82174,1.50,1.50
2013.05.14 16:42:25.311,0.8216,0.82176,1.50,3.75
2013.05.14 16:42:36.730,0.8216,0.82175,1.50,3.00
2013.05.14 16:42:39.740,0.82158,0.82175,1.50,1.50
2013.05.14 16:42:44.970,0.82157,0.82175,1.50,1.50
2013.05.14 16:42:46.155,0.82157,0.82175,1.50,2.25
2013.05.14 16:42:56.550,0.82156,0.82174,1.50,2.25
2013.05.14 16:42:56.930,0.82156,0.82174,1.50,1.50
2013.05.14 16:42:58.079,0.82155,0.82174,1.50,1.50
2013.05.14 16:42:59.290,0.82155,0.82174,1.50,1.50
2013.05.14 16:43:00.631,0.82155,0.82173,1.50,1.50
2013.05.14 16:43:04.020,0.82155,0.82173,2.25,1.50
2013.05.14 16:43:04.141,0.82155,0.82173,2.25,1.50
2013.05.14 16:43:04.261,0.82154,0.82168,1.50,1.50
2013.05.14 16:43:04.449,0.8215,0.82168,2.44,2.25
2013.05.14 16:43:04.810,0.8215,0.82168,2.25,2.25
2013.05.14 16:43:05.556,0.8215,0.82168,2.25,3.75
2013.05.14 16:43:06.122,0.8215,0.82167,1.50,1.50
2013.05.14 16:43:08.543,0.8215,0.82165,1.50,1.50
2013.05.14 16:43:08.852,0.8215,0.82162,1.50,1.50
2013.05.14 16:43:08.921,0.82147,0.82159,1.58,1.50
2013.05.14 16:43:08.991,0.82146,0.82159,1.88,2.25
2013.05.14 16:43:09.050,0.82144,0.82159,2.63,3.00
2013.05.14 16:43:09.302,0.8214,0.82158,1.50,1.50
2013.05.14 16:43:09.496,0.82137,0.82154,1.20,1.50
2013.05.14 16:43:10.124,0.82135,0.82153,3.08,1.50
2013.05.14 16:43:10.553,0.82135,0.82153,1.50,1.50
2013.05.14 16:43:10.683,0.82135,0.82153,1.50,1.50
2013.05.14 16:43:10.951,0.82133,0.82153,2.25,1.50
2013.05.14 16:43:11.131,0.82133,0.82153,2.25,2.25
2013.05.14 16:43:11.201,0.82133,0.82153,3.00,1.50
2013.05.14 16:43:11.501,0.82137,0.82156,1.50,1.50
2013.05.14 16:43:12.040,0.82137,0.82157,3.75,2.63
2013.05.14 16:43:14.999,0.82139,0.82156,1.50,1.50
2013.05.14 16:43:15.591,0.82139,0.82156,1.50,1.50
2013.05.14 16:43:16.651,0.82139,0.82156,1.50,1.50
2013.05.14 16:43:19.146,0.82138,0.82157,1.95,2.25
2013.05.14 16:43:31.881,0.82138,0.82155,1.58,1.50
2013.05.14 16:43:32.120,0.82138,0.82158,1.58,1.50
2013.05.14 16:43:33.031,0.82139,0.82159,1.13,4.50
2013.05.14 16:43:33.101,0.82139,0.82159,1.13,3.00
2013.05.14 16:43:33.643,0.82139,0.82158,1.13,1.50
2013.05.14 16:43:33.890,0.8214,0.8216,2.25,2.25
2013.05.14 16:43:34.420,0.82139,0.82159,1.49,1.50
2013.05.14 16:43:35.300,0.82139,0.82159,1.67,2.25
2013.05.14 16:43:35.830,0.8214,0.82159,1.50,2.25
2013.05.14 16:43:38.170,0.82141,0.82158,1.50,1.50
2013.05.14 16:43:39.160,0.8214,0.82158,1.68,1.50
2013.05.14 16:43:39.670,0.8214,0.82158,1.12,1.50
2013.05.14 16:43:40.189,0.82139,0.82158,1.67,1.50
2013.05.14 16:43:41.140,0.8214,0.82158,1.12,1.50
2013.05.14 16:43:43.561,0.82139,0.82158,2.05,1.50
2013.05.14 16:43:44.467,0.8214,0.82158,1.68,1.50
2013.05.14 16:43:45.640,0.8214,0.82158,1.69,1.50
2013.05.14 16:43:49.341,0.82139,0.82159,1.19,2.25
2013.05.14 16:43:51.610,0.8214,0.82159,1.87,2.25
2013.05.14 16:43:53.958,0.82138,0.82158,2.18,1.50
2013.05.14 16:43:54.502,0.82138,0.82154,2.18,1.50
2013.05.14 16:43:54.691,0.82138,0.82156,2.18,1.50
2013.05.14 16:43:55.265,0.82138,0.82155,2.18,1.50
2013.05.14 16:44:17.089,0.82138,0.82156,1.35,1.50
2013.05.14 16:44:32.184,0.82137,0.82152,1.69,2.25
2013.05.14 16:44:32.491,0.82135,0.82151,2.25,1.50
2013.05.14 16:44:32.682,0.82135,0.82152,1.50,2.25
2013.05.14 16:44:32.932,0.82132,0.82152,1.69,2.25
2013.05.14 16:44:33.819,0.82131,0.8215,2.25,1.50
2013.05.14 16:44:36.553,0.82131,0.82149,1.50,1.50
2013.05.14 16:44:59.171,0.82132,0.82152,1.68,1.88
2013.05.14 16:44:59.301,0.82133,0.82155,2.43,3.00
2013.05.14 16:44:59.360,0.82134,0.82155,1.12,2.25
2013.05.14 16:44:59.552,0.82134,0.82156,3.55,2.25
2013.05.14 16:45:00.512,0.82134,0.82155,1.87,1.50
2013.05.14 16:45:00.870,0.82134,0.82153,2.05,1.50
2013.05.14 16:45:01.421,0.82133,0.82149,1.30,1.50
2013.05.14 16:45:02.190,0.82133,0.82149,1.30,1.50
2013.05.14 16:45:02.720,0.82133,0.82149,1.30,1.50
2013.05.14 16:45:03.270,0.82133,0.82149,1.30,1.50
2013.05.14 16:45:04.083,0.82133,0.82149,1.30,1.50
2013.05.14 16:45:07.971,0.82131,0.82149,2.44,1.50
2013.05.14 16:45:18.971,0.82131,0.82149,1.50,2.25
2013.05.14 16:45:19.031,0.82129,0.82149,2.88,2.25
2013.05.14 16:45:20.410,0.82127,0.82147,2.63,1.50
2013.05.14 16:45:23.161,0.82128,0.82146,1.13,1.50
2013.05.14 16:45:30.499,0.82128,0.82146,1.88,1.50
2013.05.14 16:45:31.050,0.82126,0.82142,1.50,1.50
2013.05.14 16:45:31.582,0.82126,0.82142,1.50,1.50
2013.05.14 16:45:31.709,0.82125,0.82142,3.75,1.50
2013.05.14 16:45:33.831,0.82125,0.82142,3.00,1.50
2013.05.14 16:46:07.474,0.82125,0.82142,2.25,2.25
2013.05.14 16:46:07.781,0.82124,0.82137,1.88,1.50
2013.05.14 16:46:07.971,0.82122,0.82136,4.13,1.50
2013.05.14 16:46:08.211,0.82116,0.82135,3.00,3.00
2013.05.14 16:46:08.281,0.82116,0.82132,1.88,1.50
2013.05.14 16:46:08.661,0.82105,0.82126,4.50,2.25
2013.05.14 16:46:08.781,0.82105,0.82126,3.75,3.75
2013.05.14 16:46:08.902,0.82104,0.82124,1.50,1.50
2013.05.14 16:46:09.413,0.82103,0.82124,1.50,2.25
2013.05.14 16:46:09.483,0.82103,0.82122,1.50,1.50
2013.05.14 16:46:10.301,0.82102,0.82121,3.19,1.50
2013.05.14 16:46:10.793,0.82101,0.82119,1.50,2.25
2013.05.14 16:46:10.981,0.82101,0.82119,1.50,1.50
2013.05.14 16:46:11.101,0.82101,0.82118,1.50,1.50
2013.05.14 16:46:11.643,0.821,0.8212,3.75,1.50
2013.05.14 16:46:11.960,0.821,0.8212,3.00,1.50
2013.05.14 16:46:12.201,0.821,0.8212,3.75,1.50
2013.05.14 16:46:12.400,0.821,0.8212,3.00,1.50
2013.05.14 16:46:13.521,0.821,0.82119,3.00,1.50
2013.05.14 16:46:13.582,0.821,0.82118,2.25,1.50
2013.05.14 16:46:13.902,0.821,0.82119,1.50,3.00
2013.05.14 16:46:14.091,0.821,0.82119,1.50,3.00
2013.05.14 16:46:14.222,0.821,0.82119,1.50,3.00
2013.05.14 16:46:14.672,0.821,0.82117,1.50,1.50
2013.05.14 16:46:16.772,0.821,0.82117,2.25,1.50
2013.05.14 16:46:17.701,0.821,0.82118,2.25,1.50
2013.05.14 16:46:17.771,0.821,0.82118,2.25,1.50
2013.05.14 16:46:18.071,0.821,0.82119,2.25,1.88
2013.05.14 16:46:19.302,0.82102,0.82119,2.25,1.88
2013.05.14 16:46:19.493,0.82102,0.8212,1.50,1.50
2013.05.14 16:46:20.321,0.82107,0.82125,3.00,2.25
2013.05.14 16:46:20.391,0.82109,0.82125,1.50,2.25
2013.05.14 16:46:20.512,0.82113,0.82129,1.50,1.13
2013.05.14 16:46:20.880,0.82111,0.82128,2.25,1.13
2013.05.14 16:46:22.150,0.82112,0.82129,1.50,1.50
2013.05.14 16:46:22.836,0.82112,0.82129,1.50,1.50
2013.05.14 16:46:23.362,0.82112,0.82129,1.50,1.50
2013.05.14 16:46:24.432,0.82112,0.82129,1.50,1.50
2013.05.14 16:46:25.991,0.82112,0.82129,1.50,1.50
2013.05.14 16:46:27.074,0.82114,0.82128,1.50,1.50
2013.05.14 16:46:29.820,0.82114,0.82129,1.50,1.50
2013.05.14 16:46:39.021,0.82114,0.82129,1.50,1.50
2013.05.14 16:46:39.570,0.82114,0.82129,1.50,1.50
2013.05.14 16:46:46.000,0.82114,0.82128,1.50,1.50
2013.05.14 16:46:47.253,0.82114,0.82128,1.50,1.50
2013.05.14 16:46:48.675,0.82112,0.82128,2.25,1.50
2013.05.14 16:46:58.403,0.82114,0.82128,1.50,1.50
2013.05.14 16:47:16.060,0.82112,0.82128,3.00,1.50
2013.05.14 16:47:33.641,0.82112,0.8213,1.50,1.50
2013.05.14 16:47:33.763,0.8211,0.82128,2.25,1.50
2013.05.14 16:47:34.741,0.82108,0.82125,1.13,1.50
2013.05.14 16:47:34.931,0.82107,0.82125,2.07,1.50
2013.05.14 16:47:36.140,0.82107,0.82125,1.88,1.50
2013.05.14 16:47:38.621,0.82107,0.82125,1.88,1.50
2013.05.14 16:47:39.241,0.82108,0.82125,1.50,1.50
2013.05.14 16:47:40.880,0.82113,0.82125,1.50,1.50
2013.05.14 16:47:40.942,0.82113,0.82126,1.50,1.50
2013.05.14 16:47:41.077,0.82113,0.8213,1.50,1.50
2013.05.14 16:47:41.145,0.82113,0.82132,3.75,3.75
2013.05.14 16:47:41.663,0.82115,0.82134,1.50,2.40
2013.05.14 16:47:41.731,0.82115,0.82134,1.50,2.40
2013.05.14 16:47:41.852,0.82117,0.82134,2.25,2.77
2013.05.14 16:47:42.101,0.82116,0.82134,1.88,1.13
2013.05.14 16:47:42.221,0.82116,0.82134,2.63,1.88
2013.05.14 16:47:42.581,0.82114,0.82132,1.50,1.50
2013.05.14 16:47:42.641,0.82115,0.82133,2.25,3.00
2013.05.14 16:47:43.061,0.82114,0.82132,2.63,2.25
2013.05.14 16:47:43.361,0.82116,0.82134,2.25,1.88
2013.05.14 16:47:43.420,0.82116,0.82134,2.25,1.88
2013.05.14 16:47:44.091,0.82113,0.82131,4.50,1.50
2013.05.14 16:47:44.212,0.82116,0.82132,2.25,2.25
2013.05.14 16:47:44.521,0.82115,0.82131,1.13,1.50
2013.05.14 16:47:44.692,0.82115,0.82135,1.50,1.50
2013.05.14 16:47:44.941,0.82116,0.82131,2.63,1.50
2013.05.14 16:47:45.420,0.82113,0.82131,4.50,1.50
2013.05.14 16:47:45.901,0.82114,0.82131,2.25,1.50
2013.05.14 16:47:46.212,0.82117,0.82132,1.50,1.50
2013.05.14 16:47:46.462,0.82115,0.82134,3.00,1.50
2013.05.14 16:47:47.002,0.82116,0.82135,3.38,1.50
2013.05.14 16:47:48.160,0.82116,0.82131,4.13,1.50
2013.05.14 16:47:48.750,0.82115,0.82131,2.25,1.50
2013.05.14 16:47:49.251,0.82117,0.82135,1.50,1.50
2013.05.14 16:47:50.051,0.82113,0.82132,5.25,3.00
2013.05.14 16:47:51.970,0.82117,0.82134,1.50,1.50
2013.05.14 16:47:52.523,0.82114,0.82131,2.25,1.50
2013.05.14 16:47:53.031,0.82116,0.82131,1.50,1.50
2013.05.14 16:47:53.641,0.82116,0.82134,1.50,2.25
2013.05.14 16:47:54.191,0.82117,0.82132,1.50,3.75
2013.05.14 16:47:55.030,0.82115,0.82132,2.25,1.50
2013.05.14 16:47:55.692,0.82116,0.82134,3.00,2.25
2013.05.14 16:47:56.490,0.82116,0.82131,1.50,1.50
2013.05.14 16:47:57.161,0.82116,0.82132,2.25,1.50
2013.05.14 16:47:58.061,0.82114,0.82131,3.00,1.50
2013.05.14 16:48:14.440,0.82114,0.8213,3.00,1.50
2013.05.14 16:48:14.560,0.82111,0.82128,3.38,2.25
2013.05.14 16:48:14.622,0.82111,0.82128,3.38,1.50
2013.05.14 16:48:15.193,0.82112,0.82127,6.00,1.50
2013.05.14 16:48:16.815,0.82112,0.82128,3.75,2.25
2013.05.14 16:48:17.432,0.82112,0.82126,2.25,1.50
2013.05.14 16:48:17.741,0.82108,0.82126,1.50,3.00
2013.05.14 16:48:17.869,0.82103,0.82124,1.13,1.50
2013.05.14 16:48:18.111,0.82102,0.82122,1.13,1.50
2013.05.14 16:48:19.691,0.82102,0.82123,1.50,2.63
2013.05.14 16:48:22.073,0.82102,0.82123,1.50,2.63
2013.05.14 16:48:26.662,0.82104,0.82123,1.50,1.50
2013.05.14 16:48:27.425,0.82105,0.82123,1.50,1.50
2013.05.14 16:48:27.970,0.82106,0.82124,4.13,1.50
2013.05.14 16:48:28.563,0.82106,0.82122,1.13,2.18
2013.05.14 16:48:29.112,0.82107,0.82121,1.50,1.13
2013.05.14 16:48:29.302,0.82103,0.82121,1.50,1.88
2013.05.14 16:48:29.431,0.82105,0.8212,1.50,1.50
2013.05.14 16:48:29.791,0.82107,0.82121,1.50,1.13
2013.05.14 16:48:30.332,0.82105,0.8212,1.50,1.50
2013.05.14 16:48:30.881,0.82106,0.82121,2.25,1.13
2013.05.14 16:48:32.262,0.82106,0.82122,3.00,1.50
2013.05.14 16:48:32.331,0.82106,0.82124,3.00,2.63
2013.05.14 16:48:32.392,0.82106,0.82122,2.25,1.50
2013.05.14 16:48:32.520,0.82104,0.82119,2.03,1.50
2013.05.14 16:48:32.582,0.82103,0.82119,2.03,1.50
2013.05.14 16:48:33.311,0.82101,0.82118,2.25,1.50
2013.05.14 16:48:35.312,0.82102,0.82121,1.50,1.88
2013.05.14 16:48:43.254,0.82102,0.82116,1.50,2.48
2013.05.14 16:48:43.325,0.821,0.82115,2.25,2.25
2013.05.14 16:48:43.396,0.82101,0.82115,1.50,1.50
2013.05.14 16:48:43.941,0.821,0.82118,2.25,1.50
2013.05.14 16:48:44.001,0.82101,0.82118,1.50,1.50
2013.05.14 16:48:44.504,0.82102,0.82118,1.50,1.50
2013.05.14 16:48:46.630,0.82101,0.82118,1.50,1.50
2013.05.14 16:48:51.761,0.82101,0.8212,1.50,1.35
2013.05.14 16:48:51.944,0.82104,0.82121,1.50,1.35
2013.05.14 16:48:52.255,0.82105,0.82123,1.50,3.75
2013.05.14 16:48:52.383,0.82108,0.82123,1.88,3.00
2013.05.14 16:48:52.692,0.82114,0.82129,1.50,1.50
2013.05.14 16:48:52.942,0.82112,0.82131,1.50,1.50
2013.05.14 16:48:53.131,0.82112,0.8213,1.50,1.13
2013.05.14 16:48:55.141,0.82112,0.8213,1.50,1.13
2013.05.14 16:48:56.181,0.82112,0.82131,2.25,1.88
2013.05.14 16:48:56.900,0.82111,0.82131,3.75,1.88
2013.05.14 16:48:58.270,0.82113,0.82129,1.50,1.50
2013.05.14 16:49:00.133,0.82113,0.82129,1.50,1.50
2013.05.14 16:49:01.391,0.82113,0.82129,2.25,1.50
2013.05.14 16:49:06.291,0.82111,0.82129,2.25,1.50
2013.05.14 16:49:06.780,0.82109,0.82129,1.13,1.50
2013.05.14 16:49:07.080,0.82108,0.82126,1.50,2.25
2013.05.14 16:49:07.266,0.82105,0.82121,1.88,1.50
2013.05.14 16:49:07.821,0.82102,0.82121,1.50,1.88
2013.05.14 16:49:09.679,0.82103,0.82121,1.50,1.13
2013.05.14 16:49:14.780,0.82103,0.8212,1.50,1.50
2013.05.14 16:49:15.971,0.82104,0.82118,1.50,1.50
2013.05.14 16:49:16.478,0.82102,0.82118,2.25,1.50
2013.05.14 16:49:38.049,0.82102,0.82118,1.50,1.50
2013.05.14 16:49:38.558,0.82101,0.82118,1.50,1.50
2013.05.14 16:49:46.213,0.82102,0.82118,1.50,1.50
2013.05.14 16:49:47.394,0.821,0.82117,1.50,1.50
2013.05.14 16:49:47.663,0.82098,0.82114,1.50,1.50
2013.05.14 16:49:47.731,0.82099,0.82118,1.50,1.50
2013.05.14 16:49:48.151,0.821,0.82118,2.25,1.50
2013.05.14 16:49:48.702,0.821,0.82118,3.00,1.50
2013.05.14 16:49:49.115,0.821,0.82117,1.50,1.13
2013.05.14 16:49:49.391,0.82097,0.82114,1.50,1.50
2013.05.14 16:49:49.452,0.82098,0.82117,1.50,1.50
2013.05.14 16:49:49.882,0.82099,0.82116,3.00,1.50
2013.05.14 16:49:50.131,0.82096,0.82115,4.50,3.00
2013.05.14 16:49:50.253,0.82098,0.82116,1.88,1.13
2013.05.14 16:49:50.322,0.82099,0.82116,1.88,1.13
2013.05.14 16:49:50.691,0.82101,0.82115,1.50,1.50
2013.05.14 16:49:50.871,0.82099,0.82115,2.25,2.25
2013.05.14 16:49:50.933,0.82097,0.82116,1.50,1.88
2013.05.14 16:49:51.181,0.821,0.82117,1.50,1.13
2013.05.14 16:49:51.902,0.821,0.82113,1.50,1.50
2013.05.14 16:49:52.152,0.82097,0.82114,1.13,1.50
2013.05.14 16:49:52.210,0.82097,0.82118,1.13,6.00
2013.05.14 16:49:52.632,0.82099,0.82116,3.00,2.25
2013.05.14 16:49:53.001,0.82098,0.82114,1.50,2.25
2013.05.14 16:49:53.622,0.82098,0.82114,1.50,2.25
2013.05.14 16:49:53.993,0.82098,0.82116,1.50,1.50
2013.05.14 16:49:54.062,0.82098,0.82116,2.25,1.50
2013.05.14 16:50:01.180,0.821,0.82118,1.50,2.25
2013.05.14 16:50:01.301,0.821,0.82118,2.25,2.25
2013.05.14 16:50:01.625,0.82102,0.82118,1.50,1.50
2013.05.14 16:50:03.062,0.82101,0.82118,1.50,1.50
2013.05.14 16:50:03.641,0.82103,0.82118,1.50,2.25
2013.05.14 16:50:14.605,0.821,0.82118,1.76,3.00
2013.05.14 16:50:14.963,0.82101,0.82118,1.50,3.00
2013.05.14 16:50:25.804,0.82101,0.82118,3.51,3.00
2013.05.14 16:50:36.095,0.82101,0.82118,2.25,3.00
2013.05.14 16:50:36.683,0.82104,0.82122,1.50,1.50
2013.05.14 16:50:36.751,0.82104,0.82122,1.50,1.50
2013.05.14 16:50:37.221,0.82103,0.82122,3.75,1.50
2013.05.14 16:50:37.340,0.82104,0.82122,1.50,1.50
2013.05.14 16:50:37.581,0.82103,0.82122,3.00,1.50
2013.05.14 16:50:38.121,0.82103,0.82122,3.00,1.50
2013.05.14 16:50:38.440,0.82103,0.82122,3.75,1.50
2013.05.14 16:50:38.843,0.82104,0.82121,1.50,1.50
2013.05.14 16:50:41.522,0.82102,0.82119,1.50,3.00
2013.05.14 16:50:41.702,0.82101,0.82119,1.50,3.00
2013.05.14 16:50:42.337,0.82101,0.82118,2.25,1.50
2013.05.14 16:50:43.233,0.82101,0.82117,2.25,1.50
2013.05.14 16:50:49.443,0.82101,0.82113,2.25,1.50
2013.05.14 16:50:49.514,0.82101,0.82113,1.50,3.00
2013.05.14 16:50:49.706,0.82095,0.82113,3.75,3.00
2013.05.14 16:50:50.368,0.82097,0.82113,1.50,1.50
2013.05.14 16:50:50.434,0.82098,0.82114,1.50,1.50
2013.05.14 16:50:50.928,0.82099,0.82119,1.50,2.25
2013.05.14 16:50:52.140,0.82099,0.82113,2.25,2.25
2013.05.14 16:50:52.451,0.82095,0.82113,2.25,3.75
2013.05.14 16:50:53.070,0.82096,0.82113,1.76,3.75
2013.05.14 16:50:53.191,0.82097,0.82113,1.50,1.50
2013.05.14 16:50:53.916,0.82098,0.82113,2.25,1.50
2013.05.14 16:50:54.943,0.82099,0.82112,1.50,1.50
2013.05.14 16:50:55.131,0.82096,0.82112,2.25,3.00
2013.05.14 16:50:55.819,0.82096,0.82112,2.51,3.00
2013.05.14 16:50:59.900,0.82099,0.82118,3.00,1.50
2013.05.14 16:51:00.141,0.82099,0.82118,3.25,1.50
2013.05.14 16:51:00.203,0.821,0.82118,2.01,1.50
2013.05.14 16:51:00.273,0.82102,0.82118,1.01,1.50
2013.05.14 16:51:00.810,0.821,0.82118,2.25,1.50
2013.05.14 16:51:05.341,0.82101,0.82119,1.50,2.25
2013.05.14 16:51:05.999,0.82101,0.82119,2.25,2.25
2013.05.14 16:51:08.581,0.82102,0.82118,2.45,2.25
2013.05.14 16:51:21.862,0.82102,0.82118,1.50,2.10
2013.05.14 16:51:21.921,0.82102,0.82117,1.50,1.35
2013.05.14 16:51:22.047,0.821,0.82116,1.50,1.13
2013.05.14 16:51:22.172,0.821,0.82114,2.25,1.50
2013.05.14 16:51:22.303,0.82101,0.82116,1.50,1.13
2013.05.14 16:51:30.469,0.82101,0.82118,2.63,2.25
2013.05.14 16:51:50.251,0.82101,0.82118,1.50,3.75
2013.05.14 16:51:50.382,0.821,0.82118,2.25,3.75
2013.05.14 16:51:50.922,0.82099,0.82117,1.50,1.50
2013.05.14 16:51:51.487,0.82099,0.82116,1.50,1.50
2013.05.14 16:51:52.870,0.82099,0.82118,1.50,4.50
2013.05.14 16:51:56.115,0.82099,0.82116,2.25,1.50
2013.05.14 16:52:04.392,0.821,0.82117,1.50,1.50
2013.05.14 16:52:04.534,0.82103,0.82118,1.50,1.50
2013.05.14 16:52:04.662,0.82102,0.82118,5.25,2.25
2013.05.14 16:52:04.861,0.82101,0.82118,2.63,3.00
2013.05.14 16:52:24.431,0.82099,0.82116,2.25,1.50
2013.05.14 16:52:24.802,0.82095,0.82113,1.50,1.50
2013.05.14 16:52:25.312,0.82094,0.82112,2.25,1.50
2013.05.14 16:52:26.590,0.82095,0.82113,1.50,1.50
2013.05.14 16:53:26.561,0.82094,0.82114,1.50,1.50
2013.05.14 16:53:29.931,0.82094,0.82113,1.50,2.25
2013.05.14 16:53:30.522,0.82094,0.82113,1.50,2.25
2013.05.14 16:53:32.525,0.82094,0.82113,1.50,1.50
2013.05.14 16:53:35.163,0.82094,0.82113,1.50,1.50
2013.05.14 16:53:35.350,0.82097,0.82115,2.25,2.25
2013.05.14 16:53:37.331,0.82098,0.82115,1.50,1.50
2013.05.14 16:53:38.202,0.82098,0.82115,1.50,1.50
2013.05.14 16:53:47.372,0.82097,0.82113,1.50,1.50
2013.05.14 16:53:51.771,0.82096,0.82111,1.50,1.50
2013.05.14 16:53:52.012,0.82096,0.82109,1.50,2.25
2013.05.14 16:53:52.413,0.82091,0.82109,2.44,3.00
2013.05.14 16:53:52.482,0.82091,0.82109,1.69,3.00
2013.05.14 16:53:53.770,0.82091,0.82108,1.69,3.00
2013.05.14 16:53:54.411,0.82091,0.82106,1.69,2.10
2013.05.14 16:53:54.891,0.82087,0.82104,1.13,2.63
2013.05.14 16:53:56.351,0.82086,0.82102,1.13,2.25
2013.05.14 16:53:57.100,0.82085,0.82102,2.63,2.25
2013.05.14 16:53:58.625,0.82085,0.82102,2.63,1.50
2013.05.14 16:53:58.693,0.82086,0.82102,1.88,1.50
2013.05.14 16:53:59.006,0.8209,0.82102,1.88,2.25
2013.05.14 16:54:00.661,0.82091,0.82107,1.13,1.50
2013.05.14 16:54:02.682,0.82091,0.82107,1.13,1.50
2013.05.14 16:54:03.214,0.82096,0.82107,1.50,1.50
2013.05.14 16:54:03.401,0.82101,0.82115,1.13,2.25
2013.05.14 16:54:03.463,0.82101,0.82116,1.13,2.25
2013.05.14 16:54:03.651,0.82101,0.82116,1.13,3.75
2013.05.14 16:54:05.251,0.82095,0.82112,1.13,1.50
2013.05.14 16:54:05.321,0.82093,0.82112,1.88,1.50
2013.05.14 16:54:05.883,0.82093,0.82112,1.88,2.25
2013.05.14 16:54:08.088,0.82094,0.82111,1.13,1.50
2013.05.14 16:54:08.392,0.82092,0.82103,1.50,1.50
2013.05.14 16:54:08.451,0.82092,0.82104,1.50,1.50
2013.05.14 16:54:08.572,0.82094,0.82104,1.13,1.50
2013.05.14 16:54:08.812,0.82094,0.82109,1.13,1.50
2013.05.14 16:54:11.101,0.82094,0.8211,1.13,1.50
2013.05.14 16:54:11.282,0.82096,0.82112,2.25,2.25
2013.05.14 16:54:11.341,0.821,0.82112,1.13,1.50
2013.05.14 16:54:12.865,0.82101,0.82114,1.13,1.50
2013.05.14 16:54:13.662,0.821,0.82115,1.13,1.88
2013.05.14 16:54:14.053,0.821,0.82114,1.13,1.50
2013.05.14 16:54:21.712,0.821,0.82112,1.13,1.50
2013.05.14 16:54:21.841,0.82096,0.82112,1.13,1.50
2013.05.14 16:54:22.722,0.82095,0.82112,1.50,1.50
2013.05.14 16:54:23.581,0.82095,0.82112,1.50,1.50
2013.05.14 16:54:24.102,0.82095,0.82112,1.50,1.50
2013.05.14 16:54:24.747,0.82095,0.82112,1.50,1.50
2013.05.14 16:54:27.301,0.82095,0.82112,1.50,1.50
2013.05.14 16:54:28.032,0.82095,0.82112,1.50,1.50
2013.05.14 16:54:29.166,0.82095,0.82112,1.50,1.50
2013.05.14 16:54:29.763,0.82095,0.82112,1.50,1.50
2013.05.14 16:54:30.472,0.82095,0.82112,1.50,1.50
2013.05.14 16:54:31.217,0.82095,0.82112,1.50,1.50
2013.05.14 16:54:31.802,0.82095,0.82112,1.50,1.50
2013.05.14 16:54:32.874,0.82095,0.82112,1.50,1.50
2013.05.14 16:54:33.947,0.82095,0.82112,1.50,1.50
2013.05.14 16:54:34.454,0.82095,0.82112,1.50,1.50
2013.05.14 16:54:35.089,0.82095,0.82112,1.50,1.50
2013.05.14 16:54:36.022,0.82095,0.82112,1.50,1.50
2013.05.14 16:54:37.331,0.82095,0.82112,1.50,1.50
2013.05.14 16:54:38.151,0.82095,0.82112,1.50,1.50
2013.05.14 16:54:39.770,0.82095,0.82112,1.50,1.50
2013.05.14 16:54:41.696,0.82095,0.82112,1.50,1.50
2013.05.14 16:54:42.221,0.82095,0.82112,1.50,1.50
2013.05.14 16:54:42.774,0.82096,0.82112,1.50,1.50
2013.05.14 16:54:43.243,0.82093,0.8211,2.63,2.25
2013.05.14 16:54:43.373,0.82091,0.82105,1.50,1.50
2013.05.14 16:54:43.442,0.82089,0.82105,1.50,1.50
2013.05.14 16:54:43.572,0.82089,0.82106,1.50,2.63
2013.05.14 16:54:43.933,0.82087,0.82099,3.38,1.50
2013.05.14 16:54:44.242,0.82084,0.82098,2.25,1.50
2013.05.14 16:54:45.049,0.82082,0.82095,1.50,1.50
2013.05.14 16:54:45.960,0.82079,0.82095,1.50,1.50
2013.05.14 16:54:46.474,0.82079,0.82096,1.50,1.88
2013.05.14 16:54:47.092,0.82078,0.82095,1.88,2.25
2013.05.14 16:54:51.344,0.82077,0.82094,3.38,1.50
2013.05.14 16:54:51.651,0.82078,0.82094,1.13,1.50
2013.05.14 16:54:52.269,0.82078,0.82092,1.13,2.25
2013.05.14 16:54:52.952,0.82077,0.82091,2.63,2.25
2013.05.14 16:54:53.075,0.82076,0.82091,1.88,1.50
2013.05.14 16:54:53.146,0.82076,0.8209,1.88,1.50
2013.05.14 16:54:54.871,0.82074,0.82089,1.13,1.50
2013.05.14 16:54:55.005,0.8207,0.82086,3.75,1.50
2013.05.14 16:54:55.132,0.82071,0.82085,1.88,1.50
2013.05.14 16:54:55.771,0.8207,0.82083,1.13,1.88
2013.05.14 16:54:56.083,0.82065,0.82079,1.13,1.88
2013.05.14 16:54:56.155,0.82065,0.82077,1.13,1.50
2013.05.14 16:54:56.283,0.82065,0.82075,1.13,1.50
2013.05.14 16:54:56.605,0.8206,0.82075,1.13,1.50
2013.05.14 16:54:56.855,0.82059,0.82075,1.88,1.50
2013.05.14 16:54:57.817,0.82057,0.8207,1.13,1.50
2013.05.14 16:54:58.063,0.82057,0.82075,2.82,1.50
2013.05.14 16:54:58.572,0.82057,0.82075,1.69,1.50
2013.05.14 16:55:00.865,0.82058,0.82075,1.69,1.50
2013.05.14 16:55:00.993,0.82062,0.82076,3.38,2.25
2013.05.14 16:55:01.079,0.82065,0.82077,1.13,1.50
2013.05.14 16:55:01.601,0.82065,0.82078,1.50,1.50
2013.05.14 16:55:02.112,0.82065,0.82078,1.50,1.50
2013.05.14 16:55:02.957,0.82065,0.82078,1.50,1.50
2013.05.14 16:55:03.754,0.82065,0.82078,1.50,1.50
2013.05.14 16:55:04.409,0.82065,0.82078,1.50,1.50
2013.05.14 16:55:05.078,0.82065,0.82079,1.50,1.50
2013.05.14 16:55:05.745,0.82065,0.82079,1.50,1.50
2013.05.14 16:55:06.372,0.82065,0.82079,1.50,3.00
2013.05.14 16:55:07.427,0.82064,0.82078,1.50,1.50
2013.05.14 16:55:08.342,0.82064,0.82078,1.50,1.50
2013.05.14 16:55:08.884,0.82064,0.82078,1.50,1.50
2013.05.14 16:55:09.534,0.82064,0.82078,1.50,1.50
2013.05.14 16:55:10.049,0.82064,0.82078,1.50,1.50
2013.05.14 16:55:11.073,0.82063,0.82078,1.13,1.50
2013.05.14 16:55:12.272,0.82063,0.82079,1.88,3.00
2013.05.14 16:55:12.811,0.82063,0.82076,1.88,1.50
2013.05.14 16:55:13.154,0.82056,0.82068,1.50,2.25
2013.05.14 16:55:13.485,0.82053,0.82065,1.73,1.50
2013.05.14 16:55:14.054,0.82053,0.82061,1.73,2.25
2013.05.14 16:55:14.891,0.82044,0.82061,1.58,2.25
2013.05.14 16:55:14.977,0.82047,0.82065,1.13,2.63
2013.05.14 16:55:15.531,0.82047,0.82065,2.70,1.13
2013.05.14 16:55:16.041,0.82047,0.82064,1.20,1.50
2013.05.14 16:55:16.592,0.82047,0.82063,1.58,1.50
2013.05.14 16:55:17.843,0.82047,0.82063,1.69,1.50
2013.05.14 16:55:18.451,0.82047,0.82063,1.58,1.50
2013.05.14 16:55:18.572,0.82047,0.82063,1.69,1.50
2013.05.14 16:55:18.761,0.82047,0.82063,1.58,1.50
2013.05.14 16:55:19.512,0.82047,0.82063,1.77,1.50
2013.05.14 16:55:20.066,0.82047,0.82063,1.77,1.50
2013.05.14 16:55:21.151,0.82047,0.82063,1.95,1.50
2013.05.14 16:55:22.580,0.82047,0.82063,1.69,1.50
2013.05.14 16:55:23.120,0.82047,0.82063,2.44,1.50
2013.05.14 16:55:24.204,0.82047,0.82064,2.44,1.50
2013.05.14 16:55:25.254,0.82047,0.82064,3.57,1.50
2013.05.14 16:55:25.321,0.82051,0.82065,1.50,1.88
2013.05.14 16:55:25.741,0.82053,0.82066,1.50,1.50
2013.05.14 16:55:25.992,0.82054,0.82068,1.50,1.13
2013.05.14 16:55:26.171,0.82054,0.82065,1.50,1.50
2013.05.14 16:55:26.231,0.82053,0.82065,1.50,1.50
2013.05.14 16:55:26.415,0.82054,0.82068,1.50,1.13
2013.05.14 16:55:26.601,0.82054,0.8207,1.50,1.50
2013.05.14 16:55:26.902,0.82055,0.8207,1.50,1.50
2013.05.14 16:55:27.443,0.82054,0.8207,4.50,1.50
2013.05.14 16:55:28.252,0.82054,0.8207,1.50,1.50
2013.05.14 16:55:30.620,0.82056,0.8207,2.25,1.50
2013.05.14 16:55:31.200,0.82059,0.8207,1.50,1.50
2013.05.14 16:55:34.982,0.8206,0.8207,1.50,1.50
2013.05.14 16:55:35.102,0.82064,0.82076,1.50,1.50
2013.05.14 16:55:35.162,0.82064,0.82076,3.00,1.50
2013.05.14 16:55:36.465,0.82064,0.82076,1.50,1.50
2013.05.14 16:55:38.883,0.82064,0.82076,1.50,1.50
2013.05.14 16:55:39.072,0.82063,0.82076,2.25,1.50
2013.05.14 16:55:39.642,0.82064,0.82076,1.50,2.25
2013.05.14 16:55:40.781,0.82063,0.82075,1.50,1.50
2013.05.14 16:55:41.504,0.8206,0.82075,3.00,1.50
2013.05.14 16:55:46.682,0.8206,0.82074,3.00,1.50
2013.05.14 16:55:47.161,0.82057,0.82074,4.69,1.50
2013.05.14 16:55:47.221,0.82057,0.82074,3.19,1.50
2013.05.14 16:55:48.501,0.82057,0.82074,3.00,3.00
2013.05.14 16:55:49.063,0.82057,0.82074,3.19,2.25
2013.05.14 16:55:50.491,0.82057,0.82074,3.19,2.25
2013.05.14 16:55:58.275,0.82057,0.82074,3.19,2.25
2013.05.14 16:55:59.151,0.82057,0.82074,3.19,2.25
2013.05.14 16:56:02.521,0.82057,0.82074,3.19,2.44
2013.05.14 16:56:03.472,0.82057,0.82074,3.19,2.44
2013.05.14 16:56:05.542,0.82056,0.8207,1.69,1.50
2013.05.14 16:56:05.601,0.82053,0.8207,2.25,1.50
2013.05.14 16:56:08.762,0.82054,0.8207,1.50,2.10
2013.05.14 16:56:08.834,0.82052,0.82069,3.00,2.48
2013.05.14 16:56:08.903,0.82052,0.82065,2.25,1.88
2013.05.14 16:56:09.216,0.82048,0.82061,2.25,1.50
2013.05.14 16:56:09.582,0.82045,0.82061,1.50,1.50
2013.05.14 16:56:09.831,0.82045,0.82061,3.68,1.50
2013.05.14 16:56:12.961,0.82046,0.82061,1.58,1.50
2013.05.14 16:56:14.181,0.82046,0.82061,1.58,2.25
2013.05.14 16:56:26.579,0.82047,0.82061,1.20,1.50
2013.05.14 16:56:26.702,0.82048,0.82065,1.50,3.00
2013.05.14 16:56:26.761,0.82049,0.82065,1.13,3.00
2013.05.14 16:56:27.301,0.82051,0.82065,1.13,1.50
2013.05.14 16:56:27.841,0.82051,0.82065,1.13,1.50
2013.05.14 16:56:32.421,0.82051,0.82065,1.13,2.25
2013.05.14 16:56:32.924,0.82051,0.82063,1.13,1.50
2013.05.14 16:56:33.816,0.82051,0.82063,1.13,1.50
2013.05.14 16:56:38.795,0.82049,0.82064,2.63,1.50
2013.05.14 16:56:39.336,0.82049,0.82064,3.00,1.50
2013.05.14 16:56:41.565,0.82049,0.82064,2.25,1.50
2013.05.14 16:56:42.253,0.82049,0.82064,2.25,1.50
2013.05.14 16:56:44.171,0.82049,0.82064,2.25,1.50
2013.05.14 16:56:44.643,0.82047,0.82062,2.63,2.25
2013.05.14 16:56:44.772,0.82045,0.8206,2.25,1.50
2013.05.14 16:56:45.371,0.82044,0.82059,1.50,3.00
2013.05.14 16:56:45.610,0.82044,0.82059,1.50,1.50
2013.05.14 16:56:47.289,0.82047,0.82059,2.25,1.50
2013.05.14 16:56:47.412,0.82043,0.82058,3.00,1.50
2013.05.14 16:56:48.043,0.82045,0.82058,1.50,1.50
2013.05.14 16:56:53.523,0.82045,0.82058,3.75,1.50
2013.05.14 16:56:54.612,0.82051,0.82059,2.25,1.50
2013.05.14 16:56:54.802,0.82051,0.82062,2.25,1.50
2013.05.14 16:56:56.220,0.82049,0.82063,2.25,2.25
2013.05.14 16:56:56.292,0.82049,0.82063,2.25,2.25
2013.05.14 16:56:56.504,0.82047,0.82058,2.63,1.50
2013.05.14 16:56:56.932,0.8205,0.82059,1.13,1.50
2013.05.14 16:56:57.473,0.82049,0.82059,2.25,1.50
2013.05.14 16:56:58.543,0.82049,0.8206,2.25,1.50
2013.05.14 16:56:58.634,0.82046,0.82059,1.13,1.50
2013.05.14 16:56:59.194,0.82047,0.82058,1.13,1.50
2013.05.14 16:56:59.915,0.82046,0.82058,1.13,1.50
2013.05.14 16:57:00.068,0.82046,0.82057,1.13,1.50
2013.05.14 16:57:00.870,0.82046,0.82058,1.13,3.00
2013.05.14 16:57:01.381,0.82047,0.82058,1.13,1.50
2013.05.14 16:57:03.274,0.82046,0.82058,1.13,1.50
2013.05.14 16:57:03.934,0.82046,0.82058,1.13,1.50
2013.05.14 16:57:04.793,0.82046,0.82058,1.13,2.25
2013.05.14 16:57:05.311,0.82046,0.82058,1.13,2.25
2013.05.14 16:57:05.913,0.82046,0.82056,1.13,3.00
2013.05.14 16:57:06.445,0.82042,0.82054,9.75,1.50
2013.05.14 16:57:06.713,0.82041,0.82055,1.13,1.50
2013.05.14 16:57:09.111,0.8204,0.82053,1.13,1.50
2013.05.14 16:57:09.872,0.8204,0.82053,1.13,1.50
2013.05.14 16:57:10.123,0.82041,0.82052,1.13,1.50
2013.05.14 16:57:10.251,0.82036,0.82051,1.88,1.50
2013.05.14 16:57:10.491,0.82037,0.82054,3.38,3.00
2013.05.14 16:57:11.040,0.82037,0.82054,1.88,2.25
2013.05.14 16:57:11.104,0.82039,0.82053,2.25,1.50
2013.05.14 16:57:12.711,0.82039,0.82053,2.25,1.50
2013.05.14 16:57:13.260,0.82039,0.82052,2.25,1.50
2013.05.14 16:57:20.541,0.82037,0.82054,3.75,1.50
2013.05.14 16:57:21.599,0.82038,0.82054,2.25,1.50
2013.05.14 16:57:29.624,0.82042,0.82059,3.00,1.50
2013.05.14 16:57:29.894,0.82045,0.82059,1.50,1.50
2013.05.14 16:57:30.023,0.82045,0.82059,1.50,1.50
2013.05.14 16:57:30.302,0.82051,0.82064,1.50,1.50
2013.05.14 16:57:30.422,0.82051,0.82065,2.25,1.50
2013.05.14 16:57:30.971,0.82055,0.82068,2.25,2.25
2013.05.14 16:57:31.031,0.82055,0.82071,2.25,1.88
2013.05.14 16:57:31.464,0.82054,0.82071,3.00,1.88
2013.05.14 16:57:41.397,0.82055,0.82069,1.50,1.50
2013.05.14 16:57:42.012,0.82052,0.82069,3.75,2.25
2013.05.14 16:57:42.592,0.82052,0.82069,3.75,3.00
2013.05.14 16:57:42.832,0.82045,0.8206,1.69,1.50
2013.05.14 16:57:43.394,0.82041,0.82059,2.25,1.50
2013.05.14 16:57:43.463,0.82041,0.82058,2.25,1.50
2013.05.14 16:57:43.535,0.8204,0.82057,2.25,1.50
2013.05.14 16:57:43.902,0.82042,0.82058,2.25,3.00
2013.05.14 16:57:44.082,0.82042,0.82058,3.75,1.50
2013.05.14 16:57:44.143,0.82042,0.8206,1.50,2.25
2013.05.14 16:57:44.211,0.82042,0.82059,1.50,1.50
2013.05.14 16:57:44.867,0.8204,0.82056,3.75,1.50
2013.05.14 16:57:45.471,0.8204,0.82056,2.25,1.50
2013.05.14 16:57:45.896,0.82042,0.82058,2.25,1.50
2013.05.14 16:57:46.022,0.82042,0.82059,4.50,1.50
2013.05.14 16:57:46.141,0.82042,0.82059,2.25,1.50
2013.05.14 16:57:46.201,0.82042,0.82059,2.25,2.25
2013.05.14 16:57:46.761,0.82041,0.82055,2.25,1.50
2013.05.14 16:57:47.631,0.82041,0.82056,1.50,1.50
2013.05.14 16:57:48.133,0.82041,0.82055,1.50,1.50
2013.05.14 16:57:49.712,0.82041,0.82055,1.50,1.50
2013.05.14 16:57:53.601,0.8204,0.82057,1.50,1.50
2013.05.14 16:57:53.720,0.82044,0.82062,1.88,2.85
2013.05.14 16:57:53.779,0.82064,0.82129,6.31,2.03
2013.05.14 16:57:53.840,0.82117,0.82129,1.50,2.03
2013.05.14 16:57:53.961,0.82123,0.82132,1.50,2.85
2013.05.14 16:57:54.022,0.82123,0.82132,1.50,3.90
2013.05.14 16:57:54.082,0.82123,0.82138,1.88,1.05
2013.05.14 16:57:54.203,0.82127,0.82133,1.88,2.25
2013.05.14 16:57:54.333,0.82127,0.82139,1.50,1.62
2013.05.14 16:57:54.402,0.82126,0.82145,1.50,6.04
2013.05.14 16:57:54.591,0.82123,0.82142,1.69,1.50
2013.05.14 16:57:54.951,0.82123,0.82142,2.63,3.38
2013.05.14 16:57:55.273,0.82125,0.8214,1.13,1.50
2013.05.14 16:57:55.993,0.82121,0.82138,1.50,1.35
2013.05.14 16:57:56.122,0.82119,0.82138,3.75,2.10
2013.05.14 16:57:56.303,0.8212,0.82136,1.50,1.50
2013.05.14 16:57:57.172,0.82122,0.82137,4.50,1.50
2013.05.14 16:57:57.471,0.82125,0.82141,2.25,2.10
2013.05.14 16:57:57.591,0.82122,0.8214,2.25,3.00
2013.05.14 16:57:57.772,0.82122,0.82136,2.25,1.50
2013.05.14 16:57:58.335,0.82122,0.82135,2.25,1.50
2013.05.14 16:57:59.603,0.82118,0.82134,1.32,1.50
2013.05.14 16:58:01.742,0.82118,0.82135,1.13,1.50
2013.05.14 16:58:01.802,0.82118,0.82135,1.13,1.50
2013.05.14 16:58:01.923,0.8212,0.82135,2.25,1.50
2013.05.14 16:58:02.989,0.82117,0.82125,1.50,1.50
2013.05.14 16:58:03.053,0.82095,0.8212,4.71,6.76
2013.05.14 16:58:03.184,0.82095,0.82106,1.50,2.25
2013.05.14 16:58:03.502,0.82088,0.82101,1.58,1.50
2013.05.14 16:58:03.624,0.82084,0.82101,1.69,1.50
2013.05.14 16:58:03.694,0.82084,0.82096,1.69,1.50
2013.05.14 16:58:03.765,0.82084,0.82096,2.44,1.50
2013.05.14 16:58:03.834,0.82084,0.82096,1.50,1.50
2013.05.14 16:58:03.901,0.8208,0.82096,1.88,1.50
2013.05.14 16:58:04.892,0.82076,0.82096,2.63,1.50
2013.05.14 16:58:05.835,0.82076,0.82095,3.38,1.50
2013.05.14 16:58:07.005,0.82076,0.82095,3.38,1.50
2013.05.14 16:58:08.632,0.82076,0.82095,2.63,1.50
2013.05.14 16:58:09.924,0.82076,0.82095,2.63,1.50
2013.05.14 16:58:11.912,0.82076,0.82092,2.63,1.65
2013.05.14 16:58:12.092,0.82067,0.82081,2.44,1.50
2013.05.14 16:58:12.273,0.82067,0.82079,1.50,2.25
2013.05.14 16:58:12.462,0.82061,0.82076,1.50,1.50
2013.05.14 16:58:12.702,0.82059,0.82076,1.69,1.50
2013.05.14 16:58:12.763,0.82056,0.82075,2.44,1.50
2013.05.14 16:58:13.071,0.82059,0.82075,1.69,1.50
2013.05.14 16:58:13.902,0.82058,0.82075,1.50,1.50
2013.05.14 16:58:14.575,0.8206,0.82075,1.50,1.50
2013.05.14 16:58:16.502,0.8206,0.82076,3.00,1.50
2013.05.14 16:58:31.852,0.82061,0.82076,1.50,1.50
2013.05.14 16:58:32.403,0.82061,0.82077,2.25,1.50
2013.05.14 16:58:32.491,0.82063,0.82079,1.50,1.50
2013.05.14 16:58:32.812,0.82062,0.82081,3.19,1.50
2013.05.14 16:58:34.865,0.82075,0.82083,1.50,1.50
2013.05.14 16:58:35.172,0.82072,0.82089,2.25,1.50
2013.05.14 16:58:35.294,0.82072,0.82091,2.25,1.50
2013.05.14 16:58:38.433,0.82072,0.82079,1.50,1.50
2013.05.14 16:58:38.564,0.82066,0.82072,3.75,1.50
2013.05.14 16:58:38.633,0.82063,0.82072,1.69,2.25
2013.05.14 16:58:38.753,0.8206,0.82072,2.25,2.25
2013.05.14 16:58:38.881,0.82058,0.82072,2.44,2.25
2013.05.14 16:58:40.503,0.82056,0.82072,4.39,1.50
2013.05.14 16:58:40.634,0.82061,0.82077,1.58,1.50
2013.05.14 16:58:41.063,0.82065,0.82079,1.50,1.50
2013.05.14 16:58:41.643,0.82065,0.82081,1.58,1.50
2013.05.14 16:58:41.721,0.82068,0.82082,1.69,1.50
2013.05.14 16:58:42.783,0.82068,0.82082,1.69,1.50
2013.05.14 16:58:43.692,0.82068,0.82082,1.50,2.25
2013.05.14 16:58:44.403,0.82068,0.82082,1.50,1.50
2013.05.14 16:58:44.473,0.82062,0.82071,1.50,3.00
2013.05.14 16:58:44.542,0.82056,0.82066,2.40,2.25
2013.05.14 16:58:44.662,0.82053,0.82064,1.02,1.50
2013.05.14 16:58:44.782,0.82049,0.82064,1.58,1.50
2013.05.14 16:58:45.441,0.82049,0.82064,1.58,1.50
2013.05.14 16:58:45.501,0.82049,0.82061,1.50,2.25
2013.05.14 16:58:46.841,0.82048,0.82061,1.50,2.25
2013.05.14 16:58:47.022,0.82049,0.82064,2.25,1.50
2013.05.14 16:58:47.142,0.82049,0.82066,3.75,1.50
2013.05.14 16:58:47.502,0.82051,0.82066,1.50,1.50
2013.05.14 16:58:47.811,0.82051,0.82066,1.50,1.50
2013.05.14 16:58:48.633,0.82054,0.82068,1.50,1.50
2013.05.14 16:58:48.821,0.82055,0.82072,1.69,1.50
2013.05.14 16:58:50.126,0.82055,0.82066,1.69,1.50
2013.05.14 16:58:50.453,0.82052,0.82063,1.69,1.50
2013.05.14 16:58:50.582,0.82057,0.8207,1.50,2.25
2013.05.14 16:58:50.641,0.82057,0.82072,1.50,3.00
2013.05.14 16:58:51.428,0.82058,0.82072,1.50,1.50
2013.05.14 16:58:54.231,0.82058,0.82075,1.50,1.50
2013.05.14 16:58:55.221,0.82057,0.82076,1.50,2.25
2013.05.14 16:58:57.633,0.82059,0.82075,1.50,1.50
2013.05.14 16:59:00.267,0.82058,0.8207,1.50,1.50
2013.05.14 16:59:00.451,0.82054,0.82072,1.77,1.50
2013.05.14 16:59:00.811,0.82052,0.82071,2.44,1.50
2013.05.14 16:59:00.934,0.82055,0.82072,1.50,1.50
2013.05.14 16:59:01.121,0.82054,0.82072,2.59,3.75
2013.05.14 16:59:01.301,0.82056,0.82072,1.50,1.50
2013.05.14 16:59:01.422,0.82056,0.82072,1.50,1.50
2013.05.14 16:59:01.671,0.82052,0.8207,3.19,1.50
2013.05.14 16:59:03.542,0.82052,0.8207,1.69,1.50
2013.05.14 16:59:05.641,0.82052,0.82068,1.69,1.50
2013.05.14 16:59:13.302,0.82052,0.82068,1.50,1.50
2013.05.14 16:59:15.091,0.8205,0.82068,3.19,1.50
2013.05.14 16:59:34.462,0.82053,0.82069,2.25,1.50
2013.05.14 16:59:34.523,0.82055,0.82073,1.50,4.88
2013.05.14 16:59:34.594,0.82056,0.82073,2.25,1.88
2013.05.14 16:59:34.669,0.82057,0.82073,3.00,1.13
2013.05.14 16:59:34.805,0.82057,0.82074,2.63,1.35
2013.05.14 16:59:34.875,0.82058,0.82076,1.50,2.18
2013.05.14 16:59:35.002,0.8206,0.82076,2.25,1.50
2013.05.14 16:59:35.205,0.8206,0.82079,2.25,1.50
2013.05.14 16:59:35.522,0.8207,0.82084,1.50,2.25
2013.05.14 16:59:35.664,0.82071,0.82088,1.50,1.50
2013.05.14 16:59:35.734,0.82072,0.82091,1.73,1.50
2013.05.14 16:59:35.802,0.82075,0.82091,1.50,1.50
2013.05.14 16:59:35.863,0.82075,0.82093,2.25,1.13
2013.05.14 16:59:35.934,0.82075,0.82094,2.25,1.13
2013.05.14 16:59:36.242,0.82076,0.82098,2.25,1.50
2013.05.14 16:59:43.312,0.82076,0.82096,1.50,1.50
2013.05.14 16:59:44.752,0.82076,0.82096,1.50,1.50
2013.05.14 16:59:45.332,0.82075,0.82096,2.25,1.50
2013.05.14 16:59:47.712,0.82075,0.82096,2.25,1.50
2013.05.14 16:59:50.163,0.82077,0.82098,2.25,2.25
2013.05.14 16:59:50.840,0.8208,0.82098,1.50,1.50
2013.05.14 16:59:51.370,0.82081,0.82101,1.50,3.83
2013.05.14 16:59:52.213,0.82081,0.82098,1.50,1.50
2013.05.14 16:59:53.672,0.82081,0.82098,1.50,1.50
2013.05.14 16:59:56.214,0.82081,0.82098,1.50,1.50
2013.05.14 16:59:56.565,0.82078,0.82096,1.50,1.50
2013.05.14 16:59:56.729,0.82076,0.82096,2.25,1.50
2013.05.14 16:59:57.261,0.82075,0.82096,2.44,1.50
2013.05.14 16:59:58.602,0.82075,0.82096,2.44,1.50
2013.05.14 16:59:59.336,0.82071,0.82091,3.19,1.50
2013.05.14 16:59:59.732,0.82071,0.82091,3.19,1.50
