2007.09.24 14:00:10.985,0.7443,0.7445,13.30,4.40
2007.09.24 14:00:15.857,0.7443,0.7446,13.80,17.90
2007.09.24 14:00:18.558,0.74435,0.7446,0.50,0.50
2007.09.24 14:00:18.769,0.7443,0.7447,13.30,41.90
2007.09.24 14:00:19.077,0.7443,0.7446,13.30,18.40
2007.09.24 14:00:31.952,0.74435,0.7446,0.50,20.80
2007.09.24 14:00:32.451,0.7442,0.7446,16.80,32.80
2007.09.24 14:00:32.754,0.7442,0.7446,12.80,32.80
2007.09.24 14:00:32.934,0.74425,0.7446,0.50,32.80
2007.09.24 14:00:50.590,0.74425,0.7446,0.50,21.30
2007.09.24 14:00:50.899,0.7442,0.7445,13.30,11.50
2007.09.24 14:01:19.929,0.74425,0.7445,15.70,6.00
2007.09.24 14:01:20.042,0.7443,0.7446,9.20,8.40
2007.09.24 14:01:20.231,0.74435,0.7446,0.50,8.40
2007.09.24 14:01:20.450,0.74435,0.7446,0.50,7.60
2007.09.24 14:01:26.390,0.74435,0.7445,0.50,4.40
2007.09.24 14:01:26.575,0.7443,0.7445,18.10,0.50
2007.09.24 14:01:27.005,0.7443,0.7445,8.50,2.00
2007.09.24 14:01:29.371,0.74435,0.7445,0.50,4.40
2007.09.24 14:01:29.457,0.7444,0.7445,1.20,4.40
2007.09.24 14:01:29.569,0.74435,0.7445,8.50,4.40
2007.09.24 14:01:29.678,0.7444,0.7446,2.20,1.60
2007.09.24 14:01:29.803,0.74445,0.7446,0.50,2.00
2007.09.24 14:01:31.439,0.7444,0.7446,1.30,7.50
2007.09.24 14:01:31.445,0.74435,0.7446,1.30,7.10
2007.09.24 14:01:31.526,0.74435,0.7446,0.50,7.10
2007.09.24 14:01:37.766,0.74435,0.7446,0.50,11.10
2007.09.24 14:01:38.061,0.74435,0.7446,0.50,7.10
2007.09.24 14:01:48.958,0.74435,0.7447,0.50,32.20
2007.09.24 14:01:56.958,0.74435,0.7447,0.50,29.60
2007.09.24 14:01:57.006,0.7443,0.7447,28.00,29.60
2007.09.24 14:01:57.040,0.7443,0.7445,16.80,0.90
2007.09.24 14:01:57.266,0.7443,0.7445,4.00,0.90
2007.09.24 14:01:57.456,0.7443,0.7445,8.00,0.70
2007.09.24 14:01:57.550,0.7443,0.7446,16.00,13.20
2007.09.24 14:01:57.647,0.7443,0.7445,17.60,0.70
2007.09.24 14:01:57.744,0.7443,0.74465,24.80,5.80
2007.09.24 14:01:57.912,0.7444,0.74465,0.80,6.20
2007.09.24 14:02:05.041,0.7444,0.7446,0.80,0.70
2007.09.24 14:02:05.117,0.74435,0.74465,0.50,9.50
2007.09.24 14:02:05.538,0.74435,0.7446,0.50,0.90
2007.09.24 14:02:05.635,0.7444,0.7446,0.80,0.80
2007.09.24 14:02:05.862,0.7444,0.7446,0.80,0.90
2007.09.24 14:02:17.161,0.74435,0.74465,0.50,10.00
2007.09.24 14:02:17.882,0.74435,0.7446,0.50,8.00
2007.09.24 14:02:20.572,0.74435,0.7446,0.50,1.60
2007.09.24 14:02:20.691,0.7444,0.7446,0.80,1.60
2007.09.24 14:02:21.074,0.7444,0.7446,0.80,2.00
2007.09.24 14:02:21.609,0.74435,0.7446,0.50,7.60
2007.09.24 14:02:21.888,0.74435,0.7446,0.50,7.20
2007.09.24 14:02:23.515,0.74435,0.7446,0.50,8.00
2007.09.24 14:02:23.584,0.74435,0.7446,0.50,13.50
2007.09.24 14:02:23.989,0.74435,0.7446,0.50,18.30
2007.09.24 14:02:24.292,0.7443,0.7446,4.80,18.30
2007.09.24 14:02:24.519,0.7443,0.7446,4.80,14.30
2007.09.24 14:02:24.552,0.7443,0.7445,4.80,12.40
2007.09.24 14:02:24.609,0.7443,0.7445,4.80,8.40
2007.09.24 14:02:24.732,0.7443,0.7445,4.00,8.40
2007.09.24 14:02:25.118,0.7443,0.7445,4.00,8.00
2007.09.24 14:02:25.141,0.74425,0.7445,0.50,8.10
2007.09.24 14:02:26.078,0.7443,0.7445,7.20,6.40
2007.09.24 14:02:26.172,0.7443,0.7445,12.00,6.40
2007.09.24 14:02:26.278,0.7443,0.7445,12.00,2.40
2007.09.24 14:02:26.662,0.74435,0.7445,0.50,2.80
2007.09.24 14:02:32.505,0.74435,0.7445,0.50,8.50
2007.09.24 14:02:32.706,0.7442,0.7445,27.70,8.50
2007.09.24 14:02:32.729,0.7442,0.7445,26.90,8.50
2007.09.24 14:02:32.738,0.7442,0.7445,26.10,8.50
2007.09.24 14:02:32.933,0.7442,0.7445,26.90,8.50
2007.09.24 14:02:33.073,0.74425,0.7445,0.50,8.10
2007.09.24 14:02:34.090,0.7443,0.7445,4.80,2.40
2007.09.24 14:02:34.188,0.7443,0.7445,5.60,2.40
2007.09.24 14:02:34.436,0.7443,0.7445,9.60,2.40
2007.09.24 14:02:34.560,0.7443,0.7445,4.80,8.10
2007.09.24 14:02:34.663,0.74425,0.7445,0.50,8.10
2007.09.24 14:02:37.031,0.74425,0.7444,0.50,4.40
2007.09.24 14:02:37.279,0.74425,0.7444,0.50,0.50
2007.09.24 14:02:37.552,0.74425,0.7444,0.50,2.00
2007.09.24 14:02:38.090,0.74425,0.7444,0.50,7.50
2007.09.24 14:02:38.694,0.7442,0.7444,4.00,7.10
2007.09.24 14:02:41.200,0.7442,0.7444,4.00,11.10
2007.09.24 14:02:41.933,0.7442,0.7444,4.00,7.10
2007.09.24 14:02:42.035,0.7442,0.7444,8.00,1.60
2007.09.24 14:02:42.048,0.7442,0.7444,8.00,5.60
2007.09.24 14:02:42.126,0.7442,0.7444,8.80,5.60
2007.09.24 14:02:42.652,0.74425,0.7445,0.50,19.40
2007.09.24 14:02:46.465,0.74425,0.7445,0.50,19.20
2007.09.24 14:02:48.021,0.74425,0.7445,0.50,14.40
2007.09.24 14:02:48.101,0.74425,0.7444,0.50,7.50
2007.09.24 14:02:48.352,0.7442,0.7444,4.00,7.10
2007.09.24 14:02:49.031,0.7442,0.7444,4.00,11.10
2007.09.24 14:02:49.058,0.74425,0.7445,0.50,19.80
2007.09.24 14:02:49.072,0.74425,0.7445,0.50,20.60
2007.09.24 14:02:49.185,0.74425,0.7445,0.50,19.60
2007.09.24 14:02:49.481,0.74425,0.7445,0.50,19.40
2007.09.24 14:02:49.703,0.74425,0.7445,0.50,19.20
2007.09.24 14:02:50.358,0.74425,0.7445,0.50,19.20
2007.09.24 14:02:52.513,0.7442,0.7445,9.30,19.40
2007.09.24 14:03:11.563,0.7442,0.7445,5.30,17.90
2007.09.24 14:03:11.579,0.7442,0.7444,5.30,7.50
2007.09.24 14:03:11.659,0.74425,0.7444,0.50,13.90
2007.09.24 14:03:11.764,0.74415,0.7444,0.80,14.70
2007.09.24 14:03:11.816,0.744,0.7444,33.60,14.70
2007.09.24 14:03:11.985,0.744,0.7444,37.60,14.70
2007.09.24 14:03:12.075,0.74425,0.7444,0.50,14.70
2007.09.24 14:03:12.083,0.7442,0.7444,4.50,18.70
2007.09.24 14:03:12.182,0.7442,0.7444,4.50,10.80
2007.09.24 14:03:12.277,0.74425,0.7444,0.50,6.00
2007.09.24 14:03:12.424,0.7442,0.7445,5.30,27.40
2007.09.24 14:03:12.611,0.74425,0.7445,0.50,19.40
2007.09.24 14:03:14.154,0.7442,0.7445,5.30,23.40
2007.09.24 14:03:22.162,0.74425,0.7445,0.50,19.40
2007.09.24 14:03:37.860,0.74425,0.7445,0.50,18.40
2007.09.24 14:03:44.756,0.74425,0.7445,0.50,17.00
2007.09.24 14:03:44.870,0.74425,0.7445,0.50,12.20
2007.09.24 14:03:44.953,0.74425,0.7445,0.50,8.20
2007.09.24 14:03:54.764,0.74425,0.7445,0.50,8.10
2007.09.24 14:03:55.701,0.74425,0.7445,0.50,8.00
2007.09.24 14:03:55.855,0.74425,0.7445,0.50,0.70
2007.09.24 14:03:57.226,0.74425,0.7446,0.50,33.10
2007.09.24 14:04:05.359,0.74425,0.7446,0.50,36.60
2007.09.24 14:04:05.793,0.74425,0.7445,0.50,0.70
2007.09.24 14:04:05.892,0.74425,0.7446,0.50,41.20
2007.09.24 14:04:06.379,0.74425,0.7446,0.50,38.40
2007.09.24 14:04:09.149,0.74425,0.7446,0.50,36.70
2007.09.24 14:04:09.361,0.74425,0.7445,0.50,0.80
2007.09.24 14:04:14.846,0.74425,0.7445,0.50,0.60
2007.09.24 14:04:16.789,0.74425,0.7445,0.50,0.60
2007.09.24 14:04:17.400,0.74425,0.7446,0.50,36.40
2007.09.24 14:04:27.025,0.7442,0.7445,27.70,8.20
2007.09.24 14:04:32.890,0.74425,0.7445,0.50,8.10
2007.09.24 14:04:38.462,0.74425,0.7445,0.50,8.20
2007.09.24 14:04:48.765,0.7442,0.7445,27.70,8.10
2007.09.24 14:04:49.085,0.7442,0.7445,27.70,8.00
2007.09.24 14:04:52.263,0.7442,0.7445,27.70,8.10
2007.09.24 14:05:02.488,0.74425,0.7445,0.50,8.20
2007.09.24 14:05:12.364,0.7442,0.7445,27.70,8.20
2007.09.24 14:05:19.388,0.74425,0.7445,0.50,9.60
2007.09.24 14:05:19.517,0.74425,0.7445,0.50,14.40
2007.09.24 14:05:21.077,0.74425,0.7445,0.50,14.40
2007.09.24 14:05:29.387,0.7442,0.7445,14.90,18.40
2007.09.24 14:05:29.398,0.74425,0.7445,0.50,0.80
2007.09.24 14:05:41.943,0.74425,0.74455,0.50,14.60
2007.09.24 14:05:42.455,0.74425,0.7445,0.50,0.60
2007.09.24 14:05:42.555,0.74425,0.7445,0.50,0.50
2007.09.24 14:05:42.576,0.74425,0.7445,0.50,0.90
2007.09.24 14:05:42.880,0.74425,0.7445,0.50,0.90
2007.09.24 14:05:47.033,0.74425,0.7445,0.50,0.90
2007.09.24 14:06:04.948,0.74425,0.7445,0.50,11.90
2007.09.24 14:06:05.042,0.74425,0.7445,0.50,7.10
2007.09.24 14:06:05.193,0.74425,0.7446,0.50,33.20
2007.09.24 14:06:08.856,0.74425,0.7446,0.50,33.20
2007.09.24 14:06:12.937,0.74425,0.7446,0.50,33.90
2007.09.24 14:06:15.918,0.74425,0.7446,0.50,33.10
2007.09.24 14:06:15.933,0.7442,0.7446,14.90,32.30
2007.09.24 14:06:38.706,0.7442,0.7446,18.90,33.10
2007.09.24 14:06:39.362,0.74425,0.7446,0.50,33.50
2007.09.24 14:06:46.974,0.74425,0.7446,0.50,33.40
2007.09.24 14:06:49.342,0.7443,0.7446,0.50,33.20
2007.09.24 14:06:49.420,0.74425,0.7446,1.00,33.20
2007.09.24 14:06:49.565,0.7442,0.7446,19.70,33.30
2007.09.24 14:06:54.144,0.74425,0.7446,0.50,32.50
2007.09.24 14:06:54.389,0.7442,0.7446,18.90,31.70
2007.09.24 14:07:00.873,0.7443,0.7446,1.60,30.10
2007.09.24 14:07:01.927,0.7443,0.7446,1.60,0.90
2007.09.24 14:07:11.544,0.7443,0.7446,1.60,0.80
2007.09.24 14:07:11.651,0.7443,0.74465,5.60,24.50
2007.09.24 14:07:11.720,0.74435,0.7446,0.50,0.90
2007.09.24 14:07:11.735,0.74435,0.7446,0.50,0.60
2007.09.24 14:07:11.950,0.74435,0.74465,0.50,24.60
2007.09.24 14:07:11.960,0.74435,0.7446,0.50,0.70
2007.09.24 14:07:22.128,0.74435,0.7446,0.50,0.70
2007.09.24 14:07:28.852,0.74435,0.74465,0.50,20.60
2007.09.24 14:07:28.877,0.74435,0.74465,0.50,19.00
2007.09.24 14:07:32.627,0.7443,0.7446,16.00,16.90
2007.09.24 14:07:32.651,0.7443,0.7446,12.80,16.90
2007.09.24 14:07:32.731,0.7443,0.7446,4.00,30.60
2007.09.24 14:07:32.749,0.7443,0.7446,4.00,30.80
2007.09.24 14:07:32.853,0.7443,0.7446,4.00,31.00
2007.09.24 14:07:33.131,0.74425,0.7446,0.50,31.00
2007.09.24 14:07:39.192,0.7443,0.7446,4.80,13.30
2007.09.24 14:07:39.219,0.7443,0.7446,4.80,13.10
2007.09.24 14:07:39.338,0.7443,0.7446,8.80,17.10
2007.09.24 14:07:39.618,0.7443,0.7446,12.80,30.60
2007.09.24 14:07:39.716,0.7443,0.7446,12.80,30.60
2007.09.24 14:07:39.745,0.7443,0.7446,8.00,34.00
2007.09.24 14:07:39.837,0.7443,0.7446,4.00,30.80
2007.09.24 14:07:40.148,0.74425,0.7446,0.50,30.80
2007.09.24 14:07:40.243,0.74425,0.7446,0.50,31.00
2007.09.24 14:07:50.699,0.74425,0.7446,0.50,32.60
2007.09.24 14:07:54.880,0.74425,0.7445,0.50,1.20
2007.09.24 14:08:06.358,0.7442,0.7445,22.90,1.20
2007.09.24 14:08:55.917,0.74425,0.7445,0.50,1.70
2007.09.24 14:08:55.954,0.74425,0.7446,0.50,37.80
2007.09.24 14:08:57.055,0.74425,0.7446,0.50,34.60
2007.09.24 14:08:59.223,0.74425,0.7446,0.50,35.40
2007.09.24 14:08:59.335,0.74425,0.7446,0.50,33.90
2007.09.24 14:09:00.259,0.74425,0.7446,0.50,31.50
2007.09.24 14:09:01.260,0.74425,0.7446,0.50,33.30
2007.09.24 14:09:01.287,0.74425,0.7446,0.50,33.50
2007.09.24 14:09:01.397,0.74425,0.7446,0.50,31.60
2007.09.24 14:09:01.637,0.74425,0.7445,0.50,1.20
2007.09.24 14:09:01.772,0.74425,0.7445,0.50,1.40
2007.09.24 14:09:01.805,0.74425,0.7445,0.50,1.60
2007.09.24 14:09:02.118,0.74425,0.7446,0.50,33.10
2007.09.24 14:09:02.427,0.74425,0.7446,0.50,26.10
2007.09.24 14:09:02.495,0.74425,0.7446,0.50,26.30
2007.09.24 14:09:02.755,0.74425,0.7446,0.50,24.40
2007.09.24 14:09:03.034,0.74425,0.7445,0.50,1.20
2007.09.24 14:09:06.887,0.7443,0.7445,0.80,1.20
2007.09.24 14:09:07.034,0.7443,0.7445,2.40,1.20
2007.09.24 14:09:07.059,0.74435,0.7445,0.50,0.80
2007.09.24 14:09:07.251,0.74435,0.74455,0.50,1.00
2007.09.24 14:09:07.300,0.74435,0.74465,0.50,17.10
2007.09.24 14:09:07.876,0.7443,0.74465,6.40,16.70
2007.09.24 14:09:11.046,0.74435,0.74465,0.50,17.10
2007.09.24 14:09:13.722,0.74435,0.74465,0.50,13.10
2007.09.24 14:09:16.873,0.74435,0.74465,0.50,17.10
2007.09.24 14:09:17.308,0.74435,0.7446,0.50,0.60
2007.09.24 14:09:17.413,0.74435,0.7445,0.50,0.80
2007.09.24 14:09:17.463,0.7443,0.74455,4.00,1.40
2007.09.24 14:09:17.622,0.74425,0.74455,0.50,1.40
2007.09.24 14:09:23.870,0.7442,0.74455,23.90,1.00
2007.09.24 14:09:23.906,0.74435,0.74455,0.50,1.00
2007.09.24 14:09:24.154,0.74435,0.74465,0.50,21.10
2007.09.24 14:09:26.309,0.7443,0.74465,6.40,20.70
2007.09.24 14:09:27.748,0.7443,0.74465,6.40,16.70
2007.09.24 14:09:31.564,0.7443,0.74465,10.40,16.70
2007.09.24 14:09:31.578,0.7443,0.7446,12.00,0.70
2007.09.24 14:09:31.913,0.74435,0.7446,0.50,0.50
2007.09.24 14:09:33.341,0.74435,0.74465,0.50,26.50
2007.09.24 14:09:33.408,0.74435,0.74465,0.50,24.10
2007.09.24 14:09:33.556,0.7443,0.74465,7.20,23.70
2007.09.24 14:09:33.600,0.7443,0.74455,7.20,9.40
2007.09.24 14:09:33.638,0.7443,0.7445,3.20,0.50
2007.09.24 14:09:45.356,0.7443,0.74455,3.20,5.40
2007.09.24 14:09:47.344,0.7443,0.74455,3.20,1.40
2007.09.24 14:09:47.384,0.7443,0.7445,11.20,0.70
2007.09.24 14:09:47.476,0.7443,0.74455,12.00,1.40
2007.09.24 14:09:47.579,0.7443,0.74465,12.00,5.80
2007.09.24 14:09:47.766,0.7443,0.74465,12.00,9.80
2007.09.24 14:09:47.868,0.7443,0.74465,12.00,10.00
2007.09.24 14:09:47.887,0.7443,0.74465,16.00,7.00
2007.09.24 14:09:47.933,0.74435,0.74465,0.50,7.40
2007.09.24 14:09:47.968,0.74435,0.7446,0.50,0.50
2007.09.24 14:09:48.015,0.74435,0.7446,0.50,0.60
2007.09.24 14:09:48.513,0.74435,0.74465,0.50,17.10
2007.09.24 14:09:54.346,0.74435,0.7446,0.50,15.30
2007.09.24 14:09:54.355,0.74435,0.7446,0.50,9.70
2007.09.24 14:09:54.455,0.74435,0.7446,0.50,0.70
2007.09.24 14:09:54.460,0.74435,0.7446,0.50,0.50
2007.09.24 14:09:54.655,0.74435,0.7446,0.50,0.50
2007.09.24 14:09:55.499,0.74435,0.7446,0.50,0.50
2007.09.24 14:09:57.819,0.74435,0.7446,0.50,0.60
2007.09.24 14:09:57.931,0.74435,0.7446,0.50,0.50
2007.09.24 14:09:58.027,0.74435,0.74465,0.50,15.30
2007.09.24 14:09:58.338,0.74435,0.74465,0.50,16.90
2007.09.24 14:09:58.424,0.74435,0.7446,0.50,0.60
2007.09.24 14:10:07.957,0.74435,0.74465,0.50,17.10
2007.09.24 14:10:08.699,0.7443,0.74465,10.40,16.70
2007.09.24 14:10:14.315,0.74435,0.74475,0.50,24.80
2007.09.24 14:10:14.818,0.74435,0.74475,0.50,28.00
2007.09.24 14:10:14.913,0.74435,0.74475,0.50,26.40
2007.09.24 14:10:14.926,0.74435,0.74475,0.50,24.00
2007.09.24 14:10:15.020,0.74435,0.74475,0.50,28.20
2007.09.24 14:10:15.131,0.74435,0.7447,0.50,0.80
2007.09.24 14:10:15.178,0.74435,0.7447,0.50,0.60
2007.09.24 14:10:15.466,0.74435,0.7448,0.50,38.70
2007.09.24 14:10:15.552,0.74435,0.7448,0.50,35.30
2007.09.24 14:10:15.583,0.74435,0.7446,0.50,0.60
2007.09.24 14:10:16.064,0.74435,0.7446,0.50,0.50
2007.09.24 14:10:16.492,0.74435,0.7446,0.50,0.80
2007.09.24 14:10:16.616,0.74435,0.7446,0.50,0.90
2007.09.24 14:10:17.448,0.74435,0.74465,0.50,10.20
2007.09.24 14:10:17.481,0.74435,0.74465,0.50,14.20
2007.09.24 14:10:20.308,0.74435,0.74465,0.50,14.10
2007.09.24 14:10:23.016,0.7444,0.74465,4.00,14.10
2007.09.24 14:10:23.033,0.7444,0.7446,6.40,0.90
2007.09.24 14:10:24.904,0.7444,0.7446,10.40,4.40
2007.09.24 14:10:25.000,0.7444,0.7446,11.20,4.40
2007.09.24 14:10:25.183,0.7444,0.7447,11.20,24.40
2007.09.24 14:10:25.528,0.7444,0.7447,15.20,20.40
2007.09.24 14:10:26.633,0.7444,0.7447,16.00,20.40
2007.09.24 14:10:27.982,0.74445,0.7447,0.50,20.40
2007.09.24 14:10:28.023,0.74445,0.7447,0.50,20.30
2007.09.24 14:10:28.120,0.74445,0.7447,0.50,20.30
2007.09.24 14:10:29.148,0.74445,0.7447,0.50,20.30
2007.09.24 14:10:32.439,0.74445,0.7447,0.50,16.40
2007.09.24 14:10:32.525,0.74445,0.7447,0.50,20.40
2007.09.24 14:10:32.564,0.74445,0.7446,0.50,5.90
2007.09.24 14:10:32.759,0.7444,0.7446,9.60,5.50
2007.09.24 14:10:32.863,0.7444,0.7446,5.60,5.50
2007.09.24 14:10:32.967,0.7444,0.7446,1.60,5.50
2007.09.24 14:10:37.607,0.7444,0.7446,1.60,9.50
2007.09.24 14:10:37.672,0.7444,0.7446,1.60,4.00
2007.09.24 14:10:38.363,0.7444,0.7446,1.60,4.40
2007.09.24 14:10:38.825,0.74435,0.7446,0.50,4.40
2007.09.24 14:10:39.950,0.74435,0.7446,0.50,6.00
2007.09.24 14:10:40.034,0.74435,0.7446,0.50,10.80
2007.09.24 14:10:40.112,0.74435,0.7446,0.50,10.90
2007.09.24 14:10:40.264,0.74435,0.7446,0.50,11.10
2007.09.24 14:10:40.579,0.74435,0.7447,0.50,27.30
2007.09.24 14:10:46.848,0.74435,0.7447,0.50,26.60
2007.09.24 14:10:47.732,0.74435,0.7447,0.50,26.60
2007.09.24 14:10:48.118,0.74435,0.7447,0.50,27.30
2007.09.24 14:10:49.101,0.74435,0.7447,0.50,27.20
2007.09.24 14:10:55.970,0.7443,0.7447,14.90,23.30
2007.09.24 14:10:57.011,0.7443,0.7447,17.90,23.70
2007.09.24 14:10:57.108,0.7443,0.7447,30.70,28.10
2007.09.24 14:10:57.160,0.74435,0.7447,0.50,28.30
2007.09.24 14:10:57.194,0.74435,0.7446,0.50,6.00
2007.09.24 14:10:57.471,0.7443,0.7446,33.10,4.40
2007.09.24 14:11:06.914,0.74435,0.7446,0.50,0.50
2007.09.24 14:11:07.012,0.7444,0.7446,1.20,0.50
2007.09.24 14:11:07.079,0.7444,0.7446,4.50,0.50
2007.09.24 14:11:07.202,0.7444,0.74465,10.90,0.20
2007.09.24 14:11:07.412,0.74445,0.7448,0.50,11.30
2007.09.24 14:11:30.417,0.7444,0.7447,5.60,24.50
2007.09.24 14:11:30.455,0.7444,0.7446,1.60,4.40
2007.09.24 14:11:32.959,0.7444,0.7446,1.60,0.50
2007.09.24 14:11:33.044,0.7445,0.7446,2.40,0.50
2007.09.24 14:11:33.090,0.7445,0.7446,12.00,0.50
2007.09.24 14:11:33.115,0.7445,0.7447,12.00,8.90
2007.09.24 14:11:33.135,0.7445,0.7447,12.00,8.80
2007.09.24 14:11:33.197,0.7445,0.7447,12.80,8.00
2007.09.24 14:11:33.505,0.7445,0.7447,16.80,4.00
2007.09.24 14:11:33.587,0.7446,0.7448,1.60,15.40
2007.09.24 14:11:36.503,0.7446,0.7449,1.60,34.00
2007.09.24 14:11:40.255,0.7446,0.7449,1.60,34.00
2007.09.24 14:11:46.889,0.7446,0.7448,1.60,0.50
2007.09.24 14:11:46.982,0.7446,0.7449,1.60,33.40
2007.09.24 14:11:47.088,0.7446,0.7449,1.60,34.20
2007.09.24 14:11:48.532,0.7446,0.74495,1.60,23.60
2007.09.24 14:11:48.649,0.7446,0.7449,5.60,0.70
2007.09.24 14:11:48.754,0.7446,0.7449,10.40,0.60
2007.09.24 14:11:48.873,0.7446,0.7449,14.40,0.80
2007.09.24 14:11:48.889,0.74465,0.7449,0.50,0.90
2007.09.24 14:11:49.233,0.74465,0.74505,0.50,24.00
2007.09.24 14:11:53.600,0.74465,0.74505,0.50,12.30
2007.09.24 14:11:53.665,0.7446,0.745,8.80,41.00
2007.09.24 14:11:53.674,0.7446,0.745,8.80,42.40
2007.09.24 14:11:53.718,0.7446,0.745,4.00,41.90
2007.09.24 14:11:53.837,0.7446,0.7449,4.00,0.50
2007.09.24 14:11:54.430,0.7446,0.745,0.10,42.80
2007.09.24 14:11:55.790,0.74455,0.745,0.50,42.80
2007.09.24 14:11:57.064,0.74455,0.745,0.50,46.60
2007.09.24 14:11:57.159,0.74455,0.745,0.50,49.80
2007.09.24 14:11:57.237,0.74455,0.7449,0.50,0.50
2007.09.24 14:11:57.268,0.74455,0.745,0.50,48.60
2007.09.24 14:11:57.290,0.74455,0.7448,0.50,0.50
2007.09.24 14:12:11.289,0.7445,0.74485,27.20,0.20
2007.09.24 14:12:11.566,0.74465,0.74485,0.50,0.20
2007.09.24 14:12:11.613,0.74465,0.745,0.50,31.40
2007.09.24 14:12:11.808,0.74465,0.745,0.50,32.20
2007.09.24 14:12:24.092,0.74465,0.745,0.50,28.20
2007.09.24 14:12:24.100,0.74465,0.745,0.50,15.40
2007.09.24 14:12:24.143,0.74465,0.745,0.50,16.20
2007.09.24 14:12:24.194,0.74465,0.745,0.50,11.20
2007.09.24 14:12:24.390,0.74465,0.74485,0.50,0.20
2007.09.24 14:12:24.612,0.7445,0.74485,20.00,0.20
2007.09.24 14:12:24.846,0.74455,0.7448,0.50,0.50
2007.09.24 14:12:31.334,0.7445,0.7448,20.50,0.50
2007.09.24 14:12:39.616,0.74455,0.7448,0.50,0.50
2007.09.24 14:13:01.727,0.7445,0.7448,4.00,0.20
2007.09.24 14:13:07.768,0.7445,0.7448,4.00,0.40
2007.09.24 14:13:08.134,0.74455,0.7448,0.50,0.70
2007.09.24 14:13:08.173,0.74455,0.7448,0.50,0.90
2007.09.24 14:13:11.482,0.7445,0.7448,4.50,0.90
2007.09.24 14:13:13.786,0.74455,0.7448,0.50,0.70
2007.09.24 14:13:13.828,0.74455,0.7448,0.50,0.50
2007.09.24 14:13:13.944,0.74455,0.7448,0.50,0.50
2007.09.24 14:13:20.844,0.74455,0.7448,4.50,0.50
2007.09.24 14:13:20.882,0.7446,0.74485,4.50,1.70
2007.09.24 14:13:21.343,0.7446,0.74485,10.90,1.60
2007.09.24 14:13:24.753,0.7447,0.74485,0.60,1.60
2007.09.24 14:13:24.786,0.74465,0.74485,6.10,1.60
2007.09.24 14:13:25.387,0.74465,0.74485,10.10,1.60
2007.09.24 14:13:25.773,0.7447,0.74485,10.10,1.60
2007.09.24 14:13:26.486,0.74465,0.74485,10.10,1.60
2007.09.24 14:13:26.628,0.74465,0.74485,6.10,1.60
2007.09.24 14:13:28.279,0.7447,0.74485,0.50,1.60
2007.09.24 14:13:28.390,0.74465,0.74485,11.70,1.60
2007.09.24 14:13:28.694,0.74465,0.74485,15.70,1.60
2007.09.24 14:13:28.816,0.7447,0.74485,3.50,1.60
2007.09.24 14:13:29.303,0.74465,0.74485,6.10,1.60
2007.09.24 14:13:30.627,0.74465,0.74485,6.10,0.80
2007.09.24 14:13:30.876,0.7447,0.74485,0.60,0.80
2007.09.24 14:13:31.022,0.74465,0.74485,0.50,0.80
2007.09.24 14:13:31.991,0.7446,0.7449,4.50,1.80
2007.09.24 14:13:32.968,0.7446,0.7449,4.50,1.90
2007.09.24 14:13:33.641,0.7446,0.7449,4.50,1.70
2007.09.24 14:13:33.760,0.7446,0.7449,4.50,1.80
2007.09.24 14:13:34.684,0.7446,0.7449,4.50,1.60
2007.09.24 14:13:34.759,0.7446,0.7449,16.50,1.50
2007.09.24 14:13:34.879,0.74465,0.7449,0.50,1.50
2007.09.24 14:13:34.961,0.7446,0.7449,25.30,1.40
2007.09.24 14:13:35.657,0.7446,0.7449,27.00,1.30
2007.09.24 14:13:39.783,0.7447,0.7449,4.00,1.30
2007.09.24 14:13:39.861,0.7447,0.7449,4.10,1.30
2007.09.24 14:13:39.896,0.7447,0.7449,4.90,1.30
2007.09.24 14:13:40.098,0.7447,0.7449,8.90,1.30
2007.09.24 14:13:40.149,0.74475,0.7449,0.50,0.90
2007.09.24 14:13:40.612,0.7446,0.7449,22.50,0.90
2007.09.24 14:13:41.044,0.74465,0.7449,0.50,1.30
2007.09.24 14:13:41.294,0.7447,0.7449,0.09,1.30
2007.09.24 14:13:41.432,0.7447,0.7449,4.90,1.30
2007.09.24 14:13:41.526,0.7447,0.7449,8.90,1.30
2007.09.24 14:13:41.808,0.74475,0.7449,0.50,0.90
2007.09.24 14:13:41.828,0.74475,0.7449,0.50,1.20
2007.09.24 14:13:41.855,0.74475,0.7449,0.50,1.10
2007.09.24 14:13:41.941,0.74475,0.7449,0.50,1.20
2007.09.24 14:13:42.263,0.7446,0.7449,26.50,1.20
2007.09.24 14:13:42.584,0.74465,0.7449,0.50,1.60
2007.09.24 14:13:43.321,0.74465,0.7449,0.50,1.40
2007.09.24 14:13:43.424,0.7445,0.7449,12.00,1.00
2007.09.24 14:13:43.534,0.7446,0.7449,15.10,1.00
2007.09.24 14:13:43.557,0.7446,0.7449,15.10,1.00
2007.09.24 14:13:43.944,0.7446,0.7449,8.00,0.90
2007.09.24 14:13:43.978,0.7446,0.7449,8.10,0.90
2007.09.24 14:13:44.126,0.7447,0.7449,4.00,1.30
2007.09.24 14:13:44.364,0.74465,0.7449,0.50,1.60
2007.09.24 14:13:45.757,0.7446,0.7448,4.00,0.50
2007.09.24 14:13:46.339,0.7446,0.7448,12.00,0.50
2007.09.24 14:13:46.449,0.7446,0.7448,24.80,0.50
2007.09.24 14:13:46.474,0.7446,0.7448,24.80,0.50
2007.09.24 14:13:46.571,0.74465,0.7449,0.50,1.50
2007.09.24 14:13:46.752,0.74465,0.7449,0.50,1.30
2007.09.24 14:13:46.858,0.74465,0.7449,0.50,1.60
2007.09.24 14:13:47.372,0.7446,0.7448,4.00,0.50
2007.09.24 14:13:47.384,0.7446,0.7448,4.00,0.50
2007.09.24 14:13:51.960,0.7446,0.7448,4.00,0.50
2007.09.24 14:13:52.031,0.7446,0.7448,4.10,0.50
2007.09.24 14:13:52.167,0.74465,0.7449,0.50,1.60
2007.09.24 14:13:52.976,0.7446,0.7448,4.00,0.50
2007.09.24 14:13:54.934,0.7446,0.7448,12.00,0.50
2007.09.24 14:13:55.059,0.7446,0.7448,12.10,0.50
2007.09.24 14:13:55.117,0.7446,0.7448,12.90,0.50
2007.09.24 14:13:55.311,0.74465,0.7449,0.50,1.40
2007.09.24 14:13:55.337,0.74465,0.7449,0.50,1.30
2007.09.24 14:13:56.961,0.7446,0.7448,4.00,0.50
2007.09.24 14:13:57.841,0.7446,0.7448,4.00,0.50
2007.09.24 14:13:57.891,0.7446,0.7448,4.10,0.50
2007.09.24 14:13:58.604,0.74465,0.7449,0.50,1.40
2007.09.24 14:14:14.932,0.74465,0.7449,0.50,1.50
2007.09.24 14:14:15.395,0.7446,0.7448,4.10,0.50
2007.09.24 14:14:16.005,0.74455,0.7448,4.60,0.50
2007.09.24 14:14:18.977,0.7446,0.7448,4.00,0.50
2007.09.24 14:14:19.266,0.7446,0.7448,0.07,0.50
2007.09.24 14:14:19.280,0.74455,0.7448,0.50,0.50
2007.09.24 14:14:29.310,0.74455,0.7448,0.50,4.40
2007.09.24 14:14:29.346,0.74455,0.7448,0.50,8.40
2007.09.24 14:14:29.463,0.74455,0.7448,0.50,13.20
2007.09.24 14:14:29.836,0.74455,0.7448,0.50,14.80
2007.09.24 14:14:33.925,0.7446,0.7448,17.50,14.80
2007.09.24 14:14:33.940,0.7446,0.7448,19.90,9.20
2007.09.24 14:14:34.014,0.7446,0.7448,23.90,5.20
2007.09.24 14:14:34.124,0.7446,0.7448,23.90,0.50
2007.09.24 14:14:34.223,0.7446,0.7449,25.00,9.60
2007.09.24 14:14:34.354,0.7446,0.7449,23.40,11.20
2007.09.24 14:14:34.444,0.7446,0.7449,5.90,29.70
2007.09.24 14:14:34.536,0.7446,0.7449,1.10,29.70
2007.09.24 14:14:34.540,0.7446,0.7449,1.10,28.90
2007.09.24 14:14:34.650,0.7446,0.7449,0.40,28.90
2007.09.24 14:14:35.152,0.74455,0.7449,0.50,28.90
2007.09.24 14:14:35.349,0.7445,0.745,24.90,12.30
2007.09.24 14:14:35.355,0.7445,0.745,24.90,14.70
2007.09.24 14:14:35.476,0.7445,0.745,29.50,6.40
2007.09.24 14:14:35.483,0.7445,0.745,29.50,4.00
2007.09.24 14:14:35.502,0.7445,0.745,28.70,4.00
2007.09.24 14:14:35.571,0.7445,0.74505,28.70,1.60
2007.09.24 14:14:35.773,0.7445,0.745,28.70,4.00
2007.09.24 14:14:35.882,0.74465,0.745,0.50,4.00
2007.09.24 14:14:35.899,0.74465,0.745,0.50,13.50
2007.09.24 14:14:36.366,0.74465,0.745,0.50,32.80
2007.09.24 14:14:36.388,0.74465,0.745,0.50,34.40
2007.09.24 14:14:41.839,0.74465,0.745,0.50,30.40
2007.09.24 14:14:41.925,0.74465,0.745,0.50,24.30
2007.09.24 14:14:41.944,0.74465,0.745,0.50,22.70
2007.09.24 14:14:42.019,0.74465,0.745,0.50,8.00
2007.09.24 14:14:49.305,0.74465,0.745,0.50,8.00
2007.09.24 14:14:52.901,0.7446,0.745,4.50,12.00
2007.09.24 14:14:52.974,0.7446,0.745,4.60,28.20
2007.09.24 14:14:54.680,0.7446,0.745,8.90,32.20
2007.09.24 14:14:54.729,0.7446,0.745,8.90,33.80
2007.09.24 14:14:54.829,0.74475,0.745,0.50,32.70
2007.09.24 14:14:54.869,0.74475,0.745,2.10,31.10
2007.09.24 14:14:54.898,0.74475,0.745,2.10,8.40
2007.09.24 14:14:57.878,0.74475,0.745,2.10,17.90
2007.09.24 14:14:57.938,0.7447,0.745,13.30,19.50
2007.09.24 14:14:58.094,0.7447,0.745,4.50,24.30
2007.09.24 14:14:58.209,0.7447,0.745,4.50,26.20
2007.09.24 14:14:58.416,0.74455,0.745,22.00,30.20
2007.09.24 14:14:58.505,0.7446,0.745,1.10,37.40
2007.09.24 14:14:58.583,0.74465,0.745,0.50,37.00
2007.09.24 14:14:58.616,0.7446,0.745,4.90,36.90
2007.09.24 14:14:59.887,0.74465,0.745,0.50,31.30
2007.09.24 14:14:59.968,0.74465,0.745,0.50,16.80
2007.09.24 14:15:03.012,0.74465,0.745,0.50,20.80
2007.09.24 14:15:03.016,0.7447,0.745,0.90,12.00
2007.09.24 14:15:03.095,0.74465,0.745,10.20,12.00
2007.09.24 14:15:03.195,0.7447,0.745,3.50,12.00
2007.09.24 14:15:03.321,0.7447,0.745,6.60,8.00
2007.09.24 14:15:03.378,0.7447,0.745,9.70,8.00
2007.09.24 14:15:03.408,0.7447,0.745,2.40,8.00
2007.09.24 14:15:03.476,0.74475,0.745,2.10,8.40
2007.09.24 14:15:04.400,0.7447,0.745,26.20,4.40
2007.09.24 14:15:04.669,0.7447,0.745,4.60,0.50
2007.09.24 14:15:04.991,0.74465,0.74505,4.50,1.60
2007.09.24 14:15:05.022,0.74465,0.74505,4.50,1.60
2007.09.24 14:15:09.957,0.74465,0.74505,10.80,1.60
2007.09.24 14:15:10.059,0.7447,0.74505,9.00,1.60
2007.09.24 14:15:10.441,0.74465,0.745,21.20,4.00
2007.09.24 14:15:10.475,0.74465,0.745,30.90,8.00
2007.09.24 14:15:10.542,0.74465,0.745,31.00,8.00
2007.09.24 14:15:10.573,0.74465,0.745,20.60,8.00
2007.09.24 14:15:10.601,0.7448,0.745,3.10,8.40
2007.09.24 14:15:10.992,0.7448,0.745,1.20,8.40
2007.09.24 14:15:12.455,0.74475,0.745,2.10,12.40
2007.09.24 14:15:13.727,0.74475,0.74505,3.70,14.00
2007.09.24 14:15:13.935,0.74475,0.7451,2.10,31.20
2007.09.24 14:15:14.004,0.7448,0.745,0.90,0.90
2007.09.24 14:15:14.034,0.74475,0.7451,2.10,30.80
2007.09.24 14:15:14.098,0.74475,0.7451,3.00,26.90
2007.09.24 14:15:14.426,0.7448,0.745,0.50,0.50
2007.09.24 14:15:17.517,0.7448,0.745,0.50,0.50
2007.09.24 14:15:17.536,0.74475,0.7451,6.10,29.20
2007.09.24 14:15:17.920,0.74475,0.7451,4.50,30.80
2007.09.24 14:15:18.047,0.7447,0.7451,11.80,34.40
2007.09.24 14:15:18.965,0.74475,0.745,0.50,0.90
2007.09.24 14:15:18.992,0.74475,0.745,0.50,0.50
2007.09.24 14:15:19.094,0.74475,0.7451,0.50,30.00
2007.09.24 14:15:19.412,0.7446,0.745,14.80,0.50
2007.09.24 14:15:19.476,0.74465,0.745,0.50,0.90
2007.09.24 14:15:21.995,0.74465,0.74505,0.50,26.10
2007.09.24 14:15:23.476,0.7446,0.74505,14.80,26.50
2007.09.24 14:15:23.493,0.74485,0.74505,0.50,24.10
2007.09.24 14:15:23.564,0.74485,0.74505,0.50,22.50
2007.09.24 14:15:23.677,0.74485,0.745,0.50,0.50
2007.09.24 14:15:23.869,0.74485,0.74505,0.50,2.50
2007.09.24 14:15:24.281,0.74485,0.74505,0.50,1.30
2007.09.24 14:15:25.030,0.74485,0.74515,0.50,10.80
2007.09.24 14:15:29.429,0.7449,0.7451,1.60,0.80
2007.09.24 14:15:29.477,0.7449,0.7451,5.60,0.50
2007.09.24 14:15:29.522,0.7449,0.7451,5.60,0.50
2007.09.24 14:15:29.583,0.7449,0.7451,6.50,0.80
2007.09.24 14:15:29.897,0.74495,0.7451,0.50,0.60
2007.09.24 14:15:30.712,0.7449,0.7451,10.50,0.90
2007.09.24 14:15:31.055,0.7449,0.7451,18.50,0.50
2007.09.24 14:15:31.492,0.74495,0.74525,0.50,7.20
2007.09.24 14:15:33.305,0.74495,0.7452,0.50,0.60
2007.09.24 14:15:33.414,0.74495,0.7453,0.50,0.70
2007.09.24 14:15:33.721,0.74495,0.74535,0.50,39.10
2007.09.24 14:15:34.241,0.74495,0.74535,0.50,39.20
2007.09.24 14:15:34.440,0.74495,0.7453,0.50,0.50
2007.09.24 14:15:34.656,0.7449,0.7453,4.80,35.60
2007.09.24 14:15:34.787,0.7449,0.7452,4.00,0.90
2007.09.24 14:15:35.482,0.7449,0.7453,4.00,37.90
2007.09.24 14:15:35.805,0.7449,0.7452,4.00,0.60
2007.09.24 14:15:36.531,0.7449,0.7452,4.00,0.90
2007.09.24 14:15:36.626,0.7449,0.7452,4.00,0.70
2007.09.24 14:15:36.751,0.7449,0.7453,4.00,12.20
2007.09.24 14:15:36.877,0.7449,0.7453,4.00,11.20
2007.09.24 14:15:37.193,0.74475,0.7452,0.50,36.10
2007.09.24 14:15:37.222,0.74475,0.7452,0.50,40.10
2007.09.24 14:15:37.258,0.74475,0.7451,0.50,0.60
2007.09.24 14:15:39.889,0.74475,0.7452,0.50,37.80
2007.09.24 14:15:39.912,0.74475,0.7451,0.50,0.50
2007.09.24 14:15:40.020,0.74475,0.7451,0.50,0.90
2007.09.24 14:15:40.131,0.74475,0.7452,0.50,29.00
2007.09.24 14:15:40.259,0.7447,0.745,4.00,0.60
2007.09.24 14:15:40.452,0.74465,0.7451,0.50,35.90
2007.09.24 14:15:40.507,0.74465,0.7451,0.50,38.30
2007.09.24 14:15:49.176,0.74465,0.7451,0.50,36.70
2007.09.24 14:15:52.080,0.7447,0.7451,0.08,40.00
2007.09.24 14:15:52.172,0.7447,0.7451,0.80,40.00
2007.09.24 14:15:52.224,0.7447,0.745,0.90,0.50
2007.09.24 14:15:52.273,0.74475,0.7451,0.50,0.80
2007.09.24 14:15:52.304,0.74475,0.74515,0.50,14.40
2007.09.24 14:15:52.496,0.74475,0.74515,0.50,22.40
2007.09.24 14:15:55.944,0.7447,0.74515,9.40,44.00
2007.09.24 14:16:07.134,0.7447,0.7451,15.80,22.30
2007.09.24 14:16:07.221,0.7447,0.7451,19.80,30.30
2007.09.24 14:16:07.307,0.7447,0.7451,19.80,29.50
2007.09.24 14:16:07.509,0.7448,0.7451,0.70,28.70
2007.09.24 14:16:09.367,0.74475,0.7451,2.60,28.70
2007.09.24 14:16:10.522,0.74475,0.7451,3.40,19.20
2007.09.24 14:16:10.613,0.74475,0.7451,3.40,19.20
2007.09.24 14:16:10.616,0.74475,0.7451,3.50,19.20
2007.09.24 14:16:10.746,0.74475,0.7451,8.30,19.20
2007.09.24 14:16:10.760,0.7448,0.7451,8.30,19.60
2007.09.24 14:16:10.966,0.7449,0.7452,0.80,13.60
2007.09.24 14:16:11.033,0.7449,0.7452,1.20,25.70
2007.09.24 14:16:11.150,0.7449,0.7452,1.20,27.20
2007.09.24 14:16:11.261,0.74485,0.7452,2.10,29.70
2007.09.24 14:16:11.564,0.74485,0.7452,6.10,27.20
2007.09.24 14:16:11.583,0.7449,0.7452,1.90,25.60
2007.09.24 14:16:11.654,0.74485,0.7452,11.00,12.80
2007.09.24 14:16:11.976,0.7449,0.7452,7.40,0.80
2007.09.24 14:16:12.270,0.74495,0.7453,0.50,31.90
2007.09.24 14:16:14.459,0.7449,0.7453,23.00,27.90
2007.09.24 14:16:14.655,0.7449,0.7453,23.00,21.30
2007.09.24 14:16:14.681,0.7449,0.7453,23.00,20.50
2007.09.24 14:16:14.752,0.74495,0.7453,0.50,15.00
2007.09.24 14:16:14.964,0.74495,0.7453,0.50,16.80
2007.09.24 14:16:19.541,0.7449,0.7453,11.00,12.80
2007.09.24 14:16:19.567,0.7449,0.7453,9.40,14.40
2007.09.24 14:16:19.644,0.7449,0.7453,5.30,11.20
2007.09.24 14:16:19.956,0.7447,0.7453,35.10,11.20
2007.09.24 14:16:20.294,0.74485,0.7452,0.50,28.90
2007.09.24 14:16:22.769,0.74485,0.7452,0.50,34.00
2007.09.24 14:16:25.544,0.74485,0.7452,0.50,30.00
2007.09.24 14:16:25.571,0.74485,0.7452,0.50,21.20
2007.09.24 14:16:25.636,0.74485,0.7452,0.50,19.60
2007.09.24 14:16:25.657,0.74485,0.7452,0.50,13.80
2007.09.24 14:16:25.774,0.74485,0.7452,0.50,5.80
2007.09.24 14:16:25.873,0.74485,0.7452,0.50,5.00
2007.09.24 14:16:27.087,0.74485,0.7452,0.50,7.20
2007.09.24 14:16:27.427,0.74485,0.7452,0.50,5.10
2007.09.24 14:16:27.537,0.7448,0.7451,0.60,26.30
2007.09.24 14:16:27.592,0.7448,0.7451,0.60,22.30
2007.09.24 14:16:27.724,0.7448,0.7451,0.60,8.00
2007.09.24 14:16:27.844,0.7448,0.7451,0.60,4.00
2007.09.24 14:16:28.386,0.74485,0.7452,0.50,1.00
2007.09.24 14:16:28.768,0.7447,0.7452,6.40,0.90
2007.09.24 14:16:28.939,0.7447,0.7452,5.60,0.90
2007.09.24 14:16:29.084,0.7447,0.7452,15.10,2.80
2007.09.24 14:16:29.164,0.7447,0.7452,15.90,2.80
2007.09.24 14:16:29.183,0.7447,0.7452,23.90,2.80
2007.09.24 14:16:29.204,0.7447,0.7452,24.70,2.80
2007.09.24 14:16:29.535,0.7447,0.7452,23.10,2.80
2007.09.24 14:16:29.596,0.7447,0.7452,13.60,0.90
2007.09.24 14:16:29.702,0.7447,0.7452,8.80,0.90
2007.09.24 14:16:29.760,0.7447,0.7452,8.00,0.90
2007.09.24 14:16:29.799,0.7447,0.7452,4.00,0.90
2007.09.24 14:16:31.095,0.7447,0.7452,4.00,4.90
2007.09.24 14:16:31.544,0.74475,0.7451,0.50,4.00
2007.09.24 14:16:37.191,0.74475,0.7451,0.50,8.00
2007.09.24 14:16:39.613,0.74475,0.7451,0.50,12.00
2007.09.24 14:16:39.647,0.74475,0.7451,0.50,27.40
2007.09.24 14:16:40.137,0.74475,0.7451,0.50,29.00
2007.09.24 14:16:41.311,0.74475,0.7451,0.50,25.70
2007.09.24 14:16:41.839,0.74475,0.7451,0.50,32.90
2007.09.24 14:16:42.244,0.74475,0.7451,0.50,33.00
2007.09.24 14:16:42.730,0.7447,0.745,4.00,4.00
2007.09.24 14:16:48.109,0.7447,0.745,4.00,8.00
2007.09.24 14:16:48.141,0.7447,0.745,4.00,16.00
2007.09.24 14:16:48.239,0.7447,0.745,4.00,22.70
2007.09.24 14:16:48.567,0.74465,0.745,0.50,26.70
2007.09.24 14:16:48.630,0.74465,0.745,0.50,28.30
2007.09.24 14:16:57.232,0.74465,0.745,0.50,0.60
2007.09.24 14:17:01.824,0.74465,0.7451,0.50,38.90
2007.09.24 14:17:02.149,0.74465,0.745,0.50,0.60
2007.09.24 14:17:02.242,0.74465,0.7451,0.50,42.90
2007.09.24 14:17:02.353,0.74465,0.7451,0.50,34.90
2007.09.24 14:17:04.615,0.74465,0.7451,0.50,30.20
2007.09.24 14:17:04.702,0.74465,0.745,0.50,0.70
2007.09.24 14:17:04.726,0.74465,0.745,0.50,0.50
2007.09.24 14:17:05.946,0.74465,0.745,0.50,0.50
2007.09.24 14:17:05.973,0.74465,0.745,0.50,0.70
2007.09.24 14:17:06.136,0.74465,0.74505,0.50,24.80
2007.09.24 14:17:06.184,0.74465,0.74505,0.50,28.70
2007.09.24 14:17:06.258,0.74465,0.745,0.50,0.50
2007.09.24 14:17:06.284,0.74465,0.74505,0.50,21.50
2007.09.24 14:17:06.479,0.74465,0.7451,0.50,33.50
2007.09.24 14:17:06.592,0.74465,0.7451,0.50,33.30
2007.09.24 14:17:06.692,0.74465,0.7451,0.50,38.80
2007.09.24 14:17:06.812,0.74465,0.745,0.50,0.50
2007.09.24 14:17:07.112,0.74465,0.7451,0.50,34.80
2007.09.24 14:17:07.233,0.74465,0.745,0.50,0.70
2007.09.24 14:17:08.108,0.74465,0.745,0.50,24.90
2007.09.24 14:17:08.151,0.74465,0.7449,0.50,0.50
2007.09.24 14:17:08.258,0.74465,0.745,0.50,29.70
2007.09.24 14:17:08.303,0.7446,0.745,10.90,29.30
2007.09.24 14:17:08.327,0.7446,0.7449,10.10,0.80
2007.09.24 14:17:08.566,0.7446,0.745,6.10,30.00
2007.09.24 14:17:08.609,0.7446,0.7449,4.50,0.60
2007.09.24 14:17:08.674,0.7446,0.745,0.60,27.50
2007.09.24 14:17:08.769,0.7446,0.7449,0.60,0.60
2007.09.24 14:17:10.089,0.7446,0.7449,0.60,0.90
2007.09.24 14:17:10.627,0.7446,0.745,27.60,30.50
2007.09.24 14:17:10.659,0.7446,0.745,30.00,33.70
2007.09.24 14:17:10.732,0.74475,0.7449,0.50,0.60
2007.09.24 14:17:10.828,0.74475,0.745,0.50,23.70
2007.09.24 14:17:10.948,0.74475,0.745,0.50,18.80
2007.09.24 14:17:11.554,0.7447,0.7451,10.50,32.80
2007.09.24 14:17:11.758,0.7447,0.745,11.00,0.80
2007.09.24 14:17:12.376,0.74475,0.745,0.50,0.50
2007.09.24 14:17:13.642,0.74475,0.745,0.50,0.50
2007.09.24 14:17:13.863,0.74475,0.7451,0.50,34.70
2007.09.24 14:17:13.897,0.7447,0.7451,10.10,34.30
2007.09.24 14:17:14.162,0.7447,0.745,6.10,0.60
2007.09.24 14:17:14.677,0.7447,0.745,10.10,0.60
2007.09.24 14:17:14.711,0.74475,0.7451,0.50,40.40
2007.09.24 14:17:14.780,0.74475,0.7451,0.50,34.00
2007.09.24 14:17:15.201,0.74475,0.745,0.50,0.90
2007.09.24 14:17:17.242,0.74475,0.74515,0.50,28.40
2007.09.24 14:17:17.800,0.74475,0.7452,0.50,34.10
2007.09.24 14:17:18.073,0.74475,0.7452,0.50,22.20
2007.09.24 14:17:18.184,0.74475,0.7452,0.50,17.40
2007.09.24 14:17:18.242,0.74475,0.7451,0.50,35.90
2007.09.24 14:17:18.611,0.74475,0.7451,0.50,35.90
2007.09.24 14:17:18.778,0.7447,0.745,6.10,0.90
2007.09.24 14:17:20.149,0.7447,0.7451,10.10,37.20
2007.09.24 14:17:20.272,0.7447,0.745,10.90,0.90
2007.09.24 14:17:20.323,0.74475,0.745,0.50,0.80
2007.09.24 14:17:20.354,0.74475,0.745,0.50,0.50
2007.09.24 14:17:20.592,0.74475,0.7451,0.50,0.70
2007.09.24 14:17:20.680,0.74475,0.74515,0.50,23.90
2007.09.24 14:17:20.701,0.74475,0.7451,0.50,0.50
2007.09.24 14:17:20.773,0.74475,0.7451,0.50,0.80
2007.09.24 14:17:20.888,0.74475,0.7451,0.50,0.70
2007.09.24 14:17:21.037,0.74475,0.7452,0.50,36.50
2007.09.24 14:17:21.192,0.7448,0.7451,4.00,0.60
2007.09.24 14:17:21.296,0.7448,0.7451,8.00,0.80
2007.09.24 14:17:21.306,0.7448,0.7451,8.10,0.60
2007.09.24 14:17:21.702,0.7448,0.7451,12.10,0.50
2007.09.24 14:17:21.817,0.7448,0.7452,12.10,39.80
2007.09.24 14:17:21.827,0.7448,0.7452,13.70,41.40
2007.09.24 14:17:21.941,0.74485,0.74525,0.50,26.40
2007.09.24 14:17:27.104,0.74485,0.7452,0.50,32.80
2007.09.24 14:17:27.156,0.7449,0.7452,1.60,36.00
2007.09.24 14:17:27.222,0.7449,0.7452,6.40,31.30
2007.09.24 14:17:27.320,0.7449,0.7452,6.40,30.60
2007.09.24 14:17:27.354,0.7449,0.7452,6.50,30.60
2007.09.24 14:17:27.536,0.74495,0.7452,0.50,31.00
2007.09.24 14:17:27.644,0.74495,0.7452,0.50,20.60
2007.09.24 14:17:27.809,0.74495,0.7452,0.50,23.80
2007.09.24 14:17:28.364,0.7449,0.7452,7.30,23.40
2007.09.24 14:17:28.757,0.7449,0.7452,11.30,20.20
2007.09.24 14:17:29.185,0.74495,0.7452,0.50,20.60
2007.09.24 14:17:29.690,0.74495,0.7452,0.50,23.80
2007.09.24 14:17:29.981,0.7449,0.7452,7.30,23.40
2007.09.24 14:17:31.865,0.7449,0.7452,7.20,23.40
2007.09.24 14:17:31.887,0.7449,0.7452,7.20,23.40
2007.09.24 14:17:32.720,0.7449,0.7452,6.40,32.90
2007.09.24 14:17:32.815,0.7449,0.7452,5.60,32.90
2007.09.24 14:17:33.131,0.7449,0.7452,1.60,32.90
2007.09.24 14:17:33.231,0.7449,0.7452,5.60,33.70
2007.09.24 14:17:34.305,0.74485,0.7452,6.10,33.70
2007.09.24 14:17:37.570,0.7449,0.7452,5.60,34.50
2007.09.24 14:17:37.603,0.7449,0.7452,5.60,35.30
2007.09.24 14:17:37.762,0.7449,0.7452,5.60,36.10
2007.09.24 14:17:46.594,0.7449,0.7452,5.60,32.10
2007.09.24 14:17:53.691,0.7449,0.7452,4.00,32.90
2007.09.24 14:17:53.742,0.74485,0.7452,0.50,24.10
2007.09.24 14:17:53.853,0.74485,0.7452,0.50,23.30
2007.09.24 14:17:54.006,0.74485,0.7452,0.50,19.30
2007.09.24 14:17:54.585,0.74485,0.74525,0.50,20.10
2007.09.24 14:18:03.089,0.74485,0.74525,0.50,24.10
2007.09.24 14:18:11.592,0.74485,0.7452,0.50,0.90
2007.09.24 14:18:20.166,0.74485,0.7452,0.50,0.50
2007.09.24 14:18:31.170,0.74485,0.74525,0.50,27.30
2007.09.24 14:18:53.361,0.74485,0.7451,0.50,16.50
2007.09.24 14:18:53.447,0.74485,0.7451,0.50,27.60
2007.09.24 14:18:54.047,0.7448,0.7451,1.60,27.20
2007.09.24 14:18:56.757,0.74475,0.7451,0.50,27.20
2007.09.24 14:18:56.784,0.74475,0.7451,0.50,23.50
2007.09.24 14:18:56.946,0.74475,0.7451,0.50,24.30
2007.09.24 14:18:57.008,0.74475,0.7451,0.50,17.00
2007.09.24 14:18:57.104,0.74475,0.7451,0.50,18.00
2007.09.24 14:18:59.381,0.7448,0.7451,0.80,22.20
2007.09.24 14:18:59.580,0.7448,0.7451,5.60,26.00
2007.09.24 14:18:59.657,0.74485,0.7451,0.50,26.40
2007.09.24 14:18:59.792,0.74485,0.7451,0.50,22.40
2007.09.24 14:18:59.809,0.74485,0.7451,0.50,21.60
2007.09.24 14:19:02.480,0.74485,0.7451,0.50,13.60
2007.09.24 14:19:10.461,0.74485,0.745,0.50,4.60
2007.09.24 14:19:10.869,0.74485,0.745,0.50,5.00
2007.09.24 14:19:11.102,0.7448,0.745,11.70,5.00
2007.09.24 14:19:11.671,0.74475,0.745,7.70,5.00
2007.09.24 14:19:15.858,0.74475,0.745,7.70,9.00
2007.09.24 14:19:15.900,0.74475,0.745,6.10,10.60
2007.09.24 14:19:15.979,0.7448,0.7449,1.80,9.50
2007.09.24 14:19:16.075,0.7448,0.7449,1.10,9.50
2007.09.24 14:19:16.276,0.7447,0.7449,2.10,9.50
2007.09.24 14:19:16.375,0.74475,0.7449,0.50,13.50
2007.09.24 14:19:16.460,0.74465,0.7449,2.10,13.50
2007.09.24 14:19:16.899,0.7447,0.7449,1.20,17.50
2007.09.24 14:19:18.866,0.7447,0.7449,0.80,8.00
2007.09.24 14:19:18.901,0.74465,0.7449,2.10,8.40
2007.09.24 14:19:18.970,0.74465,0.7449,2.90,4.40
2007.09.24 14:19:19.066,0.7447,0.7449,1.10,4.40
2007.09.24 14:19:19.278,0.7447,0.7449,1.90,4.40
2007.09.24 14:19:26.348,0.74465,0.745,6.10,25.00
2007.09.24 14:19:26.433,0.7447,0.745,1.20,14.00
2007.09.24 14:19:26.454,0.74465,0.745,6.10,14.80
2007.09.24 14:19:26.550,0.74465,0.7449,4.50,19.30
2007.09.24 14:19:26.880,0.74465,0.7449,4.50,18.90
2007.09.24 14:19:27.060,0.74465,0.7449,4.50,15.10
2007.09.24 14:19:27.175,0.7446,0.7449,15.70,15.10
2007.09.24 14:19:30.890,0.7446,0.7449,11.70,18.20
2007.09.24 14:19:30.959,0.7446,0.7448,11.70,0.50
2007.09.24 14:19:31.058,0.7446,0.7448,11.70,4.40
2007.09.24 14:19:34.859,0.74465,0.7449,0.50,16.90
2007.09.24 14:19:34.936,0.74465,0.7449,0.50,17.20
2007.09.24 14:19:35.031,0.74465,0.7449,0.50,12.70
2007.09.24 14:19:35.182,0.74465,0.7449,0.50,13.50
2007.09.24 14:19:35.310,0.7446,0.7448,4.50,14.60
2007.09.24 14:19:35.565,0.74465,0.7448,0.50,15.50
2007.09.24 14:19:35.647,0.74445,0.7448,24.80,15.50
2007.09.24 14:19:35.709,0.7445,0.7448,24.50,15.10
2007.09.24 14:19:38.442,0.74455,0.7447,0.50,0.50
2007.09.24 14:19:38.965,0.74455,0.7448,0.50,20.10
2007.09.24 14:19:38.986,0.7445,0.7448,15.70,15.90
2007.09.24 14:19:39.143,0.74455,0.7448,0.50,15.10
2007.09.24 14:19:50.434,0.7446,0.7448,1.60,13.50
2007.09.24 14:19:50.475,0.7446,0.7448,5.60,4.00
2007.09.24 14:19:50.586,0.7446,0.7449,13.60,19.80
2007.09.24 14:19:50.689,0.7446,0.7449,14.40,19.00
2007.09.24 14:19:50.773,0.7446,0.7449,14.40,18.20
2007.09.24 14:19:50.883,0.7446,0.7449,18.40,14.10
2007.09.24 14:19:50.917,0.74465,0.745,0.50,22.30
2007.09.24 14:19:51.529,0.74465,0.745,0.50,20.70
2007.09.24 14:19:51.767,0.74465,0.745,0.50,19.90
2007.09.24 14:19:56.421,0.74465,0.745,0.50,19.90
2007.09.24 14:20:06.684,0.7446,0.745,18.90,20.70
2007.09.24 14:20:08.515,0.7446,0.745,18.90,24.00
2007.09.24 14:20:08.523,0.7446,0.7449,18.90,15.00
2007.09.24 14:20:08.594,0.7446,0.7449,18.90,11.00
2007.09.24 14:20:08.618,0.74465,0.7449,0.50,15.80
2007.09.24 14:20:09.016,0.74465,0.7449,0.50,19.80
2007.09.24 14:20:09.333,0.74455,0.7449,6.90,19.80
2007.09.24 14:20:10.406,0.74455,0.7448,6.90,0.50
2007.09.24 14:20:10.491,0.74455,0.7448,6.90,5.90
2007.09.24 14:20:10.600,0.7446,0.7448,3.40,9.90
2007.09.24 14:20:10.690,0.74455,0.7448,6.10,9.90
2007.09.24 14:20:10.869,0.74455,0.7448,6.10,9.50
2007.09.24 14:20:11.000,0.7446,0.7448,1.00,9.50
2007.09.24 14:20:11.632,0.74455,0.7448,2.10,13.50
2007.09.24 14:20:11.956,0.7445,0.7448,25.10,15.10
2007.09.24 14:20:12.046,0.74455,0.7448,0.50,21.40
2007.09.24 14:20:12.483,0.7445,0.7448,1.80,21.40
2007.09.24 14:20:14.001,0.7445,0.7448,2.00,17.40
2007.09.24 14:20:14.017,0.7445,0.7447,2.30,5.90
2007.09.24 14:20:14.118,0.7445,0.7447,0.50,9.90
2007.09.24 14:20:14.140,0.74445,0.7447,6.80,9.50
2007.09.24 14:20:14.312,0.74445,0.7447,2.80,9.50
2007.09.24 14:20:15.050,0.74445,0.7447,2.80,13.50
2007.09.24 14:20:17.539,0.74445,0.7447,2.10,9.50
2007.09.24 14:20:28.073,0.7445,0.7447,1.60,13.50
2007.09.24 14:20:28.238,0.7445,0.7447,6.40,8.00
2007.09.24 14:20:28.413,0.7445,0.7447,10.40,8.00
2007.09.24 14:20:28.519,0.7445,0.7447,10.40,13.50
2007.09.24 14:20:28.578,0.7445,0.7447,10.40,9.50
2007.09.24 14:20:28.614,0.7445,0.7447,5.60,9.50
2007.09.24 14:20:29.040,0.7445,0.7447,1.60,9.50
2007.09.24 14:20:43.560,0.7445,0.7447,1.60,13.50
2007.09.24 14:20:43.643,0.7445,0.7447,10.40,8.00
2007.09.24 14:20:43.793,0.74455,0.7448,0.50,18.00
2007.09.24 14:20:43.973,0.74455,0.7448,0.50,14.00
2007.09.24 14:20:54.797,0.74455,0.7449,0.50,37.60
2007.09.24 14:20:56.188,0.74455,0.7449,0.50,36.50
2007.09.24 14:21:02.621,0.74455,0.7449,0.50,36.50
2007.09.24 14:21:03.665,0.74455,0.7448,0.50,0.80
2007.09.24 14:21:03.759,0.74455,0.7449,0.50,34.80
2007.09.24 14:21:04.145,0.7446,0.7449,1.60,30.80
2007.09.24 14:21:06.095,0.7446,0.7448,1.60,0.60
2007.09.24 14:21:06.220,0.7446,0.7449,1.60,28.30
2007.09.24 14:21:06.227,0.7446,0.7449,1.60,0.60
2007.09.24 14:21:07.639,0.74455,0.7449,0.50,0.80
2007.09.24 14:21:07.729,0.74455,0.7449,0.50,0.50
2007.09.24 14:21:07.815,0.74455,0.7449,0.50,0.80
2007.09.24 14:21:12.019,0.74455,0.7449,0.50,0.50
2007.09.24 14:21:13.190,0.74455,0.74495,0.50,28.00
2007.09.24 14:21:18.839,0.74455,0.7449,0.50,0.50
2007.09.24 14:21:18.935,0.74455,0.7449,0.50,0.70
2007.09.24 14:21:22.620,0.74455,0.7449,0.50,21.90
2007.09.24 14:21:22.741,0.74455,0.7449,0.50,21.50
2007.09.24 14:21:23.587,0.74455,0.7449,0.50,4.00
2007.09.24 14:21:23.624,0.74455,0.7447,0.50,1.60
2007.09.24 14:21:23.680,0.74455,0.7447,0.50,7.20
2007.09.24 14:21:23.799,0.74455,0.7447,0.50,11.20
2007.09.24 14:21:23.828,0.7445,0.7447,4.00,11.60
2007.09.24 14:21:24.043,0.7445,0.7448,4.00,24.50
2007.09.24 14:21:24.133,0.7445,0.7448,4.80,24.50
2007.09.24 14:21:24.154,0.7445,0.7448,6.40,23.70
2007.09.24 14:21:24.230,0.7445,0.7448,19.20,9.60
2007.09.24 14:21:24.351,0.7445,0.7448,19.20,13.60
2007.09.24 14:21:24.438,0.7445,0.7448,20.10,13.60
2007.09.24 14:21:24.557,0.74455,0.7449,0.50,23.10
2007.09.24 14:21:24.631,0.74455,0.7449,0.50,22.30
2007.09.24 14:21:24.645,0.74455,0.7449,0.50,21.50
2007.09.24 14:21:26.355,0.74455,0.7449,1.20,21.50
2007.09.24 14:21:30.652,0.74455,0.7449,0.50,21.50
2007.09.24 14:21:31.087,0.74455,0.7449,0.50,21.90
2007.09.24 14:21:34.760,0.74455,0.7449,0.50,21.50
2007.09.24 14:21:37.996,0.74455,0.7449,0.50,0.90
2007.09.24 14:21:42.103,0.7446,0.7449,2.40,0.50
2007.09.24 14:21:42.167,0.74475,0.745,0.50,32.70
2007.09.24 14:21:42.179,0.74475,0.7449,0.50,0.50
2007.09.24 14:21:42.304,0.74475,0.745,0.50,0.70
2007.09.24 14:21:42.490,0.74475,0.7451,0.50,34.20
2007.09.24 14:21:42.720,0.74475,0.745,0.50,0.90
2007.09.24 14:21:42.979,0.7447,0.745,12.10,0.60
2007.09.24 14:21:43.377,0.7447,0.745,12.10,0.70
2007.09.24 14:21:44.236,0.7447,0.745,12.10,0.90
2007.09.24 14:21:44.594,0.74475,0.7451,0.50,36.20
2007.09.24 14:21:49.159,0.74475,0.745,0.50,0.70
2007.09.24 14:21:49.266,0.74475,0.745,0.50,0.60
2007.09.24 14:21:49.281,0.74475,0.745,0.50,0.50
2007.09.24 14:21:49.371,0.74475,0.7451,0.50,29.70
2007.09.24 14:21:49.398,0.7447,0.745,4.00,0.90
2007.09.24 14:21:49.790,0.74465,0.7451,0.50,31.60
2007.09.24 14:21:53.740,0.74465,0.745,0.50,0.70
2007.09.24 14:21:53.927,0.74465,0.74505,0.50,27.20
2007.09.24 14:21:54.797,0.74465,0.74505,0.50,29.00
2007.09.24 14:21:56.712,0.74465,0.74505,0.50,26.40
2007.09.24 14:21:56.835,0.74465,0.745,0.50,0.80
2007.09.24 14:22:01.580,0.74465,0.74505,0.50,29.60
2007.09.24 14:22:01.833,0.74465,0.745,0.50,0.60
2007.09.24 14:22:03.216,0.74465,0.745,0.50,0.70
2007.09.24 14:22:03.324,0.74465,0.745,0.50,39.10
2007.09.24 14:22:03.636,0.7445,0.745,26.40,39.10
2007.09.24 14:22:03.784,0.74455,0.7449,0.50,0.80
2007.09.24 14:22:04.179,0.74455,0.745,0.50,37.20
2007.09.24 14:22:04.288,0.7446,0.745,4.80,37.20
2007.09.24 14:22:04.599,0.74465,0.7449,0.50,0.60
2007.09.24 14:22:04.621,0.74465,0.745,0.50,0.80
2007.09.24 14:22:04.723,0.74465,0.745,0.50,0.70
2007.09.24 14:22:04.830,0.74465,0.74505,0.50,27.70
2007.09.24 14:22:05.150,0.7445,0.745,26.40,0.70
2007.09.24 14:22:05.244,0.7445,0.745,26.40,39.10
2007.09.24 14:22:05.417,0.74455,0.745,0.50,38.70
2007.09.24 14:22:06.430,0.74455,0.745,0.50,39.30
2007.09.24 14:22:07.841,0.74455,0.7449,0.50,15.90
2007.09.24 14:22:13.534,0.7445,0.7449,26.90,15.90
2007.09.24 14:22:16.204,0.7445,0.7449,27.80,21.70
2007.09.24 14:22:16.304,0.7445,0.7449,28.70,15.90
2007.09.24 14:22:16.430,0.7445,0.7449,28.60,16.30
2007.09.24 14:22:19.773,0.74455,0.7449,0.50,15.90
2007.09.24 14:22:30.481,0.7445,0.7449,29.50,16.10
2007.09.24 14:22:34.120,0.74455,0.7449,0.50,12.10
2007.09.24 14:22:35.206,0.74455,0.7449,0.50,16.10
2007.09.24 14:22:36.258,0.7445,0.7449,29.40,15.90
2007.09.24 14:22:51.286,0.74455,0.7449,0.50,19.90
2007.09.24 14:22:51.481,0.74455,0.7449,0.50,15.90
2007.09.24 14:22:54.461,0.74455,0.7449,0.50,19.90
2007.09.24 14:23:49.376,0.74455,0.7449,0.50,17.00
2007.09.24 14:23:49.475,0.7445,0.7448,26.60,14.30
2007.09.24 14:23:49.491,0.7445,0.7448,22.60,18.30
2007.09.24 14:23:49.602,0.7445,0.7448,13.80,27.10
2007.09.24 14:23:49.704,0.7445,0.7448,13.70,27.10
2007.09.24 14:23:49.912,0.7445,0.7448,20.90,20.80
2007.09.24 14:23:50.008,0.7445,0.7448,24.90,16.80
2007.09.24 14:23:50.118,0.7445,0.7448,25.70,8.00
2007.09.24 14:23:50.218,0.7445,0.7448,21.70,4.00
2007.09.24 14:23:50.309,0.74465,0.7449,0.50,10.80
2007.09.24 14:23:50.420,0.74465,0.7449,0.50,11.60
2007.09.24 14:23:50.445,0.74465,0.7449,0.50,13.00
2007.09.24 14:23:50.565,0.74465,0.7448,0.50,25.60
2007.09.24 14:23:50.972,0.7445,0.7448,1.70,29.60
2007.09.24 14:23:53.615,0.7444,0.7448,36.10,29.60
2007.09.24 14:23:54.006,0.74445,0.7448,2.20,27.40
2007.09.24 14:24:29.448,0.7445,0.7448,1.80,21.90
2007.09.24 14:24:29.543,0.7445,0.7448,8.20,24.00
2007.09.24 14:24:29.691,0.74445,0.7448,8.70,24.00
2007.09.24 14:24:30.308,0.7445,0.7448,1.50,20.00
2007.09.24 14:24:31.705,0.7445,0.7448,5.50,20.00
2007.09.24 14:24:41.004,0.7445,0.7448,1.30,29.90
2007.09.24 14:24:41.111,0.74445,0.7448,6.20,29.90
2007.09.24 14:24:41.528,0.74445,0.7448,2.20,33.90
2007.09.24 14:24:42.018,0.7445,0.7448,6.60,28.30
2007.09.24 14:24:42.040,0.7445,0.7448,36.20,6.50
2007.09.24 14:24:42.221,0.7445,0.7448,33.20,4.00
2007.09.24 14:24:42.353,0.7446,0.7449,14.50,1.60
2007.09.24 14:24:42.376,0.74465,0.7449,2.10,2.00
2007.09.24 14:24:42.552,0.7447,0.7449,0.80,6.00
2007.09.24 14:24:42.567,0.74465,0.745,2.10,33.00
2007.09.24 14:24:44.026,0.74465,0.745,2.10,34.60
2007.09.24 14:24:44.534,0.74465,0.745,2.10,36.00
2007.09.24 14:24:44.730,0.74465,0.745,2.10,35.20
2007.09.24 14:24:45.164,0.74465,0.745,6.10,28.70
2007.09.24 14:24:45.706,0.7447,0.745,0.60,28.70
2007.09.24 14:24:46.546,0.74465,0.745,2.10,33.60
2007.09.24 14:24:46.667,0.74465,0.745,2.10,31.40
2007.09.24 14:24:46.732,0.7447,0.745,0.60,32.20
2007.09.24 14:24:47.181,0.74465,0.745,2.10,31.90
2007.09.24 14:24:47.989,0.74465,0.745,6.10,31.90
2007.09.24 14:24:48.026,0.7447,0.745,5.50,27.90
2007.09.24 14:24:48.083,0.74465,0.745,16.40,22.30
2007.09.24 14:24:48.130,0.7447,0.745,7.90,5.60
2007.09.24 14:24:48.240,0.7447,0.745,8.50,4.80
2007.09.24 14:24:48.346,0.7447,0.745,9.40,4.00
2007.09.24 14:24:48.452,0.74465,0.7451,21.10,20.30
2007.09.24 14:24:48.572,0.7447,0.7451,1.00,23.40
2007.09.24 14:24:48.666,0.74465,0.7451,21.10,23.50
2007.09.24 14:24:48.806,0.7448,0.7451,1.70,23.50
2007.09.24 14:24:50.036,0.7448,0.7451,1.20,32.20
2007.09.24 14:24:50.143,0.74475,0.7451,4.50,27.60
2007.09.24 14:24:50.995,0.7447,0.7451,18.90,27.60
2007.09.24 14:24:53.743,0.7447,0.7451,18.90,34.80
2007.09.24 14:24:54.827,0.74475,0.7451,0.50,23.60
2007.09.24 14:24:55.258,0.7447,0.7451,14.90,30.80
2007.09.24 14:24:55.659,0.7447,0.7451,14.90,23.60
2007.09.24 14:24:56.710,0.74475,0.7451,0.50,30.80
2007.09.24 14:24:57.238,0.74475,0.7451,0.50,23.60
2007.09.24 14:24:57.654,0.74475,0.7451,0.50,30.80
2007.09.24 14:24:59.992,0.7447,0.7451,14.90,30.80
2007.09.24 14:25:00.613,0.74475,0.7451,0.50,26.80
2007.09.24 14:25:00.709,0.7447,0.7451,25.20,8.90
2007.09.24 14:25:00.811,0.7447,0.7451,25.20,9.50
2007.09.24 14:25:01.028,0.74475,0.7451,4.50,5.50
2007.09.24 14:25:01.118,0.7448,0.7451,0.50,1.50
2007.09.24 14:25:01.337,0.74475,0.7451,4.50,0.90
2007.09.24 14:25:01.654,0.74475,0.7451,4.50,4.90
2007.09.24 14:25:02.156,0.7448,0.7451,1.00,0.90
2007.09.24 14:25:02.352,0.7448,0.7452,4.50,4.00
2007.09.24 14:25:06.939,0.7449,0.7452,1.00,4.00
2007.09.24 14:25:07.249,0.7449,0.7452,4.50,4.40
2007.09.24 14:25:10.146,0.7449,0.7452,4.50,10.00
2007.09.24 14:25:10.274,0.74495,0.7452,0.50,25.10
2007.09.24 14:25:10.383,0.7449,0.7451,4.50,2.50
2007.09.24 14:25:10.409,0.74485,0.7451,4.50,2.90
2007.09.24 14:25:10.473,0.74485,0.74505,4.50,1.60
2007.09.24 14:25:10.703,0.7448,0.74505,18.90,1.60
2007.09.24 14:25:12.583,0.74465,0.74505,23.20,1.60
2007.09.24 14:25:12.864,0.7447,0.745,22.90,0.50
2007.09.24 14:25:38.622,0.74475,0.745,0.50,2.00
2007.09.24 14:25:38.661,0.74475,0.745,0.50,6.80
2007.09.24 14:25:38.762,0.74475,0.745,0.50,10.80
2007.09.24 14:25:39.062,0.7446,0.745,27.90,14.80
2007.09.24 14:25:39.261,0.74465,0.745,0.50,14.40
2007.09.24 14:25:40.130,0.7447,0.745,4.80,10.40
2007.09.24 14:25:40.153,0.7447,0.745,8.80,10.40
2007.09.24 14:25:40.231,0.7447,0.745,13.60,9.60
2007.09.24 14:25:40.346,0.7447,0.745,17.60,5.60
2007.09.24 14:25:40.586,0.7447,0.745,19.20,5.60
2007.09.24 14:25:40.652,0.7447,0.745,23.20,1.60
2007.09.24 14:25:40.785,0.74475,0.745,0.50,2.00
2007.09.24 14:25:41.179,0.74475,0.745,0.50,20.30
2007.09.24 14:25:41.295,0.74475,0.745,0.50,26.20
2007.09.24 14:25:41.498,0.74475,0.745,0.50,27.00
2007.09.24 14:25:41.608,0.7446,0.745,4.00,28.00
2007.09.24 14:25:41.621,0.74465,0.745,0.50,27.60
2007.09.24 14:25:41.792,0.74465,0.745,0.50,28.40
2007.09.24 14:25:41.821,0.74465,0.745,0.50,33.60
2007.09.24 14:25:42.348,0.74465,0.745,0.50,33.50
2007.09.24 14:25:44.081,0.74465,0.745,0.50,30.40
2007.09.24 14:25:44.181,0.74465,0.745,0.50,29.50
2007.09.24 14:25:44.192,0.74465,0.745,0.50,28.70
2007.09.24 14:25:44.287,0.74465,0.745,0.50,33.80
2007.09.24 14:25:44.393,0.74465,0.745,0.50,33.70
2007.09.24 14:25:44.453,0.74465,0.745,0.50,32.90
2007.09.24 14:25:50.611,0.74465,0.745,0.50,29.70
2007.09.24 14:25:50.706,0.74465,0.745,0.50,32.90
2007.09.24 14:25:50.919,0.74465,0.745,0.50,31.10
2007.09.24 14:25:52.088,0.74465,0.745,0.50,29.50
2007.09.24 14:25:52.183,0.74465,0.745,0.50,8.80
2007.09.24 14:25:52.289,0.74465,0.745,0.50,4.00
2007.09.24 14:25:52.606,0.7447,0.74505,4.00,1.60
2007.09.24 14:25:52.806,0.74475,0.745,0.50,0.50
2007.09.24 14:25:54.503,0.7447,0.74505,4.00,1.60
2007.09.24 14:25:56.882,0.74475,0.745,0.50,0.50
2007.09.24 14:26:01.268,0.74475,0.74505,0.50,2.10
2007.09.24 14:26:15.778,0.74475,0.745,0.50,0.60
2007.09.24 14:26:16.781,0.74475,0.745,0.50,0.70
2007.09.24 14:26:19.300,0.7447,0.745,14.40,0.70
2007.09.24 14:26:20.096,0.74475,0.74505,0.50,8.40
2007.09.24 14:26:20.278,0.74475,0.74505,0.50,12.40
2007.09.24 14:26:20.833,0.7447,0.745,10.40,0.60
2007.09.24 14:26:21.184,0.7447,0.74505,8.80,12.00
2007.09.24 14:26:21.220,0.7447,0.745,4.80,0.50
2007.09.24 14:26:21.340,0.74465,0.745,0.50,0.90
2007.09.24 14:26:21.518,0.74465,0.74505,0.50,27.30
2007.09.24 14:26:21.636,0.7446,0.745,4.80,26.60
2007.09.24 14:26:21.739,0.7446,0.745,18.30,29.10
2007.09.24 14:26:21.842,0.7446,0.745,23.10,29.10
2007.09.24 14:26:21.860,0.7446,0.745,22.30,29.10
2007.09.24 14:26:22.209,0.7446,0.7449,23.90,0.90
2007.09.24 14:26:22.258,0.7446,0.7449,14.40,0.90
2007.09.24 14:26:22.406,0.7446,0.745,8.80,10.50
2007.09.24 14:26:22.460,0.74475,0.74505,0.50,11.60
2007.09.24 14:26:22.582,0.74475,0.74505,0.50,7.60
2007.09.24 14:26:23.740,0.74475,0.74505,0.50,4.40
2007.09.24 14:26:23.836,0.74475,0.74505,0.50,10.00
2007.09.24 14:26:37.464,0.74475,0.745,0.50,8.40
2007.09.24 14:26:43.729,0.7447,0.745,27.60,7.50
2007.09.24 14:26:43.823,0.7447,0.745,31.60,2.00
2007.09.24 14:26:52.743,0.74475,0.745,0.50,10.00
2007.09.24 14:26:52.851,0.74475,0.745,0.50,14.80
2007.09.24 14:26:52.910,0.74465,0.745,5.20,14.40
2007.09.24 14:26:53.164,0.74465,0.745,4.50,16.20
2007.09.24 14:26:53.269,0.74465,0.745,0.50,20.20
2007.09.24 14:26:57.174,0.7446,0.745,35.60,20.30
2007.09.24 14:26:57.266,0.7447,0.745,2.00,20.30
2007.09.24 14:26:57.288,0.7447,0.745,1.50,12.30
2007.09.24 14:26:57.390,0.74465,0.745,24.40,5.60
2007.09.24 14:26:57.685,0.74465,0.745,26.70,5.60
2007.09.24 14:26:57.693,0.7447,0.745,26.00,6.00
2007.09.24 14:26:57.704,0.7447,0.745,30.00,2.00
2007.09.24 14:27:05.384,0.7447,0.745,18.90,6.00
2007.09.24 14:27:05.426,0.7447,0.745,10.10,22.80
2007.09.24 14:27:05.750,0.74465,0.745,0.80,28.70
2007.09.24 14:27:05.758,0.74465,0.745,1.20,28.30
2007.09.24 14:27:05.885,0.74465,0.745,0.50,28.30
2007.09.24 14:27:06.274,0.74465,0.745,0.50,28.20
2007.09.24 14:27:13.779,0.74465,0.745,0.50,26.60
2007.09.24 14:27:13.839,0.7448,0.745,17.50,22.60
2007.09.24 14:27:13.942,0.7448,0.745,29.50,9.80
2007.09.24 14:27:14.066,0.7448,0.745,21.50,4.00
2007.09.24 14:27:14.301,0.7448,0.74505,17.50,1.60
2007.09.24 14:27:14.395,0.7448,0.74505,4.00,1.60
2007.09.24 14:27:14.410,0.7447,0.74505,27.90,1.60
2007.09.24 14:27:14.489,0.7447,0.74505,31.90,1.60
2007.09.24 14:27:14.531,0.74475,0.745,0.50,0.50
2007.09.24 14:27:16.140,0.7447,0.74505,4.00,1.60
2007.09.24 14:27:16.167,0.7447,0.7451,4.00,27.10
2007.09.24 14:27:16.733,0.7447,0.7451,4.00,31.10
2007.09.24 14:27:16.971,0.74475,0.745,0.50,0.50
2007.09.24 14:27:19.134,0.7446,0.745,29.50,17.20
2007.09.24 14:27:19.319,0.74465,0.745,0.50,16.80
2007.09.24 14:27:19.367,0.74465,0.745,0.50,18.40
2007.09.24 14:27:23.554,0.74465,0.745,0.50,0.60
2007.09.24 14:27:29.319,0.74465,0.7451,0.50,31.10
2007.09.24 14:27:29.360,0.7448,0.7451,24.70,25.70
2007.09.24 14:27:29.466,0.7448,0.745,13.50,0.90
2007.09.24 14:27:29.668,0.7448,0.7451,14.50,4.90
2007.09.24 14:27:29.701,0.74495,0.74515,0.50,1.70
2007.09.24 14:27:30.015,0.74495,0.74525,0.50,9.20
2007.09.24 14:27:30.643,0.745,0.74525,4.00,9.20
2007.09.24 14:27:33.328,0.745,0.74525,5.60,7.60
2007.09.24 14:27:33.399,0.745,0.74525,5.60,6.80
2007.09.24 14:27:33.476,0.745,0.74525,9.60,2.10
2007.09.24 14:27:35.061,0.745,0.74525,5.60,2.10
2007.09.24 14:27:35.288,0.745,0.7452,1.60,0.50
2007.09.24 14:27:35.316,0.7449,0.7453,25.50,30.40
2007.09.24 14:27:35.398,0.7449,0.74525,14.40,19.90
2007.09.24 14:27:35.478,0.7449,0.7452,4.00,0.50
2007.09.24 14:27:35.592,0.7449,0.74525,4.00,32.10
2007.09.24 14:27:35.718,0.7449,0.7452,4.00,0.50
2007.09.24 14:27:36.138,0.74485,0.74525,0.50,24.80
2007.09.24 14:27:36.211,0.74485,0.7452,0.50,0.90
2007.09.24 14:27:36.292,0.74485,0.7452,0.50,0.60
2007.09.24 14:27:36.351,0.74485,0.7452,0.50,0.90
2007.09.24 14:27:36.454,0.74485,0.74525,0.50,26.30
2007.09.24 14:27:36.557,0.74485,0.7452,0.50,0.50
2007.09.24 14:27:36.572,0.74485,0.74525,0.50,28.90
2007.09.24 14:27:36.613,0.74485,0.7452,0.50,0.50
2007.09.24 14:27:36.652,0.74485,0.74525,0.50,28.30
2007.09.24 14:27:36.781,0.74485,0.7452,0.50,0.90
2007.09.24 14:27:36.979,0.74485,0.74525,0.50,28.30
2007.09.24 14:27:36.989,0.74485,0.74525,0.50,29.10
2007.09.24 14:27:39.815,0.74485,0.74525,0.50,28.10
2007.09.24 14:27:39.864,0.7449,0.74525,4.00,27.30
2007.09.24 14:27:39.920,0.7449,0.74525,4.80,20.00
2007.09.24 14:27:40.022,0.7449,0.7452,8.80,0.80
2007.09.24 14:27:40.188,0.74495,0.74525,0.50,24.40
2007.09.24 14:27:40.354,0.74495,0.74525,0.50,20.40
2007.09.24 14:27:40.400,0.74495,0.7452,0.50,0.60
2007.09.24 14:27:41.305,0.745,0.74525,4.00,20.40
2007.09.24 14:27:41.382,0.745,0.7452,4.00,0.60
2007.09.24 14:27:41.483,0.745,0.7452,4.00,0.60
2007.09.24 14:27:41.831,0.745,0.7452,5.60,0.50
2007.09.24 14:27:44.797,0.745,0.74525,4.00,3.60
2007.09.24 14:27:44.980,0.74495,0.7452,0.50,0.70
2007.09.24 14:27:45.303,0.745,0.74525,4.00,3.60
2007.09.24 14:27:45.362,0.745,0.74525,4.00,4.40
2007.09.24 14:27:45.415,0.745,0.7452,5.60,0.90
2007.09.24 14:27:46.328,0.745,0.74525,6.40,2.80
2007.09.24 14:27:46.350,0.745,0.74525,23.90,2.10
2007.09.24 14:27:46.426,0.7451,0.7452,4.80,0.50
2007.09.24 14:27:46.457,0.7451,0.74525,9.60,2.10
2007.09.24 14:27:46.516,0.7452,0.7453,4.00,19.20
2007.09.24 14:27:46.698,0.7452,0.7454,4.00,26.50
2007.09.24 14:27:46.999,0.7452,0.74545,4.00,19.30
2007.09.24 14:27:47.208,0.7452,0.74545,4.00,19.20
2007.09.24 14:27:47.334,0.74525,0.74545,0.50,19.20
2007.09.24 14:27:47.358,0.7453,0.74545,4.00,17.60
2007.09.24 14:27:47.406,0.7453,0.74545,4.00,10.00
2007.09.24 14:27:47.460,0.74525,0.74545,0.50,10.00
2007.09.24 14:27:47.486,0.74525,0.7455,0.50,0.90
2007.09.24 14:27:47.515,0.74525,0.74555,0.50,20.00
2007.09.24 14:27:47.883,0.7453,0.7455,1.60,0.50
2007.09.24 14:27:47.944,0.7453,0.7455,6.40,0.60
2007.09.24 14:27:48.037,0.7453,0.7456,6.40,0.50
2007.09.24 14:27:48.167,0.74535,0.7457,0.50,0.80
2007.09.24 14:27:48.357,0.74535,0.7457,0.50,0.80
2007.09.24 14:27:48.441,0.74535,0.7457,0.50,0.90
2007.09.24 14:27:48.874,0.74535,0.7457,0.50,0.80
2007.09.24 14:27:48.906,0.74535,0.7457,0.50,0.70
2007.09.24 14:27:48.973,0.7453,0.7457,23.90,0.60
2007.09.24 14:27:49.016,0.7453,0.7458,23.90,0.50
2007.09.24 14:27:49.093,0.7453,0.74585,23.90,25.90
2007.09.24 14:27:49.323,0.7453,0.7458,23.90,0.50
2007.09.24 14:27:49.413,0.74545,0.74585,0.50,23.50
2007.09.24 14:27:49.518,0.74545,0.74585,0.50,20.70
2007.09.24 14:27:49.796,0.7454,0.7458,4.00,38.30
2007.09.24 14:27:49.821,0.7454,0.7457,4.00,0.80
2007.09.24 14:27:49.928,0.74535,0.7458,0.50,41.10
2007.09.24 14:27:50.035,0.74535,0.7458,0.50,37.10
2007.09.24 14:27:51.501,0.74535,0.7457,0.50,0.60
2007.09.24 14:27:51.859,0.74535,0.7457,0.50,28.00
2007.09.24 14:27:51.947,0.74535,0.7457,0.50,21.90
2007.09.24 14:27:52.046,0.74535,0.7457,0.50,19.60
2007.09.24 14:27:52.483,0.74535,0.7457,0.50,20.40
2007.09.24 14:27:59.622,0.74535,0.7458,0.50,26.80
2007.09.24 14:28:02.044,0.74535,0.7458,0.50,29.20
2007.09.24 14:28:02.099,0.74535,0.7458,0.50,30.70
2007.09.24 14:28:07.692,0.74535,0.7458,0.50,29.10
2007.09.24 14:28:08.254,0.74535,0.74575,0.50,23.50
2007.09.24 14:28:19.114,0.74535,0.7457,0.50,0.90
2007.09.24 14:28:36.425,0.74535,0.7457,0.50,0.90
2007.09.24 14:28:36.626,0.74535,0.7456,0.50,10.80
2007.09.24 14:28:37.776,0.7453,0.7456,2.70,10.40
2007.09.24 14:28:38.010,0.7453,0.7456,1.60,18.70
2007.09.24 14:28:38.032,0.74525,0.7456,7.60,22.70
2007.09.24 14:28:38.115,0.7453,0.7455,2.50,4.40
2007.09.24 14:28:38.431,0.7453,0.7455,1.10,4.40
2007.09.24 14:28:44.012,0.74525,0.7455,2.10,11.00
2007.09.24 14:28:44.421,0.7453,0.7455,0.60,12.60
2007.09.24 14:28:44.461,0.7452,0.7455,19.60,14.20
2007.09.24 14:28:44.627,0.7452,0.7455,15.60,14.80
2007.09.24 14:28:44.983,0.7452,0.7455,11.60,18.80
2007.09.24 14:28:45.009,0.74515,0.7455,11.60,18.40
2007.09.24 14:28:45.050,0.74515,0.7454,14.00,0.50
2007.09.24 14:28:45.352,0.7452,0.7454,4.50,0.50
2007.09.24 14:28:45.495,0.7452,0.7454,5.40,0.50
2007.09.24 14:28:45.896,0.74515,0.7454,10.00,0.50
2007.09.24 14:28:46.006,0.74515,0.7454,6.00,0.50
2007.09.24 14:28:48.874,0.74515,0.7455,6.00,33.20
2007.09.24 14:28:52.996,0.74515,0.7455,6.20,24.00
2007.09.24 14:28:53.114,0.7452,0.7455,2.90,25.10
2007.09.24 14:28:53.231,0.74515,0.7454,6.20,7.80
2007.09.24 14:28:53.440,0.7452,0.7454,1.90,7.80
2007.09.24 14:28:53.538,0.7452,0.7454,1.90,9.40
2007.09.24 14:28:54.059,0.7452,0.7455,0.80,34.00
2007.09.24 14:28:54.156,0.7452,0.7455,0.60,31.60
2007.09.24 14:28:54.441,0.7451,0.7455,32.50,31.60
2007.09.24 14:28:54.476,0.7451,0.7455,28.50,26.00
2007.09.24 14:28:54.985,0.7452,0.7455,0.20,19.20
2007.09.24 14:28:55.091,0.74515,0.7454,0.70,13.40
2007.09.24 14:28:56.061,0.74515,0.7454,0.50,10.80
2007.09.24 14:28:56.167,0.74515,0.7454,0.50,20.70
2007.09.24 14:28:56.461,0.74515,0.7454,0.50,24.70
2007.09.24 14:28:57.024,0.74505,0.7454,0.70,24.30
2007.09.24 14:29:00.835,0.7451,0.7454,0.20,0.70
2007.09.24 14:29:09.622,0.74505,0.7455,0.50,39.40
2007.09.24 14:29:10.041,0.74505,0.7454,0.50,0.70
2007.09.24 14:29:10.136,0.7451,0.7455,0.20,41.40
2007.09.24 14:29:11.027,0.7451,0.7455,0.20,35.80
2007.09.24 14:29:11.078,0.7451,0.7455,0.20,35.50
2007.09.24 14:29:11.180,0.74505,0.7454,0.50,0.90
2007.09.24 14:29:11.573,0.74505,0.7455,0.50,7.50
2007.09.24 14:29:12.103,0.7451,0.7454,0.20,0.50
2007.09.24 14:29:12.215,0.74515,0.7456,0.50,32.40
2007.09.24 14:29:12.408,0.74515,0.7456,0.50,33.30
2007.09.24 14:29:12.563,0.74515,0.7456,0.50,35.70
2007.09.24 14:29:13.020,0.7451,0.7455,4.10,25.70
2007.09.24 14:29:13.031,0.7451,0.7455,4.00,29.60
2007.09.24 14:29:17.820,0.7452,0.7455,0.20,0.60
2007.09.24 14:29:18.509,0.7452,0.7456,0.20,40.20
2007.09.24 14:29:18.527,0.7452,0.7456,0.20,28.30
2007.09.24 14:29:18.646,0.7451,0.7455,4.00,38.80
2007.09.24 14:29:18.652,0.7451,0.7455,4.00,34.00
2007.09.24 14:29:19.019,0.7451,0.7454,4.00,0.60
2007.09.24 14:29:19.054,0.74505,0.7455,0.50,39.60
2007.09.24 14:29:19.277,0.74505,0.7455,0.50,39.40
2007.09.24 14:29:19.478,0.7451,0.7454,0.20,0.50
2007.09.24 14:29:19.573,0.7451,0.7455,0.20,36.60
2007.09.24 14:29:27.691,0.74505,0.7454,0.50,0.50
2007.09.24 14:29:28.477,0.74505,0.7454,0.50,26.40
2007.09.24 14:29:28.517,0.74505,0.7454,0.50,22.40
2007.09.24 14:29:28.614,0.74505,0.7454,0.50,23.20
2007.09.24 14:29:28.734,0.7451,0.7454,0.20,25.10
2007.09.24 14:29:28.834,0.7451,0.7454,0.20,24.30
2007.09.24 14:29:29.107,0.7451,0.7454,0.20,25.10
2007.09.24 14:29:29.808,0.7451,0.7454,0.20,24.70
2007.09.24 14:29:29.958,0.7451,0.7454,0.20,25.70
2007.09.24 14:29:34.646,0.7451,0.7454,0.20,21.80
2007.09.24 14:29:34.767,0.7451,0.7454,0.20,22.80
2007.09.24 14:29:36.093,0.7451,0.7454,0.20,23.60
2007.09.24 14:29:37.330,0.7451,0.7454,0.20,22.80
2007.09.24 14:29:38.046,0.7451,0.7454,4.90,34.10
2007.09.24 14:29:38.142,0.7451,0.7454,5.70,36.20
2007.09.24 14:29:38.275,0.7451,0.7454,5.70,28.30
2007.09.24 14:29:38.458,0.7451,0.7454,9.70,24.30
2007.09.24 14:29:38.536,0.7451,0.7454,11.30,23.50
2007.09.24 14:29:38.692,0.7451,0.7454,11.30,19.50
2007.09.24 14:29:38.709,0.74515,0.7455,0.50,17.50
2007.09.24 14:29:39.613,0.74515,0.7455,0.50,16.80
2007.09.24 14:29:40.130,0.74515,0.7455,0.50,17.50
2007.09.24 14:29:40.560,0.74515,0.7455,0.50,19.20
2007.09.24 14:29:40.585,0.7452,0.7455,1.60,22.40
2007.09.24 14:29:40.672,0.7452,0.7455,4.00,22.30
2007.09.24 14:29:40.801,0.7452,0.7455,8.90,19.20
2007.09.24 14:29:41.065,0.74525,0.7455,0.50,19.60
2007.09.24 14:29:41.095,0.74525,0.7455,0.50,17.50
2007.09.24 14:29:41.407,0.74525,0.7456,0.50,22.40
2007.09.24 14:29:41.521,0.74525,0.7456,0.50,21.60
2007.09.24 14:29:41.742,0.74525,0.7456,0.50,22.30
2007.09.24 14:29:41.834,0.74525,0.7456,0.50,26.30
2007.09.24 14:29:42.184,0.7453,0.7456,0.20,26.30
2007.09.24 14:29:44.068,0.7453,0.7456,0.20,21.60
2007.09.24 14:29:45.135,0.7453,0.7456,0.20,25.60
2007.09.24 14:29:45.533,0.7453,0.7456,0.20,26.40
2007.09.24 14:29:45.640,0.7453,0.7456,4.10,32.00
2007.09.24 14:29:45.690,0.7453,0.7456,5.70,28.80
2007.09.24 14:29:45.763,0.7453,0.7456,9.70,26.40
2007.09.24 14:29:45.874,0.74535,0.7456,0.50,16.40
2007.09.24 14:29:46.068,0.7454,0.7456,3.20,14.80
2007.09.24 14:29:46.179,0.7454,0.7456,4.00,6.00
2007.09.24 14:29:46.285,0.7454,0.7456,8.00,2.00
2007.09.24 14:29:46.423,0.7454,0.7457,8.10,25.60
2007.09.24 14:29:46.442,0.7454,0.7457,8.10,24.80
2007.09.24 14:29:46.513,0.7454,0.7457,12.10,20.80
2007.09.24 14:29:46.590,0.7454,0.7457,12.10,17.60
2007.09.24 14:29:46.684,0.74545,0.7457,0.50,18.00
2007.09.24 14:29:46.744,0.74545,0.7457,0.50,19.20
2007.09.24 14:29:46.802,0.74545,0.7457,0.50,18.40
2007.09.24 14:29:47.156,0.74545,0.7457,0.50,17.60
2007.09.24 14:29:47.863,0.74545,0.7458,0.50,23.20
2007.09.24 14:29:47.968,0.7455,0.7458,0.20,23.20
2007.09.24 14:29:48.297,0.74545,0.7458,0.50,23.20
2007.09.24 14:29:48.464,0.74545,0.7457,0.50,11.80
2007.09.24 14:29:48.825,0.7455,0.7457,0.30,11.80
2007.09.24 14:29:49.019,0.74545,0.7457,0.50,11.60
2007.09.24 14:29:53.315,0.74545,0.7458,0.50,23.90
2007.09.24 14:29:53.696,0.74545,0.7458,0.50,24.70
2007.09.24 14:29:53.807,0.74545,0.7458,0.50,20.70
2007.09.24 14:29:54.116,0.74545,0.7458,0.50,15.20
2007.09.24 14:29:54.334,0.74545,0.7458,0.50,7.00
2007.09.24 14:29:54.354,0.74545,0.7457,0.50,35.60
2007.09.24 14:29:54.411,0.74545,0.7457,0.50,34.80
2007.09.24 14:29:54.719,0.7454,0.7457,4.00,34.40
2007.09.24 14:29:54.748,0.74535,0.7457,0.50,33.50
2007.09.24 14:30:00.068,0.74535,0.7457,0.50,17.50
2007.09.24 14:30:00.170,0.74535,0.7457,0.50,19.00
2007.09.24 14:30:00.269,0.74535,0.7457,0.50,20.00
2007.09.24 14:30:00.314,0.7453,0.7456,4.00,18.40
2007.09.24 14:30:00.634,0.7453,0.7456,4.80,18.40
2007.09.24 14:30:00.736,0.7453,0.7456,8.80,18.40
2007.09.24 14:30:00.951,0.7453,0.7456,12.80,14.40
2007.09.24 14:30:01.066,0.7453,0.7456,14.40,14.40
2007.09.24 14:30:01.137,0.74535,0.7457,0.50,20.00
2007.09.24 14:30:01.155,0.74535,0.7457,0.50,24.00
2007.09.24 14:30:03.233,0.7453,0.7457,14.90,24.00
2007.09.24 14:30:07.813,0.7453,0.7457,4.50,25.60
2007.09.24 14:30:08.007,0.7452,0.7457,12.60,17.60
2007.09.24 14:30:08.268,0.7451,0.7457,43.10,18.40
2007.09.24 14:30:08.286,0.7452,0.7456,31.60,18.40
2007.09.24 14:30:18.807,0.74525,0.7456,0.50,22.40
2007.09.24 14:30:18.880,0.7452,0.7456,28.50,18.40
2007.09.24 14:30:19.140,0.7453,0.7456,1.50,18.40
2007.09.24 14:30:19.198,0.7453,0.7456,4.60,10.40
2007.09.24 14:30:19.442,0.7453,0.7456,5.30,5.60
2007.09.24 14:30:19.480,0.74545,0.7457,0.50,29.90
2007.09.24 14:30:19.500,0.7454,0.7457,10.10,25.20
2007.09.24 14:30:19.599,0.7454,0.7457,10.10,24.40
2007.09.24 14:30:19.607,0.7454,0.7457,10.10,20.40
2007.09.24 14:30:19.659,0.7454,0.7458,11.70,19.10
2007.09.24 14:30:19.825,0.7454,0.7458,11.70,15.10
2007.09.24 14:30:20.144,0.7455,0.7458,1.20,25.00
2007.09.24 14:30:21.197,0.74545,0.7458,6.10,24.20
2007.09.24 14:30:21.255,0.7455,0.7458,4.00,22.40
2007.09.24 14:30:21.302,0.7455,0.7458,2.70,23.20
2007.09.24 14:30:21.504,0.74545,0.7458,2.10,27.20
2007.09.24 14:30:29.583,0.7455,0.7458,0.60,25.60
2007.09.24 14:30:29.601,0.7455,0.7458,6.60,20.80
2007.09.24 14:30:29.701,0.7455,0.7458,4.80,16.80
2007.09.24 14:30:29.736,0.74545,0.7458,15.60,12.80
2007.09.24 14:30:29.935,0.74545,0.7458,24.40,4.00
2007.09.24 14:30:29.960,0.7454,0.7459,36.70,1.20
2007.09.24 14:30:30.149,0.7456,0.7459,4.50,9.20
2007.09.24 14:30:30.248,0.74565,0.7459,0.50,13.20
2007.09.24 14:30:30.302,0.74565,0.746,0.50,31.90
2007.09.24 14:30:30.359,0.74565,0.746,0.50,14.40
2007.09.24 14:30:30.659,0.7455,0.746,19.90,14.40
2007.09.24 14:30:30.681,0.74555,0.7459,0.50,24.80
2007.09.24 14:30:30.724,0.74555,0.7459,0.50,26.40
2007.09.24 14:30:36.668,0.74555,0.7459,0.50,27.20
2007.09.24 14:30:36.722,0.74555,0.7459,0.50,31.20
2007.09.24 14:30:36.765,0.74555,0.7459,0.50,27.20
2007.09.24 14:30:36.900,0.74555,0.7459,0.50,24.30
2007.09.24 14:30:36.972,0.74555,0.7459,0.50,20.30
2007.09.24 14:30:37.241,0.74555,0.7459,0.50,26.00
2007.09.24 14:30:37.313,0.74555,0.7459,0.50,26.80
2007.09.24 14:30:37.365,0.74555,0.7459,0.50,26.80
2007.09.24 14:30:37.473,0.74555,0.7459,0.50,22.80
2007.09.24 14:30:37.784,0.74555,0.7459,0.50,25.00
2007.09.24 14:30:37.902,0.7455,0.7459,14.90,21.00
2007.09.24 14:30:38.301,0.7455,0.7459,10.90,26.80
2007.09.24 14:30:38.618,0.7455,0.7459,10.90,22.80
2007.09.24 14:30:59.128,0.74555,0.7459,0.50,21.10
2007.09.24 14:31:02.226,0.74555,0.7459,0.50,20.90
2007.09.24 14:31:02.309,0.74555,0.7459,0.50,16.90
2007.09.24 14:31:02.335,0.7455,0.7458,10.10,27.60
2007.09.24 14:31:02.780,0.7455,0.7458,1.20,27.20
2007.09.24 14:31:03.178,0.7455,0.7458,2.00,28.00
2007.09.24 14:31:04.674,0.7455,0.7458,5.60,23.20
2007.09.24 14:31:04.844,0.7455,0.7458,6.40,14.40
2007.09.24 14:31:05.045,0.7455,0.7458,10.40,10.40
2007.09.24 14:31:05.130,0.74555,0.7459,0.50,24.00
2007.09.24 14:31:10.017,0.74555,0.7458,0.50,6.80
2007.09.24 14:31:10.953,0.74555,0.7459,0.50,31.40
2007.09.24 14:31:11.390,0.74555,0.7459,0.50,28.40
2007.09.24 14:31:12.336,0.74555,0.7458,0.50,8.40
2007.09.24 14:31:12.839,0.74555,0.7459,0.50,28.50
2007.09.24 14:31:12.938,0.74555,0.7459,0.50,29.30
2007.09.24 14:31:13.249,0.74555,0.7459,0.50,24.00
2007.09.24 14:31:14.785,0.74555,0.7458,0.50,8.40
2007.09.24 14:31:14.887,0.74555,0.7459,0.50,28.50
2007.09.24 14:31:14.985,0.74555,0.7459,0.50,29.30
2007.09.24 14:31:15.313,0.74555,0.7459,0.50,26.10
2007.09.24 14:31:15.420,0.74555,0.7458,0.50,8.40
2007.09.24 14:31:16.765,0.74555,0.7458,0.50,7.60
2007.09.24 14:31:16.875,0.74555,0.7459,0.50,29.30
2007.09.24 14:31:17.802,0.74555,0.7458,0.50,7.60
2007.09.24 14:31:18.960,0.74555,0.7459,0.50,28.10
2007.09.24 14:31:19.258,0.74555,0.7459,0.50,25.70
2007.09.24 14:31:19.371,0.74555,0.7458,0.50,8.40
2007.09.24 14:31:20.780,0.74555,0.7458,0.50,6.80
2007.09.24 14:31:20.986,0.74555,0.7458,0.50,6.00
2007.09.24 14:31:23.059,0.7455,0.7458,27.70,6.00
2007.09.24 14:31:24.824,0.74555,0.7458,0.50,10.80
2007.09.24 14:31:28.668,0.74555,0.7458,0.50,14.80
2007.09.24 14:31:28.873,0.74555,0.7458,0.50,16.40
2007.09.24 14:31:29.163,0.7455,0.7457,9.60,0.50
2007.09.24 14:31:29.181,0.7455,0.7457,5.60,0.50
2007.09.24 14:31:29.284,0.7455,0.7457,4.00,2.00
2007.09.24 14:31:29.383,0.74545,0.7457,0.50,2.00
2007.09.24 14:31:41.842,0.7455,0.7457,6.40,2.00
2007.09.24 14:31:41.944,0.7455,0.7457,11.20,2.00
2007.09.24 14:31:42.016,0.74555,0.7457,0.50,1.60
2007.09.24 14:31:42.520,0.74555,0.7458,0.50,16.50
2007.09.24 14:31:47.808,0.74555,0.7458,0.50,17.30
2007.09.24 14:31:48.252,0.74555,0.7458,0.50,16.50
2007.09.24 14:31:48.353,0.74555,0.7458,0.50,23.40
2007.09.24 14:31:48.395,0.74555,0.7458,0.50,24.20
2007.09.24 14:31:48.432,0.7455,0.7457,4.80,13.60
2007.09.24 14:31:48.461,0.7455,0.7457,4.00,18.40
2007.09.24 14:31:48.795,0.74545,0.7457,0.50,22.40
2007.09.24 14:31:49.346,0.7454,0.7457,4.90,22.40
2007.09.24 14:31:49.401,0.7454,0.7457,0.20,14.40
2007.09.24 14:31:49.599,0.7454,0.7457,4.10,10.40
2007.09.24 14:31:49.733,0.7454,0.7457,0.20,14.40
2007.09.24 14:31:50.642,0.74535,0.7457,0.50,14.40
2007.09.24 14:31:50.772,0.7453,0.7456,27.90,4.00
2007.09.24 14:31:50.828,0.7453,0.7456,27.90,8.00
2007.09.24 14:31:50.847,0.7453,0.7456,18.40,12.80
2007.09.24 14:31:50.948,0.7453,0.7455,17.60,0.50
2007.09.24 14:31:51.073,0.7453,0.7455,9.60,0.50
2007.09.24 14:31:51.358,0.7453,0.7455,8.00,2.00
2007.09.24 14:31:51.391,0.7453,0.7455,4.00,2.00
2007.09.24 14:31:51.908,0.74525,0.7455,0.50,2.00
2007.09.24 14:32:03.261,0.74525,0.7455,0.50,2.00
2007.09.24 14:32:03.374,0.7452,0.7455,22.10,3.60
2007.09.24 14:32:03.886,0.74525,0.7455,0.50,2.80
2007.09.24 14:32:09.945,0.7452,0.7455,22.10,4.40
2007.09.24 14:32:10.341,0.74525,0.7455,0.50,2.80
2007.09.24 14:32:19.163,0.7452,0.7455,30.10,2.00
2007.09.24 14:32:48.488,0.74525,0.7456,0.50,31.20
2007.09.24 14:32:48.525,0.74525,0.7456,0.50,30.40
2007.09.24 14:32:48.581,0.74525,0.7455,0.50,2.00
2007.09.24 14:32:48.995,0.7453,0.7455,4.00,2.00
2007.09.24 14:32:52.304,0.7453,0.7456,4.00,31.70
2007.09.24 14:32:52.382,0.7453,0.7456,5.60,26.90
2007.09.24 14:32:52.419,0.74535,0.7457,0.50,33.00
2007.09.24 14:32:52.521,0.74535,0.7457,0.50,32.40
2007.09.24 14:32:52.628,0.74535,0.7457,0.50,29.90
2007.09.24 14:32:52.943,0.74535,0.7457,0.50,35.40
2007.09.24 14:32:53.417,0.74535,0.7457,0.50,29.00
2007.09.24 14:32:53.449,0.74535,0.7457,0.50,24.30
2007.09.24 14:32:53.556,0.74535,0.7457,0.50,5.10
2007.09.24 14:32:53.661,0.74535,0.7457,0.50,5.00
2007.09.24 14:32:53.721,0.74535,0.7457,0.50,4.20
2007.09.24 14:32:53.786,0.74535,0.7457,0.50,4.10
2007.09.24 14:32:53.986,0.7454,0.7457,4.00,0.20
2007.09.24 14:32:54.052,0.74545,0.7458,0.50,33.00
2007.09.24 14:32:54.442,0.74545,0.7458,0.50,37.00
2007.09.24 14:32:54.487,0.74545,0.7458,0.50,27.20
2007.09.24 14:32:54.601,0.74545,0.7458,0.50,13.60
2007.09.24 14:32:54.945,0.74535,0.7457,0.50,25.10
2007.09.24 14:32:54.958,0.74535,0.7457,0.50,26.70
2007.09.24 14:32:55.447,0.74535,0.7457,0.50,26.40
2007.09.24 14:32:59.449,0.74535,0.7457,0.50,24.80
2007.09.24 14:32:59.483,0.74535,0.7457,0.50,20.80
2007.09.24 14:32:59.579,0.74535,0.7457,0.50,8.80
2007.09.24 14:32:59.675,0.7453,0.7458,23.90,8.00
2007.09.24 14:32:59.700,0.7453,0.7458,27.90,0.80
2007.09.24 14:32:59.768,0.7453,0.7458,28.70,0.80
2007.09.24 14:32:59.852,0.7453,0.7459,28.70,27.30
2007.09.24 14:32:59.904,0.7453,0.7459,28.70,27.60
2007.09.24 14:32:59.974,0.7453,0.7459,28.70,26.00
2007.09.24 14:32:59.999,0.7453,0.7459,25.50,13.10
2007.09.24 14:33:00.133,0.74545,0.7459,0.50,2.70
2007.09.24 14:33:00.413,0.74545,0.7459,0.50,2.80
2007.09.24 14:33:00.486,0.7454,0.7458,14.30,0.50
2007.09.24 14:33:00.504,0.7454,0.7458,15.10,0.50
2007.09.24 14:33:00.591,0.7454,0.7458,14.30,0.50
2007.09.24 14:33:00.614,0.7454,0.7458,15.10,0.50
2007.09.24 14:33:00.714,0.7454,0.7458,14.30,0.50
2007.09.24 14:33:01.066,0.7454,0.7458,6.40,0.50
2007.09.24 14:33:01.087,0.7454,0.7458,1.60,0.50
2007.09.24 14:33:01.586,0.7454,0.7458,2.40,0.50
2007.09.24 14:33:01.976,0.7454,0.7458,15.10,0.50
2007.09.24 14:33:02.084,0.7454,0.7458,19.90,0.50
2007.09.24 14:33:02.127,0.7454,0.7458,19.10,0.50
2007.09.24 14:33:02.408,0.7454,0.7458,18.30,0.50
2007.09.24 14:33:02.503,0.7454,0.7458,22.30,0.50
2007.09.24 14:33:02.521,0.7454,0.7458,23.90,0.50
2007.09.24 14:33:02.600,0.7454,0.7458,19.90,0.50
2007.09.24 14:33:02.906,0.7454,0.7459,19.90,0.50
2007.09.24 14:33:02.921,0.7454,0.7459,3.20,0.50
2007.09.24 14:33:02.932,0.7454,0.7459,1.60,0.50
2007.09.24 14:33:03.018,0.7454,0.7458,0.80,0.20
2007.09.24 14:33:03.040,0.7454,0.7458,1.60,0.20
2007.09.24 14:33:03.129,0.7454,0.7458,2.40,0.20
2007.09.24 14:33:03.430,0.7454,0.7458,15.90,0.20
2007.09.24 14:33:03.636,0.7454,0.7458,16.70,0.20
2007.09.24 14:33:04.055,0.7454,0.7458,22.30,0.20
2007.09.24 14:33:07.308,0.7454,0.7459,22.30,0.70
2007.09.24 14:33:13.042,0.7454,0.7459,26.30,0.90
2007.09.24 14:33:13.315,0.7454,0.7459,26.30,4.80
2007.09.24 14:33:13.900,0.74555,0.7459,0.50,4.80
2007.09.24 14:33:14.015,0.7456,0.7459,12.00,0.70
2007.09.24 14:33:14.129,0.74565,0.7459,0.50,0.50
2007.09.24 14:33:14.430,0.74565,0.7461,0.50,41.10
2007.09.24 14:33:21.264,0.74565,0.7461,0.50,41.30
2007.09.24 14:33:24.455,0.74565,0.7461,0.50,43.40
2007.09.24 14:33:32.457,0.74565,0.7459,0.50,0.50
2007.09.24 14:33:32.467,0.7456,0.7461,18.40,39.40
2007.09.24 14:33:32.566,0.7456,0.746,6.40,33.10
2007.09.24 14:33:32.969,0.7456,0.7459,4.80,0.60
2007.09.24 14:33:32.981,0.74555,0.746,0.50,37.30
2007.09.24 14:33:35.378,0.74555,0.7459,0.50,31.70
2007.09.24 14:33:37.021,0.7456,0.7459,1.60,29.30
2007.09.24 14:33:37.037,0.7456,0.7459,1.60,26.20
2007.09.24 14:33:37.131,0.7456,0.7459,6.40,20.10
2007.09.24 14:33:37.236,0.7456,0.7459,18.40,4.10
2007.09.24 14:33:37.258,0.74565,0.746,0.50,23.90
2007.09.24 14:33:37.450,0.74565,0.746,0.50,27.90
2007.09.24 14:33:39.120,0.74565,0.746,0.50,28.20
2007.09.24 14:33:40.141,0.74565,0.746,0.50,27.90
2007.09.24 14:33:41.036,0.74565,0.7459,0.50,0.50
2007.09.24 14:33:41.061,0.74565,0.7459,0.50,17.90
2007.09.24 14:33:41.149,0.74565,0.7459,0.50,22.70
2007.09.24 14:33:41.337,0.7456,0.7459,5.60,22.30
2007.09.24 14:33:41.471,0.7456,0.7459,1.60,22.40
2007.09.24 14:33:41.546,0.74555,0.7459,0.50,24.80
2007.09.24 14:33:45.018,0.74555,0.7459,0.50,23.20
2007.09.24 14:33:45.038,0.7456,0.7459,1.60,20.80
2007.09.24 14:33:45.122,0.7456,0.7459,5.60,12.80
2007.09.24 14:33:45.234,0.7456,0.7459,14.40,4.00
2007.09.24 14:33:45.419,0.74565,0.746,0.50,27.10
2007.09.24 14:33:45.607,0.74565,0.746,0.50,31.10
2007.09.24 14:33:46.041,0.74565,0.746,0.50,27.90
2007.09.24 14:33:55.406,0.74565,0.7461,0.50,40.70
2007.09.24 14:33:58.585,0.74565,0.746,0.50,32.10
2007.09.24 14:33:58.682,0.74565,0.7459,0.50,0.50
2007.09.24 14:33:58.808,0.74565,0.746,0.50,31.40
2007.09.24 14:33:58.964,0.7456,0.746,5.60,31.00
2007.09.24 14:33:59.096,0.7456,0.746,1.60,31.20
2007.09.24 14:33:59.205,0.74555,0.7459,0.50,0.60
2007.09.24 14:33:59.597,0.74555,0.746,0.50,28.00
2007.09.24 14:34:13.620,0.74555,0.746,0.50,33.30
2007.09.24 14:34:15.131,0.74555,0.746,0.50,36.00
2007.09.24 14:34:20.867,0.74555,0.746,0.50,36.10
2007.09.24 14:34:25.112,0.74555,0.7459,0.50,31.20
2007.09.24 14:34:25.607,0.74555,0.7459,0.50,31.20
2007.09.24 14:34:35.072,0.74555,0.7459,0.50,17.60
2007.09.24 14:34:35.205,0.74555,0.7459,0.50,11.00
2007.09.24 14:34:35.315,0.74555,0.7459,0.50,9.20
2007.09.24 14:34:35.595,0.74555,0.7459,0.50,10.00
2007.09.24 14:34:35.749,0.7455,0.7458,12.00,33.20
2007.09.24 14:34:35.897,0.7455,0.7458,8.00,33.20
2007.09.24 14:34:36.323,0.74545,0.7458,0.50,33.20
2007.09.24 14:34:36.830,0.74545,0.7458,0.50,29.20
2007.09.24 14:34:37.158,0.74545,0.7458,0.50,22.00
2007.09.24 14:34:37.245,0.74545,0.7458,0.50,25.20
2007.09.24 14:34:37.372,0.7454,0.7457,4.00,8.00
2007.09.24 14:34:37.658,0.7454,0.7457,4.00,5.80
2007.09.24 14:34:38.201,0.7454,0.7457,4.00,5.70
2007.09.24 14:34:38.821,0.7454,0.7457,4.00,6.00
2007.09.24 14:34:39.253,0.7454,0.7457,4.00,10.00
2007.09.24 14:34:40.358,0.7454,0.7457,4.00,9.70
2007.09.24 14:34:40.694,0.7454,0.7457,4.00,9.80
2007.09.24 14:34:40.906,0.7454,0.7457,4.00,9.70
2007.09.24 14:34:41.206,0.7454,0.7457,4.00,9.80
2007.09.24 14:34:41.311,0.7454,0.7457,4.00,1.80
2007.09.24 14:34:41.812,0.7454,0.7457,4.00,5.80
2007.09.24 14:34:41.922,0.7454,0.7457,4.00,9.80
2007.09.24 14:34:42.133,0.7454,0.7456,4.00,4.40
2007.09.24 14:34:42.164,0.7454,0.7455,4.00,12.70
2007.09.24 14:34:42.190,0.7454,0.7455,4.00,15.10
2007.09.24 14:34:42.243,0.7454,0.7455,4.00,30.70
2007.09.24 14:34:42.336,0.7454,0.7455,4.00,24.50
2007.09.24 14:34:42.642,0.74515,0.7455,0.80,24.50
2007.09.24 14:34:42.753,0.74515,0.7455,0.80,31.80
2007.09.24 14:34:42.854,0.74515,0.7455,0.80,29.40
2007.09.24 14:34:42.953,0.7451,0.7455,28.00,29.40
2007.09.24 14:34:42.968,0.74515,0.7455,0.50,29.40
2007.09.24 14:34:44.722,0.74515,0.7455,0.50,22.80
2007.09.24 14:34:44.811,0.74515,0.7455,0.50,22.00
2007.09.24 14:34:45.149,0.74515,0.7454,0.50,29.80
2007.09.24 14:34:45.236,0.74515,0.7453,0.50,10.60
2007.09.24 14:34:45.392,0.7451,0.7453,5.60,11.00
2007.09.24 14:34:45.565,0.7451,0.7453,1.60,11.00
2007.09.24 14:34:45.671,0.74505,0.7453,0.50,11.80
2007.09.24 14:34:46.069,0.7451,0.7453,1.60,14.20
2007.09.24 14:34:46.177,0.7451,0.7453,7.20,5.20
2007.09.24 14:34:46.269,0.7451,0.7454,8.00,20.00
2007.09.24 14:34:46.689,0.7451,0.7454,12.00,16.00
2007.09.24 14:34:50.166,0.7451,0.7453,10.40,6.00
2007.09.24 14:34:50.205,0.7451,0.7453,10.40,5.60
2007.09.24 14:34:50.236,0.7451,0.7453,4.80,13.60
2007.09.24 14:34:50.323,0.7451,0.7453,4.00,10.40
2007.09.24 14:34:50.520,0.74505,0.7453,0.50,14.40
2007.09.24 14:34:50.681,0.7451,0.7453,1.60,12.80
2007.09.24 14:34:50.733,0.7451,0.7453,6.40,4.00
2007.09.24 14:34:50.841,0.7451,0.7454,6.40,22.40
2007.09.24 14:34:51.030,0.74515,0.7454,0.50,22.80
2007.09.24 14:34:51.103,0.74515,0.7455,0.50,19.40
2007.09.24 14:34:51.159,0.74515,0.7455,0.50,27.40
2007.09.24 14:34:51.734,0.7451,0.7454,10.40,18.40
2007.09.24 14:34:52.714,0.7451,0.7454,14.40,14.40
2007.09.24 14:34:52.817,0.7451,0.7454,14.40,5.60
2007.09.24 14:34:53.357,0.74515,0.7455,0.50,31.90
2007.09.24 14:34:53.666,0.74515,0.7455,0.50,14.30
2007.09.24 14:34:53.766,0.74515,0.7455,0.50,10.30
2007.09.24 14:34:53.850,0.74515,0.7455,0.50,9.50
2007.09.24 14:34:54.186,0.7451,0.7456,21.00,1.90
2007.09.24 14:34:54.236,0.7451,0.7457,26.50,32.40
2007.09.24 14:34:54.288,0.7451,0.7457,26.50,31.60
2007.09.24 14:34:54.986,0.74515,0.7457,0.80,31.60
2007.09.24 14:34:55.859,0.7451,0.7457,26.50,31.60
2007.09.24 14:34:56.096,0.7451,0.7457,26.60,31.60
2007.09.24 14:34:56.415,0.74515,0.7457,0.80,31.60
2007.09.24 14:34:56.703,0.7451,0.7457,26.50,31.60
2007.09.24 14:34:57.047,0.7451,0.7457,26.60,31.60
2007.09.24 14:34:57.423,0.74515,0.7457,0.80,31.60
2007.09.24 14:34:58.057,0.7451,0.7457,26.50,31.60
2007.09.24 14:34:58.101,0.7451,0.7457,26.60,31.60
2007.09.24 14:34:58.318,0.7451,0.7457,26.30,31.50
2007.09.24 14:34:58.334,0.74515,0.7457,0.80,31.50
2007.09.24 14:34:58.678,0.74515,0.7457,0.80,24.30
2007.09.24 14:34:58.722,0.7451,0.7457,25.50,24.30
2007.09.24 14:34:58.875,0.7451,0.7457,26.30,23.50
2007.09.24 14:34:58.970,0.7451,0.7456,26.30,0.50
2007.09.24 14:34:59.216,0.74515,0.7456,0.80,0.50
2007.09.24 14:34:59.577,0.7451,0.7456,26.30,0.50
2007.09.24 14:35:00.001,0.74515,0.7456,0.80,0.50
2007.09.24 14:35:00.319,0.7451,0.7456,26.30,0.50
2007.09.24 14:35:00.652,0.74515,0.7456,0.80,0.50
2007.09.24 14:35:01.024,0.7451,0.7456,26.30,0.50
2007.09.24 14:35:01.307,0.74515,0.7456,0.80,0.50
2007.09.24 14:35:17.179,0.7451,0.7456,26.30,0.50
2007.09.24 14:35:19.164,0.7451,0.7457,22.30,5.70
2007.09.24 14:35:20.621,0.7451,0.7457,22.30,9.70
2007.09.24 14:35:20.716,0.7451,0.7457,22.30,13.70
2007.09.24 14:35:20.725,0.7451,0.7457,22.30,15.30
2007.09.24 14:35:20.825,0.7451,0.7457,26.30,29.70
2007.09.24 14:35:21.234,0.7451,0.7457,26.30,31.30
2007.09.24 14:35:21.769,0.7451,0.7457,26.50,31.30
2007.09.24 14:35:21.872,0.7451,0.7457,26.50,31.60
2007.09.24 14:35:26.843,0.7451,0.7458,26.50,44.00
2007.09.24 14:35:28.336,0.7451,0.7457,26.50,0.90
2007.09.24 14:35:28.814,0.7451,0.7457,26.50,0.50
2007.09.24 14:35:29.254,0.7451,0.7457,26.50,0.70
2007.09.24 14:35:29.297,0.7451,0.7457,26.50,0.70
2007.09.24 14:35:29.331,0.7451,0.7458,26.50,43.70
2007.09.24 14:35:29.947,0.7451,0.7458,26.30,42.90
2007.09.24 14:35:52.140,0.7451,0.7458,26.70,42.90
2007.09.24 14:35:58.805,0.7451,0.7457,26.30,29.70
2007.09.24 14:36:05.140,0.7451,0.7457,26.30,0.60
2007.09.24 14:36:05.836,0.7451,0.7458,26.70,43.10
2007.09.24 14:36:14.948,0.7451,0.7458,26.30,43.10
2007.09.24 14:36:19.415,0.7451,0.7457,26.70,0.60
2007.09.24 14:36:23.170,0.7451,0.7457,0.80,0.60
2007.09.24 14:36:29.170,0.745,0.7458,40.70,43.10
2007.09.24 14:36:32.357,0.7451,0.7457,8.50,16.20
2007.09.24 14:36:32.408,0.745,0.7457,40.70,10.60
2007.09.24 14:36:32.470,0.745,0.7457,40.70,5.80
2007.09.24 14:36:43.360,0.745,0.7457,40.70,6.60
2007.09.24 14:36:43.377,0.745,0.7457,38.80,14.60
2007.09.24 14:36:43.485,0.7451,0.7457,14.80,7.80
2007.09.24 14:36:43.926,0.745,0.7456,46.00,37.00
2007.09.24 14:36:44.011,0.74525,0.7456,0.50,37.00
2007.09.24 14:36:44.312,0.74525,0.7456,0.50,33.00
2007.09.24 14:36:44.396,0.7452,0.7456,4.50,31.40
2007.09.24 14:36:44.416,0.7452,0.7456,4.50,22.70
2007.09.24 14:36:44.497,0.7452,0.7456,4.50,12.00
2007.09.24 14:36:44.611,0.7452,0.7456,4.50,4.00
2007.09.24 14:36:45.454,0.7451,0.7457,29.50,23.30
2007.09.24 14:36:50.935,0.7453,0.7457,14.00,5.90
2007.09.24 14:36:51.063,0.74535,0.7457,0.50,4.00
2007.09.24 14:36:51.222,0.74535,0.7457,4.50,4.00
2007.09.24 14:36:51.395,0.7454,0.7457,4.00,9.60
2007.09.24 14:36:51.456,0.7454,0.7457,4.00,27.90
2007.09.24 14:36:51.918,0.7454,0.7457,4.00,29.50
2007.09.24 14:36:51.972,0.74535,0.7457,0.50,29.50
2007.09.24 14:36:53.228,0.74535,0.7457,0.50,29.50
2007.09.24 14:37:00.387,0.74535,0.7457,0.50,28.00
2007.09.24 14:37:00.399,0.74535,0.7457,0.50,20.80
2007.09.24 14:37:00.483,0.74535,0.7457,0.50,8.80
2007.09.24 14:37:00.590,0.74535,0.7457,0.50,8.00
2007.09.24 14:37:00.877,0.7454,0.7457,4.00,4.00
2007.09.24 14:37:29.196,0.74535,0.7457,0.50,4.00
2007.09.24 14:37:30.865,0.7454,0.7457,4.00,4.00
2007.09.24 14:37:31.369,0.7454,0.7457,4.00,5.60
2007.09.24 14:37:31.536,0.7454,0.7457,4.00,17.40
2007.09.24 14:37:31.584,0.7454,0.7457,4.00,13.40
2007.09.24 14:37:31.896,0.74535,0.7457,0.50,15.20
2007.09.24 14:37:39.478,0.7454,0.7457,1.60,14.40
2007.09.24 14:37:39.489,0.74535,0.7457,0.50,16.00
2007.09.24 14:37:39.561,0.7454,0.7457,10.40,16.00
2007.09.24 14:37:39.579,0.7454,0.7457,10.40,16.80
2007.09.24 14:37:39.662,0.7454,0.7457,18.40,4.80
2007.09.24 14:37:39.757,0.7454,0.7457,18.40,4.00
2007.09.24 14:37:39.962,0.74545,0.7458,0.50,23.90
2007.09.24 14:37:39.978,0.74545,0.7458,0.50,19.90
2007.09.24 14:37:40.080,0.74545,0.7458,0.50,20.00
2007.09.24 14:37:40.491,0.74545,0.7458,0.50,20.80
2007.09.24 14:37:43.449,0.74545,0.7458,0.50,24.00
2007.09.24 14:37:43.502,0.74545,0.7458,0.50,23.10
2007.09.24 14:37:43.618,0.74545,0.7458,0.50,31.10
2007.09.24 14:37:56.471,0.7455,0.7458,12.00,22.40
2007.09.24 14:37:56.576,0.7455,0.7458,22.40,13.60
2007.09.24 14:37:56.758,0.74555,0.7459,0.50,25.50
2007.09.24 14:37:56.832,0.74555,0.7459,0.50,24.70
2007.09.24 14:37:56.981,0.74555,0.7459,0.50,31.10
2007.09.24 14:37:57.060,0.74555,0.7458,0.50,2.00
2007.09.24 14:37:57.099,0.74555,0.7458,0.50,11.60
2007.09.24 14:37:57.198,0.74555,0.7458,0.50,20.40
2007.09.24 14:37:58.034,0.74555,0.7458,0.50,12.40
2007.09.24 14:37:59.480,0.74555,0.7458,0.50,11.60
2007.09.24 14:37:59.518,0.74555,0.7459,0.50,22.30
2007.09.24 14:37:59.574,0.74555,0.7459,0.50,34.30
2007.09.24 14:37:59.697,0.74555,0.7459,0.50,29.30
2007.09.24 14:38:00.107,0.74555,0.7459,0.50,30.10
2007.09.24 14:38:00.529,0.74555,0.7459,0.50,21.40
2007.09.24 14:38:00.552,0.7456,0.7459,1.60,19.00
2007.09.24 14:38:00.626,0.7456,0.7459,10.40,4.00
2007.09.24 14:38:01.032,0.7456,0.746,14.40,31.90
2007.09.24 14:38:10.487,0.7456,0.7459,14.40,4.00
2007.09.24 14:38:10.668,0.7456,0.7459,14.40,4.80
2007.09.24 14:38:10.771,0.7456,0.7459,14.40,8.80
2007.09.24 14:38:11.142,0.74565,0.746,0.50,27.20
2007.09.24 14:38:11.190,0.74565,0.746,0.50,23.90
2007.09.24 14:38:11.207,0.74565,0.746,0.50,27.90
2007.09.24 14:38:20.563,0.74565,0.746,0.50,23.90
2007.09.24 14:38:20.670,0.74565,0.746,0.50,25.30
2007.09.24 14:38:20.704,0.74565,0.746,0.50,23.20
2007.09.24 14:38:25.573,0.7456,0.746,18.90,23.20
2007.09.24 14:38:28.543,0.74565,0.746,0.50,24.80
2007.09.24 14:38:28.639,0.7456,0.746,20.50,26.40
2007.09.24 14:38:28.728,0.74565,0.746,0.50,24.70
2007.09.24 14:38:32.111,0.74565,0.746,0.50,27.80
2007.09.24 14:38:32.169,0.7456,0.746,18.90,28.60
2007.09.24 14:38:32.248,0.7456,0.746,18.90,24.50
2007.09.24 14:38:32.772,0.7456,0.746,18.90,22.30
2007.09.24 14:38:38.521,0.7456,0.746,14.90,14.30
2007.09.24 14:38:38.608,0.74565,0.746,0.50,16.70
2007.09.24 14:38:38.628,0.7456,0.746,13.30,11.60
2007.09.24 14:38:38.732,0.74565,0.746,0.50,11.20
2007.09.24 14:38:38.838,0.7456,0.746,4.50,10.40
2007.09.24 14:38:39.118,0.7454,0.746,12.80,11.20
2007.09.24 14:38:39.142,0.74545,0.7459,4.50,29.70
2007.09.24 14:38:39.279,0.74545,0.7459,4.50,32.90
2007.09.24 14:38:40.669,0.7455,0.7459,2.20,28.90
2007.09.24 14:38:40.776,0.74545,0.7458,4.50,4.00
2007.09.24 14:38:41.072,0.7455,0.7457,2.00,0.50
2007.09.24 14:38:41.094,0.74545,0.7456,4.50,6.30
2007.09.24 14:38:41.212,0.7455,0.7456,1.10,11.10
2007.09.24 14:38:41.603,0.7453,0.7456,6.30,11.10
2007.09.24 14:38:41.641,0.74525,0.7456,10.10,15.10
2007.09.24 14:38:43.048,0.7454,0.7456,4.60,15.10
2007.09.24 14:38:43.134,0.7453,0.7456,27.60,4.80
2007.09.24 14:38:43.237,0.74555,0.7456,0.50,4.80
2007.09.24 14:38:43.456,0.74555,0.7459,0.50,19.10
2007.09.24 14:38:43.563,0.74555,0.7459,0.50,23.10
2007.09.24 14:38:43.780,0.74555,0.7459,0.50,19.10
2007.09.24 14:38:44.209,0.7455,0.7459,17.30,26.40
2007.09.24 14:38:44.316,0.7455,0.7459,17.30,22.40
2007.09.24 14:38:50.135,0.74555,0.7458,0.50,10.00
2007.09.24 14:38:50.186,0.7455,0.7458,13.30,8.40
2007.09.24 14:38:51.057,0.74555,0.7458,0.50,12.40
2007.09.24 14:38:52.678,0.74555,0.7458,0.50,16.40
2007.09.24 14:38:52.703,0.74555,0.7458,0.50,7.60
2007.09.24 14:38:52.811,0.74555,0.7459,0.50,30.80
2007.09.24 14:38:54.573,0.74555,0.7458,0.50,6.00
2007.09.24 14:38:54.617,0.74555,0.7458,0.50,7.60
2007.09.24 14:38:54.725,0.74555,0.7458,0.50,8.40
2007.09.24 14:38:56.655,0.74555,0.7458,0.50,4.40
2007.09.24 14:38:57.542,0.7456,0.7458,1.60,8.40
2007.09.24 14:38:57.613,0.7456,0.7458,7.20,7.50
2007.09.24 14:38:57.652,0.7456,0.7458,7.20,5.90
2007.09.24 14:38:57.702,0.7456,0.7459,8.00,20.40
2007.09.24 14:38:58.025,0.7456,0.7459,12.00,16.40
2007.09.24 14:39:00.093,0.7456,0.7459,12.00,20.40
2007.09.24 14:39:00.216,0.7456,0.7459,16.00,6.40
2007.09.24 14:39:00.334,0.7456,0.7459,28.00,5.60
2007.09.24 14:39:00.860,0.74565,0.746,0.50,25.50
2007.09.24 14:39:01.062,0.74565,0.746,0.50,24.00
2007.09.24 14:39:01.182,0.7457,0.746,8.00,20.00
2007.09.24 14:39:01.515,0.7457,0.746,12.00,16.00
2007.09.24 14:39:01.588,0.74575,0.746,0.50,16.40
2007.09.24 14:39:01.665,0.74575,0.746,0.50,15.60
2007.09.24 14:39:01.725,0.74575,0.746,0.50,11.60
2007.09.24 14:39:02.595,0.74575,0.746,0.50,15.60
2007.09.24 14:39:02.695,0.74575,0.746,0.50,21.10
2007.09.24 14:39:02.798,0.74575,0.746,0.50,25.10
2007.09.24 14:39:03.318,0.7457,0.746,1.60,24.70
2007.09.24 14:39:11.712,0.7457,0.746,1.60,20.70
2007.09.24 14:39:12.979,0.7457,0.746,1.80,20.70
2007.09.24 14:39:14.712,0.7457,0.746,1.60,20.70
2007.09.24 14:39:23.079,0.7457,0.7459,1.60,4.40
2007.09.24 14:39:23.148,0.7457,0.7459,1.60,6.20
2007.09.24 14:39:23.404,0.7457,0.7459,1.60,11.20
2007.09.24 14:39:23.799,0.74565,0.7459,0.50,12.80
2007.09.24 14:39:25.781,0.74565,0.7459,0.50,8.80
2007.09.24 14:39:25.982,0.74565,0.7459,0.50,0.80
2007.09.24 14:39:27.807,0.74565,0.7459,0.50,0.60
2007.09.24 14:39:28.335,0.74565,0.746,0.50,35.10
2007.09.24 14:39:28.660,0.74565,0.7459,0.50,0.50
2007.09.24 14:39:39.928,0.74565,0.746,0.50,33.50
2007.09.24 14:39:45.140,0.74565,0.7459,0.50,0.80
2007.09.24 14:39:45.656,0.74565,0.746,0.50,29.50
2007.09.24 14:39:45.675,0.7456,0.746,12.00,29.10
2007.09.24 14:39:45.763,0.7456,0.7459,9.60,0.70
2007.09.24 14:39:45.882,0.7456,0.74585,9.60,12.90
2007.09.24 14:39:46.194,0.7456,0.7458,1.60,0.80
2007.09.24 14:39:46.302,0.7456,0.7458,1.60,0.50
2007.09.24 14:40:02.341,0.7456,0.7458,12.00,8.40
2007.09.24 14:40:02.520,0.7456,0.7459,12.00,18.10
2007.09.24 14:40:02.775,0.7456,0.7459,16.00,14.10
2007.09.24 14:40:04.479,0.7456,0.7459,16.00,18.10
2007.09.24 14:40:04.718,0.7456,0.7459,16.80,16.90
2007.09.24 14:40:04.775,0.7456,0.7459,23.90,8.80
2007.09.24 14:40:04.810,0.7456,0.7459,23.90,12.40
2007.09.24 14:40:04.841,0.74575,0.746,0.50,27.80
2007.09.24 14:40:04.896,0.74575,0.746,0.50,21.70
2007.09.24 14:40:05.062,0.74575,0.746,0.50,21.70
2007.09.24 14:40:05.211,0.74575,0.746,0.50,17.70
2007.09.24 14:40:05.248,0.74575,0.7459,0.50,4.40
2007.09.24 14:40:05.332,0.74575,0.7459,0.50,4.80
2007.09.24 14:40:05.441,0.74575,0.7459,0.50,5.30
2007.09.24 14:40:05.799,0.7457,0.7459,5.60,5.30
2007.09.24 14:40:05.879,0.7457,0.746,5.60,25.50
2007.09.24 14:40:05.975,0.7457,0.746,1.60,26.00
2007.09.24 14:40:06.270,0.7457,0.746,1.60,26.90
2007.09.24 14:40:06.349,0.7457,0.746,1.60,26.50
2007.09.24 14:40:06.476,0.7457,0.7459,1.60,4.40
2007.09.24 14:40:07.169,0.7457,0.7459,1.60,0.50
2007.09.24 14:40:07.191,0.7457,0.7459,5.60,0.50
2007.09.24 14:40:07.283,0.74575,0.74595,0.50,0.50
2007.09.24 14:40:07.630,0.74575,0.7461,0.50,11.20
2007.09.24 14:40:07.806,0.74575,0.7461,0.50,15.20
2007.09.24 14:40:08.752,0.74575,0.7461,0.50,19.30
2007.09.24 14:40:08.862,0.74575,0.7461,0.50,28.30
2007.09.24 14:40:08.911,0.74575,0.7461,0.50,28.80
2007.09.24 14:40:09.027,0.74575,0.746,0.50,6.00
2007.09.24 14:40:12.554,0.74575,0.746,0.50,6.00
2007.09.24 14:40:26.242,0.74575,0.746,1.00,6.00
2007.09.24 14:40:29.348,0.7457,0.746,29.30,6.00
2007.09.24 14:40:36.280,0.7457,0.746,13.30,23.50
2007.09.24 14:40:36.504,0.74575,0.746,0.50,33.20
2007.09.24 14:40:36.905,0.7455,0.74595,32.80,0.50
2007.09.24 14:40:36.951,0.7456,0.7459,22.90,0.50
2007.09.24 14:40:40.804,0.74565,0.7459,2.10,0.50
2007.09.24 14:40:40.908,0.74565,0.7459,10.90,0.50
2007.09.24 14:40:40.932,0.74575,0.74595,0.50,0.50
2007.09.24 14:40:41.619,0.74575,0.746,0.50,33.20
2007.09.24 14:40:41.733,0.7457,0.746,4.00,32.80
2007.09.24 14:40:41.760,0.74565,0.746,0.50,32.80
2007.09.24 14:40:41.839,0.74565,0.7458,0.50,2.40
2007.09.24 14:40:41.941,0.74565,0.7457,0.50,1.60
2007.09.24 14:40:41.977,0.74565,0.7457,0.50,5.60
2007.09.24 14:40:42.341,0.74565,0.7457,0.50,4.00
2007.09.24 14:40:42.425,0.74565,0.7459,0.50,1.20
2007.09.24 14:40:42.630,0.74565,0.7459,0.50,0.50
2007.09.24 14:40:42.979,0.74565,0.7459,0.50,4.40
2007.09.24 14:40:43.827,0.7457,0.7459,5.60,4.40
2007.09.24 14:40:43.935,0.7457,0.7459,14.40,0.50
2007.09.24 14:40:44.001,0.7457,0.7459,16.00,0.50
2007.09.24 14:40:44.076,0.74575,0.74595,0.50,0.50
2007.09.24 14:40:44.253,0.74575,0.746,0.50,15.50
2007.09.24 14:40:44.366,0.74575,0.746,0.50,24.00
2007.09.24 14:40:44.408,0.74575,0.746,0.50,24.50
2007.09.24 14:40:44.458,0.74575,0.746,0.50,29.30
2007.09.24 14:40:44.576,0.74575,0.746,0.50,31.20
2007.09.24 14:40:44.699,0.74575,0.74595,0.50,0.50
2007.09.24 14:40:44.898,0.7457,0.7459,4.00,0.50
2007.09.24 14:40:44.902,0.74565,0.7459,0.50,0.50
2007.09.24 14:40:45.851,0.7457,0.7459,4.00,0.50
2007.09.24 14:40:45.955,0.7457,0.7459,4.80,0.50
2007.09.24 14:40:46.142,0.7457,0.746,4.80,19.70
2007.09.24 14:40:46.338,0.7457,0.746,6.40,19.70
2007.09.24 14:40:46.384,0.7457,0.746,10.40,15.70
2007.09.24 14:40:56.399,0.7457,0.746,8.80,15.70
2007.09.24 14:40:56.410,0.7457,0.746,4.80,35.30
2007.09.24 14:40:56.501,0.7457,0.746,4.00,35.20
2007.09.24 14:40:56.836,0.74565,0.746,0.50,35.20
2007.09.24 14:40:56.858,0.74565,0.7459,0.50,0.50
2007.09.24 14:40:58.874,0.74565,0.7459,0.50,4.40
2007.09.24 14:40:58.961,0.74565,0.7459,0.50,6.80
2007.09.24 14:41:01.532,0.74565,0.7459,0.50,10.80
2007.09.24 14:41:03.788,0.74565,0.7459,0.50,0.50
2007.09.24 14:41:13.486,0.74565,0.7459,0.50,6.80
2007.09.24 14:41:13.575,0.74565,0.7459,0.50,12.80
2007.09.24 14:41:13.730,0.7456,0.7459,4.00,12.40
2007.09.24 14:41:14.090,0.7456,0.7459,4.00,4.40
2007.09.24 14:41:14.544,0.74545,0.7458,0.50,5.60
2007.09.24 14:41:16.429,0.7455,0.7458,24.70,5.60
2007.09.24 14:41:16.534,0.7455,0.7458,20.70,5.60
2007.09.24 14:41:16.956,0.7455,0.7458,20.70,1.60
2007.09.24 14:41:16.999,0.74565,0.7459,0.50,6.80
2007.09.24 14:41:20.310,0.74565,0.7459,0.50,2.00
2007.09.24 14:41:20.446,0.7457,0.7459,4.00,2.00
2007.09.24 14:41:20.535,0.7457,0.7459,4.80,2.00
2007.09.24 14:41:20.746,0.7457,0.746,4.80,28.50
2007.09.24 14:41:20.854,0.7457,0.746,8.80,24.50
2007.09.24 14:41:20.960,0.74575,0.746,0.50,24.90
2007.09.24 14:41:21.120,0.74575,0.7461,0.50,18.50
2007.09.24 14:41:25.051,0.74575,0.7461,0.50,24.00
2007.09.24 14:41:25.354,0.74575,0.7461,0.50,24.10
2007.09.24 14:41:25.413,0.7458,0.7461,6.40,21.70
2007.09.24 14:41:25.583,0.7458,0.7461,23.10,8.80
2007.09.24 14:41:25.623,0.7458,0.7461,23.10,8.00
2007.09.24 14:41:25.716,0.7458,0.7461,23.10,4.00
2007.09.24 14:41:25.741,0.74595,0.7462,0.50,6.00
2007.09.24 14:41:25.815,0.74595,0.7463,0.50,34.90
2007.09.24 14:41:25.832,0.74595,0.7463,0.50,34.10
2007.09.24 14:41:25.864,0.74595,0.7462,0.50,6.00
2007.09.24 14:41:25.922,0.74595,0.7462,0.50,24.30
2007.09.24 14:41:26.036,0.74595,0.7462,0.50,28.40
2007.09.24 14:41:26.452,0.7458,0.7462,4.00,30.30
2007.09.24 14:41:26.583,0.74585,0.7462,0.50,29.90
2007.09.24 14:41:32.905,0.74585,0.7462,0.50,27.90
2007.09.24 14:41:33.350,0.74585,0.7461,0.50,1.70
2007.09.24 14:41:33.447,0.74585,0.7461,0.50,21.90
2007.09.24 14:41:33.558,0.74585,0.7461,0.50,27.50
2007.09.24 14:41:33.796,0.7458,0.7461,4.00,27.10
2007.09.24 14:41:33.872,0.7458,0.7461,4.00,30.30
2007.09.24 14:41:33.903,0.7458,0.7461,4.00,29.90
2007.09.24 14:41:33.965,0.7458,0.7461,4.00,32.90
2007.09.24 14:41:33.977,0.7458,0.7461,4.00,27.40
2007.09.24 14:41:34.254,0.7458,0.746,4.00,6.00
2007.09.24 14:41:34.410,0.7458,0.746,4.00,6.80
2007.09.24 14:41:34.462,0.7458,0.746,4.00,7.40
2007.09.24 14:41:34.516,0.74575,0.746,0.50,16.00
2007.09.24 14:41:34.669,0.74575,0.7461,0.50,21.10
2007.09.24 14:41:34.936,0.74575,0.7461,0.50,20.10
2007.09.24 14:41:34.963,0.74575,0.7461,0.50,20.70
2007.09.24 14:41:35.040,0.74575,0.7461,0.50,24.10
2007.09.24 14:41:35.363,0.74575,0.746,0.50,10.00
2007.09.24 14:41:38.498,0.74575,0.746,0.50,14.00
2007.09.24 14:41:41.503,0.74575,0.746,0.50,19.40
2007.09.24 14:41:41.531,0.74575,0.746,0.50,20.00
2007.09.24 14:41:41.909,0.7458,0.746,9.50,20.00
2007.09.24 14:41:41.940,0.7458,0.746,15.90,13.80
2007.09.24 14:41:42.027,0.7458,0.7461,23.10,4.00
2007.09.24 14:41:42.366,0.7458,0.7461,16.70,4.00
2007.09.24 14:41:42.465,0.7458,0.7461,8.00,1.20
2007.09.24 14:41:42.576,0.7459,0.7462,4.00,31.10
2007.09.24 14:41:42.887,0.74585,0.7462,0.50,34.10
2007.09.24 14:41:43.416,0.74585,0.7462,0.50,25.40
2007.09.24 14:41:43.492,0.74585,0.7462,0.50,21.40
2007.09.24 14:41:43.534,0.74585,0.7462,0.50,17.20
2007.09.24 14:41:43.901,0.74585,0.7462,0.50,18.00
2007.09.24 14:41:43.923,0.74585,0.74605,0.50,0.50
2007.09.24 14:41:43.937,0.7457,0.74605,26.40,0.50
2007.09.24 14:41:44.209,0.74575,0.746,0.50,0.50
2007.09.24 14:41:45.954,0.74575,0.746,0.50,4.40
2007.09.24 14:41:45.992,0.74575,0.746,0.50,5.00
2007.09.24 14:41:46.057,0.74575,0.746,0.50,5.60
2007.09.24 14:41:46.094,0.74575,0.746,0.50,10.40
2007.09.24 14:41:46.164,0.74575,0.7461,0.50,27.20
2007.09.24 14:41:46.531,0.74575,0.7461,0.50,28.00
2007.09.24 14:41:46.845,0.74575,0.7461,0.50,32.00
2007.09.24 14:41:47.189,0.74575,0.7461,0.50,32.80
2007.09.24 14:41:47.457,0.74575,0.7461,0.50,33.10
2007.09.24 14:41:47.566,0.74575,0.7461,0.50,33.70
2007.09.24 14:41:47.573,0.74575,0.7461,0.50,33.10
2007.09.24 14:41:47.702,0.74575,0.7461,0.50,32.70
2007.09.24 14:41:47.758,0.74575,0.7461,0.50,31.90
2007.09.24 14:41:48.038,0.74575,0.746,0.50,6.00
2007.09.24 14:42:01.408,0.74575,0.746,0.50,2.00
2007.09.24 14:42:02.640,0.7458,0.746,4.00,2.00
2007.09.24 14:42:07.672,0.7458,0.746,4.00,0.60
2007.09.24 14:42:08.658,0.74575,0.746,0.50,0.60
2007.09.24 14:42:12.950,0.7458,0.746,4.00,0.60
2007.09.24 14:42:13.984,0.7458,0.74605,4.00,6.50
2007.09.24 14:42:14.083,0.7458,0.74605,4.00,9.20
2007.09.24 14:42:14.115,0.74575,0.74605,0.50,18.60
2007.09.24 14:42:14.183,0.74575,0.746,0.50,0.80
2007.09.24 14:42:14.538,0.74575,0.74615,0.50,21.10
2007.09.24 14:42:15.933,0.74575,0.7461,0.50,38.00
2007.09.24 14:42:16.020,0.74575,0.746,0.50,0.80
2007.09.24 14:42:16.042,0.74575,0.7461,0.50,39.70
2007.09.24 14:42:16.143,0.74575,0.7461,0.50,41.60
2007.09.24 14:42:16.205,0.7457,0.746,4.00,0.90
2007.09.24 14:42:16.463,0.74565,0.746,0.50,0.60
2007.09.24 14:42:16.476,0.74565,0.7459,0.50,0.90
2007.09.24 14:42:18.475,0.7457,0.74595,1.60,6.50
2007.09.24 14:42:18.596,0.7457,0.7459,2.40,0.60
2007.09.24 14:42:18.598,0.7457,0.74595,2.40,1.00
2007.09.24 14:42:18.644,0.74575,0.74595,0.50,0.50
2007.09.24 14:42:18.939,0.74575,0.7461,0.50,0.60
2007.09.24 14:42:19.015,0.74575,0.74615,0.50,24.70
2007.09.24 14:42:19.983,0.74575,0.746,0.50,0.50
2007.09.24 14:42:20.026,0.74575,0.7459,0.50,0.60
2007.09.24 14:42:20.225,0.74575,0.746,0.50,33.10
2007.09.24 14:42:20.543,0.7456,0.746,18.40,35.50
2007.09.24 14:42:20.601,0.7456,0.7459,17.60,0.70
2007.09.24 14:42:25.449,0.74575,0.74605,0.50,24.70
2007.09.24 14:42:25.556,0.74575,0.746,0.50,0.80
2007.09.24 14:42:25.560,0.74575,0.74605,0.50,28.80
2007.09.24 14:42:25.677,0.74575,0.74605,0.50,24.80
2007.09.24 14:42:25.846,0.74575,0.7461,0.50,0.80
2007.09.24 14:42:26.078,0.74575,0.7462,0.50,30.90
2007.09.24 14:42:33.630,0.74575,0.74615,0.50,26.10
2007.09.24 14:42:37.455,0.74575,0.7461,0.50,27.70
2007.09.24 14:42:37.539,0.74575,0.7461,0.50,30.30
2007.09.24 14:42:37.560,0.74575,0.7461,0.50,30.90
2007.09.24 14:42:37.637,0.74575,0.7461,0.50,37.10
2007.09.24 14:42:37.745,0.74575,0.7461,0.50,37.20
2007.09.24 14:42:37.979,0.74575,0.746,0.50,0.50
2007.09.24 14:42:45.034,0.74575,0.746,0.50,4.40
2007.09.24 14:42:45.052,0.74575,0.746,0.50,9.20
2007.09.24 14:42:45.139,0.74575,0.746,0.50,11.40
2007.09.24 14:42:45.153,0.74575,0.746,0.50,16.00
2007.09.24 14:42:45.329,0.74575,0.7461,0.50,22.70
2007.09.24 14:42:45.916,0.74575,0.7461,0.50,26.10
2007.09.24 14:42:45.974,0.74575,0.7461,0.50,25.60
2007.09.24 14:42:46.489,0.74575,0.7461,0.50,29.60
2007.09.24 14:42:48.057,0.74575,0.746,0.50,27.70
2007.09.24 14:42:48.164,0.74575,0.746,0.50,25.00
2007.09.24 14:42:48.206,0.7457,0.746,5.60,24.60
2007.09.24 14:42:48.329,0.7457,0.746,5.60,24.10
2007.09.24 14:42:48.437,0.7457,0.746,5.60,23.50
2007.09.24 14:42:48.546,0.7457,0.746,4.00,24.30
2007.09.24 14:42:48.580,0.74565,0.746,0.50,24.30
2007.09.24 14:42:48.945,0.74565,0.74605,0.50,25.10
2007.09.24 14:42:56.728,0.74565,0.746,0.50,0.70
2007.09.24 14:43:16.202,0.74565,0.746,0.50,0.70
2007.09.24 14:43:18.556,0.74565,0.746,0.50,30.70
2007.09.24 14:43:21.021,0.74565,0.746,0.50,29.90
2007.09.24 14:43:22.604,0.7457,0.746,5.60,29.90
2007.09.24 14:43:22.608,0.7457,0.746,8.80,28.10
2007.09.24 14:43:22.620,0.74575,0.746,0.50,28.50
2007.09.24 14:43:22.798,0.74575,0.746,0.50,25.20
2007.09.24 14:43:22.826,0.74575,0.746,0.50,14.00
2007.09.24 14:43:23.151,0.74575,0.746,0.50,11.40
2007.09.24 14:43:23.224,0.74575,0.746,0.50,12.00
2007.09.24 14:43:23.623,0.74575,0.746,0.50,12.50
2007.09.24 14:43:26.064,0.74575,0.746,0.50,18.90
2007.09.24 14:43:26.078,0.74575,0.746,0.50,22.90
2007.09.24 14:43:26.172,0.74575,0.746,0.50,31.70
2007.09.24 14:43:26.370,0.74575,0.74595,0.50,0.50
2007.09.24 14:43:26.700,0.7457,0.7459,1.60,0.50
2007.09.24 14:43:38.110,0.7457,0.7459,3.20,0.50
2007.09.24 14:43:38.229,0.7457,0.7459,8.00,0.50
2007.09.24 14:43:38.533,0.7457,0.746,8.00,25.70
2007.09.24 14:43:38.715,0.74575,0.746,0.50,26.10
2007.09.24 14:43:38.737,0.74575,0.746,0.50,22.10
2007.09.24 14:43:45.904,0.74575,0.746,0.50,22.10
2007.09.24 14:43:47.615,0.74575,0.746,0.50,18.10
2007.09.24 14:43:47.629,0.74575,0.746,0.50,18.90
2007.09.24 14:43:47.726,0.74575,0.746,0.50,23.80
2007.09.24 14:43:47.735,0.74575,0.746,0.50,23.20
2007.09.24 14:43:47.813,0.74575,0.7459,0.50,14.80
2007.09.24 14:43:47.827,0.74575,0.7459,0.50,19.60
2007.09.24 14:43:48.060,0.7456,0.7459,17.60,19.70
2007.09.24 14:43:48.074,0.7456,0.7459,17.60,20.20
2007.09.24 14:43:48.290,0.74565,0.7459,0.50,20.60
2007.09.24 14:43:48.547,0.74565,0.7459,0.50,24.60
2007.09.24 14:43:51.626,0.7457,0.7459,1.60,19.00
2007.09.24 14:43:51.671,0.7457,0.7459,3.20,12.00
2007.09.24 14:43:51.706,0.7457,0.746,3.20,24.70
2007.09.24 14:43:51.741,0.7457,0.746,3.20,25.30
2007.09.24 14:43:51.783,0.7457,0.746,8.00,25.10
2007.09.24 14:43:51.937,0.7457,0.746,1.80,25.10
2007.09.24 14:43:52.062,0.74565,0.746,12.40,25.70
2007.09.24 14:43:52.086,0.7457,0.746,5.90,21.70
2007.09.24 14:43:52.269,0.7457,0.746,12.50,22.10
2007.09.24 14:43:54.210,0.7457,0.746,10.10,18.90
2007.09.24 14:43:54.225,0.74575,0.746,0.50,24.50
2007.09.24 14:43:54.249,0.7457,0.746,5.30,23.80
2007.09.24 14:43:54.301,0.7457,0.746,5.30,25.20
2007.09.24 14:43:54.399,0.7457,0.746,4.50,25.20
2007.09.24 14:43:54.589,0.74555,0.746,21.60,25.20
2007.09.24 14:43:54.758,0.74565,0.746,0.50,24.80
2007.09.24 14:43:54.824,0.7456,0.746,18.10,24.20
2007.09.24 14:43:55.657,0.7456,0.746,22.10,26.10
2007.09.24 14:43:55.758,0.7457,0.746,1.80,30.20
2007.09.24 14:43:55.784,0.7457,0.746,1.70,30.80
2007.09.24 14:43:55.876,0.74565,0.746,4.50,35.60
2007.09.24 14:43:56.220,0.74565,0.7459,4.50,2.00
2007.09.24 14:44:02.257,0.7457,0.7459,1.80,2.00
2007.09.24 14:44:02.372,0.74565,0.7459,6.10,2.00
2007.09.24 14:44:02.537,0.74565,0.746,6.10,30.50
2007.09.24 14:44:02.569,0.74565,0.746,10.10,26.50
2007.09.24 14:44:02.686,0.7457,0.746,10.10,26.90
2007.09.24 14:44:02.711,0.7457,0.746,11.70,26.10
2007.09.24 14:44:02.798,0.74575,0.746,0.50,22.10
2007.09.24 14:44:04.855,0.7457,0.746,10.90,31.60
2007.09.24 14:44:05.123,0.74565,0.746,14.00,31.20
2007.09.24 14:44:05.128,0.74565,0.746,10.00,31.20
2007.09.24 14:44:05.160,0.7457,0.7459,1.10,0.50
2007.09.24 14:44:12.307,0.74565,0.7459,2.10,0.50
2007.09.24 14:44:19.158,0.74565,0.7459,2.10,4.40
2007.09.24 14:44:19.489,0.7457,0.7459,0.70,0.50
2007.09.24 14:44:20.722,0.7457,0.7459,1.60,1.20
2007.09.24 14:44:20.756,0.7457,0.7459,1.60,5.20
2007.09.24 14:44:20.831,0.7457,0.7459,1.60,15.30
2007.09.24 14:44:20.863,0.7457,0.7459,1.60,15.90
2007.09.24 14:44:21.171,0.7457,0.746,1.60,22.60
2007.09.24 14:44:21.284,0.74565,0.746,0.50,23.40
2007.09.24 14:44:21.370,0.74565,0.746,0.50,24.20
2007.09.24 14:44:31.548,0.74565,0.746,0.50,25.00
2007.09.24 14:44:31.866,0.74565,0.7459,0.50,18.10
2007.09.24 14:44:39.419,0.74565,0.7459,0.50,17.60
2007.09.24 14:44:39.441,0.74565,0.7459,0.50,17.10
2007.09.24 14:44:40.123,0.74565,0.7459,0.50,16.50
2007.09.24 14:44:42.597,0.74565,0.7459,0.50,17.00
2007.09.24 14:44:42.642,0.74565,0.7459,0.50,17.50
2007.09.24 14:44:42.732,0.74565,0.7459,0.50,18.10
2007.09.24 14:44:43.292,0.7456,0.7459,16.50,18.10
2007.09.24 14:44:43.377,0.7456,0.7459,10.90,31.70
2007.09.24 14:44:43.597,0.74555,0.7459,14.00,31.30
2007.09.24 14:44:43.772,0.7456,0.7459,0.70,31.30
2007.09.24 14:44:44.320,0.74555,0.7459,10.00,34.30
2007.09.24 14:44:44.340,0.7456,0.7458,1.00,0.50
2007.09.24 14:44:44.421,0.74555,0.7458,2.10,0.50
2007.09.24 14:44:46.438,0.7456,0.7458,0.70,4.40
2007.09.24 14:44:52.840,0.74555,0.7458,2.90,4.40
2007.09.24 14:44:52.910,0.74555,0.7458,3.70,4.40
2007.09.24 14:44:53.326,0.7456,0.7458,0.50,2.00
2007.09.24 14:44:53.372,0.7456,0.7458,1.40,4.40
2007.09.24 14:44:53.463,0.74555,0.7458,4.50,5.00
2007.09.24 14:44:53.557,0.7456,0.7458,1.00,9.00
2007.09.24 14:44:53.987,0.7455,0.7458,22.10,8.90
2007.09.24 14:44:54.492,0.74555,0.7458,0.50,9.40
2007.09.24 14:44:55.266,0.7455,0.7458,22.10,8.60
2007.09.24 14:44:55.410,0.7455,0.7458,18.10,7.30
2007.09.24 14:44:55.660,0.74555,0.7458,0.50,6.50
2007.09.24 14:44:55.827,0.7455,0.7458,22.10,2.50
2007.09.24 14:44:55.922,0.7455,0.7459,22.10,35.70
2007.09.24 14:44:56.419,0.74555,0.7458,0.50,6.00
2007.09.24 14:45:00.033,0.74555,0.7458,4.50,6.00
2007.09.24 14:45:00.460,0.74555,0.7458,0.50,6.00
2007.09.24 14:45:20.801,0.74555,0.7458,0.50,2.00
2007.09.24 14:45:20.826,0.74555,0.7458,0.50,3.50
2007.09.24 14:45:20.923,0.74555,0.7458,0.50,4.20
2007.09.24 14:45:20.990,0.74555,0.7458,0.50,4.70
2007.09.24 14:45:21.038,0.74555,0.7458,0.50,9.50
2007.09.24 14:45:21.324,0.74555,0.7459,0.50,28.20
2007.09.24 14:45:21.338,0.74555,0.7459,0.50,29.60
2007.09.24 14:45:21.415,0.74555,0.7459,0.50,30.20
2007.09.24 14:45:21.444,0.74555,0.7459,0.50,34.00
2007.09.24 14:45:21.657,0.74555,0.7458,0.50,6.00
2007.09.24 14:45:25.254,0.74555,0.7458,0.50,0.90
2007.09.24 14:45:29.830,0.74555,0.74585,0.50,2.50
2007.09.24 14:45:29.879,0.74555,0.74585,0.50,8.50
2007.09.24 14:45:29.972,0.74555,0.74585,0.50,17.90
2007.09.24 14:45:30.401,0.74555,0.74585,0.50,21.20
2007.09.24 14:45:30.430,0.74555,0.74585,0.50,21.70
2007.09.24 14:45:30.877,0.74555,0.74585,0.50,21.10
2007.09.24 14:45:31.293,0.74555,0.74585,0.50,20.60
2007.09.24 14:45:31.631,0.74555,0.74585,0.50,24.60
2007.09.24 14:45:31.791,0.74555,0.74585,0.50,28.60
2007.09.24 14:45:31.844,0.74555,0.74585,0.50,21.40
2007.09.24 14:45:31.938,0.74555,0.7458,0.50,0.90
2007.09.24 14:45:32.229,0.74555,0.746,0.90,46.80
2007.09.24 14:45:32.871,0.74555,0.7459,0.90,0.70
2007.09.24 14:45:32.988,0.74555,0.7459,0.90,0.60
2007.09.24 14:45:34.698,0.74555,0.746,0.90,44.60
2007.09.24 14:45:34.975,0.74555,0.746,0.90,36.60
2007.09.24 14:45:35.383,0.74555,0.746,0.90,37.40
2007.09.24 14:45:35.485,0.74555,0.746,0.90,36.60
2007.09.24 14:45:35.784,0.74555,0.7459,0.50,0.90
2007.09.24 14:45:39.398,0.74555,0.746,0.50,44.60
2007.09.24 14:45:39.492,0.74555,0.746,0.50,45.40
2007.09.24 14:45:39.642,0.74555,0.7459,0.90,0.50
2007.09.24 14:45:41.312,0.74555,0.7458,0.90,0.70
2007.09.24 14:45:41.357,0.74555,0.7458,0.90,0.90
2007.09.24 14:45:41.474,0.74555,0.7458,0.90,0.80
2007.09.24 14:45:41.549,0.74555,0.7459,0.50,36.60
2007.09.24 14:45:41.895,0.74555,0.7458,0.50,0.90
2007.09.24 14:45:44.896,0.74555,0.7459,0.50,40.30
2007.09.24 14:45:44.913,0.74555,0.746,0.50,40.70
2007.09.24 14:45:44.984,0.74555,0.746,0.50,43.70
2007.09.24 14:45:45.051,0.74555,0.74595,0.50,35.30
2007.09.24 14:45:45.102,0.74555,0.7459,0.50,0.60
2007.09.24 14:45:45.330,0.74555,0.74595,0.90,31.30
2007.09.24 14:45:45.536,0.7456,0.7459,4.00,0.90
2007.09.24 14:45:45.950,0.7456,0.7459,4.00,0.50
2007.09.24 14:45:50.909,0.7456,0.7459,4.00,0.50
2007.09.24 14:45:51.010,0.74555,0.7459,1.20,0.80
2007.09.24 14:45:51.265,0.74555,0.7459,1.20,0.90
2007.09.24 14:45:52.356,0.74555,0.746,1.20,37.00
2007.09.24 14:45:52.375,0.74555,0.7459,1.20,32.20
2007.09.24 14:45:52.471,0.74555,0.7458,1.20,0.50
2007.09.24 14:45:52.566,0.74555,0.7459,1.20,36.60
2007.09.24 14:45:52.615,0.74555,0.7459,0.50,36.60
2007.09.24 14:45:52.990,0.74555,0.7458,0.50,0.70
2007.09.24 14:45:53.398,0.74555,0.7459,0.50,38.60
2007.09.24 14:45:53.418,0.74555,0.746,0.50,37.40
2007.09.24 14:45:53.507,0.74555,0.7459,0.50,0.80
2007.09.24 14:45:53.635,0.74555,0.7459,1.20,32.60
2007.09.24 14:45:58.369,0.74555,0.7459,1.20,30.40
2007.09.24 14:45:58.432,0.74555,0.7458,1.20,2.80
2007.09.24 14:45:58.480,0.74555,0.7458,1.20,7.60
2007.09.24 14:45:58.580,0.74555,0.7458,1.20,11.60
2007.09.24 14:45:58.683,0.74555,0.7458,0.50,11.60
2007.09.24 14:45:58.844,0.74555,0.7459,0.50,25.00
2007.09.24 14:45:58.890,0.7456,0.7459,4.80,24.00
2007.09.24 14:45:58.951,0.7456,0.7459,7.20,21.60
2007.09.24 14:45:59.002,0.7456,0.7459,12.00,7.90
2007.09.24 14:45:59.119,0.74565,0.7459,0.80,4.00
2007.09.24 14:45:59.205,0.74565,0.746,0.80,39.10
2007.09.24 14:45:59.656,0.74565,0.746,1.20,39.10
2007.09.24 14:46:03.231,0.74565,0.746,1.20,36.70
2007.09.24 14:46:03.541,0.74565,0.746,1.20,39.10
2007.09.24 14:46:03.923,0.74565,0.746,1.20,39.90
2007.09.24 14:46:04.158,0.74565,0.746,1.20,39.10
2007.09.24 14:46:06.845,0.74565,0.7459,1.20,0.50
2007.09.24 14:46:06.912,0.74565,0.7459,1.20,20.30
2007.09.24 14:46:07.019,0.74565,0.7459,1.20,26.70
2007.09.24 14:46:07.498,0.74565,0.7459,1.20,24.30
2007.09.24 14:46:07.566,0.74565,0.7459,0.50,28.20
2007.09.24 14:46:07.616,0.7456,0.7459,1.60,27.80
2007.09.24 14:46:12.007,0.7456,0.7459,1.60,31.90
2007.09.24 14:46:14.493,0.7456,0.7459,6.40,26.40
2007.09.24 14:46:14.547,0.7456,0.7459,8.00,22.40
2007.09.24 14:46:14.563,0.7456,0.7459,8.80,24.00
2007.09.24 14:46:14.986,0.7456,0.7459,7.20,29.50
2007.09.24 14:46:15.010,0.7456,0.7459,6.40,29.50
2007.09.24 14:46:15.082,0.7456,0.7459,5.60,37.50
2007.09.24 14:46:15.405,0.7456,0.7459,1.60,37.50
2007.09.24 14:46:15.486,0.7456,0.7459,2.40,33.60
2007.09.24 14:46:15.857,0.7456,0.7459,1.60,37.50
2007.09.24 14:46:16.011,0.7456,0.7459,2.40,37.50
2007.09.24 14:46:16.026,0.7456,0.7459,4.80,36.00
2007.09.24 14:46:16.139,0.7456,0.7459,4.80,28.00
2007.09.24 14:46:16.348,0.7456,0.7459,8.80,24.00
2007.09.24 14:46:16.649,0.7456,0.7459,9.60,20.00
2007.09.24 14:46:16.975,0.7456,0.7459,8.00,25.60
2007.09.24 14:46:17.039,0.7456,0.7459,7.20,25.60
2007.09.24 14:46:17.058,0.7456,0.7459,6.40,29.60
2007.09.24 14:46:17.271,0.7456,0.7459,2.40,29.60
2007.09.24 14:46:17.397,0.7456,0.7459,2.40,28.00
2007.09.24 14:46:17.454,0.7456,0.7459,3.20,28.00
2007.09.24 14:46:17.477,0.7456,0.7459,4.80,24.00
2007.09.24 14:46:17.537,0.7456,0.7459,4.00,28.00
2007.09.24 14:46:17.590,0.7456,0.7459,4.80,28.00
2007.09.24 14:46:18.007,0.7456,0.7459,8.80,24.00
2007.09.24 14:46:18.126,0.7456,0.7459,9.60,20.00
2007.09.24 14:46:18.968,0.7456,0.7459,8.80,25.90
2007.09.24 14:46:19.080,0.7456,0.7459,7.20,29.90
2007.09.24 14:46:19.084,0.7456,0.7459,6.40,29.90
2007.09.24 14:46:19.268,0.7456,0.7459,2.40,29.90
2007.09.24 14:46:19.521,0.7456,0.7459,2.40,30.70
2007.09.24 14:46:19.562,0.7456,0.7459,1.60,34.60
2007.09.24 14:46:19.927,0.7456,0.7459,2.40,33.10
2007.09.24 14:46:19.994,0.7456,0.7459,3.20,33.10
2007.09.24 14:46:20.038,0.7456,0.7459,8.00,25.10
2007.09.24 14:46:20.149,0.7456,0.7459,8.80,25.10
2007.09.24 14:46:20.238,0.7456,0.7459,8.80,24.80
2007.09.24 14:46:20.366,0.7456,0.7459,12.80,20.80
2007.09.24 14:46:20.779,0.7456,0.7459,13.60,16.80
2007.09.24 14:46:26.648,0.7456,0.7459,13.60,0.70
2007.09.24 14:46:27.079,0.7456,0.74595,17.60,16.70
2007.09.24 14:46:27.390,0.7456,0.74595,23.90,16.70
2007.09.24 14:46:27.500,0.7456,0.74605,24.00,35.90
2007.09.24 14:46:27.660,0.7456,0.74605,24.00,27.90
2007.09.24 14:46:27.696,0.7457,0.74605,8.00,27.90
2007.09.24 14:46:27.805,0.7457,0.746,12.00,0.60
2007.09.24 14:46:28.015,0.7457,0.74605,12.80,22.30
2007.09.24 14:46:28.932,0.7457,0.746,11.20,0.70
2007.09.24 14:46:28.957,0.7457,0.74605,7.20,31.90
2007.09.24 14:46:29.058,0.7457,0.74605,5.60,31.90
2007.09.24 14:46:29.064,0.7457,0.746,4.80,0.90
2007.09.24 14:46:29.463,0.7457,0.74605,0.80,31.90
2007.09.24 14:46:29.501,0.74565,0.7461,1.20,49.10
2007.09.24 14:46:36.939,0.74565,0.7461,1.20,47.80
2007.09.24 14:46:37.038,0.7457,0.746,0.80,0.60
2007.09.24 14:46:37.058,0.7457,0.7461,6.40,46.00
2007.09.24 14:46:37.451,0.7457,0.746,8.00,0.50
2007.09.24 14:46:37.486,0.7457,0.746,6.40,0.70
2007.09.24 14:46:37.566,0.7457,0.74605,6.40,30.60
2007.09.24 14:46:37.960,0.7457,0.746,7.20,0.50
2007.09.24 14:46:37.970,0.7457,0.74605,4.80,29.10
2007.09.24 14:46:38.082,0.74575,0.7461,0.50,38.70
2007.09.24 14:46:38.093,0.7457,0.7461,4.00,38.30
2007.09.24 14:46:38.145,0.74575,0.746,0.50,0.70
2007.09.24 14:46:38.246,0.74575,0.74605,0.50,21.50
2007.09.24 14:46:38.387,0.74575,0.746,0.50,0.90
2007.09.24 14:46:41.622,0.74575,0.74605,0.50,19.10
2007.09.24 14:46:41.718,0.74575,0.74605,0.50,24.60
2007.09.24 14:46:42.048,0.74575,0.746,0.50,20.80
2007.09.24 14:46:47.009,0.74575,0.746,0.50,20.70
2007.09.24 14:46:47.661,0.7457,0.746,1.60,32.20
2007.09.24 14:46:48.940,0.74565,0.746,1.20,32.20
2007.09.24 14:46:55.477,0.7457,0.7459,0.80,5.50
2007.09.24 14:46:55.506,0.7457,0.7459,2.40,5.50
2007.09.24 14:46:55.608,0.7457,0.746,11.20,20.80
2007.09.24 14:46:55.700,0.74575,0.7459,0.50,0.50
2007.09.24 14:46:58.479,0.74575,0.746,0.50,12.90
2007.09.24 14:46:58.521,0.7458,0.746,0.80,4.80
2007.09.24 14:46:58.579,0.7458,0.746,3.20,4.80
2007.09.24 14:46:58.637,0.7458,0.746,4.00,0.80
2007.09.24 14:46:58.752,0.7458,0.74605,8.80,3.90
2007.09.24 14:46:58.891,0.7458,0.746,8.80,0.50
2007.09.24 14:46:59.049,0.7458,0.746,7.20,5.90
2007.09.24 14:46:59.109,0.7458,0.746,7.20,5.90
2007.09.24 14:46:59.176,0.7458,0.746,6.40,9.90
2007.09.24 14:46:59.417,0.7458,0.746,5.60,9.90
2007.09.24 14:46:59.465,0.7458,0.746,1.60,9.90
2007.09.24 14:46:59.510,0.74575,0.746,1.20,9.90
2007.09.24 14:46:59.577,0.74575,0.746,1.20,13.00
2007.09.24 14:46:59.696,0.74575,0.7459,1.20,0.50
2007.09.24 14:47:00.303,0.74575,0.7459,0.50,0.50
2007.09.24 14:47:04.001,0.74575,0.746,0.50,14.10
2007.09.24 14:47:04.026,0.74575,0.746,0.50,7.20
2007.09.24 14:47:04.485,0.7457,0.746,21.60,7.20
2007.09.24 14:47:04.514,0.7457,0.746,20.00,8.00
2007.09.24 14:47:04.528,0.7457,0.746,15.20,21.50
2007.09.24 14:47:04.623,0.7457,0.746,14.40,21.50
2007.09.24 14:47:04.657,0.7457,0.746,9.60,27.90
2007.09.24 14:47:04.745,0.7457,0.746,8.80,27.90
2007.09.24 14:47:04.765,0.7457,0.746,8.00,27.90
2007.09.24 14:47:04.847,0.7457,0.746,8.00,27.80
2007.09.24 14:47:04.925,0.7457,0.746,9.60,31.80
2007.09.24 14:47:04.942,0.7457,0.746,5.60,31.80
2007.09.24 14:47:05.032,0.7457,0.746,5.60,31.00
2007.09.24 14:47:05.057,0.7457,0.746,6.40,30.40
2007.09.24 14:47:05.085,0.7457,0.746,6.40,31.20
2007.09.24 14:47:05.126,0.7457,0.746,7.20,31.20
2007.09.24 14:47:05.152,0.7457,0.746,8.00,23.20
2007.09.24 14:47:05.242,0.7457,0.746,8.80,22.40
2007.09.24 14:47:05.307,0.74575,0.746,0.50,22.80
2007.09.24 14:47:05.355,0.74575,0.746,0.50,18.80
2007.09.24 14:47:07.734,0.7457,0.746,8.80,18.40
2007.09.24 14:47:08.512,0.7457,0.746,8.00,14.40
2007.09.24 14:47:08.561,0.7457,0.746,7.20,27.00
2007.09.24 14:47:08.681,0.7457,0.746,6.40,27.00
2007.09.24 14:47:08.764,0.7457,0.746,5.60,30.90
2007.09.24 14:47:08.859,0.7457,0.746,5.60,28.60
2007.09.24 14:47:08.978,0.7457,0.746,1.60,28.60
2007.09.24 14:47:16.056,0.7457,0.746,11.20,19.10
2007.09.24 14:47:16.150,0.7457,0.746,16.80,15.10
2007.09.24 14:47:16.377,0.7457,0.746,17.60,11.20
2007.09.24 14:47:16.502,0.74575,0.746,0.50,11.60
2007.09.24 14:47:16.561,0.74575,0.746,0.50,7.60
2007.09.24 14:47:19.585,0.74575,0.746,0.50,17.10
2007.09.24 14:47:19.686,0.74575,0.746,0.50,29.10
2007.09.24 14:47:19.723,0.74575,0.746,0.50,33.00
2007.09.24 14:47:19.761,0.7457,0.746,5.60,32.60
2007.09.24 14:47:20.102,0.7457,0.746,1.60,32.60
2007.09.24 14:47:21.554,0.7457,0.746,1.60,28.60
2007.09.24 14:47:21.578,0.74565,0.746,1.20,29.40
2007.09.24 14:47:21.647,0.74565,0.746,1.20,28.00
2007.09.24 14:47:21.946,0.74565,0.746,0.50,28.00
2007.09.24 14:47:22.061,0.74565,0.746,0.50,31.10
2007.09.24 14:47:22.106,0.74565,0.746,0.50,34.30
2007.09.24 14:47:22.181,0.74565,0.746,0.50,35.00
2007.09.24 14:47:22.650,0.74565,0.746,1.20,35.00
2007.09.24 14:47:23.685,0.74565,0.746,0.50,35.00
2007.09.24 14:47:24.587,0.74565,0.746,0.50,30.30
2007.09.24 14:47:24.674,0.7457,0.746,0.80,30.30
2007.09.24 14:47:24.684,0.7457,0.746,1.60,33.50
2007.09.24 14:47:24.773,0.7457,0.746,1.60,30.30
2007.09.24 14:47:24.870,0.7457,0.746,5.60,26.30
2007.09.24 14:47:25.078,0.7457,0.746,5.60,22.30
2007.09.24 14:47:25.103,0.7457,0.746,7.20,18.40
2007.09.24 14:47:25.357,0.74575,0.746,0.50,18.80
2007.09.24 14:47:25.605,0.74575,0.746,0.50,29.10
2007.09.24 14:47:25.641,0.74575,0.746,0.50,25.10
2007.09.24 14:47:25.900,0.7457,0.746,6.10,25.10
2007.09.24 14:47:26.074,0.7457,0.746,2.80,24.70
2007.09.24 14:47:26.130,0.74565,0.746,2.10,24.70
2007.09.24 14:47:27.745,0.74565,0.746,2.10,28.60
2007.09.24 14:47:28.059,0.74565,0.746,6.10,22.30
2007.09.24 14:47:28.106,0.7457,0.746,0.70,26.30
2007.09.24 14:47:28.178,0.74565,0.746,6.90,22.30
2007.09.24 14:47:28.211,0.74565,0.746,7.70,22.30
2007.09.24 14:47:28.245,0.74565,0.746,7.70,18.40
2007.09.24 14:47:28.486,0.74565,0.746,11.70,14.40
2007.09.24 14:47:29.035,0.7457,0.746,5.10,14.40
2007.09.24 14:47:30.558,0.7457,0.746,5.70,14.40
2007.09.24 14:47:38.923,0.7457,0.746,13.30,14.80
2007.09.24 14:47:39.736,0.74565,0.746,17.20,14.40
2007.09.24 14:47:43.164,0.74565,0.746,13.30,10.40
2007.09.24 14:47:46.138,0.74565,0.746,13.30,14.40
2007.09.24 14:47:46.269,0.7457,0.746,4.30,14.40
2007.09.24 14:47:46.476,0.7457,0.746,2.10,14.40
2007.09.24 14:47:46.899,0.74565,0.746,10.90,14.40
2007.09.24 14:47:47.706,0.74565,0.746,10.10,14.40
2007.09.24 14:47:47.924,0.7457,0.746,0.90,14.40
2007.09.24 14:47:48.115,0.74565,0.746,9.80,14.40
2007.09.24 14:47:49.671,0.74565,0.746,9.80,10.40
2007.09.24 14:47:50.722,0.7457,0.746,0.90,14.40
2007.09.24 14:47:51.618,0.7457,0.746,1.20,27.90
2007.09.24 14:47:51.669,0.7457,0.746,1.70,31.80
2007.09.24 14:47:51.683,0.7457,0.746,1.60,31.80
2007.09.24 14:47:51.835,0.74565,0.746,4.90,31.80
2007.09.24 14:47:51.933,0.7457,0.746,0.70,31.80
2007.09.24 14:47:52.081,0.7457,0.7459,2.00,0.50
2007.09.24 14:47:52.137,0.74565,0.7458,0.80,8.00
2007.09.24 14:47:52.149,0.7456,0.7458,13.80,8.00
2007.09.24 14:47:52.238,0.74565,0.7458,0.50,12.80
2007.09.24 14:47:52.549,0.7456,0.7458,12.50,10.40
2007.09.24 14:47:52.567,0.74555,0.7458,12.50,10.80
2007.09.24 14:47:52.644,0.74555,0.7458,17.80,4.40
2007.09.24 14:47:52.701,0.7456,0.7459,21.90,4.80
2007.09.24 14:47:52.763,0.74565,0.7459,0.60,4.00
2007.09.24 14:47:53.184,0.7456,0.746,26.40,31.80
2007.09.24 14:47:53.378,0.74565,0.746,0.80,31.80
2007.09.24 14:47:55.380,0.74565,0.746,0.80,31.90
2007.09.24 14:48:02.726,0.74565,0.746,0.80,31.80
2007.09.24 14:48:02.836,0.74565,0.746,0.80,31.90
2007.09.24 14:48:03.140,0.74565,0.746,0.80,31.80
2007.09.24 14:48:03.823,0.74565,0.746,0.50,31.80
2007.09.24 14:48:06.650,0.74565,0.746,0.50,27.90
2007.09.24 14:48:06.765,0.74565,0.7459,0.50,4.40
2007.09.24 14:48:06.865,0.74565,0.7459,0.50,4.60
2007.09.24 14:48:06.965,0.74565,0.7459,0.50,4.80
2007.09.24 14:48:07.120,0.74565,0.7459,0.50,4.90
2007.09.24 14:48:10.267,0.74565,0.7459,0.50,4.50
2007.09.24 14:48:10.283,0.74565,0.7459,0.50,0.50
2007.09.24 14:48:10.619,0.74565,0.7459,0.50,0.50
2007.09.24 14:48:13.103,0.74565,0.7459,0.50,4.40
2007.09.24 14:48:13.171,0.74565,0.7459,0.50,16.60
2007.09.24 14:48:13.219,0.74565,0.746,0.50,26.20
2007.09.24 14:48:13.286,0.74565,0.746,0.50,22.20
2007.09.24 14:48:13.311,0.74565,0.746,0.50,22.00
2007.09.24 14:48:13.622,0.74565,0.746,0.50,22.80
2007.09.24 14:48:13.703,0.74565,0.746,0.50,18.60
2007.09.24 14:48:14.117,0.74565,0.746,0.50,11.50
2007.09.24 14:48:14.133,0.74565,0.7459,0.50,31.60
2007.09.24 14:48:14.145,0.7456,0.7459,6.40,31.20
2007.09.24 14:48:14.213,0.7456,0.7459,5.60,31.20
2007.09.24 14:48:14.411,0.7456,0.7458,5.60,4.40
2007.09.24 14:48:14.537,0.7456,0.7458,1.60,4.40
2007.09.24 14:48:15.663,0.7456,0.7458,1.60,0.50
2007.09.24 14:48:15.758,0.7456,0.7458,18.40,0.50
2007.09.24 14:48:15.789,0.74565,0.74585,0.50,0.20
2007.09.24 14:48:15.800,0.74565,0.7459,0.50,16.00
2007.09.24 14:48:15.864,0.74565,0.7459,0.50,10.00
2007.09.24 14:48:16.068,0.74565,0.7459,0.50,6.00
2007.09.24 14:48:19.199,0.7457,0.7459,4.80,6.00
2007.09.24 14:48:19.299,0.7457,0.7459,5.60,6.00
2007.09.24 14:48:19.414,0.7457,0.746,5.60,25.20
2007.09.24 14:48:19.565,0.7457,0.746,7.20,25.20
2007.09.24 14:48:19.613,0.7457,0.746,11.20,18.00
2007.09.24 14:48:19.634,0.7457,0.74605,11.20,21.90
2007.09.24 14:48:19.674,0.7457,0.746,11.20,0.80
2007.09.24 14:48:19.709,0.7457,0.74605,7.20,21.50
2007.09.24 14:48:19.765,0.74575,0.74605,0.50,21.90
2007.09.24 14:48:20.656,0.74575,0.746,0.50,0.60
2007.09.24 14:48:20.749,0.74575,0.74605,0.50,30.10
2007.09.24 14:48:20.797,0.74575,0.74605,0.50,30.70
2007.09.24 14:48:20.847,0.74575,0.7461,0.50,35.70
2007.09.24 14:48:21.072,0.7456,0.746,18.40,0.60
2007.09.24 14:48:21.281,0.7456,0.746,18.40,0.80
2007.09.24 14:48:21.392,0.74565,0.7461,0.50,38.10
2007.09.24 14:48:21.693,0.74565,0.7461,0.50,37.50
2007.09.24 14:48:21.727,0.74565,0.7461,0.50,37.70
2007.09.24 14:48:21.874,0.74565,0.7461,0.50,38.50
2007.09.24 14:48:22.135,0.74565,0.746,0.50,32.70
2007.09.24 14:48:22.178,0.74565,0.74595,0.50,2.20
2007.09.24 14:48:22.212,0.74565,0.7459,0.50,0.60
2007.09.24 14:48:22.303,0.74565,0.74595,0.50,4.80
2007.09.24 14:48:22.532,0.74565,0.7459,0.50,0.80
2007.09.24 14:48:22.627,0.74565,0.7459,0.50,0.70
2007.09.24 14:48:22.645,0.74565,0.7459,0.50,0.60
2007.09.24 14:48:27.205,0.74565,0.7459,0.50,0.90
2007.09.24 14:48:30.107,0.74565,0.7459,0.50,0.80
2007.09.24 14:48:30.662,0.74565,0.74595,0.50,14.70
2007.09.24 14:48:30.745,0.74565,0.74595,0.50,28.30
2007.09.24 14:48:30.833,0.74565,0.7459,0.50,0.60
2007.09.24 14:48:30.985,0.7456,0.74595,4.00,31.90
2007.09.24 14:48:31.101,0.7456,0.7458,4.00,0.50
2007.09.24 14:48:31.152,0.74555,0.7458,0.50,0.70
2007.09.24 14:48:45.236,0.7456,0.74585,7.20,6.20
2007.09.24 14:48:45.317,0.7456,0.74585,7.20,2.20
2007.09.24 14:48:45.422,0.7456,0.74585,8.80,0.70
2007.09.24 14:48:45.451,0.7456,0.74585,12.80,0.70
2007.09.24 14:48:45.467,0.7457,0.7459,4.00,10.60
2007.09.24 14:48:45.978,0.7457,0.7459,4.00,0.80
2007.09.24 14:48:46.861,0.7457,0.7459,4.00,2.00
2007.09.24 14:48:48.823,0.74565,0.7459,0.50,2.00
2007.09.24 14:48:56.726,0.7456,0.7459,29.30,2.00
2007.09.24 14:49:05.246,0.7457,0.7459,17.50,2.00
2007.09.24 14:49:05.258,0.7457,0.7459,21.50,2.00
2007.09.24 14:49:05.337,0.7457,0.7459,23.90,0.50
2007.09.24 14:49:05.360,0.7457,0.7459,27.90,0.50
2007.09.24 14:49:05.427,0.7458,0.74595,7.20,0.20
2007.09.24 14:49:05.515,0.7458,0.74595,8.00,0.20
2007.09.24 14:49:05.646,0.7458,0.74595,6.40,0.20
2007.09.24 14:49:05.741,0.7458,0.7459,6.40,1.60
2007.09.24 14:49:05.773,0.7458,0.7459,4.80,1.60
2007.09.24 14:49:05.871,0.7458,0.7459,0.80,1.60
2007.09.24 14:49:05.965,0.7458,0.746,0.80,35.30
2007.09.24 14:49:05.977,0.7458,0.746,4.00,32.10
2007.09.24 14:49:06.001,0.7458,0.7459,4.00,1.60
2007.09.24 14:49:06.191,0.7456,0.7459,36.80,1.60
2007.09.24 14:49:06.224,0.74565,0.7459,0.50,2.00
2007.09.24 14:49:07.180,0.7457,0.7459,1.60,2.00
2007.09.24 14:49:07.287,0.7457,0.7459,1.60,0.50
2007.09.24 14:49:07.333,0.7457,0.7459,10.40,0.50
2007.09.24 14:49:07.437,0.7457,0.7459,14.40,0.50
2007.09.24 14:49:07.698,0.7457,0.746,14.40,10.90
2007.09.24 14:49:07.861,0.7457,0.746,18.40,6.90
2007.09.24 14:49:07.874,0.74575,0.746,0.50,7.30
2007.09.24 14:49:09.822,0.74575,0.746,0.50,7.10
2007.09.24 14:49:09.931,0.74575,0.746,0.50,6.30
2007.09.24 14:49:09.967,0.74575,0.746,0.50,6.20
2007.09.24 14:49:10.052,0.74575,0.746,0.50,6.00
2007.09.24 14:49:10.157,0.74575,0.746,0.50,10.00
2007.09.24 14:49:10.245,0.74575,0.746,0.50,11.80
2007.09.24 14:49:10.346,0.74575,0.746,0.50,13.90
2007.09.24 14:49:10.472,0.74575,0.746,0.50,14.10
2007.09.24 14:49:14.261,0.7458,0.746,0.80,8.50
2007.09.24 14:49:14.294,0.7458,0.7461,0.80,29.80
2007.09.24 14:49:14.332,0.7458,0.7461,2.40,33.20
2007.09.24 14:49:14.368,0.7458,0.7461,7.20,25.80
2007.09.24 14:49:14.654,0.7458,0.7461,7.20,26.00
2007.09.24 14:49:14.738,0.7458,0.7461,7.20,22.00
2007.09.24 14:49:14.773,0.7458,0.746,7.20,4.40
2007.09.24 14:49:14.789,0.7458,0.746,10.40,9.10
2007.09.24 14:49:14.844,0.7458,0.746,8.80,10.90
2007.09.24 14:49:14.880,0.7458,0.746,4.00,12.70
2007.09.24 14:49:15.097,0.7458,0.746,4.00,12.90
2007.09.24 14:49:15.307,0.74575,0.746,0.50,12.90
2007.09.24 14:49:15.726,0.74575,0.746,0.50,26.40
2007.09.24 14:49:15.764,0.74575,0.746,0.50,27.20
2007.09.24 14:49:15.813,0.7457,0.746,13.60,26.80
2007.09.24 14:49:15.829,0.7457,0.746,12.80,32.40
2007.09.24 14:49:15.928,0.7457,0.746,8.00,32.40
2007.09.24 14:49:15.975,0.7457,0.7459,8.00,2.00
2007.09.24 14:49:16.144,0.7457,0.7459,4.00,2.00
2007.09.24 14:49:16.328,0.7457,0.7459,5.60,0.50
2007.09.24 14:49:16.349,0.7457,0.7459,9.60,0.50
2007.09.24 14:49:16.455,0.7457,0.7459,5.60,0.50
2007.09.24 14:49:16.615,0.74575,0.74595,0.50,0.20
2007.09.24 14:49:17.124,0.74575,0.746,0.50,11.30
2007.09.24 14:49:20.404,0.74575,0.746,0.50,22.10
2007.09.24 14:49:20.604,0.7457,0.746,14.40,21.70
2007.09.24 14:49:20.742,0.7457,0.746,12.80,22.50
2007.09.24 14:49:20.799,0.74565,0.746,4.40,31.20
2007.09.24 14:49:20.992,0.74565,0.746,0.50,35.00
2007.09.24 14:49:21.331,0.74565,0.746,0.50,36.60
2007.09.24 14:49:21.557,0.74565,0.746,0.50,37.40
2007.09.24 14:49:25.988,0.74565,0.746,0.50,37.80
2007.09.24 14:49:39.802,0.74565,0.74605,0.50,38.60
2007.09.24 14:49:41.741,0.7457,0.746,1.60,0.60
2007.09.24 14:49:41.822,0.7457,0.746,3.20,0.60
2007.09.24 14:49:41.854,0.7457,0.746,3.20,0.70
2007.09.24 14:49:41.920,0.7457,0.746,11.20,0.90
2007.09.24 14:49:41.949,0.7457,0.74605,11.20,25.90
2007.09.24 14:49:42.026,0.7457,0.746,11.20,0.80
2007.09.24 14:49:42.259,0.7457,0.74605,11.20,24.40
2007.09.24 14:49:42.309,0.74575,0.74605,0.50,24.80
2007.09.24 14:49:42.340,0.74575,0.74605,0.50,20.80
2007.09.24 14:49:47.848,0.74575,0.746,0.50,0.90
2007.09.24 14:49:47.916,0.7457,0.746,12.80,0.50
2007.09.24 14:49:47.950,0.7457,0.74605,8.00,38.70
2007.09.24 14:49:48.062,0.7457,0.74605,4.00,38.70
2007.09.24 14:49:48.430,0.7457,0.74605,4.00,40.20
2007.09.24 14:49:48.478,0.74565,0.746,0.50,0.90
2007.09.24 14:49:55.842,0.7456,0.7459,14.40,0.60
2007.09.24 14:49:55.883,0.7456,0.7459,14.40,0.60
2007.09.24 14:49:55.954,0.7456,0.7459,9.60,0.60
2007.09.24 14:49:56.050,0.7456,0.746,9.60,45.70
2007.09.24 14:49:56.167,0.7456,0.74585,9.60,0.70
2007.09.24 14:49:56.318,0.7456,0.74585,8.00,2.20
2007.09.24 14:49:56.383,0.7456,0.74585,4.00,2.20
2007.09.24 14:50:27.805,0.7456,0.7459,4.00,34.20
2007.09.24 14:50:31.916,0.7456,0.7459,5.10,32.70
2007.09.24 14:50:31.976,0.7456,0.7459,5.40,32.70
2007.09.24 14:50:32.027,0.7456,0.7459,10.20,28.70
2007.09.24 14:50:32.130,0.7456,0.7459,10.60,24.80
2007.09.24 14:50:32.380,0.7456,0.7459,12.20,24.00
2007.09.24 14:50:32.443,0.7456,0.7459,16.20,16.80
2007.09.24 14:50:32.533,0.7456,0.7459,16.20,17.30
2007.09.24 14:50:34.413,0.7456,0.7459,15.40,30.80
2007.09.24 14:50:34.434,0.7456,0.7459,13.80,31.60
2007.09.24 14:50:34.524,0.7456,0.7459,4.60,33.50
2007.09.24 14:50:34.539,0.7456,0.7459,4.30,33.50
2007.09.24 14:50:34.764,0.7456,0.7459,4.00,37.40
2007.09.24 14:50:34.955,0.74555,0.7459,0.70,34.20
2007.09.24 14:50:35.982,0.74555,0.7459,0.70,36.00
2007.09.24 14:50:37.401,0.74555,0.7459,0.70,34.20
2007.09.24 14:50:44.319,0.74555,0.746,0.70,42.60
2007.09.24 14:50:45.377,0.7456,0.746,4.00,47.50
2007.09.24 14:50:45.399,0.7456,0.7459,5.60,0.50
2007.09.24 14:50:45.497,0.7456,0.746,13.90,33.50
2007.09.24 14:50:45.507,0.7456,0.7459,14.20,0.80
2007.09.24 14:50:45.568,0.74565,0.74605,0.50,25.60
2007.09.24 14:50:45.594,0.74565,0.74605,0.50,26.30
2007.09.24 14:50:45.684,0.74565,0.746,0.70,0.60
2007.09.24 14:50:45.905,0.74565,0.74605,0.70,34.20
2007.09.24 14:50:46.337,0.74565,0.74605,0.70,32.60
2007.09.24 14:50:46.609,0.74565,0.7461,0.70,50.80
2007.09.24 14:50:49.941,0.7457,0.7461,4.00,38.30
2007.09.24 14:50:50.046,0.7457,0.746,4.80,0.90
2007.09.24 14:50:50.094,0.7457,0.746,4.80,0.90
2007.09.24 14:50:50.124,0.7457,0.74605,5.10,22.30
2007.09.24 14:50:50.141,0.7457,0.74605,5.40,22.30
2007.09.24 14:50:50.322,0.7457,0.74605,5.40,26.30
2007.09.24 14:50:50.428,0.7457,0.74605,7.00,26.30
2007.09.24 14:50:50.468,0.7457,0.746,5.90,0.50
2007.09.24 14:50:50.506,0.7457,0.74605,6.20,32.60
2007.09.24 14:50:50.532,0.7457,0.746,5.90,0.60
2007.09.24 14:50:50.600,0.7457,0.7461,5.60,37.40
2007.09.24 14:50:50.974,0.7457,0.746,1.60,0.50
2007.09.24 14:51:21.038,0.7457,0.746,1.60,0.80
2007.09.24 14:51:21.389,0.7457,0.74605,1.60,35.00
2007.09.24 14:51:23.434,0.74565,0.74605,0.70,35.80
2007.09.24 14:51:30.007,0.7457,0.746,1.60,0.90
2007.09.24 14:51:30.084,0.7457,0.74605,6.70,27.90
2007.09.24 14:51:30.115,0.7457,0.74605,7.00,27.90
2007.09.24 14:51:31.310,0.7457,0.746,7.00,28.60
2007.09.24 14:51:31.335,0.7457,0.746,1.90,32.70
2007.09.24 14:51:31.419,0.7457,0.746,1.60,36.60
2007.09.24 14:51:41.426,0.74565,0.746,2.30,36.60
2007.09.24 14:51:50.722,0.7456,0.746,29.70,37.40
2007.09.24 14:51:51.520,0.7456,0.746,29.60,39.00
2007.09.24 14:51:51.626,0.7456,0.746,29.50,35.00
2007.09.24 14:51:52.032,0.7456,0.746,25.50,38.20
2007.09.24 14:51:59.619,0.7456,0.746,25.50,35.00
2007.09.24 14:52:00.515,0.7456,0.746,25.60,34.20
2007.09.24 14:52:01.180,0.74565,0.746,0.70,38.20
2007.09.24 14:52:15.177,0.74565,0.746,0.70,35.00
2007.09.24 14:52:15.264,0.74565,0.746,0.70,31.00
2007.09.24 14:52:15.526,0.74565,0.746,0.50,31.80
2007.09.24 14:52:20.555,0.74565,0.746,0.50,35.80
2007.09.24 14:52:20.647,0.74565,0.746,0.50,34.20
2007.09.24 14:52:20.788,0.74565,0.746,0.50,30.20
2007.09.24 14:52:20.856,0.74565,0.746,0.50,31.00
2007.09.24 14:52:21.012,0.74565,0.746,0.70,30.20
2007.09.24 14:52:21.180,0.74565,0.746,0.70,26.20
2007.09.24 14:52:21.271,0.74565,0.746,0.70,25.40
2007.09.24 14:52:21.563,0.74565,0.746,0.50,25.40
2007.09.24 14:52:25.767,0.74565,0.7461,0.50,31.00
2007.09.24 14:52:30.214,0.74565,0.746,0.50,0.80
2007.09.24 14:52:30.301,0.74565,0.7461,0.50,34.20
2007.09.24 14:52:30.611,0.74565,0.7461,0.70,34.20
2007.09.24 14:52:30.723,0.74565,0.746,0.70,0.60
2007.09.24 14:52:30.861,0.74565,0.746,0.50,0.50
2007.09.24 14:52:41.084,0.74565,0.746,0.50,0.70
2007.09.24 14:52:41.179,0.74565,0.7461,0.50,44.60
2007.09.24 14:52:41.290,0.74565,0.7461,0.50,42.20
2007.09.24 14:52:41.466,0.74565,0.74605,0.70,38.20
2007.09.24 14:52:46.676,0.74565,0.74605,0.70,39.00
2007.09.24 14:52:46.872,0.74565,0.7461,0.70,42.20
2007.09.24 14:52:47.239,0.74565,0.746,0.40,40.60
2007.09.24 14:52:47.306,0.74565,0.746,0.40,36.60
2007.09.24 14:52:47.465,0.7456,0.74595,14.00,14.30
2007.09.24 14:52:58.746,0.7456,0.7459,14.00,6.40
2007.09.24 14:52:58.812,0.7456,0.7459,18.00,6.40
2007.09.24 14:52:59.230,0.7456,0.7459,14.00,6.40
2007.09.24 14:52:59.266,0.74565,0.746,0.50,35.80
2007.09.24 14:53:00.773,0.74565,0.746,0.50,36.60
2007.09.24 14:53:00.939,0.74565,0.7459,0.50,6.80
2007.09.24 14:53:01.655,0.74565,0.746,0.50,35.80
2007.09.24 14:53:03.905,0.74565,0.746,0.50,36.60
2007.09.24 14:53:04.367,0.74565,0.7459,0.50,6.80
2007.09.24 14:53:04.839,0.74565,0.746,0.50,35.80
2007.09.24 14:53:08.155,0.7457,0.746,2.40,31.80
2007.09.24 14:53:08.254,0.7457,0.746,3.20,29.50
2007.09.24 14:53:08.374,0.7457,0.746,11.50,29.50
2007.09.24 14:53:08.376,0.7457,0.746,11.80,29.50
2007.09.24 14:53:08.673,0.7457,0.746,11.80,30.30
2007.09.24 14:53:08.782,0.7457,0.746,15.80,26.30
2007.09.24 14:53:08.820,0.74575,0.746,0.50,26.70
2007.09.24 14:53:08.977,0.74575,0.746,0.50,22.00
2007.09.24 14:53:09.193,0.74575,0.746,0.50,34.00
2007.09.24 14:53:09.373,0.74575,0.746,0.50,29.20
2007.09.24 14:53:09.629,0.74575,0.7459,0.50,6.40
2007.09.24 14:53:09.637,0.7457,0.7459,4.00,6.80
2007.09.24 14:53:09.683,0.74565,0.7459,0.50,6.80
2007.09.24 14:53:10.069,0.74565,0.746,0.50,31.90
2007.09.24 14:53:10.212,0.7457,0.746,0.30,31.90
2007.09.24 14:53:12.284,0.7457,0.7459,0.30,6.80
2007.09.24 14:53:13.549,0.74565,0.7459,0.50,6.80
2007.09.24 14:53:13.849,0.74565,0.7459,0.50,2.00
2007.09.24 14:53:13.958,0.74565,0.746,0.70,40.60
2007.09.24 14:53:14.167,0.74565,0.746,0.70,37.40
2007.09.24 14:53:14.380,0.7457,0.746,4.00,31.90
2007.09.24 14:53:14.605,0.7457,0.746,4.00,31.10
2007.09.24 14:53:14.686,0.7457,0.746,6.40,31.90
2007.09.24 14:53:14.718,0.7457,0.746,6.70,31.90
2007.09.24 14:53:14.792,0.7457,0.746,11.80,23.90
2007.09.24 14:53:15.110,0.7457,0.746,12.20,16.00
2007.09.24 14:53:15.126,0.7457,0.746,13.80,15.20
2007.09.24 14:53:15.279,0.74575,0.7461,0.50,23.80
2007.09.24 14:53:15.291,0.74575,0.7461,0.50,39.00
2007.09.24 14:53:15.304,0.74575,0.7461,0.50,39.80
2007.09.24 14:53:15.493,0.7458,0.7461,4.00,35.80
2007.09.24 14:53:16.005,0.74575,0.7461,0.70,35.80
2007.09.24 14:53:16.215,0.74575,0.7461,0.70,32.60
2007.09.24 14:53:16.322,0.74575,0.7461,0.70,31.80
2007.09.24 14:53:16.532,0.74575,0.7461,0.50,31.80
2007.09.24 14:53:23.368,0.7459,0.7461,0.30,31.80
2007.09.24 14:53:23.631,0.7459,0.7461,0.30,31.00
2007.09.24 14:53:23.853,0.7459,0.7461,0.30,27.10
2007.09.24 14:53:23.897,0.7459,0.7461,0.30,21.60
2007.09.24 14:53:24.098,0.7459,0.7461,0.30,17.60
2007.09.24 14:53:25.770,0.7459,0.7461,0.30,21.60
2007.09.24 14:53:25.863,0.7459,0.7461,0.30,25.60
2007.09.24 14:53:26.381,0.7459,0.7461,0.30,29.50
2007.09.24 14:53:26.389,0.7459,0.7461,0.30,33.50
2007.09.24 14:53:27.720,0.7458,0.7461,1.80,33.50
2007.09.24 14:53:29.165,0.7458,0.7461,1.80,0.70
2007.09.24 14:53:29.270,0.7458,0.7462,8.60,39.10
2007.09.24 14:53:29.288,0.7458,0.7462,8.90,39.10
2007.09.24 14:53:29.304,0.7458,0.74615,8.90,29.50
2007.09.24 14:53:29.416,0.7458,0.74615,13.70,25.50
2007.09.24 14:53:29.605,0.7458,0.7461,17.70,0.90
2007.09.24 14:53:29.711,0.7459,0.74615,0.05,21.90
2007.09.24 14:53:31.332,0.7459,0.74615,0.05,25.90
2007.09.24 14:53:31.439,0.7458,0.7461,1.90,0.60
2007.09.24 14:53:31.469,0.7458,0.7461,1.60,0.60
2007.09.24 14:53:47.214,0.7458,0.7462,1.60,35.10
2007.09.24 14:53:47.432,0.7458,0.7461,1.60,0.80
2007.09.24 14:53:47.756,0.74575,0.7462,0.70,34.30
2007.09.24 14:53:47.843,0.74575,0.7461,0.50,0.50
2007.09.24 14:54:00.196,0.74575,0.7461,0.50,35.00
2007.09.24 14:54:22.388,0.74575,0.7461,0.50,38.20
2007.09.24 14:54:22.478,0.74575,0.7461,0.50,39.80
2007.09.24 14:54:22.776,0.74575,0.7461,0.70,39.80
2007.09.24 14:54:29.815,0.7458,0.7461,2.40,38.30
2007.09.24 14:54:29.927,0.7458,0.7461,10.70,30.30
2007.09.24 14:54:29.999,0.7458,0.7461,11.10,30.30
2007.09.24 14:54:30.029,0.7458,0.7461,11.90,30.30
2007.09.24 14:54:30.136,0.7458,0.7461,11.90,26.30
2007.09.24 14:54:30.217,0.7458,0.7461,12.20,22.40
2007.09.24 14:54:30.301,0.7458,0.7461,13.80,21.60
2007.09.24 14:54:30.338,0.7458,0.7461,17.80,17.60
2007.09.24 14:54:30.563,0.7459,0.7461,0.05,18.00
2007.09.24 14:54:32.560,0.74585,0.7461,0.55,18.00
2007.09.24 14:54:39.842,0.74585,0.7461,0.55,18.80
2007.09.24 14:54:39.891,0.7459,0.7461,0.05,29.10
2007.09.24 14:54:40.003,0.74585,0.7461,0.55,25.10
2007.09.24 14:54:40.020,0.7459,0.746,0.05,8.80
2007.09.24 14:54:40.090,0.74585,0.746,0.55,9.60
2007.09.24 14:54:40.143,0.7458,0.746,1.40,10.00
2007.09.24 14:54:40.308,0.7458,0.746,0.40,10.00
2007.09.24 14:54:40.721,0.7457,0.746,27.10,10.00
2007.09.24 14:54:43.403,0.7457,0.746,27.40,6.80
2007.09.24 14:54:43.508,0.7457,0.746,27.40,2.00
2007.09.24 14:54:43.518,0.7457,0.7461,31.30,37.40
2007.09.24 14:55:03.335,0.7458,0.7461,1.60,33.40
2007.09.24 14:55:03.408,0.7458,0.7461,1.60,31.10
2007.09.24 14:55:03.451,0.7458,0.7461,1.90,30.30
2007.09.24 14:55:03.518,0.7458,0.7461,7.10,18.30
2007.09.24 14:55:03.663,0.7458,0.7461,7.40,14.40
2007.09.24 14:55:03.729,0.7458,0.7461,11.40,10.40
2007.09.24 14:55:04.172,0.7459,0.7462,0.05,25.40
2007.09.24 14:55:04.878,0.7459,0.7462,0.05,10.30
2007.09.24 14:55:05.029,0.7459,0.7462,0.05,6.40
2007.09.24 14:55:05.089,0.7459,0.7462,0.05,9.60
2007.09.24 14:55:05.279,0.7459,0.7462,0.05,2.40
2007.09.24 14:55:05.810,0.7458,0.7461,1.90,37.50
2007.09.24 14:55:06.916,0.7458,0.7461,6.70,33.50
2007.09.24 14:55:07.047,0.7458,0.7461,12.20,21.50
2007.09.24 14:55:07.087,0.7458,0.7461,12.20,17.60
2007.09.24 14:55:07.333,0.7458,0.7461,16.20,13.60
2007.09.24 14:55:07.448,0.7458,0.7461,16.50,13.60
2007.09.24 14:55:07.870,0.7458,0.7461,12.50,25.60
2007.09.24 14:55:07.958,0.7458,0.7461,7.40,29.60
2007.09.24 14:55:07.968,0.7458,0.7461,7.00,29.60
2007.09.24 14:55:08.020,0.7458,0.7461,7.00,33.50
2007.09.24 14:55:08.075,0.7458,0.7461,6.20,33.50
2007.09.24 14:55:08.209,0.7458,0.7461,5.90,33.50
2007.09.24 14:55:08.376,0.7458,0.7461,1.90,37.50
2007.09.24 14:55:10.458,0.7458,0.7461,1.60,37.50
2007.09.24 14:55:11.917,0.7458,0.7461,1.60,34.30
2007.09.24 14:55:12.015,0.7458,0.7461,1.60,33.50
2007.09.24 14:55:12.424,0.7458,0.7461,1.60,36.70
2007.09.24 14:55:12.659,0.7458,0.7461,1.60,37.50
2007.09.24 14:55:17.661,0.74575,0.7461,2.10,37.50
2007.09.24 14:55:27.343,0.74575,0.7461,2.20,33.50
2007.09.24 14:55:27.448,0.7458,0.7461,1.20,29.60
2007.09.24 14:55:27.463,0.74575,0.746,0.60,6.80
2007.09.24 14:55:27.474,0.74575,0.746,0.60,20.30
2007.09.24 14:55:27.710,0.7457,0.7459,4.80,13.60
2007.09.24 14:55:27.972,0.7457,0.7459,2.70,12.00
2007.09.24 14:55:27.991,0.74575,0.7459,0.50,4.00
2007.09.24 14:55:28.104,0.74575,0.74595,0.50,3.90
2007.09.24 14:55:28.276,0.7457,0.746,8.00,18.80
2007.09.24 14:55:28.312,0.74575,0.746,0.50,14.80
2007.09.24 14:55:35.458,0.7457,0.746,19.20,10.80
2007.09.24 14:55:35.557,0.7457,0.746,23.20,2.00
2007.09.24 14:55:35.685,0.74575,0.7461,0.60,41.40
2007.09.24 14:55:39.392,0.7458,0.7461,0.60,36.60
2007.09.24 14:55:39.465,0.74575,0.7461,10.20,14.30
2007.09.24 14:55:39.485,0.7458,0.7461,0.60,14.30
2007.09.24 14:55:39.572,0.74575,0.7461,11.50,14.30
2007.09.24 14:55:39.912,0.74575,0.7461,15.60,10.40
2007.09.24 14:55:39.930,0.7458,0.7461,4.40,6.40
2007.09.24 14:55:40.263,0.7459,0.7462,0.05,33.40
2007.09.24 14:56:27.457,0.746,0.7462,1.60,33.40
2007.09.24 14:56:30.614,0.746,0.7462,1.60,37.40
2007.09.24 14:56:36.574,0.746,0.7462,1.60,34.00
2007.09.24 14:56:37.049,0.746,0.7462,1.60,33.20
2007.09.24 14:56:37.128,0.746,0.7462,1.60,36.60
2007.09.24 14:56:37.878,0.746,0.7462,1.60,32.70
2007.09.24 14:56:38.596,0.746,0.7462,1.60,10.40
2007.09.24 14:56:38.652,0.746,0.7462,1.60,10.80
2007.09.24 14:56:39.124,0.746,0.7462,1.60,6.80
2007.09.24 14:56:40.025,0.746,0.7462,1.60,10.80
2007.09.24 14:56:40.088,0.746,0.7462,1.60,17.20
2007.09.24 14:56:40.194,0.746,0.7462,1.60,25.20
2007.09.24 14:56:40.240,0.746,0.7463,1.60,9.60
2007.09.24 14:56:40.277,0.7459,0.7462,6.10,28.70
2007.09.24 14:56:40.506,0.7459,0.7462,2.10,32.70
2007.09.24 14:56:40.580,0.7459,0.7462,1.80,32.70
2007.09.24 14:56:44.566,0.7459,0.7462,1.80,28.70
2007.09.24 14:56:44.610,0.7459,0.7462,5.80,22.30
2007.09.24 14:56:44.670,0.7459,0.7462,6.10,22.30
2007.09.24 14:56:44.713,0.7459,0.7462,7.20,18.30
2007.09.24 14:56:44.810,0.7459,0.7462,15.20,14.30
2007.09.24 14:56:45.068,0.74595,0.7463,0.50,27.10
2007.09.24 14:56:45.136,0.74595,0.7463,0.50,31.10
2007.09.24 14:56:45.429,0.74595,0.7462,0.50,8.40
2007.09.24 14:56:47.082,0.74595,0.7462,0.50,12.40
2007.09.24 14:56:47.188,0.74595,0.7462,0.50,29.20
2007.09.24 14:56:47.508,0.7459,0.7462,13.60,28.80
2007.09.24 14:56:47.610,0.7459,0.7462,9.60,32.80
2007.09.24 14:56:48.578,0.7459,0.7462,14.40,28.80
2007.09.24 14:56:48.688,0.7459,0.7462,14.70,24.80
2007.09.24 14:56:48.694,0.7459,0.7462,15.00,24.80
2007.09.24 14:56:48.794,0.7459,0.7462,15.80,16.80
2007.09.24 14:56:49.008,0.7459,0.7462,19.80,12.80
2007.09.24 14:56:49.018,0.74595,0.7462,0.50,13.20
2007.09.24 14:56:49.766,0.74595,0.7462,0.50,9.20
2007.09.24 14:56:49.991,0.74595,0.7463,0.50,29.40
2007.09.24 14:56:51.567,0.74595,0.7463,0.50,25.40
2007.09.24 14:56:51.686,0.74595,0.7463,0.50,21.40
2007.09.24 14:56:51.735,0.74595,0.7462,0.50,17.20
2007.09.24 14:56:57.056,0.746,0.7462,1.60,13.20
2007.09.24 14:56:57.161,0.746,0.7462,1.60,11.60
2007.09.24 14:56:57.170,0.746,0.7462,1.60,6.80
2007.09.24 14:56:57.359,0.746,0.7462,1.60,6.00
2007.09.24 14:56:57.575,0.746,0.7463,1.60,36.60
2007.09.24 14:56:57.595,0.746,0.7463,1.60,40.60
2007.09.24 14:57:00.212,0.746,0.7463,1.90,40.60
2007.09.24 14:57:00.234,0.746,0.7463,7.00,27.10
2007.09.24 14:57:00.344,0.746,0.7463,7.80,27.10
2007.09.24 14:57:00.497,0.746,0.7463,7.80,23.20
2007.09.24 14:57:00.531,0.746,0.7463,8.00,23.20
2007.09.24 14:57:00.668,0.746,0.7463,12.80,19.20
2007.09.24 14:57:04.086,0.746,0.7463,13.60,19.20
2007.09.24 14:57:04.329,0.74605,0.7463,0.50,19.60
2007.09.24 14:57:15.434,0.74605,0.7463,0.50,18.00
2007.09.24 14:57:17.764,0.74605,0.7463,0.50,0.80
2007.09.24 14:57:28.340,0.746,0.74635,10.70,21.50
2007.09.24 14:57:28.719,0.746,0.74635,9.90,21.50
2007.09.24 14:57:29.143,0.746,0.74635,5.90,21.50
2007.09.24 14:57:29.572,0.746,0.7463,5.70,0.70
2007.09.24 14:57:29.667,0.746,0.74635,4.80,25.50
2007.09.24 14:57:29.747,0.746,0.7463,4.80,0.50
2007.09.24 14:57:29.777,0.746,0.74635,4.00,25.50
2007.09.24 14:57:29.869,0.746,0.7464,4.00,38.30
2007.09.24 14:57:36.140,0.74595,0.7463,0.50,0.50
2007.09.24 14:57:36.227,0.74595,0.7463,0.50,0.70
2007.09.24 14:57:36.270,0.74595,0.7462,0.50,0.80
2007.09.24 14:57:36.303,0.7459,0.7463,29.20,36.60
2007.09.24 14:57:36.340,0.7459,0.7463,29.10,36.60
2007.09.24 14:57:36.364,0.7459,0.7463,16.00,43.00
2007.09.24 14:57:36.471,0.7459,0.7463,12.00,39.80
2007.09.24 14:57:36.656,0.7459,0.7463,8.00,39.80
2007.09.24 14:57:36.897,0.7459,0.7462,4.00,0.50
2007.09.24 14:57:37.313,0.7459,0.7463,4.00,38.20
2007.09.24 14:57:37.414,0.7459,0.7463,0.05,38.20
2007.09.24 14:57:37.451,0.7459,0.7462,0.05,0.60
2007.09.24 14:57:37.547,0.7459,0.7463,0.05,27.90
2007.09.24 14:57:37.587,0.7459,0.7463,0.05,24.70
2007.09.24 14:57:37.643,0.7459,0.7462,0.05,0.70
2007.09.24 14:57:37.699,0.7459,0.7462,0.05,0.60
2007.09.24 14:57:37.746,0.7459,0.7462,0.05,0.70
2007.09.24 14:57:37.797,0.7459,0.7462,0.05,0.70
2007.09.24 14:57:37.847,0.7459,0.7463,0.05,22.30
2007.09.24 14:57:37.972,0.7459,0.7462,0.05,0.70
2007.09.24 14:57:38.226,0.7459,0.74615,0.05,14.70
2007.09.24 14:57:38.305,0.7459,0.74615,0.05,10.70
2007.09.24 14:57:38.787,0.7459,0.7462,0.05,0.70
2007.09.24 14:57:39.125,0.7459,0.74625,0.05,35.00
2007.09.24 14:57:39.263,0.7459,0.7462,0.05,0.70
2007.09.24 14:57:39.337,0.7459,0.7462,0.05,0.50
2007.09.24 14:57:39.374,0.7459,0.7462,0.05,0.50
2007.09.24 14:57:39.560,0.7458,0.7461,9.60,0.70
2007.09.24 14:57:39.654,0.7458,0.7461,9.60,0.80
2007.09.24 14:57:39.686,0.7458,0.7461,5.60,0.90
2007.09.24 14:57:39.827,0.7458,0.7461,10.40,0.80
2007.09.24 14:57:39.944,0.7458,0.7462,10.40,38.20
2007.09.24 14:57:39.969,0.7458,0.74615,10.50,18.30
2007.09.24 14:57:40.123,0.7458,0.74615,14.50,14.30
2007.09.24 14:57:40.323,0.7458,0.74615,10.40,19.90
2007.09.24 14:57:40.346,0.7458,0.74615,9.60,23.90
2007.09.24 14:57:40.764,0.7458,0.7461,5.60,0.60
2007.09.24 14:57:46.781,0.7458,0.7461,5.60,27.90
2007.09.24 14:57:46.893,0.7458,0.7461,1.60,23.10
2007.09.24 14:57:47.208,0.74575,0.7461,0.50,23.10
2007.09.24 14:57:47.318,0.74575,0.7461,0.50,23.90
2007.09.24 14:57:47.389,0.74575,0.7461,0.50,27.80
2007.09.24 14:57:53.670,0.74575,0.7461,0.50,23.80
2007.09.24 14:57:53.729,0.74575,0.7461,0.50,19.80
2007.09.24 14:57:53.820,0.74575,0.7461,0.50,13.50
2007.09.24 14:57:53.948,0.7457,0.746,9.60,23.20
2007.09.24 14:57:54.047,0.7457,0.746,5.60,27.20
2007.09.24 14:57:54.082,0.74565,0.746,6.10,27.20
2007.09.24 14:57:55.724,0.74565,0.746,7.70,23.20
2007.09.24 14:57:55.826,0.7457,0.746,1.30,23.20
2007.09.24 14:57:55.918,0.74565,0.746,8.60,23.20
2007.09.24 14:57:56.051,0.74565,0.746,16.50,19.20
2007.09.24 14:57:56.257,0.74565,0.746,14.80,23.20
2007.09.24 14:57:56.325,0.74565,0.746,14.80,23.20
2007.09.24 14:57:56.351,0.7457,0.746,3.80,23.20
2007.09.24 14:57:56.580,0.7457,0.746,2.60,27.20
2007.09.24 14:57:58.269,0.74565,0.746,6.90,23.20
2007.09.24 14:57:58.376,0.7457,0.746,0.70,23.20
2007.09.24 14:57:58.487,0.7457,0.746,1.30,23.20
2007.09.24 14:57:58.732,0.7457,0.746,7.80,23.60
2007.09.24 14:57:58.992,0.7457,0.746,11.80,19.60
2007.09.24 14:57:59.322,0.74575,0.746,0.50,15.60
2007.09.24 14:57:59.948,0.74575,0.7461,0.50,23.80
2007.09.24 14:58:06.215,0.7458,0.7461,0.50,27.00
2007.09.24 14:58:06.287,0.74575,0.7461,2.90,34.20
2007.09.24 14:58:06.393,0.7458,0.7461,0.80,31.80
2007.09.24 14:58:06.699,0.7458,0.7461,0.50,31.80
2007.09.24 14:58:06.721,0.7457,0.7461,37.40,32.60
2007.09.24 14:58:06.807,0.74575,0.7461,0.50,27.80
2007.09.24 14:58:06.907,0.74575,0.7461,0.50,23.80
2007.09.24 14:58:10.708,0.74575,0.7461,2.10,23.00
2007.09.24 14:58:10.748,0.7458,0.7461,1.10,30.20
2007.09.24 14:58:10.842,0.7458,0.7461,1.10,37.40
2007.09.24 14:58:10.986,0.7458,0.7461,1.10,35.00
2007.09.24 14:58:14.763,0.7458,0.7461,0.60,31.80
2007.09.24 14:58:14.880,0.7458,0.7461,0.80,27.00
2007.09.24 14:58:15.331,0.74575,0.7461,0.50,27.80
2007.09.24 14:58:22.765,0.74585,0.7461,0.55,27.80
2007.09.24 14:58:22.779,0.74585,0.7461,0.55,29.50
2007.09.24 14:58:22.821,0.74585,0.7461,0.55,28.70
2007.09.24 14:58:22.888,0.74585,0.7461,0.55,25.50
2007.09.24 14:58:22.986,0.74585,0.7461,0.55,29.50
2007.09.24 14:58:23.285,0.7459,0.7461,0.05,25.50
2007.09.24 14:58:23.364,0.7459,0.7461,0.05,21.60
2007.09.24 14:58:23.577,0.7459,0.7461,0.05,22.00
2007.09.24 14:58:26.323,0.7459,0.7461,0.05,33.20
2007.09.24 14:58:26.833,0.7458,0.7461,1.80,32.80
2007.09.24 14:58:26.887,0.7458,0.7461,1.80,32.00
2007.09.24 14:58:26.978,0.7458,0.7461,1.80,35.90
2007.09.24 14:58:27.521,0.7458,0.7461,1.80,32.00
2007.09.24 14:58:30.373,0.7458,0.7461,1.80,33.60
2007.09.24 14:58:30.448,0.7458,0.7461,1.80,37.50
2007.09.24 14:58:33.834,0.7458,0.7461,1.60,37.50
2007.09.24 14:58:39.123,0.7458,0.7461,1.60,37.60
2007.09.24 14:58:39.345,0.7458,0.7461,1.60,37.50
2007.09.24 14:58:40.321,0.7458,0.7461,1.60,34.30
2007.09.24 14:58:40.435,0.7458,0.7461,1.60,29.50
2007.09.24 14:58:40.803,0.74575,0.7461,0.50,29.50
2007.09.24 14:58:40.894,0.74575,0.7461,0.50,30.30
2007.09.24 14:58:40.947,0.74575,0.7461,0.50,30.40
2007.09.24 14:58:43.185,0.74575,0.7461,0.50,0.50
2007.09.24 14:58:48.350,0.74575,0.7461,0.50,0.70
2007.09.24 14:58:48.464,0.74575,0.74615,0.50,39.30
2007.09.24 14:58:49.855,0.74575,0.7462,0.50,43.30
2007.09.24 14:58:50.377,0.74575,0.7461,0.50,0.90
2007.09.24 14:58:50.796,0.74575,0.7461,0.50,0.80
2007.09.24 14:58:53.391,0.74575,0.7461,0.50,0.90
2007.09.24 14:58:54.871,0.74575,0.7462,0.50,46.40
2007.09.24 14:58:56.313,0.74575,0.7462,0.50,46.50
2007.09.24 14:58:56.422,0.74575,0.7462,0.50,46.40
2007.09.24 14:58:56.534,0.74575,0.7462,0.50,46.50
2007.09.24 14:58:56.630,0.74575,0.7461,0.50,0.80
2007.09.24 14:58:56.736,0.74575,0.7462,0.50,46.50
2007.09.24 14:58:56.830,0.74575,0.7462,0.50,46.40
2007.09.24 14:58:56.949,0.74575,0.7461,0.50,0.80
2007.09.24 14:58:57.045,0.74575,0.7462,0.50,46.40
2007.09.24 14:58:57.163,0.74575,0.7462,0.50,46.50
2007.09.24 14:58:57.257,0.74575,0.7462,0.50,46.40
2007.09.24 14:58:57.367,0.74575,0.7462,0.50,46.50
2007.09.24 14:58:57.470,0.74575,0.7461,0.50,0.60
2007.09.24 14:58:57.577,0.74575,0.7461,0.50,0.90
2007.09.24 14:58:57.778,0.74575,0.7462,0.50,46.40
2007.09.24 14:58:57.886,0.74575,0.7462,0.50,46.50
2007.09.24 14:58:57.988,0.74575,0.7462,0.50,46.40
2007.09.24 14:58:58.341,0.74575,0.7462,0.50,46.50
2007.09.24 14:58:58.558,0.74575,0.7461,0.50,0.50
2007.09.24 14:58:58.657,0.74575,0.7462,0.50,46.50
2007.09.24 14:58:58.877,0.74575,0.7462,0.50,46.40
2007.09.24 14:58:58.979,0.74575,0.7462,0.50,46.50
2007.09.24 14:58:59.100,0.74575,0.7461,0.50,0.80
2007.09.24 14:58:59.198,0.74575,0.7461,0.50,0.90
2007.09.24 14:58:59.413,0.74575,0.7462,0.50,46.40
2007.09.24 14:58:59.529,0.74575,0.7462,0.50,46.50
2007.09.24 14:58:59.621,0.74575,0.7461,0.50,0.70
2007.09.24 14:58:59.825,0.74575,0.7462,0.50,46.50
2007.09.24 14:58:59.942,0.74575,0.7462,0.50,46.40
2007.09.24 14:59:00.110,0.74575,0.7462,0.50,46.50
2007.09.24 14:59:00.152,0.74575,0.7462,0.50,46.40
2007.09.24 14:59:00.470,0.74575,0.7462,0.50,46.50
2007.09.24 14:59:00.680,0.74575,0.7462,0.50,46.40
2007.09.24 14:59:00.991,0.74575,0.7462,0.50,46.50
2007.09.24 14:59:01.219,0.74575,0.7461,0.50,0.70
2007.09.24 14:59:01.452,0.74575,0.7462,0.50,46.50
2007.09.24 14:59:01.631,0.74575,0.7461,0.50,0.60
2007.09.24 14:59:01.753,0.74575,0.7462,0.50,46.50
2007.09.24 14:59:02.303,0.74575,0.7461,0.50,0.60
2007.09.24 14:59:02.512,0.74575,0.7461,0.50,0.60
2007.09.24 14:59:03.031,0.74575,0.7462,0.50,46.40
2007.09.24 14:59:03.138,0.74575,0.7462,0.50,46.50
2007.09.24 14:59:03.234,0.74575,0.7461,0.50,0.80
2007.09.24 14:59:03.445,0.74575,0.7462,0.50,46.50
2007.09.24 14:59:03.564,0.74575,0.7461,0.50,0.60
2007.09.24 14:59:03.670,0.74575,0.7461,0.50,0.60
2007.09.24 14:59:03.765,0.74575,0.7462,0.50,46.40
2007.09.24 14:59:03.977,0.74575,0.7462,0.50,46.50
2007.09.24 14:59:04.093,0.74575,0.7461,0.50,0.60
2007.09.24 14:59:04.598,0.74575,0.7462,0.50,46.50
2007.09.24 14:59:04.697,0.74575,0.7461,0.50,0.50
2007.09.24 14:59:06.388,0.74575,0.7461,0.50,0.70
2007.09.24 14:59:06.922,0.74575,0.7461,0.50,0.80
2007.09.24 14:59:07.348,0.74575,0.7462,0.50,40.10
2007.09.24 14:59:07.450,0.74575,0.7461,0.50,36.40
2007.09.24 14:59:07.556,0.74575,0.7461,0.50,32.50
2007.09.24 14:59:07.695,0.7457,0.7461,8.20,32.10
2007.09.24 14:59:07.755,0.7457,0.7461,8.20,32.90
2007.09.24 14:59:07.832,0.7457,0.746,4.20,0.80
2007.09.24 14:59:07.856,0.7457,0.74605,4.20,26.30
2007.09.24 14:59:07.864,0.7457,0.74605,5.80,25.50
2007.09.24 14:59:07.973,0.7457,0.74605,10.70,15.10
2007.09.24 14:59:08.078,0.7457,0.74605,6.70,23.10
2007.09.24 14:59:08.117,0.7457,0.74605,6.70,23.10
2007.09.24 14:59:08.393,0.7457,0.74605,10.70,18.30
2007.09.24 14:59:08.414,0.74575,0.746,0.50,0.70
2007.09.24 14:59:09.302,0.74575,0.746,0.50,0.80
2007.09.24 14:59:09.332,0.74575,0.74605,0.50,30.70
2007.09.24 14:59:09.647,0.74575,0.746,0.50,0.80
2007.09.24 14:59:09.859,0.74575,0.746,0.50,0.50
2007.09.24 14:59:10.279,0.74575,0.746,0.50,0.50
2007.09.24 14:59:11.964,0.74575,0.746,0.50,0.50
2007.09.24 14:59:12.394,0.74575,0.746,0.50,0.60
2007.09.24 14:59:12.782,0.74575,0.746,0.50,0.70
2007.09.24 14:59:14.881,0.74575,0.746,0.50,0.50
2007.09.24 14:59:15.141,0.74575,0.74615,0.50,24.00
2007.09.24 14:59:15.735,0.74575,0.74615,0.50,24.10
2007.09.24 14:59:16.814,0.74575,0.7461,0.50,0.80
2007.09.24 14:59:16.881,0.74575,0.74615,0.50,28.00
2007.09.24 14:59:17.029,0.74575,0.7461,0.50,0.70
2007.09.24 14:59:25.813,0.74575,0.7462,0.50,36.80
2007.09.24 14:59:25.874,0.74575,0.7461,0.50,0.90
2007.09.24 14:59:25.980,0.74575,0.7462,0.50,20.90
2007.09.24 14:59:26.309,0.74575,0.7461,0.50,0.50
2007.09.24 14:59:26.852,0.7457,0.7461,9.80,33.70
2007.09.24 14:59:27.023,0.7457,0.7461,5.80,33.70
2007.09.24 14:59:27.272,0.7457,0.74605,5.80,31.10
2007.09.24 14:59:27.364,0.7457,0.746,5.60,0.50
2007.09.24 14:59:28.291,0.7457,0.7461,5.60,34.60
2007.09.24 14:59:31.473,0.7457,0.746,8.10,0.50
2007.09.24 14:59:31.646,0.74575,0.74615,0.50,16.20
2007.09.24 14:59:31.684,0.74575,0.74615,0.50,14.60
2007.09.24 14:59:31.894,0.74575,0.7461,0.50,0.70
2007.09.24 14:59:32.135,0.74575,0.7461,0.50,0.50
2007.09.24 14:59:34.020,0.74575,0.7461,0.50,24.00
2007.09.24 14:59:39.462,0.74575,0.7461,0.50,24.10
2007.09.24 14:59:40.393,0.74575,0.746,0.50,16.40
2007.09.24 14:59:40.414,0.7457,0.746,12.30,16.00
2007.09.24 14:59:40.430,0.7457,0.746,9.00,24.70
2007.09.24 14:59:40.496,0.7457,0.746,9.00,24.70
2007.09.24 14:59:40.544,0.7457,0.746,4.20,19.90
2007.09.24 14:59:40.744,0.7457,0.7459,4.20,14.00
2007.09.24 14:59:40.886,0.7457,0.7459,0.30,14.00
2007.09.24 14:59:41.515,0.74565,0.7459,0.50,14.00
2007.09.24 14:59:43.448,0.7457,0.7459,0.07,14.00
2007.09.24 14:59:43.485,0.7457,0.7459,1.70,12.40
2007.09.24 14:59:43.570,0.7457,0.7459,6.50,4.40
2007.09.24 14:59:43.661,0.7457,0.7459,6.50,0.50
2007.09.24 14:59:43.693,0.74575,0.74595,0.50,3.90
2007.09.24 14:59:44.169,0.74575,0.746,0.50,14.80
2007.09.24 14:59:51.894,0.74575,0.746,0.50,18.80
2007.09.24 14:59:52.067,0.74575,0.746,0.50,21.20
2007.09.24 14:59:52.367,0.74575,0.746,0.50,25.10
2007.09.24 14:59:52.406,0.74575,0.746,0.50,21.10
2007.09.24 14:59:52.437,0.74575,0.746,0.50,20.70
2007.09.24 14:59:52.480,0.74575,0.746,0.50,13.50
2007.09.24 14:59:52.910,0.74575,0.746,0.50,9.60
2007.09.24 14:59:53.013,0.74575,0.746,0.50,18.40
2007.09.24 14:59:53.108,0.74575,0.746,0.50,14.40
2007.09.24 14:59:53.246,0.74575,0.7461,0.50,23.20
2007.09.24 14:59:53.699,0.74575,0.746,0.50,14.80
2007.09.24 14:59:54.459,0.74575,0.746,0.50,18.80
2007.09.24 14:59:54.501,0.74575,0.746,0.50,22.00
2007.09.24 14:59:54.602,0.74575,0.746,0.50,30.00
2007.09.24 14:59:54.827,0.74575,0.746,0.50,34.00
2007.09.24 14:59:54.894,0.7457,0.746,1.60,33.60
2007.09.24 14:59:54.910,0.7457,0.746,1.60,37.50
2007.09.24 14:59:56.006,0.7457,0.746,1.60,35.90
2007.09.24 14:59:56.102,0.7457,0.746,1.60,31.10
2007.09.24 14:59:56.420,0.7457,0.746,1.60,31.90
2007.09.24 14:59:56.526,0.74565,0.746,0.50,32.70
2007.09.24 14:59:57.445,0.7457,0.746,1.60,31.90
2007.09.24 14:59:57.484,0.7457,0.746,3.20,33.50
2007.09.24 14:59:57.615,0.7457,0.746,8.00,26.30
2007.09.24 14:59:57.652,0.7457,0.746,8.10,26.30
2007.09.24 14:59:57.690,0.7457,0.746,8.10,30.30
2007.09.24 14:59:57.909,0.7457,0.746,7.30,30.30
2007.09.24 14:59:57.930,0.7457,0.746,7.30,25.60
2007.09.24 14:59:58.029,0.7457,0.746,11.30,21.60
2007.09.24 14:59:58.126,0.7457,0.746,7.30,21.60
2007.09.24 14:59:59.924,0.7457,0.746,5.70,21.60
2007.09.24 14:59:59.977,0.7457,0.746,4.90,30.40
