2015.12.09 08:00:00.682,0.66361,0.66378,1.75,2.25
2015.12.09 08:00:00.733,0.66361,0.66378,1.50,2.25
2015.12.09 08:00:01.722,0.66361,0.66378,1.75,2.25
2015.12.09 08:00:10.501,0.6636,0.66376,3.00,1.00
2015.12.09 08:00:10.639,0.66361,0.66378,1.95,2.62
2015.12.09 08:00:11.166,0.66361,0.66377,1.95,1.00
2015.12.09 08:00:11.657,0.66368,0.66377,1.00,1.00
2015.12.09 08:00:11.708,0.6637,0.66381,1.10,1.47
2015.12.09 08:00:11.759,0.6637,0.66381,1.85,1.37
2015.12.09 08:00:11.810,0.66371,0.66384,1.87,1.00
2015.12.09 08:00:11.861,0.66371,0.66387,1.87,1.10
2015.12.09 08:00:12.223,0.66378,0.66389,1.00,1.50
2015.12.09 08:00:12.518,0.66375,0.66388,1.00,2.25
2015.12.09 08:00:13.935,0.66375,0.66388,1.00,2.62
2015.12.09 08:00:16.631,0.66372,0.66388,1.50,2.62
2015.12.09 08:00:21.352,0.66375,0.66389,1.50,1.50
2015.12.09 08:00:21.454,0.66378,0.66396,1.50,3.00
2015.12.09 08:00:21.556,0.6638,0.66396,1.50,1.85
2015.12.09 08:00:22.465,0.66381,0.66397,1.50,1.45
2015.12.09 08:00:22.668,0.66381,0.66399,1.75,2.25
2015.12.09 08:00:23.741,0.66381,0.66398,1.50,2.25
2015.12.09 08:00:28.813,0.6638,0.66397,2.25,1.95
2015.12.09 08:00:29.117,0.66374,0.6639,1.50,1.12
2015.12.09 08:00:29.422,0.66378,0.66396,1.75,2.70
2015.12.09 08:00:29.873,0.66382,0.66397,1.50,1.07
2015.12.09 08:00:38.647,0.66384,0.66398,1.00,1.87
2015.12.09 08:00:40.077,0.66384,0.66399,1.00,1.50
2015.12.09 08:00:40.179,0.66384,0.664,1.50,1.47
2015.12.09 08:00:40.230,0.66384,0.664,1.75,1.10
2015.12.09 08:00:40.534,0.66387,0.66403,1.75,1.12
2015.12.09 08:00:41.036,0.66388,0.66404,1.75,1.12
2015.12.09 08:00:44.782,0.66389,0.66404,1.50,1.75
2015.12.09 08:00:46.237,0.66389,0.66404,1.50,1.87
2015.12.09 08:00:49.651,0.66389,0.66404,1.12,2.25
2015.12.09 08:00:52.691,0.66389,0.66404,1.12,1.87
2015.12.09 08:00:52.994,0.66387,0.66402,1.00,1.87
2015.12.09 08:00:53.602,0.66385,0.66399,1.00,1.07
2015.12.09 08:00:53.836,0.66383,0.66399,1.12,1.45
2015.12.09 08:00:54.142,0.66379,0.66396,3.00,1.10
2015.12.09 08:00:55.454,0.66379,0.66396,2.25,1.12
2015.12.09 08:00:55.859,0.66379,0.66396,1.50,1.95
2015.12.09 08:00:57.121,0.66381,0.66397,1.75,1.12
2015.12.09 08:00:57.663,0.66383,0.66399,1.37,1.45
2015.12.09 08:00:58.214,0.66382,0.66399,1.75,1.57
2015.12.09 08:01:01.761,0.66383,0.66399,1.00,1.95
2015.12.09 08:01:02.293,0.66382,0.66398,1.37,1.87
2015.12.09 08:01:04.263,0.6638,0.66397,1.50,1.65
2015.12.09 08:01:06.110,0.6638,0.66395,1.50,1.00
2015.12.09 08:01:08.637,0.6638,0.66397,1.50,2.25
2015.12.09 08:01:16.859,0.66381,0.66398,1.50,2.62
2015.12.09 08:01:31.629,0.66381,0.66398,2.25,1.27
2015.12.09 08:01:31.732,0.66383,0.66398,1.75,1.10
2015.12.09 08:01:32.280,0.66384,0.66401,1.75,1.87
2015.12.09 08:01:32.788,0.66385,0.66401,1.00,2.25
2015.12.09 08:01:33.405,0.66386,0.66401,1.00,1.50
2015.12.09 08:01:33.709,0.66388,0.66403,1.50,1.75
2015.12.09 08:01:34.340,0.66389,0.66404,1.12,1.75
2015.12.09 08:01:34.859,0.66387,0.66404,1.50,2.62
2015.12.09 08:01:36.628,0.66388,0.66404,1.12,1.12
2015.12.09 08:01:36.679,0.6639,0.66404,2.25,1.12
2015.12.09 08:01:37.253,0.6639,0.66406,3.37,1.07
2015.12.09 08:01:39.780,0.6639,0.66406,2.25,1.20
2015.12.09 08:01:46.597,0.66394,0.66406,1.00,1.45
2015.12.09 08:01:46.779,0.66395,0.6641,1.20,1.12
2015.12.09 08:01:46.830,0.66394,0.66409,2.25,1.12
2015.12.09 08:01:47.134,0.66391,0.66407,2.62,1.12
2015.12.09 08:01:48.382,0.66393,0.66408,1.00,1.20
2015.12.09 08:01:48.484,0.66393,0.66408,1.00,1.07
2015.12.09 08:01:48.586,0.66395,0.6641,1.00,1.95
2015.12.09 08:01:49.335,0.66395,0.66408,1.00,1.07
2015.12.09 08:01:49.889,0.66395,0.66408,1.00,1.12
2015.12.09 08:01:50.192,0.66397,0.66412,1.50,1.20
2015.12.09 08:01:50.243,0.66398,0.66413,1.37,1.87
2015.12.09 08:01:50.546,0.66396,0.66409,1.75,1.00
2015.12.09 08:01:50.851,0.66395,0.66408,2.25,1.50
2015.12.09 08:01:51.875,0.66394,0.66409,1.12,2.62
2015.12.09 08:01:52.402,0.66394,0.66409,1.12,1.50
2015.12.09 08:01:56.751,0.66394,0.6641,1.12,2.62
2015.12.09 08:01:58.603,0.66395,0.6641,1.00,2.62
2015.12.09 08:01:58.756,0.66397,0.66412,1.37,1.57
2015.12.09 08:01:58.807,0.66399,0.66414,1.00,1.12
2015.12.09 08:01:58.858,0.66399,0.66415,1.37,1.47
2015.12.09 08:01:59.071,0.66402,0.66416,1.12,1.50
2015.12.09 08:02:02.221,0.66401,0.66416,1.12,2.62
2015.12.09 08:02:02.731,0.664,0.66415,1.50,1.57
2015.12.09 08:02:04.461,0.664,0.66417,1.87,3.00
2015.12.09 08:02:04.665,0.66401,0.66418,2.62,1.57
2015.12.09 08:02:04.872,0.66403,0.66418,1.12,1.57
2015.12.09 08:02:06.295,0.66404,0.66418,1.00,1.20
2015.12.09 08:02:07.466,0.66403,0.66418,1.00,1.07
2015.12.09 08:02:09.703,0.66403,0.66418,1.37,1.07
2015.12.09 08:02:10.532,0.66403,0.66418,1.37,1.87
2015.12.09 08:02:11.138,0.66403,0.66418,1.37,2.25
2015.12.09 08:02:12.086,0.66403,0.66417,1.00,1.12
2015.12.09 08:02:12.612,0.66402,0.66418,1.75,1.12
2015.12.09 08:02:12.916,0.66402,0.66418,1.12,2.25
2015.12.09 08:02:13.423,0.66402,0.66418,1.50,1.57
2015.12.09 08:02:13.474,0.66402,0.66418,1.50,1.20
2015.12.09 08:02:14.709,0.66406,0.66419,1.00,1.37
2015.12.09 08:02:15.000,0.66405,0.66421,1.00,1.87
2015.12.09 08:02:15.101,0.66405,0.66419,2.25,1.00
2015.12.09 08:02:15.152,0.66405,0.66421,1.75,1.00
2015.12.09 08:02:15.305,0.66407,0.66422,1.75,1.00
2015.12.09 08:02:15.912,0.6641,0.66422,1.50,1.00
2015.12.09 08:02:16.425,0.6641,0.66422,1.12,1.00
2015.12.09 08:02:17.475,0.6641,0.66423,1.12,1.00
2015.12.09 08:02:18.858,0.6641,0.66424,1.12,1.10
2015.12.09 08:02:19.385,0.66408,0.66424,2.25,1.00
2015.12.09 08:02:20.038,0.66408,0.66424,1.50,1.12
2015.12.09 08:02:20.392,0.66407,0.66423,1.10,2.32
2015.12.09 08:02:20.544,0.66406,0.6642,1.50,1.12
2015.12.09 08:02:20.596,0.66403,0.66418,1.50,1.20
2015.12.09 08:02:21.104,0.66403,0.66418,1.00,1.57
2015.12.09 08:02:21.609,0.66403,0.66418,1.00,1.57
2015.12.09 08:02:22.144,0.66402,0.66417,1.12,1.00
2015.12.09 08:02:23.658,0.66402,0.66418,1.50,1.10
2015.12.09 08:02:25.466,0.66402,0.66417,1.50,1.00
2015.12.09 08:02:27.415,0.66404,0.66419,1.50,2.25
2015.12.09 08:02:31.842,0.66403,0.66418,1.12,1.95
2015.12.09 08:02:39.175,0.66402,0.66419,1.87,1.50
2015.12.09 08:02:40.323,0.66402,0.66419,1.50,1.50
2015.12.09 08:02:40.830,0.66401,0.66416,1.50,1.10
2015.12.09 08:02:42.106,0.66401,0.66418,1.50,2.70
2015.12.09 08:02:45.572,0.66401,0.66417,1.00,1.87
2015.12.09 08:02:49.655,0.66401,0.66417,1.37,1.20
2015.12.09 08:02:51.946,0.66401,0.66418,1.87,2.25
2015.12.09 08:02:56.125,0.66403,0.66418,1.00,2.25
2015.12.09 08:03:05.156,0.66401,0.66418,1.87,2.25
2015.12.09 08:03:12.734,0.66401,0.66418,1.87,4.12
2015.12.09 08:03:13.577,0.66402,0.66417,1.50,1.20
2015.12.09 08:03:14.509,0.66401,0.66418,1.87,3.07
2015.12.09 08:03:15.016,0.66402,0.66419,1.75,2.25
2015.12.09 08:03:26.736,0.66402,0.66418,1.50,1.07
2015.12.09 08:03:33.324,0.66401,0.66416,3.00,1.00
2015.12.09 08:03:33.375,0.66401,0.66416,1.00,1.50
2015.12.09 08:03:33.427,0.664,0.66414,1.12,1.75
2015.12.09 08:03:33.732,0.66398,0.66409,2.25,1.10
2015.12.09 08:03:34.485,0.66396,0.6641,1.37,1.20
2015.12.09 08:03:34.998,0.66396,0.6641,1.12,1.27
2015.12.09 08:03:38.492,0.66393,0.66409,1.12,1.12
2015.12.09 08:03:38.998,0.66392,0.66408,1.50,1.00
2015.12.09 08:03:41.395,0.66392,0.66408,1.87,1.00
2015.12.09 08:03:47.059,0.66392,0.66409,1.37,2.25
2015.12.09 08:03:47.567,0.66392,0.66409,1.00,2.25
2015.12.09 08:03:48.381,0.66391,0.66407,1.50,1.00
2015.12.09 08:03:48.482,0.66391,0.66407,1.50,1.12
2015.12.09 08:03:56.311,0.66389,0.66406,1.12,2.40
2015.12.09 08:03:56.361,0.66389,0.66406,1.00,2.40
2015.12.09 08:03:56.665,0.66393,0.66408,1.12,2.70
2015.12.09 08:03:57.172,0.66391,0.66407,1.37,1.37
2015.12.09 08:03:58.267,0.66392,0.66409,1.87,2.70
2015.12.09 08:03:58.470,0.66392,0.66409,1.87,1.20
2015.12.09 08:04:01.290,0.66394,0.6641,1.00,1.45
2015.12.09 08:04:03.348,0.66394,0.6641,1.50,1.00
2015.12.09 08:04:03.996,0.66393,0.6641,1.37,1.50
2015.12.09 08:04:04.204,0.66391,0.66408,1.87,1.12
2015.12.09 08:04:04.523,0.66391,0.66406,1.12,1.00
2015.12.09 08:04:10.473,0.6639,0.66406,3.00,1.50
2015.12.09 08:04:12.329,0.6639,0.66406,1.00,2.25
2015.12.09 08:04:21.654,0.6639,0.66406,1.50,1.57
2015.12.09 08:04:24.835,0.6639,0.66406,1.37,1.57
2015.12.09 08:04:29.105,0.66393,0.66406,1.00,1.20
2015.12.09 08:04:29.625,0.66392,0.66406,1.00,1.20
2015.12.09 08:04:30.762,0.66392,0.66406,1.37,1.20
2015.12.09 08:04:31.280,0.66393,0.66408,1.37,1.12
2015.12.09 08:04:31.382,0.66394,0.66409,1.12,1.20
2015.12.09 08:04:31.787,0.66393,0.66408,1.12,1.37
2015.12.09 08:04:32.020,0.66393,0.66409,1.50,1.20
2015.12.09 08:04:32.376,0.66393,0.66409,1.12,1.87
2015.12.09 08:04:38.491,0.66394,0.66408,1.37,1.20
2015.12.09 08:04:38.741,0.66399,0.66416,2.62,2.62
2015.12.09 08:04:39.248,0.66402,0.66418,1.50,1.57
2015.12.09 08:04:39.760,0.66402,0.66418,1.50,1.57
2015.12.09 08:04:40.298,0.66402,0.66418,1.37,1.95
2015.12.09 08:04:46.988,0.66402,0.66418,1.10,1.57
2015.12.09 08:04:47.225,0.66402,0.66418,1.57,1.20
2015.12.09 08:04:52.174,0.66403,0.66418,1.12,2.32
2015.12.09 08:04:54.086,0.66402,0.66418,1.37,2.70
2015.12.09 08:04:54.238,0.66402,0.66417,1.50,1.10
2015.12.09 08:04:54.744,0.66402,0.66418,1.00,1.95
2015.12.09 08:04:56.215,0.66402,0.66418,1.12,1.95
2015.12.09 08:04:56.318,0.66402,0.66418,1.12,1.95
2015.12.09 08:04:56.524,0.66402,0.66418,1.50,1.57
2015.12.09 08:04:59.950,0.66403,0.66418,1.00,1.95
2015.12.09 08:05:04.431,0.66402,0.66417,1.00,1.20
2015.12.09 08:05:04.735,0.66401,0.66415,1.12,1.12
2015.12.09 08:05:04.837,0.66401,0.66415,1.50,1.12
2015.12.09 08:05:05.490,0.66398,0.66414,3.00,1.20
2015.12.09 08:05:06.020,0.66398,0.66411,2.25,1.00
2015.12.09 08:05:06.425,0.664,0.66415,1.50,1.07
2015.12.09 08:05:06.707,0.66401,0.66415,1.12,1.20
2015.12.09 08:05:06.758,0.66401,0.66415,1.50,1.12
2015.12.09 08:05:07.709,0.66402,0.66416,1.00,1.10
2015.12.09 08:05:07.861,0.664,0.66414,1.12,1.00
2015.12.09 08:05:08.166,0.66401,0.66417,1.37,1.50
2015.12.09 08:05:16.780,0.66402,0.66419,1.50,3.75
2015.12.09 08:05:17.362,0.66403,0.66418,1.50,1.07
2015.12.09 08:05:21.809,0.66404,0.66418,1.00,1.07
2015.12.09 08:05:28.374,0.66405,0.66418,1.00,1.07
2015.12.09 08:05:30.884,0.66404,0.66418,1.00,1.07
2015.12.09 08:05:39.439,0.66404,0.66418,1.37,1.12
2015.12.09 08:05:39.591,0.6641,0.66422,1.50,1.00
2015.12.09 08:05:39.642,0.6641,0.66424,1.50,1.50
2015.12.09 08:05:40.530,0.6641,0.66424,1.75,1.00
2015.12.09 08:05:41.104,0.66413,0.66424,1.00,1.00
2015.12.09 08:05:41.610,0.66413,0.66423,1.00,1.00
2015.12.09 08:05:41.814,0.66413,0.66427,1.00,1.00
2015.12.09 08:05:42.329,0.66414,0.66428,1.12,1.57
2015.12.09 08:05:42.970,0.66414,0.66428,1.00,2.32
2015.12.09 08:05:45.088,0.66412,0.66428,1.37,1.85
2015.12.09 08:05:45.599,0.66412,0.66428,1.50,2.32
2015.12.09 08:05:46.914,0.66413,0.66428,1.12,1.57
2015.12.09 08:05:47.425,0.66415,0.66428,1.00,1.10
2015.12.09 08:05:47.938,0.66413,0.6643,1.50,1.95
2015.12.09 08:05:50.329,0.66412,0.66429,2.77,1.10
2015.12.09 08:05:50.691,0.66415,0.66431,3.90,1.10
2015.12.09 08:05:50.743,0.66419,0.66434,1.75,1.12
2015.12.09 08:05:50.795,0.66423,0.66437,1.00,1.95
2015.12.09 08:05:51.055,0.66421,0.66437,1.00,1.95
2015.12.09 08:05:51.158,0.66421,0.66437,1.12,1.95
2015.12.09 08:05:53.102,0.66423,0.66437,1.00,1.95
2015.12.09 08:05:54.324,0.66423,0.66437,1.00,1.87
2015.12.09 08:06:00.393,0.66423,0.66437,1.00,1.57
2015.12.09 08:06:01.635,0.66423,0.66437,1.00,1.95
2015.12.09 08:06:02.141,0.66423,0.66436,1.00,1.10
2015.12.09 08:06:02.667,0.66423,0.66435,1.00,1.00
2015.12.09 08:06:03.572,0.66423,0.66436,1.00,1.57
2015.12.09 08:06:04.078,0.66422,0.66437,1.50,2.32
2015.12.09 08:06:10.383,0.66421,0.66435,1.00,1.87
2015.12.09 08:06:11.200,0.6642,0.66434,1.37,1.50
2015.12.09 08:06:11.704,0.6642,0.66435,1.37,2.02
2015.12.09 08:06:12.334,0.6642,0.66434,1.37,3.00
2015.12.09 08:06:12.588,0.66415,0.66429,1.00,1.00
2015.12.09 08:06:12.993,0.66412,0.66428,1.50,2.62
2015.12.09 08:06:13.563,0.66412,0.66427,1.12,1.87
2015.12.09 08:06:14.276,0.66412,0.66426,1.12,1.50
2015.12.09 08:06:14.826,0.66412,0.66427,1.12,1.87
2015.12.09 08:06:15.174,0.66414,0.66426,1.00,1.50
2015.12.09 08:06:15.691,0.66414,0.66427,1.00,1.87
2015.12.09 08:06:20.934,0.66415,0.66428,1.00,1.57
2015.12.09 08:06:22.029,0.66415,0.66428,1.00,1.57
2015.12.09 08:06:22.923,0.66414,0.66428,1.00,1.85
2015.12.09 08:06:23.451,0.66413,0.66424,1.00,1.00
2015.12.09 08:06:23.503,0.6641,0.66424,1.00,1.00
2015.12.09 08:06:23.613,0.66409,0.66426,1.75,1.50
2015.12.09 08:06:23.715,0.66411,0.66426,1.50,1.12
2015.12.09 08:06:24.852,0.66411,0.66426,1.12,1.37
2015.12.09 08:06:24.953,0.66409,0.66426,1.50,1.75
2015.12.09 08:06:25.157,0.66408,0.66424,1.12,1.57
2015.12.09 08:06:25.500,0.66406,0.66419,1.00,1.57
2015.12.09 08:06:26.238,0.66404,0.66419,1.12,1.57
2015.12.09 08:06:26.504,0.66404,0.66419,1.12,1.95
2015.12.09 08:06:27.061,0.66404,0.66418,1.12,1.10
2015.12.09 08:06:27.264,0.66404,0.66419,1.00,1.57
2015.12.09 08:06:32.074,0.66404,0.66417,1.00,1.00
2015.12.09 08:06:34.130,0.66405,0.66419,1.00,1.95
2015.12.09 08:06:34.773,0.66405,0.66421,1.37,1.12
2015.12.09 08:06:35.286,0.66405,0.66422,1.50,2.70
2015.12.09 08:06:35.655,0.66405,0.66418,1.00,1.00
2015.12.09 08:06:36.621,0.66405,0.6642,1.37,1.45
2015.12.09 08:06:36.977,0.66407,0.66422,1.37,1.37
2015.12.09 08:06:37.028,0.66407,0.66424,1.75,2.70
2015.12.09 08:06:37.230,0.6641,0.66424,1.00,1.00
2015.12.09 08:06:41.772,0.66409,0.66426,1.12,2.25
2015.12.09 08:06:42.323,0.6641,0.66426,1.12,1.75
2015.12.09 08:06:42.525,0.66412,0.66426,1.00,1.75
2015.12.09 08:06:42.577,0.66412,0.66425,1.00,1.00
2015.12.09 08:06:50.111,0.66411,0.66425,1.87,1.00
2015.12.09 08:06:55.303,0.66412,0.66425,1.00,1.00
2015.12.09 08:06:58.520,0.66415,0.66425,1.00,1.00
2015.12.09 08:06:58.723,0.66421,0.66435,1.00,1.85
2015.12.09 08:06:58.875,0.66423,0.66437,1.00,1.20
2015.12.09 08:06:59.086,0.66423,0.66438,1.37,2.70
2015.12.09 08:06:59.339,0.66423,0.66438,1.50,1.20
2015.12.09 08:06:59.847,0.66424,0.6644,1.50,1.57
2015.12.09 08:07:00.567,0.66424,0.6644,1.37,2.32
2015.12.09 08:07:01.115,0.66425,0.66439,1.00,1.00
2015.12.09 08:07:01.666,0.66424,0.66441,1.75,1.95
2015.12.09 08:07:02.270,0.66426,0.6644,1.00,1.10
2015.12.09 08:07:05.210,0.66426,0.6644,3.00,1.00
2015.12.09 08:07:05.362,0.6643,0.66442,1.00,1.12
2015.12.09 08:07:05.667,0.66429,0.66444,1.00,3.37
2015.12.09 08:07:05.970,0.66427,0.66441,1.00,1.45
2015.12.09 08:07:06.072,0.66425,0.66439,2.25,1.87
2015.12.09 08:07:06.589,0.66425,0.66439,2.25,3.00
2015.12.09 08:07:06.893,0.66422,0.66439,1.12,3.00
2015.12.09 08:07:09.953,0.66421,0.66438,1.50,1.95
2015.12.09 08:07:10.802,0.66421,0.66434,1.50,1.00
2015.12.09 08:07:11.339,0.6642,0.66434,1.75,1.00
2015.12.09 08:07:13.872,0.66419,0.66435,1.85,1.00
2015.12.09 08:07:15.531,0.66419,0.66434,1.85,1.00
2015.12.09 08:07:15.683,0.66418,0.66434,2.25,1.87
2015.12.09 08:07:16.664,0.66419,0.66433,1.50,1.00
2015.12.09 08:07:16.715,0.66418,0.66431,1.87,1.00
2015.12.09 08:07:17.021,0.66416,0.66429,2.25,2.62
2015.12.09 08:07:17.659,0.66416,0.66427,2.25,1.00
2015.12.09 08:07:17.712,0.66412,0.66427,1.87,1.00
2015.12.09 08:07:18.492,0.66413,0.66428,1.50,1.95
2015.12.09 08:07:19.030,0.66413,0.66428,1.87,1.20
2015.12.09 08:07:20.770,0.66413,0.66428,1.12,1.20
2015.12.09 08:07:22.792,0.66413,0.66428,1.12,1.57
2015.12.09 08:07:23.605,0.66412,0.66428,1.12,1.57
2015.12.09 08:07:24.017,0.66411,0.66427,1.50,2.25
2015.12.09 08:07:26.024,0.6641,0.66426,2.25,2.70
2015.12.09 08:07:26.328,0.6641,0.66425,2.25,2.70
2015.12.09 08:07:26.581,0.66409,0.66425,1.50,2.70
2015.12.09 08:07:27.592,0.66408,0.66421,3.00,1.85
2015.12.09 08:07:27.694,0.66408,0.66421,3.37,1.10
2015.12.09 08:07:27.947,0.66411,0.66424,1.00,1.10
2015.12.09 08:07:28.302,0.66409,0.66425,1.50,1.50
2015.12.09 08:07:28.621,0.66409,0.6642,1.50,2.25
2015.12.09 08:07:28.874,0.66407,0.6642,1.00,1.87
2015.12.09 08:07:29.027,0.66403,0.66417,1.00,1.00
2015.12.09 08:07:29.530,0.66401,0.66417,1.87,1.12
2015.12.09 08:07:30.401,0.66401,0.66414,1.37,1.00
2015.12.09 08:07:30.950,0.664,0.66413,3.37,1.00
2015.12.09 08:07:31.406,0.664,0.66413,1.12,1.00
2015.12.09 08:07:31.930,0.664,0.66415,1.12,1.87
2015.12.09 08:07:32.456,0.664,0.66415,1.12,1.50
2015.12.09 08:07:32.966,0.66398,0.66414,2.70,1.00
2015.12.09 08:07:33.510,0.66398,0.66413,2.70,1.12
2015.12.09 08:07:35.677,0.66397,0.66411,3.75,1.00
2015.12.09 08:07:36.113,0.66397,0.66413,3.75,1.12
2015.12.09 08:07:36.642,0.66397,0.66412,3.75,1.00
2015.12.09 08:07:37.175,0.664,0.66413,1.00,1.12
2015.12.09 08:07:37.733,0.66399,0.66413,1.12,1.12
2015.12.09 08:07:42.813,0.664,0.66415,1.00,1.27
2015.12.09 08:07:42.864,0.664,0.66417,1.50,2.25
2015.12.09 08:07:42.966,0.66401,0.66417,1.85,1.00
2015.12.09 08:07:43.017,0.66405,0.66418,1.00,1.00
2015.12.09 08:07:43.068,0.66405,0.6642,1.00,1.12
2015.12.09 08:07:43.579,0.66406,0.66421,1.12,1.50
2015.12.09 08:07:44.209,0.66407,0.66421,1.00,1.00
2015.12.09 08:07:44.361,0.66407,0.66423,1.50,1.10
2015.12.09 08:07:44.588,0.66409,0.66426,1.50,1.95
2015.12.09 08:07:45.095,0.66411,0.66426,1.00,1.12
2015.12.09 08:07:45.601,0.66411,0.66426,1.50,1.00
2015.12.09 08:07:46.124,0.66412,0.66427,1.12,1.00
2015.12.09 08:07:46.763,0.66413,0.66427,1.50,1.00
2015.12.09 08:07:47.000,0.66413,0.66429,1.12,1.12
2015.12.09 08:07:47.051,0.66413,0.66429,1.00,1.75
2015.12.09 08:07:49.481,0.66412,0.66429,1.12,2.25
2015.12.09 08:08:01.851,0.66412,0.66429,2.25,2.25
2015.12.09 08:08:03.044,0.66412,0.66426,1.12,1.00
2015.12.09 08:08:03.362,0.6641,0.66421,2.25,1.50
2015.12.09 08:08:03.413,0.66406,0.6642,1.37,1.00
2015.12.09 08:08:03.515,0.66406,0.6642,1.37,1.50
2015.12.09 08:08:03.567,0.66402,0.66417,1.50,1.50
2015.12.09 08:08:03.957,0.66405,0.6642,1.00,1.37
2015.12.09 08:08:04.464,0.66404,0.66419,1.50,1.50
2015.12.09 08:08:04.768,0.66404,0.66418,1.00,1.50
2015.12.09 08:08:04.819,0.66402,0.66418,1.50,1.50
2015.12.09 08:08:08.401,0.66403,0.66418,1.00,1.50
2015.12.09 08:08:08.707,0.66404,0.66419,1.87,1.10
2015.12.09 08:08:08.910,0.66404,0.66419,1.00,1.85
2015.12.09 08:08:08.961,0.66402,0.66419,1.87,2.32
2015.12.09 08:08:09.468,0.66402,0.66418,1.50,2.40
2015.12.09 08:08:09.814,0.66402,0.66418,1.87,2.40
2015.12.09 08:08:10.473,0.66402,0.66418,2.25,2.40
2015.12.09 08:08:11.519,0.66402,0.66418,2.25,1.75
2015.12.09 08:08:12.887,0.66403,0.66418,1.12,1.00
2015.12.09 08:08:13.393,0.66402,0.66418,1.12,2.25
2015.12.09 08:08:15.647,0.66402,0.66419,2.25,2.25
2015.12.09 08:08:15.698,0.66403,0.66419,1.00,2.25
2015.12.09 08:08:15.967,0.66406,0.66419,1.00,1.00
2015.12.09 08:08:16.069,0.66406,0.66421,1.00,1.50
2015.12.09 08:08:16.272,0.66406,0.66423,1.50,1.87
2015.12.09 08:08:16.424,0.66407,0.66423,1.75,1.00
2015.12.09 08:08:16.476,0.66409,0.66425,1.00,1.87
2015.12.09 08:08:16.527,0.66408,0.66425,1.75,1.87
2015.12.09 08:08:16.780,0.66409,0.66425,1.12,1.50
2015.12.09 08:08:18.221,0.6641,0.66425,1.00,1.50
2015.12.09 08:08:18.322,0.6641,0.66425,1.50,1.12
2015.12.09 08:08:21.814,0.6641,0.66426,1.12,1.50
2015.12.09 08:08:22.480,0.66411,0.66426,1.00,2.25
2015.12.09 08:08:27.341,0.6641,0.66426,1.12,1.50
2015.12.09 08:08:29.157,0.6641,0.66426,1.50,1.37
2015.12.09 08:08:33.826,0.66409,0.66426,1.12,2.25
2015.12.09 08:08:34.274,0.66407,0.6642,1.75,1.00
2015.12.09 08:08:34.477,0.66402,0.66418,1.50,1.50
2015.12.09 08:08:34.983,0.664,0.66417,3.75,1.50
2015.12.09 08:08:35.531,0.664,0.66417,4.87,1.75
2015.12.09 08:08:36.727,0.66402,0.66417,1.12,1.00
2015.12.09 08:08:36.842,0.66401,0.66418,1.87,2.25
2015.12.09 08:08:37.697,0.66404,0.66418,1.00,1.75
2015.12.09 08:08:37.749,0.66404,0.66418,1.00,1.12
2015.12.09 08:08:38.751,0.66404,0.66419,1.00,1.75
2015.12.09 08:08:41.464,0.66403,0.66419,1.50,1.50
2015.12.09 08:08:45.981,0.66402,0.66418,1.50,1.50
2015.12.09 08:08:46.493,0.664,0.66417,4.12,1.75
2015.12.09 08:08:54.877,0.664,0.66414,3.75,1.00
2015.12.09 08:08:55.081,0.66402,0.66417,1.12,1.50
2015.12.09 08:08:55.283,0.66405,0.66419,1.00,1.75
2015.12.09 08:08:56.285,0.66405,0.6642,1.00,2.25
2015.12.09 08:08:56.388,0.66405,0.6642,1.50,1.00
2015.12.09 08:08:56.910,0.66405,0.6642,1.12,1.12
2015.12.09 08:08:57.417,0.66405,0.66419,1.00,1.00
2015.12.09 08:08:57.955,0.66405,0.6642,1.12,1.12
2015.12.09 08:08:58.880,0.66405,0.6642,1.50,1.12
2015.12.09 08:08:58.981,0.66407,0.66422,1.50,1.00
2015.12.09 08:08:59.032,0.6641,0.66424,1.00,1.50
2015.12.09 08:08:59.268,0.6641,0.66425,1.12,2.25
2015.12.09 08:08:59.572,0.66412,0.66424,1.00,1.00
2015.12.09 08:08:59.674,0.66413,0.66429,1.00,2.25
2015.12.09 08:08:59.978,0.66411,0.66426,1.50,1.50
2015.12.09 08:09:00.310,0.66412,0.66429,1.50,2.32
2015.12.09 08:09:01.796,0.66413,0.66427,1.87,1.00
2015.12.09 08:09:06.796,0.66414,0.66427,1.00,1.00
2015.12.09 08:09:07.361,0.66413,0.66427,1.12,1.00
2015.12.09 08:09:11.964,0.66414,0.66427,1.00,1.00
2015.12.09 08:09:12.513,0.66413,0.66427,1.12,1.00
2015.12.09 08:09:16.195,0.66412,0.66427,1.75,1.00
2015.12.09 08:09:18.103,0.66412,0.66428,1.87,1.37
2015.12.09 08:09:18.655,0.66412,0.66427,2.25,1.00
2015.12.09 08:09:20.541,0.66413,0.66428,1.12,1.87
2015.12.09 08:09:20.946,0.66412,0.66428,1.12,1.75
2015.12.09 08:09:22.472,0.66412,0.66426,1.00,1.37
2015.12.09 08:09:25.184,0.66412,0.66427,1.12,1.50
2015.12.09 08:09:29.194,0.66413,0.66427,1.00,1.00
2015.12.09 08:09:29.718,0.66413,0.66428,1.00,1.75
2015.12.09 08:09:30.013,0.66413,0.66428,1.12,1.12
2015.12.09 08:09:30.654,0.66413,0.66427,1.00,1.00
2015.12.09 08:09:35.183,0.66412,0.66427,1.87,1.00
2015.12.09 08:09:35.730,0.66412,0.66428,1.12,1.75
2015.12.09 08:09:36.239,0.66412,0.66428,1.12,1.75
2015.12.09 08:09:50.877,0.66411,0.66427,2.25,1.50
2015.12.09 08:09:53.609,0.66413,0.66427,1.00,1.50
2015.12.09 08:09:54.081,0.66413,0.66426,1.00,1.50
2015.12.09 08:09:54.612,0.6641,0.66425,1.50,1.50
2015.12.09 08:09:55.388,0.6641,0.66425,1.00,1.50
2015.12.09 08:09:56.219,0.66409,0.66425,1.12,1.50
2015.12.09 08:10:01.949,0.66409,0.66426,2.25,1.50
2015.12.09 08:10:03.432,0.66411,0.66426,1.00,1.50
2015.12.09 08:10:08.724,0.66409,0.66426,2.25,1.50
2015.12.09 08:10:09.231,0.6641,0.66426,1.00,1.75
2015.12.09 08:10:10.186,0.66412,0.66427,1.00,1.75
2015.12.09 08:10:11.714,0.66412,0.66427,2.25,1.12
2015.12.09 08:10:12.020,0.66413,0.66429,1.50,1.12
2015.12.09 08:10:12.549,0.66415,0.66431,1.00,2.25
2015.12.09 08:10:13.072,0.66414,0.66431,1.20,2.25
2015.12.09 08:10:13.431,0.66414,0.66431,1.57,2.25
2015.12.09 08:10:13.632,0.66415,0.66431,1.50,1.12
2015.12.09 08:10:13.836,0.66417,0.66433,1.37,1.50
2015.12.09 08:10:14.040,0.66419,0.66436,1.50,2.70
2015.12.09 08:10:14.141,0.66422,0.66435,1.00,1.12
2015.12.09 08:10:14.647,0.66422,0.66436,1.00,1.50
2015.12.09 08:10:14.749,0.66422,0.66436,1.00,1.12
2015.12.09 08:10:17.427,0.66422,0.66436,1.00,1.50
2015.12.09 08:10:17.737,0.66424,0.66437,1.00,1.37
2015.12.09 08:10:17.788,0.66423,0.66439,1.00,1.37
2015.12.09 08:10:17.840,0.66422,0.66439,2.62,1.37
2015.12.09 08:10:21.735,0.66422,0.66439,2.62,2.25
2015.12.09 08:10:28.550,0.66425,0.66439,1.00,1.50
2015.12.09 08:10:28.652,0.66425,0.6644,1.87,1.12
2015.12.09 08:10:28.754,0.66425,0.6644,2.25,1.00
2015.12.09 08:10:29.108,0.66428,0.66441,1.50,1.00
2015.12.09 08:10:29.159,0.66429,0.66443,1.50,1.00
2015.12.09 08:10:29.210,0.66429,0.66446,2.25,2.25
2015.12.09 08:10:29.566,0.66431,0.66447,1.50,1.12
2015.12.09 08:10:30.229,0.66433,0.66448,1.12,1.87
2015.12.09 08:10:30.730,0.66433,0.66448,1.37,1.37
2015.12.09 08:10:32.388,0.66432,0.66448,1.87,1.12
2015.12.09 08:10:37.377,0.66433,0.66449,1.75,1.87
2015.12.09 08:10:37.681,0.66435,0.66449,1.57,1.00
2015.12.09 08:10:39.402,0.66436,0.66449,2.70,1.00
2015.12.09 08:10:39.509,0.66439,0.66452,1.87,1.00
2015.12.09 08:10:39.611,0.6644,0.66454,1.45,1.00
2015.12.09 08:10:42.312,0.66438,0.66454,1.95,1.37
2015.12.09 08:10:42.363,0.66438,0.66451,1.95,1.00
2015.12.09 08:10:42.945,0.66436,0.66451,1.87,1.12
2015.12.09 08:10:46.445,0.66436,0.66451,1.57,1.12
2015.12.09 08:10:46.947,0.66436,0.6645,1.57,1.00
2015.12.09 08:10:49.016,0.66435,0.6645,1.50,1.57
2015.12.09 08:10:50.361,0.66435,0.66448,1.37,1.00
2015.12.09 08:10:50.913,0.66435,0.66449,1.87,1.00
2015.12.09 08:10:53.819,0.66435,0.66448,1.87,1.00
2015.12.09 08:10:55.253,0.66437,0.66448,1.00,1.00
2015.12.09 08:10:55.756,0.66437,0.66451,1.50,1.12
2015.12.09 08:10:55.808,0.66437,0.66451,2.25,1.00
2015.12.09 08:10:56.112,0.66441,0.66453,1.57,1.00
2015.12.09 08:10:58.048,0.66441,0.66453,1.20,1.00
2015.12.09 08:10:58.585,0.6644,0.66454,1.95,1.00
2015.12.09 08:10:59.594,0.6644,0.66455,1.95,1.00
2015.12.09 08:11:00.100,0.66442,0.66459,1.00,3.07
2015.12.09 08:11:00.353,0.6644,0.66457,1.12,1.75
2015.12.09 08:11:00.817,0.6644,0.66457,1.50,1.75
2015.12.09 08:11:15.243,0.6644,0.66457,1.50,2.25
2015.12.09 08:11:18.031,0.66439,0.66456,3.07,3.00
2015.12.09 08:11:18.468,0.66439,0.66448,2.32,1.00
2015.12.09 08:11:19.286,0.66439,0.66449,2.25,1.65
2015.12.09 08:11:20.186,0.66434,0.66449,3.75,1.65
2015.12.09 08:11:21.770,0.66434,0.66449,3.00,1.65
2015.12.09 08:11:38.124,0.66435,0.66448,3.00,1.50
2015.12.09 08:11:40.755,0.66435,0.66449,3.37,1.00
2015.12.09 08:11:41.539,0.66435,0.66448,3.37,1.00
2015.12.09 08:11:42.057,0.66435,0.66449,3.00,1.12
2015.12.09 08:11:42.493,0.66435,0.66447,3.00,1.00
2015.12.09 08:11:43.257,0.66435,0.66449,3.00,1.12
2015.12.09 08:11:45.905,0.66435,0.66448,3.00,1.00
2015.12.09 08:11:47.489,0.66435,0.66447,2.25,1.00
2015.12.09 08:11:47.743,0.66435,0.66441,2.25,1.00
2015.12.09 08:11:48.034,0.66424,0.6644,1.37,1.12
2015.12.09 08:11:48.085,0.66425,0.6644,1.00,1.50
2015.12.09 08:11:48.136,0.66425,0.6644,1.00,1.75
2015.12.09 08:11:48.542,0.66421,0.66437,1.87,1.50
2015.12.09 08:11:49.061,0.66421,0.66437,1.00,1.75
2015.12.09 08:11:49.641,0.66419,0.66436,2.02,1.50
2015.12.09 08:11:50.185,0.66419,0.66434,1.87,1.00
2015.12.09 08:11:50.441,0.66419,0.66434,3.75,1.00
2015.12.09 08:11:50.894,0.66421,0.66436,1.00,1.95
2015.12.09 08:11:50.945,0.66419,0.66436,3.37,2.32
2015.12.09 08:11:51.474,0.6642,0.66435,1.37,1.12
2015.12.09 08:11:51.778,0.66413,0.66428,1.00,1.12
2015.12.09 08:11:52.132,0.66411,0.66428,2.62,1.75
2015.12.09 08:11:52.436,0.66416,0.66433,1.37,1.85
2015.12.09 08:11:52.589,0.66417,0.66436,1.85,2.25
2015.12.09 08:11:53.675,0.66417,0.66436,1.85,1.50
2015.12.09 08:11:56.670,0.66418,0.66433,1.00,1.00
2015.12.09 08:11:57.092,0.66417,0.66435,1.75,2.25
2015.12.09 08:11:59.017,0.66419,0.66435,1.75,1.00
2015.12.09 08:11:59.543,0.66419,0.66437,1.75,1.50
2015.12.09 08:12:00.057,0.66419,0.66435,1.75,1.00
2015.12.09 08:12:00.788,0.66419,0.66437,1.75,2.25
2015.12.09 08:12:01.383,0.66418,0.66436,1.57,1.75
2015.12.09 08:12:02.849,0.66418,0.66436,1.57,1.75
2015.12.09 08:12:03.372,0.66417,0.66435,1.47,1.75
2015.12.09 08:12:03.423,0.66417,0.66435,1.20,1.75
2015.12.09 08:12:03.728,0.66419,0.66436,1.00,2.25
2015.12.09 08:12:04.138,0.66419,0.66435,1.87,1.12
2015.12.09 08:12:06.598,0.66418,0.66435,1.57,1.75
2015.12.09 08:12:07.330,0.66418,0.66435,1.20,1.75
2015.12.09 08:12:07.710,0.66417,0.66434,1.00,3.00
2015.12.09 08:12:08.129,0.66417,0.66434,1.12,1.75
2015.12.09 08:12:12.396,0.66418,0.66433,1.00,1.50
2015.12.09 08:12:13.418,0.66418,0.66433,1.37,1.37
2015.12.09 08:12:13.959,0.66418,0.66433,1.00,1.95
2015.12.09 08:12:15.359,0.66417,0.66433,1.00,1.20
2015.12.09 08:12:16.011,0.66419,0.66434,1.00,1.50
2015.12.09 08:12:16.367,0.66421,0.66436,1.00,1.87
2015.12.09 08:12:16.681,0.66424,0.66438,1.00,1.20
2015.12.09 08:12:17.187,0.66422,0.66438,1.50,1.07
2015.12.09 08:12:17.697,0.66422,0.66439,1.50,2.25
2015.12.09 08:12:19.125,0.66424,0.66439,1.00,1.57
2015.12.09 08:12:19.654,0.66424,0.66439,1.12,1.12
2015.12.09 08:12:21.234,0.66424,0.66439,1.00,1.50
2015.12.09 08:12:21.436,0.66425,0.6644,1.12,1.12
2015.12.09 08:12:28.971,0.66426,0.66441,1.00,1.50
2015.12.09 08:12:29.073,0.66427,0.66443,1.12,1.95
2015.12.09 08:12:29.175,0.66427,0.66443,1.75,1.00
2015.12.09 08:12:29.226,0.66429,0.66445,1.50,1.12
2015.12.09 08:12:33.361,0.66429,0.66445,1.00,1.75
2015.12.09 08:12:33.866,0.66429,0.66442,1.00,1.00
2015.12.09 08:12:34.399,0.66428,0.66445,1.00,2.40
2015.12.09 08:12:34.450,0.66428,0.66445,1.50,2.40
2015.12.09 08:12:37.913,0.66431,0.66445,1.00,1.50
2015.12.09 08:12:42.217,0.66433,0.66447,1.00,1.95
2015.12.09 08:12:42.523,0.66433,0.66449,2.25,3.00
2015.12.09 08:12:44.667,0.66433,0.66448,1.87,1.57
2015.12.09 08:12:53.695,0.66431,0.66447,2.25,1.95
2015.12.09 08:12:53.898,0.66429,0.66444,2.62,1.07
2015.12.09 08:12:54.455,0.6643,0.66445,1.00,3.00
2015.12.09 08:12:54.507,0.66427,0.66442,1.50,1.00
2015.12.09 08:12:54.907,0.66425,0.66441,1.75,1.37
2015.12.09 08:12:55.009,0.66425,0.66439,1.00,1.87
2015.12.09 08:12:55.060,0.66422,0.66439,1.75,3.00
2015.12.09 08:12:55.315,0.66421,0.66436,1.00,1.57
2015.12.09 08:12:55.517,0.66421,0.66436,1.00,3.00
2015.12.09 08:12:56.035,0.66419,0.66435,1.50,1.45
2015.12.09 08:12:56.391,0.66419,0.66434,3.00,2.70
2015.12.09 08:12:56.897,0.6642,0.66433,1.37,1.12
2015.12.09 08:12:57.206,0.6642,0.66434,1.37,1.10
2015.12.09 08:12:57.714,0.66418,0.66434,1.75,1.10
2015.12.09 08:12:58.436,0.66417,0.66434,1.50,2.70
2015.12.09 08:12:58.984,0.66416,0.66433,2.25,1.95
2015.12.09 08:12:59.089,0.66416,0.66433,2.25,1.57
2015.12.09 08:12:59.604,0.66419,0.66435,2.25,1.10
2015.12.09 08:13:01.732,0.66419,0.66435,2.25,1.10
2015.12.09 08:13:03.102,0.66417,0.66434,1.95,1.87
2015.12.09 08:13:03.406,0.66418,0.66431,1.12,1.20
2015.12.09 08:13:03.818,0.66418,0.66434,2.25,1.50
2015.12.09 08:13:04.009,0.66418,0.66434,2.32,1.10
2015.12.09 08:13:08.594,0.66419,0.66434,1.37,1.57
2015.12.09 08:13:10.567,0.66415,0.6643,2.40,1.00
2015.12.09 08:13:10.668,0.66414,0.6643,3.37,1.12
2015.12.09 08:13:10.932,0.66412,0.66428,1.50,1.57
2015.12.09 08:13:11.454,0.66412,0.66427,1.00,1.10
2015.12.09 08:13:16.463,0.66414,0.66427,1.00,1.10
2015.12.09 08:13:18.085,0.66414,0.6643,1.75,1.50
2015.12.09 08:13:18.440,0.66414,0.6643,1.75,1.00
2015.12.09 08:13:18.913,0.66416,0.66433,1.85,1.50
2015.12.09 08:13:19.118,0.6642,0.66435,1.12,1.57
2015.12.09 08:13:21.200,0.66418,0.66434,1.50,1.00
2015.12.09 08:13:21.701,0.66417,0.66434,1.87,1.87
2015.12.09 08:13:25.560,0.66418,0.66434,1.00,1.12
2015.12.09 08:13:25.810,0.66418,0.66435,1.50,1.95
2015.12.09 08:13:26.115,0.66417,0.66434,1.87,1.87
2015.12.09 08:13:26.420,0.66417,0.66434,1.12,2.70
2015.12.09 08:13:28.509,0.66417,0.66433,1.12,1.20
2015.12.09 08:13:29.930,0.66418,0.66433,1.00,1.45
2015.12.09 08:13:30.446,0.66418,0.66434,1.12,1.07
2015.12.09 08:13:31.204,0.66417,0.66434,1.12,2.62
2015.12.09 08:13:31.710,0.66416,0.66431,1.00,1.12
2015.12.09 08:13:32.230,0.66416,0.6643,1.00,1.12
2015.12.09 08:13:32.534,0.66412,0.66428,2.62,1.95
2015.12.09 08:13:34.010,0.66412,0.66427,1.12,1.10
2015.12.09 08:13:34.343,0.66411,0.66427,1.37,1.57
2015.12.09 08:13:34.597,0.66408,0.66425,2.62,1.95
2015.12.09 08:13:35.299,0.66407,0.66422,2.32,1.00
2015.12.09 08:13:35.554,0.66409,0.66425,1.12,1.12
2015.12.09 08:13:36.189,0.66409,0.66425,1.00,1.50
2015.12.09 08:13:37.877,0.66408,0.66425,1.12,2.62
2015.12.09 08:13:37.928,0.66408,0.66425,1.00,3.00
2015.12.09 08:13:38.232,0.6641,0.66422,1.00,1.12
2015.12.09 08:13:38.738,0.6641,0.66423,1.00,1.50
2015.12.09 08:13:40.442,0.66408,0.66421,3.00,1.57
2015.12.09 08:13:40.745,0.66408,0.66419,2.25,1.87
2015.12.09 08:13:41.539,0.66404,0.66419,3.00,1.07
2015.12.09 08:13:42.537,0.66407,0.6642,1.00,1.50
2015.12.09 08:13:46.096,0.66405,0.6642,1.50,1.50
2015.12.09 08:13:46.350,0.66408,0.66421,1.00,1.00
2015.12.09 08:13:46.861,0.66408,0.66423,1.00,1.87
2015.12.09 08:13:47.114,0.66407,0.66423,1.12,1.95
2015.12.09 08:13:47.639,0.66408,0.66423,1.00,1.95
2015.12.09 08:13:48.074,0.66405,0.6642,1.50,1.12
2015.12.09 08:13:49.084,0.66405,0.6642,1.50,1.45
2015.12.09 08:13:49.748,0.66405,0.6642,1.50,1.07
2015.12.09 08:13:50.299,0.66407,0.66422,1.12,1.20
2015.12.09 08:13:50.501,0.66409,0.66422,1.00,1.00
2015.12.09 08:13:50.876,0.6641,0.66425,1.00,1.20
2015.12.09 08:13:51.525,0.66408,0.66424,1.12,1.20
2015.12.09 08:13:51.576,0.66408,0.66421,1.12,1.00
2015.12.09 08:13:51.877,0.66406,0.6642,1.12,1.45
2015.12.09 08:13:55.270,0.66405,0.6642,1.50,1.45
2015.12.09 08:14:00.022,0.66405,0.66419,1.50,1.45
2015.12.09 08:14:00.365,0.66404,0.66418,3.00,1.12
2015.12.09 08:14:00.416,0.66402,0.66417,2.25,1.20
2015.12.09 08:14:00.773,0.664,0.66413,2.25,1.50
2015.12.09 08:14:01.076,0.66396,0.6641,1.50,1.37
2015.12.09 08:14:01.215,0.66396,0.6641,1.12,1.75
2015.12.09 08:14:01.317,0.66392,0.66408,1.12,1.50
2015.12.09 08:14:01.978,0.66391,0.66407,1.00,1.45
2015.12.09 08:14:03.258,0.6639,0.66406,1.50,1.57
2015.12.09 08:14:03.309,0.6639,0.66406,1.00,1.95
2015.12.09 08:14:09.327,0.66393,0.66405,2.25,1.50
2015.12.09 08:14:09.600,0.66395,0.6641,1.12,2.25
2015.12.09 08:14:10.111,0.66393,0.66407,2.25,1.20
2015.12.09 08:14:11.221,0.66393,0.66407,2.25,1.57
2015.12.09 08:14:11.643,0.66392,0.66407,1.00,1.57
2015.12.09 08:14:12.867,0.66393,0.66407,1.00,1.12
2015.12.09 08:14:13.160,0.66394,0.66409,1.00,1.87
2015.12.09 08:14:13.667,0.66394,0.66409,1.50,1.12
2015.12.09 08:14:13.768,0.66394,0.66409,3.00,1.12
2015.12.09 08:14:14.866,0.66394,0.66409,3.00,1.57
2015.12.09 08:14:16.738,0.66394,0.66409,1.50,1.57
2015.12.09 08:14:27.401,0.66396,0.66412,1.00,2.25
2015.12.09 08:14:27.452,0.66396,0.66411,1.87,1.00
2015.12.09 08:14:27.503,0.66401,0.66416,1.00,4.20
2015.12.09 08:14:27.554,0.66401,0.66416,1.12,2.70
2015.12.09 08:14:27.858,0.66401,0.66418,1.75,3.45
2015.12.09 08:14:28.652,0.664,0.66417,1.87,1.85
2015.12.09 08:14:28.855,0.664,0.66417,2.25,1.57
2015.12.09 08:14:31.198,0.66402,0.66417,1.50,1.37
2015.12.09 08:14:31.249,0.66403,0.66417,1.00,1.00
2015.12.09 08:14:31.990,0.66402,0.66418,1.12,1.57
2015.12.09 08:14:32.142,0.66403,0.66418,1.00,1.85
2015.12.09 08:14:32.244,0.66403,0.66418,1.37,1.47
2015.12.09 08:14:39.851,0.66405,0.66418,1.00,1.47
2015.12.09 08:14:40.369,0.66402,0.66419,2.25,1.12
2015.12.09 08:14:40.470,0.66403,0.66418,1.75,1.00
2015.12.09 08:14:40.906,0.6641,0.66425,1.12,1.87
2015.12.09 08:14:41.058,0.6641,0.66425,1.00,2.32
2015.12.09 08:14:41.109,0.66408,0.66423,1.12,1.12
2015.12.09 08:14:41.676,0.66408,0.66425,1.50,2.32
2015.12.09 08:14:42.267,0.66408,0.66425,1.75,1.95
2015.12.09 08:14:42.779,0.66408,0.66425,1.75,1.95
2015.12.09 08:14:43.743,0.66409,0.66424,1.50,1.00
2015.12.09 08:14:43.996,0.66406,0.66421,1.12,1.12
2015.12.09 08:14:44.199,0.66406,0.66421,1.12,1.50
2015.12.09 08:14:45.412,0.66405,0.66419,1.00,1.00
2015.12.09 08:14:45.564,0.66408,0.66423,1.00,3.07
2015.12.09 08:14:46.113,0.66407,0.66424,1.87,2.32
2015.12.09 08:14:46.570,0.6641,0.66425,1.50,1.00
2015.12.09 08:14:47.076,0.6641,0.66424,1.00,1.00
2015.12.09 08:14:50.487,0.66409,0.66424,1.50,1.00
2015.12.09 08:14:51.024,0.66408,0.66423,1.00,1.50
2015.12.09 08:14:51.384,0.66407,0.6642,1.00,1.00
2015.12.09 08:14:51.890,0.66405,0.66421,1.00,1.75
2015.12.09 08:14:51.992,0.66403,0.66418,2.25,1.00
2015.12.09 08:14:54.924,0.66403,0.66419,1.87,1.20
2015.12.09 08:14:55.026,0.66405,0.6642,1.00,1.57
2015.12.09 08:14:55.228,0.66407,0.66422,1.00,1.00
2015.12.09 08:14:55.431,0.66409,0.66423,1.00,1.00
2015.12.09 08:14:55.705,0.6641,0.66425,1.00,1.12
2015.12.09 08:14:56.211,0.6641,0.66425,1.00,3.00
2015.12.09 08:15:00.178,0.66409,0.66426,1.12,2.25
2015.12.09 08:15:02.938,0.66409,0.66426,2.25,2.25
2015.12.09 08:15:03.245,0.66411,0.66427,1.50,1.57
2015.12.09 08:15:03.866,0.66414,0.66427,1.00,1.50
2015.12.09 08:15:08.047,0.66413,0.66427,1.00,1.50
2015.12.09 08:15:09.367,0.66414,0.66429,1.00,1.12
2015.12.09 08:15:09.469,0.66414,0.66429,1.00,1.57
2015.12.09 08:15:09.982,0.66413,0.66429,1.00,1.57
2015.12.09 08:15:10.134,0.66412,0.66429,1.12,2.32
2015.12.09 08:15:10.657,0.66413,0.66429,1.12,1.57
2015.12.09 08:15:11.560,0.66413,0.66426,1.00,1.00
2015.12.09 08:15:12.037,0.6641,0.66425,1.00,1.12
2015.12.09 08:15:12.138,0.66406,0.66423,1.87,1.57
2015.12.09 08:15:12.341,0.66407,0.66422,1.00,1.75
2015.12.09 08:15:13.677,0.66407,0.66423,1.12,1.20
2015.12.09 08:15:13.779,0.66406,0.6642,1.12,1.00
2015.12.09 08:15:14.113,0.66404,0.6642,1.00,3.07
2015.12.09 08:15:14.367,0.66402,0.66419,1.50,3.00
2015.12.09 08:15:14.572,0.66404,0.66419,1.00,2.25
2015.12.09 08:15:15.167,0.66404,0.6642,2.25,1.00
2015.12.09 08:15:15.525,0.66405,0.66422,2.25,1.20
2015.12.09 08:15:15.882,0.66408,0.66425,3.00,3.75
2015.12.09 08:15:16.362,0.66408,0.66421,2.25,1.12
2015.12.09 08:15:16.883,0.66412,0.66424,1.00,2.32
2015.12.09 08:15:17.088,0.66409,0.66424,1.87,1.95
2015.12.09 08:15:18.070,0.66408,0.6642,3.00,1.00
2015.12.09 08:15:18.653,0.66408,0.66422,2.25,1.20
2015.12.09 08:15:20.617,0.66409,0.66423,1.37,2.25
2015.12.09 08:15:20.870,0.66408,0.66423,3.00,1.45
2015.12.09 08:15:21.562,0.66408,0.66421,3.00,1.00
2015.12.09 08:15:21.613,0.66408,0.66421,2.25,1.50
2015.12.09 08:15:21.969,0.66406,0.66421,1.50,1.37
2015.12.09 08:15:22.476,0.66407,0.66423,1.12,3.07
2015.12.09 08:15:22.679,0.6641,0.66425,1.00,2.62
2015.12.09 08:15:23.220,0.66409,0.66425,1.12,2.62
2015.12.09 08:15:24.230,0.66407,0.66421,1.50,1.00
2015.12.09 08:15:24.608,0.66407,0.66421,1.00,1.87
2015.12.09 08:15:24.711,0.66408,0.66423,1.00,1.87
2015.12.09 08:15:25.230,0.66409,0.66424,1.12,1.57
2015.12.09 08:15:25.432,0.66409,0.66424,1.12,1.20
2015.12.09 08:15:26.903,0.66409,0.66423,1.12,1.00
2015.12.09 08:15:27.005,0.66408,0.66422,1.37,1.12
2015.12.09 08:15:27.864,0.66407,0.66422,1.12,1.87
2015.12.09 08:15:28.415,0.66408,0.66422,1.00,1.37
2015.12.09 08:15:28.517,0.6641,0.66422,1.00,1.00
2015.12.09 08:15:28.669,0.6641,0.66425,1.12,3.07
2015.12.09 08:15:30.772,0.66409,0.66425,1.00,1.95
2015.12.09 08:15:32.712,0.66409,0.66423,1.12,1.37
2015.12.09 08:15:32.864,0.66408,0.66423,1.50,1.20
2015.12.09 08:15:32.965,0.66408,0.66424,2.25,2.25
2015.12.09 08:15:33.067,0.66409,0.66424,1.50,2.32
2015.12.09 08:15:34.015,0.66409,0.66424,1.50,1.47
2015.12.09 08:15:34.066,0.66411,0.66426,1.00,2.32
2015.12.09 08:15:34.117,0.66411,0.66426,1.12,2.02
2015.12.09 08:15:34.499,0.66411,0.66427,1.50,1.10
2015.12.09 08:15:35.889,0.66411,0.66428,1.50,3.07
2015.12.09 08:15:38.548,0.66413,0.66428,1.12,1.57
2015.12.09 08:15:41.727,0.66413,0.66428,2.25,1.00
2015.12.09 08:15:41.930,0.66421,0.66436,1.12,1.10
2015.12.09 08:15:42.439,0.66422,0.66438,1.00,3.00
2015.12.09 08:15:42.743,0.66422,0.66438,1.00,2.25
2015.12.09 08:15:42.844,0.66422,0.66438,1.00,2.25
2015.12.09 08:15:43.393,0.66423,0.66438,1.12,1.87
2015.12.09 08:15:49.591,0.66424,0.66438,1.00,1.37
2015.12.09 08:15:49.805,0.66422,0.66438,1.50,1.50
2015.12.09 08:15:49.858,0.66422,0.66438,1.50,1.12
2015.12.09 08:15:50.010,0.66425,0.66441,1.00,2.40
2015.12.09 08:15:50.061,0.66425,0.66441,1.00,2.32
2015.12.09 08:15:50.163,0.66425,0.66442,2.25,1.12
2015.12.09 08:15:50.214,0.66428,0.66443,1.12,1.12
2015.12.09 08:15:51.987,0.66426,0.66443,2.25,1.12
2015.12.09 08:15:54.419,0.66426,0.66443,2.25,1.37
2015.12.09 08:15:55.735,0.66426,0.66441,1.12,1.00
2015.12.09 08:15:55.988,0.66422,0.66438,1.12,1.20
2015.12.09 08:15:56.493,0.66421,0.66437,1.50,2.25
2015.12.09 08:16:01.315,0.66421,0.66437,1.87,2.32
2015.12.09 08:16:01.817,0.66422,0.66437,1.87,1.10
2015.12.09 08:16:03.250,0.66422,0.66437,1.87,1.00
2015.12.09 08:16:03.351,0.66424,0.66437,1.00,1.00
2015.12.09 08:16:03.655,0.66424,0.66439,2.62,1.50
2015.12.09 08:16:04.161,0.66424,0.66439,2.62,1.10
2015.12.09 08:16:05.200,0.66424,0.6644,2.62,2.02
2015.12.09 08:16:05.403,0.66427,0.66442,1.37,1.00
2015.12.09 08:16:05.726,0.66428,0.66443,1.75,1.10
2015.12.09 08:16:05.777,0.66426,0.66443,2.25,1.20
2015.12.09 08:16:05.879,0.66426,0.66443,2.25,1.20
2015.12.09 08:16:06.286,0.66429,0.66444,1.00,1.12
2015.12.09 08:16:06.589,0.6643,0.66445,1.12,1.57
2015.12.09 08:16:06.640,0.66432,0.66445,1.00,1.10
2015.12.09 08:16:07.166,0.66433,0.66447,1.12,1.57
2015.12.09 08:16:07.875,0.66431,0.66447,1.00,2.70
2015.12.09 08:16:10.333,0.66431,0.66447,1.12,1.27
2015.12.09 08:16:11.890,0.66431,0.66445,1.00,1.00
2015.12.09 08:16:12.592,0.66431,0.66447,1.12,1.20
2015.12.09 08:16:13.854,0.6643,0.66446,1.00,1.50
2015.12.09 08:16:14.463,0.6643,0.66447,1.50,2.32
2015.12.09 08:16:16.994,0.66431,0.66447,1.00,1.50
2015.12.09 08:16:17.589,0.66431,0.66447,1.50,1.00
2015.12.09 08:16:20.425,0.66432,0.66447,1.00,1.50
2015.12.09 08:16:20.994,0.66432,0.66447,1.12,1.00
2015.12.09 08:16:22.081,0.66432,0.66447,1.50,1.00
2015.12.09 08:16:22.587,0.66433,0.66448,1.50,1.00
2015.12.09 08:16:25.554,0.66434,0.66449,1.12,1.00
2015.12.09 08:16:25.605,0.66437,0.66449,1.00,1.00
2015.12.09 08:16:25.757,0.66438,0.66455,1.12,3.45
2015.12.09 08:16:25.859,0.6644,0.66455,1.10,2.25
2015.12.09 08:16:25.910,0.6644,0.66456,1.20,1.20
2015.12.09 08:16:26.011,0.6644,0.66457,2.32,1.00
2015.12.09 08:16:26.582,0.66443,0.66458,1.00,2.25
2015.12.09 08:16:27.113,0.66443,0.66458,1.00,1.87
2015.12.09 08:16:27.662,0.66444,0.66458,1.00,1.12
2015.12.09 08:16:28.000,0.66442,0.66458,1.12,1.12
2015.12.09 08:16:28.105,0.66442,0.66458,1.00,1.75
2015.12.09 08:16:28.207,0.66443,0.66457,1.00,1.00
2015.12.09 08:16:30.256,0.66442,0.66457,1.00,1.00
2015.12.09 08:16:30.772,0.66442,0.66458,1.50,1.00
2015.12.09 08:16:31.275,0.66442,0.66459,2.25,1.12
2015.12.09 08:16:36.548,0.66443,0.6646,1.12,3.07
2015.12.09 08:16:37.515,0.66442,0.66457,1.50,1.00
2015.12.09 08:16:39.713,0.66441,0.66458,1.50,2.32
2015.12.09 08:16:40.060,0.66441,0.66456,1.12,1.50
2015.12.09 08:16:41.784,0.66439,0.66454,1.00,1.50
2015.12.09 08:16:41.835,0.66439,0.66454,1.00,1.87
2015.12.09 08:16:41.937,0.66436,0.6645,1.50,1.00
2015.12.09 08:16:42.615,0.66435,0.6645,1.00,1.00
2015.12.09 08:16:42.970,0.66433,0.66449,1.12,1.12
2015.12.09 08:16:43.475,0.66432,0.66449,1.87,1.50
2015.12.09 08:16:44.989,0.66432,0.66449,2.62,1.00
2015.12.09 08:16:45.496,0.66433,0.6645,1.50,1.20
2015.12.09 08:16:45.800,0.66433,0.6645,1.00,1.85
2015.12.09 08:16:47.529,0.66433,0.6645,1.37,1.47
2015.12.09 08:16:47.581,0.66435,0.6645,1.00,1.10
2015.12.09 08:16:48.096,0.66434,0.6645,1.00,1.57
2015.12.09 08:16:48.248,0.66436,0.66451,1.00,1.10
2015.12.09 08:16:48.552,0.66438,0.66453,1.12,1.47
2015.12.09 08:16:48.910,0.66436,0.66453,1.00,1.85
2015.12.09 08:16:58.878,0.66435,0.66452,1.87,1.50
2015.12.09 08:16:59.794,0.66437,0.66452,1.00,1.50
2015.12.09 08:17:00.102,0.66439,0.66456,1.12,2.70
2015.12.09 08:17:00.168,0.66439,0.66456,1.50,1.95
2015.12.09 08:17:01.502,0.66438,0.66455,1.75,1.00
2015.12.09 08:17:02.011,0.66438,0.66455,1.50,1.12
2015.12.09 08:17:06.162,0.6644,0.66455,1.00,1.12
2015.12.09 08:17:12.271,0.6644,0.66456,1.00,1.50
2015.12.09 08:17:14.532,0.66439,0.66456,1.12,1.57
2015.12.09 08:17:15.038,0.66437,0.66454,2.25,1.00
2015.12.09 08:17:17.662,0.66438,0.66455,1.50,1.12
2015.12.09 08:17:20.007,0.66437,0.66454,2.25,1.00
2015.12.09 08:17:20.514,0.66438,0.66453,1.50,1.00
2015.12.09 08:17:21.747,0.66438,0.66453,1.12,1.00
2015.12.09 08:17:22.740,0.66438,0.66455,1.12,1.50
2015.12.09 08:17:23.505,0.66438,0.66453,1.12,1.00
2015.12.09 08:17:24.385,0.66435,0.66452,1.95,1.50
2015.12.09 08:17:24.436,0.66435,0.66452,1.20,2.25
2015.12.09 08:17:24.538,0.66433,0.6645,3.37,1.37
2015.12.09 08:17:25.444,0.66432,0.66449,3.37,1.50
2015.12.09 08:17:25.495,0.66442,0.66452,2.25,1.85
2015.12.09 08:17:25.546,0.66442,0.66454,2.25,2.62
2015.12.09 08:17:25.648,0.66442,0.66452,2.25,1.95
2015.12.09 08:17:25.952,0.66442,0.66449,2.25,1.57
2015.12.09 08:17:26.155,0.66433,0.66449,1.87,1.10
2015.12.09 08:17:29.173,0.66433,0.6645,1.87,1.95
2015.12.09 08:17:29.874,0.66434,0.6645,1.00,1.45
2015.12.09 08:17:33.630,0.66435,0.66451,1.00,1.50
2015.12.09 08:17:33.782,0.66435,0.66452,1.12,2.70
2015.12.09 08:17:33.833,0.66437,0.66452,1.00,1.45
2015.12.09 08:17:34.079,0.66437,0.66454,1.75,1.00
2015.12.09 08:17:34.283,0.66438,0.66455,1.00,3.00
2015.12.09 08:17:34.789,0.66437,0.66453,1.50,1.00
2015.12.09 08:17:35.093,0.66435,0.66449,1.00,1.00
2015.12.09 08:17:35.411,0.66431,0.66448,1.00,3.45
2015.12.09 08:17:35.715,0.66428,0.66445,1.87,1.75
2015.12.09 08:17:36.125,0.66428,0.6644,1.00,1.00
2015.12.09 08:17:36.468,0.66425,0.66437,2.25,1.07
2015.12.09 08:17:37.442,0.66425,0.66438,2.25,1.12
2015.12.09 08:17:38.965,0.66425,0.66436,2.25,1.00
2015.12.09 08:17:39.291,0.66417,0.66428,2.25,1.50
2015.12.09 08:17:39.595,0.66404,0.66418,1.00,1.00
2015.12.09 08:17:39.646,0.66404,0.66418,1.00,1.37
2015.12.09 08:17:39.953,0.66406,0.66422,1.87,1.37
2015.12.09 08:17:40.004,0.66408,0.66423,1.00,1.10
2015.12.09 08:17:40.252,0.66411,0.66423,1.00,1.00
2015.12.09 08:17:40.354,0.66409,0.66423,1.12,1.00
2015.12.09 08:17:40.556,0.66411,0.66423,1.00,1.00
2015.12.09 08:17:40.910,0.66408,0.66427,1.57,1.75
2015.12.09 08:17:41.435,0.6641,0.66428,1.00,1.85
2015.12.09 08:17:44.844,0.66411,0.66427,1.00,1.75
2015.12.09 08:17:47.235,0.66408,0.66426,1.57,1.75
2015.12.09 08:17:48.024,0.66409,0.66421,1.12,1.00
2015.12.09 08:17:48.336,0.66406,0.6642,2.25,1.85
2015.12.09 08:17:48.387,0.66406,0.6642,2.62,1.50
2015.12.09 08:17:48.489,0.66408,0.66423,1.37,1.20
2015.12.09 08:17:49.554,0.66409,0.66425,1.00,1.87
2015.12.09 08:17:49.605,0.66409,0.6642,1.00,1.00
2015.12.09 08:17:49.712,0.66406,0.6642,1.00,1.00
2015.12.09 08:17:50.723,0.66406,0.66423,1.00,2.25
2015.12.09 08:17:50.997,0.66402,0.66421,1.65,1.75
2015.12.09 08:17:51.507,0.66403,0.66422,1.00,2.40
2015.12.09 08:17:51.710,0.66401,0.66419,1.12,1.87
2015.12.09 08:17:52.463,0.66399,0.66418,1.50,1.85
2015.12.09 08:17:52.870,0.66402,0.66419,1.00,1.12
2015.12.09 08:17:52.922,0.66402,0.66417,1.00,1.00
2015.12.09 08:17:54.691,0.66402,0.66418,1.10,1.75
2015.12.09 08:17:54.742,0.66402,0.66418,1.10,1.75
2015.12.09 08:17:54.844,0.66402,0.66418,1.20,1.12
2015.12.09 08:17:54.895,0.66404,0.66418,1.10,1.12
2015.12.09 08:17:55.135,0.66406,0.66423,1.95,1.50
2015.12.09 08:17:55.186,0.6641,0.66426,1.00,1.75
2015.12.09 08:17:55.238,0.6641,0.66427,1.00,1.95
2015.12.09 08:17:55.340,0.6641,0.66427,1.12,1.47
2015.12.09 08:17:55.442,0.66413,0.66427,1.00,1.37
2015.12.09 08:17:55.544,0.66411,0.66429,1.50,1.50
2015.12.09 08:17:56.187,0.66411,0.66429,1.00,1.75
2015.12.09 08:17:56.544,0.6641,0.66427,1.00,1.75
2015.12.09 08:17:56.999,0.66408,0.66424,1.12,1.12
2015.12.09 08:17:57.202,0.66408,0.66424,1.12,1.50
2015.12.09 08:17:58.311,0.66408,0.66424,1.00,1.50
2015.12.09 08:17:58.614,0.66406,0.66421,1.20,1.00
2015.12.09 08:17:59.150,0.66407,0.66421,1.00,1.00
2015.12.09 08:17:59.859,0.66407,0.66425,1.12,1.75
2015.12.09 08:18:00.304,0.66406,0.6642,1.00,1.00
2015.12.09 08:18:00.457,0.66404,0.66422,1.00,1.75
2015.12.09 08:18:00.963,0.66404,0.66422,1.12,1.75
2015.12.09 08:18:01.064,0.66404,0.66422,1.12,1.75
2015.12.09 08:18:01.597,0.66402,0.6642,1.47,1.85
2015.12.09 08:18:01.749,0.66401,0.66419,1.12,1.75
2015.12.09 08:18:02.264,0.66402,0.6642,1.00,1.85
2015.12.09 08:18:02.466,0.66402,0.66418,1.50,1.00
2015.12.09 08:18:03.861,0.66404,0.66418,1.00,1.00
2015.12.09 08:18:04.333,0.66402,0.66418,1.00,1.75
2015.12.09 08:18:04.434,0.664,0.66418,1.20,2.25
2015.12.09 08:18:06.545,0.66401,0.66418,1.50,2.25
2015.12.09 08:18:07.147,0.66401,0.66418,1.75,1.50
2015.12.09 08:18:07.452,0.66405,0.6642,1.00,1.50
2015.12.09 08:18:07.757,0.66409,0.66427,1.50,2.32
2015.12.09 08:18:08.062,0.66409,0.66426,1.00,1.75
2015.12.09 08:18:08.409,0.66408,0.66425,1.00,1.75
2015.12.09 08:18:09.344,0.66408,0.66422,1.00,1.75
2015.12.09 08:18:09.550,0.66402,0.66419,1.87,1.12
2015.12.09 08:18:09.601,0.66403,0.6642,1.00,3.82
2015.12.09 08:18:10.108,0.66403,0.66419,1.00,2.25
2015.12.09 08:18:10.810,0.66404,0.66419,1.00,2.25
2015.12.09 08:18:10.861,0.66404,0.6642,1.00,1.85
2015.12.09 08:18:11.368,0.66404,0.66419,1.00,1.75
2015.12.09 08:18:11.469,0.66404,0.66419,1.00,1.75
2015.12.09 08:18:11.862,0.66402,0.66419,1.00,3.00
2015.12.09 08:18:11.965,0.66403,0.66416,1.00,1.00
2015.12.09 08:18:12.743,0.66403,0.6642,1.00,3.82
2015.12.09 08:18:12.794,0.66401,0.66418,1.00,1.75
2015.12.09 08:18:13.228,0.66403,0.66418,1.00,1.20
2015.12.09 08:18:13.684,0.66404,0.66419,1.00,1.45
2015.12.09 08:18:13.888,0.66403,0.66416,1.00,1.00
2015.12.09 08:18:14.580,0.66405,0.6642,1.00,1.95
2015.12.09 08:18:14.783,0.66403,0.66417,1.10,1.00
2015.12.09 08:18:15.329,0.66403,0.66419,1.00,1.20
2015.12.09 08:18:16.190,0.66402,0.66418,1.00,1.20
2015.12.09 08:18:16.705,0.66402,0.66418,1.00,1.20
2015.12.09 08:18:17.516,0.66403,0.66418,1.00,1.20
2015.12.09 08:18:18.297,0.66402,0.66418,1.00,1.20
2015.12.09 08:18:19.729,0.66403,0.66418,1.00,1.20
2015.12.09 08:18:20.332,0.66403,0.66418,1.00,1.20
2015.12.09 08:18:20.839,0.66402,0.66418,1.00,1.20
2015.12.09 08:18:21.348,0.66403,0.66418,1.00,1.20
2015.12.09 08:18:24.290,0.66403,0.66418,1.00,1.20
2015.12.09 08:18:24.696,0.66403,0.66418,1.00,1.45
2015.12.09 08:18:24.798,0.66405,0.66419,1.00,1.12
2015.12.09 08:18:24.899,0.66405,0.6642,1.00,1.57
2015.12.09 08:18:25.001,0.66405,0.6642,1.00,1.85
2015.12.09 08:18:25.103,0.66405,0.66421,1.00,1.87
2015.12.09 08:18:25.405,0.66404,0.66421,1.10,2.32
2015.12.09 08:18:25.912,0.66403,0.6642,1.00,1.95
2015.12.09 08:18:27.993,0.66402,0.66419,1.10,1.85
2015.12.09 08:18:28.506,0.66404,0.66419,1.00,1.20
2015.12.09 08:18:29.012,0.66403,0.66419,1.10,1.20
2015.12.09 08:18:29.555,0.66404,0.66415,1.00,1.00
2015.12.09 08:18:30.062,0.66403,0.66415,1.10,1.00
2015.12.09 08:18:31.392,0.66404,0.6642,1.00,3.00
2015.12.09 08:18:31.443,0.66404,0.66418,1.50,1.00
2015.12.09 08:18:31.595,0.66409,0.66423,1.00,1.20
2015.12.09 08:18:31.646,0.66409,0.66423,1.00,1.20
2015.12.09 08:18:31.748,0.66409,0.66424,1.00,1.45
2015.12.09 08:18:31.850,0.66411,0.66426,1.00,1.95
2015.12.09 08:18:34.880,0.6641,0.66426,1.00,1.20
2015.12.09 08:18:36.752,0.66408,0.66424,1.10,1.12
2015.12.09 08:18:36.854,0.66408,0.66422,1.00,1.12
2015.12.09 08:18:37.006,0.66405,0.66419,1.00,1.00
2015.12.09 08:18:37.057,0.66405,0.6642,1.00,1.75
2015.12.09 08:18:40.067,0.66404,0.66417,1.00,1.00
2015.12.09 08:18:40.118,0.66404,0.6642,1.00,1.45
2015.12.09 08:18:40.312,0.66407,0.6642,1.10,1.12
2015.12.09 08:18:40.363,0.66407,0.66422,1.20,1.95
2015.12.09 08:18:40.414,0.6641,0.66422,1.00,1.12
2015.12.09 08:18:40.921,0.6641,0.66426,1.00,1.85
2015.12.09 08:18:41.461,0.6641,0.66426,1.00,1.57
2015.12.09 08:18:41.715,0.66413,0.66426,1.00,1.57
2015.12.09 08:18:42.813,0.66412,0.66426,1.00,1.57
2015.12.09 08:18:43.467,0.66412,0.66426,1.00,1.20
2015.12.09 08:18:43.771,0.66415,0.6643,1.00,2.25
2015.12.09 08:18:44.075,0.66417,0.66433,1.07,1.50
2015.12.09 08:18:44.398,0.66425,0.66437,1.00,1.12
2015.12.09 08:18:44.625,0.6642,0.66436,1.10,3.00
2015.12.09 08:18:45.204,0.66419,0.66434,1.10,2.25
2015.12.09 08:18:45.509,0.66416,0.66432,1.50,3.00
2015.12.09 08:18:45.815,0.66411,0.66426,1.00,2.70
2015.12.09 08:18:45.917,0.66409,0.66426,1.10,2.70
2015.12.09 08:18:46.153,0.66408,0.66424,1.20,2.25
2015.12.09 08:18:46.661,0.66408,0.66425,1.10,2.70
2015.12.09 08:18:54.058,0.66409,0.66425,1.00,2.70
2015.12.09 08:18:54.362,0.66406,0.66422,2.25,2.25
2015.12.09 08:19:01.716,0.66407,0.66423,1.12,2.62
2015.12.09 08:19:16.262,0.66406,0.66419,1.50,1.45
2015.12.09 08:19:16.364,0.66401,0.66417,2.77,1.12
2015.12.09 08:19:16.416,0.664,0.66417,3.75,1.50
2015.12.09 08:19:17.048,0.664,0.66417,1.50,1.87
2015.12.09 08:19:21.217,0.66401,0.66418,1.20,3.82
2015.12.09 08:19:24.334,0.66401,0.66416,1.20,2.25
2015.12.09 08:19:24.537,0.664,0.66416,1.10,3.00
2015.12.09 08:19:33.536,0.664,0.66416,1.10,1.12
2015.12.09 08:19:34.085,0.66399,0.66416,1.57,1.85
2015.12.09 08:19:34.690,0.66399,0.66416,1.00,1.95
2015.12.09 08:19:37.572,0.66399,0.66416,1.00,1.95
2015.12.09 08:19:38.094,0.66399,0.66416,1.00,1.95
2015.12.09 08:19:42.111,0.66399,0.66415,1.00,1.85
2015.12.09 08:19:43.181,0.66399,0.66415,1.00,1.85
2015.12.09 08:19:45.383,0.66399,0.66415,1.00,1.85
2015.12.09 08:19:45.955,0.66399,0.66415,1.87,1.85
2015.12.09 08:19:46.107,0.664,0.66416,1.50,1.95
2015.12.09 08:19:46.209,0.664,0.66416,1.00,3.37
2015.12.09 08:19:46.741,0.66399,0.66415,1.20,1.82
2015.12.09 08:19:47.249,0.664,0.66416,1.00,1.95
2015.12.09 08:19:54.796,0.664,0.66415,1.00,1.95
2015.12.09 08:19:55.516,0.66398,0.66414,1.12,1.20
2015.12.09 08:19:59.380,0.66397,0.66414,1.65,1.95
2015.12.09 08:20:01.496,0.66398,0.66415,1.00,3.75
2015.12.09 08:20:02.849,0.66398,0.66415,1.00,3.75
2015.12.09 08:20:07.219,0.66398,0.66415,1.00,3.00
2015.12.09 08:20:07.725,0.66398,0.66411,1.00,1.00
2015.12.09 08:20:09.965,0.66397,0.66411,1.20,1.00
2015.12.09 08:20:18.207,0.66398,0.66411,1.00,1.00
2015.12.09 08:20:18.756,0.66399,0.66415,1.00,2.25
2015.12.09 08:20:19.262,0.66398,0.66415,1.12,3.00
2015.12.09 08:20:21.766,0.66398,0.66414,1.50,1.00
2015.12.09 08:20:29.251,0.66399,0.66414,1.00,1.50
2015.12.09 08:20:34.296,0.66398,0.66414,1.00,1.50
2015.12.09 08:20:41.718,0.66398,0.66415,1.00,2.25
2015.12.09 08:20:43.709,0.66397,0.66414,1.87,1.50
2015.12.09 08:20:45.899,0.66399,0.66414,1.00,1.50
2015.12.09 08:20:47.319,0.664,0.66415,1.00,2.25
2015.12.09 08:20:47.888,0.664,0.66415,1.00,1.12
2015.12.09 08:20:47.990,0.66401,0.66417,1.87,1.12
2015.12.09 08:20:48.092,0.66403,0.6642,1.00,2.32
2015.12.09 08:20:48.396,0.66405,0.6642,1.00,1.50
2015.12.09 08:20:48.701,0.66407,0.66423,1.00,1.50
2015.12.09 08:20:48.752,0.66409,0.66424,1.00,1.12
2015.12.09 08:20:48.803,0.66409,0.66424,1.00,1.00
2015.12.09 08:20:54.833,0.66409,0.66425,1.00,1.75
2015.12.09 08:20:56.050,0.6641,0.66425,1.00,1.75
2015.12.09 08:20:56.101,0.6641,0.66426,1.00,1.85
2015.12.09 08:20:58.146,0.66411,0.66426,1.00,1.75
2015.12.09 08:21:03.606,0.66408,0.66424,1.12,1.12
2015.12.09 08:21:04.152,0.66408,0.66423,1.12,1.00
2015.12.09 08:21:04.370,0.6641,0.66423,1.00,1.00
2015.12.09 08:21:04.523,0.66411,0.66426,1.00,2.25
2015.12.09 08:21:05.929,0.66411,0.66424,1.00,1.00
2015.12.09 08:21:06.749,0.66409,0.66424,1.00,1.00
2015.12.09 08:21:06.952,0.66409,0.66426,1.00,2.25
2015.12.09 08:21:07.054,0.66409,0.66424,1.00,1.00
2015.12.09 08:21:07.560,0.6641,0.66426,1.00,1.75
2015.12.09 08:21:10.900,0.66411,0.66426,1.00,1.75
2015.12.09 08:21:12.381,0.66411,0.66426,1.00,1.50
2015.12.09 08:21:12.955,0.6641,0.66426,1.00,1.50
2015.12.09 08:21:14.562,0.66412,0.66426,1.00,1.50
2015.12.09 08:21:21.662,0.66412,0.66426,1.00,1.50
2015.12.09 08:21:22.736,0.66412,0.66425,1.00,1.00
2015.12.09 08:21:22.787,0.66409,0.66425,1.50,1.00
2015.12.09 08:21:23.338,0.66409,0.66425,1.12,2.62
2015.12.09 08:21:24.016,0.66409,0.66425,1.50,2.25
2015.12.09 08:21:24.532,0.66409,0.66425,1.12,1.12
2015.12.09 08:21:25.039,0.6641,0.66425,1.00,2.62
2015.12.09 08:21:25.834,0.6641,0.66425,1.00,1.50
2015.12.09 08:21:30.768,0.6641,0.66425,1.12,2.25
2015.12.09 08:21:32.053,0.6641,0.66424,1.12,1.50
2015.12.09 08:21:32.622,0.6641,0.66425,1.12,2.25
2015.12.09 08:21:33.125,0.6641,0.66426,1.12,2.62
2015.12.09 08:21:33.688,0.6641,0.66426,1.00,3.00
2015.12.09 08:21:36.818,0.66411,0.66426,1.00,3.75
2015.12.09 08:21:48.851,0.66411,0.66426,1.00,2.25
2015.12.09 08:21:49.054,0.66411,0.66426,1.00,3.75
2015.12.09 08:21:49.308,0.66409,0.66425,1.00,2.25
2015.12.09 08:22:01.677,0.66409,0.66423,1.12,1.00
2015.12.09 08:22:08.682,0.66407,0.66423,1.00,2.70
2015.12.09 08:22:08.787,0.66405,0.66422,1.00,3.00
2015.12.09 08:22:08.889,0.66405,0.66422,1.50,1.12
2015.12.09 08:22:08.991,0.66406,0.66423,1.75,1.87
2015.12.09 08:22:09.093,0.66406,0.66423,1.00,2.25
2015.12.09 08:22:09.296,0.66407,0.66424,1.50,1.87
2015.12.09 08:22:10.015,0.66407,0.66424,1.75,1.00
2015.12.09 08:22:10.320,0.66411,0.66426,1.00,3.00
2015.12.09 08:22:10.522,0.66408,0.66425,1.12,1.75
2015.12.09 08:22:18.088,0.66408,0.66424,1.12,1.07
2015.12.09 08:22:18.726,0.66408,0.66425,1.12,1.57
2015.12.09 08:22:19.249,0.66409,0.66426,1.00,2.70
2015.12.09 08:22:19.503,0.66412,0.66426,1.00,1.45
2015.12.09 08:22:21.510,0.66412,0.66427,1.12,1.57
2015.12.09 08:22:23.168,0.66411,0.66426,1.00,1.12
2015.12.09 08:22:23.473,0.66407,0.66424,1.12,1.57
2015.12.09 08:22:24.090,0.66408,0.66423,1.00,1.12
2015.12.09 08:22:25.579,0.66407,0.66423,1.12,1.50
2015.12.09 08:22:27.234,0.66407,0.66423,1.12,1.12
2015.12.09 08:22:27.335,0.66409,0.66423,1.00,1.12
2015.12.09 08:22:27.878,0.66408,0.66423,1.00,1.12
2015.12.09 08:22:31.148,0.66408,0.66423,1.00,1.50
2015.12.09 08:22:38.031,0.66408,0.66423,1.00,1.20
2015.12.09 08:22:38.750,0.6641,0.66424,1.00,1.45
2015.12.09 08:22:39.003,0.66408,0.66424,1.00,1.45
2015.12.09 08:22:41.756,0.66409,0.66424,1.00,1.45
2015.12.09 08:22:44.734,0.66408,0.66424,1.50,1.20
2015.12.09 08:22:55.070,0.66408,0.66422,1.12,1.12
2015.12.09 08:22:55.681,0.66408,0.66424,1.12,1.07
2015.12.09 08:22:57.908,0.66408,0.66423,1.12,1.57
2015.12.09 08:22:58.418,0.66408,0.66423,1.00,1.57
2015.12.09 08:23:07.779,0.66408,0.66423,1.12,1.10
2015.12.09 08:23:16.087,0.66407,0.66424,1.57,1.50
2015.12.09 08:23:18.884,0.66407,0.66424,1.47,1.87
2015.12.09 08:23:21.681,0.66407,0.66424,1.57,1.50
2015.12.09 08:23:23.232,0.66409,0.66425,1.50,1.57
2015.12.09 08:23:23.762,0.6641,0.66425,1.00,1.10
2015.12.09 08:23:24.264,0.66411,0.66425,1.00,1.10
2015.12.09 08:23:26.832,0.66409,0.66424,1.00,1.50
2015.12.09 08:23:27.129,0.66407,0.66424,1.12,1.57
2015.12.09 08:23:27.636,0.66408,0.66422,1.00,1.00
2015.12.09 08:23:39.662,0.66405,0.66422,1.37,1.57
2015.12.09 08:23:39.814,0.66403,0.66419,1.12,1.95
2015.12.09 08:23:39.916,0.664,0.66417,1.95,1.57
2015.12.09 08:23:41.149,0.66401,0.66417,1.00,1.95
2015.12.09 08:23:45.405,0.66402,0.66417,1.00,1.95
2015.12.09 08:23:47.519,0.66401,0.66417,1.00,1.95
2015.12.09 08:23:49.197,0.66401,0.66417,1.50,1.00
2015.12.09 08:23:49.248,0.66401,0.66418,1.50,2.02
2015.12.09 08:23:49.299,0.66404,0.6642,1.20,1.50
2015.12.09 08:23:49.493,0.66409,0.66422,1.00,1.00
2015.12.09 08:23:49.544,0.66409,0.66424,1.00,1.12
2015.12.09 08:23:50.051,0.66408,0.66424,1.12,1.12
2015.12.09 08:23:50.564,0.66408,0.66424,1.12,1.37
2015.12.09 08:24:00.175,0.66407,0.66424,1.37,2.25
2015.12.09 08:24:00.685,0.66409,0.66424,1.00,1.87
2015.12.09 08:24:02.240,0.66407,0.66424,1.50,1.87
2015.12.09 08:24:24.821,0.66409,0.66424,1.00,1.12
2015.12.09 08:24:26.882,0.66408,0.66424,1.12,1.12
2015.12.09 08:24:30.149,0.66408,0.66423,1.12,1.00
2015.12.09 08:24:30.740,0.66408,0.66423,1.37,1.00
2015.12.09 08:24:31.349,0.66408,0.66423,1.50,1.00
2015.12.09 08:24:34.699,0.66407,0.66421,1.00,1.00
2015.12.09 08:24:35.069,0.66405,0.66419,1.12,1.00
2015.12.09 08:24:35.373,0.66405,0.66418,1.00,1.50
2015.12.09 08:24:35.474,0.66401,0.66416,1.12,1.00
2015.12.09 08:24:35.998,0.66401,0.66418,1.75,1.50
2015.12.09 08:24:36.303,0.66405,0.66419,1.37,1.00
2015.12.09 08:24:36.456,0.66404,0.66421,1.75,1.50
2015.12.09 08:24:36.955,0.66408,0.66421,1.00,1.12
2015.12.09 08:24:37.008,0.66406,0.66421,1.12,1.00
2015.12.09 08:24:37.636,0.66406,0.66422,1.12,1.27
2015.12.09 08:24:45.405,0.66408,0.66422,1.00,1.00
2015.12.09 08:24:46.037,0.66408,0.66422,1.50,1.00
2015.12.09 08:24:49.323,0.66407,0.66422,1.37,1.12
2015.12.09 08:24:53.129,0.66407,0.66422,1.00,1.50
2015.12.09 08:24:53.181,0.66405,0.66421,1.12,1.12
2015.12.09 08:24:53.282,0.66404,0.66419,1.12,1.00
2015.12.09 08:24:53.738,0.66406,0.6642,1.00,1.10
2015.12.09 08:24:55.705,0.66405,0.66421,1.00,1.50
2015.12.09 08:24:56.358,0.66405,0.66421,1.12,1.12
2015.12.09 08:24:56.682,0.66404,0.66417,1.00,1.10
2015.12.09 08:24:56.986,0.66401,0.66417,1.50,2.25
2015.12.09 08:24:57.413,0.66399,0.66414,1.12,1.10
2015.12.09 08:24:57.616,0.66399,0.66414,1.12,1.50
2015.12.09 08:24:58.122,0.66397,0.66413,1.87,1.20
2015.12.09 08:25:01.002,0.66399,0.66413,1.00,1.20
2015.12.09 08:25:01.498,0.66397,0.66411,1.00,2.62
2015.12.09 08:25:01.549,0.66395,0.66411,1.00,3.75
2015.12.09 08:25:01.702,0.66392,0.66406,1.75,1.00
2015.12.09 08:25:01.854,0.66392,0.66406,1.00,1.50
2015.12.09 08:25:02.007,0.66391,0.66406,1.50,1.20
2015.12.09 08:25:02.312,0.6639,0.66405,1.00,1.07
2015.12.09 08:25:02.857,0.6639,0.66404,1.00,1.57
2015.12.09 08:25:24.997,0.6639,0.66404,1.00,1.12
2015.12.09 08:25:29.180,0.66391,0.66404,1.00,1.00
2015.12.09 08:25:29.695,0.66391,0.66406,1.00,1.95
2015.12.09 08:25:32.455,0.6639,0.66406,1.00,1.95
2015.12.09 08:25:38.801,0.6639,0.66404,1.00,1.00
2015.12.09 08:25:39.156,0.66392,0.66408,1.12,1.87
2015.12.09 08:25:44.455,0.6639,0.66405,1.12,1.00
2015.12.09 08:25:46.565,0.66391,0.66405,1.00,1.00
2015.12.09 08:25:48.763,0.66391,0.66405,1.00,1.50
2015.12.09 08:25:51.683,0.66391,0.66406,1.00,1.10
2015.12.09 08:25:54.216,0.66392,0.66407,1.00,1.95
2015.12.09 08:25:54.732,0.66392,0.66408,2.25,1.00
2015.12.09 08:25:58.327,0.66394,0.66408,1.00,1.00
2015.12.09 08:25:58.896,0.66394,0.66408,1.00,1.37
2015.12.09 08:25:59.150,0.66395,0.6641,1.00,1.50
2015.12.09 08:25:59.201,0.66395,0.66412,1.37,2.62
2015.12.09 08:25:59.303,0.66398,0.66412,1.12,1.00
2015.12.09 08:25:59.924,0.66398,0.66413,1.50,1.00
2015.12.09 08:26:00.431,0.66399,0.66413,1.50,1.00
2015.12.09 08:26:01.027,0.66399,0.66413,1.12,1.00
2015.12.09 08:26:19.222,0.66392,0.66408,1.50,1.00
2015.12.09 08:26:19.375,0.66392,0.66408,1.00,1.50
2015.12.09 08:26:19.883,0.66391,0.66405,1.00,1.50
2015.12.09 08:26:20.187,0.66389,0.66405,1.20,1.50
2015.12.09 08:26:20.468,0.66388,0.66404,1.00,1.50
2015.12.09 08:26:20.722,0.66388,0.66404,1.50,1.50
2015.12.09 08:26:20.773,0.6639,0.66404,1.00,1.50
2015.12.09 08:26:22.831,0.66389,0.66404,1.00,1.50
2015.12.09 08:26:28.336,0.66388,0.66404,1.50,1.50
2015.12.09 08:26:31.808,0.66388,0.66404,1.12,1.50
2015.12.09 08:26:32.873,0.66387,0.66403,1.50,1.00
2015.12.09 08:26:33.379,0.66388,0.66403,1.00,1.00
2015.12.09 08:26:37.315,0.66388,0.664,1.00,1.00
2015.12.09 08:26:37.470,0.66382,0.66397,1.50,1.00
2015.12.09 08:26:37.521,0.66382,0.66397,1.12,1.37
2015.12.09 08:26:37.827,0.66377,0.66394,1.87,1.50
2015.12.09 08:26:37.878,0.66377,0.66394,1.50,1.50
2015.12.09 08:26:38.030,0.66377,0.66394,1.50,1.50
2015.12.09 08:26:39.128,0.66379,0.66394,1.00,1.12
2015.12.09 08:26:39.634,0.66378,0.66393,1.20,1.00
2015.12.09 08:26:50.867,0.6638,0.66393,1.00,1.00
2015.12.09 08:26:51.369,0.66381,0.66393,1.00,1.00
2015.12.09 08:26:52.113,0.66381,0.66395,1.00,1.12
2015.12.09 08:26:52.697,0.66381,0.66393,1.00,1.00
2015.12.09 08:26:57.377,0.66379,0.66393,1.00,1.00
2015.12.09 08:26:57.891,0.6638,0.66393,1.00,1.00
2015.12.09 08:26:59.361,0.66377,0.66393,4.12,1.00
2015.12.09 08:26:59.465,0.66377,0.66392,1.12,1.37
2015.12.09 08:26:59.769,0.66377,0.66392,1.37,1.50
2015.12.09 08:26:59.820,0.66381,0.66392,1.00,1.12
2015.12.09 08:26:59.884,0.66379,0.66392,1.00,1.12
2015.12.09 08:27:00.298,0.66379,0.66394,1.12,1.00
2015.12.09 08:27:01.258,0.66379,0.66394,1.12,1.37
2015.12.09 08:27:05.584,0.66377,0.66394,1.20,1.87
2015.12.09 08:27:05.687,0.66377,0.66392,1.00,1.50
2015.12.09 08:27:06.236,0.66377,0.6639,1.00,1.37
2015.12.09 08:27:06.388,0.66378,0.66392,1.00,1.50
2015.12.09 08:27:06.540,0.66378,0.66394,1.12,1.12
2015.12.09 08:27:06.642,0.6638,0.66394,1.00,1.12
2015.12.09 08:27:08.799,0.66379,0.66394,1.00,1.87
2015.12.09 08:27:09.445,0.66379,0.66394,1.12,1.87
2015.12.09 08:27:14.528,0.66379,0.66394,1.12,2.25
2015.12.09 08:27:15.073,0.66379,0.66394,1.00,2.25
2015.12.09 08:27:17.689,0.66378,0.66394,1.00,1.75
2015.12.09 08:27:17.997,0.66376,0.66391,1.00,1.00
2015.12.09 08:27:18.503,0.66377,0.66391,1.00,1.00
2015.12.09 08:27:20.062,0.66378,0.66392,1.00,1.37
2015.12.09 08:27:20.361,0.66379,0.66394,1.37,1.12
2015.12.09 08:27:25.733,0.66379,0.66394,1.00,1.12
2015.12.09 08:27:26.408,0.66379,0.66393,1.00,1.00
2015.12.09 08:27:27.163,0.66377,0.66393,1.50,1.00
2015.12.09 08:27:28.096,0.66377,0.66392,1.12,1.37
2015.12.09 08:27:28.633,0.66376,0.66391,1.00,1.50
2015.12.09 08:27:30.280,0.66377,0.66391,1.00,1.50
2015.12.09 08:27:30.484,0.66378,0.66393,1.00,2.25
2015.12.09 08:27:31.282,0.66378,0.66393,1.12,1.87
2015.12.09 08:27:33.216,0.66377,0.66393,1.37,1.37
2015.12.09 08:27:34.015,0.66378,0.66393,1.00,1.50
2015.12.09 08:27:34.319,0.66379,0.66395,1.50,1.50
2015.12.09 08:27:34.825,0.6638,0.66395,1.00,1.50
2015.12.09 08:27:37.427,0.66379,0.66395,1.50,1.50
2015.12.09 08:27:37.934,0.66379,0.66394,1.00,1.00
2015.12.09 08:27:38.566,0.66379,0.66393,1.00,1.00
2015.12.09 08:27:39.949,0.66378,0.66393,1.50,1.00
2015.12.09 08:27:41.751,0.66378,0.66393,1.50,1.00
2015.12.09 08:27:55.691,0.66379,0.66393,1.37,1.00
2015.12.09 08:27:55.793,0.6638,0.66395,1.00,1.00
2015.12.09 08:27:56.147,0.66378,0.66395,1.12,2.25
2015.12.09 08:27:56.299,0.66379,0.66395,1.37,1.12
2015.12.09 08:27:56.602,0.66382,0.66395,1.00,1.00
2015.12.09 08:27:58.637,0.66381,0.66395,1.00,1.00
2015.12.09 08:28:01.593,0.6638,0.66395,1.00,1.00
2015.12.09 08:28:02.120,0.66379,0.66395,1.12,1.12
2015.12.09 08:28:10.193,0.6638,0.66395,1.00,1.00
2015.12.09 08:28:11.492,0.66379,0.66395,1.12,1.12
2015.12.09 08:28:11.797,0.66379,0.66395,1.50,1.12
2015.12.09 08:28:21.730,0.66378,0.66395,1.12,2.25
2015.12.09 08:28:25.754,0.66378,0.66393,1.12,1.00
2015.12.09 08:28:30.005,0.66379,0.66393,1.00,1.00
2015.12.09 08:28:36.509,0.66376,0.6639,1.87,1.00
2015.12.09 08:28:36.712,0.6637,0.66385,1.87,1.00
2015.12.09 08:28:36.865,0.6637,0.66387,1.50,1.95
2015.12.09 08:28:37.694,0.66371,0.66386,1.12,1.00
2015.12.09 08:28:38.799,0.66371,0.66388,1.12,2.70
2015.12.09 08:28:40.421,0.66372,0.66388,1.00,1.50
2015.12.09 08:28:40.986,0.66372,0.66388,1.50,1.50
2015.12.09 08:28:41.138,0.66372,0.66388,1.12,1.50
2015.12.09 08:28:41.441,0.66372,0.66388,1.00,1.75
2015.12.09 08:28:41.986,0.66372,0.66388,1.00,3.00
2015.12.09 08:28:44.803,0.66372,0.66387,1.00,1.75
2015.12.09 08:28:46.735,0.66372,0.66387,1.00,2.25
2015.12.09 08:28:47.075,0.66372,0.66387,1.00,2.25
2015.12.09 08:28:47.746,0.66372,0.66387,1.00,1.75
2015.12.09 08:29:00.238,0.66372,0.66385,1.00,1.00
2015.12.09 08:29:01.064,0.66372,0.66388,1.00,1.85
2015.12.09 08:29:04.412,0.66374,0.66388,1.00,1.85
2015.12.09 08:29:04.925,0.66374,0.66388,1.00,1.85
2015.12.09 08:29:09.604,0.66372,0.66388,1.00,1.85
2015.12.09 08:29:10.155,0.66373,0.66388,1.00,1.85
2015.12.09 08:29:10.550,0.66373,0.66386,1.50,1.00
2015.12.09 08:29:10.755,0.66374,0.6639,1.37,1.37
2015.12.09 08:29:10.857,0.66378,0.66392,1.00,1.50
2015.12.09 08:29:11.499,0.66377,0.66393,1.00,1.12
2015.12.09 08:29:11.855,0.66377,0.66392,1.00,1.50
2015.12.09 08:29:12.008,0.66375,0.6639,1.00,1.75
2015.12.09 08:29:12.059,0.66375,0.6639,1.00,3.75
2015.12.09 08:29:12.110,0.66373,0.66385,1.00,1.00
2015.12.09 08:29:12.684,0.66374,0.66385,1.00,1.00
2015.12.09 08:29:12.887,0.66372,0.66385,1.00,1.00
2015.12.09 08:29:13.090,0.66372,0.66387,1.00,3.00
2015.12.09 08:29:13.732,0.66371,0.66382,1.00,1.00
2015.12.09 08:29:14.037,0.6637,0.66385,1.00,3.00
2015.12.09 08:29:14.189,0.6637,0.66382,1.00,1.00
2015.12.09 08:29:14.240,0.66368,0.66382,1.00,1.50
2015.12.09 08:29:14.292,0.66368,0.6638,1.00,1.37
2015.12.09 08:29:14.343,0.66365,0.6638,1.00,1.75
2015.12.09 08:29:14.496,0.66365,0.66379,1.00,1.75
2015.12.09 08:29:14.648,0.66363,0.66379,1.00,1.75
2015.12.09 08:29:15.050,0.66365,0.66376,1.00,1.75
2015.12.09 08:29:15.106,0.66365,0.66376,1.00,1.12
2015.12.09 08:29:15.207,0.66362,0.66376,1.00,1.12
2015.12.09 08:29:17.551,0.66364,0.66379,1.00,2.25
2015.12.09 08:29:17.958,0.66366,0.66379,1.00,1.37
2015.12.09 08:29:18.010,0.66366,0.66379,1.00,1.00
2015.12.09 08:29:18.163,0.66369,0.66381,1.00,1.00
2015.12.09 08:29:18.265,0.66369,0.66384,1.00,1.50
2015.12.09 08:29:18.776,0.66368,0.66385,1.00,2.25
2015.12.09 08:29:24.994,0.66369,0.66384,1.00,1.75
2015.12.09 08:29:26.951,0.66368,0.66385,1.00,2.25
2015.12.09 08:29:28.248,0.66368,0.66383,1.00,1.75
2015.12.09 08:29:28.351,0.66367,0.6638,1.00,1.50
2015.12.09 08:29:28.503,0.66363,0.6638,1.00,2.25
2015.12.09 08:29:28.727,0.66366,0.6638,1.00,1.50
2015.12.09 08:29:29.183,0.66366,0.6638,1.00,1.50
2015.12.09 08:29:30.386,0.66366,0.66382,1.00,1.75
2015.12.09 08:29:36.767,0.66365,0.66381,1.00,1.75
2015.12.09 08:29:43.082,0.66366,0.66381,1.00,1.75
2015.12.09 08:29:47.875,0.66367,0.66381,1.00,1.50
2015.12.09 08:29:48.028,0.66367,0.66383,1.37,1.00
2015.12.09 08:29:48.565,0.66367,0.66384,1.57,1.87
2015.12.09 08:29:54.841,0.66368,0.66384,1.37,1.00
2015.12.09 08:29:55.347,0.66369,0.66384,1.12,1.12
2015.12.09 08:29:56.243,0.66368,0.66385,1.37,1.87
2015.12.09 08:29:56.754,0.66369,0.66385,1.50,1.50
2015.12.09 08:29:58.348,0.66368,0.66385,1.75,1.87
2015.12.09 08:30:00.682,0.66368,0.66385,1.50,1.87
2015.12.09 08:30:01.188,0.66367,0.66384,2.25,1.37
2015.12.09 08:30:01.722,0.66367,0.66383,1.00,2.25
2015.12.09 08:30:03.957,0.66367,0.66381,1.00,1.37
2015.12.09 08:30:04.273,0.66363,0.66378,1.37,1.10
2015.12.09 08:30:04.375,0.66361,0.66378,1.50,1.57
2015.12.09 08:30:04.426,0.66361,0.66377,1.50,1.00
2015.12.09 08:30:04.791,0.66361,0.66378,1.50,1.65
2015.12.09 08:30:05.334,0.66364,0.66378,1.00,1.00
2015.12.09 08:30:05.897,0.66363,0.66378,1.00,1.50
2015.12.09 08:30:10.117,0.66362,0.66378,1.50,1.00
2015.12.09 08:30:10.471,0.66362,0.66379,1.00,2.32
2015.12.09 08:30:10.876,0.6636,0.66376,1.00,1.85
2015.12.09 08:30:11.187,0.66356,0.66371,1.12,1.00
2015.12.09 08:30:11.239,0.66356,0.66371,1.95,1.00
2015.12.09 08:30:11.544,0.66362,0.66376,1.00,1.50
2015.12.09 08:30:12.392,0.66361,0.66376,1.12,1.50
2015.12.09 08:30:13.001,0.66361,0.66376,1.00,1.75
2015.12.09 08:30:13.517,0.6636,0.66376,1.00,1.75
2015.12.09 08:30:17.900,0.66359,0.66376,1.00,3.00
2015.12.09 08:30:22.098,0.66361,0.66376,1.00,3.00
2015.12.09 08:30:22.404,0.66359,0.66376,1.00,3.00
2015.12.09 08:30:25.077,0.66359,0.66373,1.00,1.00
2015.12.09 08:30:45.091,0.66359,0.66376,1.00,2.40
2015.12.09 08:30:46.724,0.6636,0.66376,1.00,1.95
2015.12.09 08:30:48.772,0.6636,0.66376,1.00,1.65
2015.12.09 08:30:52.196,0.66361,0.66377,1.00,3.75
2015.12.09 08:30:54.903,0.66361,0.66377,1.50,2.62
2015.12.09 08:30:55.004,0.66361,0.66377,1.50,3.00
2015.12.09 08:30:57.896,0.66361,0.66376,1.00,1.65
2015.12.09 08:31:01.232,0.6636,0.66376,1.00,3.15
2015.12.09 08:31:01.770,0.6636,0.66376,1.00,5.40
2015.12.09 08:31:01.928,0.66358,0.66373,1.50,1.00
2015.12.09 08:31:02.336,0.66358,0.6637,1.10,1.00
2015.12.09 08:31:02.489,0.66352,0.66368,1.12,5.62
2015.12.09 08:31:02.843,0.6635,0.66366,1.00,1.50
2015.12.09 08:31:02.894,0.66348,0.66365,1.87,1.37
2015.12.09 08:31:03.401,0.66348,0.66365,1.50,2.77
2015.12.09 08:31:04.012,0.66348,0.66365,2.25,1.00
2015.12.09 08:31:04.317,0.66346,0.66363,2.25,1.50
2015.12.09 08:31:04.520,0.66346,0.66362,1.50,1.00
2015.12.09 08:31:05.061,0.66347,0.66361,1.12,1.00
2015.12.09 08:31:07.421,0.66346,0.66361,2.25,1.50
2015.12.09 08:31:07.522,0.66346,0.66361,1.87,1.50
2015.12.09 08:31:07.726,0.66348,0.66363,1.00,1.12
2015.12.09 08:31:08.132,0.66346,0.66363,1.00,2.25
2015.12.09 08:31:08.324,0.66345,0.6636,1.12,1.12
2015.12.09 08:31:08.427,0.66342,0.66358,1.00,1.87
2015.12.09 08:31:08.632,0.66342,0.66358,1.00,3.00
2015.12.09 08:31:08.736,0.66342,0.66357,1.00,1.00
2015.12.09 08:31:08.888,0.66341,0.66356,1.50,1.50
2015.12.09 08:31:09.330,0.66338,0.66354,1.00,1.75
2015.12.09 08:31:09.432,0.66338,0.66354,1.00,1.50
2015.12.09 08:31:11.345,0.66337,0.66353,1.00,1.00
2015.12.09 08:31:11.548,0.66336,0.66352,1.00,1.50
2015.12.09 08:31:12.135,0.66335,0.66352,1.00,1.95
2015.12.09 08:31:12.641,0.66336,0.66353,1.12,1.87
2015.12.09 08:31:13.034,0.66336,0.66351,1.50,1.00
2015.12.09 08:31:13.548,0.66339,0.66352,1.00,1.00
2015.12.09 08:31:15.555,0.66337,0.66352,1.37,1.00
2015.12.09 08:31:25.008,0.66336,0.66351,1.37,1.00
2015.12.09 08:31:25.059,0.66336,0.66351,1.12,1.12
2015.12.09 08:31:25.211,0.66333,0.6635,1.50,1.20
2015.12.09 08:31:25.667,0.66332,0.66349,1.12,2.25
2015.12.09 08:31:26.036,0.66333,0.66349,1.00,1.75
2015.12.09 08:31:26.137,0.66332,0.66349,1.50,1.87
2015.12.09 08:31:27.073,0.66334,0.66349,1.75,1.00
2015.12.09 08:31:27.623,0.66336,0.6635,1.50,1.00
2015.12.09 08:31:28.727,0.66338,0.6635,1.00,1.00
2015.12.09 08:31:29.234,0.66335,0.6635,1.50,1.57
2015.12.09 08:31:31.443,0.66335,0.6635,1.37,1.95
2015.12.09 08:31:33.353,0.66335,0.66349,1.00,1.00
2015.12.09 08:31:33.657,0.66326,0.66342,1.50,1.12
2015.12.09 08:31:34.176,0.66326,0.66341,1.75,1.10
2015.12.09 08:31:34.227,0.66328,0.66341,1.50,1.10
2015.12.09 08:31:34.328,0.6633,0.66343,1.00,1.00
2015.12.09 08:31:34.682,0.66329,0.66344,1.75,1.00
2015.12.09 08:31:34.784,0.6633,0.66344,1.00,1.00
2015.12.09 08:31:35.312,0.6633,0.66344,1.50,1.00
2015.12.09 08:31:36.064,0.6633,0.66344,1.00,1.00
2015.12.09 08:31:36.602,0.66328,0.66344,1.37,1.37
2015.12.09 08:31:37.681,0.66328,0.66344,1.75,1.00
2015.12.09 08:31:38.221,0.66328,0.66344,1.75,1.00
2015.12.09 08:31:38.761,0.66329,0.66344,1.75,1.00
2015.12.09 08:31:39.075,0.66331,0.66344,1.75,1.00
2015.12.09 08:31:39.126,0.66331,0.66346,1.75,1.50
2015.12.09 08:31:39.384,0.66334,0.66349,1.75,1.00
2015.12.09 08:31:39.587,0.66333,0.66348,1.50,1.50
2015.12.09 08:31:39.689,0.66334,0.66348,1.75,1.00
2015.12.09 08:31:39.842,0.66334,0.6635,1.50,1.00
2015.12.09 08:31:39.893,0.66334,0.6635,1.75,1.00
2015.12.09 08:31:40.279,0.66333,0.6635,1.75,1.50
2015.12.09 08:31:40.781,0.66332,0.66349,1.75,1.00
2015.12.09 08:31:41.273,0.66332,0.66349,1.75,1.00
2015.12.09 08:31:41.585,0.66335,0.6635,1.50,1.50
2015.12.09 08:31:42.189,0.66334,0.66348,1.75,1.00
2015.12.09 08:31:45.605,0.66334,0.66348,1.00,1.00
2015.12.09 08:31:46.891,0.66334,0.66348,1.00,1.50
2015.12.09 08:31:47.777,0.66333,0.66345,1.00,1.00
2015.12.09 08:31:47.980,0.6633,0.66345,1.50,1.00
2015.12.09 08:31:50.432,0.66332,0.66345,1.00,1.00
2015.12.09 08:31:50.916,0.66328,0.66344,1.10,2.25
2015.12.09 08:31:50.967,0.66328,0.66342,1.10,1.00
2015.12.09 08:31:51.543,0.66328,0.66343,1.00,1.00
2015.12.09 08:31:52.050,0.66328,0.66344,1.00,2.25
2015.12.09 08:31:54.491,0.66327,0.66344,1.95,1.50
2015.12.09 08:31:55.301,0.66331,0.66346,1.50,1.50
2015.12.09 08:31:55.608,0.66335,0.6635,1.00,2.32
2015.12.09 08:31:55.760,0.66336,0.66347,1.00,1.00
2015.12.09 08:31:55.811,0.66328,0.66345,2.25,1.87
2015.12.09 08:31:55.862,0.66328,0.66345,1.50,1.87
2015.12.09 08:31:56.466,0.6633,0.66345,1.00,1.50
2015.12.09 08:31:56.620,0.66328,0.66345,1.12,2.25
2015.12.09 08:31:56.722,0.66328,0.66343,1.00,1.50
2015.12.09 08:31:56.824,0.66328,0.66343,1.00,1.50
2015.12.09 08:31:57.831,0.66328,0.66343,1.00,1.50
2015.12.09 08:31:58.677,0.66326,0.66343,1.37,1.50
2015.12.09 08:31:59.235,0.66326,0.6634,1.00,1.12
2015.12.09 08:31:59.336,0.66324,0.66339,1.00,1.50
2015.12.09 08:31:59.783,0.66322,0.66338,1.50,1.00
2015.12.09 08:31:59.835,0.66322,0.66339,1.75,2.25
2015.12.09 08:32:00.141,0.66321,0.66335,1.50,1.00
2015.12.09 08:32:00.846,0.66322,0.66338,1.12,1.12
2015.12.09 08:32:01.201,0.66323,0.66338,1.75,1.00
2015.12.09 08:32:01.708,0.66323,0.66338,1.50,1.00
2015.12.09 08:32:01.760,0.66325,0.6634,1.00,1.95
2015.12.09 08:32:05.722,0.66324,0.6634,1.75,1.10
2015.12.09 08:32:05.975,0.66326,0.66342,1.00,2.25
2015.12.09 08:32:06.026,0.66327,0.66342,1.75,1.50
2015.12.09 08:32:06.532,0.6633,0.66343,1.00,1.00
2015.12.09 08:32:06.839,0.66331,0.66345,1.12,1.00
2015.12.09 08:32:09.530,0.66331,0.66343,1.12,1.00
2015.12.09 08:32:10.838,0.6633,0.66343,1.00,1.00
2015.12.09 08:32:11.363,0.66329,0.66343,1.12,1.12
2015.12.09 08:32:15.283,0.66328,0.66343,1.00,1.50
2015.12.09 08:32:15.791,0.66328,0.66343,1.50,1.12
2015.12.09 08:32:16.348,0.66328,0.66343,1.47,1.37
2015.12.09 08:32:16.750,0.66322,0.66336,2.02,1.00
2015.12.09 08:32:17.058,0.66322,0.66334,1.00,1.00
2015.12.09 08:32:17.562,0.66323,0.66335,1.50,1.00
2015.12.09 08:32:18.079,0.66322,0.66335,1.57,1.00
2015.12.09 08:32:20.555,0.66323,0.66338,1.10,1.10
2015.12.09 08:32:20.606,0.66323,0.66338,1.50,1.00
2015.12.09 08:32:20.910,0.66326,0.6634,1.20,1.00
2015.12.09 08:32:22.984,0.66325,0.6634,2.25,1.50
2015.12.09 08:32:23.338,0.66326,0.6634,1.95,1.00
2015.12.09 08:32:24.791,0.66328,0.66342,1.12,1.00
2015.12.09 08:32:25.034,0.66336,0.66343,1.12,1.50
2015.12.09 08:32:25.086,0.66338,0.66345,1.07,1.00
2015.12.09 08:32:25.188,0.6634,0.66353,1.10,1.00
2015.12.09 08:32:26.285,0.66341,0.66355,1.00,1.50
2015.12.09 08:32:26.792,0.66341,0.66355,1.50,1.00
2015.12.09 08:32:31.655,0.6634,0.66355,1.57,1.37
2015.12.09 08:32:35.366,0.6634,0.66355,1.95,1.00
2015.12.09 08:32:35.468,0.66342,0.66357,1.10,1.57
2015.12.09 08:32:35.974,0.6634,0.66355,1.50,1.12
2015.12.09 08:32:39.447,0.66339,0.66355,1.57,1.12
2015.12.09 08:32:41.316,0.66339,0.66355,1.20,1.50
2015.12.09 08:32:41.623,0.66332,0.66348,1.20,1.87
2015.12.09 08:32:41.958,0.66334,0.66348,1.00,1.37
2015.12.09 08:32:42.566,0.66331,0.66346,1.20,1.00
2015.12.09 08:32:43.105,0.66332,0.66346,1.00,1.00
2015.12.09 08:32:44.068,0.66333,0.66346,1.00,1.00
2015.12.09 08:32:44.335,0.66331,0.66346,1.12,1.37
2015.12.09 08:32:46.873,0.66333,0.66347,1.00,1.57
2015.12.09 08:32:46.924,0.66333,0.66347,1.00,1.57
2015.12.09 08:32:47.279,0.66331,0.66345,1.50,1.00
2015.12.09 08:32:48.002,0.66331,0.66347,2.25,1.10
2015.12.09 08:32:48.155,0.66331,0.66345,1.50,1.00
2015.12.09 08:32:48.668,0.66331,0.66344,1.50,1.00
2015.12.09 08:32:49.691,0.66332,0.66344,1.00,1.00
2015.12.09 08:32:50.795,0.66332,0.66346,1.00,1.10
2015.12.09 08:32:51.480,0.66331,0.66346,1.50,1.10
2015.12.09 08:32:52.340,0.66332,0.66347,1.00,1.20
2015.12.09 08:32:52.867,0.66331,0.66345,1.50,1.00
2015.12.09 08:32:53.019,0.66333,0.66347,1.00,1.20
2015.12.09 08:32:53.612,0.66331,0.66346,1.50,1.10
2015.12.09 08:32:54.068,0.66333,0.66347,1.00,1.95
2015.12.09 08:32:55.732,0.66331,0.66346,1.50,1.10
2015.12.09 08:32:58.286,0.66332,0.66346,1.00,1.10
2015.12.09 08:32:58.387,0.66334,0.66347,1.00,1.20
2015.12.09 08:32:58.741,0.66332,0.66346,1.00,1.10
2015.12.09 08:32:59.111,0.66334,0.66347,1.00,1.20
2015.12.09 08:32:59.650,0.66333,0.66345,1.00,1.00
2015.12.09 08:33:00.168,0.66333,0.66346,1.00,1.10
2015.12.09 08:33:00.219,0.66331,0.66345,1.00,1.00
2015.12.09 08:33:00.759,0.66332,0.66345,1.00,1.00
2015.12.09 08:33:04.135,0.66333,0.66345,1.00,1.00
2015.12.09 08:33:04.338,0.66331,0.66345,1.00,1.00
2015.12.09 08:33:05.084,0.66332,0.66345,1.00,1.00
2015.12.09 08:33:05.599,0.66331,0.66345,1.00,1.00
2015.12.09 08:33:06.106,0.66329,0.66346,2.32,1.50
2015.12.09 08:33:06.208,0.66329,0.66344,1.57,1.00
2015.12.09 08:33:06.512,0.66325,0.66341,1.12,1.87
2015.12.09 08:33:06.818,0.66324,0.66337,1.00,1.12
2015.12.09 08:33:07.325,0.66326,0.66339,1.00,1.20
2015.12.09 08:33:07.875,0.66326,0.66339,1.20,1.00
2015.12.09 08:33:08.607,0.66327,0.66339,1.00,1.00
2015.12.09 08:33:08.911,0.66324,0.66339,1.57,1.00
2015.12.09 08:33:09.459,0.66323,0.66339,1.57,1.00
2015.12.09 08:33:11.050,0.66322,0.66338,1.07,1.12
2015.12.09 08:33:11.102,0.66321,0.66335,1.57,1.00
2015.12.09 08:33:12.150,0.66323,0.66335,1.00,1.00
2015.12.09 08:33:15.086,0.66322,0.66339,1.57,2.32
2015.12.09 08:33:15.187,0.66324,0.66339,1.07,1.87
2015.12.09 08:33:15.289,0.66325,0.6634,1.07,1.00
2015.12.09 08:33:15.441,0.66328,0.6634,1.00,1.00
2015.12.09 08:33:17.522,0.66326,0.6634,1.20,1.00
2015.12.09 08:33:21.286,0.66324,0.6634,1.50,1.20
2015.12.09 08:33:21.688,0.66322,0.66339,2.32,1.12
2015.12.09 08:33:21.790,0.66322,0.66337,1.50,1.00
2015.12.09 08:33:22.145,0.66321,0.66337,1.12,1.57
2015.12.09 08:33:23.970,0.66319,0.66336,1.95,1.20
2015.12.09 08:33:24.510,0.6632,0.66335,1.00,1.00
2015.12.09 08:33:25.118,0.66319,0.66335,1.10,1.50
2015.12.09 08:33:25.169,0.66319,0.66335,1.10,1.50
2015.12.09 08:33:26.847,0.66318,0.66334,1.12,1.37
2015.12.09 08:33:27.352,0.66319,0.66332,1.10,1.00
2015.12.09 08:33:32.871,0.66319,0.66334,1.87,1.00
2015.12.09 08:33:34.223,0.6632,0.66335,1.00,2.25
2015.12.09 08:33:35.018,0.6632,0.66335,1.00,1.50
2015.12.09 08:33:35.749,0.6632,0.66333,1.00,1.00
2015.12.09 08:33:36.005,0.66312,0.66328,1.50,1.95
2015.12.09 08:33:36.627,0.66311,0.66326,1.37,1.00
2015.12.09 08:33:37.169,0.66312,0.66327,1.00,1.50
2015.12.09 08:33:39.308,0.66313,0.66327,1.00,1.00
2015.12.09 08:33:39.814,0.66313,0.66328,1.57,1.10
2015.12.09 08:33:39.968,0.66315,0.6633,1.00,1.20
2015.12.09 08:33:40.475,0.66314,0.6633,1.12,1.10
2015.12.09 08:33:41.899,0.66314,0.6633,1.12,1.20
2015.12.09 08:33:42.143,0.66313,0.66329,1.00,1.57
2015.12.09 08:33:42.194,0.66313,0.66329,1.00,1.57
2015.12.09 08:33:42.704,0.66313,0.66329,1.00,1.20
2015.12.09 08:33:43.257,0.66313,0.6633,1.50,2.62
2015.12.09 08:33:46.066,0.66312,0.66329,1.57,2.02
2015.12.09 08:33:46.218,0.66311,0.66328,1.57,1.57
2015.12.09 08:33:46.471,0.66313,0.66328,1.00,1.57
2015.12.09 08:33:46.777,0.66313,0.66328,1.50,1.00
2015.12.09 08:33:47.330,0.66313,0.66328,1.00,1.00
2015.12.09 08:33:48.873,0.66313,0.66328,1.50,1.00
2015.12.09 08:34:00.403,0.66314,0.66329,1.37,1.10
2015.12.09 08:34:00.938,0.66312,0.66329,2.32,1.57
2015.12.09 08:34:00.989,0.66314,0.66329,1.00,1.57
2015.12.09 08:34:01.294,0.66312,0.66329,2.32,1.57
2015.12.09 08:34:01.798,0.66312,0.66329,2.32,1.10
2015.12.09 08:34:02.500,0.66312,0.66329,1.95,1.47
2015.12.09 08:34:02.667,0.66312,0.66329,1.57,1.85
2015.12.09 08:34:02.819,0.66312,0.66328,1.00,1.85
2015.12.09 08:34:03.354,0.66312,0.66328,1.50,1.47
2015.12.09 08:34:03.874,0.66313,0.66328,1.10,1.10
2015.12.09 08:34:06.048,0.66316,0.66329,1.50,1.12
2015.12.09 08:34:06.150,0.66317,0.66333,1.10,1.75
2015.12.09 08:34:06.365,0.66318,0.66333,1.57,1.00
2015.12.09 08:34:06.467,0.66319,0.66335,1.12,1.20
2015.12.09 08:34:06.973,0.66321,0.66336,1.00,1.12
2015.12.09 08:34:07.508,0.66319,0.66336,1.87,1.87
2015.12.09 08:34:07.749,0.66321,0.66337,1.00,1.27
2015.12.09 08:34:07.850,0.66321,0.66337,1.00,1.95
2015.12.09 08:34:08.893,0.6632,0.66337,1.65,1.95
2015.12.09 08:34:09.196,0.66324,0.6634,1.00,3.07
2015.12.09 08:34:09.247,0.66324,0.6634,1.00,1.85
2015.12.09 08:34:09.779,0.66325,0.66341,1.00,1.20
2015.12.09 08:34:09.881,0.66325,0.6634,1.00,1.00
2015.12.09 08:34:10.387,0.66325,0.66342,1.00,2.70
2015.12.09 08:34:10.904,0.66324,0.66341,1.57,1.85
2015.12.09 08:34:11.057,0.66324,0.66339,1.00,1.50
2015.12.09 08:34:11.362,0.66321,0.66337,1.47,1.75
2015.12.09 08:34:11.882,0.66321,0.66336,1.20,1.50
2015.12.09 08:34:13.587,0.66321,0.66337,1.47,1.12
2015.12.09 08:34:14.098,0.66323,0.66338,1.00,1.12
2015.12.09 08:34:15.337,0.66323,0.66338,1.00,1.50
2015.12.09 08:34:15.540,0.66321,0.66336,1.50,1.50
2015.12.09 08:34:16.058,0.66321,0.66336,1.50,1.50
2015.12.09 08:34:16.711,0.66319,0.66335,1.00,1.12
2015.12.09 08:34:16.864,0.66319,0.66335,1.00,1.75
2015.12.09 08:34:17.170,0.66318,0.66335,1.00,3.00
2015.12.09 08:34:17.691,0.66317,0.66331,1.00,1.12
2015.12.09 08:34:21.919,0.66317,0.6633,1.00,1.00
2015.12.09 08:34:22.252,0.66315,0.66327,1.00,1.00
2015.12.09 08:34:22.303,0.66316,0.6633,1.00,1.12
2015.12.09 08:34:22.760,0.66314,0.6633,1.10,2.25
2015.12.09 08:34:22.913,0.66314,0.66328,1.00,1.47
2015.12.09 08:34:22.964,0.66311,0.66326,1.37,1.07
2015.12.09 08:34:23.067,0.66308,0.66325,1.12,2.32
2015.12.09 08:34:23.168,0.66308,0.66324,1.00,1.12
2015.12.09 08:34:23.933,0.66308,0.66325,1.00,2.70
2015.12.09 08:34:24.498,0.66309,0.66324,1.00,1.57
2015.12.09 08:34:25.006,0.66309,0.66324,1.00,1.20
2015.12.09 08:34:26.388,0.66308,0.66325,1.00,2.70
2015.12.09 08:34:26.692,0.6631,0.66325,1.00,1.45
2015.12.09 08:34:28.503,0.6631,0.66326,1.00,1.07
2015.12.09 08:34:29.156,0.66309,0.66326,1.87,1.57
2015.12.09 08:34:32.990,0.66309,0.66326,1.50,1.95
2015.12.09 08:34:34.654,0.66309,0.66326,1.50,1.95
2015.12.09 08:34:35.197,0.66309,0.66326,1.87,1.57
2015.12.09 08:34:35.905,0.66309,0.66326,1.50,1.95
2015.12.09 08:34:37.812,0.66309,0.66326,1.50,1.95
2015.12.09 08:34:37.914,0.66309,0.66326,1.50,1.95
2015.12.09 08:34:40.298,0.66309,0.66326,1.00,2.70
2015.12.09 08:34:40.399,0.66309,0.66326,1.00,2.70
2015.12.09 08:34:40.704,0.66305,0.66319,1.87,1.00
2015.12.09 08:34:40.907,0.66308,0.66325,1.12,2.62
2015.12.09 08:34:41.008,0.66308,0.66325,1.12,1.57
2015.12.09 08:34:51.460,0.66308,0.66325,1.12,1.27
2015.12.09 08:34:51.511,0.66308,0.66325,1.00,1.57
2015.12.09 08:34:51.613,0.66308,0.66325,1.12,1.65
2015.12.09 08:34:52.356,0.66308,0.66325,1.00,1.95
2015.12.09 08:34:55.872,0.66307,0.66324,1.00,1.50
2015.12.09 08:34:55.973,0.66307,0.66323,1.00,1.57
2015.12.09 08:34:56.075,0.66306,0.66323,1.87,2.02
2015.12.09 08:34:56.429,0.66306,0.66323,2.25,1.65
2015.12.09 08:34:57.184,0.66308,0.66325,1.50,1.10
2015.12.09 08:34:57.285,0.66306,0.66323,2.25,1.00
2015.12.09 08:34:58.151,0.66307,0.66323,1.00,1.00
2015.12.09 08:34:58.451,0.66306,0.66323,2.25,1.00
2015.12.09 08:34:59.450,0.66306,0.66323,1.87,1.37
2015.12.09 08:34:59.998,0.66306,0.66323,2.25,1.00
2015.12.09 08:35:00.610,0.66307,0.66324,1.12,1.12
2015.12.09 08:35:01.446,0.66307,0.66323,1.12,1.00
2015.12.09 08:35:03.587,0.66306,0.66323,1.87,1.87
2015.12.09 08:35:06.002,0.66307,0.66322,1.00,1.00
2015.12.09 08:35:06.509,0.66307,0.66323,1.00,1.12
2015.12.09 08:35:07.092,0.66306,0.66322,1.50,1.00
2015.12.09 08:35:07.650,0.66305,0.66322,1.12,1.57
2015.12.09 08:35:07.752,0.66303,0.66319,1.00,1.10
2015.12.09 08:35:07.856,0.66302,0.66319,1.00,3.75
2015.12.09 08:35:07.958,0.663,0.66317,1.00,1.75
2015.12.09 08:35:08.472,0.66299,0.66316,1.00,2.70
2015.12.09 08:35:08.725,0.66301,0.66316,1.00,1.47
2015.12.09 08:35:08.826,0.66301,0.66318,1.00,2.25
2015.12.09 08:35:09.371,0.663,0.66317,1.12,1.12
2015.12.09 08:35:09.876,0.66301,0.66318,1.00,2.32
2015.12.09 08:35:10.230,0.66301,0.66317,1.00,1.12
2015.12.09 08:35:10.770,0.663,0.66315,1.00,1.57
2015.12.09 08:35:16.304,0.663,0.66315,1.00,1.20
2015.12.09 08:35:17.016,0.66298,0.66316,1.12,1.45
2015.12.09 08:35:19.761,0.66296,0.66314,1.87,1.00
2015.12.09 08:35:19.912,0.66296,0.66314,1.50,4.50
2015.12.09 08:35:20.216,0.66291,0.66306,1.12,1.10
2015.12.09 08:35:23.260,0.66292,0.66306,1.00,1.00
2015.12.09 08:35:30.505,0.66292,0.66306,1.00,1.37
2015.12.09 08:35:31.017,0.66292,0.66306,1.12,1.00
2015.12.09 08:35:37.081,0.66292,0.66308,1.12,1.45
2015.12.09 08:35:41.112,0.66292,0.66308,1.00,1.20
2015.12.09 08:35:41.634,0.66292,0.66309,1.12,1.12
2015.12.09 08:35:42.140,0.66291,0.66306,1.50,1.00
2015.12.09 08:35:42.499,0.66294,0.66308,1.00,1.45
2015.12.09 08:35:42.803,0.66294,0.66307,1.00,1.57
2015.12.09 08:35:42.854,0.66291,0.66307,1.00,1.57
2015.12.09 08:35:44.286,0.6629,0.66307,1.87,1.57
2015.12.09 08:35:44.578,0.6629,0.66307,2.25,1.57
2015.12.09 08:35:53.751,0.6629,0.66305,1.00,1.10
2015.12.09 08:35:53.852,0.66288,0.66305,1.00,1.57
2015.12.09 08:35:54.206,0.66288,0.66302,1.00,1.50
2015.12.09 08:35:54.514,0.66287,0.66304,1.12,1.12
2015.12.09 08:35:54.717,0.66289,0.66304,1.00,1.00
2015.12.09 08:35:55.225,0.66289,0.66306,1.12,1.57
2015.12.09 08:35:55.622,0.66291,0.66307,1.00,1.87
2015.12.09 08:35:56.130,0.66292,0.66307,1.00,1.47
2015.12.09 08:36:06.156,0.66292,0.66309,2.25,1.75
2015.12.09 08:36:06.209,0.66299,0.66314,1.00,1.00
2015.12.09 08:36:06.261,0.66301,0.66318,1.00,4.12
2015.12.09 08:36:06.564,0.66302,0.6632,1.95,1.20
2015.12.09 08:36:06.666,0.66303,0.6632,1.50,1.12
2015.12.09 08:36:06.767,0.66305,0.66322,2.25,1.50
2015.12.09 08:36:06.869,0.66307,0.66324,1.50,1.50
2015.12.09 08:36:07.021,0.6631,0.66326,1.00,1.27
2015.12.09 08:36:07.472,0.6631,0.66326,1.00,1.95
2015.12.09 08:36:07.978,0.66309,0.66324,1.00,1.45
2015.12.09 08:36:08.029,0.66307,0.66324,1.50,1.45
2015.12.09 08:36:08.181,0.66306,0.66323,1.12,1.57
2015.12.09 08:36:08.485,0.66305,0.6632,1.00,1.07
2015.12.09 08:36:08.819,0.66303,0.6632,1.00,1.95
2015.12.09 08:36:09.881,0.66303,0.6632,1.00,1.95
2015.12.09 08:36:11.448,0.66302,0.66318,1.00,1.45
2015.12.09 08:36:11.986,0.66302,0.66317,1.00,1.45
2015.12.09 08:36:14.579,0.66302,0.66318,1.00,1.50
2015.12.09 08:36:16.939,0.663,0.66318,1.12,2.25
2015.12.09 08:36:16.990,0.663,0.66318,1.00,2.25
2015.12.09 08:36:17.495,0.66299,0.66314,1.00,1.12
2015.12.09 08:36:17.836,0.66292,0.6631,1.00,2.25
2015.12.09 08:36:18.140,0.6629,0.66307,1.12,1.85
2015.12.09 08:36:18.242,0.66288,0.66307,1.95,2.32
2015.12.09 08:36:18.293,0.66288,0.66306,1.57,2.25
2015.12.09 08:36:20.435,0.66289,0.66305,1.00,1.75
2015.12.09 08:36:20.797,0.66289,0.66305,1.00,1.50
2015.12.09 08:36:21.921,0.66289,0.66305,1.50,1.50
2015.12.09 08:36:24.225,0.66289,0.66305,1.12,1.50
2015.12.09 08:36:27.573,0.66288,0.66307,2.25,1.50
2015.12.09 08:36:31.814,0.66291,0.66308,1.00,2.40
2015.12.09 08:36:38.286,0.66288,0.66306,1.75,1.12
2015.12.09 08:36:38.438,0.66288,0.66305,1.37,1.50
2015.12.09 08:36:38.964,0.66289,0.66305,1.07,1.50
2015.12.09 08:36:43.199,0.66287,0.66306,3.00,3.00
2015.12.09 08:36:56.407,0.66286,0.66301,1.10,1.00
2015.12.09 08:36:56.819,0.66284,0.66303,1.95,3.00
2015.12.09 08:36:58.412,0.66284,0.66302,1.10,1.75
2015.12.09 08:37:01.020,0.66283,0.66302,1.12,3.00
2015.12.09 08:37:01.072,0.66283,0.66301,1.00,2.25
2015.12.09 08:37:01.173,0.66283,0.66298,1.00,1.00
2015.12.09 08:37:01.581,0.66282,0.66298,1.00,1.75
2015.12.09 08:37:01.834,0.66279,0.66298,1.50,2.25
2015.12.09 08:37:02.729,0.66277,0.66295,2.70,2.25
2015.12.09 08:37:03.235,0.66279,0.66296,1.00,3.00
2015.12.09 08:37:03.748,0.66279,0.66295,1.37,1.87
2015.12.09 08:37:06.481,0.66279,0.66295,1.50,1.87
2015.12.09 08:37:10.511,0.66277,0.66294,1.87,1.50
2015.12.09 08:37:10.749,0.66278,0.66294,1.00,1.75
2015.12.09 08:37:10.851,0.66278,0.66294,1.00,1.50
2015.12.09 08:37:11.004,0.66277,0.66293,1.00,3.00
2015.12.09 08:37:11.105,0.66277,0.66293,1.00,1.75
2015.12.09 08:37:11.612,0.66276,0.66293,1.10,1.75
2015.12.09 08:37:13.822,0.66276,0.66292,1.57,1.00
2015.12.09 08:37:15.764,0.66277,0.66292,1.00,1.00
2015.12.09 08:37:18.645,0.66276,0.66293,1.00,3.00
2015.12.09 08:37:18.986,0.66275,0.66289,1.00,1.50
2015.12.09 08:37:19.290,0.66271,0.66287,1.00,2.25
2015.12.09 08:37:19.341,0.66271,0.66289,1.10,1.75
2015.12.09 08:37:19.544,0.66272,0.6629,1.27,1.75
2015.12.09 08:37:19.595,0.66274,0.66291,1.00,2.25
2015.12.09 08:37:19.646,0.66275,0.66293,1.12,2.62
2015.12.09 08:37:19.849,0.66275,0.66293,1.50,1.87
2015.12.09 08:37:19.904,0.66277,0.66296,1.65,2.25
2015.12.09 08:37:19.955,0.66279,0.66296,1.85,1.12
2015.12.09 08:37:20.361,0.66282,0.66299,2.25,2.32
2015.12.09 08:37:21.718,0.66282,0.66299,1.00,2.25
2015.12.09 08:37:26.030,0.66281,0.66299,1.10,2.25
2015.12.09 08:37:26.385,0.66278,0.66296,1.20,1.75
2015.12.09 08:37:26.889,0.66279,0.66294,1.00,1.00
2015.12.09 08:37:27.444,0.66278,0.66295,1.75,1.50
2015.12.09 08:37:27.545,0.66278,0.66293,1.00,1.00
2015.12.09 08:37:27.748,0.66277,0.66294,1.00,1.75
2015.12.09 08:37:27.951,0.66276,0.66294,1.87,1.12
2015.12.09 08:37:32.864,0.66281,0.66295,1.00,1.00
2015.12.09 08:37:34.170,0.66278,0.66295,1.75,1.12
2015.12.09 08:37:34.576,0.66277,0.66292,1.50,1.00
2015.12.09 08:37:34.982,0.66275,0.66292,1.12,1.75
2015.12.09 08:37:35.593,0.66275,0.66292,1.50,1.50
2015.12.09 08:37:35.926,0.66276,0.66294,3.07,1.50
2015.12.09 08:37:36.462,0.66279,0.66294,1.50,1.00
2015.12.09 08:37:45.313,0.66278,0.66295,1.75,1.12
2015.12.09 08:37:45.750,0.66278,0.66295,1.50,1.50
2015.12.09 08:37:51.284,0.66278,0.66295,1.50,1.50
2015.12.09 08:37:51.386,0.66278,0.66294,1.37,1.00
2015.12.09 08:37:52.068,0.66279,0.66295,1.50,1.12
2015.12.09 08:37:52.892,0.66279,0.66295,1.12,1.50
2015.12.09 08:37:54.102,0.66278,0.66295,1.75,1.00
2015.12.09 08:37:54.652,0.66282,0.66299,1.00,2.25
2015.12.09 08:37:55.191,0.66282,0.66299,1.00,2.25
2015.12.09 08:37:55.243,0.66282,0.66299,1.75,1.87
2015.12.09 08:37:55.293,0.66282,0.66299,1.37,1.87
2015.12.09 08:37:55.446,0.66282,0.66299,1.75,1.87
2015.12.09 08:37:55.808,0.66286,0.66301,1.37,1.37
2015.12.09 08:37:55.960,0.66289,0.66304,1.50,1.00
2015.12.09 08:37:56.302,0.66289,0.66306,1.75,1.87
2015.12.09 08:37:56.509,0.66289,0.66306,1.50,2.25
2015.12.09 08:37:56.814,0.66288,0.66306,1.75,2.25
2015.12.09 08:37:56.915,0.66287,0.66303,2.32,1.37
2015.12.09 08:37:57.214,0.66285,0.66302,1.10,1.75
2015.12.09 08:37:57.468,0.66282,0.663,1.50,2.25
2015.12.09 08:37:57.823,0.66282,0.66296,1.00,1.00
2015.12.09 08:37:58.193,0.66282,0.66298,2.25,1.37
2015.12.09 08:37:58.612,0.66282,0.66298,1.00,1.75
2015.12.09 08:37:59.162,0.66279,0.66297,2.40,1.50
2015.12.09 08:37:59.314,0.66279,0.66297,2.40,1.37
2015.12.09 08:38:01.747,0.66279,0.66297,2.40,1.50
2015.12.09 08:38:02.451,0.66279,0.66297,2.40,1.75
2015.12.09 08:38:02.639,0.66279,0.66297,2.40,1.12
2015.12.09 08:38:03.256,0.6628,0.66297,1.75,1.00
2015.12.09 08:38:06.549,0.66281,0.66296,1.00,1.00
2015.12.09 08:38:06.921,0.6628,0.66297,1.37,1.75
2015.12.09 08:38:07.434,0.6628,0.66296,1.12,3.00
2015.12.09 08:38:08.331,0.66278,0.66296,1.87,3.75
2015.12.09 08:38:08.639,0.66276,0.66285,1.00,1.00
2015.12.09 08:38:08.741,0.6627,0.66285,1.75,1.87
2015.12.09 08:38:08.843,0.66267,0.66284,2.62,2.25
2015.12.09 08:38:09.349,0.66268,0.66283,1.00,1.00
2015.12.09 08:38:09.885,0.66268,0.66284,1.00,1.75
2015.12.09 08:38:10.389,0.66266,0.66284,2.32,3.00
2015.12.09 08:38:10.929,0.66266,0.66283,2.32,2.25
2015.12.09 08:38:11.087,0.66265,0.66281,1.12,1.50
2015.12.09 08:38:11.595,0.66264,0.66281,1.85,1.12
2015.12.09 08:38:15.500,0.66267,0.66281,1.00,1.12
2015.12.09 08:38:15.855,0.66268,0.66283,1.10,5.62
2015.12.09 08:38:16.714,0.66268,0.66283,1.20,5.62
2015.12.09 08:38:19.857,0.66268,0.66283,1.07,2.62
2015.12.09 08:38:20.112,0.66266,0.6628,1.07,1.50
2015.12.09 08:38:20.163,0.66265,0.6628,1.37,1.87
2015.12.09 08:38:20.491,0.66259,0.66277,3.00,3.82
2015.12.09 08:38:20.899,0.66256,0.66274,1.95,4.50
2015.12.09 08:38:21.973,0.66259,0.66273,1.47,1.00
2015.12.09 08:38:22.495,0.66259,0.66274,1.57,1.37
2015.12.09 08:38:25.901,0.66259,0.66275,1.47,1.75
2015.12.09 08:38:26.595,0.66259,0.66275,1.47,1.75
2015.12.09 08:38:27.144,0.66259,0.66275,1.10,1.75
2015.12.09 08:38:29.703,0.66258,0.66275,1.50,3.75
2015.12.09 08:38:36.293,0.66258,0.66274,1.12,1.75
2015.12.09 08:38:39.317,0.66258,0.66271,1.12,1.00
2015.12.09 08:38:39.699,0.66257,0.66271,1.85,1.00
2015.12.09 08:38:41.843,0.66257,0.66271,1.85,1.00
2015.12.09 08:38:45.536,0.66257,0.66271,1.57,1.00
2015.12.09 08:38:46.910,0.66256,0.66271,1.85,1.00
2015.12.09 08:38:47.438,0.66257,0.66271,1.20,1.00
2015.12.09 08:38:51.229,0.66257,0.66271,1.20,1.00
2015.12.09 08:38:54.639,0.66257,0.66271,1.12,1.00
2015.12.09 08:38:55.146,0.66257,0.66271,1.12,1.00
2015.12.09 08:39:01.777,0.66256,0.66271,1.20,1.37
2015.12.09 08:39:05.351,0.66258,0.66271,1.47,1.00
2015.12.09 08:39:05.402,0.66258,0.66273,1.95,1.12
2015.12.09 08:39:05.453,0.66258,0.66273,2.62,1.12
2015.12.09 08:39:06.092,0.66259,0.66273,1.20,1.50
2015.12.09 08:39:08.362,0.6626,0.66274,1.10,1.50
2015.12.09 08:39:08.526,0.66259,0.66274,1.20,1.00
2015.12.09 08:39:08.577,0.66261,0.66276,1.85,1.12
2015.12.09 08:39:09.799,0.66261,0.66276,1.37,1.50
2015.12.09 08:39:09.851,0.6626,0.66274,1.50,1.50
2015.12.09 08:39:10.003,0.66258,0.66272,1.45,1.00
2015.12.09 08:39:10.663,0.66258,0.66272,1.45,1.00
2015.12.09 08:39:11.000,0.6626,0.66275,1.50,3.37
2015.12.09 08:39:14.400,0.6626,0.66275,1.00,1.75
2015.12.09 08:39:14.924,0.66257,0.66273,1.95,1.12
2015.12.09 08:39:15.481,0.66259,0.66273,1.07,1.12
2015.12.09 08:39:15.819,0.6626,0.66274,1.87,1.00
2015.12.09 08:39:20.776,0.6626,0.66275,1.87,1.00
2015.12.09 08:39:21.080,0.66262,0.66277,1.95,1.37
2015.12.09 08:39:21.819,0.66263,0.66277,1.57,1.37
2015.12.09 08:39:22.078,0.66263,0.66277,1.47,1.00
2015.12.09 08:39:22.589,0.66263,0.66279,1.85,1.37
2015.12.09 08:39:22.926,0.66271,0.6628,1.12,2.25
2015.12.09 08:39:22.979,0.66271,0.66285,1.12,1.00
2015.12.09 08:39:25.905,0.6627,0.66285,1.12,1.12
2015.12.09 08:39:27.400,0.6627,0.66285,1.50,1.12
2015.12.09 08:39:27.950,0.6627,0.66285,1.37,1.37
2015.12.09 08:39:28.912,0.6627,0.66285,1.50,1.00
2015.12.09 08:39:31.317,0.6627,0.66284,1.00,1.00
2015.12.09 08:39:31.919,0.6627,0.66283,1.12,1.00
2015.12.09 08:39:32.093,0.66268,0.66283,1.50,1.50
2015.12.09 08:39:32.144,0.6627,0.6628,1.00,1.00
2015.12.09 08:39:32.195,0.66266,0.6628,1.37,1.00
2015.12.09 08:39:32.652,0.66267,0.66273,1.00,2.25
2015.12.09 08:39:32.754,0.66264,0.66273,1.57,2.25
2015.12.09 08:39:32.856,0.66261,0.66273,1.50,2.25
2015.12.09 08:39:33.098,0.66263,0.66273,1.12,2.25
2015.12.09 08:39:33.150,0.66262,0.66273,1.45,2.25
2015.12.09 08:39:33.607,0.66262,0.66273,1.27,2.25
2015.12.09 08:39:33.861,0.66262,0.66277,1.65,1.00
2015.12.09 08:39:34.368,0.66263,0.66278,1.12,1.12
2015.12.09 08:39:34.874,0.66263,0.66278,1.50,1.12
2015.12.09 08:39:34.925,0.66266,0.66278,1.00,1.00
2015.12.09 08:39:35.077,0.66266,0.6628,1.00,1.00
2015.12.09 08:39:35.338,0.66265,0.66281,1.85,1.00
2015.12.09 08:39:35.694,0.66268,0.66279,1.00,1.00
2015.12.09 08:39:35.846,0.66265,0.66279,1.50,1.00
2015.12.09 08:39:36.382,0.66263,0.66279,1.57,1.12
2015.12.09 08:39:36.434,0.66263,0.66278,1.10,1.50
2015.12.09 08:39:36.981,0.66262,0.66276,1.12,1.00
2015.12.09 08:39:37.843,0.6626,0.66275,1.85,1.00
2015.12.09 08:39:38.373,0.66259,0.66275,1.95,1.00
2015.12.09 08:39:40.239,0.66259,0.66275,1.57,1.50
2015.12.09 08:39:40.745,0.66259,0.66275,1.20,1.50
2015.12.09 08:39:41.690,0.66262,0.66273,1.00,1.00
2015.12.09 08:39:42.242,0.66262,0.66272,1.00,1.00
2015.12.09 08:39:46.645,0.66261,0.66272,1.00,1.50
2015.12.09 08:39:47.008,0.66259,0.66271,1.00,1.57
2015.12.09 08:39:47.110,0.66261,0.6627,1.00,1.00
2015.12.09 08:39:47.161,0.66259,0.6627,1.00,1.00
2015.12.09 08:39:47.670,0.6626,0.66272,1.00,1.00
2015.12.09 08:39:48.177,0.66261,0.66272,1.00,1.00
2015.12.09 08:39:49.329,0.66261,0.66271,1.00,1.00
2015.12.09 08:39:49.841,0.66262,0.66271,1.00,1.00
2015.12.09 08:39:50.657,0.66262,0.6627,1.00,1.00
2015.12.09 08:39:50.708,0.66259,0.6627,1.12,1.50
2015.12.09 08:39:50.912,0.66256,0.66268,1.37,1.00
2015.12.09 08:39:51.217,0.66255,0.66265,1.00,1.00
2015.12.09 08:39:52.058,0.66255,0.66266,1.00,1.00
2015.12.09 08:39:52.362,0.66259,0.6627,1.00,1.57
2015.12.09 08:39:52.464,0.66259,0.66271,1.00,1.20
2015.12.09 08:39:52.660,0.66261,0.66271,1.00,1.00
2015.12.09 08:39:52.774,0.66259,0.66271,1.00,1.00
2015.12.09 08:39:54.019,0.6626,0.66271,1.00,1.00
2015.12.09 08:39:54.648,0.6626,0.6627,1.00,1.00
2015.12.09 08:39:55.288,0.66261,0.66271,1.00,1.00
2015.12.09 08:39:55.703,0.66259,0.66271,1.00,1.00
2015.12.09 08:39:55.805,0.66259,0.66269,1.00,1.00
2015.12.09 08:39:56.289,0.66257,0.66269,1.00,1.12
2015.12.09 08:39:56.340,0.66259,0.66269,1.00,1.12
2015.12.09 08:39:56.544,0.6626,0.66271,1.00,1.12
2015.12.09 08:39:57.052,0.6626,0.66272,1.00,1.50
2015.12.09 08:39:59.782,0.6626,0.66273,1.00,1.87
2015.12.09 08:40:01.129,0.6626,0.66272,1.00,1.00
2015.12.09 08:40:01.638,0.6626,0.66273,1.00,1.87
2015.12.09 08:40:02.561,0.6626,0.66272,1.00,1.00
2015.12.09 08:40:02.763,0.66259,0.6627,1.00,1.00
2015.12.09 08:40:03.078,0.66256,0.66268,1.00,1.12
2015.12.09 08:40:03.332,0.66256,0.66266,1.00,1.00
2015.12.09 08:40:03.484,0.66254,0.66267,1.00,1.50
2015.12.09 08:40:04.242,0.66251,0.66266,1.10,1.00
2015.12.09 08:40:04.766,0.6625,0.66268,1.95,1.75
2015.12.09 08:40:05.327,0.66252,0.66267,1.00,1.00
2015.12.09 08:40:06.017,0.66252,0.66268,1.10,1.75
2015.12.09 08:40:06.118,0.66253,0.66271,1.50,3.07
2015.12.09 08:40:06.399,0.66257,0.66273,1.57,1.50
2015.12.09 08:40:06.981,0.66258,0.66273,1.87,1.00
2015.12.09 08:40:07.133,0.6626,0.66275,1.20,1.75
2015.12.09 08:40:07.673,0.66261,0.66275,1.07,1.37
2015.12.09 08:40:08.378,0.6626,0.66276,1.87,1.12
2015.12.09 08:40:09.080,0.66262,0.66277,1.12,1.12
2015.12.09 08:40:09.886,0.66261,0.66276,1.50,1.00
2015.12.09 08:40:10.604,0.66263,0.66276,1.00,1.00
2015.12.09 08:40:10.891,0.66266,0.66282,1.45,1.00
2015.12.09 08:40:11.246,0.66265,0.66281,1.87,1.12
2015.12.09 08:40:11.297,0.66266,0.66281,1.10,1.37
2015.12.09 08:40:11.841,0.66265,0.66281,1.50,1.75
2015.12.09 08:40:12.034,0.66263,0.66279,1.95,1.12
2015.12.09 08:40:13.504,0.66266,0.66279,1.00,1.12
2015.12.09 08:40:13.708,0.66263,0.66279,1.57,1.37
2015.12.09 08:40:14.164,0.66265,0.66282,1.50,1.85
2015.12.09 08:40:14.265,0.66268,0.66282,1.12,1.00
2015.12.09 08:40:14.447,0.66268,0.66282,1.57,1.00
2015.12.09 08:40:14.704,0.66269,0.66285,1.87,1.50
2015.12.09 08:40:18.054,0.6627,0.66285,1.00,1.50
2015.12.09 08:40:18.926,0.6627,0.66286,1.00,1.75
2015.12.09 08:40:19.432,0.6627,0.66286,1.12,1.50
2015.12.09 08:40:21.231,0.66269,0.66284,1.00,1.37
2015.12.09 08:40:21.734,0.66268,0.66284,1.00,1.50
2015.12.09 08:40:22.409,0.66269,0.66284,1.00,1.50
2015.12.09 08:40:22.925,0.66269,0.66284,1.00,1.75
2015.12.09 08:40:26.540,0.66269,0.66283,1.00,1.00
2015.12.09 08:40:26.591,0.66267,0.66284,1.12,1.50
2015.12.09 08:40:26.643,0.66267,0.66284,1.12,1.50
2015.12.09 08:40:27.157,0.66267,0.66284,1.00,1.75
2015.12.09 08:40:27.863,0.66267,0.66284,1.00,1.75
2015.12.09 08:40:28.168,0.66269,0.66284,1.00,1.75
2015.12.09 08:40:28.516,0.66271,0.66288,1.00,1.95
2015.12.09 08:40:28.567,0.66271,0.66288,1.37,1.95
2015.12.09 08:40:29.076,0.66271,0.66289,1.50,1.50
2015.12.09 08:40:29.380,0.66271,0.66289,1.12,1.75
2015.12.09 08:40:30.270,0.66271,0.66289,1.12,1.75
2015.12.09 08:40:30.423,0.66271,0.66289,1.75,1.12
2015.12.09 08:40:32.056,0.66271,0.66289,1.50,1.37
2015.12.09 08:40:32.562,0.66271,0.66289,1.12,1.75
2015.12.09 08:40:32.866,0.66274,0.66289,1.00,1.12
2015.12.09 08:40:33.406,0.66273,0.66289,1.12,1.12
2015.12.09 08:40:34.206,0.66273,0.66291,1.00,1.85
2015.12.09 08:40:34.758,0.66273,0.66291,1.00,2.32
2015.12.09 08:40:36.158,0.66274,0.66288,1.00,1.50
2015.12.09 08:40:36.361,0.66271,0.66288,1.00,1.75
2015.12.09 08:40:36.615,0.6627,0.66286,1.00,1.75
2015.12.09 08:40:37.922,0.66268,0.66286,1.12,1.75
2015.12.09 08:40:38.676,0.66268,0.66286,1.37,1.75
2015.12.09 08:40:38.727,0.66268,0.66286,1.50,1.50
2015.12.09 08:40:38.778,0.66268,0.66286,1.12,1.50
2015.12.09 08:40:39.680,0.66267,0.66283,1.12,1.00
2015.12.09 08:40:39.984,0.66267,0.66284,1.00,1.75
2015.12.09 08:40:41.719,0.66267,0.66284,1.00,1.75
2015.12.09 08:40:42.386,0.66267,0.66284,1.00,1.75
2015.12.09 08:40:43.097,0.66267,0.66283,1.12,1.00
2015.12.09 08:40:48.228,0.66267,0.66284,1.00,1.50
2015.12.09 08:40:48.636,0.66266,0.66282,1.00,1.75
2015.12.09 08:40:48.688,0.66264,0.66282,1.12,1.75
2015.12.09 08:40:49.722,0.66264,0.66282,1.50,1.75
2015.12.09 08:40:49.773,0.66264,0.66282,1.87,1.50
2015.12.09 08:40:50.122,0.66267,0.66284,1.00,1.75
2015.12.09 08:40:50.178,0.66267,0.66284,1.00,1.75
2015.12.09 08:40:50.725,0.66268,0.66284,1.00,1.75
2015.12.09 08:40:51.308,0.66267,0.66284,1.00,1.75
2015.12.09 08:40:51.880,0.66268,0.66284,1.00,1.75
2015.12.09 08:40:54.744,0.66268,0.66282,1.12,1.00
2015.12.09 08:40:54.941,0.66268,0.66284,1.00,1.50
2015.12.09 08:40:55.093,0.66265,0.66284,1.87,2.25
2015.12.09 08:40:55.600,0.66267,0.66284,1.00,1.75
2015.12.09 08:40:56.147,0.66267,0.66284,1.12,1.75
2015.12.09 08:41:01.451,0.66266,0.66281,1.00,1.12
2015.12.09 08:41:01.973,0.66266,0.66285,1.12,3.82
2015.12.09 08:41:02.348,0.66266,0.66285,1.12,2.32
2015.12.09 08:41:02.612,0.66266,0.66285,1.12,3.82
2015.12.09 08:41:06.947,0.66266,0.66285,1.12,2.32
2015.12.09 08:41:07.049,0.66266,0.66285,1.12,3.82
2015.12.09 08:41:09.152,0.66267,0.66285,1.00,3.07
2015.12.09 08:41:09.811,0.66268,0.66285,1.00,3.07
2015.12.09 08:41:12.006,0.66269,0.66285,1.00,3.07
2015.12.09 08:41:12.677,0.66268,0.66285,1.00,3.00
2015.12.09 08:41:15.513,0.6627,0.66285,1.37,2.25
2015.12.09 08:41:15.564,0.66271,0.66288,1.37,1.87
2015.12.09 08:41:15.716,0.66271,0.66287,1.12,1.10
2015.12.09 08:41:15.917,0.66271,0.66288,1.12,1.95
2015.12.09 08:41:18.044,0.6627,0.66288,1.50,1.75
2015.12.09 08:41:21.153,0.66274,0.6629,1.12,1.87
2015.12.09 08:41:21.254,0.66276,0.66291,1.75,1.37
2015.12.09 08:41:21.305,0.66276,0.66291,1.75,1.00
2015.12.09 08:41:21.407,0.66278,0.66289,1.50,1.00
2015.12.09 08:41:21.458,0.66277,0.66289,1.12,1.00
2015.12.09 08:41:21.560,0.66277,0.66292,1.12,1.00
2015.12.09 08:41:21.662,0.66278,0.66295,1.50,1.87
2015.12.09 08:41:21.764,0.66281,0.66296,1.00,1.00
2015.12.09 08:41:21.866,0.6628,0.66297,1.75,1.00
2015.12.09 08:41:22.409,0.6628,0.66297,1.75,1.12
2015.12.09 08:41:23.666,0.66284,0.66299,1.00,1.00
2015.12.09 08:41:23.970,0.66289,0.66307,1.50,1.75
2015.12.09 08:41:24.275,0.6629,0.66308,1.75,1.37
2015.12.09 08:41:30.234,0.66291,0.66309,1.00,2.25
2015.12.09 08:41:39.781,0.6629,0.66309,1.75,2.25
2015.12.09 08:41:41.996,0.66292,0.66309,2.25,1.50
2015.12.09 08:41:42.298,0.66294,0.66311,1.75,1.12
2015.12.09 08:41:42.805,0.66295,0.6631,1.50,1.00
2015.12.09 08:41:43.159,0.66294,0.66311,1.12,1.85
2015.12.09 08:41:43.210,0.66292,0.66307,2.25,1.00
2015.12.09 08:41:44.764,0.66289,0.66308,2.25,2.25
2015.12.09 08:41:44.815,0.66289,0.66308,2.25,2.25
2015.12.09 08:41:47.603,0.66289,0.66307,1.75,2.25
2015.12.09 08:41:47.705,0.66289,0.66307,1.12,2.25
2015.12.09 08:41:48.129,0.66288,0.66302,1.37,1.47
2015.12.09 08:41:48.180,0.66286,0.66302,1.00,1.85
2015.12.09 08:41:48.234,0.66284,0.66299,1.00,1.50
2015.12.09 08:41:48.351,0.66284,0.66299,1.00,2.25
2015.12.09 08:41:48.402,0.66282,0.66299,1.12,2.25
2015.12.09 08:41:48.708,0.66279,0.66296,1.87,1.37
2015.12.09 08:41:48.861,0.66279,0.66295,1.50,1.75
2015.12.09 08:41:49.299,0.6628,0.66295,1.00,2.25
2015.12.09 08:41:49.401,0.66277,0.66295,1.75,2.25
2015.12.09 08:41:49.907,0.66278,0.66295,1.50,2.25
2015.12.09 08:41:50.423,0.66278,0.66295,1.50,1.87
2015.12.09 08:41:50.942,0.66278,0.66295,1.00,2.25
2015.12.09 08:41:53.440,0.66278,0.66295,1.37,1.50
2015.12.09 08:41:53.490,0.66278,0.66295,1.75,1.12
2015.12.09 08:41:53.542,0.66278,0.66295,1.50,1.37
2015.12.09 08:41:54.111,0.66278,0.66295,1.12,1.75
2015.12.09 08:41:56.417,0.66278,0.66295,1.00,1.75
2015.12.09 08:41:57.228,0.66278,0.66295,1.37,2.25
2015.12.09 08:41:57.734,0.66277,0.66295,1.50,1.75
2015.12.09 08:41:57.938,0.66278,0.66295,1.00,1.50
2015.12.09 08:41:58.446,0.66281,0.66296,1.00,1.75
2015.12.09 08:41:58.995,0.66281,0.66296,1.12,1.50
2015.12.09 08:41:59.350,0.66281,0.66296,1.00,1.50
2015.12.09 08:41:59.870,0.66281,0.66296,1.00,1.75
2015.12.09 08:42:04.239,0.66277,0.66296,2.25,3.00
2015.12.09 08:42:06.476,0.66277,0.66294,1.50,1.50
2015.12.09 08:42:07.001,0.66277,0.66294,1.50,1.75
2015.12.09 08:42:07.509,0.66277,0.66294,1.37,1.75
2015.12.09 08:42:09.668,0.66277,0.66294,1.50,1.50
2015.12.09 08:42:09.770,0.66277,0.66294,1.00,1.75
2015.12.09 08:42:11.275,0.66277,0.66296,2.25,3.00
2015.12.09 08:42:12.066,0.66277,0.66296,2.25,2.25
2015.12.09 08:42:12.767,0.66277,0.66296,2.25,3.00
2015.12.09 08:42:12.868,0.66277,0.66296,2.25,3.00
2015.12.09 08:42:13.577,0.66279,0.66294,1.50,1.00
2015.12.09 08:42:13.836,0.66276,0.66292,1.75,1.50
2015.12.09 08:42:13.938,0.66275,0.66291,1.37,2.62
2015.12.09 08:42:14.091,0.66272,0.66291,2.25,2.32
2015.12.09 08:42:14.192,0.66272,0.66291,2.25,2.32
2015.12.09 08:42:14.395,0.66273,0.66291,1.50,2.32
2015.12.09 08:42:14.741,0.66272,0.66289,1.87,2.25
2015.12.09 08:42:15.251,0.66272,0.66289,1.00,2.25
2015.12.09 08:42:16.264,0.66272,0.66289,1.50,1.50
2015.12.09 08:42:16.467,0.66275,0.6629,1.00,1.50
2015.12.09 08:42:17.017,0.66275,0.66292,1.12,2.25
2015.12.09 08:42:18.475,0.66273,0.6629,1.50,1.20
2015.12.09 08:42:18.883,0.66271,0.66288,2.25,1.50
2015.12.09 08:42:19.289,0.6627,0.66284,1.50,1.00
2015.12.09 08:42:19.791,0.66268,0.66285,1.95,1.12
2015.12.09 08:42:23.588,0.66267,0.66284,1.87,1.45
2015.12.09 08:42:23.946,0.66267,0.66281,1.87,1.00
2015.12.09 08:42:26.906,0.66267,0.66284,1.87,1.20
2015.12.09 08:42:27.242,0.66267,0.66284,1.50,1.20
2015.12.09 08:42:27.495,0.66267,0.66284,1.87,1.20
2015.12.09 08:42:28.001,0.66267,0.66284,1.50,1.20
2015.12.09 08:42:29.880,0.66267,0.66282,1.00,1.75
2015.12.09 08:42:29.983,0.66264,0.66278,1.87,1.00
2015.12.09 08:42:31.397,0.66265,0.66279,1.00,1.00
2015.12.09 08:42:34.501,0.66265,0.66277,1.00,1.00
2015.12.09 08:42:34.806,0.6626,0.66273,1.10,1.10
2015.12.09 08:42:35.656,0.66259,0.66274,1.12,1.45
2015.12.09 08:42:35.707,0.66259,0.66275,2.25,1.12
2015.12.09 08:42:35.809,0.66259,0.66275,1.87,1.12
2015.12.09 08:42:45.499,0.66259,0.66275,2.25,1.07
2015.12.09 08:42:45.805,0.6626,0.66276,1.75,1.12
2015.12.09 08:42:46.565,0.6626,0.66277,2.25,1.07
2015.12.09 08:42:46.789,0.66261,0.66275,1.00,1.00
2015.12.09 08:42:47.352,0.6626,0.66277,1.12,1.20
2015.12.09 08:42:52.849,0.66259,0.66277,1.75,1.20
2015.12.09 08:42:53.457,0.66264,0.66277,1.00,1.12
2015.12.09 08:42:53.558,0.66265,0.66279,1.00,1.12
2015.12.09 08:42:53.752,0.66267,0.66282,1.00,2.32
2015.12.09 08:42:53.803,0.66268,0.66284,1.50,1.45
2015.12.09 08:42:54.309,0.66269,0.66285,1.50,1.20
2015.12.09 08:42:55.064,0.66269,0.66286,1.75,2.62
2015.12.09 08:42:56.878,0.66269,0.66285,1.75,1.07
2015.12.09 08:42:57.473,0.66271,0.66285,1.37,1.07
2015.12.09 08:42:57.979,0.66272,0.66288,1.37,1.50
2015.12.09 08:42:58.335,0.66275,0.66288,1.00,1.82
2015.12.09 08:42:58.682,0.6628,0.66297,2.25,1.95
2015.12.09 08:42:58.839,0.6628,0.66297,3.75,1.87
2015.12.09 08:42:58.940,0.66283,0.66298,1.00,1.12
2015.12.09 08:42:59.041,0.66283,0.66298,1.37,1.20
2015.12.09 08:43:07.055,0.66283,0.66301,2.25,3.00
2015.12.09 08:43:07.207,0.66283,0.66301,2.25,3.00
2015.12.09 08:43:09.035,0.66286,0.66302,1.75,1.57
2015.12.09 08:43:09.086,0.66289,0.66305,2.40,1.75
2015.12.09 08:43:09.696,0.66291,0.66307,1.50,1.50
2015.12.09 08:43:09.797,0.66291,0.66306,1.37,1.50
2015.12.09 08:43:09.899,0.66291,0.66306,1.50,1.37
2015.12.09 08:43:10.409,0.66291,0.66307,1.12,1.75
2015.12.09 08:43:10.919,0.66289,0.66307,1.95,1.75
2015.12.09 08:43:14.786,0.66289,0.66306,1.65,1.50
2015.12.09 08:43:15.095,0.66289,0.66306,3.15,1.12
2015.12.09 08:43:15.380,0.66289,0.66306,1.95,1.37
2015.12.09 08:43:15.481,0.66289,0.66306,1.95,1.50
2015.12.09 08:43:15.683,0.66289,0.66306,1.65,1.75
2015.12.09 08:43:19.293,0.66289,0.66305,1.47,1.50
2015.12.09 08:43:19.816,0.6629,0.66304,1.00,1.00
2015.12.09 08:43:20.120,0.66289,0.66306,1.85,2.32
2015.12.09 08:43:20.893,0.6629,0.66306,1.50,1.10
2015.12.09 08:43:21.097,0.66291,0.66308,1.75,1.10
2015.12.09 08:43:21.447,0.66291,0.66307,1.37,1.20
2015.12.09 08:43:21.702,0.66292,0.66307,1.47,1.10
2015.12.09 08:43:22.126,0.66291,0.66308,1.50,2.70
2015.12.09 08:43:24.133,0.66293,0.66307,1.00,1.00
2015.12.09 08:43:24.651,0.66293,0.66309,1.37,1.85
2015.12.09 08:43:28.443,0.66292,0.6631,1.37,3.45
2015.12.09 08:43:28.544,0.66294,0.66308,1.00,1.00
2015.12.09 08:43:29.559,0.66292,0.6631,1.37,3.45
2015.12.09 08:43:29.712,0.66292,0.6631,1.37,1.95
2015.12.09 08:43:30.218,0.66292,0.6631,1.75,1.95
2015.12.09 08:43:33.532,0.66294,0.66309,1.37,1.10
2015.12.09 08:43:33.685,0.66291,0.6631,1.75,3.45
2015.12.09 08:43:34.198,0.66292,0.66309,1.75,1.57
2015.12.09 08:43:37.071,0.66292,0.66309,1.37,1.57
2015.12.09 08:43:37.458,0.66292,0.66309,1.75,1.85
2015.12.09 08:43:38.270,0.66291,0.6631,1.50,4.95
2015.12.09 08:43:38.372,0.66291,0.6631,1.75,3.45
2015.12.09 08:43:40.258,0.66291,0.66308,1.75,1.07
2015.12.09 08:43:41.202,0.66291,0.66308,1.50,1.20
2015.12.09 08:43:41.512,0.66291,0.66309,1.75,1.50
2015.12.09 08:43:41.665,0.66291,0.66308,1.12,1.20
2015.12.09 08:43:42.072,0.66288,0.66306,1.57,1.50
2015.12.09 08:43:42.174,0.66288,0.66301,1.00,1.00
2015.12.09 08:43:42.499,0.66283,0.663,1.00,2.62
2015.12.09 08:43:42.601,0.66282,0.66298,1.75,1.20
2015.12.09 08:43:43.077,0.66282,0.66298,1.75,1.50
2015.12.09 08:43:43.584,0.6628,0.66295,3.75,1.10
2015.12.09 08:43:43.880,0.66281,0.66294,1.00,1.10
2015.12.09 08:43:45.890,0.6628,0.66293,1.00,1.00
2015.12.09 08:43:45.946,0.66278,0.66293,1.37,1.57
2015.12.09 08:43:45.997,0.66278,0.66291,1.00,1.00
2015.12.09 08:43:46.048,0.66275,0.6629,1.50,1.50
2015.12.09 08:43:46.099,0.66275,0.6629,1.12,1.87
2015.12.09 08:43:46.150,0.66275,0.66291,1.87,1.45
2015.12.09 08:43:46.674,0.66277,0.66293,2.25,1.75
2015.12.09 08:43:47.150,0.66281,0.66293,1.12,1.12
2015.12.09 08:43:47.696,0.66279,0.66293,1.12,1.12
2015.12.09 08:43:47.747,0.66277,0.66293,1.50,1.37
2015.12.09 08:43:48.085,0.66271,0.66287,1.87,1.45
2015.12.09 08:43:48.390,0.66267,0.66283,1.00,1.20
2015.12.09 08:43:48.441,0.66267,0.66282,1.00,2.40
2015.12.09 08:43:48.492,0.66265,0.66282,1.00,2.70
2015.12.09 08:43:48.594,0.66265,0.66279,1.50,1.00
2015.12.09 08:43:48.645,0.66265,0.66279,1.50,1.00
2015.12.09 08:43:49.669,0.66264,0.6628,1.75,1.07
2015.12.09 08:43:50.262,0.66264,0.6628,1.75,1.50
2015.12.09 08:43:50.566,0.66262,0.6628,2.25,1.50
2015.12.09 08:43:50.668,0.66262,0.66278,1.37,1.50
2015.12.09 08:43:50.770,0.6626,0.66277,1.50,1.20
2015.12.09 08:43:52.794,0.66259,0.66277,2.25,1.45
2015.12.09 08:44:01.292,0.66259,0.66277,1.50,1.20
2015.12.09 08:44:01.393,0.66259,0.66277,1.50,1.20
2015.12.09 08:44:02.691,0.66258,0.66276,1.85,1.47
2015.12.09 08:44:02.806,0.66258,0.66276,1.85,1.20
2015.12.09 08:44:03.149,0.66259,0.66277,1.50,1.20
2015.12.09 08:44:03.669,0.66259,0.66277,1.75,1.20
2015.12.09 08:44:04.188,0.66259,0.66277,1.50,1.20
2015.12.09 08:44:04.525,0.66255,0.66268,1.12,1.50
2015.12.09 08:44:04.627,0.66249,0.66266,1.75,1.10
2015.12.09 08:44:04.729,0.66249,0.66266,1.12,1.85
2015.12.09 08:44:05.036,0.66248,0.66265,1.75,1.07
2015.12.09 08:44:05.442,0.66249,0.66266,1.00,1.20
2015.12.09 08:44:05.544,0.66249,0.66267,1.75,1.50
2015.12.09 08:44:05.951,0.66251,0.66268,1.75,1.45
2015.12.09 08:44:07.241,0.66255,0.66272,1.45,4.50
2015.12.09 08:44:07.293,0.66258,0.66275,1.10,4.95
2015.12.09 08:44:07.446,0.66259,0.66275,1.00,1.20
2015.12.09 08:44:07.892,0.6626,0.66278,1.12,3.07
2015.12.09 08:44:08.400,0.66262,0.66279,1.00,2.32
2015.12.09 08:44:08.554,0.66262,0.6628,1.75,1.45
2015.12.09 08:44:09.508,0.66264,0.66281,1.75,1.12
2015.12.09 08:44:09.559,0.66264,0.6628,1.75,1.07
2015.12.09 08:44:10.363,0.66263,0.66282,3.37,1.95
2015.12.09 08:44:10.465,0.66268,0.66283,1.50,1.45
2015.12.09 08:44:10.971,0.66268,0.66285,1.50,1.95
2015.12.09 08:44:11.312,0.6627,0.66287,1.75,1.07
2015.12.09 08:44:11.719,0.6627,0.66287,1.50,1.20
2015.12.09 08:44:11.822,0.6627,0.66287,1.75,1.07
2015.12.09 08:44:16.139,0.66271,0.66287,1.12,1.20
2015.12.09 08:44:16.342,0.66271,0.66287,1.50,1.45
2015.12.09 08:44:18.428,0.66271,0.66288,1.75,2.25
2015.12.09 08:44:21.493,0.66271,0.66288,1.37,1.20
2015.12.09 08:44:21.594,0.66271,0.66288,1.75,1.45
2015.12.09 08:44:23.608,0.66271,0.66288,1.75,1.20
2015.12.09 08:44:24.217,0.66271,0.66287,1.50,1.82
2015.12.09 08:44:31.587,0.66271,0.66287,1.12,1.82
2015.12.09 08:44:34.649,0.66269,0.66287,1.50,1.50
2015.12.09 08:44:35.886,0.66269,0.66287,1.00,2.25
2015.12.09 08:44:40.240,0.66268,0.66285,3.45,1.50
2015.12.09 08:44:42.113,0.66269,0.66287,1.95,1.50
2015.12.09 08:44:42.417,0.66269,0.66287,1.00,3.07
2015.12.09 08:44:43.620,0.66268,0.66285,1.50,3.15
2015.12.09 08:44:43.858,0.66266,0.66281,1.12,1.50
2015.12.09 08:44:44.010,0.66264,0.6628,1.12,1.50
2015.12.09 08:44:44.112,0.66262,0.66278,1.50,1.57
2015.12.09 08:44:44.618,0.66261,0.66275,1.00,1.00
2015.12.09 08:44:45.128,0.6626,0.66276,2.32,1.12
2015.12.09 08:44:46.456,0.6626,0.66276,1.57,1.37
2015.12.09 08:44:46.981,0.6626,0.66274,1.57,1.00
2015.12.09 08:44:47.459,0.6626,0.66276,1.85,1.12
2015.12.09 08:44:48.886,0.66262,0.66279,1.75,1.82
2015.12.09 08:44:49.191,0.66265,0.6628,1.37,1.50
2015.12.09 08:44:49.292,0.66268,0.66283,1.37,1.82
2015.12.09 08:44:49.343,0.66268,0.66284,2.25,1.75
2015.12.09 08:44:49.747,0.66269,0.66285,1.57,1.00
2015.12.09 08:44:57.042,0.66273,0.66286,1.00,1.00
2015.12.09 08:44:57.144,0.66272,0.66288,1.75,2.02
2015.12.09 08:44:58.455,0.6627,0.66288,2.70,2.25
2015.12.09 08:44:59.059,0.6627,0.66287,1.85,1.50
2015.12.09 08:45:00.659,0.66273,0.66287,1.00,1.00
2015.12.09 08:45:09.407,0.6627,0.66288,2.32,1.12
2015.12.09 08:45:09.660,0.6627,0.66288,1.47,3.00
2015.12.09 08:45:09.711,0.6627,0.66288,1.20,3.00
2015.12.09 08:45:09.813,0.6627,0.66288,1.75,3.37
2015.12.09 08:45:15.419,0.66269,0.66286,2.32,1.75
2015.12.09 08:45:15.980,0.66269,0.66286,2.32,1.50
2015.12.09 08:45:18.544,0.66268,0.66284,1.95,1.00
2015.12.09 08:45:18.596,0.66267,0.66283,1.95,1.57
2015.12.09 08:45:18.697,0.66265,0.66283,2.32,1.87
2015.12.09 08:45:19.001,0.66264,0.66278,1.12,1.10
2015.12.09 08:45:19.708,0.66263,0.66279,1.75,1.50
2015.12.09 08:45:20.214,0.66263,0.66279,1.50,1.50
2015.12.09 08:45:21.208,0.66263,0.66279,1.75,1.37
2015.12.09 08:45:21.260,0.66266,0.6628,1.00,1.00
2015.12.09 08:45:21.711,0.66264,0.66278,1.00,1.00
2015.12.09 08:45:22.730,0.66265,0.66279,1.00,1.50
2015.12.09 08:45:23.238,0.66263,0.66281,1.85,2.25
2015.12.09 08:45:25.430,0.66263,0.6628,1.85,2.25
2015.12.09 08:45:25.760,0.66262,0.66278,1.20,1.50
2015.12.09 08:45:25.861,0.66261,0.66278,1.07,2.32
2015.12.09 08:45:26.216,0.66261,0.66278,1.20,2.32
2015.12.09 08:45:26.317,0.66261,0.66275,1.20,1.00
2015.12.09 08:45:28.742,0.66259,0.66277,1.95,2.25
2015.12.09 08:45:28.899,0.66257,0.66273,3.00,1.50
2015.12.09 08:45:29.405,0.66257,0.66273,1.50,1.75
2015.12.09 08:45:30.398,0.66257,0.66273,1.50,1.75
2015.12.09 08:45:30.600,0.66256,0.66269,1.10,1.00
2015.12.09 08:45:30.753,0.66253,0.66269,1.00,1.50
2015.12.09 08:45:32.437,0.66252,0.66267,1.37,1.00
2015.12.09 08:45:34.426,0.66252,0.66268,1.00,1.50
2015.12.09 08:45:34.940,0.66251,0.66267,1.20,1.75
2015.12.09 08:45:35.042,0.6625,0.66267,1.07,2.25
2015.12.09 08:45:35.143,0.66248,0.66267,2.32,2.25
2015.12.09 08:45:35.682,0.66249,0.66267,1.85,1.75
2015.12.09 08:45:38.697,0.6625,0.66262,1.12,1.37
2015.12.09 08:45:38.849,0.66246,0.66261,1.00,1.95
2015.12.09 08:45:39.052,0.66244,0.66261,1.85,1.50
2015.12.09 08:45:39.254,0.66245,0.66261,1.50,1.00
2015.12.09 08:45:39.457,0.66246,0.66264,1.50,1.75
2015.12.09 08:45:39.559,0.66246,0.66264,1.50,1.50
2015.12.09 08:45:43.474,0.66248,0.66264,1.20,1.50
2015.12.09 08:45:47.270,0.66247,0.66264,1.95,1.87
2015.12.09 08:45:50.163,0.66246,0.66263,1.45,1.12
2015.12.09 08:45:50.468,0.66246,0.66263,1.85,1.00
2015.12.09 08:45:52.258,0.66247,0.66265,2.32,1.20
2015.12.09 08:45:53.261,0.66248,0.66264,1.57,1.45
2015.12.09 08:45:53.767,0.66248,0.66266,1.95,1.20
2015.12.09 08:45:56.640,0.66248,0.66266,2.70,1.20
2015.12.09 08:46:01.595,0.66248,0.66264,1.20,1.87
2015.12.09 08:46:01.698,0.66247,0.66264,1.00,3.15
2015.12.09 08:46:02.197,0.66245,0.66264,1.85,2.32
2015.12.09 08:46:02.714,0.66247,0.66264,1.12,1.57
2015.12.09 08:46:03.803,0.66247,0.66264,1.45,1.12
2015.12.09 08:46:03.904,0.66249,0.66264,1.12,1.00
2015.12.09 08:46:04.206,0.66259,0.66273,1.12,1.50
2015.12.09 08:46:04.560,0.6626,0.66274,1.00,1.00
2015.12.09 08:46:04.712,0.66259,0.66275,1.20,1.75
2015.12.09 08:46:04.813,0.66259,0.66275,1.65,1.50
2015.12.09 08:46:05.911,0.66259,0.66275,1.20,1.75
2015.12.09 08:46:08.883,0.6626,0.66275,1.00,1.75
2015.12.09 08:46:10.080,0.6626,0.66274,1.12,1.00
2015.12.09 08:46:11.091,0.6626,0.66275,1.00,1.50
2015.12.09 08:46:11.535,0.66255,0.66273,2.70,1.75
2015.12.09 08:46:11.738,0.66255,0.66272,1.95,1.50
2015.12.09 08:46:11.891,0.66255,0.6627,1.95,1.37
2015.12.09 08:46:12.144,0.66251,0.66269,1.95,2.25
2015.12.09 08:46:12.684,0.66253,0.66266,1.00,1.00
2015.12.09 08:46:12.887,0.66255,0.66266,1.00,1.00
2015.12.09 08:46:12.938,0.66255,0.66268,1.00,1.00
2015.12.09 08:46:12.989,0.66257,0.66271,1.00,1.75
2015.12.09 08:46:13.040,0.66257,0.66271,1.00,1.50
2015.12.09 08:46:13.141,0.66257,0.66274,1.57,1.85
2015.12.09 08:46:14.230,0.66259,0.66274,1.37,1.50
2015.12.09 08:46:18.447,0.66258,0.66274,1.95,1.50
2015.12.09 08:46:21.323,0.66258,0.66274,1.87,1.50
2015.12.09 08:46:21.831,0.66258,0.66274,1.87,1.50
2015.12.09 08:46:22.472,0.66259,0.66274,1.00,1.50
2015.12.09 08:46:27.651,0.66258,0.66275,1.12,1.85
2015.12.09 08:46:29.756,0.6626,0.66275,1.00,1.85
2015.12.09 08:46:29.858,0.66258,0.66275,1.12,1.85
2015.12.09 08:46:37.197,0.66259,0.66275,1.00,1.85
2015.12.09 08:46:37.537,0.66261,0.66277,1.12,2.25
2015.12.09 08:46:38.056,0.66261,0.66277,1.12,1.82
2015.12.09 08:46:38.691,0.66261,0.66277,1.00,1.50
2015.12.09 08:46:38.845,0.6626,0.66277,1.37,1.50
2015.12.09 08:46:39.361,0.6626,0.66277,1.50,1.82
2015.12.09 08:46:39.883,0.66262,0.66277,1.00,1.82
2015.12.09 08:46:40.715,0.6626,0.66277,1.50,2.25
2015.12.09 08:46:40.767,0.6626,0.66277,1.00,2.25
2015.12.09 08:46:41.290,0.6626,0.66275,1.50,1.00
2015.12.09 08:46:41.791,0.6626,0.66277,1.50,1.82
2015.12.09 08:46:43.577,0.66262,0.66277,1.00,1.82
2015.12.09 08:46:43.950,0.66262,0.66277,1.00,1.82
2015.12.09 08:46:44.254,0.6626,0.66272,1.00,1.00
2015.12.09 08:46:44.355,0.66257,0.66272,2.25,1.00
2015.12.09 08:46:45.472,0.66259,0.66274,1.50,1.20
2015.12.09 08:46:45.777,0.66261,0.66276,1.50,1.10
2015.12.09 08:46:45.879,0.66263,0.66276,1.00,1.10
2015.12.09 08:46:51.502,0.66262,0.66277,1.00,1.45
2015.12.09 08:46:51.838,0.66262,0.66276,1.00,1.75
2015.12.09 08:46:52.609,0.6626,0.66275,1.00,1.45
2015.12.09 08:46:54.496,0.66261,0.66276,1.00,1.12
2015.12.09 08:46:56.465,0.66258,0.66276,1.75,3.00
2015.12.09 08:46:56.617,0.66258,0.66274,1.00,2.25
2015.12.09 08:46:56.668,0.66256,0.66274,1.87,2.25
2015.12.09 08:46:56.813,0.66256,0.66274,2.25,1.87
2015.12.09 08:46:57.320,0.66257,0.66274,1.75,1.50
2015.12.09 08:46:57.825,0.66257,0.66274,1.50,1.87
2015.12.09 08:46:59.285,0.66257,0.66274,1.00,2.25
2015.12.09 08:46:59.824,0.66255,0.66274,3.00,3.00
2015.12.09 08:47:01.414,0.66255,0.66271,1.50,2.25
2015.12.09 08:47:01.618,0.66253,0.66269,1.00,1.12
2015.12.09 08:47:01.821,0.66251,0.66266,1.00,1.00
2015.12.09 08:47:02.127,0.66245,0.66262,2.25,1.12
2015.12.09 08:47:02.475,0.66247,0.66264,1.50,1.20
2015.12.09 08:47:03.035,0.66248,0.66264,1.00,1.75
2015.12.09 08:47:03.187,0.66246,0.66263,1.00,1.75
2015.12.09 08:47:03.732,0.66245,0.66262,1.87,1.50
2015.12.09 08:47:05.158,0.66242,0.6626,2.32,1.87
2015.12.09 08:47:05.361,0.66242,0.66258,1.75,1.00
2015.12.09 08:47:05.514,0.66241,0.66256,1.00,1.50
2015.12.09 08:47:05.615,0.66239,0.66256,1.12,1.50
2015.12.09 08:47:06.223,0.66239,0.66256,1.75,1.12
2015.12.09 08:47:06.728,0.6624,0.66257,1.50,2.62
2015.12.09 08:47:08.630,0.66241,0.66258,2.25,1.50
2015.12.09 08:47:08.783,0.66247,0.66263,1.50,1.00
2015.12.09 08:47:08.835,0.66247,0.66265,1.75,1.47
2015.12.09 08:47:09.280,0.66249,0.66267,1.75,1.20
2015.12.09 08:47:09.331,0.66251,0.66267,1.50,1.20
2015.12.09 08:47:09.843,0.66252,0.66267,1.37,1.87
2015.12.09 08:47:11.046,0.66255,0.66269,1.50,3.00
2015.12.09 08:47:11.198,0.66259,0.66272,1.00,1.00
2015.12.09 08:47:11.643,0.66257,0.66273,1.50,1.75
2015.12.09 08:47:11.745,0.66255,0.66271,1.87,1.07
2015.12.09 08:47:11.796,0.66255,0.66269,1.12,1.37
2015.12.09 08:47:11.949,0.66252,0.66268,1.87,1.07
2015.12.09 08:47:12.051,0.66252,0.66269,2.25,1.10
2015.12.09 08:47:12.254,0.66254,0.6627,1.12,2.32
2015.12.09 08:47:12.948,0.66252,0.6627,1.12,1.20
2015.12.09 08:47:12.999,0.66252,0.66268,1.12,1.87
2015.12.09 08:47:13.252,0.66251,0.66268,1.75,1.57
2015.12.09 08:47:16.289,0.66251,0.66264,2.25,1.00
2015.12.09 08:47:16.391,0.66251,0.66266,1.00,1.57
2015.12.09 08:47:16.846,0.66252,0.66267,1.00,1.50
2015.12.09 08:47:17.349,0.66251,0.66267,1.00,1.50
2015.12.09 08:47:17.886,0.6625,0.66266,1.50,1.00
2015.12.09 08:47:18.405,0.66249,0.66265,2.25,1.10
2015.12.09 08:47:19.562,0.66248,0.66265,1.75,1.12
2015.12.09 08:47:19.839,0.66252,0.66267,1.00,1.00
2015.12.09 08:47:20.143,0.66255,0.66268,1.00,1.10
2015.12.09 08:47:20.346,0.66255,0.66273,1.50,2.25
2015.12.09 08:47:20.498,0.66254,0.66271,1.87,1.87
2015.12.09 08:47:21.014,0.66254,0.66271,1.87,1.82
2015.12.09 08:47:21.672,0.66254,0.66272,1.87,1.45
2015.12.09 08:47:22.319,0.66256,0.66273,1.12,2.32
2015.12.09 08:47:24.596,0.66255,0.66273,1.50,3.07
2015.12.09 08:47:25.687,0.66255,0.66272,1.00,1.57
2015.12.09 08:47:25.738,0.66253,0.66272,1.12,2.62
2015.12.09 08:47:25.789,0.66253,0.66272,1.00,4.50
2015.12.09 08:47:26.296,0.66252,0.6627,1.12,1.87
2015.12.09 08:47:26.843,0.66252,0.66267,1.00,1.87
2015.12.09 08:47:26.995,0.6625,0.66267,1.00,2.70
2015.12.09 08:47:27.642,0.66249,0.66263,1.00,1.00
2015.12.09 08:47:29.000,0.66248,0.66263,1.50,1.00
2015.12.09 08:47:31.211,0.66248,0.66266,1.87,1.85
2015.12.09 08:47:31.262,0.66248,0.66266,2.25,1.57
2015.12.09 08:47:38.803,0.66248,0.66266,2.62,1.85
2015.12.09 08:47:39.161,0.66248,0.66266,3.00,1.95
2015.12.09 08:47:40.187,0.66248,0.66265,1.87,1.50
2015.12.09 08:47:41.552,0.66246,0.66265,4.20,2.25
2015.12.09 08:47:43.892,0.66242,0.66259,1.12,1.37
2015.12.09 08:47:43.994,0.66241,0.66256,1.00,1.00
2015.12.09 08:47:44.459,0.6624,0.66257,1.00,1.75
2015.12.09 08:47:44.561,0.66238,0.66257,3.00,1.50
2015.12.09 08:47:45.049,0.66239,0.66258,1.27,2.25
2015.12.09 08:47:45.101,0.66241,0.66257,1.00,1.00
2015.12.09 08:47:47.793,0.6624,0.66258,1.75,2.62
2015.12.09 08:47:48.585,0.6624,0.66257,2.32,1.50
2015.12.09 08:47:49.155,0.6624,0.66257,1.95,1.50
2015.12.09 08:47:49.346,0.66242,0.66257,1.00,1.00
2015.12.09 08:47:57.010,0.6624,0.66257,1.50,1.37
2015.12.09 08:47:57.315,0.66243,0.6626,1.00,1.87
2015.12.09 08:47:57.420,0.66242,0.66254,1.75,1.00
2015.12.09 08:47:57.522,0.66238,0.66254,1.87,1.00
2015.12.09 08:47:57.623,0.66238,0.66255,1.87,1.75
2015.12.09 08:47:58.255,0.66238,0.66254,1.12,1.75
2015.12.09 08:47:59.798,0.66238,0.66253,1.12,1.00
2015.12.09 08:48:00.153,0.6624,0.66254,1.50,1.00
2015.12.09 08:48:00.204,0.6624,0.66257,1.87,1.45
2015.12.09 08:48:00.306,0.6624,0.66257,3.00,1.12
2015.12.09 08:48:00.650,0.66242,0.66257,1.00,1.12
2015.12.09 08:48:00.802,0.66243,0.66257,1.50,1.00
2015.12.09 08:48:00.853,0.66245,0.66258,1.00,1.50
2015.12.09 08:48:01.359,0.66245,0.6626,1.00,1.87
2015.12.09 08:48:01.897,0.66245,0.6626,1.00,1.87
2015.12.09 08:48:02.151,0.66247,0.6626,3.00,1.00
2015.12.09 08:48:02.253,0.6625,0.66262,1.00,1.00
2015.12.09 08:48:02.759,0.6625,0.66266,1.00,4.20
2015.12.09 08:48:04.366,0.66247,0.6626,1.00,1.00
2015.12.09 08:48:04.419,0.66247,0.66257,1.00,1.00
2015.12.09 08:48:04.470,0.66245,0.66257,1.00,1.00
2015.12.09 08:48:04.522,0.66245,0.66259,1.00,2.32
2015.12.09 08:48:04.573,0.66243,0.66259,1.00,2.32
2015.12.09 08:48:04.625,0.66243,0.6626,1.00,1.95
2015.12.09 08:48:04.676,0.66245,0.6626,1.00,1.95
2015.12.09 08:48:04.828,0.66245,0.6626,1.00,1.85
2015.12.09 08:48:05.232,0.66246,0.66262,2.62,1.12
2015.12.09 08:48:05.733,0.66245,0.66262,1.50,1.12
2015.12.09 08:48:05.835,0.66245,0.66261,1.00,3.45
2015.12.09 08:48:06.037,0.66243,0.66259,1.00,1.75
2015.12.09 08:48:06.139,0.66243,0.66259,1.00,3.07
2015.12.09 08:48:06.342,0.66243,0.66259,1.00,1.95
2015.12.09 08:48:06.848,0.66243,0.66259,1.00,1.95
2015.12.09 08:48:07.382,0.66243,0.66256,1.00,1.00
2015.12.09 08:48:08.454,0.66241,0.66258,2.25,1.87
2015.12.09 08:48:08.556,0.66241,0.66257,1.00,1.85
2015.12.09 08:48:09.215,0.66241,0.66255,1.12,1.00
2015.12.09 08:48:09.563,0.66241,0.66257,1.12,1.00
2015.12.09 08:48:09.615,0.66241,0.66259,1.12,2.32
2015.12.09 08:48:10.021,0.6624,0.66256,1.00,1.20
2015.12.09 08:48:10.527,0.6624,0.66251,1.00,1.00
2015.12.09 08:48:11.060,0.66239,0.66255,1.00,3.45
2015.12.09 08:48:11.568,0.66239,0.66255,1.00,1.20
2015.12.09 08:48:12.259,0.66239,0.66255,1.00,1.20
2015.12.09 08:48:12.764,0.66239,0.66252,1.00,1.00
2015.12.09 08:48:13.270,0.66239,0.66251,1.00,1.00
2015.12.09 08:48:14.043,0.66239,0.66252,1.00,1.00
2015.12.09 08:48:15.160,0.66239,0.66254,1.00,1.57
2015.12.09 08:48:15.456,0.66239,0.66254,1.00,1.85
2015.12.09 08:48:16.864,0.66239,0.66253,1.00,1.00
2015.12.09 08:48:21.463,0.66239,0.66256,1.12,1.50
2015.12.09 08:48:21.615,0.66239,0.66256,1.00,1.75
2015.12.09 08:48:23.795,0.66242,0.66257,1.00,2.25
2015.12.09 08:48:23.847,0.66242,0.66258,1.00,3.00
2015.12.09 08:48:24.090,0.66242,0.66257,1.00,1.00
2015.12.09 08:48:24.394,0.66243,0.66259,1.12,1.87
2015.12.09 08:48:25.053,0.66243,0.66259,1.57,1.87
2015.12.09 08:48:30.793,0.66244,0.66262,1.95,2.25
2015.12.09 08:48:30.894,0.66246,0.66262,1.50,1.12
2015.12.09 08:48:32.774,0.66244,0.6626,1.57,1.00
2015.12.09 08:48:34.951,0.66244,0.66262,1.95,1.87
2015.12.09 08:48:35.356,0.66246,0.6626,1.12,1.12
2015.12.09 08:48:35.559,0.66244,0.66259,1.00,1.00
2015.12.09 08:48:35.610,0.66241,0.66257,1.95,1.00
2015.12.09 08:48:35.864,0.66238,0.66253,1.57,1.00
2015.12.09 08:48:36.403,0.66238,0.66253,1.57,1.12
2015.12.09 08:48:38.291,0.66238,0.66256,1.57,2.25
2015.12.09 08:48:38.495,0.66238,0.66256,1.20,2.25
2015.12.09 08:48:39.041,0.66238,0.66256,2.32,1.50
2015.12.09 08:48:41.811,0.66238,0.66256,1.20,2.25
2015.12.09 08:48:42.177,0.66238,0.66253,1.00,1.50
2015.12.09 08:48:42.683,0.66237,0.66255,2.70,1.50
2015.12.09 08:48:43.229,0.66237,0.66253,2.70,1.00
2015.12.09 08:48:43.820,0.66237,0.66252,1.95,1.00
2015.12.09 08:48:48.237,0.66237,0.66251,1.50,1.00
2015.12.09 08:48:48.793,0.66237,0.66251,1.50,1.00
2015.12.09 08:49:01.284,0.66237,0.66251,1.00,1.00
2015.12.09 08:49:03.298,0.66237,0.66249,1.12,1.00
2015.12.09 08:49:03.613,0.66231,0.66246,1.00,2.70
2015.12.09 08:49:03.664,0.6623,0.66244,1.50,1.00
2015.12.09 08:49:03.867,0.66226,0.6624,1.12,2.25
2015.12.09 08:49:04.553,0.66223,0.66239,2.25,1.50
2015.12.09 08:49:05.056,0.66224,0.6624,1.20,2.25
2015.12.09 08:49:05.988,0.66224,0.66241,1.20,3.00
2015.12.09 08:49:06.191,0.66224,0.6624,1.45,1.50
2015.12.09 08:49:06.713,0.66224,0.66241,1.45,3.37
2015.12.09 08:49:07.198,0.66224,0.66241,1.20,3.00
2015.12.09 08:49:07.569,0.66224,0.66241,1.45,3.37
2015.12.09 08:49:07.734,0.66224,0.66238,1.45,1.00
2015.12.09 08:49:07.987,0.66219,0.66235,1.12,1.50
2015.12.09 08:49:08.038,0.66218,0.66232,1.20,1.00
2015.12.09 08:49:08.568,0.66217,0.66233,1.87,1.00
2015.12.09 08:49:09.465,0.66217,0.66233,1.12,1.00
2015.12.09 08:49:10.253,0.66217,0.66232,1.20,1.00
2015.12.09 08:49:10.579,0.66215,0.6623,1.85,1.00
2015.12.09 08:49:10.630,0.66214,0.6623,2.25,1.37
2015.12.09 08:49:10.732,0.66214,0.66231,1.87,1.50
2015.12.09 08:49:10.885,0.66215,0.66232,1.95,1.50
2015.12.09 08:49:11.038,0.66219,0.66233,1.00,1.00
2015.12.09 08:49:11.544,0.66219,0.66233,1.12,1.00
2015.12.09 08:49:17.059,0.66218,0.6623,1.12,1.00
2015.12.09 08:49:17.161,0.66215,0.6623,1.87,1.00
2015.12.09 08:49:17.212,0.66215,0.6623,1.45,1.00
2015.12.09 08:49:17.746,0.66215,0.66229,1.07,1.87
2015.12.09 08:49:17.949,0.66215,0.6623,1.20,1.50
2015.12.09 08:49:18.052,0.66219,0.66234,1.07,1.37
2015.12.09 08:49:18.581,0.66219,0.66234,1.12,1.00
2015.12.09 08:49:19.701,0.66222,0.66235,1.50,1.87
2015.12.09 08:49:19.752,0.66226,0.66235,1.50,1.00
2015.12.09 08:49:19.904,0.66228,0.66244,1.87,1.87
2015.12.09 08:49:20.259,0.66228,0.66244,1.12,2.25
2015.12.09 08:49:20.775,0.66226,0.66243,1.12,1.75
2015.12.09 08:49:21.285,0.66226,0.66241,1.12,2.25
2015.12.09 08:49:21.336,0.66223,0.66239,1.50,1.00
2015.12.09 08:49:21.387,0.66223,0.66239,1.82,1.00
2015.12.09 08:49:21.590,0.66222,0.66237,1.75,1.12
2015.12.09 08:49:21.917,0.66221,0.66235,1.75,1.00
2015.12.09 08:49:22.221,0.66221,0.66232,1.75,1.00
2015.12.09 08:49:22.373,0.66218,0.66232,1.87,1.00
2015.12.09 08:49:22.833,0.66218,0.6623,1.75,1.00
2015.12.09 08:49:23.798,0.66218,0.66229,1.12,1.00
2015.12.09 08:49:23.900,0.66216,0.66229,1.12,1.00
2015.12.09 08:49:24.387,0.66215,0.66227,1.75,1.00
2015.12.09 08:49:24.590,0.66213,0.66227,1.87,1.00
2015.12.09 08:49:24.843,0.66213,0.66227,1.07,1.00
2015.12.09 08:49:26.111,0.66213,0.66227,1.85,1.00
2015.12.09 08:49:28.469,0.66213,0.66226,2.62,1.00
2015.12.09 08:49:28.520,0.66213,0.66226,1.12,1.00
2015.12.09 08:49:28.915,0.6621,0.66223,1.87,1.00
2015.12.09 08:49:29.472,0.6621,0.66222,1.50,1.00
2015.12.09 08:49:29.727,0.6621,0.66222,1.45,1.00
2015.12.09 08:49:30.276,0.66208,0.66221,1.47,1.00
2015.12.09 08:49:30.327,0.66206,0.66221,1.12,1.00
2015.12.09 08:49:30.479,0.66205,0.66221,2.25,1.50
2015.12.09 08:49:30.581,0.66206,0.66221,1.12,1.00
2015.12.09 08:49:30.844,0.66206,0.66219,1.12,1.00
2015.12.09 08:49:31.148,0.66203,0.66216,1.50,1.00
2015.12.09 08:49:31.199,0.66201,0.66216,3.00,1.00
2015.12.09 08:49:31.403,0.66201,0.66216,1.50,1.50
2015.12.09 08:49:31.818,0.66204,0.66217,1.12,1.00
2015.12.09 08:49:32.285,0.66207,0.6622,1.50,1.00
2015.12.09 08:49:32.691,0.66208,0.6622,1.50,1.00
2015.12.09 08:49:33.199,0.66209,0.66221,1.12,1.00
2015.12.09 08:49:33.893,0.6621,0.66222,1.45,1.00
2015.12.09 08:49:34.297,0.66211,0.66225,1.07,1.00
2015.12.09 08:49:34.927,0.6621,0.66225,1.50,1.50
2015.12.09 08:49:35.130,0.6621,0.66223,1.50,1.12
2015.12.09 08:49:35.693,0.6621,0.66223,1.82,1.00
2015.12.09 08:49:36.202,0.6621,0.66224,1.50,1.00
2015.12.09 08:49:37.069,0.66209,0.66225,1.12,1.87
2015.12.09 08:49:37.729,0.66209,0.66223,1.12,1.00
2015.12.09 08:49:38.264,0.66211,0.66224,1.20,1.00
2015.12.09 08:49:39.364,0.66211,0.66224,3.15,1.00
2015.12.09 08:49:39.517,0.66213,0.66227,1.95,1.00
2015.12.09 08:49:39.759,0.66213,0.66231,1.95,1.87
2015.12.09 08:49:40.266,0.66215,0.66232,1.50,1.12
2015.12.09 08:49:41.177,0.66215,0.66234,2.32,1.50
2015.12.09 08:49:41.685,0.66215,0.66234,2.32,1.50
2015.12.09 08:49:45.029,0.66216,0.66234,1.12,1.50
2015.12.09 08:49:45.448,0.66218,0.66234,1.12,1.00
2015.12.09 08:49:49.127,0.66218,0.66234,1.12,1.37
2015.12.09 08:49:50.056,0.66219,0.66234,1.45,1.00
2015.12.09 08:49:50.209,0.6622,0.66236,1.45,1.00
2015.12.09 08:49:52.180,0.6622,0.66235,1.45,1.00
2015.12.09 08:49:53.640,0.66218,0.66235,2.25,1.50
2015.12.09 08:49:54.149,0.66219,0.66235,1.12,1.12
2015.12.09 08:49:54.676,0.66219,0.66234,1.12,1.00
2015.12.09 08:49:56.892,0.66219,0.66234,1.07,1.87
2015.12.09 08:49:56.943,0.66217,0.66232,1.87,1.00
2015.12.09 08:49:57.249,0.66212,0.66228,1.12,1.12
2015.12.09 08:49:57.554,0.6621,0.66228,1.75,2.25
2015.12.09 08:49:58.106,0.6621,0.66228,1.12,2.25
2015.12.09 08:49:58.663,0.66211,0.66228,1.45,1.87
2015.12.09 08:49:59.694,0.6621,0.66229,1.87,3.00
2015.12.09 08:50:00.201,0.66211,0.66228,1.45,1.12
2015.12.09 08:50:00.555,0.66211,0.66226,1.45,1.00
2015.12.09 08:50:01.057,0.66211,0.66226,1.12,1.00
2015.12.09 08:50:02.418,0.6621,0.66228,1.12,1.75
2015.12.09 08:50:02.954,0.66211,0.66227,1.20,1.00
2015.12.09 08:50:04.190,0.6621,0.66229,2.25,3.00
2015.12.09 08:50:04.473,0.66212,0.66228,1.57,1.00
2015.12.09 08:50:04.981,0.66212,0.66228,1.95,1.00
2015.12.09 08:50:05.489,0.66212,0.66229,1.95,1.87
2015.12.09 08:50:09.094,0.66212,0.6623,1.20,1.87
2015.12.09 08:50:09.448,0.66219,0.66233,1.00,1.37
2015.12.09 08:50:09.499,0.66219,0.66235,1.37,1.50
2015.12.09 08:50:09.601,0.66219,0.66236,2.70,1.37
2015.12.09 08:50:09.652,0.6622,0.66236,1.75,1.37
2015.12.09 08:50:10.129,0.66221,0.66238,1.20,1.87
2015.12.09 08:50:10.636,0.66221,0.66238,1.85,2.25
2015.12.09 08:50:11.149,0.66221,0.66238,1.47,2.25
2015.12.09 08:50:15.164,0.6622,0.66235,2.25,1.00
2015.12.09 08:50:15.266,0.6622,0.66235,1.87,1.00
2015.12.09 08:50:15.418,0.66218,0.66235,1.87,1.75
2015.12.09 08:50:15.849,0.66219,0.66235,1.12,1.12
2015.12.09 08:50:16.185,0.66219,0.66233,1.12,1.00
2015.12.09 08:50:16.489,0.66219,0.66231,1.12,1.00
2015.12.09 08:50:16.716,0.66219,0.66234,1.12,1.00
2015.12.09 08:50:18.332,0.6622,0.66235,1.07,1.00
2015.12.09 08:50:20.809,0.66219,0.66234,1.12,1.00
2015.12.09 08:50:21.435,0.66218,0.66234,1.95,1.00
2015.12.09 08:50:22.083,0.66218,0.66234,1.65,1.00
2015.12.09 08:50:22.889,0.66218,0.66233,1.65,1.00
2015.12.09 08:50:23.724,0.66218,0.66233,1.20,1.12
2015.12.09 08:50:23.927,0.66218,0.66233,1.65,1.00
2015.12.09 08:50:24.129,0.66218,0.66233,1.27,1.00
2015.12.09 08:50:24.293,0.66218,0.66233,1.57,1.00
2015.12.09 08:50:30.820,0.66218,0.66233,1.12,1.00
2015.12.09 08:50:36.572,0.66217,0.66232,1.00,1.00
2015.12.09 08:50:37.251,0.66217,0.66233,1.75,1.00
2015.12.09 08:50:38.616,0.6622,0.66236,1.00,2.25
2015.12.09 08:50:39.127,0.66218,0.66236,1.75,2.25
2015.12.09 08:50:39.178,0.66218,0.66234,1.12,1.12
2015.12.09 08:50:39.711,0.66218,0.66235,1.57,1.12
2015.12.09 08:50:41.374,0.66218,0.66233,1.57,1.00
2015.12.09 08:50:41.779,0.66221,0.66236,1.00,1.12
2015.12.09 08:50:42.376,0.66221,0.66236,1.50,1.00
2015.12.09 08:50:42.952,0.66222,0.66238,1.12,1.12
2015.12.09 08:50:43.003,0.66222,0.6624,1.37,3.07
2015.12.09 08:50:43.307,0.66226,0.66241,1.12,1.00
2015.12.09 08:50:43.408,0.66227,0.66243,1.12,1.57
2015.12.09 08:50:43.930,0.66227,0.66243,1.50,1.00
2015.12.09 08:50:45.745,0.66227,0.66242,1.50,1.00
2015.12.09 08:50:46.875,0.66227,0.66241,1.50,1.00
2015.12.09 08:50:47.078,0.66225,0.66241,1.57,1.00
2015.12.09 08:50:47.584,0.66225,0.66242,1.50,1.12
2015.12.09 08:50:49.804,0.66225,0.66242,1.50,1.00
2015.12.09 08:50:50.311,0.66225,0.66243,1.75,2.02
2015.12.09 08:50:57.749,0.66227,0.66243,1.00,1.47
2015.12.09 08:50:58.056,0.66225,0.6624,1.00,1.75
2015.12.09 08:50:58.511,0.66224,0.6624,1.50,1.50
2015.12.09 08:50:59.387,0.66224,0.66239,1.50,1.00
2015.12.09 08:51:00.717,0.66224,0.6624,1.00,2.25
2015.12.09 08:51:03.743,0.66224,0.6624,1.12,1.50
2015.12.09 08:51:03.794,0.66224,0.6624,1.87,1.50
2015.12.09 08:51:03.896,0.66225,0.66243,1.95,2.25
2015.12.09 08:51:12.076,0.66226,0.66243,1.47,2.25
2015.12.09 08:51:15.680,0.66227,0.66243,2.62,1.12
2015.12.09 08:51:21.278,0.66227,0.66242,2.62,1.00
2015.12.09 08:51:22.703,0.66227,0.66243,2.62,1.12
2015.12.09 08:51:26.208,0.66227,0.66243,2.25,1.00
2015.12.09 08:51:27.325,0.66227,0.66244,1.95,1.12
2015.12.09 08:51:33.600,0.66227,0.66245,1.57,2.25
2015.12.09 08:51:34.150,0.66227,0.66245,1.95,2.25
2015.12.09 08:51:34.710,0.66227,0.66245,1.57,2.25
2015.12.09 08:51:35.221,0.66227,0.66245,1.95,2.25
2015.12.09 08:52:13.656,0.66227,0.66244,1.95,1.00
2015.12.09 08:52:15.610,0.66225,0.66242,1.95,1.00
2015.12.09 08:52:18.693,0.66227,0.66242,1.00,1.00
2015.12.09 08:52:19.961,0.66225,0.66242,1.95,1.00
2015.12.09 08:52:20.507,0.66225,0.66242,2.70,1.00
2015.12.09 08:52:24.524,0.66225,0.66242,2.32,1.00
2015.12.09 08:52:25.170,0.66225,0.66242,2.32,1.12
2015.12.09 08:52:32.122,0.66225,0.66243,1.85,1.12
2015.12.09 08:52:33.103,0.66225,0.66243,1.85,1.12
2015.12.09 08:52:34.973,0.66225,0.66243,1.57,3.00
2015.12.09 08:52:35.580,0.66224,0.66241,1.75,1.00
2015.12.09 08:52:38.463,0.66224,0.66241,1.37,1.37
2015.12.09 08:52:38.516,0.66224,0.6624,1.00,2.25
2015.12.09 08:52:38.774,0.66221,0.66239,1.12,2.25
2015.12.09 08:52:38.875,0.6622,0.66237,1.12,1.50
2015.12.09 08:52:39.280,0.66218,0.66234,1.65,1.50
2015.12.09 08:52:39.882,0.66216,0.66234,1.95,1.50
2015.12.09 08:52:40.428,0.66216,0.66234,2.25,1.50
2015.12.09 08:52:40.737,0.66216,0.66234,2.25,1.00
2015.12.09 08:52:44.543,0.66216,0.66233,2.25,1.00
2015.12.09 08:52:51.015,0.66216,0.66233,2.25,1.00
2015.12.09 08:52:51.528,0.66216,0.66234,2.25,1.12
2015.12.09 08:52:56.534,0.6622,0.66235,1.50,1.00
2015.12.09 08:52:56.789,0.66224,0.6624,1.00,1.12
2015.12.09 08:52:56.890,0.66224,0.66242,1.85,1.37
2015.12.09 08:52:57.202,0.66225,0.66243,1.75,1.00
2015.12.09 08:52:57.716,0.66226,0.66244,1.95,1.87
2015.12.09 08:53:01.696,0.66228,0.66246,1.12,1.75
2015.12.09 08:53:04.044,0.66232,0.66247,1.37,1.47
2015.12.09 08:53:04.095,0.66232,0.66249,1.75,1.12
2015.12.09 08:53:04.197,0.66235,0.66252,1.00,2.62
2015.12.09 08:53:04.298,0.66235,0.66253,1.75,1.87
2015.12.09 08:53:04.805,0.66235,0.66253,1.75,1.00
2015.12.09 08:53:05.324,0.66238,0.66254,1.00,1.12
2015.12.09 08:53:05.831,0.66238,0.66255,2.25,1.12
2015.12.09 08:53:06.474,0.66238,0.66255,1.87,1.50
2015.12.09 08:53:09.898,0.66237,0.66255,1.00,2.32
2015.12.09 08:53:10.652,0.66235,0.66254,2.32,1.50
2015.12.09 08:53:11.183,0.66235,0.66254,2.32,1.12
2015.12.09 08:53:13.467,0.66235,0.66254,2.32,1.75
2015.12.09 08:53:14.371,0.66235,0.66254,2.25,1.50
2015.12.09 08:53:17.125,0.66235,0.66253,1.75,1.12
2015.12.09 08:53:17.784,0.66235,0.66254,2.25,1.20
2015.12.09 08:53:24.038,0.66237,0.66254,1.00,1.47
2015.12.09 08:53:24.741,0.66235,0.66254,2.25,1.57
2015.12.09 08:53:25.427,0.66235,0.66254,2.25,1.20
2015.12.09 08:53:26.329,0.66235,0.66254,3.75,1.10
2015.12.09 08:53:26.850,0.6624,0.66255,1.00,1.00
2015.12.09 08:53:27.360,0.66239,0.66255,1.00,1.50
2015.12.09 08:53:31.638,0.66238,0.66255,1.12,1.65
2015.12.09 08:53:36.447,0.66237,0.66255,1.50,1.65
2015.12.09 08:53:36.954,0.66236,0.66252,1.00,1.45
2015.12.09 08:53:38.133,0.66236,0.66252,1.37,1.07
2015.12.09 08:53:38.285,0.66236,0.66253,1.50,1.20
2015.12.09 08:53:39.136,0.66238,0.66255,1.37,2.70
2015.12.09 08:53:39.644,0.66238,0.66255,1.50,1.95
2015.12.09 08:53:40.977,0.66237,0.66255,1.50,2.32
2015.12.09 08:53:43.749,0.66239,0.66255,1.00,1.50
2015.12.09 08:53:44.105,0.6624,0.66257,1.12,1.95
2015.12.09 08:53:44.963,0.6624,0.66257,1.00,1.95
2015.12.09 08:53:48.780,0.66238,0.66257,2.25,2.25
2015.12.09 08:53:49.639,0.66241,0.66257,1.00,2.25
2015.12.09 08:53:49.943,0.66249,0.66263,1.00,1.00
2015.12.09 08:53:50.247,0.66247,0.66263,1.50,1.00
2015.12.09 08:53:50.298,0.66247,0.66259,1.12,1.37
2015.12.09 08:53:50.349,0.66242,0.66259,2.62,2.25
2015.12.09 08:53:50.559,0.66242,0.66257,1.00,1.12
2015.12.09 08:53:50.661,0.6624,0.66257,1.12,1.37
2015.12.09 08:53:51.016,0.66238,0.66254,2.25,1.00
2015.12.09 08:53:51.912,0.66238,0.6625,1.00,1.00
2015.12.09 08:54:00.363,0.66238,0.66249,1.00,1.00
2015.12.09 08:54:00.515,0.66234,0.66249,1.37,1.12
2015.12.09 08:54:00.566,0.66233,0.66249,1.12,1.12
2015.12.09 08:54:00.618,0.66233,0.66249,1.00,1.37
2015.12.09 08:54:00.822,0.66231,0.66246,1.00,1.00
2015.12.09 08:54:01.190,0.66229,0.66246,2.25,1.87
2015.12.09 08:54:01.494,0.66229,0.66244,1.00,1.50
2015.12.09 08:54:01.696,0.66228,0.66244,1.12,1.50
2015.12.09 08:54:02.136,0.66226,0.66242,3.82,1.00
2015.12.09 08:54:21.680,0.66226,0.66243,2.25,1.00
2015.12.09 08:54:31.914,0.66232,0.66244,1.00,1.12
2015.12.09 08:54:32.278,0.66236,0.66244,1.00,1.00
2015.12.09 08:54:32.330,0.66234,0.66244,1.00,1.00
2015.12.09 08:54:32.482,0.66229,0.66244,1.87,1.12
2015.12.09 08:54:34.389,0.66227,0.66244,3.00,1.37
2015.12.09 08:54:35.027,0.66227,0.66242,3.00,1.00
2015.12.09 08:54:35.610,0.66227,0.66245,3.00,1.50
2015.12.09 08:54:41.090,0.66226,0.66245,3.00,3.00
2015.12.09 08:54:41.191,0.66226,0.66245,3.00,2.62
2015.12.09 08:54:41.599,0.66226,0.66244,4.50,1.00
2015.12.09 08:54:41.650,0.66226,0.66244,3.00,1.12
2015.12.09 08:54:44.068,0.66226,0.66245,3.00,3.00
2015.12.09 08:54:45.102,0.66226,0.66244,3.00,1.00
2015.12.09 08:54:45.657,0.66226,0.66244,3.00,1.12
2015.12.09 08:54:49.099,0.66226,0.66244,3.00,1.12
2015.12.09 08:54:49.201,0.66226,0.66244,3.00,1.50
2015.12.09 08:54:49.638,0.66226,0.66244,3.00,1.00
2015.12.09 08:54:50.907,0.66227,0.66244,1.65,1.37
2015.12.09 08:54:51.008,0.66227,0.66243,1.65,1.00
2015.12.09 08:54:58.888,0.66228,0.66243,1.00,1.00
2015.12.09 08:55:01.727,0.66228,0.66245,1.20,1.50
2015.12.09 08:55:05.162,0.66227,0.66245,1.87,1.00
2015.12.09 08:55:05.514,0.66227,0.66245,1.87,1.50
2015.12.09 08:55:06.056,0.66229,0.66246,1.12,3.07
2015.12.09 08:55:06.158,0.66227,0.66245,1.50,1.75
2015.12.09 08:55:06.462,0.66226,0.6624,1.00,1.00
2015.12.09 08:55:06.715,0.66226,0.66244,1.12,1.75
2015.12.09 08:55:06.766,0.66226,0.66244,1.50,1.50
2015.12.09 08:55:13.150,0.66226,0.66245,1.75,3.07
2015.12.09 08:55:13.251,0.66226,0.66245,1.00,3.07
2015.12.09 08:55:13.703,0.66225,0.66237,1.57,1.00
2015.12.09 08:55:13.855,0.66222,0.66236,1.00,1.00
2015.12.09 08:55:13.957,0.66218,0.66234,1.12,1.12
2015.12.09 08:55:14.464,0.66218,0.66233,1.07,1.50
2015.12.09 08:55:25.862,0.66218,0.66233,1.95,1.00
2015.12.09 08:55:26.368,0.66218,0.66233,1.95,1.00
2015.12.09 08:55:34.340,0.66218,0.66232,1.45,1.00
2015.12.09 08:55:34.626,0.6621,0.66227,1.10,1.85
2015.12.09 08:55:35.031,0.66209,0.66227,1.57,2.32
2015.12.09 08:55:35.539,0.6621,0.66227,1.57,1.12
2015.12.09 08:55:36.087,0.6621,0.66228,1.95,1.75
2015.12.09 08:55:36.138,0.6621,0.66228,1.95,2.25
2015.12.09 08:55:36.597,0.6621,0.66227,2.62,1.37
2015.12.09 08:55:39.736,0.66211,0.66228,1.95,1.12
2015.12.09 08:55:40.244,0.66212,0.66227,1.10,1.00
2015.12.09 08:55:40.751,0.66212,0.66229,1.20,2.25
2015.12.09 08:55:41.149,0.66214,0.66229,1.00,2.25
2015.12.09 08:55:41.655,0.66214,0.66229,1.00,1.50
2015.12.09 08:55:42.161,0.66214,0.66229,1.10,1.12
2015.12.09 08:55:42.365,0.66215,0.66231,1.12,1.87
2015.12.09 08:55:42.416,0.66218,0.66231,1.00,1.50
2015.12.09 08:55:42.829,0.66218,0.66233,1.12,1.00
2015.12.09 08:55:45.012,0.66218,0.66234,1.20,1.87
2015.12.09 08:55:46.859,0.66219,0.66234,1.00,1.12
2015.12.09 08:55:48.658,0.66222,0.66237,1.00,1.75
2015.12.09 08:55:48.970,0.66222,0.66236,1.95,1.50
2015.12.09 08:55:49.021,0.66222,0.66236,1.20,1.50
2015.12.09 08:55:49.124,0.66225,0.66236,1.00,1.00
2015.12.09 08:55:49.379,0.66228,0.66241,2.02,1.00
2015.12.09 08:55:49.582,0.66229,0.66246,1.12,1.37
2015.12.09 08:55:50.098,0.6623,0.66248,1.00,3.90
2015.12.09 08:55:51.763,0.66228,0.66246,2.25,1.12
2015.12.09 08:55:51.814,0.66228,0.66246,1.87,1.50
2015.12.09 08:55:51.865,0.66228,0.66246,1.50,1.75
2015.12.09 08:55:53.179,0.66229,0.66246,1.50,1.95
2015.12.09 08:55:53.729,0.66228,0.66246,2.25,2.70
2015.12.09 08:55:54.682,0.66227,0.66245,1.87,1.85
2015.12.09 08:55:54.884,0.66225,0.66241,1.87,1.20
2015.12.09 08:55:55.197,0.6622,0.66237,1.00,1.85
2015.12.09 08:55:55.703,0.6622,0.66235,1.00,1.45
2015.12.09 08:55:56.637,0.66222,0.66237,1.00,1.95
2015.12.09 08:55:56.688,0.66222,0.66237,1.00,1.57
2015.12.09 08:55:57.425,0.66222,0.66238,2.25,1.87
2015.12.09 08:55:57.934,0.66223,0.6624,1.00,3.07
2015.12.09 08:56:01.818,0.66223,0.6624,1.00,2.25
2015.12.09 08:56:12.000,0.66224,0.6624,1.00,2.70
2015.12.09 08:56:16.602,0.66224,0.66238,1.00,1.37
2015.12.09 08:56:16.704,0.66222,0.66237,2.25,1.00
2015.12.09 08:56:19.116,0.66222,0.66238,2.62,1.12
2015.12.09 08:56:21.726,0.66222,0.66238,1.12,1.57
2015.12.09 08:56:24.012,0.66224,0.66238,1.00,1.37
2015.12.09 08:56:24.236,0.66227,0.6624,1.00,1.95
2015.12.09 08:56:24.643,0.66224,0.66239,1.00,1.20
2015.12.09 08:56:24.744,0.66224,0.66239,1.00,1.85
2015.12.09 08:56:24.795,0.66222,0.66239,1.87,1.95
2015.12.09 08:56:24.846,0.66222,0.66239,2.25,1.95
2015.12.09 08:56:24.898,0.66222,0.66238,4.12,1.75
2015.12.09 08:56:25.409,0.66222,0.66237,1.00,1.12
2015.12.09 08:56:29.116,0.66221,0.66238,1.87,1.20
2015.12.09 08:56:29.880,0.66223,0.66238,1.00,1.20
2015.12.09 08:56:30.245,0.66221,0.66238,1.12,1.20
2015.12.09 08:56:30.934,0.66222,0.66238,1.00,1.20
2015.12.09 08:56:31.465,0.66221,0.66238,1.87,1.20
2015.12.09 08:56:32.173,0.66219,0.66235,1.50,1.12
2015.12.09 08:56:32.275,0.66219,0.66235,1.12,1.12
2015.12.09 08:56:32.377,0.6622,0.66237,2.25,1.87
2015.12.09 08:56:32.918,0.66221,0.66238,1.50,1.57
2015.12.09 08:56:33.221,0.66222,0.66238,1.75,1.57
2015.12.09 08:56:38.898,0.6622,0.66238,2.32,1.12
2015.12.09 08:56:39.241,0.6622,0.66237,1.50,1.95
2015.12.09 08:56:39.394,0.66219,0.66236,1.37,2.40
2015.12.09 08:56:39.495,0.66217,0.66235,2.40,1.50
2015.12.09 08:56:41.905,0.66217,0.66235,2.25,1.20
2015.12.09 08:56:43.072,0.66217,0.66235,2.25,2.32
2015.12.09 08:56:49.581,0.66217,0.66233,1.50,1.00
2015.12.09 08:56:50.320,0.66217,0.66233,1.75,1.00
2015.12.09 08:56:50.635,0.66219,0.66231,1.00,1.00
2015.12.09 08:56:52.595,0.66219,0.66232,1.00,1.00
2015.12.09 08:56:53.080,0.66215,0.6623,1.20,1.00
2015.12.09 08:56:53.385,0.6621,0.66225,1.82,1.20
2015.12.09 08:56:53.703,0.6621,0.66223,1.45,1.00
2015.12.09 08:56:53.856,0.66207,0.66222,1.20,1.00
2015.12.09 08:56:55.038,0.66206,0.66222,2.40,1.00
2015.12.09 08:57:01.057,0.66208,0.66222,1.50,1.10
2015.12.09 08:57:06.450,0.66211,0.66222,1.00,1.00
2015.12.09 08:57:06.501,0.66211,0.66224,1.50,1.65
2015.12.09 08:57:06.552,0.66211,0.66224,1.75,1.20
2015.12.09 08:57:06.653,0.6621,0.66223,1.12,1.00
2015.12.09 08:57:06.891,0.66207,0.66223,1.95,1.00
2015.12.09 08:57:11.722,0.6621,0.66226,1.87,1.95
2015.12.09 08:57:11.973,0.66212,0.66226,2.62,1.20
2015.12.09 08:57:12.177,0.6621,0.66224,1.45,1.00
2015.12.09 08:57:12.381,0.66208,0.66224,1.45,1.00
2015.12.09 08:57:12.535,0.66207,0.66222,2.25,1.00
2015.12.09 08:57:14.836,0.66208,0.66224,1.57,1.10
2015.12.09 08:57:15.423,0.66208,0.66224,1.85,1.57
2015.12.09 08:57:16.956,0.66209,0.66224,1.00,1.57
2015.12.09 08:57:17.462,0.66208,0.66224,1.95,1.50
2015.12.09 08:57:19.781,0.66208,0.66222,1.95,1.00
2015.12.09 08:57:21.081,0.66208,0.66222,1.07,1.00
2015.12.09 08:57:32.628,0.66209,0.66223,1.00,1.10
2015.12.09 08:57:33.837,0.66209,0.66221,1.00,1.00
2015.12.09 08:57:34.978,0.66209,0.66224,1.00,2.70
2015.12.09 08:57:40.515,0.66205,0.66223,1.85,1.57
2015.12.09 08:57:46.638,0.66207,0.66223,1.00,3.07
2015.12.09 08:57:49.147,0.66207,0.66222,1.00,1.00
2015.12.09 08:57:49.650,0.66205,0.66222,1.57,1.12
2015.12.09 08:57:51.339,0.66204,0.6622,1.95,1.00
2015.12.09 08:57:51.442,0.66204,0.6622,1.95,1.00
2015.12.09 08:57:51.980,0.66204,0.6622,1.57,1.00
2015.12.09 08:57:59.398,0.66204,0.6622,1.85,1.00
2015.12.09 08:57:59.499,0.66204,0.6622,1.57,1.00
2015.12.09 08:58:00.856,0.66204,0.6622,1.57,1.50
2015.12.09 08:58:01.202,0.66204,0.6622,1.57,1.50
2015.12.09 08:58:01.432,0.66204,0.6622,1.85,1.50
2015.12.09 08:58:01.972,0.66204,0.6622,1.85,1.50
2015.12.09 08:58:03.669,0.66204,0.6622,1.85,1.00
2015.12.09 08:58:03.720,0.66204,0.6622,1.57,1.00
2015.12.09 08:58:08.692,0.66203,0.66218,3.45,1.00
2015.12.09 08:58:08.896,0.66199,0.66216,1.12,1.85
2015.12.09 08:58:09.633,0.662,0.66216,1.00,1.85
2015.12.09 08:58:10.506,0.66201,0.66216,1.37,1.20
2015.12.09 08:58:14.216,0.66201,0.66216,1.20,1.37
2015.12.09 08:58:14.807,0.662,0.66215,1.37,1.07
2015.12.09 08:58:15.444,0.66198,0.66212,1.20,1.00
2015.12.09 08:58:15.497,0.66198,0.66209,1.10,1.00
2015.12.09 08:58:15.549,0.66197,0.66211,1.00,1.00
2015.12.09 08:58:15.906,0.66196,0.66211,1.87,1.00
2015.12.09 08:58:16.451,0.66196,0.66211,1.87,1.00
2015.12.09 08:58:17.541,0.66199,0.66211,1.00,1.00
2015.12.09 08:58:18.050,0.66198,0.66211,1.00,1.00
2015.12.09 08:58:18.590,0.66197,0.6621,1.12,1.00
2015.12.09 08:58:19.292,0.66197,0.6621,1.37,1.00
2015.12.09 08:58:19.596,0.66197,0.66208,1.00,1.00
2015.12.09 08:58:20.832,0.66197,0.66208,1.75,1.00
2015.12.09 08:58:20.933,0.66197,0.66208,1.50,1.00
2015.12.09 08:58:34.895,0.66197,0.66211,1.50,1.10
2015.12.09 08:58:35.661,0.66197,0.66209,1.50,1.00
2015.12.09 08:58:36.152,0.66197,0.66211,1.50,1.10
2015.12.09 08:58:39.487,0.66197,0.66211,1.00,1.10
2015.12.09 08:58:43.784,0.66197,0.6621,1.50,1.00
2015.12.09 08:58:44.588,0.66196,0.6621,1.75,1.00
2015.12.09 08:58:45.040,0.66197,0.66207,1.37,1.00
2015.12.09 08:58:45.346,0.66195,0.66207,1.87,1.00
2015.12.09 08:58:45.397,0.66195,0.66203,1.75,1.00
2015.12.09 08:58:45.499,0.6619,0.66202,1.87,1.00
2015.12.09 08:58:45.550,0.6619,0.662,1.87,1.00
2015.12.09 08:58:45.602,0.66183,0.662,3.15,1.00
2015.12.09 08:58:45.804,0.66184,0.662,1.50,1.10
2015.12.09 08:58:46.266,0.66183,0.66198,1.50,1.00
2015.12.09 08:58:46.777,0.66182,0.66198,1.47,1.37
2015.12.09 08:58:47.030,0.66179,0.66194,1.00,1.12
2015.12.09 08:58:49.275,0.66179,0.66194,1.00,1.50
2015.12.09 08:58:50.796,0.66179,0.66194,1.50,1.20
2015.12.09 08:58:51.000,0.66179,0.66194,1.12,1.57
2015.12.09 08:58:51.051,0.66179,0.66194,1.50,1.20
2015.12.09 08:58:51.596,0.66178,0.66193,1.00,1.00
2015.12.09 08:58:53.156,0.6618,0.66193,1.00,1.50
2015.12.09 08:58:54.309,0.6618,0.66195,1.00,1.20
2015.12.09 08:58:54.411,0.66181,0.66196,1.12,1.57
2015.12.09 08:58:54.961,0.6618,0.66193,1.57,1.00
2015.12.09 08:58:57.212,0.6618,0.66193,1.57,1.00
2015.12.09 08:58:58.669,0.66179,0.66193,1.00,1.00
2015.12.09 08:58:59.283,0.66179,0.66195,1.00,1.50
2015.12.09 08:58:59.588,0.66177,0.66193,1.12,1.87
2015.12.09 08:59:00.095,0.66176,0.66193,1.95,1.37
2015.12.09 08:59:00.636,0.66176,0.66191,2.25,1.00
2015.12.09 08:59:01.724,0.66177,0.66191,1.27,1.00
2015.12.09 08:59:04.512,0.66176,0.66194,1.57,1.50
2015.12.09 08:59:08.345,0.66176,0.66193,1.85,1.12
2015.12.09 08:59:09.402,0.66176,0.66192,1.85,1.00
2015.12.09 08:59:09.504,0.66177,0.66192,1.00,1.00
2015.12.09 08:59:10.007,0.66176,0.66191,1.57,1.00
2015.12.09 08:59:16.128,0.66175,0.66191,1.07,1.12
2015.12.09 08:59:18.304,0.66175,0.66188,1.07,1.00
2015.12.09 08:59:18.557,0.6617,0.66185,1.45,1.00
2015.12.09 08:59:18.760,0.66169,0.66185,1.10,2.25
2015.12.09 08:59:18.811,0.66167,0.66181,1.57,1.00
2015.12.09 08:59:19.915,0.66169,0.66181,1.00,1.00
2015.12.09 08:59:20.421,0.66168,0.66181,1.20,1.00
2015.12.09 08:59:20.943,0.66168,0.66185,1.57,2.25
2015.12.09 08:59:21.524,0.66168,0.66185,1.57,1.12
2015.12.09 08:59:22.338,0.66168,0.66185,1.95,1.75
2015.12.09 08:59:22.877,0.66168,0.66183,1.20,1.00
2015.12.09 08:59:23.933,0.66168,0.66183,1.47,1.00
2015.12.09 08:59:23.984,0.66169,0.66185,1.00,1.57
2015.12.09 08:59:24.834,0.6617,0.66185,1.00,1.50
2015.12.09 08:59:25.739,0.6617,0.66185,1.37,1.12
2015.12.09 08:59:26.140,0.6617,0.66183,1.00,1.00
2015.12.09 08:59:26.501,0.66168,0.66183,1.10,1.12
2015.12.09 08:59:26.855,0.66168,0.66186,1.57,2.62
2015.12.09 08:59:30.957,0.66168,0.66186,1.85,1.50
2015.12.09 08:59:31.586,0.66168,0.66186,1.57,1.87
2015.12.09 08:59:32.363,0.66168,0.66186,1.95,1.00
2015.12.09 08:59:32.667,0.66171,0.66188,1.95,1.00
2015.12.09 08:59:33.871,0.66176,0.6619,1.00,1.37
2015.12.09 08:59:34.198,0.66175,0.66189,1.85,1.37
2015.12.09 08:59:34.708,0.66175,0.66189,1.85,1.37
2015.12.09 08:59:35.618,0.66177,0.66189,1.12,1.00
2015.12.09 08:59:37.895,0.66175,0.66189,1.45,1.00
2015.12.09 08:59:39.590,0.66174,0.66189,3.00,1.00
2015.12.09 08:59:39.691,0.66174,0.66189,3.00,1.00
2015.12.09 08:59:40.294,0.66174,0.66189,1.00,1.00
2015.12.09 08:59:47.072,0.66173,0.66189,1.85,1.00
2015.12.09 08:59:47.995,0.66173,0.66189,1.47,1.37
2015.12.09 08:59:49.987,0.66171,0.66189,4.95,1.00
2015.12.09 08:59:51.324,0.66173,0.66189,1.37,1.37
2015.12.09 08:59:55.308,0.66172,0.6619,3.07,1.10
2015.12.09 08:59:57.430,0.66174,0.6619,2.32,1.00
2015.12.09 08:59:57.971,0.66174,0.6619,2.32,1.00
