2016.01.28 07:00:00.421,0.64587,0.64597,1.20,1.00
2016.01.28 07:00:04.514,0.64585,0.64597,1.12,1.00
2016.01.28 07:00:07.145,0.64584,0.64597,1.12,1.00
2016.01.28 07:00:08.609,0.64584,0.64596,1.00,1.00
2016.01.28 07:00:09.216,0.64584,0.64597,1.00,2.25
2016.01.28 07:00:10.968,0.64586,0.64597,1.00,1.50
2016.01.28 07:00:11.476,0.64585,0.64597,1.00,1.50
2016.01.28 07:00:14.582,0.64586,0.64597,1.00,1.50
2016.01.28 07:00:14.886,0.64581,0.64586,1.00,1.00
2016.01.28 07:00:14.937,0.64579,0.64583,1.00,1.00
2016.01.28 07:00:14.989,0.64573,0.64577,1.00,1.00
2016.01.28 07:00:15.515,0.64563,0.64578,1.57,1.00
2016.01.28 07:00:15.567,0.64565,0.6458,1.00,1.87
2016.01.28 07:00:15.872,0.64568,0.64577,1.57,1.00
2016.01.28 07:00:16.380,0.64567,0.64575,1.12,1.00
2016.01.28 07:00:16.705,0.64566,0.64577,1.20,1.00
2016.01.28 07:00:19.288,0.64565,0.64575,1.12,1.00
2016.01.28 07:00:19.341,0.64564,0.64574,1.00,1.00
2016.01.28 07:00:19.443,0.6456,0.64574,1.50,1.50
2016.01.28 07:00:19.495,0.6456,0.64572,1.00,1.00
2016.01.28 07:00:19.900,0.64557,0.64571,1.10,1.37
2016.01.28 07:00:20.103,0.64555,0.64571,1.95,1.87
2016.01.28 07:00:20.154,0.64555,0.64568,1.95,1.00
2016.01.28 07:00:20.704,0.64556,0.64568,1.00,1.00
2016.01.28 07:00:21.107,0.64558,0.64568,1.37,1.00
2016.01.28 07:00:21.450,0.64559,0.64575,1.75,2.25
2016.01.28 07:00:21.961,0.64563,0.64574,1.00,1.00
2016.01.28 07:00:24.111,0.64561,0.64574,1.12,1.00
2016.01.28 07:00:24.379,0.64561,0.64567,1.12,1.00
2016.01.28 07:00:24.430,0.64561,0.64569,1.00,1.50
2016.01.28 07:00:24.481,0.6456,0.64566,1.00,1.87
2016.01.28 07:00:24.634,0.64554,0.64563,1.00,1.00
2016.01.28 07:00:24.736,0.64551,0.64564,1.00,2.25
2016.01.28 07:00:24.787,0.64551,0.64562,1.00,1.00
2016.01.28 07:00:24.839,0.64548,0.64562,1.12,1.50
2016.01.28 07:00:24.890,0.64544,0.6456,1.85,1.00
2016.01.28 07:00:24.941,0.64546,0.6456,1.00,1.00
2016.01.28 07:00:25.044,0.64542,0.64558,1.57,1.50
2016.01.28 07:00:25.274,0.64541,0.64556,1.12,1.00
2016.01.28 07:00:25.580,0.64534,0.64547,1.45,1.00
2016.01.28 07:00:26.046,0.64535,0.64545,1.57,1.00
2016.01.28 07:00:26.351,0.64534,0.64545,1.95,1.00
2016.01.28 07:00:27.329,0.64535,0.64545,2.32,1.00
2016.01.28 07:00:27.882,0.64537,0.64545,1.12,1.00
2016.01.28 07:00:28.386,0.64537,0.64544,1.12,1.00
2016.01.28 07:00:30.340,0.64536,0.64545,1.50,1.00
2016.01.28 07:00:31.084,0.6454,0.64547,1.00,1.00
2016.01.28 07:00:31.392,0.6454,0.64548,2.25,1.00
2016.01.28 07:00:31.897,0.64541,0.64548,1.95,1.00
2016.01.28 07:00:32.651,0.64541,0.64549,1.95,1.00
2016.01.28 07:00:33.160,0.64541,0.64548,2.70,1.00
2016.01.28 07:00:34.072,0.64544,0.6455,1.07,1.00
2016.01.28 07:00:34.225,0.64543,0.64552,1.87,1.00
2016.01.28 07:00:34.276,0.64542,0.64551,1.95,1.00
2016.01.28 07:00:34.328,0.64542,0.64548,1.10,1.00
2016.01.28 07:00:34.430,0.6454,0.64549,1.82,1.00
2016.01.28 07:00:34.954,0.6454,0.64548,1.20,1.00
2016.01.28 07:00:35.772,0.6454,0.6455,1.57,1.00
2016.01.28 07:00:37.061,0.6454,0.64551,1.57,1.00
2016.01.28 07:00:38.075,0.6454,0.64551,2.32,1.00
2016.01.28 07:00:38.622,0.64543,0.64551,1.00,1.00
2016.01.28 07:00:38.673,0.64542,0.64551,1.75,1.00
2016.01.28 07:00:39.186,0.64546,0.64553,1.00,1.00
2016.01.28 07:00:40.030,0.64546,0.6455,1.00,1.00
2016.01.28 07:00:40.132,0.64545,0.64557,1.50,2.25
2016.01.28 07:00:40.234,0.64546,0.64556,1.20,1.37
2016.01.28 07:00:40.336,0.64546,0.64557,1.10,1.00
2016.01.28 07:00:40.522,0.64542,0.64557,1.87,3.37
2016.01.28 07:00:40.829,0.64538,0.64546,1.75,1.00
2016.01.28 07:00:41.033,0.64538,0.64546,1.45,1.00
2016.01.28 07:00:41.583,0.64537,0.64545,2.25,1.00
2016.01.28 07:00:44.445,0.64536,0.64545,1.95,1.00
2016.01.28 07:00:44.731,0.64535,0.64543,1.87,1.00
2016.01.28 07:00:44.783,0.64534,0.64542,1.12,1.00
2016.01.28 07:00:44.996,0.64533,0.64542,1.87,1.00
2016.01.28 07:00:45.499,0.64535,0.64543,1.20,1.00
2016.01.28 07:00:46.037,0.64535,0.64542,1.20,1.00
2016.01.28 07:00:46.549,0.64535,0.64544,1.45,2.62
2016.01.28 07:00:47.464,0.64536,0.64545,1.10,1.87
2016.01.28 07:00:47.516,0.64535,0.64545,1.95,1.87
2016.01.28 07:00:47.859,0.64536,0.64545,1.10,1.87
2016.01.28 07:00:48.679,0.64535,0.64545,1.50,1.87
2016.01.28 07:00:49.452,0.64533,0.64545,1.95,1.87
2016.01.28 07:00:49.989,0.64535,0.64549,1.45,2.25
2016.01.28 07:00:50.349,0.64533,0.64543,1.12,1.87
2016.01.28 07:00:52.970,0.64531,0.64543,1.20,1.87
2016.01.28 07:00:53.276,0.64528,0.64539,1.07,1.87
2016.01.28 07:00:53.783,0.64527,0.64539,1.12,1.87
2016.01.28 07:00:54.686,0.64526,0.64535,2.70,1.87
2016.01.28 07:00:55.194,0.64526,0.64536,1.12,1.87
2016.01.28 07:00:56.565,0.64526,0.64533,1.12,1.00
2016.01.28 07:00:56.667,0.64526,0.64534,1.12,1.00
2016.01.28 07:00:57.741,0.64526,0.64534,1.12,1.00
2016.01.28 07:00:57.843,0.64526,0.64536,1.87,1.00
2016.01.28 07:00:57.996,0.64527,0.64536,1.85,1.00
2016.01.28 07:00:58.403,0.64528,0.64537,1.12,1.00
2016.01.28 07:00:59.269,0.64526,0.64536,1.20,1.00
2016.01.28 07:00:59.705,0.64526,0.64541,1.20,1.00
2016.01.28 07:01:03.172,0.64526,0.6454,1.95,1.00
2016.01.28 07:01:12.424,0.64526,0.6454,1.95,1.00
2016.01.28 07:01:13.065,0.64526,0.6454,1.95,1.00
2016.01.28 07:01:13.723,0.64526,0.6454,1.95,1.00
2016.01.28 07:01:15.626,0.64526,0.6454,1.45,1.00
2016.01.28 07:01:18.205,0.64529,0.64545,1.87,1.87
2016.01.28 07:01:18.257,0.64529,0.64545,1.87,1.50
2016.01.28 07:01:18.360,0.6453,0.64545,1.50,1.50
2016.01.28 07:01:20.242,0.6453,0.64545,1.12,1.50
2016.01.28 07:01:21.523,0.6453,0.64545,1.50,1.50
2016.01.28 07:01:23.518,0.64531,0.64544,1.00,1.00
2016.01.28 07:01:25.260,0.6453,0.64544,2.25,1.00
2016.01.28 07:01:26.407,0.64531,0.64544,1.12,1.00
2016.01.28 07:01:26.509,0.64531,0.64548,2.25,2.77
2016.01.28 07:01:26.662,0.64534,0.64548,1.50,1.10
2016.01.28 07:01:26.966,0.64534,0.64548,2.25,1.00
2016.01.28 07:01:30.837,0.64535,0.64549,1.75,1.00
2016.01.28 07:01:31.690,0.64534,0.64549,1.75,1.00
2016.01.28 07:01:34.099,0.64534,0.64549,2.25,1.00
2016.01.28 07:01:34.615,0.64534,0.64548,1.10,1.12
2016.01.28 07:01:36.219,0.64532,0.64545,1.87,1.00
2016.01.28 07:01:36.423,0.64526,0.6454,1.07,1.87
2016.01.28 07:01:36.525,0.64524,0.64539,1.45,1.87
2016.01.28 07:01:36.627,0.64523,0.64539,3.37,2.32
2016.01.28 07:01:36.780,0.64525,0.6454,1.12,2.62
2016.01.28 07:01:37.448,0.64526,0.64541,1.00,1.95
2016.01.28 07:01:37.550,0.64526,0.64541,2.25,1.95
2016.01.28 07:01:38.549,0.64526,0.64541,1.12,1.87
2016.01.28 07:01:38.752,0.64526,0.64539,1.00,1.87
2016.01.28 07:01:39.535,0.64525,0.64539,1.12,2.25
2016.01.28 07:01:40.311,0.64524,0.64537,1.00,1.00
2016.01.28 07:01:41.415,0.64522,0.64537,1.12,1.12
2016.01.28 07:01:41.846,0.6452,0.64535,1.50,1.00
2016.01.28 07:01:42.152,0.6452,0.64535,1.00,1.87
2016.01.28 07:01:42.305,0.64518,0.64534,1.00,1.50
2016.01.28 07:01:42.816,0.64517,0.64532,1.00,1.12
2016.01.28 07:01:44.269,0.64517,0.64531,1.10,1.00
2016.01.28 07:01:44.431,0.64514,0.64531,1.95,1.87
2016.01.28 07:01:46.130,0.64514,0.64531,2.70,1.87
2016.01.28 07:01:51.323,0.64514,0.64531,1.95,1.87
2016.01.28 07:01:51.853,0.64515,0.64531,1.85,2.62
2016.01.28 07:01:55.184,0.64517,0.64531,1.37,1.37
2016.01.28 07:01:55.235,0.64519,0.64532,1.12,1.12
2016.01.28 07:01:55.287,0.64519,0.64532,1.37,1.00
2016.01.28 07:01:55.829,0.64519,0.64533,1.87,1.00
2016.01.28 07:01:57.051,0.64519,0.64526,1.87,1.00
2016.01.28 07:01:58.415,0.64519,0.64527,1.87,1.00
2016.01.28 07:02:03.478,0.64516,0.64526,1.12,1.00
2016.01.28 07:02:03.529,0.64515,0.64526,1.95,1.00
2016.01.28 07:02:04.075,0.64517,0.64525,1.12,1.00
2016.01.28 07:02:04.272,0.64515,0.64525,1.20,3.37
2016.01.28 07:02:04.425,0.64513,0.64525,1.00,1.87
2016.01.28 07:02:04.477,0.64513,0.64529,1.00,1.50
2016.01.28 07:02:04.528,0.64513,0.64529,1.75,1.37
2016.01.28 07:02:04.680,0.64514,0.64531,3.00,2.62
2016.01.28 07:02:05.733,0.64515,0.64526,2.25,1.00
2016.01.28 07:02:06.413,0.64516,0.64526,1.57,1.00
2016.01.28 07:02:06.899,0.64515,0.64526,2.25,1.00
2016.01.28 07:02:07.506,0.64515,0.64526,1.20,1.00
2016.01.28 07:02:14.523,0.64515,0.64527,1.20,1.00
2016.01.28 07:02:20.389,0.64515,0.64527,1.57,1.00
2016.01.28 07:02:23.287,0.64515,0.64526,1.57,1.00
2016.01.28 07:02:36.309,0.64514,0.64521,3.00,1.00
2016.01.28 07:02:36.411,0.64513,0.64521,1.57,1.00
2016.01.28 07:02:37.545,0.64513,0.64522,1.20,1.00
2016.01.28 07:02:38.521,0.64514,0.64522,1.57,1.00
2016.01.28 07:02:40.276,0.64514,0.64522,1.57,1.00
2016.01.28 07:02:45.468,0.64514,0.64522,1.57,1.00
2016.01.28 07:02:50.757,0.64514,0.64526,2.32,1.00
2016.01.28 07:02:50.858,0.64514,0.64526,2.32,1.00
2016.01.28 07:02:56.241,0.64514,0.64523,2.32,1.00
2016.01.28 07:02:56.607,0.64514,0.64522,3.00,1.00
2016.01.28 07:02:57.232,0.64514,0.64523,2.62,1.00
2016.01.28 07:02:57.484,0.64515,0.64526,1.07,1.00
2016.01.28 07:02:57.990,0.64514,0.64526,1.95,1.00
2016.01.28 07:03:00.947,0.64514,0.64522,1.95,1.00
2016.01.28 07:03:01.049,0.64515,0.64526,1.07,1.00
2016.01.28 07:03:01.346,0.64514,0.64522,2.25,1.00
2016.01.28 07:03:02.259,0.64514,0.64526,2.25,1.00
2016.01.28 07:03:02.411,0.64514,0.64523,2.32,1.00
2016.01.28 07:03:03.065,0.64515,0.64522,1.20,1.00
2016.01.28 07:03:03.284,0.64514,0.64526,1.87,1.00
2016.01.28 07:03:03.386,0.64514,0.64527,2.62,1.00
2016.01.28 07:03:03.488,0.64514,0.64523,1.50,1.00
2016.01.28 07:03:03.796,0.64517,0.64526,1.10,1.00
2016.01.28 07:03:06.245,0.64514,0.64527,3.37,1.00
2016.01.28 07:03:08.979,0.64514,0.64526,3.00,1.00
2016.01.28 07:03:11.688,0.64516,0.64526,1.12,1.00
2016.01.28 07:03:13.392,0.64516,0.64527,1.12,1.00
2016.01.28 07:03:15.101,0.64516,0.64527,1.07,1.00
2016.01.28 07:03:15.609,0.64518,0.64527,1.00,1.00
2016.01.28 07:03:17.883,0.64516,0.64531,1.95,1.50
2016.01.28 07:03:17.985,0.64516,0.64529,1.45,1.00
2016.01.28 07:03:21.973,0.64515,0.64527,1.87,1.50
2016.01.28 07:03:22.384,0.64515,0.64529,1.12,1.50
2016.01.28 07:03:23.350,0.64516,0.64525,1.12,1.37
2016.01.28 07:03:23.504,0.64513,0.64525,1.50,1.37
2016.01.28 07:03:23.555,0.64512,0.64525,1.12,1.37
2016.01.28 07:03:24.012,0.64514,0.64529,1.50,1.87
2016.01.28 07:03:24.267,0.64515,0.64529,1.07,1.00
2016.01.28 07:03:26.402,0.64518,0.64529,1.00,1.00
2016.01.28 07:03:26.708,0.64523,0.64534,1.37,1.50
2016.01.28 07:03:26.862,0.64525,0.64539,1.10,1.00
2016.01.28 07:03:26.914,0.64526,0.64539,1.07,1.00
2016.01.28 07:03:28.415,0.64526,0.64534,1.07,1.00
2016.01.28 07:03:28.795,0.64514,0.64528,2.62,1.87
2016.01.28 07:03:28.846,0.64516,0.64529,1.87,1.00
2016.01.28 07:03:28.999,0.64519,0.64529,1.00,1.00
2016.01.28 07:03:29.520,0.6452,0.6453,1.00,1.00
2016.01.28 07:03:29.572,0.64522,0.64534,1.00,1.87
2016.01.28 07:03:29.788,0.64526,0.64536,1.00,1.12
2016.01.28 07:03:29.840,0.64526,0.64539,1.00,1.00
2016.01.28 07:03:30.194,0.64527,0.64541,1.12,1.00
2016.01.28 07:03:30.296,0.64527,0.64539,1.00,1.00
2016.01.28 07:03:30.550,0.64527,0.64541,2.32,1.00
2016.01.28 07:03:36.839,0.64525,0.64541,1.20,1.50
2016.01.28 07:03:37.499,0.64528,0.64539,1.00,1.00
2016.01.28 07:03:38.039,0.64527,0.64541,1.00,1.00
2016.01.28 07:03:41.767,0.64527,0.6454,1.50,1.00
2016.01.28 07:03:43.078,0.64528,0.6454,1.00,1.12
2016.01.28 07:04:00.420,0.64528,0.64541,1.00,1.00
2016.01.28 07:04:05.895,0.64528,0.64541,1.50,1.37
2016.01.28 07:04:08.290,0.64526,0.64541,1.10,2.62
2016.01.28 07:04:13.412,0.64524,0.64538,3.00,1.00
2016.01.28 07:04:15.882,0.64524,0.64534,2.25,1.00
2016.01.28 07:04:16.137,0.64519,0.64532,1.12,1.00
2016.01.28 07:04:20.682,0.64521,0.64532,1.12,1.87
2016.01.28 07:04:20.936,0.6452,0.64533,1.57,1.00
2016.01.28 07:04:21.470,0.6452,0.64532,1.10,1.00
2016.01.28 07:04:27.044,0.6452,0.64531,1.00,1.00
2016.01.28 07:04:29.367,0.6452,0.64529,1.00,1.00
2016.01.28 07:04:37.002,0.6452,0.64528,1.00,1.00
2016.01.28 07:04:38.264,0.6452,0.64528,1.00,1.37
2016.01.28 07:04:40.336,0.6452,0.64528,1.00,1.00
2016.01.28 07:04:47.494,0.6452,0.6453,1.00,1.12
2016.01.28 07:04:48.457,0.6452,0.64528,1.00,1.00
2016.01.28 07:04:49.632,0.64517,0.64528,1.00,1.00
2016.01.28 07:04:49.683,0.64517,0.6453,1.00,1.12
2016.01.28 07:05:03.525,0.64516,0.64531,1.87,1.87
2016.01.28 07:05:04.114,0.64516,0.64526,1.12,1.00
2016.01.28 07:05:04.419,0.64515,0.64521,1.00,1.00
2016.01.28 07:05:04.522,0.64511,0.64521,1.00,1.00
2016.01.28 07:05:05.033,0.64511,0.6452,1.00,1.00
2016.01.28 07:05:05.485,0.64509,0.64523,1.00,1.87
2016.01.28 07:05:06.628,0.64509,0.6452,1.00,1.00
2016.01.28 07:05:08.138,0.6451,0.64523,1.00,1.12
2016.01.28 07:05:08.240,0.64512,0.64523,1.50,1.12
2016.01.28 07:05:08.751,0.64512,0.64524,1.50,1.00
2016.01.28 07:05:09.299,0.64513,0.64527,1.00,1.37
2016.01.28 07:05:10.144,0.64512,0.64527,1.50,1.37
2016.01.28 07:05:11.472,0.64512,0.64526,1.87,1.37
2016.01.28 07:05:12.131,0.64512,0.64526,2.25,1.37
2016.01.28 07:05:12.815,0.64515,0.64527,1.00,1.37
2016.01.28 07:05:12.917,0.64515,0.64529,1.50,1.12
2016.01.28 07:05:13.019,0.64517,0.64529,1.00,1.12
2016.01.28 07:05:13.576,0.64515,0.6453,1.20,1.37
2016.01.28 07:05:15.224,0.64515,0.6453,2.32,1.37
2016.01.28 07:05:17.293,0.64515,0.64527,1.57,1.00
2016.01.28 07:05:17.497,0.64512,0.64527,1.95,1.00
2016.01.28 07:05:17.752,0.64511,0.64525,1.20,1.75
2016.01.28 07:05:18.444,0.64511,0.64523,1.00,1.37
2016.01.28 07:05:35.736,0.64511,0.64525,1.00,2.25
2016.01.28 07:05:37.691,0.64511,0.64525,2.25,1.12
2016.01.28 07:05:38.584,0.64511,0.64526,2.40,1.37
2016.01.28 07:05:38.940,0.64512,0.64527,1.12,1.12
2016.01.28 07:05:39.094,0.64513,0.64525,1.20,1.00
2016.01.28 07:05:40.209,0.64511,0.64524,2.70,1.00
2016.01.28 07:05:42.910,0.64512,0.64526,1.87,1.00
2016.01.28 07:05:44.679,0.64512,0.64526,1.57,1.00
2016.01.28 07:05:44.983,0.64512,0.64526,1.85,1.00
2016.01.28 07:05:47.856,0.64512,0.64527,1.85,1.87
2016.01.28 07:05:49.500,0.64512,0.64527,1.57,1.87
2016.01.28 07:05:50.026,0.64512,0.64526,1.57,1.00
2016.01.28 07:05:53.047,0.64511,0.64527,3.45,1.87
2016.01.28 07:05:55.598,0.64511,0.64527,3.45,1.87
2016.01.28 07:05:56.109,0.64514,0.64527,1.50,1.87
2016.01.28 07:05:57.216,0.64514,0.64529,1.75,1.37
2016.01.28 07:05:59.019,0.64516,0.6453,2.25,1.37
2016.01.28 07:05:59.070,0.64516,0.64531,2.70,1.00
2016.01.28 07:05:59.121,0.64516,0.64531,2.70,1.00
2016.01.28 07:05:59.324,0.64517,0.6453,1.45,1.00
2016.01.28 07:06:02.281,0.64517,0.64531,1.45,1.50
2016.01.28 07:06:11.206,0.64518,0.6453,1.10,1.00
2016.01.28 07:06:12.609,0.64517,0.6453,1.10,1.00
2016.01.28 07:06:16.630,0.64516,0.6453,3.00,1.00
2016.01.28 07:06:17.136,0.64516,0.64531,3.00,1.50
2016.01.28 07:06:18.642,0.64516,0.64531,2.40,1.50
2016.01.28 07:06:21.005,0.64518,0.64531,1.00,1.50
2016.01.28 07:06:21.360,0.64515,0.6453,1.50,1.00
2016.01.28 07:06:21.906,0.64517,0.64532,1.00,3.00
2016.01.28 07:06:23.712,0.64517,0.6453,1.00,1.00
2016.01.28 07:06:24.467,0.64517,0.6453,2.25,1.00
2016.01.28 07:06:25.153,0.64517,0.6453,1.00,1.00
2016.01.28 07:06:26.270,0.64517,0.64531,1.00,1.00
2016.01.28 07:06:26.928,0.64517,0.64531,1.37,1.00
2016.01.28 07:06:28.005,0.64518,0.64532,1.12,1.12
2016.01.28 07:06:28.534,0.64519,0.64533,1.00,1.87
2016.01.28 07:06:28.890,0.64517,0.64531,1.12,1.00
2016.01.28 07:06:32.518,0.64517,0.64532,1.12,1.12
2016.01.28 07:06:33.491,0.64517,0.64532,1.50,1.87
2016.01.28 07:06:34.659,0.64518,0.64532,1.12,1.37
2016.01.28 07:06:35.653,0.64518,0.64533,1.12,1.87
2016.01.28 07:06:43.347,0.64516,0.64531,3.00,1.00
2016.01.28 07:06:43.855,0.64516,0.64531,1.50,1.00
2016.01.28 07:06:57.620,0.64517,0.64532,1.00,1.12
2016.01.28 07:06:57.671,0.64523,0.64532,1.00,1.12
2016.01.28 07:06:57.722,0.64521,0.64532,1.00,1.12
2016.01.28 07:06:57.773,0.64524,0.64532,1.95,1.00
2016.01.28 07:06:58.021,0.64525,0.6454,2.32,1.87
2016.01.28 07:06:59.442,0.64525,0.6454,1.95,1.87
2016.01.28 07:06:59.955,0.64525,0.64539,1.95,1.00
2016.01.28 07:07:01.910,0.64527,0.64539,1.00,1.00
2016.01.28 07:07:02.433,0.64527,0.64541,1.12,1.37
2016.01.28 07:07:03.117,0.64527,0.64539,1.00,1.00
2016.01.28 07:07:03.685,0.64527,0.64541,1.00,1.37
2016.01.28 07:07:06.428,0.64527,0.64541,1.87,1.37
2016.01.28 07:07:06.884,0.64526,0.64539,1.50,1.00
2016.01.28 07:07:07.343,0.64526,0.64539,1.12,1.37
2016.01.28 07:07:07.851,0.64527,0.64539,1.12,1.37
2016.01.28 07:07:09.394,0.64525,0.64539,1.00,1.37
2016.01.28 07:07:09.917,0.64524,0.64539,1.12,1.50
2016.01.28 07:07:10.444,0.64523,0.64537,2.25,1.50
2016.01.28 07:07:12.669,0.64526,0.64538,1.00,1.37
2016.01.28 07:07:12.974,0.64523,0.64537,1.87,1.12
2016.01.28 07:07:13.279,0.64522,0.64536,2.32,1.00
2016.01.28 07:07:15.337,0.64519,0.64531,2.25,1.12
2016.01.28 07:07:15.389,0.64519,0.64531,2.25,1.37
2016.01.28 07:07:15.897,0.64519,0.6453,2.25,1.00
2016.01.28 07:07:19.732,0.64518,0.6453,1.00,1.12
2016.01.28 07:07:19.885,0.64518,0.6453,1.00,1.37
2016.01.28 07:07:20.551,0.64519,0.64531,1.00,1.87
2016.01.28 07:07:20.758,0.64519,0.64532,1.00,1.50
2016.01.28 07:07:26.422,0.64519,0.64529,1.00,1.00
2016.01.28 07:07:26.575,0.64517,0.6453,1.00,1.12
2016.01.28 07:07:29.108,0.64517,0.64531,1.00,1.50
2016.01.28 07:07:31.679,0.64518,0.64531,1.00,1.50
2016.01.28 07:07:32.541,0.64518,0.64531,1.00,1.37
2016.01.28 07:07:37.624,0.64519,0.64532,1.00,1.37
2016.01.28 07:07:38.496,0.6452,0.64532,1.00,1.37
2016.01.28 07:07:40.277,0.64519,0.64532,1.00,1.50
2016.01.28 07:07:44.900,0.64518,0.64532,1.00,2.25
2016.01.28 07:07:49.928,0.64519,0.64532,1.00,2.62
2016.01.28 07:07:50.338,0.64519,0.64532,1.00,4.12
2016.01.28 07:07:51.665,0.6452,0.64532,1.00,3.37
2016.01.28 07:07:51.817,0.64522,0.64532,1.00,1.37
2016.01.28 07:07:56.951,0.64524,0.64534,1.00,1.12
2016.01.28 07:07:59.293,0.64522,0.64535,1.37,1.37
2016.01.28 07:07:59.345,0.6452,0.64534,1.20,1.12
2016.01.28 07:07:59.396,0.6452,0.64534,1.12,1.37
2016.01.28 07:08:00.180,0.64523,0.64534,1.00,1.87
2016.01.28 07:08:00.941,0.64523,0.64535,1.00,1.37
2016.01.28 07:08:01.601,0.6452,0.64535,1.12,1.87
2016.01.28 07:08:05.462,0.64519,0.64532,1.12,1.37
2016.01.28 07:08:05.938,0.64519,0.64529,1.00,1.00
2016.01.28 07:08:06.292,0.64517,0.64531,1.00,1.50
2016.01.28 07:08:11.612,0.64518,0.6453,1.00,1.12
2016.01.28 07:08:15.579,0.64518,0.64531,1.00,1.12
2016.01.28 07:08:17.809,0.64519,0.64531,1.00,1.50
2016.01.28 07:08:25.542,0.64524,0.64531,1.00,1.50
2016.01.28 07:08:26.075,0.64521,0.64534,1.00,2.25
2016.01.28 07:08:27.761,0.6452,0.64532,1.00,1.00
2016.01.28 07:08:28.275,0.6452,0.64531,1.00,1.00
2016.01.28 07:08:29.657,0.6452,0.64532,1.00,1.87
2016.01.28 07:08:30.142,0.64518,0.64532,1.37,2.25
2016.01.28 07:08:30.193,0.64517,0.64531,1.00,1.37
2016.01.28 07:08:30.700,0.64517,0.64531,1.00,1.87
2016.01.28 07:08:31.216,0.64517,0.6453,1.00,1.12
2016.01.28 07:08:35.402,0.64518,0.6453,1.00,2.25
2016.01.28 07:08:38.466,0.64517,0.6453,1.00,1.50
2016.01.28 07:08:49.804,0.64518,0.64531,1.00,1.50
2016.01.28 07:08:54.088,0.64519,0.64531,1.00,1.50
2016.01.28 07:08:57.632,0.64518,0.64532,1.00,2.25
2016.01.28 07:08:57.785,0.64516,0.64529,1.00,1.00
2016.01.28 07:08:57.937,0.64515,0.64528,1.50,1.37
2016.01.28 07:08:58.242,0.64515,0.64527,1.50,1.50
2016.01.28 07:08:59.057,0.64514,0.64526,1.00,1.87
2016.01.28 07:09:05.117,0.64517,0.64528,1.00,1.00
2016.01.28 07:09:05.219,0.64517,0.64532,1.00,1.75
2016.01.28 07:09:05.524,0.64519,0.64532,1.00,1.37
2016.01.28 07:09:06.628,0.64521,0.64533,1.00,1.50
2016.01.28 07:09:06.831,0.64522,0.64534,1.00,1.37
2016.01.28 07:09:06.907,0.6452,0.64534,1.12,1.37
2016.01.28 07:09:07.422,0.6452,0.64532,1.00,1.00
2016.01.28 07:09:09.947,0.6452,0.64533,1.00,1.12
2016.01.28 07:09:10.468,0.6452,0.64532,1.00,1.00
2016.01.28 07:09:11.096,0.64518,0.64532,1.10,1.00
2016.01.28 07:09:16.390,0.64519,0.64532,1.00,1.00
2016.01.28 07:09:17.997,0.64519,0.64533,1.00,1.12
2016.01.28 07:09:18.854,0.64523,0.64535,1.00,1.87
2016.01.28 07:09:19.223,0.64529,0.64535,1.00,1.00
2016.01.28 07:09:19.287,0.64529,0.6454,1.12,1.12
2016.01.28 07:09:20.259,0.64529,0.64539,1.12,1.00
2016.01.28 07:09:20.310,0.64526,0.64539,1.20,1.00
2016.01.28 07:09:20.513,0.64526,0.64537,1.00,1.00
2016.01.28 07:09:20.868,0.64523,0.64538,2.32,1.50
2016.01.28 07:09:21.020,0.64523,0.64537,1.00,1.50
2016.01.28 07:09:21.334,0.64523,0.64534,1.00,1.37
2016.01.28 07:09:26.035,0.64526,0.64537,1.00,1.87
2016.01.28 07:09:26.087,0.64526,0.64537,1.00,1.87
2016.01.28 07:09:26.603,0.64525,0.64538,1.00,1.37
2016.01.28 07:09:31.581,0.64526,0.64538,1.00,1.37
2016.01.28 07:09:31.837,0.64529,0.6454,1.00,1.37
2016.01.28 07:09:37.528,0.64527,0.6454,1.00,1.37
2016.01.28 07:09:38.067,0.64528,0.64541,1.00,3.37
2016.01.28 07:09:43.199,0.64527,0.6454,1.00,1.37
2016.01.28 07:09:44.854,0.64526,0.64539,1.00,1.37
2016.01.28 07:09:44.905,0.64523,0.64536,1.57,1.37
2016.01.28 07:09:45.008,0.64523,0.64537,1.00,1.87
2016.01.28 07:09:45.160,0.64521,0.64534,1.00,1.37
2016.01.28 07:09:45.583,0.6452,0.64533,1.50,1.12
2016.01.28 07:09:46.090,0.6452,0.64534,1.50,3.37
2016.01.28 07:09:47.539,0.6452,0.64533,1.00,1.75
2016.01.28 07:09:48.047,0.64521,0.64531,1.00,1.37
2016.01.28 07:09:49.901,0.64521,0.64531,1.00,1.00
2016.01.28 07:09:50.205,0.64525,0.64532,1.00,1.00
2016.01.28 07:09:50.839,0.64525,0.64533,1.00,1.00
2016.01.28 07:09:51.549,0.64526,0.64535,1.00,1.00
2016.01.28 07:09:51.650,0.64528,0.64535,1.00,1.00
2016.01.28 07:09:51.977,0.64529,0.64539,1.00,1.37
2016.01.28 07:09:52.028,0.64531,0.64541,1.00,1.37
2016.01.28 07:09:52.180,0.64531,0.64541,1.00,1.50
2016.01.28 07:09:55.503,0.64529,0.6454,1.12,1.00
2016.01.28 07:09:55.757,0.64527,0.6454,1.00,1.00
2016.01.28 07:09:55.808,0.64527,0.64538,1.00,1.00
2016.01.28 07:09:56.249,0.64529,0.64539,1.00,1.00
2016.01.28 07:09:56.757,0.64527,0.6454,1.75,1.50
2016.01.28 07:09:56.808,0.64527,0.6454,1.12,1.50
2016.01.28 07:09:57.209,0.64527,0.64539,1.00,1.37
2016.01.28 07:09:57.719,0.64526,0.64539,1.00,1.87
2016.01.28 07:09:58.560,0.64525,0.64537,1.00,1.12
2016.01.28 07:09:59.070,0.64524,0.64536,1.50,1.00
2016.01.28 07:09:59.551,0.64524,0.64534,1.00,1.00
2016.01.28 07:10:00.227,0.64524,0.64535,1.00,1.00
2016.01.28 07:10:00.756,0.64523,0.64535,1.00,1.37
2016.01.28 07:10:02.042,0.64525,0.64537,1.00,1.12
2016.01.28 07:10:03.052,0.64526,0.64537,1.00,1.12
2016.01.28 07:10:03.616,0.64528,0.64539,1.00,1.50
2016.01.28 07:10:03.822,0.64528,0.6454,1.00,1.50
2016.01.28 07:10:04.332,0.64528,0.64541,1.00,1.87
2016.01.28 07:10:05.019,0.64528,0.6454,1.00,1.00
2016.01.28 07:10:06.836,0.64528,0.6454,1.37,1.00
2016.01.28 07:10:07.451,0.64528,0.64541,1.00,1.87
2016.01.28 07:10:07.891,0.64528,0.64541,1.00,1.87
2016.01.28 07:10:08.234,0.6453,0.64541,1.00,1.87
2016.01.28 07:10:14.393,0.64534,0.64541,1.00,1.87
2016.01.28 07:10:14.495,0.64536,0.64542,1.00,1.00
2016.01.28 07:10:14.598,0.64538,0.64542,1.00,1.00
2016.01.28 07:10:14.751,0.64537,0.64548,1.00,1.37
2016.01.28 07:10:15.135,0.64538,0.6455,1.00,1.37
2016.01.28 07:10:17.865,0.64537,0.64549,1.00,1.37
2016.01.28 07:10:22.084,0.64532,0.64546,2.25,1.00
2016.01.28 07:10:22.135,0.64534,0.64548,1.00,1.50
2016.01.28 07:10:22.582,0.64535,0.64547,1.00,1.37
2016.01.28 07:10:26.111,0.64533,0.64545,1.00,1.12
2016.01.28 07:10:26.162,0.64535,0.64545,1.00,1.12
2016.01.28 07:10:28.886,0.64533,0.64547,1.00,1.85
2016.01.28 07:10:29.241,0.6453,0.64544,2.62,1.12
2016.01.28 07:10:29.343,0.6453,0.64544,1.12,1.85
2016.01.28 07:10:29.648,0.6453,0.64542,1.00,1.12
2016.01.28 07:10:30.185,0.6453,0.64542,1.00,1.12
2016.01.28 07:10:30.692,0.64529,0.64542,1.00,1.95
2016.01.28 07:10:31.576,0.64529,0.64541,1.00,1.00
2016.01.28 07:10:36.620,0.64528,0.64541,1.00,2.25
2016.01.28 07:10:37.167,0.64527,0.64541,1.50,2.25
2016.01.28 07:10:37.725,0.64527,0.64541,1.00,1.50
2016.01.28 07:10:38.123,0.64526,0.64538,1.50,1.00
2016.01.28 07:10:41.456,0.64525,0.64539,1.50,1.57
2016.01.28 07:10:42.216,0.64525,0.64539,1.50,1.57
2016.01.28 07:10:46.135,0.64525,0.64539,1.50,1.20
2016.01.28 07:10:47.618,0.64526,0.64539,1.00,1.20
2016.01.28 07:10:53.444,0.64527,0.6454,1.00,1.00
2016.01.28 07:10:53.956,0.64526,0.6454,1.57,1.00
2016.01.28 07:10:54.363,0.64526,0.64538,1.57,1.00
2016.01.28 07:10:54.886,0.64525,0.64537,1.00,1.00
2016.01.28 07:10:57.067,0.64528,0.64537,1.00,1.00
2016.01.28 07:10:57.689,0.64528,0.64538,1.50,1.00
2016.01.28 07:10:59.528,0.64525,0.64538,1.00,1.10
2016.01.28 07:11:00.037,0.64526,0.64538,1.00,1.10
2016.01.28 07:11:02.947,0.64526,0.64539,1.50,1.00
2016.01.28 07:11:03.452,0.64526,0.6454,1.57,1.00
2016.01.28 07:11:07.525,0.64526,0.64539,1.00,1.00
2016.01.28 07:11:16.875,0.64526,0.6454,1.00,1.00
2016.01.28 07:11:21.313,0.64526,0.64537,1.00,1.00
2016.01.28 07:11:28.402,0.64526,0.64539,1.00,1.00
2016.01.28 07:11:35.738,0.64526,0.6454,2.25,1.00
2016.01.28 07:11:38.012,0.64527,0.6454,1.00,1.00
2016.01.28 07:11:39.951,0.64529,0.6454,1.00,1.00
2016.01.28 07:11:40.003,0.64529,0.64542,1.00,1.12
2016.01.28 07:11:43.110,0.64529,0.6454,1.00,1.00
2016.01.28 07:11:43.312,0.64526,0.6454,1.12,1.00
2016.01.28 07:12:02.305,0.64526,0.6454,1.00,1.37
2016.01.28 07:12:29.074,0.64526,0.64538,1.00,1.00
2016.01.28 07:12:34.660,0.64524,0.64535,1.00,1.12
2016.01.28 07:12:34.965,0.64519,0.64529,1.00,1.00
2016.01.28 07:12:39.733,0.64515,0.6453,1.00,2.25
2016.01.28 07:12:40.451,0.64516,0.6453,1.50,1.12
2016.01.28 07:12:44.084,0.64516,0.64529,1.00,1.00
2016.01.28 07:12:44.600,0.64516,0.64528,1.00,1.87
2016.01.28 07:12:50.644,0.64516,0.64526,1.00,1.00
2016.01.28 07:12:51.151,0.64516,0.64527,1.00,1.00
2016.01.28 07:12:53.071,0.64516,0.64528,1.00,1.00
2016.01.28 07:12:53.124,0.64516,0.64531,1.50,1.37
2016.01.28 07:12:53.633,0.64517,0.64531,1.12,1.37
2016.01.28 07:12:58.462,0.64517,0.64532,2.25,1.37
2016.01.28 07:12:59.754,0.64517,0.64532,1.12,1.87
2016.01.28 07:13:00.261,0.64518,0.64532,1.00,1.37
2016.01.28 07:13:00.807,0.64517,0.64532,1.87,1.37
2016.01.28 07:13:01.981,0.64518,0.64532,1.00,1.37
2016.01.28 07:13:02.636,0.64517,0.64532,1.12,1.37
2016.01.28 07:13:03.198,0.64521,0.64533,1.00,1.37
2016.01.28 07:13:03.249,0.64522,0.64534,1.00,1.00
2016.01.28 07:13:03.504,0.64524,0.64539,1.00,1.87
2016.01.28 07:13:03.805,0.64525,0.64539,1.50,1.00
2016.01.28 07:13:05.866,0.64526,0.64539,1.00,1.00
2016.01.28 07:13:07.074,0.64525,0.64539,1.00,1.50
2016.01.28 07:13:07.581,0.64526,0.64538,1.00,1.12
2016.01.28 07:13:08.101,0.64525,0.64538,1.50,1.12
2016.01.28 07:13:08.548,0.64523,0.64536,1.00,1.50
2016.01.28 07:13:09.056,0.64523,0.64535,1.00,1.12
2016.01.28 07:13:10.839,0.6452,0.64533,1.00,1.00
2016.01.28 07:13:11.042,0.6452,0.64531,1.00,1.00
2016.01.28 07:13:11.576,0.64519,0.64531,1.00,1.00
2016.01.28 07:13:17.809,0.64519,0.64532,1.00,1.50
2016.01.28 07:13:20.771,0.64518,0.64532,1.00,1.50
2016.01.28 07:13:21.813,0.64517,0.64532,1.12,1.00
2016.01.28 07:13:22.844,0.64517,0.64531,1.87,1.00
2016.01.28 07:13:24.994,0.64517,0.6453,1.12,1.00
2016.01.28 07:13:25.703,0.64516,0.64529,1.37,1.00
2016.01.28 07:13:26.398,0.64515,0.64527,1.00,2.32
2016.01.28 07:13:26.906,0.64516,0.64527,1.00,1.37
2016.01.28 07:13:28.117,0.64516,0.64524,1.00,1.00
2016.01.28 07:13:28.617,0.64515,0.64524,1.00,1.00
2016.01.28 07:13:32.838,0.64512,0.64524,1.00,1.00
2016.01.28 07:13:33.399,0.64511,0.64522,1.00,1.00
2016.01.28 07:13:34.089,0.6451,0.64522,1.00,1.00
2016.01.28 07:13:36.309,0.64508,0.64521,1.00,1.87
2016.01.28 07:13:36.360,0.64506,0.64521,1.20,2.25
2016.01.28 07:13:36.899,0.64507,0.64521,2.32,1.37
2016.01.28 07:13:37.000,0.64509,0.64521,1.00,1.00
2016.01.28 07:13:58.532,0.64509,0.6452,1.00,1.00
2016.01.28 07:14:07.076,0.64509,0.64518,1.00,1.00
2016.01.28 07:14:07.496,0.64509,0.64518,1.00,1.37
2016.01.28 07:14:13.427,0.64508,0.64517,1.00,1.37
2016.01.28 07:14:13.885,0.64503,0.64513,1.00,1.00
2016.01.28 07:14:14.038,0.64503,0.64511,1.00,1.00
2016.01.28 07:14:14.089,0.64499,0.64511,1.87,1.00
2016.01.28 07:14:14.597,0.64498,0.64511,1.00,2.25
2016.01.28 07:14:16.210,0.64498,0.6451,1.10,1.00
2016.01.28 07:14:18.619,0.64495,0.64508,1.50,1.00
2016.01.28 07:14:21.290,0.64492,0.64505,2.70,1.00
2016.01.28 07:14:23.004,0.64491,0.64504,1.20,1.00
2016.01.28 07:14:24.150,0.64489,0.64502,1.45,1.00
2016.01.28 07:14:24.658,0.64488,0.64501,1.57,1.00
2016.01.28 07:14:27.601,0.64492,0.64504,1.00,1.12
2016.01.28 07:14:27.652,0.64492,0.64504,1.37,1.12
2016.01.28 07:14:28.116,0.64495,0.64508,1.07,1.50
2016.01.28 07:14:28.625,0.64495,0.64509,1.95,1.37
2016.01.28 07:14:28.778,0.64499,0.6451,1.00,1.37
2016.01.28 07:14:28.829,0.64499,0.64511,1.00,1.87
2016.01.28 07:14:44.278,0.64499,0.6451,1.00,1.00
2016.01.28 07:14:53.075,0.64499,0.64511,1.00,1.12
2016.01.28 07:14:55.875,0.64499,0.6451,1.00,1.00
2016.01.28 07:14:56.092,0.64495,0.64509,1.75,1.50
2016.01.28 07:14:56.144,0.64495,0.64509,1.87,1.00
2016.01.28 07:14:56.347,0.64495,0.6451,2.25,1.00
2016.01.28 07:14:56.550,0.64495,0.6451,2.25,1.00
2016.01.28 07:14:57.089,0.64496,0.6451,1.00,1.00
2016.01.28 07:15:00.571,0.64495,0.6451,2.70,1.00
2016.01.28 07:15:00.785,0.64499,0.64511,1.00,1.87
2016.01.28 07:15:01.294,0.645,0.64512,1.50,1.37
2016.01.28 07:15:01.617,0.64506,0.64519,2.02,1.87
2016.01.28 07:15:02.622,0.64506,0.64515,1.00,1.00
2016.01.28 07:15:04.482,0.64506,0.64517,1.00,1.50
2016.01.28 07:15:04.635,0.64509,0.64518,1.00,1.50
2016.01.28 07:15:04.737,0.64506,0.64517,1.00,1.12
2016.01.28 07:15:10.560,0.64506,0.64516,1.00,1.00
2016.01.28 07:15:11.097,0.64506,0.64515,1.00,1.12
2016.01.28 07:15:13.417,0.64506,0.64516,1.00,2.25
2016.01.28 07:15:16.006,0.64506,0.64514,1.00,1.00
2016.01.28 07:15:16.159,0.64504,0.64514,1.00,1.00
2016.01.28 07:15:16.362,0.64504,0.64514,1.00,1.87
2016.01.28 07:15:16.515,0.64505,0.64514,1.00,1.00
2016.01.28 07:15:18.346,0.64505,0.64516,1.00,1.87
2016.01.28 07:15:19.552,0.64505,0.64515,1.00,1.00
2016.01.28 07:15:19.603,0.64501,0.64513,1.12,1.00
2016.01.28 07:15:19.654,0.64502,0.64513,1.12,1.12
2016.01.28 07:15:19.755,0.64499,0.64513,3.07,1.00
2016.01.28 07:15:19.857,0.64499,0.64513,3.75,1.00
2016.01.28 07:15:20.274,0.64499,0.64513,2.25,1.00
2016.01.28 07:15:22.740,0.64498,0.64513,3.37,1.50
2016.01.28 07:15:23.658,0.64501,0.64513,1.00,1.50
2016.01.28 07:15:25.569,0.64501,0.64512,1.00,1.00
2016.01.28 07:15:26.279,0.645,0.64512,1.00,1.12
2016.01.28 07:15:28.617,0.64499,0.64512,1.20,1.12
2016.01.28 07:15:29.266,0.64498,0.64511,1.10,1.00
2016.01.28 07:15:32.699,0.64499,0.64511,1.00,1.50
2016.01.28 07:15:37.519,0.64498,0.64511,1.10,1.50
2016.01.28 07:15:40.494,0.64498,0.6451,1.10,1.00
2016.01.28 07:15:44.037,0.645,0.6451,1.00,1.00
2016.01.28 07:15:44.595,0.645,0.64512,1.00,1.50
2016.01.28 07:15:49.213,0.64501,0.64512,1.00,1.00
2016.01.28 07:16:00.766,0.64499,0.64512,1.00,1.00
2016.01.28 07:16:04.530,0.64499,0.64509,1.00,1.00
2016.01.28 07:16:04.836,0.64495,0.64505,1.00,1.12
2016.01.28 07:16:05.428,0.64495,0.64504,1.00,1.00
2016.01.28 07:16:12.748,0.64494,0.64504,1.00,1.12
2016.01.28 07:16:22.438,0.64492,0.64504,1.00,1.12
2016.01.28 07:16:22.590,0.64488,0.645,1.50,1.00
2016.01.28 07:16:23.132,0.64487,0.645,1.85,1.00
2016.01.28 07:16:23.640,0.64487,0.64501,1.85,1.00
2016.01.28 07:16:26.586,0.64486,0.645,3.00,1.00
2016.01.28 07:16:27.096,0.64486,0.64499,1.50,1.00
2016.01.28 07:16:32.520,0.64489,0.64499,1.00,1.00
2016.01.28 07:16:36.902,0.64489,0.64501,1.00,1.50
2016.01.28 07:16:38.908,0.64488,0.64501,1.20,1.50
2016.01.28 07:16:41.176,0.64488,0.64501,1.47,1.50
2016.01.28 07:16:43.042,0.64488,0.64499,1.47,1.00
2016.01.28 07:16:43.245,0.64484,0.64498,2.25,1.00
2016.01.28 07:16:43.347,0.64484,0.64497,1.00,1.50
2016.01.28 07:16:43.398,0.64484,0.64494,1.00,1.00
2016.01.28 07:16:43.886,0.64481,0.64491,1.00,1.00
2016.01.28 07:16:44.225,0.64478,0.64492,2.25,1.00
2016.01.28 07:16:46.137,0.64478,0.6449,2.25,1.00
2016.01.28 07:16:47.037,0.64478,0.64492,2.25,1.00
2016.01.28 07:16:51.393,0.64478,0.64491,2.25,1.00
2016.01.28 07:16:56.734,0.64478,0.64492,1.00,1.00
2016.01.28 07:16:57.183,0.64477,0.64489,2.70,1.00
2016.01.28 07:16:58.189,0.64478,0.64489,1.00,1.00
2016.01.28 07:17:06.876,0.64478,0.64489,1.37,1.00
2016.01.28 07:17:07.029,0.64484,0.64496,1.50,1.00
2016.01.28 07:17:07.080,0.64484,0.64496,3.75,1.00
2016.01.28 07:17:07.232,0.64486,0.64498,1.20,1.50
2016.01.28 07:17:07.733,0.64485,0.64498,2.62,1.00
2016.01.28 07:17:12.067,0.64487,0.64496,1.12,1.00
2016.01.28 07:17:12.270,0.64482,0.64493,1.50,1.00
2016.01.28 07:17:12.523,0.64482,0.64496,2.25,1.00
2016.01.28 07:17:12.988,0.64482,0.64496,3.45,1.00
2016.01.28 07:17:13.293,0.64486,0.64498,1.07,1.00
2016.01.28 07:17:13.628,0.64486,0.64499,1.87,1.00
2016.01.28 07:17:13.993,0.64486,0.64501,1.87,1.50
2016.01.28 07:17:14.146,0.64489,0.64501,1.50,1.00
2016.01.28 07:17:14.521,0.64491,0.64504,1.10,1.50
2016.01.28 07:17:14.673,0.64491,0.64505,1.95,1.50
2016.01.28 07:17:15.114,0.64495,0.64506,1.20,1.00
2016.01.28 07:17:16.735,0.64496,0.64506,1.10,1.00
2016.01.28 07:17:16.939,0.64496,0.64508,1.10,1.00
2016.01.28 07:17:17.144,0.64496,0.64505,1.20,1.00
2016.01.28 07:17:17.400,0.64489,0.64499,1.07,1.00
2016.01.28 07:17:17.604,0.64486,0.64498,1.50,1.00
2016.01.28 07:17:21.509,0.64485,0.64496,1.87,1.00
2016.01.28 07:17:22.173,0.64483,0.64496,1.12,1.00
2016.01.28 07:17:22.224,0.64483,0.64494,1.12,1.00
2016.01.28 07:17:24.837,0.64483,0.64494,1.07,1.00
2016.01.28 07:17:25.949,0.64485,0.64494,1.12,1.00
2016.01.28 07:17:26.001,0.64485,0.64497,1.82,1.00
2016.01.28 07:17:26.052,0.64485,0.64497,1.50,1.00
2016.01.28 07:17:33.053,0.64484,0.64495,1.12,1.00
2016.01.28 07:17:33.581,0.64483,0.64495,1.50,1.00
2016.01.28 07:17:34.175,0.64486,0.64497,1.07,1.00
2016.01.28 07:17:34.786,0.64486,0.64497,1.45,1.00
2016.01.28 07:17:39.618,0.64486,0.64493,1.45,1.00
2016.01.28 07:17:39.872,0.64481,0.6449,1.12,1.00
2016.01.28 07:17:39.923,0.64481,0.64487,1.12,1.00
2016.01.28 07:17:40.024,0.64479,0.64487,1.12,1.00
2016.01.28 07:17:40.126,0.64477,0.64487,1.12,1.00
2016.01.28 07:17:40.795,0.64478,0.64487,1.10,1.00
2016.01.28 07:17:41.053,0.64479,0.6449,1.10,1.12
2016.01.28 07:17:41.104,0.64485,0.64492,1.00,1.12
2016.01.28 07:17:41.409,0.64485,0.64498,1.87,1.00
2016.01.28 07:17:41.964,0.64485,0.64498,1.50,1.00
2016.01.28 07:17:42.487,0.64485,0.64498,1.20,1.00
2016.01.28 07:17:42.735,0.64489,0.64499,1.00,1.50
2016.01.28 07:17:43.244,0.64488,0.64499,1.20,1.00
2016.01.28 07:17:45.035,0.64489,0.64499,1.00,1.00
2016.01.28 07:17:48.089,0.64489,0.64498,1.00,1.00
2016.01.28 07:17:48.394,0.64491,0.64499,1.00,1.00
2016.01.28 07:17:49.747,0.6449,0.64499,1.00,1.00
2016.01.28 07:17:50.306,0.64491,0.64499,1.00,1.00
2016.01.28 07:17:52.610,0.64491,0.645,1.00,1.50
2016.01.28 07:17:53.158,0.64492,0.645,1.00,1.50
2016.01.28 07:17:54.499,0.6449,0.645,1.00,1.50
2016.01.28 07:17:54.702,0.6449,0.64499,1.00,1.37
2016.01.28 07:17:54.754,0.64487,0.64498,1.10,1.12
2016.01.28 07:17:54.805,0.64486,0.64498,1.20,1.37
2016.01.28 07:17:54.957,0.64485,0.64495,1.00,1.00
2016.01.28 07:17:55.721,0.64485,0.64494,1.00,1.00
2016.01.28 07:17:56.319,0.64484,0.64493,1.00,1.50
2016.01.28 07:17:56.940,0.64483,0.64492,1.00,1.00
2016.01.28 07:17:57.464,0.64484,0.64492,1.00,1.00
2016.01.28 07:18:01.036,0.64484,0.64493,1.00,1.12
2016.01.28 07:18:04.200,0.64488,0.64493,1.00,1.00
2016.01.28 07:18:04.391,0.64488,0.64495,1.00,1.12
2016.01.28 07:18:04.445,0.64489,0.64497,1.00,1.00
2016.01.28 07:18:04.648,0.64489,0.64499,1.00,1.50
2016.01.28 07:18:06.408,0.64491,0.64499,1.00,1.50
2016.01.28 07:18:06.949,0.6449,0.64499,1.00,1.50
2016.01.28 07:18:08.321,0.6449,0.64497,1.00,1.00
2016.01.28 07:18:08.437,0.6449,0.64499,1.00,1.50
2016.01.28 07:18:10.623,0.6449,0.64498,1.00,1.00
2016.01.28 07:18:12.131,0.64491,0.64498,1.00,1.00
2016.01.28 07:18:13.794,0.64491,0.64497,1.00,1.00
2016.01.28 07:18:15.893,0.64491,0.64498,1.00,1.00
2016.01.28 07:18:22.852,0.6449,0.64498,1.00,1.50
2016.01.28 07:18:29.403,0.6449,0.64499,1.00,1.50
2016.01.28 07:18:30.042,0.6449,0.64498,1.00,1.00
2016.01.28 07:18:39.203,0.6449,0.64496,1.00,1.00
2016.01.28 07:18:39.305,0.6449,0.64498,1.00,1.87
2016.01.28 07:18:40.372,0.64488,0.64493,1.00,1.00
2016.01.28 07:18:50.864,0.64491,0.64495,1.00,1.00
2016.01.28 07:18:51.387,0.6449,0.64494,1.00,1.00
2016.01.28 07:18:51.994,0.64491,0.64495,1.00,1.00
2016.01.28 07:18:52.495,0.6449,0.64494,1.00,1.00
2016.01.28 07:18:54.047,0.64488,0.64494,1.00,1.00
2016.01.28 07:18:55.993,0.64491,0.64495,1.00,1.00
2016.01.28 07:18:56.580,0.64489,0.64494,1.00,1.00
2016.01.28 07:18:59.679,0.64493,0.64497,1.00,2.25
2016.01.28 07:18:59.832,0.64497,0.64503,1.00,1.00
2016.01.28 07:18:59.884,0.64499,0.64503,1.00,1.00
2016.01.28 07:18:59.935,0.64499,0.64511,1.00,2.62
2016.01.28 07:18:59.986,0.64501,0.64511,1.00,1.12
2016.01.28 07:19:00.190,0.64501,0.64505,1.00,1.00
2016.01.28 07:19:00.699,0.645,0.64505,1.00,1.00
2016.01.28 07:19:01.401,0.645,0.64505,1.00,1.00
2016.01.28 07:19:01.929,0.645,0.64506,1.00,1.00
2016.01.28 07:19:02.539,0.645,0.64505,1.00,1.00
2016.01.28 07:19:14.818,0.645,0.6451,1.00,1.50
2016.01.28 07:19:17.356,0.645,0.6451,1.00,1.12
2016.01.28 07:19:19.136,0.64499,0.6451,1.00,1.50
2016.01.28 07:19:19.661,0.64499,0.64509,1.00,1.65
2016.01.28 07:19:24.802,0.64499,0.64509,1.00,2.40
2016.01.28 07:19:25.943,0.64496,0.64509,1.00,2.40
2016.01.28 07:19:26.451,0.64495,0.64506,1.00,1.90
2016.01.28 07:19:36.993,0.64494,0.64503,1.00,1.00
2016.01.28 07:19:37.367,0.64494,0.64498,1.00,1.00
2016.01.28 07:19:38.306,0.64497,0.64501,1.00,1.00
2016.01.28 07:19:38.459,0.64497,0.64504,1.00,1.00
2016.01.28 07:19:39.079,0.64497,0.64505,1.00,1.00
2016.01.28 07:19:39.140,0.64497,0.64503,1.00,1.00
2016.01.28 07:19:39.343,0.64497,0.64505,1.00,1.00
2016.01.28 07:19:43.769,0.64498,0.64505,1.00,1.00
2016.01.28 07:19:48.336,0.64498,0.64506,1.00,1.00
2016.01.28 07:19:59.008,0.64498,0.64505,1.00,1.00
2016.01.28 07:20:00.260,0.64498,0.64506,1.00,1.00
2016.01.28 07:20:07.662,0.64499,0.64506,1.00,1.00
2016.01.28 07:20:08.174,0.64498,0.64506,1.00,1.00
2016.01.28 07:20:10.663,0.64501,0.64506,1.00,1.00
2016.01.28 07:20:11.171,0.645,0.64505,1.00,1.00
2016.01.28 07:20:16.488,0.64499,0.64505,1.00,1.00
2016.01.28 07:20:18.064,0.64499,0.64509,1.00,1.00
2016.01.28 07:20:19.036,0.64499,0.6451,1.00,1.00
2016.01.28 07:20:20.241,0.64501,0.6451,1.00,1.00
2016.01.28 07:20:20.784,0.645,0.6451,1.00,1.00
2016.01.28 07:20:20.937,0.64498,0.64509,1.00,1.00
2016.01.28 07:20:21.539,0.64498,0.64511,1.00,1.57
2016.01.28 07:20:33.009,0.64499,0.64511,1.00,1.10
2016.01.28 07:20:33.532,0.64503,0.64511,1.00,1.10
2016.01.28 07:20:33.635,0.64502,0.64514,1.00,1.20
2016.01.28 07:20:33.686,0.64502,0.64511,1.00,1.00
2016.01.28 07:20:33.789,0.645,0.64511,1.00,1.00
2016.01.28 07:20:34.339,0.64502,0.64512,1.00,1.00
2016.01.28 07:20:34.855,0.64502,0.64511,1.00,1.00
2016.01.28 07:20:35.242,0.64504,0.64511,1.00,1.00
2016.01.28 07:20:35.584,0.64507,0.64516,1.00,1.50
2016.01.28 07:20:35.942,0.64509,0.64516,1.00,1.00
2016.01.28 07:20:36.450,0.64508,0.64516,1.00,1.00
2016.01.28 07:20:37.090,0.64505,0.64516,1.00,1.00
2016.01.28 07:20:37.142,0.64503,0.64516,1.00,1.00
2016.01.28 07:20:37.196,0.64503,0.64511,1.37,1.00
2016.01.28 07:20:37.351,0.64502,0.64511,1.00,1.00
2016.01.28 07:20:37.504,0.645,0.64511,1.00,1.00
2016.01.28 07:20:37.708,0.64502,0.64512,1.00,1.12
2016.01.28 07:20:38.189,0.645,0.64511,1.00,1.50
2016.01.28 07:20:41.928,0.645,0.64512,1.00,1.00
2016.01.28 07:20:42.030,0.645,0.6451,1.00,1.00
2016.01.28 07:20:42.334,0.64503,0.6451,1.00,1.00
2016.01.28 07:20:45.358,0.64505,0.6451,1.00,1.00
2016.01.28 07:20:45.869,0.64507,0.64515,1.00,1.00
2016.01.28 07:20:46.225,0.6451,0.64517,1.00,1.00
2016.01.28 07:20:46.327,0.6451,0.64519,1.00,1.00
2016.01.28 07:20:47.417,0.6451,0.64518,1.00,1.00
2016.01.28 07:20:48.038,0.6451,0.64517,1.00,1.00
2016.01.28 07:20:48.548,0.64511,0.64517,1.00,1.00
2016.01.28 07:20:48.928,0.64509,0.64517,1.00,1.00
2016.01.28 07:20:49.156,0.64511,0.64519,1.00,1.00
2016.01.28 07:20:49.666,0.6451,0.64519,1.00,1.00
2016.01.28 07:20:49.971,0.64508,0.64517,1.00,1.00
2016.01.28 07:20:50.256,0.64505,0.64517,1.20,1.00
2016.01.28 07:20:50.358,0.64508,0.64518,1.00,1.87
2016.01.28 07:20:50.409,0.64505,0.64518,1.00,1.12
2016.01.28 07:20:50.663,0.64507,0.64518,1.00,1.50
2016.01.28 07:20:50.816,0.64507,0.64519,1.00,1.12
2016.01.28 07:20:51.283,0.64507,0.64515,1.00,1.00
2016.01.28 07:20:52.043,0.64507,0.64517,1.00,1.50
2016.01.28 07:20:52.145,0.64509,0.64517,1.00,1.00
2016.01.28 07:20:52.789,0.64511,0.64517,1.00,1.00
2016.01.28 07:20:53.301,0.64511,0.64518,1.00,1.00
2016.01.28 07:20:53.402,0.64509,0.64518,1.00,1.00
2016.01.28 07:20:53.945,0.64508,0.64518,1.00,1.00
2016.01.28 07:20:54.365,0.64511,0.64519,1.00,1.00
2016.01.28 07:20:56.289,0.64516,0.6452,1.00,1.00
2016.01.28 07:20:56.340,0.64515,0.64522,1.00,1.00
2016.01.28 07:20:56.442,0.64512,0.64519,1.57,1.00
2016.01.28 07:20:56.594,0.64511,0.64519,1.00,1.00
2016.01.28 07:20:57.320,0.64513,0.64523,1.00,1.87
2016.01.28 07:20:57.683,0.64513,0.64525,1.00,1.00
2016.01.28 07:20:57.734,0.64518,0.64525,1.00,1.00
2016.01.28 07:20:57.886,0.6452,0.64531,1.00,2.25
2016.01.28 07:20:57.938,0.6452,0.64531,1.10,2.25
2016.01.28 07:20:57.989,0.64522,0.64531,1.00,2.25
2016.01.28 07:20:58.341,0.64522,0.64532,1.00,1.00
2016.01.28 07:20:58.443,0.64524,0.64532,1.00,1.00
2016.01.28 07:20:58.957,0.64523,0.64533,1.10,1.00
2016.01.28 07:20:59.508,0.64522,0.64533,1.00,1.00
2016.01.28 07:21:00.149,0.64524,0.64533,1.00,1.00
2016.01.28 07:21:00.649,0.64527,0.64533,1.00,1.00
2016.01.28 07:21:00.752,0.64527,0.64537,1.00,1.00
2016.01.28 07:21:00.803,0.64529,0.64537,1.00,1.00
2016.01.28 07:21:01.311,0.64529,0.64538,1.00,1.00
2016.01.28 07:21:01.613,0.64529,0.6454,1.00,1.00
2016.01.28 07:21:04.183,0.64527,0.64539,1.20,1.00
2016.01.28 07:21:04.437,0.64526,0.64538,1.00,1.57
2016.01.28 07:21:04.539,0.64523,0.64537,1.50,1.12
2016.01.28 07:21:04.641,0.64524,0.64535,1.00,1.00
2016.01.28 07:21:05.178,0.64524,0.64537,1.00,1.95
2016.01.28 07:21:05.767,0.64524,0.64538,1.00,2.25
2016.01.28 07:21:06.858,0.64526,0.64538,1.00,1.12
2016.01.28 07:21:07.164,0.64528,0.64538,1.00,1.00
2016.01.28 07:21:07.469,0.64528,0.6454,1.00,1.00
2016.01.28 07:21:07.717,0.6453,0.6454,1.00,1.00
2016.01.28 07:21:08.331,0.6453,0.64538,1.00,1.00
2016.01.28 07:21:08.587,0.64527,0.64538,1.00,1.00
2016.01.28 07:21:09.092,0.64527,0.64537,1.00,1.00
2016.01.28 07:21:10.038,0.64527,0.64538,1.00,1.50
2016.01.28 07:21:12.964,0.64529,0.64538,1.00,1.00
2016.01.28 07:21:16.899,0.64527,0.64538,1.00,1.00
2016.01.28 07:21:17.051,0.64525,0.64538,1.20,1.00
2016.01.28 07:21:17.153,0.64525,0.64537,1.00,1.95
2016.01.28 07:21:19.876,0.64525,0.64535,1.00,1.00
2016.01.28 07:21:22.648,0.64524,0.64535,1.00,1.00
2016.01.28 07:21:24.827,0.64522,0.64535,1.00,1.00
2016.01.28 07:21:24.879,0.6452,0.64534,1.00,1.12
2016.01.28 07:21:24.980,0.6452,0.64533,1.00,1.47
2016.01.28 07:21:25.286,0.6452,0.64533,1.00,1.85
2016.01.28 07:21:25.590,0.64523,0.64534,1.00,1.20
2016.01.28 07:21:25.845,0.64523,0.64536,1.00,2.40
2016.01.28 07:21:25.904,0.64523,0.64536,1.00,1.20
2016.01.28 07:21:27.183,0.64525,0.64536,1.00,1.10
2016.01.28 07:21:27.489,0.64528,0.64536,1.00,1.00
2016.01.28 07:21:27.794,0.64531,0.64539,1.00,1.00
2016.01.28 07:21:28.473,0.64531,0.64537,1.00,1.00
2016.01.28 07:21:29.006,0.6453,0.64537,1.00,1.00
2016.01.28 07:21:29.575,0.64531,0.64537,1.00,1.00
2016.01.28 07:21:30.815,0.6453,0.64537,1.00,1.00
2016.01.28 07:21:31.321,0.6453,0.64538,1.00,1.00
2016.01.28 07:21:31.847,0.64531,0.64538,1.00,1.00
2016.01.28 07:21:33.009,0.6453,0.64538,1.00,1.00
2016.01.28 07:21:33.548,0.64531,0.64538,1.00,1.00
2016.01.28 07:21:35.168,0.64531,0.64541,1.00,1.00
2016.01.28 07:21:35.687,0.64531,0.64542,1.00,1.00
2016.01.28 07:21:39.232,0.6453,0.64542,1.00,1.00
2016.01.28 07:21:39.550,0.64529,0.64539,1.00,1.00
2016.01.28 07:21:40.262,0.6453,0.64539,1.00,1.00
2016.01.28 07:21:40.765,0.6453,0.6454,1.00,1.00
2016.01.28 07:21:41.136,0.6453,0.64538,1.00,1.00
2016.01.28 07:21:41.663,0.64529,0.64538,1.00,1.00
2016.01.28 07:21:43.358,0.6453,0.64538,1.00,1.00
2016.01.28 07:21:45.525,0.6453,0.64541,1.00,1.67
2016.01.28 07:21:45.628,0.6453,0.64541,1.00,1.67
2016.01.28 07:21:46.154,0.6453,0.64541,1.00,1.67
2016.01.28 07:21:46.306,0.6453,0.64543,1.00,1.87
2016.01.28 07:21:46.864,0.6453,0.64543,1.00,2.25
2016.01.28 07:21:47.831,0.64528,0.64542,1.57,1.67
2016.01.28 07:21:48.034,0.64527,0.64539,1.87,1.05
2016.01.28 07:21:48.567,0.64527,0.64539,1.00,1.05
2016.01.28 07:21:48.871,0.64531,0.64542,1.00,1.67
2016.01.28 07:21:48.973,0.64529,0.64542,1.00,1.67
2016.01.28 07:21:49.610,0.64529,0.64542,1.00,1.67
2016.01.28 07:21:50.674,0.6453,0.6454,1.00,1.67
2016.01.28 07:21:51.434,0.6453,0.6454,1.00,1.67
2016.01.28 07:21:54.006,0.64529,0.64542,1.00,1.80
2016.01.28 07:21:54.337,0.64529,0.64542,1.00,1.42
2016.01.28 07:21:54.388,0.64529,0.6454,1.00,1.00
2016.01.28 07:21:55.142,0.64527,0.6454,1.00,1.12
2016.01.28 07:21:55.296,0.64527,0.64538,1.00,1.12
2016.01.28 07:21:56.180,0.64523,0.64536,1.00,1.75
2016.01.28 07:21:56.536,0.64521,0.64534,1.00,1.37
2016.01.28 07:21:56.739,0.64519,0.64533,1.00,1.50
2016.01.28 07:21:57.655,0.64521,0.64533,1.00,1.50
2016.01.28 07:21:57.875,0.64521,0.64534,1.00,1.00
2016.01.28 07:21:58.387,0.64521,0.64533,1.00,1.00
2016.01.28 07:21:58.489,0.64521,0.64535,1.00,1.50
2016.01.28 07:21:58.596,0.64524,0.64535,1.00,1.00
2016.01.28 07:21:59.003,0.64522,0.64535,1.12,1.00
2016.01.28 07:21:59.255,0.64521,0.64533,1.00,1.12
2016.01.28 07:21:59.306,0.64519,0.64533,1.50,2.25
2016.01.28 07:21:59.871,0.64519,0.64533,1.00,2.25
2016.01.28 07:22:01.672,0.64519,0.64533,1.00,2.25
2016.01.28 07:22:02.219,0.64519,0.64533,1.00,2.25
2016.01.28 07:22:04.516,0.6452,0.64533,1.00,2.25
2016.01.28 07:22:05.371,0.6452,0.64533,1.00,1.87
2016.01.28 07:22:07.546,0.64521,0.64533,1.00,1.00
2016.01.28 07:22:08.003,0.64525,0.64533,1.00,1.00
2016.01.28 07:22:08.054,0.64525,0.64536,1.00,1.10
2016.01.28 07:22:08.575,0.64525,0.64535,1.00,1.50
2016.01.28 07:22:11.040,0.64532,0.64541,1.00,1.50
2016.01.28 07:22:11.395,0.6453,0.64539,1.12,1.00
2016.01.28 07:22:12.112,0.64531,0.64541,1.00,1.00
2016.01.28 07:22:12.621,0.64531,0.64542,1.00,1.00
2016.01.28 07:22:14.342,0.64531,0.64543,1.00,1.00
2016.01.28 07:22:14.443,0.64535,0.64544,1.00,1.00
2016.01.28 07:22:14.730,0.64538,0.64548,1.00,1.00
2016.01.28 07:22:14.883,0.64538,0.6455,1.00,1.50
2016.01.28 07:22:15.392,0.64538,0.64549,1.00,1.00
2016.01.28 07:22:16.032,0.64537,0.64549,1.00,1.00
2016.01.28 07:22:16.539,0.64537,0.6455,1.00,1.50
2016.01.28 07:22:18.848,0.64536,0.6455,1.00,2.25
2016.01.28 07:22:20.150,0.64539,0.6455,1.00,1.50
2016.01.28 07:22:20.573,0.64543,0.64551,1.00,1.00
2016.01.28 07:22:21.108,0.64542,0.64551,1.00,1.00
2016.01.28 07:22:21.706,0.64542,0.64553,1.00,2.25
2016.01.28 07:22:22.213,0.64542,0.64553,1.00,2.25
2016.01.28 07:22:22.759,0.64542,0.64553,1.00,2.25
2016.01.28 07:22:23.721,0.64544,0.64552,1.00,1.00
2016.01.28 07:22:24.254,0.64546,0.64552,1.00,1.00
2016.01.28 07:22:24.827,0.64548,0.64553,1.00,1.00
2016.01.28 07:22:24.879,0.64554,0.64565,1.00,1.75
2016.01.28 07:22:24.930,0.64554,0.64564,1.00,1.00
2016.01.28 07:22:24.981,0.64556,0.64565,1.00,1.37
2016.01.28 07:22:25.033,0.64554,0.64565,1.00,1.12
2016.01.28 07:22:25.186,0.64554,0.64563,1.00,1.00
2016.01.28 07:22:25.787,0.64554,0.64564,1.00,1.00
2016.01.28 07:22:26.306,0.6456,0.64564,1.00,1.00
2016.01.28 07:22:26.358,0.6456,0.64566,1.00,1.00
2016.01.28 07:22:26.511,0.6456,0.64568,1.00,1.00
2016.01.28 07:22:26.958,0.6456,0.6457,1.00,1.00
2016.01.28 07:22:27.111,0.64555,0.64568,1.37,1.00
2016.01.28 07:22:27.162,0.64555,0.64566,1.37,1.00
2016.01.28 07:22:27.214,0.64553,0.64566,1.12,1.00
2016.01.28 07:22:27.316,0.64553,0.64566,1.00,1.75
2016.01.28 07:22:27.750,0.64552,0.64562,1.00,1.12
2016.01.28 07:22:28.115,0.64555,0.64563,1.00,1.00
2016.01.28 07:22:28.624,0.64555,0.64562,1.00,1.00
2016.01.28 07:22:28.675,0.64555,0.64564,1.00,1.00
2016.01.28 07:22:29.178,0.64554,0.64565,1.00,1.00
2016.01.28 07:22:29.584,0.64556,0.64564,1.00,1.00
2016.01.28 07:22:29.736,0.64557,0.64566,1.00,1.12
2016.01.28 07:22:29.890,0.64557,0.64569,1.00,1.50
2016.01.28 07:22:29.942,0.64559,0.64569,1.00,1.50
2016.01.28 07:22:30.278,0.64563,0.64569,1.00,1.00
2016.01.28 07:22:30.634,0.64561,0.64573,1.00,2.17
2016.01.28 07:22:31.295,0.64561,0.64573,1.00,2.62
2016.01.28 07:22:32.322,0.64563,0.64573,1.00,1.30
2016.01.28 07:22:32.475,0.64561,0.64573,1.00,1.30
2016.01.28 07:22:34.244,0.64559,0.64571,1.00,1.00
2016.01.28 07:22:34.421,0.64559,0.64569,1.00,1.00
2016.01.28 07:22:34.473,0.64556,0.64569,1.00,1.42
2016.01.28 07:22:34.524,0.64554,0.64569,1.50,2.62
2016.01.28 07:22:34.576,0.64554,0.64566,1.50,1.00
2016.01.28 07:22:34.678,0.64552,0.64566,1.50,1.00
2016.01.28 07:22:34.780,0.64552,0.64563,1.00,1.00
2016.01.28 07:22:35.156,0.64552,0.64565,1.00,1.42
2016.01.28 07:22:35.209,0.64559,0.64569,1.00,1.05
2016.01.28 07:22:35.413,0.64559,0.64571,1.00,1.67
2016.01.28 07:22:35.515,0.64559,0.64571,1.00,1.05
2016.01.28 07:22:35.729,0.64561,0.64573,1.00,1.80
2016.01.28 07:22:36.257,0.64565,0.64575,1.00,1.67
2016.01.28 07:22:36.733,0.64565,0.64575,1.00,1.05
2016.01.28 07:22:37.038,0.64563,0.64575,1.00,1.42
2016.01.28 07:22:37.089,0.64563,0.64572,1.00,1.00
2016.01.28 07:22:37.500,0.64563,0.64574,1.00,1.42
2016.01.28 07:22:37.552,0.64565,0.64574,1.00,1.05
2016.01.28 07:22:37.959,0.64566,0.64578,1.00,1.67
2016.01.28 07:22:38.966,0.64566,0.64576,1.37,1.05
2016.01.28 07:22:39.018,0.64569,0.6458,1.00,1.05
2016.01.28 07:22:39.250,0.64569,0.6458,1.00,1.42
2016.01.28 07:22:40.499,0.64569,0.6458,1.00,1.37
2016.01.28 07:22:43.576,0.64569,0.64579,1.00,1.50
2016.01.28 07:22:43.628,0.64566,0.64579,1.12,1.50
2016.01.28 07:22:43.679,0.64566,0.64576,1.00,1.75
2016.01.28 07:22:43.731,0.64563,0.64576,1.37,1.75
2016.01.28 07:22:43.884,0.64561,0.64574,1.00,1.37
2016.01.28 07:22:44.414,0.64561,0.64573,1.00,1.50
2016.01.28 07:22:44.947,0.64561,0.64573,1.00,1.12
2016.01.28 07:22:46.104,0.64561,0.64572,1.00,1.00
2016.01.28 07:22:46.285,0.64563,0.64572,1.00,1.00
2016.01.28 07:22:46.336,0.64561,0.64575,1.00,1.87
2016.01.28 07:22:47.056,0.64561,0.64573,1.00,1.50
2016.01.28 07:22:47.905,0.64561,0.64573,1.00,1.50
2016.01.28 07:22:48.452,0.64561,0.64572,1.00,1.12
2016.01.28 07:22:48.503,0.6456,0.64572,1.00,1.75
2016.01.28 07:22:49.017,0.6456,0.64572,1.00,1.50
2016.01.28 07:22:49.556,0.6456,0.64572,1.00,1.50
2016.01.28 07:22:56.971,0.6456,0.6457,1.00,1.00
2016.01.28 07:22:59.020,0.64559,0.6457,1.00,1.00
2016.01.28 07:22:59.122,0.64556,0.6457,1.00,1.50
2016.01.28 07:22:59.274,0.64554,0.64568,1.00,1.50
2016.01.28 07:22:59.598,0.64551,0.64562,1.00,1.50
2016.01.28 07:22:59.649,0.64549,0.64562,1.00,1.50
2016.01.28 07:23:00.410,0.64549,0.64563,1.00,1.00
2016.01.28 07:23:00.922,0.6455,0.64564,1.00,2.25
2016.01.28 07:23:01.477,0.64549,0.64563,1.00,1.50
2016.01.28 07:23:02.015,0.6455,0.64564,1.00,1.75
2016.01.28 07:23:02.422,0.64551,0.64565,1.50,1.47
2016.01.28 07:23:02.473,0.64551,0.64564,1.50,1.12
2016.01.28 07:23:02.829,0.64551,0.6456,1.00,1.00
2016.01.28 07:23:04.002,0.64551,0.64557,1.00,11.25
2016.01.28 07:23:06.722,0.64549,0.64557,1.00,11.25
2016.01.28 07:23:07.265,0.64549,0.64556,1.00,11.25
2016.01.28 07:23:09.416,0.6455,0.64556,1.00,11.25
2016.01.28 07:23:11.721,0.64549,0.64556,1.00,11.25
2016.01.28 07:23:12.305,0.6455,0.64556,1.00,11.25
2016.01.28 07:23:12.661,0.6455,0.64558,1.00,11.25
2016.01.28 07:23:13.566,0.64549,0.64558,1.00,11.25
2016.01.28 07:23:13.982,0.64549,0.64556,1.00,11.25
2016.01.28 07:23:15.086,0.6455,0.64556,1.00,11.25
2016.01.28 07:23:15.390,0.64554,0.64558,1.00,11.25
2016.01.28 07:23:16.005,0.64555,0.64559,1.12,11.25
2016.01.28 07:23:16.111,0.64557,0.64562,1.00,11.25
2016.01.28 07:23:21.156,0.64556,0.64562,1.00,11.25
2016.01.28 07:23:22.337,0.64556,0.64564,1.00,11.25
2016.01.28 07:23:23.676,0.64552,0.64562,1.00,1.00
2016.01.28 07:23:24.135,0.64552,0.64558,1.00,11.25
2016.01.28 07:23:26.048,0.64549,0.64558,1.00,11.25
2016.01.28 07:23:27.151,0.64549,0.64558,1.37,11.25
2016.01.28 07:23:30.403,0.6455,0.64558,1.00,11.25
2016.01.28 07:23:30.454,0.64555,0.64559,1.00,11.25
2016.01.28 07:23:31.010,0.64557,0.64561,1.00,11.25
2016.01.28 07:23:31.845,0.6456,0.64564,1.00,11.25
2016.01.28 07:23:32.392,0.64559,0.64564,1.12,11.25
2016.01.28 07:23:32.847,0.64562,0.64566,1.00,11.25
2016.01.28 07:23:33.178,0.64564,0.64568,1.00,11.25
2016.01.28 07:23:33.584,0.64561,0.64566,1.50,11.25
2016.01.28 07:23:35.149,0.64563,0.64568,1.00,11.25
2016.01.28 07:23:35.251,0.64566,0.6457,1.00,11.25
2016.01.28 07:23:35.483,0.64562,0.64567,1.00,11.25
2016.01.28 07:23:36.610,0.64563,0.64567,1.00,11.25
2016.01.28 07:23:41.438,0.64566,0.6457,1.00,11.25
2016.01.28 07:23:41.743,0.64568,0.64574,1.00,11.25
2016.01.28 07:23:42.808,0.64568,0.64576,1.00,11.25
2016.01.28 07:23:45.983,0.64572,0.64576,1.00,11.25
2016.01.28 07:23:46.354,0.6457,0.64575,1.00,11.25
2016.01.28 07:23:46.950,0.64569,0.64573,1.00,11.25
2016.01.28 07:23:48.518,0.64568,0.64573,1.00,11.25
2016.01.28 07:23:51.820,0.64565,0.64572,1.00,11.25
2016.01.28 07:23:51.973,0.64563,0.64572,1.00,11.25
2016.01.28 07:23:52.075,0.64561,0.64572,1.00,11.25
2016.01.28 07:23:52.582,0.6456,0.64572,1.00,11.25
2016.01.28 07:23:53.304,0.64559,0.64571,1.50,1.00
2016.01.28 07:23:55.040,0.64562,0.64572,1.00,2.62
2016.01.28 07:23:56.264,0.64562,0.64575,1.00,2.62
2016.01.28 07:23:58.806,0.64562,0.64574,1.00,1.00
2016.01.28 07:23:59.060,0.64564,0.64574,1.00,1.00
2016.01.28 07:23:59.212,0.64564,0.64576,1.00,1.00
2016.01.28 07:23:59.326,0.64566,0.64576,1.37,1.00
2016.01.28 07:23:59.852,0.64566,0.64577,1.87,2.25
2016.01.28 07:24:00.358,0.64566,0.64577,1.50,2.25
2016.01.28 07:24:02.059,0.64565,0.64577,1.50,2.25
2016.01.28 07:24:02.427,0.64563,0.64574,1.00,1.00
2016.01.28 07:24:02.479,0.64561,0.64574,1.00,1.12
2016.01.28 07:24:02.530,0.64559,0.64572,1.00,1.00
2016.01.28 07:24:04.327,0.64557,0.64569,1.50,2.25
2016.01.28 07:24:04.378,0.64557,0.64569,1.00,2.25
2016.01.28 07:24:04.895,0.64557,0.64568,1.00,1.00
2016.01.28 07:24:05.048,0.64557,0.6457,1.00,1.87
2016.01.28 07:24:06.128,0.64559,0.64571,1.00,1.50
2016.01.28 07:24:06.639,0.64559,0.64571,1.00,1.00
2016.01.28 07:24:07.406,0.64556,0.64571,2.25,1.00
2016.01.28 07:24:07.912,0.64556,0.6457,2.25,1.00
2016.01.28 07:24:12.703,0.64557,0.6457,1.00,1.50
2016.01.28 07:24:13.022,0.64556,0.64566,1.00,1.00
2016.01.28 07:24:13.124,0.64554,0.64566,1.50,1.00
2016.01.28 07:24:13.175,0.64554,0.64565,1.50,1.37
2016.01.28 07:24:13.479,0.64553,0.64565,1.00,1.85
2016.01.28 07:24:13.682,0.6455,0.64563,1.50,1.50
2016.01.28 07:24:14.217,0.64549,0.64562,1.00,1.50
2016.01.28 07:24:14.735,0.64547,0.64562,1.00,2.25
2016.01.28 07:24:14.888,0.64545,0.64561,2.62,1.50
2016.01.28 07:24:15.397,0.64545,0.64561,2.25,2.62
2016.01.28 07:24:15.903,0.64545,0.64559,2.25,1.00
2016.01.28 07:24:20.437,0.64545,0.6456,2.25,1.20
2016.01.28 07:24:20.742,0.64544,0.64556,1.00,1.12
2016.01.28 07:24:20.793,0.64542,0.64555,1.00,1.20
2016.01.28 07:24:21.527,0.64544,0.64556,1.00,1.12
2016.01.28 07:24:22.070,0.64544,0.64554,1.00,1.00
2016.01.28 07:24:22.425,0.64544,0.64556,1.00,1.00
2016.01.28 07:24:22.476,0.64546,0.64559,1.00,1.87
2016.01.28 07:24:22.715,0.64546,0.64561,1.50,1.20
2016.01.28 07:24:23.221,0.64546,0.64561,1.87,1.12
2016.01.28 07:24:23.730,0.64546,0.6456,1.87,1.00
2016.01.28 07:24:25.090,0.64548,0.64562,1.00,2.32
2016.01.28 07:24:25.431,0.64549,0.64562,1.00,1.20
2016.01.28 07:24:27.430,0.64548,0.64562,1.50,1.20
2016.01.28 07:24:29.407,0.64549,0.64562,1.00,1.20
2016.01.28 07:24:31.714,0.64548,0.64563,1.50,2.62
2016.01.28 07:24:31.867,0.64547,0.64561,2.62,2.25
2016.01.28 07:24:32.172,0.64546,0.64558,1.37,1.07
2016.01.28 07:24:34.883,0.64544,0.64559,3.37,1.95
2016.01.28 07:24:35.829,0.64546,0.6456,1.00,1.87
2016.01.28 07:24:36.083,0.64548,0.64561,1.00,1.00
2016.01.28 07:24:36.134,0.6455,0.64561,1.00,1.00
2016.01.28 07:24:36.287,0.64552,0.64564,1.00,1.10
2016.01.28 07:24:36.515,0.64554,0.64566,1.00,1.10
2016.01.28 07:24:37.174,0.64554,0.64565,1.00,1.00
2016.01.28 07:24:37.812,0.64551,0.64565,1.12,1.50
2016.01.28 07:24:37.965,0.64549,0.64562,1.50,1.00
2016.01.28 07:24:38.371,0.64551,0.64564,1.00,1.12
2016.01.28 07:24:38.804,0.64552,0.64566,1.00,1.87
2016.01.28 07:24:39.310,0.64551,0.64566,1.12,2.62
2016.01.28 07:24:40.698,0.64551,0.64566,1.00,1.87
2016.01.28 07:24:42.737,0.64555,0.64565,1.00,1.00
2016.01.28 07:24:43.204,0.64559,0.64566,1.00,1.00
2016.01.28 07:24:44.024,0.6456,0.64566,1.00,1.00
2016.01.28 07:24:44.366,0.64558,0.64566,1.50,1.00
2016.01.28 07:24:45.766,0.64558,0.64569,1.12,1.00
2016.01.28 07:24:47.724,0.64559,0.64569,1.00,1.50
2016.01.28 07:24:47.827,0.64561,0.64569,1.00,1.00
2016.01.28 07:24:48.638,0.64559,0.64569,1.00,1.00
2016.01.28 07:24:48.841,0.64559,0.64572,1.00,1.00
2016.01.28 07:24:51.506,0.6456,0.64572,1.00,1.50
2016.01.28 07:24:51.990,0.64563,0.64572,1.00,1.00
2016.01.28 07:24:52.244,0.64565,0.64575,1.00,1.10
2016.01.28 07:24:52.397,0.64566,0.6458,1.00,2.25
2016.01.28 07:24:52.448,0.64568,0.6458,1.00,1.50
2016.01.28 07:24:52.922,0.64569,0.64583,1.00,2.62
2016.01.28 07:24:56.084,0.64569,0.64583,1.00,1.87
2016.01.28 07:24:56.608,0.64568,0.64582,1.00,1.00
2016.01.28 07:24:56.710,0.64567,0.6458,1.12,1.00
2016.01.28 07:24:57.938,0.64566,0.6458,1.87,1.50
2016.01.28 07:24:59.079,0.64567,0.6458,1.00,1.12
2016.01.28 07:24:59.715,0.64566,0.64578,1.12,1.10
2016.01.28 07:25:00.023,0.6456,0.64573,1.37,1.12
2016.01.28 07:25:00.940,0.64561,0.64573,1.00,1.00
2016.01.28 07:25:01.050,0.64559,0.64574,1.00,1.87
2016.01.28 07:25:02.970,0.64561,0.64574,1.00,1.12
2016.01.28 07:25:03.394,0.64564,0.64578,1.00,1.57
2016.01.28 07:25:03.598,0.6456,0.64574,1.00,1.00
2016.01.28 07:25:04.140,0.64563,0.64575,1.00,1.00
2016.01.28 07:25:04.242,0.64564,0.64579,1.87,1.10
2016.01.28 07:25:04.293,0.64564,0.64579,2.70,1.00
2016.01.28 07:25:04.747,0.64566,0.64577,1.00,1.10
2016.01.28 07:25:04.798,0.64563,0.64577,1.87,1.10
2016.01.28 07:25:05.306,0.64564,0.64577,1.00,1.20
2016.01.28 07:25:05.817,0.64564,0.64576,1.00,1.00
2016.01.28 07:25:06.729,0.64564,0.64575,1.00,1.00
2016.01.28 07:25:07.939,0.64565,0.64575,1.00,1.00
2016.01.28 07:25:07.990,0.64564,0.64577,2.25,1.50
2016.01.28 07:25:08.193,0.64566,0.64577,1.00,1.00
2016.01.28 07:25:08.661,0.64564,0.64577,2.40,1.00
2016.01.28 07:25:09.020,0.64564,0.64574,1.50,1.00
2016.01.28 07:25:13.824,0.64564,0.64575,1.00,1.00
2016.01.28 07:25:14.093,0.64565,0.64577,1.00,1.00
2016.01.28 07:25:14.627,0.64565,0.64576,1.00,1.00
2016.01.28 07:25:15.292,0.64564,0.64575,1.00,1.00
2016.01.28 07:25:16.136,0.64564,0.64574,1.50,1.00
2016.01.28 07:25:17.032,0.64564,0.64575,1.00,1.00
2016.01.28 07:25:25.220,0.64564,0.64574,1.00,1.00
2016.01.28 07:25:25.771,0.64564,0.64575,1.00,1.00
2016.01.28 07:25:26.405,0.64565,0.64577,1.37,1.00
2016.01.28 07:25:26.457,0.64567,0.64579,1.50,1.00
2016.01.28 07:25:26.966,0.64568,0.6458,1.00,1.00
2016.01.28 07:25:27.516,0.64567,0.6458,1.87,1.00
2016.01.28 07:25:28.814,0.64568,0.64579,1.00,1.00
2016.01.28 07:25:29.324,0.64567,0.64578,1.00,1.00
2016.01.28 07:25:29.629,0.64566,0.64576,1.50,1.00
2016.01.28 07:25:29.971,0.64565,0.64572,1.00,1.00
2016.01.28 07:25:30.225,0.6456,0.64571,2.25,1.00
2016.01.28 07:25:30.735,0.64559,0.64571,1.50,1.00
2016.01.28 07:25:32.818,0.64561,0.64574,1.00,1.75
2016.01.28 07:25:32.871,0.64562,0.64574,1.00,1.50
2016.01.28 07:25:32.974,0.64563,0.64576,1.00,1.50
2016.01.28 07:25:33.076,0.64565,0.64579,1.50,2.02
2016.01.28 07:25:33.127,0.64567,0.64579,1.00,1.20
2016.01.28 07:25:33.809,0.64567,0.6458,1.50,1.00
2016.01.28 07:25:34.323,0.64568,0.6458,1.00,1.00
2016.01.28 07:25:34.847,0.64567,0.6458,1.00,1.00
2016.01.28 07:25:37.094,0.64566,0.64579,1.50,1.00
2016.01.28 07:25:37.402,0.64565,0.64574,1.00,1.00
2016.01.28 07:25:37.555,0.64565,0.64576,1.00,1.20
2016.01.28 07:25:38.066,0.64564,0.64576,1.00,1.10
2016.01.28 07:25:38.117,0.64564,0.64573,1.00,1.00
2016.01.28 07:25:38.269,0.64559,0.64573,1.50,1.12
2016.01.28 07:25:38.321,0.64559,0.64571,1.00,1.00
2016.01.28 07:25:38.626,0.64558,0.64569,1.50,1.00
2016.01.28 07:25:39.180,0.64558,0.64571,1.00,1.50
2016.01.28 07:25:40.684,0.64557,0.64571,1.00,1.57
2016.01.28 07:25:41.001,0.64554,0.64564,1.00,1.00
2016.01.28 07:25:41.511,0.64553,0.64563,1.50,1.00
2016.01.28 07:25:42.091,0.64551,0.64563,1.00,1.12
2016.01.28 07:25:42.244,0.64554,0.64565,1.00,1.57
2016.01.28 07:25:42.295,0.64555,0.64565,1.00,1.00
2016.01.28 07:25:42.499,0.64556,0.64567,1.00,1.00
2016.01.28 07:25:43.141,0.64555,0.64567,1.00,1.00
2016.01.28 07:25:44.591,0.64555,0.64565,1.00,1.00
2016.01.28 07:25:45.096,0.64554,0.64564,1.00,1.00
2016.01.28 07:25:48.160,0.64553,0.64566,2.25,1.00
2016.01.28 07:25:48.414,0.64555,0.64566,1.00,1.00
2016.01.28 07:25:48.668,0.64554,0.64568,1.50,1.10
2016.01.28 07:25:49.605,0.64557,0.64568,1.00,1.00
2016.01.28 07:25:49.916,0.64558,0.6457,1.00,1.00
2016.01.28 07:25:50.069,0.64558,0.64568,1.00,1.00
2016.01.28 07:25:50.120,0.64555,0.64569,1.50,1.00
2016.01.28 07:25:50.627,0.64555,0.64568,1.50,1.00
2016.01.28 07:25:51.346,0.64555,0.64569,1.50,1.00
2016.01.28 07:25:51.498,0.64557,0.6457,1.00,1.00
2016.01.28 07:25:52.006,0.64557,0.64571,1.50,1.00
2016.01.28 07:25:52.588,0.64558,0.64569,1.00,1.00
2016.01.28 07:25:53.668,0.64557,0.64571,1.50,1.00
2016.01.28 07:25:54.171,0.64557,0.6457,1.50,1.00
2016.01.28 07:25:54.692,0.64558,0.64571,1.00,1.00
2016.01.28 07:26:00.045,0.6456,0.64571,1.00,1.00
2016.01.28 07:26:00.096,0.64558,0.64571,1.50,1.00
2016.01.28 07:26:00.603,0.64559,0.64571,1.00,1.00
2016.01.28 07:26:01.112,0.64558,0.64571,1.50,1.00
2016.01.28 07:26:02.223,0.64559,0.64572,1.00,1.50
2016.01.28 07:26:02.531,0.64558,0.6457,1.00,1.00
2016.01.28 07:26:02.684,0.64556,0.64569,1.50,1.00
2016.01.28 07:26:04.281,0.64557,0.6457,1.00,1.50
2016.01.28 07:26:04.332,0.64558,0.64568,1.00,1.00
2016.01.28 07:26:04.383,0.64557,0.6457,1.00,1.50
2016.01.28 07:26:05.043,0.64557,0.64569,1.50,1.00
2016.01.28 07:26:05.348,0.64557,0.64567,1.00,1.00
2016.01.28 07:26:05.551,0.64552,0.64564,1.00,1.12
2016.01.28 07:26:06.027,0.64548,0.64561,1.50,1.12
2016.01.28 07:26:06.130,0.64548,0.64558,1.50,1.00
2016.01.28 07:26:06.183,0.64548,0.6456,1.00,1.12
2016.01.28 07:26:06.234,0.64548,0.6456,1.00,1.75
2016.01.28 07:26:06.389,0.64546,0.64558,1.50,1.00
2016.01.28 07:26:07.073,0.64547,0.64558,1.00,1.12
2016.01.28 07:26:07.748,0.64547,0.6456,1.50,1.50
2016.01.28 07:26:09.900,0.64549,0.64561,1.00,1.12
2016.01.28 07:26:10.431,0.64549,0.64562,1.00,1.10
2016.01.28 07:26:10.735,0.64549,0.6456,1.00,1.12
2016.01.28 07:26:11.323,0.64548,0.64561,1.00,1.37
2016.01.28 07:26:11.714,0.64546,0.64558,1.50,1.00
2016.01.28 07:26:12.226,0.64545,0.64557,1.00,1.00
2016.01.28 07:26:12.732,0.64544,0.6455,1.00,1.00
2016.01.28 07:26:12.784,0.64542,0.64551,1.00,1.00
2016.01.28 07:26:12.988,0.6454,0.64552,1.00,1.75
2016.01.28 07:26:13.039,0.6454,0.64552,1.00,1.12
2016.01.28 07:26:13.672,0.64538,0.64551,1.10,1.00
2016.01.28 07:26:14.082,0.6454,0.64551,1.00,1.12
2016.01.28 07:26:14.336,0.64538,0.64551,1.20,1.12
2016.01.28 07:26:14.388,0.64539,0.64549,1.00,1.00
2016.01.28 07:26:17.062,0.64537,0.6455,1.12,1.50
2016.01.28 07:26:23.337,0.64536,0.64548,1.00,1.12
2016.01.28 07:26:23.692,0.64535,0.64546,1.12,1.50
2016.01.28 07:26:23.997,0.64532,0.64542,1.00,1.00
2016.01.28 07:26:24.352,0.6453,0.64541,1.12,1.00
2016.01.28 07:26:24.848,0.6453,0.64543,1.00,1.00
2016.01.28 07:26:25.001,0.64532,0.64542,1.50,1.00
2016.01.28 07:26:25.103,0.64532,0.64544,1.50,1.00
2016.01.28 07:26:25.610,0.64531,0.64543,1.50,1.00
2016.01.28 07:26:27.415,0.64531,0.64542,1.50,1.00
2016.01.28 07:26:27.668,0.64532,0.64544,1.00,1.00
2016.01.28 07:26:29.669,0.64532,0.64542,1.00,1.00
2016.01.28 07:26:30.297,0.64532,0.64543,1.00,1.00
2016.01.28 07:26:31.891,0.64531,0.64541,1.50,1.00
2016.01.28 07:26:32.044,0.64529,0.64541,1.00,1.00
2016.01.28 07:26:32.563,0.64528,0.64541,1.00,1.00
2016.01.28 07:26:34.709,0.64529,0.6454,1.00,1.00
2016.01.28 07:26:34.932,0.64528,0.64542,1.50,1.00
2016.01.28 07:26:35.439,0.64529,0.64542,1.00,1.00
2016.01.28 07:26:36.086,0.64529,0.64541,1.00,1.00
2016.01.28 07:26:38.031,0.64527,0.64541,1.57,1.50
2016.01.28 07:26:38.336,0.64526,0.64538,1.57,1.00
2016.01.28 07:26:38.864,0.64526,0.64538,1.00,1.12
2016.01.28 07:26:39.168,0.64524,0.64536,1.00,1.00
2016.01.28 07:26:39.629,0.64522,0.64534,1.00,1.12
2016.01.28 07:26:47.012,0.64521,0.64532,1.12,1.37
2016.01.28 07:26:47.165,0.64517,0.6453,1.57,1.00
2016.01.28 07:26:47.727,0.64515,0.6453,2.62,1.37
2016.01.28 07:26:47.880,0.64515,0.6453,1.95,1.50
2016.01.28 07:26:48.364,0.64515,0.64527,1.57,1.00
2016.01.28 07:26:51.080,0.64515,0.6453,3.37,1.12
2016.01.28 07:26:52.379,0.64518,0.6453,1.50,1.00
2016.01.28 07:26:52.431,0.6452,0.64534,1.10,1.87
2016.01.28 07:26:52.948,0.64518,0.64533,1.87,1.50
2016.01.28 07:26:55.761,0.6452,0.64534,1.57,1.50
2016.01.28 07:26:57.287,0.64521,0.64533,1.20,1.00
2016.01.28 07:26:57.591,0.64523,0.64533,1.00,1.00
2016.01.28 07:26:57.643,0.64525,0.64536,1.00,1.00
2016.01.28 07:26:57.745,0.64526,0.64541,1.95,1.00
2016.01.28 07:26:57.847,0.64526,0.64541,2.25,1.00
2016.01.28 07:26:58.271,0.64534,0.64541,1.12,1.00
2016.01.28 07:26:58.323,0.64535,0.64549,1.00,1.00
2016.01.28 07:26:58.476,0.64535,0.64547,1.50,1.00
2016.01.28 07:26:58.985,0.64535,0.64548,1.00,1.00
2016.01.28 07:26:59.517,0.64534,0.64545,1.00,1.00
2016.01.28 07:26:59.570,0.64534,0.64547,1.00,1.00
2016.01.28 07:26:59.623,0.64533,0.64544,1.00,1.00
2016.01.28 07:26:59.725,0.6453,0.64544,1.20,1.00
2016.01.28 07:27:00.134,0.64529,0.64543,1.65,1.00
2016.01.28 07:27:00.420,0.64529,0.64541,1.10,1.00
2016.01.28 07:27:00.624,0.64527,0.6454,1.10,1.00
2016.01.28 07:27:01.247,0.64525,0.6454,2.32,1.00
2016.01.28 07:27:02.749,0.64529,0.6454,1.00,1.12
2016.01.28 07:27:03.664,0.64529,0.64542,1.00,1.12
2016.01.28 07:27:04.316,0.64529,0.64542,1.00,1.50
2016.01.28 07:27:06.813,0.64528,0.64541,1.00,1.12
2016.01.28 07:27:07.323,0.64527,0.64541,1.00,1.87
2016.01.28 07:27:11.934,0.64527,0.64541,1.37,1.50
2016.01.28 07:27:12.635,0.64526,0.6454,1.10,1.00
2016.01.28 07:27:15.956,0.64531,0.64541,1.00,1.00
2016.01.28 07:27:16.210,0.64534,0.64548,1.50,1.00
2016.01.28 07:27:16.262,0.64533,0.64546,1.50,1.00
2016.01.28 07:27:16.492,0.64533,0.64546,1.12,1.50
2016.01.28 07:27:16.543,0.64529,0.64543,1.50,1.50
2016.01.28 07:27:16.594,0.64529,0.64541,1.00,1.00
2016.01.28 07:27:17.142,0.64527,0.64541,1.12,1.87
2016.01.28 07:27:17.457,0.64528,0.64542,1.00,2.25
2016.01.28 07:27:17.854,0.64527,0.64539,1.20,1.00
2016.01.28 07:27:18.363,0.64527,0.64539,1.57,1.00
2016.01.28 07:27:20.636,0.64526,0.64539,1.57,1.00
2016.01.28 07:27:20.942,0.64525,0.64537,1.50,1.00
2016.01.28 07:27:21.509,0.64525,0.64538,1.50,1.00
2016.01.28 07:27:27.679,0.64525,0.64536,1.37,1.00
2016.01.28 07:27:29.306,0.64523,0.64535,2.70,1.00
2016.01.28 07:27:29.408,0.64523,0.64535,2.02,1.00
2016.01.28 07:27:32.160,0.64522,0.64534,1.57,1.00
2016.01.28 07:27:32.414,0.64521,0.64531,1.47,1.00
2016.01.28 07:27:32.676,0.6452,0.64531,1.20,1.00
2016.01.28 07:27:33.950,0.64519,0.64532,1.47,1.00
2016.01.28 07:27:34.458,0.64519,0.64531,1.47,1.00
2016.01.28 07:27:36.166,0.64522,0.64534,1.00,1.12
2016.01.28 07:27:36.269,0.64524,0.64536,1.00,1.50
2016.01.28 07:27:36.582,0.64526,0.64538,1.10,1.00
2016.01.28 07:27:36.633,0.64526,0.6454,1.10,1.00
2016.01.28 07:27:36.887,0.64526,0.6454,2.32,1.00
2016.01.28 07:27:37.395,0.64526,0.6454,1.20,1.00
2016.01.28 07:27:39.520,0.64526,0.64537,1.20,1.00
2016.01.28 07:27:39.825,0.64524,0.64534,2.25,1.00
2016.01.28 07:27:39.978,0.64522,0.64534,1.20,1.00
2016.01.28 07:27:40.080,0.64521,0.64532,1.57,1.00
2016.01.28 07:27:40.440,0.64518,0.6453,1.85,1.00
2016.01.28 07:27:40.643,0.64518,0.6453,1.10,1.00
2016.01.28 07:27:41.150,0.64517,0.6453,1.65,1.00
2016.01.28 07:27:43.272,0.64516,0.64528,1.12,1.00
2016.01.28 07:27:46.219,0.64513,0.64526,1.95,1.00
2016.01.28 07:27:46.321,0.64512,0.64524,1.50,1.00
2016.01.28 07:27:46.372,0.64512,0.64524,1.12,1.00
2016.01.28 07:27:46.728,0.64512,0.64522,1.12,1.00
2016.01.28 07:27:46.972,0.64508,0.64521,1.37,1.37
2016.01.28 07:27:47.507,0.64508,0.64521,1.37,1.00
2016.01.28 07:27:48.814,0.64508,0.64521,2.32,1.12
2016.01.28 07:27:49.269,0.64509,0.64519,1.50,1.00
2016.01.28 07:27:49.777,0.64509,0.64519,1.45,1.00
2016.01.28 07:27:51.666,0.64509,0.6452,1.45,1.00
2016.01.28 07:27:52.170,0.64508,0.64519,1.12,1.00
2016.01.28 07:27:52.627,0.64509,0.6452,1.50,1.00
2016.01.28 07:27:53.310,0.64509,0.64519,1.50,1.00
2016.01.28 07:27:53.839,0.64507,0.64519,1.20,1.12
2016.01.28 07:27:54.361,0.64507,0.64516,1.20,1.00
2016.01.28 07:27:55.936,0.64507,0.64517,1.20,1.00
2016.01.28 07:27:56.139,0.64503,0.64513,1.20,1.00
2016.01.28 07:27:56.451,0.64501,0.6451,1.10,1.00
2016.01.28 07:27:57.091,0.64499,0.64509,1.12,1.00
2016.01.28 07:27:57.717,0.64499,0.6451,1.12,1.00
2016.01.28 07:27:58.096,0.64498,0.64508,2.62,1.00
2016.01.28 07:28:02.300,0.64499,0.64508,1.87,1.00
2016.01.28 07:28:02.551,0.64499,0.6451,1.87,1.00
2016.01.28 07:28:03.065,0.645,0.64509,1.20,1.00
2016.01.28 07:28:03.634,0.64499,0.64508,1.12,1.00
2016.01.28 07:28:05.348,0.64498,0.64507,1.50,1.00
2016.01.28 07:28:05.602,0.64498,0.64509,1.50,1.00
2016.01.28 07:28:05.704,0.64499,0.64508,4.12,1.00
2016.01.28 07:28:05.806,0.645,0.64511,1.12,1.12
2016.01.28 07:28:05.857,0.645,0.64513,1.87,1.57
2016.01.28 07:28:05.909,0.64502,0.64513,3.82,1.20
2016.01.28 07:28:05.960,0.64504,0.64515,1.12,1.10
2016.01.28 07:28:06.062,0.64506,0.64516,1.12,1.00
2016.01.28 07:28:06.338,0.64506,0.64518,1.95,1.10
2016.01.28 07:28:06.998,0.64506,0.64517,1.95,1.00
2016.01.28 07:28:07.440,0.64504,0.64516,1.95,1.20
2016.01.28 07:28:08.003,0.64505,0.64516,2.10,1.00
2016.01.28 07:28:08.547,0.64508,0.64517,3.07,1.12
2016.01.28 07:28:08.599,0.64511,0.64523,1.10,1.57
2016.01.28 07:28:08.702,0.64513,0.64523,1.00,1.57
2016.01.28 07:28:08.855,0.64511,0.64523,1.27,1.12
2016.01.28 07:28:08.957,0.64514,0.64526,1.12,1.87
2016.01.28 07:28:09.523,0.64514,0.64526,1.12,1.87
2016.01.28 07:28:10.154,0.64515,0.64526,1.00,2.62
2016.01.28 07:28:10.679,0.64514,0.64526,1.12,1.87
2016.01.28 07:28:11.186,0.64513,0.64523,1.37,1.20
2016.01.28 07:28:11.522,0.6451,0.64518,1.00,1.50
2016.01.28 07:28:12.131,0.64509,0.64517,1.12,1.20
2016.01.28 07:28:13.557,0.6451,0.64519,1.00,1.75
2016.01.28 07:28:13.659,0.6451,0.64521,1.00,1.20
2016.01.28 07:28:13.863,0.64512,0.64522,1.87,1.20
2016.01.28 07:28:14.394,0.64512,0.64521,1.37,1.20
2016.01.28 07:28:14.547,0.64508,0.64518,1.37,1.50
2016.01.28 07:28:19.884,0.64508,0.64518,1.37,1.57
2016.01.28 07:28:21.124,0.64507,0.64517,1.00,1.12
2016.01.28 07:28:21.386,0.64504,0.64515,2.62,1.20
2016.01.28 07:28:21.743,0.64503,0.64514,1.00,1.20
2016.01.28 07:28:21.948,0.64503,0.64512,1.00,1.00
2016.01.28 07:28:22.051,0.64503,0.64514,1.00,1.10
2016.01.28 07:28:22.551,0.64501,0.64512,1.37,1.00
2016.01.28 07:28:22.890,0.64499,0.64509,1.00,1.87
2016.01.28 07:28:24.071,0.645,0.64509,1.00,1.12
2016.01.28 07:28:24.622,0.64501,0.64509,1.00,1.87
2016.01.28 07:28:25.066,0.64498,0.64508,1.12,1.20
2016.01.28 07:28:25.577,0.64499,0.64509,1.00,1.12
2016.01.28 07:28:25.628,0.64504,0.64509,1.00,1.12
2016.01.28 07:28:25.789,0.64502,0.64509,1.00,1.12
2016.01.28 07:28:28.174,0.64503,0.64509,1.00,1.12
2016.01.28 07:28:28.839,0.64502,0.64509,1.00,1.12
2016.01.28 07:28:30.495,0.64501,0.64508,1.00,1.12
2016.01.28 07:28:31.704,0.64502,0.64508,1.00,1.12
2016.01.28 07:28:32.299,0.64501,0.64508,1.00,1.12
2016.01.28 07:28:33.712,0.64502,0.64508,1.00,1.12
2016.01.28 07:28:34.213,0.64501,0.64508,1.00,1.12
2016.01.28 07:28:37.023,0.64502,0.64508,1.00,1.12
2016.01.28 07:28:38.119,0.64501,0.64508,1.00,1.12
2016.01.28 07:28:38.641,0.64502,0.64508,1.00,1.12
2016.01.28 07:28:39.531,0.64501,0.64508,1.00,1.12
2016.01.28 07:28:41.160,0.645,0.64508,1.00,1.12
2016.01.28 07:28:41.702,0.645,0.64507,1.00,1.75
2016.01.28 07:28:43.300,0.64501,0.64507,1.00,1.75
2016.01.28 07:28:43.812,0.64502,0.64506,1.00,1.00
2016.01.28 07:28:44.414,0.64501,0.64507,1.00,1.75
2016.01.28 07:28:45.119,0.64501,0.64507,1.00,1.75
2016.01.28 07:28:45.735,0.64502,0.64506,1.00,1.00
2016.01.28 07:28:47.109,0.64501,0.64507,1.00,1.75
2016.01.28 07:28:50.329,0.64502,0.64506,1.00,1.00
2016.01.28 07:28:50.381,0.645,0.64507,1.00,1.75
2016.01.28 07:28:52.789,0.64501,0.64508,1.00,1.50
2016.01.28 07:28:52.840,0.64501,0.64508,1.00,1.07
2016.01.28 07:28:53.517,0.64501,0.64509,1.00,1.12
2016.01.28 07:28:54.042,0.64502,0.64509,1.00,1.12
2016.01.28 07:28:54.986,0.64501,0.64509,1.00,1.12
2016.01.28 07:28:56.412,0.645,0.64509,1.00,4.12
2016.01.28 07:28:56.949,0.645,0.64506,1.00,1.75
2016.01.28 07:28:57.456,0.645,0.64507,1.00,1.12
2016.01.28 07:29:00.314,0.64501,0.64507,1.00,1.12
2016.01.28 07:29:00.721,0.64501,0.64507,1.00,1.12
2016.01.28 07:29:07.127,0.64502,0.64508,1.00,1.12
2016.01.28 07:29:08.044,0.64501,0.64507,1.00,1.12
2016.01.28 07:29:09.617,0.645,0.64507,1.00,1.12
2016.01.28 07:29:13.444,0.64501,0.64507,1.00,1.12
2016.01.28 07:29:13.648,0.64501,0.64509,1.00,1.12
2016.01.28 07:29:14.161,0.64502,0.64509,1.00,1.12
2016.01.28 07:29:14.695,0.64501,0.64509,1.00,1.12
2016.01.28 07:29:15.475,0.64501,0.64509,1.50,1.12
2016.01.28 07:29:16.060,0.64503,0.64509,1.00,1.12
2016.01.28 07:29:16.112,0.64504,0.6451,1.00,1.12
2016.01.28 07:29:16.264,0.64506,0.64512,1.00,1.12
2016.01.28 07:29:18.608,0.64506,0.64512,1.00,1.12
2016.01.28 07:29:19.397,0.64508,0.64514,1.00,1.50
2016.01.28 07:29:19.499,0.64508,0.64514,1.00,1.12
2016.01.28 07:29:19.703,0.64511,0.64518,1.00,1.12
2016.01.28 07:29:19.754,0.64514,0.64518,1.00,1.00
2016.01.28 07:29:20.212,0.64512,0.64519,1.00,1.75
2016.01.28 07:29:20.496,0.6451,0.64518,1.00,1.12
2016.01.28 07:29:20.801,0.6451,0.64516,1.00,1.75
2016.01.28 07:29:21.589,0.6451,0.64516,1.00,1.75
2016.01.28 07:29:23.394,0.64509,0.64516,1.00,1.12
2016.01.28 07:29:25.707,0.6451,0.64516,1.00,1.12
2016.01.28 07:29:26.865,0.64511,0.64518,1.00,1.12
2016.01.28 07:29:27.373,0.64512,0.64518,1.00,1.12
2016.01.28 07:29:27.880,0.64511,0.64517,1.00,1.12
2016.01.28 07:29:28.854,0.64511,0.64518,1.00,1.12
2016.01.28 07:29:29.538,0.64511,0.64519,1.00,1.12
2016.01.28 07:29:30.071,0.64512,0.64519,1.00,1.12
2016.01.28 07:29:31.327,0.64512,0.6452,1.00,1.75
2016.01.28 07:29:31.581,0.64514,0.6452,1.00,1.75
2016.01.28 07:29:31.683,0.64519,0.64523,1.00,1.00
2016.01.28 07:29:31.836,0.64519,0.64526,1.00,1.45
2016.01.28 07:29:32.900,0.64519,0.64527,1.00,1.12
2016.01.28 07:29:35.168,0.64518,0.64527,1.00,1.87
2016.01.28 07:29:35.270,0.64515,0.64526,1.00,2.25
2016.01.28 07:29:35.321,0.64515,0.64524,1.00,1.12
2016.01.28 07:29:35.828,0.64515,0.64523,1.00,1.50
2016.01.28 07:29:36.361,0.64516,0.64523,1.00,1.87
2016.01.28 07:29:36.666,0.6452,0.64526,1.00,1.75
2016.01.28 07:29:40.198,0.64519,0.64526,1.00,1.75
2016.01.28 07:29:42.119,0.64519,0.64525,1.00,1.12
2016.01.28 07:29:42.664,0.6452,0.64526,1.00,1.12
2016.01.28 07:29:43.120,0.64521,0.64529,1.00,1.75
2016.01.28 07:29:46.626,0.64522,0.6453,1.00,1.12
2016.01.28 07:29:46.677,0.64523,0.6453,1.00,1.12
2016.01.28 07:29:46.729,0.64525,0.64531,1.00,1.12
2016.01.28 07:29:46.831,0.64526,0.64532,1.10,1.50
2016.01.28 07:29:46.883,0.64525,0.64532,1.57,1.00
2016.01.28 07:29:46.985,0.64525,0.6453,1.12,1.00
2016.01.28 07:29:47.037,0.64522,0.6453,1.10,1.00
2016.01.28 07:29:47.088,0.6452,0.64531,1.00,1.87
2016.01.28 07:29:47.627,0.64521,0.64531,1.00,1.12
2016.01.28 07:29:47.932,0.64521,0.64531,1.00,4.87
2016.01.28 07:29:48.835,0.6452,0.64529,1.00,1.12
2016.01.28 07:29:52.890,0.6452,0.64527,1.00,1.75
2016.01.28 07:29:54.716,0.6452,0.64529,1.00,1.12
2016.01.28 07:29:55.224,0.6452,0.6453,1.00,1.50
2016.01.28 07:29:56.075,0.6452,0.6453,1.00,4.12
2016.01.28 07:30:08.091,0.6452,0.64526,1.00,1.12
2016.01.28 07:30:12.450,0.64521,0.64526,1.00,1.12
2016.01.28 07:30:12.957,0.64522,0.64527,1.00,1.12
2016.01.28 07:30:13.499,0.64521,0.64527,1.00,1.12
2016.01.28 07:30:14.025,0.64522,0.64527,1.00,1.12
2016.01.28 07:30:14.935,0.64521,0.64527,1.00,1.12
2016.01.28 07:30:15.542,0.64522,0.64527,1.00,1.12
2016.01.28 07:30:15.594,0.6452,0.64527,1.00,1.12
2016.01.28 07:30:16.278,0.64521,0.64527,1.00,1.12
2016.01.28 07:30:16.845,0.64521,0.64527,1.00,1.12
2016.01.28 07:30:24.057,0.64523,0.64532,1.00,1.50
2016.01.28 07:30:27.000,0.64523,0.64532,1.00,1.95
2016.01.28 07:30:36.481,0.64523,0.64532,1.00,1.12
2016.01.28 07:30:36.583,0.64523,0.64534,1.00,2.70
2016.01.28 07:30:36.887,0.64523,0.64533,1.00,2.25
2016.01.28 07:30:37.685,0.64522,0.64533,1.00,3.00
2016.01.28 07:30:37.888,0.64524,0.64533,1.00,1.10
2016.01.28 07:30:38.192,0.64524,0.64531,1.00,1.00
2016.01.28 07:30:38.294,0.64522,0.64531,1.00,1.00
2016.01.28 07:30:38.643,0.64523,0.64533,1.00,1.10
2016.01.28 07:30:38.900,0.64522,0.64533,1.00,2.70
2016.01.28 07:30:39.205,0.64523,0.64532,1.00,1.50
2016.01.28 07:30:39.307,0.64523,0.64532,1.00,1.10
2016.01.28 07:30:40.023,0.64522,0.64532,1.00,1.10
2016.01.28 07:30:40.181,0.64523,0.64533,1.00,1.85
2016.01.28 07:30:46.370,0.64523,0.64532,1.00,2.32
2016.01.28 07:30:50.219,0.64522,0.64532,1.00,1.12
2016.01.28 07:30:50.321,0.64521,0.64532,1.00,1.87
2016.01.28 07:30:50.423,0.64521,0.6453,1.00,1.50
2016.01.28 07:30:50.830,0.64524,0.64529,1.00,1.10
2016.01.28 07:30:51.752,0.64524,0.64531,1.00,1.12
2016.01.28 07:30:51.854,0.64524,0.64531,1.00,1.87
2016.01.28 07:30:52.362,0.64525,0.64533,1.00,1.50
2016.01.28 07:30:52.616,0.64523,0.64534,1.00,1.20
2016.01.28 07:30:52.718,0.6452,0.64531,1.50,1.00
2016.01.28 07:30:52.820,0.6452,0.64529,1.00,1.00
2016.01.28 07:30:55.011,0.6452,0.64531,1.00,1.57
2016.01.28 07:30:55.703,0.64519,0.64531,1.00,1.57
2016.01.28 07:31:00.462,0.64519,0.64531,1.00,1.10
2016.01.28 07:31:00.970,0.6452,0.64532,1.00,1.95
2016.01.28 07:31:02.207,0.64526,0.64532,1.00,1.50
2016.01.28 07:31:02.259,0.64524,0.64533,1.12,1.12
2016.01.28 07:31:06.316,0.64519,0.6453,1.00,1.20
2016.01.28 07:31:06.367,0.64519,0.64529,1.00,1.07
2016.01.28 07:31:07.119,0.64519,0.6453,1.00,1.87
2016.01.28 07:31:08.065,0.64519,0.6453,1.00,1.12
2016.01.28 07:31:08.379,0.64519,0.64529,1.00,1.12
2016.01.28 07:31:09.786,0.64519,0.6453,1.00,1.12
2016.01.28 07:31:10.614,0.6451,0.64522,3.00,1.50
2016.01.28 07:31:10.666,0.6451,0.6452,1.00,1.12
2016.01.28 07:31:11.176,0.6451,0.64519,1.00,1.75
2016.01.28 07:31:11.729,0.64511,0.6452,1.00,1.12
2016.01.28 07:31:12.240,0.6451,0.64518,1.00,1.00
2016.01.28 07:31:14.102,0.64512,0.64518,1.00,1.00
2016.01.28 07:31:16.240,0.64511,0.64518,1.00,1.00
2016.01.28 07:31:16.291,0.64511,0.64522,1.00,2.32
2016.01.28 07:31:16.834,0.64512,0.6452,1.00,1.00
2016.01.28 07:31:17.088,0.64514,0.6452,1.00,1.00
2016.01.28 07:31:19.472,0.64511,0.6452,1.00,1.00
2016.01.28 07:31:19.981,0.64511,0.64519,1.00,1.00
2016.01.28 07:31:22.807,0.64512,0.64519,1.00,1.00
2016.01.28 07:31:23.385,0.64511,0.64519,1.00,1.00
2016.01.28 07:31:25.317,0.64515,0.6452,1.00,1.00
2016.01.28 07:31:25.368,0.64516,0.64522,1.00,1.20
2016.01.28 07:31:25.419,0.64516,0.64524,1.00,1.50
2016.01.28 07:31:25.520,0.64518,0.64524,1.00,1.00
2016.01.28 07:31:26.049,0.64518,0.64525,1.00,1.12
2016.01.28 07:31:26.608,0.64519,0.64527,1.00,1.50
2016.01.28 07:31:27.152,0.64519,0.64527,1.00,1.00
2016.01.28 07:31:29.613,0.64521,0.64527,1.00,1.00
2016.01.28 07:31:31.276,0.6452,0.64527,1.00,1.00
2016.01.28 07:31:34.023,0.64514,0.64522,1.00,1.00
2016.01.28 07:31:34.074,0.64513,0.6452,1.00,1.00
2016.01.28 07:31:36.884,0.64516,0.64523,1.00,1.75
2016.01.28 07:31:36.936,0.6452,0.64525,1.00,1.00
2016.01.28 07:31:37.554,0.64519,0.64525,1.00,1.10
2016.01.28 07:31:38.062,0.64519,0.64524,1.00,1.10
2016.01.28 07:31:38.899,0.64518,0.64524,1.00,1.00
2016.01.28 07:31:39.156,0.6452,0.64524,1.00,1.00
2016.01.28 07:31:40.108,0.6452,0.64525,1.00,1.00
2016.01.28 07:31:40.413,0.64522,0.64527,1.00,1.00
2016.01.28 07:31:41.315,0.64522,0.64529,1.00,1.20
2016.01.28 07:31:42.649,0.64523,0.64529,1.00,1.20
2016.01.28 07:31:43.262,0.64522,0.64529,1.00,1.20
2016.01.28 07:31:43.720,0.6452,0.64529,1.00,1.10
2016.01.28 07:31:44.273,0.64519,0.64529,1.00,1.10
2016.01.28 07:31:44.767,0.64521,0.64529,1.00,1.10
2016.01.28 07:31:47.081,0.64526,0.64531,1.00,1.00
2016.01.28 07:31:47.234,0.64527,0.64533,1.00,1.10
2016.01.28 07:31:47.286,0.64529,0.64535,1.00,1.50
2016.01.28 07:31:47.390,0.64529,0.64536,1.00,1.57
2016.01.28 07:31:48.158,0.64529,0.64536,1.00,1.10
2016.01.28 07:31:48.692,0.6453,0.64539,1.00,1.50
2016.01.28 07:31:49.220,0.6453,0.64539,1.00,1.12
2016.01.28 07:31:49.746,0.64531,0.64539,1.00,1.12
2016.01.28 07:31:51.250,0.64531,0.64539,1.00,1.00
2016.01.28 07:31:52.004,0.6453,0.64539,1.00,1.00
2016.01.28 07:31:52.055,0.64532,0.64539,1.00,1.00
2016.01.28 07:31:52.208,0.6453,0.6454,1.00,1.00
2016.01.28 07:31:52.310,0.6453,0.64537,1.00,1.00
2016.01.28 07:31:52.412,0.64531,0.64539,1.00,1.10
2016.01.28 07:31:53.301,0.64534,0.64539,1.00,1.10
2016.01.28 07:31:53.454,0.64532,0.64541,1.00,1.57
2016.01.28 07:31:53.505,0.64526,0.64537,4.50,1.00
2016.01.28 07:31:53.607,0.64525,0.64535,1.12,1.50
2016.01.28 07:31:53.658,0.64524,0.64533,1.37,1.12
2016.01.28 07:31:53.972,0.64522,0.64532,1.00,1.10
2016.01.28 07:31:54.024,0.64524,0.64532,1.00,1.10
2016.01.28 07:31:54.341,0.64526,0.64532,1.00,1.20
2016.01.28 07:31:54.763,0.64527,0.64534,1.00,1.20
2016.01.28 07:31:54.814,0.64529,0.64534,1.00,1.10
2016.01.28 07:31:54.968,0.64531,0.6454,1.00,2.62
2016.01.28 07:31:55.020,0.64531,0.6454,1.00,1.57
2016.01.28 07:31:55.588,0.64531,0.64541,1.00,1.10
2016.01.28 07:31:56.826,0.64531,0.6454,1.00,1.00
2016.01.28 07:31:58.855,0.64536,0.6454,1.00,1.00
2016.01.28 07:31:59.218,0.64529,0.64541,1.12,1.50
2016.01.28 07:31:59.269,0.64531,0.64541,1.00,1.50
2016.01.28 07:31:59.371,0.64529,0.64541,1.00,1.50
2016.01.28 07:31:59.885,0.64528,0.6454,1.00,1.00
2016.01.28 07:32:00.245,0.64528,0.64538,1.00,1.00
2016.01.28 07:32:01.320,0.64522,0.64534,1.37,1.12
2016.01.28 07:32:01.422,0.6452,0.64531,1.12,1.20
2016.01.28 07:32:01.948,0.6452,0.6453,1.00,1.87
2016.01.28 07:32:07.431,0.6452,0.64529,1.00,1.00
2016.01.28 07:32:07.980,0.6452,0.64528,1.00,1.00
2016.01.28 07:32:08.606,0.6452,0.64531,1.00,2.02
2016.01.28 07:32:10.485,0.6452,0.64529,1.00,1.00
2016.01.28 07:32:14.373,0.6452,0.64531,1.00,1.57
2016.01.28 07:32:14.664,0.6452,0.64529,1.00,1.00
2016.01.28 07:32:17.527,0.64519,0.64529,1.00,1.00
2016.01.28 07:32:18.225,0.6452,0.64533,1.20,3.75
2016.01.28 07:32:18.847,0.6452,0.64531,1.20,1.00
2016.01.28 07:32:20.715,0.6452,0.64531,1.20,1.00
2016.01.28 07:32:23.030,0.64521,0.64531,1.00,1.00
2016.01.28 07:32:23.706,0.64521,0.64533,1.00,2.62
2016.01.28 07:32:23.859,0.64525,0.64534,1.00,1.50
2016.01.28 07:32:24.291,0.64528,0.6454,1.00,2.62
2016.01.28 07:32:24.356,0.64531,0.64541,1.00,1.00
2016.01.28 07:32:24.868,0.64531,0.6454,1.00,1.00
2016.01.28 07:32:25.805,0.64531,0.64541,1.00,1.00
2016.01.28 07:32:27.076,0.64531,0.6454,1.00,1.00
2016.01.28 07:32:28.746,0.64531,0.64542,1.00,1.00
2016.01.28 07:32:28.848,0.64531,0.6454,1.00,1.00
2016.01.28 07:32:30.052,0.6453,0.6454,1.00,1.00
2016.01.28 07:32:30.388,0.6453,0.64542,1.10,1.87
2016.01.28 07:32:30.592,0.64533,0.64542,1.00,1.00
2016.01.28 07:32:31.100,0.64532,0.64542,1.00,1.00
2016.01.28 07:32:31.498,0.64529,0.64541,1.00,1.50
2016.01.28 07:32:31.549,0.64531,0.64541,1.00,1.87
2016.01.28 07:32:32.056,0.64531,0.64542,1.00,1.00
2016.01.28 07:32:32.918,0.64531,0.64542,1.50,1.00
2016.01.28 07:32:33.223,0.64536,0.64546,1.10,1.00
2016.01.28 07:32:33.565,0.64539,0.64546,1.00,1.00
2016.01.28 07:32:34.107,0.64539,0.64545,1.00,1.00
2016.01.28 07:32:34.261,0.64539,0.64547,1.00,1.00
2016.01.28 07:32:34.371,0.64539,0.64545,1.00,1.00
2016.01.28 07:32:34.474,0.64539,0.64547,1.00,1.00
2016.01.28 07:32:34.677,0.64539,0.64545,1.00,1.00
2016.01.28 07:32:35.110,0.64539,0.64547,1.00,1.00
2016.01.28 07:32:36.545,0.64539,0.64546,1.00,1.00
2016.01.28 07:32:37.081,0.64539,0.64545,1.00,1.00
2016.01.28 07:32:37.645,0.64539,0.64546,1.00,1.00
2016.01.28 07:32:38.798,0.64539,0.64547,1.00,1.00
2016.01.28 07:32:40.126,0.64539,0.64545,1.00,1.00
2016.01.28 07:32:40.228,0.64539,0.64547,1.00,1.00
2016.01.28 07:32:40.786,0.64539,0.6455,1.00,1.00
2016.01.28 07:32:41.959,0.64539,0.64551,1.00,1.50
2016.01.28 07:32:42.989,0.64542,0.64551,1.00,1.12
2016.01.28 07:32:43.091,0.64542,0.64553,1.00,1.87
2016.01.28 07:32:43.630,0.64546,0.64555,1.00,1.12
2016.01.28 07:32:44.088,0.64548,0.64559,1.00,1.12
2016.01.28 07:32:45.300,0.64548,0.6456,1.00,1.87
2016.01.28 07:32:45.681,0.64548,0.64558,1.00,1.00
2016.01.28 07:32:45.986,0.64548,0.64556,1.00,1.00
2016.01.28 07:32:46.088,0.64545,0.64554,1.12,1.00
2016.01.28 07:32:46.494,0.64545,0.64551,1.00,1.00
2016.01.28 07:32:46.647,0.64543,0.64551,1.00,1.00
2016.01.28 07:32:47.248,0.64543,0.64549,1.00,1.00
2016.01.28 07:32:47.299,0.6454,0.64549,1.00,1.00
2016.01.28 07:32:47.401,0.64538,0.64549,1.50,1.00
2016.01.28 07:32:48.200,0.64537,0.64549,1.12,2.25
2016.01.28 07:32:48.274,0.64536,0.64546,1.00,1.00
2016.01.28 07:32:48.783,0.64535,0.64546,1.00,1.00
2016.01.28 07:32:49.102,0.64534,0.64546,1.00,1.50
2016.01.28 07:32:49.611,0.64534,0.64545,1.50,1.00
2016.01.28 07:32:49.663,0.64534,0.64547,1.50,2.25
2016.01.28 07:32:50.186,0.64535,0.64547,1.00,2.25
2016.01.28 07:32:50.707,0.64535,0.64546,1.00,1.00
2016.01.28 07:32:50.809,0.64534,0.64546,1.00,1.37
2016.01.28 07:32:51.152,0.64538,0.64549,1.00,2.25
2016.01.28 07:32:51.255,0.64538,0.64551,1.00,3.07
2016.01.28 07:32:51.306,0.64538,0.64551,1.00,3.00
2016.01.28 07:32:51.813,0.64538,0.64551,1.00,2.25
2016.01.28 07:32:52.598,0.6454,0.64551,1.00,1.50
2016.01.28 07:32:53.006,0.64538,0.64551,1.00,1.50
2016.01.28 07:32:53.554,0.64538,0.64551,1.00,1.50
2016.01.28 07:32:56.077,0.64544,0.64551,1.00,1.12
2016.01.28 07:32:56.128,0.64544,0.64556,1.00,1.50
2016.01.28 07:32:56.331,0.64545,0.64559,1.00,1.12
2016.01.28 07:32:56.383,0.64547,0.64559,1.50,1.12
2016.01.28 07:32:56.485,0.64547,0.64561,2.25,1.12
2016.01.28 07:32:56.638,0.64549,0.64562,1.00,1.12
2016.01.28 07:32:57.150,0.64549,0.64561,2.25,1.00
2016.01.28 07:32:58.617,0.64549,0.64562,1.00,1.12
2016.01.28 07:33:01.883,0.64549,0.6456,1.00,1.50
2016.01.28 07:33:02.087,0.64547,0.6456,1.00,1.57
2016.01.28 07:33:02.138,0.64545,0.64558,1.00,2.25
2016.01.28 07:33:02.341,0.64543,0.64557,1.12,1.50
2016.01.28 07:33:02.444,0.64543,0.64555,1.00,1.50
2016.01.28 07:33:03.011,0.64542,0.64555,1.00,2.25
2016.01.28 07:33:03.524,0.64544,0.64555,1.50,1.00
2016.01.28 07:33:03.890,0.64542,0.64555,1.00,2.25
2016.01.28 07:33:04.419,0.64543,0.64555,1.00,2.25
2016.01.28 07:33:04.775,0.64545,0.64555,1.50,1.00
2016.01.28 07:33:05.400,0.64542,0.64554,1.50,1.12
2016.01.28 07:33:05.920,0.64542,0.64553,1.50,1.00
2016.01.28 07:33:06.435,0.64541,0.64553,2.25,1.00
2016.01.28 07:33:07.302,0.6454,0.64553,2.25,1.00
2016.01.28 07:33:07.833,0.64542,0.64553,1.50,1.00
2016.01.28 07:33:08.660,0.64542,0.64553,1.50,1.50
2016.01.28 07:33:08.711,0.6454,0.64553,2.25,1.50
2016.01.28 07:33:10.375,0.64544,0.64553,1.50,1.37
2016.01.28 07:33:10.426,0.64542,0.64552,1.50,1.00
2016.01.28 07:33:10.938,0.64542,0.64552,1.50,1.37
2016.01.28 07:33:11.195,0.64542,0.64553,1.50,1.12
2016.01.28 07:33:11.740,0.64543,0.64553,1.00,1.12
2016.01.28 07:33:12.547,0.64543,0.64554,2.25,1.12
2016.01.28 07:33:13.804,0.64543,0.64554,1.50,1.37
2016.01.28 07:33:14.412,0.64544,0.64554,1.00,1.00
2016.01.28 07:33:14.463,0.64547,0.64557,1.50,1.50
2016.01.28 07:33:14.566,0.64548,0.64558,2.25,1.10
2016.01.28 07:33:14.668,0.6455,0.64558,1.50,1.00
2016.01.28 07:33:14.900,0.64552,0.64562,1.50,1.00
2016.01.28 07:33:15.156,0.64552,0.64564,1.50,1.87
2016.01.28 07:33:15.666,0.64552,0.64563,2.25,1.00
2016.01.28 07:33:16.213,0.64553,0.64563,1.50,1.00
2016.01.28 07:33:16.619,0.64551,0.64563,1.50,1.00
2016.01.28 07:33:17.871,0.64552,0.64563,1.50,1.65
2016.01.28 07:33:21.617,0.64552,0.64561,1.50,1.00
2016.01.28 07:33:21.871,0.64552,0.64563,1.50,1.20
2016.01.28 07:33:23.549,0.6455,0.64563,2.25,1.12
2016.01.28 07:33:25.554,0.64551,0.64563,1.50,1.12
2016.01.28 07:33:25.888,0.64551,0.64563,1.50,1.37
2016.01.28 07:33:26.092,0.64551,0.64563,1.50,1.50
2016.01.28 07:33:26.584,0.64549,0.6456,1.50,1.00
2016.01.28 07:33:26.739,0.64547,0.64559,1.50,1.50
2016.01.28 07:33:27.288,0.64549,0.6456,1.50,1.00
2016.01.28 07:33:27.824,0.64549,0.64561,1.50,1.12
2016.01.28 07:33:28.249,0.64548,0.64559,1.50,1.12
2016.01.28 07:33:28.516,0.64549,0.64562,1.50,1.12
2016.01.28 07:33:29.282,0.6455,0.64562,1.50,1.12
2016.01.28 07:33:30.637,0.6455,0.64561,1.50,1.85
2016.01.28 07:33:33.234,0.64548,0.64561,1.50,3.15
2016.01.28 07:33:33.438,0.64548,0.64559,1.50,1.75
2016.01.28 07:33:33.692,0.64545,0.64556,1.50,2.25
2016.01.28 07:33:33.794,0.64543,0.64556,2.25,2.25
2016.01.28 07:33:34.234,0.64546,0.64555,1.50,1.00
2016.01.28 07:33:35.831,0.64546,0.64556,1.50,1.75
2016.01.28 07:33:36.774,0.64545,0.64556,1.50,1.75
2016.01.28 07:33:38.064,0.64545,0.64556,1.50,1.50
2016.01.28 07:33:38.603,0.64545,0.64558,1.50,3.00
2016.01.28 07:33:39.070,0.64548,0.64558,1.50,2.25
2016.01.28 07:33:39.223,0.6455,0.64559,1.50,1.00
2016.01.28 07:33:39.831,0.6455,0.64562,1.50,1.50
2016.01.28 07:33:40.723,0.64551,0.64562,1.50,1.12
2016.01.28 07:33:42.287,0.64551,0.6456,1.50,1.00
2016.01.28 07:33:42.494,0.64548,0.64561,1.50,1.37
2016.01.28 07:33:42.729,0.64548,0.64561,1.50,1.75
2016.01.28 07:33:43.236,0.64548,0.64559,1.50,1.50
2016.01.28 07:33:43.389,0.64548,0.64559,1.50,1.50
2016.01.28 07:33:43.926,0.64548,0.64559,1.50,1.75
2016.01.28 07:33:44.641,0.64548,0.64559,1.50,1.50
2016.01.28 07:33:44.743,0.64548,0.64559,1.50,1.37
2016.01.28 07:33:44.928,0.64548,0.64559,1.50,1.37
2016.01.28 07:33:45.695,0.6455,0.64562,1.50,1.75
2016.01.28 07:33:46.189,0.6455,0.64562,1.50,1.50
2016.01.28 07:33:46.702,0.6455,0.64563,1.42,1.87
2016.01.28 07:33:48.624,0.64552,0.64563,1.42,1.87
2016.01.28 07:33:52.807,0.64553,0.64564,1.42,3.00
2016.01.28 07:33:52.909,0.64553,0.64564,1.42,1.50
2016.01.28 07:33:53.113,0.64553,0.64565,1.42,1.12
2016.01.28 07:33:53.367,0.64556,0.64567,1.42,1.37
2016.01.28 07:33:53.418,0.64556,0.64568,1.42,1.10
2016.01.28 07:33:53.865,0.64558,0.64569,1.00,1.87
2016.01.28 07:33:54.175,0.64562,0.64573,1.42,1.50
2016.01.28 07:33:54.786,0.6456,0.64573,1.42,2.25
2016.01.28 07:33:55.318,0.6456,0.64572,1.42,1.50
2016.01.28 07:33:57.544,0.6456,0.64574,2.25,2.25
2016.01.28 07:33:58.104,0.6456,0.6457,1.50,1.00
2016.01.28 07:33:58.653,0.6456,0.64573,1.50,1.85
2016.01.28 07:34:00.308,0.64559,0.64572,1.50,2.25
2016.01.28 07:34:00.765,0.64557,0.64571,1.00,1.87
2016.01.28 07:34:01.210,0.64557,0.64571,1.50,1.87
2016.01.28 07:34:01.971,0.64558,0.64571,1.50,1.87
2016.01.28 07:34:02.174,0.64558,0.6457,1.50,1.37
2016.01.28 07:34:04.047,0.64557,0.64571,1.00,1.50
2016.01.28 07:34:04.414,0.64558,0.64571,1.00,1.00
2016.01.28 07:34:04.921,0.64558,0.64572,2.25,1.50
2016.01.28 07:34:06.117,0.64558,0.64572,2.25,1.50
2016.01.28 07:34:09.829,0.64556,0.64569,1.00,2.70
2016.01.28 07:34:10.338,0.64556,0.64569,1.00,1.95
2016.01.28 07:34:10.787,0.64554,0.64567,1.50,1.47
2016.01.28 07:34:10.991,0.64552,0.64567,2.25,3.15
2016.01.28 07:34:11.245,0.64553,0.64567,1.00,2.70
2016.01.28 07:34:11.652,0.64551,0.64563,1.50,1.00
2016.01.28 07:34:12.004,0.6455,0.64562,1.00,1.57
2016.01.28 07:34:16.631,0.6455,0.64562,1.00,1.10
2016.01.28 07:34:16.936,0.64549,0.64562,1.50,2.32
2016.01.28 07:34:17.588,0.64555,0.64563,1.50,1.50
2016.01.28 07:34:17.640,0.64555,0.64564,1.50,1.50
2016.01.28 07:34:18.098,0.64555,0.64566,1.50,1.57
2016.01.28 07:34:18.749,0.64556,0.64568,1.50,2.25
2016.01.28 07:34:20.862,0.64557,0.64567,1.50,1.10
2016.01.28 07:34:21.736,0.64561,0.64567,1.50,1.00
2016.01.28 07:34:21.787,0.64561,0.64572,1.50,1.87
2016.01.28 07:34:21.890,0.64561,0.64572,1.50,1.00
2016.01.28 07:34:22.487,0.64561,0.64573,1.50,1.12
2016.01.28 07:34:23.250,0.64561,0.64575,1.50,3.82
2016.01.28 07:34:23.301,0.64563,0.64575,1.50,3.82
2016.01.28 07:34:24.491,0.64562,0.64574,1.50,1.12
2016.01.28 07:34:24.978,0.64562,0.64573,1.50,3.00
2016.01.28 07:34:25.029,0.6456,0.64573,1.50,3.00
2016.01.28 07:34:26.279,0.64561,0.64571,1.50,1.00
2016.01.28 07:34:30.121,0.6456,0.64572,1.50,1.12
2016.01.28 07:34:30.951,0.64562,0.64573,1.00,1.57
2016.01.28 07:34:36.285,0.64561,0.64573,1.50,1.50
2016.01.28 07:34:37.462,0.64562,0.64573,1.50,1.57
2016.01.28 07:34:38.002,0.64562,0.64573,1.50,1.20
2016.01.28 07:34:39.876,0.64562,0.64574,1.50,1.12
2016.01.28 07:34:40.290,0.64564,0.64575,1.50,2.32
2016.01.28 07:34:41.014,0.64562,0.64573,1.50,1.12
2016.01.28 07:34:41.522,0.64562,0.64573,1.50,2.40
2016.01.28 07:34:43.148,0.64562,0.64573,1.50,1.20
2016.01.28 07:34:43.199,0.64566,0.64575,1.50,2.25
2016.01.28 07:34:43.301,0.64563,0.64575,1.50,1.10
2016.01.28 07:34:43.602,0.64563,0.64573,1.50,1.00
2016.01.28 07:34:43.850,0.64565,0.64576,2.25,1.00
2016.01.28 07:34:44.002,0.64564,0.64574,1.50,1.00
2016.01.28 07:34:44.104,0.64561,0.64574,2.25,2.32
2016.01.28 07:34:46.266,0.64562,0.64572,1.50,1.00
2016.01.28 07:34:50.597,0.64562,0.64573,1.50,1.57
2016.01.28 07:34:51.107,0.64562,0.64572,1.50,1.00
2016.01.28 07:34:52.000,0.64561,0.64572,1.50,1.50
2016.01.28 07:34:53.809,0.64561,0.64571,1.50,1.00
2016.01.28 07:34:54.465,0.64562,0.64571,1.50,1.00
2016.01.28 07:34:54.567,0.64561,0.64574,1.50,2.70
2016.01.28 07:34:54.670,0.64565,0.64573,1.50,1.10
2016.01.28 07:34:54.772,0.64563,0.64573,1.50,1.00
2016.01.28 07:34:55.430,0.64562,0.64573,1.50,1.00
2016.01.28 07:34:56.410,0.64561,0.64573,1.50,1.00
2016.01.28 07:34:57.982,0.64561,0.64574,1.50,1.00
2016.01.28 07:34:58.034,0.64563,0.64574,1.50,1.00
2016.01.28 07:34:58.371,0.64566,0.64578,1.50,1.50
2016.01.28 07:34:58.474,0.64568,0.64578,1.50,1.00
2016.01.28 07:34:58.747,0.64568,0.64581,1.50,1.00
2016.01.28 07:34:59.938,0.64569,0.64581,1.50,1.00
2016.01.28 07:35:00.445,0.64569,0.64582,1.50,1.57
2016.01.28 07:35:00.598,0.64571,0.64583,1.50,2.32
2016.01.28 07:35:01.194,0.64571,0.64582,1.50,1.00
2016.01.28 07:35:01.246,0.64569,0.64582,1.87,1.00
2016.01.28 07:35:02.277,0.64569,0.64581,1.87,1.00
2016.01.28 07:35:02.784,0.6457,0.64581,1.50,1.00
2016.01.28 07:35:04.006,0.64569,0.64579,1.50,1.00
2016.01.28 07:35:06.339,0.64569,0.64581,1.50,1.50
2016.01.28 07:35:06.441,0.64571,0.64581,1.50,1.00
2016.01.28 07:35:07.636,0.6457,0.64581,1.50,1.00
2016.01.28 07:35:08.604,0.64568,0.64581,1.87,1.00
2016.01.28 07:35:09.717,0.64568,0.6458,1.12,1.00
2016.01.28 07:35:09.931,0.64566,0.64577,1.50,1.00
2016.01.28 07:35:10.237,0.64564,0.64575,1.00,1.00
2016.01.28 07:35:10.288,0.64562,0.64575,1.50,1.00
2016.01.28 07:35:10.542,0.64563,0.64573,1.00,1.00
2016.01.28 07:35:10.593,0.6456,0.64572,1.50,1.00
2016.01.28 07:35:11.283,0.6456,0.6457,1.00,1.00
2016.01.28 07:35:11.794,0.6456,0.64571,1.00,1.00
2016.01.28 07:35:12.101,0.6456,0.64569,1.00,1.00
2016.01.28 07:35:12.152,0.64557,0.64568,1.12,1.00
2016.01.28 07:35:12.606,0.64561,0.64568,1.00,1.00
2016.01.28 07:35:13.114,0.64554,0.64569,2.25,1.87
2016.01.28 07:35:13.267,0.64557,0.64569,1.00,1.87
2016.01.28 07:35:13.616,0.64559,0.6457,1.00,1.12
2016.01.28 07:35:14.161,0.64558,0.6457,1.00,1.12
2016.01.28 07:35:14.962,0.64557,0.6457,1.00,1.12
2016.01.28 07:35:15.301,0.64557,0.64568,1.00,1.00
2016.01.28 07:35:18.425,0.64558,0.64568,1.50,1.00
2016.01.28 07:35:21.576,0.6456,0.64568,1.50,1.00
2016.01.28 07:35:22.817,0.64559,0.64568,1.50,1.00
2016.01.28 07:35:24.130,0.6456,0.64568,1.50,1.00
2016.01.28 07:35:30.367,0.6456,0.64569,1.50,1.00
2016.01.28 07:35:30.898,0.64561,0.64569,1.50,1.00
2016.01.28 07:35:31.152,0.64557,0.64568,2.25,1.00
2016.01.28 07:35:31.661,0.64557,0.64567,1.50,1.00
2016.01.28 07:35:33.601,0.64558,0.64567,1.50,1.00
2016.01.28 07:35:34.905,0.64557,0.64567,1.50,1.00
2016.01.28 07:35:35.386,0.64553,0.64564,1.50,1.12
2016.01.28 07:35:35.572,0.64553,0.64562,1.50,1.00
2016.01.28 07:35:36.549,0.64552,0.64562,1.50,1.12
2016.01.28 07:35:36.856,0.64552,0.6456,1.50,1.00
2016.01.28 07:35:37.435,0.6455,0.6456,1.50,1.00
2016.01.28 07:35:38.663,0.64551,0.6456,1.50,1.00
2016.01.28 07:35:39.271,0.64551,0.64556,1.50,1.00
2016.01.28 07:35:39.322,0.64546,0.64554,1.50,1.00
2016.01.28 07:35:39.373,0.64546,0.64556,1.50,1.00
2016.01.28 07:35:39.526,0.64548,0.64559,1.50,1.50
2016.01.28 07:35:39.628,0.64548,0.64559,1.50,1.20
2016.01.28 07:35:39.992,0.64551,0.64559,1.50,1.00
2016.01.28 07:35:41.195,0.64549,0.64559,1.50,1.00
2016.01.28 07:35:43.668,0.64551,0.64559,1.50,1.00
2016.01.28 07:35:44.243,0.64548,0.64558,1.50,1.00
2016.01.28 07:35:44.855,0.64548,0.64557,1.50,1.00
2016.01.28 07:35:44.907,0.64551,0.6456,1.50,1.00
2016.01.28 07:35:45.208,0.6455,0.64558,1.50,1.00
2016.01.28 07:35:46.111,0.64547,0.64558,1.00,1.00
2016.01.28 07:35:51.081,0.64548,0.64558,1.00,1.00
2016.01.28 07:35:53.641,0.64546,0.64556,1.00,1.00
2016.01.28 07:35:53.901,0.64542,0.64553,1.00,1.00
2016.01.28 07:35:54.257,0.64539,0.64553,1.57,1.00
2016.01.28 07:35:55.499,0.64539,0.64552,1.00,1.00
2016.01.28 07:35:56.099,0.64541,0.64552,1.00,1.12
2016.01.28 07:35:56.605,0.64542,0.64552,1.50,1.00
2016.01.28 07:35:58.860,0.64542,0.64554,1.50,1.87
2016.01.28 07:35:58.962,0.64542,0.64554,1.50,1.87
2016.01.28 07:35:59.511,0.64541,0.64553,1.00,1.50
2016.01.28 07:36:00.095,0.6454,0.64553,1.50,2.25
2016.01.28 07:36:00.504,0.64543,0.64553,1.00,1.12
2016.01.28 07:36:00.658,0.64543,0.64555,1.00,1.50
2016.01.28 07:36:00.710,0.64547,0.64555,1.00,1.12
2016.01.28 07:36:00.864,0.64548,0.64561,3.00,1.50
2016.01.28 07:36:01.099,0.64548,0.64562,2.25,1.50
2016.01.28 07:36:01.201,0.6455,0.64562,1.00,1.00
2016.01.28 07:36:01.405,0.64551,0.64564,2.25,1.00
2016.01.28 07:36:01.828,0.64551,0.64561,2.25,1.00
2016.01.28 07:36:01.880,0.64549,0.64561,1.00,1.00
2016.01.28 07:36:03.717,0.64551,0.64562,1.00,1.12
2016.01.28 07:36:04.337,0.64549,0.64563,1.00,2.25
2016.01.28 07:36:04.839,0.64552,0.64563,1.00,1.50
2016.01.28 07:36:05.143,0.64557,0.64568,1.00,1.87
2016.01.28 07:36:05.448,0.64559,0.6457,1.00,1.00
2016.01.28 07:36:05.931,0.64556,0.6457,2.25,1.37
2016.01.28 07:36:06.446,0.64557,0.6457,1.00,1.12
2016.01.28 07:36:07.321,0.64556,0.64569,1.50,1.00
2016.01.28 07:36:08.611,0.64556,0.64568,1.50,1.00
2016.01.28 07:36:09.123,0.64555,0.64568,1.50,1.00
2016.01.28 07:36:09.781,0.64556,0.64568,1.50,1.12
2016.01.28 07:36:10.286,0.64557,0.64568,1.50,2.25
2016.01.28 07:36:11.320,0.64558,0.64568,1.50,1.00
2016.01.28 07:36:12.432,0.64559,0.64568,1.50,1.00
2016.01.28 07:36:13.637,0.64556,0.64568,1.50,1.00
2016.01.28 07:36:13.739,0.64554,0.64568,2.25,1.50
2016.01.28 07:36:17.187,0.64554,0.64565,1.50,1.00
2016.01.28 07:36:17.494,0.64553,0.64563,1.50,1.00
2016.01.28 07:36:17.783,0.6455,0.64563,1.50,1.12
2016.01.28 07:36:18.260,0.6455,0.64561,1.50,1.00
2016.01.28 07:36:18.661,0.64548,0.64561,1.50,1.00
2016.01.28 07:36:20.049,0.64548,0.6456,1.00,1.37
2016.01.28 07:36:20.500,0.64546,0.6456,1.12,1.00
2016.01.28 07:36:21.017,0.64545,0.64559,1.50,1.50
2016.01.28 07:36:21.554,0.64544,0.64559,1.50,2.10
2016.01.28 07:36:23.590,0.64544,0.64556,1.50,1.00
2016.01.28 07:36:24.132,0.64544,0.64557,2.25,1.00
2016.01.28 07:36:24.752,0.64544,0.64557,1.00,1.75
2016.01.28 07:36:24.855,0.64539,0.64552,2.32,1.12
2016.01.28 07:36:25.436,0.64537,0.6455,2.62,1.00
2016.01.28 07:36:25.987,0.64538,0.6455,1.00,1.72
2016.01.28 07:36:26.089,0.64536,0.6455,3.00,1.35
2016.01.28 07:36:26.343,0.64536,0.64548,1.50,1.00
2016.01.28 07:36:26.394,0.64534,0.64548,1.50,1.00
2016.01.28 07:36:26.970,0.64534,0.64548,1.00,2.25
2016.01.28 07:36:27.493,0.64534,0.64548,1.00,1.87
2016.01.28 07:36:30.807,0.64534,0.64548,1.50,1.50
2016.01.28 07:36:30.869,0.64534,0.64549,1.87,2.10
2016.01.28 07:36:30.921,0.64536,0.64549,2.25,1.00
2016.01.28 07:36:31.432,0.64537,0.64551,1.00,1.12
2016.01.28 07:36:34.024,0.64538,0.64552,1.00,1.12
2016.01.28 07:36:34.075,0.6454,0.64554,1.00,1.50
2016.01.28 07:36:34.305,0.64541,0.64554,1.50,1.12
2016.01.28 07:36:35.451,0.6454,0.64554,2.62,1.12
2016.01.28 07:36:36.067,0.64541,0.64555,1.00,2.25
2016.01.28 07:36:38.123,0.6454,0.64552,1.87,1.00
2016.01.28 07:36:38.174,0.64538,0.64552,2.62,1.00
2016.01.28 07:36:38.276,0.64538,0.6455,1.00,1.00
2016.01.28 07:36:38.581,0.64541,0.6455,1.00,1.00
2016.01.28 07:36:39.022,0.64536,0.6455,1.50,1.00
2016.01.28 07:36:39.073,0.64536,0.64547,1.50,1.00
2016.01.28 07:36:39.734,0.64535,0.64547,2.25,1.00
2016.01.28 07:36:41.274,0.64535,0.64548,1.00,1.50
2016.01.28 07:36:41.840,0.64534,0.64548,3.00,1.50
2016.01.28 07:36:42.151,0.64534,0.64549,3.75,1.12
2016.01.28 07:36:42.659,0.64536,0.6455,3.00,1.37
2016.01.28 07:36:43.162,0.64536,0.6455,1.87,2.25
2016.01.28 07:36:44.489,0.64535,0.6455,2.62,2.25
2016.01.28 07:36:45.198,0.64536,0.6455,1.00,2.25
2016.01.28 07:36:50.074,0.64536,0.64549,1.00,1.00
2016.01.28 07:36:50.431,0.64535,0.64547,1.50,1.00
2016.01.28 07:36:51.700,0.64534,0.64547,1.00,1.00
2016.01.28 07:36:52.207,0.64533,0.64547,2.25,1.12
2016.01.28 07:36:54.567,0.64534,0.64547,1.00,1.12
2016.01.28 07:36:54.872,0.64537,0.64548,1.50,1.37
2016.01.28 07:36:54.925,0.64537,0.6455,1.50,1.00
2016.01.28 07:36:55.128,0.64538,0.64552,1.00,1.00
2016.01.28 07:36:55.361,0.64542,0.64555,1.00,1.87
2016.01.28 07:36:55.565,0.64542,0.64556,2.62,2.25
2016.01.28 07:36:56.066,0.64543,0.64556,2.25,1.00
2016.01.28 07:36:58.489,0.64543,0.64557,2.25,1.87
2016.01.28 07:36:59.346,0.64543,0.64556,1.87,1.00
2016.01.28 07:36:59.405,0.6454,0.64546,1.20,1.00
2016.01.28 07:36:59.457,0.64539,0.64546,1.87,1.00
2016.01.28 07:36:59.508,0.64539,0.64546,1.00,1.00
2016.01.28 07:36:59.559,0.64539,0.64544,1.00,1.12
2016.01.28 07:36:59.610,0.64532,0.64543,2.62,1.00
2016.01.28 07:36:59.813,0.6453,0.64543,1.20,2.25
2016.01.28 07:37:00.625,0.64531,0.64543,1.00,2.25
2016.01.28 07:37:01.031,0.64533,0.64545,3.00,1.37
2016.01.28 07:37:01.336,0.64533,0.64542,1.57,1.00
2016.01.28 07:37:01.876,0.64533,0.64543,1.50,1.00
2016.01.28 07:37:02.386,0.64531,0.64543,2.25,1.00
2016.01.28 07:37:03.526,0.64533,0.64547,1.12,2.62
2016.01.28 07:37:03.831,0.64539,0.64549,1.00,1.00
2016.01.28 07:37:03.983,0.64538,0.64551,1.12,1.00
2016.01.28 07:37:04.691,0.64539,0.64551,1.00,1.00
2016.01.28 07:37:05.198,0.64539,0.64552,1.00,2.25
2016.01.28 07:37:05.749,0.64538,0.64552,1.50,2.25
2016.01.28 07:37:05.858,0.6454,0.64552,1.00,1.00
2016.01.28 07:37:06.011,0.64538,0.64552,2.25,1.00
2016.01.28 07:37:06.519,0.64537,0.64551,1.00,1.00
2016.01.28 07:37:08.369,0.64538,0.64552,1.00,1.00
2016.01.28 07:37:10.568,0.64537,0.64551,1.87,1.00
2016.01.28 07:37:15.220,0.64538,0.64551,1.00,2.25
2016.01.28 07:37:15.729,0.64538,0.6455,1.00,1.12
2016.01.28 07:37:17.842,0.64537,0.6455,1.00,1.12
2016.01.28 07:37:18.311,0.64536,0.64548,1.00,1.00
2016.01.28 07:37:19.381,0.64534,0.64548,3.75,1.00
2016.01.28 07:37:19.889,0.64535,0.64547,1.00,1.50
2016.01.28 07:37:20.433,0.64534,0.64547,1.00,2.25
2016.01.28 07:37:20.484,0.64532,0.64547,3.00,2.25
2016.01.28 07:37:20.535,0.64532,0.64543,1.00,1.00
2016.01.28 07:37:21.043,0.64532,0.64544,1.00,1.50
2016.01.28 07:37:27.225,0.64533,0.64544,1.00,1.00
2016.01.28 07:37:29.079,0.64534,0.64546,1.00,3.37
2016.01.28 07:37:29.388,0.64538,0.64547,1.00,1.37
2016.01.28 07:37:29.439,0.64538,0.6455,1.00,1.50
2016.01.28 07:37:30.380,0.6454,0.64551,1.00,1.50
2016.01.28 07:37:30.432,0.64541,0.64553,1.00,1.00
2016.01.28 07:37:30.880,0.64545,0.64553,1.37,1.00
2016.01.28 07:37:30.944,0.64545,0.64558,1.37,2.25
2016.01.28 07:37:31.796,0.64547,0.64558,1.00,1.50
2016.01.28 07:37:31.848,0.64548,0.64562,2.25,1.75
2016.01.28 07:37:32.142,0.64551,0.64562,1.00,1.00
2016.01.28 07:37:32.689,0.6455,0.64562,1.00,1.00
2016.01.28 07:37:35.480,0.6455,0.64564,1.00,1.50
2016.01.28 07:37:36.353,0.64549,0.64563,1.12,1.50
2016.01.28 07:37:36.684,0.64551,0.64564,1.00,2.62
2016.01.28 07:37:37.358,0.6455,0.64564,2.25,2.62
2016.01.28 07:37:38.615,0.64551,0.64566,1.00,4.12
2016.01.28 07:37:38.921,0.64553,0.64567,1.87,1.37
2016.01.28 07:37:39.247,0.64553,0.64567,1.87,1.00
2016.01.28 07:37:40.967,0.64553,0.64568,1.87,1.50
2016.01.28 07:37:42.278,0.64553,0.64569,3.37,4.12
2016.01.28 07:37:43.445,0.64553,0.64568,1.50,1.50
2016.01.28 07:37:43.547,0.64553,0.64567,1.00,1.37
2016.01.28 07:37:43.699,0.6455,0.64564,2.62,1.87
2016.01.28 07:37:46.014,0.64548,0.64564,3.75,4.50
2016.01.28 07:37:46.462,0.64548,0.64562,2.25,1.50
2016.01.28 07:37:48.833,0.64549,0.64562,1.00,1.00
2016.01.28 07:37:51.760,0.64549,0.64563,2.32,2.47
2016.01.28 07:37:52.644,0.64549,0.64564,2.32,2.62
2016.01.28 07:37:56.122,0.6455,0.64564,1.00,2.85
2016.01.28 07:37:56.426,0.64553,0.64566,1.00,1.67
2016.01.28 07:37:56.932,0.64554,0.64568,2.32,1.00
2016.01.28 07:37:57.213,0.64556,0.64569,1.00,2.25
2016.01.28 07:37:57.754,0.64557,0.64569,1.00,2.25
2016.01.28 07:37:58.428,0.64558,0.64568,1.00,1.00
2016.01.28 07:38:00.323,0.64558,0.64567,1.00,1.00
2016.01.28 07:38:00.424,0.64556,0.64567,1.00,1.12
2016.01.28 07:38:00.779,0.64553,0.64567,1.00,2.62
2016.01.28 07:38:01.411,0.64553,0.64565,1.00,1.00
2016.01.28 07:38:01.919,0.64552,0.64565,1.00,1.12
2016.01.28 07:38:03.285,0.64554,0.64567,1.00,1.87
2016.01.28 07:38:03.592,0.64557,0.64568,1.00,1.50
2016.01.28 07:38:03.897,0.64559,0.64571,1.00,1.37
2016.01.28 07:38:03.948,0.64556,0.6457,3.75,1.37
2016.01.28 07:38:04.353,0.64558,0.6457,1.00,1.37
2016.01.28 07:38:04.864,0.64556,0.6457,3.37,2.62
2016.01.28 07:38:05.558,0.64556,0.64566,2.62,1.37
2016.01.28 07:38:05.813,0.6455,0.64563,1.20,2.62
2016.01.28 07:38:06.321,0.64551,0.64562,1.00,2.62
2016.01.28 07:38:07.004,0.64551,0.64562,1.00,1.00
2016.01.28 07:38:07.308,0.64551,0.64564,1.00,3.37
2016.01.28 07:38:07.947,0.64551,0.64563,1.00,1.00
2016.01.28 07:38:10.485,0.64551,0.64562,1.00,1.00
2016.01.28 07:38:16.134,0.6455,0.64562,1.00,1.00
2016.01.28 07:38:21.921,0.64551,0.64562,1.00,1.00
2016.01.28 07:38:27.010,0.6455,0.64562,1.50,1.00
2016.01.28 07:38:27.214,0.64549,0.6456,1.00,1.00
2016.01.28 07:38:27.751,0.64548,0.64559,1.00,1.00
2016.01.28 07:38:28.596,0.64547,0.64559,1.00,1.00
2016.01.28 07:38:29.322,0.64546,0.64559,1.50,1.00
2016.01.28 07:38:29.865,0.64546,0.64558,1.50,1.00
2016.01.28 07:38:30.900,0.64543,0.64552,1.50,1.00
2016.01.28 07:38:30.951,0.64543,0.64554,1.50,1.00
2016.01.28 07:38:31.052,0.64543,0.64552,1.00,1.00
2016.01.28 07:38:31.103,0.6454,0.64552,1.12,1.00
2016.01.28 07:38:31.610,0.64539,0.64552,1.87,1.57
2016.01.28 07:38:32.379,0.64541,0.64552,1.00,1.57
2016.01.28 07:38:38.435,0.64541,0.64552,1.50,1.50
2016.01.28 07:38:38.486,0.64543,0.64554,1.00,3.07
2016.01.28 07:38:39.031,0.64542,0.64554,1.00,2.62
2016.01.28 07:38:39.688,0.64541,0.64554,1.00,2.62
2016.01.28 07:38:41.367,0.64541,0.64553,1.00,1.50
2016.01.28 07:38:44.200,0.64543,0.64554,1.50,2.62
2016.01.28 07:38:44.666,0.6455,0.6456,1.00,1.87
2016.01.28 07:38:45.336,0.64549,0.6456,1.50,1.50
2016.01.28 07:38:45.438,0.64549,0.64562,1.50,2.32
2016.01.28 07:38:48.943,0.64549,0.64561,1.50,1.50
2016.01.28 07:38:49.454,0.64548,0.6456,1.00,1.50
2016.01.28 07:38:49.973,0.64549,0.6456,1.00,1.50
2016.01.28 07:38:50.623,0.6455,0.6456,1.00,2.25
2016.01.28 07:38:51.130,0.6455,0.64559,1.00,1.50
2016.01.28 07:38:51.791,0.64549,0.6456,1.00,1.50
2016.01.28 07:38:56.012,0.64549,0.64561,1.00,2.25
2016.01.28 07:38:56.925,0.64548,0.64561,1.87,2.25
2016.01.28 07:38:57.027,0.64548,0.64559,1.50,1.00
2016.01.28 07:38:57.474,0.64547,0.64557,1.00,1.50
2016.01.28 07:38:58.003,0.64546,0.64557,1.00,1.50
2016.01.28 07:38:58.967,0.64546,0.64558,1.00,1.00
2016.01.28 07:38:59.273,0.64544,0.64556,1.50,1.00
2016.01.28 07:38:59.586,0.64543,0.64551,1.00,1.00
2016.01.28 07:38:59.637,0.64541,0.64551,1.50,1.00
2016.01.28 07:38:59.840,0.64543,0.64552,1.00,1.00
2016.01.28 07:38:59.942,0.64539,0.64551,2.25,1.00
2016.01.28 07:39:00.489,0.6454,0.6455,1.50,1.10
2016.01.28 07:39:00.743,0.64541,0.64553,1.50,1.87
2016.01.28 07:39:00.946,0.64543,0.64554,1.00,2.02
2016.01.28 07:39:01.571,0.64541,0.64552,1.50,1.00
2016.01.28 07:39:02.079,0.64541,0.64553,1.50,1.12
2016.01.28 07:39:05.976,0.64541,0.64554,1.50,1.12
2016.01.28 07:39:06.627,0.64542,0.64554,1.00,1.12
2016.01.28 07:39:08.110,0.64543,0.64554,1.00,1.12
2016.01.28 07:39:10.617,0.64542,0.64554,1.00,1.12
2016.01.28 07:39:13.890,0.64545,0.64555,1.00,2.32
2016.01.28 07:39:14.143,0.64549,0.64562,1.00,3.75
2016.01.28 07:39:14.297,0.6455,0.64562,1.00,2.25
2016.01.28 07:39:14.591,0.64552,0.64562,1.00,2.25
2016.01.28 07:39:14.744,0.6455,0.64562,1.00,1.00
2016.01.28 07:39:15.251,0.6455,0.64563,1.00,3.37
2016.01.28 07:39:16.039,0.6455,0.64562,1.00,1.00
2016.01.28 07:39:16.545,0.6455,0.64563,1.00,4.57
2016.01.28 07:39:18.797,0.64552,0.64564,1.00,6.00
2016.01.28 07:39:19.102,0.64561,0.64568,1.00,1.57
2016.01.28 07:39:19.428,0.64568,0.64578,1.00,3.37
2016.01.28 07:39:19.479,0.64568,0.64578,1.00,1.87
2016.01.28 07:39:19.530,0.64573,0.64577,1.00,1.50
2016.01.28 07:39:19.632,0.64574,0.64581,1.00,1.50
2016.01.28 07:39:19.683,0.64571,0.64581,1.00,1.50
2016.01.28 07:39:19.887,0.64569,0.64582,1.00,1.00
2016.01.28 07:39:20.232,0.64572,0.64583,1.00,2.62
2016.01.28 07:39:20.335,0.64568,0.64581,1.87,1.00
2016.01.28 07:39:20.437,0.64568,0.64579,1.00,1.00
2016.01.28 07:39:20.743,0.6456,0.64572,1.00,1.00
2016.01.28 07:39:20.794,0.64562,0.64574,1.00,1.95
2016.01.28 07:39:22.099,0.64561,0.64574,1.00,1.50
2016.01.28 07:39:23.107,0.6456,0.64574,1.00,1.37
2016.01.28 07:39:23.598,0.6456,0.64571,1.00,1.00
2016.01.28 07:39:23.904,0.64558,0.64571,1.00,1.50
2016.01.28 07:39:24.392,0.64558,0.64571,1.00,1.20
2016.01.28 07:39:24.964,0.64558,0.64569,1.00,1.00
2016.01.28 07:39:25.066,0.64555,0.64567,2.25,1.00
2016.01.28 07:39:25.117,0.64555,0.64565,1.87,1.00
2016.01.28 07:39:25.679,0.64556,0.64567,1.00,1.00
2016.01.28 07:39:29.139,0.64554,0.64568,1.00,1.87
2016.01.28 07:39:29.839,0.64555,0.64568,1.00,1.12
2016.01.28 07:39:30.042,0.64557,0.64568,1.00,1.20
2016.01.28 07:39:30.323,0.64558,0.6457,1.00,1.57
2016.01.28 07:39:30.628,0.64556,0.6457,1.00,2.62
2016.01.28 07:39:31.138,0.64556,0.64569,1.00,1.10
2016.01.28 07:39:31.639,0.64555,0.64569,1.50,1.10
2016.01.28 07:39:32.815,0.64557,0.6457,1.00,3.45
2016.01.28 07:39:33.369,0.64556,0.6457,1.00,2.70
2016.01.28 07:39:34.075,0.64558,0.64571,1.00,3.75
2016.01.28 07:39:34.603,0.64557,0.64571,1.00,3.75
2016.01.28 07:39:37.112,0.64561,0.6457,1.00,1.95
2016.01.28 07:39:37.164,0.64559,0.6457,1.00,1.50
2016.01.28 07:39:37.266,0.6456,0.64573,1.00,2.32
2016.01.28 07:39:37.806,0.64561,0.64573,1.00,1.00
2016.01.28 07:39:38.061,0.64562,0.64575,1.00,2.25
2016.01.28 07:39:38.365,0.64567,0.64575,1.00,2.25
2016.01.28 07:39:38.727,0.6457,0.64579,1.00,1.12
2016.01.28 07:39:38.778,0.64571,0.64585,1.00,3.07
2016.01.28 07:39:40.379,0.6457,0.64582,1.00,1.00
2016.01.28 07:39:40.532,0.64566,0.64579,1.50,1.00
2016.01.28 07:39:40.685,0.64568,0.64579,1.00,2.62
2016.01.28 07:39:41.018,0.6457,0.64582,1.00,1.87
2016.01.28 07:39:41.223,0.64569,0.64584,1.00,2.32
2016.01.28 07:39:41.736,0.64569,0.64582,1.00,1.50
2016.01.28 07:39:41.838,0.64566,0.64581,2.25,1.00
2016.01.28 07:39:42.176,0.64568,0.64582,1.00,2.62
2016.01.28 07:39:42.328,0.64568,0.64582,1.00,1.57
2016.01.28 07:39:42.589,0.6457,0.64582,1.00,1.57
2016.01.28 07:39:43.361,0.6457,0.64583,1.00,3.07
2016.01.28 07:39:44.047,0.64569,0.64581,1.00,1.00
2016.01.28 07:39:44.597,0.64569,0.64582,1.00,2.62
2016.01.28 07:39:45.735,0.64567,0.64581,1.50,1.50
2016.01.28 07:39:46.250,0.64566,0.64581,1.12,2.62
2016.01.28 07:39:47.153,0.64566,0.6458,1.00,2.25
2016.01.28 07:39:47.696,0.64564,0.64579,3.00,1.12
2016.01.28 07:39:47.798,0.64564,0.64577,1.50,1.87
2016.01.28 07:39:48.267,0.64564,0.64575,1.00,1.00
2016.01.28 07:39:48.369,0.64561,0.64575,1.50,1.00
2016.01.28 07:39:48.473,0.64564,0.64575,1.00,1.00
2016.01.28 07:39:48.832,0.64565,0.64579,1.00,1.20
2016.01.28 07:39:49.507,0.64563,0.64575,1.00,2.25
2016.01.28 07:39:49.559,0.64561,0.64575,1.00,3.00
2016.01.28 07:39:50.003,0.64563,0.64575,1.50,2.32
2016.01.28 07:39:50.316,0.64565,0.64575,1.50,1.57
2016.01.28 07:39:50.824,0.64565,0.64574,1.50,1.50
2016.01.28 07:39:51.358,0.64565,0.64575,1.50,1.20
2016.01.28 07:39:52.411,0.64568,0.64577,1.50,2.25
2016.01.28 07:39:52.564,0.64568,0.64577,1.50,1.00
2016.01.28 07:39:52.978,0.6457,0.64579,1.50,1.47
2016.01.28 07:39:53.286,0.64573,0.6458,1.50,1.10
2016.01.28 07:39:53.818,0.64573,0.64579,1.50,1.00
2016.01.28 07:39:53.869,0.6457,0.64579,1.50,1.00
2016.01.28 07:39:54.856,0.64569,0.64578,1.50,2.62
2016.01.28 07:39:55.439,0.64569,0.64575,1.50,1.00
2016.01.28 07:39:55.865,0.64568,0.64573,1.50,1.00
2016.01.28 07:39:55.917,0.64566,0.64574,1.50,1.00
2016.01.28 07:39:56.424,0.64566,0.64575,1.50,1.10
2016.01.28 07:39:56.527,0.64566,0.64573,1.50,1.00
2016.01.28 07:39:56.927,0.64564,0.64573,1.50,1.12
2016.01.28 07:39:58.606,0.64564,0.64571,1.50,1.00
2016.01.28 07:39:58.809,0.64562,0.64571,1.50,1.12
2016.01.28 07:39:58.962,0.64562,0.64569,1.50,1.00
2016.01.28 07:39:59.013,0.64562,0.64571,1.50,1.87
2016.01.28 07:39:59.231,0.64562,0.64571,1.50,1.57
2016.01.28 07:39:59.890,0.64561,0.6457,1.50,1.12
2016.01.28 07:40:00.910,0.64561,0.64569,1.50,1.50
2016.01.28 07:40:01.645,0.64561,0.64571,1.50,1.50
2016.01.28 07:40:02.104,0.64564,0.64572,1.50,1.95
2016.01.28 07:40:03.130,0.64564,0.64572,1.50,1.95
2016.01.28 07:40:03.745,0.64564,0.64571,1.50,1.00
2016.01.28 07:40:04.672,0.64564,0.6457,1.50,1.00
2016.01.28 07:40:05.205,0.64563,0.6457,1.50,1.10
2016.01.28 07:40:05.712,0.64563,0.64572,1.50,1.20
2016.01.28 07:40:06.166,0.64565,0.64572,1.50,1.10
2016.01.28 07:40:06.674,0.64565,0.64573,1.50,1.10
2016.01.28 07:40:07.151,0.64568,0.64576,1.50,1.87
2016.01.28 07:40:07.202,0.64568,0.64576,1.50,1.00
2016.01.28 07:40:07.407,0.6457,0.64581,2.25,2.62
2016.01.28 07:40:07.611,0.64574,0.64583,1.50,1.20
2016.01.28 07:40:09.151,0.64574,0.64584,1.50,1.10
2016.01.28 07:40:10.364,0.64574,0.64583,1.50,1.00
2016.01.28 07:40:10.466,0.64572,0.64583,1.50,1.50
2016.01.28 07:40:10.517,0.64572,0.64581,1.50,1.00
2016.01.28 07:40:10.568,0.6457,0.64581,1.50,1.00
2016.01.28 07:40:11.110,0.64568,0.64579,1.50,1.00
2016.01.28 07:40:11.545,0.64568,0.64581,1.50,1.87
2016.01.28 07:40:12.059,0.64567,0.6458,2.25,1.00
2016.01.28 07:40:13.092,0.64568,0.6458,1.50,1.00
2016.01.28 07:40:14.946,0.64568,0.64581,1.50,1.50
2016.01.28 07:40:16.300,0.64567,0.64581,2.25,1.50
2016.01.28 07:40:16.839,0.64569,0.64582,1.00,1.27
2016.01.28 07:40:17.042,0.6457,0.64584,2.25,1.20
2016.01.28 07:40:18.532,0.64571,0.64583,1.50,1.00
2016.01.28 07:40:19.245,0.64571,0.64584,1.50,1.87
2016.01.28 07:40:22.360,0.64573,0.64584,1.50,1.50
2016.01.28 07:40:23.411,0.64573,0.64583,1.50,1.00
2016.01.28 07:40:25.823,0.6457,0.64583,1.50,1.50
2016.01.28 07:40:26.036,0.6457,0.6458,1.50,1.00
2016.01.28 07:40:26.087,0.64568,0.6458,3.37,1.00
2016.01.28 07:40:26.239,0.64568,0.64575,1.87,1.00
2016.01.28 07:40:26.749,0.64564,0.64576,3.37,1.00
2016.01.28 07:40:28.303,0.64562,0.64574,3.00,1.00
2016.01.28 07:40:28.657,0.6456,0.64572,2.62,1.00
2016.01.28 07:40:29.064,0.6456,0.64572,1.87,1.00
2016.01.28 07:40:29.166,0.6456,0.64572,1.50,1.00
2016.01.28 07:40:29.761,0.64559,0.64572,2.62,1.00
2016.01.28 07:40:32.202,0.64559,0.64574,2.62,1.57
2016.01.28 07:40:32.304,0.64559,0.64574,3.75,1.50
2016.01.28 07:40:34.286,0.6456,0.64573,2.25,1.00
2016.01.28 07:40:35.334,0.6456,0.64573,1.50,1.00
2016.01.28 07:40:36.635,0.6456,0.64574,1.87,1.50
2016.01.28 07:40:36.974,0.64562,0.64574,1.50,1.50
2016.01.28 07:40:37.430,0.64562,0.64575,3.00,1.00
2016.01.28 07:40:37.814,0.64564,0.64577,1.87,1.50
2016.01.28 07:40:39.454,0.64565,0.64577,1.50,1.00
2016.01.28 07:40:40.170,0.64565,0.64578,1.50,1.10
2016.01.28 07:40:40.655,0.64567,0.64578,1.50,1.10
2016.01.28 07:40:44.240,0.64569,0.64581,1.50,1.00
2016.01.28 07:40:46.074,0.64569,0.64582,1.50,1.50
2016.01.28 07:40:46.227,0.64569,0.6458,1.50,1.50
2016.01.28 07:40:46.481,0.64566,0.64579,1.50,1.37
2016.01.28 07:40:47.331,0.64566,0.64579,1.50,1.10
2016.01.28 07:40:47.839,0.64565,0.6458,2.25,2.70
2016.01.28 07:40:51.532,0.64565,0.64579,3.00,1.10
2016.01.28 07:40:51.619,0.64567,0.64579,1.50,1.10
2016.01.28 07:40:52.133,0.64569,0.64581,1.00,1.27
2016.01.28 07:40:52.287,0.64569,0.64582,1.00,1.12
2016.01.28 07:40:53.610,0.64569,0.64583,2.25,1.00
2016.01.28 07:40:53.966,0.64573,0.64584,1.50,1.00
2016.01.28 07:40:54.510,0.64573,0.64585,1.50,1.00
2016.01.28 07:40:56.035,0.64573,0.64584,1.50,1.00
2016.01.28 07:40:56.358,0.64574,0.64586,1.00,1.50
2016.01.28 07:40:56.866,0.64574,0.64587,1.00,1.00
2016.01.28 07:41:00.374,0.64574,0.64585,1.00,1.00
2016.01.28 07:41:00.974,0.64573,0.64585,2.25,1.00
2016.01.28 07:41:01.644,0.64572,0.64585,1.50,1.00
2016.01.28 07:41:02.444,0.64573,0.64585,1.00,1.00
2016.01.28 07:41:02.597,0.64574,0.64587,1.87,1.00
2016.01.28 07:41:02.699,0.64575,0.6459,2.25,2.17
2016.01.28 07:41:02.852,0.64578,0.64593,2.62,1.57
2016.01.28 07:41:03.289,0.64581,0.64594,1.00,1.00
2016.01.28 07:41:03.596,0.6458,0.64592,1.50,1.10
2016.01.28 07:41:03.648,0.64578,0.64592,2.62,1.10
2016.01.28 07:41:03.749,0.64578,0.6459,2.25,1.00
2016.01.28 07:41:04.054,0.64581,0.64592,1.50,1.20
2016.01.28 07:41:04.344,0.64578,0.64589,1.87,1.00
2016.01.28 07:41:04.598,0.64577,0.64587,1.50,1.00
2016.01.28 07:41:04.700,0.64575,0.64588,1.50,1.20
2016.01.28 07:41:05.485,0.64575,0.64587,1.00,1.10
2016.01.28 07:41:06.058,0.64574,0.64587,1.12,1.20
2016.01.28 07:41:07.019,0.64574,0.64585,1.12,1.00
2016.01.28 07:41:07.530,0.64573,0.64585,1.87,1.10
2016.01.28 07:41:08.067,0.64573,0.64585,1.87,1.50
2016.01.28 07:41:08.816,0.64572,0.64585,1.12,1.50
2016.01.28 07:41:09.168,0.64574,0.64585,1.12,1.20
2016.01.28 07:41:09.422,0.64575,0.64587,1.00,1.10
2016.01.28 07:41:09.949,0.64574,0.64587,1.87,1.10
2016.01.28 07:41:10.819,0.64574,0.64585,1.50,1.00
2016.01.28 07:41:11.326,0.64573,0.64585,1.50,2.62
2016.01.28 07:41:11.840,0.64573,0.64583,1.50,1.00
2016.01.28 07:41:11.995,0.64571,0.64583,1.87,1.00
2016.01.28 07:41:13.583,0.64571,0.64582,1.00,1.00
2016.01.28 07:41:13.736,0.64569,0.6458,1.00,1.00
2016.01.28 07:41:14.143,0.64568,0.64576,1.00,2.62
2016.01.28 07:41:14.195,0.64561,0.64573,3.00,1.10
2016.01.28 07:41:14.246,0.64561,0.64573,1.12,1.10
2016.01.28 07:41:14.500,0.64559,0.64573,1.12,1.10
2016.01.28 07:41:16.849,0.64559,0.64571,1.87,1.00
2016.01.28 07:41:17.357,0.64559,0.6457,1.12,1.00
2016.01.28 07:41:17.712,0.64557,0.64567,1.87,1.00
2016.01.28 07:41:18.025,0.64553,0.64564,1.87,1.00
2016.01.28 07:41:18.548,0.64554,0.64564,1.00,1.00
2016.01.28 07:41:21.757,0.64554,0.64567,1.87,1.00
2016.01.28 07:41:25.359,0.64554,0.64569,3.00,1.65
2016.01.28 07:41:25.410,0.64556,0.64569,1.00,1.10
2016.01.28 07:41:25.765,0.64558,0.64571,1.00,1.00
2016.01.28 07:41:28.073,0.64558,0.64572,1.50,2.32
2016.01.28 07:41:33.268,0.64558,0.64571,1.00,1.00
2016.01.28 07:41:35.600,0.64557,0.64571,1.00,1.00
2016.01.28 07:41:37.830,0.64558,0.64572,1.00,2.62
2016.01.28 07:41:38.394,0.64558,0.64572,1.00,2.62
2016.01.28 07:41:40.240,0.64556,0.64572,3.37,2.62
2016.01.28 07:41:41.691,0.64558,0.64572,1.00,3.00
2016.01.28 07:41:44.981,0.64559,0.64572,1.00,2.62
2016.01.28 07:41:45.340,0.64558,0.6457,1.00,1.00
2016.01.28 07:41:45.791,0.64556,0.6457,3.37,1.10
2016.01.28 07:41:46.410,0.64556,0.6457,3.00,1.47
2016.01.28 07:41:47.833,0.64555,0.64568,1.00,1.87
2016.01.28 07:41:47.935,0.64556,0.6457,1.00,3.37
2016.01.28 07:41:48.443,0.64557,0.6457,1.00,1.50
2016.01.28 07:41:49.307,0.64557,0.64571,1.50,3.45
2016.01.28 07:41:50.834,0.64557,0.6457,1.50,1.12
2016.01.28 07:41:51.343,0.64556,0.6457,1.00,1.65
2016.01.28 07:41:54.143,0.64557,0.64569,1.00,1.00
2016.01.28 07:41:54.397,0.64554,0.64568,1.50,2.25
2016.01.28 07:41:54.752,0.64554,0.64566,1.00,1.12
2016.01.28 07:41:55.098,0.64552,0.64564,1.00,1.57
2016.01.28 07:41:55.149,0.6455,0.64564,1.50,1.57
2016.01.28 07:41:55.556,0.64549,0.64562,3.75,1.00
2016.01.28 07:41:58.154,0.64549,0.6456,3.00,1.00
2016.01.28 07:42:01.052,0.64551,0.6456,1.00,1.00
2016.01.28 07:42:01.677,0.64551,0.64562,1.50,1.00
2016.01.28 07:42:02.911,0.64551,0.64561,1.00,1.00
2016.01.28 07:42:03.289,0.64549,0.64561,2.25,1.00
2016.01.28 07:42:04.249,0.64548,0.64561,2.25,1.00
2016.01.28 07:42:05.039,0.64549,0.64561,3.00,1.00
2016.01.28 07:42:08.874,0.64552,0.64561,2.25,1.00
2016.01.28 07:42:08.925,0.64552,0.64564,2.62,1.00
2016.01.28 07:42:19.706,0.64552,0.64566,2.25,1.00
2016.01.28 07:42:19.757,0.64556,0.64567,2.25,1.87
2016.01.28 07:42:20.086,0.64558,0.64569,1.50,1.00
2016.01.28 07:42:21.351,0.64557,0.64569,3.00,1.00
2016.01.28 07:42:24.291,0.64557,0.6457,3.75,1.00
2016.01.28 07:42:25.073,0.64557,0.64571,3.75,2.25
2016.01.28 07:42:27.019,0.64557,0.64569,3.75,1.00
2016.01.28 07:42:29.792,0.64558,0.64571,1.00,2.62
2016.01.28 07:42:31.738,0.64558,0.6457,1.12,1.00
2016.01.28 07:42:32.430,0.64556,0.6457,3.00,1.50
2016.01.28 07:42:32.532,0.64555,0.64568,1.37,1.00
2016.01.28 07:42:33.144,0.64554,0.64567,2.62,1.00
2016.01.28 07:42:34.921,0.64554,0.64565,1.87,1.00
2016.01.28 07:42:35.124,0.64551,0.64564,1.50,1.00
2016.01.28 07:42:35.616,0.64551,0.64562,1.00,1.00
2016.01.28 07:42:36.123,0.6455,0.64562,1.12,1.00
2016.01.28 07:42:36.904,0.64551,0.64562,1.50,1.00
2016.01.28 07:42:36.956,0.64553,0.64566,3.00,1.00
2016.01.28 07:42:37.463,0.64553,0.64566,3.37,1.00
2016.01.28 07:42:38.969,0.64553,0.64566,3.37,1.00
2016.01.28 07:42:39.565,0.64554,0.64566,1.87,1.00
2016.01.28 07:42:45.383,0.64554,0.64568,1.12,1.50
2016.01.28 07:42:45.536,0.64555,0.64568,1.37,1.00
2016.01.28 07:42:46.034,0.64554,0.64568,2.62,1.00
2016.01.28 07:42:47.307,0.64552,0.6456,1.00,1.00
2016.01.28 07:42:47.409,0.64548,0.64559,1.37,1.00
2016.01.28 07:42:51.444,0.64545,0.64557,1.87,1.00
2016.01.28 07:42:51.496,0.64545,0.64556,1.50,1.00
2016.01.28 07:42:51.547,0.64545,0.64553,1.50,1.00
2016.01.28 07:42:51.649,0.64541,0.64553,2.32,1.00
2016.01.28 07:42:51.751,0.64541,0.64549,1.50,1.00
2016.01.28 07:42:51.853,0.64538,0.64547,1.00,1.00
2016.01.28 07:42:51.904,0.64536,0.64547,1.50,1.00
2016.01.28 07:42:51.955,0.64536,0.64545,1.50,1.00
2016.01.28 07:42:52.108,0.64535,0.64548,2.25,1.00
2016.01.28 07:42:52.395,0.64536,0.6455,1.87,1.00
2016.01.28 07:42:52.449,0.6454,0.64548,1.00,1.00
2016.01.28 07:42:52.501,0.6454,0.6455,1.00,1.00
2016.01.28 07:42:52.552,0.64538,0.64548,1.00,1.00
2016.01.28 07:42:52.604,0.64538,0.6455,1.00,1.00
2016.01.28 07:42:52.756,0.64538,0.64552,1.50,1.00
2016.01.28 07:42:52.909,0.6454,0.64552,1.00,1.00
2016.01.28 07:42:53.114,0.64541,0.64554,1.00,1.50
2016.01.28 07:42:53.734,0.64541,0.64552,1.50,1.00
2016.01.28 07:42:54.254,0.64541,0.64553,2.25,1.00
2016.01.28 07:42:56.727,0.6454,0.64553,1.50,1.00
2016.01.28 07:42:58.920,0.6454,0.64551,2.25,1.00
2016.01.28 07:42:59.472,0.64537,0.6455,1.50,1.00
2016.01.28 07:42:59.531,0.64536,0.64549,3.00,1.00
2016.01.28 07:43:00.044,0.64537,0.64549,1.00,1.00
2016.01.28 07:43:00.272,0.64538,0.64551,1.50,1.00
2016.01.28 07:43:00.817,0.6454,0.64552,1.00,1.00
2016.01.28 07:43:01.324,0.64539,0.64551,3.37,1.00
2016.01.28 07:43:01.477,0.64537,0.6455,3.00,1.00
2016.01.28 07:43:02.433,0.64538,0.64551,1.00,1.00
2016.01.28 07:43:03.060,0.64538,0.6455,1.00,1.00
2016.01.28 07:43:03.589,0.64538,0.64551,1.87,1.00
2016.01.28 07:43:04.187,0.64538,0.6455,1.87,1.00
2016.01.28 07:43:05.465,0.64537,0.6455,2.25,1.00
2016.01.28 07:43:07.145,0.64542,0.64552,1.00,2.32
2016.01.28 07:43:07.248,0.6454,0.64552,2.62,2.32
2016.01.28 07:43:07.402,0.64539,0.64551,1.87,1.00
2016.01.28 07:43:08.224,0.64539,0.64552,1.87,1.00
2016.01.28 07:43:08.732,0.64541,0.6455,1.12,1.00
2016.01.28 07:43:08.835,0.64538,0.6455,1.87,1.00
2016.01.28 07:43:11.369,0.64539,0.6455,2.25,1.00
2016.01.28 07:43:11.962,0.64539,0.64551,2.25,1.00
2016.01.28 07:43:12.371,0.64541,0.64553,1.00,1.57
2016.01.28 07:43:12.878,0.64541,0.64552,1.50,1.00
2016.01.28 07:43:13.415,0.6454,0.64553,1.00,1.00
2016.01.28 07:43:15.699,0.64542,0.64555,1.00,2.25
2016.01.28 07:43:16.034,0.64546,0.64558,1.00,1.00
2016.01.28 07:43:16.850,0.64546,0.64558,3.00,1.00
2016.01.28 07:43:17.549,0.64546,0.64558,2.62,1.00
2016.01.28 07:43:18.816,0.64546,0.64558,3.37,1.00
2016.01.28 07:43:20.607,0.64548,0.64561,2.25,1.00
2016.01.28 07:43:21.055,0.6455,0.64561,1.00,1.00
2016.01.28 07:43:30.457,0.6455,0.64561,1.50,1.00
2016.01.28 07:43:32.384,0.6455,0.64562,1.50,1.00
2016.01.28 07:43:32.869,0.64546,0.6456,2.62,1.00
2016.01.28 07:43:34.641,0.64547,0.64561,1.87,2.70
2016.01.28 07:43:38.838,0.64549,0.6456,1.50,1.00
2016.01.28 07:43:39.245,0.64552,0.64563,1.87,2.25
2016.01.28 07:43:39.398,0.64555,0.64566,1.87,1.50
2016.01.28 07:43:39.939,0.64555,0.64566,1.12,1.00
2016.01.28 07:43:40.193,0.64554,0.64563,1.37,1.00
2016.01.28 07:43:40.346,0.64551,0.64562,4.87,1.00
2016.01.28 07:43:40.448,0.64551,0.64562,3.00,1.00
2016.01.28 07:43:40.823,0.64551,0.64564,1.00,2.25
2016.01.28 07:43:41.027,0.64551,0.64562,3.37,1.00
2016.01.28 07:43:41.230,0.6455,0.64563,1.12,1.00
2016.01.28 07:43:41.781,0.64549,0.64563,3.00,1.50
2016.01.28 07:43:42.396,0.6455,0.64563,1.00,1.00
2016.01.28 07:43:42.599,0.64552,0.64564,1.00,1.00
2016.01.28 07:43:42.903,0.64552,0.64565,4.12,1.00
2016.01.28 07:43:43.275,0.64552,0.64565,3.75,1.00
2016.01.28 07:43:43.782,0.64552,0.64565,3.00,1.00
2016.01.28 07:43:44.508,0.64554,0.64566,1.00,1.00
2016.01.28 07:43:45.016,0.64554,0.64565,1.00,1.00
2016.01.28 07:43:46.109,0.64554,0.64566,1.00,2.25
2016.01.28 07:43:46.614,0.64553,0.64566,1.50,2.25
2016.01.28 07:43:47.109,0.64553,0.64564,1.50,1.50
2016.01.28 07:43:50.200,0.64553,0.64562,1.00,1.50
2016.01.28 07:43:50.303,0.64551,0.64562,1.00,2.25
2016.01.28 07:43:50.967,0.6455,0.64562,1.12,1.50
2016.01.28 07:43:51.068,0.64549,0.6456,2.62,1.50
2016.01.28 07:43:51.322,0.64548,0.6456,1.50,1.50
2016.01.28 07:43:51.830,0.64549,0.6456,1.00,1.50
2016.01.28 07:43:52.355,0.64549,0.64559,1.00,1.50
2016.01.28 07:43:57.088,0.6455,0.64559,1.00,1.50
2016.01.28 07:43:57.695,0.64549,0.64559,1.50,1.50
2016.01.28 07:43:57.898,0.64547,0.64561,2.62,1.00
2016.01.28 07:43:58.153,0.64549,0.64561,1.00,1.00
2016.01.28 07:44:01.896,0.64549,0.6456,1.00,1.00
2016.01.28 07:44:02.562,0.64549,0.64561,1.00,2.25
2016.01.28 07:44:03.113,0.64549,0.6456,1.00,1.00
2016.01.28 07:44:03.388,0.64547,0.6456,1.00,1.00
2016.01.28 07:44:03.986,0.64547,0.64559,1.00,2.25
2016.01.28 07:44:04.639,0.64547,0.64557,1.00,1.50
2016.01.28 07:44:04.693,0.64544,0.64557,1.50,1.50
2016.01.28 07:44:05.890,0.64541,0.64554,1.37,1.00
2016.01.28 07:44:06.404,0.64539,0.64553,2.62,1.87
2016.01.28 07:44:07.625,0.64539,0.64552,1.00,1.00
2016.01.28 07:44:08.264,0.64537,0.64552,3.00,2.25
2016.01.28 07:44:08.324,0.64537,0.64549,1.00,1.50
2016.01.28 07:44:08.477,0.64535,0.64548,1.50,1.50
2016.01.28 07:44:08.986,0.64536,0.6455,1.00,1.87
2016.01.28 07:44:09.225,0.64538,0.64552,2.62,1.00
2016.01.28 07:44:09.734,0.64538,0.64552,1.50,1.50
2016.01.28 07:44:10.316,0.64539,0.64553,1.00,1.50
2016.01.28 07:44:10.626,0.64541,0.64555,1.87,1.00
2016.01.28 07:44:11.449,0.64541,0.64553,1.12,1.50
2016.01.28 07:44:12.854,0.64539,0.64553,2.25,2.25
2016.01.28 07:44:13.360,0.64539,0.64552,1.00,1.00
2016.01.28 07:44:13.664,0.64539,0.64549,1.00,1.50
2016.01.28 07:44:13.720,0.64535,0.64549,2.25,1.50
2016.01.28 07:44:13.822,0.64535,0.64549,1.12,1.50
2016.01.28 07:44:13.873,0.64535,0.64546,1.00,1.50
2016.01.28 07:44:14.279,0.64533,0.64545,2.25,1.50
2016.01.28 07:44:14.431,0.64533,0.64547,3.37,1.50
2016.01.28 07:44:14.970,0.64535,0.64547,1.00,1.57
2016.01.28 07:44:15.522,0.64535,0.64546,1.00,1.50
2016.01.28 07:44:18.384,0.64535,0.64548,1.00,2.25
2016.01.28 07:44:18.628,0.64535,0.64548,1.95,1.50
2016.01.28 07:44:19.054,0.64535,0.64546,1.10,2.25
2016.01.28 07:44:19.157,0.64531,0.64545,1.00,1.00
2016.01.28 07:44:19.360,0.64533,0.64544,1.00,1.50
2016.01.28 07:44:19.588,0.64531,0.64545,1.00,1.87
2016.01.28 07:44:20.123,0.64532,0.64545,1.00,1.87
2016.01.28 07:44:20.544,0.64531,0.64542,1.00,1.00
2016.01.28 07:44:21.091,0.6453,0.64541,1.00,1.00
2016.01.28 07:44:21.605,0.64528,0.64541,2.70,1.00
2016.01.28 07:44:22.310,0.6453,0.64541,1.00,1.00
2016.01.28 07:44:22.462,0.6453,0.64544,1.50,1.50
2016.01.28 07:44:22.666,0.64532,0.64544,1.00,1.00
2016.01.28 07:44:23.306,0.64532,0.64544,1.07,1.00
2016.01.28 07:44:23.410,0.6453,0.64544,1.45,1.00
2016.01.28 07:44:25.954,0.64532,0.64545,1.00,1.00
2016.01.28 07:44:26.457,0.64532,0.64546,2.70,1.00
2016.01.28 07:44:28.351,0.64531,0.64543,3.82,1.00
2016.01.28 07:44:28.503,0.6453,0.64543,3.15,1.00
2016.01.28 07:44:29.192,0.6453,0.64543,2.25,1.00
2016.01.28 07:44:29.721,0.6453,0.64544,2.62,1.00
2016.01.28 07:44:30.433,0.64528,0.64542,1.87,1.00
2016.01.28 07:44:30.484,0.64528,0.64543,1.50,1.87
2016.01.28 07:44:30.536,0.64528,0.64541,1.50,1.00
2016.01.28 07:44:31.044,0.64529,0.64541,1.00,1.50
2016.01.28 07:44:31.657,0.64528,0.64541,1.00,1.50
2016.01.28 07:44:32.322,0.6453,0.64541,1.00,1.50
2016.01.28 07:44:33.569,0.6453,0.64542,1.00,1.12
2016.01.28 07:44:36.563,0.6453,0.6454,1.00,1.00
2016.01.28 07:44:37.505,0.64529,0.6454,1.00,1.00
2016.01.28 07:44:37.809,0.64531,0.6454,1.00,1.00
2016.01.28 07:44:37.962,0.64528,0.6454,1.20,1.00
2016.01.28 07:44:38.492,0.6453,0.6454,1.00,1.00
2016.01.28 07:44:39.024,0.64529,0.64539,1.00,1.00
2016.01.28 07:44:39.075,0.64527,0.64539,1.10,1.00
2016.01.28 07:44:39.126,0.64527,0.64537,1.00,1.00
2016.01.28 07:44:39.178,0.64525,0.64537,1.00,1.00
2016.01.28 07:44:39.681,0.64526,0.64537,1.00,1.00
2016.01.28 07:44:39.936,0.64528,0.64537,1.00,1.00
2016.01.28 07:44:40.343,0.64528,0.64539,1.00,1.00
2016.01.28 07:44:40.881,0.64529,0.64539,1.00,1.00
2016.01.28 07:44:42.271,0.64529,0.64537,1.00,1.00
2016.01.28 07:44:42.372,0.64527,0.64537,1.12,1.00
2016.01.28 07:44:42.887,0.64527,0.64538,1.12,1.00
2016.01.28 07:44:50.398,0.64528,0.64538,1.00,1.00
2016.01.28 07:44:51.170,0.64529,0.64538,1.50,1.00
2016.01.28 07:44:56.743,0.64528,0.64538,1.00,1.00
2016.01.28 07:44:57.258,0.64528,0.64539,1.50,1.00
2016.01.28 07:44:58.002,0.64528,0.6454,1.00,1.00
2016.01.28 07:44:58.104,0.6453,0.64541,1.00,1.00
2016.01.28 07:44:58.214,0.64529,0.64543,1.50,1.87
2016.01.28 07:44:58.265,0.64531,0.64543,1.00,1.12
2016.01.28 07:44:58.605,0.64535,0.64545,1.00,1.00
2016.01.28 07:44:58.657,0.64536,0.64547,1.00,1.50
2016.01.28 07:44:58.758,0.64536,0.64549,1.00,1.00
2016.01.28 07:44:59.115,0.64538,0.6455,1.00,1.00
2016.01.28 07:44:59.620,0.64539,0.6455,1.00,1.00
2016.01.28 07:45:00.026,0.64536,0.64548,2.32,1.00
2016.01.28 07:45:00.179,0.64534,0.64548,1.95,1.50
2016.01.28 07:45:01.292,0.64534,0.64547,1.00,1.50
2016.01.28 07:45:03.274,0.64535,0.64547,1.50,2.25
2016.01.28 07:45:03.376,0.64536,0.64549,1.12,3.00
2016.01.28 07:45:03.428,0.64538,0.64549,1.00,2.25
2016.01.28 07:45:03.479,0.64538,0.64551,1.87,1.00
2016.01.28 07:45:03.969,0.64541,0.64553,1.00,3.00
2016.01.28 07:45:04.172,0.64539,0.64553,2.25,3.00
2016.01.28 07:45:05.131,0.64539,0.64552,1.00,1.00
2016.01.28 07:45:05.799,0.64539,0.64551,1.00,1.50
2016.01.28 07:45:06.433,0.64541,0.64551,1.00,1.50
2016.01.28 07:45:06.535,0.6454,0.64553,1.00,1.50
2016.01.28 07:45:06.892,0.64542,0.64553,1.00,1.00
2016.01.28 07:45:06.994,0.64543,0.64555,1.00,1.00
2016.01.28 07:45:07.547,0.64545,0.64556,1.00,1.50
2016.01.28 07:45:08.055,0.64544,0.64557,1.12,1.50
2016.01.28 07:45:08.474,0.64547,0.64557,1.00,2.25
2016.01.28 07:45:08.874,0.64547,0.64559,1.00,2.25
2016.01.28 07:45:09.382,0.64547,0.64559,1.50,2.25
2016.01.28 07:45:09.737,0.64549,0.64562,1.00,3.75
2016.01.28 07:45:11.237,0.64551,0.64562,2.62,1.00
2016.01.28 07:45:11.288,0.64554,0.64565,1.37,1.12
2016.01.28 07:45:11.340,0.64553,0.64565,2.25,1.50
2016.01.28 07:45:11.849,0.64554,0.64565,1.00,1.00
2016.01.28 07:45:12.442,0.64551,0.64565,1.00,1.50
2016.01.28 07:45:12.950,0.6455,0.64564,1.50,3.00
2016.01.28 07:45:13.306,0.64549,0.64562,1.65,1.00
2016.01.28 07:45:13.847,0.64548,0.64561,2.70,1.00
2016.01.28 07:45:16.237,0.64548,0.64562,4.20,1.50
2016.01.28 07:45:19.108,0.64549,0.64562,1.00,1.50
2016.01.28 07:45:20.637,0.64547,0.64562,3.07,1.50
2016.01.28 07:45:21.143,0.64548,0.64563,3.07,1.00
2016.01.28 07:45:21.651,0.64548,0.64564,4.57,2.25
2016.01.28 07:45:23.594,0.64548,0.64561,3.00,1.00
2016.01.28 07:45:24.103,0.64547,0.6456,1.57,1.00
2016.01.28 07:45:24.978,0.64546,0.6456,3.82,1.00
2016.01.28 07:45:25.029,0.64547,0.64562,1.57,2.25
2016.01.28 07:45:25.584,0.64547,0.64562,3.07,1.50
2016.01.28 07:45:27.028,0.64547,0.64561,2.32,1.00
2016.01.28 07:45:27.675,0.64548,0.64562,1.12,1.50
2016.01.28 07:45:28.229,0.64549,0.64562,1.50,1.50
2016.01.28 07:45:30.678,0.64547,0.6456,2.70,1.00
2016.01.28 07:45:31.257,0.64547,0.6456,2.62,1.00
2016.01.28 07:45:31.582,0.64547,0.64561,4.50,1.00
2016.01.28 07:45:32.300,0.64548,0.64563,3.15,1.00
2016.01.28 07:45:32.352,0.64548,0.64563,3.45,1.00
2016.01.28 07:45:32.655,0.64553,0.64563,1.50,1.00
2016.01.28 07:45:32.859,0.64557,0.6457,1.50,1.50
2016.01.28 07:45:33.393,0.64556,0.64571,2.32,2.25
2016.01.28 07:45:33.751,0.64558,0.64573,2.25,1.12
2016.01.28 07:45:33.863,0.64558,0.64573,2.62,1.12
2016.01.28 07:45:34.267,0.64557,0.64571,2.02,1.00
2016.01.28 07:45:34.775,0.64556,0.64571,3.00,1.12
2016.01.28 07:45:35.593,0.64556,0.64569,2.25,1.12
2016.01.28 07:45:36.980,0.64557,0.64571,1.57,1.00
2016.01.28 07:45:37.031,0.64558,0.64572,1.85,1.12
2016.01.28 07:45:37.474,0.64557,0.6457,1.95,1.50
2016.01.28 07:45:37.780,0.64557,0.64567,1.20,1.50
2016.01.28 07:45:38.145,0.64556,0.64566,1.87,1.50
2016.01.28 07:45:38.603,0.64554,0.64566,1.45,1.50
2016.01.28 07:45:39.276,0.64554,0.64564,2.70,1.50
2016.01.28 07:45:40.694,0.64555,0.64565,2.25,1.50
2016.01.28 07:45:41.225,0.64555,0.64565,3.00,1.50
2016.01.28 07:45:41.378,0.64555,0.64565,2.62,1.50
2016.01.28 07:45:43.425,0.64553,0.64563,2.32,1.50
2016.01.28 07:45:43.527,0.64552,0.64561,1.00,1.50
2016.01.28 07:45:44.026,0.64555,0.64561,1.00,1.50
2016.01.28 07:45:44.179,0.64553,0.64561,1.00,1.50
2016.01.28 07:45:44.725,0.64552,0.64561,1.00,1.50
2016.01.28 07:45:45.037,0.64552,0.64559,1.00,1.50
2016.01.28 07:45:45.497,0.64551,0.64562,1.00,1.50
2016.01.28 07:45:45.548,0.64553,0.64562,1.00,1.50
2016.01.28 07:45:45.856,0.64556,0.64565,1.00,1.50
2016.01.28 07:45:46.180,0.6456,0.64568,1.00,1.50
2016.01.28 07:45:46.334,0.64557,0.64568,2.32,1.50
2016.01.28 07:45:46.387,0.64557,0.64566,1.20,1.50
2016.01.28 07:45:48.348,0.64553,0.64566,2.32,2.25
2016.01.28 07:45:48.399,0.64553,0.64563,1.10,1.50
2016.01.28 07:45:48.728,0.64549,0.6456,1.00,1.50
2016.01.28 07:45:48.829,0.64549,0.64557,1.00,1.50
2016.01.28 07:45:49.343,0.64551,0.64557,1.00,1.50
2016.01.28 07:45:49.394,0.64551,0.6456,1.00,1.50
2016.01.28 07:45:49.942,0.64551,0.64561,1.00,1.50
2016.01.28 07:45:51.428,0.64549,0.6456,1.00,1.50
2016.01.28 07:45:52.753,0.64547,0.64558,1.00,1.00
2016.01.28 07:45:53.266,0.64546,0.64557,1.00,1.50
2016.01.28 07:45:53.369,0.64544,0.64557,1.50,1.50
2016.01.28 07:45:53.674,0.64544,0.64555,1.00,1.50
2016.01.28 07:45:53.999,0.64541,0.64553,1.00,1.50
2016.01.28 07:45:54.239,0.64543,0.64554,1.37,1.50
2016.01.28 07:45:54.573,0.64547,0.64556,1.00,1.50
2016.01.28 07:45:55.530,0.64547,0.64557,1.00,1.50
2016.01.28 07:45:59.885,0.64546,0.64557,1.12,1.87
2016.01.28 07:46:02.196,0.64545,0.64555,1.00,1.00
2016.01.28 07:46:02.400,0.64543,0.64554,1.00,1.12
2016.01.28 07:46:03.330,0.64545,0.64556,1.00,1.12
2016.01.28 07:46:03.636,0.64547,0.64558,1.00,1.12
2016.01.28 07:46:04.333,0.64545,0.64556,1.00,1.87
2016.01.28 07:46:04.587,0.64542,0.64554,1.00,1.12
2016.01.28 07:46:04.992,0.64541,0.64551,1.00,1.12
2016.01.28 07:46:06.624,0.64546,0.64556,1.00,1.50
2016.01.28 07:46:06.726,0.64546,0.64558,1.00,1.12
2016.01.28 07:46:06.930,0.64549,0.64558,1.00,1.12
2016.01.28 07:46:06.981,0.64549,0.6456,1.00,1.87
2016.01.28 07:46:07.693,0.64548,0.6456,1.00,1.87
2016.01.28 07:46:07.745,0.64548,0.64558,1.00,1.12
2016.01.28 07:46:08.105,0.64546,0.64558,1.12,1.12
2016.01.28 07:46:08.309,0.64546,0.64556,1.00,1.12
2016.01.28 07:46:08.978,0.64545,0.64556,1.00,1.12
2016.01.28 07:46:11.009,0.64546,0.64556,1.00,1.12
2016.01.28 07:46:11.313,0.64546,0.64558,1.00,1.87
2016.01.28 07:46:11.415,0.64548,0.64558,1.00,1.12
2016.01.28 07:46:11.963,0.64549,0.64559,1.00,1.87
2016.01.28 07:46:12.420,0.64548,0.64557,1.00,1.00
2016.01.28 07:46:12.522,0.64545,0.64557,1.12,1.00
2016.01.28 07:46:13.082,0.64542,0.64555,1.12,2.25
2016.01.28 07:46:13.545,0.64542,0.64553,1.00,1.00
2016.01.28 07:46:14.188,0.64542,0.64554,1.00,1.50
2016.01.28 07:46:14.714,0.64542,0.64554,1.00,2.62
2016.01.28 07:46:15.070,0.6454,0.64553,1.00,1.57
2016.01.28 07:46:15.585,0.6454,0.64553,1.00,1.95
2016.01.28 07:46:17.070,0.64539,0.64553,1.50,2.32
2016.01.28 07:46:17.121,0.64539,0.64552,1.50,2.25
2016.01.28 07:46:17.629,0.6454,0.64552,1.00,1.95
2016.01.28 07:46:19.304,0.6454,0.64553,1.00,3.00
2016.01.28 07:46:20.254,0.64541,0.64553,1.00,2.70
2016.01.28 07:46:23.240,0.64539,0.64553,1.00,3.07
2016.01.28 07:46:23.393,0.64539,0.6455,1.12,1.12
2016.01.28 07:46:25.474,0.64541,0.64552,1.00,1.10
2016.01.28 07:46:25.525,0.64541,0.64554,1.00,1.00
2016.01.28 07:46:26.050,0.64541,0.64553,1.00,1.12
2016.01.28 07:46:29.101,0.64541,0.64552,1.00,1.12
2016.01.28 07:46:32.393,0.64541,0.64553,1.00,1.20
2016.01.28 07:46:32.596,0.64539,0.64553,1.50,2.70
2016.01.28 07:46:32.647,0.64539,0.64551,1.00,1.20
2016.01.28 07:46:33.078,0.64541,0.6455,1.00,1.12
2016.01.28 07:46:33.686,0.64539,0.6455,1.00,1.12
2016.01.28 07:46:34.424,0.64539,0.64551,1.00,1.50
2016.01.28 07:46:35.290,0.64539,0.64552,1.00,1.50
2016.01.28 07:46:36.444,0.64539,0.64551,1.00,1.00
2016.01.28 07:46:36.953,0.64539,0.6455,1.00,1.00
2016.01.28 07:46:43.419,0.64539,0.64549,1.00,1.00
2016.01.28 07:46:43.940,0.6454,0.6455,1.00,1.12
2016.01.28 07:46:43.991,0.6454,0.64552,1.00,1.87
2016.01.28 07:46:44.194,0.6454,0.6455,1.00,1.50
2016.01.28 07:46:45.202,0.6454,0.64549,1.00,1.00
2016.01.28 07:46:45.625,0.64537,0.64547,1.00,1.50
2016.01.28 07:46:46.133,0.64537,0.64546,1.00,1.00
2016.01.28 07:46:46.649,0.64537,0.64547,1.00,1.50
2016.01.28 07:46:47.653,0.64537,0.64547,1.37,1.50
2016.01.28 07:46:47.705,0.6454,0.64548,1.00,1.00
2016.01.28 07:46:48.208,0.6454,0.64549,1.00,1.50
2016.01.28 07:46:53.893,0.64539,0.64549,1.00,1.50
2016.01.28 07:46:58.388,0.64539,0.6455,1.00,2.25
2016.01.28 07:46:58.951,0.64538,0.64549,1.00,1.00
2016.01.28 07:46:59.472,0.64539,0.6455,1.00,2.32
2016.01.28 07:47:00.019,0.64538,0.6455,1.00,1.87
2016.01.28 07:47:01.912,0.6454,0.6455,1.00,1.87
2016.01.28 07:47:02.444,0.6454,0.64548,1.00,2.25
2016.01.28 07:47:02.496,0.64537,0.64548,1.00,2.25
2016.01.28 07:47:03.005,0.6454,0.64548,1.00,1.50
2016.01.28 07:47:03.310,0.64542,0.6455,1.00,1.50
2016.01.28 07:47:03.854,0.64542,0.64551,1.00,1.50
2016.01.28 07:47:04.006,0.64542,0.64553,1.00,1.12
2016.01.28 07:47:05.023,0.64545,0.64553,1.00,1.12
2016.01.28 07:47:07.972,0.64545,0.64554,1.00,1.00
2016.01.28 07:47:08.835,0.64545,0.64555,1.00,1.00
2016.01.28 07:47:09.341,0.64546,0.64555,1.00,1.00
2016.01.28 07:47:09.872,0.64545,0.64555,1.00,1.00
2016.01.28 07:47:10.341,0.64553,0.64557,1.50,1.00
2016.01.28 07:47:10.393,0.64557,0.64565,1.00,1.12
2016.01.28 07:47:10.901,0.64557,0.64567,2.25,1.10
2016.01.28 07:47:11.206,0.6456,0.64568,1.00,1.87
2016.01.28 07:47:11.500,0.64562,0.64572,2.25,1.20
2016.01.28 07:47:12.008,0.64562,0.64573,2.25,1.10
2016.01.28 07:47:12.516,0.64563,0.64573,1.50,1.10
2016.01.28 07:47:14.219,0.64566,0.64574,1.42,1.00
2016.01.28 07:47:14.798,0.64566,0.64576,1.42,1.00
2016.01.28 07:47:15.131,0.64568,0.64577,1.42,1.00
2016.01.28 07:47:16.292,0.64568,0.64577,1.42,1.50
2016.01.28 07:47:16.805,0.64567,0.64575,1.42,1.12
2016.01.28 07:47:17.124,0.64565,0.64575,1.42,1.12
2016.01.28 07:47:17.967,0.64563,0.64575,2.17,1.12
2016.01.28 07:47:18.387,0.64563,0.64573,1.00,1.00
2016.01.28 07:47:18.540,0.64561,0.64573,1.00,1.00
2016.01.28 07:47:19.048,0.64561,0.64572,1.00,1.57
2016.01.28 07:47:19.513,0.6456,0.64571,1.00,1.07
2016.01.28 07:47:20.020,0.64559,0.6457,1.00,1.10
2016.01.28 07:47:20.071,0.64557,0.64569,1.00,2.25
2016.01.28 07:47:20.852,0.64559,0.64569,1.00,1.50
2016.01.28 07:47:21.362,0.64559,0.64571,1.00,2.32
2016.01.28 07:47:24.038,0.64559,0.64571,1.00,1.87
2016.01.28 07:47:24.540,0.64559,0.64571,1.00,2.32
2016.01.28 07:47:24.591,0.64557,0.64571,1.00,2.32
2016.01.28 07:47:28.438,0.64557,0.6457,1.00,1.95
2016.01.28 07:47:30.019,0.64558,0.64569,1.00,1.57
2016.01.28 07:47:30.121,0.6456,0.64571,1.00,2.25
2016.01.28 07:47:30.771,0.64559,0.64571,1.00,2.25
2016.01.28 07:47:32.198,0.64559,0.64572,1.00,1.50
2016.01.28 07:47:32.503,0.64561,0.64572,1.00,1.50
2016.01.28 07:47:32.807,0.64565,0.64574,1.00,1.00
2016.01.28 07:47:33.066,0.64566,0.64577,1.00,1.00
2016.01.28 07:47:33.219,0.64566,0.6458,1.00,1.12
2016.01.28 07:47:33.523,0.64566,0.64578,1.00,1.00
2016.01.28 07:47:34.221,0.64566,0.64577,1.00,1.00
2016.01.28 07:47:36.053,0.64566,0.64579,1.00,1.57
2016.01.28 07:47:36.156,0.64566,0.6458,1.00,2.62
2016.01.28 07:47:36.512,0.64568,0.6458,1.00,2.25
2016.01.28 07:47:36.817,0.64566,0.64578,1.00,1.00
2016.01.28 07:47:37.309,0.64569,0.64578,1.00,1.50
2016.01.28 07:47:37.462,0.64568,0.64581,1.00,1.20
2016.01.28 07:47:38.468,0.64566,0.6458,1.00,3.07
2016.01.28 07:47:38.902,0.64568,0.6458,1.00,3.07
2016.01.28 07:47:39.107,0.64561,0.64574,1.00,2.25
2016.01.28 07:47:39.158,0.64561,0.64574,1.00,3.00
2016.01.28 07:47:39.708,0.64561,0.64572,1.00,2.62
2016.01.28 07:47:39.862,0.64558,0.64572,1.00,3.00
2016.01.28 07:47:40.502,0.64558,0.6457,1.00,2.25
2016.01.28 07:47:41.705,0.64557,0.6457,1.00,1.50
2016.01.28 07:47:41.908,0.64559,0.6457,1.00,1.50
2016.01.28 07:47:42.415,0.64559,0.64571,1.00,2.32
2016.01.28 07:47:44.950,0.64559,0.64572,1.00,1.87
2016.01.28 07:47:46.252,0.64559,0.6457,1.00,1.50
2016.01.28 07:47:48.054,0.64558,0.6457,1.00,1.50
2016.01.28 07:47:48.603,0.64558,0.64572,1.00,3.00
2016.01.28 07:47:48.913,0.64558,0.64569,1.00,1.50
2016.01.28 07:47:52.450,0.64558,0.64571,1.00,1.95
2016.01.28 07:47:54.848,0.64558,0.64569,1.00,1.50
2016.01.28 07:47:55.366,0.64556,0.64569,1.50,1.57
2016.01.28 07:47:55.518,0.64555,0.64568,1.00,3.45
2016.01.28 07:47:57.028,0.64555,0.64568,1.00,3.82
2016.01.28 07:47:57.571,0.64555,0.64568,1.00,3.82
2016.01.28 07:47:58.150,0.64555,0.64568,1.00,3.45
2016.01.28 07:47:58.713,0.64556,0.64568,1.00,1.57
2016.01.28 07:48:01.999,0.64554,0.64569,1.50,4.20
2016.01.28 07:48:02.856,0.64554,0.64567,1.00,1.37
2016.01.28 07:48:02.907,0.64552,0.64567,2.25,2.25
2016.01.28 07:48:03.356,0.64551,0.64564,1.50,1.00
2016.01.28 07:48:04.499,0.6455,0.64564,1.00,3.07
2016.01.28 07:48:05.725,0.6455,0.64564,2.25,3.07
2016.01.28 07:48:06.505,0.6455,0.64562,1.00,1.50
2016.01.28 07:48:08.681,0.64552,0.64564,1.50,1.57
2016.01.28 07:48:08.732,0.64553,0.64568,1.00,4.20
2016.01.28 07:48:08.834,0.64553,0.64566,1.00,1.00
2016.01.28 07:48:08.936,0.64554,0.64568,1.50,1.57
2016.01.28 07:48:09.038,0.64556,0.64569,1.00,1.07
2016.01.28 07:48:09.947,0.64557,0.6457,1.00,2.25
2016.01.28 07:48:10.485,0.64556,0.64569,1.00,2.32
2016.01.28 07:48:13.688,0.64556,0.64569,1.00,1.12
2016.01.28 07:48:14.718,0.64557,0.64569,1.00,1.00
2016.01.28 07:48:16.658,0.64556,0.64569,1.00,1.87
2016.01.28 07:48:21.480,0.64557,0.64569,1.00,1.50
2016.01.28 07:48:21.785,0.64559,0.6457,1.50,1.00
2016.01.28 07:48:23.059,0.64559,0.64569,1.50,1.00
2016.01.28 07:48:23.334,0.64557,0.64569,1.00,1.00
2016.01.28 07:48:23.386,0.64556,0.64566,1.50,1.00
2016.01.28 07:48:23.437,0.64554,0.64566,2.25,1.00
2016.01.28 07:48:23.880,0.64552,0.64566,2.25,1.50
2016.01.28 07:48:24.532,0.64552,0.64566,3.00,1.12
2016.01.28 07:48:25.067,0.64555,0.64566,1.00,1.12
2016.01.28 07:48:25.270,0.64555,0.64569,2.25,2.25
2016.01.28 07:48:27.518,0.64556,0.64569,1.50,1.50
2016.01.28 07:48:29.641,0.64557,0.64569,1.00,1.00
2016.01.28 07:48:30.149,0.64557,0.64568,1.00,1.00
2016.01.28 07:48:32.152,0.64555,0.64568,2.25,1.00
2016.01.28 07:48:32.661,0.64555,0.64567,2.25,1.00
2016.01.28 07:48:33.102,0.64552,0.64564,1.50,1.50
2016.01.28 07:48:34.059,0.64551,0.64564,1.50,2.25
2016.01.28 07:48:38.320,0.64549,0.64563,2.25,3.00
2016.01.28 07:48:38.749,0.64549,0.6456,2.25,1.00
2016.01.28 07:48:38.851,0.64549,0.64562,2.25,1.12
2016.01.28 07:48:40.578,0.64551,0.64562,1.00,1.12
2016.01.28 07:48:41.267,0.64551,0.64565,2.25,2.25
2016.01.28 07:48:43.168,0.64553,0.64565,1.50,1.50
2016.01.28 07:48:43.705,0.64553,0.64565,1.50,1.00
2016.01.28 07:48:44.010,0.64557,0.64566,1.00,1.00
2016.01.28 07:48:44.062,0.64558,0.6457,1.00,2.25
2016.01.28 07:48:44.113,0.64558,0.6457,1.00,1.00
2016.01.28 07:48:44.215,0.64559,0.64572,2.25,1.00
2016.01.28 07:48:44.861,0.64559,0.64573,2.62,2.62
2016.01.28 07:48:45.169,0.64562,0.64572,1.50,1.00
2016.01.28 07:48:45.483,0.64564,0.64573,1.50,2.25
2016.01.28 07:48:47.348,0.64564,0.64572,1.50,1.00
2016.01.28 07:48:51.531,0.64563,0.64572,1.50,1.00
2016.01.28 07:48:51.988,0.64563,0.64574,1.50,1.87
2016.01.28 07:48:52.471,0.64563,0.64574,1.50,2.25
2016.01.28 07:48:52.522,0.6456,0.64572,2.25,1.12
2016.01.28 07:48:54.310,0.64558,0.64572,2.25,1.00
2016.01.28 07:48:54.851,0.64558,0.64571,2.25,1.00
2016.01.28 07:48:56.577,0.64558,0.64572,1.00,1.50
2016.01.28 07:48:59.460,0.64561,0.64573,1.00,1.00
2016.01.28 07:48:59.562,0.64563,0.64576,1.00,1.20
2016.01.28 07:48:59.816,0.64562,0.64574,1.12,1.00
2016.01.28 07:49:00.171,0.6456,0.64574,2.62,1.00
2016.01.28 07:49:01.122,0.64561,0.64574,1.12,1.00
2016.01.28 07:49:02.010,0.64561,0.64573,1.12,1.00
2016.01.28 07:49:04.597,0.64562,0.64576,1.00,1.50
2016.01.28 07:49:04.851,0.64565,0.64579,2.25,1.50
2016.01.28 07:49:05.157,0.64571,0.64583,1.50,1.12
2016.01.28 07:49:06.286,0.64568,0.64582,2.25,1.00
2016.01.28 07:49:06.489,0.64568,0.6458,1.12,1.00
2016.01.28 07:49:07.177,0.64566,0.6458,1.87,1.00
2016.01.28 07:49:08.373,0.64568,0.6458,1.12,1.00
2016.01.28 07:49:08.903,0.64568,0.64579,1.12,1.00
2016.01.28 07:49:09.006,0.64566,0.64579,1.00,1.50
2016.01.28 07:49:09.108,0.64565,0.64577,1.12,1.50
2016.01.28 07:49:09.414,0.64564,0.64574,1.00,1.00
2016.01.28 07:49:09.465,0.64561,0.64574,1.00,1.87
2016.01.28 07:49:09.775,0.6456,0.64571,1.87,1.00
2016.01.28 07:49:10.214,0.64558,0.64571,2.62,1.00
2016.01.28 07:49:11.418,0.64557,0.6457,1.12,1.00
2016.01.28 07:49:12.726,0.64555,0.64568,1.87,1.00
2016.01.28 07:49:13.254,0.64554,0.64568,1.00,1.87
2016.01.28 07:49:13.887,0.64555,0.64568,1.00,1.87
2016.01.28 07:49:14.192,0.64557,0.64568,1.12,1.00
2016.01.28 07:49:14.243,0.64557,0.6457,1.12,1.00
2016.01.28 07:49:14.750,0.64558,0.6457,1.00,1.00
2016.01.28 07:49:16.711,0.64559,0.6457,1.12,1.00
2016.01.28 07:49:16.864,0.64559,0.64572,1.87,1.00
2016.01.28 07:49:17.373,0.6456,0.64572,1.50,1.00
2016.01.28 07:49:17.900,0.64559,0.64571,1.12,1.50
2016.01.28 07:49:18.408,0.64558,0.64571,1.12,1.50
2016.01.28 07:49:18.510,0.64556,0.64571,1.87,2.25
2016.01.28 07:49:19.075,0.64557,0.64571,1.00,2.25
2016.01.28 07:49:19.382,0.64559,0.64573,1.87,3.37
2016.01.28 07:49:19.619,0.64557,0.64571,1.87,1.50
2016.01.28 07:49:20.039,0.64557,0.64569,1.12,1.00
2016.01.28 07:49:20.810,0.64556,0.64569,1.87,1.00
2016.01.28 07:49:21.014,0.64554,0.64568,2.62,1.00
2016.01.28 07:49:21.065,0.64554,0.64566,1.87,1.00
2016.01.28 07:49:21.723,0.64557,0.64566,1.00,1.00
2016.01.28 07:49:21.776,0.64557,0.64571,1.50,1.50
2016.01.28 07:49:22.283,0.64558,0.64571,1.87,1.00
2016.01.28 07:49:22.588,0.64559,0.64573,1.50,3.37
2016.01.28 07:49:23.431,0.64558,0.64573,1.87,3.37
2016.01.28 07:49:24.080,0.6456,0.64573,1.50,1.87
2016.01.28 07:49:25.076,0.64562,0.64573,1.50,1.87
2016.01.28 07:49:25.381,0.64566,0.64575,1.50,1.00
2016.01.28 07:49:25.736,0.64568,0.64575,1.50,1.00
2016.01.28 07:49:26.856,0.64568,0.64576,1.50,1.00
2016.01.28 07:49:26.907,0.64568,0.64578,1.50,2.25
2016.01.28 07:49:26.958,0.6457,0.64578,1.50,2.25
2016.01.28 07:49:27.764,0.6457,0.64577,1.50,1.00
2016.01.28 07:49:28.069,0.64568,0.64575,1.50,1.00
2016.01.28 07:49:28.577,0.64568,0.64573,1.50,1.00
2016.01.28 07:49:28.824,0.64562,0.64571,1.50,1.50
2016.01.28 07:49:29.282,0.64562,0.64569,1.50,1.00
2016.01.28 07:49:29.384,0.6456,0.64569,1.50,1.00
2016.01.28 07:49:31.386,0.6456,0.64568,1.50,1.00
2016.01.28 07:49:31.592,0.64562,0.6457,1.50,3.37
2016.01.28 07:49:32.614,0.64562,0.64567,1.50,1.00
2016.01.28 07:49:32.665,0.64558,0.64567,1.50,1.00
2016.01.28 07:49:33.123,0.6456,0.64569,1.50,1.00
2016.01.28 07:49:34.334,0.64559,0.64569,1.50,1.00
2016.01.28 07:49:36.669,0.64561,0.64569,1.50,1.00
2016.01.28 07:49:37.421,0.64557,0.64569,1.50,1.00
2016.01.28 07:49:38.194,0.64556,0.64569,2.25,1.00
2016.01.28 07:49:38.430,0.64554,0.64567,2.25,1.50
2016.01.28 07:49:38.941,0.64554,0.64566,1.50,1.00
2016.01.28 07:49:39.817,0.64553,0.64566,1.50,1.00
2016.01.28 07:49:40.331,0.64552,0.64566,2.62,1.00
2016.01.28 07:49:40.983,0.64552,0.64565,1.87,1.00
2016.01.28 07:49:41.288,0.6455,0.64562,2.25,1.12
2016.01.28 07:49:41.903,0.6455,0.64561,1.00,1.00
2016.01.28 07:49:47.419,0.64548,0.64557,2.25,1.00
2016.01.28 07:49:47.673,0.64548,0.64559,1.50,1.00
2016.01.28 07:49:47.938,0.64549,0.64561,1.00,1.50
2016.01.28 07:49:48.448,0.6455,0.64561,1.50,1.50
2016.01.28 07:49:48.601,0.64548,0.64561,1.50,1.50
2016.01.28 07:49:48.890,0.6455,0.64561,1.00,1.50
2016.01.28 07:49:50.461,0.64548,0.64561,2.25,1.87
2016.01.28 07:49:51.201,0.6455,0.64561,1.50,1.87
2016.01.28 07:49:51.608,0.64552,0.64561,1.50,1.00
2016.01.28 07:49:53.548,0.64549,0.64561,1.50,1.00
2016.01.28 07:49:54.575,0.64548,0.64561,1.50,1.00
2016.01.28 07:49:55.301,0.64549,0.64561,1.00,1.00
2016.01.28 07:49:59.416,0.64548,0.64561,2.25,1.00
2016.01.28 07:50:00.683,0.64549,0.64561,1.00,1.00
2016.01.28 07:50:00.734,0.64551,0.64561,1.00,1.00
2016.01.28 07:50:00.785,0.64551,0.64564,1.00,2.25
2016.01.28 07:50:01.292,0.6455,0.64564,1.12,2.25
2016.01.28 07:50:01.343,0.64556,0.64568,2.25,1.37
2016.01.28 07:50:01.395,0.64558,0.64569,1.50,1.37
2016.01.28 07:50:01.602,0.64558,0.64571,1.87,1.00
2016.01.28 07:50:01.857,0.64556,0.64571,3.00,1.00
2016.01.28 07:50:02.493,0.64557,0.64571,1.00,1.50
2016.01.28 07:50:03.001,0.64559,0.64571,1.00,1.00
2016.01.28 07:50:03.517,0.64558,0.64571,2.62,1.00
2016.01.28 07:50:06.523,0.64559,0.64571,1.00,1.00
2016.01.28 07:50:06.839,0.64559,0.64573,2.25,1.87
2016.01.28 07:50:06.991,0.64561,0.64575,1.00,3.75
2016.01.28 07:50:07.207,0.64559,0.64574,3.00,1.00
2016.01.28 07:50:07.969,0.6456,0.64575,1.12,2.25
2016.01.28 07:50:08.517,0.6456,0.64575,1.50,2.25
2016.01.28 07:50:09.299,0.6456,0.64575,1.12,2.62
2016.01.28 07:50:09.993,0.64561,0.64575,1.00,1.87
2016.01.28 07:50:10.514,0.64562,0.64576,2.25,1.00
2016.01.28 07:50:11.151,0.64562,0.64577,3.00,1.50
2016.01.28 07:50:11.203,0.64564,0.64577,1.00,1.50
2016.01.28 07:50:11.305,0.64566,0.6458,1.00,1.50
2016.01.28 07:50:11.741,0.64567,0.64582,2.25,1.50
2016.01.28 07:50:12.096,0.64567,0.6458,2.25,1.00
2016.01.28 07:50:13.662,0.64567,0.64581,1.50,1.50
2016.01.28 07:50:18.863,0.64567,0.64573,1.50,1.00
2016.01.28 07:50:18.915,0.64564,0.64573,1.47,1.00
2016.01.28 07:50:19.067,0.64558,0.64572,1.37,1.00
2016.01.28 07:50:20.607,0.64558,0.64572,2.25,1.00
2016.01.28 07:50:22.249,0.64558,0.64571,2.25,1.50
2016.01.28 07:50:25.157,0.64559,0.64571,1.50,1.00
2016.01.28 07:50:26.675,0.6456,0.64572,1.00,1.00
2016.01.28 07:50:27.178,0.6456,0.64573,2.62,1.50
2016.01.28 07:50:29.106,0.6456,0.64575,4.12,1.12
2016.01.28 07:50:29.157,0.64563,0.64576,1.50,1.00
2016.01.28 07:50:29.728,0.64568,0.64579,1.00,1.00
2016.01.28 07:50:29.789,0.64566,0.64579,2.02,1.00
2016.01.28 07:50:30.572,0.64567,0.64579,1.50,1.00
2016.01.28 07:50:33.759,0.64567,0.64579,2.62,1.00
2016.01.28 07:50:34.064,0.64569,0.64582,1.00,1.00
2016.01.28 07:50:36.253,0.64568,0.64582,2.25,1.00
2016.01.28 07:50:40.981,0.64567,0.64582,3.37,1.00
2016.01.28 07:50:44.151,0.64567,0.64581,2.62,1.00
2016.01.28 07:50:44.691,0.64567,0.6458,1.50,1.00
2016.01.28 07:50:47.265,0.64567,0.64581,1.00,1.00
2016.01.28 07:50:47.786,0.64568,0.64581,1.87,1.00
2016.01.28 07:50:48.959,0.64567,0.64581,2.32,1.00
2016.01.28 07:50:50.202,0.64566,0.64581,3.45,1.00
2016.01.28 07:50:52.174,0.64567,0.64581,1.00,1.00
2016.01.28 07:50:52.837,0.64566,0.64581,2.70,1.00
2016.01.28 07:50:54.211,0.64567,0.64581,1.50,1.42
2016.01.28 07:50:54.607,0.64567,0.64579,1.50,1.00
2016.01.28 07:50:56.241,0.64568,0.64579,1.00,1.00
2016.01.28 07:51:00.968,0.64568,0.64581,1.00,1.42
2016.01.28 07:51:01.323,0.64566,0.6458,2.25,1.50
2016.01.28 07:51:01.556,0.64566,0.64578,1.50,1.00
2016.01.28 07:51:01.930,0.64564,0.64578,3.00,1.00
2016.01.28 07:51:01.981,0.64564,0.64576,1.50,1.00
2016.01.28 07:51:02.185,0.64561,0.64574,1.87,1.00
2016.01.28 07:51:02.673,0.64558,0.64572,3.07,1.00
2016.01.28 07:51:03.246,0.64558,0.64572,2.32,1.12
2016.01.28 07:51:04.268,0.64558,0.64571,1.10,1.00
2016.01.28 07:51:05.193,0.64559,0.64571,1.00,1.00
2016.01.28 07:51:09.518,0.64557,0.64572,4.57,1.87
2016.01.28 07:51:10.775,0.64559,0.64573,1.95,1.87
2016.01.28 07:51:10.827,0.64559,0.64574,4.20,2.25
2016.01.28 07:51:11.045,0.64564,0.64574,1.87,2.25
2016.01.28 07:51:11.097,0.64565,0.64578,1.87,1.50
2016.01.28 07:51:11.631,0.64566,0.64579,1.87,1.00
2016.01.28 07:51:12.761,0.64565,0.64579,1.50,1.50
2016.01.28 07:51:13.277,0.64564,0.64579,1.87,3.00
2016.01.28 07:51:14.313,0.64564,0.64577,1.12,1.00
2016.01.28 07:51:16.673,0.64564,0.64577,3.00,1.00
2016.01.28 07:51:18.103,0.64565,0.64577,1.50,1.00
2016.01.28 07:51:18.647,0.64566,0.64579,1.50,2.25
2016.01.28 07:51:18.800,0.64567,0.64579,1.50,1.00
2016.01.28 07:51:19.184,0.64566,0.64577,1.50,1.00
2016.01.28 07:51:19.697,0.64564,0.64577,2.62,1.00
2016.01.28 07:51:24.754,0.64562,0.64575,2.25,1.00
2016.01.28 07:51:24.857,0.64562,0.64573,1.50,1.00
2016.01.28 07:51:25.365,0.64561,0.64573,1.00,1.00
2016.01.28 07:51:26.662,0.64562,0.64573,1.50,1.00
2016.01.28 07:51:28.441,0.6456,0.64573,1.87,1.00
2016.01.28 07:51:30.168,0.6456,0.64572,1.87,1.00
2016.01.28 07:51:30.868,0.64561,0.64572,1.00,1.00
2016.01.28 07:51:32.113,0.6456,0.64571,2.25,1.00
2016.01.28 07:51:32.378,0.64558,0.64569,1.50,1.00
2016.01.28 07:51:32.633,0.64556,0.64569,2.25,1.00
2016.01.28 07:51:33.016,0.64556,0.64567,1.50,1.00
2016.01.28 07:51:33.710,0.64555,0.64567,1.00,1.00
2016.01.28 07:51:34.734,0.64557,0.64567,1.00,1.00
2016.01.28 07:51:36.193,0.64557,0.64566,1.00,1.00
2016.01.28 07:51:36.580,0.64555,0.64566,2.25,1.00
2016.01.28 07:51:37.089,0.64556,0.64566,1.50,1.00
2016.01.28 07:51:37.697,0.64556,0.64567,2.25,1.00
2016.01.28 07:51:37.798,0.64557,0.64569,1.00,1.00
2016.01.28 07:51:41.615,0.64557,0.64565,1.00,1.00
2016.01.28 07:51:41.818,0.64552,0.64562,1.00,1.00
2016.01.28 07:51:44.237,0.64551,0.64562,1.57,1.00
2016.01.28 07:51:44.896,0.64551,0.64563,1.57,1.00
2016.01.28 07:51:45.404,0.64552,0.64564,1.12,1.00
2016.01.28 07:51:46.159,0.64552,0.64564,3.00,1.00
2016.01.28 07:51:47.736,0.64552,0.64564,2.25,1.00
2016.01.28 07:51:48.257,0.64552,0.64564,3.00,1.00
2016.01.28 07:51:50.489,0.64555,0.64567,1.57,1.00
2016.01.28 07:51:50.591,0.64557,0.64567,1.00,1.00
2016.01.28 07:51:50.642,0.64557,0.64569,1.50,1.00
2016.01.28 07:51:51.149,0.64558,0.6457,3.37,1.00
2016.01.28 07:51:55.785,0.64558,0.6457,1.50,1.00
2016.01.28 07:51:56.307,0.64557,0.64569,1.00,1.00
2016.01.28 07:51:56.924,0.64558,0.64569,1.50,1.00
2016.01.28 07:52:00.020,0.64558,0.64571,1.50,1.00
2016.01.28 07:52:00.376,0.64559,0.64571,3.00,1.00
2016.01.28 07:52:03.009,0.64559,0.64571,2.25,1.00
2016.01.28 07:52:10.985,0.64559,0.6457,1.12,1.00
2016.01.28 07:52:16.959,0.64558,0.6457,3.00,1.00
2016.01.28 07:52:22.146,0.64558,0.6457,3.75,1.00
2016.01.28 07:52:24.747,0.64558,0.6457,3.00,1.00
2016.01.28 07:52:25.655,0.64558,0.6457,3.75,1.00
2016.01.28 07:52:31.592,0.64558,0.6457,1.12,1.00
2016.01.28 07:52:38.456,0.64557,0.64569,1.50,1.00
2016.01.28 07:52:40.098,0.64558,0.64569,1.00,1.00
2016.01.28 07:52:42.108,0.64558,0.64566,1.00,1.50
2016.01.28 07:52:42.161,0.64551,0.64561,1.12,1.00
2016.01.28 07:52:42.315,0.64551,0.64563,1.12,1.00
2016.01.28 07:52:42.825,0.64552,0.64563,1.00,1.00
2016.01.28 07:52:43.111,0.64553,0.64565,1.00,1.00
2016.01.28 07:52:43.162,0.64556,0.64567,1.00,1.00
2016.01.28 07:52:43.367,0.64556,0.64569,1.12,1.00
2016.01.28 07:52:43.881,0.64556,0.64569,1.50,1.00
2016.01.28 07:52:44.980,0.64556,0.6457,2.25,1.00
2016.01.28 07:52:45.134,0.64559,0.64571,1.00,1.00
2016.01.28 07:52:45.663,0.64558,0.6457,1.87,1.00
2016.01.28 07:52:50.337,0.64557,0.64566,2.25,1.00
2016.01.28 07:52:50.490,0.64552,0.64566,3.82,1.00
2016.01.28 07:52:50.592,0.64552,0.64566,3.07,1.00
2016.01.28 07:52:50.922,0.64552,0.64563,2.25,1.00
2016.01.28 07:52:51.227,0.6455,0.64559,2.70,1.00
2016.01.28 07:52:52.310,0.64548,0.64559,2.32,1.00
2016.01.28 07:52:56.041,0.6455,0.6456,1.10,1.00
2016.01.28 07:52:56.994,0.6455,0.64561,1.20,1.00
2016.01.28 07:52:57.146,0.64551,0.64564,1.12,1.87
2016.01.28 07:52:59.130,0.64552,0.64564,2.62,1.00
2016.01.28 07:52:59.643,0.64552,0.64564,3.00,1.00
2016.01.28 07:53:02.939,0.64552,0.64565,2.62,1.00
2016.01.28 07:53:05.609,0.64554,0.64565,1.00,1.00
2016.01.28 07:53:08.473,0.64552,0.64565,2.62,1.00
2016.01.28 07:53:13.358,0.64554,0.64567,1.50,1.00
2016.01.28 07:53:13.409,0.64555,0.64569,1.12,1.50
2016.01.28 07:53:13.562,0.64557,0.64569,1.00,1.00
2016.01.28 07:53:13.868,0.64558,0.64571,1.87,1.00
2016.01.28 07:53:16.800,0.64559,0.64573,1.50,1.50
2016.01.28 07:53:16.952,0.64561,0.64574,1.00,2.25
2016.01.28 07:53:17.458,0.64561,0.64574,2.25,1.00
2016.01.28 07:53:19.562,0.64561,0.64574,2.25,1.00
2016.01.28 07:53:21.928,0.64563,0.64574,1.50,1.00
2016.01.28 07:53:22.464,0.64562,0.64573,1.50,1.00
2016.01.28 07:53:22.516,0.6456,0.64573,2.25,1.00
2016.01.28 07:53:23.023,0.6456,0.64572,1.50,1.00
2016.01.28 07:53:23.541,0.6456,0.64573,1.50,1.00
2016.01.28 07:53:24.051,0.64558,0.64572,1.00,1.12
2016.01.28 07:53:24.154,0.64557,0.6457,2.62,1.00
2016.01.28 07:53:24.501,0.64559,0.64571,1.50,1.00
2016.01.28 07:53:25.008,0.64559,0.64572,3.37,1.00
2016.01.28 07:53:25.659,0.64559,0.64571,2.62,1.00
2016.01.28 07:53:26.189,0.64559,0.64572,2.25,1.00
2016.01.28 07:53:26.509,0.64561,0.64572,1.50,1.00
2016.01.28 07:53:29.936,0.64561,0.64574,1.50,1.00
2016.01.28 07:53:30.459,0.64562,0.64574,1.50,1.00
2016.01.28 07:53:35.455,0.64562,0.64575,1.50,1.00
2016.01.28 07:53:38.519,0.64562,0.64573,1.12,1.00
2016.01.28 07:53:39.852,0.64562,0.64574,1.12,1.50
2016.01.28 07:53:42.858,0.64563,0.64575,1.00,1.50
2016.01.28 07:53:43.111,0.64568,0.64581,1.12,1.50
2016.01.28 07:53:43.548,0.64569,0.64583,1.95,2.25
2016.01.28 07:53:44.068,0.64569,0.64582,1.95,1.00
2016.01.28 07:53:44.575,0.6457,0.64583,1.12,1.00
2016.01.28 07:53:49.327,0.6457,0.64582,1.12,1.00
2016.01.28 07:53:50.610,0.6457,0.64583,1.12,1.00
2016.01.28 07:53:50.763,0.64572,0.64583,1.50,1.00
2016.01.28 07:53:51.053,0.64574,0.64588,1.87,1.00
2016.01.28 07:53:51.104,0.64576,0.64589,1.12,1.00
2016.01.28 07:53:51.408,0.64578,0.6459,1.50,1.00
2016.01.28 07:53:52.548,0.64579,0.6459,1.12,1.00
2016.01.28 07:53:53.434,0.64577,0.6459,3.00,1.00
2016.01.28 07:53:53.947,0.64579,0.6459,2.25,1.00
2016.01.28 07:53:54.573,0.64579,0.64593,2.25,1.50
2016.01.28 07:53:54.779,0.64579,0.64593,3.00,1.00
2016.01.28 07:53:55.137,0.64581,0.64593,1.50,1.00
2016.01.28 07:53:55.341,0.64581,0.64593,1.87,1.00
2016.01.28 07:53:55.631,0.64583,0.64593,1.12,1.00
2016.01.28 07:53:55.682,0.64583,0.64595,1.12,1.00
2016.01.28 07:53:55.784,0.64583,0.64595,1.50,1.00
2016.01.28 07:53:55.886,0.64585,0.64597,1.50,1.00
2016.01.28 07:53:56.433,0.64581,0.64591,2.62,1.00
2016.01.28 07:53:56.535,0.64581,0.64591,1.12,1.00
2016.01.28 07:53:56.890,0.64578,0.64591,1.87,1.00
2016.01.28 07:53:58.131,0.64578,0.64588,1.12,1.00
2016.01.28 07:53:58.437,0.64575,0.64588,1.12,1.00
2016.01.28 07:53:58.945,0.64576,0.64588,1.00,1.00
2016.01.28 07:53:59.452,0.64576,0.64589,1.00,1.00
2016.01.28 07:54:00.177,0.64575,0.64589,1.50,1.00
2016.01.28 07:54:00.901,0.64574,0.64587,2.25,1.00
2016.01.28 07:54:01.675,0.64574,0.64586,1.50,1.00
2016.01.28 07:54:02.645,0.64573,0.64584,1.20,1.00
2016.01.28 07:54:02.748,0.64571,0.64584,2.62,1.00
2016.01.28 07:54:03.394,0.64569,0.64583,4.12,1.00
2016.01.28 07:54:03.892,0.64571,0.64584,4.50,1.00
2016.01.28 07:54:04.917,0.64571,0.64581,2.25,1.00
2016.01.28 07:54:05.843,0.64567,0.64581,1.87,1.00
2016.01.28 07:54:05.905,0.64567,0.64579,1.87,1.00
2016.01.28 07:54:08.326,0.64568,0.64581,1.12,1.12
2016.01.28 07:54:08.429,0.64567,0.64579,1.00,1.00
2016.01.28 07:54:08.940,0.64566,0.64579,1.50,1.50
2016.01.28 07:54:09.248,0.6457,0.64583,1.50,1.85
2016.01.28 07:54:09.525,0.64572,0.64584,1.57,1.50
2016.01.28 07:54:09.830,0.6457,0.64582,2.32,1.00
2016.01.28 07:54:09.983,0.64568,0.64581,2.70,1.00
2016.01.28 07:54:10.237,0.64567,0.6458,1.57,1.50
2016.01.28 07:54:11.336,0.64568,0.6458,1.50,1.50
2016.01.28 07:54:14.894,0.64566,0.6458,1.95,1.50
2016.01.28 07:54:17.603,0.64566,0.6458,1.20,1.50
2016.01.28 07:54:18.149,0.64566,0.64579,1.20,1.00
2016.01.28 07:54:19.357,0.6457,0.64579,1.50,1.00
2016.01.28 07:54:19.509,0.64568,0.6458,1.50,1.00
2016.01.28 07:54:20.094,0.64566,0.64579,1.50,1.00
2016.01.28 07:54:20.719,0.64568,0.64579,1.50,1.50
2016.01.28 07:54:21.024,0.64573,0.6458,1.50,1.00
2016.01.28 07:54:21.075,0.64573,0.64583,1.50,1.50
2016.01.28 07:54:21.422,0.64575,0.64582,1.50,1.00
2016.01.28 07:54:22.192,0.64575,0.64583,1.50,1.50
2016.01.28 07:54:23.364,0.64575,0.64584,1.50,1.00
2016.01.28 07:54:23.872,0.64576,0.64583,1.50,1.00
2016.01.28 07:54:25.631,0.64577,0.64583,1.50,1.00
2016.01.28 07:54:25.936,0.64577,0.64585,1.50,1.00
2016.01.28 07:54:25.987,0.64579,0.64585,1.50,1.00
2016.01.28 07:54:26.341,0.64578,0.64587,1.50,1.50
2016.01.28 07:54:26.646,0.64581,0.64586,1.50,1.00
2016.01.28 07:54:27.188,0.64581,0.64587,1.50,1.50
2016.01.28 07:54:27.996,0.64579,0.64587,1.50,1.50
2016.01.28 07:54:30.469,0.6458,0.64587,1.50,1.50
2016.01.28 07:54:31.103,0.6458,0.64585,1.50,1.00
2016.01.28 07:54:32.116,0.64579,0.64585,1.50,1.00
2016.01.28 07:54:32.508,0.64579,0.64588,1.50,1.50
2016.01.28 07:54:33.031,0.64582,0.6459,1.50,1.00
2016.01.28 07:54:33.973,0.6458,0.6459,1.50,1.00
2016.01.28 07:54:34.583,0.6458,0.64589,1.50,1.00
2016.01.28 07:54:35.270,0.6458,0.64585,1.50,1.00
2016.01.28 07:54:35.323,0.64577,0.64585,1.50,1.00
2016.01.28 07:54:35.425,0.64575,0.64584,1.50,1.00
2016.01.28 07:54:37.886,0.64577,0.64584,1.50,1.00
2016.01.28 07:54:40.726,0.64577,0.64583,1.50,1.00
2016.01.28 07:54:45.892,0.64575,0.64583,1.50,1.00
2016.01.28 07:54:47.212,0.64575,0.64584,1.50,1.00
2016.01.28 07:54:47.747,0.64571,0.64584,2.25,1.00
2016.01.28 07:54:47.799,0.64571,0.64581,1.50,1.00
2016.01.28 07:54:48.003,0.64569,0.64581,1.57,1.00
2016.01.28 07:54:48.517,0.6457,0.64581,1.50,1.00
2016.01.28 07:54:57.571,0.6457,0.64578,1.50,1.00
2016.01.28 07:54:58.896,0.64569,0.64578,1.50,1.00
2016.01.28 07:55:00.830,0.6457,0.64578,1.50,1.00
2016.01.28 07:55:08.968,0.6457,0.64579,1.50,1.00
2016.01.28 07:55:11.662,0.64569,0.64579,1.50,1.00
2016.01.28 07:55:16.243,0.64568,0.64579,1.00,1.00
2016.01.28 07:55:18.621,0.64568,0.64577,1.00,1.00
2016.01.28 07:55:18.890,0.64565,0.64577,1.57,1.00
2016.01.28 07:55:18.941,0.64563,0.64574,3.75,1.00
2016.01.28 07:55:19.043,0.64563,0.64574,2.70,1.00
2016.01.28 07:55:22.724,0.64564,0.64577,1.20,1.00
2016.01.28 07:55:23.233,0.64564,0.64576,1.57,1.00
2016.01.28 07:55:23.739,0.64564,0.64577,2.32,1.00
2016.01.28 07:55:24.665,0.64564,0.64577,1.95,1.00
2016.01.28 07:55:24.819,0.64562,0.64575,3.75,1.00
2016.01.28 07:55:25.024,0.64562,0.64574,1.20,1.00
2016.01.28 07:55:25.126,0.6456,0.64574,1.50,1.00
2016.01.28 07:55:25.228,0.6456,0.64572,1.12,1.00
2016.01.28 07:55:25.772,0.6456,0.64574,3.00,1.50
2016.01.28 07:55:25.925,0.64562,0.64575,1.12,1.50
2016.01.28 07:55:26.231,0.64564,0.64577,1.50,1.00
2016.01.28 07:55:26.795,0.64565,0.64577,1.50,1.00
2016.01.28 07:55:29.118,0.64567,0.64579,1.50,1.00
2016.01.28 07:55:29.621,0.64567,0.64581,3.00,2.25
2016.01.28 07:55:31.670,0.64567,0.6458,2.62,1.00
2016.01.28 07:55:33.694,0.64567,0.64581,2.62,1.50
2016.01.28 07:55:40.351,0.64566,0.64579,2.62,1.00
2016.01.28 07:55:40.504,0.64566,0.64579,1.00,1.00
2016.01.28 07:55:41.214,0.64567,0.6458,2.25,1.00
2016.01.28 07:55:41.468,0.64567,0.6458,2.40,1.00
2016.01.28 07:55:42.322,0.64568,0.6458,1.50,1.00
2016.01.28 07:55:43.635,0.64567,0.6458,1.50,1.00
2016.01.28 07:55:44.629,0.64566,0.6458,3.37,1.50
2016.01.28 07:55:45.309,0.64567,0.6458,1.00,1.00
2016.01.28 07:55:45.817,0.64567,0.64579,1.00,1.00
2016.01.28 07:55:46.881,0.64567,0.6458,3.00,1.00
2016.01.28 07:55:50.078,0.64567,0.64579,2.25,1.00
2016.01.28 07:55:52.650,0.6457,0.6458,1.00,1.00
2016.01.28 07:55:52.701,0.6457,0.64582,2.25,1.00
2016.01.28 07:55:53.209,0.6457,0.64583,2.25,1.50
2016.01.28 07:55:54.444,0.64571,0.64584,1.50,1.00
2016.01.28 07:55:54.495,0.64573,0.64584,1.37,1.00
2016.01.28 07:55:54.597,0.64573,0.64586,3.07,1.50
2016.01.28 07:55:55.204,0.64575,0.64587,1.00,1.00
2016.01.28 07:55:55.502,0.64573,0.64584,1.50,1.00
2016.01.28 07:55:56.210,0.64573,0.64583,1.50,1.00
2016.01.28 07:55:56.362,0.6457,0.64583,2.62,1.00
2016.01.28 07:55:56.916,0.6457,0.64582,2.62,1.00
2016.01.28 07:55:57.423,0.6457,0.64582,2.25,1.00
2016.01.28 07:56:00.616,0.6457,0.64583,1.00,1.50
2016.01.28 07:56:01.167,0.6457,0.64582,1.00,1.00
2016.01.28 07:56:01.269,0.6457,0.6458,1.00,1.50
2016.01.28 07:56:01.535,0.64567,0.6458,2.32,1.50
2016.01.28 07:56:02.979,0.64566,0.6458,1.10,2.25
2016.01.28 07:56:04.155,0.64565,0.64578,2.62,1.00
2016.01.28 07:56:04.358,0.64563,0.64578,1.95,2.25
2016.01.28 07:56:04.882,0.64563,0.64577,1.95,1.00
2016.01.28 07:56:05.311,0.64561,0.64574,1.50,2.25
2016.01.28 07:56:05.818,0.64561,0.64573,1.37,1.00
2016.01.28 07:56:06.736,0.64562,0.64573,2.25,1.00
2016.01.28 07:56:06.797,0.64563,0.64576,1.12,2.25
2016.01.28 07:56:08.055,0.64561,0.64573,1.85,1.00
2016.01.28 07:56:08.574,0.6456,0.64573,1.37,1.00
2016.01.28 07:56:10.803,0.64559,0.64573,2.25,2.25
2016.01.28 07:56:11.496,0.6456,0.64571,1.00,1.50
2016.01.28 07:56:12.708,0.6456,0.64572,1.00,1.50
2016.01.28 07:56:13.138,0.64562,0.64573,1.00,1.00
2016.01.28 07:56:13.647,0.64562,0.64573,1.37,1.00
2016.01.28 07:56:14.302,0.64562,0.64575,2.25,1.00
2016.01.28 07:56:16.201,0.64563,0.64577,1.12,1.00
2016.01.28 07:56:16.936,0.64563,0.64577,1.50,1.00
2016.01.28 07:56:17.089,0.64565,0.64579,1.87,2.02
2016.01.28 07:56:17.473,0.64565,0.64579,4.50,1.12
2016.01.28 07:56:18.305,0.64565,0.6458,2.25,2.62
2016.01.28 07:56:21.456,0.64565,0.64579,3.00,1.00
2016.01.28 07:56:26.153,0.64565,0.64579,1.75,1.00
2016.01.28 07:56:27.560,0.64565,0.64579,1.50,1.00
2016.01.28 07:56:28.150,0.64565,0.64579,1.00,1.12
2016.01.28 07:56:30.464,0.6456,0.64574,3.00,1.00
2016.01.28 07:56:31.073,0.64561,0.64574,1.00,1.00
2016.01.28 07:56:32.170,0.64561,0.64574,1.50,1.00
2016.01.28 07:56:32.677,0.64561,0.64574,1.12,1.00
2016.01.28 07:56:35.826,0.64561,0.64575,1.12,2.25
2016.01.28 07:56:46.860,0.6456,0.64572,2.25,1.00
2016.01.28 07:56:47.116,0.64559,0.64571,1.00,1.00
2016.01.28 07:56:47.432,0.64556,0.6457,3.75,1.50
2016.01.28 07:56:47.942,0.64556,0.64568,1.50,1.00
2016.01.28 07:56:48.146,0.64556,0.6457,1.50,2.25
2016.01.28 07:56:48.679,0.64555,0.64569,1.50,1.50
2016.01.28 07:56:52.803,0.64555,0.64569,1.50,1.50
2016.01.28 07:56:53.350,0.64555,0.64568,1.00,1.50
2016.01.28 07:56:57.553,0.64555,0.64569,1.00,2.25
2016.01.28 07:57:07.157,0.64555,0.64568,1.00,1.00
2016.01.28 07:57:10.543,0.64556,0.64565,1.00,1.00
2016.01.28 07:57:10.799,0.64551,0.64563,1.50,1.00
2016.01.28 07:57:11.978,0.64549,0.64563,2.25,1.00
2016.01.28 07:57:20.653,0.64549,0.64561,1.50,1.50
2016.01.28 07:57:22.837,0.64549,0.64563,3.00,1.50
2016.01.28 07:57:32.296,0.64549,0.64564,2.25,1.57
2016.01.28 07:57:32.347,0.64551,0.64565,1.00,1.57
2016.01.28 07:57:32.651,0.64554,0.64568,2.25,1.65
2016.01.28 07:57:32.979,0.64552,0.64565,1.50,1.57
2016.01.28 07:57:33.892,0.64553,0.64567,1.87,1.57
2016.01.28 07:57:34.232,0.64553,0.64567,2.62,1.10
2016.01.28 07:57:35.099,0.64553,0.64566,1.12,3.00
2016.01.28 07:57:35.200,0.64552,0.64562,1.00,1.50
2016.01.28 07:57:35.537,0.6455,0.64562,1.12,1.50
2016.01.28 07:57:36.195,0.64551,0.64562,1.00,1.50
2016.01.28 07:57:36.968,0.64551,0.64561,1.00,1.50
2016.01.28 07:57:37.495,0.64551,0.64563,1.00,1.50
2016.01.28 07:57:38.367,0.64553,0.64563,1.00,1.50
2016.01.28 07:57:38.519,0.64553,0.64565,1.12,1.50
2016.01.28 07:57:39.027,0.64553,0.64565,2.62,1.50
2016.01.28 07:57:41.676,0.64554,0.64566,1.00,2.25
2016.01.28 07:57:41.830,0.64557,0.64566,1.00,1.50
2016.01.28 07:57:41.932,0.64557,0.64568,1.00,1.50
2016.01.28 07:57:43.137,0.64557,0.64569,1.12,1.50
2016.01.28 07:57:46.018,0.64557,0.6457,1.12,1.50
2016.01.28 07:57:49.672,0.64557,0.64569,1.12,1.00
2016.01.28 07:58:02.090,0.64556,0.6457,1.87,1.50
2016.01.28 07:58:02.771,0.64556,0.64571,1.87,3.00
2016.01.28 07:58:05.375,0.64556,0.6457,3.37,1.50
2016.01.28 07:58:05.996,0.64556,0.64567,1.37,1.50
2016.01.28 07:58:06.047,0.64555,0.64567,2.25,1.50
2016.01.28 07:58:06.351,0.64555,0.64564,1.12,1.50
2016.01.28 07:58:07.421,0.64555,0.64566,1.12,1.50
2016.01.28 07:58:09.312,0.64555,0.64565,1.12,1.50
2016.01.28 07:58:09.915,0.64553,0.64561,1.00,1.50
2016.01.28 07:58:09.966,0.6455,0.64561,1.00,1.50
2016.01.28 07:58:10.373,0.64548,0.6456,1.12,1.50
2016.01.28 07:58:11.624,0.64548,0.64559,1.87,1.50
2016.01.28 07:58:13.799,0.64547,0.64559,1.87,1.50
2016.01.28 07:58:14.321,0.64547,0.64558,1.12,1.50
2016.01.28 07:58:14.833,0.64548,0.64558,1.00,1.50
2016.01.28 07:58:16.813,0.64548,0.64561,1.00,1.00
2016.01.28 07:58:17.218,0.64552,0.64565,1.00,1.00
2016.01.28 07:58:17.563,0.64555,0.64567,1.00,1.00
2016.01.28 07:58:17.715,0.64557,0.64571,1.50,3.00
2016.01.28 07:58:18.245,0.64557,0.6457,1.00,1.50
2016.01.28 07:58:18.782,0.64557,0.64563,1.00,1.50
2016.01.28 07:58:18.833,0.64554,0.64563,1.00,1.50
2016.01.28 07:58:18.884,0.64552,0.64563,1.50,1.50
2016.01.28 07:58:19.397,0.64553,0.64563,1.00,1.50
2016.01.28 07:58:19.904,0.64552,0.64562,1.00,1.50
2016.01.28 07:58:23.104,0.64552,0.64562,1.87,1.42
2016.01.28 07:58:23.611,0.64552,0.64562,1.50,1.42
2016.01.28 07:58:24.132,0.64553,0.64562,1.00,1.42
2016.01.28 07:58:26.070,0.64552,0.64562,1.00,1.42
2016.01.28 07:58:26.600,0.64551,0.64562,1.50,1.42
2016.01.28 07:58:27.268,0.64551,0.6456,1.00,1.42
2016.01.28 07:58:29.908,0.64551,0.64561,1.50,1.42
2016.01.28 07:58:31.521,0.64551,0.64559,1.00,1.42
2016.01.28 07:58:31.623,0.64548,0.64559,1.20,1.42
2016.01.28 07:58:33.643,0.64547,0.64559,2.70,1.42
2016.01.28 07:58:34.182,0.64547,0.64558,2.70,1.42
2016.01.28 07:58:35.582,0.64547,0.6456,1.57,1.12
2016.01.28 07:58:37.586,0.64547,0.64559,1.50,1.12
2016.01.28 07:58:39.845,0.64548,0.64559,1.00,1.12
2016.01.28 07:58:39.997,0.64548,0.64561,1.50,1.12
2016.01.28 07:58:40.539,0.64548,0.64561,1.87,1.12
2016.01.28 07:58:40.794,0.64548,0.64559,1.37,1.12
2016.01.28 07:58:41.505,0.64548,0.64559,1.00,1.12
2016.01.28 07:58:42.094,0.64548,0.64558,1.00,1.12
2016.01.28 07:58:42.592,0.64548,0.6456,1.87,1.12
2016.01.28 07:58:43.888,0.64548,0.64561,1.87,1.87
2016.01.28 07:58:48.410,0.64549,0.64561,1.00,2.25
2016.01.28 07:58:49.473,0.64549,0.64561,1.20,2.25
2016.01.28 07:58:52.632,0.64549,0.6456,2.32,1.50
2016.01.28 07:58:56.735,0.6455,0.6456,1.45,1.50
2016.01.28 07:58:56.837,0.6455,0.64562,2.70,1.50
2016.01.28 07:58:56.939,0.64554,0.64562,1.00,1.50
2016.01.28 07:58:57.041,0.64554,0.64564,1.57,1.50
2016.01.28 07:58:57.193,0.64555,0.64564,1.47,1.50
2016.01.28 07:58:58.153,0.64554,0.64565,1.50,2.25
2016.01.28 07:58:59.475,0.64554,0.64563,1.50,1.50
2016.01.28 07:59:00.607,0.64555,0.64562,1.47,1.00
2016.01.28 07:59:00.915,0.64554,0.64562,1.07,1.00
2016.01.28 07:59:02.222,0.64554,0.64563,1.07,1.50
2016.01.28 07:59:02.484,0.64555,0.64564,1.50,1.00
2016.01.28 07:59:02.871,0.64554,0.64564,2.25,1.00
2016.01.28 07:59:03.431,0.64554,0.64562,1.87,1.50
2016.01.28 07:59:04.089,0.64554,0.64562,1.07,2.25
2016.01.28 07:59:09.185,0.64554,0.64564,1.57,2.25
2016.01.28 07:59:09.711,0.64554,0.64563,1.20,1.00
2016.01.28 07:59:10.363,0.64554,0.64561,1.00,1.50
2016.01.28 07:59:11.532,0.64554,0.64564,1.87,2.25
2016.01.28 07:59:12.651,0.64554,0.64565,2.62,2.25
2016.01.28 07:59:18.564,0.64557,0.64565,1.12,1.50
2016.01.28 07:59:19.108,0.64557,0.64566,1.95,1.50
2016.01.28 07:59:20.107,0.64559,0.64566,1.87,1.50
2016.01.28 07:59:20.159,0.6456,0.64572,2.62,1.50
2016.01.28 07:59:20.210,0.64561,0.64572,1.20,1.50
2016.01.28 07:59:21.031,0.64561,0.64571,3.07,1.00
2016.01.28 07:59:21.083,0.64561,0.64572,1.45,2.25
2016.01.28 07:59:21.438,0.64562,0.64573,1.20,1.50
2016.01.28 07:59:23.226,0.64562,0.64573,1.87,1.50
2016.01.28 07:59:25.924,0.64566,0.64574,1.00,1.00
2016.01.28 07:59:25.980,0.64566,0.64576,1.00,1.00
2016.01.28 07:59:26.233,0.64566,0.64577,1.75,2.25
2016.01.28 07:59:26.740,0.64566,0.64577,1.20,2.25
2016.01.28 07:59:28.754,0.64567,0.64579,1.95,1.00
2016.01.28 07:59:29.264,0.64567,0.64577,1.95,1.00
2016.01.28 07:59:29.803,0.64566,0.64578,1.07,1.00
2016.01.28 07:59:30.803,0.64566,0.64576,1.07,1.00
2016.01.28 07:59:31.037,0.64565,0.64576,1.10,1.00
2016.01.28 07:59:32.740,0.64565,0.64577,1.20,1.12
2016.01.28 07:59:33.433,0.64565,0.64578,1.20,1.87
2016.01.28 07:59:34.072,0.64566,0.64578,1.00,1.87
2016.01.28 07:59:34.378,0.64568,0.64578,1.10,1.12
2016.01.28 07:59:35.143,0.64567,0.64578,3.07,1.12
2016.01.28 07:59:36.087,0.64567,0.64578,2.70,1.12
2016.01.28 07:59:36.596,0.64567,0.64579,3.82,1.00
2016.01.28 07:59:37.004,0.64567,0.64577,3.82,1.50
2016.01.28 07:59:38.461,0.64571,0.64579,1.12,3.75
2016.01.28 07:59:38.513,0.64571,0.64581,1.12,1.00
2016.01.28 07:59:38.666,0.64571,0.64581,1.45,2.25
2016.01.28 07:59:38.768,0.6457,0.64578,1.12,1.50
2016.01.28 07:59:39.294,0.64568,0.64577,1.12,1.00
2016.01.28 07:59:39.771,0.64566,0.64577,1.95,1.00
2016.01.28 07:59:40.287,0.64567,0.64578,1.57,1.00
2016.01.28 07:59:40.923,0.64569,0.64578,1.07,1.00
2016.01.28 07:59:41.454,0.64569,0.64579,1.07,1.50
2016.01.28 07:59:42.052,0.6457,0.6458,2.70,1.50
2016.01.28 07:59:42.812,0.6457,0.64581,1.95,1.00
2016.01.28 07:59:45.765,0.6457,0.64582,1.95,1.00
2016.01.28 07:59:47.454,0.64574,0.64586,1.50,1.00
2016.01.28 07:59:47.961,0.64575,0.64587,1.95,1.00
2016.01.28 07:59:48.316,0.64572,0.64584,3.00,1.00
2016.01.28 07:59:48.559,0.64572,0.64584,2.25,1.00
2016.01.28 07:59:48.661,0.64572,0.64582,1.50,1.00
2016.01.28 07:59:48.966,0.64569,0.64582,3.45,1.00
2016.01.28 07:59:49.473,0.64569,0.64583,4.20,1.00
2016.01.28 07:59:49.799,0.64573,0.64585,2.62,1.50
2016.01.28 07:59:52.971,0.64573,0.64585,1.95,1.00
2016.01.28 07:59:53.276,0.64571,0.64583,3.00,1.00
2016.01.28 07:59:53.531,0.64571,0.64583,2.32,1.00
2016.01.28 07:59:54.078,0.64568,0.6458,1.20,1.00
2016.01.28 07:59:54.584,0.64569,0.64582,1.50,1.00
2016.01.28 07:59:54.736,0.64571,0.64583,1.57,1.00
2016.01.28 07:59:55.830,0.6457,0.64582,2.32,1.00
2016.01.28 07:59:56.135,0.64568,0.6458,1.57,1.00
2016.01.28 07:59:57.240,0.64567,0.6458,2.62,1.00
2016.01.28 07:59:59.734,0.64569,0.6458,1.00,1.00
2016.01.28 07:59:59.785,0.64569,0.64582,1.12,1.00
