2011.07.08 05:00:38.780,0.83133,0.83158,1.81,1.88
2011.07.08 05:00:50.518,0.83135,0.83158,1.06,1.50
2011.07.08 05:00:51.178,0.83135,0.83156,1.43,1.50
2011.07.08 05:00:51.288,0.83135,0.83156,1.43,1.50
2011.07.08 05:00:51.508,0.83134,0.83156,1.43,1.50
2011.07.08 05:00:57.326,0.83133,0.83156,2.93,1.50
2011.07.08 05:01:09.017,0.83133,0.83157,1.06,1.88
2011.07.08 05:01:13.948,0.83133,0.83156,1.06,1.13
2011.07.08 05:01:14.278,0.8313,0.83152,1.81,3.75
2011.07.08 05:01:14.607,0.83128,0.83151,1.81,1.13
2011.07.08 05:01:17.138,0.83128,0.83151,1.81,1.13
2011.07.08 05:01:17.374,0.83128,0.83151,1.50,1.88
2011.07.08 05:01:20.648,0.83125,0.83148,1.50,1.50
2011.07.08 05:01:20.759,0.83124,0.83147,1.81,3.75
2011.07.08 05:01:24.757,0.83123,0.83146,1.06,3.75
2011.07.08 05:01:26.808,0.83123,0.83146,1.06,3.75
2011.07.08 05:01:36.928,0.83124,0.83146,1.06,3.75
2011.07.08 05:01:46.937,0.83124,0.83146,1.81,3.75
2011.07.08 05:01:47.160,0.83126,0.83148,3.75,1.50
2011.07.08 05:01:47.600,0.83127,0.8315,1.88,1.50
2011.07.08 05:02:42.698,0.83129,0.83152,1.06,4.50
2011.07.08 05:02:47.580,0.83129,0.83153,1.06,1.50
2011.07.08 05:02:53.687,0.83128,0.8315,1.06,3.75
2011.07.08 05:02:53.908,0.83128,0.8315,1.81,3.75
2011.07.08 05:02:59.887,0.83129,0.8315,1.06,3.75
2011.07.08 05:03:00.999,0.8313,0.83149,1.06,3.00
2011.07.08 05:03:01.327,0.83128,0.83151,1.81,3.75
2011.07.08 05:03:03.099,0.8313,0.83153,1.43,5.25
2011.07.08 05:03:03.318,0.8313,0.83152,1.43,4.50
2011.07.08 05:03:07.387,0.8313,0.83152,1.06,4.50
2011.07.08 05:03:08.417,0.8313,0.83152,1.06,4.50
2011.07.08 05:04:08.431,0.83129,0.83153,1.06,1.50
2011.07.08 05:04:11.757,0.8313,0.83152,1.06,1.50
2011.07.08 05:04:12.088,0.83131,0.83153,3.75,1.50
2011.07.08 05:04:12.307,0.83133,0.83155,1.06,1.50
2011.07.08 05:04:12.417,0.83133,0.83155,1.06,1.50
2011.07.08 05:04:19.978,0.83134,0.83157,1.06,4.50
2011.07.08 05:04:23.508,0.83132,0.83156,1.06,1.50
2011.07.08 05:04:23.838,0.83132,0.83156,1.06,1.88
2011.07.08 05:04:42.287,0.83132,0.83156,1.06,1.50
2011.07.08 05:05:32.630,0.83133,0.83157,3.75,1.50
2011.07.08 05:05:32.850,0.83138,0.8316,3.75,3.60
2011.07.08 05:05:34.119,0.83137,0.8316,3.75,2.85
2011.07.08 05:06:02.330,0.83137,0.8316,3.75,3.60
2011.07.08 05:06:08.561,0.83136,0.83159,1.06,4.73
2011.07.08 05:06:32.138,0.83137,0.8316,1.06,4.50
2011.07.08 05:06:50.828,0.83137,0.83161,4.06,1.50
2011.07.08 05:07:04.229,0.83137,0.83162,5.18,1.50
2011.07.08 05:07:04.560,0.83142,0.83163,3.75,1.50
2011.07.08 05:07:04.999,0.83142,0.83163,3.75,1.50
2011.07.08 05:07:26.529,0.83141,0.83164,3.75,2.25
2011.07.08 05:07:26.749,0.83142,0.83166,1.06,1.50
2011.07.08 05:08:02.329,0.83142,0.83166,1.06,1.88
2011.07.08 05:08:10.387,0.83143,0.83166,3.75,1.50
2011.07.08 05:08:12.599,0.83144,0.83166,3.75,1.50
2011.07.08 05:08:23.440,0.83144,0.83159,1.06,3.00
2011.07.08 05:08:23.660,0.83143,0.83159,3.31,1.19
2011.07.08 05:08:24.105,0.83142,0.83163,1.06,1.50
2011.07.08 05:08:27.218,0.8314,0.83163,5.18,1.50
2011.07.08 05:08:27.329,0.8314,0.83163,1.13,5.25
2011.07.08 05:08:50.321,0.8314,0.83163,1.50,5.25
2011.07.08 05:08:50.428,0.83141,0.83163,3.00,5.25
2011.07.08 05:08:50.761,0.83152,0.83171,6.00,2.10
2011.07.08 05:08:50.979,0.83146,0.83169,4.06,1.13
2011.07.08 05:09:06.177,0.83144,0.83167,1.06,3.75
2011.07.08 05:09:19.802,0.83144,0.83166,1.06,4.88
2011.07.08 05:09:19.919,0.83144,0.83165,1.06,1.50
2011.07.08 05:09:20.030,0.83141,0.83162,1.81,3.75
2011.07.08 05:09:28.717,0.8314,0.83161,1.06,3.75
2011.07.08 05:09:29.501,0.8314,0.83161,1.06,3.75
2011.07.08 05:09:51.468,0.83133,0.83155,1.06,3.75
2011.07.08 05:10:06.278,0.83135,0.83156,1.06,3.75
2011.07.08 05:10:28.958,0.83136,0.83158,1.06,4.50
2011.07.08 05:10:29.741,0.83136,0.83158,1.06,3.75
2011.07.08 05:10:30.178,0.83136,0.83157,1.06,1.13
2011.07.08 05:10:30.508,0.83136,0.83158,1.06,3.75
2011.07.08 05:10:33.092,0.83136,0.83158,1.06,3.75
2011.07.08 05:10:35.829,0.83139,0.83162,1.06,4.35
2011.07.08 05:10:36.157,0.83139,0.83163,4.13,4.50
2011.07.08 05:10:36.378,0.83142,0.83163,1.06,4.50
2011.07.08 05:10:36.708,0.83143,0.83167,4.06,3.38
2011.07.08 05:10:37.700,0.83143,0.83167,4.06,4.13
2011.07.08 05:10:41.689,0.83145,0.83166,1.06,1.13
2011.07.08 05:10:43.108,0.83145,0.83166,1.06,1.13
2011.07.08 05:10:44.048,0.83145,0.83166,1.06,1.13
2011.07.08 05:10:44.160,0.83145,0.83162,1.06,3.00
2011.07.08 05:10:44.269,0.83143,0.83162,1.06,3.75
2011.07.08 05:10:44.708,0.83142,0.83162,1.06,3.38
2011.07.08 05:10:45.960,0.8314,0.83161,1.06,3.75
2011.07.08 05:10:46.070,0.83139,0.83159,1.06,3.75
2011.07.08 05:10:47.749,0.83139,0.83161,1.06,3.75
2011.07.08 05:10:48.663,0.83139,0.8316,1.06,1.88
2011.07.08 05:10:49.209,0.83139,0.8316,1.06,4.88
2011.07.08 05:10:52.200,0.83137,0.83157,1.50,1.13
2011.07.08 05:10:52.308,0.83135,0.83157,1.06,1.13
2011.07.08 05:10:52.749,0.83135,0.83156,1.06,1.13
2011.07.08 05:11:12.379,0.83134,0.83156,4.06,1.13
2011.07.08 05:11:12.600,0.83135,0.83155,1.06,3.75
2011.07.08 05:11:13.149,0.83134,0.83156,4.81,1.13
2011.07.08 05:11:13.369,0.83135,0.83157,1.06,1.13
2011.07.08 05:11:13.919,0.83135,0.83158,1.06,1.13
2011.07.08 05:11:14.478,0.83135,0.83156,1.06,1.13
2011.07.08 05:11:14.698,0.83134,0.83156,3.75,1.13
2011.07.08 05:11:15.138,0.83134,0.83156,3.00,1.88
2011.07.08 05:11:15.470,0.83132,0.83153,3.75,2.63
2011.07.08 05:11:15.798,0.83129,0.83152,1.06,1.35
2011.07.08 05:11:17.592,0.83129,0.83152,1.06,1.35
2011.07.08 05:11:17.932,0.83129,0.83153,1.06,5.25
2011.07.08 05:11:18.259,0.83131,0.83153,3.00,4.50
2011.07.08 05:11:18.369,0.83132,0.83156,4.06,3.75
2011.07.08 05:11:18.918,0.83134,0.83157,3.75,2.85
2011.07.08 05:11:24.639,0.83132,0.83152,1.06,1.50
2011.07.08 05:11:24.858,0.83132,0.83153,1.06,1.50
2011.07.08 05:11:25.448,0.83132,0.83152,1.06,1.50
2011.07.08 05:11:30.968,0.83132,0.83152,1.06,1.13
2011.07.08 05:11:32.508,0.83132,0.83152,1.06,1.13
2011.07.08 05:11:32.729,0.83132,0.83153,1.06,4.50
2011.07.08 05:11:38.010,0.83136,0.83154,1.50,1.13
2011.07.08 05:11:38.542,0.83136,0.83155,1.50,1.88
2011.07.08 05:11:38.869,0.83136,0.83157,1.50,4.88
2011.07.08 05:11:39.418,0.83137,0.83157,1.06,4.13
2011.07.08 05:12:05.248,0.83137,0.83159,1.06,4.94
2011.07.08 05:12:15.658,0.83137,0.83158,1.06,3.44
2011.07.08 05:12:29.927,0.83137,0.83158,1.06,4.19
2011.07.08 05:12:30.148,0.83137,0.83156,1.06,1.50
2011.07.08 05:12:30.479,0.83135,0.83153,1.06,3.75
2011.07.08 05:12:30.699,0.83131,0.83152,1.06,1.50
2011.07.08 05:12:31.030,0.83132,0.83155,3.75,1.50
2011.07.08 05:12:31.139,0.83132,0.83156,3.75,3.75
2011.07.08 05:12:31.359,0.83135,0.83158,1.06,1.35
2011.07.08 05:12:34.288,0.83135,0.83159,1.06,2.10
2011.07.08 05:12:35.178,0.83134,0.83157,3.75,1.13
2011.07.08 05:12:44.689,0.83133,0.83157,1.06,1.50
2011.07.08 05:13:17.728,0.83133,0.83155,1.06,1.13
2011.07.08 05:13:24.168,0.83133,0.83155,1.06,1.13
2011.07.08 05:13:30.438,0.83131,0.83155,4.06,1.88
2011.07.08 05:13:30.549,0.83131,0.83154,3.75,1.50
2011.07.08 05:13:31.099,0.8313,0.83152,1.06,3.38
2011.07.08 05:13:35.800,0.8313,0.83152,1.06,3.38
2011.07.08 05:13:36.490,0.8313,0.83153,1.06,1.13
2011.07.08 05:13:37.039,0.8313,0.83153,1.06,1.13
2011.07.08 05:13:37.740,0.8313,0.83152,1.06,3.75
2011.07.08 05:13:38.290,0.8313,0.83154,1.06,5.25
2011.07.08 05:13:38.398,0.8313,0.83154,1.06,4.88
2011.07.08 05:13:38.510,0.83131,0.83154,3.75,1.13
2011.07.08 05:13:38.838,0.83133,0.83154,3.75,1.13
2011.07.08 05:13:39.060,0.83133,0.83154,3.75,1.50
2011.07.08 05:13:40.619,0.83132,0.83153,3.75,1.13
2011.07.08 05:13:41.650,0.83131,0.83152,3.75,1.13
2011.07.08 05:13:43.768,0.8313,0.83153,1.06,3.75
2011.07.08 05:13:44.319,0.83131,0.83155,3.75,1.88
2011.07.08 05:13:44.538,0.83131,0.83155,3.75,1.88
2011.07.08 05:13:44.979,0.83134,0.83154,3.00,1.50
2011.07.08 05:13:45.529,0.8313,0.83153,1.06,1.13
2011.07.08 05:13:46.079,0.8313,0.83154,1.06,5.25
2011.07.08 05:13:46.409,0.83131,0.83155,3.75,1.50
2011.07.08 05:13:46.739,0.83134,0.83155,3.75,1.50
2011.07.08 05:13:47.460,0.83134,0.83154,3.00,1.50
2011.07.08 05:13:47.679,0.8313,0.83154,1.06,1.50
2011.07.08 05:13:48.009,0.8313,0.83153,1.06,3.00
2011.07.08 05:13:48.662,0.83131,0.83154,3.75,1.88
2011.07.08 05:13:51.798,0.8313,0.83153,4.06,1.13
2011.07.08 05:13:52.370,0.8313,0.83154,4.06,5.63
2011.07.08 05:13:53.279,0.8313,0.83152,1.06,1.88
2011.07.08 05:13:54.520,0.8313,0.83153,1.06,3.75
2011.07.08 05:13:57.499,0.8313,0.83151,1.06,3.00
2011.07.08 05:13:58.051,0.83131,0.83154,3.75,1.50
2011.07.08 05:13:58.160,0.83132,0.83154,3.75,1.50
2011.07.08 05:13:58.709,0.83132,0.83154,3.00,1.50
2011.07.08 05:13:58.930,0.83129,0.83152,1.81,3.75
2011.07.08 05:13:59.039,0.8313,0.83152,1.06,3.00
2011.07.08 05:14:00.249,0.8313,0.83153,1.06,1.13
2011.07.08 05:14:02.059,0.8313,0.83152,1.06,3.00
2011.07.08 05:14:02.718,0.8313,0.83152,1.06,3.75
2011.07.08 05:14:03.380,0.83133,0.83154,3.75,1.50
2011.07.08 05:14:03.708,0.83132,0.83155,3.75,3.38
2011.07.08 05:14:04.039,0.8313,0.83151,1.06,3.00
2011.07.08 05:14:04.148,0.8313,0.83151,1.06,3.00
2011.07.08 05:14:04.809,0.83134,0.83153,3.00,1.50
2011.07.08 05:14:05.139,0.83131,0.83154,3.75,1.50
2011.07.08 05:14:05.693,0.8313,0.83151,1.06,3.00
2011.07.08 05:14:05.813,0.8313,0.83154,1.06,1.50
2011.07.08 05:14:06.368,0.8313,0.83152,1.06,3.00
2011.07.08 05:14:06.808,0.8313,0.83154,4.06,1.50
2011.07.08 05:14:07.028,0.83132,0.83155,3.75,2.63
2011.07.08 05:14:07.409,0.83132,0.83154,3.00,1.50
2011.07.08 05:14:07.958,0.8313,0.83153,1.06,3.75
2011.07.08 05:14:09.659,0.8313,0.83153,1.06,4.13
2011.07.08 05:14:10.412,0.8313,0.83153,4.06,1.13
2011.07.08 05:14:11.541,0.8313,0.83153,1.06,4.50
2011.07.08 05:14:11.980,0.8313,0.83154,4.06,4.13
2011.07.08 05:14:12.200,0.83133,0.83154,3.75,1.88
2011.07.08 05:14:25.518,0.83132,0.83155,3.75,2.25
2011.07.08 05:14:38.578,0.83132,0.83154,3.00,1.50
2011.07.08 05:14:39.129,0.83131,0.83154,3.75,1.13
2011.07.08 05:14:39.349,0.83131,0.83155,3.75,2.25
2011.07.08 05:14:39.789,0.83133,0.83155,1.06,1.50
2011.07.08 05:14:40.450,0.83133,0.83156,4.06,2.10
2011.07.08 05:14:54.308,0.83133,0.83157,4.06,2.25
2011.07.08 05:15:03.589,0.83133,0.83156,4.06,1.50
2011.07.08 05:15:04.540,0.83132,0.83154,3.75,1.50
2011.07.08 05:15:04.870,0.83131,0.83157,3.75,4.50
2011.07.08 05:15:05.638,0.83135,0.83157,1.06,2.25
2011.07.08 05:15:18.749,0.83137,0.83157,1.50,1.50
2011.07.08 05:15:18.859,0.83137,0.8316,1.50,4.50
2011.07.08 05:15:30.510,0.83135,0.83159,1.06,1.50
2011.07.08 05:15:41.108,0.83135,0.83158,1.06,1.50
2011.07.08 05:15:41.801,0.83134,0.83157,4.06,2.25
2011.07.08 05:15:42.336,0.83134,0.83157,4.06,1.50
2011.07.08 05:16:00.518,0.83135,0.83157,1.06,1.50
2011.07.08 05:16:34.289,0.83135,0.83157,1.06,3.00
2011.07.08 05:16:42.210,0.83132,0.83157,3.31,3.00
2011.07.08 05:16:51.419,0.83135,0.83157,1.06,3.00
2011.07.08 05:16:51.969,0.83135,0.83158,1.06,1.88
2011.07.08 05:16:52.520,0.83135,0.83158,1.06,1.88
2011.07.08 05:16:54.634,0.83135,0.83158,1.06,1.50
2011.07.08 05:17:11.811,0.83142,0.83158,3.00,1.50
2011.07.08 05:17:12.142,0.83143,0.83162,1.50,1.13
2011.07.08 05:17:12.358,0.83142,0.83162,3.00,1.88
2011.07.08 05:17:12.580,0.83139,0.83162,1.50,4.88
2011.07.08 05:17:12.800,0.83142,0.83162,3.00,2.25
2011.07.08 05:17:13.129,0.83142,0.83164,4.50,1.88
2011.07.08 05:17:15.029,0.83143,0.83164,3.75,1.50
2011.07.08 05:17:15.251,0.83146,0.83166,1.06,1.50
2011.07.08 05:17:15.359,0.83147,0.83166,3.75,1.50
2011.07.08 05:17:15.581,0.83151,0.83172,1.06,3.75
2011.07.08 05:17:16.130,0.83152,0.83171,1.06,3.00
2011.07.08 05:17:16.680,0.83152,0.83172,1.06,3.75
2011.07.08 05:17:17.989,0.83152,0.83175,1.06,4.88
2011.07.08 05:17:18.210,0.83153,0.83174,1.06,1.50
2011.07.08 05:17:18.429,0.83154,0.83175,1.06,5.25
2011.07.08 05:17:19.219,0.83156,0.83175,1.50,5.25
2011.07.08 05:17:19.439,0.8316,0.83175,1.13,3.00
2011.07.08 05:17:19.549,0.83163,0.8318,1.06,3.00
2011.07.08 05:17:19.769,0.8316,0.83182,1.43,3.75
2011.07.08 05:17:19.989,0.8316,0.83182,1.06,3.75
2011.07.08 05:17:22.132,0.83159,0.83182,1.06,3.75
2011.07.08 05:17:25.803,0.83158,0.83181,1.81,1.13
2011.07.08 05:17:26.029,0.83158,0.83181,1.06,1.13
2011.07.08 05:17:36.512,0.83159,0.83182,1.06,3.75
2011.07.08 05:17:36.619,0.83159,0.83182,1.06,3.75
2011.07.08 05:17:37.390,0.83159,0.83182,1.06,3.75
2011.07.08 05:17:37.939,0.83159,0.83182,1.06,3.75
2011.07.08 05:17:39.800,0.83159,0.83182,1.06,3.75
2011.07.08 05:17:40.422,0.83159,0.83181,1.06,1.50
2011.07.08 05:17:41.468,0.83159,0.83181,1.06,1.50
2011.07.08 05:17:41.689,0.83159,0.83182,1.81,3.75
2011.07.08 05:17:41.909,0.83158,0.83182,1.06,4.13
2011.07.08 05:17:45.989,0.83159,0.83181,1.06,1.13
2011.07.08 05:17:47.030,0.83159,0.83181,1.06,1.13
2011.07.08 05:17:53.300,0.83159,0.83181,1.81,1.13
2011.07.08 05:17:53.410,0.8316,0.83182,1.06,1.50
2011.07.08 05:17:54.070,0.83159,0.83181,1.50,3.75
2011.07.08 05:17:54.509,0.83158,0.83181,1.81,3.75
2011.07.08 05:17:55.059,0.83158,0.83181,1.81,3.75
2011.07.08 05:17:57.039,0.83159,0.83181,1.06,3.75
2011.07.08 05:17:57.590,0.83158,0.83181,1.81,3.75
2011.07.08 05:18:02.979,0.83159,0.83181,1.81,4.13
2011.07.08 05:18:03.528,0.83159,0.83181,1.06,4.88
2011.07.08 05:18:08.859,0.8316,0.83182,1.06,1.88
2011.07.08 05:18:09.409,0.8316,0.83182,1.06,1.50
2011.07.08 05:18:09.848,0.83159,0.83181,1.06,4.50
2011.07.08 05:18:22.819,0.83159,0.83181,1.06,1.50
2011.07.08 05:18:23.459,0.8316,0.83183,1.06,4.50
2011.07.08 05:18:29.271,0.83162,0.83183,1.06,3.75
2011.07.08 05:18:29.600,0.83162,0.83186,4.06,1.50
2011.07.08 05:18:30.149,0.83161,0.83185,6.00,1.13
2011.07.08 05:18:53.150,0.83161,0.83184,3.00,4.50
2011.07.08 05:18:53.864,0.83161,0.83184,3.00,4.50
2011.07.08 05:18:57.130,0.83161,0.83184,3.00,4.50
2011.07.08 05:19:10.289,0.83161,0.83184,3.00,4.50
2011.07.08 05:19:21.188,0.83161,0.83184,3.00,1.50
2011.07.08 05:19:31.660,0.83161,0.83185,3.00,2.63
2011.07.08 05:19:33.126,0.83161,0.83184,3.00,1.50
2011.07.08 05:20:09.280,0.83163,0.83185,3.75,1.50
2011.07.08 05:20:18.260,0.83163,0.83185,3.75,1.50
2011.07.08 05:20:30.110,0.83162,0.83185,3.75,1.50
2011.07.08 05:20:34.879,0.83162,0.83184,3.75,1.50
2011.07.08 05:20:34.992,0.83162,0.83183,3.75,1.13
2011.07.08 05:20:35.320,0.83156,0.83178,3.75,1.50
2011.07.08 05:20:35.651,0.83152,0.83174,1.06,3.00
2011.07.08 05:20:35.869,0.83152,0.83173,1.06,1.50
2011.07.08 05:20:36.091,0.83149,0.83173,1.06,1.50
2011.07.08 05:20:38.295,0.83149,0.8317,1.06,2.85
2011.07.08 05:20:38.411,0.83149,0.83169,1.06,2.25
2011.07.08 05:20:38.520,0.83146,0.83166,1.50,1.50
2011.07.08 05:20:38.850,0.83143,0.83164,1.50,4.50
2011.07.08 05:20:38.960,0.8314,0.83164,4.13,3.75
2011.07.08 05:20:40.264,0.83143,0.83166,3.75,1.50
2011.07.08 05:20:40.385,0.83145,0.83167,3.75,1.50
2011.07.08 05:20:54.469,0.83145,0.83167,3.75,1.50
2011.07.08 05:21:03.331,0.83145,0.83167,3.75,1.50
2011.07.08 05:21:03.659,0.83145,0.83168,3.75,1.35
2011.07.08 05:21:11.019,0.83145,0.83168,3.75,1.35
2011.07.08 05:21:11.462,0.83147,0.83171,3.75,1.50
2011.07.08 05:21:12.010,0.83153,0.83172,1.06,1.50
2011.07.08 05:21:12.121,0.83154,0.83173,3.00,1.50
2011.07.08 05:21:12.231,0.83153,0.83178,1.81,3.00
2011.07.08 05:21:12.341,0.83153,0.83176,1.06,3.00
2011.07.08 05:21:12.560,0.83155,0.83179,3.75,4.50
2011.07.08 05:21:15.500,0.83162,0.83185,3.00,3.75
2011.07.08 05:21:15.719,0.83162,0.83186,6.00,2.25
2011.07.08 05:21:19.239,0.83162,0.83186,6.00,4.50
2011.07.08 05:21:24.230,0.83162,0.83185,6.00,1.50
2011.07.08 05:21:24.450,0.83162,0.83183,3.75,1.50
2011.07.08 05:21:24.781,0.83161,0.83184,6.00,1.50
2011.07.08 05:21:24.893,0.83162,0.83184,1.06,1.50
2011.07.08 05:21:25.640,0.83163,0.83186,3.75,1.35
2011.07.08 05:21:35.721,0.83163,0.83186,4.50,1.35
2011.07.08 05:21:49.859,0.83163,0.83187,3.75,1.50
2011.07.08 05:21:50.189,0.83164,0.83188,4.06,1.50
2011.07.08 05:22:05.430,0.83164,0.83188,1.06,1.50
2011.07.08 05:22:07.679,0.83163,0.83187,3.75,2.25
2011.07.08 05:22:11.140,0.83163,0.83187,3.75,1.50
2011.07.08 05:22:19.219,0.83163,0.83186,3.75,1.50
2011.07.08 05:22:24.553,0.83164,0.83186,1.06,1.50
2011.07.08 05:22:25.109,0.83164,0.83186,1.06,1.50
2011.07.08 05:22:26.004,0.83164,0.83186,1.06,1.50
2011.07.08 05:22:41.650,0.83164,0.83186,1.06,4.50
2011.07.08 05:22:42.199,0.83164,0.83186,1.06,1.50
2011.07.08 05:22:42.823,0.83164,0.83186,1.06,4.50
2011.07.08 05:22:58.022,0.83164,0.83186,1.06,1.50
2011.07.08 05:22:58.818,0.83162,0.83186,3.75,2.25
2011.07.08 05:23:17.979,0.83164,0.83188,1.06,4.50
2011.07.08 05:23:18.528,0.83165,0.83188,1.06,3.75
2011.07.08 05:23:33.858,0.83165,0.83188,1.81,4.50
2011.07.08 05:23:36.128,0.83165,0.83187,1.81,1.50
2011.07.08 05:23:54.279,0.83165,0.83187,1.06,1.50
2011.07.08 05:23:54.812,0.83166,0.83188,1.06,3.75
2011.07.08 05:23:56.889,0.83172,0.83189,3.00,1.50
2011.07.08 05:23:57.495,0.83173,0.83194,5.25,2.25
2011.07.08 05:23:58.430,0.83173,0.83193,1.50,4.35
2011.07.08 05:23:58.540,0.83168,0.83188,1.81,3.75
2011.07.08 05:23:58.650,0.83168,0.83186,1.06,3.00
2011.07.08 05:23:58.761,0.83164,0.83188,1.06,3.75
2011.07.08 05:24:12.190,0.83165,0.83188,1.06,3.75
2011.07.08 05:24:12.521,0.83169,0.83192,1.06,2.25
2011.07.08 05:24:12.630,0.83168,0.83191,1.06,1.50
2011.07.08 05:24:13.181,0.83168,0.83189,1.06,3.75
2011.07.08 05:24:13.696,0.83167,0.83189,1.06,3.75
2011.07.08 05:24:14.379,0.83167,0.83189,1.06,3.75
2011.07.08 05:24:30.300,0.83166,0.83189,1.81,3.75
2011.07.08 05:24:39.133,0.83167,0.83189,1.06,3.75
2011.07.08 05:24:46.022,0.83169,0.83189,1.06,3.00
2011.07.08 05:24:46.131,0.83169,0.83192,1.06,1.50
2011.07.08 05:24:46.462,0.83171,0.83193,3.31,1.50
2011.07.08 05:24:47.009,0.83173,0.83195,1.06,4.50
2011.07.08 05:24:48.400,0.83173,0.83195,1.06,4.50
2011.07.08 05:24:53.180,0.83173,0.83197,4.81,3.75
2011.07.08 05:24:53.292,0.83175,0.83197,1.81,3.75
2011.07.08 05:24:53.511,0.83178,0.832,1.50,1.50
2011.07.08 05:24:54.271,0.83178,0.832,1.81,1.50
2011.07.08 05:24:57.190,0.83178,0.83201,1.81,1.50
2011.07.08 05:24:57.874,0.8318,0.83202,1.06,2.25
2011.07.08 05:25:00.769,0.8318,0.83202,1.06,2.25
2011.07.08 05:25:14.070,0.83182,0.83203,1.06,4.50
2011.07.08 05:25:33.330,0.83182,0.83203,1.06,3.75
2011.07.08 05:25:42.289,0.83182,0.83203,1.06,4.50
2011.07.08 05:25:48.989,0.83182,0.83203,1.06,4.50
2011.07.08 05:25:50.199,0.83182,0.83203,1.06,4.50
2011.07.08 05:26:05.759,0.83181,0.83202,1.81,1.50
2011.07.08 05:26:42.801,0.83181,0.83199,1.81,1.35
2011.07.08 05:26:43.022,0.83171,0.83192,1.06,3.00
2011.07.08 05:26:43.510,0.83171,0.83192,1.06,3.75
2011.07.08 05:26:44.059,0.83168,0.83191,3.75,1.50
2011.07.08 05:26:45.189,0.83168,0.83192,4.06,4.50
2011.07.08 05:26:45.521,0.83171,0.83195,6.31,4.50
2011.07.08 05:26:45.631,0.83171,0.83195,6.31,3.75
2011.07.08 05:26:46.193,0.83176,0.83198,1.06,1.50
2011.07.08 05:27:03.051,0.83176,0.83198,1.06,1.50
2011.07.08 05:27:03.722,0.83175,0.83197,3.75,1.50
2011.07.08 05:27:16.991,0.83174,0.83197,3.75,1.50
2011.07.08 05:27:17.101,0.83174,0.83197,3.75,2.63
2011.07.08 05:27:26.410,0.83174,0.83194,3.00,1.50
2011.07.08 05:27:26.521,0.83171,0.83193,3.31,4.13
2011.07.08 05:27:27.098,0.8317,0.83192,1.06,2.25
2011.07.08 05:27:53.591,0.83171,0.83192,4.50,1.50
2011.07.08 05:27:53.707,0.83174,0.83196,3.75,1.88
2011.07.08 05:27:53.821,0.83174,0.83196,3.75,1.88
2011.07.08 05:28:09.850,0.83174,0.83196,3.75,1.13
2011.07.08 05:28:16.810,0.83174,0.83197,3.75,1.50
2011.07.08 05:28:17.031,0.83175,0.832,1.06,5.63
2011.07.08 05:28:27.470,0.83179,0.832,1.06,3.00
2011.07.08 05:28:27.910,0.83179,0.83202,1.06,1.50
2011.07.08 05:28:28.543,0.83181,0.83203,1.06,4.50
2011.07.08 05:28:38.671,0.8319,0.83203,3.00,1.50
2011.07.08 05:28:39.002,0.83202,0.83212,2.25,1.50
2011.07.08 05:28:39.110,0.83195,0.83212,1.43,1.50
2011.07.08 05:28:39.870,0.83195,0.83216,1.06,2.25
2011.07.08 05:28:40.090,0.83195,0.83215,1.06,1.50
2011.07.08 05:28:41.390,0.83193,0.83213,1.81,2.10
2011.07.08 05:28:41.722,0.83191,0.83209,1.06,3.75
2011.07.08 05:28:41.831,0.83189,0.83208,1.06,3.00
2011.07.08 05:28:42.411,0.83188,0.83209,1.81,3.75
2011.07.08 05:29:00.313,0.83191,0.83214,4.06,1.50
2011.07.08 05:29:00.861,0.83192,0.83213,1.06,1.88
2011.07.08 05:29:01.191,0.83188,0.83211,4.06,1.50
2011.07.08 05:29:02.790,0.83188,0.83212,4.06,1.50
2011.07.08 05:29:06.770,0.83188,0.83212,4.06,1.50
2011.07.08 05:29:07.330,0.83188,0.83213,4.06,3.38
2011.07.08 05:29:09.911,0.83188,0.83212,4.06,1.50
2011.07.08 05:29:10.131,0.83188,0.83211,4.06,1.13
2011.07.08 05:29:10.680,0.83188,0.83212,4.06,3.75
2011.07.08 05:29:12.821,0.83192,0.83213,3.00,1.50
2011.07.08 05:29:12.931,0.83192,0.83213,3.00,1.50
2011.07.08 05:29:13.040,0.83192,0.83215,6.00,1.50
2011.07.08 05:29:13.491,0.83195,0.83217,1.06,1.35
2011.07.08 05:29:31.550,0.83195,0.83217,1.06,2.10
2011.07.08 05:29:53.510,0.83195,0.83217,1.06,2.48
2011.07.08 05:29:56.080,0.83195,0.83217,1.06,2.10
2011.07.08 05:30:01.201,0.83195,0.83217,1.06,2.10
2011.07.08 05:30:02.314,0.83195,0.83217,1.06,1.35
2011.07.08 05:30:03.702,0.83195,0.83217,1.06,2.48
2011.07.08 05:30:04.030,0.83192,0.83215,3.75,2.25
2011.07.08 05:30:14.460,0.83191,0.83215,1.06,1.50
2011.07.08 05:30:19.149,0.83194,0.83218,1.06,1.50
2011.07.08 05:30:30.229,0.83193,0.83215,3.75,2.25
2011.07.08 05:30:47.530,0.83193,0.83215,3.75,1.50
2011.07.08 05:30:47.640,0.83194,0.83217,1.06,4.50
2011.07.08 05:31:02.750,0.83194,0.83216,1.06,1.50
2011.07.08 05:31:12.700,0.83194,0.83217,1.06,4.50
2011.07.08 05:31:33.409,0.83194,0.83216,1.06,1.50
2011.07.08 05:31:42.489,0.83193,0.83218,4.06,1.50
2011.07.08 05:31:47.531,0.83197,0.8322,3.75,1.50
2011.07.08 05:31:47.641,0.83197,0.83221,4.50,3.75
2011.07.08 05:31:47.860,0.83197,0.83221,4.88,4.50
2011.07.08 05:31:47.971,0.832,0.83223,4.06,1.50
2011.07.08 05:31:48.301,0.83203,0.83227,3.75,1.88
2011.07.08 05:31:48.410,0.83203,0.83226,3.00,1.13
2011.07.08 05:31:48.521,0.832,0.83223,1.06,3.75
2011.07.08 05:31:48.630,0.83201,0.83223,1.06,4.50
2011.07.08 05:31:49.180,0.83199,0.83222,1.06,1.50
2011.07.08 05:31:55.311,0.83199,0.83223,1.06,5.25
2011.07.08 05:31:56.380,0.83199,0.83223,1.06,4.50
2011.07.08 05:31:56.712,0.83205,0.83225,3.75,1.50
2011.07.08 05:31:56.931,0.8321,0.83227,1.35,1.50
2011.07.08 05:31:57.152,0.83212,0.83233,4.82,1.13
2011.07.08 05:31:57.262,0.83212,0.83233,4.82,1.13
2011.07.08 05:32:00.244,0.83213,0.83233,1.07,1.95
2011.07.08 05:32:00.692,0.83212,0.83232,4.82,1.50
2011.07.08 05:32:01.022,0.83212,0.83228,3.00,1.13
2011.07.08 05:32:01.132,0.83203,0.83226,1.50,4.50
2011.07.08 05:32:01.241,0.83202,0.83226,1.06,4.50
2011.07.08 05:32:01.461,0.83202,0.83227,1.06,3.75
2011.07.08 05:32:02.011,0.83205,0.83228,4.06,1.50
2011.07.08 05:32:02.601,0.83208,0.83231,3.75,1.50
2011.07.08 05:32:02.820,0.83208,0.83232,3.75,4.50
2011.07.08 05:32:02.929,0.83208,0.83232,3.75,4.50
2011.07.08 05:32:04.275,0.83213,0.83232,1.06,3.75
2011.07.08 05:32:04.403,0.83214,0.83238,4.06,1.50
2011.07.08 05:32:04.731,0.83214,0.83238,4.06,1.50
2011.07.08 05:32:09.201,0.83214,0.83238,3.75,2.25
2011.07.08 05:32:09.530,0.83213,0.83232,1.06,3.00
2011.07.08 05:32:12.259,0.83213,0.83233,1.06,4.50
2011.07.08 05:32:13.692,0.83213,0.83232,1.06,3.00
2011.07.08 05:32:18.101,0.83212,0.83232,1.81,3.00
2011.07.08 05:32:19.152,0.83213,0.83233,1.06,3.75
2011.07.08 05:32:21.390,0.83213,0.83232,1.06,3.00
2011.07.08 05:32:25.229,0.83213,0.83234,1.06,1.50
2011.07.08 05:32:25.341,0.83214,0.83238,3.75,2.25
2011.07.08 05:32:25.450,0.83214,0.83238,3.75,2.25
2011.07.08 05:32:26.000,0.83216,0.83238,1.06,1.50
2011.07.08 05:32:26.860,0.83216,0.83239,1.06,1.50
2011.07.08 05:32:40.350,0.83216,0.83238,1.06,1.88
2011.07.08 05:32:40.790,0.83216,0.83238,1.06,1.50
2011.07.08 05:32:42.651,0.83216,0.83233,1.06,3.00
2011.07.08 05:32:42.873,0.83212,0.83233,1.06,4.50
2011.07.08 05:32:42.980,0.83212,0.83233,1.06,4.50
2011.07.08 05:32:43.564,0.83211,0.83233,1.06,4.50
2011.07.08 05:32:44.670,0.83209,0.83233,1.06,6.00
2011.07.08 05:32:45.259,0.83209,0.83232,1.06,1.50
2011.07.08 05:32:52.960,0.83208,0.83232,1.50,3.00
2011.07.08 05:32:53.619,0.83208,0.8323,1.50,1.50
2011.07.08 05:33:00.491,0.83207,0.83231,4.81,1.50
2011.07.08 05:33:12.540,0.83208,0.83232,3.75,2.25
2011.07.08 05:33:12.770,0.83209,0.83232,1.06,1.50
2011.07.08 05:33:13.341,0.83209,0.83231,1.06,1.50
2011.07.08 05:33:17.453,0.83209,0.8323,1.06,3.75
2011.07.08 05:33:17.569,0.83205,0.83228,1.06,1.13
2011.07.08 05:33:18.146,0.83205,0.83227,1.06,1.50
2011.07.08 05:33:18.264,0.83202,0.83227,1.06,4.50
2011.07.08 05:33:18.775,0.83202,0.83225,1.06,2.25
2011.07.08 05:33:19.231,0.83202,0.83225,1.06,2.25
2011.07.08 05:33:34.900,0.83203,0.83225,3.75,1.50
2011.07.08 05:33:35.341,0.83199,0.83222,1.06,4.50
2011.07.08 05:33:35.559,0.83199,0.83222,1.06,4.88
2011.07.08 05:33:44.479,0.83202,0.83226,6.31,3.75
2011.07.08 05:33:45.031,0.83205,0.83226,3.75,1.88
2011.07.08 05:33:50.553,0.83205,0.83226,3.75,1.88
2011.07.08 05:33:52.210,0.83205,0.83223,3.00,1.13
2011.07.08 05:33:52.322,0.83201,0.83223,1.06,4.13
2011.07.08 05:33:52.432,0.832,0.83223,1.06,4.13
2011.07.08 05:33:52.870,0.832,0.83222,1.06,3.75
2011.07.08 05:33:52.981,0.83198,0.83222,4.81,5.63
2011.07.08 05:33:56.400,0.83198,0.8322,4.06,1.50
2011.07.08 05:33:56.732,0.83192,0.83214,1.50,4.13
2011.07.08 05:33:57.060,0.83189,0.83213,1.50,1.13
2011.07.08 05:33:57.170,0.83188,0.83212,3.75,1.88
2011.07.08 05:33:57.281,0.83188,0.83212,3.75,1.88
2011.07.08 05:33:57.501,0.83188,0.83212,3.75,1.50
2011.07.08 05:33:57.831,0.83191,0.83213,1.06,2.25
2011.07.08 05:33:58.163,0.83192,0.83216,6.00,1.50
2011.07.08 05:33:58.491,0.83192,0.83214,6.00,1.50
2011.07.08 05:33:58.965,0.83189,0.83213,3.75,4.50
2011.07.08 05:34:19.420,0.83189,0.83212,4.50,1.13
2011.07.08 05:34:19.752,0.83189,0.83213,1.50,3.75
2011.07.08 05:34:19.974,0.83191,0.83214,3.75,1.13
2011.07.08 05:34:20.201,0.83195,0.83215,3.75,1.13
2011.07.08 05:34:31.633,0.83188,0.83212,4.13,1.50
2011.07.08 05:34:31.962,0.83188,0.83212,4.88,1.50
2011.07.08 05:34:32.181,0.83186,0.83209,4.06,2.25
2011.07.08 05:34:32.510,0.83186,0.83209,1.06,1.50
2011.07.08 05:34:35.661,0.83185,0.83209,3.75,2.25
2011.07.08 05:34:42.261,0.83185,0.83207,3.75,1.88
2011.07.08 05:34:42.480,0.83183,0.83207,4.06,1.88
2011.07.08 05:34:43.858,0.83185,0.83207,3.75,1.88
2011.07.08 05:34:58.656,0.83185,0.83209,3.75,3.75
2011.07.08 05:35:01.190,0.83187,0.83211,1.06,5.25
2011.07.08 05:35:01.633,0.83189,0.83213,1.06,3.75
2011.07.08 05:35:01.852,0.83193,0.83215,3.75,1.50
2011.07.08 05:35:05.920,0.83193,0.83215,3.75,1.50
2011.07.08 05:35:18.560,0.83193,0.83216,3.75,1.88
2011.07.08 05:35:25.900,0.83193,0.83216,3.75,2.25
2011.07.08 05:36:00.960,0.83193,0.83215,3.75,1.50
2011.07.08 05:36:06.671,0.83191,0.83214,1.06,1.50
2011.07.08 05:36:07.221,0.83188,0.83212,4.06,1.50
2011.07.08 05:36:19.081,0.83188,0.83211,1.06,3.00
2011.07.08 05:36:19.842,0.83188,0.83212,4.06,4.50
2011.07.08 05:36:32.211,0.83188,0.83208,1.06,3.75
2011.07.08 05:36:32.759,0.83186,0.83207,1.50,4.94
2011.07.08 05:36:33.232,0.83184,0.83206,1.06,1.50
2011.07.08 05:36:33.451,0.83183,0.83202,1.06,1.50
2011.07.08 05:36:34.000,0.83178,0.83202,1.50,2.25
2011.07.08 05:36:48.980,0.83179,0.83203,1.06,4.50
2011.07.08 05:36:49.530,0.83179,0.83203,1.06,3.75
2011.07.08 05:37:04.776,0.83179,0.83203,1.43,3.75
2011.07.08 05:37:05.330,0.83179,0.83203,2.56,4.50
2011.07.08 05:37:21.777,0.8318,0.83203,1.88,3.75
2011.07.08 05:37:49.975,0.83182,0.83204,1.06,1.50
2011.07.08 05:38:06.780,0.83182,0.83204,1.06,2.25
2011.07.08 05:38:07.440,0.83182,0.83204,1.06,2.25
2011.07.08 05:38:09.009,0.83182,0.83204,1.06,2.25
2011.07.08 05:38:16.479,0.83181,0.83204,1.06,1.50
2011.07.08 05:38:24.741,0.83189,0.83205,1.50,1.50
2011.07.08 05:38:24.961,0.83187,0.83207,2.25,6.38
2011.07.08 05:38:25.510,0.83188,0.83207,1.50,5.63
2011.07.08 05:38:25.731,0.8319,0.83207,1.06,5.32
2011.07.08 05:38:26.109,0.83193,0.83213,1.88,3.75
2011.07.08 05:38:26.226,0.83195,0.83216,1.06,3.00
2011.07.08 05:38:26.562,0.83197,0.83219,3.75,1.50
2011.07.08 05:38:26.672,0.83199,0.8322,1.13,1.50
2011.07.08 05:38:26.781,0.83199,0.83222,1.88,1.50
2011.07.08 05:38:26.892,0.83199,0.83222,4.88,1.50
2011.07.08 05:38:27.113,0.83201,0.83224,5.56,1.50
2011.07.08 05:38:27.332,0.83202,0.83225,1.06,1.50
2011.07.08 05:38:45.321,0.83202,0.83225,4.06,1.50
2011.07.08 05:38:48.503,0.83201,0.83222,2.56,3.75
2011.07.08 05:38:48.942,0.83202,0.83224,1.06,1.50
2011.07.08 05:38:49.161,0.83202,0.83225,1.06,4.50
2011.07.08 05:38:55.941,0.83201,0.83224,5.56,1.50
2011.07.08 05:38:56.271,0.832,0.83222,1.81,3.75
2011.07.08 05:38:56.710,0.83199,0.83222,1.13,4.50
2011.07.08 05:38:57.300,0.83198,0.83222,5.18,4.50
2011.07.08 05:38:57.632,0.83201,0.83224,3.00,4.50
2011.07.08 05:38:58.367,0.83202,0.83225,1.06,4.50
2011.07.08 05:39:03.245,0.83202,0.83226,1.06,2.25
2011.07.08 05:39:03.854,0.83202,0.83225,1.06,1.50
2011.07.08 05:39:20.261,0.83202,0.83225,1.06,1.50
2011.07.08 05:39:30.230,0.83202,0.83224,1.06,1.50
2011.07.08 05:39:42.111,0.83202,0.83225,1.06,1.50
2011.07.08 05:40:24.330,0.83202,0.83226,1.06,2.63
2011.07.08 05:40:24.950,0.83203,0.83225,3.75,1.50
2011.07.08 05:40:38.020,0.83202,0.83225,1.06,4.88
2011.07.08 05:40:40.179,0.83202,0.83225,1.06,4.88
2011.07.08 05:40:41.591,0.83202,0.83225,4.06,1.88
2011.07.08 05:40:57.390,0.83201,0.83223,6.31,1.50
2011.07.08 05:40:57.831,0.83198,0.83222,4.81,5.25
2011.07.08 05:40:58.160,0.83198,0.83221,4.81,1.50
2011.07.08 05:40:58.270,0.83198,0.83221,4.50,2.25
2011.07.08 05:41:09.322,0.83198,0.83221,4.50,1.50
2011.07.08 05:41:14.451,0.83198,0.83221,4.50,2.25
2011.07.08 05:41:15.000,0.83198,0.83221,4.50,1.50
2011.07.08 05:41:15.560,0.83198,0.83221,4.50,2.25
2011.07.08 05:41:26.551,0.83199,0.83221,1.50,2.25
2011.07.08 05:41:30.871,0.83199,0.83221,1.50,2.25
2011.07.08 05:41:31.091,0.83199,0.83221,1.50,1.50
2011.07.08 05:41:31.532,0.83199,0.83221,1.50,2.25
2011.07.08 05:41:53.081,0.83199,0.83221,1.50,2.25
2011.07.08 05:41:58.530,0.83199,0.83221,1.50,2.25
2011.07.08 05:41:59.080,0.83199,0.83221,1.50,1.50
2011.07.08 05:41:59.609,0.83199,0.83221,1.50,1.50
2011.07.08 05:42:00.930,0.83199,0.83221,1.50,1.50
2011.07.08 05:42:15.181,0.83202,0.83223,1.06,1.50
2011.07.08 05:42:15.291,0.83202,0.83223,1.06,1.50
2011.07.08 05:42:15.621,0.83204,0.83226,3.75,1.50
2011.07.08 05:42:33.834,0.83202,0.83226,6.31,1.50
2011.07.08 05:42:43.722,0.83202,0.83224,4.06,2.63
2011.07.08 05:42:43.831,0.83201,0.83222,1.06,1.50
2011.07.08 05:42:44.051,0.83203,0.83223,3.75,1.50
2011.07.08 05:42:44.381,0.83203,0.83226,3.75,2.25
2011.07.08 05:42:56.131,0.83202,0.83226,3.75,1.50
2011.07.08 05:42:56.680,0.83202,0.83226,3.75,1.50
2011.07.08 05:43:00.632,0.83202,0.83226,3.75,1.88
2011.07.08 05:43:12.961,0.83202,0.83226,3.75,1.88
2011.07.08 05:43:14.221,0.83202,0.83226,3.75,2.63
2011.07.08 05:43:32.703,0.83202,0.83225,3.75,1.13
2011.07.08 05:43:33.413,0.83204,0.83225,3.75,1.13
2011.07.08 05:43:39.263,0.83204,0.83225,3.75,1.13
2011.07.08 05:43:51.275,0.83202,0.83225,4.06,1.13
2011.07.08 05:44:18.213,0.83202,0.83226,4.06,1.13
2011.07.08 05:44:21.894,0.83203,0.83226,3.75,1.13
2011.07.08 05:44:26.783,0.83204,0.83228,3.75,5.25
2011.07.08 05:44:27.747,0.83207,0.83228,3.75,5.25
2011.07.08 05:44:28.073,0.83209,0.83231,1.50,2.25
2011.07.08 05:44:40.384,0.83209,0.83231,1.13,2.25
2011.07.08 05:44:40.494,0.83209,0.83226,1.13,1.50
2011.07.08 05:44:40.604,0.83203,0.83226,1.50,2.25
2011.07.08 05:44:40.713,0.83202,0.83226,6.75,1.50
2011.07.08 05:45:36.446,0.83211,0.83226,3.00,1.50
2011.07.08 05:45:36.942,0.83211,0.8323,3.75,1.50
2011.07.08 05:45:37.061,0.83204,0.83227,4.66,1.13
2011.07.08 05:45:39.363,0.83204,0.83227,4.35,2.25
2011.07.08 05:45:43.645,0.83204,0.83226,3.60,1.50
2011.07.08 05:45:44.193,0.83199,0.83223,1.06,1.50
2011.07.08 05:45:49.195,0.83199,0.83224,1.81,4.50
2011.07.08 05:45:52.916,0.83199,0.83222,1.81,3.00
2011.07.08 05:46:01.985,0.83199,0.83222,1.81,3.00
2011.07.08 05:46:17.125,0.83199,0.83222,1.81,3.00
2011.07.08 05:46:26.706,0.83199,0.83222,3.31,3.00
2011.07.08 05:46:27.034,0.83205,0.83227,4.06,1.50
2011.07.08 05:46:28.133,0.83205,0.83228,4.06,1.50
2011.07.08 05:46:28.653,0.83206,0.83229,1.06,3.75
2011.07.08 05:46:38.694,0.83206,0.83229,1.06,4.13
2011.07.08 05:46:44.574,0.83206,0.83228,1.06,1.13
2011.07.08 05:46:45.106,0.83205,0.83226,3.75,1.50
2011.07.08 05:46:48.484,0.83205,0.83226,3.75,3.75
2011.07.08 05:46:48.705,0.83201,0.83223,1.06,5.10
2011.07.08 05:46:49.254,0.83198,0.83222,1.50,2.85
2011.07.08 05:46:52.565,0.83198,0.83222,1.88,2.25
2011.07.08 05:46:52.895,0.832,0.83223,3.75,1.50
2011.07.08 05:46:53.114,0.83201,0.83225,3.75,1.50
2011.07.08 05:46:55.365,0.83203,0.83226,3.75,1.88
2011.07.08 05:46:56.155,0.83203,0.83225,3.75,1.50
2011.07.08 05:47:01.305,0.83202,0.83227,1.06,5.25
2011.07.08 05:47:01.854,0.83202,0.83226,1.06,1.50
2011.07.08 05:47:02.184,0.83204,0.83226,3.75,1.50
2011.07.08 05:47:36.164,0.83202,0.83225,4.06,1.13
2011.07.08 05:47:43.324,0.83203,0.83226,3.75,1.13
2011.07.08 05:47:46.645,0.83203,0.83226,3.75,1.88
2011.07.08 05:47:47.744,0.83202,0.83225,4.06,1.50
2011.07.08 05:47:48.377,0.83202,0.83225,3.75,1.50
2011.07.08 05:47:50.334,0.83202,0.83225,4.06,1.50
2011.07.08 05:47:57.875,0.832,0.83222,1.06,3.75
2011.07.08 05:47:58.783,0.83198,0.83222,5.78,4.13
2011.07.08 05:47:59.124,0.83205,0.83226,3.75,1.88
2011.07.08 05:47:59.674,0.83204,0.83226,1.06,1.88
2011.07.08 05:48:06.245,0.83201,0.83222,1.06,3.75
2011.07.08 05:48:08.184,0.83198,0.83222,5.18,3.75
2011.07.08 05:48:08.624,0.83202,0.83225,3.75,1.50
2011.07.08 05:48:16.824,0.83202,0.83225,3.75,2.25
2011.07.08 05:48:22.098,0.83202,0.83224,3.75,1.50
2011.07.08 05:48:22.216,0.83198,0.83223,2.18,4.50
2011.07.08 05:48:22.757,0.83198,0.83223,2.18,5.25
2011.07.08 05:48:24.935,0.83201,0.83223,3.75,1.50
2011.07.08 05:48:25.155,0.83202,0.83223,3.75,1.50
2011.07.08 05:48:25.594,0.83202,0.83226,3.75,1.50
2011.07.08 05:48:26.475,0.83202,0.83225,3.75,1.13
2011.07.08 05:48:28.574,0.83202,0.83224,3.75,1.13
2011.07.08 05:48:29.123,0.832,0.83222,1.50,3.75
2011.07.08 05:48:29.703,0.83198,0.83222,4.06,3.75
2011.07.08 05:48:35.786,0.83198,0.83222,4.06,4.13
2011.07.08 05:48:42.114,0.83198,0.83221,4.50,2.25
2011.07.08 05:48:50.504,0.83199,0.83222,1.06,4.50
2011.07.08 05:48:51.564,0.83204,0.83222,3.75,1.50
2011.07.08 05:48:51.785,0.83203,0.83225,3.75,2.25
2011.07.08 05:48:52.333,0.83203,0.83224,3.75,1.50
2011.07.08 05:48:54.795,0.83203,0.83221,3.00,1.50
2011.07.08 05:48:54.906,0.83199,0.83221,1.06,1.50
2011.07.08 05:48:55.124,0.83199,0.83221,1.06,1.50
2011.07.08 05:48:55.757,0.83198,0.83221,3.75,2.25
2011.07.08 05:49:10.833,0.83198,0.83221,3.75,1.50
2011.07.08 05:49:11.384,0.83199,0.83222,1.06,3.75
2011.07.08 05:49:31.416,0.832,0.83222,1.13,3.75
2011.07.08 05:49:31.526,0.83202,0.83225,1.06,1.88
2011.07.08 05:49:32.074,0.83203,0.83226,4.13,1.50
2011.07.08 05:49:32.296,0.83207,0.83228,3.75,1.13
2011.07.08 05:49:32.624,0.83207,0.83229,4.50,2.25
2011.07.08 05:49:33.317,0.83207,0.83229,4.50,1.50
2011.07.08 05:49:34.324,0.83207,0.83229,4.50,2.25
2011.07.08 05:49:34.764,0.83208,0.8323,1.06,1.88
2011.07.08 05:49:43.475,0.83208,0.83231,1.06,4.50
2011.07.08 05:49:43.584,0.83207,0.83231,4.50,5.25
2011.07.08 05:49:43.914,0.83205,0.83228,3.68,1.50
2011.07.08 05:49:44.024,0.83206,0.83228,1.43,1.50
2011.07.08 05:49:44.574,0.83206,0.83228,1.43,1.50
2011.07.08 05:49:49.225,0.83206,0.83228,1.43,1.50
2011.07.08 05:50:00.464,0.83207,0.83228,1.13,1.50
2011.07.08 05:50:00.684,0.83207,0.83228,1.13,1.50
2011.07.08 05:50:05.505,0.83207,0.83228,1.13,1.50
2011.07.08 05:50:05.947,0.83207,0.83231,4.81,3.75
2011.07.08 05:50:10.366,0.83207,0.83231,4.81,4.50
2011.07.08 05:50:10.693,0.83207,0.83231,4.81,4.50
2011.07.08 05:50:11.243,0.83207,0.83231,5.56,4.50
2011.07.08 05:50:11.793,0.83207,0.83231,5.56,3.75
2011.07.08 05:50:12.405,0.83207,0.83231,5.56,4.50
2011.07.08 05:50:12.624,0.83207,0.83231,4.81,4.50
2011.07.08 05:50:12.954,0.83207,0.83231,4.81,4.50
2011.07.08 05:50:13.504,0.83211,0.83231,1.13,3.00
2011.07.08 05:50:19.435,0.83211,0.83231,1.73,3.00
2011.07.08 05:50:26.795,0.83214,0.83233,2.03,1.50
2011.07.08 05:50:27.124,0.83215,0.83238,1.35,1.50
2011.07.08 05:50:27.345,0.83218,0.8324,5.10,1.50
2011.07.08 05:50:29.174,0.83218,0.8324,5.10,1.50
2011.07.08 05:50:30.805,0.83218,0.8324,5.85,1.50
2011.07.08 05:50:31.595,0.83218,0.8324,5.10,1.50
2011.07.08 05:50:32.254,0.83218,0.83239,3.75,1.50
2011.07.08 05:50:32.938,0.83218,0.8324,3.75,2.25
2011.07.08 05:50:34.355,0.83218,0.83239,3.75,1.50
2011.07.08 05:50:35.385,0.83218,0.8324,4.35,2.25
2011.07.08 05:50:39.634,0.83218,0.8324,1.35,1.50
2011.07.08 05:50:39.964,0.83218,0.8324,1.35,1.50
2011.07.08 05:50:40.515,0.83218,0.8324,1.35,4.50
2011.07.08 05:50:41.064,0.83218,0.83239,1.35,3.00
2011.07.08 05:50:42.744,0.83218,0.83239,1.35,4.50
2011.07.08 05:50:52.567,0.83218,0.83239,1.35,3.75
2011.07.08 05:50:57.974,0.83219,0.83241,1.06,4.13
2011.07.08 05:50:58.089,0.83218,0.83239,1.35,3.00
2011.07.08 05:50:58.316,0.83218,0.8324,1.35,4.50
2011.07.08 05:50:59.745,0.83217,0.83236,1.35,1.50
2011.07.08 05:51:00.253,0.83215,0.83236,3.75,1.50
2011.07.08 05:51:00.475,0.83215,0.83236,3.75,1.50
2011.07.08 05:51:18.555,0.83215,0.83234,3.00,2.25
2011.07.08 05:51:21.657,0.83213,0.83237,1.06,1.50
2011.07.08 05:51:45.844,0.83217,0.83239,1.06,4.50
2011.07.08 05:51:45.955,0.83217,0.83239,1.06,4.50
2011.07.08 05:51:57.466,0.83217,0.83239,1.06,4.50
2011.07.08 05:51:57.686,0.83217,0.83239,1.06,4.50
2011.07.08 05:51:59.055,0.83217,0.83239,1.06,4.50
2011.07.08 05:52:43.775,0.83217,0.83241,1.06,1.50
2011.07.08 05:52:44.460,0.8322,0.83243,1.06,4.50
2011.07.08 05:52:45.447,0.8322,0.83243,4.06,2.25
2011.07.08 05:52:56.566,0.83224,0.83243,3.75,1.50
2011.07.08 05:52:56.785,0.83224,0.83241,3.00,1.50
2011.07.08 05:52:56.896,0.8322,0.83241,1.06,1.50
2011.07.08 05:52:57.005,0.8322,0.83243,1.06,5.25
2011.07.08 05:53:10.276,0.83231,0.83243,3.00,2.25
2011.07.08 05:53:10.606,0.83221,0.83243,1.06,3.00
2011.07.08 05:53:10.825,0.83222,0.83243,1.06,3.75
2011.07.08 05:53:13.556,0.83222,0.83245,1.06,4.13
2011.07.08 05:53:13.775,0.83225,0.83246,3.75,1.50
2011.07.08 05:53:14.324,0.83223,0.83247,3.75,2.25
2011.07.08 05:53:17.297,0.83225,0.83247,1.06,1.50
2011.07.08 05:53:17.405,0.83225,0.83247,1.06,1.88
2011.07.08 05:53:17.956,0.83223,0.83246,4.06,1.13
2011.07.08 05:53:24.645,0.83223,0.83247,3.75,6.23
2011.07.08 05:53:25.195,0.83224,0.83246,3.75,1.50
2011.07.08 05:53:25.526,0.83228,0.83247,1.50,1.50
2011.07.08 05:53:27.246,0.83228,0.83247,1.50,1.50
2011.07.08 05:53:31.274,0.83228,0.83249,1.88,1.13
2011.07.08 05:53:35.958,0.83229,0.8325,1.13,1.13
2011.07.08 05:53:36.069,0.83229,0.8325,1.13,1.13
2011.07.08 05:53:36.186,0.83229,0.83249,1.13,1.88
2011.07.08 05:53:46.404,0.83228,0.83249,1.50,1.50
2011.07.08 05:53:47.744,0.83228,0.83249,1.50,1.50
2011.07.08 05:53:55.007,0.83227,0.83246,1.13,1.50
2011.07.08 05:53:55.995,0.83227,0.83245,1.13,2.25
2011.07.08 05:53:56.216,0.83223,0.83242,3.75,3.00
2011.07.08 05:53:56.655,0.83219,0.83243,1.50,2.10
2011.07.08 05:54:00.775,0.83219,0.83243,1.13,5.18
2011.07.08 05:54:01.339,0.83219,0.83243,1.13,5.18
2011.07.08 05:54:01.460,0.83219,0.83242,1.13,3.75
2011.07.08 05:54:01.905,0.83219,0.83243,1.13,2.25
2011.07.08 05:54:18.185,0.83221,0.83242,1.13,1.50
2011.07.08 05:54:18.516,0.83226,0.83248,3.75,2.25
2011.07.08 05:54:23.907,0.83224,0.83247,6.38,1.50
2011.07.08 05:54:24.236,0.83227,0.8325,1.88,1.88
2011.07.08 05:54:24.675,0.83227,0.8325,1.50,1.50
2011.07.08 05:54:25.005,0.83228,0.83252,1.06,4.50
2011.07.08 05:54:49.586,0.83231,0.83252,1.50,3.00
2011.07.08 05:54:52.486,0.83233,0.83254,1.06,3.08
2011.07.08 05:54:52.717,0.83233,0.83254,1.06,4.50
2011.07.08 05:54:57.406,0.8323,0.83252,1.81,3.75
2011.07.08 05:55:10.955,0.83231,0.83252,1.88,3.00
2011.07.08 05:55:43.195,0.8323,0.83252,1.13,3.75
2011.07.08 05:55:43.744,0.8323,0.83252,1.13,3.00
2011.07.08 05:55:45.295,0.8323,0.83252,1.13,3.75
2011.07.08 05:55:45.625,0.83229,0.83252,1.06,5.25
2011.07.08 05:55:49.224,0.83229,0.83252,1.06,4.50
2011.07.08 05:55:49.448,0.83231,0.83252,1.66,3.75
2011.07.08 05:55:49.556,0.83233,0.83255,1.88,4.50
2011.07.08 05:55:49.667,0.83236,0.8326,1.06,4.88
2011.07.08 05:55:52.466,0.83238,0.83261,4.81,1.13
2011.07.08 05:55:53.015,0.83239,0.8326,1.13,1.88
2011.07.08 05:55:55.817,0.83239,0.83259,1.13,1.50
2011.07.08 05:55:56.146,0.83236,0.83256,3.38,1.13
2011.07.08 05:56:04.884,0.83235,0.83257,4.43,1.50
2011.07.08 05:56:07.365,0.83235,0.83257,3.68,1.50
2011.07.08 05:56:07.925,0.83234,0.83256,1.43,1.13
2011.07.08 05:56:24.845,0.83235,0.83256,1.06,1.13
2011.07.08 05:56:25.395,0.83235,0.83257,1.06,1.88
2011.07.08 05:56:37.376,0.83235,0.83257,1.06,1.88
2011.07.08 05:56:42.705,0.83235,0.83257,1.06,1.88
2011.07.08 05:56:43.036,0.83234,0.83257,3.68,1.88
2011.07.08 05:56:43.254,0.83232,0.83254,4.06,1.50
2011.07.08 05:56:58.595,0.83232,0.83254,4.06,1.50
2011.07.08 05:56:59.144,0.83236,0.83257,3.75,1.50
2011.07.08 05:56:59.365,0.83235,0.83257,3.75,1.50
2011.07.08 05:57:06.185,0.83233,0.83255,3.75,1.50
2011.07.08 05:57:06.734,0.83233,0.83254,3.75,1.50
2011.07.08 05:57:18.047,0.83233,0.83255,3.75,1.50
2011.07.08 05:57:36.475,0.83235,0.83257,3.75,1.88
2011.07.08 05:57:58.514,0.83235,0.83256,3.75,1.88
2011.07.08 05:57:59.064,0.83232,0.83255,4.06,1.50
2011.07.08 05:58:09.554,0.83236,0.83257,3.75,1.88
2011.07.08 05:58:15.254,0.83233,0.83256,3.75,1.50
2011.07.08 05:58:16.134,0.83233,0.83255,3.75,1.50
2011.07.08 05:58:30.734,0.83234,0.83256,3.75,1.50
2011.07.08 05:58:32.094,0.83234,0.83257,3.75,2.25
2011.07.08 05:58:51.695,0.83234,0.83256,3.75,1.50
2011.07.08 05:58:52.244,0.83232,0.83257,4.81,2.63
2011.07.08 05:58:53.894,0.83234,0.83256,3.75,1.50
2011.07.08 05:59:00.194,0.83234,0.83256,3.75,2.63
2011.07.08 05:59:18.235,0.83233,0.83256,3.75,2.25
2011.07.08 05:59:19.014,0.83234,0.83255,3.75,1.50
2011.07.08 05:59:36.325,0.83234,0.83256,3.75,2.25
2011.07.08 05:59:36.888,0.83234,0.83255,3.75,1.50
2011.07.08 05:59:40.925,0.83234,0.83256,3.75,1.50
2011.07.08 05:59:51.424,0.83235,0.83257,3.75,2.25
