2011.06.14 02:00:06.278,0.81552,0.81577,1.13,4.50
2011.06.14 02:00:06.811,0.81552,0.81575,1.13,3.75
2011.06.14 02:00:21.930,0.81552,0.81575,1.13,3.75
2011.06.14 02:00:31.137,0.81552,0.81575,1.13,3.75
2011.06.14 02:00:31.359,0.81552,0.81575,1.13,3.75
2011.06.14 02:00:44.520,0.81555,0.81582,1.13,1.13
2011.06.14 02:00:44.633,0.81555,0.81586,1.13,4.88
2011.06.14 02:00:44.754,0.81559,0.81587,1.50,1.50
2011.06.14 02:00:45.091,0.81595,0.81604,2.25,1.28
2011.06.14 02:00:45.201,0.81595,0.81606,2.25,4.50
2011.06.14 02:00:45.530,0.81589,0.81609,2.25,2.25
2011.06.14 02:00:46.729,0.81604,0.8161,1.50,4.50
2011.06.14 02:00:46.840,0.81604,0.81614,1.50,4.50
2011.06.14 02:00:47.921,0.81604,0.81629,2.25,1.65
2011.06.14 02:00:48.031,0.81612,0.81628,1.50,1.28
2011.06.14 02:00:48.689,0.81605,0.81627,1.13,1.88
2011.06.14 02:00:49.252,0.81624,0.81635,1.50,1.50
2011.06.14 02:00:49.590,0.81626,0.81636,1.50,1.50
2011.06.14 02:00:53.240,0.81628,0.8165,1.50,2.25
2011.06.14 02:00:53.459,0.81628,0.81636,1.50,1.50
2011.06.14 02:00:53.900,0.81632,0.81652,1.13,2.25
2011.06.14 02:00:54.669,0.81632,0.81651,1.13,1.88
2011.06.14 02:00:55.591,0.81632,0.81652,1.13,2.25
2011.06.14 02:00:55.920,0.81633,0.81653,2.40,4.50
2011.06.14 02:00:56.032,0.81634,0.81653,1.65,4.50
2011.06.14 02:00:56.343,0.81639,0.81653,1.13,3.75
2011.06.14 02:00:56.570,0.81634,0.81656,1.88,2.25
2011.06.14 02:00:57.010,0.81638,0.81656,1.65,5.25
2011.06.14 02:00:57.343,0.8165,0.81656,1.88,3.75
2011.06.14 02:00:57.682,0.81652,0.81679,3.38,1.65
2011.06.14 02:00:57.909,0.81656,0.81676,1.13,4.50
2011.06.14 02:00:58.131,0.81656,0.81678,1.88,5.25
2011.06.14 02:00:58.792,0.81656,0.81677,2.63,4.50
2011.06.14 02:00:59.341,0.81656,0.81677,1.13,4.50
2011.06.14 02:01:00.045,0.81656,0.81677,1.13,4.50
2011.06.14 02:01:00.170,0.81672,0.81688,4.13,1.60
2011.06.14 02:01:00.392,0.81677,0.81697,1.50,5.44
2011.06.14 02:01:00.722,0.8169,0.81701,1.50,1.69
2011.06.14 02:01:00.842,0.81693,0.8171,1.50,1.50
2011.06.14 02:01:01.289,0.81687,0.81707,2.63,1.50
2011.06.14 02:01:02.080,0.81687,0.81707,1.88,1.50
2011.06.14 02:01:03.333,0.81687,0.81707,1.88,1.50
2011.06.14 02:01:03.780,0.81686,0.81705,1.50,1.88
2011.06.14 02:01:03.889,0.81683,0.81705,2.25,1.88
2011.06.14 02:01:04.220,0.81693,0.81707,1.50,1.13
2011.06.14 02:01:04.329,0.81693,0.8171,1.50,1.13
2011.06.14 02:01:04.442,0.81693,0.81716,1.50,1.50
2011.06.14 02:01:04.562,0.81693,0.81716,1.50,1.50
2011.06.14 02:01:04.791,0.81694,0.81717,1.50,1.32
2011.06.14 02:01:05.010,0.81696,0.81717,1.50,1.50
2011.06.14 02:01:05.341,0.81685,0.81709,2.40,1.88
2011.06.14 02:01:05.450,0.81685,0.81709,2.40,1.88
2011.06.14 02:01:06.106,0.81684,0.81708,1.50,1.88
2011.06.14 02:01:06.220,0.81684,0.81708,1.50,1.88
2011.06.14 02:01:06.550,0.81683,0.81709,2.25,1.13
2011.06.14 02:01:06.991,0.81701,0.81722,4.28,1.50
2011.06.14 02:01:07.101,0.81712,0.81726,1.50,4.32
2011.06.14 02:01:07.211,0.81714,0.81724,1.13,1.50
2011.06.14 02:01:07.325,0.81698,0.81723,7.54,1.88
2011.06.14 02:01:07.443,0.81693,0.81719,2.40,1.50
2011.06.14 02:01:07.563,0.817,0.81717,3.98,1.50
2011.06.14 02:01:07.680,0.817,0.8171,3.94,1.13
2011.06.14 02:01:07.790,0.81691,0.81707,1.50,1.13
2011.06.14 02:01:07.900,0.81685,0.81704,1.50,1.13
2011.06.14 02:01:08.119,0.8168,0.81704,1.13,1.13
2011.06.14 02:01:08.889,0.8168,0.81704,1.28,1.13
2011.06.14 02:01:09.531,0.8168,0.81704,1.28,1.13
2011.06.14 02:01:10.192,0.8168,0.81704,1.28,1.13
2011.06.14 02:01:10.883,0.8168,0.81704,1.28,1.13
2011.06.14 02:01:11.479,0.8168,0.81704,1.28,1.13
2011.06.14 02:01:11.700,0.81676,0.817,1.65,1.88
2011.06.14 02:01:11.811,0.81675,0.817,2.03,1.88
2011.06.14 02:01:11.920,0.81675,0.81699,1.50,1.13
2011.06.14 02:01:12.140,0.81675,0.81699,2.25,1.13
2011.06.14 02:01:12.469,0.81677,0.81699,1.50,1.13
2011.06.14 02:01:12.582,0.81689,0.81706,1.13,1.13
2011.06.14 02:01:13.122,0.81691,0.81717,1.13,1.50
2011.06.14 02:01:13.703,0.8169,0.81716,1.13,1.50
2011.06.14 02:01:13.934,0.8169,0.81717,1.13,1.88
2011.06.14 02:01:14.669,0.81693,0.81718,1.13,1.50
2011.06.14 02:01:14.889,0.8169,0.81717,1.13,1.50
2011.06.14 02:01:15.839,0.81686,0.81716,2.25,1.88
2011.06.14 02:01:16.389,0.8169,0.81717,1.13,1.88
2011.06.14 02:01:16.951,0.8169,0.81717,1.13,1.50
2011.06.14 02:01:17.459,0.81691,0.81716,1.13,1.50
2011.06.14 02:01:18.065,0.81692,0.81719,1.13,1.50
2011.06.14 02:01:18.512,0.8169,0.81717,1.13,1.88
2011.06.14 02:01:18.738,0.8169,0.81717,1.13,1.88
2011.06.14 02:01:19.309,0.81691,0.81717,1.13,1.50
2011.06.14 02:01:19.650,0.81692,0.81718,1.13,1.50
2011.06.14 02:01:20.312,0.81693,0.81717,1.13,1.50
2011.06.14 02:01:20.533,0.81686,0.81708,2.25,1.50
2011.06.14 02:01:20.651,0.81685,0.81707,1.13,2.25
2011.06.14 02:01:20.761,0.81682,0.81707,1.13,2.25
2011.06.14 02:01:20.882,0.81681,0.81704,1.50,1.50
2011.06.14 02:01:21.172,0.81681,0.81704,1.50,1.50
2011.06.14 02:01:22.050,0.81682,0.81704,1.88,1.50
2011.06.14 02:01:22.378,0.81678,0.81701,1.13,1.50
2011.06.14 02:01:22.489,0.81675,0.817,3.38,1.13
2011.06.14 02:01:23.401,0.81675,0.81698,1.88,1.50
2011.06.14 02:01:24.169,0.81675,0.81698,1.88,1.50
2011.06.14 02:01:25.388,0.81675,0.81698,1.88,1.50
2011.06.14 02:01:25.719,0.81684,0.81698,1.50,1.50
2011.06.14 02:01:25.939,0.81689,0.8171,1.88,1.50
2011.06.14 02:01:26.050,0.81692,0.81714,1.50,1.13
2011.06.14 02:01:26.599,0.81692,0.81714,1.50,1.13
2011.06.14 02:01:26.709,0.81689,0.81707,1.50,1.50
2011.06.14 02:01:26.931,0.81678,0.81701,1.65,1.50
2011.06.14 02:01:27.153,0.81671,0.81701,2.03,1.50
2011.06.14 02:01:27.491,0.81665,0.8169,1.65,1.50
2011.06.14 02:01:27.601,0.81663,0.8169,2.40,1.88
2011.06.14 02:01:28.150,0.81664,0.81688,1.65,1.50
2011.06.14 02:01:30.130,0.81664,0.81688,1.65,1.50
2011.06.14 02:01:30.349,0.81664,0.81688,1.65,1.50
2011.06.14 02:01:30.901,0.81664,0.81688,1.65,1.50
2011.06.14 02:01:31.013,0.81664,0.81688,1.65,1.50
2011.06.14 02:01:34.398,0.81663,0.81673,1.50,1.13
2011.06.14 02:01:34.619,0.81656,0.8167,3.75,1.69
2011.06.14 02:01:34.729,0.81651,0.8167,4.50,1.50
2011.06.14 02:01:34.841,0.81663,0.81675,1.13,1.50
2011.06.14 02:01:35.060,0.81658,0.81675,1.13,1.50
2011.06.14 02:01:35.169,0.81658,0.81684,1.88,1.88
2011.06.14 02:01:35.280,0.81658,0.81685,1.88,1.50
2011.06.14 02:01:35.829,0.81658,0.81685,1.88,5.63
2011.06.14 02:01:36.271,0.81673,0.81688,1.50,1.13
2011.06.14 02:01:36.599,0.81659,0.81685,5.25,1.13
2011.06.14 02:01:36.708,0.81659,0.81684,3.75,1.13
2011.06.14 02:01:36.928,0.81656,0.81684,5.25,1.13
2011.06.14 02:01:37.479,0.81657,0.81684,1.50,1.13
2011.06.14 02:01:38.221,0.81663,0.81685,1.50,4.13
2011.06.14 02:01:38.331,0.81663,0.81688,1.50,1.13
2011.06.14 02:01:38.971,0.81662,0.81678,3.75,1.50
2011.06.14 02:01:39.299,0.81662,0.81679,3.75,1.88
2011.06.14 02:01:39.409,0.81653,0.81678,1.88,1.13
2011.06.14 02:01:39.520,0.81657,0.81678,1.13,1.88
2011.06.14 02:01:39.629,0.81657,0.81678,1.13,1.88
2011.06.14 02:01:39.958,0.81657,0.8168,1.13,1.13
2011.06.14 02:01:40.619,0.81657,0.8168,1.13,1.13
2011.06.14 02:01:41.209,0.81658,0.81681,1.13,1.88
2011.06.14 02:01:41.429,0.81658,0.81681,1.13,1.13
2011.06.14 02:01:42.197,0.81658,0.81682,2.25,1.13
2011.06.14 02:01:43.973,0.81663,0.81683,1.88,1.13
2011.06.14 02:01:44.475,0.81666,0.81684,1.50,1.13
2011.06.14 02:01:44.808,0.81667,0.81684,1.50,1.13
2011.06.14 02:01:45.368,0.81667,0.81682,1.50,1.13
2011.06.14 02:01:45.869,0.81667,0.81683,1.50,1.13
2011.06.14 02:01:45.979,0.81667,0.81683,1.50,1.13
2011.06.14 02:01:46.198,0.81667,0.81682,1.50,1.13
2011.06.14 02:01:46.701,0.81667,0.81686,1.50,1.32
2011.06.14 02:01:46.918,0.81666,0.81688,2.25,1.32
2011.06.14 02:01:47.878,0.8167,0.81689,1.50,4.32
2011.06.14 02:01:48.211,0.81674,0.81698,5.03,1.13
2011.06.14 02:01:48.435,0.81674,0.81698,1.28,4.88
2011.06.14 02:01:49.048,0.81674,0.81693,1.28,1.13
2011.06.14 02:01:49.578,0.81674,0.81693,1.28,1.13
2011.06.14 02:01:50.348,0.81674,0.81693,1.28,1.13
2011.06.14 02:01:51.119,0.81674,0.81694,1.28,1.13
2011.06.14 02:01:51.231,0.81669,0.81691,5.03,1.88
2011.06.14 02:01:51.339,0.81667,0.81688,1.50,4.50
2011.06.14 02:01:51.449,0.81667,0.81688,1.50,4.69
2011.06.14 02:01:52.162,0.81667,0.81688,1.50,4.69
2011.06.14 02:01:53.930,0.81667,0.81687,2.25,1.13
2011.06.14 02:01:55.608,0.81667,0.81687,1.88,1.13
2011.06.14 02:01:56.698,0.81667,0.81687,1.13,1.13
2011.06.14 02:01:56.809,0.81667,0.81687,1.88,1.13
2011.06.14 02:01:57.143,0.81679,0.81696,1.13,1.22
2011.06.14 02:01:57.263,0.81675,0.81695,1.13,1.69
2011.06.14 02:01:58.521,0.81684,0.81697,1.13,1.81
2011.06.14 02:01:58.740,0.81675,0.81697,1.50,1.81
2011.06.14 02:01:58.849,0.81675,0.81701,1.50,1.88
2011.06.14 02:01:58.959,0.8168,0.81698,1.13,1.50
2011.06.14 02:01:59.555,0.8168,0.81698,1.13,1.50
2011.06.14 02:02:00.680,0.81673,0.81692,1.13,1.13
2011.06.14 02:02:00.901,0.81668,0.81692,4.65,1.13
2011.06.14 02:02:01.010,0.81674,0.81692,1.13,1.13
2011.06.14 02:02:01.340,0.81674,0.81687,1.13,2.44
2011.06.14 02:02:01.559,0.81665,0.81687,1.13,2.07
2011.06.14 02:02:06.253,0.81665,0.81688,1.13,2.07
2011.06.14 02:02:06.807,0.81665,0.81687,1.13,1.32
2011.06.14 02:02:08.398,0.81665,0.81687,1.13,1.32
2011.06.14 02:02:09.048,0.81665,0.81687,1.13,2.44
2011.06.14 02:02:09.840,0.81665,0.81687,1.13,1.69
2011.06.14 02:02:10.399,0.81665,0.81687,1.13,2.07
2011.06.14 02:02:12.091,0.81665,0.81686,1.13,1.88
2011.06.14 02:02:14.167,0.81665,0.81687,1.13,2.44
2011.06.14 02:02:15.518,0.81665,0.81688,1.50,1.32
2011.06.14 02:02:16.077,0.81665,0.81687,1.13,1.32
2011.06.14 02:02:16.742,0.81665,0.81688,1.13,2.07
2011.06.14 02:02:17.858,0.81665,0.81687,1.13,1.32
2011.06.14 02:02:18.411,0.81665,0.81688,1.13,2.07
2011.06.14 02:02:19.621,0.81665,0.81687,1.13,2.44
2011.06.14 02:02:29.700,0.81663,0.81686,1.50,1.13
2011.06.14 02:02:30.262,0.8166,0.8168,1.13,1.88
2011.06.14 02:02:31.129,0.8166,0.81681,1.13,1.88
2011.06.14 02:02:31.690,0.8166,0.81681,1.13,1.88
2011.06.14 02:02:33.080,0.8166,0.81681,1.13,1.88
2011.06.14 02:02:33.409,0.81664,0.81683,1.13,1.13
2011.06.14 02:02:35.182,0.81664,0.81684,1.13,1.13
2011.06.14 02:02:36.138,0.81664,0.81683,1.13,1.13
2011.06.14 02:02:36.250,0.81663,0.81681,1.50,1.13
2011.06.14 02:02:36.358,0.8166,0.8168,1.13,1.13
2011.06.14 02:02:37.088,0.8166,0.81678,1.13,1.13
2011.06.14 02:02:37.198,0.81657,0.81678,1.50,1.13
2011.06.14 02:02:37.310,0.81655,0.81676,1.13,1.50
2011.06.14 02:02:37.529,0.81657,0.81676,1.50,1.13
2011.06.14 02:02:38.298,0.81657,0.81678,1.50,1.88
2011.06.14 02:02:39.710,0.81659,0.8168,1.13,1.32
2011.06.14 02:02:39.939,0.81662,0.81682,1.50,1.13
2011.06.14 02:02:40.054,0.81659,0.81682,1.88,1.88
2011.06.14 02:02:40.518,0.81659,0.81681,1.88,1.50
2011.06.14 02:02:40.629,0.81658,0.81681,1.50,1.88
2011.06.14 02:02:40.959,0.81658,0.81676,1.50,1.13
2011.06.14 02:02:41.072,0.81653,0.81675,1.50,1.50
2011.06.14 02:02:41.408,0.81653,0.81675,1.50,1.50
2011.06.14 02:02:43.021,0.81654,0.81675,1.50,1.13
2011.06.14 02:02:44.559,0.81653,0.81678,1.50,1.88
2011.06.14 02:02:44.778,0.81653,0.81678,1.50,1.88
2011.06.14 02:02:48.918,0.81653,0.81675,1.13,1.50
2011.06.14 02:02:49.249,0.81653,0.81678,2.48,3.00
2011.06.14 02:02:49.578,0.81654,0.81679,1.13,2.25
2011.06.14 02:02:54.660,0.81655,0.81677,1.50,1.13
2011.06.14 02:02:56.993,0.81658,0.81677,1.35,1.13
2011.06.14 02:02:57.221,0.81659,0.81679,1.35,1.13
2011.06.14 02:03:03.270,0.81658,0.81677,1.50,1.13
2011.06.14 02:03:04.871,0.81657,0.81677,3.00,1.50
2011.06.14 02:03:04.980,0.81657,0.81676,2.25,1.50
2011.06.14 02:03:05.089,0.81653,0.81676,1.50,1.88
2011.06.14 02:03:05.309,0.81653,0.81676,1.50,1.13
2011.06.14 02:03:07.200,0.81653,0.81672,1.50,1.13
2011.06.14 02:03:07.573,0.81652,0.81672,1.35,1.13
2011.06.14 02:03:09.178,0.81652,0.8167,1.35,1.13
2011.06.14 02:03:09.619,0.81652,0.81672,1.35,1.13
2011.06.14 02:03:10.168,0.81652,0.81674,1.35,1.50
2011.06.14 02:03:12.069,0.81654,0.81678,1.35,2.25
2011.06.14 02:03:12.181,0.81654,0.81678,1.35,1.88
2011.06.14 02:03:12.851,0.81654,0.81677,1.35,1.88
2011.06.14 02:03:12.959,0.81654,0.81677,1.35,2.63
2011.06.14 02:03:13.940,0.81662,0.81682,1.50,1.60
2011.06.14 02:03:14.158,0.81662,0.81682,1.50,1.22
2011.06.14 02:03:14.274,0.81663,0.81682,2.10,1.13
2011.06.14 02:03:15.338,0.81663,0.81681,2.10,1.13
2011.06.14 02:03:15.669,0.81655,0.81677,2.48,1.50
2011.06.14 02:03:15.889,0.81653,0.81676,1.50,1.50
2011.06.14 02:03:16.218,0.81653,0.81676,1.50,1.50
2011.06.14 02:03:20.219,0.81657,0.81678,1.50,1.50
2011.06.14 02:03:20.769,0.81658,0.81679,1.50,1.50
2011.06.14 02:03:20.879,0.81658,0.81679,1.50,1.50
2011.06.14 02:03:21.100,0.81666,0.81685,1.35,1.13
2011.06.14 02:03:21.648,0.81666,0.81685,1.35,1.50
2011.06.14 02:03:22.609,0.81666,0.81685,1.35,1.50
2011.06.14 02:03:25.088,0.81666,0.81684,1.35,1.13
2011.06.14 02:03:25.309,0.81666,0.81685,1.35,1.13
2011.06.14 02:03:26.478,0.81666,0.81685,1.35,1.88
2011.06.14 02:03:28.127,0.81666,0.81684,1.35,1.13
2011.06.14 02:03:29.780,0.81666,0.81685,1.35,1.50
2011.06.14 02:03:30.569,0.81665,0.81687,2.48,2.07
2011.06.14 02:03:30.679,0.81667,0.81687,1.50,2.07
2011.06.14 02:03:31.095,0.81672,0.81694,3.75,1.13
2011.06.14 02:03:31.213,0.81673,0.81694,1.50,1.13
2011.06.14 02:03:32.968,0.81673,0.81695,1.50,1.50
2011.06.14 02:03:33.679,0.81673,0.81697,1.50,1.50
2011.06.14 02:03:34.122,0.81678,0.81697,1.35,1.50
2011.06.14 02:03:34.458,0.81681,0.81703,2.10,1.50
2011.06.14 02:03:34.681,0.81681,0.81703,2.48,1.50
2011.06.14 02:03:35.243,0.81686,0.81705,2.48,1.50
2011.06.14 02:03:35.580,0.81697,0.81714,2.63,3.07
2011.06.14 02:03:35.691,0.81697,0.81718,3.38,1.50
2011.06.14 02:03:35.800,0.81696,0.81718,1.73,1.50
2011.06.14 02:03:36.128,0.81696,0.81718,2.48,1.50
2011.06.14 02:03:39.918,0.81697,0.81723,1.88,1.50
2011.06.14 02:03:40.031,0.817,0.81723,2.10,1.50
2011.06.14 02:03:40.251,0.81699,0.81718,2.48,1.50
2011.06.14 02:03:40.361,0.81696,0.81718,1.73,1.50
2011.06.14 02:03:40.910,0.81698,0.81718,1.13,1.50
2011.06.14 02:03:42.441,0.81697,0.81718,2.48,1.50
2011.06.14 02:03:43.102,0.81697,0.81718,1.73,1.50
2011.06.14 02:03:45.761,0.81697,0.81718,2.48,1.50
2011.06.14 02:03:47.170,0.81697,0.81718,1.35,1.50
2011.06.14 02:03:48.459,0.81697,0.81718,4.73,1.50
2011.06.14 02:03:48.680,0.81701,0.81723,1.50,1.50
2011.06.14 02:03:51.189,0.81701,0.81728,1.88,4.32
2011.06.14 02:03:51.524,0.81711,0.81733,2.03,1.50
2011.06.14 02:03:52.009,0.81719,0.8174,1.13,1.58
2011.06.14 02:03:52.340,0.81716,0.81738,2.10,1.50
2011.06.14 02:03:52.559,0.81716,0.81738,2.48,1.58
2011.06.14 02:03:54.430,0.81717,0.81741,2.25,1.95
2011.06.14 02:03:54.979,0.81721,0.81743,1.73,1.58
2011.06.14 02:03:55.539,0.81721,0.81743,1.35,1.58
2011.06.14 02:03:55.870,0.81723,0.81743,1.35,1.58
2011.06.14 02:03:56.337,0.81731,0.81751,1.35,1.58
2011.06.14 02:03:56.456,0.81735,0.81754,1.35,1.58
2011.06.14 02:03:56.570,0.81735,0.81754,2.03,1.50
2011.06.14 02:03:57.008,0.81735,0.81756,1.73,1.50
2011.06.14 02:03:57.451,0.81748,0.81756,1.35,1.50
2011.06.14 02:03:57.672,0.8175,0.81763,1.35,1.50
2011.06.14 02:03:57.899,0.8174,0.81763,2.78,2.25
2011.06.14 02:03:58.120,0.8174,0.81763,2.03,2.25
2011.06.14 02:03:58.230,0.81745,0.81763,2.85,1.50
2011.06.14 02:03:58.451,0.81751,0.81771,2.10,2.14
2011.06.14 02:03:59.000,0.81753,0.81776,1.35,4.58
2011.06.14 02:03:59.109,0.81755,0.81776,2.10,4.58
2011.06.14 02:03:59.551,0.8175,0.81771,2.10,1.58
2011.06.14 02:03:59.769,0.8175,0.81771,2.10,1.58
2011.06.14 02:04:01.332,0.81757,0.81779,1.35,3.08
2011.06.14 02:04:01.669,0.81763,0.81782,1.35,1.54
2011.06.14 02:04:01.779,0.81761,0.81782,3.60,1.54
2011.06.14 02:04:01.888,0.81763,0.81783,1.50,1.54
2011.06.14 02:04:02.001,0.81761,0.81782,1.35,1.50
2011.06.14 02:04:02.110,0.81758,0.81778,2.10,1.50
2011.06.14 02:04:02.218,0.81758,0.81778,1.35,1.50
2011.06.14 02:04:02.660,0.81757,0.81772,4.35,1.50
2011.06.14 02:04:02.769,0.81751,0.81769,3.23,1.50
2011.06.14 02:04:03.098,0.81749,0.81772,2.10,2.29
2011.06.14 02:04:03.761,0.81752,0.81772,2.85,1.54
2011.06.14 02:04:04.090,0.81756,0.81781,1.69,3.75
2011.06.14 02:04:04.201,0.81788,0.81804,2.25,1.17
2011.06.14 02:04:04.310,0.81788,0.81804,3.00,1.28
2011.06.14 02:04:04.419,0.81777,0.81804,1.65,1.13
2011.06.14 02:04:04.530,0.81774,0.81803,1.65,1.50
2011.06.14 02:04:04.858,0.81772,0.81803,1.43,1.65
2011.06.14 02:04:05.078,0.81772,0.81803,1.43,1.65
2011.06.14 02:04:05.409,0.81779,0.81804,1.88,1.13
2011.06.14 02:04:05.681,0.81781,0.81804,1.50,1.13
2011.06.14 02:04:06.672,0.81791,0.81803,2.10,1.13
2011.06.14 02:04:06.888,0.81791,0.81803,2.10,1.13
2011.06.14 02:04:07.110,0.81789,0.81806,2.10,1.50
2011.06.14 02:04:07.439,0.8178,0.818,1.35,1.50
2011.06.14 02:04:07.549,0.81778,0.818,2.25,1.50
2011.06.14 02:04:07.878,0.81778,0.81799,1.35,1.13
2011.06.14 02:04:09.559,0.81776,0.818,1.35,1.50
2011.06.14 02:04:09.670,0.81778,0.81799,1.50,1.13
2011.06.14 02:04:09.780,0.81778,0.81799,2.10,1.13
2011.06.14 02:04:10.109,0.8178,0.81802,1.35,1.50
2011.06.14 02:04:12.209,0.81776,0.818,2.48,1.88
2011.06.14 02:04:12.760,0.81774,0.81794,2.25,1.88
2011.06.14 02:04:12.869,0.81774,0.81794,1.50,1.88
2011.06.14 02:04:13.198,0.81773,0.81794,1.35,1.88
2011.06.14 02:04:13.750,0.81772,0.81794,1.35,1.50
2011.06.14 02:04:15.798,0.81773,0.81794,1.35,1.88
2011.06.14 02:04:18.050,0.81773,0.81794,1.35,1.13
2011.06.14 02:04:18.380,0.81773,0.81794,1.35,1.13
2011.06.14 02:04:18.798,0.81773,0.81794,1.35,1.13
2011.06.14 02:04:20.658,0.81773,0.81794,1.35,1.13
2011.06.14 02:04:22.632,0.81775,0.81794,2.10,1.13
2011.06.14 02:04:22.969,0.81775,0.81794,2.10,1.13
2011.06.14 02:04:25.360,0.81768,0.81789,2.10,1.50
2011.06.14 02:04:25.581,0.81765,0.81786,2.10,1.13
2011.06.14 02:04:25.800,0.81765,0.81785,2.10,1.50
2011.06.14 02:04:26.350,0.81765,0.81784,2.10,1.13
2011.06.14 02:04:27.169,0.81765,0.81784,2.10,1.13
2011.06.14 02:04:27.979,0.81767,0.81788,1.35,1.13
2011.06.14 02:04:28.092,0.81769,0.81788,2.10,1.13
2011.06.14 02:04:28.769,0.81769,0.81789,2.10,1.13
2011.06.14 02:04:32.774,0.81765,0.81782,1.50,1.50
2011.06.14 02:04:33.109,0.81768,0.81789,1.50,1.13
2011.06.14 02:04:33.220,0.81773,0.8179,2.10,1.13
2011.06.14 02:04:33.741,0.81773,0.8179,2.10,1.13
2011.06.14 02:04:34.960,0.81765,0.81786,4.35,1.13
2011.06.14 02:04:35.069,0.81764,0.81787,2.10,2.63
2011.06.14 02:04:35.509,0.81763,0.81785,1.35,1.88
2011.06.14 02:04:36.059,0.81763,0.81782,1.54,1.50
2011.06.14 02:04:36.609,0.81759,0.81779,2.10,1.88
2011.06.14 02:04:38.059,0.81759,0.81779,2.10,1.88
2011.06.14 02:04:40.129,0.81759,0.81779,2.10,2.07
2011.06.14 02:04:40.499,0.81762,0.81779,1.35,1.32
2011.06.14 02:04:41.064,0.81762,0.81784,1.35,1.32
2011.06.14 02:04:42.280,0.81755,0.81778,2.48,1.69
2011.06.14 02:04:42.498,0.81755,0.81777,1.73,1.51
2011.06.14 02:04:43.488,0.81755,0.81777,1.35,1.51
2011.06.14 02:04:44.049,0.81756,0.81778,1.13,2.26
2011.06.14 02:04:44.939,0.81752,0.81769,1.35,1.88
2011.06.14 02:04:45.051,0.81748,0.81767,1.50,4.50
2011.06.14 02:04:45.159,0.81744,0.81767,1.13,4.50
2011.06.14 02:04:45.271,0.81745,0.81768,1.35,1.50
2011.06.14 02:04:45.600,0.81747,0.81773,2.48,1.88
2011.06.14 02:04:49.569,0.8175,0.81773,1.73,1.50
2011.06.14 02:04:49.678,0.8175,0.81773,1.13,1.50
2011.06.14 02:04:50.009,0.81748,0.81773,1.73,1.50
2011.06.14 02:04:52.937,0.8175,0.81773,1.13,1.50
2011.06.14 02:04:53.269,0.8175,0.81774,1.13,2.25
2011.06.14 02:04:54.022,0.8175,0.81774,1.13,2.25
2011.06.14 02:04:57.580,0.81753,0.81774,1.35,2.25
2011.06.14 02:04:57.689,0.81753,0.81774,1.35,1.50
2011.06.14 02:04:58.131,0.8176,0.81778,3.75,1.32
2011.06.14 02:04:58.352,0.81763,0.81783,2.48,1.50
2011.06.14 02:04:58.462,0.81766,0.81784,1.13,3.00
2011.06.14 02:04:59.443,0.81771,0.81794,1.13,1.50
2011.06.14 02:04:59.669,0.81774,0.81794,1.35,1.50
2011.06.14 02:05:06.198,0.81774,0.81796,1.35,1.13
2011.06.14 02:05:07.668,0.81774,0.81795,1.35,1.50
2011.06.14 02:05:08.194,0.81774,0.81795,1.35,1.88
2011.06.14 02:05:09.148,0.81774,0.81795,1.35,1.88
2011.06.14 02:05:12.088,0.81774,0.81796,2.10,1.13
2011.06.14 02:05:14.158,0.81774,0.81798,2.85,1.50
2011.06.14 02:05:14.932,0.81776,0.81797,1.50,1.50
2011.06.14 02:05:20.099,0.81774,0.81797,1.73,1.50
2011.06.14 02:05:21.859,0.81774,0.81797,1.35,1.50
2011.06.14 02:05:22.408,0.81773,0.81797,2.48,2.25
2011.06.14 02:05:22.915,0.81774,0.81797,1.35,2.25
2011.06.14 02:05:23.359,0.81774,0.81797,1.35,2.63
2011.06.14 02:05:24.279,0.81774,0.81795,2.10,1.13
2011.06.14 02:05:24.780,0.81774,0.81797,2.48,1.50
2011.06.14 02:05:24.890,0.81776,0.81797,1.13,1.50
2011.06.14 02:05:25.220,0.81781,0.81799,1.35,3.75
2011.06.14 02:05:25.330,0.81781,0.81802,1.35,1.50
2011.06.14 02:05:25.658,0.8178,0.81802,2.85,1.50
2011.06.14 02:05:28.581,0.81783,0.81802,1.35,1.50
2011.06.14 02:05:28.799,0.81785,0.81807,1.35,2.63
2011.06.14 02:05:29.219,0.81786,0.81807,1.73,2.07
2011.06.14 02:05:30.230,0.81789,0.81808,1.35,1.32
2011.06.14 02:05:30.453,0.81788,0.81812,3.23,2.63
2011.06.14 02:05:31.778,0.81789,0.81812,1.50,1.50
2011.06.14 02:05:32.438,0.81792,0.81814,2.63,4.50
2011.06.14 02:05:32.769,0.81793,0.81816,1.13,1.50
2011.06.14 02:05:33.319,0.81792,0.81814,1.50,1.13
2011.06.14 02:05:35.119,0.81792,0.81814,1.50,1.13
2011.06.14 02:05:35.229,0.81791,0.81812,2.25,1.50
2011.06.14 02:05:35.449,0.81788,0.81811,1.13,1.88
2011.06.14 02:05:35.780,0.81791,0.81812,1.50,2.25
2011.06.14 02:05:35.889,0.8179,0.81811,1.13,1.50
2011.06.14 02:05:36.001,0.81787,0.81811,1.50,1.69
2011.06.14 02:05:36.221,0.81787,0.81808,1.88,1.32
2011.06.14 02:05:36.767,0.81794,0.81811,1.35,1.32
2011.06.14 02:05:37.119,0.81798,0.81819,1.13,1.13
2011.06.14 02:05:37.232,0.818,0.81823,1.35,3.38
2011.06.14 02:05:38.371,0.81803,0.81824,1.35,1.50
2011.06.14 02:05:38.919,0.81802,0.81816,1.50,1.50
2011.06.14 02:05:39.469,0.81792,0.81815,4.35,1.88
2011.06.14 02:05:39.690,0.81799,0.81815,2.25,1.13
2011.06.14 02:05:39.911,0.818,0.81816,1.50,1.13
2011.06.14 02:05:40.021,0.81801,0.81819,1.50,1.13
2011.06.14 02:05:40.131,0.81797,0.81817,1.13,1.50
2011.06.14 02:05:40.353,0.81799,0.81818,1.50,1.50
2011.06.14 02:05:40.473,0.81799,0.81822,1.50,1.50
2011.06.14 02:05:40.811,0.81801,0.81822,1.88,1.50
2011.06.14 02:05:41.517,0.81811,0.81822,2.25,1.50
2011.06.14 02:05:41.640,0.81823,0.81844,1.35,1.73
2011.06.14 02:05:41.752,0.81821,0.81842,2.85,1.65
2011.06.14 02:05:41.979,0.8182,0.81842,1.35,1.50
2011.06.14 02:05:42.638,0.8182,0.81842,1.35,1.65
2011.06.14 02:05:43.198,0.81822,0.81842,1.35,1.65
2011.06.14 02:05:43.420,0.81818,0.81836,1.35,1.65
2011.06.14 02:05:43.529,0.81818,0.81835,1.35,1.13
2011.06.14 02:05:43.639,0.81817,0.81835,1.35,1.13
2011.06.14 02:05:45.690,0.81817,0.81829,1.35,1.50
2011.06.14 02:05:45.911,0.81807,0.81829,1.50,1.13
2011.06.14 02:05:46.020,0.81818,0.81834,1.50,3.00
2011.06.14 02:05:46.131,0.81818,0.81842,1.50,1.28
2011.06.14 02:05:46.392,0.81813,0.81836,1.50,1.13
2011.06.14 02:05:46.620,0.81817,0.81837,1.35,1.50
2011.06.14 02:05:46.949,0.81816,0.81837,1.35,1.50
2011.06.14 02:05:49.950,0.81815,0.81837,1.35,1.13
2011.06.14 02:05:50.498,0.81814,0.81837,1.35,1.50
2011.06.14 02:05:52.529,0.81823,0.81842,1.35,1.13
2011.06.14 02:05:53.069,0.81823,0.81844,1.35,2.70
2011.06.14 02:05:53.511,0.81821,0.81843,2.85,3.75
2011.06.14 02:05:53.620,0.81821,0.81843,2.85,3.00
2011.06.14 02:05:53.950,0.81833,0.81852,1.35,2.33
2011.06.14 02:05:54.499,0.8183,0.8185,2.10,1.58
2011.06.14 02:05:54.940,0.8183,0.81845,2.10,1.58
2011.06.14 02:05:55.050,0.81826,0.81842,3.38,1.13
2011.06.14 02:05:55.162,0.81821,0.81841,2.85,1.88
2011.06.14 02:05:58.290,0.81825,0.81844,1.35,1.13
2011.06.14 02:05:58.400,0.81825,0.81845,1.35,1.20
2011.06.14 02:05:58.919,0.81824,0.81844,3.23,1.50
2011.06.14 02:05:59.582,0.81829,0.81848,2.85,1.58
2011.06.14 02:06:00.251,0.81829,0.81845,2.10,1.20
2011.06.14 02:06:00.361,0.81827,0.81845,1.35,1.20
2011.06.14 02:06:00.580,0.81828,0.81845,2.85,1.20
2011.06.14 02:06:03.201,0.81828,0.81846,2.10,1.58
2011.06.14 02:06:03.313,0.81822,0.81842,1.35,1.13
2011.06.14 02:06:03.432,0.81821,0.81836,1.35,1.13
2011.06.14 02:06:03.551,0.81815,0.81833,2.25,1.50
2011.06.14 02:06:04.100,0.81813,0.81833,1.13,1.50
2011.06.14 02:06:06.080,0.81813,0.81833,1.13,1.50
2011.06.14 02:06:06.301,0.81808,0.81827,1.88,2.07
2011.06.14 02:06:06.628,0.81808,0.81827,1.13,2.07
2011.06.14 02:06:06.852,0.8182,0.81834,1.35,2.25
2011.06.14 02:06:07.079,0.81818,0.81844,2.48,5.40
2011.06.14 02:06:08.069,0.81818,0.81843,2.48,1.50
2011.06.14 02:06:11.740,0.81818,0.81837,2.10,1.50
2011.06.14 02:06:15.558,0.81818,0.81836,2.10,1.13
2011.06.14 02:06:15.781,0.81816,0.81827,4.50,1.32
2011.06.14 02:06:15.889,0.81808,0.81827,1.13,2.07
2011.06.14 02:06:16.239,0.81808,0.81827,1.13,2.07
2011.06.14 02:06:16.568,0.81818,0.8183,2.48,3.75
2011.06.14 02:06:16.789,0.81819,0.81842,1.35,1.50
2011.06.14 02:06:18.159,0.81818,0.81835,1.35,1.13
2011.06.14 02:06:18.489,0.81815,0.81835,2.10,1.88
2011.06.14 02:06:22.881,0.81815,0.81833,2.10,1.50
2011.06.14 02:06:24.458,0.81815,0.81832,2.10,1.50
2011.06.14 02:06:24.570,0.81811,0.81829,3.60,1.13
2011.06.14 02:06:25.351,0.81808,0.81829,2.10,1.88
2011.06.14 02:06:25.462,0.81811,0.81829,1.35,1.13
2011.06.14 02:06:25.788,0.81813,0.81833,2.85,1.88
2011.06.14 02:06:26.229,0.81813,0.81828,2.10,1.50
2011.06.14 02:06:26.342,0.81808,0.81828,1.50,1.50
2011.06.14 02:06:26.451,0.81813,0.81827,4.50,1.50
2011.06.14 02:06:26.670,0.81818,0.81836,2.85,1.50
2011.06.14 02:06:26.999,0.81818,0.81837,2.85,1.88
2011.06.14 02:06:28.468,0.81818,0.81837,1.35,1.88
2011.06.14 02:06:28.578,0.81818,0.81837,1.35,1.88
2011.06.14 02:06:29.181,0.81814,0.81835,2.10,1.50
2011.06.14 02:06:29.739,0.81814,0.81833,2.10,1.13
2011.06.14 02:06:31.548,0.81814,0.81835,2.10,1.88
2011.06.14 02:06:36.593,0.81812,0.81833,3.75,2.48
2011.06.14 02:06:36.710,0.81812,0.81818,3.00,1.50
2011.06.14 02:06:37.243,0.81794,0.81817,2.10,1.88
2011.06.14 02:06:40.010,0.81791,0.81809,4.50,1.50
2011.06.14 02:06:40.120,0.81789,0.81809,1.35,1.50
2011.06.14 02:06:40.812,0.81787,0.81809,2.10,1.50
2011.06.14 02:06:41.531,0.81785,0.81806,4.35,1.13
2011.06.14 02:06:41.749,0.81789,0.81808,1.35,1.13
2011.06.14 02:06:41.859,0.81789,0.81809,1.35,1.50
2011.06.14 02:06:41.968,0.81787,0.81809,3.60,1.50
2011.06.14 02:06:46.618,0.81791,0.81809,1.35,1.13
2011.06.14 02:06:46.840,0.81795,0.81816,4.50,3.85
2011.06.14 02:06:46.950,0.81795,0.81819,4.50,1.13
2011.06.14 02:06:47.279,0.81796,0.81822,1.50,1.13
2011.06.14 02:06:47.391,0.81797,0.81822,1.13,1.13
2011.06.14 02:06:47.610,0.81797,0.81821,1.13,1.13
2011.06.14 02:06:48.746,0.81794,0.81815,4.50,1.50
2011.06.14 02:06:49.082,0.81787,0.81807,1.88,1.50
2011.06.14 02:06:49.638,0.81787,0.81807,1.13,1.50
2011.06.14 02:06:49.970,0.81788,0.81812,1.50,3.00
2011.06.14 02:06:50.080,0.81789,0.81816,1.50,1.13
2011.06.14 02:06:50.300,0.81789,0.81817,1.13,1.50
2011.06.14 02:06:50.520,0.81792,0.81816,2.10,1.50
2011.06.14 02:06:50.958,0.81792,0.81816,2.10,5.25
2011.06.14 02:06:53.293,0.81784,0.81806,1.13,2.03
2011.06.14 02:06:53.411,0.81783,0.81803,1.73,2.25
2011.06.14 02:06:54.469,0.81783,0.81803,3.23,1.50
2011.06.14 02:06:54.799,0.81786,0.81806,2.85,1.50
2011.06.14 02:06:54.908,0.8179,0.81807,1.35,1.32
2011.06.14 02:06:55.789,0.81782,0.81812,1.88,1.50
2011.06.14 02:06:56.558,0.81782,0.81808,1.13,1.50
2011.06.14 02:06:58.148,0.81781,0.81808,1.13,1.50
2011.06.14 02:07:00.929,0.81779,0.81803,1.13,1.88
2011.06.14 02:07:01.858,0.81776,0.81801,1.50,1.88
2011.06.14 02:07:02.408,0.81777,0.81801,1.50,1.88
2011.06.14 02:07:04.269,0.81775,0.81801,1.69,1.13
2011.06.14 02:07:04.820,0.81777,0.81801,1.69,1.13
2011.06.14 02:07:06.510,0.81778,0.81802,2.07,1.88
2011.06.14 02:07:06.839,0.8178,0.81804,2.07,1.88
2011.06.14 02:07:07.438,0.8178,0.81804,1.32,1.50
2011.06.14 02:07:09.156,0.81778,0.818,1.32,1.50
2011.06.14 02:07:09.821,0.81777,0.81798,1.54,2.63
2011.06.14 02:07:10.720,0.81773,0.81794,3.56,1.50
2011.06.14 02:07:10.939,0.81773,0.81791,1.35,1.13
2011.06.14 02:07:14.190,0.81773,0.81786,1.35,1.13
2011.06.14 02:07:14.410,0.81765,0.81786,2.85,2.25
2011.06.14 02:07:15.969,0.8177,0.81786,2.10,1.13
2011.06.14 02:07:16.081,0.81772,0.8179,1.35,1.13
2011.06.14 02:07:16.191,0.81767,0.81787,1.35,2.25
2011.06.14 02:07:16.300,0.81767,0.81785,1.35,1.13
2011.06.14 02:07:18.119,0.81765,0.81787,2.85,2.44
2011.06.14 02:07:18.230,0.81766,0.81786,2.10,1.50
2011.06.14 02:07:18.341,0.81766,0.81787,2.85,1.13
2011.06.14 02:07:18.571,0.81757,0.81777,1.35,1.13
2011.06.14 02:07:18.680,0.81755,0.81774,3.00,1.50
2011.06.14 02:07:18.791,0.81751,0.81767,1.13,1.50
2011.06.14 02:07:18.902,0.81747,0.81766,2.85,1.13
2011.06.14 02:07:19.229,0.81747,0.81766,2.85,1.50
2011.06.14 02:07:20.368,0.81747,0.81768,2.10,2.25
2011.06.14 02:07:21.324,0.81736,0.81758,1.50,2.25
2011.06.14 02:07:21.659,0.81735,0.81758,1.13,3.00
2011.06.14 02:07:22.669,0.81734,0.81758,1.88,3.75
2011.06.14 02:07:23.221,0.81734,0.81758,1.50,3.00
2011.06.14 02:07:23.659,0.81734,0.81758,1.88,3.75
2011.06.14 02:07:23.878,0.81732,0.81756,3.98,1.50
2011.06.14 02:07:24.319,0.81735,0.81758,1.88,3.00
2011.06.14 02:07:24.960,0.81735,0.81758,1.88,3.00
2011.06.14 02:07:25.879,0.81733,0.81756,1.13,1.50
2011.06.14 02:07:26.209,0.81728,0.81747,1.35,1.13
2011.06.14 02:07:27.368,0.81728,0.81747,1.35,1.13
2011.06.14 02:07:28.776,0.81728,0.81747,1.35,1.13
2011.06.14 02:07:29.328,0.81728,0.81747,1.35,1.13
2011.06.14 02:07:32.470,0.8173,0.81751,1.50,2.63
2011.06.14 02:07:32.799,0.8173,0.81757,1.88,3.00
2011.06.14 02:07:36.719,0.81736,0.81757,1.50,3.00
2011.06.14 02:07:37.049,0.81737,0.81759,1.35,1.13
2011.06.14 02:07:39.033,0.81737,0.81758,1.35,3.00
2011.06.14 02:07:39.149,0.81737,0.81758,1.35,3.00
2011.06.14 02:07:42.011,0.81728,0.81753,1.35,1.50
2011.06.14 02:07:42.120,0.81728,0.81752,1.35,3.00
2011.06.14 02:07:42.339,0.81728,0.81748,1.35,1.13
2011.06.14 02:07:43.070,0.81727,0.81748,1.88,1.13
2011.06.14 02:07:44.059,0.81727,0.81748,1.88,1.13
2011.06.14 02:07:44.958,0.81731,0.81751,1.13,1.50
2011.06.14 02:07:45.293,0.81734,0.81756,1.35,1.88
2011.06.14 02:07:45.631,0.81732,0.81754,1.88,1.13
2011.06.14 02:07:45.739,0.81732,0.81753,1.88,1.50
2011.06.14 02:07:46.068,0.81732,0.81753,1.88,1.50
2011.06.14 02:07:46.619,0.81732,0.81756,1.88,4.13
2011.06.14 02:07:47.210,0.81741,0.81756,1.88,2.25
2011.06.14 02:07:47.540,0.81741,0.81767,1.88,3.00
2011.06.14 02:07:47.651,0.81741,0.81763,1.88,2.25
2011.06.14 02:07:47.871,0.81738,0.81755,1.50,1.13
2011.06.14 02:07:47.980,0.81739,0.81757,1.50,6.57
2011.06.14 02:07:48.199,0.81739,0.81769,1.88,1.50
2011.06.14 02:07:48.310,0.81739,0.81771,1.88,1.28
2011.06.14 02:07:50.127,0.81749,0.81776,1.50,2.72
2011.06.14 02:07:50.350,0.81772,0.81786,1.50,2.01
2011.06.14 02:07:50.459,0.81772,0.81796,2.25,1.65
2011.06.14 02:07:50.568,0.81776,0.81796,1.50,1.65
2011.06.14 02:07:50.679,0.81777,0.81796,1.88,1.65
2011.06.14 02:07:50.899,0.81777,0.81801,1.88,1.50
2011.06.14 02:07:51.009,0.81777,0.81804,1.88,1.88
2011.06.14 02:07:51.778,0.81777,0.81804,1.50,2.63
2011.06.14 02:07:51.999,0.81776,0.818,1.50,1.50
2011.06.14 02:07:52.109,0.81776,0.81798,1.50,1.32
2011.06.14 02:07:52.328,0.81772,0.81797,2.25,1.32
2011.06.14 02:07:53.439,0.81772,0.81796,1.50,1.50
2011.06.14 02:07:54.009,0.81772,0.81797,1.50,1.50
2011.06.14 02:07:54.702,0.81772,0.81798,1.50,3.94
2011.06.14 02:07:55.148,0.81772,0.81794,1.50,1.13
2011.06.14 02:07:55.258,0.81772,0.81794,1.50,1.13
2011.06.14 02:07:56.189,0.8177,0.81796,3.00,1.13
2011.06.14 02:07:56.299,0.81749,0.81793,8.82,2.14
2011.06.14 02:07:56.408,0.81749,0.81776,9.57,3.90
2011.06.14 02:07:56.811,0.81753,0.81776,2.25,3.75
2011.06.14 02:07:56.927,0.81762,0.81782,1.50,4.50
2011.06.14 02:07:57.045,0.81756,0.81778,2.40,1.50
2011.06.14 02:07:57.272,0.81758,0.81782,2.25,3.75
2011.06.14 02:07:57.609,0.81758,0.81782,2.63,1.50
2011.06.14 02:07:57.939,0.81758,0.81782,1.50,1.50
2011.06.14 02:07:58.160,0.81755,0.81777,3.00,1.50
2011.06.14 02:07:58.709,0.81753,0.81779,1.50,1.88
2011.06.14 02:07:59.258,0.81753,0.81779,1.50,1.88
2011.06.14 02:08:02.168,0.81753,0.81777,1.50,2.25
2011.06.14 02:08:02.500,0.81752,0.81775,1.50,1.13
2011.06.14 02:08:02.939,0.81752,0.81777,1.50,1.13
2011.06.14 02:08:03.450,0.81752,0.81777,1.50,1.13
2011.06.14 02:08:05.047,0.81753,0.81778,1.50,1.13
2011.06.14 02:08:05.379,0.81754,0.81778,1.88,1.13
2011.06.14 02:08:05.708,0.81754,0.81779,1.88,4.50
2011.06.14 02:08:06.919,0.81756,0.81779,1.50,4.50
2011.06.14 02:08:07.030,0.81758,0.81782,1.50,1.50
2011.06.14 02:08:07.359,0.81758,0.81782,1.50,1.88
2011.06.14 02:08:08.620,0.81767,0.81784,1.50,1.50
2011.06.14 02:08:08.841,0.81767,0.81788,2.25,1.13
2011.06.14 02:08:09.059,0.81767,0.8179,2.85,1.13
2011.06.14 02:08:09.389,0.81767,0.81788,2.25,1.13
2011.06.14 02:08:10.859,0.81767,0.81787,1.50,1.13
2011.06.14 02:08:10.970,0.81764,0.81786,3.00,1.13
2011.06.14 02:08:11.410,0.81763,0.81785,1.50,1.88
2011.06.14 02:08:11.631,0.81758,0.81784,1.50,4.88
2011.06.14 02:08:11.849,0.81763,0.81784,1.50,1.13
2011.06.14 02:08:12.071,0.81763,0.81785,1.50,1.13
2011.06.14 02:08:12.909,0.81763,0.81787,2.25,1.88
2011.06.14 02:08:13.130,0.81763,0.81787,2.25,1.50
2011.06.14 02:08:13.351,0.81767,0.81787,1.50,1.13
2011.06.14 02:08:13.569,0.81767,0.81787,1.50,1.13
2011.06.14 02:08:17.870,0.81766,0.81787,1.50,1.13
2011.06.14 02:08:18.090,0.81764,0.81783,3.00,1.13
2011.06.14 02:08:20.048,0.81762,0.81784,1.50,1.13
2011.06.14 02:08:20.378,0.81762,0.81786,1.50,1.13
2011.06.14 02:08:21.051,0.81762,0.81786,1.50,1.13
2011.06.14 02:08:21.599,0.81762,0.81784,1.50,1.13
2011.06.14 02:08:22.149,0.81762,0.81784,1.50,1.13
2011.06.14 02:08:26.049,0.81768,0.81788,1.50,1.13
2011.06.14 02:08:26.979,0.81766,0.81787,1.50,1.50
2011.06.14 02:08:27.090,0.81764,0.81784,1.50,1.13
2011.06.14 02:08:27.200,0.8176,0.81778,3.00,1.50
2011.06.14 02:08:27.309,0.8176,0.81778,2.25,2.25
2011.06.14 02:08:27.419,0.81756,0.81778,1.50,2.25
2011.06.14 02:08:27.529,0.81756,0.81778,1.50,1.50
2011.06.14 02:08:27.860,0.81752,0.81774,1.50,1.50
2011.06.14 02:08:27.970,0.81756,0.81775,1.50,4.50
2011.06.14 02:08:28.189,0.81757,0.81778,1.50,1.50
2011.06.14 02:08:28.299,0.81757,0.81778,1.50,1.50
2011.06.14 02:08:30.090,0.81757,0.81778,1.50,1.88
2011.06.14 02:08:32.942,0.8176,0.81779,1.50,3.38
2011.06.14 02:08:33.064,0.81762,0.8178,1.88,3.75
2011.06.14 02:08:33.290,0.81762,0.81786,1.88,1.13
2011.06.14 02:08:34.721,0.81762,0.81787,1.50,1.88
2011.06.14 02:08:38.259,0.81762,0.81786,2.63,1.13
2011.06.14 02:08:38.952,0.81762,0.81785,1.50,1.13
2011.06.14 02:08:39.479,0.81762,0.81787,2.63,1.13
2011.06.14 02:08:40.167,0.81762,0.81788,2.63,6.00
2011.06.14 02:08:40.731,0.81762,0.81785,1.50,1.13
2011.06.14 02:08:41.280,0.81762,0.81787,1.50,1.88
2011.06.14 02:08:42.085,0.81762,0.81787,1.50,1.88
2011.06.14 02:08:42.763,0.81762,0.81787,1.88,1.50
2011.06.14 02:08:43.369,0.81762,0.81787,1.88,1.88
2011.06.14 02:08:43.919,0.81764,0.81788,1.13,5.25
2011.06.14 02:08:45.571,0.81762,0.81787,1.88,1.88
2011.06.14 02:08:46.120,0.81763,0.81788,1.50,2.35
2011.06.14 02:08:47.550,0.81765,0.81789,1.13,5.35
2011.06.14 02:08:48.162,0.81765,0.81789,1.88,5.35
2011.06.14 02:08:49.602,0.81767,0.81792,3.00,1.22
2011.06.14 02:08:49.721,0.81767,0.81792,3.38,1.60
2011.06.14 02:08:51.907,0.81771,0.81793,1.88,2.25
2011.06.14 02:08:52.130,0.81773,0.81796,2.63,3.85
2011.06.14 02:08:52.244,0.81773,0.81796,1.50,1.60
2011.06.14 02:08:52.939,0.81777,0.81799,2.25,1.60
2011.06.14 02:08:53.159,0.81777,0.818,2.25,1.22
2011.06.14 02:08:54.720,0.81777,0.81801,3.00,1.22
2011.06.14 02:08:57.369,0.81782,0.81803,1.50,1.60
2011.06.14 02:08:57.479,0.81782,0.81803,1.50,1.60
2011.06.14 02:09:01.750,0.8178,0.81803,3.38,2.35
2011.06.14 02:09:01.860,0.8178,0.81803,3.00,3.10
2011.06.14 02:09:03.982,0.81777,0.81797,1.50,1.88
2011.06.14 02:09:04.212,0.81774,0.81797,1.50,1.60
2011.06.14 02:09:04.741,0.81774,0.81797,1.50,2.35
2011.06.14 02:09:05.510,0.81773,0.81796,1.50,2.72
2011.06.14 02:09:09.959,0.81774,0.81796,1.50,1.22
2011.06.14 02:09:11.665,0.81777,0.81798,1.50,5.72
2011.06.14 02:09:11.890,0.81778,0.81798,1.50,1.22
2011.06.14 02:09:12.439,0.81778,0.81799,1.50,1.22
2011.06.14 02:09:13.099,0.81778,0.818,1.50,1.13
2011.06.14 02:09:13.613,0.81778,0.81799,1.50,1.13
2011.06.14 02:09:16.960,0.81782,0.81803,1.50,5.25
2011.06.14 02:09:17.071,0.81783,0.81805,2.25,1.88
2011.06.14 02:09:19.063,0.81786,0.81807,1.88,2.63
2011.06.14 02:09:21.559,0.81788,0.81809,1.50,4.50
2011.06.14 02:09:21.779,0.81789,0.81813,1.88,5.25
2011.06.14 02:09:22.328,0.81788,0.81812,1.88,1.13
2011.06.14 02:09:23.091,0.81788,0.81812,1.50,2.63
2011.06.14 02:09:23.650,0.81788,0.81812,2.63,2.63
2011.06.14 02:09:24.241,0.81788,0.81812,1.88,2.63
2011.06.14 02:09:25.121,0.8181,0.81833,1.13,1.65
2011.06.14 02:09:25.230,0.8181,0.8183,1.13,1.13
2011.06.14 02:09:25.343,0.81809,0.81823,2.25,1.13
2011.06.14 02:09:25.459,0.81799,0.81823,1.50,4.88
2011.06.14 02:09:25.571,0.81799,0.81823,1.50,5.63
2011.06.14 02:09:26.230,0.81799,0.81823,1.50,1.13
2011.06.14 02:09:26.450,0.81796,0.81821,1.50,1.13
2011.06.14 02:09:26.999,0.81796,0.81821,1.50,1.13
2011.06.14 02:09:27.842,0.81796,0.81821,1.50,1.13
2011.06.14 02:09:39.979,0.81796,0.81821,5.25,1.13
2011.06.14 02:09:40.704,0.81803,0.81822,1.50,1.13
2011.06.14 02:09:42.739,0.81801,0.81823,1.50,1.50
2011.06.14 02:09:45.949,0.81799,0.81822,3.00,2.25
2011.06.14 02:09:46.060,0.81798,0.81819,1.50,1.50
2011.06.14 02:09:46.390,0.81798,0.81819,1.50,1.50
2011.06.14 02:09:46.990,0.81797,0.81819,1.50,1.50
2011.06.14 02:09:51.110,0.81796,0.81817,1.50,1.50
2011.06.14 02:09:51.440,0.81792,0.81813,1.50,1.65
2011.06.14 02:09:51.769,0.81793,0.81816,1.50,1.43
2011.06.14 02:09:52.319,0.81793,0.81815,2.25,2.10
2011.06.14 02:09:53.805,0.81793,0.81815,2.25,1.73
2011.06.14 02:09:53.920,0.81793,0.81813,1.50,1.50
2011.06.14 02:09:54.249,0.81789,0.81812,1.50,1.50
2011.06.14 02:09:54.359,0.81789,0.81813,1.50,1.73
2011.06.14 02:09:57.429,0.81788,0.81812,1.50,2.25
2011.06.14 02:09:57.759,0.81788,0.8181,1.50,1.13
2011.06.14 02:09:58.308,0.81788,0.8181,1.50,1.13
2011.06.14 02:09:58.991,0.81788,0.8181,1.50,1.13
2011.06.14 02:10:00.295,0.81788,0.81811,1.50,1.88
2011.06.14 02:10:00.629,0.81788,0.81811,1.50,1.88
2011.06.14 02:10:00.849,0.81788,0.81811,1.50,1.88
2011.06.14 02:10:00.960,0.81786,0.8181,1.50,1.50
2011.06.14 02:10:01.071,0.81785,0.81808,4.88,2.07
2011.06.14 02:10:01.399,0.81785,0.81806,2.25,1.50
2011.06.14 02:10:01.729,0.81778,0.818,1.88,1.13
2011.06.14 02:10:01.948,0.81778,0.81797,1.88,1.50
2011.06.14 02:10:02.876,0.81777,0.81797,1.13,1.50
2011.06.14 02:10:04.200,0.81777,0.81797,1.13,1.50
2011.06.14 02:10:04.639,0.81775,0.81797,1.88,1.50
2011.06.14 02:10:05.299,0.81773,0.81796,1.50,1.50
2011.06.14 02:10:06.698,0.81773,0.81795,1.50,1.13
2011.06.14 02:10:09.200,0.81769,0.81788,2.25,1.50
2011.06.14 02:10:09.749,0.81762,0.81783,1.13,1.50
2011.06.14 02:10:10.270,0.81759,0.81783,2.63,2.63
2011.06.14 02:10:10.492,0.81761,0.81783,5.25,1.88
2011.06.14 02:10:10.832,0.81766,0.81785,2.10,1.13
2011.06.14 02:10:11.154,0.81764,0.81784,1.35,1.50
2011.06.14 02:10:11.273,0.81762,0.81784,1.50,1.88
2011.06.14 02:10:13.770,0.8176,0.81781,4.50,1.60
2011.06.14 02:10:13.882,0.81755,0.81779,2.10,1.60
2011.06.14 02:10:14.225,0.81755,0.81779,2.10,1.60
2011.06.14 02:10:14.669,0.81755,0.81779,5.85,1.60
2011.06.14 02:10:16.179,0.81755,0.81779,5.85,1.60
2011.06.14 02:10:16.759,0.81755,0.81779,5.85,1.60
2011.06.14 02:10:18.339,0.81755,0.81779,5.85,1.60
2011.06.14 02:10:18.453,0.81756,0.81776,4.35,1.50
2011.06.14 02:10:18.794,0.8175,0.8177,1.35,1.50
2011.06.14 02:10:18.910,0.81751,0.8177,1.35,1.13
2011.06.14 02:10:19.460,0.81751,0.8177,1.35,1.13
2011.06.14 02:10:20.258,0.81751,0.8177,1.35,1.13
2011.06.14 02:10:20.839,0.8175,0.8177,1.35,1.97
2011.06.14 02:10:22.392,0.81747,0.81769,2.25,1.45
2011.06.14 02:10:22.615,0.81746,0.81761,5.25,1.13
2011.06.14 02:10:23.060,0.81742,0.81763,1.50,1.22
2011.06.14 02:10:23.388,0.81742,0.81763,1.50,1.22
2011.06.14 02:10:27.230,0.81741,0.8176,4.50,1.13
2011.06.14 02:10:27.449,0.81737,0.8176,7.35,1.13
2011.06.14 02:10:28.251,0.81743,0.81763,1.35,2.35
2011.06.14 02:10:28.361,0.81743,0.81764,1.35,1.13
2011.06.14 02:10:28.908,0.81743,0.81764,1.35,1.13
2011.06.14 02:10:29.521,0.81748,0.81767,1.50,1.13
2011.06.14 02:10:29.630,0.81748,0.81767,1.50,1.13
2011.06.14 02:10:30.179,0.81748,0.81767,1.50,1.13
2011.06.14 02:10:32.099,0.81749,0.81771,1.50,1.22
2011.06.14 02:10:32.760,0.81749,0.81771,1.50,1.22
2011.06.14 02:10:34.959,0.81749,0.8177,1.50,1.13
2011.06.14 02:10:35.180,0.81749,0.8177,1.50,1.13
2011.06.14 02:10:35.729,0.81748,0.81769,1.50,1.22
2011.06.14 02:10:38.919,0.81748,0.81769,1.50,1.22
2011.06.14 02:10:39.139,0.81748,0.81767,1.50,1.22
2011.06.14 02:10:42.119,0.81748,0.81764,1.50,1.50
2011.06.14 02:10:42.231,0.81747,0.81764,2.25,1.88
2011.06.14 02:10:42.778,0.81742,0.81764,7.50,1.60
2011.06.14 02:10:49.369,0.81742,0.81766,6.00,1.97
2011.06.14 02:10:49.700,0.81743,0.81767,1.13,1.97
2011.06.14 02:10:50.140,0.81742,0.81767,6.00,1.97
2011.06.14 02:10:50.470,0.81746,0.81764,4.50,1.50
2011.06.14 02:10:50.690,0.81742,0.81765,5.25,1.22
2011.06.14 02:10:50.801,0.81742,0.81764,5.25,1.22
2011.06.14 02:10:51.419,0.81742,0.81763,5.25,1.22
2011.06.14 02:10:57.140,0.81742,0.81765,5.25,1.97
2011.06.14 02:11:00.890,0.81742,0.81763,5.25,1.22
2011.06.14 02:11:01.330,0.81747,0.81768,1.50,1.60
2011.06.14 02:11:01.439,0.81747,0.81769,1.50,1.60
2011.06.14 02:11:01.990,0.81748,0.8177,2.63,3.85
2011.06.14 02:11:02.100,0.81751,0.8177,1.50,3.75
2011.06.14 02:11:02.209,0.81751,0.81775,1.50,5.35
2011.06.14 02:11:02.319,0.81751,0.81774,1.50,1.60
2011.06.14 02:11:03.805,0.81753,0.81777,2.63,2.20
2011.06.14 02:11:05.161,0.81757,0.8178,1.50,1.97
2011.06.14 02:11:05.710,0.81759,0.8178,1.50,1.60
2011.06.14 02:11:06.040,0.8176,0.81781,1.50,2.35
2011.06.14 02:11:06.369,0.81759,0.81783,1.13,2.35
2011.06.14 02:11:07.300,0.81763,0.81785,1.50,3.10
2011.06.14 02:11:07.520,0.81763,0.81786,1.50,1.97
2011.06.14 02:11:08.670,0.81763,0.81786,2.25,1.22
2011.06.14 02:11:11.849,0.81763,0.81785,2.25,1.22
2011.06.14 02:11:14.179,0.81763,0.81786,2.25,1.22
2011.06.14 02:11:15.889,0.81765,0.81787,1.50,2.20
2011.06.14 02:11:16.109,0.81765,0.81787,1.50,2.20
2011.06.14 02:11:16.329,0.81765,0.81785,1.50,2.10
2011.06.14 02:11:19.341,0.81766,0.81787,1.88,1.45
2011.06.14 02:11:22.535,0.81766,0.81787,1.13,2.20
2011.06.14 02:11:22.872,0.81763,0.81777,1.50,1.35
2011.06.14 02:11:22.981,0.81762,0.8178,1.50,3.00
2011.06.14 02:11:23.092,0.81764,0.8178,1.13,2.25
2011.06.14 02:11:23.321,0.81763,0.81785,1.50,1.73
2011.06.14 02:11:23.539,0.81762,0.81785,1.50,1.73
2011.06.14 02:11:25.056,0.81767,0.81789,1.50,1.45
2011.06.14 02:11:25.282,0.81769,0.81791,1.50,1.45
2011.06.14 02:11:25.502,0.81769,0.81791,1.50,2.20
2011.06.14 02:11:25.831,0.81769,0.81789,1.50,1.35
2011.06.14 02:11:26.160,0.81766,0.81785,1.50,1.35
2011.06.14 02:11:33.320,0.81766,0.81787,2.63,2.85
2011.06.14 02:11:33.902,0.81766,0.81787,2.63,2.85
2011.06.14 02:11:34.811,0.81766,0.81787,2.63,2.85
2011.06.14 02:11:38.759,0.81766,0.81787,2.25,2.85
2011.06.14 02:11:38.869,0.81766,0.81787,2.25,1.35
2011.06.14 02:11:39.751,0.81765,0.81783,1.13,1.50
2011.06.14 02:11:40.178,0.81764,0.81782,1.50,1.35
2011.06.14 02:11:42.610,0.81763,0.81782,1.50,1.35
2011.06.14 02:11:42.829,0.81762,0.81782,1.50,2.10
2011.06.14 02:11:44.095,0.81762,0.8178,1.50,1.35
2011.06.14 02:11:44.432,0.81758,0.81767,1.50,2.10
2011.06.14 02:11:44.541,0.81753,0.8177,1.13,1.50
2011.06.14 02:11:44.980,0.81752,0.81771,1.50,2.10
2011.06.14 02:11:46.481,0.81752,0.81773,1.50,2.85
2011.06.14 02:11:46.590,0.81752,0.81773,1.50,2.85
2011.06.14 02:11:47.089,0.81755,0.81773,1.50,2.10
2011.06.14 02:11:47.463,0.81756,0.81775,2.63,5.85
2011.06.14 02:11:53.055,0.81756,0.81775,2.63,1.35
2011.06.14 02:11:53.389,0.81756,0.81768,2.63,3.60
2011.06.14 02:11:53.719,0.81759,0.81778,1.50,5.10
2011.06.14 02:11:54.049,0.81759,0.81778,1.50,6.60
2011.06.14 02:12:03.180,0.81756,0.81774,2.25,1.35
2011.06.14 02:12:03.512,0.81752,0.81771,2.25,1.35
2011.06.14 02:12:03.619,0.81752,0.81771,2.25,1.35
2011.06.14 02:12:14.261,0.81753,0.81773,1.50,4.13
2011.06.14 02:12:14.919,0.81748,0.81771,1.50,1.45
2011.06.14 02:12:16.166,0.81748,0.81771,1.50,1.45
2011.06.14 02:12:17.590,0.81754,0.81771,1.50,1.45
2011.06.14 02:12:17.921,0.81763,0.8178,1.50,1.97
2011.06.14 02:12:18.032,0.81758,0.81778,1.50,4.73
2011.06.14 02:12:18.140,0.81758,0.81778,2.25,6.98
2011.06.14 02:12:18.362,0.81758,0.8178,2.25,1.35
2011.06.14 02:12:18.583,0.81762,0.81782,1.50,1.22
2011.06.14 02:12:19.574,0.81762,0.81784,1.50,1.45
2011.06.14 02:12:19.689,0.81762,0.81785,1.50,1.82
2011.06.14 02:12:19.799,0.81764,0.81785,1.50,1.73
2011.06.14 02:12:26.590,0.81766,0.81786,1.50,1.35
2011.06.14 02:12:29.761,0.81768,0.81786,1.50,1.35
2011.06.14 02:12:29.871,0.81768,0.81788,3.00,2.10
2011.06.14 02:12:31.023,0.81774,0.81793,1.50,3.60
2011.06.14 02:12:31.644,0.81774,0.81793,1.50,1.35
2011.06.14 02:12:33.920,0.81774,0.81795,1.50,1.73
2011.06.14 02:12:36.273,0.81774,0.8179,1.50,1.35
2011.06.14 02:12:36.490,0.81771,0.8179,1.50,1.35
2011.06.14 02:12:37.143,0.81766,0.81785,2.25,2.10
2011.06.14 02:12:37.370,0.81766,0.81785,1.50,2.48
2011.06.14 02:12:40.710,0.81765,0.81777,1.50,2.85
2011.06.14 02:12:41.039,0.81759,0.81777,2.25,2.85
2011.06.14 02:12:42.061,0.81758,0.81777,1.50,3.60
2011.06.14 02:12:45.118,0.81758,0.81777,2.63,2.85
2011.06.14 02:12:45.450,0.81759,0.81779,1.50,3.00
2011.06.14 02:12:45.561,0.81759,0.8178,1.50,1.04
2011.06.14 02:12:45.780,0.8176,0.81782,1.50,1.50
2011.06.14 02:12:47.334,0.8176,0.81783,2.63,4.35
2011.06.14 02:12:47.779,0.81764,0.81786,1.50,1.73
2011.06.14 02:12:47.999,0.81764,0.81786,1.50,2.48
2011.06.14 02:12:48.549,0.81764,0.81786,2.25,1.35
2011.06.14 02:12:49.869,0.81764,0.81786,1.50,1.35
2011.06.14 02:12:51.720,0.81768,0.81788,1.50,2.35
2011.06.14 02:12:51.940,0.81768,0.8179,1.50,1.22
2011.06.14 02:12:52.160,0.81768,0.81791,2.25,1.82
2011.06.14 02:12:52.272,0.81768,0.81791,2.63,1.45
2011.06.14 02:12:53.649,0.81768,0.8179,2.25,1.22
2011.06.14 02:12:53.869,0.81771,0.81792,1.50,2.63
2011.06.14 02:12:55.319,0.81771,0.81792,1.50,2.63
2011.06.14 02:12:56.550,0.81771,0.81791,1.50,1.13
2011.06.14 02:12:56.771,0.81771,0.81792,1.50,2.63
2011.06.14 02:12:59.580,0.81773,0.81794,1.50,1.13
2011.06.14 02:12:59.909,0.81779,0.81798,1.50,1.13
2011.06.14 02:13:00.022,0.81779,0.81799,1.50,1.13
2011.06.14 02:13:00.568,0.81778,0.81799,2.25,1.88
2011.06.14 02:13:01.129,0.81778,0.818,2.25,2.48
2011.06.14 02:13:02.010,0.81778,0.81801,2.25,2.48
2011.06.14 02:13:02.229,0.8178,0.818,1.50,1.35
2011.06.14 02:13:02.889,0.8178,0.81799,1.50,1.88
2011.06.14 02:13:03.659,0.8178,0.818,1.50,1.35
2011.06.14 02:13:08.809,0.81781,0.81802,1.13,1.45
2011.06.14 02:13:09.179,0.81781,0.81803,1.13,1.60
2011.06.14 02:13:10.453,0.81789,0.81804,1.88,7.35
2011.06.14 02:13:10.680,0.81789,0.81811,1.88,1.45
2011.06.14 02:13:10.789,0.81789,0.81809,1.88,1.45
2011.06.14 02:13:13.119,0.8179,0.81811,1.88,2.20
2011.06.14 02:13:13.442,0.81791,0.81812,1.50,2.20
2011.06.14 02:13:13.982,0.81791,0.81812,1.50,2.20
2011.06.14 02:13:14.202,0.81789,0.8181,1.88,1.88
2011.06.14 02:13:14.530,0.81791,0.81808,1.50,2.82
2011.06.14 02:13:14.640,0.81791,0.81811,1.88,1.35
2011.06.14 02:13:15.080,0.81792,0.81812,1.13,1.50
2011.06.14 02:13:21.353,0.81793,0.81814,1.50,1.07
2011.06.14 02:13:25.092,0.81793,0.81814,2.25,1.07
2011.06.14 02:13:25.421,0.81795,0.81815,1.13,1.60
2011.06.14 02:13:25.753,0.81797,0.81818,1.13,1.60
2011.06.14 02:13:25.873,0.81797,0.81818,1.13,4.41
2011.06.14 02:13:26.143,0.81802,0.81818,1.88,2.25
2011.06.14 02:13:26.684,0.81802,0.81823,1.50,2.35
2011.06.14 02:13:27.003,0.81801,0.81823,1.88,2.35
2011.06.14 02:13:27.443,0.81801,0.81823,1.88,2.35
2011.06.14 02:13:28.002,0.81804,0.81826,1.88,2.35
2011.06.14 02:13:29.541,0.81802,0.81823,1.88,4.50
2011.06.14 02:13:29.763,0.81802,0.81823,1.50,3.75
2011.06.14 02:13:30.304,0.81803,0.81823,1.88,4.50
2011.06.14 02:13:30.639,0.81804,0.81823,1.50,3.75
2011.06.14 02:13:31.189,0.81806,0.81826,1.13,1.50
2011.06.14 02:13:31.892,0.81806,0.81826,1.13,1.50
2011.06.14 02:13:32.110,0.81807,0.81826,1.50,1.50
2011.06.14 02:13:32.222,0.81809,0.81826,1.50,1.50
2011.06.14 02:13:32.440,0.8181,0.81833,1.13,4.60
2011.06.14 02:13:32.881,0.81811,0.81833,1.13,4.60
2011.06.14 02:13:33.351,0.81811,0.81833,1.13,4.60
2011.06.14 02:13:34.320,0.81813,0.81833,2.25,3.75
2011.06.14 02:13:35.440,0.81817,0.81833,2.25,2.25
2011.06.14 02:13:35.661,0.81819,0.8184,1.88,1.22
2011.06.14 02:13:35.772,0.8182,0.81843,1.50,2.35
2011.06.14 02:13:36.320,0.81821,0.81843,1.13,2.35
2011.06.14 02:13:37.710,0.81823,0.81843,1.50,1.60
2011.06.14 02:13:38.238,0.81823,0.81846,3.38,1.50
2011.06.14 02:13:38.572,0.81821,0.81842,2.25,1.50
2011.06.14 02:13:38.681,0.81821,0.81842,1.50,1.50
2011.06.14 02:13:40.629,0.81821,0.81842,1.50,1.50
2011.06.14 02:13:44.222,0.81822,0.81843,2.25,1.50
2011.06.14 02:13:44.552,0.81821,0.81842,1.50,1.50
2011.06.14 02:13:45.100,0.81821,0.81842,1.50,2.63
2011.06.14 02:13:45.429,0.81821,0.81842,1.50,2.63
2011.06.14 02:13:46.260,0.81822,0.81842,2.25,1.13
2011.06.14 02:13:46.701,0.81822,0.8184,1.69,1.13
2011.06.14 02:13:46.810,0.81821,0.81839,1.50,1.50
2011.06.14 02:13:47.031,0.81818,0.81839,1.50,1.50
2011.06.14 02:13:48.809,0.81818,0.81842,3.38,2.25
2011.06.14 02:13:49.139,0.81818,0.81842,3.38,2.25
2011.06.14 02:13:49.359,0.8182,0.81842,2.63,1.50
2011.06.14 02:13:49.470,0.8182,0.81842,1.88,1.50
2011.06.14 02:13:50.210,0.81821,0.81842,1.13,1.60
2011.06.14 02:13:50.321,0.81822,0.81842,1.13,1.60
2011.06.14 02:13:50.431,0.81827,0.81843,1.50,7.60
2011.06.14 02:13:50.543,0.81828,0.81843,1.13,2.35
2011.06.14 02:13:50.663,0.81828,0.81845,2.63,1.50
2011.06.14 02:13:50.781,0.81828,0.81849,3.38,1.65
2011.06.14 02:13:50.891,0.81831,0.81849,1.35,1.50
2011.06.14 02:13:51.220,0.81836,0.81855,2.25,1.88
2011.06.14 02:13:51.552,0.81832,0.81854,3.00,1.50
2011.06.14 02:13:52.088,0.81838,0.81858,1.13,3.85
2011.06.14 02:13:52.530,0.81835,0.81855,1.13,1.50
2011.06.14 02:13:52.640,0.81833,0.81855,2.25,1.50
2011.06.14 02:13:52.860,0.81833,0.81855,2.63,1.50
2011.06.14 02:13:53.191,0.81839,0.81849,1.50,4.50
2011.06.14 02:13:53.523,0.81833,0.81849,1.50,2.82
2011.06.14 02:13:53.642,0.81833,0.81857,1.50,2.40
2011.06.14 02:13:53.753,0.81831,0.81853,2.63,1.50
2011.06.14 02:13:53.985,0.81831,0.81852,1.88,1.50
2011.06.14 02:13:54.320,0.81831,0.81852,1.88,1.50
2011.06.14 02:13:55.401,0.81831,0.81853,1.88,1.50
2011.06.14 02:13:55.732,0.81836,0.81855,1.50,1.50
2011.06.14 02:13:56.121,0.81833,0.81854,2.25,1.50
2011.06.14 02:13:56.640,0.81834,0.81856,1.50,1.50
2011.06.14 02:13:56.752,0.81838,0.81857,2.25,1.13
2011.06.14 02:13:56.970,0.8184,0.81862,1.50,1.50
2011.06.14 02:13:59.440,0.81843,0.81862,1.50,1.13
2011.06.14 02:13:59.551,0.81843,0.81864,3.00,3.00
2011.06.14 02:13:59.770,0.81843,0.81864,1.50,1.13
2011.06.14 02:13:59.879,0.81843,0.81864,1.50,1.13
2011.06.14 02:14:00.210,0.81843,0.81862,1.50,1.50
2011.06.14 02:14:03.254,0.81843,0.81862,2.25,1.13
2011.06.14 02:14:03.373,0.81843,0.81864,3.00,1.88
2011.06.14 02:14:03.491,0.81847,0.81869,1.50,1.50
2011.06.14 02:14:03.600,0.81848,0.81869,2.25,1.50
2011.06.14 02:14:04.041,0.81847,0.81867,2.25,1.13
2011.06.14 02:14:05.050,0.81848,0.81869,1.50,1.50
2011.06.14 02:14:05.160,0.81848,0.81869,1.50,1.50
2011.06.14 02:14:05.440,0.8185,0.8187,1.88,1.13
2011.06.14 02:14:05.668,0.81852,0.81873,1.50,1.13
2011.06.14 02:14:05.793,0.81856,0.81877,1.50,1.13
2011.06.14 02:14:06.024,0.81853,0.81874,4.50,1.88
2011.06.14 02:14:06.140,0.81853,0.81874,1.50,1.88
2011.06.14 02:14:06.363,0.8185,0.81871,1.50,1.13
2011.06.14 02:14:06.472,0.81866,0.81874,1.50,1.60
2011.06.14 02:14:06.804,0.81868,0.81883,2.25,1.13
2011.06.14 02:14:07.031,0.81871,0.81892,1.50,1.58
2011.06.14 02:14:07.141,0.8187,0.81888,1.73,1.50
2011.06.14 02:14:07.360,0.81873,0.81892,1.50,1.58
2011.06.14 02:14:07.691,0.81872,0.81889,1.50,1.88
2011.06.14 02:14:08.131,0.81875,0.81897,1.13,4.58
2011.06.14 02:14:08.460,0.81882,0.81901,1.43,1.60
2011.06.14 02:14:08.682,0.81886,0.81903,1.43,1.60
2011.06.14 02:14:08.791,0.81887,0.81906,2.25,1.60
2011.06.14 02:14:09.125,0.81894,0.81916,1.50,1.28
2011.06.14 02:14:09.243,0.81899,0.81916,1.50,1.28
2011.06.14 02:14:09.692,0.8189,0.81913,1.50,1.50
2011.06.14 02:14:10.019,0.8189,0.81913,1.50,1.50
2011.06.14 02:14:10.240,0.81882,0.81907,3.75,1.50
2011.06.14 02:14:10.352,0.81906,0.81915,2.25,1.60
2011.06.14 02:14:10.463,0.81913,0.81918,1.50,2.25
2011.06.14 02:14:10.581,0.81911,0.81917,1.35,2.25
2011.06.14 02:14:10.691,0.81921,0.81927,1.50,1.50
2011.06.14 02:14:10.801,0.81921,0.81932,1.50,1.13
2011.06.14 02:14:10.912,0.81918,0.81932,1.50,1.50
2011.06.14 02:14:11.020,0.8192,0.81945,1.35,2.72
2011.06.14 02:14:11.132,0.81923,0.81945,1.50,1.88
2011.06.14 02:14:11.242,0.81923,0.81946,1.50,1.13
2011.06.14 02:14:11.571,0.81924,0.81946,1.50,1.88
2011.06.14 02:14:11.790,0.81927,0.81946,1.50,1.88
2011.06.14 02:14:12.011,0.81927,0.81947,1.50,1.50
2011.06.14 02:14:12.561,0.81934,0.81955,2.25,1.60
2011.06.14 02:14:12.670,0.81934,0.81946,2.25,1.50
2011.06.14 02:14:13.000,0.81921,0.81947,1.50,3.94
2011.06.14 02:14:13.112,0.81923,0.81947,3.00,1.88
2011.06.14 02:14:13.662,0.8192,0.81945,3.00,1.13
2011.06.14 02:14:15.342,0.81914,0.81936,1.13,1.50
2011.06.14 02:14:15.450,0.81914,0.81936,1.50,1.50
2011.06.14 02:14:17.260,0.8192,0.81936,1.50,1.50
2011.06.14 02:14:17.481,0.81922,0.81937,1.50,1.17
2011.06.14 02:14:17.590,0.81922,0.81938,1.50,1.32
2011.06.14 02:14:17.920,0.8192,0.81938,1.50,1.13
2011.06.14 02:14:18.029,0.81914,0.81937,3.00,1.60
2011.06.14 02:14:19.673,0.81915,0.81928,1.13,1.13
2011.06.14 02:14:19.792,0.81914,0.81926,2.25,1.60
2011.06.14 02:14:19.902,0.819,0.81926,1.65,1.60
2011.06.14 02:14:20.015,0.81904,0.81926,2.10,1.50
2011.06.14 02:14:20.243,0.81903,0.81924,1.50,1.50
2011.06.14 02:14:20.570,0.81902,0.81924,1.50,1.50
2011.06.14 02:14:23.324,0.819,0.8192,3.75,1.88
2011.06.14 02:14:23.906,0.81897,0.8192,1.65,1.98
2011.06.14 02:14:27.673,0.81897,0.8191,1.50,1.50
2011.06.14 02:14:28.005,0.81885,0.81903,1.50,1.50
2011.06.14 02:14:28.343,0.8188,0.819,1.50,1.13
2011.06.14 02:14:28.570,0.8188,0.819,1.50,1.13
2011.06.14 02:14:29.563,0.81871,0.81896,1.50,5.63
2011.06.14 02:14:29.671,0.81872,0.81896,2.25,4.88
2011.06.14 02:14:30.000,0.81874,0.81895,1.50,1.50
2011.06.14 02:14:30.220,0.81877,0.819,1.50,5.35
2011.06.14 02:14:30.550,0.8188,0.819,1.50,1.50
2011.06.14 02:14:31.342,0.8188,0.819,1.50,1.50
2011.06.14 02:14:32.531,0.81881,0.81903,2.25,1.50
2011.06.14 02:14:32.640,0.81882,0.81903,1.50,1.50
2011.06.14 02:14:32.750,0.81886,0.81905,1.50,1.50
2011.06.14 02:14:32.859,0.81886,0.81905,1.50,1.50
2011.06.14 02:14:35.899,0.81886,0.81901,1.50,1.50
2011.06.14 02:14:36.120,0.8188,0.81901,1.50,1.50
2011.06.14 02:14:37.990,0.81882,0.81903,2.07,1.50
2011.06.14 02:14:38.210,0.81886,0.81906,1.50,1.50
2011.06.14 02:14:38.771,0.81886,0.81906,1.50,1.92
2011.06.14 02:14:40.060,0.81886,0.81911,2.85,2.25
2011.06.14 02:14:40.391,0.81884,0.81896,2.25,1.23
2011.06.14 02:14:40.502,0.81881,0.81897,1.50,1.13
2011.06.14 02:14:41.380,0.8188,0.81905,5.25,1.88
2011.06.14 02:14:42.721,0.81882,0.81905,1.50,1.88
2011.06.14 02:14:48.663,0.81882,0.81905,1.50,1.88
2011.06.14 02:14:51.985,0.81882,0.819,1.50,1.50
2011.06.14 02:14:52.103,0.8188,0.819,1.50,1.50
2011.06.14 02:14:52.220,0.81878,0.819,1.50,1.50
2011.06.14 02:14:54.500,0.81878,0.819,1.50,2.25
2011.06.14 02:14:54.720,0.81876,0.819,6.75,2.35
2011.06.14 02:14:55.710,0.81877,0.819,1.50,1.60
2011.06.14 02:14:57.030,0.81876,0.81897,6.00,1.60
2011.06.14 02:14:57.360,0.81876,0.81896,6.00,1.23
2011.06.14 02:14:59.171,0.81876,0.81896,5.25,1.23
2011.06.14 02:15:16.659,0.81875,0.81888,3.75,1.13
2011.06.14 02:15:16.990,0.81866,0.81885,2.63,1.50
2011.06.14 02:15:17.100,0.81866,0.81885,1.13,1.50
2011.06.14 02:15:17.649,0.81866,0.81885,1.13,1.50
2011.06.14 02:15:19.312,0.81864,0.81885,1.88,1.50
2011.06.14 02:15:22.769,0.81863,0.81885,1.88,1.50
2011.06.14 02:15:22.992,0.81863,0.81885,1.88,1.50
2011.06.14 02:15:23.550,0.81865,0.81885,1.13,1.50
2011.06.14 02:15:24.151,0.81863,0.81885,2.63,1.50
2011.06.14 02:15:24.371,0.81862,0.81885,2.25,1.50
2011.06.14 02:15:29.671,0.81862,0.81879,1.50,1.13
2011.06.14 02:15:30.001,0.8186,0.81868,1.50,1.13
2011.06.14 02:15:30.111,0.81851,0.81868,1.69,1.13
2011.06.14 02:15:30.221,0.8185,0.81868,1.50,1.13
2011.06.14 02:15:30.661,0.81848,0.81865,1.50,1.50
2011.06.14 02:15:33.989,0.81846,0.81865,2.63,1.50
2011.06.14 02:15:34.541,0.81845,0.81865,1.50,1.50
2011.06.14 02:15:34.871,0.81845,0.81856,1.50,1.50
2011.06.14 02:15:35.092,0.81841,0.81855,1.50,1.50
2011.06.14 02:15:37.949,0.81839,0.81855,1.50,1.50
2011.06.14 02:15:38.061,0.81837,0.81855,1.13,1.50
2011.06.14 02:15:38.612,0.81835,0.81855,1.50,1.50
2011.06.14 02:15:40.220,0.81842,0.81858,1.50,1.50
2011.06.14 02:15:40.330,0.81842,0.8186,3.19,1.50
2011.06.14 02:15:40.551,0.81843,0.81857,1.50,1.50
2011.06.14 02:15:40.772,0.81836,0.81857,1.50,1.50
2011.06.14 02:15:41.100,0.81837,0.81857,1.50,1.50
2011.06.14 02:15:41.502,0.8184,0.81857,1.50,1.50
2011.06.14 02:15:47.660,0.81843,0.81856,1.50,1.50
2011.06.14 02:15:47.771,0.81844,0.81861,1.50,2.25
2011.06.14 02:15:47.879,0.81845,0.81865,1.50,1.60
2011.06.14 02:15:48.429,0.81846,0.81865,1.50,1.50
2011.06.14 02:15:49.233,0.81846,0.81858,1.50,1.13
2011.06.14 02:15:49.573,0.8184,0.81855,1.50,1.50
2011.06.14 02:15:51.971,0.8184,0.81853,1.50,1.13
2011.06.14 02:15:52.413,0.81841,0.81855,1.50,1.50
2011.06.14 02:15:52.640,0.81841,0.81855,1.50,1.50
2011.06.14 02:15:52.860,0.81842,0.81864,1.50,1.50
2011.06.14 02:15:53.192,0.81842,0.81859,1.50,1.13
2011.06.14 02:15:53.629,0.8184,0.81856,1.50,1.50
2011.06.14 02:15:53.959,0.8184,0.81861,2.25,3.75
2011.06.14 02:15:54.510,0.8184,0.81861,2.25,1.50
2011.06.14 02:15:55.270,0.81842,0.81863,2.25,1.50
2011.06.14 02:15:55.490,0.81843,0.81864,1.50,1.50
2011.06.14 02:15:57.160,0.81843,0.81864,1.50,1.50
2011.06.14 02:15:57.602,0.81852,0.81864,2.25,1.50
2011.06.14 02:15:58.172,0.8185,0.81869,1.50,1.13
2011.06.14 02:16:02.402,0.81844,0.81864,1.50,1.50
2011.06.14 02:16:02.621,0.81843,0.81864,1.50,1.88
2011.06.14 02:16:03.723,0.81848,0.81867,1.73,1.50
2011.06.14 02:16:03.842,0.81852,0.81869,1.69,1.60
2011.06.14 02:16:04.061,0.81851,0.8187,1.69,1.88
2011.06.14 02:16:04.279,0.81851,0.8187,1.69,1.88
2011.06.14 02:16:04.720,0.81852,0.8187,2.63,1.50
2011.06.14 02:16:05.049,0.81856,0.81877,1.50,1.23
2011.06.14 02:16:05.755,0.81855,0.81877,2.25,1.23
2011.06.14 02:16:06.208,0.81852,0.8187,1.50,2.25
2011.06.14 02:16:06.431,0.81847,0.81869,2.25,1.13
2011.06.14 02:16:07.096,0.81847,0.81869,3.00,1.13
2011.06.14 02:16:07.650,0.81847,0.81869,1.50,1.98
2011.06.14 02:16:07.760,0.81846,0.81869,1.50,2.73
2011.06.14 02:16:08.333,0.81846,0.81869,2.25,2.73
2011.06.14 02:16:08.669,0.81847,0.81869,1.50,1.13
2011.06.14 02:16:10.230,0.81847,0.81865,1.50,1.50
2011.06.14 02:16:10.452,0.81844,0.81865,2.25,1.50
2011.06.14 02:16:11.851,0.81844,0.81863,1.50,1.60
2011.06.14 02:16:12.691,0.81844,0.81863,1.50,1.60
2011.06.14 02:16:13.350,0.81845,0.81869,4.50,3.48
2011.06.14 02:16:25.547,0.81847,0.81867,1.50,1.60
2011.06.14 02:16:26.379,0.81846,0.81867,1.50,1.60
2011.06.14 02:16:26.991,0.81846,0.81869,1.50,3.48
2011.06.14 02:16:32.011,0.81847,0.81869,1.50,3.48
2011.06.14 02:16:32.600,0.81847,0.81869,1.50,1.98
2011.06.14 02:16:33.237,0.81848,0.81869,1.50,1.88
2011.06.14 02:16:38.634,0.81847,0.8187,2.25,1.13
2011.06.14 02:16:44.031,0.81849,0.81871,2.25,1.60
2011.06.14 02:16:44.140,0.8185,0.81871,1.88,1.50
2011.06.14 02:16:47.810,0.81849,0.81871,2.63,1.60
2011.06.14 02:16:47.919,0.81849,0.81871,2.63,1.60
2011.06.14 02:16:48.032,0.81853,0.81874,1.88,1.50
2011.06.14 02:16:48.361,0.81856,0.81877,3.00,1.60
2011.06.14 02:16:48.469,0.81856,0.8188,3.00,4.23
2011.06.14 02:16:48.580,0.81856,0.8188,3.00,4.23
2011.06.14 02:16:49.170,0.81855,0.81876,1.50,2.25
2011.06.14 02:16:49.390,0.81852,0.81876,1.50,2.35
2011.06.14 02:16:49.500,0.81853,0.81876,1.13,2.35
2011.06.14 02:16:51.181,0.81852,0.81866,1.13,1.50
2011.06.14 02:16:51.513,0.81845,0.81857,1.13,1.50
2011.06.14 02:16:51.631,0.81838,0.81857,2.75,2.35
2011.06.14 02:16:51.740,0.81838,0.81857,1.13,2.35
2011.06.14 02:16:52.292,0.81839,0.8186,2.48,3.10
2011.06.14 02:16:52.510,0.81842,0.81868,1.50,1.50
2011.06.14 02:16:52.621,0.81842,0.81868,1.50,1.50
2011.06.14 02:16:52.950,0.81842,0.81865,1.50,1.50
2011.06.14 02:16:54.432,0.81842,0.81865,1.50,1.50
2011.06.14 02:16:55.369,0.81842,0.81862,1.50,1.50
2011.06.14 02:16:55.765,0.81839,0.81856,1.50,1.50
2011.06.14 02:16:55.886,0.81841,0.8186,1.13,1.50
2011.06.14 02:16:56.003,0.81841,0.8186,1.13,1.50
2011.06.14 02:17:04.412,0.81841,0.8186,1.13,1.50
2011.06.14 02:17:04.747,0.81844,0.81866,1.13,1.50
2011.06.14 02:17:04.861,0.81845,0.81866,1.88,1.50
2011.06.14 02:17:04.973,0.81852,0.8187,1.69,3.10
2011.06.14 02:17:05.300,0.81852,0.81874,2.44,1.50
2011.06.14 02:17:05.519,0.81853,0.81874,3.38,1.50
2011.06.14 02:17:07.490,0.81853,0.81861,1.88,1.50
2011.06.14 02:17:08.041,0.8184,0.81864,1.50,1.60
2011.06.14 02:17:09.240,0.81839,0.81863,1.88,1.60
2011.06.14 02:17:09.461,0.81843,0.81866,1.50,4.60
2011.06.14 02:17:09.790,0.81842,0.81863,1.88,2.73
2011.06.14 02:17:09.901,0.81842,0.8186,1.13,1.50
2011.06.14 02:17:10.451,0.81841,0.8186,1.13,1.50
2011.06.14 02:17:11.453,0.81837,0.81856,2.63,1.50
2011.06.14 02:17:11.563,0.81837,0.81856,1.88,1.50
2011.06.14 02:17:11.899,0.81837,0.81857,1.13,1.50
2011.06.14 02:17:13.621,0.81838,0.81858,1.13,3.00
2011.06.14 02:17:13.840,0.81841,0.81861,1.50,1.60
2011.06.14 02:17:13.951,0.8184,0.81861,1.13,2.35
2011.06.14 02:17:18.879,0.81839,0.81861,1.13,2.35
2011.06.14 02:17:19.210,0.81837,0.81859,4.88,2.35
2011.06.14 02:17:19.902,0.81837,0.81859,4.88,2.35
2011.06.14 02:17:20.630,0.81837,0.81859,4.13,2.35
2011.06.14 02:17:21.233,0.81835,0.81856,1.13,1.60
2011.06.14 02:17:25.370,0.81835,0.81856,1.13,1.60
2011.06.14 02:17:28.780,0.81834,0.81856,1.13,1.60
2011.06.14 02:17:29.330,0.81832,0.81855,5.25,1.23
2011.06.14 02:17:29.440,0.81832,0.81855,5.25,1.23
2011.06.14 02:17:52.593,0.81832,0.81851,1.50,1.50
2011.06.14 02:17:52.923,0.81829,0.81849,1.50,1.13
2011.06.14 02:17:53.580,0.81828,0.81851,1.50,2.25
2011.06.14 02:17:54.129,0.81828,0.8185,1.50,1.13
2011.06.14 02:17:55.370,0.81828,0.81851,1.50,2.63
2011.06.14 02:17:56.112,0.81828,0.8185,1.50,1.50
2011.06.14 02:17:58.120,0.81828,0.8185,1.50,1.50
2011.06.14 02:17:58.691,0.81828,0.81849,1.50,1.88
2011.06.14 02:17:59.170,0.81826,0.81849,2.25,1.88
2011.06.14 02:17:59.750,0.81826,0.81849,2.25,2.63
2011.06.14 02:18:13.909,0.81826,0.81848,1.50,1.60
2011.06.14 02:18:14.493,0.81825,0.81846,6.75,1.50
2011.06.14 02:18:17.980,0.81825,0.81848,6.75,1.60
2011.06.14 02:18:22.420,0.81825,0.81837,6.00,1.50
2011.06.14 02:18:22.752,0.81814,0.81834,2.25,1.50
2011.06.14 02:18:22.972,0.81812,0.8183,1.50,2.25
2011.06.14 02:18:23.080,0.8181,0.8183,3.75,2.25
2011.06.14 02:18:23.629,0.81809,0.8183,1.50,1.50
2011.06.14 02:18:24.430,0.8181,0.8183,1.13,1.50
2011.06.14 02:18:24.759,0.81809,0.8183,1.88,2.25
2011.06.14 02:18:24.870,0.81809,0.8183,1.88,1.50
2011.06.14 02:18:25.090,0.8181,0.81831,1.88,1.50
2011.06.14 02:18:25.441,0.81816,0.81838,1.50,4.60
2011.06.14 02:18:25.771,0.81817,0.81838,6.00,1.98
2011.06.14 02:18:27.451,0.8182,0.81839,4.50,1.13
2011.06.14 02:18:28.002,0.81818,0.81837,2.25,1.50
2011.06.14 02:18:28.222,0.81818,0.81837,1.50,1.88
2011.06.14 02:18:28.440,0.81814,0.81835,2.25,1.50
2011.06.14 02:18:28.660,0.81812,0.81834,6.00,1.50
2011.06.14 02:18:28.772,0.81812,0.81829,2.25,1.13
2011.06.14 02:18:28.882,0.81808,0.81826,1.50,1.50
2011.06.14 02:18:29.101,0.81805,0.81826,1.88,2.35
2011.06.14 02:18:31.801,0.81805,0.81826,1.50,2.35
2011.06.14 02:18:32.240,0.81807,0.81826,2.25,2.25
2011.06.14 02:18:32.461,0.81806,0.81828,6.00,1.13
2011.06.14 02:18:33.138,0.81807,0.81828,2.25,1.88
2011.06.14 02:18:34.340,0.81807,0.81827,2.25,1.13
2011.06.14 02:18:34.451,0.81807,0.81825,1.50,1.50
2011.06.14 02:18:34.780,0.81803,0.81825,1.50,1.98
2011.06.14 02:18:37.680,0.81806,0.81825,5.25,1.23
2011.06.14 02:18:38.009,0.81806,0.81828,6.00,1.13
2011.06.14 02:18:43.570,0.81806,0.81827,6.00,1.50
2011.06.14 02:18:43.901,0.81791,0.81809,3.15,2.25
2011.06.14 02:18:44.011,0.81791,0.81812,2.25,5.25
2011.06.14 02:18:44.120,0.81791,0.81813,2.25,5.25
2011.06.14 02:18:44.560,0.81791,0.81813,2.63,4.13
2011.06.14 02:18:46.990,0.81791,0.81813,7.13,3.00
2011.06.14 02:18:47.101,0.81792,0.81816,1.50,1.50
2011.06.14 02:18:47.210,0.81792,0.81813,2.25,1.50
2011.06.14 02:18:47.649,0.81792,0.81813,2.63,1.50
2011.06.14 02:18:48.721,0.81792,0.81809,1.88,1.13
2011.06.14 02:18:49.034,0.81792,0.81809,1.88,1.13
2011.06.14 02:18:49.158,0.81791,0.81813,2.63,2.35
2011.06.14 02:18:49.382,0.81797,0.81814,1.50,2.25
2011.06.14 02:18:49.601,0.81798,0.81814,1.13,2.25
2011.06.14 02:18:49.931,0.81798,0.81814,1.13,2.25
2011.06.14 02:18:50.479,0.818,0.81814,1.50,2.25
2011.06.14 02:18:51.341,0.818,0.81825,6.75,1.88
2011.06.14 02:18:51.560,0.81803,0.81814,1.50,2.25
2011.06.14 02:18:51.900,0.81803,0.81814,1.50,2.25
2011.06.14 02:18:52.891,0.81806,0.81827,1.50,1.88
2011.06.14 02:18:53.451,0.81806,0.81827,2.25,1.13
2011.06.14 02:18:53.561,0.81806,0.81827,2.25,1.13
2011.06.14 02:18:53.891,0.81806,0.81829,1.50,1.23
2011.06.14 02:18:54.609,0.81806,0.81827,3.00,1.13
2011.06.14 02:18:55.230,0.81806,0.81828,3.00,1.23
2011.06.14 02:18:55.729,0.8181,0.8183,1.50,1.88
2011.06.14 02:19:00.369,0.8181,0.8183,1.50,1.50
2011.06.14 02:19:06.140,0.8181,0.81831,1.50,1.88
2011.06.14 02:19:06.690,0.8181,0.8183,1.50,1.58
2011.06.14 02:19:08.710,0.8181,0.81832,1.50,2.43
2011.06.14 02:19:09.333,0.8181,0.8183,1.50,1.58
2011.06.14 02:19:11.680,0.8181,0.81832,1.50,2.43
2011.06.14 02:19:14.219,0.8181,0.81832,1.50,1.68
2011.06.14 02:19:14.769,0.8181,0.81831,1.50,1.58
2011.06.14 02:19:15.690,0.8181,0.81831,1.50,1.58
2011.06.14 02:19:16.240,0.8181,0.81831,1.50,1.58
2011.06.14 02:19:17.931,0.8181,0.81831,1.50,1.58
2011.06.14 02:19:19.533,0.8181,0.81831,1.50,1.58
2011.06.14 02:19:21.452,0.8181,0.8183,1.50,1.58
2011.06.14 02:19:21.563,0.81807,0.81825,6.75,1.50
2011.06.14 02:19:21.681,0.81807,0.81822,2.25,1.50
2011.06.14 02:19:21.792,0.81804,0.81822,1.50,1.50
2011.06.14 02:19:21.901,0.81802,0.81821,2.25,1.50
2011.06.14 02:19:22.470,0.818,0.81822,1.50,2.63
2011.06.14 02:19:22.981,0.818,0.8182,1.50,1.13
2011.06.14 02:19:24.630,0.818,0.81822,1.50,1.88
2011.06.14 02:19:26.640,0.818,0.81821,1.50,1.88
2011.06.14 02:19:29.820,0.818,0.8182,1.50,1.88
2011.06.14 02:19:29.929,0.81796,0.8182,5.25,2.73
2011.06.14 02:19:30.040,0.81796,0.81819,5.25,1.60
2011.06.14 02:19:30.260,0.81796,0.81819,5.25,1.60
2011.06.14 02:19:30.590,0.81798,0.8182,1.50,1.98
2011.06.14 02:19:31.340,0.81798,0.81821,2.25,1.60
2011.06.14 02:19:31.890,0.81802,0.81822,1.50,1.13
2011.06.14 02:19:32.111,0.81801,0.81819,1.50,1.13
2011.06.14 02:19:35.960,0.81798,0.8182,1.50,1.13
2011.06.14 02:19:43.144,0.81798,0.8182,1.50,1.88
2011.06.14 02:19:43.739,0.81797,0.81819,2.25,1.23
2011.06.14 02:19:45.369,0.81797,0.8182,2.25,1.23
2011.06.14 02:19:51.084,0.818,0.81821,6.19,2.73
2011.06.14 02:19:51.529,0.81799,0.81819,1.50,1.13
2011.06.14 02:19:53.280,0.81803,0.81823,1.50,3.48
2011.06.14 02:19:53.499,0.81803,0.81822,1.50,1.23
2011.06.14 02:19:54.719,0.81803,0.81823,2.25,1.88
2011.06.14 02:19:57.750,0.81803,0.81824,1.50,2.25
2011.06.14 02:19:59.120,0.81802,0.81817,1.50,1.50
2011.06.14 02:19:59.561,0.81792,0.81815,1.69,2.35
2011.06.14 02:20:00.183,0.81793,0.81815,1.69,2.35
2011.06.14 02:20:00.632,0.81792,0.81815,1.69,2.35
2011.06.14 02:20:05.819,0.81793,0.81814,1.69,1.23
2011.06.14 02:20:06.040,0.81794,0.81816,1.50,1.98
2011.06.14 02:20:13.930,0.81794,0.81817,1.88,1.60
2011.06.14 02:20:16.450,0.81795,0.81816,1.13,1.60
2011.06.14 02:20:16.781,0.81792,0.81815,1.88,1.23
2011.06.14 02:20:17.111,0.81786,0.81806,2.63,1.60
2011.06.14 02:20:17.483,0.81786,0.81806,2.63,1.60
2011.06.14 02:20:23.551,0.81783,0.81802,1.13,1.60
2011.06.14 02:20:23.770,0.81782,0.81802,1.88,2.35
2011.06.14 02:20:24.212,0.81782,0.81802,1.88,1.60
2011.06.14 02:20:27.050,0.81782,0.81802,1.13,1.60
2011.06.14 02:20:36.386,0.81778,0.818,1.88,1.08
2011.06.14 02:20:36.612,0.81778,0.81799,1.13,1.13
2011.06.14 02:20:36.943,0.81775,0.81789,1.50,4.73
2011.06.14 02:20:37.054,0.8177,0.81788,1.50,1.23
2011.06.14 02:20:37.172,0.8177,0.81788,1.50,1.23
2011.06.14 02:20:37.281,0.8177,0.81791,1.88,1.83
2011.06.14 02:20:38.151,0.81772,0.81794,5.25,1.45
2011.06.14 02:20:38.371,0.81772,0.81794,5.25,1.45
2011.06.14 02:20:39.972,0.81772,0.81793,5.25,1.60
2011.06.14 02:20:44.012,0.8177,0.81791,1.88,2.95
2011.06.14 02:20:44.121,0.8177,0.81788,1.13,1.35
2011.06.14 02:20:49.941,0.81768,0.81789,1.50,1.35
2011.06.14 02:20:50.489,0.81768,0.81787,1.50,1.38
2011.06.14 02:20:53.970,0.81767,0.81787,5.25,2.73
2011.06.14 02:20:54.191,0.81765,0.81784,1.50,1.35
2011.06.14 02:20:54.521,0.81764,0.81782,1.50,1.35
2011.06.14 02:20:55.071,0.81762,0.81783,1.58,1.98
2011.06.14 02:20:56.011,0.81762,0.81783,2.70,1.88
2011.06.14 02:20:56.341,0.81765,0.81786,1.88,1.65
2011.06.14 02:20:56.890,0.81765,0.81786,1.88,1.50
2011.06.14 02:20:57.551,0.81767,0.81787,1.50,1.64
2011.06.14 02:20:58.099,0.81767,0.81789,2.25,1.60
2011.06.14 02:20:59.309,0.81767,0.81787,2.25,1.08
2011.06.14 02:20:59.750,0.81765,0.81787,1.88,2.16
2011.06.14 02:21:02.190,0.81764,0.81787,1.13,1.68
2011.06.14 02:21:04.150,0.81763,0.81784,1.69,1.13
2011.06.14 02:21:04.569,0.8176,0.81777,1.20,2.39
2011.06.14 02:21:04.680,0.81754,0.81777,2.63,2.39
2011.06.14 02:21:08.502,0.81757,0.81777,2.25,1.23
2011.06.14 02:21:08.611,0.8176,0.81778,1.50,5.44
2011.06.14 02:21:08.941,0.81764,0.81783,1.50,5.73
2011.06.14 02:21:09.494,0.81765,0.81783,1.50,4.98
2011.06.14 02:21:10.022,0.81765,0.81784,1.65,4.50
2011.06.14 02:21:10.132,0.81765,0.81785,1.28,1.45
2011.06.14 02:21:10.242,0.81765,0.81783,1.13,2.10
2011.06.14 02:21:10.462,0.81769,0.81784,1.50,3.00
2011.06.14 02:21:11.010,0.81768,0.81786,1.50,1.50
2011.06.14 02:21:11.340,0.81763,0.81778,1.88,3.75
2011.06.14 02:21:11.561,0.81766,0.81782,1.50,2.48
2011.06.14 02:21:12.840,0.81765,0.81782,1.50,1.73
2011.06.14 02:21:14.222,0.81759,0.81777,1.65,1.35
2011.06.14 02:21:14.441,0.8176,0.81778,1.50,2.16
2011.06.14 02:21:15.010,0.81761,0.81777,1.65,1.41
2011.06.14 02:21:17.090,0.8176,0.81777,1.50,1.92
2011.06.14 02:21:18.129,0.81759,0.81777,1.50,1.35
2011.06.14 02:21:18.680,0.81757,0.81777,1.50,1.45
2011.06.14 02:21:18.900,0.81759,0.81777,1.50,1.45
2011.06.14 02:21:20.430,0.81762,0.81777,1.50,1.26
2011.06.14 02:21:20.761,0.81767,0.81786,6.00,2.43
2011.06.14 02:21:20.872,0.81769,0.81787,1.88,1.83
2011.06.14 02:21:21.093,0.8177,0.81793,1.50,5.20
2011.06.14 02:21:21.780,0.81774,0.81793,1.50,3.00
2011.06.14 02:21:22.330,0.81775,0.81793,1.50,3.00
2011.06.14 02:21:22.660,0.81776,0.81793,1.50,3.00
2011.06.14 02:21:23.802,0.81776,0.81795,1.50,2.35
2011.06.14 02:21:24.022,0.81777,0.81795,2.25,1.50
2011.06.14 02:21:24.134,0.81778,0.81798,1.13,1.50
2011.06.14 02:21:24.469,0.8178,0.81801,1.88,2.20
2011.06.14 02:21:24.801,0.8178,0.81801,1.13,2.20
2011.06.14 02:21:25.351,0.81776,0.81795,2.25,1.50
2011.06.14 02:21:25.571,0.81777,0.81797,1.50,2.20
2011.06.14 02:21:26.260,0.81779,0.81797,1.50,1.41
2011.06.14 02:21:26.810,0.81779,0.81796,1.50,1.50
2011.06.14 02:21:27.140,0.81779,0.81796,1.50,1.50
2011.06.14 02:21:29.512,0.8178,0.81798,1.88,3.57
2011.06.14 02:21:29.620,0.8178,0.81801,1.13,2.20
2011.06.14 02:21:29.730,0.81779,0.818,1.50,1.08
2011.06.14 02:21:29.950,0.8178,0.818,1.50,2.20
2011.06.14 02:21:30.170,0.8178,0.81801,1.50,1.45
2011.06.14 02:21:31.931,0.81779,0.81797,1.13,1.35
2011.06.14 02:21:32.262,0.81774,0.81793,1.82,2.25
2011.06.14 02:21:32.590,0.81774,0.81793,2.27,4.35
2011.06.14 02:21:32.700,0.81774,0.81793,2.27,4.45
2011.06.14 02:21:33.249,0.81773,0.81793,2.76,4.45
2011.06.14 02:21:35.161,0.81773,0.81793,1.50,4.45
2011.06.14 02:21:35.775,0.81774,0.81793,1.50,4.45
2011.06.14 02:21:36.890,0.81774,0.81793,2.25,2.20
2011.06.14 02:21:37.221,0.81779,0.81797,1.50,3.10
2011.06.14 02:21:37.331,0.81776,0.81796,1.65,1.50
2011.06.14 02:21:39.299,0.81779,0.81796,1.50,1.50
2011.06.14 02:21:39.630,0.8177,0.81788,1.50,3.60
2011.06.14 02:21:39.741,0.81768,0.81788,1.50,1.35
2011.06.14 02:21:40.472,0.81767,0.81788,2.63,1.35
2011.06.14 02:21:40.860,0.81769,0.81788,1.50,1.35
2011.06.14 02:21:41.190,0.81772,0.81792,1.50,3.70
2011.06.14 02:21:41.302,0.81772,0.81791,1.50,1.45
2011.06.14 02:21:52.563,0.81772,0.81792,1.88,3.70
2011.06.14 02:21:53.880,0.81772,0.81793,1.88,2.20
2011.06.14 02:21:54.350,0.81772,0.81792,1.88,1.45
2011.06.14 02:21:54.681,0.81772,0.81792,1.88,1.45
2011.06.14 02:21:56.431,0.81772,0.81792,1.88,1.45
2011.06.14 02:21:56.980,0.81772,0.81792,1.88,1.45
2011.06.14 02:21:58.801,0.81772,0.81794,1.88,2.95
2011.06.14 02:22:00.833,0.81775,0.81794,1.88,1.45
2011.06.14 02:22:00.942,0.81776,0.81798,1.13,6.70
2011.06.14 02:22:01.051,0.81776,0.81797,1.13,1.45
2011.06.14 02:22:04.181,0.81782,0.81797,1.13,1.45
2011.06.14 02:22:04.292,0.81782,0.81798,1.88,4.45
2011.06.14 02:22:04.402,0.81782,0.81799,1.88,1.45
2011.06.14 02:22:05.060,0.81782,0.818,1.58,1.45
2011.06.14 02:22:05.610,0.81785,0.81802,1.05,2.20
2011.06.14 02:22:12.262,0.81783,0.81802,4.01,2.20
2011.06.14 02:22:12.372,0.81782,0.81802,1.50,2.20
2011.06.14 02:22:12.593,0.81782,0.81803,1.50,1.50
2011.06.14 02:22:13.502,0.81782,0.81803,2.63,1.50
2011.06.14 02:22:14.640,0.81795,0.81805,1.50,9.00
2011.06.14 02:22:14.972,0.81798,0.81818,1.50,4.50
2011.06.14 02:22:15.082,0.81798,0.81819,1.50,1.50
2011.06.14 02:22:15.190,0.81798,0.8182,2.25,1.23
2011.06.14 02:22:15.302,0.81799,0.81822,1.50,1.88
2011.06.14 02:22:16.472,0.81799,0.81815,1.50,1.73
2011.06.14 02:22:16.694,0.8179,0.81813,1.50,3.85
2011.06.14 02:22:17.254,0.81793,0.81815,1.88,2.73
2011.06.14 02:22:17.371,0.81793,0.81815,1.88,1.23
2011.06.14 02:22:17.920,0.81794,0.81815,1.88,1.60
2011.06.14 02:22:21.003,0.81798,0.81815,1.50,1.60
2011.06.14 02:22:21.113,0.81798,0.81817,1.50,1.60
2011.06.14 02:22:21.222,0.81798,0.81819,1.50,2.73
2011.06.14 02:22:21.331,0.81798,0.81819,1.50,1.98
2011.06.14 02:22:21.849,0.81798,0.81817,1.50,1.13
2011.06.14 02:22:23.430,0.81798,0.81817,1.50,1.13
2011.06.14 02:22:24.529,0.81798,0.81817,1.50,1.13
2011.06.14 02:22:26.239,0.81798,0.81818,1.50,1.23
2011.06.14 02:22:32.173,0.81797,0.81817,1.50,1.88
2011.06.14 02:22:32.404,0.81794,0.81814,1.50,1.88
2011.06.14 02:22:32.521,0.81794,0.81814,1.50,1.88
2011.06.14 02:22:33.599,0.81794,0.81814,1.50,1.50
2011.06.14 02:22:33.941,0.81793,0.81809,1.50,1.50
2011.06.14 02:22:34.051,0.8179,0.81809,1.69,1.50
2011.06.14 02:22:34.161,0.81789,0.81809,2.25,5.25
2011.06.14 02:22:34.271,0.81787,0.81808,1.88,1.50
2011.06.14 02:22:34.710,0.81787,0.81808,1.88,1.50
2011.06.14 02:22:34.930,0.8179,0.81812,1.13,2.35
2011.06.14 02:22:35.370,0.81791,0.81812,1.88,2.25
2011.06.14 02:22:35.700,0.818,0.81814,1.13,5.35
2011.06.14 02:22:36.032,0.81799,0.81818,1.50,1.50
2011.06.14 02:22:36.142,0.81799,0.8182,1.50,3.48
2011.06.14 02:22:36.360,0.81798,0.8182,1.50,1.23
2011.06.14 02:22:36.903,0.81799,0.8182,1.50,1.88
2011.06.14 02:22:38.120,0.81799,0.8182,1.50,1.50
2011.06.14 02:22:38.669,0.81798,0.8182,2.25,1.88
2011.06.14 02:22:39.360,0.81798,0.8182,2.25,1.13
2011.06.14 02:22:42.280,0.81801,0.81822,2.63,1.50
2011.06.14 02:22:42.390,0.81802,0.81822,2.25,1.50
2011.06.14 02:22:43.133,0.81803,0.81822,1.50,1.50
2011.06.14 02:22:44.592,0.81801,0.81822,1.13,2.25
2011.06.14 02:22:45.153,0.818,0.81822,1.50,2.63
2011.06.14 02:22:50.650,0.81803,0.81822,1.50,1.13
2011.06.14 02:22:51.200,0.818,0.81821,5.44,1.88
2011.06.14 02:22:51.529,0.818,0.81821,1.50,1.88
2011.06.14 02:22:56.940,0.818,0.81822,1.50,1.13
2011.06.14 02:22:57.380,0.818,0.81822,1.50,1.88
2011.06.14 02:22:57.599,0.818,0.81821,1.50,1.13
2011.06.14 02:23:01.460,0.81798,0.8182,3.00,1.50
2011.06.14 02:23:08.689,0.81798,0.81819,1.50,1.13
2011.06.14 02:23:12.309,0.81798,0.81819,2.25,1.13
2011.06.14 02:23:13.069,0.81799,0.81821,2.63,1.13
2011.06.14 02:23:20.412,0.818,0.81822,1.50,1.50
2011.06.14 02:23:20.952,0.818,0.81822,1.88,1.50
2011.06.14 02:23:21.635,0.81802,0.81822,1.13,1.50
2011.06.14 02:23:22.081,0.81803,0.81822,1.13,1.50
2011.06.14 02:23:34.352,0.81803,0.81822,1.13,1.50
2011.06.14 02:23:35.103,0.81803,0.81822,1.13,1.50
2011.06.14 02:23:36.460,0.81803,0.81822,1.13,1.50
2011.06.14 02:23:46.450,0.81803,0.81822,1.13,1.50
2011.06.14 02:23:57.001,0.81803,0.81822,1.13,1.50
2011.06.14 02:24:16.719,0.81803,0.81822,1.13,1.50
2011.06.14 02:24:20.660,0.81803,0.81822,1.13,1.50
2011.06.14 02:24:23.230,0.81803,0.81822,1.13,1.50
2011.06.14 02:24:28.670,0.81802,0.81822,1.13,1.50
2011.06.14 02:24:29.219,0.81801,0.81822,2.25,1.50
2011.06.14 02:24:38.541,0.81797,0.81818,3.00,2.48
2011.06.14 02:24:38.954,0.81794,0.81814,1.50,1.50
2011.06.14 02:24:39.076,0.81793,0.81814,3.19,1.50
2011.06.14 02:24:39.411,0.81794,0.81807,1.50,1.35
2011.06.14 02:24:39.740,0.8179,0.81806,3.75,1.83
2011.06.14 02:24:39.852,0.8179,0.81805,3.75,1.88
2011.06.14 02:24:40.072,0.81782,0.81802,4.50,2.10
2011.06.14 02:24:40.182,0.81782,0.81801,3.75,1.35
2011.06.14 02:24:40.732,0.81783,0.81804,1.88,1.60
2011.06.14 02:24:40.844,0.81784,0.81805,1.50,3.48
2011.06.14 02:24:40.962,0.81787,0.81806,2.25,1.13
2011.06.14 02:24:41.180,0.81787,0.81808,2.25,1.23
2011.06.14 02:24:41.401,0.81787,0.81809,1.50,1.60
2011.06.14 02:24:41.512,0.81788,0.81809,1.50,1.50
2011.06.14 02:24:42.970,0.81787,0.81809,2.25,1.83
2011.06.14 02:24:43.306,0.81786,0.81805,1.50,1.35
2011.06.14 02:24:43.421,0.81783,0.81805,1.50,1.35
2011.06.14 02:24:43.790,0.81785,0.81807,1.13,1.50
2011.06.14 02:24:44.340,0.81786,0.81807,1.13,1.50
2011.06.14 02:24:44.903,0.81785,0.81807,1.50,2.25
2011.06.14 02:24:45.670,0.81784,0.81807,1.88,5.25
2011.06.14 02:24:49.900,0.81786,0.81807,1.13,1.50
2011.06.14 02:24:50.500,0.81786,0.81807,1.13,1.50
2011.06.14 02:24:51.223,0.81786,0.81807,1.13,1.50
2011.06.14 02:24:51.769,0.81786,0.81807,1.13,1.50
2011.06.14 02:25:03.101,0.81786,0.81807,1.13,1.50
2011.06.14 02:25:03.653,0.81789,0.81811,1.88,1.50
2011.06.14 02:25:03.882,0.81789,0.81808,1.13,1.50
2011.06.14 02:25:03.991,0.81789,0.81808,1.13,1.50
2011.06.14 02:25:05.400,0.81789,0.81808,1.13,1.50
2011.06.14 02:25:17.981,0.81788,0.81807,1.88,1.50
2011.06.14 02:25:22.560,0.81787,0.81807,1.88,1.50
2011.06.14 02:25:24.611,0.81788,0.81807,1.50,1.50
2011.06.14 02:25:26.482,0.81791,0.8181,1.50,1.45
2011.06.14 02:25:27.052,0.81791,0.81813,1.88,1.50
2011.06.14 02:25:27.671,0.81791,0.81813,1.88,1.50
2011.06.14 02:25:42.352,0.81791,0.81813,1.88,1.50
2011.06.14 02:25:42.682,0.81789,0.81809,1.50,1.50
2011.06.14 02:25:43.012,0.81786,0.81807,2.25,1.50
2011.06.14 02:25:43.725,0.81788,0.81807,1.50,1.50
2011.06.14 02:25:45.451,0.81788,0.81807,1.88,1.50
2011.06.14 02:25:48.240,0.81788,0.81808,1.88,1.50
2011.06.14 02:25:48.463,0.81792,0.81811,1.50,2.35
2011.06.14 02:25:48.900,0.81792,0.81814,2.25,1.50
2011.06.14 02:25:51.900,0.81792,0.81814,2.25,1.50
2011.06.14 02:26:09.091,0.81792,0.81812,1.50,1.50
2011.06.14 02:26:09.313,0.81788,0.81808,1.88,1.50
2011.06.14 02:26:18.480,0.81788,0.81807,1.88,1.50
2011.06.14 02:26:20.920,0.81785,0.81806,3.38,1.35
2011.06.14 02:26:21.702,0.81787,0.81806,2.25,1.35
2011.06.14 02:26:21.812,0.81787,0.81806,3.00,1.35
2011.06.14 02:26:28.021,0.81785,0.81806,1.13,2.20
2011.06.14 02:26:28.240,0.81783,0.81806,2.25,2.58
2011.06.14 02:26:31.951,0.81785,0.81805,1.50,1.13
2011.06.14 02:27:26.769,0.81785,0.81804,1.50,1.13
2011.06.14 02:27:28.292,0.81785,0.81807,1.50,1.88
2011.06.14 02:27:29.870,0.81785,0.81807,1.50,1.88
2011.06.14 02:27:30.420,0.81785,0.81808,1.50,1.88
2011.06.14 02:27:30.970,0.81785,0.81806,1.50,1.50
2011.06.14 02:27:31.739,0.81783,0.81806,1.50,1.23
2011.06.14 02:27:32.719,0.81784,0.81806,1.50,1.23
2011.06.14 02:27:34.899,0.81784,0.81806,2.25,1.23
2011.06.14 02:27:36.180,0.81786,0.81807,1.88,1.50
2011.06.14 02:27:36.511,0.81789,0.81811,1.50,3.85
2011.06.14 02:27:36.623,0.81789,0.81813,2.63,3.10
2011.06.14 02:27:36.732,0.81793,0.81814,1.50,6.10
2011.06.14 02:27:37.061,0.81793,0.81813,1.50,1.13
2011.06.14 02:27:37.502,0.81793,0.81815,1.50,1.88
2011.06.14 02:27:38.381,0.81793,0.81817,1.50,4.08
2011.06.14 02:27:39.041,0.81796,0.81817,1.13,2.35
2011.06.14 02:27:39.543,0.81797,0.81817,1.50,1.50
2011.06.14 02:27:44.721,0.81796,0.81812,1.50,1.50
2011.06.14 02:27:44.833,0.81793,0.81812,1.50,2.10
2011.06.14 02:27:57.400,0.81793,0.81812,3.00,2.10
2011.06.14 02:28:11.310,0.81793,0.81812,1.50,2.10
2011.06.14 02:28:11.860,0.81792,0.81812,1.13,1.50
2011.06.14 02:28:18.631,0.81792,0.81814,1.50,2.10
2011.06.14 02:28:18.741,0.81793,0.81815,1.50,6.00
2011.06.14 02:28:18.961,0.81796,0.81813,1.50,1.35
2011.06.14 02:28:19.071,0.81791,0.81812,1.13,1.50
2011.06.14 02:28:29.790,0.8179,0.81811,2.25,1.50
2011.06.14 02:28:30.213,0.81788,0.818,1.50,1.50
2011.06.14 02:28:30.543,0.8178,0.818,1.13,1.23
2011.06.14 02:28:30.872,0.81783,0.81804,1.50,2.73
2011.06.14 02:28:31.311,0.81783,0.81804,1.50,1.23
2011.06.14 02:28:31.881,0.81785,0.81807,1.50,2.25
2011.06.14 02:28:31.991,0.81785,0.81807,1.50,1.50
2011.06.14 02:28:38.731,0.81786,0.81807,1.50,1.50
2011.06.14 02:28:39.421,0.81786,0.81807,1.13,1.50
2011.06.14 02:28:40.411,0.81786,0.81807,1.88,1.50
2011.06.14 02:28:49.581,0.81785,0.81807,1.88,1.50
2011.06.14 02:28:51.781,0.81785,0.81807,1.50,3.23
2011.06.14 02:28:52.344,0.81783,0.81807,2.63,3.33
2011.06.14 02:29:12.750,0.81783,0.81806,1.88,2.35
2011.06.14 02:29:22.091,0.81783,0.81804,1.50,2.73
2011.06.14 02:29:22.310,0.81781,0.81802,4.50,1.60
2011.06.14 02:29:22.865,0.81778,0.81802,1.88,2.35
2011.06.14 02:29:23.201,0.81778,0.818,1.50,2.20
2011.06.14 02:29:28.650,0.81777,0.818,2.25,2.20
2011.06.14 02:29:30.120,0.81777,0.81798,1.50,1.60
2011.06.14 02:29:30.232,0.81775,0.81798,1.50,3.10
2011.06.14 02:29:30.467,0.81774,0.81796,3.75,1.45
2011.06.14 02:29:30.583,0.81774,0.81796,1.50,1.45
2011.06.14 02:29:31.440,0.81773,0.81796,2.25,2.58
2011.06.14 02:29:31.772,0.81773,0.81788,2.44,1.35
2011.06.14 02:29:31.991,0.81766,0.81787,1.50,1.35
2011.06.14 02:29:33.721,0.81765,0.81788,1.50,2.20
2011.06.14 02:29:36.574,0.81764,0.81788,2.63,3.33
2011.06.14 02:29:36.692,0.81764,0.81785,1.88,1.13
2011.06.14 02:29:36.803,0.81763,0.81782,1.88,1.50
2011.06.14 02:29:37.350,0.81763,0.81782,1.88,1.50
2011.06.14 02:29:37.802,0.81764,0.81784,1.88,4.35
2011.06.14 02:29:38.350,0.81764,0.81786,1.50,1.45
2011.06.14 02:29:52.132,0.81763,0.81783,1.50,1.35
2011.06.14 02:29:52.961,0.81763,0.81785,2.25,1.23
2011.06.14 02:29:53.181,0.81765,0.81782,1.50,1.13
2011.06.14 02:29:53.981,0.81764,0.81785,2.25,1.88
2011.06.14 02:29:54.091,0.81764,0.81785,2.25,1.88
2011.06.14 02:29:54.643,0.81764,0.81785,2.25,1.88
2011.06.14 02:30:00.121,0.81764,0.81785,2.25,1.88
2011.06.14 02:30:00.874,0.81766,0.81785,1.50,1.88
2011.06.14 02:30:01.553,0.81766,0.81785,1.50,1.50
2011.06.14 02:30:20.712,0.81766,0.81788,1.50,2.20
2011.06.14 02:30:26.171,0.81765,0.81787,1.50,1.88
2011.06.14 02:30:28.288,0.81765,0.81786,1.50,1.50
2011.06.14 02:30:29.951,0.81765,0.81786,1.50,1.13
2011.06.14 02:30:31.770,0.81765,0.81786,1.50,1.88
2011.06.14 02:30:32.213,0.81761,0.8178,1.99,1.50
2011.06.14 02:30:32.322,0.8176,0.8178,1.80,1.50
2011.06.14 02:30:32.651,0.81759,0.81779,1.50,1.50
2011.06.14 02:30:32.764,0.81759,0.81773,1.50,1.35
2011.06.14 02:30:32.983,0.81755,0.81773,1.50,2.10
2011.06.14 02:30:33.092,0.81755,0.81773,1.50,2.10
2011.06.14 02:30:47.001,0.81754,0.81774,1.13,2.25
2011.06.14 02:30:47.220,0.81755,0.81774,1.50,1.50
2011.06.14 02:31:00.113,0.81753,0.81774,1.50,2.25
2011.06.14 02:31:02.260,0.81753,0.81774,1.50,2.25
2011.06.14 02:31:12.711,0.81752,0.81773,2.25,1.50
2011.06.14 02:31:13.261,0.8175,0.81772,2.25,2.25
2011.06.14 02:31:13.811,0.81751,0.81772,1.50,1.50
2011.06.14 02:31:19.191,0.81751,0.81771,1.50,1.50
2011.06.14 02:31:19.413,0.81745,0.81765,1.50,1.13
2011.06.14 02:31:19.524,0.81745,0.81763,1.50,1.13
2011.06.14 02:31:19.632,0.81742,0.81763,3.08,1.13
2011.06.14 02:31:20.196,0.81746,0.81764,1.50,1.13
2011.06.14 02:31:20.569,0.81748,0.8177,1.50,1.50
2011.06.14 02:31:21.122,0.81748,0.81769,1.50,1.13
2011.06.14 02:31:21.671,0.81751,0.81772,1.50,1.13
2011.06.14 02:31:22.112,0.81751,0.81772,1.88,1.13
2011.06.14 02:31:22.220,0.81751,0.81773,1.50,2.25
2011.06.14 02:31:22.771,0.81751,0.81773,1.88,1.50
2011.06.14 02:31:23.485,0.81751,0.81773,1.88,2.25
2011.06.14 02:31:23.602,0.81751,0.81771,1.50,1.50
2011.06.14 02:31:23.932,0.81753,0.81773,1.50,1.50
2011.06.14 02:31:24.262,0.81755,0.81777,2.25,2.16
2011.06.14 02:31:24.371,0.81755,0.81777,2.25,1.41
2011.06.14 02:31:24.826,0.81755,0.81775,1.88,1.50
2011.06.14 02:31:25.382,0.81755,0.81775,1.50,1.13
2011.06.14 02:31:25.711,0.81755,0.81774,1.50,1.13
2011.06.14 02:31:25.932,0.81753,0.81772,1.50,1.50
2011.06.14 02:31:26.152,0.81751,0.81771,1.50,1.50
2011.06.14 02:31:28.220,0.81751,0.81771,1.50,1.50
2011.06.14 02:31:28.971,0.81751,0.81771,1.50,1.50
2011.06.14 02:31:29.522,0.81751,0.8177,1.50,1.13
2011.06.14 02:31:29.741,0.81748,0.8177,1.50,1.13
2011.06.14 02:31:32.731,0.81748,0.81772,2.25,2.95
2011.06.14 02:31:32.841,0.8175,0.81772,1.50,2.35
2011.06.14 02:31:33.502,0.81748,0.81768,2.25,1.32
2011.06.14 02:31:33.612,0.8175,0.81771,1.50,3.00
2011.06.14 02:31:34.213,0.8175,0.81772,1.50,1.98
2011.06.14 02:31:47.693,0.8175,0.81771,1.50,1.50
2011.06.14 02:31:48.394,0.8175,0.81772,1.50,1.23
2011.06.14 02:31:52.791,0.8175,0.81771,1.50,1.88
2011.06.14 02:31:52.901,0.8175,0.8177,1.50,1.13
2011.06.14 02:31:53.444,0.8175,0.81771,1.50,1.50
2011.06.14 02:31:54.104,0.8175,0.81771,1.50,1.88
2011.06.14 02:31:55.442,0.8175,0.8177,1.50,1.13
2011.06.14 02:31:55.553,0.8175,0.81769,1.50,1.13
2011.06.14 02:31:56.115,0.81747,0.8177,1.50,1.23
2011.06.14 02:31:56.781,0.8175,0.81771,1.50,2.63
2011.06.14 02:31:57.983,0.8175,0.81771,1.50,1.88
2011.06.14 02:31:59.691,0.8175,0.8177,1.50,1.13
2011.06.14 02:32:00.132,0.8175,0.81771,1.50,1.13
2011.06.14 02:32:00.950,0.8175,0.81771,1.50,1.88
2011.06.14 02:32:01.523,0.8175,0.8177,1.50,1.88
2011.06.14 02:32:04.411,0.8175,0.8177,1.50,1.88
2011.06.14 02:32:05.371,0.81749,0.81768,1.50,2.63
2011.06.14 02:32:07.773,0.8175,0.81771,1.50,4.50
2011.06.14 02:32:08.103,0.81748,0.81769,1.50,1.88
2011.06.14 02:32:08.432,0.81748,0.81769,1.50,1.88
2011.06.14 02:32:08.981,0.81748,0.81769,1.50,1.50
2011.06.14 02:32:11.210,0.81748,0.81769,1.50,2.25
2011.06.14 02:32:11.542,0.81748,0.81767,1.50,1.13
2011.06.14 02:32:11.653,0.81748,0.81767,1.50,1.88
2011.06.14 02:32:12.203,0.81748,0.81768,1.50,2.63
2011.06.14 02:32:14.080,0.81748,0.81768,1.50,1.88
2011.06.14 02:32:21.398,0.81748,0.81768,1.50,1.13
2011.06.14 02:32:22.091,0.81748,0.81769,1.50,2.63
2011.06.14 02:32:24.303,0.81748,0.81768,1.50,1.50
2011.06.14 02:32:24.851,0.81748,0.81768,1.50,1.50
2011.06.14 02:32:25.411,0.81748,0.81767,1.50,1.13
2011.06.14 02:32:25.981,0.81748,0.81768,1.50,1.88
2011.06.14 02:32:27.561,0.81745,0.81768,2.25,2.63
2011.06.14 02:32:31.101,0.81745,0.81766,2.25,1.50
2011.06.14 02:32:31.212,0.81744,0.81765,1.50,1.13
2011.06.14 02:32:31.431,0.81744,0.81766,1.50,1.23
2011.06.14 02:32:31.541,0.81744,0.81765,1.50,1.13
2011.06.14 02:32:31.761,0.81747,0.81766,1.50,1.13
2011.06.14 02:32:58.882,0.81747,0.81766,1.50,1.88
2011.06.14 02:32:59.101,0.81743,0.81765,2.25,1.13
2011.06.14 02:32:59.700,0.81743,0.81766,3.00,1.13
2011.06.14 02:33:02.591,0.81744,0.81768,1.13,2.73
2011.06.14 02:33:04.561,0.81744,0.81768,1.13,2.73
2011.06.14 02:33:04.672,0.81745,0.81768,1.50,1.88
2011.06.14 02:33:04.892,0.81744,0.81767,1.50,1.13
2011.06.14 02:33:05.441,0.81744,0.81768,2.25,2.25
2011.06.14 02:33:06.631,0.81744,0.81767,1.50,1.88
2011.06.14 02:33:07.181,0.81744,0.81767,1.50,1.88
2011.06.14 02:33:08.412,0.81744,0.81765,1.50,1.50
2011.06.14 02:33:08.631,0.81744,0.81764,1.50,1.13
2011.06.14 02:33:08.962,0.81742,0.81759,1.50,1.50
2011.06.14 02:33:09.621,0.81742,0.81759,1.58,1.13
2011.06.14 02:33:10.912,0.81742,0.81762,1.58,1.13
2011.06.14 02:33:11.022,0.81742,0.81763,1.58,2.73
2011.06.14 02:33:11.243,0.81742,0.81763,6.83,1.98
2011.06.14 02:33:11.681,0.81743,0.81763,1.50,1.13
2011.06.14 02:33:12.211,0.81743,0.81762,1.50,1.13
2011.06.14 02:33:12.543,0.81742,0.81761,2.33,1.88
2011.06.14 02:33:15.255,0.81743,0.81765,2.25,5.35
2011.06.14 02:33:15.294,0.81743,0.81765,2.25,4.60
2011.06.14 02:33:15.881,0.81743,0.81765,3.00,4.60
2011.06.14 02:33:20.222,0.81747,0.81765,2.25,3.85
2011.06.14 02:33:20.335,0.81747,0.81771,2.25,1.60
2011.06.14 02:33:20.562,0.81747,0.81771,2.63,1.60
2011.06.14 02:33:21.002,0.81754,0.81771,1.32,1.60
2011.06.14 02:33:24.611,0.8175,0.81771,1.88,1.60
2011.06.14 02:33:24.721,0.8175,0.81773,1.88,1.60
2011.06.14 02:33:25.051,0.81753,0.81773,2.03,1.60
2011.06.14 02:33:25.490,0.81753,0.81774,2.03,1.60
2011.06.14 02:33:27.025,0.81755,0.81776,2.03,4.50
2011.06.14 02:33:27.589,0.81755,0.81779,2.03,5.35
2011.06.14 02:33:28.141,0.81756,0.81779,1.28,5.35
2011.06.14 02:33:34.815,0.81758,0.8178,1.65,3.10
2011.06.14 02:33:35.464,0.81758,0.81781,1.65,1.60
2011.06.14 02:33:37.001,0.81759,0.81782,2.03,2.35
2011.06.14 02:33:42.563,0.81763,0.81785,1.65,1.60
2011.06.14 02:33:43.111,0.81763,0.81784,1.50,1.60
2011.06.14 02:33:46.672,0.81763,0.81786,3.75,1.60
2011.06.14 02:33:47.222,0.81765,0.81786,1.50,1.50
2011.06.14 02:33:59.751,0.81767,0.81787,1.50,2.82
2011.06.14 02:34:00.083,0.8177,0.81791,1.88,1.60
2011.06.14 02:34:00.191,0.8177,0.81792,2.63,1.60
2011.06.14 02:34:00.741,0.81771,0.81793,1.50,2.25
2011.06.14 02:34:00.850,0.81771,0.81793,1.50,1.50
2011.06.14 02:34:04.781,0.81772,0.81793,1.50,1.50
2011.06.14 02:34:13.517,0.81781,0.81799,1.88,2.25
2011.06.14 02:34:13.854,0.81779,0.81798,1.50,1.50
2011.06.14 02:34:13.964,0.8178,0.818,1.13,3.10
2011.06.14 02:34:14.304,0.81782,0.81804,1.13,1.35
2011.06.14 02:34:15.001,0.81782,0.81804,1.13,1.45
2011.06.14 02:34:17.511,0.81782,0.81804,1.13,1.45
2011.06.14 02:34:21.962,0.81783,0.81805,1.50,1.50
2011.06.14 02:34:22.072,0.81783,0.81806,1.50,5.35
2011.06.14 02:34:22.292,0.81784,0.81806,1.50,3.75
2011.06.14 02:34:22.914,0.81784,0.81809,1.50,3.70
2011.06.14 02:34:26.171,0.81785,0.81809,1.50,2.20
2011.06.14 02:34:36.341,0.81786,0.81809,1.50,6.10
2011.06.14 02:34:46.392,0.81786,0.81808,1.50,1.50
2011.06.14 02:34:49.402,0.81788,0.81809,1.50,4.60
2011.06.14 02:34:49.513,0.81788,0.81812,1.50,1.60
2011.06.14 02:34:49.734,0.81789,0.81813,2.25,1.45
2011.06.14 02:34:49.842,0.8179,0.81815,1.13,6.10
2011.06.14 02:34:49.952,0.81791,0.81815,1.50,6.10
2011.06.14 02:34:50.283,0.81796,0.81817,1.50,1.13
2011.06.14 02:34:50.614,0.81799,0.81822,4.50,1.60
2011.06.14 02:34:50.725,0.81802,0.81822,1.50,1.23
2011.06.14 02:34:50.843,0.81802,0.81823,1.50,1.98
2011.06.14 02:34:50.952,0.81802,0.81823,1.50,1.98
2011.06.14 02:34:51.512,0.81802,0.81823,1.50,1.98
2011.06.14 02:34:52.012,0.81805,0.81825,1.50,1.50
2011.06.14 02:34:52.231,0.81807,0.81826,1.50,1.13
2011.06.14 02:34:52.562,0.81807,0.81827,1.50,1.88
2011.06.14 02:34:55.432,0.81807,0.81827,1.50,1.88
2011.06.14 02:34:56.301,0.81807,0.81828,1.50,2.63
2011.06.14 02:34:58.451,0.81803,0.81827,1.50,1.60
2011.06.14 02:35:00.471,0.81803,0.81825,1.50,1.13
2011.06.14 02:35:01.362,0.81803,0.81826,1.50,1.50
2011.06.14 02:35:09.562,0.81806,0.81828,1.13,1.68
2011.06.14 02:35:19.105,0.81805,0.81829,1.88,6.18
2011.06.14 02:35:19.335,0.81805,0.81829,1.88,6.18
2011.06.14 02:35:23.641,0.81803,0.81827,2.25,1.23
2011.06.14 02:35:25.141,0.81804,0.81828,1.88,2.43
2011.06.14 02:35:25.252,0.81806,0.81828,1.50,1.68
2011.06.14 02:35:25.632,0.81806,0.81827,1.50,1.13
2011.06.14 02:35:26.181,0.81806,0.81828,1.50,2.73
2011.06.14 02:35:27.123,0.81806,0.81828,1.50,2.73
2011.06.14 02:35:30.253,0.81806,0.81828,1.50,2.35
2011.06.14 02:35:32.993,0.81806,0.81828,1.50,2.73
2011.06.14 02:35:38.984,0.81806,0.81828,1.50,1.68
2011.06.14 02:35:49.923,0.81807,0.81829,1.50,5.33
2011.06.14 02:36:08.172,0.81807,0.81828,1.50,1.50
2011.06.14 02:36:08.391,0.81807,0.81828,1.50,1.50
2011.06.14 02:36:09.856,0.81807,0.81828,1.50,1.50
2011.06.14 02:36:12.222,0.81807,0.81828,1.50,1.50
2011.06.14 02:36:12.828,0.81808,0.8183,1.50,2.33
2011.06.14 02:36:14.502,0.81808,0.81832,1.50,6.18
2011.06.14 02:36:19.142,0.81808,0.81832,2.63,2.43
2011.06.14 02:36:19.704,0.81809,0.81833,2.63,1.68
2011.06.14 02:36:27.962,0.81809,0.81833,2.63,1.68
2011.06.14 02:36:31.138,0.81818,0.81836,1.50,3.28
2011.06.14 02:36:31.485,0.81818,0.81842,1.50,2.43
2011.06.14 02:36:31.594,0.81818,0.81841,1.50,1.68
2011.06.14 02:36:31.707,0.81823,0.81844,1.50,1.60
2011.06.14 02:36:31.934,0.81827,0.81846,3.00,2.45
2011.06.14 02:36:32.153,0.81828,0.81848,1.50,1.13
2011.06.14 02:36:32.372,0.81828,0.81848,1.50,1.13
2011.06.14 02:36:32.594,0.81829,0.81848,1.50,1.13
2011.06.14 02:36:32.925,0.81829,0.81844,1.50,1.13
2011.06.14 02:36:33.143,0.81826,0.81846,1.50,1.23
2011.06.14 02:36:33.256,0.81829,0.81846,5.63,1.23
2011.06.14 02:36:33.594,0.81833,0.81849,1.20,4.50
2011.06.14 02:36:33.812,0.81827,0.81845,1.13,1.13
2011.06.14 02:36:34.032,0.81827,0.81845,1.13,1.13
2011.06.14 02:36:41.592,0.81826,0.81845,1.50,1.13
2011.06.14 02:36:43.122,0.81826,0.81847,1.50,1.50
2011.06.14 02:36:47.755,0.81826,0.81848,1.50,1.88
2011.06.14 02:36:49.732,0.81826,0.81847,2.25,1.88
2011.06.14 02:36:50.282,0.81826,0.81847,2.25,1.13
2011.06.14 02:37:01.403,0.81826,0.81847,2.25,1.88
2011.06.14 02:37:07.222,0.81826,0.81846,2.25,1.13
2011.06.14 02:37:10.012,0.81826,0.81846,2.25,1.13
2011.06.14 02:37:11.202,0.81826,0.81846,2.25,1.13
2011.06.14 02:37:11.422,0.81826,0.81846,2.25,1.13
2011.06.14 02:37:15.642,0.81826,0.81846,2.25,1.13
2011.06.14 02:37:18.952,0.81827,0.81846,1.50,1.13
2011.06.14 02:37:19.502,0.81827,0.81847,1.50,1.88
2011.06.14 02:37:19.942,0.81826,0.81845,1.50,1.50
2011.06.14 02:37:26.064,0.81828,0.81844,1.13,1.50
2011.06.14 02:37:26.392,0.81828,0.81849,1.88,1.88
2011.06.14 02:37:26.912,0.81828,0.81848,1.13,1.13
2011.06.14 02:37:37.676,0.81829,0.81848,1.50,1.13
2011.06.14 02:37:37.787,0.81829,0.81839,1.50,4.50
2011.06.14 02:37:37.905,0.81815,0.8183,1.65,1.13
2011.06.14 02:37:38.126,0.8181,0.81827,1.50,1.50
2011.06.14 02:37:38.244,0.8181,0.81825,1.50,1.50
2011.06.14 02:37:38.480,0.81805,0.81823,1.50,1.50
2011.06.14 02:37:38.599,0.81805,0.81823,1.50,1.50
2011.06.14 02:37:39.042,0.81801,0.81823,1.50,1.50
2011.06.14 02:37:39.374,0.81799,0.81821,1.50,1.13
2011.06.14 02:37:41.532,0.818,0.81821,1.50,1.13
2011.06.14 02:37:42.034,0.81801,0.81821,1.50,1.13
2011.06.14 02:37:43.684,0.81802,0.81824,1.50,1.50
2011.06.14 02:37:43.905,0.81803,0.81825,1.50,4.23
2011.06.14 02:37:44.233,0.81801,0.81821,4.50,1.50
2011.06.14 02:37:44.672,0.81798,0.81821,1.50,1.13
2011.06.14 02:37:45.442,0.81798,0.81821,1.50,1.13
2011.06.14 02:37:45.662,0.81798,0.8182,1.50,1.13
2011.06.14 02:37:46.185,0.81798,0.8182,1.50,1.13
2011.06.14 02:37:46.855,0.81798,0.8182,1.50,1.13
2011.06.14 02:37:47.402,0.81798,0.81822,1.50,1.23
2011.06.14 02:37:47.972,0.81798,0.81822,1.50,1.98
2011.06.14 02:37:48.523,0.81798,0.8182,1.50,1.13
2011.06.14 02:37:49.072,0.81798,0.81822,1.50,1.23
2011.06.14 02:37:49.845,0.81798,0.81823,1.50,2.73
2011.06.14 02:37:50.175,0.81797,0.81804,1.13,1.50
2011.06.14 02:37:50.287,0.81796,0.81803,1.13,1.50
2011.06.14 02:37:50.404,0.81795,0.81803,1.50,1.60
2011.06.14 02:37:50.514,0.81784,0.81804,1.13,2.35
2011.06.14 02:37:50.623,0.81782,0.81803,1.88,1.60
2011.06.14 02:37:50.952,0.81783,0.81803,1.13,1.60
2011.06.14 02:37:52.512,0.81783,0.81803,1.13,1.60
2011.06.14 02:37:52.842,0.81784,0.81803,3.00,1.50
2011.06.14 02:37:54.491,0.81797,0.81804,4.50,1.50
2011.06.14 02:37:54.714,0.818,0.81823,2.25,1.65
2011.06.14 02:37:54.824,0.81802,0.81823,1.50,2.25
2011.06.14 02:37:55.157,0.81806,0.81831,1.50,8.95
2011.06.14 02:37:55.493,0.8181,0.81831,1.50,1.88
2011.06.14 02:37:55.823,0.81809,0.81827,1.50,1.50
2011.06.14 02:37:56.043,0.81807,0.81827,1.50,1.50
2011.06.14 02:37:57.433,0.81807,0.8183,2.25,6.10
2011.06.14 02:37:58.002,0.81808,0.81831,1.50,1.50
2011.06.14 02:37:59.732,0.81811,0.81832,1.50,1.50
2011.06.14 02:38:00.513,0.81812,0.81834,1.50,4.60
2011.06.14 02:38:00.843,0.81812,0.81834,1.50,4.50
2011.06.14 02:38:01.613,0.81814,0.81836,1.50,1.60
2011.06.14 02:38:12.552,0.81816,0.81836,1.50,1.13
2011.06.14 02:38:28.183,0.81818,0.81836,1.50,1.13
2011.06.14 02:38:28.403,0.81819,0.81838,1.50,1.13
2011.06.14 02:38:29.192,0.81818,0.81838,1.13,1.13
2011.06.14 02:38:31.852,0.81819,0.81839,1.50,1.13
2011.06.14 02:38:32.112,0.81819,0.81842,1.50,1.13
2011.06.14 02:38:33.234,0.81818,0.81841,1.13,1.60
2011.06.14 02:38:33.344,0.81817,0.8184,1.88,1.50
2011.06.14 02:38:34.034,0.81816,0.81837,3.00,1.50
2011.06.14 02:38:41.912,0.81818,0.8184,1.50,4.50
2011.06.14 02:38:42.243,0.8182,0.81842,1.50,2.35
2011.06.14 02:38:43.962,0.81818,0.81842,3.00,2.35
2011.06.14 02:38:49.343,0.81817,0.81837,1.50,1.13
2011.06.14 02:38:49.673,0.81817,0.81837,1.50,1.13
2011.06.14 02:38:51.623,0.81817,0.81837,1.50,1.13
2011.06.14 02:39:01.181,0.81817,0.81837,1.50,1.13
2011.06.14 02:39:01.983,0.81815,0.81837,2.63,1.13
2011.06.14 02:39:04.202,0.81815,0.81837,3.38,1.13
2011.06.14 02:39:19.412,0.81817,0.81837,1.50,1.13
2011.06.14 02:39:19.643,0.81818,0.81837,1.50,1.13
2011.06.14 02:39:20.196,0.8182,0.81838,1.13,1.13
2011.06.14 02:39:21.314,0.8182,0.81838,1.13,1.13
2011.06.14 02:39:22.192,0.8182,0.81839,3.38,1.13
2011.06.14 02:39:22.713,0.81823,0.81839,1.88,1.13
2011.06.14 02:39:23.262,0.81825,0.81843,1.50,1.05
2011.06.14 02:39:27.942,0.81822,0.81841,1.88,1.05
2011.06.14 02:39:30.520,0.81822,0.81845,2.63,1.05
2011.06.14 02:39:30.742,0.81822,0.81846,2.63,1.23
2011.06.14 02:39:37.422,0.81822,0.81846,1.88,1.23
2011.06.14 02:39:37.752,0.81822,0.81839,1.50,1.13
2011.06.14 02:39:38.194,0.81821,0.81836,1.50,1.13
2011.06.14 02:39:38.303,0.81818,0.81836,1.50,1.13
2011.06.14 02:39:38.413,0.81818,0.81836,1.50,1.13
2011.06.14 02:39:39.413,0.81819,0.81836,1.50,1.13
2011.06.14 02:39:39.744,0.81819,0.81838,1.88,1.13
2011.06.14 02:39:40.325,0.81819,0.81838,1.50,1.13
2011.06.14 02:39:40.861,0.8182,0.81839,1.50,1.13
2011.06.14 02:39:41.325,0.81823,0.81844,1.50,1.98
2011.06.14 02:39:41.872,0.81824,0.81844,1.13,1.13
2011.06.14 02:39:42.503,0.81824,0.81844,1.13,1.13
2011.06.14 02:39:43.132,0.81823,0.81844,3.38,1.13
2011.06.14 02:39:43.722,0.81824,0.81845,1.88,1.23
2011.06.14 02:39:44.022,0.81824,0.81847,1.88,3.10
2011.06.14 02:39:44.134,0.81826,0.81847,1.50,1.60
2011.06.14 02:39:44.352,0.81826,0.81847,1.88,1.60
2011.06.14 02:39:47.242,0.81825,0.81847,1.88,1.60
2011.06.14 02:39:47.842,0.81825,0.81846,1.13,1.13
2011.06.14 02:39:50.123,0.81824,0.81844,1.13,1.50
2011.06.14 02:39:50.344,0.81822,0.81843,1.50,2.25
2011.06.14 02:39:56.052,0.81822,0.81843,2.25,2.25
2011.06.14 02:39:56.493,0.81823,0.81846,1.50,5.73
2011.06.14 02:39:56.715,0.81823,0.81845,1.50,1.98
2011.06.14 02:39:57.044,0.8182,0.81843,3.38,2.25
2011.06.14 02:39:57.265,0.81822,0.81843,2.25,2.25
2011.06.14 02:39:57.812,0.81822,0.81843,2.25,1.50
2011.06.14 02:40:00.721,0.81823,0.81843,1.50,1.50
2011.06.14 02:40:00.841,0.81824,0.81846,1.50,1.23
2011.06.14 02:40:01.174,0.81827,0.81849,2.25,1.23
2011.06.14 02:40:01.284,0.81827,0.8185,2.25,2.73
2011.06.14 02:40:01.392,0.81827,0.8185,2.25,2.73
2011.06.14 02:40:01.613,0.81823,0.81847,4.50,1.13
2011.06.14 02:40:01.725,0.81823,0.81845,1.50,3.75
2011.06.14 02:40:02.055,0.81822,0.81847,2.25,1.98
2011.06.14 02:40:02.395,0.81824,0.81847,1.50,2.16
2011.06.14 02:40:02.613,0.81824,0.81848,2.63,1.60
2011.06.14 02:40:03.163,0.81827,0.81851,1.50,1.88
2011.06.14 02:40:03.735,0.81827,0.81851,1.50,1.88
2011.06.14 02:40:05.884,0.81827,0.81851,1.50,1.13
2011.06.14 02:40:07.502,0.81827,0.8185,1.50,1.13
2011.06.14 02:40:07.944,0.81827,0.81851,1.50,1.88
2011.06.14 02:40:08.502,0.81827,0.81851,1.50,1.88
2011.06.14 02:40:15.232,0.81828,0.81852,1.50,1.60
2011.06.14 02:40:16.122,0.81827,0.81851,1.88,1.50
2011.06.14 02:40:24.752,0.81827,0.81851,2.25,1.88
2011.06.14 02:40:27.893,0.81827,0.81851,2.25,1.88
2011.06.14 02:40:28.683,0.81827,0.8185,2.25,1.13
2011.06.14 02:40:29.402,0.81831,0.81851,1.50,1.13
2011.06.14 02:40:29.625,0.81835,0.81854,1.50,1.50
2011.06.14 02:40:30.050,0.81832,0.81852,1.50,2.63
2011.06.14 02:40:36.173,0.81832,0.81856,3.00,6.10
2011.06.14 02:40:36.503,0.81835,0.81856,1.50,1.50
2011.06.14 02:40:37.164,0.81835,0.81857,1.50,1.13
2011.06.14 02:40:37.494,0.81839,0.81855,1.50,1.13
2011.06.14 02:40:37.822,0.81833,0.81855,1.50,1.88
2011.06.14 02:40:39.071,0.81833,0.8186,1.50,7.73
2011.06.14 02:40:39.293,0.81852,0.8186,1.50,7.13
2011.06.14 02:40:39.516,0.81849,0.81868,5.25,1.23
2011.06.14 02:40:39.735,0.81843,0.81861,2.25,1.13
2011.06.14 02:40:40.425,0.81843,0.8186,2.25,1.13
2011.06.14 02:40:41.433,0.81844,0.81863,1.50,1.13
2011.06.14 02:40:41.653,0.81844,0.81865,1.50,1.88
2011.06.14 02:40:41.763,0.81845,0.81865,1.50,1.13
2011.06.14 02:40:44.184,0.81848,0.81868,1.50,1.23
2011.06.14 02:40:44.745,0.81848,0.81868,1.50,1.13
2011.06.14 02:40:45.075,0.81848,0.81868,1.50,1.13
2011.06.14 02:40:45.737,0.81847,0.81863,1.50,1.50
2011.06.14 02:40:45.859,0.81842,0.81863,1.50,2.25
2011.06.14 02:40:45.973,0.81842,0.81862,1.50,1.13
2011.06.14 02:40:46.083,0.81841,0.8186,1.50,1.88
2011.06.14 02:40:46.633,0.81838,0.81858,1.50,2.25
2011.06.14 02:40:47.185,0.81837,0.81858,1.50,2.63
2011.06.14 02:40:47.994,0.81837,0.81855,1.50,1.50
2011.06.14 02:40:48.107,0.81832,0.81852,1.50,1.50
2011.06.14 02:40:48.662,0.81833,0.81852,1.50,1.50
2011.06.14 02:40:49.902,0.81833,0.81852,1.50,2.63
2011.06.14 02:40:50.124,0.81831,0.81851,1.50,1.50
2011.06.14 02:40:50.345,0.81827,0.81847,1.50,1.50
2011.06.14 02:40:51.093,0.81827,0.81847,1.50,1.50
2011.06.14 02:40:54.482,0.81827,0.81848,1.50,1.88
2011.06.14 02:40:54.706,0.81828,0.8185,1.50,7.13
2011.06.14 02:40:54.823,0.81831,0.81852,1.50,1.88
2011.06.14 02:40:55.506,0.81831,0.81852,1.50,2.63
2011.06.14 02:40:57.454,0.81831,0.81849,1.50,3.75
2011.06.14 02:40:57.783,0.81828,0.81848,1.50,1.50
2011.06.14 02:40:58.422,0.81828,0.81848,1.50,1.50
2011.06.14 02:41:03.132,0.81828,0.81847,1.50,1.50
2011.06.14 02:41:03.353,0.81824,0.81845,1.50,1.13
2011.06.14 02:41:05.242,0.81825,0.81848,2.25,2.63
2011.06.14 02:41:08.513,0.81826,0.81848,1.50,2.25
2011.06.14 02:41:10.644,0.81826,0.81847,1.50,1.50
2011.06.14 02:41:10.864,0.81823,0.81846,1.50,1.13
2011.06.14 02:41:11.203,0.81824,0.81848,1.50,2.63
2011.06.14 02:41:23.694,0.81826,0.81847,1.50,1.50
2011.06.14 02:41:24.024,0.81824,0.81836,1.50,1.50
2011.06.14 02:41:24.133,0.81818,0.81836,2.25,2.07
2011.06.14 02:41:24.944,0.8182,0.81837,2.63,1.32
2011.06.14 02:41:25.054,0.81823,0.8184,1.50,3.75
2011.06.14 02:41:25.166,0.81826,0.81847,1.50,2.25
2011.06.14 02:41:25.790,0.81826,0.81847,1.50,1.50
2011.06.14 02:41:26.742,0.81826,0.81847,1.50,2.63
2011.06.14 02:41:27.073,0.81823,0.81831,2.25,3.00
2011.06.14 02:41:27.405,0.8182,0.8184,1.50,1.73
2011.06.14 02:41:27.732,0.81821,0.8184,1.50,5.25
2011.06.14 02:41:36.173,0.81819,0.8183,1.50,1.13
2011.06.14 02:41:36.284,0.81812,0.8183,1.13,1.13
2011.06.14 02:41:36.395,0.81815,0.8183,1.13,1.13
2011.06.14 02:41:36.615,0.81817,0.81838,1.50,1.13
2011.06.14 02:41:36.723,0.8182,0.81841,1.50,7.88
2011.06.14 02:41:36.832,0.8182,0.81841,1.50,7.88
2011.06.14 02:41:37.052,0.8182,0.81841,1.50,7.88
2011.06.14 02:41:38.332,0.8182,0.81841,1.50,7.88
2011.06.14 02:42:14.983,0.8182,0.8184,1.50,4.50
2011.06.14 02:42:15.205,0.81821,0.8184,1.50,3.75
2011.06.14 02:42:15.314,0.81822,0.81843,1.50,1.50
2011.06.14 02:42:15.533,0.81822,0.81843,1.50,2.25
2011.06.14 02:42:18.692,0.81822,0.81843,1.50,1.50
2011.06.14 02:42:19.024,0.81825,0.81848,1.50,1.41
2011.06.14 02:42:19.243,0.81825,0.81848,1.50,1.60
2011.06.14 02:42:25.084,0.81829,0.81849,1.50,1.50
2011.06.14 02:42:27.463,0.8183,0.8185,1.50,6.75
2011.06.14 02:42:27.794,0.81831,0.81848,1.50,1.50
2011.06.14 02:42:27.904,0.81829,0.81848,1.50,1.50
2011.06.14 02:42:31.704,0.81831,0.8185,1.50,2.25
2011.06.14 02:42:31.813,0.81831,0.81853,1.50,1.50
2011.06.14 02:42:31.923,0.81831,0.81853,1.50,1.50
2011.06.14 02:42:33.789,0.81831,0.81852,1.50,1.50
2011.06.14 02:42:34.014,0.81828,0.81848,1.88,1.50
2011.06.14 02:42:38.353,0.8183,0.81849,1.50,5.25
2011.06.14 02:42:58.203,0.81827,0.81848,1.50,1.50
2011.06.14 02:43:13.389,0.81826,0.81847,1.50,1.50
2011.06.14 02:43:18.802,0.81826,0.81845,1.50,1.50
2011.06.14 02:43:19.135,0.81821,0.81837,1.50,1.50
2011.06.14 02:43:19.244,0.81819,0.81837,1.50,1.50
2011.06.14 02:43:19.353,0.81819,0.81837,1.50,1.50
2011.06.14 02:43:31.756,0.81821,0.81838,1.50,2.25
2011.06.14 02:43:31.973,0.81819,0.81844,2.25,1.60
2011.06.14 02:43:32.084,0.81819,0.81843,2.25,1.50
2011.06.14 02:43:32.305,0.81819,0.81845,2.63,6.10
2011.06.14 02:43:33.953,0.81822,0.81845,2.25,1.60
2011.06.14 02:43:34.064,0.81824,0.81846,1.50,3.10
2011.06.14 02:43:34.654,0.81824,0.81846,1.50,1.60
2011.06.14 02:43:39.353,0.81823,0.81847,1.88,1.98
2011.06.14 02:43:39.794,0.81828,0.8185,1.50,2.73
2011.06.14 02:43:40.577,0.81828,0.8185,1.50,2.73
2011.06.14 02:43:49.243,0.81829,0.81852,1.88,1.60
2011.06.14 02:43:49.463,0.8183,0.81852,1.50,1.60
2011.06.14 02:43:50.534,0.8183,0.81852,1.50,1.60
2011.06.14 02:43:51.464,0.8183,0.81853,3.00,1.60
2011.06.14 02:43:51.685,0.8184,0.81862,1.50,1.88
2011.06.14 02:43:51.794,0.81842,0.81862,1.50,2.63
2011.06.14 02:43:52.344,0.81839,0.81858,2.25,1.50
2011.06.14 02:43:52.453,0.81839,0.81858,1.50,1.50
2011.06.14 02:43:52.564,0.81837,0.81858,2.25,2.63
2011.06.14 02:43:52.673,0.81835,0.81858,1.50,2.63
2011.06.14 02:43:53.994,0.81837,0.81857,1.69,1.88
2011.06.14 02:43:54.372,0.8185,0.81863,1.13,1.23
2011.06.14 02:43:54.488,0.8185,0.81863,1.13,1.13
2011.06.14 02:43:54.604,0.8185,0.8187,1.13,1.60
2011.06.14 02:43:54.715,0.81847,0.8187,2.25,1.98
2011.06.14 02:43:55.042,0.81847,0.8187,2.25,2.73
2011.06.14 02:43:55.152,0.81847,0.81868,2.25,1.50
2011.06.14 02:43:55.264,0.81845,0.81865,2.25,1.50
2011.06.14 02:43:55.484,0.81843,0.81864,2.25,1.13
2011.06.14 02:43:56.032,0.81843,0.81864,2.25,1.13
2011.06.14 02:43:56.254,0.81852,0.81864,1.50,1.13
2011.06.14 02:43:56.584,0.81846,0.81864,1.50,1.88
2011.06.14 02:43:56.694,0.81843,0.81864,1.50,1.88
2011.06.14 02:43:57.023,0.81844,0.81864,1.50,1.13
2011.06.14 02:43:57.845,0.81856,0.81868,1.50,1.98
2011.06.14 02:43:58.067,0.8185,0.81868,1.50,4.23
2011.06.14 02:43:58.184,0.81859,0.81869,1.50,1.13
2011.06.14 02:43:58.624,0.81848,0.81872,1.50,2.35
2011.06.14 02:43:58.843,0.81849,0.81873,2.25,9.33
2011.06.14 02:43:59.175,0.81862,0.81879,1.50,1.60
2011.06.14 02:43:59.394,0.81854,0.81875,1.88,1.50
2011.06.14 02:43:59.508,0.81862,0.81874,1.50,1.23
2011.06.14 02:43:59.733,0.81862,0.8188,1.50,1.60
2011.06.14 02:44:01.508,0.81859,0.81876,3.75,1.50
2011.06.14 02:44:01.624,0.81857,0.81875,2.25,1.13
2011.06.14 02:44:02.172,0.81857,0.81878,1.50,1.60
2011.06.14 02:44:02.282,0.81857,0.81878,1.50,1.60
2011.06.14 02:44:08.453,0.81857,0.81878,1.50,1.98
2011.06.14 02:44:11.223,0.81857,0.81879,2.25,1.60
2011.06.14 02:44:11.937,0.81863,0.81886,1.50,1.98
2011.06.14 02:44:12.542,0.81862,0.81886,2.63,1.98
2011.06.14 02:44:13.316,0.81862,0.81886,2.63,1.98
2011.06.14 02:44:25.742,0.81863,0.81886,1.88,1.60
2011.06.14 02:44:26.386,0.81864,0.81886,1.88,1.60
2011.06.14 02:44:27.893,0.81863,0.81886,1.88,1.60
2011.06.14 02:44:44.395,0.81864,0.81886,2.25,1.60
2011.06.14 02:44:45.934,0.81864,0.81886,1.88,1.60
2011.06.14 02:44:51.132,0.81864,0.81886,2.25,1.60
2011.06.14 02:44:51.464,0.8187,0.81886,1.50,1.60
2011.06.14 02:44:51.795,0.81873,0.81894,1.50,1.23
2011.06.14 02:44:57.743,0.81874,0.81895,1.50,1.60
2011.06.14 02:44:59.795,0.81877,0.81898,1.50,3.10
2011.06.14 02:45:00.014,0.81877,0.81898,3.00,1.60
2011.06.14 02:45:00.429,0.81877,0.81898,3.38,1.50
2011.06.14 02:45:00.546,0.81877,0.819,3.38,1.60
2011.06.14 02:45:01.533,0.81878,0.819,1.50,1.60
2011.06.14 02:45:02.103,0.81878,0.819,1.88,1.60
2011.06.14 02:45:02.434,0.81878,0.819,1.88,1.60
2011.06.14 02:45:03.391,0.81881,0.81901,1.13,1.50
2011.06.14 02:45:04.117,0.81881,0.81903,1.13,5.35
2011.06.14 02:45:04.745,0.81881,0.81903,1.88,5.35
2011.06.14 02:45:07.234,0.81885,0.81903,1.50,3.75
2011.06.14 02:45:07.766,0.81886,0.81905,1.13,1.60
2011.06.14 02:45:13.706,0.81885,0.81903,1.13,1.50
2011.06.14 02:45:13.817,0.81882,0.81902,1.50,1.50
2011.06.14 02:45:14.044,0.81882,0.81902,1.50,1.60
2011.06.14 02:45:14.496,0.81882,0.81902,1.50,1.60
2011.06.14 02:45:14.713,0.81882,0.81903,1.50,1.60
2011.06.14 02:45:17.766,0.81879,0.81902,1.88,1.60
2011.06.14 02:45:22.334,0.81879,0.81902,1.50,4.98
2011.06.14 02:45:25.693,0.81879,0.81901,1.50,1.60
2011.06.14 02:45:26.624,0.81879,0.81901,1.50,1.23
2011.06.14 02:45:30.385,0.81879,0.81901,1.50,1.60
2011.06.14 02:45:30.714,0.81879,0.81899,1.50,1.50
2011.06.14 02:45:30.934,0.81878,0.81899,1.50,2.73
2011.06.14 02:45:31.154,0.81878,0.81898,1.50,1.60
2011.06.14 02:45:31.485,0.81873,0.81893,2.25,1.50
2011.06.14 02:45:31.703,0.81867,0.81893,2.25,2.73
2011.06.14 02:45:33.987,0.81868,0.81893,1.13,1.98
2011.06.14 02:45:35.038,0.81868,0.81892,1.13,1.23
2011.06.14 02:45:35.483,0.81867,0.8189,1.50,1.60
2011.06.14 02:45:41.964,0.81866,0.81887,2.25,1.60
2011.06.14 02:45:42.296,0.81866,0.81883,1.50,4.28
2011.06.14 02:45:42.403,0.81862,0.81883,1.50,2.78
2011.06.14 02:45:42.514,0.81859,0.81883,1.50,2.88
2011.06.14 02:45:57.854,0.81861,0.81883,1.50,1.60
2011.06.14 02:45:58.673,0.81862,0.81883,1.13,1.60
2011.06.14 02:45:59.653,0.81862,0.81883,1.50,1.60
2011.06.14 02:46:00.251,0.81862,0.81883,1.13,1.60
2011.06.14 02:46:02.807,0.81862,0.81883,1.13,1.60
2011.06.14 02:46:09.293,0.81861,0.81883,1.50,1.60
2011.06.14 02:46:11.113,0.81863,0.81885,1.50,7.98
2011.06.14 02:46:26.006,0.81866,0.81885,1.13,1.60
2011.06.14 02:46:26.225,0.8187,0.81889,1.88,1.41
2011.06.14 02:46:26.335,0.81874,0.81891,1.50,1.41
2011.06.14 02:46:26.444,0.81874,0.81893,1.50,1.60
2011.06.14 02:46:26.555,0.81874,0.81895,1.50,1.60
2011.06.14 02:46:26.664,0.81875,0.81897,1.13,1.60
2011.06.14 02:46:26.994,0.81875,0.81898,1.13,1.60
2011.06.14 02:46:27.577,0.81877,0.819,1.50,4.88
2011.06.14 02:46:29.607,0.81877,0.8189,1.50,1.13
2011.06.14 02:46:30.121,0.81875,0.81895,1.13,1.50
2011.06.14 02:46:30.236,0.81875,0.819,2.63,7.23
2011.06.14 02:46:30.853,0.81875,0.81898,1.88,1.50
2011.06.14 02:46:31.404,0.81875,0.81898,1.88,1.60
2011.06.14 02:46:32.437,0.8188,0.81898,1.13,1.60
2011.06.14 02:46:32.665,0.81879,0.81902,1.88,1.60
2011.06.14 02:46:33.327,0.81879,0.81902,1.88,1.60
2011.06.14 02:46:34.374,0.81881,0.81902,1.50,1.60
2011.06.14 02:46:47.244,0.81878,0.81902,2.63,2.35
2011.06.14 02:46:47.575,0.81878,0.81902,1.50,3.48
2011.06.14 02:46:50.633,0.8188,0.81902,1.88,1.60
2011.06.14 02:47:11.073,0.8189,0.81903,1.13,1.60
2011.06.14 02:47:11.189,0.81893,0.81911,1.50,2.35
2011.06.14 02:47:11.307,0.81893,0.81913,1.50,1.23
2011.06.14 02:47:11.645,0.81893,0.81916,1.88,2.35
2011.06.14 02:47:12.086,0.81898,0.81917,1.50,1.60
2011.06.14 02:47:12.415,0.81896,0.81917,2.25,2.35
2011.06.14 02:47:15.695,0.81895,0.81914,5.25,1.50
2011.06.14 02:47:15.916,0.81893,0.81915,1.50,1.88
2011.06.14 02:47:16.025,0.81898,0.81915,1.50,1.98
2011.06.14 02:47:16.816,0.81897,0.81916,2.25,1.60
2011.06.14 02:47:17.575,0.81903,0.81922,1.50,2.73
2011.06.14 02:47:17.685,0.81899,0.81921,4.50,1.60
2011.06.14 02:47:17.798,0.81897,0.81919,3.00,1.60
2011.06.14 02:47:17.914,0.81897,0.81916,3.00,1.50
2011.06.14 02:47:18.816,0.81893,0.81914,2.44,1.98
2011.06.14 02:47:19.465,0.81895,0.81915,5.25,1.23
2011.06.14 02:47:19.686,0.81897,0.81919,2.25,1.98
2011.06.14 02:47:19.905,0.81897,0.81919,2.25,1.23
2011.06.14 02:47:20.015,0.81895,0.81914,4.50,2.25
2011.06.14 02:47:20.583,0.81892,0.81914,3.00,1.50
2011.06.14 02:47:22.485,0.81898,0.81915,1.50,1.13
2011.06.14 02:47:22.704,0.81898,0.81919,1.50,1.23
2011.06.14 02:47:22.813,0.81898,0.81919,1.50,1.23
2011.06.14 02:47:27.123,0.81898,0.81918,1.50,1.60
2011.06.14 02:47:28.954,0.81898,0.81919,1.50,1.23
2011.06.14 02:47:29.283,0.81901,0.81922,1.50,1.88
2011.06.14 02:47:29.944,0.81901,0.8192,1.50,1.50
2011.06.14 02:47:30.273,0.81898,0.81918,1.50,1.60
2011.06.14 02:47:39.297,0.81898,0.81919,1.50,1.98
2011.06.14 02:47:39.836,0.81898,0.81919,1.50,1.23
2011.06.14 02:47:42.454,0.81898,0.81922,3.00,1.60
2011.06.14 02:47:42.785,0.81899,0.81923,1.50,2.73
2011.06.14 02:47:43.150,0.81901,0.81923,1.88,2.35
2011.06.14 02:47:44.824,0.81903,0.81923,1.50,1.50
2011.06.14 02:47:45.425,0.81908,0.81925,1.50,1.50
2011.06.14 02:47:45.645,0.81911,0.8193,1.50,1.50
2011.06.14 02:47:46.255,0.81911,0.81933,1.50,2.35
2011.06.14 02:47:48.235,0.81911,0.81933,2.25,2.35
2011.06.14 02:47:48.453,0.81911,0.81933,2.25,2.25
2011.06.14 02:47:51.385,0.81912,0.81932,1.50,1.50
2011.06.14 02:47:53.675,0.81912,0.81933,1.50,1.50
2011.06.14 02:47:53.895,0.81912,0.81933,1.50,1.50
2011.06.14 02:48:03.477,0.81915,0.81938,1.50,4.32
2011.06.14 02:48:03.586,0.81915,0.81938,1.88,3.00
2011.06.14 02:48:08.224,0.81913,0.81937,1.88,1.13
2011.06.14 02:48:08.787,0.81913,0.81939,1.88,2.25
2011.06.14 02:48:10.869,0.81913,0.81938,1.50,1.50
2011.06.14 02:48:11.644,0.81912,0.81937,1.50,1.88
2011.06.14 02:48:12.085,0.81913,0.81938,1.13,2.48
2011.06.14 02:48:12.636,0.81912,0.81938,6.38,1.50
2011.06.14 02:48:12.748,0.8192,0.81941,4.88,1.50
2011.06.14 02:48:13.084,0.81923,0.81942,1.50,1.13
2011.06.14 02:48:13.775,0.8192,0.81941,4.50,1.13
2011.06.14 02:48:13.995,0.81916,0.81933,4.50,1.50
2011.06.14 02:48:14.106,0.81909,0.81932,1.13,1.50
2011.06.14 02:48:14.324,0.81908,0.81932,2.25,1.50
2011.06.14 02:48:16.069,0.81912,0.81935,1.50,2.63
2011.06.14 02:48:16.184,0.81912,0.81935,1.50,1.13
2011.06.14 02:48:16.737,0.81916,0.81937,4.50,1.13
2011.06.14 02:48:16.965,0.81916,0.81937,4.50,2.63
2011.06.14 02:48:17.185,0.81913,0.81935,1.50,1.13
2011.06.14 02:48:17.513,0.81913,0.81935,1.50,1.13
2011.06.14 02:48:18.603,0.81913,0.81936,1.50,1.13
2011.06.14 02:48:19.044,0.81915,0.81938,4.50,1.13
2011.06.14 02:48:19.155,0.81915,0.81938,4.50,1.13
2011.06.14 02:48:19.757,0.81928,0.81949,1.50,1.13
2011.06.14 02:48:21.765,0.81928,0.81949,1.50,1.13
2011.06.14 02:48:23.164,0.81928,0.81949,1.50,1.13
2011.06.14 02:48:23.726,0.81928,0.81948,1.50,1.13
2011.06.14 02:48:24.276,0.81928,0.81947,1.50,1.13
2011.06.14 02:48:24.806,0.81928,0.81949,1.50,1.13
2011.06.14 02:48:25.366,0.81928,0.81948,1.50,1.13
2011.06.14 02:48:27.013,0.81928,0.81948,1.50,1.13
2011.06.14 02:48:31.505,0.81928,0.81947,1.50,1.13
2011.06.14 02:48:32.464,0.81928,0.81948,1.50,1.13
2011.06.14 02:48:33.042,0.81928,0.81948,1.50,1.13
2011.06.14 02:48:33.663,0.81928,0.81947,1.50,1.13
2011.06.14 02:48:35.304,0.81928,0.81948,1.50,1.13
2011.06.14 02:48:35.526,0.81929,0.81951,1.13,1.13
2011.06.14 02:48:35.966,0.81933,0.81954,1.13,1.50
2011.06.14 02:48:36.184,0.81933,0.81952,1.13,1.50
2011.06.14 02:48:36.404,0.81929,0.81951,1.13,1.13
2011.06.14 02:48:36.736,0.81939,0.81953,1.13,1.50
2011.06.14 02:48:36.955,0.81938,0.81954,4.50,1.13
2011.06.14 02:48:37.066,0.81939,0.81955,1.50,1.13
2011.06.14 02:48:37.285,0.81938,0.81959,4.50,1.88
2011.06.14 02:48:41.025,0.81937,0.81955,1.50,1.13
2011.06.14 02:48:41.244,0.81933,0.81952,1.88,1.13
2011.06.14 02:48:41.573,0.8193,0.81952,1.13,1.13
2011.06.14 02:48:42.183,0.8193,0.81952,1.13,1.13
2011.06.14 02:48:42.733,0.8193,0.81952,1.13,1.13
2011.06.14 02:48:43.707,0.8193,0.81952,1.13,1.13
2011.06.14 02:48:46.193,0.8193,0.81951,1.13,1.13
2011.06.14 02:48:46.743,0.8193,0.8195,1.13,1.13
2011.06.14 02:48:47.354,0.81931,0.8195,1.13,1.13
2011.06.14 02:48:49.883,0.81931,0.8195,1.13,1.13
2011.06.14 02:48:51.654,0.81931,0.8195,1.50,1.13
2011.06.14 02:48:51.765,0.81932,0.81952,1.50,1.13
2011.06.14 02:48:51.984,0.81932,0.81953,1.50,1.88
2011.06.14 02:48:52.315,0.81931,0.81951,3.75,1.88
2011.06.14 02:48:52.426,0.8192,0.81948,2.03,1.50
2011.06.14 02:48:52.536,0.8192,0.81944,2.40,1.50
2011.06.14 02:48:52.644,0.8192,0.81944,2.25,1.50
2011.06.14 02:48:52.946,0.8192,0.81944,2.63,1.50
2011.06.14 02:48:53.495,0.81921,0.81946,1.88,4.50
2011.06.14 02:48:53.715,0.81918,0.81943,5.10,1.13
2011.06.14 02:48:53.934,0.81919,0.81945,1.50,1.88
2011.06.14 02:48:54.593,0.81919,0.81944,1.50,1.13
2011.06.14 02:48:55.214,0.81924,0.81946,1.50,4.50
2011.06.14 02:48:55.434,0.81926,0.81946,1.50,4.50
2011.06.14 02:48:55.764,0.81932,0.81952,5.25,1.13
2011.06.14 02:48:56.203,0.81932,0.81952,5.25,1.13
2011.06.14 02:49:00.133,0.81932,0.81952,4.50,1.88
2011.06.14 02:49:00.354,0.81928,0.81949,1.50,1.50
2011.06.14 02:49:00.683,0.81928,0.81949,1.50,1.13
2011.06.14 02:49:01.353,0.81928,0.81949,1.50,1.13
2011.06.14 02:49:01.684,0.81928,0.81949,1.50,1.13
2011.06.14 02:49:05.565,0.81928,0.81949,1.50,1.13
2011.06.14 02:49:05.674,0.81927,0.81948,1.50,1.50
2011.06.14 02:49:06.004,0.81922,0.81945,1.50,1.88
2011.06.14 02:49:06.115,0.81921,0.81944,1.50,1.13
2011.06.14 02:49:06.225,0.8192,0.8194,5.25,1.13
2011.06.14 02:49:06.445,0.8192,0.81938,3.75,1.50
2011.06.14 02:49:06.774,0.8192,0.81938,4.50,1.88
2011.06.14 02:49:07.346,0.81914,0.81938,1.35,2.63
2011.06.14 02:49:08.806,0.81914,0.81937,2.10,1.13
2011.06.14 02:49:09.130,0.81918,0.81939,1.50,1.13
2011.06.14 02:49:09.353,0.81918,0.81942,2.25,1.88
2011.06.14 02:49:09.574,0.81924,0.81944,1.50,1.13
2011.06.14 02:49:09.795,0.81928,0.81948,1.50,1.13
2011.06.14 02:49:10.014,0.81928,0.81948,1.50,1.13
2011.06.14 02:49:11.654,0.81927,0.81948,1.50,1.13
2011.06.14 02:49:11.766,0.81923,0.81944,1.50,1.13
2011.06.14 02:49:12.094,0.81926,0.81945,1.50,1.13
2011.06.14 02:49:12.925,0.81926,0.81941,1.50,1.13
2011.06.14 02:49:13.256,0.81912,0.81938,1.50,1.88
2011.06.14 02:49:13.475,0.81912,0.81936,1.50,1.13
2011.06.14 02:49:13.586,0.81912,0.81935,1.50,1.13
2011.06.14 02:49:13.855,0.81912,0.81935,1.50,1.88
2011.06.14 02:49:13.981,0.81908,0.81932,1.50,1.88
2011.06.14 02:49:14.583,0.81908,0.81932,1.50,2.63
2011.06.14 02:49:15.393,0.81908,0.81932,1.50,2.63
2011.06.14 02:49:23.453,0.81908,0.8193,1.50,2.63
2011.06.14 02:49:23.783,0.81908,0.8193,1.50,1.88
2011.06.14 02:49:24.546,0.81908,0.8193,1.50,1.88
2011.06.14 02:49:24.874,0.81905,0.81912,1.50,1.50
2011.06.14 02:49:24.988,0.81894,0.81913,1.13,1.50
2011.06.14 02:49:25.105,0.81895,0.81914,1.13,2.25
2011.06.14 02:49:25.215,0.81895,0.81918,2.63,2.25
2011.06.14 02:49:25.324,0.81898,0.81918,1.50,1.50
2011.06.14 02:49:25.435,0.81895,0.81918,1.13,1.50
2011.06.14 02:49:25.544,0.81895,0.81918,1.13,2.25
2011.06.14 02:49:25.873,0.81893,0.81912,1.50,1.50
2011.06.14 02:49:26.666,0.81892,0.81914,1.88,2.25
2011.06.14 02:49:33.513,0.81892,0.81914,1.88,1.50
2011.06.14 02:49:33.885,0.81892,0.81914,1.88,1.50
2011.06.14 02:49:34.435,0.81892,0.81914,1.88,1.50
2011.06.14 02:49:38.774,0.81892,0.81914,1.88,2.25
2011.06.14 02:49:38.884,0.81892,0.81914,1.88,2.25
2011.06.14 02:49:39.417,0.81892,0.81911,1.13,1.13
2011.06.14 02:49:39.538,0.81888,0.8191,1.50,5.25
2011.06.14 02:49:39.656,0.81891,0.8191,1.50,4.50
2011.06.14 02:49:39.984,0.81892,0.81913,1.50,1.50
2011.06.14 02:49:42.575,0.81892,0.81913,1.50,1.50
2011.06.14 02:49:51.434,0.81892,0.81914,1.50,1.50
2011.06.14 02:49:55.825,0.81892,0.81914,1.50,2.25
2011.06.14 02:49:56.373,0.81892,0.81913,1.50,1.50
2011.06.14 02:50:03.594,0.81892,0.81914,1.50,2.25
2011.06.14 02:50:04.873,0.81892,0.81914,1.50,1.50
2011.06.14 02:50:05.205,0.81899,0.81914,1.50,1.50
2011.06.14 02:50:05.315,0.81899,0.81916,1.50,3.75
2011.06.14 02:50:05.534,0.81899,0.81925,1.13,5.25
2011.06.14 02:50:05.644,0.81899,0.81925,1.13,5.25
2011.06.14 02:50:05.974,0.81899,0.81924,1.13,5.85
2011.06.14 02:50:07.375,0.81899,0.81924,1.13,5.85
2011.06.14 02:50:10.944,0.81899,0.81924,1.28,1.35
2011.06.14 02:50:13.985,0.81899,0.81925,1.28,5.25
2011.06.14 02:50:14.535,0.81897,0.81924,1.73,1.50
2011.06.14 02:50:15.085,0.81902,0.81925,1.50,1.50
2011.06.14 02:50:15.626,0.81902,0.81923,1.50,1.13
2011.06.14 02:50:16.134,0.81903,0.81927,1.88,1.88
2011.06.14 02:50:16.519,0.81907,0.8193,1.50,1.50
2011.06.14 02:50:16.853,0.81907,0.8193,1.50,1.13
2011.06.14 02:50:17.076,0.81905,0.81927,1.50,1.88
2011.06.14 02:50:17.187,0.81904,0.81922,5.25,1.50
2011.06.14 02:50:17.305,0.81904,0.81922,3.75,2.25
2011.06.14 02:50:19.565,0.819,0.81924,1.50,2.25
2011.06.14 02:50:20.114,0.81898,0.81921,1.50,1.13
2011.06.14 02:50:21.358,0.81898,0.81921,1.50,1.13
2011.06.14 02:50:21.907,0.81898,0.8192,1.50,1.13
2011.06.14 02:50:24.055,0.81898,0.81921,1.50,1.13
2011.06.14 02:50:25.473,0.81898,0.8192,1.50,1.13
2011.06.14 02:50:26.884,0.81902,0.8192,1.50,1.13
2011.06.14 02:50:27.453,0.81902,0.81921,1.50,1.13
2011.06.14 02:50:35.484,0.81903,0.81923,1.50,1.88
2011.06.14 02:50:38.595,0.81902,0.81922,1.50,1.13
2011.06.14 02:50:39.144,0.81903,0.81923,1.50,1.13
2011.06.14 02:50:41.154,0.81903,0.81922,1.50,1.50
2011.06.14 02:50:43.905,0.81902,0.81922,1.50,1.13
2011.06.14 02:50:44.963,0.81903,0.81922,1.50,1.50
2011.06.14 02:50:45.513,0.81903,0.81923,1.50,1.50
2011.06.14 02:50:47.163,0.819,0.81922,1.50,1.50
2011.06.14 02:50:47.713,0.819,0.81922,1.13,1.50
2011.06.14 02:50:51.493,0.819,0.81922,1.88,1.50
2011.06.14 02:51:09.453,0.81898,0.81922,2.63,1.50
2011.06.14 02:51:13.623,0.81898,0.81922,1.88,1.88
2011.06.14 02:51:26.972,0.81898,0.8192,1.50,1.13
2011.06.14 02:51:37.683,0.81895,0.81917,4.50,1.50
2011.06.14 02:51:38.124,0.81896,0.81917,4.50,1.50
2011.06.14 02:51:38.563,0.81897,0.8192,1.50,1.88
2011.06.14 02:51:39.113,0.81897,0.81918,1.50,1.13
2011.06.14 02:51:42.264,0.81895,0.81918,5.25,1.88
2011.06.14 02:51:42.375,0.81893,0.81913,2.25,1.50
2011.06.14 02:51:42.486,0.81893,0.8191,1.13,3.75
2011.06.14 02:51:42.814,0.81889,0.81908,1.13,1.50
2011.06.14 02:51:43.034,0.81887,0.81908,1.88,1.50
2011.06.14 02:51:43.365,0.81886,0.81904,1.50,1.50
2011.06.14 02:51:43.476,0.81886,0.81905,2.25,3.75
2011.06.14 02:51:43.585,0.81886,0.81907,2.25,1.32
2011.06.14 02:51:43.804,0.81886,0.81907,1.50,1.32
2011.06.14 02:51:44.864,0.81886,0.81907,1.50,1.32
2011.06.14 02:51:44.976,0.81889,0.81907,1.13,1.32
2011.06.14 02:51:45.087,0.81892,0.81913,1.50,1.13
2011.06.14 02:51:45.305,0.8189,0.81913,4.50,1.88
2011.06.14 02:51:45.416,0.81888,0.81912,1.50,2.25
2011.06.14 02:51:45.747,0.81886,0.81901,1.50,1.50
2011.06.14 02:51:46.075,0.81888,0.81908,1.50,1.50
2011.06.14 02:51:46.710,0.81888,0.81908,1.50,1.50
2011.06.14 02:51:48.283,0.81887,0.81908,1.13,1.50
2011.06.14 02:51:48.614,0.81887,0.81908,1.13,1.50
2011.06.14 02:51:48.724,0.81885,0.81908,1.88,1.50
2011.06.14 02:51:49.164,0.81887,0.81908,1.13,1.50
2011.06.14 02:51:56.143,0.81885,0.81908,1.88,1.50
2011.06.14 02:51:58.624,0.81885,0.81908,1.13,1.50
2011.06.14 02:51:59.394,0.81883,0.81908,1.88,2.25
2011.06.14 02:52:00.654,0.81883,0.81908,1.88,1.50
2011.06.14 02:52:01.313,0.81884,0.81908,1.13,2.63
2011.06.14 02:52:02.013,0.81882,0.81906,2.25,1.50
2011.06.14 02:52:02.343,0.81885,0.81908,1.13,1.50
2011.06.14 02:52:03.263,0.81885,0.81908,1.88,1.50
2011.06.14 02:52:05.383,0.81885,0.81908,1.88,1.50
2011.06.14 02:52:06.025,0.81885,0.81908,1.88,1.50
2011.06.14 02:52:07.694,0.81885,0.81908,1.50,1.50
2011.06.14 02:52:08.364,0.81883,0.81907,1.88,1.50
2011.06.14 02:52:08.474,0.81883,0.81907,1.88,1.50
2011.06.14 02:52:09.119,0.81883,0.81907,1.50,1.50
2011.06.14 02:52:09.796,0.81883,0.81908,1.88,1.88
2011.06.14 02:52:10.364,0.81883,0.81907,1.50,1.50
2011.06.14 02:52:13.065,0.81881,0.81905,1.13,1.88
2011.06.14 02:52:13.174,0.81881,0.81903,1.13,1.50
2011.06.14 02:52:13.744,0.81879,0.81903,1.50,1.88
2011.06.14 02:52:14.073,0.81879,0.81903,1.50,1.88
2011.06.14 02:52:14.455,0.81876,0.81901,1.50,4.50
2011.06.14 02:52:15.097,0.81877,0.81898,1.13,1.50
2011.06.14 02:52:22.903,0.81876,0.81898,1.13,1.50
2011.06.14 02:52:28.716,0.81876,0.81898,1.88,1.50
2011.06.14 02:52:35.382,0.81877,0.81898,1.88,1.50
2011.06.14 02:52:36.552,0.81877,0.81898,1.88,1.50
2011.06.14 02:52:37.902,0.81877,0.81898,1.13,1.50
2011.06.14 02:52:50.882,0.81877,0.81898,1.50,1.50
2011.06.14 02:52:51.983,0.81874,0.81898,1.88,1.88
2011.06.14 02:52:53.402,0.81876,0.81898,1.88,1.50
2011.06.14 02:53:14.288,0.81876,0.819,2.63,1.50
2011.06.14 02:53:14.404,0.81877,0.819,1.50,1.50
2011.06.14 02:53:14.733,0.81877,0.819,1.50,1.88
2011.06.14 02:53:15.312,0.81876,0.819,1.50,1.88
2011.06.14 02:53:15.863,0.81876,0.81898,1.50,1.50
2011.06.14 02:53:17.885,0.81877,0.81898,1.88,1.50
2011.06.14 02:53:18.455,0.81877,0.81898,1.13,1.50
2011.06.14 02:53:35.443,0.81876,0.81898,1.88,1.50
2011.06.14 02:53:52.523,0.81876,0.81898,1.50,1.88
2011.06.14 02:53:53.095,0.81875,0.81898,1.50,1.50
2011.06.14 02:54:04.303,0.81876,0.81898,1.88,1.50
2011.06.14 02:54:06.013,0.81876,0.81898,1.13,1.50
2011.06.14 02:54:30.463,0.81876,0.81895,1.13,1.88
2011.06.14 02:54:30.573,0.81871,0.81892,1.13,1.50
2011.06.14 02:54:30.902,0.81871,0.81892,1.88,1.50
2011.06.14 02:54:49.373,0.81874,0.81896,1.50,1.13
2011.06.14 02:54:49.483,0.81875,0.81896,1.88,1.13
2011.06.14 02:54:51.534,0.81877,0.81901,1.50,1.88
2011.06.14 02:54:52.083,0.81878,0.81902,1.50,3.38
2011.06.14 02:55:02.091,0.81878,0.81902,1.88,2.63
2011.06.14 02:55:04.123,0.81878,0.81902,1.88,2.25
2011.06.14 02:55:04.683,0.8188,0.81902,1.13,2.25
2011.06.14 02:55:07.865,0.81878,0.81902,1.13,2.63
2011.06.14 02:55:10.174,0.81877,0.81899,1.50,1.13
2011.06.14 02:55:10.502,0.81876,0.81899,1.50,1.88
2011.06.14 02:55:15.975,0.81873,0.81897,3.75,1.50
2011.06.14 02:55:16.193,0.81873,0.81897,2.25,1.50
2011.06.14 02:55:16.413,0.81873,0.81897,2.25,1.50
2011.06.14 02:55:17.213,0.81873,0.81897,2.63,1.50
2011.06.14 02:55:18.903,0.81873,0.81897,2.63,1.50
2011.06.14 02:55:21.373,0.81871,0.81893,1.13,1.50
2011.06.14 02:55:21.483,0.81871,0.81893,1.13,1.50
2011.06.14 02:55:21.592,0.81872,0.81893,1.13,1.50
2011.06.14 02:55:25.743,0.81872,0.81893,1.88,1.50
2011.06.14 02:55:27.061,0.81872,0.81893,1.13,1.50
2011.06.14 02:55:27.612,0.81871,0.81893,1.13,1.50
2011.06.14 02:55:29.202,0.81867,0.81893,7.73,2.63
2011.06.14 02:55:32.703,0.81869,0.81893,1.88,1.88
2011.06.14 02:55:35.035,0.8187,0.81893,1.88,1.50
2011.06.14 02:55:41.032,0.8187,0.81893,1.88,1.50
2011.06.14 02:55:41.143,0.81871,0.81895,1.50,6.75
2011.06.14 02:55:41.252,0.81873,0.81895,1.50,2.25
2011.06.14 02:55:41.692,0.81873,0.81895,1.50,1.88
2011.06.14 02:55:50.464,0.81871,0.81892,2.25,2.25
2011.06.14 02:55:50.573,0.8187,0.81891,1.50,1.13
2011.06.14 02:55:50.683,0.81867,0.81891,3.60,1.88
2011.06.14 02:55:50.792,0.81868,0.81891,1.50,1.88
2011.06.14 02:55:53.243,0.81868,0.8189,1.50,1.50
2011.06.14 02:55:54.553,0.81867,0.81889,2.25,1.88
2011.06.14 02:56:01.041,0.81867,0.81888,2.25,1.50
2011.06.14 02:56:01.373,0.81864,0.81877,1.50,1.50
2011.06.14 02:56:01.485,0.81861,0.8188,1.50,4.50
2011.06.14 02:56:01.705,0.8186,0.8188,1.13,4.50
2011.06.14 02:56:01.924,0.8186,0.81882,4.50,1.50
2011.06.14 02:56:02.598,0.81866,0.81885,3.00,1.88
2011.06.14 02:56:02.935,0.81866,0.81882,2.25,1.50
2011.06.14 02:56:03.155,0.81861,0.8188,2.25,1.50
2011.06.14 02:56:21.923,0.81861,0.81877,2.25,1.50
2011.06.14 02:56:22.033,0.81856,0.81877,6.75,1.50
2011.06.14 02:56:22.144,0.81856,0.81877,3.00,1.88
2011.06.14 02:56:22.364,0.81856,0.81877,2.25,1.88
2011.06.14 02:57:00.175,0.81856,0.81877,2.25,1.35
2011.06.14 02:57:00.613,0.81857,0.81877,1.13,1.35
2011.06.14 02:57:00.726,0.81857,0.81878,2.63,1.35
2011.06.14 02:57:00.835,0.81861,0.81882,2.25,1.88
2011.06.14 02:57:01.163,0.81861,0.81882,2.25,1.88
2011.06.14 02:57:03.164,0.81861,0.81882,2.25,1.13
2011.06.14 02:57:12.059,0.81861,0.81883,3.38,2.25
2011.06.14 02:57:12.573,0.81861,0.81883,2.25,3.00
2011.06.14 02:57:19.853,0.81861,0.81883,3.00,2.25
2011.06.14 02:57:27.465,0.81864,0.81883,1.13,1.50
2011.06.14 02:57:27.574,0.81865,0.81883,3.00,1.50
2011.06.14 02:57:28.124,0.81865,0.81887,3.38,1.50
2011.06.14 02:57:28.675,0.81865,0.81887,3.38,1.60
2011.06.14 02:57:29.562,0.81865,0.81887,3.38,1.60
2011.06.14 02:57:35.934,0.81872,0.81887,2.25,1.60
2011.06.14 02:57:39.573,0.8187,0.81887,2.25,1.60
2011.06.14 02:57:40.593,0.81865,0.81887,3.38,1.60
2011.06.14 02:57:42.692,0.81865,0.81887,2.63,1.60
2011.06.14 02:58:01.616,0.81861,0.81883,2.63,3.10
2011.06.14 02:58:01.833,0.81861,0.81879,2.25,1.50
2011.06.14 02:58:01.945,0.81861,0.81878,2.25,2.35
2011.06.14 02:58:02.055,0.81856,0.81873,2.25,1.35
2011.06.14 02:58:02.165,0.81856,0.81872,2.25,2.10
2011.06.14 02:58:02.714,0.81851,0.81869,4.88,1.35
2011.06.14 02:58:03.263,0.81851,0.81869,1.13,1.35
2011.06.14 02:58:03.484,0.81851,0.81867,1.13,2.10
2011.06.14 02:58:04.034,0.8185,0.81871,3.38,1.60
2011.06.14 02:58:04.584,0.8185,0.81871,2.25,1.60
2011.06.14 02:58:05.133,0.8185,0.81869,2.25,1.23
2011.06.14 02:58:05.691,0.81846,0.81868,3.00,2.54
2011.06.14 02:58:07.372,0.81847,0.81867,1.50,1.32
2011.06.14 02:58:07.707,0.81859,0.81875,2.25,1.98
2011.06.14 02:58:07.823,0.81853,0.81875,5.25,1.98
2011.06.14 02:58:07.935,0.81853,0.81875,3.75,1.98
2011.06.14 02:58:11.923,0.81855,0.81875,2.25,1.23
2011.06.14 02:58:12.253,0.81864,0.81882,3.75,1.13
2011.06.14 02:58:12.584,0.81864,0.81881,2.25,1.13
2011.06.14 02:58:12.902,0.81859,0.81875,1.50,1.88
2011.06.14 02:58:13.123,0.81856,0.81875,1.50,1.88
2011.06.14 02:58:16.493,0.81854,0.81874,1.50,1.13
2011.06.14 02:58:16.923,0.81853,0.81873,3.00,2.25
2011.06.14 02:58:17.472,0.8185,0.81873,2.25,2.63
2011.06.14 02:58:17.914,0.8186,0.81873,1.13,1.13
2011.06.14 02:58:18.135,0.81864,0.81884,1.50,1.88
2011.06.14 02:58:18.243,0.81864,0.81884,1.50,1.88
2011.06.14 02:58:18.683,0.81863,0.81885,4.50,1.88
2011.06.14 02:58:21.142,0.81863,0.81885,4.50,1.88
2011.06.14 02:58:21.584,0.81865,0.81878,1.50,1.50
2011.06.14 02:58:21.914,0.81858,0.81878,1.50,2.63
2011.06.14 02:58:22.134,0.81855,0.81875,1.50,1.50
2011.06.14 02:58:22.463,0.81852,0.81872,2.25,1.50
2011.06.14 02:58:23.580,0.81855,0.81874,1.88,3.75
2011.06.14 02:58:23.699,0.81857,0.81878,1.50,2.25
2011.06.14 02:58:24.036,0.81858,0.81879,3.00,1.88
2011.06.14 02:58:24.479,0.81863,0.81884,3.00,1.60
2011.06.14 02:58:24.594,0.81864,0.81885,1.50,2.63
2011.06.14 02:58:25.365,0.81864,0.81886,2.25,2.25
2011.06.14 02:58:25.995,0.81866,0.81882,1.50,1.50
2011.06.14 02:58:26.213,0.8186,0.81882,1.50,2.63
2011.06.14 02:58:26.653,0.81858,0.81882,5.25,2.73
2011.06.14 02:58:29.665,0.81865,0.8188,1.35,1.50
2011.06.14 02:58:31.444,0.81874,0.81889,1.50,1.50
2011.06.14 02:58:32.323,0.81867,0.81889,2.25,1.13
2011.06.14 02:58:32.769,0.81866,0.81889,5.25,1.98
2011.06.14 02:58:37.904,0.81866,0.81889,3.00,3.48
2011.06.14 02:58:38.014,0.81864,0.81884,1.50,1.50
2011.06.14 02:58:38.235,0.81862,0.81882,1.50,2.35
2011.06.14 02:58:38.345,0.81859,0.81882,2.25,2.73
2011.06.14 02:58:41.273,0.81858,0.81881,1.50,1.60
2011.06.14 02:58:48.374,0.81858,0.81881,2.25,1.98
2011.06.14 02:58:48.922,0.81858,0.81881,1.50,1.60
2011.06.14 02:58:52.193,0.81858,0.81879,2.25,1.23
2011.06.14 02:58:52.743,0.81858,0.8188,1.50,1.60
2011.06.14 02:59:17.914,0.81856,0.81876,3.75,1.50
2011.06.14 02:59:18.244,0.81854,0.81876,1.50,1.13
2011.06.14 02:59:18.353,0.81854,0.81876,1.50,1.13
2011.06.14 02:59:18.685,0.81852,0.81869,3.00,1.98
2011.06.14 02:59:18.794,0.81846,0.81867,3.00,1.50
2011.06.14 02:59:18.904,0.81848,0.81867,1.50,1.60
2011.06.14 02:59:19.194,0.81848,0.8187,1.88,1.60
2011.06.14 02:59:24.292,0.81848,0.81871,2.25,1.98
2011.06.14 02:59:24.624,0.81861,0.81881,1.50,1.50
2011.06.14 02:59:25.063,0.81863,0.81884,2.44,1.13
2011.06.14 02:59:25.973,0.81863,0.81886,2.63,1.60
2011.06.14 02:59:26.524,0.81867,0.81886,3.00,1.60
2011.06.14 02:59:26.635,0.81868,0.81887,1.50,1.50
2011.06.14 02:59:26.744,0.81866,0.81884,1.50,1.35
2011.06.14 02:59:26.855,0.81859,0.81881,7.88,1.60
2011.06.14 02:59:26.966,0.81857,0.81881,3.75,2.73
2011.06.14 02:59:27.478,0.81855,0.81877,1.13,1.60
2011.06.14 02:59:27.594,0.81855,0.81877,1.13,1.60
2011.06.14 02:59:31.914,0.81856,0.81879,1.13,4.50
2011.06.14 02:59:32.136,0.81859,0.81882,1.88,1.50
2011.06.14 02:59:32.717,0.81859,0.81883,1.13,1.50
2011.06.14 02:59:35.164,0.81858,0.81877,1.13,1.50
2011.06.14 02:59:35.274,0.81856,0.81876,2.63,1.50
2011.06.14 02:59:35.385,0.81856,0.81874,2.25,1.50
2011.06.14 02:59:35.605,0.81857,0.81876,2.25,4.50
2011.06.14 02:59:35.716,0.81857,0.81876,3.00,3.75
2011.06.14 02:59:36.424,0.81857,0.81878,3.00,1.50
2011.06.14 02:59:39.586,0.81857,0.8188,3.00,1.50
2011.06.14 02:59:39.915,0.81866,0.8189,1.13,4.50
2011.06.14 02:59:40.135,0.8187,0.81893,1.13,2.25
2011.06.14 02:59:40.662,0.81871,0.81894,1.88,1.45
2011.06.14 02:59:41.115,0.81876,0.819,1.13,5.25
2011.06.14 02:59:43.144,0.81876,0.819,1.88,5.25
2011.06.14 02:59:45.554,0.81876,0.819,1.13,5.25
2011.06.14 02:59:51.074,0.81876,0.81899,1.13,1.35
2011.06.14 02:59:54.414,0.81873,0.81895,5.63,1.50
2011.06.14 02:59:54.772,0.81873,0.81895,1.13,2.25
2011.06.14 02:59:54.884,0.81873,0.81895,1.13,2.25
2011.06.14 02:59:55.546,0.81869,0.81894,1.13,1.35
2011.06.14 02:59:56.095,0.81868,0.81894,1.50,2.10
2011.06.14 02:59:56.734,0.81868,0.81894,1.50,2.10
2011.06.14 02:59:58.475,0.81866,0.81892,4.13,1.50
2011.06.14 02:59:58.915,0.81867,0.81893,3.00,1.50
2011.06.14 02:59:59.134,0.81867,0.81893,3.00,1.50
2011.06.14 02:59:59.726,0.8187,0.81893,1.13,1.50
2011.06.14 02:59:59.947,0.8187,0.81893,1.13,1.50
