2014.01.07 02:00:01.130,0.82678,0.827,1.38,1.00
2014.01.07 02:00:01.637,0.82678,0.82702,1.38,1.28
2014.01.07 02:00:06.952,0.82676,0.827,1.38,1.10
2014.01.07 02:00:07.138,0.82676,0.827,1.00,1.10
2014.01.07 02:00:07.669,0.82675,0.82702,1.28,1.20
2014.01.07 02:00:10.243,0.82673,0.827,1.53,1.00
2014.01.07 02:00:10.903,0.82673,0.82701,1.28,1.58
2014.01.07 02:00:11.472,0.82673,0.827,1.28,1.08
2014.01.07 02:00:12.045,0.82673,0.827,1.20,1.08
2014.01.07 02:00:13.140,0.82673,0.827,1.28,1.10
2014.01.07 02:00:15.433,0.82673,0.827,1.28,1.95
2014.01.07 02:00:15.949,0.82672,0.82699,1.88,1.15
2014.01.07 02:00:16.466,0.82672,0.82699,1.95,1.18
2014.01.07 02:00:17.080,0.82672,0.82699,1.88,1.15
2014.01.07 02:00:17.600,0.82672,0.82696,1.20,1.13
2014.01.07 02:00:17.964,0.82672,0.82687,1.00,1.00
2014.01.07 02:00:18.481,0.82671,0.82687,1.00,1.00
2014.01.07 02:00:19.107,0.82668,0.82687,1.00,1.00
2014.01.07 02:00:19.208,0.82664,0.82687,1.20,1.00
2014.01.07 02:00:19.714,0.82664,0.82687,1.18,1.00
2014.01.07 02:00:20.470,0.82664,0.82687,1.10,1.00
2014.01.07 02:00:21.579,0.82664,0.82687,1.18,1.00
2014.01.07 02:00:23.284,0.82668,0.82687,1.00,1.00
2014.01.07 02:00:23.760,0.82664,0.82687,2.40,1.00
2014.01.07 02:00:24.114,0.82668,0.82687,1.13,1.00
2014.01.07 02:00:27.338,0.82668,0.8269,1.28,1.00
2014.01.07 02:00:27.439,0.8267,0.8269,1.00,1.00
2014.01.07 02:00:27.642,0.8267,0.82692,3.08,1.00
2014.01.07 02:00:27.693,0.82675,0.82693,1.00,1.00
2014.01.07 02:00:29.079,0.8267,0.8269,4.28,1.00
2014.01.07 02:00:29.848,0.8267,0.8269,4.28,1.00
2014.01.07 02:00:30.374,0.8267,0.8269,4.28,1.00
2014.01.07 02:00:33.617,0.8267,0.8269,4.65,1.00
2014.01.07 02:00:33.970,0.8267,0.8269,2.70,1.00
2014.01.07 02:00:36.883,0.8267,0.82692,3.45,1.00
2014.01.07 02:00:36.987,0.8267,0.8269,4.28,1.00
2014.01.07 02:00:37.550,0.8267,0.8269,4.28,1.00
2014.01.07 02:00:38.330,0.8267,0.8269,4.28,1.00
2014.01.07 02:00:38.941,0.8267,0.8269,4.28,1.00
2014.01.07 02:00:40.801,0.8267,0.8269,4.28,1.00
2014.01.07 02:00:41.325,0.82675,0.82695,1.00,3.45
2014.01.07 02:00:41.936,0.82675,0.8269,1.00,1.00
2014.01.07 02:00:42.190,0.8267,0.82688,1.58,1.00
2014.01.07 02:00:42.241,0.8267,0.8269,1.20,1.13
2014.01.07 02:00:42.545,0.8267,0.8269,1.58,1.60
2014.01.07 02:00:44.043,0.8267,0.8269,1.58,1.00
2014.01.07 02:00:45.107,0.82671,0.8269,1.88,1.00
2014.01.07 02:00:47.431,0.8267,0.8269,3.90,1.00
2014.01.07 02:00:48.257,0.82675,0.82694,1.00,1.38
2014.01.07 02:00:52.618,0.8267,0.8269,3.90,1.00
2014.01.07 02:00:53.124,0.8267,0.8269,2.25,1.00
2014.01.07 02:01:03.429,0.8267,0.82689,2.25,1.00
2014.01.07 02:01:03.933,0.8267,0.8269,4.50,1.00
2014.01.07 02:01:08.987,0.8267,0.82684,1.00,1.00
2014.01.07 02:01:12.640,0.8267,0.82682,1.00,1.00
2014.01.07 02:01:12.741,0.8267,0.82684,1.00,1.00
2014.01.07 02:01:12.843,0.82666,0.82682,2.25,1.00
2014.01.07 02:01:13.045,0.82664,0.82682,2.25,1.13
2014.01.07 02:01:13.704,0.82663,0.82684,1.75,1.13
2014.01.07 02:01:15.866,0.82664,0.82684,1.00,1.13
2014.01.07 02:01:18.869,0.82664,0.82684,1.00,1.50
2014.01.07 02:01:19.449,0.82664,0.82682,1.00,1.38
2014.01.07 02:01:19.954,0.82659,0.82678,2.25,1.00
2014.01.07 02:01:20.259,0.82659,0.82676,1.50,1.00
2014.01.07 02:01:20.562,0.82658,0.82675,1.13,1.13
2014.01.07 02:01:21.109,0.8266,0.82674,1.38,1.00
2014.01.07 02:01:22.904,0.8266,0.82675,1.38,1.13
2014.01.07 02:01:23.193,0.8266,0.82676,1.50,1.38
2014.01.07 02:01:23.396,0.82659,0.82678,1.13,1.28
2014.01.07 02:01:23.651,0.8266,0.82676,1.00,1.38
2014.01.07 02:01:24.055,0.82658,0.82675,1.00,1.13
2014.01.07 02:01:24.389,0.82658,0.82675,1.00,1.38
2014.01.07 02:01:25.102,0.82659,0.82675,1.00,1.38
2014.01.07 02:01:25.153,0.82659,0.82678,1.13,1.55
2014.01.07 02:01:25.305,0.82659,0.8268,1.13,1.80
2014.01.07 02:01:25.457,0.82659,0.82677,1.13,1.00
2014.01.07 02:01:26.549,0.82659,0.82679,1.13,1.38
2014.01.07 02:01:27.056,0.82659,0.82677,1.13,1.13
2014.01.07 02:01:27.590,0.82659,0.82677,1.13,1.38
2014.01.07 02:01:28.091,0.82659,0.82679,1.13,1.50
2014.01.07 02:01:28.910,0.82659,0.82679,1.13,1.50
2014.01.07 02:01:33.016,0.82659,0.82677,1.13,1.00
2014.01.07 02:01:34.214,0.82659,0.82675,1.13,1.00
2014.01.07 02:01:34.720,0.82657,0.82675,1.38,1.88
2014.01.07 02:01:35.229,0.82656,0.82675,1.88,1.13
2014.01.07 02:01:35.381,0.8266,0.82679,1.00,1.88
2014.01.07 02:01:35.887,0.82659,0.82679,1.13,1.88
2014.01.07 02:01:38.670,0.8266,0.82679,1.00,1.50
2014.01.07 02:01:39.197,0.8266,0.8268,1.00,1.38
2014.01.07 02:01:40.276,0.82658,0.8268,1.38,1.38
2014.01.07 02:01:40.782,0.8266,0.82679,1.00,1.88
2014.01.07 02:01:43.305,0.82656,0.82675,1.88,1.00
2014.01.07 02:01:43.609,0.8266,0.82677,1.00,1.48
2014.01.07 02:01:43.660,0.8266,0.82677,1.00,1.20
2014.01.07 02:01:44.388,0.8266,0.82677,1.00,1.38
2014.01.07 02:01:45.084,0.8266,0.82677,1.00,1.38
2014.01.07 02:01:47.138,0.8266,0.82677,1.00,1.38
2014.01.07 02:01:54.655,0.8266,0.82678,1.00,1.13
2014.01.07 02:01:55.191,0.8266,0.82678,1.00,1.38
2014.01.07 02:01:57.164,0.8266,0.82678,1.00,1.13
2014.01.07 02:02:00.482,0.8266,0.82679,1.00,1.13
2014.01.07 02:02:00.987,0.8266,0.82679,1.00,1.38
2014.01.07 02:02:01.078,0.82665,0.82679,1.00,1.38
2014.01.07 02:02:01.598,0.82665,0.82679,1.00,1.00
2014.01.07 02:02:06.781,0.82665,0.82679,1.00,1.38
2014.01.07 02:02:08.304,0.82665,0.82679,1.00,1.75
2014.01.07 02:02:09.793,0.82665,0.82678,1.00,1.75
2014.01.07 02:02:09.896,0.82663,0.82677,1.00,1.50
2014.01.07 02:02:09.947,0.82663,0.82677,1.00,1.75
2014.01.07 02:02:10.149,0.82663,0.82676,1.00,1.88
2014.01.07 02:02:10.352,0.82663,0.82676,1.00,2.25
2014.01.07 02:02:10.984,0.82663,0.82674,1.00,1.38
2014.01.07 02:02:12.094,0.82658,0.82672,1.00,1.00
2014.01.07 02:02:13.109,0.82654,0.82672,3.00,1.00
2014.01.07 02:02:13.261,0.82649,0.8267,2.25,1.00
2014.01.07 02:02:15.431,0.82649,0.82669,1.50,1.00
2014.01.07 02:02:15.482,0.82649,0.82667,1.00,1.75
2014.01.07 02:02:15.989,0.82648,0.82667,1.00,1.75
2014.01.07 02:02:20.332,0.82655,0.82667,1.00,1.75
2014.01.07 02:02:20.989,0.82655,0.8267,1.00,1.75
2014.01.07 02:02:21.695,0.8265,0.8267,1.13,2.25
2014.01.07 02:02:21.900,0.82655,0.8267,1.00,1.75
2014.01.07 02:02:22.315,0.82658,0.8267,1.00,1.75
2014.01.07 02:02:22.618,0.82658,0.82666,1.00,1.50
2014.01.07 02:02:22.669,0.82655,0.82666,1.00,1.50
2014.01.07 02:02:22.720,0.82655,0.82675,1.18,1.75
2014.01.07 02:02:23.074,0.82655,0.82684,1.15,1.05
2014.01.07 02:02:23.580,0.82658,0.82679,1.00,1.00
2014.01.07 02:02:23.630,0.82655,0.82678,1.18,1.75
2014.01.07 02:02:23.934,0.82655,0.82678,1.15,1.75
2014.01.07 02:02:24.259,0.82655,0.82683,1.15,1.05
2014.01.07 02:02:24.927,0.82655,0.82685,1.53,2.10
2014.01.07 02:02:25.028,0.82656,0.82685,2.33,1.75
2014.01.07 02:02:25.129,0.82655,0.82685,1.15,1.90
2014.01.07 02:02:25.992,0.82655,0.82685,1.53,2.10
2014.01.07 02:02:26.093,0.8266,0.82685,1.28,1.48
2014.01.07 02:02:26.599,0.8266,0.82685,1.18,1.38
2014.01.07 02:02:29.577,0.82663,0.82685,1.00,1.38
2014.01.07 02:02:30.183,0.82663,0.82686,1.18,1.58
2014.01.07 02:02:30.716,0.82663,0.82685,1.10,1.50
2014.01.07 02:02:36.379,0.82663,0.82683,1.00,1.00
2014.01.07 02:02:37.545,0.82663,0.82685,1.10,1.13
2014.01.07 02:02:38.055,0.82663,0.82685,1.00,1.50
2014.01.07 02:02:39.720,0.82663,0.82685,1.08,1.50
2014.01.07 02:02:39.822,0.82668,0.82686,1.00,1.88
2014.01.07 02:02:40.126,0.82668,0.82687,1.65,1.75
2014.01.07 02:02:40.430,0.82668,0.82687,1.58,1.75
2014.01.07 02:02:42.667,0.82668,0.82686,1.10,1.00
2014.01.07 02:02:57.084,0.82675,0.82686,1.00,1.00
2014.01.07 02:02:57.185,0.82675,0.82692,1.00,1.75
2014.01.07 02:03:00.144,0.82675,0.82691,1.00,1.00
2014.01.07 02:03:03.099,0.82675,0.82695,1.00,1.85
2014.01.07 02:03:03.150,0.82673,0.82695,1.10,1.85
2014.01.07 02:03:03.733,0.82671,0.82695,1.10,1.85
2014.01.07 02:03:05.221,0.82671,0.82695,1.88,1.85
2014.01.07 02:03:14.350,0.82671,0.82695,1.10,1.85
2014.01.07 02:03:16.238,0.82671,0.82695,1.88,1.85
2014.01.07 02:03:23.977,0.8267,0.82693,2.55,1.75
2014.01.07 02:03:29.163,0.82681,0.82693,1.00,1.75
2014.01.07 02:03:29.416,0.82682,0.82702,2.33,1.38
2014.01.07 02:03:29.467,0.82683,0.82702,2.44,1.13
2014.01.07 02:03:29.677,0.82684,0.82702,1.10,1.13
2014.01.07 02:03:30.399,0.82683,0.82707,1.18,1.38
2014.01.07 02:03:30.450,0.82683,0.82707,1.65,1.88
2014.01.07 02:03:30.551,0.82683,0.82707,1.65,1.88
2014.01.07 02:03:31.372,0.82683,0.82706,1.65,1.38
2014.01.07 02:03:31.877,0.82683,0.82706,1.10,1.38
2014.01.07 02:03:33.204,0.82683,0.82706,1.08,1.38
2014.01.07 02:03:33.764,0.82683,0.82706,1.18,1.38
2014.01.07 02:03:34.068,0.82688,0.82706,1.08,1.00
2014.01.07 02:03:34.371,0.82688,0.8271,4.58,1.75
2014.01.07 02:03:34.523,0.82688,0.8271,1.15,1.75
2014.01.07 02:03:34.927,0.82685,0.8271,1.15,1.75
2014.01.07 02:03:34.978,0.82685,0.8271,1.15,1.75
2014.01.07 02:03:35.130,0.82685,0.82711,1.15,1.13
2014.01.07 02:03:38.816,0.82682,0.8271,3.45,1.00
2014.01.07 02:03:38.918,0.82682,0.8271,1.28,1.00
2014.01.07 02:03:39.121,0.82683,0.82707,1.15,1.38
2014.01.07 02:03:39.330,0.82682,0.82702,1.65,1.13
2014.01.07 02:03:39.532,0.82682,0.82702,2.03,1.00
2014.01.07 02:03:39.634,0.82683,0.82706,1.15,1.13
2014.01.07 02:03:39.786,0.82683,0.82706,4.58,1.13
2014.01.07 02:03:39.887,0.82683,0.82707,1.15,1.75
2014.01.07 02:03:39.938,0.82683,0.82711,1.15,1.13
2014.01.07 02:03:40.090,0.82683,0.82707,1.15,1.00
2014.01.07 02:03:40.393,0.82683,0.82707,1.15,1.38
2014.01.07 02:03:40.443,0.82683,0.82707,1.15,1.38
2014.01.07 02:03:40.949,0.82681,0.82711,4.95,1.13
2014.01.07 02:03:41.251,0.82685,0.82714,1.15,1.85
2014.01.07 02:03:41.505,0.82685,0.82713,1.18,1.65
2014.01.07 02:03:42.016,0.82685,0.82713,1.10,1.65
2014.01.07 02:03:42.246,0.82685,0.82711,1.10,1.95
2014.01.07 02:03:42.710,0.82681,0.82708,1.65,1.00
2014.01.07 02:03:42.861,0.82683,0.82707,1.10,1.38
2014.01.07 02:03:43.215,0.82683,0.82707,1.00,1.10
2014.01.07 02:03:45.204,0.82683,0.82707,1.10,1.50
2014.01.07 02:03:53.222,0.82683,0.82706,1.10,1.38
2014.01.07 02:03:53.425,0.82683,0.82706,1.10,1.00
2014.01.07 02:04:00.882,0.82685,0.82708,1.00,1.88
2014.01.07 02:04:03.394,0.82681,0.82708,1.58,1.93
2014.01.07 02:04:03.602,0.82683,0.82707,1.00,1.65
2014.01.07 02:04:03.908,0.82685,0.82707,1.00,1.20
2014.01.07 02:04:04.009,0.82685,0.82708,1.00,2.25
2014.01.07 02:04:04.264,0.82682,0.82708,1.55,1.75
2014.01.07 02:04:04.466,0.82681,0.82707,1.13,1.13
2014.01.07 02:04:04.568,0.8268,0.82707,1.95,1.28
2014.01.07 02:04:04.619,0.82685,0.82707,1.00,1.28
2014.01.07 02:04:04.670,0.82685,0.82708,1.00,1.90
2014.01.07 02:04:05.365,0.8268,0.82708,3.53,1.75
2014.01.07 02:04:05.819,0.82685,0.82708,1.00,1.75
2014.01.07 02:04:06.435,0.82685,0.82709,1.00,1.85
2014.01.07 02:04:16.392,0.82685,0.8271,1.50,1.95
2014.01.07 02:04:18.201,0.82687,0.8271,2.25,1.95
2014.01.07 02:04:18.252,0.82688,0.82713,2.33,2.03
2014.01.07 02:04:18.353,0.82693,0.82713,1.15,1.38
2014.01.07 02:04:18.656,0.82693,0.82713,1.15,1.00
2014.01.07 02:04:18.808,0.82693,0.82713,1.00,1.00
2014.01.07 02:04:20.459,0.82693,0.82717,1.00,1.88
2014.01.07 02:04:21.049,0.82693,0.82717,1.00,1.88
2014.01.07 02:04:43.505,0.82693,0.82717,1.18,1.88
2014.01.07 02:04:43.909,0.82693,0.82717,1.00,1.95
2014.01.07 02:04:45.298,0.82693,0.82716,1.18,1.00
2014.01.07 02:04:46.007,0.82693,0.82717,1.18,1.88
2014.01.07 02:04:46.108,0.82693,0.82716,1.18,1.00
2014.01.07 02:04:56.068,0.82691,0.8271,1.15,1.00
2014.01.07 02:04:56.169,0.82691,0.8271,1.00,1.00
2014.01.07 02:04:56.675,0.8269,0.8271,1.50,1.50
2014.01.07 02:04:57.608,0.82693,0.8271,1.00,1.00
2014.01.07 02:04:57.911,0.82693,0.82707,1.00,1.00
2014.01.07 02:04:58.063,0.8269,0.82707,1.00,1.00
2014.01.07 02:05:01.907,0.82688,0.82707,1.00,1.00
2014.01.07 02:05:17.828,0.82685,0.82707,1.15,1.50
2014.01.07 02:05:18.385,0.82688,0.82707,1.00,1.00
2014.01.07 02:05:21.609,0.82688,0.82708,1.00,1.00
2014.01.07 02:05:23.644,0.82688,0.82708,1.18,1.00
2014.01.07 02:05:24.436,0.82687,0.82707,1.15,1.50
2014.01.07 02:05:25.364,0.82688,0.82707,1.10,1.00
2014.01.07 02:05:25.884,0.82688,0.82707,1.08,1.00
2014.01.07 02:05:26.524,0.82688,0.82707,1.20,1.00
2014.01.07 02:05:27.096,0.82688,0.82708,1.10,1.00
2014.01.07 02:05:31.522,0.82689,0.82708,1.00,1.00
2014.01.07 02:05:31.573,0.82695,0.82708,1.50,1.00
2014.01.07 02:05:31.675,0.82693,0.82714,1.58,1.00
2014.01.07 02:05:31.776,0.82693,0.82716,1.58,1.00
2014.01.07 02:05:32.080,0.82698,0.82716,1.00,1.38
2014.01.07 02:05:32.546,0.82695,0.82716,1.10,1.38
2014.01.07 02:05:32.649,0.82695,0.82716,1.45,1.38
2014.01.07 02:05:33.073,0.82695,0.82716,1.20,1.38
2014.01.07 02:05:33.466,0.82698,0.82716,1.00,1.38
2014.01.07 02:05:33.669,0.82698,0.82716,1.00,1.00
2014.01.07 02:05:34.105,0.82703,0.82716,1.00,1.00
2014.01.07 02:05:34.206,0.82698,0.82716,1.00,1.00
2014.01.07 02:05:34.763,0.82698,0.82717,1.00,1.00
2014.01.07 02:05:34.996,0.82698,0.82714,1.00,1.00
2014.01.07 02:05:35.300,0.82685,0.827,1.38,1.00
2014.01.07 02:05:35.452,0.82685,0.82705,1.38,2.63
2014.01.07 02:05:35.664,0.82688,0.82702,1.00,1.00
2014.01.07 02:05:35.715,0.82688,0.82697,1.00,1.00
2014.01.07 02:05:35.867,0.8268,0.82697,1.88,1.00
2014.01.07 02:05:36.020,0.8268,0.82704,1.50,1.20
2014.01.07 02:05:37.308,0.8268,0.82701,1.50,1.00
2014.01.07 02:05:37.912,0.82685,0.82701,1.00,1.00
2014.01.07 02:05:39.039,0.82685,0.82701,1.00,1.95
2014.01.07 02:05:39.089,0.82683,0.82696,1.00,1.13
2014.01.07 02:05:42.078,0.8268,0.82692,1.13,1.00
2014.01.07 02:05:42.381,0.82675,0.82686,1.00,1.50
2014.01.07 02:05:42.483,0.82675,0.82693,1.00,1.55
2014.01.07 02:05:42.838,0.82678,0.82692,1.00,1.48
2014.01.07 02:05:43.142,0.82673,0.82684,1.00,1.00
2014.01.07 02:05:43.193,0.82669,0.82684,1.00,1.00
2014.01.07 02:05:43.244,0.82669,0.82682,1.00,1.38
2014.01.07 02:05:43.498,0.82665,0.82682,1.00,1.38
2014.01.07 02:05:44.047,0.82665,0.82684,1.00,1.38
2014.01.07 02:05:44.394,0.8267,0.82681,1.00,1.00
2014.01.07 02:05:44.896,0.8267,0.82682,1.00,1.13
2014.01.07 02:05:45.566,0.82672,0.82682,1.00,1.13
2014.01.07 02:05:51.478,0.82672,0.82681,1.00,1.00
2014.01.07 02:05:53.378,0.82675,0.82686,1.00,2.63
2014.01.07 02:05:53.580,0.82673,0.82689,1.00,1.13
2014.01.07 02:05:53.834,0.82675,0.82686,1.00,1.50
2014.01.07 02:05:54.137,0.82677,0.8269,1.00,1.75
2014.01.07 02:05:55.115,0.82677,0.82691,1.00,1.00
2014.01.07 02:05:57.193,0.82677,0.8269,1.00,1.50
2014.01.07 02:05:57.862,0.82676,0.8269,1.00,1.50
2014.01.07 02:06:00.163,0.82676,0.82689,1.00,1.50
2014.01.07 02:06:23.906,0.82676,0.82688,1.00,1.38
2014.01.07 02:06:24.237,0.82676,0.82688,1.00,1.75
2014.01.07 02:06:24.789,0.82676,0.82688,1.00,1.38
2014.01.07 02:06:30.841,0.82678,0.82687,1.00,1.00
2014.01.07 02:06:30.995,0.82678,0.82692,1.38,1.50
2014.01.07 02:06:31.147,0.82677,0.82692,1.50,1.50
2014.01.07 02:06:31.198,0.82677,0.8269,1.00,1.00
2014.01.07 02:06:31.249,0.82673,0.8269,1.00,1.00
2014.01.07 02:06:31.300,0.82673,0.8269,1.38,1.00
2014.01.07 02:06:31.401,0.82678,0.82692,1.38,1.50
2014.01.07 02:06:31.605,0.8268,0.82691,1.13,1.75
2014.01.07 02:06:31.656,0.82677,0.82691,1.00,1.75
2014.01.07 02:06:31.757,0.82674,0.8269,1.00,1.75
2014.01.07 02:06:34.137,0.82675,0.82689,1.50,1.50
2014.01.07 02:06:34.672,0.82676,0.82689,1.00,1.50
2014.01.07 02:06:39.683,0.82678,0.82689,1.00,1.00
2014.01.07 02:06:39.886,0.82676,0.82689,1.00,1.00
2014.01.07 02:06:41.175,0.82676,0.82688,1.00,1.75
2014.01.07 02:06:44.375,0.82676,0.82685,1.00,1.00
2014.01.07 02:06:44.476,0.82671,0.82685,1.00,1.38
2014.01.07 02:06:44.578,0.82669,0.82682,1.00,1.38
2014.01.07 02:06:44.830,0.82669,0.82681,1.00,1.88
2014.01.07 02:06:47.283,0.82668,0.8268,1.50,1.38
2014.01.07 02:06:47.876,0.82668,0.8268,1.00,1.13
2014.01.07 02:06:48.379,0.82668,0.82681,1.00,1.75
2014.01.07 02:07:14.976,0.82668,0.82682,1.50,1.75
2014.01.07 02:07:15.280,0.8267,0.82682,1.00,1.75
2014.01.07 02:07:15.432,0.82668,0.82682,1.50,1.75
2014.01.07 02:07:15.844,0.8267,0.82682,1.00,1.75
2014.01.07 02:07:17.587,0.82671,0.82682,1.00,1.75
2014.01.07 02:07:18.101,0.82671,0.82681,1.00,1.00
2014.01.07 02:07:20.386,0.8267,0.82681,1.50,1.00
2014.01.07 02:07:20.930,0.8267,0.82683,1.50,1.75
2014.01.07 02:07:25.909,0.82671,0.82683,1.00,1.75
2014.01.07 02:07:34.379,0.8267,0.82683,1.00,1.75
2014.01.07 02:07:37.205,0.8267,0.82681,1.50,1.00
2014.01.07 02:07:38.080,0.8267,0.82681,1.38,1.00
2014.01.07 02:07:38.181,0.82673,0.82686,1.13,2.63
2014.01.07 02:07:38.384,0.82675,0.82688,1.00,1.75
2014.01.07 02:07:38.688,0.82681,0.82688,1.00,1.75
2014.01.07 02:07:40.711,0.82683,0.82688,1.00,1.38
2014.01.07 02:07:40.812,0.82683,0.8269,1.00,1.75
2014.01.07 02:07:48.429,0.82684,0.82691,1.00,1.75
2014.01.07 02:07:52.168,0.82684,0.82692,1.00,1.75
2014.01.07 02:07:53.382,0.82684,0.82697,1.00,1.13
2014.01.07 02:07:53.433,0.82682,0.82697,1.00,1.13
2014.01.07 02:07:53.484,0.82682,0.82698,1.00,1.88
2014.01.07 02:07:53.535,0.82684,0.82698,1.00,1.88
2014.01.07 02:07:57.243,0.82684,0.82695,1.00,1.00
2014.01.07 02:07:57.759,0.82682,0.82697,1.00,1.13
2014.01.07 02:07:58.184,0.82684,0.82698,1.00,1.75
2014.01.07 02:07:58.928,0.82684,0.82695,1.00,1.00
2014.01.07 02:07:59.462,0.82684,0.82698,1.00,1.75
2014.01.07 02:08:02.154,0.82686,0.827,1.00,1.00
2014.01.07 02:08:02.256,0.82688,0.827,1.00,1.00
2014.01.07 02:08:02.762,0.82686,0.827,1.00,1.13
2014.01.07 02:08:03.015,0.82686,0.82697,1.00,1.00
2014.01.07 02:08:03.318,0.82685,0.82697,1.00,1.38
2014.01.07 02:08:03.469,0.82685,0.82697,1.00,1.00
2014.01.07 02:08:03.990,0.82685,0.82697,1.00,1.50
2014.01.07 02:08:17.680,0.82686,0.82697,1.00,1.50
2014.01.07 02:08:26.465,0.82686,0.82697,1.00,1.00
2014.01.07 02:08:26.667,0.82687,0.82701,1.00,1.13
2014.01.07 02:08:27.074,0.82689,0.827,1.00,1.00
2014.01.07 02:08:27.580,0.82688,0.82701,1.00,1.00
2014.01.07 02:08:35.606,0.82688,0.82698,1.00,1.75
2014.01.07 02:08:37.058,0.82688,0.82701,1.00,1.00
2014.01.07 02:08:42.071,0.82688,0.82702,1.00,1.50
2014.01.07 02:09:08.470,0.82688,0.82702,1.00,1.50
2014.01.07 02:09:08.677,0.82688,0.82702,1.00,1.88
2014.01.07 02:09:08.933,0.82688,0.82702,1.00,1.50
2014.01.07 02:09:11.410,0.82688,0.82702,1.00,1.50
2014.01.07 02:09:14.380,0.82688,0.82701,1.00,1.00
2014.01.07 02:09:20.955,0.82687,0.82701,1.00,1.00
2014.01.07 02:09:21.006,0.82687,0.827,1.00,1.75
2014.01.07 02:09:21.567,0.82688,0.827,1.00,1.75
2014.01.07 02:09:22.324,0.82688,0.82701,1.00,1.00
2014.01.07 02:09:46.808,0.82687,0.82702,1.00,1.50
2014.01.07 02:09:49.484,0.82687,0.82702,1.00,2.25
2014.01.07 02:09:50.390,0.82688,0.82702,1.00,1.75
2014.01.07 02:09:52.440,0.82688,0.82703,1.00,1.75
2014.01.07 02:10:01.572,0.82688,0.82703,1.00,1.50
2014.01.07 02:10:12.925,0.82688,0.82701,1.00,1.00
2014.01.07 02:10:14.417,0.82687,0.82701,1.00,1.00
2014.01.07 02:10:14.951,0.82686,0.82701,1.00,1.50
2014.01.07 02:10:15.311,0.82686,0.82697,1.00,1.00
2014.01.07 02:10:17.072,0.82687,0.82697,1.00,1.00
2014.01.07 02:10:17.611,0.82688,0.82697,1.00,1.00
2014.01.07 02:10:33.828,0.82687,0.82697,1.00,1.00
2014.01.07 02:10:34.358,0.82686,0.82697,1.00,1.00
2014.01.07 02:10:41.340,0.82689,0.82697,1.00,1.00
2014.01.07 02:10:41.391,0.82689,0.827,1.00,1.00
2014.01.07 02:11:01.668,0.8269,0.827,1.00,1.00
2014.01.07 02:11:02.185,0.82691,0.827,1.00,1.00
2014.01.07 02:11:05.139,0.82691,0.82702,1.00,1.00
2014.01.07 02:11:05.645,0.8269,0.82702,1.00,1.00
2014.01.07 02:11:13.401,0.8269,0.82703,1.00,1.00
2014.01.07 02:11:13.827,0.82689,0.82703,1.00,1.38
2014.01.07 02:11:14.358,0.82689,0.82703,1.00,1.38
2014.01.07 02:11:14.883,0.82689,0.82703,1.00,1.38
2014.01.07 02:11:17.903,0.82689,0.82705,1.00,1.88
2014.01.07 02:11:21.544,0.8269,0.82704,1.00,1.38
2014.01.07 02:11:21.774,0.8269,0.82704,1.00,1.00
2014.01.07 02:11:25.389,0.8269,0.82705,1.00,1.13
2014.01.07 02:11:30.108,0.8269,0.82705,1.00,1.50
2014.01.07 02:11:35.819,0.82693,0.82706,1.00,3.00
2014.01.07 02:11:36.204,0.82695,0.82706,1.00,1.88
2014.01.07 02:11:36.713,0.82696,0.82706,1.00,1.88
2014.01.07 02:11:43.678,0.82698,0.82705,1.00,1.13
2014.01.07 02:11:44.184,0.82698,0.82706,1.00,1.75
2014.01.07 02:11:44.607,0.827,0.82706,1.00,1.75
2014.01.07 02:11:44.708,0.82698,0.82706,1.50,1.75
2014.01.07 02:11:45.122,0.82702,0.82712,1.00,1.50
2014.01.07 02:11:45.375,0.82707,0.82713,1.00,1.38
2014.01.07 02:11:45.883,0.82707,0.82713,1.00,1.75
2014.01.07 02:11:47.330,0.82706,0.82713,1.00,1.75
2014.01.07 02:11:47.431,0.82708,0.82715,1.00,1.88
2014.01.07 02:11:47.533,0.82711,0.82717,1.00,1.00
2014.01.07 02:11:48.038,0.8271,0.82717,1.00,1.00
2014.01.07 02:11:48.088,0.8271,0.82726,1.00,1.00
2014.01.07 02:11:48.341,0.82714,0.82726,1.00,1.00
2014.01.07 02:11:48.851,0.82715,0.82727,1.00,2.25
2014.01.07 02:11:54.891,0.8271,0.82718,1.00,1.50
2014.01.07 02:11:55.244,0.82703,0.82716,1.00,1.88
2014.01.07 02:11:55.649,0.82708,0.82716,1.00,1.88
2014.01.07 02:11:58.536,0.82708,0.82716,1.00,3.00
2014.01.07 02:12:01.385,0.82704,0.82716,1.00,1.50
2014.01.07 02:12:01.436,0.82704,0.82719,1.00,1.00
2014.01.07 02:12:01.538,0.82711,0.82719,1.00,1.00
2014.01.07 02:12:01.942,0.82713,0.82719,1.00,1.00
2014.01.07 02:12:02.245,0.82713,0.82726,1.00,1.13
2014.01.07 02:12:02.650,0.82715,0.82726,1.00,1.13
2014.01.07 02:12:04.887,0.82715,0.82727,1.00,1.13
2014.01.07 02:12:06.638,0.82718,0.82728,1.00,1.50
2014.01.07 02:12:06.942,0.82715,0.82727,1.00,1.13
2014.01.07 02:12:09.577,0.82719,0.82727,1.00,1.13
2014.01.07 02:12:10.484,0.82719,0.8273,1.00,1.50
2014.01.07 02:12:12.872,0.82724,0.8273,1.00,1.50
2014.01.07 02:12:13.379,0.82723,0.82729,1.00,1.00
2014.01.07 02:12:13.884,0.82722,0.82729,1.00,1.00
2014.01.07 02:12:14.537,0.82717,0.82724,1.00,1.00
2014.01.07 02:12:14.638,0.82717,0.82722,1.00,1.00
2014.01.07 02:12:14.689,0.82711,0.82722,1.38,1.00
2014.01.07 02:12:19.844,0.82713,0.82717,1.00,1.00
2014.01.07 02:12:20.148,0.8271,0.82717,1.00,1.00
2014.01.07 02:12:20.199,0.82707,0.82717,1.50,1.00
2014.01.07 02:12:20.401,0.8271,0.82718,1.00,1.00
2014.01.07 02:12:20.452,0.8271,0.82721,1.00,1.13
2014.01.07 02:12:20.654,0.8271,0.82718,1.00,1.00
2014.01.07 02:12:20.705,0.82707,0.82718,1.00,1.00
2014.01.07 02:12:20.806,0.82701,0.82718,1.00,1.00
2014.01.07 02:12:20.857,0.82701,0.82716,1.00,1.00
2014.01.07 02:12:21.009,0.82699,0.82716,1.00,1.00
2014.01.07 02:12:21.263,0.827,0.82718,1.00,1.50
2014.01.07 02:12:21.840,0.82701,0.82718,1.00,1.50
2014.01.07 02:12:22.194,0.82701,0.8272,1.13,1.10
2014.01.07 02:12:22.465,0.82706,0.8272,1.00,1.50
2014.01.07 02:12:29.110,0.82706,0.82722,1.00,1.50
2014.01.07 02:12:54.629,0.82706,0.82724,1.00,2.63
2014.01.07 02:12:58.157,0.82706,0.8272,1.00,1.00
2014.01.07 02:12:58.669,0.82705,0.8272,1.00,1.00
2014.01.07 02:13:00.576,0.82705,0.82717,1.00,1.13
2014.01.07 02:13:00.779,0.82703,0.82716,1.00,1.88
2014.01.07 02:13:03.107,0.82705,0.82716,1.00,1.88
2014.01.07 02:13:03.259,0.82706,0.82723,1.00,1.88
2014.01.07 02:13:06.037,0.82706,0.82723,1.00,1.50
2014.01.07 02:13:52.846,0.82713,0.82726,1.00,3.45
2014.01.07 02:13:55.176,0.82715,0.82726,1.50,1.50
2014.01.07 02:13:55.227,0.82715,0.8273,1.50,1.00
2014.01.07 02:13:55.480,0.82715,0.82732,1.50,1.13
2014.01.07 02:13:57.545,0.82715,0.82734,1.50,1.50
2014.01.07 02:13:58.008,0.82715,0.8273,1.50,1.00
2014.01.07 02:14:00.612,0.82715,0.82727,1.50,1.00
2014.01.07 02:14:01.274,0.82715,0.82729,1.50,1.00
2014.01.07 02:14:03.310,0.82715,0.82732,1.50,1.00
2014.01.07 02:14:06.677,0.82715,0.8273,1.00,1.00
2014.01.07 02:14:08.264,0.82715,0.82732,1.50,1.00
2014.01.07 02:14:08.669,0.82715,0.8273,1.00,1.50
2014.01.07 02:14:10.586,0.82715,0.82727,1.00,1.00
2014.01.07 02:14:10.991,0.82715,0.82732,1.00,1.43
2014.01.07 02:14:11.092,0.82708,0.82732,1.58,1.35
2014.01.07 02:14:11.194,0.82708,0.82726,1.38,1.00
2014.01.07 02:14:11.346,0.82708,0.82726,1.00,2.48
2014.01.07 02:14:12.368,0.82704,0.82726,1.00,2.48
2014.01.07 02:14:12.570,0.82703,0.82724,1.48,1.60
2014.01.07 02:14:12.773,0.82699,0.82725,1.95,2.18
2014.01.07 02:14:12.824,0.827,0.82725,1.00,2.93
2014.01.07 02:14:13.299,0.82697,0.82722,1.43,1.13
2014.01.07 02:14:13.400,0.82697,0.82722,1.43,1.13
2014.01.07 02:14:13.958,0.82697,0.8272,1.05,1.00
2014.01.07 02:14:14.744,0.82694,0.8272,1.05,1.00
2014.01.07 02:14:15.307,0.82693,0.8272,1.05,1.08
2014.01.07 02:14:15.821,0.82695,0.8272,1.05,1.00
2014.01.07 02:14:16.899,0.82694,0.8272,1.68,1.00
2014.01.07 02:14:27.766,0.82696,0.8272,1.20,1.10
2014.01.07 02:14:28.171,0.82694,0.8272,1.83,1.55
2014.01.07 02:14:28.474,0.82694,0.8272,1.38,2.03
2014.01.07 02:14:28.780,0.82692,0.8272,1.20,3.15
2014.01.07 02:14:39.357,0.82692,0.8272,1.20,3.15
2014.01.07 02:14:39.862,0.8269,0.8272,2.85,3.15
2014.01.07 02:14:40.698,0.8269,0.8272,2.85,3.15
2014.01.07 02:14:41.217,0.8269,0.8272,3.23,3.15
2014.01.07 02:14:42.186,0.8269,0.8272,3.23,3.15
2014.01.07 02:14:42.338,0.82694,0.8272,1.00,1.55
2014.01.07 02:14:42.591,0.82694,0.82723,1.20,1.35
2014.01.07 02:14:42.692,0.82694,0.82723,1.48,1.35
2014.01.07 02:14:43.228,0.82694,0.82723,1.48,1.35
2014.01.07 02:14:43.732,0.82694,0.82724,1.48,1.90
2014.01.07 02:14:47.606,0.82694,0.82724,1.00,3.08
2014.01.07 02:14:56.807,0.82693,0.8272,2.33,1.93
2014.01.07 02:14:57.314,0.82692,0.8272,1.95,2.40
2014.01.07 02:14:58.176,0.82694,0.8272,1.13,1.93
2014.01.07 02:14:58.680,0.82694,0.82723,1.13,2.40
2014.01.07 02:14:59.224,0.82694,0.82723,1.13,2.40
2014.01.07 02:15:00.918,0.82692,0.82718,1.20,1.48
2014.01.07 02:15:01.441,0.82689,0.82719,1.58,1.90
2014.01.07 02:15:01.754,0.82689,0.82719,1.20,1.90
2014.01.07 02:15:02.387,0.82685,0.82715,1.35,1.48
2014.01.07 02:15:02.539,0.82685,0.82715,1.28,1.53
2014.01.07 02:15:02.590,0.82685,0.82715,1.55,1.90
2014.01.07 02:15:03.183,0.82685,0.82714,1.45,1.90
2014.01.07 02:15:04.035,0.82685,0.82714,1.00,1.90
2014.01.07 02:15:12.963,0.82684,0.82714,1.50,3.83
2014.01.07 02:15:13.470,0.82684,0.82713,1.38,3.60
2014.01.07 02:15:14.894,0.82684,0.82712,1.38,1.53
2014.01.07 02:15:23.090,0.82682,0.82707,2.33,1.00
2014.01.07 02:15:23.191,0.82683,0.82707,1.75,1.88
2014.01.07 02:15:24.959,0.82681,0.82705,1.75,1.85
2014.01.07 02:15:26.066,0.82684,0.82705,1.00,1.85
2014.01.07 02:15:30.024,0.8268,0.82705,1.50,1.58
2014.01.07 02:15:30.226,0.8268,0.82697,1.13,1.38
2014.01.07 02:15:30.765,0.82679,0.82697,1.88,1.38
2014.01.07 02:15:32.118,0.82682,0.82697,1.00,1.38
2014.01.07 02:15:32.219,0.82683,0.82697,1.50,1.38
2014.01.07 02:15:32.725,0.82682,0.827,1.00,1.98
2014.01.07 02:15:33.376,0.82683,0.82697,1.00,1.38
2014.01.07 02:15:33.427,0.82684,0.82697,1.50,1.00
2014.01.07 02:15:33.629,0.82684,0.82697,1.50,1.38
2014.01.07 02:15:34.155,0.82683,0.82697,1.00,1.38
2014.01.07 02:15:35.200,0.82683,0.82697,1.00,1.00
2014.01.07 02:15:35.402,0.82684,0.82697,1.50,1.38
2014.01.07 02:15:35.914,0.82683,0.82697,1.00,1.38
2014.01.07 02:15:37.267,0.82683,0.82697,1.00,1.00
2014.01.07 02:15:56.886,0.8268,0.82699,3.00,1.30
2014.01.07 02:16:05.097,0.8268,0.827,3.00,3.23
2014.01.07 02:16:28.302,0.82685,0.827,1.00,3.23
2014.01.07 02:16:28.605,0.82682,0.827,1.00,3.23
2014.01.07 02:16:30.336,0.82683,0.82704,1.00,1.38
2014.01.07 02:16:30.387,0.82683,0.82704,1.00,1.38
2014.01.07 02:16:30.845,0.82683,0.82705,1.75,1.35
2014.01.07 02:16:31.203,0.82688,0.82707,1.00,4.35
2014.01.07 02:16:31.405,0.8269,0.82705,1.00,1.30
2014.01.07 02:16:31.873,0.82686,0.82707,1.00,2.85
2014.01.07 02:16:31.924,0.82686,0.82707,1.00,2.85
2014.01.07 02:16:32.453,0.82683,0.82707,1.75,3.60
2014.01.07 02:16:33.548,0.82689,0.82707,1.00,3.23
2014.01.07 02:16:33.700,0.8269,0.82707,1.13,2.48
2014.01.07 02:16:39.315,0.82693,0.82707,1.00,3.23
2014.01.07 02:16:39.417,0.82693,0.82707,1.00,1.00
2014.01.07 02:16:39.569,0.82694,0.82705,1.50,2.10
2014.01.07 02:16:39.721,0.82692,0.82705,1.00,2.48
2014.01.07 02:16:41.519,0.8269,0.82705,1.13,2.10
2014.01.07 02:16:45.805,0.8269,0.8271,1.13,1.38
2014.01.07 02:16:46.531,0.8269,0.8271,1.13,1.00
2014.01.07 02:16:50.945,0.8269,0.8271,1.50,1.00
2014.01.07 02:16:57.746,0.8269,0.8271,1.13,1.00
2014.01.07 02:17:04.239,0.82691,0.8271,1.00,1.00
2014.01.07 02:17:09.886,0.82698,0.82712,1.00,1.00
2014.01.07 02:17:16.911,0.82703,0.82716,1.00,1.88
2014.01.07 02:17:17.063,0.82703,0.82716,1.00,1.50
2014.01.07 02:17:17.114,0.827,0.82716,1.00,1.50
2014.01.07 02:17:17.317,0.82701,0.82719,1.10,1.00
2014.01.07 02:17:17.367,0.82705,0.82719,1.00,1.00
2014.01.07 02:17:18.458,0.82705,0.82722,1.00,1.38
2014.01.07 02:17:19.304,0.82708,0.82722,1.00,1.88
2014.01.07 02:17:19.818,0.82708,0.82722,1.00,1.00
2014.01.07 02:17:25.404,0.82708,0.82725,1.00,1.38
2014.01.07 02:17:25.910,0.82708,0.82725,1.00,1.00
2014.01.07 02:17:28.674,0.8271,0.82728,1.00,1.00
2014.01.07 02:17:30.618,0.8271,0.8273,1.00,1.38
2014.01.07 02:17:30.668,0.82715,0.82731,1.00,1.38
2014.01.07 02:17:31.174,0.82715,0.82731,1.00,1.38
2014.01.07 02:17:35.781,0.82715,0.82734,1.00,2.25
2014.01.07 02:17:35.832,0.82723,0.82734,1.00,2.25
2014.01.07 02:17:35.984,0.82723,0.82737,1.50,2.25
2014.01.07 02:17:36.186,0.8272,0.82735,1.38,1.38
2014.01.07 02:17:36.237,0.82719,0.82735,1.00,1.38
2014.01.07 02:17:36.338,0.82718,0.82735,1.00,1.00
2014.01.07 02:17:36.591,0.82718,0.82742,1.65,2.63
2014.01.07 02:17:38.682,0.8272,0.8274,1.00,1.38
2014.01.07 02:17:39.252,0.82722,0.8274,1.00,1.38
2014.01.07 02:17:39.556,0.82733,0.82749,1.00,1.38
2014.01.07 02:17:39.860,0.82735,0.82753,1.50,1.88
2014.01.07 02:17:40.264,0.82735,0.82755,1.50,2.25
2014.01.07 02:17:40.416,0.82737,0.82757,1.00,2.25
2014.01.07 02:17:40.467,0.82735,0.82757,1.88,1.00
2014.01.07 02:17:40.518,0.82735,0.82761,1.88,1.65
2014.01.07 02:17:40.569,0.82735,0.82761,2.03,1.50
2014.01.07 02:17:41.516,0.82732,0.82761,2.78,1.50
2014.01.07 02:17:42.032,0.82731,0.82761,2.78,2.40
2014.01.07 02:17:42.336,0.82739,0.82762,1.13,2.25
2014.01.07 02:17:42.843,0.82739,0.82758,1.13,1.00
2014.01.07 02:17:43.097,0.82739,0.82762,1.13,2.25
2014.01.07 02:17:43.653,0.82738,0.82752,2.70,1.00
2014.01.07 02:17:43.705,0.82738,0.82752,1.95,1.00
2014.01.07 02:17:45.015,0.82738,0.82752,1.75,1.00
2014.01.07 02:17:45.116,0.82738,0.82752,1.00,1.00
2014.01.07 02:17:45.167,0.82734,0.8275,5.58,1.00
2014.01.07 02:17:45.318,0.82732,0.8275,1.10,1.00
2014.01.07 02:17:45.369,0.82732,0.82747,1.00,1.00
2014.01.07 02:17:45.621,0.82732,0.8275,1.00,1.88
2014.01.07 02:17:45.672,0.82732,0.82755,1.00,2.40
2014.01.07 02:17:45.824,0.82732,0.82755,1.00,1.10
2014.01.07 02:17:47.181,0.82729,0.82755,2.40,1.00
2014.01.07 02:17:50.634,0.82732,0.82755,1.13,1.00
2014.01.07 02:17:50.836,0.82733,0.82757,1.50,1.13
2014.01.07 02:17:51.358,0.82733,0.82757,1.50,1.00
2014.01.07 02:17:55.240,0.82733,0.82757,1.50,1.58
2014.01.07 02:18:09.735,0.82733,0.82757,1.65,1.00
2014.01.07 02:18:10.273,0.82734,0.82757,2.03,1.00
2014.01.07 02:18:10.375,0.82734,0.82759,2.78,1.00
2014.01.07 02:18:10.426,0.82734,0.82762,2.78,2.63
2014.01.07 02:18:10.628,0.82734,0.82762,1.65,1.88
2014.01.07 02:18:13.041,0.82734,0.82762,2.03,1.50
2014.01.07 02:18:13.092,0.82743,0.82762,1.00,1.50
2014.01.07 02:18:18.585,0.82741,0.82762,1.50,2.25
2014.01.07 02:18:20.164,0.82743,0.82762,1.00,1.50
2014.01.07 02:18:20.683,0.82743,0.82762,1.38,1.50
2014.01.07 02:18:23.423,0.82743,0.82762,1.13,1.58
2014.01.07 02:18:26.516,0.82743,0.82763,1.00,1.13
2014.01.07 02:18:27.104,0.82743,0.82762,1.00,1.50
2014.01.07 02:18:28.194,0.82741,0.82762,1.00,1.50
2014.01.07 02:18:28.548,0.82735,0.82762,1.75,1.65
2014.01.07 02:18:29.447,0.82734,0.82762,1.20,2.03
2014.01.07 02:18:32.550,0.8273,0.82761,2.03,1.18
2014.01.07 02:18:33.056,0.8273,0.82761,2.03,1.20
2014.01.07 02:18:33.590,0.8273,0.82761,1.28,1.20
2014.01.07 02:18:35.686,0.8273,0.82761,2.03,2.48
2014.01.07 02:18:36.210,0.82732,0.8276,1.55,1.55
2014.01.07 02:18:36.790,0.82732,0.8276,1.48,1.15
2014.01.07 02:18:37.294,0.82734,0.82762,1.13,2.03
2014.01.07 02:18:37.924,0.82732,0.8276,1.48,1.15
2014.01.07 02:18:39.080,0.82734,0.82762,1.00,5.25
2014.01.07 02:18:39.594,0.82734,0.82762,1.00,3.08
2014.01.07 02:18:40.256,0.82734,0.82761,1.00,1.65
2014.01.07 02:18:40.929,0.82734,0.82761,1.00,1.65
2014.01.07 02:18:41.861,0.8273,0.82761,1.28,2.03
2014.01.07 02:18:42.388,0.8273,0.82761,1.28,2.03
2014.01.07 02:18:42.970,0.8273,0.82761,1.28,2.03
2014.01.07 02:18:43.508,0.8273,0.82761,1.28,2.03
2014.01.07 02:18:44.037,0.8273,0.82761,1.28,2.03
2014.01.07 02:18:45.368,0.8273,0.82761,1.28,2.03
2014.01.07 02:18:45.872,0.8273,0.82761,1.28,2.03
2014.01.07 02:18:46.395,0.8273,0.82762,3.00,2.40
2014.01.07 02:18:47.553,0.8273,0.82762,2.63,2.78
2014.01.07 02:18:47.896,0.8273,0.82755,2.03,1.00
2014.01.07 02:18:56.664,0.8273,0.82759,2.03,1.10
2014.01.07 02:18:57.383,0.8273,0.82762,2.03,2.40
2014.01.07 02:19:04.473,0.8273,0.82762,2.03,2.40
2014.01.07 02:19:05.472,0.8273,0.82762,2.03,2.40
2014.01.07 02:19:06.340,0.8273,0.82758,2.03,1.00
2014.01.07 02:19:15.031,0.8273,0.82762,2.48,2.78
2014.01.07 02:19:15.652,0.8273,0.82762,2.10,2.40
2014.01.07 02:19:16.963,0.8273,0.82758,2.10,1.08
2014.01.07 02:19:17.478,0.8273,0.82759,2.48,1.18
2014.01.07 02:19:18.018,0.82732,0.8276,1.20,1.53
2014.01.07 02:19:18.170,0.82732,0.82761,1.48,1.28
2014.01.07 02:19:19.162,0.82732,0.82759,1.48,1.65
2014.01.07 02:19:19.687,0.82732,0.82759,1.38,1.65
2014.01.07 02:19:19.997,0.82732,0.82762,2.03,3.08
2014.01.07 02:19:20.616,0.82732,0.82762,1.95,2.70
2014.01.07 02:19:21.121,0.82732,0.82761,2.40,1.15
2014.01.07 02:19:51.135,0.82734,0.82762,1.00,2.48
2014.01.07 02:19:51.496,0.82734,0.82759,1.00,1.08
2014.01.07 02:19:52.041,0.82734,0.82762,1.00,3.23
2014.01.07 02:19:58.955,0.82732,0.82761,1.48,1.15
2014.01.07 02:20:00.710,0.8273,0.82761,5.10,1.15
2014.01.07 02:20:01.215,0.82734,0.82761,1.75,1.15
2014.01.07 02:20:02.668,0.82734,0.82762,1.88,2.85
2014.01.07 02:20:04.170,0.82734,0.82762,1.88,2.85
2014.01.07 02:20:04.728,0.82734,0.82762,1.50,2.85
2014.01.07 02:20:10.045,0.82734,0.82762,1.50,2.85
2014.01.07 02:20:10.578,0.82734,0.82762,1.50,2.85
2014.01.07 02:20:12.484,0.82731,0.8276,2.63,1.28
2014.01.07 02:20:12.990,0.82734,0.82762,1.50,3.08
2014.01.07 02:20:15.482,0.82734,0.82762,1.50,2.48
2014.01.07 02:20:16.081,0.82739,0.82762,1.00,2.48
2014.01.07 02:20:16.182,0.82739,0.82762,1.00,2.48
2014.01.07 02:20:16.753,0.82739,0.82763,1.00,2.48
2014.01.07 02:20:19.345,0.82739,0.82762,1.00,2.48
2014.01.07 02:20:20.218,0.82739,0.82762,1.50,1.73
2014.01.07 02:20:20.768,0.82739,0.82762,1.50,1.73
2014.01.07 02:20:21.289,0.82739,0.82762,1.50,1.73
2014.01.07 02:20:22.853,0.82739,0.82762,1.50,1.65
2014.01.07 02:20:23.006,0.82739,0.82762,3.08,1.58
2014.01.07 02:20:23.309,0.82748,0.82762,1.00,1.50
2014.01.07 02:20:24.634,0.82744,0.82762,1.50,1.50
2014.01.07 02:20:26.086,0.82749,0.82762,1.00,1.50
2014.01.07 02:20:26.744,0.82749,0.82762,1.38,1.50
2014.01.07 02:20:29.722,0.82744,0.82762,2.25,1.50
2014.01.07 02:20:33.540,0.82749,0.82762,1.88,1.50
2014.01.07 02:20:34.045,0.82752,0.82763,1.13,1.13
2014.01.07 02:20:34.557,0.82751,0.82763,1.13,1.13
2014.01.07 02:20:39.182,0.82751,0.8277,3.45,1.50
2014.01.07 02:20:39.233,0.82752,0.82778,3.08,1.38
2014.01.07 02:20:39.486,0.82753,0.82777,1.65,1.13
2014.01.07 02:20:40.093,0.82754,0.82777,1.10,1.00
2014.01.07 02:20:41.060,0.82754,0.82777,1.18,1.00
2014.01.07 02:20:45.280,0.82758,0.82779,1.00,1.38
2014.01.07 02:20:45.735,0.82758,0.82779,2.40,1.38
2014.01.07 02:20:46.266,0.82758,0.82781,2.48,1.38
2014.01.07 02:20:46.419,0.8276,0.8278,1.18,1.38
2014.01.07 02:20:46.924,0.8276,0.8278,1.18,1.13
2014.01.07 02:20:47.659,0.8276,0.8278,1.10,1.13
2014.01.07 02:20:52.590,0.82758,0.82777,4.73,1.00
2014.01.07 02:20:52.793,0.82758,0.8278,4.73,1.13
2014.01.07 02:20:54.530,0.82758,0.8278,3.98,1.13
2014.01.07 02:20:55.773,0.82758,0.82777,3.23,1.00
2014.01.07 02:20:59.191,0.82758,0.82777,3.23,1.00
2014.01.07 02:21:00.162,0.82757,0.82777,1.73,1.00
2014.01.07 02:21:00.415,0.82758,0.82779,3.60,1.00
2014.01.07 02:21:00.567,0.82758,0.8278,3.60,1.13
2014.01.07 02:21:04.083,0.82758,0.8278,4.73,1.13
2014.01.07 02:21:04.386,0.82758,0.82777,3.98,1.00
2014.01.07 02:21:07.493,0.82758,0.82777,3.98,1.00
2014.01.07 02:21:08.012,0.82758,0.82777,3.98,1.00
2014.01.07 02:21:08.532,0.82758,0.82777,1.65,1.00
2014.01.07 02:21:10.605,0.82757,0.82772,1.45,1.00
2014.01.07 02:21:11.820,0.82757,0.82777,1.45,1.00
2014.01.07 02:21:17.962,0.82757,0.82777,1.73,1.00
2014.01.07 02:21:20.886,0.82757,0.82777,1.73,1.00
2014.01.07 02:21:21.439,0.82757,0.82777,1.73,1.00
2014.01.07 02:21:29.147,0.82757,0.82777,1.73,1.00
2014.01.07 02:21:31.779,0.82756,0.82774,1.98,1.00
2014.01.07 02:21:33.322,0.82756,0.82774,1.98,1.00
2014.01.07 02:21:35.253,0.82756,0.82774,1.98,1.00
2014.01.07 02:21:46.235,0.82756,0.82767,1.00,1.00
2014.01.07 02:21:46.386,0.82754,0.82768,1.50,1.00
2014.01.07 02:21:46.639,0.82754,0.8277,1.00,1.00
2014.01.07 02:21:47.700,0.82753,0.8277,1.88,1.00
2014.01.07 02:21:51.190,0.82754,0.8277,1.13,1.00
2014.01.07 02:21:59.447,0.82755,0.8277,1.00,1.00
2014.01.07 02:22:11.679,0.82754,0.82768,1.38,1.00
2014.01.07 02:22:11.743,0.82751,0.82768,3.08,1.00
2014.01.07 02:22:12.249,0.82752,0.82768,1.00,1.00
2014.01.07 02:22:12.910,0.82752,0.82769,1.00,1.00
2014.01.07 02:22:13.542,0.82752,0.82768,1.00,1.00
2014.01.07 02:22:13.847,0.82752,0.82768,1.13,1.00
2014.01.07 02:22:16.321,0.82754,0.8277,1.38,1.00
2014.01.07 02:22:17.701,0.82754,0.8277,1.13,1.00
2014.01.07 02:22:18.589,0.82754,0.82769,1.13,1.00
2014.01.07 02:22:19.123,0.82754,0.82768,1.00,1.00
2014.01.07 02:22:20.629,0.82752,0.82768,1.38,1.00
2014.01.07 02:22:21.392,0.82752,0.82767,1.50,1.00
2014.01.07 02:22:21.896,0.82752,0.82768,1.38,1.00
2014.01.07 02:22:25.605,0.82752,0.82769,1.38,1.00
2014.01.07 02:22:26.351,0.82752,0.82768,1.38,1.00
2014.01.07 02:22:29.015,0.8275,0.82767,2.25,1.00
2014.01.07 02:22:29.560,0.82752,0.82768,1.00,1.00
2014.01.07 02:22:31.191,0.82751,0.82768,1.00,1.00
2014.01.07 02:22:32.001,0.8275,0.82768,1.88,1.00
2014.01.07 02:22:46.205,0.82753,0.82768,1.50,1.00
2014.01.07 02:22:49.957,0.82753,0.82769,1.88,1.00
2014.01.07 02:22:53.152,0.82753,0.8277,1.88,1.00
2014.01.07 02:22:59.371,0.82753,0.82767,1.50,1.00
2014.01.07 02:22:59.776,0.82753,0.8277,1.13,1.50
2014.01.07 02:23:00.292,0.82753,0.82771,1.50,1.00
2014.01.07 02:23:01.150,0.82752,0.82762,1.58,1.00
2014.01.07 02:23:01.454,0.8275,0.82767,2.63,1.50
2014.01.07 02:23:01.505,0.82751,0.82771,1.38,1.58
2014.01.07 02:23:01.555,0.82752,0.82771,1.13,1.00
2014.01.07 02:23:03.846,0.82754,0.82769,1.38,1.00
2014.01.07 02:23:04.150,0.8275,0.82766,2.63,1.50
2014.01.07 02:23:04.201,0.8275,0.82768,2.63,1.00
2014.01.07 02:23:04.252,0.8275,0.8277,2.70,1.20
2014.01.07 02:23:04.303,0.82754,0.8277,1.00,1.00
2014.01.07 02:23:05.671,0.8275,0.8277,4.65,1.00
2014.01.07 02:23:05.772,0.8275,0.82767,3.90,1.00
2014.01.07 02:23:06.386,0.8275,0.82767,3.90,1.00
2014.01.07 02:23:07.092,0.8275,0.82766,3.90,1.00
2014.01.07 02:23:07.600,0.8275,0.82767,3.90,1.00
2014.01.07 02:23:07.945,0.8275,0.82765,3.83,1.00
2014.01.07 02:23:08.097,0.8275,0.82767,3.75,1.00
2014.01.07 02:23:08.601,0.8275,0.82768,3.83,1.00
2014.01.07 02:23:10.902,0.8275,0.82767,3.83,1.00
2014.01.07 02:23:11.410,0.8275,0.82767,3.38,1.00
2014.01.07 02:23:13.404,0.8275,0.82768,3.38,1.00
2014.01.07 02:23:25.287,0.82753,0.82768,1.00,1.00
2014.01.07 02:23:25.692,0.82753,0.8277,1.00,1.00
2014.01.07 02:23:26.247,0.82753,0.82769,1.00,1.00
2014.01.07 02:23:27.426,0.82753,0.82769,1.75,1.00
2014.01.07 02:23:28.896,0.82753,0.8277,1.75,1.00
2014.01.07 02:23:29.495,0.82753,0.82769,1.75,1.00
2014.01.07 02:23:29.828,0.82753,0.82769,1.00,1.00
2014.01.07 02:23:29.880,0.82753,0.82766,1.00,1.50
2014.01.07 02:23:30.186,0.82753,0.82762,1.00,1.00
2014.01.07 02:23:30.494,0.8275,0.82762,2.25,1.50
2014.01.07 02:23:47.289,0.82753,0.82762,1.00,1.00
2014.01.07 02:23:50.137,0.82753,0.82761,1.00,1.00
2014.01.07 02:23:50.441,0.8275,0.82766,2.63,1.50
2014.01.07 02:23:50.492,0.82754,0.82769,1.00,1.00
2014.01.07 02:23:50.543,0.82754,0.82771,1.00,1.00
2014.01.07 02:23:53.405,0.82753,0.82771,1.75,1.00
2014.01.07 02:23:55.200,0.82758,0.82771,1.50,1.00
2014.01.07 02:23:55.302,0.82758,0.82776,1.50,1.38
2014.01.07 02:23:55.352,0.82755,0.82771,2.25,1.00
2014.01.07 02:23:56.454,0.82753,0.82771,1.13,1.00
2014.01.07 02:23:58.318,0.82753,0.82771,2.25,1.00
2014.01.07 02:23:58.420,0.8276,0.82775,1.00,1.38
2014.01.07 02:23:58.952,0.8276,0.82775,1.00,1.00
2014.01.07 02:24:52.590,0.82765,0.82775,1.00,1.00
2014.01.07 02:24:53.588,0.8276,0.82775,1.00,1.00
2014.01.07 02:25:08.143,0.82758,0.82775,1.00,1.50
2014.01.07 02:25:08.446,0.82755,0.82771,1.75,1.00
2014.01.07 02:25:09.437,0.82755,0.82768,1.75,1.00
2014.01.07 02:25:09.589,0.82755,0.82768,1.00,1.00
2014.01.07 02:25:09.741,0.82755,0.82766,1.00,1.00
2014.01.07 02:25:09.842,0.82755,0.82768,1.00,1.00
2014.01.07 02:25:12.201,0.82754,0.82771,1.00,1.38
2014.01.07 02:25:13.691,0.82754,0.82771,1.00,1.13
2014.01.07 02:25:14.311,0.82749,0.82771,1.10,1.13
2014.01.07 02:25:14.362,0.82749,0.82769,1.10,1.00
2014.01.07 02:25:14.665,0.82748,0.82766,3.53,1.00
2014.01.07 02:25:28.510,0.82748,0.82766,2.03,1.00
2014.01.07 02:25:29.080,0.82748,0.82765,1.28,1.00
2014.01.07 02:25:43.476,0.82748,0.82764,2.48,1.00
2014.01.07 02:25:43.577,0.82748,0.82766,2.48,1.00
2014.01.07 02:25:46.436,0.82748,0.82766,3.23,1.00
2014.01.07 02:25:55.212,0.8275,0.82766,1.13,1.00
2014.01.07 02:26:06.309,0.8275,0.82765,2.25,1.00
2014.01.07 02:26:07.111,0.8275,0.82766,2.25,1.00
2014.01.07 02:26:38.431,0.8275,0.82765,1.00,1.00
2014.01.07 02:26:38.936,0.82746,0.82765,1.90,1.00
2014.01.07 02:26:40.881,0.82746,0.82762,1.75,1.00
2014.01.07 02:26:40.932,0.82746,0.82762,1.00,1.00
2014.01.07 02:26:40.983,0.82742,0.82762,1.55,1.50
2014.01.07 02:26:41.034,0.82742,0.8276,1.48,1.00
2014.01.07 02:26:41.643,0.8274,0.82759,1.88,1.00
2014.01.07 02:26:47.935,0.8274,0.82759,1.88,1.00
2014.01.07 02:26:48.188,0.82741,0.82761,1.13,1.00
2014.01.07 02:26:48.692,0.82741,0.8276,1.13,1.00
2014.01.07 02:26:50.474,0.82748,0.82761,1.00,1.00
2014.01.07 02:26:50.937,0.82748,0.82759,1.00,1.00
2014.01.07 02:26:51.670,0.82748,0.82763,1.00,1.00
2014.01.07 02:26:53.425,0.82748,0.82761,1.10,1.00
2014.01.07 02:26:53.475,0.82746,0.82763,1.65,1.00
2014.01.07 02:26:53.577,0.82748,0.82766,2.70,1.38
2014.01.07 02:26:54.109,0.82748,0.82766,2.70,1.13
2014.01.07 02:26:56.434,0.82748,0.82766,3.08,1.13
2014.01.07 02:27:14.542,0.82755,0.82766,1.00,1.13
2014.01.07 02:27:14.694,0.82752,0.82765,1.00,1.00
2014.01.07 02:27:16.712,0.82749,0.82765,1.95,1.00
2014.01.07 02:27:19.988,0.82749,0.82765,1.95,1.00
2014.01.07 02:27:21.056,0.82749,0.82765,1.28,1.00
2014.01.07 02:27:21.260,0.82749,0.82765,1.20,1.00
2014.01.07 02:27:23.092,0.82749,0.82765,1.95,1.00
2014.01.07 02:27:24.087,0.8275,0.82766,1.13,1.00
2014.01.07 02:27:44.505,0.82756,0.82766,1.00,1.00
2014.01.07 02:27:44.556,0.82756,0.82769,1.00,1.00
2014.01.07 02:27:45.747,0.82755,0.82769,1.58,1.00
2014.01.07 02:27:46.569,0.82755,0.82766,1.50,1.00
2014.01.07 02:27:46.670,0.8275,0.82766,1.10,1.00
2014.01.07 02:28:24.111,0.82748,0.82766,3.23,1.00
2014.01.07 02:28:26.099,0.82748,0.82765,3.23,1.00
2014.01.07 02:28:26.606,0.8275,0.82764,1.00,1.00
2014.01.07 02:28:27.204,0.8275,0.82765,1.00,1.00
2014.01.07 02:28:28.292,0.8275,0.82766,1.00,1.00
2014.01.07 02:28:36.893,0.8275,0.82765,1.00,1.00
2014.01.07 02:28:37.095,0.82748,0.82765,1.00,1.50
2014.01.07 02:28:37.399,0.8275,0.82765,1.00,1.00
2014.01.07 02:28:37.612,0.82748,0.82765,1.00,1.50
2014.01.07 02:28:37.864,0.8275,0.82765,1.00,1.00
2014.01.07 02:28:39.689,0.8275,0.82766,1.00,1.00
2014.01.07 02:29:00.448,0.8275,0.82764,1.00,1.00
2014.01.07 02:29:32.179,0.82748,0.82762,1.00,1.00
2014.01.07 02:29:32.684,0.82748,0.82761,1.00,1.00
2014.01.07 02:29:39.935,0.82753,0.82761,1.00,1.00
2014.01.07 02:29:40.091,0.8275,0.82761,1.00,1.00
2014.01.07 02:29:40.294,0.8275,0.82765,1.00,1.00
2014.01.07 02:29:41.832,0.82753,0.82765,1.00,1.00
2014.01.07 02:29:42.153,0.8275,0.82765,1.00,1.00
2014.01.07 02:29:43.176,0.82755,0.82765,1.00,1.00
2014.01.07 02:29:43.378,0.82753,0.82765,1.00,1.00
2014.01.07 02:29:43.480,0.82753,0.82761,1.00,1.00
2014.01.07 02:29:43.682,0.82753,0.82765,1.00,1.00
2014.01.07 02:29:44.205,0.82753,0.82766,1.00,1.00
2014.01.07 02:29:45.364,0.82753,0.82765,1.00,1.00
2014.01.07 02:29:45.566,0.82753,0.82762,1.00,1.00
2014.01.07 02:29:45.668,0.82753,0.82766,1.00,2.25
2014.01.07 02:29:48.211,0.82753,0.82764,1.00,1.00
2014.01.07 02:29:48.414,0.82747,0.82764,1.13,1.00
2014.01.07 02:29:49.541,0.82746,0.82764,1.13,1.00
2014.01.07 02:29:50.654,0.8275,0.82764,1.00,1.00
2014.01.07 02:29:50.840,0.82746,0.82764,1.13,1.00
2014.01.07 02:29:51.420,0.8275,0.82764,1.00,1.00
2014.01.07 02:29:51.624,0.82746,0.82764,1.13,1.00
2014.01.07 02:29:53.960,0.8275,0.82764,1.00,1.00
2014.01.07 02:29:55.622,0.82746,0.82764,1.13,1.00
2014.01.07 02:29:56.542,0.8275,0.82764,1.00,1.00
2014.01.07 02:30:01.952,0.8275,0.82763,1.00,1.00
2014.01.07 02:30:02.455,0.8275,0.82764,1.00,1.00
2014.01.07 02:30:10.442,0.82746,0.82764,1.13,1.00
2014.01.07 02:30:30.425,0.8275,0.82764,1.00,1.00
2014.01.07 02:30:48.382,0.82748,0.82762,1.00,1.00
2014.01.07 02:30:48.685,0.82748,0.8276,1.00,1.00
2014.01.07 02:30:49.917,0.82745,0.82756,1.13,1.00
2014.01.07 02:30:50.122,0.82742,0.82756,1.00,1.00
2014.01.07 02:30:50.173,0.8274,0.82756,1.00,1.00
2014.01.07 02:30:50.678,0.82738,0.82756,5.78,1.00
2014.01.07 02:30:52.466,0.82738,0.82756,3.08,1.38
2014.01.07 02:30:53.398,0.82738,0.82753,3.08,1.00
2014.01.07 02:30:53.903,0.82738,0.82752,1.00,1.13
2014.01.07 02:30:54.358,0.82733,0.82752,1.13,1.13
2014.01.07 02:30:54.890,0.82733,0.82752,1.13,1.38
2014.01.07 02:30:55.348,0.82742,0.82751,1.00,1.13
2014.01.07 02:30:55.398,0.82743,0.82753,1.00,1.00
2014.01.07 02:30:55.500,0.82744,0.82757,1.50,1.48
2014.01.07 02:30:55.652,0.82744,0.82757,1.50,1.38
2014.01.07 02:30:55.805,0.82742,0.82756,1.00,1.38
2014.01.07 02:30:56.312,0.82742,0.82756,1.00,1.38
2014.01.07 02:30:56.617,0.82743,0.82756,1.00,1.13
2014.01.07 02:30:57.073,0.8274,0.82756,1.48,1.00
2014.01.07 02:30:57.841,0.8274,0.82756,2.25,1.00
2014.01.07 02:30:58.383,0.82744,0.82757,1.88,1.00
2014.01.07 02:30:58.889,0.82744,0.82759,1.50,1.00
2014.01.07 02:30:58.940,0.82742,0.82755,1.00,1.00
2014.01.07 02:30:59.395,0.82742,0.82755,1.00,1.38
2014.01.07 02:31:00.093,0.82738,0.82755,1.00,1.38
2014.01.07 02:31:07.212,0.82738,0.82755,1.00,1.13
2014.01.07 02:31:09.362,0.82738,0.82755,1.00,1.38
2014.01.07 02:31:22.271,0.82738,0.82755,1.00,1.38
2014.01.07 02:31:26.841,0.82743,0.82755,1.00,1.38
2014.01.07 02:31:26.892,0.82743,0.82755,1.00,1.38
2014.01.07 02:31:27.247,0.82742,0.82751,1.00,1.00
2014.01.07 02:31:27.399,0.82737,0.82751,1.50,1.00
2014.01.07 02:31:28.139,0.82737,0.82754,1.50,1.88
2014.01.07 02:31:28.593,0.82743,0.82755,1.00,1.38
2014.01.07 02:31:28.643,0.82743,0.82757,1.00,1.00
2014.01.07 02:31:29.149,0.82744,0.82757,4.50,1.00
2014.01.07 02:31:29.604,0.82748,0.8276,1.00,1.13
2014.01.07 02:31:29.807,0.82744,0.82757,4.50,1.00
2014.01.07 02:31:30.415,0.82744,0.82757,4.50,1.38
2014.01.07 02:31:30.769,0.82742,0.82755,1.00,1.38
2014.01.07 02:31:31.286,0.82742,0.82755,1.00,1.38
2014.01.07 02:31:31.387,0.82737,0.82752,1.88,1.00
2014.01.07 02:31:31.900,0.82737,0.82751,1.50,1.00
2014.01.07 02:31:32.406,0.82737,0.82752,1.50,1.38
2014.01.07 02:31:32.609,0.82733,0.82749,1.65,1.00
2014.01.07 02:31:32.711,0.82729,0.82748,3.08,1.38
2014.01.07 02:31:32.812,0.82727,0.82745,1.13,1.00
2014.01.07 02:31:33.065,0.82727,0.82743,1.38,1.00
2014.01.07 02:31:33.598,0.82727,0.82742,1.38,1.00
2014.01.07 02:31:34.100,0.82724,0.82742,1.85,1.00
2014.01.07 02:31:36.795,0.82724,0.82751,1.83,1.48
2014.01.07 02:31:37.299,0.82724,0.82755,2.40,1.90
2014.01.07 02:31:49.051,0.82725,0.82755,1.50,1.93
2014.01.07 02:31:49.102,0.82728,0.82755,1.85,1.93
2014.01.07 02:31:49.445,0.82731,0.82755,1.53,1.38
2014.01.07 02:31:49.955,0.82731,0.82755,1.53,1.38
2014.01.07 02:31:52.299,0.82731,0.82755,1.28,1.38
2014.01.07 02:31:54.919,0.82731,0.82755,1.28,1.38
2014.01.07 02:31:55.993,0.82728,0.82755,2.10,1.38
2014.01.07 02:31:56.499,0.8273,0.82755,1.48,1.38
2014.01.07 02:31:56.600,0.8273,0.82755,1.48,1.38
2014.01.07 02:31:59.823,0.82733,0.82757,1.00,1.55
2014.01.07 02:32:01.150,0.8273,0.82752,1.65,1.38
2014.01.07 02:32:01.807,0.8273,0.82752,1.65,1.38
2014.01.07 02:32:02.568,0.82738,0.82752,1.10,1.38
2014.01.07 02:32:02.871,0.82744,0.82752,1.50,1.00
2014.01.07 02:32:03.022,0.82744,0.82757,1.50,1.38
2014.01.07 02:32:03.073,0.82742,0.82757,1.00,1.38
2014.01.07 02:32:03.175,0.82737,0.82757,1.00,1.38
2014.01.07 02:32:03.680,0.82737,0.82752,1.00,1.00
2014.01.07 02:32:03.731,0.82737,0.82752,1.00,1.38
2014.01.07 02:32:03.782,0.82734,0.82752,1.48,1.38
2014.01.07 02:32:03.832,0.82742,0.82752,1.00,1.38
2014.01.07 02:32:03.934,0.82743,0.82757,1.00,1.38
2014.01.07 02:32:04.389,0.82744,0.82757,1.50,1.38
2014.01.07 02:32:04.490,0.82742,0.82757,1.00,1.38
2014.01.07 02:32:04.693,0.82736,0.82757,1.50,1.38
2014.01.07 02:32:04.899,0.82736,0.82757,1.50,1.38
2014.01.07 02:32:05.151,0.82736,0.82757,1.50,1.13
2014.01.07 02:32:05.202,0.82738,0.82757,1.00,1.13
2014.01.07 02:32:07.448,0.8274,0.82757,1.00,1.13
2014.01.07 02:32:10.495,0.82738,0.82757,1.00,1.13
2014.01.07 02:32:11.001,0.82738,0.82757,1.00,1.38
2014.01.07 02:32:12.324,0.82738,0.82757,1.00,1.13
2014.01.07 02:32:13.740,0.8274,0.82757,1.00,1.13
2014.01.07 02:32:15.671,0.82738,0.82757,1.10,1.13
2014.01.07 02:32:15.773,0.82736,0.82757,1.00,1.13
2014.01.07 02:32:15.874,0.82736,0.82752,1.00,1.00
2014.01.07 02:32:16.127,0.82734,0.82755,1.48,1.00
2014.01.07 02:32:17.910,0.8273,0.82755,2.63,1.38
2014.01.07 02:32:18.482,0.8273,0.82755,2.63,1.38
2014.01.07 02:32:22.447,0.8273,0.82755,2.63,1.38
2014.01.07 02:32:23.084,0.82737,0.82755,1.75,1.38
2014.01.07 02:32:23.186,0.82743,0.82757,1.50,1.38
2014.01.07 02:32:23.389,0.82744,0.8275,1.50,1.00
2014.01.07 02:32:23.490,0.82732,0.8275,3.68,1.00
2014.01.07 02:32:23.541,0.82732,0.8275,1.00,1.00
2014.01.07 02:32:23.642,0.8273,0.8275,1.13,1.00
2014.01.07 02:32:23.946,0.82729,0.82752,1.58,1.75
2014.01.07 02:32:24.457,0.82728,0.82747,2.78,1.38
2014.01.07 02:32:24.610,0.8273,0.82755,1.10,1.88
2014.01.07 02:32:24.778,0.8273,0.82755,1.58,1.38
2014.01.07 02:32:25.287,0.8273,0.82755,1.58,1.38
2014.01.07 02:32:28.120,0.8273,0.82755,1.58,1.38
2014.01.07 02:32:33.546,0.8273,0.82753,1.15,1.00
2014.01.07 02:32:33.597,0.8273,0.82747,1.08,1.00
2014.01.07 02:32:33.648,0.8273,0.82747,1.00,1.00
2014.01.07 02:32:33.850,0.82728,0.82753,2.63,1.58
2014.01.07 02:32:34.204,0.82728,0.82753,2.78,1.00
2014.01.07 02:32:39.489,0.8273,0.82755,1.48,1.38
2014.01.07 02:32:48.387,0.8273,0.82755,2.03,1.13
2014.01.07 02:32:48.931,0.8273,0.82755,1.65,1.38
2014.01.07 02:32:49.000,0.8273,0.82755,1.65,1.13
2014.01.07 02:32:49.416,0.82736,0.82755,1.50,1.13
2014.01.07 02:32:49.671,0.82736,0.82757,2.03,1.13
2014.01.07 02:32:50.209,0.82736,0.82757,1.58,1.13
2014.01.07 02:32:52.449,0.82736,0.82757,1.58,1.13
2014.01.07 02:32:55.161,0.82736,0.82757,1.58,1.38
2014.01.07 02:32:57.450,0.82736,0.82752,1.58,1.00
2014.01.07 02:33:03.230,0.82736,0.82752,1.10,1.00
2014.01.07 02:33:03.535,0.82728,0.82738,1.35,1.00
2014.01.07 02:33:03.839,0.82723,0.82733,1.00,1.00
2014.01.07 02:33:03.941,0.82723,0.82729,1.00,1.00
2014.01.07 02:33:04.093,0.82714,0.82728,2.10,1.00
2014.01.07 02:33:04.144,0.82714,0.82728,1.13,1.00
2014.01.07 02:33:05.323,0.82714,0.8273,1.00,1.00
2014.01.07 02:33:05.727,0.82714,0.82728,1.00,1.00
2014.01.07 02:33:06.183,0.82709,0.82728,1.00,1.00
2014.01.07 02:33:07.130,0.82714,0.82728,1.00,1.00
2014.01.07 02:33:09.236,0.82714,0.82729,1.50,1.00
2014.01.07 02:33:10.240,0.82708,0.82727,3.15,1.00
2014.01.07 02:33:10.442,0.8271,0.82727,1.00,1.00
2014.01.07 02:33:11.878,0.82708,0.82727,1.00,1.00
2014.01.07 02:33:12.380,0.82707,0.82727,1.00,1.00
2014.01.07 02:33:16.068,0.82707,0.82723,1.00,2.10
2014.01.07 02:33:16.271,0.82704,0.82723,1.00,3.23
2014.01.07 02:33:26.172,0.82705,0.82723,1.00,2.10
2014.01.07 02:33:29.456,0.82708,0.82723,1.00,2.10
2014.01.07 02:33:29.608,0.8271,0.82727,1.00,1.00
2014.01.07 02:33:46.338,0.82709,0.82727,1.00,1.00
2014.01.07 02:33:46.854,0.82708,0.82727,1.00,1.00
2014.01.07 02:33:50.801,0.82708,0.82728,1.00,1.10
2014.01.07 02:33:52.572,0.82708,0.82727,1.00,1.00
2014.01.07 02:33:52.775,0.82708,0.82724,1.00,1.00
2014.01.07 02:33:53.078,0.82708,0.82722,1.00,1.00
2014.01.07 02:33:56.386,0.82708,0.82724,1.00,1.00
2014.01.07 02:33:56.792,0.82704,0.82724,3.00,1.00
2014.01.07 02:33:58.875,0.82708,0.82724,1.00,1.00
2014.01.07 02:33:59.210,0.82704,0.82724,3.00,1.00
2014.01.07 02:34:00.206,0.82708,0.82724,1.00,1.00
2014.01.07 02:34:00.511,0.82708,0.82722,1.00,1.00
2014.01.07 02:34:00.562,0.82704,0.82722,1.50,1.00
2014.01.07 02:34:04.281,0.82708,0.82722,1.00,1.00
2014.01.07 02:34:07.159,0.82708,0.82724,1.00,1.13
2014.01.07 02:34:07.695,0.82708,0.82723,1.00,1.00
2014.01.07 02:34:10.262,0.82704,0.82723,1.50,1.00
2014.01.07 02:34:10.889,0.82704,0.82724,1.50,1.00
2014.01.07 02:34:10.990,0.82705,0.82727,1.50,1.20
2014.01.07 02:34:29.039,0.82705,0.82727,2.63,1.20
2014.01.07 02:34:29.548,0.82705,0.82727,2.63,1.20
2014.01.07 02:34:30.399,0.82705,0.82727,2.63,1.28
2014.01.07 02:34:30.904,0.82705,0.82727,1.88,1.28
2014.01.07 02:34:33.330,0.82705,0.82727,2.63,1.58
2014.01.07 02:34:37.211,0.82705,0.82727,2.63,1.50
2014.01.07 02:34:37.262,0.82708,0.82727,1.00,1.50
2014.01.07 02:35:08.957,0.82708,0.82728,1.00,1.75
2014.01.07 02:35:15.934,0.82705,0.82728,2.63,1.85
2014.01.07 02:35:19.363,0.82705,0.82727,2.63,2.25
2014.01.07 02:35:19.464,0.82704,0.82725,1.88,1.75
2014.01.07 02:35:19.612,0.82704,0.82724,1.88,1.13
2014.01.07 02:35:19.916,0.82705,0.82727,2.25,1.50
2014.01.07 02:35:22.108,0.82705,0.82727,2.25,1.50
2014.01.07 02:35:27.388,0.82705,0.82727,2.25,1.50
2014.01.07 02:35:39.969,0.82705,0.82728,3.15,1.58
2014.01.07 02:36:19.786,0.82705,0.82728,3.15,1.65
2014.01.07 02:36:19.938,0.82704,0.82727,2.03,1.43
2014.01.07 02:36:20.141,0.82704,0.82724,2.78,1.00
2014.01.07 02:36:36.016,0.82704,0.82725,1.38,1.05
2014.01.07 02:36:36.525,0.82704,0.82724,1.38,1.00
2014.01.07 02:36:41.496,0.82704,0.82724,1.00,1.00
2014.01.07 02:36:52.129,0.82703,0.82724,1.00,1.00
2014.01.07 02:37:01.623,0.82703,0.82722,1.00,1.00
2014.01.07 02:37:01.926,0.82703,0.82722,1.00,1.50
2014.01.07 02:37:11.114,0.82703,0.82723,1.50,1.00
2014.01.07 02:37:11.824,0.82704,0.82723,1.00,1.00
2014.01.07 02:37:12.381,0.82703,0.82723,1.13,1.00
2014.01.07 02:37:28.807,0.82703,0.82724,1.00,1.00
2014.01.07 02:37:37.423,0.82704,0.82724,1.00,1.00
2014.01.07 02:37:38.645,0.82704,0.82724,1.13,1.38
2014.01.07 02:37:38.848,0.82703,0.82723,1.50,1.00
2014.01.07 02:37:39.354,0.82703,0.82723,1.38,1.00
2014.01.07 02:37:39.895,0.82703,0.82723,1.13,1.00
2014.01.07 02:37:49.494,0.82703,0.82724,1.13,1.00
2014.01.07 02:38:07.405,0.82704,0.82724,1.00,1.00
2014.01.07 02:38:10.885,0.82704,0.82724,1.00,1.38
2014.01.07 02:38:11.410,0.82703,0.82719,1.00,1.88
2014.01.07 02:38:50.675,0.82703,0.82719,1.00,1.88
2014.01.07 02:38:52.105,0.82703,0.82719,1.00,1.50
2014.01.07 02:38:53.572,0.82703,0.82718,1.00,1.00
2014.01.07 02:38:53.939,0.82705,0.82718,1.00,1.00
2014.01.07 02:39:02.203,0.82703,0.82718,1.00,1.00
2014.01.07 02:39:07.374,0.82705,0.82718,1.00,1.00
2014.01.07 02:39:39.654,0.82703,0.82717,1.50,1.00
2014.01.07 02:39:39.755,0.82704,0.82722,1.00,1.00
2014.01.07 02:39:39.957,0.82704,0.82717,1.00,1.00
2014.01.07 02:39:55.778,0.82703,0.82717,1.00,1.00
2014.01.07 02:39:56.486,0.82704,0.82717,1.00,1.00
2014.01.07 02:39:56.588,0.82704,0.82722,1.00,1.00
2014.01.07 02:40:32.971,0.82704,0.82722,1.38,1.00
2014.01.07 02:40:33.123,0.8271,0.82722,1.00,1.00
2014.01.07 02:40:33.680,0.8271,0.82722,1.38,1.00
2014.01.07 02:40:34.310,0.82704,0.82722,1.13,1.00
2014.01.07 02:40:35.660,0.82704,0.82723,1.13,1.00
2014.01.07 02:40:35.724,0.82704,0.82725,1.13,1.00
2014.01.07 02:40:36.033,0.82704,0.82723,1.13,1.00
2014.01.07 02:40:44.568,0.82704,0.82723,2.70,1.00
2014.01.07 02:40:44.720,0.82713,0.8273,1.00,1.00
2014.01.07 02:40:44.923,0.82713,0.82728,1.13,1.00
2014.01.07 02:40:45.446,0.82713,0.82729,1.38,1.00
2014.01.07 02:40:45.749,0.82713,0.82727,1.13,1.00
2014.01.07 02:40:46.340,0.8271,0.82727,2.63,1.00
2014.01.07 02:40:49.123,0.82713,0.82727,1.00,1.00
2014.01.07 02:40:52.093,0.8271,0.82727,2.63,1.00
2014.01.07 02:40:52.691,0.8271,0.82727,1.88,1.00
2014.01.07 02:41:07.232,0.8271,0.82727,1.88,1.00
2014.01.07 02:41:13.113,0.82713,0.82727,1.00,1.00
2014.01.07 02:41:22.157,0.8271,0.82727,1.38,1.00
2014.01.07 02:41:23.560,0.82713,0.82727,1.00,1.00
2014.01.07 02:41:47.183,0.82713,0.82726,1.00,1.50
2014.01.07 02:41:47.436,0.82708,0.82726,5.70,1.50
2014.01.07 02:41:47.942,0.8271,0.82727,2.63,1.00
2014.01.07 02:41:48.094,0.82713,0.82727,1.00,1.00
2014.01.07 02:41:49.108,0.8271,0.82727,1.13,1.00
2014.01.07 02:41:49.565,0.82713,0.82727,1.00,1.00
2014.01.07 02:41:49.870,0.8271,0.82727,1.13,1.00
2014.01.07 02:41:50.062,0.82713,0.82727,1.00,1.00
2014.01.07 02:41:52.040,0.8271,0.82727,2.63,1.00
2014.01.07 02:41:57.755,0.8271,0.82728,1.00,1.00
2014.01.07 02:41:58.263,0.82711,0.82728,1.00,1.00
2014.01.07 02:41:58.813,0.8271,0.82727,1.00,1.00
2014.01.07 02:42:00.179,0.82715,0.82727,1.00,1.00
2014.01.07 02:42:00.230,0.82715,0.82731,2.25,1.13
2014.01.07 02:42:00.945,0.82715,0.82727,1.00,1.00
2014.01.07 02:42:00.996,0.8271,0.82727,1.00,1.00
2014.01.07 02:42:01.760,0.8271,0.82725,1.00,1.00
2014.01.07 02:42:02.114,0.82705,0.82725,2.63,1.00
2014.01.07 02:42:02.216,0.82705,0.82724,2.25,1.00
2014.01.07 02:42:06.738,0.82704,0.82724,1.00,1.00
2014.01.07 02:42:07.143,0.8271,0.82724,1.00,1.00
2014.01.07 02:42:07.346,0.82705,0.82725,2.63,1.00
2014.01.07 02:42:07.397,0.82705,0.82724,2.25,1.00
2014.01.07 02:42:11.676,0.82704,0.82724,1.00,1.00
2014.01.07 02:42:22.455,0.82704,0.82724,1.00,1.38
2014.01.07 02:42:22.975,0.82704,0.82722,1.00,1.00
2014.01.07 02:42:24.646,0.82704,0.82723,1.00,1.00
2014.01.07 02:42:25.152,0.82704,0.82724,1.00,1.00
2014.01.07 02:42:25.203,0.82708,0.82725,1.00,1.13
2014.01.07 02:42:25.304,0.82703,0.82725,3.75,1.13
2014.01.07 02:42:25.355,0.8271,0.82724,1.00,1.00
2014.01.07 02:42:25.507,0.8271,0.82727,1.00,1.18
2014.01.07 02:42:27.842,0.8271,0.82727,1.00,1.10
2014.01.07 02:42:28.640,0.8271,0.82726,1.00,1.00
2014.01.07 02:42:31.029,0.8271,0.82727,1.00,1.10
2014.01.07 02:42:37.159,0.82713,0.82727,1.00,1.00
2014.01.07 02:42:45.855,0.82713,0.82726,1.00,1.00
2014.01.07 02:43:00.971,0.82713,0.82727,1.00,1.10
2014.01.07 02:43:02.574,0.82709,0.82727,1.13,1.10
2014.01.07 02:43:03.683,0.82709,0.82727,1.00,1.08
2014.01.07 02:43:04.188,0.82709,0.82725,1.00,1.00
2014.01.07 02:43:07.193,0.82709,0.82726,1.13,1.10
2014.01.07 02:43:08.025,0.82709,0.82727,1.13,1.10
2014.01.07 02:43:08.583,0.82709,0.82727,1.13,1.18
2014.01.07 02:43:09.334,0.82709,0.82727,1.13,1.20
2014.01.07 02:43:10.177,0.82709,0.82727,1.13,1.08
2014.01.07 02:43:22.189,0.82709,0.82726,1.13,1.18
2014.01.07 02:43:22.812,0.82709,0.82726,1.00,1.10
2014.01.07 02:43:25.133,0.8271,0.82729,1.00,1.15
2014.01.07 02:43:25.234,0.82713,0.82729,1.00,1.00
2014.01.07 02:43:25.537,0.82713,0.82727,1.00,1.00
2014.01.07 02:43:25.740,0.82709,0.82727,1.58,1.00
2014.01.07 02:43:41.130,0.82709,0.82727,1.65,1.00
2014.01.07 02:43:41.638,0.82709,0.82727,1.58,1.00
2014.01.07 02:43:42.038,0.82713,0.82727,1.00,1.00
2014.01.07 02:43:50.999,0.82715,0.82729,1.00,1.00
2014.01.07 02:43:51.302,0.82718,0.82735,1.10,3.83
2014.01.07 02:43:51.403,0.82718,0.82735,1.10,1.50
2014.01.07 02:43:51.707,0.82718,0.82735,1.30,1.50
2014.01.07 02:43:52.749,0.82719,0.82735,1.00,1.38
2014.01.07 02:43:55.014,0.82723,0.82737,1.00,1.95
2014.01.07 02:43:55.166,0.82723,0.82737,1.00,1.00
2014.01.07 02:43:55.621,0.82721,0.82736,1.00,1.00
2014.01.07 02:43:55.673,0.82725,0.82736,1.00,1.00
2014.01.07 02:43:56.027,0.82722,0.82737,1.10,1.38
2014.01.07 02:43:56.533,0.82722,0.82737,1.00,1.13
2014.01.07 02:43:57.101,0.82725,0.82737,1.00,1.00
2014.01.07 02:44:01.415,0.82724,0.82737,1.00,1.00
2014.01.07 02:44:01.719,0.82728,0.82737,1.00,1.00
2014.01.07 02:44:01.972,0.82728,0.8274,1.00,1.00
2014.01.07 02:44:02.375,0.8273,0.82745,1.88,2.03
2014.01.07 02:44:02.629,0.8273,0.82746,2.63,1.38
2014.01.07 02:44:06.256,0.82732,0.82746,1.00,1.38
2014.01.07 02:44:06.945,0.82732,0.82746,1.00,1.13
2014.01.07 02:44:08.702,0.82738,0.82746,1.00,1.13
2014.01.07 02:44:08.854,0.82732,0.82746,1.00,1.13
2014.01.07 02:44:08.905,0.82732,0.82745,1.08,1.00
2014.01.07 02:44:09.006,0.82735,0.8275,1.08,1.38
2014.01.07 02:44:09.158,0.82738,0.82751,1.10,1.13
2014.01.07 02:44:09.512,0.82738,0.82754,2.40,1.00
2014.01.07 02:44:10.119,0.82738,0.82752,1.65,1.00
2014.01.07 02:44:10.271,0.82735,0.8275,1.13,1.00
2014.01.07 02:44:10.322,0.82735,0.82747,1.13,1.00
2014.01.07 02:44:10.645,0.82731,0.82747,1.95,1.00
2014.01.07 02:44:11.288,0.82731,0.82747,1.65,1.00
2014.01.07 02:44:11.706,0.8273,0.82745,1.18,1.00
2014.01.07 02:44:12.010,0.82727,0.8274,1.00,1.00
2014.01.07 02:44:12.061,0.82725,0.8274,1.00,1.00
2014.01.07 02:44:13.393,0.82728,0.8274,1.00,1.00
2014.01.07 02:44:13.545,0.82728,0.82745,2.55,1.38
2014.01.07 02:44:16.234,0.82728,0.82746,3.30,1.38
2014.01.07 02:44:17.048,0.82728,0.82746,2.55,1.38
2014.01.07 02:44:18.550,0.82728,0.82746,2.55,1.38
2014.01.07 02:44:19.090,0.8273,0.82747,1.10,1.88
2014.01.07 02:44:19.689,0.8273,0.82747,1.88,1.88
2014.01.07 02:44:24.283,0.82728,0.82746,3.30,1.38
2014.01.07 02:44:30.707,0.82728,0.82746,3.30,1.38
2014.01.07 02:44:31.213,0.82728,0.82746,3.30,1.13
2014.01.07 02:44:34.659,0.82728,0.82746,3.30,1.38
2014.01.07 02:44:36.240,0.82728,0.8275,1.73,1.58
2014.01.07 02:44:36.781,0.82728,0.82747,1.20,1.38
2014.01.07 02:44:40.983,0.82728,0.82747,1.18,1.38
2014.01.07 02:44:41.898,0.8273,0.82749,1.00,1.48
2014.01.07 02:44:42.404,0.8273,0.8275,1.10,1.48
2014.01.07 02:44:43.131,0.8273,0.8275,1.10,1.48
2014.01.07 02:44:44.651,0.8273,0.8275,1.10,1.20
2014.01.07 02:44:45.163,0.8273,0.8275,1.00,1.20
2014.01.07 02:44:46.202,0.8273,0.8275,1.00,1.65
2014.01.07 02:44:47.391,0.82728,0.82747,1.28,1.38
2014.01.07 02:44:47.896,0.82728,0.82746,1.20,1.38
2014.01.07 02:45:12.368,0.82723,0.82743,1.00,1.28
2014.01.07 02:45:12.927,0.82723,0.82741,1.00,1.10
2014.01.07 02:45:13.339,0.8272,0.82741,1.65,1.20
2014.01.07 02:45:13.491,0.8272,0.82739,1.58,1.10
2014.01.07 02:45:13.971,0.8272,0.82737,1.50,1.00
2014.01.07 02:45:15.130,0.8272,0.82735,1.00,1.00
2014.01.07 02:45:15.435,0.82714,0.82729,1.50,1.00
2014.01.07 02:45:15.487,0.82709,0.82729,1.38,1.28
2014.01.07 02:45:15.741,0.82708,0.82725,1.48,1.00
2014.01.07 02:45:15.949,0.82708,0.82727,1.00,1.10
2014.01.07 02:45:16.296,0.8271,0.82727,1.88,1.10
2014.01.07 02:45:16.399,0.8271,0.82729,2.70,1.13
2014.01.07 02:45:17.836,0.82713,0.82729,1.00,1.10
2014.01.07 02:45:19.040,0.82713,0.82732,1.00,1.53
2014.01.07 02:45:19.797,0.82713,0.82729,1.00,1.00
2014.01.07 02:45:21.451,0.82713,0.82731,1.00,1.18
2014.01.07 02:45:26.241,0.82713,0.82731,1.00,1.28
2014.01.07 02:45:31.916,0.82711,0.82731,1.00,1.28
2014.01.07 02:45:33.314,0.82711,0.82731,1.10,1.28
2014.01.07 02:45:33.864,0.82711,0.82731,1.10,1.20
2014.01.07 02:45:34.124,0.82713,0.82731,1.00,1.20
2014.01.07 02:45:34.989,0.82713,0.82733,1.00,1.08
2014.01.07 02:45:35.492,0.82713,0.82733,1.00,1.28
2014.01.07 02:45:53.518,0.82713,0.82733,1.10,1.28
2014.01.07 02:45:54.024,0.82713,0.82733,1.00,1.15
2014.01.07 02:45:54.331,0.82713,0.82734,1.10,1.65
2014.01.07 02:45:54.586,0.82718,0.82734,1.00,1.65
2014.01.07 02:45:55.729,0.82718,0.82735,1.00,1.28
2014.01.07 02:45:56.244,0.82718,0.82736,1.00,2.40
2014.01.07 02:46:00.682,0.82718,0.82735,1.00,1.00
2014.01.07 02:46:01.184,0.82718,0.82736,1.00,1.20
2014.01.07 02:46:01.901,0.82718,0.82735,1.00,1.00
2014.01.07 02:46:03.643,0.82718,0.82737,1.65,1.20
2014.01.07 02:46:04.172,0.82718,0.82737,1.73,1.13
2014.01.07 02:46:04.223,0.82718,0.8274,1.73,1.65
2014.01.07 02:46:04.871,0.82718,0.8274,1.73,1.58
2014.01.07 02:46:05.876,0.82718,0.8274,1.73,1.58
2014.01.07 02:46:06.521,0.82718,0.8274,1.73,1.58
2014.01.07 02:46:07.742,0.82718,0.8274,1.73,1.95
2014.01.07 02:46:08.502,0.82718,0.82739,1.00,1.65
2014.01.07 02:46:09.027,0.82718,0.82739,1.18,1.58
2014.01.07 02:46:09.330,0.82718,0.82737,1.00,1.20
2014.01.07 02:46:13.431,0.82718,0.82737,1.00,2.03
2014.01.07 02:46:18.616,0.82718,0.82737,1.00,2.03
2014.01.07 02:46:19.117,0.82718,0.82737,1.00,2.03
2014.01.07 02:46:22.033,0.82718,0.82737,1.00,2.03
2014.01.07 02:46:22.767,0.82718,0.82737,1.00,2.03
2014.01.07 02:46:23.742,0.82718,0.82737,1.00,2.03
2014.01.07 02:46:25.160,0.82718,0.82737,1.00,2.03
2014.01.07 02:46:25.685,0.82718,0.82737,1.00,2.03
2014.01.07 02:46:26.251,0.82718,0.82737,1.00,2.03
2014.01.07 02:46:28.120,0.82713,0.82737,1.18,2.78
2014.01.07 02:46:30.187,0.82713,0.82737,1.18,2.78
2014.01.07 02:46:40.138,0.82713,0.82737,1.15,2.78
2014.01.07 02:46:40.759,0.82713,0.82737,1.18,2.78
2014.01.07 02:46:41.513,0.82713,0.82737,1.15,2.78
2014.01.07 02:46:55.435,0.82713,0.82737,1.15,2.78
2014.01.07 02:46:55.876,0.82718,0.82737,1.00,2.03
2014.01.07 02:46:56.700,0.82718,0.82737,1.73,1.13
2014.01.07 02:46:57.205,0.82718,0.82737,2.85,1.13
2014.01.07 02:46:57.710,0.82718,0.8274,2.10,1.65
2014.01.07 02:46:58.837,0.82718,0.82736,1.10,1.45
2014.01.07 02:47:05.893,0.82713,0.82737,1.18,2.03
2014.01.07 02:47:06.407,0.82713,0.82737,1.10,2.03
2014.01.07 02:47:07.162,0.82713,0.82737,1.18,2.03
2014.01.07 02:47:08.020,0.82713,0.82737,1.20,2.03
2014.01.07 02:47:10.556,0.82713,0.82733,1.00,1.15
2014.01.07 02:47:11.112,0.82713,0.82731,1.00,1.15
2014.01.07 02:47:11.415,0.8272,0.82731,1.00,1.00
2014.01.07 02:47:11.516,0.8272,0.82733,1.00,1.00
2014.01.07 02:47:11.567,0.82716,0.82733,1.38,1.00
2014.01.07 02:47:11.669,0.82714,0.8273,1.50,1.00
2014.01.07 02:47:11.821,0.82709,0.8273,2.78,1.00
2014.01.07 02:47:11.922,0.82709,0.8273,2.03,1.10
2014.01.07 02:47:12.175,0.82707,0.82733,1.55,3.08
2014.01.07 02:47:12.678,0.82707,0.82733,1.18,3.08
2014.01.07 02:47:13.318,0.82707,0.82734,1.18,3.08
2014.01.07 02:47:13.876,0.82707,0.82735,1.15,4.58
2014.01.07 02:47:17.286,0.8272,0.82735,1.00,3.83
2014.01.07 02:47:17.439,0.8272,0.82733,1.00,1.00
2014.01.07 02:47:17.642,0.82714,0.82734,1.65,1.38
2014.01.07 02:47:17.743,0.82713,0.82734,1.10,1.28
2014.01.07 02:47:17.895,0.82709,0.82734,2.40,1.55
2014.01.07 02:47:18.046,0.82707,0.82734,1.65,3.08
2014.01.07 02:47:20.181,0.82706,0.82735,1.15,6.00
2014.01.07 02:47:20.733,0.82706,0.82734,1.15,3.08
2014.01.07 02:47:21.305,0.82706,0.82734,1.53,3.08
2014.01.07 02:47:21.457,0.8272,0.82734,1.00,1.55
2014.01.07 02:47:21.609,0.82714,0.82735,2.70,1.58
2014.01.07 02:47:21.660,0.82714,0.82735,1.65,1.20
2014.01.07 02:47:21.711,0.82713,0.82735,1.08,1.20
2014.01.07 02:47:22.014,0.82713,0.82734,1.00,2.70
2014.01.07 02:47:23.693,0.82713,0.82735,1.00,5.25
2014.01.07 02:47:25.090,0.82716,0.82735,1.38,2.70
2014.01.07 02:47:25.400,0.8272,0.82738,1.00,3.83
2014.01.07 02:47:25.502,0.8272,0.82738,1.00,1.65
2014.01.07 02:47:25.603,0.8272,0.82738,1.00,1.65
2014.01.07 02:47:40.598,0.8272,0.82736,1.00,1.48
2014.01.07 02:47:56.230,0.82725,0.82739,1.00,1.08
2014.01.07 02:47:56.283,0.82725,0.82739,1.00,1.10
2014.01.07 02:47:56.536,0.82725,0.82739,1.00,1.15
2014.01.07 02:47:57.037,0.82725,0.82739,1.00,1.18
2014.01.07 02:47:57.690,0.82725,0.82739,1.00,1.15
2014.01.07 02:47:59.005,0.82725,0.82739,1.00,1.15
2014.01.07 02:48:02.742,0.82725,0.82739,1.00,1.15
2014.01.07 02:48:03.297,0.82725,0.82739,1.00,1.18
2014.01.07 02:48:03.846,0.82725,0.82739,1.00,1.15
2014.01.07 02:48:07.936,0.82725,0.82739,1.00,1.18
2014.01.07 02:48:10.285,0.82725,0.82739,1.00,1.00
2014.01.07 02:48:12.046,0.82728,0.82741,1.00,1.75
2014.01.07 02:48:12.098,0.82728,0.82742,1.00,1.13
2014.01.07 02:48:16.903,0.8273,0.82746,1.00,3.90
2014.01.07 02:48:17.005,0.8273,0.82748,1.00,1.55
2014.01.07 02:48:17.524,0.8273,0.82748,1.00,1.53
2014.01.07 02:48:30.333,0.82727,0.82745,1.00,1.00
2014.01.07 02:48:31.096,0.8273,0.82748,1.00,1.65
2014.01.07 02:48:33.524,0.8273,0.82748,1.00,1.55
2014.01.07 02:48:38.106,0.8273,0.82748,1.00,1.53
2014.01.07 02:48:38.714,0.8273,0.82748,1.00,1.55
2014.01.07 02:48:40.801,0.8273,0.82748,1.00,1.53
2014.01.07 02:48:41.354,0.8273,0.82748,1.00,1.55
2014.01.07 02:48:44.047,0.8273,0.82748,1.38,1.55
2014.01.07 02:48:44.401,0.82734,0.82747,1.50,1.38
2014.01.07 02:48:44.755,0.82733,0.82747,1.00,1.20
2014.01.07 02:48:48.335,0.82733,0.82747,1.38,1.10
2014.01.07 02:48:48.840,0.82733,0.82747,1.00,1.00
2014.01.07 02:48:51.604,0.82738,0.82751,1.00,1.48
2014.01.07 02:48:56.051,0.82738,0.82752,1.00,1.95
2014.01.07 02:49:22.768,0.82738,0.82752,1.00,1.10
2014.01.07 02:49:28.896,0.8274,0.82756,1.00,3.08
2014.01.07 02:49:28.997,0.8274,0.82759,1.45,1.50
2014.01.07 02:49:29.351,0.82743,0.82765,1.13,1.15
2014.01.07 02:49:29.875,0.82741,0.82762,1.38,1.15
2014.01.07 02:49:30.380,0.82741,0.82762,1.48,1.18
2014.01.07 02:49:30.904,0.82741,0.82762,1.48,1.18
2014.01.07 02:49:31.431,0.82741,0.82762,1.55,1.10
2014.01.07 02:49:31.938,0.82741,0.82762,1.48,1.18
2014.01.07 02:49:33.256,0.82741,0.82762,1.45,1.20
2014.01.07 02:49:34.160,0.8274,0.8276,1.53,1.00
2014.01.07 02:49:34.665,0.82741,0.8276,1.55,1.00
2014.01.07 02:49:51.854,0.82745,0.82765,1.50,2.18
2014.01.07 02:49:52.056,0.82745,0.82765,3.08,1.88
2014.01.07 02:50:01.435,0.82745,0.82764,2.40,1.50
2014.01.07 02:50:01.537,0.82745,0.82764,2.25,1.65
2014.01.07 02:50:02.042,0.82745,0.82764,2.63,1.10
2014.01.07 02:50:02.447,0.82745,0.82762,1.88,1.00
2014.01.07 02:50:02.801,0.82745,0.82763,3.38,1.15
2014.01.07 02:50:02.851,0.82745,0.82764,2.63,2.33
2014.01.07 02:50:03.357,0.82745,0.82765,3.38,1.65
2014.01.07 02:50:04.193,0.82745,0.82762,2.25,1.00
2014.01.07 02:50:04.244,0.82745,0.82762,1.50,1.00
2014.01.07 02:50:04.595,0.82745,0.82764,2.33,1.00
2014.01.07 02:50:05.524,0.82745,0.82765,3.00,1.18
2014.01.07 02:50:10.799,0.82745,0.82764,3.00,1.08
2014.01.07 02:50:12.605,0.82745,0.82762,1.50,1.10
2014.01.07 02:50:13.165,0.82745,0.82762,1.50,1.18
2014.01.07 02:50:13.681,0.82744,0.8276,1.50,1.00
2014.01.07 02:50:13.782,0.82741,0.82762,1.48,2.40
2014.01.07 02:50:13.885,0.82741,0.8276,1.38,1.18
2014.01.07 02:50:16.254,0.82741,0.8276,1.38,1.10
2014.01.07 02:50:16.507,0.82741,0.82762,1.55,1.58
2014.01.07 02:50:16.608,0.82741,0.82761,1.38,1.18
2014.01.07 02:50:17.124,0.82741,0.82761,1.38,1.28
2014.01.07 02:50:19.324,0.82741,0.82761,1.50,1.28
2014.01.07 02:50:19.840,0.82741,0.82759,1.50,1.10
2014.01.07 02:50:22.020,0.82741,0.82761,1.38,1.28
2014.01.07 02:50:33.211,0.82741,0.82761,1.50,1.28
2014.01.07 02:50:33.464,0.82741,0.82761,1.58,1.20
2014.01.07 02:50:34.086,0.82746,0.82761,1.00,1.20
2014.01.07 02:50:34.340,0.82746,0.82764,1.00,1.48
2014.01.07 02:50:37.054,0.82745,0.82764,3.00,1.55
2014.01.07 02:50:47.677,0.82745,0.82764,3.00,1.10
2014.01.07 02:50:48.447,0.82745,0.82765,3.08,1.10
2014.01.07 02:50:53.436,0.82745,0.82765,3.00,1.18
2014.01.07 02:50:53.984,0.82745,0.82765,3.15,1.00
2014.01.07 02:50:59.378,0.82745,0.82763,2.40,1.00
2014.01.07 02:50:59.530,0.82745,0.82763,1.50,1.10
2014.01.07 02:50:59.631,0.82745,0.82763,1.50,1.15
2014.01.07 02:51:00.137,0.82745,0.8276,1.50,1.00
2014.01.07 02:51:26.092,0.82744,0.82757,1.88,1.00
2014.01.07 02:51:26.345,0.82744,0.8276,1.50,1.50
2014.01.07 02:51:26.850,0.82745,0.8276,1.00,1.00
2014.01.07 02:51:34.889,0.82745,0.82761,1.50,1.10
2014.01.07 02:51:35.702,0.82745,0.82761,1.88,1.00
2014.01.07 02:51:39.998,0.82745,0.82764,1.88,2.40
2014.01.07 02:51:41.966,0.82746,0.82764,1.88,2.40
2014.01.07 02:51:42.170,0.8275,0.82764,1.00,2.33
2014.01.07 02:51:42.679,0.8275,0.82767,1.00,1.38
2014.01.07 02:51:45.542,0.82748,0.82767,1.10,1.50
2014.01.07 02:51:45.705,0.82748,0.82764,1.10,1.00
2014.01.07 02:51:45.806,0.82748,0.82767,1.00,2.03
2014.01.07 02:51:46.657,0.82748,0.82765,1.00,1.00
2014.01.07 02:51:47.255,0.82748,0.82764,1.00,1.58
2014.01.07 02:51:50.057,0.82748,0.82767,1.00,2.33
2014.01.07 02:51:50.731,0.82747,0.82766,1.58,1.00
2014.01.07 02:51:52.586,0.82747,0.82764,1.58,1.00
2014.01.07 02:51:53.788,0.82747,0.82767,1.20,2.33
2014.01.07 02:51:53.939,0.82747,0.82764,1.50,1.50
2014.01.07 02:51:54.243,0.82747,0.82762,1.50,1.18
2014.01.07 02:51:54.750,0.82747,0.82762,1.50,1.10
2014.01.07 02:51:57.361,0.82747,0.82766,1.50,1.28
2014.01.07 02:51:57.763,0.82747,0.82764,1.13,3.15
2014.01.07 02:51:57.915,0.82747,0.82764,1.50,2.33
2014.01.07 02:51:58.453,0.82747,0.82766,1.50,1.65
2014.01.07 02:51:59.950,0.82747,0.82766,1.13,3.83
2014.01.07 02:52:00.459,0.82747,0.82766,1.13,1.65
2014.01.07 02:52:02.443,0.82744,0.82764,3.00,1.53
2014.01.07 02:52:02.948,0.82744,0.82764,2.25,2.03
2014.01.07 02:52:03.964,0.82743,0.82764,1.38,4.95
2014.01.07 02:52:04.421,0.82741,0.82762,1.88,1.65
2014.01.07 02:52:08.494,0.82741,0.82762,1.88,2.03
2014.01.07 02:52:12.958,0.82741,0.82762,1.88,2.03
2014.01.07 02:52:13.592,0.82741,0.82762,1.88,2.03
2014.01.07 02:52:13.852,0.82741,0.82762,1.88,2.03
2014.01.07 02:52:14.495,0.82741,0.82762,1.88,1.28
2014.01.07 02:52:15.093,0.82741,0.82762,1.38,1.28
2014.01.07 02:52:15.396,0.82739,0.82757,1.13,1.38
2014.01.07 02:52:16.733,0.82737,0.82757,1.50,1.55
2014.01.07 02:52:17.041,0.82737,0.82757,1.50,1.55
2014.01.07 02:52:22.810,0.82736,0.82754,1.38,1.00
2014.01.07 02:52:24.880,0.82736,0.82754,1.00,1.10
2014.01.07 02:52:25.441,0.82734,0.82754,1.48,1.10
2014.01.07 02:52:26.304,0.82735,0.82754,2.40,1.00
2014.01.07 02:52:35.532,0.82737,0.82754,1.75,1.00
2014.01.07 02:52:35.736,0.82745,0.82759,1.88,1.00
2014.01.07 02:52:35.837,0.82747,0.82764,1.00,2.48
2014.01.07 02:52:36.342,0.82747,0.82764,1.50,2.40
2014.01.07 02:52:37.202,0.82747,0.82764,1.50,2.40
2014.01.07 02:52:41.315,0.82747,0.82764,1.50,1.58
2014.01.07 02:52:41.417,0.82747,0.82767,2.63,1.00
2014.01.07 02:52:41.869,0.82747,0.82767,2.48,1.15
2014.01.07 02:52:41.920,0.82747,0.82766,2.25,1.18
2014.01.07 02:52:42.426,0.82747,0.82764,1.13,1.18
2014.01.07 02:52:44.496,0.82747,0.82764,1.50,1.53
2014.01.07 02:52:44.799,0.8274,0.82757,1.50,1.65
2014.01.07 02:52:45.203,0.82735,0.82757,1.65,1.65
2014.01.07 02:52:45.355,0.82735,0.82757,1.73,1.58
2014.01.07 02:52:45.406,0.82735,0.82759,1.73,1.28
2014.01.07 02:52:45.457,0.82735,0.82757,1.73,1.00
2014.01.07 02:52:45.762,0.82738,0.8276,1.18,1.55
2014.01.07 02:52:46.342,0.82738,0.8276,1.10,1.53
2014.01.07 02:52:46.914,0.82738,0.82752,1.10,2.22
2014.01.07 02:52:47.015,0.82732,0.82742,1.13,1.85
2014.01.07 02:52:47.167,0.82732,0.82737,1.00,1.00
2014.01.07 02:52:47.219,0.82721,0.82737,1.85,1.00
2014.01.07 02:52:47.421,0.82717,0.82737,2.03,1.00
2014.01.07 02:52:47.623,0.82715,0.82734,1.65,1.00
2014.01.07 02:52:48.128,0.82714,0.82734,3.45,1.00
2014.01.07 02:52:48.670,0.82714,0.82734,1.53,1.00
2014.01.07 02:52:49.075,0.82711,0.82734,1.48,1.53
2014.01.07 02:52:49.179,0.8271,0.82734,3.68,1.53
2014.01.07 02:52:49.230,0.8271,0.82732,3.68,1.54
2014.01.07 02:52:49.383,0.8271,0.82729,1.88,4.58
2014.01.07 02:52:49.889,0.8271,0.82729,1.00,1.90
2014.01.07 02:52:50.395,0.82707,0.82727,3.15,1.50
2014.01.07 02:52:50.898,0.82707,0.82727,3.15,1.00
2014.01.07 02:52:51.005,0.82707,0.82724,3.15,1.00
2014.01.07 02:52:51.056,0.82707,0.82723,2.25,1.18
2014.01.07 02:52:51.107,0.82707,0.82719,1.50,1.38
2014.01.07 02:52:51.411,0.82703,0.82717,1.50,1.38
2014.01.07 02:52:51.462,0.82701,0.82717,1.50,1.38
2014.01.07 02:52:51.817,0.82698,0.82717,1.45,1.00
2014.01.07 02:52:52.020,0.82698,0.82717,1.48,1.38
2014.01.07 02:53:01.837,0.82698,0.82717,1.48,1.38
2014.01.07 02:53:07.355,0.82698,0.82717,1.48,1.00
2014.01.07 02:53:07.558,0.82698,0.82717,1.48,1.38
2014.01.07 02:53:22.747,0.82698,0.82717,1.58,1.38
2014.01.07 02:53:22.798,0.82698,0.82717,1.58,1.00
2014.01.07 02:53:23.000,0.82698,0.82717,1.58,1.38
2014.01.07 02:54:02.227,0.82698,0.82719,1.20,1.53
2014.01.07 02:54:07.064,0.82699,0.82719,1.00,2.03
2014.01.07 02:54:43.822,0.827,0.82719,1.00,1.53
2014.01.07 02:54:50.681,0.82708,0.82722,1.00,5.33
2014.01.07 02:54:50.732,0.82708,0.82722,1.00,2.70
2014.01.07 02:54:50.884,0.82702,0.8272,1.10,1.00
2014.01.07 02:54:51.035,0.827,0.8272,1.10,1.08
2014.01.07 02:54:51.725,0.827,0.8272,1.10,1.10
2014.01.07 02:54:52.230,0.827,0.8272,1.00,1.18
2014.01.07 02:54:53.392,0.82705,0.82722,1.00,1.53
2014.01.07 02:54:54.050,0.82708,0.82722,1.00,2.03
2014.01.07 02:54:54.252,0.82708,0.82722,1.00,1.58
2014.01.07 02:55:14.644,0.82713,0.82724,1.00,1.75
2014.01.07 02:55:15.692,0.82713,0.82731,1.18,1.70
2014.01.07 02:55:15.743,0.82713,0.82736,1.18,1.28
2014.01.07 02:55:15.996,0.82715,0.82737,1.28,1.75
2014.01.07 02:55:16.350,0.82715,0.82737,1.28,1.95
2014.01.07 02:55:16.877,0.82715,0.82737,1.53,1.88
2014.01.07 02:55:20.136,0.8272,0.8274,1.00,3.83
2014.01.07 02:55:44.902,0.82717,0.82737,1.65,1.05
2014.01.07 02:56:00.894,0.82717,0.82737,1.65,1.05
2014.01.07 02:56:03.670,0.82717,0.82737,1.58,1.13
2014.01.07 02:56:10.334,0.82717,0.82737,1.58,1.05
2014.01.07 02:56:10.878,0.82717,0.82737,1.65,1.05
2014.01.07 02:56:16.416,0.82717,0.82737,1.65,1.05
2014.01.07 02:56:27.007,0.82719,0.82737,1.13,1.05
2014.01.07 02:56:29.898,0.82725,0.82739,1.00,1.38
2014.01.07 02:56:37.547,0.82724,0.82738,1.50,1.30
2014.01.07 02:56:38.641,0.82723,0.82736,1.00,1.00
2014.01.07 02:56:38.793,0.82718,0.82736,1.95,1.00
2014.01.07 02:56:39.962,0.82717,0.82736,1.65,1.00
2014.01.07 02:56:40.847,0.82717,0.82733,1.55,1.00
2014.01.07 02:56:41.948,0.82716,0.82733,1.15,1.00
2014.01.07 02:56:42.353,0.82712,0.82733,2.03,1.00
2014.01.07 02:56:51.260,0.82711,0.82733,2.40,1.10
2014.01.07 02:56:51.311,0.82711,0.82733,2.40,1.10
2014.01.07 02:56:51.819,0.82711,0.82733,2.03,1.00
2014.01.07 02:56:53.773,0.8271,0.82733,2.78,1.10
2014.01.07 02:56:56.286,0.8271,0.82733,2.03,1.08
2014.01.07 02:56:56.796,0.82709,0.82733,3.90,1.10
2014.01.07 02:56:57.330,0.8271,0.82733,3.15,1.00
2014.01.07 02:57:10.075,0.8271,0.82733,2.40,1.10
2014.01.07 02:57:10.619,0.8271,0.82733,1.53,1.18
2014.01.07 02:57:11.173,0.8271,0.82733,1.53,1.10
2014.01.07 02:57:22.480,0.8271,0.82733,2.40,1.00
2014.01.07 02:57:23.000,0.8271,0.82733,2.40,1.10
2014.01.07 02:57:27.626,0.8271,0.82733,3.15,1.10
2014.01.07 02:57:28.131,0.82711,0.82733,1.15,1.10
2014.01.07 02:57:28.182,0.8271,0.82733,3.83,1.10
2014.01.07 02:57:28.706,0.82711,0.82733,3.08,1.00
2014.01.07 02:57:33.436,0.82711,0.82733,2.40,1.10
2014.01.07 02:57:33.538,0.82711,0.82733,2.40,1.10
2014.01.07 02:57:34.756,0.82712,0.82733,1.65,1.00
2014.01.07 02:57:35.415,0.82712,0.82733,1.55,1.10
2014.01.07 02:58:01.973,0.8271,0.82736,1.28,2.03
2014.01.07 02:58:02.485,0.8271,0.82736,1.28,2.03
2014.01.07 02:58:03.045,0.8271,0.82736,1.28,2.03
2014.01.07 02:58:08.420,0.8271,0.82736,1.28,2.03
2014.01.07 02:58:08.621,0.82711,0.82736,2.40,1.53
2014.01.07 02:58:09.125,0.82711,0.82737,2.78,1.58
2014.01.07 02:58:09.646,0.82711,0.82737,2.78,1.58
2014.01.07 02:58:13.457,0.82711,0.82738,2.78,4.88
2014.01.07 02:58:22.168,0.8271,0.82736,1.15,1.28
2014.01.07 02:58:22.744,0.8271,0.82736,1.15,1.28
2014.01.07 02:58:30.801,0.82709,0.82736,5.33,1.15
2014.01.07 02:58:31.104,0.82712,0.82737,1.28,1.08
2014.01.07 02:58:33.339,0.82712,0.82738,1.28,1.95
2014.01.07 02:58:33.390,0.82712,0.82738,1.28,1.95
2014.01.07 02:58:40.829,0.82712,0.82738,1.28,4.88
2014.01.07 02:58:41.346,0.82712,0.82737,1.28,1.58
2014.01.07 02:58:59.604,0.82714,0.82737,1.00,1.58
2014.01.07 02:59:00.220,0.82714,0.82737,1.10,1.58
2014.01.07 02:59:00.778,0.82712,0.82736,1.28,1.15
2014.01.07 02:59:01.476,0.82712,0.82736,1.28,1.15
2014.01.07 02:59:02.093,0.82712,0.82736,1.28,1.15
2014.01.07 02:59:08.624,0.82712,0.82736,1.28,1.15
2014.01.07 02:59:09.151,0.82712,0.82736,1.28,1.15
2014.01.07 02:59:12.075,0.82712,0.82723,1.28,1.00
2014.01.07 02:59:12.227,0.82709,0.82718,1.00,1.00
2014.01.07 02:59:12.379,0.82706,0.82718,1.13,1.00
2014.01.07 02:59:13.112,0.82706,0.82718,2.40,1.00
2014.01.07 02:59:20.894,0.82704,0.82716,1.88,1.00
2014.01.07 02:59:20.945,0.82704,0.82716,1.50,1.00
2014.01.07 02:59:20.996,0.82702,0.82716,1.10,1.00
2014.01.07 02:59:21.452,0.827,0.82716,3.53,1.00
2014.01.07 02:59:24.956,0.82697,0.82716,2.22,1.00
2014.01.07 02:59:25.538,0.82697,0.82716,2.22,1.00
2014.01.07 02:59:26.298,0.82697,0.82716,2.22,1.00
2014.01.07 02:59:33.565,0.82697,0.82716,1.65,1.00
2014.01.07 02:59:34.105,0.82697,0.82716,1.65,1.00
2014.01.07 02:59:36.174,0.82697,0.82708,1.20,1.00
2014.01.07 02:59:36.326,0.82697,0.82708,1.00,1.00
2014.01.07 02:59:57.604,0.82694,0.82706,1.88,1.00
2014.01.07 02:59:57.655,0.82694,0.82706,1.50,1.00
2014.01.07 02:59:58.211,0.82693,0.82706,1.00,1.00
