2010.07.19 12:00:01.333,0.7064,0.70655,1.00,1.20
2010.07.19 12:00:02.710,0.7064,0.7066,1.00,2.40
2010.07.19 12:00:02.912,0.7064,0.7066,2.40,1.00
2010.07.19 12:00:03.120,0.7064,0.70665,2.40,10.40
2010.07.19 12:00:20.432,0.7064,0.70665,2.40,10.00
2010.07.19 12:00:20.710,0.7065,0.70665,1.00,8.80
2010.07.19 12:00:21.221,0.7065,0.70665,1.00,7.20
2010.07.19 12:00:21.506,0.70665,0.70675,7.20,1.20
2010.07.19 12:00:22.260,0.7067,0.7068,5.60,1.00
2010.07.19 12:00:22.608,0.70665,0.7068,10.80,1.00
2010.07.19 12:00:24.102,0.7067,0.7068,1.60,1.00
2010.07.19 12:00:24.449,0.70665,0.7068,10.80,1.00
2010.07.19 12:00:25.533,0.70665,0.70685,8.80,1.00
2010.07.19 12:00:26.345,0.70665,0.70685,6.40,1.00
2010.07.19 12:00:27.845,0.70665,0.70685,6.70,1.00
2010.07.19 12:00:32.668,0.70665,0.70685,1.60,1.00
2010.07.19 12:00:40.948,0.7066,0.70685,4.00,4.80
2010.07.19 12:00:41.297,0.7066,0.7068,1.60,2.40
2010.07.19 12:00:46.661,0.7066,0.7068,1.00,2.50
2010.07.19 12:00:47.282,0.70655,0.7068,4.60,6.00
2010.07.19 12:00:48.463,0.70655,0.7068,3.00,6.00
2010.07.19 12:00:50.072,0.70655,0.7068,3.80,6.00
2010.07.19 12:00:58.123,0.70655,0.70675,3.00,1.00
2010.07.19 12:00:58.811,0.70655,0.70675,1.60,1.00
2010.07.19 12:00:59.152,0.70655,0.70675,1.00,1.60
2010.07.19 12:01:04.447,0.70655,0.70675,1.00,1.00
2010.07.19 12:01:33.660,0.70655,0.70675,1.00,1.60
2010.07.19 12:01:35.960,0.70655,0.70675,1.00,1.00
2010.07.19 12:01:41.046,0.70655,0.70675,1.00,1.60
2010.07.19 12:01:50.162,0.70655,0.70675,1.60,1.00
2010.07.19 12:01:50.747,0.70655,0.70675,2.40,1.00
2010.07.19 12:01:50.874,0.70655,0.70675,1.00,1.60
2010.07.19 12:02:00.676,0.7065,0.7067,2.40,1.60
2010.07.19 12:02:05.553,0.7065,0.70675,1.60,7.20
2010.07.19 12:02:06.056,0.7065,0.70675,1.00,7.20
2010.07.19 12:02:06.344,0.70645,0.70675,11.80,7.20
2010.07.19 12:02:07.932,0.70645,0.7067,12.20,1.60
2010.07.19 12:02:08.891,0.70645,0.7067,11.80,2.50
2010.07.19 12:02:09.865,0.70645,0.7067,11.80,3.60
2010.07.19 12:02:10.214,0.70645,0.7066,11.80,1.00
2010.07.19 12:02:10.756,0.70645,0.7065,9.40,1.00
2010.07.19 12:02:11.003,0.7063,0.7064,1.00,2.40
2010.07.19 12:02:12.172,0.7063,0.7064,2.40,2.40
2010.07.19 12:02:12.871,0.7063,0.7064,1.00,2.40
2010.07.19 12:02:16.041,0.7063,0.7064,1.60,2.40
2010.07.19 12:02:17.180,0.7063,0.7065,1.60,1.00
2010.07.19 12:02:20.982,0.7063,0.7065,1.60,1.00
2010.07.19 12:02:21.243,0.7063,0.70655,1.60,8.80
2010.07.19 12:02:21.505,0.70635,0.70655,4.00,1.00
2010.07.19 12:02:21.775,0.70635,0.70655,1.00,3.20
2010.07.19 12:02:22.577,0.70635,0.70655,1.60,1.00
2010.07.19 12:02:26.916,0.70635,0.70655,6.40,1.00
2010.07.19 12:02:27.777,0.70635,0.70655,1.60,1.00
2010.07.19 12:02:29.097,0.70635,0.70655,4.00,1.00
2010.07.19 12:02:29.449,0.70635,0.70655,1.60,1.00
2010.07.19 12:02:32.739,0.70635,0.7065,1.00,1.00
2010.07.19 12:02:33.938,0.7063,0.70645,3.20,1.00
2010.07.19 12:02:34.440,0.7063,0.7065,3.20,1.70
2010.07.19 12:02:34.785,0.7063,0.7065,3.20,1.00
2010.07.19 12:02:38.154,0.7063,0.7065,1.00,2.50
2010.07.19 12:02:39.219,0.7063,0.70645,1.00,1.00
2010.07.19 12:02:42.490,0.7063,0.70645,1.60,1.00
2010.07.19 12:02:43.996,0.7063,0.70645,1.00,1.00
2010.07.19 12:02:49.621,0.7063,0.7065,1.00,1.70
2010.07.19 12:02:49.845,0.7063,0.7065,1.00,1.60
2010.07.19 12:02:50.585,0.70635,0.7065,1.00,1.00
2010.07.19 12:02:59.059,0.70635,0.7065,1.60,1.00
2010.07.19 12:02:59.404,0.70635,0.70655,1.60,1.00
2010.07.19 12:03:00.088,0.70635,0.70655,6.40,1.00
2010.07.19 12:03:00.894,0.7064,0.70655,1.00,1.00
2010.07.19 12:03:04.688,0.70635,0.70655,1.60,1.00
2010.07.19 12:03:06.532,0.70635,0.7065,1.00,1.00
2010.07.19 12:03:06.835,0.70635,0.7065,1.00,1.00
2010.07.19 12:03:08.779,0.7063,0.7065,4.80,1.70
2010.07.19 12:03:10.218,0.7063,0.7065,5.60,1.70
2010.07.19 12:03:12.273,0.7063,0.7064,5.60,1.00
2010.07.19 12:03:12.614,0.7063,0.7065,4.80,2.80
2010.07.19 12:03:13.437,0.7063,0.7065,4.80,3.10
2010.07.19 12:03:13.713,0.7063,0.7064,4.80,1.00
2010.07.19 12:03:13.983,0.7063,0.7065,4.80,3.10
2010.07.19 12:03:14.884,0.7063,0.7065,4.80,2.80
2010.07.19 12:03:16.201,0.7063,0.70645,4.80,1.00
2010.07.19 12:03:16.911,0.7063,0.7064,4.80,1.00
2010.07.19 12:03:17.217,0.7063,0.7064,4.00,1.00
2010.07.19 12:03:17.982,0.70625,0.7064,5.60,1.00
2010.07.19 12:03:18.281,0.7062,0.7064,1.00,2.80
2010.07.19 12:03:18.576,0.7062,0.7064,3.20,2.00
2010.07.19 12:03:19.706,0.7062,0.7064,1.60,2.00
2010.07.19 12:03:21.621,0.7062,0.7064,4.00,2.00
2010.07.19 12:03:21.964,0.70625,0.7064,1.00,2.00
2010.07.19 12:03:23.112,0.7062,0.7064,4.00,2.00
2010.07.19 12:03:23.408,0.7062,0.7064,6.00,1.60
2010.07.19 12:03:23.913,0.70625,0.7064,2.40,1.60
2010.07.19 12:03:24.265,0.70625,0.70645,6.40,1.00
2010.07.19 12:03:31.321,0.70625,0.7064,6.40,1.00
2010.07.19 12:03:34.142,0.70625,0.7064,6.40,1.00
2010.07.19 12:03:34.443,0.70625,0.70645,6.40,1.00
2010.07.19 12:03:46.027,0.7063,0.7065,3.20,2.00
2010.07.19 12:03:46.342,0.70635,0.7065,1.60,1.80
2010.07.19 12:03:47.384,0.70635,0.7065,4.00,1.80
2010.07.19 12:03:47.554,0.70635,0.7065,1.60,1.80
2010.07.19 12:03:55.574,0.7063,0.7065,4.80,2.00
2010.07.19 12:03:55.881,0.7063,0.7065,4.80,2.80
2010.07.19 12:03:58.420,0.7063,0.7065,1.00,2.80
2010.07.19 12:03:59.154,0.70625,0.7065,6.40,2.80
2010.07.19 12:03:59.500,0.70625,0.70645,1.60,1.00
2010.07.19 12:04:07.444,0.70625,0.70645,6.40,1.00
2010.07.19 12:04:15.343,0.7063,0.70645,1.00,1.00
2010.07.19 12:04:29.724,0.7063,0.7064,1.00,1.00
2010.07.19 12:04:30.060,0.7063,0.7064,1.00,1.00
2010.07.19 12:04:32.562,0.70625,0.7064,1.60,2.00
2010.07.19 12:04:32.775,0.7062,0.7064,1.60,2.00
2010.07.19 12:04:33.466,0.7062,0.7064,1.00,2.80
2010.07.19 12:04:33.675,0.7062,0.7064,1.00,7.60
2010.07.19 12:04:34.693,0.70615,0.70635,1.60,1.00
2010.07.19 12:04:35.601,0.70615,0.7063,1.60,1.00
2010.07.19 12:04:35.816,0.70615,0.7063,1.00,1.00
2010.07.19 12:04:39.204,0.7061,0.7063,5.60,1.00
2010.07.19 12:04:39.483,0.7061,0.70635,5.60,2.40
2010.07.19 12:04:39.751,0.7061,0.7063,5.60,1.00
2010.07.19 12:04:40.533,0.7061,0.7063,5.60,1.00
2010.07.19 12:04:41.381,0.7061,0.7063,2.40,1.60
2010.07.19 12:04:41.603,0.7061,0.7063,1.60,2.40
2010.07.19 12:04:41.822,0.70605,0.7063,12.00,2.40
2010.07.19 12:04:42.316,0.70605,0.7063,9.60,2.40
2010.07.19 12:04:45.263,0.70605,0.7063,9.60,1.60
2010.07.19 12:04:50.460,0.70605,0.7063,11.60,1.60
2010.07.19 12:04:50.673,0.7061,0.70635,4.00,4.80
2010.07.19 12:04:51.203,0.7061,0.70635,4.00,2.40
2010.07.19 12:04:51.416,0.7061,0.70635,4.00,1.00
2010.07.19 12:04:51.765,0.70615,0.70635,1.60,1.00
2010.07.19 12:05:00.832,0.70625,0.7064,1.00,7.30
2010.07.19 12:05:01.012,0.70625,0.7064,1.00,1.70
2010.07.19 12:05:01.914,0.70625,0.7064,1.00,1.60
2010.07.19 12:05:07.981,0.70625,0.7064,1.00,1.00
2010.07.19 12:05:08.129,0.70625,0.7064,1.60,1.00
2010.07.19 12:05:08.270,0.70625,0.7064,1.00,1.00
2010.07.19 12:05:09.048,0.70625,0.7064,1.00,8.10
2010.07.19 12:05:09.262,0.70625,0.7063,1.00,1.00
2010.07.19 12:05:09.520,0.70615,0.7063,1.00,1.00
2010.07.19 12:05:10.700,0.70615,0.7063,1.00,1.60
2010.07.19 12:05:11.791,0.7061,0.70625,4.80,1.00
2010.07.19 12:05:11.972,0.70605,0.70625,8.80,2.40
2010.07.19 12:05:12.151,0.70605,0.70625,8.80,1.00
2010.07.19 12:05:12.735,0.70605,0.70625,6.40,1.00
2010.07.19 12:05:13.000,0.70605,0.70625,8.00,1.00
2010.07.19 12:05:19.831,0.70605,0.70625,7.20,1.60
2010.07.19 12:05:20.400,0.7061,0.70625,1.00,1.00
2010.07.19 12:05:20.500,0.70615,0.70625,1.60,1.00
2010.07.19 12:05:20.601,0.7062,0.70625,2.40,1.00
2010.07.19 12:05:21.263,0.7062,0.70625,3.20,1.00
2010.07.19 12:05:21.455,0.7061,0.7063,1.60,3.20
2010.07.19 12:05:21.644,0.7061,0.70625,1.60,1.00
2010.07.19 12:05:22.259,0.7061,0.70625,1.60,1.60
2010.07.19 12:05:24.415,0.7062,0.70625,2.40,1.00
2010.07.19 12:05:24.653,0.7062,0.7063,4.80,1.00
2010.07.19 12:05:24.891,0.7062,0.7063,5.60,1.00
2010.07.19 12:05:25.624,0.70625,0.7063,8.00,1.00
2010.07.19 12:05:28.121,0.7063,0.7064,1.60,1.60
2010.07.19 12:05:28.160,0.7063,0.7064,1.60,1.00
2010.07.19 12:05:28.202,0.7063,0.7064,4.00,1.00
2010.07.19 12:05:28.241,0.7063,0.7065,4.00,3.20
2010.07.19 12:05:28.322,0.7063,0.7065,4.00,1.60
2010.07.19 12:05:28.903,0.70635,0.7065,1.00,2.30
2010.07.19 12:05:28.945,0.70635,0.7064,1.00,1.00
2010.07.19 12:05:29.539,0.70635,0.7064,1.00,1.00
2010.07.19 12:05:29.887,0.7062,0.7063,3.20,1.00
2010.07.19 12:05:30.704,0.7062,0.70625,1.60,1.30
2010.07.19 12:05:31.030,0.706,0.7062,2.40,1.00
2010.07.19 12:05:31.355,0.706,0.7062,2.40,1.70
2010.07.19 12:05:32.806,0.706,0.7062,3.20,1.70
2010.07.19 12:05:32.934,0.7061,0.7062,1.00,1.00
2010.07.19 12:05:44.100,0.7061,0.70625,1.00,1.60
2010.07.19 12:05:46.118,0.706,0.7062,7.20,1.70
2010.07.19 12:05:46.237,0.706,0.7062,1.60,2.90
2010.07.19 12:05:46.813,0.706,0.7062,1.60,3.30
2010.07.19 12:05:47.189,0.70595,0.7062,14.40,3.30
2010.07.19 12:05:48.680,0.70605,0.70625,8.00,2.40
2010.07.19 12:05:50.772,0.70605,0.70625,8.00,1.60
2010.07.19 12:05:51.097,0.706,0.7062,6.40,2.40
2010.07.19 12:05:51.857,0.706,0.7061,1.60,1.00
2010.07.19 12:05:52.152,0.70595,0.7061,2.40,8.10
2010.07.19 12:05:52.444,0.70595,0.70605,2.40,1.00
2010.07.19 12:06:02.890,0.70595,0.70605,2.40,1.60
2010.07.19 12:06:03.845,0.70595,0.70605,2.40,2.40
2010.07.19 12:06:06.086,0.70595,0.70605,2.40,4.80
2010.07.19 12:06:07.585,0.70595,0.70605,2.40,6.40
2010.07.19 12:06:08.134,0.70595,0.70605,2.40,4.00
2010.07.19 12:06:10.452,0.70595,0.70605,2.40,6.40
2010.07.19 12:06:11.284,0.70595,0.706,2.40,1.00
2010.07.19 12:06:12.887,0.70595,0.706,2.40,8.00
2010.07.19 12:06:18.272,0.70595,0.706,2.40,8.10
2010.07.19 12:06:19.165,0.70595,0.706,2.40,8.00
2010.07.19 12:06:26.562,0.70575,0.70595,4.80,1.00
2010.07.19 12:06:28.167,0.70575,0.70595,1.00,8.00
2010.07.19 12:06:29.106,0.7057,0.7059,1.00,3.20
2010.07.19 12:06:29.453,0.7057,0.7059,1.00,5.60
2010.07.19 12:06:30.138,0.7057,0.7058,1.00,1.00
2010.07.19 12:06:30.930,0.7057,0.7058,1.00,1.10
2010.07.19 12:06:45.568,0.70575,0.7059,1.60,1.30
2010.07.19 12:06:46.643,0.7057,0.7058,1.60,1.00
2010.07.19 12:06:46.986,0.70565,0.7058,7.20,1.20
2010.07.19 12:06:47.872,0.70565,0.7058,8.00,1.20
2010.07.19 12:06:49.631,0.70565,0.7058,8.00,1.00
2010.07.19 12:06:50.680,0.70565,0.7058,6.40,1.00
2010.07.19 12:06:52.722,0.7057,0.7058,1.00,1.00
2010.07.19 12:06:56.255,0.7057,0.7059,1.00,2.90
2010.07.19 12:06:57.212,0.7057,0.7059,1.00,2.10
2010.07.19 12:06:58.287,0.7057,0.7059,3.20,2.10
2010.07.19 12:06:58.585,0.7057,0.7059,1.00,1.90
2010.07.19 12:07:01.795,0.70595,0.706,2.40,15.10
2010.07.19 12:07:02.135,0.7057,0.7059,1.00,1.90
2010.07.19 12:07:03.305,0.70595,0.706,2.40,20.70
2010.07.19 12:07:03.967,0.7057,0.7059,1.00,1.90
2010.07.19 12:07:07.010,0.70595,0.706,2.40,21.10
2010.07.19 12:07:07.763,0.7057,0.7059,1.00,1.90
2010.07.19 12:07:09.900,0.7057,0.7059,1.00,3.50
2010.07.19 12:07:23.715,0.70565,0.7059,8.80,4.30
2010.07.19 12:07:24.019,0.70595,0.706,2.40,14.30
2010.07.19 12:07:24.315,0.7057,0.7059,7.20,3.50
2010.07.19 12:07:24.606,0.70565,0.7059,10.40,3.50
2010.07.19 12:07:25.087,0.70565,0.7059,8.80,3.50
2010.07.19 12:07:27.232,0.70595,0.706,2.40,13.40
2010.07.19 12:07:29.930,0.70595,0.706,2.40,12.20
2010.07.19 12:07:30.613,0.7057,0.7059,8.80,1.00
2010.07.19 12:07:31.754,0.70595,0.706,2.40,14.20
2010.07.19 12:07:32.075,0.7057,0.7059,1.00,1.60
2010.07.19 12:07:33.315,0.7057,0.7059,1.00,2.50
2010.07.19 12:07:34.832,0.7057,0.7059,1.00,3.30
2010.07.19 12:07:35.041,0.70565,0.7059,8.00,4.10
2010.07.19 12:07:35.241,0.70565,0.7059,8.00,3.30
2010.07.19 12:07:35.442,0.7057,0.7059,3.20,2.50
2010.07.19 12:07:35.643,0.7057,0.7059,8.80,1.00
2010.07.19 12:07:36.428,0.7057,0.7058,1.00,1.60
2010.07.19 12:07:36.741,0.70565,0.7058,3.20,1.60
2010.07.19 12:07:38.482,0.70575,0.7059,2.40,3.30
2010.07.19 12:07:38.550,0.70595,0.706,2.40,8.00
2010.07.19 12:07:38.617,0.70575,0.70595,6.40,1.00
2010.07.19 12:07:39.447,0.70595,0.706,2.40,3.20
2010.07.19 12:07:41.073,0.70595,0.706,2.40,6.40
2010.07.19 12:07:41.357,0.7057,0.7059,13.60,2.40
2010.07.19 12:07:42.104,0.7057,0.7059,1.60,2.40
2010.07.19 12:07:42.447,0.70565,0.7059,10.40,3.20
2010.07.19 12:07:45.610,0.7057,0.7059,1.60,2.40
2010.07.19 12:07:45.732,0.70595,0.706,2.40,18.40
2010.07.19 12:07:46.347,0.70595,0.706,2.40,5.70
2010.07.19 12:07:46.695,0.70595,0.706,2.40,17.00
2010.07.19 12:07:48.270,0.70595,0.706,2.40,17.40
2010.07.19 12:07:48.547,0.7057,0.7058,1.00,1.60
2010.07.19 12:07:48.773,0.7057,0.7059,1.60,8.80
2010.07.19 12:07:49.450,0.70595,0.706,2.40,12.10
2010.07.19 12:07:49.712,0.70595,0.706,2.40,6.50
2010.07.19 12:07:50.237,0.70575,0.70595,9.60,2.40
2010.07.19 12:07:51.836,0.7057,0.7059,1.00,4.00
2010.07.19 12:07:53.670,0.7057,0.7059,1.00,4.80
2010.07.19 12:07:56.140,0.7057,0.7059,1.00,5.60
2010.07.19 12:07:56.613,0.70565,0.7059,8.00,5.60
2010.07.19 12:07:56.843,0.70565,0.7059,8.00,6.60
2010.07.19 12:07:59.062,0.70565,0.7058,1.60,1.60
2010.07.19 12:08:04.314,0.70565,0.7059,6.40,6.60
2010.07.19 12:08:07.363,0.70565,0.7059,6.40,6.80
2010.07.19 12:08:35.296,0.70565,0.7059,7.20,6.00
2010.07.19 12:08:35.460,0.70565,0.7059,7.20,5.20
2010.07.19 12:08:35.571,0.7057,0.7059,1.00,2.40
2010.07.19 12:08:35.691,0.70595,0.706,2.40,21.10
2010.07.19 12:08:35.811,0.70595,0.706,2.40,17.90
2010.07.19 12:08:35.932,0.70595,0.706,2.40,9.20
2010.07.19 12:08:36.270,0.70575,0.7059,10.40,1.00
2010.07.19 12:08:36.928,0.70595,0.706,2.40,9.20
2010.07.19 12:08:39.972,0.7057,0.7059,3.20,1.50
2010.07.19 12:08:40.061,0.7057,0.7059,1.00,3.10
2010.07.19 12:08:42.068,0.7057,0.7059,1.00,3.30
2010.07.19 12:08:43.230,0.70565,0.7059,6.40,3.30
2010.07.19 12:08:45.963,0.70565,0.7059,6.40,2.60
2010.07.19 12:08:46.266,0.70565,0.7059,9.60,3.20
2010.07.19 12:08:46.481,0.70565,0.7059,6.40,3.20
2010.07.19 12:08:48.910,0.70565,0.7059,6.40,2.80
2010.07.19 12:08:50.450,0.70565,0.7059,6.60,2.80
2010.07.19 12:08:52.272,0.70565,0.7059,7.40,2.80
2010.07.19 12:08:54.657,0.70565,0.7059,6.60,2.80
2010.07.19 12:09:03.730,0.70565,0.7059,8.60,2.80
2010.07.19 12:09:03.952,0.70595,0.706,2.40,13.10
2010.07.19 12:09:06.406,0.70565,0.7059,3.40,11.40
2010.07.19 12:09:07.188,0.70565,0.7059,1.80,11.80
2010.07.19 12:09:11.190,0.70565,0.7059,1.80,11.40
2010.07.19 12:09:11.289,0.70565,0.7059,1.80,11.00
2010.07.19 12:09:12.583,0.70595,0.706,2.40,17.90
2010.07.19 12:09:13.102,0.7057,0.70595,5.60,3.00
2010.07.19 12:09:13.361,0.70595,0.706,2.40,17.00
2010.07.19 12:09:16.043,0.7057,0.7059,3.20,1.40
2010.07.19 12:09:17.768,0.7057,0.7059,3.20,1.20
2010.07.19 12:09:18.722,0.7057,0.7059,1.00,1.20
2010.07.19 12:09:21.454,0.70595,0.706,2.40,18.90
2010.07.19 12:09:22.228,0.7057,0.7059,3.20,1.20
2010.07.19 12:09:22.536,0.7057,0.7059,1.00,1.20
2010.07.19 12:09:28.525,0.70565,0.7059,3.40,9.20
2010.07.19 12:09:28.815,0.70565,0.7059,5.80,6.00
2010.07.19 12:09:29.658,0.7057,0.7059,1.00,2.80
2010.07.19 12:09:30.994,0.70565,0.7059,8.20,4.40
2010.07.19 12:09:31.308,0.70565,0.7059,3.40,10.00
2010.07.19 12:09:31.790,0.70565,0.7059,2.60,10.00
2010.07.19 12:09:35.849,0.70565,0.7059,2.60,10.20
2010.07.19 12:09:39.450,0.70565,0.7059,7.40,2.80
2010.07.19 12:09:39.581,0.7057,0.7059,1.00,2.00
2010.07.19 12:10:16.816,0.7057,0.7059,1.00,2.20
2010.07.19 12:10:18.344,0.70565,0.7059,2.60,9.40
2010.07.19 12:10:18.692,0.70565,0.70575,1.00,1.60
2010.07.19 12:10:19.528,0.70565,0.70575,1.00,3.20
2010.07.19 12:10:19.821,0.70565,0.7057,1.00,1.00
2010.07.19 12:10:20.103,0.70565,0.7057,1.00,1.60
2010.07.19 12:10:21.153,0.70555,0.7057,1.60,1.60
2010.07.19 12:10:21.351,0.70555,0.7057,1.00,1.60
2010.07.19 12:10:32.496,0.70555,0.70575,3.20,1.60
2010.07.19 12:10:32.601,0.70555,0.7058,3.20,7.20
2010.07.19 12:10:33.164,0.70555,0.7058,4.80,7.20
2010.07.19 12:10:33.279,0.70555,0.7058,1.60,10.40
2010.07.19 12:10:34.761,0.70555,0.7057,1.60,1.00
2010.07.19 12:10:34.914,0.70555,0.7057,1.00,2.90
2010.07.19 12:10:35.061,0.7055,0.7057,5.60,2.90
2010.07.19 12:10:38.542,0.7055,0.7057,5.60,3.20
2010.07.19 12:10:53.417,0.7056,0.7057,2.40,2.40
2010.07.19 12:10:53.677,0.7056,0.7057,4.00,1.60
2010.07.19 12:10:54.416,0.70555,0.70575,3.20,1.00
2010.07.19 12:10:54.719,0.70555,0.7057,3.20,4.00
2010.07.19 12:10:55.014,0.7055,0.7057,8.80,4.00
2010.07.19 12:10:55.313,0.7055,0.7057,8.00,4.00
2010.07.19 12:10:55.912,0.7056,0.7057,2.40,2.40
2010.07.19 12:10:56.778,0.7055,0.7057,2.40,5.60
2010.07.19 12:11:01.909,0.7055,0.7057,1.00,5.60
2010.07.19 12:11:09.932,0.7055,0.7057,1.00,6.70
2010.07.19 12:11:13.045,0.70545,0.7056,8.00,1.60
2010.07.19 12:11:13.173,0.70545,0.7057,8.40,9.90
2010.07.19 12:11:13.303,0.70545,0.7057,9.20,7.50
2010.07.19 12:11:14.568,0.7055,0.7057,6.40,5.90
2010.07.19 12:11:14.915,0.7055,0.7057,13.20,4.20
2010.07.19 12:11:15.636,0.70555,0.70575,6.80,1.00
2010.07.19 12:11:16.367,0.70555,0.7057,3.20,2.40
2010.07.19 12:11:16.998,0.70555,0.70575,1.00,1.60
2010.07.19 12:11:17.280,0.7055,0.70575,10.00,2.40
2010.07.19 12:11:17.550,0.7055,0.7057,9.20,1.00
2010.07.19 12:11:18.289,0.7055,0.7057,7.20,2.00
2010.07.19 12:11:20.392,0.70545,0.7057,12.40,2.80
2010.07.19 12:11:20.595,0.70545,0.7057,10.80,3.20
2010.07.19 12:11:23.371,0.70545,0.7057,10.00,3.20
2010.07.19 12:11:29.584,0.7055,0.7057,3.20,3.20
2010.07.19 12:11:29.802,0.7055,0.70575,7.60,1.60
2010.07.19 12:11:30.384,0.7055,0.70575,8.40,1.60
2010.07.19 12:11:36.662,0.70555,0.70575,6.00,1.00
2010.07.19 12:11:36.831,0.70555,0.70575,6.80,1.00
2010.07.19 12:11:42.342,0.70555,0.70575,8.80,1.00
2010.07.19 12:11:42.975,0.7056,0.7058,5.60,2.50
2010.07.19 12:11:46.010,0.7056,0.7058,3.20,4.10
2010.07.19 12:11:46.181,0.7056,0.7058,1.00,4.10
2010.07.19 12:11:46.352,0.70555,0.7058,7.60,4.90
2010.07.19 12:11:52.390,0.70555,0.7058,7.60,4.10
2010.07.19 12:11:52.621,0.70555,0.7058,8.40,4.00
2010.07.19 12:11:53.838,0.70555,0.7058,9.20,4.00
2010.07.19 12:11:59.593,0.70555,0.7058,9.20,3.20
2010.07.19 12:12:03.682,0.7056,0.7058,4.80,1.00
2010.07.19 12:12:03.953,0.7056,0.70585,7.60,5.60
2010.07.19 12:12:04.230,0.7056,0.70585,8.40,4.80
2010.07.19 12:12:06.531,0.7056,0.70585,8.40,3.20
2010.07.19 12:12:06.771,0.7056,0.7058,6.80,1.60
2010.07.19 12:12:13.251,0.70565,0.7058,4.80,1.60
2010.07.19 12:12:13.531,0.70565,0.70585,4.80,1.60
2010.07.19 12:12:13.810,0.70565,0.70585,5.60,1.60
2010.07.19 12:12:14.881,0.70565,0.70585,4.80,1.60
2010.07.19 12:12:26.480,0.70565,0.70585,5.60,1.60
2010.07.19 12:12:45.820,0.70565,0.70585,4.80,1.60
2010.07.19 12:12:52.936,0.7056,0.7058,9.20,1.60
2010.07.19 12:12:53.257,0.7056,0.7058,2.40,2.40
2010.07.19 12:12:54.143,0.7056,0.7058,1.00,2.40
2010.07.19 12:12:54.821,0.7056,0.7058,1.00,3.20
2010.07.19 12:12:55.341,0.7056,0.7058,1.00,5.60
2010.07.19 12:12:55.689,0.70555,0.7057,1.00,1.60
2010.07.19 12:12:57.025,0.70555,0.7057,8.40,1.60
2010.07.19 12:12:57.284,0.70555,0.7058,9.20,6.00
2010.07.19 12:12:57.540,0.70555,0.7058,9.20,5.60
2010.07.19 12:12:58.494,0.70555,0.7058,9.20,4.80
2010.07.19 12:13:02.611,0.7056,0.7058,2.80,2.40
2010.07.19 12:13:02.797,0.70565,0.70585,3.20,3.20
2010.07.19 12:13:02.975,0.70565,0.70585,1.00,3.20
2010.07.19 12:13:04.340,0.70565,0.70585,1.00,1.60
2010.07.19 12:13:04.518,0.70565,0.70585,1.00,2.40
2010.07.19 12:13:04.693,0.7056,0.70585,8.40,2.40
2010.07.19 12:13:04.866,0.7056,0.70585,8.40,3.20
2010.07.19 12:13:06.262,0.7056,0.70585,8.40,4.00
2010.07.19 12:13:07.272,0.7056,0.7058,1.60,1.60
2010.07.19 12:13:07.572,0.7056,0.7058,1.00,1.60
2010.07.19 12:13:10.821,0.7056,0.7058,1.00,2.80
2010.07.19 12:13:11.631,0.70555,0.7057,2.40,1.60
2010.07.19 12:13:13.055,0.70555,0.70575,2.40,4.00
2010.07.19 12:13:13.540,0.70555,0.7057,2.40,1.00
2010.07.19 12:13:14.159,0.70555,0.7057,2.40,4.80
2010.07.19 12:13:14.406,0.7055,0.7057,1.00,12.00
2010.07.19 12:13:18.474,0.7055,0.7057,1.00,12.80
2010.07.19 12:13:21.430,0.7055,0.7057,1.00,12.40
2010.07.19 12:13:21.890,0.7055,0.7057,1.00,12.00
2010.07.19 12:13:24.549,0.7055,0.7057,1.00,11.20
2010.07.19 12:13:24.672,0.70555,0.7057,1.60,8.80
2010.07.19 12:13:26.013,0.70555,0.7057,1.60,6.40
2010.07.19 12:13:26.106,0.70555,0.70575,1.60,8.80
2010.07.19 12:13:31.720,0.70555,0.7057,1.60,1.00
2010.07.19 12:13:32.264,0.70555,0.7057,1.60,1.70
2010.07.19 12:13:37.214,0.70555,0.7057,1.60,3.30
2010.07.19 12:13:38.953,0.70555,0.7057,1.60,3.60
2010.07.19 12:13:50.159,0.70555,0.7057,1.60,2.40
2010.07.19 12:13:50.433,0.70555,0.7057,1.60,2.00
2010.07.19 12:13:50.722,0.70555,0.7057,1.60,1.60
2010.07.19 12:13:51.551,0.70555,0.7057,1.60,2.40
2010.07.19 12:13:59.750,0.70555,0.7057,1.60,2.00
2010.07.19 12:13:59.952,0.70555,0.7057,1.60,1.60
2010.07.19 12:14:00.223,0.70555,0.7057,4.00,1.60
2010.07.19 12:14:00.762,0.70555,0.7057,6.40,1.60
2010.07.19 12:14:01.039,0.7056,0.7058,1.60,1.70
2010.07.19 12:14:04.361,0.7056,0.7058,1.60,3.30
2010.07.19 12:14:10.323,0.7057,0.7058,1.00,2.40
2010.07.19 12:14:10.532,0.7057,0.7058,1.00,2.00
2010.07.19 12:14:10.742,0.7057,0.7058,1.00,1.60
2010.07.19 12:14:10.951,0.7057,0.7058,1.00,1.60
2010.07.19 12:14:12.275,0.7057,0.7058,1.00,1.60
2010.07.19 12:14:13.597,0.7057,0.70585,1.00,2.40
2010.07.19 12:14:20.524,0.7057,0.70585,1.00,2.40
2010.07.19 12:14:20.741,0.70565,0.70585,1.20,2.40
2010.07.19 12:14:30.677,0.70565,0.7058,1.20,1.00
2010.07.19 12:14:31.335,0.70565,0.7058,1.20,7.30
2010.07.19 12:14:31.499,0.70565,0.7058,1.00,8.10
2010.07.19 12:14:32.661,0.70565,0.7058,1.00,9.70
2010.07.19 12:14:35.503,0.70565,0.7058,1.00,2.50
2010.07.19 12:14:35.850,0.7056,0.70585,6.80,4.00
2010.07.19 12:14:45.174,0.7056,0.70585,1.60,6.40
2010.07.19 12:14:45.932,0.7056,0.7058,1.00,7.30
2010.07.19 12:14:46.256,0.7056,0.7058,1.00,5.70
2010.07.19 12:14:47.061,0.7056,0.7058,1.00,9.70
2010.07.19 12:14:47.356,0.7056,0.7058,1.00,9.60
2010.07.19 12:14:50.097,0.7056,0.7058,1.00,5.60
2010.07.19 12:14:50.398,0.7056,0.70585,6.40,5.60
2010.07.19 12:14:51.198,0.7056,0.70585,6.80,5.60
2010.07.19 12:14:52.669,0.7056,0.7058,6.80,1.00
2010.07.19 12:14:53.012,0.7056,0.7058,6.80,1.00
2010.07.19 12:14:54.947,0.7056,0.7058,6.80,1.00
2010.07.19 12:14:55.295,0.7056,0.70585,6.80,5.60
2010.07.19 12:14:59.044,0.70555,0.7058,10.00,4.80
2010.07.19 12:15:00.646,0.70555,0.7058,10.00,5.20
2010.07.19 12:15:01.397,0.70555,0.7058,9.20,5.60
2010.07.19 12:15:01.744,0.70555,0.7058,6.80,8.00
2010.07.19 12:15:02.253,0.70555,0.7058,4.40,10.40
2010.07.19 12:15:02.599,0.70555,0.7058,3.20,10.40
2010.07.19 12:15:03.706,0.70555,0.7058,9.20,5.60
2010.07.19 12:15:13.612,0.70555,0.7058,8.80,5.60
2010.07.19 12:15:13.840,0.70555,0.7058,8.00,5.60
2010.07.19 12:15:22.944,0.70555,0.7058,8.00,4.80
2010.07.19 12:15:23.003,0.70555,0.7058,8.00,5.20
2010.07.19 12:15:23.062,0.70555,0.7058,8.00,5.60
2010.07.19 12:15:25.093,0.70555,0.7058,8.00,5.20
2010.07.19 12:15:25.342,0.70555,0.7058,7.20,5.60
2010.07.19 12:15:29.023,0.7056,0.7058,2.00,4.80
2010.07.19 12:15:29.334,0.7056,0.7058,10.00,1.00
2010.07.19 12:15:31.103,0.7056,0.7058,10.00,2.00
2010.07.19 12:15:31.586,0.7056,0.7058,9.20,2.80
2010.07.19 12:15:31.867,0.70555,0.7058,6.00,8.00
2010.07.19 12:15:34.571,0.70555,0.7058,8.40,4.00
2010.07.19 12:15:35.247,0.7056,0.70585,1.60,7.20
2010.07.19 12:15:35.471,0.70565,0.70585,1.60,1.00
2010.07.19 12:15:37.118,0.70565,0.7058,1.00,1.60
2010.07.19 12:15:37.464,0.7056,0.7058,1.00,4.00
2010.07.19 12:15:39.834,0.7056,0.7058,1.00,1.60
2010.07.19 12:15:53.659,0.70565,0.70585,1.00,1.60
2010.07.19 12:15:54.081,0.70565,0.70585,1.00,1.00
2010.07.19 12:15:55.336,0.70565,0.70585,1.60,1.00
2010.07.19 12:15:55.676,0.70565,0.7059,2.40,12.80
2010.07.19 12:16:00.434,0.70565,0.7059,2.80,12.00
2010.07.19 12:16:00.693,0.70565,0.7059,8.40,3.20
2010.07.19 12:16:01.432,0.7057,0.7059,1.00,2.40
2010.07.19 12:16:01.715,0.7057,0.7059,1.00,1.00
2010.07.19 12:16:03.149,0.7057,0.7058,1.00,1.60
2010.07.19 12:16:03.342,0.7057,0.7058,1.00,4.00
2010.07.19 12:16:03.908,0.7057,0.7058,1.00,7.60
2010.07.19 12:16:04.055,0.7057,0.7059,1.00,1.60
2010.07.19 12:16:04.197,0.70565,0.7059,2.80,6.40
2010.07.19 12:16:04.685,0.70565,0.7059,2.40,6.40
2010.07.19 12:16:04.829,0.70565,0.7059,1.60,8.80
2010.07.19 12:16:04.973,0.70565,0.7059,1.60,10.40
2010.07.19 12:16:05.314,0.70565,0.7059,2.40,10.40
2010.07.19 12:16:14.553,0.70565,0.7059,2.40,10.80
2010.07.19 12:16:15.073,0.70565,0.7059,2.40,11.20
2010.07.19 12:16:15.415,0.70565,0.7059,1.60,10.40
2010.07.19 12:16:36.567,0.70565,0.7059,1.60,12.00
2010.07.19 12:16:39.434,0.70565,0.7059,2.40,12.00
2010.07.19 12:16:41.561,0.70565,0.7059,3.20,12.00
2010.07.19 12:16:44.200,0.70565,0.7059,2.80,12.00
2010.07.19 12:16:44.341,0.70565,0.7059,2.40,12.00
2010.07.19 12:16:45.164,0.70565,0.7059,3.20,12.00
2010.07.19 12:16:47.651,0.70565,0.7059,3.60,12.00
2010.07.19 12:16:48.424,0.70565,0.7059,4.70,12.00
2010.07.19 12:16:48.688,0.70565,0.7059,4.70,11.20
2010.07.19 12:16:53.152,0.70565,0.7059,6.30,11.20
2010.07.19 12:16:58.172,0.70565,0.7059,6.10,11.20
2010.07.19 12:16:58.612,0.70565,0.7059,6.80,7.20
2010.07.19 12:16:59.151,0.7057,0.7059,1.00,1.60
2010.07.19 12:17:03.193,0.7057,0.70595,8.40,1.60
2010.07.19 12:17:03.534,0.70575,0.70595,1.00,1.60
2010.07.19 12:17:08.112,0.70575,0.70595,1.60,1.60
2010.07.19 12:17:08.721,0.70575,0.70595,1.70,1.60
2010.07.19 12:17:09.465,0.70575,0.706,9.50,5.60
2010.07.19 12:17:10.498,0.70575,0.706,9.50,4.80
2010.07.19 12:17:12.617,0.7058,0.706,1.00,4.80
2010.07.19 12:17:12.933,0.7058,0.706,1.00,4.80
2010.07.19 12:17:13.143,0.70585,0.706,1.00,4.80
2010.07.19 12:17:14.513,0.70585,0.706,1.00,4.80
2010.07.19 12:17:15.256,0.70575,0.706,12.70,4.80
2010.07.19 12:17:16.041,0.70575,0.706,11.90,4.80
2010.07.19 12:17:17.384,0.70575,0.706,11.90,3.20
2010.07.19 12:17:18.900,0.70575,0.706,11.70,3.20
2010.07.19 12:17:23.356,0.70575,0.706,11.30,3.20
2010.07.19 12:17:23.532,0.70575,0.706,10.50,3.20
2010.07.19 12:17:37.365,0.7059,0.706,1.00,3.20
2010.07.19 12:17:37.748,0.7059,0.70605,4.80,5.20
2010.07.19 12:17:38.055,0.7059,0.70605,8.40,2.40
2010.07.19 12:17:38.549,0.7059,0.70605,10.00,2.40
2010.07.19 12:17:44.969,0.7059,0.70605,3.60,2.40
2010.07.19 12:17:45.053,0.7059,0.70605,2.00,2.40
2010.07.19 12:17:45.141,0.7059,0.70605,2.80,2.40
2010.07.19 12:17:45.787,0.7059,0.70605,2.00,2.40
2010.07.19 12:17:50.815,0.7059,0.70605,1.60,2.40
2010.07.19 12:17:50.935,0.70585,0.70605,8.80,2.40
2010.07.19 12:17:51.417,0.70585,0.70605,6.40,2.40
2010.07.19 12:17:51.656,0.70585,0.70605,3.20,2.40
2010.07.19 12:17:53.367,0.70585,0.70605,3.60,2.40
2010.07.19 12:17:54.046,0.7059,0.70605,1.00,2.40
2010.07.19 12:17:54.347,0.7059,0.70605,1.60,2.40
2010.07.19 12:17:58.921,0.7059,0.70605,2.40,2.40
2010.07.19 12:17:59.012,0.7059,0.70605,6.80,2.40
2010.07.19 12:17:59.101,0.70595,0.70605,2.40,2.40
2010.07.19 12:17:59.191,0.706,0.70605,1.00,2.40
2010.07.19 12:18:12.461,0.70595,0.70605,5.20,2.40
2010.07.19 12:18:14.424,0.70595,0.70605,4.40,2.40
2010.07.19 12:18:17.659,0.70595,0.70605,4.80,2.40
2010.07.19 12:18:17.910,0.70595,0.70605,5.20,2.40
2010.07.19 12:18:22.452,0.70595,0.70605,4.00,2.40
2010.07.19 12:18:24.467,0.70595,0.70605,7.90,2.40
2010.07.19 12:18:24.701,0.706,0.70605,1.00,2.40
2010.07.19 12:18:27.735,0.70605,0.7062,1.00,4.80
2010.07.19 12:18:30.220,0.70605,0.7062,1.00,1.60
2010.07.19 12:18:30.957,0.706,0.70605,1.60,2.40
2010.07.19 12:18:43.172,0.70605,0.7062,1.00,4.00
2010.07.19 12:18:43.767,0.70605,0.7062,2.10,4.00
2010.07.19 12:18:43.999,0.706,0.70605,15.90,2.40
2010.07.19 12:18:46.745,0.7061,0.7063,1.60,1.60
2010.07.19 12:19:15.093,0.7061,0.70635,2.40,4.40
2010.07.19 12:19:15.414,0.70615,0.70635,9.20,1.00
2010.07.19 12:19:15.902,0.7062,0.7064,1.00,3.20
2010.07.19 12:19:16.147,0.70635,0.70655,4.00,2.40
2010.07.19 12:19:16.920,0.70635,0.70655,1.60,2.40
2010.07.19 12:19:17.262,0.70635,0.70655,1.60,1.60
2010.07.19 12:19:18.425,0.7064,0.7066,1.00,1.60
2010.07.19 12:19:18.654,0.7064,0.7066,2.00,1.00
2010.07.19 12:19:19.102,0.7064,0.70665,2.00,6.40
2010.07.19 12:19:19.332,0.7064,0.70665,2.00,4.00
2010.07.19 12:19:20.943,0.70645,0.70665,1.60,2.40
2010.07.19 12:19:30.093,0.70645,0.70665,1.60,1.00
2010.07.19 12:19:51.154,0.70645,0.70665,1.60,2.40
2010.07.19 12:19:56.146,0.7064,0.7066,1.60,3.20
2010.07.19 12:19:56.290,0.7064,0.7066,1.60,3.60
2010.07.19 12:19:56.798,0.7064,0.70655,1.60,1.60
2010.07.19 12:19:57.147,0.70635,0.70655,5.60,1.60
2010.07.19 12:19:58.089,0.70635,0.7066,5.60,8.90
2010.07.19 12:19:59.161,0.70635,0.7066,5.60,7.20
2010.07.19 12:19:59.342,0.70635,0.7066,6.00,8.00
2010.07.19 12:20:00.159,0.70635,0.7066,5.60,8.00
2010.07.19 12:20:00.245,0.70635,0.7066,4.00,8.10
2010.07.19 12:20:00.333,0.70635,0.7066,4.00,8.90
2010.07.19 12:20:01.179,0.70635,0.7066,4.00,8.80
2010.07.19 12:20:01.525,0.70635,0.7066,4.40,8.80
2010.07.19 12:20:02.715,0.70635,0.7066,4.00,8.90
2010.07.19 12:20:03.746,0.70635,0.7066,4.00,8.10
2010.07.19 12:20:05.313,0.70635,0.7066,4.40,8.00
2010.07.19 12:20:05.902,0.70635,0.7066,4.40,7.20
2010.07.19 12:20:07.062,0.70635,0.7066,4.40,7.60
2010.07.19 12:20:07.341,0.70635,0.7066,4.40,8.00
2010.07.19 12:20:10.072,0.70635,0.7066,4.40,7.20
2010.07.19 12:20:13.031,0.70635,0.7066,4.40,8.00
2010.07.19 12:20:13.376,0.70635,0.7066,2.40,8.00
2010.07.19 12:20:13.564,0.70635,0.7066,2.40,8.80
2010.07.19 12:20:23.291,0.70635,0.70655,1.60,1.60
2010.07.19 12:20:23.431,0.7063,0.70655,7.20,3.20
2010.07.19 12:20:23.571,0.7063,0.70655,6.40,3.20
2010.07.19 12:20:24.262,0.70635,0.70655,1.00,2.40
2010.07.19 12:20:28.019,0.70635,0.70655,1.60,2.40
2010.07.19 12:20:28.421,0.70635,0.70655,1.60,3.20
2010.07.19 12:20:28.624,0.70635,0.70655,1.00,3.20
2010.07.19 12:20:37.915,0.7063,0.70655,7.60,3.20
2010.07.19 12:20:38.674,0.7063,0.70655,6.40,3.20
2010.07.19 12:20:44.415,0.70635,0.70655,1.00,3.20
2010.07.19 12:20:44.660,0.70635,0.70655,1.00,3.20
2010.07.19 12:20:45.946,0.7063,0.70655,6.40,3.20
2010.07.19 12:20:48.223,0.70635,0.70655,1.00,2.40
2010.07.19 12:21:03.876,0.70645,0.7066,1.00,3.20
2010.07.19 12:21:04.762,0.7064,0.7066,4.40,1.60
2010.07.19 12:21:06.137,0.7064,0.7066,2.00,1.60
2010.07.19 12:21:06.490,0.7064,0.70665,2.00,4.00
2010.07.19 12:21:07.024,0.7064,0.70665,4.40,4.00
2010.07.19 12:21:07.685,0.7064,0.70665,2.00,4.00
2010.07.19 12:21:12.316,0.7064,0.70665,3.60,4.00
2010.07.19 12:21:15.294,0.7064,0.70665,3.20,4.00
2010.07.19 12:21:20.065,0.70645,0.70665,2.70,1.60
2010.07.19 12:21:20.282,0.70645,0.70665,3.50,1.60
2010.07.19 12:21:20.503,0.70645,0.7067,3.90,3.20
2010.07.19 12:21:21.231,0.7065,0.7067,2.80,1.60
2010.07.19 12:21:22.447,0.70655,0.7067,1.00,1.60
2010.07.19 12:21:22.728,0.7066,0.7067,1.00,1.60
2010.07.19 12:21:24.716,0.70655,0.7067,1.00,1.60
2010.07.19 12:21:31.353,0.7066,0.7067,1.00,1.60
2010.07.19 12:21:32.381,0.70655,0.7067,1.00,1.60
2010.07.19 12:21:32.662,0.7065,0.70665,1.00,1.60
2010.07.19 12:21:32.952,0.7065,0.70665,1.00,5.60
2010.07.19 12:21:40.315,0.70645,0.7066,1.00,1.00
2010.07.19 12:21:41.049,0.70645,0.70655,1.00,1.60
2010.07.19 12:21:48.716,0.70645,0.7066,1.00,3.20
2010.07.19 12:22:21.617,0.70645,0.7066,1.00,1.60
2010.07.19 12:22:21.973,0.70655,0.7067,1.00,15.20
2010.07.19 12:22:22.317,0.7065,0.70665,1.00,5.60
2010.07.19 12:22:25.093,0.7065,0.70665,1.00,3.20
2010.07.19 12:22:25.834,0.70655,0.7067,1.00,10.40
2010.07.19 12:22:26.643,0.70655,0.7067,1.00,5.60
2010.07.19 12:22:27.269,0.70655,0.7067,2.40,1.60
2010.07.19 12:22:27.619,0.7066,0.70675,1.00,9.60
2010.07.19 12:22:27.903,0.7066,0.70675,1.00,10.40
2010.07.19 12:22:37.041,0.70655,0.70675,1.00,10.40
2010.07.19 12:22:48.014,0.7066,0.70675,1.00,10.40
2010.07.19 12:22:48.185,0.7066,0.70675,1.00,12.40
2010.07.19 12:22:48.769,0.7066,0.7067,1.00,1.00
2010.07.19 12:22:48.938,0.70655,0.7067,1.00,6.40
2010.07.19 12:22:49.802,0.7066,0.7067,1.00,3.20
2010.07.19 12:22:50.147,0.70665,0.70675,1.00,3.20
2010.07.19 12:22:51.234,0.70665,0.7067,1.00,1.60
2010.07.19 12:22:52.632,0.70665,0.70675,1.00,1.60
2010.07.19 12:22:52.926,0.70665,0.70675,1.00,3.20
2010.07.19 12:22:54.703,0.70665,0.70675,1.00,1.60
2010.07.19 12:22:55.702,0.70665,0.70675,1.00,3.20
2010.07.19 12:22:55.964,0.7066,0.70675,1.00,3.20
2010.07.19 12:22:56.494,0.7066,0.7067,1.00,1.00
2010.07.19 12:22:56.841,0.70655,0.7067,1.00,1.00
2010.07.19 12:23:02.379,0.70655,0.7067,1.00,1.20
2010.07.19 12:23:02.709,0.70645,0.7066,2.40,1.00
2010.07.19 12:23:03.224,0.70645,0.7066,2.40,2.40
2010.07.19 12:23:03.568,0.70645,0.7066,1.00,4.00
2010.07.19 12:23:04.678,0.70645,0.7066,1.00,2.40
2010.07.19 12:23:04.978,0.70645,0.70655,1.00,1.60
2010.07.19 12:23:05.573,0.70645,0.70655,1.00,4.40
2010.07.19 12:23:05.874,0.70625,0.7064,1.00,4.00
2010.07.19 12:23:06.164,0.70625,0.7064,1.00,5.60
2010.07.19 12:23:07.420,0.70625,0.7064,1.00,6.40
2010.07.19 12:23:07.698,0.7062,0.7064,1.00,6.40
2010.07.19 12:23:08.793,0.7062,0.70635,1.00,1.60
2010.07.19 12:23:09.135,0.7062,0.70635,1.00,3.20
2010.07.19 12:23:19.402,0.7062,0.70635,1.00,1.00
2010.07.19 12:23:37.200,0.7062,0.70635,1.00,2.40
2010.07.19 12:23:37.468,0.7062,0.70635,1.00,3.20
2010.07.19 12:23:39.775,0.7062,0.7063,1.00,1.00
2010.07.19 12:23:43.186,0.7062,0.7063,5.60,1.00
2010.07.19 12:23:43.434,0.7062,0.7063,4.80,1.60
2010.07.19 12:23:44.152,0.70615,0.7063,1.00,3.20
2010.07.19 12:23:44.415,0.70615,0.7063,1.00,1.60
2010.07.19 12:23:44.684,0.70615,0.70635,1.00,5.60
2010.07.19 12:23:45.464,0.7062,0.70635,1.00,3.20
2010.07.19 12:23:57.155,0.70615,0.70635,1.00,3.20
2010.07.19 12:24:16.274,0.7062,0.70635,1.00,3.20
2010.07.19 12:24:22.602,0.7062,0.7063,1.00,1.00
2010.07.19 12:24:22.943,0.7062,0.7063,1.00,2.40
2010.07.19 12:24:27.588,0.7061,0.7063,6.80,1.60
2010.07.19 12:24:29.459,0.7061,0.70635,6.80,3.20
2010.07.19 12:24:35.051,0.7061,0.7063,6.00,1.60
2010.07.19 12:24:37.792,0.7061,0.7063,5.60,1.60
2010.07.19 12:24:44.587,0.7061,0.70635,6.40,3.20
2010.07.19 12:24:44.698,0.70615,0.70635,4.40,1.60
2010.07.19 12:24:44.803,0.70615,0.7064,6.00,4.80
2010.07.19 12:24:45.148,0.70615,0.7064,12.50,2.40
2010.07.19 12:24:45.977,0.7062,0.7064,1.00,2.40
2010.07.19 12:24:49.803,0.7062,0.7064,1.60,2.40
2010.07.19 12:24:56.639,0.7062,0.7064,1.60,1.00
2010.07.19 12:24:56.982,0.7063,0.7065,1.00,2.40
2010.07.19 12:24:57.947,0.7063,0.7065,1.00,1.60
2010.07.19 12:24:58.227,0.7063,0.7065,1.60,1.60
2010.07.19 12:24:59.964,0.70635,0.7065,1.00,1.60
2010.07.19 12:25:00.329,0.7063,0.7065,1.60,1.60
2010.07.19 12:25:04.151,0.7063,0.7065,2.40,1.60
2010.07.19 12:25:04.281,0.7063,0.70655,2.40,7.60
2010.07.19 12:25:04.412,0.7063,0.70655,4.80,4.40
2010.07.19 12:25:04.552,0.70635,0.70655,1.00,4.40
2010.07.19 12:25:04.757,0.7064,0.7066,1.00,2.40
2010.07.19 12:25:04.954,0.7064,0.70665,3.20,4.40
2010.07.19 12:25:05.157,0.70645,0.70665,1.00,2.40
2010.07.19 12:25:05.931,0.70645,0.70665,1.70,2.40
2010.07.19 12:25:06.160,0.7065,0.70665,1.00,1.60
2010.07.19 12:25:06.889,0.70655,0.70675,1.00,1.60
2010.07.19 12:25:07.242,0.70655,0.7068,13.20,2.40
2010.07.19 12:25:08.177,0.70655,0.70675,13.20,1.60
2010.07.19 12:25:09.023,0.70655,0.7068,12.80,2.40
2010.07.19 12:25:09.312,0.70655,0.7068,12.40,2.40
2010.07.19 12:25:11.788,0.7066,0.70685,1.60,8.40
2010.07.19 12:25:12.085,0.70665,0.7069,1.60,8.00
2010.07.19 12:25:12.374,0.70665,0.70685,1.60,1.60
2010.07.19 12:25:14.072,0.70665,0.7069,1.60,7.20
2010.07.19 12:25:14.216,0.70665,0.7069,2.40,6.40
2010.07.19 12:25:14.356,0.70665,0.7069,3.20,6.40
2010.07.19 12:25:15.089,0.70665,0.7069,5.60,4.00
2010.07.19 12:25:16.136,0.70665,0.70685,3.20,1.00
2010.07.19 12:25:16.653,0.70665,0.70685,2.40,1.00
2010.07.19 12:25:18.428,0.70665,0.7069,3.20,7.20
2010.07.19 12:25:20.311,0.70665,0.7069,1.60,7.20
2010.07.19 12:25:28.323,0.70665,0.70685,1.00,1.00
2010.07.19 12:25:32.512,0.7066,0.7068,4.80,1.70
2010.07.19 12:25:33.178,0.7066,0.7068,1.60,3.30
2010.07.19 12:25:34.206,0.7066,0.7068,1.60,1.70
2010.07.19 12:25:34.442,0.7066,0.7068,1.60,3.30
2010.07.19 12:25:38.506,0.70655,0.7068,9.60,4.90
2010.07.19 12:25:39.965,0.70655,0.7068,7.20,4.90
2010.07.19 12:25:44.102,0.70655,0.7068,7.20,4.00
2010.07.19 12:25:44.898,0.70655,0.7068,9.60,3.20
2010.07.19 12:25:47.367,0.70655,0.7068,7.60,3.20
2010.07.19 12:25:47.646,0.7066,0.70685,3.20,4.00
2010.07.19 12:25:47.907,0.7066,0.7068,3.20,1.60
2010.07.19 12:25:49.975,0.7066,0.70685,3.20,4.00
2010.07.19 12:25:50.553,0.7066,0.70685,4.00,4.00
2010.07.19 12:25:51.412,0.7066,0.70685,4.80,3.20
2010.07.19 12:25:52.158,0.7066,0.70685,6.40,3.20
2010.07.19 12:25:52.303,0.70665,0.70685,1.60,1.60
2010.07.19 12:25:56.181,0.70665,0.7069,1.60,6.40
2010.07.19 12:25:56.662,0.70665,0.70685,1.60,1.60
2010.07.19 12:25:56.822,0.70665,0.70685,1.00,2.40
2010.07.19 12:26:03.826,0.7066,0.70685,6.40,3.20
2010.07.19 12:26:04.498,0.7066,0.7068,4.00,1.00
2010.07.19 12:26:09.179,0.7066,0.7068,3.20,1.00
2010.07.19 12:26:11.600,0.7066,0.7068,5.60,1.00
2010.07.19 12:26:12.169,0.7066,0.70685,6.40,4.00
2010.07.19 12:26:13.693,0.7066,0.70685,6.40,3.20
2010.07.19 12:26:19.852,0.7066,0.70685,6.40,2.40
2010.07.19 12:26:19.973,0.70665,0.70685,1.00,2.40
2010.07.19 12:26:20.642,0.70665,0.7069,1.60,4.00
2010.07.19 12:26:20.934,0.70665,0.70685,1.00,2.40
2010.07.19 12:26:32.481,0.70665,0.7068,1.00,1.60
2010.07.19 12:26:32.682,0.7066,0.7068,5.60,1.60
2010.07.19 12:26:32.894,0.7066,0.7068,2.40,1.60
2010.07.19 12:26:33.605,0.7066,0.7068,2.40,2.40
2010.07.19 12:26:33.860,0.7066,0.7068,1.60,1.00
2010.07.19 12:26:34.115,0.7066,0.7068,2.40,1.60
2010.07.19 12:26:34.364,0.7066,0.7068,1.60,3.20
2010.07.19 12:26:40.982,0.7066,0.7068,2.40,1.60
2010.07.19 12:26:41.142,0.7066,0.7068,4.80,1.60
2010.07.19 12:26:43.267,0.7066,0.7068,2.40,1.60
2010.07.19 12:26:44.020,0.7066,0.7068,1.60,3.20
2010.07.19 12:26:44.310,0.7066,0.7068,1.60,1.60
2010.07.19 12:26:44.593,0.7066,0.70685,2.40,6.40
2010.07.19 12:26:44.883,0.7066,0.70685,2.40,4.00
2010.07.19 12:26:48.351,0.7066,0.7068,2.40,1.60
2010.07.19 12:26:48.491,0.7066,0.7068,1.00,1.60
2010.07.19 12:26:49.032,0.7066,0.7068,1.00,2.40
2010.07.19 12:26:49.483,0.70655,0.7068,6.40,3.20
2010.07.19 12:26:50.922,0.70655,0.7068,6.40,4.00
2010.07.19 12:26:54.141,0.70655,0.7068,8.40,4.00
2010.07.19 12:26:54.271,0.7066,0.7068,1.00,1.00
2010.07.19 12:26:54.936,0.7066,0.70685,4.00,3.20
2010.07.19 12:26:55.072,0.70665,0.70685,1.00,3.20
2010.07.19 12:26:59.059,0.7066,0.70685,3.20,4.00
2010.07.19 12:27:04.955,0.70655,0.7068,10.30,3.20
2010.07.19 12:27:05.374,0.70655,0.7067,9.50,1.60
2010.07.19 12:27:05.892,0.70655,0.7067,8.70,1.60
2010.07.19 12:27:06.239,0.70655,0.7067,1.00,4.00
2010.07.19 12:27:06.583,0.70655,0.70665,1.00,1.60
2010.07.19 12:27:12.283,0.70655,0.7066,1.00,1.60
2010.07.19 12:27:23.644,0.70645,0.7066,1.00,1.60
2010.07.19 12:27:37.187,0.70645,0.70665,1.60,7.60
2010.07.19 12:27:37.306,0.70645,0.70665,1.60,5.60
2010.07.19 12:27:37.715,0.70645,0.70665,3.20,1.60
2010.07.19 12:27:39.224,0.70645,0.70665,2.40,1.60
2010.07.19 12:27:39.807,0.70645,0.70665,1.60,1.60
2010.07.19 12:27:40.778,0.7064,0.70665,4.80,3.20
2010.07.19 12:27:41.128,0.7064,0.7066,4.80,4.00
2010.07.19 12:27:41.692,0.7064,0.7066,4.80,3.60
2010.07.19 12:27:41.912,0.7064,0.7066,5.60,3.20
2010.07.19 12:27:49.117,0.7064,0.7066,6.40,2.40
2010.07.19 12:27:49.241,0.7064,0.7066,6.40,1.60
2010.07.19 12:27:51.859,0.7064,0.7066,5.60,2.40
2010.07.19 12:27:52.091,0.70645,0.70665,1.60,1.60
2010.07.19 12:27:53.301,0.7065,0.7067,1.60,1.60
2010.07.19 12:27:53.594,0.7065,0.70675,4.80,6.00
2010.07.19 12:27:54.179,0.70655,0.70675,1.60,2.80
2010.07.19 12:27:54.535,0.7066,0.70675,1.00,1.60
2010.07.19 12:27:56.453,0.7066,0.7067,1.00,1.60
2010.07.19 12:27:56.573,0.7065,0.7067,2.40,1.60
2010.07.19 12:27:56.868,0.7065,0.7067,1.60,1.60
2010.07.19 12:28:01.484,0.70645,0.7067,6.40,3.20
2010.07.19 12:28:02.083,0.70645,0.7067,4.00,5.60
2010.07.19 12:28:02.247,0.70645,0.70665,4.00,1.60
2010.07.19 12:28:03.052,0.70645,0.70665,4.40,1.60
2010.07.19 12:28:03.211,0.70645,0.70665,4.80,1.60
2010.07.19 12:28:04.023,0.70645,0.70665,3.20,1.60
2010.07.19 12:28:04.753,0.70645,0.70665,1.60,3.20
2010.07.19 12:28:06.322,0.70645,0.70665,4.00,1.60
2010.07.19 12:28:06.654,0.70645,0.7067,3.20,6.40
2010.07.19 12:28:06.983,0.70645,0.7067,6.40,3.20
2010.07.19 12:28:07.836,0.70645,0.70665,5.60,1.60
2010.07.19 12:28:08.025,0.70645,0.70665,1.60,3.20
2010.07.19 12:28:08.212,0.7064,0.70665,6.40,3.20
2010.07.19 12:28:12.121,0.70645,0.70665,1.60,3.20
2010.07.19 12:28:15.265,0.7065,0.7067,3.20,3.20
2010.07.19 12:28:15.359,0.7065,0.7067,3.20,1.00
2010.07.19 12:28:15.452,0.7065,0.70675,3.20,4.00
2010.07.19 12:28:16.716,0.7065,0.70675,4.00,4.00
2010.07.19 12:28:20.502,0.7065,0.70675,4.80,4.00
2010.07.19 12:28:20.903,0.70655,0.70675,1.60,2.40
2010.07.19 12:28:21.931,0.70655,0.70675,1.60,1.60
2010.07.19 12:28:29.889,0.7065,0.7067,6.40,1.60
2010.07.19 12:28:30.237,0.7065,0.7067,4.00,1.60
2010.07.19 12:28:30.587,0.7065,0.7067,6.40,1.60
2010.07.19 12:28:34.292,0.7065,0.7067,5.60,1.60
2010.07.19 12:28:34.413,0.7065,0.7067,1.60,1.60
2010.07.19 12:28:34.653,0.7065,0.70665,1.00,1.60
2010.07.19 12:28:34.773,0.70645,0.70665,4.80,1.60
2010.07.19 12:28:36.676,0.70645,0.7067,4.90,5.60
2010.07.19 12:28:36.936,0.70645,0.7067,7.30,3.20
2010.07.19 12:28:40.111,0.70645,0.7067,8.00,3.20
2010.07.19 12:28:41.727,0.70645,0.70665,4.80,1.60
2010.07.19 12:28:50.245,0.70645,0.70665,3.20,1.60
2010.07.19 12:29:02.237,0.70645,0.70665,5.60,1.60
2010.07.19 12:29:06.240,0.70645,0.70665,3.20,1.60
2010.07.19 12:29:06.693,0.70645,0.70665,5.60,1.60
2010.07.19 12:29:07.814,0.70645,0.70665,7.20,1.60
2010.07.19 12:29:19.033,0.70645,0.70665,9.20,1.60
2010.07.19 12:29:19.298,0.70655,0.70675,1.60,2.40
2010.07.19 12:29:20.909,0.70655,0.7067,1.60,1.00
2010.07.19 12:29:21.547,0.70655,0.7067,1.60,1.00
2010.07.19 12:29:22.167,0.70655,0.7067,1.60,1.60
2010.07.19 12:29:24.217,0.70655,0.7067,1.60,2.40
2010.07.19 12:29:27.166,0.70655,0.70675,1.60,1.60
2010.07.19 12:29:29.562,0.70655,0.70675,2.10,1.60
2010.07.19 12:29:30.268,0.70655,0.70675,2.50,1.60
2010.07.19 12:29:31.463,0.70655,0.70675,3.30,1.60
2010.07.19 12:29:34.514,0.70655,0.70675,3.70,1.60
2010.07.19 12:29:39.307,0.70655,0.70675,2.00,6.00
2010.07.19 12:29:39.613,0.70655,0.7067,1.20,1.60
2010.07.19 12:29:41.477,0.70655,0.7067,2.00,1.60
2010.07.19 12:29:41.742,0.70655,0.70675,2.80,1.60
2010.07.19 12:29:47.258,0.70655,0.7067,2.80,1.60
2010.07.19 12:29:47.444,0.70655,0.70675,2.80,1.60
2010.07.19 12:29:52.315,0.70655,0.70675,1.60,1.60
2010.07.19 12:29:58.203,0.70655,0.7067,1.60,1.60
2010.07.19 12:30:03.029,0.70655,0.7068,6.40,3.20
2010.07.19 12:30:03.365,0.7066,0.7068,3.20,1.60
2010.07.19 12:30:03.987,0.7066,0.7067,5.60,1.60
2010.07.19 12:30:04.222,0.70655,0.70675,3.20,4.00
2010.07.19 12:30:04.934,0.70665,0.7067,1.60,1.60
2010.07.19 12:30:05.289,0.70665,0.70675,1.60,1.60
2010.07.19 12:30:05.635,0.70665,0.7068,1.60,4.80
2010.07.19 12:30:06.773,0.70665,0.70675,1.60,1.60
2010.07.19 12:30:08.734,0.7066,0.7068,2.40,3.20
2010.07.19 12:30:09.722,0.7066,0.7068,2.40,3.60
2010.07.19 12:30:10.443,0.7066,0.7068,2.40,4.00
2010.07.19 12:30:10.983,0.7066,0.7068,2.40,3.20
2010.07.19 12:30:11.996,0.7066,0.7068,2.40,4.00
2010.07.19 12:30:13.273,0.7066,0.70675,1.00,1.60
2010.07.19 12:30:14.234,0.70655,0.70675,5.60,1.60
2010.07.19 12:30:22.004,0.70655,0.7068,5.60,4.80
2010.07.19 12:30:22.263,0.70655,0.7068,5.60,4.40
2010.07.19 12:30:22.526,0.7066,0.7068,1.00,4.00
2010.07.19 12:30:23.142,0.7066,0.7068,1.00,3.20
2010.07.19 12:30:25.092,0.7066,0.7068,1.00,4.00
2010.07.19 12:30:25.936,0.7066,0.7068,1.00,3.20
2010.07.19 12:30:27.238,0.70655,0.70675,5.60,1.60
2010.07.19 12:30:27.567,0.70655,0.70675,4.00,1.60
2010.07.19 12:30:28.357,0.7066,0.70675,1.00,1.60
2010.07.19 12:30:28.691,0.7066,0.70675,1.60,1.60
2010.07.19 12:30:29.017,0.70665,0.70675,1.00,1.60
2010.07.19 12:30:29.781,0.70665,0.70675,1.60,1.60
2010.07.19 12:30:38.775,0.70665,0.70675,1.60,2.40
2010.07.19 12:30:40.592,0.7066,0.70675,1.60,2.40
2010.07.19 12:30:41.617,0.7066,0.7067,1.60,1.70
2010.07.19 12:30:41.813,0.70655,0.7067,1.60,1.20
2010.07.19 12:30:42.482,0.70655,0.7067,1.00,3.60
2010.07.19 12:30:42.832,0.70655,0.7067,1.60,6.00
2010.07.19 12:30:44.955,0.70655,0.7067,1.60,3.60
2010.07.19 12:30:48.535,0.70655,0.7067,1.60,2.00
2010.07.19 12:30:48.878,0.7066,0.7067,1.60,1.00
2010.07.19 12:30:49.703,0.7066,0.70675,1.60,2.40
2010.07.19 12:30:55.054,0.7066,0.70675,1.60,1.00
2010.07.19 12:30:55.352,0.70665,0.70675,1.60,1.00
2010.07.19 12:31:00.158,0.70665,0.7068,1.60,3.50
2010.07.19 12:31:12.390,0.70665,0.70675,1.00,1.60
2010.07.19 12:31:26.732,0.70665,0.7068,1.00,3.50
2010.07.19 12:31:38.082,0.70665,0.7068,1.00,3.20
2010.07.19 12:31:40.373,0.70665,0.7068,1.00,5.60
2010.07.19 12:31:40.655,0.7066,0.7068,1.00,8.00
2010.07.19 12:31:40.955,0.7066,0.7067,1.00,1.00
2010.07.19 12:31:41.620,0.70655,0.7067,2.00,1.00
2010.07.19 12:31:45.813,0.70655,0.7067,2.00,1.20
2010.07.19 12:31:52.344,0.70655,0.7067,2.00,3.60
2010.07.19 12:32:00.676,0.70655,0.7067,1.60,4.40
2010.07.19 12:32:05.707,0.70655,0.7067,1.60,2.00
2010.07.19 12:32:07.213,0.70655,0.7067,1.60,4.40
2010.07.19 12:32:08.576,0.70655,0.7067,2.40,4.40
2010.07.19 12:32:10.298,0.70655,0.7067,2.40,4.10
2010.07.19 12:32:11.506,0.70655,0.7067,2.40,3.30
2010.07.19 12:32:14.131,0.70655,0.7067,2.40,4.10
2010.07.19 12:32:17.868,0.70655,0.7067,2.40,5.70
2010.07.19 12:32:18.493,0.70655,0.7067,2.40,4.90
2010.07.19 12:32:20.421,0.70655,0.7067,2.40,4.80
2010.07.19 12:32:20.964,0.70655,0.7067,2.40,1.00
2010.07.19 12:32:21.142,0.7066,0.7067,1.00,1.00
2010.07.19 12:32:22.494,0.7066,0.70675,2.40,4.00
2010.07.19 12:32:23.190,0.70665,0.70675,1.00,2.40
2010.07.19 12:32:23.376,0.70665,0.70675,2.40,1.00
2010.07.19 12:32:23.912,0.70665,0.7068,2.40,7.20
2010.07.19 12:32:25.286,0.70665,0.7068,2.40,5.60
2010.07.19 12:32:27.685,0.70665,0.7068,2.40,4.90
2010.07.19 12:32:28.047,0.70665,0.7068,2.40,4.80
2010.07.19 12:32:29.225,0.7067,0.7069,4.80,1.90
2010.07.19 12:32:29.963,0.7068,0.70695,1.00,3.10
2010.07.19 12:32:30.645,0.7068,0.70695,2.30,1.50
2010.07.19 12:32:31.435,0.7068,0.70695,2.30,3.10
2010.07.19 12:32:32.361,0.7068,0.70695,2.30,1.50
2010.07.19 12:32:32.629,0.7068,0.70695,2.40,1.50
2010.07.19 12:32:33.412,0.7068,0.70695,2.40,3.10
2010.07.19 12:32:33.735,0.70675,0.70695,2.40,3.10
2010.07.19 12:32:35.274,0.70675,0.7069,2.40,1.00
2010.07.19 12:32:35.351,0.7068,0.70695,1.60,1.50
2010.07.19 12:32:35.422,0.7068,0.70695,2.40,1.50
2010.07.19 12:32:38.165,0.7068,0.70695,2.40,1.00
2010.07.19 12:32:39.802,0.7068,0.70695,2.40,2.30
2010.07.19 12:32:41.866,0.70685,0.707,1.60,3.40
2010.07.19 12:32:43.198,0.70685,0.70695,1.60,1.60
2010.07.19 12:32:47.597,0.70685,0.707,1.60,3.40
2010.07.19 12:32:50.094,0.70685,0.707,1.60,2.40
2010.07.19 12:32:50.934,0.70685,0.707,1.60,1.60
2010.07.19 12:32:54.540,0.7069,0.70705,1.00,12.80
2010.07.19 12:32:54.891,0.7069,0.70705,4.40,2.40
2010.07.19 12:32:55.227,0.707,0.70705,1.00,2.40
2010.07.19 12:32:55.565,0.70695,0.707,2.40,1.60
2010.07.19 12:32:56.394,0.707,0.70705,2.40,2.40
2010.07.19 12:32:56.674,0.707,0.70705,2.40,4.00
2010.07.19 12:32:56.955,0.70695,0.70705,2.40,2.40
2010.07.19 12:32:58.041,0.707,0.70705,1.00,2.40
2010.07.19 12:32:58.801,0.70695,0.70705,2.40,2.40
2010.07.19 12:33:04.958,0.707,0.70705,1.60,2.40
2010.07.19 12:33:05.261,0.707,0.70705,2.40,2.40
2010.07.19 12:33:06.541,0.70705,0.7072,1.60,3.20
2010.07.19 12:33:07.564,0.707,0.70705,4.80,2.40
2010.07.19 12:33:07.881,0.707,0.70705,1.60,2.40
2010.07.19 12:33:12.729,0.707,0.70705,1.00,2.40
2010.07.19 12:33:17.022,0.70695,0.70705,3.20,2.40
2010.07.19 12:33:17.513,0.70695,0.70705,2.40,2.40
2010.07.19 12:33:24.415,0.70695,0.70705,1.00,2.40
2010.07.19 12:33:24.676,0.7069,0.70705,1.60,2.40
2010.07.19 12:33:25.407,0.70685,0.70705,2.40,4.80
2010.07.19 12:33:26.037,0.70685,0.70705,1.60,3.20
2010.07.19 12:33:28.059,0.70685,0.70705,1.60,4.80
2010.07.19 12:33:29.391,0.7069,0.70705,1.00,3.20
2010.07.19 12:33:29.934,0.7069,0.707,1.00,1.00
2010.07.19 12:33:33.442,0.7069,0.70705,1.00,3.20
2010.07.19 12:33:34.168,0.7069,0.70705,1.00,2.40
2010.07.19 12:33:34.501,0.7069,0.70705,1.60,2.40
2010.07.19 12:33:37.748,0.7069,0.70705,1.60,3.20
2010.07.19 12:33:41.265,0.70695,0.70705,1.60,3.20
2010.07.19 12:33:41.553,0.70695,0.70705,1.60,2.40
2010.07.19 12:33:43.237,0.707,0.70705,1.60,2.40
2010.07.19 12:33:51.525,0.70695,0.70705,2.40,2.40
2010.07.19 12:33:51.713,0.70695,0.70705,1.60,2.40
2010.07.19 12:33:56.866,0.707,0.70705,1.00,2.40
2010.07.19 12:33:58.324,0.707,0.70705,1.60,2.40
2010.07.19 12:34:13.407,0.707,0.70705,1.00,2.40
2010.07.19 12:34:15.364,0.70695,0.70705,3.20,2.40
2010.07.19 12:34:17.044,0.70695,0.70705,1.60,2.40
2010.07.19 12:34:22.419,0.70695,0.70705,2.40,2.40
2010.07.19 12:34:26.576,0.70695,0.70705,1.60,2.40
2010.07.19 12:34:28.983,0.70695,0.70705,2.40,2.40
2010.07.19 12:34:32.654,0.70695,0.70705,1.60,2.40
2010.07.19 12:34:33.057,0.70695,0.70705,2.40,2.40
2010.07.19 12:34:33.933,0.707,0.70705,1.00,2.40
2010.07.19 12:34:35.305,0.70695,0.70705,2.40,2.40
2010.07.19 12:34:35.451,0.70695,0.70705,1.00,2.40
2010.07.19 12:34:37.914,0.7069,0.70705,3.20,3.20
2010.07.19 12:34:47.835,0.7069,0.70705,1.60,3.20
2010.07.19 12:35:06.136,0.70685,0.70705,1.60,4.80
2010.07.19 12:35:06.478,0.70685,0.707,1.60,1.60
2010.07.19 12:35:07.249,0.70685,0.707,1.60,4.00
2010.07.19 12:35:07.552,0.70685,0.707,1.00,4.50
2010.07.19 12:35:08.315,0.70685,0.70695,1.00,1.60
2010.07.19 12:35:08.594,0.70685,0.70695,1.00,3.20
2010.07.19 12:35:08.866,0.7067,0.70695,1.60,10.40
2010.07.19 12:35:09.667,0.7067,0.7069,1.60,2.40
2010.07.19 12:35:09.972,0.7067,0.7069,1.60,4.00
2010.07.19 12:35:12.038,0.7067,0.7069,1.60,1.60
2010.07.19 12:35:12.195,0.7067,0.7069,1.60,4.00
2010.07.19 12:35:13.410,0.7067,0.7069,2.40,2.40
2010.07.19 12:35:13.680,0.70675,0.70695,1.60,2.40
2010.07.19 12:35:19.894,0.7068,0.707,1.60,4.80
2010.07.19 12:35:20.730,0.70685,0.70705,1.60,9.60
2010.07.19 12:35:20.825,0.70685,0.70705,1.60,7.20
2010.07.19 12:35:25.246,0.70685,0.70705,1.60,5.60
2010.07.19 12:35:27.584,0.70685,0.70705,1.60,8.00
2010.07.19 12:35:31.314,0.70685,0.707,1.60,1.00
2010.07.19 12:35:31.498,0.70685,0.707,1.00,1.00
2010.07.19 12:35:31.676,0.7068,0.70695,1.00,1.60
2010.07.19 12:35:31.855,0.70675,0.70695,4.00,1.60
2010.07.19 12:35:32.033,0.70675,0.70695,3.20,1.60
2010.07.19 12:35:33.030,0.70675,0.70695,1.60,5.60
2010.07.19 12:35:33.373,0.70675,0.70695,1.00,5.60
2010.07.19 12:35:36.301,0.70675,0.70695,1.60,5.60
2010.07.19 12:35:44.369,0.70675,0.70695,2.40,4.80
2010.07.19 12:35:44.578,0.70675,0.70695,3.20,1.60
2010.07.19 12:35:47.940,0.70675,0.707,3.20,5.60
2010.07.19 12:35:48.072,0.70675,0.707,5.60,3.20
2010.07.19 12:35:48.233,0.70675,0.707,5.60,2.40
2010.07.19 12:35:48.392,0.7068,0.707,1.00,1.60
2010.07.19 12:35:50.141,0.7068,0.70695,1.00,1.60
2010.07.19 12:35:50.442,0.70675,0.70695,3.20,1.60
2010.07.19 12:35:53.572,0.70675,0.707,3.20,3.20
2010.07.19 12:35:58.353,0.70675,0.707,1.60,4.00
2010.07.19 12:36:20.161,0.70685,0.70705,1.60,4.00
2010.07.19 12:36:20.911,0.7069,0.70705,1.00,2.40
2010.07.19 12:36:21.024,0.7069,0.70705,1.00,4.00
2010.07.19 12:36:22.282,0.7069,0.70705,1.00,2.40
2010.07.19 12:36:31.510,0.7069,0.70705,1.00,3.20
2010.07.19 12:36:32.180,0.70685,0.70705,1.60,3.20
2010.07.19 12:36:32.811,0.70685,0.70705,1.60,4.80
2010.07.19 12:36:33.099,0.7068,0.707,1.60,4.00
2010.07.19 12:36:35.841,0.7068,0.707,1.00,4.40
2010.07.19 12:36:36.018,0.70675,0.70695,3.20,1.60
2010.07.19 12:36:36.191,0.70675,0.707,3.20,6.40
2010.07.19 12:36:37.013,0.7067,0.70675,3.20,4.00
2010.07.19 12:36:37.360,0.70655,0.7067,1.60,1.00
2010.07.19 12:36:38.222,0.70655,0.7067,1.00,1.00
2010.07.19 12:36:38.470,0.70645,0.7067,5.60,3.60
2010.07.19 12:36:38.815,0.70645,0.7067,5.60,2.00
2010.07.19 12:36:39.497,0.70645,0.7067,5.60,3.60
2010.07.19 12:36:40.279,0.7064,0.7066,2.40,3.30
2010.07.19 12:36:41.018,0.70635,0.70655,1.00,1.60
2010.07.19 12:36:41.360,0.7063,0.7065,1.60,1.00
2010.07.19 12:36:43.437,0.7063,0.7065,1.60,1.80
2010.07.19 12:36:44.113,0.7063,0.7065,1.60,1.60
2010.07.19 12:36:44.961,0.7063,0.7065,1.00,3.60
2010.07.19 12:36:46.365,0.7063,0.7065,1.60,1.80
2010.07.19 12:36:50.337,0.7063,0.7065,1.60,3.60
2010.07.19 12:36:51.114,0.7063,0.7065,1.00,3.60
2010.07.19 12:36:54.387,0.7063,0.7064,1.00,1.00
2010.07.19 12:36:58.980,0.70625,0.7064,7.20,1.00
2010.07.19 12:37:00.373,0.70625,0.7063,3.20,2.80
2010.07.19 12:37:00.602,0.70605,0.70625,1.00,2.40
2010.07.19 12:37:00.827,0.70605,0.70625,2.40,1.60
2010.07.19 12:37:01.545,0.706,0.70625,5.60,4.00
2010.07.19 12:37:03.479,0.706,0.7062,5.60,1.00
2010.07.19 12:37:03.779,0.706,0.7062,5.60,1.60
2010.07.19 12:37:04.126,0.706,0.7062,5.60,1.70
2010.07.19 12:37:04.944,0.706,0.70615,1.60,1.00
2010.07.19 12:37:05.181,0.706,0.7061,1.60,1.00
2010.07.19 12:37:05.863,0.70595,0.7061,4.00,1.00
2010.07.19 12:37:06.742,0.70595,0.70605,2.40,1.00
2010.07.19 12:37:10.702,0.70595,0.70605,2.40,3.20
2010.07.19 12:37:11.022,0.70595,0.7061,2.40,1.00
2010.07.19 12:37:11.683,0.70595,0.70615,3.20,4.00
2010.07.19 12:37:12.021,0.70595,0.70615,4.00,2.40
2010.07.19 12:37:12.345,0.70595,0.70615,4.00,1.00
2010.07.19 12:37:13.401,0.706,0.7062,1.00,1.00
2010.07.19 12:37:13.996,0.706,0.7062,1.60,1.00
2010.07.19 12:37:14.794,0.706,0.7062,1.60,1.60
2010.07.19 12:37:17.238,0.706,0.7062,1.60,1.00
2010.07.19 12:37:17.510,0.706,0.7062,4.00,1.00
2010.07.19 12:37:18.221,0.706,0.7062,5.60,1.00
2010.07.19 12:37:27.634,0.706,0.70625,5.60,4.00
2010.07.19 12:37:47.353,0.706,0.7062,5.60,1.00
2010.07.19 12:37:48.004,0.706,0.7062,1.00,3.30
2010.07.19 12:37:48.843,0.70595,0.7061,9.60,1.00
2010.07.19 12:37:50.166,0.70595,0.7061,2.40,2.00
2010.07.19 12:37:50.508,0.70595,0.7061,2.40,4.40
2010.07.19 12:37:51.323,0.70595,0.70605,2.40,2.40
2010.07.19 12:37:51.847,0.70595,0.70605,2.40,4.00
2010.07.19 12:38:04.103,0.70595,0.70605,2.40,2.40
2010.07.19 12:38:05.601,0.70595,0.70605,2.40,1.00
2010.07.19 12:38:06.872,0.70595,0.7061,2.40,4.10
2010.07.19 12:38:07.587,0.70595,0.7061,2.40,3.30
2010.07.19 12:38:07.840,0.70595,0.7061,2.40,1.60
2010.07.19 12:38:10.841,0.70595,0.7061,2.40,2.90
2010.07.19 12:38:11.156,0.70595,0.7061,2.40,4.10
2010.07.19 12:38:11.475,0.70595,0.70605,2.40,1.00
2010.07.19 12:38:12.300,0.70595,0.70605,2.40,2.40
2010.07.19 12:38:24.624,0.70595,0.70605,2.40,1.00
2010.07.19 12:38:30.524,0.70595,0.7061,2.40,1.60
2010.07.19 12:38:36.285,0.70595,0.70615,2.40,3.20
2010.07.19 12:38:59.598,0.70595,0.70615,2.40,4.00
2010.07.19 12:39:02.954,0.70595,0.70615,4.00,2.40
2010.07.19 12:39:07.236,0.70595,0.70615,4.00,1.60
2010.07.19 12:39:27.624,0.70595,0.7062,4.80,4.80
2010.07.19 12:39:28.431,0.706,0.7062,4.00,1.00
2010.07.19 12:39:28.596,0.706,0.70625,4.00,4.00
2010.07.19 12:39:38.611,0.70605,0.70625,4.00,1.00
2010.07.19 12:39:38.872,0.70605,0.7063,4.80,4.80
2010.07.19 12:39:39.596,0.70605,0.7063,4.80,4.00
2010.07.19 12:39:39.869,0.7061,0.7063,1.00,4.00
2010.07.19 12:39:40.216,0.7061,0.7063,1.60,3.20
2010.07.19 12:39:40.559,0.7061,0.7063,1.60,1.60
2010.07.19 12:39:41.797,0.7061,0.7063,1.60,3.20
2010.07.19 12:39:42.485,0.70615,0.7063,1.00,2.00
2010.07.19 12:39:42.691,0.70615,0.70635,1.00,3.20
2010.07.19 12:39:42.884,0.70615,0.70635,1.00,4.00
2010.07.19 12:39:47.004,0.70615,0.70635,1.00,2.40
2010.07.19 12:39:48.920,0.70615,0.7063,1.00,1.00
2010.07.19 12:39:49.005,0.70615,0.7063,1.00,1.00
2010.07.19 12:39:49.434,0.70615,0.70635,1.00,2.40
2010.07.19 12:39:53.754,0.70615,0.70635,1.60,2.40
2010.07.19 12:40:03.081,0.70615,0.70635,1.60,1.60
2010.07.19 12:40:06.520,0.7061,0.7063,4.00,2.50
2010.07.19 12:40:07.007,0.70605,0.7063,10.80,2.80
2010.07.19 12:40:07.565,0.70605,0.7063,6.40,3.60
2010.07.19 12:40:07.908,0.70605,0.7063,6.40,5.20
2010.07.19 12:40:09.392,0.7061,0.7063,3.20,2.50
2010.07.19 12:40:10.577,0.7061,0.7063,4.80,2.50
2010.07.19 12:40:15.438,0.7061,0.7063,4.80,3.30
2010.07.19 12:40:15.666,0.7061,0.7063,5.60,2.40
2010.07.19 12:40:15.895,0.70615,0.70635,1.00,4.80
2010.07.19 12:40:16.123,0.70615,0.70635,1.60,2.40
2010.07.19 12:40:16.815,0.70615,0.70635,1.60,4.00
2010.07.19 12:40:17.313,0.70615,0.70635,1.60,3.20
2010.07.19 12:40:20.492,0.70615,0.70635,1.60,1.60
2010.07.19 12:40:21.648,0.70615,0.70635,1.00,2.40
2010.07.19 12:40:24.183,0.70615,0.70635,1.00,4.00
2010.07.19 12:40:26.224,0.7062,0.70635,3.20,1.00
2010.07.19 12:40:26.425,0.7062,0.7064,7.60,1.00
2010.07.19 12:40:26.624,0.70625,0.70645,1.00,2.40
2010.07.19 12:40:27.277,0.70625,0.7065,5.60,5.90
2010.07.19 12:40:27.635,0.7063,0.7065,1.00,4.30
2010.07.19 12:40:30.688,0.7063,0.7065,3.20,4.30
2010.07.19 12:40:33.596,0.7063,0.7065,3.20,4.00
2010.07.19 12:40:33.765,0.7063,0.7065,4.00,1.60
2010.07.19 12:40:35.677,0.7063,0.7065,4.00,2.40
2010.07.19 12:40:36.454,0.7063,0.7065,4.00,1.60
2010.07.19 12:40:38.076,0.70635,0.70655,1.60,2.40
2010.07.19 12:40:39.343,0.70635,0.70655,1.60,1.60
2010.07.19 12:40:40.179,0.70635,0.70655,4.80,1.60
2010.07.19 12:40:40.526,0.70635,0.70655,6.40,1.60
2010.07.19 12:40:44.461,0.7064,0.70655,1.00,1.60
2010.07.19 12:40:44.632,0.7064,0.70665,5.60,5.20
2010.07.19 12:40:46.492,0.70645,0.70665,4.80,2.40
2010.07.19 12:40:52.433,0.70645,0.70665,4.80,1.00
2010.07.19 12:40:52.548,0.70645,0.7067,5.60,6.10
2010.07.19 12:40:52.775,0.70645,0.7067,5.60,4.50
2010.07.19 12:40:53.377,0.70655,0.7067,1.00,1.60
2010.07.19 12:40:53.701,0.70655,0.7068,1.60,7.60
2010.07.19 12:40:54.020,0.7066,0.7068,1.60,3.60
2010.07.19 12:40:54.805,0.70665,0.7068,1.60,1.80
2010.07.19 12:41:05.066,0.70665,0.7068,1.60,1.00
2010.07.19 12:41:05.257,0.70665,0.70685,1.60,2.40
2010.07.19 12:41:05.913,0.7066,0.70685,4.00,4.00
2010.07.19 12:41:06.202,0.7066,0.7068,1.60,1.60
2010.07.19 12:41:19.625,0.70675,0.70695,1.60,7.20
2010.07.19 12:41:19.890,0.70675,0.70695,2.40,3.20
2010.07.19 12:41:20.378,0.7068,0.70695,1.00,2.40
2010.07.19 12:41:20.641,0.7068,0.707,4.00,1.20
2010.07.19 12:41:20.988,0.7068,0.70705,4.00,6.40
2010.07.19 12:41:22.073,0.70695,0.70705,2.40,6.40
2010.07.19 12:41:22.320,0.70695,0.707,2.40,1.60
2010.07.19 12:41:24.929,0.7069,0.707,2.40,1.60
2010.07.19 12:41:25.406,0.7069,0.707,2.40,3.20
2010.07.19 12:41:28.115,0.70675,0.707,7.30,3.20
2010.07.19 12:41:32.514,0.70675,0.707,8.10,3.20
2010.07.19 12:41:34.154,0.70675,0.707,8.00,3.20
2010.07.19 12:41:34.336,0.70675,0.707,7.20,3.20
2010.07.19 12:41:55.304,0.70675,0.70695,7.20,1.60
2010.07.19 12:41:58.626,0.70675,0.70695,6.40,1.60
2010.07.19 12:42:02.054,0.70675,0.707,6.40,3.20
2010.07.19 12:42:20.055,0.70675,0.70695,1.60,1.60
2010.07.19 12:42:23.206,0.70675,0.70695,1.00,1.60
2010.07.19 12:42:23.469,0.70675,0.70695,1.00,2.40
2010.07.19 12:42:29.841,0.70675,0.70695,4.80,1.00
2010.07.19 12:42:30.175,0.70675,0.707,4.80,3.20
2010.07.19 12:42:30.514,0.70675,0.707,5.30,3.20
2010.07.19 12:42:30.853,0.70675,0.707,7.30,3.20
2010.07.19 12:42:35.113,0.70675,0.707,8.10,3.20
2010.07.19 12:42:59.098,0.70685,0.707,1.00,1.60
2010.07.19 12:43:09.117,0.70685,0.707,1.00,1.60
2010.07.19 12:43:18.515,0.70685,0.707,1.70,1.60
2010.07.19 12:43:22.347,0.70695,0.707,1.00,1.60
2010.07.19 12:43:22.556,0.70685,0.707,2.10,1.60
2010.07.19 12:43:23.490,0.70685,0.70705,2.10,5.60
2010.07.19 12:43:25.546,0.70685,0.70705,1.90,5.60
2010.07.19 12:43:27.522,0.70685,0.70705,5.90,4.80
2010.07.19 12:43:28.241,0.70685,0.70705,8.30,4.00
2010.07.19 12:43:28.371,0.7069,0.70705,1.00,2.40
2010.07.19 12:43:37.953,0.7069,0.70705,1.00,4.00
2010.07.19 12:43:38.334,0.70685,0.70705,8.30,4.00
2010.07.19 12:43:39.415,0.70685,0.70705,8.30,2.40
2010.07.19 12:43:40.668,0.70685,0.70705,5.20,4.00
2010.07.19 12:43:41.178,0.70685,0.70705,4.40,4.80
2010.07.19 12:43:41.431,0.70685,0.70705,3.20,5.60
2010.07.19 12:43:43.797,0.70685,0.707,3.20,1.60
2010.07.19 12:43:45.910,0.70685,0.707,1.30,1.60
2010.07.19 12:43:46.498,0.70685,0.707,1.70,2.40
2010.07.19 12:43:47.165,0.70685,0.707,1.00,2.40
2010.07.19 12:43:56.312,0.70685,0.707,1.20,2.40
2010.07.19 12:43:56.346,0.70685,0.707,1.60,2.40
2010.07.19 12:43:56.385,0.70685,0.707,1.00,2.40
2010.07.19 12:44:03.776,0.7068,0.707,1.00,2.40
2010.07.19 12:44:05.528,0.70675,0.707,3.20,5.60
2010.07.19 12:44:05.818,0.70675,0.707,4.80,5.60
2010.07.19 12:44:08.245,0.70675,0.707,5.50,5.60
2010.07.19 12:44:08.890,0.70675,0.707,6.10,5.60
2010.07.19 12:44:09.203,0.70675,0.707,6.70,2.40
2010.07.19 12:44:09.505,0.70675,0.707,6.70,1.60
2010.07.19 12:44:10.872,0.70675,0.707,8.30,1.60
2010.07.19 12:44:20.768,0.70685,0.707,1.00,1.60
2010.07.19 12:44:20.904,0.70685,0.70705,1.00,10.00
2010.07.19 12:44:21.048,0.70685,0.70705,1.20,7.60
2010.07.19 12:44:26.983,0.70685,0.70705,1.60,7.60
2010.07.19 12:44:29.447,0.70685,0.70705,1.20,7.60
2010.07.19 12:44:30.248,0.70685,0.707,1.00,1.60
2010.07.19 12:44:42.537,0.7068,0.707,1.00,2.40
2010.07.19 12:44:42.786,0.70675,0.707,8.00,3.20
2010.07.19 12:44:44.128,0.70675,0.707,6.40,4.00
2010.07.19 12:44:44.468,0.70675,0.707,4.00,6.40
2010.07.19 12:44:45.887,0.70675,0.707,3.20,6.40
2010.07.19 12:44:50.003,0.70675,0.707,4.00,6.40
2010.07.19 12:44:50.194,0.70675,0.707,6.60,4.00
2010.07.19 12:44:50.397,0.7068,0.707,1.00,2.40
2010.07.19 12:44:50.978,0.7068,0.707,1.00,1.60
2010.07.19 12:44:53.291,0.7068,0.707,1.00,2.40
2010.07.19 12:44:53.458,0.7067,0.7069,1.60,1.60
2010.07.19 12:44:55.207,0.7067,0.7069,1.60,4.80
2010.07.19 12:44:55.446,0.7067,0.70685,1.60,1.60
2010.07.19 12:44:55.656,0.7067,0.70685,1.00,1.60
2010.07.19 12:44:57.505,0.7067,0.7069,1.00,6.40
2010.07.19 12:44:57.690,0.7067,0.70685,1.00,1.60
2010.07.19 12:44:57.866,0.7067,0.70685,1.60,1.60
2010.07.19 12:44:58.038,0.70665,0.70685,4.80,1.60
2010.07.19 12:44:59.961,0.70665,0.70685,4.40,1.60
2010.07.19 12:45:00.136,0.70665,0.70685,3.20,1.60
2010.07.19 12:45:01.595,0.70665,0.70685,3.30,1.60
2010.07.19 12:45:02.875,0.70665,0.70685,4.10,1.60
2010.07.19 12:45:04.865,0.70665,0.70685,4.00,1.60
2010.07.19 12:45:05.567,0.70665,0.70685,3.60,1.60
2010.07.19 12:45:05.907,0.70665,0.70685,3.20,1.60
2010.07.19 12:45:07.005,0.70665,0.7068,1.60,1.60
2010.07.19 12:45:08.471,0.70665,0.7068,1.00,1.60
2010.07.19 12:45:23.959,0.7066,0.7068,1.00,1.60
2010.07.19 12:45:24.799,0.7066,0.7068,1.00,4.00
2010.07.19 12:45:28.369,0.7066,0.70675,1.00,1.60
2010.07.19 12:45:28.634,0.70655,0.7068,4.90,4.00
2010.07.19 12:45:28.878,0.70655,0.7068,6.40,5.60
2010.07.19 12:45:30.474,0.70655,0.7068,4.90,5.60
2010.07.19 12:45:30.625,0.70655,0.7068,3.30,5.60
2010.07.19 12:45:32.114,0.7066,0.7068,1.00,4.80
2010.07.19 12:45:32.632,0.7066,0.7068,1.00,4.00
2010.07.19 12:45:32.941,0.7066,0.7068,1.00,1.60
2010.07.19 12:45:35.783,0.7066,0.7068,1.60,1.60
2010.07.19 12:45:37.971,0.7066,0.7068,1.00,4.80
2010.07.19 12:45:45.355,0.70655,0.7068,4.00,5.60
2010.07.19 12:45:47.316,0.70655,0.70675,4.00,1.60
2010.07.19 12:45:48.384,0.70655,0.7067,1.00,1.60
2010.07.19 12:45:48.638,0.7065,0.7066,2.40,1.60
2010.07.19 12:45:49.515,0.70655,0.70665,1.00,1.60
2010.07.19 12:45:49.992,0.70655,0.70665,1.00,1.60
2010.07.19 12:45:50.682,0.70655,0.7066,1.00,1.60
2010.07.19 12:45:51.029,0.70645,0.70665,4.10,2.40
2010.07.19 12:45:51.367,0.70645,0.70665,3.30,1.60
2010.07.19 12:45:52.241,0.70645,0.70655,1.60,1.60
2010.07.19 12:45:52.491,0.70645,0.7066,1.20,3.40
2010.07.19 12:45:52.780,0.70645,0.70655,1.20,1.60
2010.07.19 12:45:53.543,0.70645,0.70655,1.20,2.00
2010.07.19 12:45:54.145,0.70635,0.70655,1.60,2.00
2010.07.19 12:45:54.448,0.7063,0.7065,7.20,1.60
2010.07.19 12:45:54.749,0.7063,0.7065,2.80,1.60
2010.07.19 12:45:55.434,0.70635,0.7066,4.80,3.20
2010.07.19 12:45:55.632,0.7064,0.70665,1.00,4.00
2010.07.19 12:45:55.922,0.7064,0.7066,1.60,1.60
2010.07.19 12:45:56.762,0.70645,0.70665,1.60,1.00
2010.07.19 12:45:57.850,0.70645,0.70665,4.00,1.00
2010.07.19 12:45:58.176,0.70645,0.70665,1.60,4.80
2010.07.19 12:45:58.488,0.70645,0.70665,1.60,6.40
2010.07.19 12:46:00.754,0.7065,0.70665,4.40,1.60
2010.07.19 12:46:01.020,0.70655,0.70675,1.60,2.40
2010.07.19 12:46:01.367,0.70655,0.7067,1.00,1.00
2010.07.19 12:46:02.064,0.70655,0.70675,1.00,3.20
2010.07.19 12:46:02.346,0.70655,0.70675,1.60,2.40
2010.07.19 12:46:04.253,0.70655,0.7068,7.40,5.60
2010.07.19 12:46:04.344,0.70655,0.7068,8.20,4.80
2010.07.19 12:46:05.241,0.70655,0.7068,10.20,3.20
2010.07.19 12:46:05.345,0.70655,0.7068,13.40,1.60
2010.07.19 12:46:05.691,0.7066,0.70685,4.00,4.00
2010.07.19 12:46:06.825,0.7066,0.7068,1.60,1.60
2010.07.19 12:46:07.136,0.7066,0.7068,1.00,1.60
2010.07.19 12:46:07.453,0.70655,0.70675,1.60,3.20
2010.07.19 12:46:08.199,0.70655,0.70675,1.60,4.00
2010.07.19 12:46:08.551,0.70655,0.7067,1.60,1.60
2010.07.19 12:46:10.278,0.7065,0.7067,3.20,1.60
2010.07.19 12:46:12.937,0.7065,0.70675,6.40,3.20
2010.07.19 12:46:15.126,0.7065,0.7067,6.40,1.60
2010.07.19 12:46:19.326,0.7065,0.7067,4.00,1.60
2010.07.19 12:46:19.497,0.7065,0.7067,3.20,2.40
2010.07.19 12:46:19.665,0.7065,0.7067,2.40,3.20
2010.07.19 12:46:19.836,0.70645,0.7067,3.20,4.00
2010.07.19 12:46:30.446,0.70645,0.7067,1.60,4.00
2010.07.19 12:46:35.282,0.70645,0.7067,2.40,4.00
2010.07.19 12:46:35.422,0.70645,0.7067,5.90,4.00
2010.07.19 12:46:35.828,0.70645,0.7067,5.60,4.10
2010.07.19 12:46:36.531,0.70645,0.70665,5.20,2.40
2010.07.19 12:46:36.780,0.70635,0.7066,1.00,10.80
2010.07.19 12:46:37.129,0.7064,0.7066,1.00,4.00
2010.07.19 12:46:37.968,0.70635,0.70655,1.60,1.60
2010.07.19 12:46:38.985,0.70635,0.7066,1.60,4.80
2010.07.19 12:46:40.036,0.70635,0.70655,1.00,2.40
2010.07.19 12:46:40.305,0.70635,0.7066,1.00,5.60
2010.07.19 12:46:40.575,0.70635,0.7066,1.60,4.80
2010.07.19 12:46:42.023,0.70635,0.7066,1.70,4.80
2010.07.19 12:46:42.143,0.70635,0.7066,2.50,4.80
2010.07.19 12:46:42.264,0.70635,0.7066,3.30,4.00
2010.07.19 12:46:51.215,0.70635,0.7066,3.30,3.20
2010.07.19 12:46:51.296,0.70635,0.7066,5.70,3.20
2010.07.19 12:46:51.871,0.70635,0.7066,7.30,3.20
2010.07.19 12:46:51.924,0.7064,0.7066,1.00,2.40
2010.07.19 12:46:54.374,0.7064,0.7066,1.00,3.20
2010.07.19 12:46:54.630,0.7064,0.7066,1.00,5.60
2010.07.19 12:46:56.519,0.7064,0.7066,1.00,4.80
2010.07.19 12:46:59.953,0.7064,0.7066,1.00,2.40
2010.07.19 12:47:00.215,0.7064,0.7066,1.00,4.80
2010.07.19 12:47:11.110,0.70635,0.7066,2.80,5.60
2010.07.19 12:47:11.315,0.70635,0.7066,2.80,5.60
2010.07.19 12:47:11.606,0.70635,0.7066,2.90,6.40
2010.07.19 12:47:11.894,0.70635,0.7066,3.00,6.40
2010.07.19 12:47:12.185,0.70635,0.7066,3.10,6.40
2010.07.19 12:47:13.255,0.70635,0.7066,3.20,6.40
2010.07.19 12:47:13.424,0.70635,0.7066,3.20,6.40
2010.07.19 12:47:16.603,0.70635,0.7066,3.20,5.60
2010.07.19 12:47:17.621,0.70635,0.7066,3.20,6.40
2010.07.19 12:47:18.391,0.70635,0.7066,3.40,6.40
2010.07.19 12:47:18.618,0.70645,0.7066,1.00,6.40
2010.07.19 12:47:22.079,0.70645,0.7066,1.00,5.60
2010.07.19 12:47:23.837,0.70635,0.7066,2.00,8.40
2010.07.19 12:47:24.502,0.70635,0.70655,1.20,5.20
2010.07.19 12:47:24.840,0.7062,0.70635,2.40,1.60
2010.07.19 12:47:25.549,0.7062,0.70645,2.40,3.20
2010.07.19 12:47:25.889,0.70625,0.70645,1.00,3.20
2010.07.19 12:47:26.749,0.7062,0.70645,6.40,3.20
2010.07.19 12:47:27.091,0.7062,0.70645,2.40,3.20
2010.07.19 12:47:29.197,0.70625,0.70645,1.00,3.20
2010.07.19 12:47:29.397,0.70625,0.70645,1.00,3.20
2010.07.19 12:47:32.075,0.70625,0.70645,1.70,3.20
2010.07.19 12:47:33.205,0.70625,0.70645,1.70,2.40
2010.07.19 12:47:33.875,0.70625,0.70645,3.30,1.00
2010.07.19 12:47:35.667,0.70625,0.7065,3.30,8.80
2010.07.19 12:47:38.524,0.70625,0.7065,3.30,8.00
2010.07.19 12:47:44.224,0.70625,0.7065,3.30,8.80
2010.07.19 12:47:50.005,0.70625,0.7065,3.30,8.00
2010.07.19 12:47:52.087,0.70625,0.7065,3.30,8.80
2010.07.19 12:47:57.206,0.70625,0.7065,3.20,8.80
2010.07.19 12:47:58.247,0.70625,0.70645,1.60,1.60
2010.07.19 12:47:58.528,0.70625,0.70645,1.00,2.40
2010.07.19 12:47:59.085,0.70625,0.70645,1.00,1.00
2010.07.19 12:47:59.561,0.70625,0.70645,1.00,2.40
2010.07.19 12:48:03.998,0.70625,0.70645,1.60,2.40
2010.07.19 12:48:04.798,0.70625,0.70645,1.70,1.00
2010.07.19 12:48:05.547,0.70625,0.70645,2.50,1.00
2010.07.19 12:48:06.174,0.70625,0.7065,2.50,8.80
2010.07.19 12:48:06.432,0.70635,0.70655,1.00,5.60
2010.07.19 12:48:07.151,0.70645,0.7065,1.00,1.60
2010.07.19 12:48:07.500,0.70645,0.7067,5.70,3.20
2010.07.19 12:48:07.848,0.70645,0.70655,7.60,1.60
2010.07.19 12:48:08.839,0.70645,0.70665,7.60,1.60
2010.07.19 12:48:09.079,0.70645,0.7067,7.60,3.20
2010.07.19 12:48:09.318,0.70645,0.7067,7.60,1.60
2010.07.19 12:48:12.455,0.70645,0.7067,6.00,1.60
2010.07.19 12:48:12.935,0.70645,0.7067,3.30,5.60
2010.07.19 12:48:13.064,0.70645,0.7067,3.70,5.60
2010.07.19 12:48:13.914,0.70645,0.7067,6.10,1.60
2010.07.19 12:48:16.466,0.7065,0.70675,1.60,9.60
2010.07.19 12:48:26.356,0.7065,0.70675,1.60,8.00
2010.07.19 12:48:30.660,0.7065,0.7067,1.60,1.60
2010.07.19 12:48:30.886,0.70645,0.7067,7.70,3.20
2010.07.19 12:48:31.179,0.70645,0.7067,5.30,5.60
2010.07.19 12:48:31.476,0.70645,0.7067,4.90,5.60
2010.07.19 12:48:31.765,0.70645,0.7067,5.30,5.60
2010.07.19 12:48:32.536,0.70645,0.7067,7.70,1.60
2010.07.19 12:48:32.769,0.7065,0.70675,1.00,8.00
2010.07.19 12:48:32.997,0.7065,0.7067,1.00,1.60
2010.07.19 12:48:33.225,0.7065,0.7067,1.00,4.00
2010.07.19 12:48:33.913,0.70645,0.7067,5.30,5.60
2010.07.19 12:48:37.479,0.70645,0.7067,5.30,4.00
2010.07.19 12:48:37.855,0.7065,0.70675,1.00,8.00
2010.07.19 12:48:41.042,0.70645,0.7067,7.70,1.60
2010.07.19 12:48:41.202,0.70645,0.7067,5.20,5.60
2010.07.19 12:48:41.355,0.70645,0.7067,4.80,5.60
2010.07.19 12:48:41.504,0.70645,0.7067,4.40,5.60
2010.07.19 12:48:43.454,0.70645,0.7067,2.80,5.60
2010.07.19 12:48:48.585,0.70645,0.7067,3.20,5.60
2010.07.19 12:48:48.725,0.70645,0.7067,3.70,5.60
2010.07.19 12:48:49.349,0.70645,0.7067,3.60,5.60
2010.07.19 12:48:52.475,0.70645,0.7067,2.80,5.60
2010.07.19 12:48:57.595,0.70645,0.70665,2.80,1.60
2010.07.19 12:48:57.803,0.70645,0.70665,1.20,5.60
2010.07.19 12:48:58.011,0.70645,0.7066,1.20,3.20
2010.07.19 12:48:58.701,0.70635,0.7066,4.80,4.00
2010.07.19 12:48:59.049,0.70635,0.7066,3.20,6.40
2010.07.19 12:48:59.680,0.70635,0.7066,1.60,6.40
2010.07.19 12:49:00.038,0.70635,0.70655,1.60,1.60
2010.07.19 12:49:10.608,0.7063,0.70655,6.40,1.60
2010.07.19 12:49:18.594,0.7063,0.70655,6.40,3.20
2010.07.19 12:49:21.278,0.7063,0.70655,6.40,4.00
2010.07.19 12:49:27.706,0.7063,0.7065,5.60,1.00
2010.07.19 12:49:28.230,0.7063,0.7065,5.60,1.00
2010.07.19 12:49:28.420,0.7063,0.70655,5.60,4.00
2010.07.19 12:49:30.139,0.7063,0.70655,6.40,2.40
2010.07.19 12:49:32.045,0.70635,0.70655,1.00,1.60
2010.07.19 12:49:53.027,0.70635,0.7066,1.00,7.30
2010.07.19 12:49:53.210,0.70635,0.7066,1.60,7.20
2010.07.19 12:49:58.595,0.70635,0.7066,1.60,4.80
2010.07.19 12:50:01.663,0.70635,0.7066,1.60,4.90
2010.07.19 12:50:07.054,0.70635,0.7066,1.60,4.40
2010.07.19 12:50:07.723,0.70635,0.7066,2.10,4.00
2010.07.19 12:50:08.043,0.7064,0.70665,1.60,8.40
2010.07.19 12:50:09.109,0.7065,0.70665,1.00,2.80
2010.07.19 12:50:09.448,0.70665,0.70685,1.00,2.40
2010.07.19 12:50:09.787,0.7067,0.70685,1.00,1.60
2010.07.19 12:50:10.637,0.7067,0.7069,1.00,4.00
2010.07.19 12:50:12.462,0.7067,0.7069,1.00,4.80
2010.07.19 12:50:15.391,0.7067,0.7069,1.00,3.20
2010.07.19 12:50:17.448,0.7067,0.7069,1.00,6.40
2010.07.19 12:50:18.360,0.7067,0.7069,1.60,4.00
2010.07.19 12:50:18.597,0.7067,0.7069,4.00,1.60
2010.07.19 12:50:22.665,0.7067,0.7069,3.20,1.60
2010.07.19 12:50:22.888,0.70665,0.7069,4.10,2.40
2010.07.19 12:50:23.101,0.70665,0.7069,4.10,4.80
2010.07.19 12:50:25.164,0.70665,0.7069,4.10,5.60
2010.07.19 12:50:27.353,0.70665,0.7069,4.50,4.80
2010.07.19 12:50:28.779,0.7066,0.70665,4.80,2.00
2010.07.19 12:50:28.894,0.7066,0.70665,4.00,3.20
2010.07.19 12:50:29.007,0.70655,0.7066,1.60,1.40
2010.07.19 12:50:29.347,0.7065,0.70675,4.00,2.40
2010.07.19 12:50:30.213,0.70655,0.7068,1.60,8.00
2010.07.19 12:50:33.776,0.70655,0.7068,1.60,8.80
2010.07.19 12:50:34.897,0.70655,0.70675,1.60,2.40
2010.07.19 12:50:36.488,0.70655,0.7067,1.60,1.00
2010.07.19 12:50:36.760,0.7065,0.7067,4.00,1.00
2010.07.19 12:50:37.493,0.7065,0.7067,1.60,2.00
2010.07.19 12:50:37.718,0.7065,0.7067,1.60,4.40
2010.07.19 12:50:38.055,0.70645,0.7067,7.20,4.40
2010.07.19 12:50:38.866,0.70645,0.7067,6.40,3.60
2010.07.19 12:50:39.614,0.70645,0.7067,6.40,5.20
2010.07.19 12:50:40.237,0.70645,0.7066,5.60,1.00
2010.07.19 12:50:40.377,0.70645,0.70655,4.00,3.20
2010.07.19 12:50:40.520,0.70645,0.70655,1.60,4.00
2010.07.19 12:50:40.657,0.70635,0.70655,1.60,4.00
2010.07.19 12:50:41.234,0.70635,0.70655,1.60,6.40
2010.07.19 12:50:50.160,0.70635,0.70655,1.60,4.80
2010.07.19 12:50:57.643,0.70635,0.7065,1.60,1.00
2010.07.19 12:50:57.875,0.70635,0.7065,1.60,1.00
2010.07.19 12:51:10.795,0.70635,0.7065,1.60,1.00
2010.07.19 12:51:10.895,0.70635,0.70655,1.60,6.40
2010.07.19 12:51:16.697,0.70635,0.70655,1.60,6.80
2010.07.19 12:51:18.846,0.70635,0.7065,1.60,1.00
2010.07.19 12:51:34.533,0.70645,0.70665,1.00,3.20
2010.07.19 12:51:35.075,0.70645,0.70665,1.00,2.40
2010.07.19 12:51:35.282,0.7065,0.70655,1.60,1.60
2010.07.19 12:51:36.363,0.7065,0.7067,1.60,4.00
2010.07.19 12:51:37.169,0.7065,0.7067,1.60,2.40
2010.07.19 12:51:37.396,0.7065,0.7067,4.00,1.00
2010.07.19 12:51:37.855,0.7065,0.7067,4.00,2.40
2010.07.19 12:51:38.678,0.7065,0.7067,4.00,1.00
2010.07.19 12:51:40.326,0.7065,0.70675,4.00,5.60
2010.07.19 12:51:44.305,0.7065,0.7067,4.00,1.00
2010.07.19 12:52:00.158,0.7065,0.70675,4.00,4.00
2010.07.19 12:52:07.393,0.7065,0.7067,4.00,1.00
2010.07.19 12:52:07.778,0.70645,0.70665,3.20,1.60
2010.07.19 12:52:09.879,0.70645,0.7067,3.20,6.40
2010.07.19 12:52:21.075,0.70645,0.7067,3.20,5.60
2010.07.19 12:52:21.325,0.70645,0.7067,5.60,3.20
2010.07.19 12:52:21.815,0.70645,0.7067,7.20,3.20
2010.07.19 12:52:23.475,0.70645,0.70665,6.80,1.60
2010.07.19 12:52:24.090,0.70645,0.70665,6.40,1.60
2010.07.19 12:52:27.287,0.70645,0.7067,6.40,3.20
2010.07.19 12:52:27.545,0.70645,0.70665,6.40,1.60
2010.07.19 12:52:31.075,0.70645,0.7066,5.60,1.00
2010.07.19 12:52:31.203,0.7064,0.70655,1.00,1.60
2010.07.19 12:52:31.805,0.70635,0.7065,2.50,1.00
2010.07.19 12:52:32.153,0.7063,0.7065,5.60,1.70
2010.07.19 12:52:32.975,0.7063,0.7065,4.80,4.40
2010.07.19 12:52:33.290,0.7063,0.7065,4.80,2.80
2010.07.19 12:52:34.675,0.7063,0.7065,4.80,4.40
2010.07.19 12:52:42.328,0.7063,0.7065,6.40,3.30
2010.07.19 12:52:42.588,0.7063,0.7065,6.40,1.60
2010.07.19 12:52:42.846,0.7063,0.70655,6.40,4.00
2010.07.19 12:52:43.668,0.70635,0.7065,1.60,1.60
2010.07.19 12:52:44.998,0.70635,0.70655,1.60,1.60
2010.07.19 12:52:47.553,0.7064,0.7066,3.20,1.60
2010.07.19 12:52:47.900,0.7064,0.7066,4.00,1.60
2010.07.19 12:52:48.764,0.70645,0.7066,1.60,1.60
2010.07.19 12:52:49.106,0.70645,0.70665,1.60,2.40
2010.07.19 12:52:54.385,0.70645,0.70665,2.00,2.40
2010.07.19 12:52:54.992,0.70645,0.70665,2.40,2.40
2010.07.19 12:52:59.210,0.70645,0.70665,1.00,2.40
2010.07.19 12:52:59.819,0.7064,0.70665,4.80,2.80
2010.07.19 12:52:59.932,0.70635,0.70655,2.40,1.00
2010.07.19 12:53:00.047,0.70635,0.70655,1.60,1.00
2010.07.19 12:53:00.905,0.70635,0.7065,1.60,1.00
2010.07.19 12:53:01.792,0.7063,0.70655,6.40,4.40
2010.07.19 12:53:02.019,0.7063,0.70655,6.40,3.60
2010.07.19 12:53:03.528,0.7063,0.70655,6.40,2.00
2010.07.19 12:53:04.415,0.7063,0.70655,6.40,3.60
2010.07.19 12:53:05.720,0.70635,0.70655,1.00,2.80
2010.07.19 12:53:06.008,0.70635,0.70655,1.60,1.60
2010.07.19 12:53:12.006,0.70635,0.70655,2.00,1.60
2010.07.19 12:53:12.689,0.70635,0.70655,2.40,1.60
2010.07.19 12:53:12.955,0.70645,0.70665,1.20,2.40
2010.07.19 12:53:13.607,0.70645,0.70665,5.70,1.60
2010.07.19 12:53:13.858,0.70645,0.7066,5.70,1.60
2010.07.19 12:53:14.678,0.70645,0.70665,5.70,2.40
2010.07.19 12:53:15.020,0.70645,0.70665,2.50,2.40
2010.07.19 12:53:21.655,0.70655,0.70665,1.00,1.60
2010.07.19 12:53:22.321,0.70655,0.70665,1.00,1.60
2010.07.19 12:53:22.431,0.70645,0.70665,2.50,2.40
2010.07.19 12:53:35.560,0.70645,0.7067,5.70,3.20
2010.07.19 12:53:36.304,0.70645,0.70665,5.70,1.60
2010.07.19 12:53:36.654,0.70665,0.70685,1.00,1.60
2010.07.19 12:53:37.460,0.70675,0.70695,1.60,4.80
2010.07.19 12:53:37.800,0.70675,0.70695,1.60,1.60
2010.07.19 12:53:38.827,0.70665,0.7067,17.30,1.60
2010.07.19 12:53:39.519,0.70675,0.70695,1.60,1.60
2010.07.19 12:53:39.943,0.7068,0.707,1.00,4.00
2010.07.19 12:53:41.336,0.70685,0.70705,1.00,4.80
2010.07.19 12:53:41.566,0.70685,0.70705,1.60,4.80
2010.07.19 12:53:42.449,0.7068,0.70705,4.00,5.60
2010.07.19 12:53:42.661,0.7068,0.707,1.60,1.60
2010.07.19 12:53:43.282,0.7068,0.70695,1.00,1.00
2010.07.19 12:53:43.632,0.70675,0.70695,1.00,2.40
2010.07.19 12:53:57.186,0.70675,0.707,5.70,3.20
2010.07.19 12:53:58.402,0.70675,0.707,6.00,3.20
2010.07.19 12:54:01.015,0.7068,0.707,1.00,3.20
2010.07.19 12:54:01.205,0.70685,0.707,1.00,3.20
2010.07.19 12:54:02.015,0.7068,0.707,1.00,3.20
2010.07.19 12:54:02.302,0.70675,0.707,6.00,3.20
2010.07.19 12:54:03.717,0.7068,0.707,1.00,3.20
2010.07.19 12:54:04.248,0.70685,0.707,1.00,1.00
2010.07.19 12:54:04.596,0.70675,0.707,7.60,1.00
2010.07.19 12:54:04.889,0.70675,0.707,7.60,1.60
2010.07.19 12:54:05.925,0.70675,0.707,6.00,3.20
2010.07.19 12:54:06.196,0.7068,0.707,2.40,1.60
2010.07.19 12:54:06.937,0.70685,0.70705,2.40,4.00
2010.07.19 12:54:07.266,0.70685,0.707,3.30,1.60
2010.07.19 12:54:08.409,0.7069,0.70705,1.00,4.00
2010.07.19 12:54:09.145,0.7069,0.70705,1.00,2.40
2010.07.19 12:54:09.469,0.7069,0.70705,1.00,4.00
2010.07.19 12:54:10.133,0.7069,0.70705,1.60,4.00
2010.07.19 12:54:11.378,0.7069,0.70705,1.60,2.40
2010.07.19 12:54:12.568,0.7069,0.70705,1.00,2.40
2010.07.19 12:54:12.831,0.70685,0.70705,4.00,2.40
2010.07.19 12:54:13.472,0.70685,0.70705,2.40,4.00
2010.07.19 12:54:14.068,0.70685,0.70705,1.60,4.00
2010.07.19 12:54:14.410,0.70685,0.70705,2.40,4.00
2010.07.19 12:54:15.252,0.7069,0.70705,1.60,2.40
2010.07.19 12:54:15.592,0.70695,0.70705,1.60,2.40
2010.07.19 12:54:19.626,0.70695,0.70705,1.00,2.40
2010.07.19 12:54:26.080,0.70695,0.70705,1.00,4.00
2010.07.19 12:54:26.281,0.70705,0.7071,2.80,4.00
2010.07.19 12:54:26.931,0.70705,0.7071,5.20,4.00
2010.07.19 12:54:27.225,0.7069,0.70705,4.00,2.40
2010.07.19 12:54:27.509,0.7069,0.70705,5.60,4.00
2010.07.19 12:54:27.798,0.7069,0.70705,3.20,2.40
2010.07.19 12:54:29.409,0.7069,0.70705,4.00,2.40
2010.07.19 12:54:29.609,0.70695,0.70705,1.60,2.40
2010.07.19 12:54:42.605,0.707,0.70705,1.00,2.40
2010.07.19 12:54:45.468,0.707,0.70705,2.80,2.40
2010.07.19 12:54:45.606,0.707,0.70705,3.60,2.40
2010.07.19 12:54:46.209,0.70705,0.70725,1.70,3.20
2010.07.19 12:54:46.557,0.7071,0.70725,1.00,3.20
2010.07.19 12:54:47.406,0.70705,0.70725,1.60,1.00
2010.07.19 12:54:49.254,0.70705,0.7073,1.60,7.30
2010.07.19 12:54:50.353,0.70705,0.7073,1.60,8.90
2010.07.19 12:54:51.667,0.70705,0.70725,1.60,1.00
2010.07.19 12:54:52.838,0.70705,0.7073,4.00,8.90
2010.07.19 12:54:53.685,0.70705,0.7073,4.00,8.80
2010.07.19 12:54:53.905,0.70705,0.7073,4.00,8.00
2010.07.19 12:54:54.585,0.70705,0.7073,4.20,8.00
2010.07.19 12:54:58.433,0.7071,0.7073,1.00,8.00
2010.07.19 12:55:01.477,0.7071,0.7073,1.00,7.20
2010.07.19 12:55:01.808,0.7072,0.70735,3.20,3.20
2010.07.19 12:55:02.140,0.7071,0.7073,1.00,3.20
2010.07.19 12:55:02.467,0.70705,0.7073,8.00,3.20
2010.07.19 12:55:02.729,0.7071,0.7073,1.00,2.40
2010.07.19 12:55:03.534,0.7071,0.7073,1.00,1.00
2010.07.19 12:55:12.567,0.7071,0.70735,1.60,6.40
2010.07.19 12:55:13.208,0.7071,0.70735,4.00,4.00
2010.07.19 12:55:13.498,0.7071,0.70735,1.60,6.40
2010.07.19 12:55:16.145,0.7071,0.70735,1.60,4.00
2010.07.19 12:55:21.642,0.70715,0.7073,1.60,1.00
2010.07.19 12:55:21.989,0.70715,0.7073,1.60,1.00
2010.07.19 12:55:23.558,0.70715,0.7073,1.60,1.00
2010.07.19 12:55:23.788,0.70715,0.70735,1.60,1.00
2010.07.19 12:55:32.493,0.70715,0.70735,1.00,1.60
2010.07.19 12:55:32.556,0.7071,0.70735,5.60,4.00
2010.07.19 12:55:32.805,0.7071,0.70735,3.20,4.00
2010.07.19 12:55:33.275,0.7071,0.70735,1.60,4.00
2010.07.19 12:55:36.628,0.707,0.70705,19.20,2.40
2010.07.19 12:55:36.785,0.7071,0.7073,1.60,1.00
2010.07.19 12:55:36.945,0.7071,0.7073,1.60,1.00
2010.07.19 12:55:37.104,0.7071,0.70735,1.60,4.00
2010.07.19 12:55:37.496,0.7071,0.70735,1.60,6.40
2010.07.19 12:55:44.009,0.7071,0.7073,1.60,1.00
2010.07.19 12:55:47.435,0.7071,0.7073,1.60,1.30
2010.07.19 12:55:47.525,0.70705,0.7073,5.60,2.90
2010.07.19 12:55:47.614,0.70705,0.7073,5.60,4.90
2010.07.19 12:55:49.080,0.707,0.70705,10.80,2.40
2010.07.19 12:55:51.338,0.707,0.70705,14.00,2.40
2010.07.19 12:55:55.814,0.707,0.70705,12.40,2.40
2010.07.19 12:56:01.664,0.70705,0.70725,4.00,1.00
2010.07.19 12:56:02.429,0.70705,0.70725,2.40,1.00
2010.07.19 12:56:02.657,0.707,0.70725,5.60,1.00
2010.07.19 12:56:03.669,0.707,0.70705,5.60,2.40
2010.07.19 12:56:06.157,0.707,0.70725,5.60,1.00
2010.07.19 12:56:08.117,0.707,0.70725,2.40,2.40
2010.07.19 12:56:08.261,0.707,0.70705,1.60,2.40
2010.07.19 12:56:28.945,0.707,0.70705,1.00,2.40
2010.07.19 12:56:33.995,0.707,0.70705,1.60,2.40
2010.07.19 12:56:38.567,0.7071,0.70725,1.00,3.20
2010.07.19 12:56:38.797,0.70715,0.7073,1.00,2.00
2010.07.19 12:56:45.535,0.7071,0.7073,1.60,2.00
2010.07.19 12:57:00.686,0.7071,0.7073,4.80,2.00
2010.07.19 12:57:00.938,0.7071,0.7073,1.60,2.00
2010.07.19 12:57:02.849,0.7071,0.7073,2.40,2.00
2010.07.19 12:57:02.956,0.7071,0.7073,4.80,2.00
2010.07.19 12:57:03.758,0.7071,0.7073,2.40,2.00
2010.07.19 12:57:03.866,0.7071,0.7073,1.60,2.00
2010.07.19 12:57:06.495,0.7071,0.7073,4.80,2.00
2010.07.19 12:57:06.987,0.7071,0.7073,1.60,2.00
2010.07.19 12:57:18.221,0.7071,0.7073,1.60,3.60
2010.07.19 12:57:18.375,0.70705,0.7073,6.40,5.20
2010.07.19 12:57:31.727,0.707,0.70705,20.40,2.40
2010.07.19 12:57:35.008,0.707,0.70705,18.80,2.40
2010.07.19 12:57:35.327,0.707,0.70705,18.80,2.40
2010.07.19 12:57:35.975,0.707,0.70705,18.80,2.40
2010.07.19 12:57:40.465,0.70705,0.7073,6.40,7.80
2010.07.19 12:57:42.384,0.7071,0.7073,2.40,3.80
2010.07.19 12:57:42.507,0.7071,0.7072,1.00,1.60
2010.07.19 12:57:43.103,0.70705,0.70725,4.80,1.00
2010.07.19 12:57:43.225,0.70705,0.70725,6.40,1.00
2010.07.19 12:57:46.097,0.707,0.70705,16.40,2.40
2010.07.19 12:57:47.104,0.707,0.70705,14.80,2.40
2010.07.19 12:57:48.261,0.707,0.70705,14.80,2.40
2010.07.19 12:58:01.114,0.70705,0.70725,5.60,3.20
2010.07.19 12:58:02.705,0.707,0.70705,16.40,2.40
2010.07.19 12:58:02.955,0.70705,0.7073,7.20,3.20
2010.07.19 12:58:15.597,0.70705,0.7073,7.20,1.60
2010.07.19 12:58:15.715,0.70705,0.7073,7.20,1.00
2010.07.19 12:58:15.838,0.7071,0.70735,1.00,8.10
2010.07.19 12:58:21.836,0.707,0.70705,16.40,2.40
2010.07.19 12:58:23.243,0.7071,0.70735,4.00,4.00
2010.07.19 12:58:25.497,0.7071,0.7073,4.00,1.00
2010.07.19 12:58:26.693,0.7071,0.7073,1.60,1.60
2010.07.19 12:58:27.031,0.707,0.70705,20.80,2.40
2010.07.19 12:58:27.371,0.70715,0.7073,1.60,1.70
2010.07.19 12:58:29.878,0.707,0.70705,43.40,2.40
2010.07.19 12:58:33.786,0.70715,0.7073,1.60,1.70
2010.07.19 12:58:38.200,0.70715,0.7073,1.60,1.00
2010.07.19 12:58:39.016,0.70715,0.7073,1.60,1.00
2010.07.19 12:58:39.357,0.70715,0.7073,1.60,1.00
2010.07.19 12:58:39.700,0.70705,0.7073,16.40,3.30
2010.07.19 12:58:42.449,0.70715,0.7073,4.00,1.00
2010.07.19 12:58:42.691,0.70715,0.7073,5.60,1.00
2010.07.19 12:58:49.375,0.70715,0.7073,6.40,1.00
2010.07.19 12:58:49.554,0.70715,0.7073,2.40,1.60
2010.07.19 12:58:50.220,0.70715,0.7073,1.60,1.60
2010.07.19 12:58:50.573,0.7071,0.7073,1.60,2.40
2010.07.19 12:58:52.022,0.7071,0.7073,1.60,3.30
2010.07.19 12:58:52.248,0.70705,0.7073,7.20,4.90
2010.07.19 12:58:52.705,0.70705,0.7073,7.20,3.30
2010.07.19 12:58:53.907,0.707,0.70705,17.20,2.40
2010.07.19 12:58:57.196,0.707,0.70705,15.60,2.40
2010.07.19 12:59:03.219,0.707,0.70705,17.20,2.40
2010.07.19 12:59:03.396,0.7071,0.7073,1.60,1.70
2010.07.19 12:59:04.385,0.7071,0.7073,4.00,1.00
2010.07.19 12:59:04.693,0.7071,0.7073,4.00,1.00
2010.07.19 12:59:05.019,0.7071,0.7073,4.00,1.00
2010.07.19 12:59:06.268,0.707,0.70705,28.00,2.40
2010.07.19 12:59:14.555,0.707,0.70705,27.20,2.40
2010.07.19 12:59:14.831,0.707,0.70705,24.80,2.40
2010.07.19 12:59:19.572,0.707,0.70705,28.80,2.40
2010.07.19 12:59:26.055,0.707,0.70705,27.20,2.40
2010.07.19 12:59:26.198,0.70705,0.7073,15.60,1.00
2010.07.19 12:59:26.767,0.707,0.70705,28.00,2.40
2010.07.19 12:59:28.190,0.70705,0.7073,6.40,3.60
2010.07.19 12:59:31.527,0.707,0.70705,17.60,2.40
2010.07.19 12:59:33.356,0.707,0.70705,17.60,2.40
2010.07.19 12:59:36.852,0.707,0.70705,16.00,2.40
2010.07.19 12:59:36.968,0.707,0.70705,16.00,2.40
2010.07.19 12:59:39.406,0.707,0.70705,16.00,2.40
2010.07.19 12:59:43.709,0.707,0.70705,5.60,2.40
2010.07.19 12:59:51.931,0.707,0.70705,5.60,2.40
2010.07.19 12:59:51.976,0.707,0.70705,4.00,2.40
2010.07.19 12:59:52.018,0.707,0.70705,2.40,2.40
2010.07.19 12:59:52.098,0.70695,0.70705,5.60,2.40
2010.07.19 12:59:52.136,0.70695,0.70705,3.20,2.40
