2010.07.26 08:00:01.297,0.73055,0.7308,1.60,1.60
2010.07.26 08:00:01.636,0.73055,0.7308,4.00,1.60
2010.07.26 08:00:02.317,0.73055,0.7308,1.60,1.60
2010.07.26 08:00:03.900,0.73055,0.73075,1.00,1.00
2010.07.26 08:00:04.252,0.73055,0.7307,1.00,1.00
2010.07.26 08:00:05.550,0.73055,0.73075,1.00,1.60
2010.07.26 08:00:12.110,0.7305,0.7307,1.00,3.20
2010.07.26 08:00:12.377,0.73045,0.7307,1.60,8.00
2010.07.26 08:00:13.057,0.73045,0.7307,1.00,10.40
2010.07.26 08:00:13.396,0.73045,0.73065,1.00,1.60
2010.07.26 08:00:16.058,0.73045,0.73065,1.00,1.60
2010.07.26 08:00:30.737,0.73045,0.73065,1.00,6.40
2010.07.26 08:00:31.187,0.73045,0.7306,1.00,1.60
2010.07.26 08:00:36.238,0.73045,0.7306,1.00,1.00
2010.07.26 08:00:36.497,0.73045,0.73065,1.00,1.60
2010.07.26 08:00:40.833,0.73045,0.73065,2.40,1.60
2010.07.26 08:00:41.235,0.73045,0.73065,3.20,1.00
2010.07.26 08:00:41.581,0.7305,0.73075,4.00,1.60
2010.07.26 08:00:43.895,0.73055,0.73075,3.20,1.60
2010.07.26 08:00:44.075,0.73055,0.73075,3.20,2.40
2010.07.26 08:00:44.474,0.7305,0.73075,6.40,2.40
2010.07.26 08:00:44.652,0.7305,0.73075,4.00,3.20
2010.07.26 08:00:48.783,0.7305,0.73075,1.00,6.40
2010.07.26 08:00:49.073,0.7305,0.73075,1.00,11.60
2010.07.26 08:00:49.507,0.73045,0.7307,4.00,1.00
2010.07.26 08:00:49.852,0.73045,0.73065,1.00,1.60
2010.07.26 08:00:51.164,0.73045,0.73065,1.00,3.20
2010.07.26 08:00:54.958,0.7304,0.7306,1.00,3.20
2010.07.26 08:00:55.610,0.7304,0.7306,1.00,4.80
2010.07.26 08:00:58.438,0.7304,0.7306,1.60,4.80
2010.07.26 08:00:58.776,0.7304,0.73055,1.00,1.00
2010.07.26 08:01:02.635,0.7304,0.73055,1.20,1.00
2010.07.26 08:01:02.894,0.7304,0.73055,1.60,1.00
2010.07.26 08:01:03.414,0.7304,0.73055,1.20,1.00
2010.07.26 08:01:03.745,0.7304,0.73055,1.00,1.00
2010.07.26 08:01:07.976,0.7304,0.7306,1.00,4.80
2010.07.26 08:01:13.938,0.7304,0.7306,1.60,4.80
2010.07.26 08:01:19.365,0.7304,0.7306,1.60,3.20
2010.07.26 08:01:19.615,0.7304,0.7306,1.00,3.20
2010.07.26 08:01:21.177,0.7304,0.7306,1.00,4.80
2010.07.26 08:01:21.756,0.7304,0.7306,1.00,4.00
2010.07.26 08:01:22.096,0.7304,0.7306,1.00,2.40
2010.07.26 08:01:24.074,0.7304,0.73055,1.00,1.60
2010.07.26 08:01:24.627,0.7304,0.73055,1.60,1.60
2010.07.26 08:01:42.402,0.7304,0.7306,1.60,1.00
2010.07.26 08:01:42.749,0.73045,0.7307,3.60,4.00
2010.07.26 08:01:43.088,0.7305,0.7307,1.00,1.00
2010.07.26 08:01:43.428,0.7305,0.73065,5.20,1.60
2010.07.26 08:01:43.766,0.73055,0.73065,1.60,1.60
2010.07.26 08:01:44.107,0.73055,0.73065,4.00,1.60
2010.07.26 08:01:44.444,0.73055,0.7307,4.00,1.00
2010.07.26 08:01:44.968,0.73055,0.7307,3.20,2.40
2010.07.26 08:01:45.309,0.73055,0.7307,1.00,9.60
2010.07.26 08:01:45.588,0.73045,0.7307,1.60,10.40
2010.07.26 08:01:46.194,0.73045,0.73065,1.60,4.80
2010.07.26 08:01:46.539,0.73045,0.73065,1.60,7.20
2010.07.26 08:01:47.796,0.73045,0.73065,1.00,7.20
2010.07.26 08:01:48.376,0.73045,0.7307,1.00,12.00
2010.07.26 08:01:49.185,0.73045,0.7307,1.00,10.40
2010.07.26 08:01:49.454,0.73045,0.73065,1.00,1.60
2010.07.26 08:01:50.365,0.73045,0.73065,1.00,2.40
2010.07.26 08:01:50.675,0.7304,0.73065,6.40,3.20
2010.07.26 08:01:51.005,0.7304,0.73065,7.20,3.20
2010.07.26 08:01:52.070,0.73045,0.7307,1.00,12.00
2010.07.26 08:01:52.634,0.73045,0.7307,1.00,10.40
2010.07.26 08:01:53.904,0.73045,0.7307,1.00,12.00
2010.07.26 08:01:54.134,0.73045,0.7307,1.00,12.80
2010.07.26 08:01:54.825,0.73045,0.73065,1.00,1.60
2010.07.26 08:01:58.054,0.73045,0.73065,1.00,3.20
2010.07.26 08:01:58.284,0.73045,0.73065,1.00,1.60
2010.07.26 08:02:02.994,0.73045,0.73065,1.20,1.60
2010.07.26 08:02:06.088,0.73045,0.73065,1.20,3.20
2010.07.26 08:02:06.427,0.73045,0.73065,1.20,1.60
2010.07.26 08:02:11.546,0.73045,0.73065,1.30,1.60
2010.07.26 08:02:12.681,0.73045,0.73065,1.20,1.60
2010.07.26 08:02:22.625,0.73045,0.73065,2.00,1.60
2010.07.26 08:02:22.919,0.73045,0.7307,6.00,2.40
2010.07.26 08:02:23.205,0.73045,0.73075,6.00,11.20
2010.07.26 08:02:24.248,0.7305,0.73075,1.00,11.20
2010.07.26 08:02:26.335,0.7305,0.73065,1.00,1.60
2010.07.26 08:02:26.912,0.73045,0.73065,3.20,1.60
2010.07.26 08:02:27.260,0.73045,0.73065,1.00,1.60
2010.07.26 08:02:30.482,0.7305,0.7307,1.00,5.60
2010.07.26 08:02:30.646,0.7305,0.7307,1.00,1.60
2010.07.26 08:02:35.425,0.7305,0.7307,1.00,4.00
2010.07.26 08:02:35.555,0.7305,0.7307,1.00,4.80
2010.07.26 08:02:35.686,0.7305,0.7306,1.00,1.60
2010.07.26 08:02:35.814,0.73045,0.7306,3.20,1.60
2010.07.26 08:02:36.075,0.73045,0.7306,1.00,1.60
2010.07.26 08:02:55.157,0.73045,0.7306,1.00,1.60
2010.07.26 08:02:55.458,0.73055,0.7307,1.00,2.40
2010.07.26 08:02:55.847,0.73055,0.7307,1.00,1.60
2010.07.26 08:02:56.384,0.7305,0.7307,2.40,1.60
2010.07.26 08:02:58.396,0.7305,0.7307,1.60,1.60
2010.07.26 08:02:58.863,0.73045,0.7307,4.00,4.80
2010.07.26 08:02:59.087,0.73045,0.7307,4.10,4.80
2010.07.26 08:03:00.357,0.7305,0.7307,5.60,2.40
2010.07.26 08:03:00.997,0.7305,0.7307,6.40,1.60
2010.07.26 08:03:01.339,0.7305,0.7307,7.20,1.60
2010.07.26 08:03:01.957,0.7305,0.7307,4.00,3.20
2010.07.26 08:03:02.268,0.73045,0.7307,4.00,3.20
2010.07.26 08:03:03.816,0.73045,0.7307,4.00,4.00
2010.07.26 08:03:04.076,0.73045,0.7307,4.00,4.80
2010.07.26 08:03:06.419,0.73045,0.7307,4.00,8.00
2010.07.26 08:03:06.729,0.73045,0.7307,1.60,10.40
2010.07.26 08:03:14.177,0.73045,0.7307,4.00,4.80
2010.07.26 08:03:16.759,0.73045,0.7307,4.00,1.60
2010.07.26 08:03:24.368,0.7305,0.7307,1.00,1.60
2010.07.26 08:03:24.687,0.73045,0.7307,4.00,1.60
2010.07.26 08:03:32.012,0.7305,0.7307,1.00,1.60
2010.07.26 08:03:34.215,0.73045,0.7307,4.00,3.20
2010.07.26 08:03:40.325,0.73045,0.7307,4.00,1.60
2010.07.26 08:03:40.881,0.73045,0.7307,1.60,8.80
2010.07.26 08:03:43.406,0.73045,0.7307,4.00,6.40
2010.07.26 08:03:43.736,0.73045,0.7307,4.00,3.20
2010.07.26 08:03:45.344,0.73045,0.7307,4.00,4.80
2010.07.26 08:03:45.882,0.73045,0.7307,1.60,8.80
2010.07.26 08:03:46.948,0.73045,0.7307,1.60,6.40
2010.07.26 08:03:47.288,0.73045,0.7307,1.60,3.20
2010.07.26 08:03:47.627,0.73045,0.73075,4.00,9.60
2010.07.26 08:03:50.697,0.73045,0.73075,4.10,9.60
2010.07.26 08:03:51.232,0.73045,0.7307,4.10,3.20
2010.07.26 08:03:51.839,0.7305,0.7307,1.00,3.20
2010.07.26 08:03:52.177,0.7305,0.7307,1.60,1.60
2010.07.26 08:03:52.737,0.7305,0.73075,5.60,3.20
2010.07.26 08:03:54.555,0.7305,0.73075,6.40,3.20
2010.07.26 08:03:56.604,0.7305,0.73075,6.40,1.60
2010.07.26 08:03:56.816,0.7306,0.73075,1.00,1.60
2010.07.26 08:03:57.419,0.7306,0.7308,3.20,10.40
2010.07.26 08:03:57.621,0.7306,0.7308,6.40,1.00
2010.07.26 08:03:57.816,0.7306,0.7308,5.60,1.00
2010.07.26 08:04:01.218,0.73065,0.7308,1.00,1.00
2010.07.26 08:04:01.474,0.73065,0.73085,1.00,3.20
2010.07.26 08:04:01.555,0.73065,0.73085,1.00,1.00
2010.07.26 08:04:02.217,0.73065,0.73085,1.00,1.60
2010.07.26 08:04:03.609,0.7306,0.7308,5.60,1.00
2010.07.26 08:04:03.852,0.7306,0.7308,2.40,5.60
2010.07.26 08:04:04.107,0.7306,0.7308,4.80,2.40
2010.07.26 08:04:04.357,0.7306,0.7308,4.80,1.00
2010.07.26 08:04:04.806,0.7306,0.7308,5.60,1.00
2010.07.26 08:04:11.125,0.7306,0.7308,4.80,1.00
2010.07.26 08:04:11.408,0.7305,0.73075,3.20,2.40
2010.07.26 08:04:11.816,0.7305,0.73075,1.00,12.40
2010.07.26 08:04:12.009,0.7305,0.7307,1.00,4.80
2010.07.26 08:04:14.098,0.7305,0.73075,1.00,10.80
2010.07.26 08:04:14.381,0.7305,0.73075,1.00,8.80
2010.07.26 08:04:14.970,0.7305,0.73075,6.40,1.60
2010.07.26 08:04:15.319,0.7305,0.73075,7.20,1.60
2010.07.26 08:04:15.656,0.7305,0.73075,8.00,1.00
2010.07.26 08:04:19.576,0.7305,0.73075,8.00,2.80
2010.07.26 08:04:19.806,0.7305,0.7307,5.60,2.40
2010.07.26 08:04:20.127,0.7305,0.7307,3.20,4.80
2010.07.26 08:04:20.267,0.7305,0.7307,1.00,4.80
2010.07.26 08:04:21.176,0.73045,0.7307,1.60,4.80
2010.07.26 08:04:26.557,0.73045,0.7307,5.70,2.40
2010.07.26 08:04:27.322,0.73045,0.73075,8.10,8.80
2010.07.26 08:04:28.588,0.73045,0.73075,8.00,8.80
2010.07.26 08:04:28.939,0.73045,0.73075,8.00,10.80
2010.07.26 08:04:29.130,0.73045,0.7307,1.60,4.80
2010.07.26 08:04:38.633,0.73045,0.7307,1.70,4.80
2010.07.26 08:04:38.765,0.73045,0.73075,8.10,8.80
2010.07.26 08:04:42.035,0.7305,0.73075,1.00,8.80
2010.07.26 08:04:42.346,0.7305,0.7307,1.00,4.80
2010.07.26 08:04:42.505,0.73045,0.7307,1.70,4.80
2010.07.26 08:04:44.045,0.73045,0.7307,4.10,2.40
2010.07.26 08:04:44.116,0.73045,0.73075,8.10,12.00
2010.07.26 08:04:44.185,0.73045,0.73075,8.10,8.80
2010.07.26 08:04:48.324,0.73045,0.73075,8.00,8.80
2010.07.26 08:04:51.775,0.73045,0.73075,8.10,8.80
2010.07.26 08:04:52.581,0.73045,0.73075,8.00,8.80
2010.07.26 08:04:53.608,0.73045,0.7307,1.00,8.80
2010.07.26 08:04:56.910,0.7305,0.7307,1.00,1.60
2010.07.26 08:04:57.255,0.7305,0.73075,1.00,8.80
2010.07.26 08:05:00.319,0.7305,0.73075,1.00,10.80
2010.07.26 08:05:00.766,0.7305,0.7307,1.00,2.40
2010.07.26 08:05:02.779,0.73045,0.73065,1.60,1.00
2010.07.26 08:05:03.024,0.73045,0.7306,1.00,1.60
2010.07.26 08:05:03.373,0.7304,0.7306,1.00,4.00
2010.07.26 08:05:03.719,0.73035,0.7306,4.80,3.20
2010.07.26 08:05:04.057,0.73035,0.7306,2.40,4.00
2010.07.26 08:05:05.206,0.73035,0.7306,2.40,6.40
2010.07.26 08:05:08.988,0.73035,0.7305,1.00,1.60
2010.07.26 08:05:09.178,0.7303,0.73045,6.80,2.80
2010.07.26 08:05:09.366,0.7303,0.7304,2.40,2.40
2010.07.26 08:05:09.643,0.7303,0.7304,2.40,3.20
2010.07.26 08:05:09.995,0.73025,0.7304,1.00,1.00
2010.07.26 08:05:10.428,0.7302,0.7304,3.20,1.00
2010.07.26 08:05:10.770,0.73025,0.73045,2.40,2.70
2010.07.26 08:05:11.117,0.73025,0.73045,4.80,2.70
2010.07.26 08:05:12.656,0.73025,0.73045,2.40,4.30
2010.07.26 08:05:12.996,0.73025,0.73045,2.40,2.70
2010.07.26 08:05:16.357,0.73025,0.73045,3.20,1.90
2010.07.26 08:05:16.826,0.73025,0.73045,5.60,1.90
2010.07.26 08:05:23.426,0.73025,0.73045,5.60,1.10
2010.07.26 08:05:24.661,0.7303,0.7305,1.00,2.40
2010.07.26 08:05:24.878,0.7303,0.73055,4.00,4.00
2010.07.26 08:05:26.040,0.7303,0.73055,6.40,2.40
2010.07.26 08:05:26.377,0.7303,0.73055,6.40,1.60
2010.07.26 08:05:32.141,0.7303,0.73055,3.20,7.20
2010.07.26 08:05:32.399,0.7303,0.7305,1.00,1.60
2010.07.26 08:05:34.225,0.73025,0.7305,6.40,2.40
2010.07.26 08:05:34.545,0.73025,0.7305,6.40,4.00
2010.07.26 08:05:35.572,0.73025,0.7305,6.40,4.80
2010.07.26 08:05:53.847,0.7303,0.7305,1.00,3.20
2010.07.26 08:05:54.137,0.7303,0.7305,1.00,1.60
2010.07.26 08:05:55.024,0.7303,0.7305,1.00,2.40
2010.07.26 08:05:55.361,0.73025,0.73045,1.00,1.00
2010.07.26 08:05:55.707,0.73025,0.73045,1.00,3.20
2010.07.26 08:06:07.405,0.7302,0.73045,7.20,3.20
2010.07.26 08:06:07.923,0.73025,0.73045,1.00,3.20
2010.07.26 08:06:08.296,0.73025,0.73045,1.00,3.20
2010.07.26 08:06:09.205,0.73025,0.73045,1.00,3.20
2010.07.26 08:06:09.426,0.7302,0.73045,6.40,3.20
2010.07.26 08:06:11.878,0.7302,0.73045,6.80,3.20
2010.07.26 08:06:12.048,0.73025,0.73045,1.00,3.20
2010.07.26 08:06:12.640,0.73025,0.73045,1.00,3.20
2010.07.26 08:06:12.998,0.73035,0.7305,1.00,1.00
2010.07.26 08:06:13.343,0.73035,0.7306,1.70,10.40
2010.07.26 08:06:13.687,0.73035,0.7306,1.70,8.00
2010.07.26 08:06:14.033,0.7304,0.73065,1.00,12.80
2010.07.26 08:06:14.378,0.7304,0.73065,1.60,11.20
2010.07.26 08:06:14.720,0.7304,0.73065,1.60,7.20
2010.07.26 08:06:15.030,0.7304,0.7306,1.60,1.60
2010.07.26 08:06:15.336,0.73045,0.7307,1.00,8.80
2010.07.26 08:06:16.810,0.73045,0.73065,1.00,1.00
2010.07.26 08:06:17.105,0.73045,0.73065,1.00,1.00
2010.07.26 08:06:25.887,0.73045,0.73065,5.60,1.00
2010.07.26 08:06:26.249,0.7305,0.73065,2.40,1.00
2010.07.26 08:06:26.425,0.7305,0.73065,3.20,1.00
2010.07.26 08:06:26.606,0.7305,0.73065,4.00,1.00
2010.07.26 08:06:26.884,0.7305,0.73065,4.00,1.00
2010.07.26 08:06:27.150,0.7305,0.73075,4.00,4.80
2010.07.26 08:06:27.417,0.7305,0.73075,6.40,4.00
2010.07.26 08:06:27.686,0.73055,0.73075,1.00,2.40
2010.07.26 08:06:29.185,0.73055,0.73075,1.00,2.00
2010.07.26 08:06:29.386,0.73055,0.73075,1.00,1.60
2010.07.26 08:06:37.126,0.73055,0.7308,1.00,8.80
2010.07.26 08:06:37.416,0.73055,0.7308,4.00,4.00
2010.07.26 08:06:37.707,0.73055,0.7308,6.40,2.40
2010.07.26 08:06:41.286,0.73055,0.7308,5.60,2.40
2010.07.26 08:06:41.449,0.73055,0.7308,1.00,7.20
2010.07.26 08:06:41.782,0.73055,0.73075,1.00,1.60
2010.07.26 08:06:50.391,0.73055,0.7308,1.00,8.80
2010.07.26 08:06:50.557,0.73055,0.7308,1.60,8.80
2010.07.26 08:06:50.728,0.73055,0.7308,6.40,4.00
2010.07.26 08:06:51.068,0.73055,0.7308,6.40,3.20
2010.07.26 08:06:51.745,0.73055,0.7308,6.40,2.40
2010.07.26 08:06:54.455,0.73055,0.7308,6.40,3.20
2010.07.26 08:06:54.546,0.73055,0.7308,4.00,5.60
2010.07.26 08:06:54.647,0.73055,0.7308,1.60,8.00
2010.07.26 08:06:55.099,0.73055,0.7308,1.00,8.00
2010.07.26 08:06:55.442,0.73055,0.7308,4.00,2.40
2010.07.26 08:06:56.604,0.73055,0.7308,5.60,3.20
2010.07.26 08:06:56.862,0.73055,0.7308,5.60,4.00
2010.07.26 08:06:57.331,0.73055,0.73075,1.00,1.60
2010.07.26 08:06:59.078,0.7305,0.73075,1.00,7.20
2010.07.26 08:06:59.398,0.7305,0.7307,1.00,1.60
2010.07.26 08:07:01.678,0.73045,0.7307,1.60,5.60
2010.07.26 08:07:03.811,0.73045,0.73065,1.00,6.40
2010.07.26 08:07:05.104,0.73045,0.7307,1.00,8.00
2010.07.26 08:07:05.424,0.73045,0.7307,4.00,1.60
2010.07.26 08:07:05.743,0.7305,0.7307,1.00,1.60
2010.07.26 08:07:07.080,0.7305,0.7307,1.00,2.40
2010.07.26 08:07:07.320,0.7305,0.7307,1.00,4.80
2010.07.26 08:07:07.563,0.73045,0.73065,1.60,1.00
2010.07.26 08:07:07.803,0.73045,0.73065,1.00,1.00
2010.07.26 08:07:14.385,0.73045,0.73065,1.00,1.60
2010.07.26 08:07:16.096,0.73045,0.73065,5.20,1.00
2010.07.26 08:07:16.418,0.7305,0.73065,3.20,1.00
2010.07.26 08:07:16.800,0.7305,0.73065,5.60,1.00
2010.07.26 08:07:17.090,0.7305,0.7307,5.60,1.00
2010.07.26 08:07:19.580,0.73055,0.7307,1.00,1.00
2010.07.26 08:07:20.055,0.7305,0.7307,8.80,1.00
2010.07.26 08:07:20.443,0.7305,0.7307,5.60,1.00
2010.07.26 08:07:22.957,0.73055,0.7307,1.00,1.00
2010.07.26 08:07:23.537,0.7305,0.7307,6.40,1.00
2010.07.26 08:07:23.775,0.7305,0.7307,5.60,1.00
2010.07.26 08:07:28.150,0.73045,0.73065,1.60,2.40
2010.07.26 08:07:28.419,0.7305,0.7307,1.00,1.60
2010.07.26 08:07:28.689,0.73045,0.73075,6.80,8.80
2010.07.26 08:07:29.216,0.73045,0.73075,9.20,8.80
2010.07.26 08:07:29.640,0.7305,0.73075,4.80,4.80
2010.07.26 08:07:30.020,0.7305,0.73075,5.60,4.00
2010.07.26 08:07:31.093,0.73055,0.73075,3.60,4.00
2010.07.26 08:07:31.442,0.7306,0.7308,1.60,1.60
2010.07.26 08:07:31.698,0.7306,0.7308,4.00,1.60
2010.07.26 08:07:32.078,0.7306,0.73085,6.40,4.00
2010.07.26 08:07:32.991,0.73065,0.73085,4.40,1.00
2010.07.26 08:07:33.340,0.73065,0.73085,6.80,1.00
2010.07.26 08:07:36.777,0.73065,0.7309,6.80,2.40
2010.07.26 08:07:37.739,0.73065,0.73085,6.80,1.00
2010.07.26 08:07:38.749,0.73065,0.73085,6.00,2.40
2010.07.26 08:07:39.309,0.73065,0.73085,1.20,2.40
2010.07.26 08:07:39.646,0.73065,0.73085,1.20,2.50
2010.07.26 08:07:40.568,0.73065,0.73085,1.20,2.40
2010.07.26 08:07:42.777,0.73065,0.73085,2.00,2.40
2010.07.26 08:07:43.020,0.73065,0.73085,6.80,1.00
2010.07.26 08:07:44.847,0.73065,0.73085,3.60,2.40
2010.07.26 08:07:45.099,0.73065,0.73085,1.20,2.40
2010.07.26 08:07:54.415,0.73065,0.73085,1.60,2.40
2010.07.26 08:08:00.037,0.73065,0.73085,1.60,1.60
2010.07.26 08:08:04.011,0.73065,0.73085,1.60,2.00
2010.07.26 08:08:04.135,0.73065,0.73085,1.60,2.40
2010.07.26 08:08:05.326,0.73065,0.73085,1.60,1.60
2010.07.26 08:08:05.613,0.73065,0.73085,1.60,2.00
2010.07.26 08:08:05.875,0.73065,0.73085,1.60,2.40
2010.07.26 08:08:06.373,0.73065,0.73085,1.60,3.20
2010.07.26 08:08:06.552,0.7306,0.73085,6.80,5.70
2010.07.26 08:08:06.730,0.7306,0.73085,2.80,8.10
2010.07.26 08:08:07.300,0.7306,0.73075,2.80,1.00
2010.07.26 08:08:09.357,0.7306,0.73075,2.80,1.00
2010.07.26 08:08:09.556,0.7306,0.73085,2.80,8.00
2010.07.26 08:08:10.088,0.7306,0.73085,3.60,7.20
2010.07.26 08:08:10.420,0.7306,0.7308,1.20,7.20
2010.07.26 08:08:10.903,0.73055,0.7308,5.20,8.00
2010.07.26 08:08:12.757,0.73055,0.73075,5.20,1.00
2010.07.26 08:08:13.098,0.73055,0.73075,4.40,1.60
2010.07.26 08:08:16.357,0.73055,0.73075,4.40,1.00
2010.07.26 08:08:16.696,0.73055,0.7308,4.40,8.00
2010.07.26 08:08:17.018,0.73055,0.7308,4.50,8.00
2010.07.26 08:08:17.336,0.73055,0.7308,5.30,8.00
2010.07.26 08:08:17.656,0.73055,0.7308,5.20,8.00
2010.07.26 08:08:27.337,0.73055,0.73075,4.40,1.60
2010.07.26 08:08:30.060,0.73055,0.7308,5.20,8.00
2010.07.26 08:08:31.078,0.73055,0.73075,4.40,1.60
2010.07.26 08:08:31.956,0.73055,0.73075,5.20,1.00
2010.07.26 08:08:32.239,0.7306,0.7308,1.00,3.20
2010.07.26 08:08:32.727,0.73055,0.73075,4.80,1.00
2010.07.26 08:08:33.068,0.73055,0.73075,4.80,1.60
2010.07.26 08:08:37.075,0.73055,0.73075,3.20,1.60
2010.07.26 08:08:40.525,0.73055,0.73075,4.00,1.00
2010.07.26 08:08:40.858,0.73055,0.7308,4.00,8.00
2010.07.26 08:08:41.189,0.7306,0.7308,1.00,3.20
2010.07.26 08:08:42.206,0.7306,0.7308,1.20,3.20
2010.07.26 08:08:48.008,0.7306,0.7308,1.00,5.60
2010.07.26 08:08:48.353,0.73055,0.7308,5.20,8.00
2010.07.26 08:08:51.720,0.73055,0.7308,10.00,2.40
2010.07.26 08:08:52.415,0.73055,0.7308,10.00,1.00
2010.07.26 08:08:57.792,0.73055,0.7308,5.20,8.00
2010.07.26 08:09:00.656,0.73055,0.7308,4.40,8.00
2010.07.26 08:09:01.138,0.73055,0.7308,10.00,1.60
2010.07.26 08:09:02.658,0.7306,0.7308,5.60,1.00
2010.07.26 08:09:02.999,0.73065,0.73085,1.00,4.00
2010.07.26 08:09:11.217,0.73065,0.73085,1.00,3.60
2010.07.26 08:09:11.468,0.73065,0.73085,1.00,3.20
2010.07.26 08:09:24.445,0.73065,0.73085,1.00,1.60
2010.07.26 08:09:24.556,0.73065,0.7309,1.60,8.80
2010.07.26 08:09:24.789,0.73065,0.7309,3.20,8.80
2010.07.26 08:09:24.900,0.73065,0.7309,3.20,10.40
2010.07.26 08:09:25.005,0.73065,0.7309,2.40,10.40
2010.07.26 08:09:25.116,0.73065,0.7309,2.40,11.20
2010.07.26 08:09:25.565,0.73065,0.7309,1.00,11.20
2010.07.26 08:09:27.434,0.73065,0.73085,1.00,1.60
2010.07.26 08:09:27.698,0.73065,0.73085,1.00,6.40
2010.07.26 08:09:27.916,0.7306,0.73085,5.60,7.20
2010.07.26 08:09:40.017,0.7306,0.7308,4.80,2.40
2010.07.26 08:09:40.102,0.73055,0.7308,4.00,5.60
2010.07.26 08:09:40.177,0.73055,0.7308,1.60,8.00
2010.07.26 08:09:44.917,0.73055,0.7308,1.60,8.80
2010.07.26 08:09:45.123,0.73055,0.7308,8.00,4.80
2010.07.26 08:09:45.332,0.73055,0.7308,10.40,1.00
2010.07.26 08:09:45.798,0.7306,0.7308,1.00,1.00
2010.07.26 08:09:49.026,0.7306,0.7308,1.20,1.00
2010.07.26 08:09:49.370,0.7306,0.73085,1.20,8.80
2010.07.26 08:09:57.564,0.7306,0.7308,1.00,1.00
2010.07.26 08:09:58.108,0.73055,0.73075,8.00,1.60
2010.07.26 08:09:58.451,0.7305,0.73075,10.00,1.60
2010.07.26 08:10:00.186,0.7305,0.73075,10.00,3.20
2010.07.26 08:10:00.835,0.73055,0.73075,1.00,1.00
2010.07.26 08:10:01.007,0.73055,0.7308,1.00,8.80
2010.07.26 08:10:01.187,0.73055,0.7308,2.40,8.80
2010.07.26 08:10:01.527,0.73055,0.7308,4.00,8.80
2010.07.26 08:10:01.870,0.7305,0.73075,4.80,8.00
2010.07.26 08:10:02.219,0.73045,0.73065,4.40,1.60
2010.07.26 08:10:02.657,0.73045,0.73065,5.20,1.60
2010.07.26 08:10:03.088,0.7305,0.7307,3.20,1.00
2010.07.26 08:10:03.411,0.7305,0.73075,3.20,8.00
2010.07.26 08:10:03.955,0.73055,0.73075,4.00,2.40
2010.07.26 08:10:04.279,0.73055,0.7308,8.00,3.20
2010.07.26 08:10:04.582,0.73055,0.7308,4.00,8.80
2010.07.26 08:10:06.711,0.73055,0.73075,3.20,3.20
2010.07.26 08:10:06.989,0.7305,0.73075,10.40,3.20
2010.07.26 08:10:10.816,0.7305,0.73075,10.40,1.60
2010.07.26 08:10:13.150,0.7305,0.73075,4.80,8.00
2010.07.26 08:10:14.032,0.73055,0.73075,1.60,4.00
2010.07.26 08:10:14.381,0.7305,0.73075,4.00,8.00
2010.07.26 08:10:15.591,0.7305,0.73075,4.80,4.00
2010.07.26 08:10:15.819,0.7305,0.73075,8.00,1.00
2010.07.26 08:10:16.066,0.73055,0.73075,1.60,1.00
2010.07.26 08:10:16.556,0.73055,0.73075,1.60,2.40
2010.07.26 08:10:23.456,0.73055,0.73075,2.40,1.00
2010.07.26 08:10:26.051,0.73055,0.73075,2.00,1.00
2010.07.26 08:10:26.398,0.73055,0.73075,1.00,1.00
2010.07.26 08:10:36.282,0.73055,0.73075,1.00,1.00
2010.07.26 08:10:41.747,0.73055,0.73075,1.60,1.00
2010.07.26 08:10:41.916,0.73055,0.73075,3.20,1.00
2010.07.26 08:10:42.086,0.73055,0.7308,4.80,8.80
2010.07.26 08:10:42.316,0.73055,0.7308,5.60,8.00
2010.07.26 08:10:50.708,0.73055,0.7308,4.80,8.00
2010.07.26 08:10:51.132,0.73055,0.73075,1.00,1.20
2010.07.26 08:10:51.477,0.73055,0.73075,1.00,1.60
2010.07.26 08:10:51.815,0.73055,0.73075,1.00,1.00
2010.07.26 08:10:52.639,0.7305,0.73075,6.40,1.00
2010.07.26 08:10:58.167,0.7305,0.73075,4.00,1.00
2010.07.26 08:10:58.828,0.7305,0.73075,6.40,1.00
2010.07.26 08:11:07.806,0.73055,0.7308,6.40,1.60
2010.07.26 08:11:11.761,0.73055,0.7308,5.60,2.40
2010.07.26 08:11:12.064,0.73045,0.7307,2.40,5.60
2010.07.26 08:11:12.361,0.7305,0.73065,3.20,1.00
2010.07.26 08:11:12.660,0.73045,0.73065,1.60,1.60
2010.07.26 08:11:13.001,0.73045,0.7306,1.00,4.80
2010.07.26 08:11:13.349,0.7304,0.7306,3.20,1.60
2010.07.26 08:11:13.689,0.73035,0.7306,1.60,5.60
2010.07.26 08:11:14.028,0.73035,0.7306,1.60,4.00
2010.07.26 08:11:14.877,0.73035,0.7306,1.00,6.40
2010.07.26 08:11:21.423,0.7303,0.7305,2.40,1.60
2010.07.26 08:11:21.762,0.73025,0.73045,1.00,3.20
2010.07.26 08:11:22.100,0.73025,0.73045,1.00,1.60
2010.07.26 08:11:23.190,0.73025,0.73045,1.00,1.00
2010.07.26 08:11:23.827,0.73025,0.73045,1.00,1.60
2010.07.26 08:11:24.907,0.7302,0.73045,6.40,1.60
2010.07.26 08:11:28.271,0.7302,0.7304,5.60,1.00
2010.07.26 08:11:28.610,0.73015,0.7304,1.60,8.40
2010.07.26 08:11:28.949,0.73015,0.73035,1.00,1.60
2010.07.26 08:11:30.665,0.7301,0.73035,7.20,1.60
2010.07.26 08:11:31.407,0.7301,0.73035,6.40,1.60
2010.07.26 08:11:32.649,0.7301,0.73035,7.20,1.60
2010.07.26 08:11:33.276,0.73015,0.73035,1.00,1.60
2010.07.26 08:11:41.187,0.7301,0.73035,6.40,1.60
2010.07.26 08:11:41.526,0.7301,0.73035,7.20,1.60
2010.07.26 08:11:43.086,0.7301,0.73035,6.40,1.60
2010.07.26 08:11:44.259,0.7301,0.7303,1.00,1.60
2010.07.26 08:11:49.118,0.73,0.73025,4.00,4.80
2010.07.26 08:11:49.352,0.73,0.73025,1.60,4.80
2010.07.26 08:11:49.777,0.73005,0.73025,1.00,4.80
2010.07.26 08:11:50.015,0.7301,0.7303,5.60,1.60
2010.07.26 08:11:50.239,0.7301,0.7303,1.00,3.20
2010.07.26 08:11:50.608,0.73005,0.7303,6.50,3.20
2010.07.26 08:11:50.957,0.7301,0.7303,1.00,5.60
2010.07.26 08:11:51.304,0.7301,0.7303,1.00,3.20
2010.07.26 08:11:52.340,0.73005,0.7303,4.00,4.00
2010.07.26 08:11:52.558,0.73005,0.7303,1.60,6.40
2010.07.26 08:11:52.998,0.7301,0.7303,1.00,5.60
2010.07.26 08:11:53.218,0.7301,0.7303,1.00,3.20
2010.07.26 08:12:18.141,0.7301,0.7303,3.20,1.00
2010.07.26 08:12:18.387,0.7301,0.73035,6.40,3.20
2010.07.26 08:12:19.211,0.73015,0.73035,1.00,3.20
2010.07.26 08:12:22.203,0.7301,0.73035,6.40,3.20
2010.07.26 08:12:22.442,0.73015,0.73035,1.00,3.20
2010.07.26 08:12:24.951,0.73015,0.7304,7.20,3.20
2010.07.26 08:12:25.749,0.73015,0.7303,6.50,1.00
2010.07.26 08:12:25.986,0.73015,0.7303,1.00,1.00
2010.07.26 08:12:27.439,0.73015,0.73035,1.00,3.20
2010.07.26 08:12:35.224,0.7301,0.73035,7.20,4.00
2010.07.26 08:12:35.457,0.7301,0.7303,2.40,4.80
2010.07.26 08:12:35.718,0.7301,0.7303,1.60,3.20
2010.07.26 08:12:35.963,0.73015,0.7304,1.00,5.60
2010.07.26 08:12:36.241,0.73015,0.73035,1.00,2.40
2010.07.26 08:12:36.517,0.73015,0.73035,1.00,3.20
2010.07.26 08:12:38.525,0.7301,0.73035,6.40,3.20
2010.07.26 08:12:42.093,0.73015,0.7303,1.00,1.00
2010.07.26 08:12:42.298,0.7301,0.7303,2.40,4.00
2010.07.26 08:12:42.601,0.7301,0.7303,5.60,1.60
2010.07.26 08:12:43.115,0.7301,0.7303,1.00,5.60
2010.07.26 08:12:43.409,0.73005,0.7303,1.80,3.20
2010.07.26 08:12:43.631,0.73005,0.73025,1.00,1.00
2010.07.26 08:12:43.848,0.73005,0.73025,1.00,1.00
2010.07.26 08:12:44.277,0.73005,0.73025,1.00,1.00
2010.07.26 08:12:45.738,0.7301,0.7303,1.00,3.20
2010.07.26 08:12:45.981,0.7301,0.7303,1.00,2.40
2010.07.26 08:12:46.179,0.73005,0.7303,1.60,2.40
2010.07.26 08:12:46.377,0.73005,0.73025,1.00,1.00
2010.07.26 08:13:06.545,0.73005,0.73025,1.00,2.40
2010.07.26 08:13:06.745,0.73005,0.73025,1.00,3.20
2010.07.26 08:13:28.917,0.73005,0.73025,1.00,1.60
2010.07.26 08:13:47.157,0.73005,0.73025,1.00,1.00
2010.07.26 08:13:52.546,0.73005,0.73025,2.80,1.00
2010.07.26 08:13:52.892,0.73005,0.7303,8.40,1.60
2010.07.26 08:13:53.238,0.73005,0.7303,8.00,1.60
2010.07.26 08:13:53.580,0.73005,0.7303,1.60,3.20
2010.07.26 08:13:53.918,0.73005,0.73025,1.00,1.00
2010.07.26 08:14:06.520,0.73005,0.73025,1.00,1.00
2010.07.26 08:14:08.119,0.73005,0.73025,7.30,1.00
2010.07.26 08:14:09.137,0.73005,0.73025,7.60,1.00
2010.07.26 08:14:09.818,0.73005,0.73025,7.40,1.00
2010.07.26 08:14:10.129,0.73005,0.73025,2.40,1.00
2010.07.26 08:14:10.437,0.73005,0.73025,1.00,1.00
2010.07.26 08:14:15.007,0.73005,0.73025,1.00,1.60
2010.07.26 08:14:15.698,0.73005,0.7303,1.60,3.20
2010.07.26 08:14:18.467,0.73005,0.7303,1.60,4.00
2010.07.26 08:14:28.711,0.73,0.73025,5.60,3.60
2010.07.26 08:14:29.051,0.72995,0.7302,6.80,2.40
2010.07.26 08:14:29.398,0.72995,0.7302,6.80,3.20
2010.07.26 08:14:29.736,0.72995,0.7302,7.20,3.20
2010.07.26 08:14:32.869,0.72995,0.73015,1.90,1.60
2010.07.26 08:14:36.664,0.7301,0.7302,1.00,2.40
2010.07.26 08:14:37.009,0.7301,0.7303,1.00,4.80
2010.07.26 08:14:37.560,0.7301,0.7303,1.60,1.60
2010.07.26 08:14:38.030,0.7301,0.73035,1.60,8.80
2010.07.26 08:14:43.055,0.7301,0.7303,1.60,1.60
2010.07.26 08:14:43.659,0.7301,0.7303,1.00,1.60
2010.07.26 08:14:48.963,0.7301,0.73035,1.20,11.20
2010.07.26 08:14:49.314,0.73015,0.73035,1.00,10.40
2010.07.26 08:14:51.329,0.73015,0.73035,1.00,5.60
2010.07.26 08:14:57.506,0.73015,0.7303,1.00,1.60
2010.07.26 08:14:58.767,0.7301,0.7303,1.20,1.60
2010.07.26 08:14:58.957,0.73005,0.7303,5.20,1.60
2010.07.26 08:14:59.146,0.73005,0.7303,3.60,1.60
2010.07.26 08:14:59.735,0.73005,0.7303,6.00,1.60
2010.07.26 08:15:01.069,0.7301,0.7303,1.00,1.60
2010.07.26 08:15:01.718,0.73005,0.7303,6.00,1.60
2010.07.26 08:15:02.346,0.7301,0.7303,1.00,1.60
2010.07.26 08:15:03.216,0.7301,0.7303,1.60,1.60
2010.07.26 08:15:04.447,0.7301,0.7303,1.00,1.60
2010.07.26 08:15:04.988,0.7301,0.7303,2.00,1.60
2010.07.26 08:15:05.672,0.7301,0.7303,1.60,1.60
2010.07.26 08:15:05.949,0.7301,0.7303,1.00,1.60
2010.07.26 08:15:06.226,0.73005,0.7303,4.00,1.60
2010.07.26 08:15:08.036,0.73005,0.7303,6.40,1.60
2010.07.26 08:15:16.876,0.73005,0.7303,6.40,2.40
2010.07.26 08:15:19.708,0.73005,0.7303,6.40,1.60
2010.07.26 08:15:47.774,0.7301,0.7303,1.00,1.60
2010.07.26 08:15:56.075,0.73015,0.73035,1.00,8.00
2010.07.26 08:15:56.424,0.73015,0.73035,1.20,3.20
2010.07.26 08:15:57.247,0.73015,0.73035,1.20,2.40
2010.07.26 08:15:57.541,0.7301,0.7303,7.20,1.60
2010.07.26 08:15:58.043,0.7301,0.7303,4.00,1.60
2010.07.26 08:15:58.328,0.7301,0.7303,1.00,1.60
2010.07.26 08:15:58.667,0.7301,0.7303,1.60,1.60
2010.07.26 08:15:59.668,0.7301,0.7303,1.00,1.60
2010.07.26 08:16:07.091,0.73005,0.7303,6.40,1.60
2010.07.26 08:16:31.842,0.73005,0.7303,6.40,2.40
2010.07.26 08:16:32.096,0.73005,0.73025,6.40,1.60
2010.07.26 08:16:32.475,0.73005,0.73025,1.60,1.60
2010.07.26 08:17:01.075,0.73005,0.7303,1.60,7.20
2010.07.26 08:17:01.478,0.73005,0.7303,4.00,3.20
2010.07.26 08:17:01.940,0.7301,0.7303,1.00,2.40
2010.07.26 08:17:02.211,0.7301,0.7303,1.00,1.60
2010.07.26 08:17:06.867,0.73005,0.7303,1.60,1.60
2010.07.26 08:17:07.186,0.73005,0.7303,4.00,1.60
2010.07.26 08:17:28.205,0.7301,0.7303,1.00,1.60
2010.07.26 08:17:30.318,0.7301,0.7303,1.00,4.80
2010.07.26 08:17:34.227,0.73005,0.7303,1.60,4.80
2010.07.26 08:17:34.496,0.73005,0.7303,1.60,7.20
2010.07.26 08:17:35.265,0.73005,0.7303,1.60,8.00
2010.07.26 08:17:39.773,0.73005,0.7303,4.00,4.80
2010.07.26 08:17:40.101,0.73005,0.7303,7.60,1.60
2010.07.26 08:17:47.817,0.73005,0.73035,7.60,11.20
2010.07.26 08:17:57.977,0.73005,0.73035,7.70,11.20
2010.07.26 08:17:58.166,0.73005,0.73035,7.60,11.20
2010.07.26 08:17:58.658,0.73005,0.73035,7.70,11.20
2010.07.26 08:17:59.437,0.73005,0.73035,7.60,11.20
2010.07.26 08:18:02.286,0.73005,0.7303,7.60,1.60
2010.07.26 08:18:02.418,0.73005,0.7303,4.40,2.40
2010.07.26 08:18:02.547,0.73005,0.7303,4.40,4.80
2010.07.26 08:18:02.897,0.73005,0.7303,2.00,4.80
2010.07.26 08:18:04.606,0.73005,0.7303,3.60,4.80
2010.07.26 08:18:06.823,0.73005,0.7303,3.60,3.20
2010.07.26 08:18:09.330,0.73005,0.7303,3.60,5.60
2010.07.26 08:18:10.005,0.73005,0.7303,3.60,7.20
2010.07.26 08:18:10.619,0.73005,0.7303,3.20,8.00
2010.07.26 08:18:10.928,0.73005,0.7303,1.60,8.00
2010.07.26 08:18:12.688,0.73005,0.7303,1.60,5.60
2010.07.26 08:18:13.311,0.73005,0.7303,1.60,8.00
2010.07.26 08:18:14.469,0.73005,0.7303,1.60,5.60
2010.07.26 08:18:21.537,0.73005,0.7303,1.60,8.00
2010.07.26 08:18:22.217,0.73005,0.7303,1.60,5.60
2010.07.26 08:18:23.307,0.73005,0.7303,1.60,8.00
2010.07.26 08:18:45.104,0.73005,0.7303,1.60,5.60
2010.07.26 08:18:46.847,0.73005,0.7303,1.60,4.80
2010.07.26 08:18:47.239,0.7301,0.7303,1.00,3.20
2010.07.26 08:18:49.378,0.7301,0.7303,1.00,4.00
2010.07.26 08:18:58.957,0.7301,0.7303,1.00,6.40
2010.07.26 08:19:06.587,0.7301,0.7303,1.00,4.00
2010.07.26 08:19:06.727,0.73005,0.7303,1.60,4.80
2010.07.26 08:19:07.429,0.73005,0.7303,1.60,7.20
2010.07.26 08:19:11.369,0.73005,0.73025,1.60,1.00
2010.07.26 08:19:12.367,0.73005,0.7303,1.60,7.20
2010.07.26 08:19:12.714,0.73005,0.73025,1.00,4.80
2010.07.26 08:19:13.311,0.73005,0.73025,1.00,8.00
2010.07.26 08:19:15.848,0.73005,0.73025,1.00,4.80
2010.07.26 08:19:16.099,0.73005,0.73025,1.00,1.00
2010.07.26 08:19:16.777,0.73005,0.7303,1.60,8.80
2010.07.26 08:19:30.086,0.73005,0.7303,1.60,7.20
2010.07.26 08:19:32.910,0.73005,0.7303,1.60,4.80
2010.07.26 08:19:33.161,0.73005,0.7303,1.60,7.20
2010.07.26 08:19:38.228,0.73005,0.7303,1.70,7.20
2010.07.26 08:19:38.809,0.7301,0.7303,1.00,2.40
2010.07.26 08:19:39.121,0.7301,0.7303,1.00,1.00
2010.07.26 08:19:40.212,0.73015,0.73035,1.00,9.60
2010.07.26 08:19:40.560,0.73015,0.73035,1.00,4.80
2010.07.26 08:19:41.137,0.73015,0.73035,1.00,4.00
2010.07.26 08:19:41.481,0.73015,0.73035,1.00,1.00
2010.07.26 08:19:41.817,0.73015,0.7304,1.60,9.60
2010.07.26 08:19:47.639,0.73015,0.7304,1.60,7.20
2010.07.26 08:19:47.978,0.73015,0.7304,1.60,9.60
2010.07.26 08:19:58.250,0.73015,0.73035,1.00,3.20
2010.07.26 08:19:59.607,0.73015,0.73035,1.00,4.80
2010.07.26 08:20:00.969,0.73015,0.73035,1.00,2.40
2010.07.26 08:20:01.718,0.73015,0.7304,1.00,9.60
2010.07.26 08:20:06.607,0.73015,0.7304,1.00,8.00
2010.07.26 08:20:06.948,0.73015,0.7304,1.00,6.40
2010.07.26 08:20:10.876,0.73015,0.7304,1.60,6.40
2010.07.26 08:20:11.357,0.73015,0.7304,1.60,4.00
2010.07.26 08:20:15.388,0.73015,0.7304,2.40,4.00
2010.07.26 08:20:15.744,0.7302,0.7304,1.00,4.00
2010.07.26 08:20:16.004,0.7303,0.73045,1.00,2.40
2010.07.26 08:20:16.475,0.7303,0.7305,1.60,5.60
2010.07.26 08:20:16.823,0.7303,0.73055,1.60,8.00
2010.07.26 08:20:17.171,0.7303,0.73055,1.60,10.40
2010.07.26 08:20:17.521,0.73025,0.7305,1.60,1.00
2010.07.26 08:20:18.537,0.73025,0.7305,1.60,2.40
2010.07.26 08:20:18.991,0.73025,0.7305,1.60,1.00
2010.07.26 08:20:21.239,0.73025,0.73045,1.00,2.40
2010.07.26 08:20:23.409,0.73025,0.73045,1.00,7.60
2010.07.26 08:20:23.749,0.73025,0.73045,1.00,8.00
2010.07.26 08:20:24.087,0.73025,0.73045,1.00,8.80
2010.07.26 08:20:25.458,0.73025,0.73045,1.00,8.00
2010.07.26 08:20:25.934,0.73025,0.73045,1.00,5.60
2010.07.26 08:20:26.149,0.73025,0.73045,1.00,3.20
2010.07.26 08:20:28.497,0.73025,0.73045,1.00,8.80
2010.07.26 08:20:33.210,0.7302,0.73045,1.00,10.40
2010.07.26 08:20:33.488,0.7302,0.73045,1.00,12.00
2010.07.26 08:20:33.866,0.7302,0.73045,1.00,10.40
2010.07.26 08:20:34.058,0.73015,0.7304,1.60,4.00
2010.07.26 08:20:34.248,0.73015,0.7304,1.60,1.60
2010.07.26 08:20:34.437,0.73015,0.7304,4.00,1.60
2010.07.26 08:20:35.099,0.73015,0.7304,6.40,1.60
2010.07.26 08:20:35.348,0.73015,0.73045,6.40,8.00
2010.07.26 08:20:39.623,0.7302,0.73045,1.00,7.20
2010.07.26 08:20:40.437,0.7302,0.73045,1.00,4.80
2010.07.26 08:20:41.786,0.7302,0.73045,1.60,4.80
2010.07.26 08:20:42.127,0.7302,0.73045,1.60,5.20
2010.07.26 08:20:42.307,0.7302,0.73045,1.60,5.60
2010.07.26 08:20:43.048,0.7302,0.73045,1.00,5.70
2010.07.26 08:20:46.657,0.7302,0.73035,1.00,1.00
2010.07.26 08:20:46.962,0.7302,0.73035,1.00,1.00
2010.07.26 08:20:47.201,0.73015,0.73045,8.80,5.70
2010.07.26 08:20:48.137,0.73015,0.73045,4.00,10.50
2010.07.26 08:20:50.068,0.73015,0.73045,4.00,8.10
2010.07.26 08:20:50.407,0.73015,0.73045,6.40,8.10
2010.07.26 08:21:20.248,0.7302,0.73045,1.00,8.10
2010.07.26 08:21:22.621,0.7302,0.73045,1.00,4.90
2010.07.26 08:21:24.770,0.7302,0.73045,1.00,5.70
2010.07.26 08:21:25.067,0.7302,0.73045,1.00,8.10
2010.07.26 08:21:25.366,0.7302,0.73045,1.00,7.30
2010.07.26 08:21:26.118,0.7302,0.73045,1.00,4.90
2010.07.26 08:21:32.957,0.7302,0.73045,1.00,5.70
2010.07.26 08:21:33.450,0.7302,0.73045,1.00,8.10
2010.07.26 08:21:40.778,0.7302,0.73045,1.00,5.70
2010.07.26 08:21:43.027,0.7302,0.73045,1.00,5.60
2010.07.26 08:21:44.438,0.73025,0.73045,1.00,4.00
2010.07.26 08:21:58.901,0.7301,0.7303,1.00,5.60
2010.07.26 08:22:07.320,0.7301,0.73025,1.00,1.00
2010.07.26 08:22:07.529,0.7301,0.73025,1.00,1.00
2010.07.26 08:22:07.960,0.7301,0.73025,1.00,1.00
2010.07.26 08:22:08.983,0.7301,0.7303,2.40,4.80
2010.07.26 08:22:09.330,0.7301,0.7303,1.00,4.80
2010.07.26 08:22:10.007,0.7301,0.73025,1.00,1.00
2010.07.26 08:22:12.557,0.7301,0.7303,1.00,4.80
2010.07.26 08:22:12.907,0.7301,0.7303,1.60,4.80
2010.07.26 08:22:13.186,0.7301,0.73035,4.80,8.80
2010.07.26 08:22:13.749,0.7301,0.73035,4.80,8.00
2010.07.26 08:22:14.225,0.7301,0.73035,1.60,8.00
2010.07.26 08:22:14.512,0.73015,0.7304,1.00,8.80
2010.07.26 08:22:15.077,0.73015,0.7304,1.00,7.20
2010.07.26 08:22:24.488,0.73015,0.7304,1.00,8.80
2010.07.26 08:22:24.831,0.73015,0.73035,1.00,2.40
2010.07.26 08:22:25.171,0.73015,0.7304,1.00,7.20
2010.07.26 08:22:33.307,0.73015,0.7304,1.60,7.20
2010.07.26 08:22:35.876,0.73015,0.7304,1.00,7.20
2010.07.26 08:22:50.322,0.73015,0.73025,1.00,1.00
2010.07.26 08:22:50.590,0.73015,0.73035,1.00,5.60
2010.07.26 08:22:51.199,0.7301,0.7303,3.20,2.40
2010.07.26 08:22:51.526,0.73,0.73015,6.40,1.60
2010.07.26 08:22:52.056,0.73005,0.7302,1.00,3.40
2010.07.26 08:22:52.401,0.73005,0.73025,1.00,1.00
2010.07.26 08:22:52.740,0.73005,0.7303,1.60,3.20
2010.07.26 08:23:01.360,0.73005,0.7302,1.60,4.00
2010.07.26 08:23:01.587,0.73005,0.7302,1.60,6.40
2010.07.26 08:23:01.787,0.73,0.7302,1.60,7.20
2010.07.26 08:23:02.321,0.73,0.7302,1.00,7.20
2010.07.26 08:23:02.664,0.73,0.7302,6.40,1.60
2010.07.26 08:23:03.012,0.73005,0.7303,1.00,7.20
2010.07.26 08:23:04.080,0.73005,0.7303,1.60,7.20
2010.07.26 08:23:07.813,0.73,0.7302,1.60,11.20
2010.07.26 08:23:09.037,0.73,0.7302,1.00,11.20
2010.07.26 08:23:09.717,0.73,0.73015,1.00,2.00
2010.07.26 08:23:10.214,0.7299,0.7301,1.60,4.00
2010.07.26 08:23:10.503,0.72985,0.7301,1.60,6.40
2010.07.26 08:23:10.769,0.72985,0.7301,1.60,8.00
2010.07.26 08:23:11.040,0.7299,0.7301,1.00,8.00
2010.07.26 08:23:11.460,0.72995,0.7302,1.00,14.80
2010.07.26 08:23:12.073,0.73,0.7302,1.40,8.80
2010.07.26 08:23:12.650,0.73005,0.73025,1.00,6.50
2010.07.26 08:23:17.076,0.73005,0.7302,1.00,1.00
2010.07.26 08:23:17.328,0.73005,0.7302,1.00,3.20
2010.07.26 08:23:17.587,0.73,0.7302,1.00,8.00
2010.07.26 08:23:19.818,0.73,0.73015,1.00,1.60
2010.07.26 08:23:22.269,0.73,0.73015,1.00,4.40
2010.07.26 08:23:22.406,0.73,0.73015,1.00,6.00
2010.07.26 08:23:22.547,0.73,0.7301,1.00,2.40
2010.07.26 08:23:22.688,0.7299,0.7301,1.00,2.40
2010.07.26 08:23:23.072,0.7299,0.7301,1.00,4.80
2010.07.26 08:23:24.503,0.7299,0.7301,1.60,4.80
2010.07.26 08:23:24.712,0.73,0.73015,1.00,1.60
2010.07.26 08:23:43.728,0.73,0.7302,3.20,3.20
2010.07.26 08:23:44.249,0.73005,0.7302,1.00,1.00
2010.07.26 08:23:44.470,0.73005,0.73025,1.00,1.00
2010.07.26 08:23:51.177,0.73005,0.73025,1.00,1.00
2010.07.26 08:23:51.296,0.73005,0.7303,1.00,8.80
2010.07.26 08:23:51.417,0.73005,0.7302,1.00,1.00
2010.07.26 08:23:51.805,0.73,0.73015,1.00,1.60
2010.07.26 08:23:55.368,0.73005,0.7302,1.00,1.60
2010.07.26 08:23:55.672,0.73005,0.73025,1.00,1.00
2010.07.26 08:24:07.208,0.73005,0.73025,4.00,1.00
2010.07.26 08:24:07.758,0.73005,0.73025,4.00,1.00
2010.07.26 08:24:08.574,0.73005,0.73025,4.00,1.00
2010.07.26 08:24:08.919,0.73005,0.73025,1.00,1.00
2010.07.26 08:24:09.828,0.73005,0.73025,1.60,1.00
2010.07.26 08:24:10.169,0.73005,0.73025,6.40,1.00
2010.07.26 08:24:10.853,0.73005,0.73025,6.40,1.00
2010.07.26 08:24:11.129,0.73005,0.73035,6.40,12.20
2010.07.26 08:24:11.412,0.73005,0.73025,6.40,1.00
2010.07.26 08:24:11.731,0.73005,0.73025,6.40,1.00
2010.07.26 08:24:12.072,0.73005,0.73025,1.00,1.00
2010.07.26 08:24:14.239,0.73,0.73025,1.00,9.70
2010.07.26 08:24:20.149,0.72995,0.73015,1.60,1.60
2010.07.26 08:24:20.730,0.72995,0.73025,6.40,9.70
2010.07.26 08:24:21.062,0.73,0.73025,1.00,9.70
2010.07.26 08:24:34.237,0.73,0.73025,1.00,10.50
2010.07.26 08:24:34.859,0.73,0.73025,1.00,9.70
2010.07.26 08:24:49.499,0.73,0.73025,1.00,9.60
2010.07.26 08:24:50.038,0.73,0.73025,1.00,9.70
2010.07.26 08:24:58.668,0.73,0.73025,1.00,8.80
2010.07.26 08:24:59.806,0.73,0.73025,1.00,8.90
2010.07.26 08:25:00.146,0.73,0.73025,1.00,9.70
2010.07.26 08:25:02.636,0.73,0.73025,1.00,10.50
2010.07.26 08:25:03.457,0.73,0.73025,1.00,9.70
2010.07.26 08:25:04.649,0.73,0.73025,1.00,10.50
2010.07.26 08:25:04.936,0.72995,0.73025,6.40,10.50
2010.07.26 08:25:05.612,0.72985,0.73005,1.00,1.60
2010.07.26 08:25:05.961,0.72985,0.73005,1.00,1.00
2010.07.26 08:25:06.300,0.72985,0.73005,1.00,2.40
2010.07.26 08:25:06.638,0.72985,0.73005,1.00,1.00
2010.07.26 08:25:09.759,0.72995,0.73015,1.00,2.40
2010.07.26 08:25:10.099,0.7299,0.73015,7.20,5.60
2010.07.26 08:25:10.439,0.7299,0.73015,1.00,8.00
2010.07.26 08:25:10.780,0.7299,0.73015,5.60,1.60
2010.07.26 08:25:12.953,0.72995,0.73015,1.00,1.60
2010.07.26 08:25:13.226,0.72995,0.73025,6.40,8.10
2010.07.26 08:25:14.111,0.73,0.73025,1.00,8.10
2010.07.26 08:25:18.307,0.73,0.73025,1.00,8.90
2010.07.26 08:25:18.651,0.73,0.7302,1.00,2.40
2010.07.26 08:25:18.994,0.72985,0.73015,6.80,10.80
2010.07.26 08:25:19.343,0.72985,0.73005,3.20,1.00
2010.07.26 08:25:19.690,0.72985,0.7301,6.40,1.60
2010.07.26 08:25:21.683,0.72985,0.73005,3.20,1.60
2010.07.26 08:25:21.971,0.72985,0.73005,1.00,1.60
2010.07.26 08:25:22.262,0.7299,0.73005,1.00,1.60
2010.07.26 08:25:22.555,0.72995,0.73005,1.00,1.00
2010.07.26 08:25:23.121,0.72985,0.7301,1.00,4.80
2010.07.26 08:25:23.459,0.72985,0.7301,1.60,6.40
2010.07.26 08:25:23.799,0.72985,0.73005,1.00,1.60
2010.07.26 08:25:33.570,0.72985,0.73005,1.00,3.20
2010.07.26 08:25:33.878,0.72985,0.73005,1.20,1.60
2010.07.26 08:25:34.187,0.7299,0.73005,1.00,1.60
2010.07.26 08:25:35.147,0.7299,0.73005,1.00,3.20
2010.07.26 08:25:35.487,0.7299,0.73005,1.00,1.60
2010.07.26 08:25:38.123,0.72985,0.73005,1.20,1.60
2010.07.26 08:25:41.058,0.72985,0.73005,1.20,3.20
2010.07.26 08:25:43.728,0.72985,0.73005,1.00,3.20
2010.07.26 08:25:45.389,0.72985,0.73005,1.00,1.60
2010.07.26 08:25:49.227,0.7299,0.73005,1.00,1.60
2010.07.26 08:25:51.976,0.7299,0.73005,1.00,7.20
2010.07.26 08:25:52.325,0.7299,0.73005,1.00,4.80
2010.07.26 08:25:52.710,0.7299,0.73,1.00,1.60
2010.07.26 08:25:53.053,0.7298,0.73005,1.00,7.20
2010.07.26 08:25:54.259,0.7298,0.73,1.00,1.00
2010.07.26 08:25:54.599,0.7298,0.72995,1.00,1.60
2010.07.26 08:25:56.640,0.7298,0.7299,1.00,1.00
2010.07.26 08:25:57.662,0.7298,0.72995,1.00,4.00
2010.07.26 08:25:58.339,0.7297,0.72995,6.30,4.00
2010.07.26 08:25:58.979,0.72975,0.72995,1.00,4.80
2010.07.26 08:26:00.981,0.7298,0.72995,1.00,4.80
2010.07.26 08:26:01.159,0.7298,0.72995,1.00,4.00
2010.07.26 08:26:01.341,0.7298,0.7299,1.00,1.00
2010.07.26 08:26:02.091,0.7298,0.72995,1.00,1.60
2010.07.26 08:26:03.030,0.72975,0.73,1.60,9.60
2010.07.26 08:26:03.370,0.72975,0.73,4.00,2.40
2010.07.26 08:26:03.671,0.72985,0.73,1.00,1.00
2010.07.26 08:26:05.987,0.7298,0.73,3.20,1.00
2010.07.26 08:26:06.117,0.7298,0.72995,3.20,1.00
2010.07.26 08:26:06.257,0.7298,0.72995,3.20,1.00
2010.07.26 08:26:06.530,0.7298,0.72995,3.20,1.00
2010.07.26 08:26:06.676,0.72975,0.72995,5.60,2.50
2010.07.26 08:26:08.271,0.72975,0.72995,5.60,1.60
2010.07.26 08:26:09.355,0.7298,0.72995,2.40,1.60
2010.07.26 08:26:13.965,0.72975,0.72995,5.60,1.60
2010.07.26 08:26:14.291,0.7298,0.72995,2.40,1.60
2010.07.26 08:26:16.149,0.72975,0.72995,5.60,1.60
2010.07.26 08:26:16.489,0.7298,0.72995,2.40,1.60
2010.07.26 08:26:18.638,0.72975,0.72995,5.60,1.60
2010.07.26 08:26:19.568,0.7298,0.72995,2.40,1.60
2010.07.26 08:26:20.178,0.72975,0.72995,1.00,1.60
2010.07.26 08:26:20.519,0.72975,0.72995,5.60,1.60
2010.07.26 08:26:21.222,0.72975,0.72995,1.00,1.60
2010.07.26 08:26:22.339,0.72975,0.72995,1.00,2.40
2010.07.26 08:26:37.038,0.72975,0.72995,1.00,2.50
2010.07.26 08:26:38.212,0.72975,0.72995,1.00,3.30
2010.07.26 08:26:40.998,0.72975,0.72995,1.00,2.50
2010.07.26 08:26:42.839,0.72975,0.72995,1.00,1.60
2010.07.26 08:26:44.937,0.72975,0.72995,1.20,1.60
2010.07.26 08:26:45.258,0.72975,0.72995,4.00,1.00
2010.07.26 08:26:45.580,0.7298,0.72995,1.00,1.60
2010.07.26 08:26:46.189,0.72975,0.72995,1.00,1.60
2010.07.26 08:26:46.997,0.72975,0.72995,3.20,1.60
2010.07.26 08:26:47.339,0.72975,0.72995,5.60,1.60
2010.07.26 08:26:50.358,0.72975,0.72995,1.00,1.60
2010.07.26 08:26:50.700,0.72975,0.72995,5.60,1.60
2010.07.26 08:26:51.380,0.72975,0.72995,1.00,1.60
2010.07.26 08:26:51.719,0.72975,0.72995,5.60,1.60
2010.07.26 08:26:52.060,0.72975,0.72995,3.20,1.60
2010.07.26 08:26:52.399,0.72975,0.72995,1.00,1.60
2010.07.26 08:26:52.659,0.72975,0.72995,3.20,1.60
2010.07.26 08:26:52.919,0.72975,0.72995,1.00,1.60
2010.07.26 08:26:53.178,0.72975,0.72995,5.60,1.60
2010.07.26 08:26:53.439,0.72975,0.72995,1.00,1.60
2010.07.26 08:26:53.778,0.72975,0.72995,5.60,1.60
2010.07.26 08:26:54.121,0.72975,0.72995,1.00,1.60
2010.07.26 08:26:54.628,0.72975,0.72995,3.20,1.60
2010.07.26 08:26:54.799,0.72975,0.72995,5.60,1.60
2010.07.26 08:26:59.059,0.72975,0.72995,1.00,1.60
2010.07.26 08:26:59.398,0.72975,0.72995,3.20,1.60
2010.07.26 08:26:59.738,0.72975,0.72995,1.00,1.60
2010.07.26 08:27:00.041,0.72975,0.72995,3.20,1.60
2010.07.26 08:27:00.341,0.72975,0.72995,5.60,1.60
2010.07.26 08:27:00.641,0.72975,0.72995,1.00,1.60
2010.07.26 08:27:01.063,0.72975,0.72995,3.20,1.60
2010.07.26 08:27:01.238,0.72975,0.72995,5.60,1.60
2010.07.26 08:27:01.420,0.72975,0.72995,1.00,1.60
2010.07.26 08:27:01.598,0.72975,0.72995,5.60,1.60
2010.07.26 08:27:02.462,0.72975,0.72995,1.00,1.60
2010.07.26 08:27:02.808,0.72975,0.72995,5.60,1.60
2010.07.26 08:27:11.014,0.72975,0.72995,1.00,1.60
2010.07.26 08:27:12.307,0.72975,0.72995,3.20,1.60
2010.07.26 08:27:12.830,0.72975,0.72995,5.60,1.60
2010.07.26 08:27:17.050,0.72975,0.72995,3.20,1.60
2010.07.26 08:27:17.349,0.72975,0.72995,3.20,3.20
2010.07.26 08:27:18.609,0.72975,0.72995,1.00,3.20
2010.07.26 08:27:27.488,0.72975,0.72995,3.20,3.20
2010.07.26 08:27:27.826,0.72975,0.72995,2.40,4.00
2010.07.26 08:27:29.138,0.7297,0.72995,6.00,4.00
2010.07.26 08:27:31.129,0.7297,0.72995,5.60,4.00
2010.07.26 08:27:34.409,0.7297,0.7299,2.40,2.40
2010.07.26 08:27:34.663,0.7297,0.7299,2.40,4.00
2010.07.26 08:27:36.979,0.7297,0.7298,2.40,1.00
2010.07.26 08:27:37.359,0.7296,0.7298,14.40,2.40
2010.07.26 08:27:37.613,0.72955,0.72975,5.60,1.00
2010.07.26 08:27:37.869,0.72955,0.72975,3.20,1.00
2010.07.26 08:27:38.130,0.72955,0.72975,5.60,1.00
2010.07.26 08:27:38.880,0.72955,0.72975,5.60,1.60
2010.07.26 08:27:39.160,0.72955,0.72975,5.60,1.30
2010.07.26 08:27:39.479,0.72955,0.72975,5.60,1.70
2010.07.26 08:27:40.308,0.72955,0.72975,5.60,1.00
2010.07.26 08:27:40.664,0.72955,0.72975,5.60,1.20
2010.07.26 08:27:40.908,0.72955,0.72975,5.60,1.00
2010.07.26 08:27:41.391,0.72955,0.72975,5.60,1.20
2010.07.26 08:27:41.549,0.72955,0.72975,5.60,1.30
2010.07.26 08:27:41.961,0.72955,0.7297,5.60,1.00
2010.07.26 08:27:44.847,0.72955,0.72975,5.60,1.60
2010.07.26 08:27:45.499,0.72955,0.72975,5.60,1.20
2010.07.26 08:27:45.702,0.72955,0.72975,5.60,1.00
2010.07.26 08:27:46.381,0.72955,0.72965,5.60,1.00
2010.07.26 08:27:46.724,0.7295,0.72965,3.20,1.70
2010.07.26 08:27:47.070,0.72945,0.7296,1.00,1.00
2010.07.26 08:27:51.548,0.72945,0.72965,3.20,1.00
2010.07.26 08:27:52.057,0.72945,0.72965,5.60,1.00
2010.07.26 08:27:52.403,0.7295,0.72965,2.40,1.00
2010.07.26 08:27:53.639,0.7295,0.72965,2.40,1.00
2010.07.26 08:27:53.983,0.7295,0.72965,6.80,1.00
2010.07.26 08:27:54.415,0.7295,0.72975,10.00,2.50
2010.07.26 08:27:54.764,0.72955,0.72975,3.20,1.00
2010.07.26 08:27:55.113,0.72955,0.72975,3.20,1.20
2010.07.26 08:27:55.624,0.72955,0.72975,3.20,1.60
2010.07.26 08:27:57.681,0.72955,0.72975,3.20,1.20
2010.07.26 08:27:57.907,0.72955,0.72975,3.20,1.00
2010.07.26 08:27:58.659,0.72955,0.72975,3.20,1.60
2010.07.26 08:27:59.347,0.72955,0.72975,3.20,1.20
2010.07.26 08:27:59.667,0.72955,0.72975,3.20,1.00
2010.07.26 08:28:00.057,0.72955,0.72975,3.20,1.60
2010.07.26 08:28:00.319,0.72955,0.72975,3.20,1.00
2010.07.26 08:28:01.108,0.72955,0.72975,3.20,1.60
2010.07.26 08:28:01.957,0.72955,0.72975,3.20,1.00
2010.07.26 08:28:02.588,0.72955,0.72975,3.20,1.00
2010.07.26 08:28:02.808,0.72955,0.72975,3.20,1.60
2010.07.26 08:28:04.897,0.72955,0.72975,3.20,1.20
2010.07.26 08:28:05.036,0.72955,0.72975,3.20,1.60
2010.07.26 08:28:05.177,0.72955,0.72975,3.20,1.00
2010.07.26 08:28:06.163,0.72955,0.72975,3.20,2.40
2010.07.26 08:28:06.482,0.7295,0.72975,8.00,4.80
2010.07.26 08:28:06.802,0.7295,0.72975,5.20,4.80
2010.07.26 08:28:07.140,0.72955,0.72975,1.00,4.00
2010.07.26 08:28:07.479,0.7295,0.72975,5.60,4.00
2010.07.26 08:28:07.819,0.7295,0.72975,3.20,4.00
2010.07.26 08:28:10.462,0.7295,0.72975,2.40,4.00
2010.07.26 08:28:12.359,0.7295,0.72975,1.00,4.00
2010.07.26 08:28:12.768,0.72945,0.72975,7.20,4.00
2010.07.26 08:28:13.049,0.7295,0.72975,2.40,4.00
2010.07.26 08:28:15.349,0.7295,0.72975,4.80,4.00
2010.07.26 08:28:19.179,0.72955,0.72975,1.00,3.20
2010.07.26 08:28:19.330,0.72955,0.72975,3.20,2.40
2010.07.26 08:28:19.482,0.7295,0.72975,6.40,3.20
2010.07.26 08:28:19.629,0.72955,0.72975,2.40,3.20
2010.07.26 08:28:19.968,0.7295,0.72975,8.40,3.20
2010.07.26 08:28:20.321,0.72955,0.72975,1.00,3.20
2010.07.26 08:28:20.666,0.72955,0.72975,2.40,4.00
2010.07.26 08:28:21.014,0.7295,0.72975,5.60,4.00
2010.07.26 08:28:21.363,0.7295,0.72975,3.20,4.00
2010.07.26 08:28:21.710,0.7295,0.72975,4.80,4.00
2010.07.26 08:28:22.050,0.7295,0.72975,2.40,4.00
2010.07.26 08:28:24.898,0.7295,0.72975,3.20,4.00
2010.07.26 08:28:26.234,0.7295,0.7297,3.20,1.60
2010.07.26 08:28:26.912,0.72955,0.72975,1.00,3.20
2010.07.26 08:28:27.262,0.72955,0.7297,3.20,1.60
2010.07.26 08:28:27.604,0.7295,0.72975,1.00,4.00
2010.07.26 08:28:27.952,0.7295,0.7297,2.40,1.60
2010.07.26 08:28:28.294,0.72945,0.7297,6.40,1.60
2010.07.26 08:28:28.602,0.72945,0.7297,1.00,4.80
2010.07.26 08:28:29.144,0.7294,0.72965,5.20,2.40
2010.07.26 08:28:29.453,0.7294,0.72965,4.40,1.60
2010.07.26 08:28:29.802,0.7294,0.72965,4.40,3.20
2010.07.26 08:28:30.700,0.7294,0.72965,3.60,3.20
2010.07.26 08:28:32.541,0.7294,0.72965,3.20,3.20
2010.07.26 08:28:34.330,0.7294,0.7296,3.20,1.00
2010.07.26 08:28:50.881,0.7294,0.72965,3.20,3.20
2010.07.26 08:28:51.218,0.7294,0.7296,3.20,1.00
2010.07.26 08:29:04.630,0.7294,0.72965,3.20,3.20
2010.07.26 08:29:05.237,0.7294,0.7296,3.20,1.00
2010.07.26 08:29:20.970,0.7294,0.7296,2.40,4.00
2010.07.26 08:29:21.355,0.7294,0.7296,2.00,8.80
2010.07.26 08:29:21.677,0.7294,0.72965,4.80,1.60
2010.07.26 08:29:22.002,0.7294,0.72965,4.00,2.40
2010.07.26 08:29:22.476,0.7294,0.72965,4.00,3.20
2010.07.26 08:29:24.477,0.7294,0.7296,1.00,2.40
2010.07.26 08:29:24.590,0.7294,0.7296,1.00,6.40
2010.07.26 08:29:24.709,0.7294,0.7296,2.80,8.80
2010.07.26 08:29:24.829,0.72945,0.7296,3.20,2.40
2010.07.26 08:29:24.949,0.72945,0.72965,3.20,1.60
2010.07.26 08:29:25.068,0.7294,0.72965,10.40,3.20
2010.07.26 08:29:25.400,0.7294,0.72965,8.00,3.20
2010.07.26 08:29:25.522,0.7294,0.72965,4.00,3.20
2010.07.26 08:29:26.769,0.7294,0.7296,1.00,4.80
2010.07.26 08:29:27.010,0.7294,0.7296,1.00,3.20
2010.07.26 08:29:27.247,0.72945,0.72965,2.40,3.20
2010.07.26 08:29:27.484,0.7294,0.72965,4.00,3.20
2010.07.26 08:29:28.170,0.7294,0.72965,3.20,4.00
2010.07.26 08:29:28.659,0.72935,0.7296,4.00,1.60
2010.07.26 08:29:28.891,0.72935,0.7296,4.00,3.20
2010.07.26 08:29:29.796,0.7293,0.72955,12.00,1.60
2010.07.26 08:29:33.200,0.7293,0.72955,14.00,1.60
2010.07.26 08:29:33.544,0.72935,0.72955,3.20,1.60
2010.07.26 08:29:47.769,0.72935,0.7296,4.00,3.20
2010.07.26 08:29:49.007,0.72935,0.72955,3.20,1.00
2010.07.26 08:29:50.768,0.72935,0.7296,3.20,4.00
2010.07.26 08:29:50.889,0.72935,0.72955,3.20,1.60
2010.07.26 08:29:51.009,0.7293,0.72955,10.40,1.60
2010.07.26 08:29:51.344,0.7293,0.72955,9.60,1.60
2010.07.26 08:29:51.683,0.7293,0.72955,4.00,6.40
2010.07.26 08:29:53.859,0.7293,0.7295,4.00,1.60
2010.07.26 08:29:53.970,0.72935,0.7295,1.00,2.40
2010.07.26 08:29:54.410,0.7293,0.7295,1.00,2.40
2010.07.26 08:29:54.549,0.7293,0.7295,1.00,3.20
2010.07.26 08:29:55.878,0.7293,0.7295,1.00,1.60
2010.07.26 08:29:56.189,0.7293,0.72955,1.60,8.80
2010.07.26 08:30:03.077,0.7293,0.72955,2.40,8.80
2010.07.26 08:30:10.032,0.7293,0.72955,1.60,8.80
2010.07.26 08:30:25.764,0.7293,0.72955,4.00,6.40
2010.07.26 08:30:25.785,0.7293,0.72955,4.40,4.00
2010.07.26 08:30:25.801,0.72935,0.72955,1.00,4.00
2010.07.26 08:30:26.139,0.72935,0.72955,1.00,1.60
2010.07.26 08:30:30.211,0.72935,0.72955,3.20,1.60
2010.07.26 08:30:30.551,0.72935,0.72955,3.20,1.00
2010.07.26 08:30:30.984,0.72935,0.7296,4.00,3.20
2010.07.26 08:30:31.334,0.72935,0.7296,4.00,1.60
2010.07.26 08:30:31.552,0.7294,0.7296,2.40,2.40
2010.07.26 08:30:31.758,0.7294,0.7296,3.20,1.00
2010.07.26 08:30:31.968,0.7294,0.7296,4.00,1.00
2010.07.26 08:30:32.522,0.7294,0.7296,4.00,2.40
2010.07.26 08:30:32.781,0.7294,0.7296,4.00,1.00
2010.07.26 08:30:33.041,0.72945,0.7296,1.00,1.00
2010.07.26 08:30:33.718,0.72945,0.7296,1.00,1.00
2010.07.26 08:30:42.867,0.72945,0.7296,1.00,1.00
2010.07.26 08:30:43.246,0.72945,0.72965,1.00,3.20
2010.07.26 08:30:43.672,0.7294,0.7296,3.20,1.60
2010.07.26 08:30:44.128,0.7294,0.7296,3.20,3.20
2010.07.26 08:30:45.119,0.7294,0.7296,3.20,1.60
2010.07.26 08:30:47.730,0.7294,0.7296,3.20,3.20
2010.07.26 08:30:48.939,0.7294,0.7296,3.20,1.60
2010.07.26 08:30:49.198,0.7294,0.72965,3.20,3.40
2010.07.26 08:30:50.467,0.7294,0.72965,3.20,3.40
2010.07.26 08:30:51.131,0.7294,0.72965,3.20,4.20
2010.07.26 08:30:54.838,0.7294,0.72965,3.20,3.40
2010.07.26 08:30:54.937,0.7294,0.72965,3.60,3.40
2010.07.26 08:30:55.037,0.7294,0.72965,4.00,3.40
2010.07.26 08:30:55.138,0.7294,0.72965,3.60,3.40
2010.07.26 08:30:55.407,0.7294,0.72965,3.20,3.40
2010.07.26 08:30:57.628,0.7294,0.72965,3.20,4.20
2010.07.26 08:31:00.121,0.72935,0.7296,4.40,3.20
2010.07.26 08:31:05.471,0.72935,0.7296,2.00,3.20
2010.07.26 08:31:05.719,0.72935,0.72955,1.20,1.60
2010.07.26 08:31:05.968,0.72935,0.72955,1.00,2.40
2010.07.26 08:31:11.960,0.72935,0.72955,1.00,3.20
2010.07.26 08:31:13.459,0.7293,0.7294,3.20,1.00
2010.07.26 08:31:14.037,0.7292,0.72935,2.80,1.60
2010.07.26 08:31:14.674,0.72905,0.7293,2.00,7.20
2010.07.26 08:31:15.022,0.729,0.72925,4.40,1.60
2010.07.26 08:31:16.169,0.729,0.72925,4.00,1.60
2010.07.26 08:31:16.852,0.729,0.72925,4.80,1.60
2010.07.26 08:31:17.188,0.72905,0.7293,1.00,8.00
2010.07.26 08:31:17.868,0.72905,0.7293,1.00,9.60
2010.07.26 08:31:18.208,0.72905,0.72925,1.00,1.00
2010.07.26 08:31:19.037,0.72905,0.7293,1.00,9.60
2010.07.26 08:31:19.349,0.72905,0.72925,1.00,1.00
2010.07.26 08:31:19.653,0.72905,0.7293,1.00,9.60
2010.07.26 08:31:22.317,0.72905,0.7293,1.60,8.80
2010.07.26 08:31:22.561,0.72905,0.7293,4.00,1.60
2010.07.26 08:31:22.902,0.7291,0.72935,1.00,10.70
2010.07.26 08:31:23.241,0.7291,0.72935,4.00,3.50
2010.07.26 08:31:25.290,0.7291,0.72935,4.00,5.10
2010.07.26 08:31:26.091,0.7291,0.72935,4.00,3.50
2010.07.26 08:31:27.590,0.7291,0.72935,4.00,2.50
2010.07.26 08:31:27.821,0.7291,0.72935,4.00,1.70
2010.07.26 08:31:28.057,0.72915,0.72935,3.20,1.00
2010.07.26 08:31:28.399,0.72915,0.72935,4.00,1.00
2010.07.26 08:31:29.303,0.72915,0.72935,6.00,1.00
2010.07.26 08:31:29.655,0.7292,0.72935,3.20,1.00
2010.07.26 08:31:31.270,0.7292,0.72945,4.00,1.60
2010.07.26 08:31:32.257,0.7292,0.72945,4.00,3.20
2010.07.26 08:31:40.257,0.7292,0.72945,4.00,4.00
2010.07.26 08:31:41.727,0.7292,0.72945,4.00,5.00
2010.07.26 08:31:43.919,0.7292,0.7294,3.20,1.60
2010.07.26 08:31:45.980,0.72915,0.7294,6.40,1.60
2010.07.26 08:31:46.260,0.72915,0.7294,4.00,3.20
2010.07.26 08:31:50.905,0.72915,0.72935,4.00,1.00
2010.07.26 08:31:51.007,0.72915,0.72935,3.20,1.60
2010.07.26 08:31:53.527,0.72915,0.7294,3.20,3.20
2010.07.26 08:31:56.540,0.72915,0.72935,2.40,1.60
2010.07.26 08:31:56.824,0.7291,0.72935,3.20,2.50
2010.07.26 08:31:57.171,0.7291,0.72935,3.20,2.60
2010.07.26 08:31:58.401,0.7291,0.72935,3.20,3.40
2010.07.26 08:32:04.168,0.7291,0.72935,3.20,1.00
2010.07.26 08:32:18.889,0.7291,0.7294,3.20,9.60
2010.07.26 08:32:21.572,0.7291,0.72935,3.20,1.00
2010.07.26 08:32:21.819,0.7291,0.72935,3.20,1.00
2010.07.26 08:32:25.024,0.7291,0.72935,3.20,2.50
2010.07.26 08:32:27.484,0.7291,0.72935,2.40,3.30
2010.07.26 08:32:27.664,0.7291,0.72935,2.40,8.10
2010.07.26 08:32:27.846,0.72905,0.7293,3.20,1.60
2010.07.26 08:32:28.242,0.72905,0.7293,3.20,2.40
2010.07.26 08:32:28.583,0.72905,0.7293,2.40,4.00
2010.07.26 08:32:28.935,0.729,0.72925,4.80,1.00
2010.07.26 08:32:29.280,0.729,0.72925,3.20,1.00
2010.07.26 08:32:32.018,0.729,0.7293,3.20,9.60
2010.07.26 08:32:33.890,0.729,0.72925,3.20,1.00
2010.07.26 08:32:34.902,0.729,0.72925,3.20,1.00
2010.07.26 08:32:36.061,0.729,0.72925,4.80,1.00
2010.07.26 08:32:36.385,0.72905,0.7293,3.20,3.20
2010.07.26 08:32:39.015,0.729,0.7293,6.40,8.80
2010.07.26 08:32:39.302,0.729,0.7293,3.20,9.60
2010.07.26 08:32:40.918,0.729,0.72925,3.20,1.00
2010.07.26 08:32:41.197,0.729,0.72925,3.20,1.00
2010.07.26 08:32:42.238,0.729,0.72925,3.20,1.00
2010.07.26 08:32:51.598,0.729,0.72925,4.00,2.60
2010.07.26 08:32:55.809,0.729,0.72925,3.20,5.80
2010.07.26 08:32:55.948,0.729,0.72925,3.20,8.20
2010.07.26 08:32:56.308,0.729,0.72925,2.40,8.20
2010.07.26 08:32:56.658,0.72895,0.7292,4.00,1.60
2010.07.26 08:32:57.340,0.72895,0.72925,8.40,9.00
2010.07.26 08:32:57.853,0.729,0.72925,3.20,3.40
2010.07.26 08:32:58.676,0.729,0.72925,4.00,3.40
2010.07.26 08:33:31.877,0.729,0.72925,4.00,4.20
2010.07.26 08:33:32.276,0.729,0.72925,4.00,3.40
2010.07.26 08:33:32.501,0.729,0.72925,1.60,3.40
2010.07.26 08:33:34.049,0.729,0.72925,4.00,3.40
2010.07.26 08:33:40.879,0.729,0.72925,4.00,2.40
2010.07.26 08:33:42.595,0.729,0.72925,1.60,2.40
2010.07.26 08:33:43.194,0.729,0.72925,4.00,2.40
2010.07.26 08:33:54.279,0.72905,0.72925,1.00,1.00
2010.07.26 08:33:54.959,0.72905,0.72925,1.00,1.00
2010.07.26 08:33:56.989,0.72905,0.72925,1.00,1.00
2010.07.26 08:33:57.836,0.72905,0.72925,1.00,1.00
2010.07.26 08:33:58.436,0.7291,0.72925,1.00,1.00
2010.07.26 08:33:58.507,0.7291,0.72925,5.20,1.00
2010.07.26 08:33:58.853,0.7291,0.72935,3.20,4.00
2010.07.26 08:33:59.554,0.72915,0.72935,3.20,4.00
2010.07.26 08:34:00.239,0.72915,0.72935,3.20,2.40
2010.07.26 08:34:06.698,0.72915,0.72935,3.20,1.60
2010.07.26 08:34:18.296,0.72915,0.7294,9.20,1.60
2010.07.26 08:34:18.646,0.7292,0.72945,3.20,4.80
2010.07.26 08:34:18.994,0.7292,0.7294,2.40,1.60
2010.07.26 08:34:19.347,0.72925,0.72945,3.20,2.40
2010.07.26 08:34:19.695,0.7293,0.72945,4.00,1.00
2010.07.26 08:34:20.065,0.7293,0.7295,3.20,3.20
2010.07.26 08:34:20.415,0.72925,0.7295,4.00,3.20
2010.07.26 08:34:21.660,0.72925,0.7295,4.80,3.20
2010.07.26 08:34:22.339,0.72925,0.7295,4.80,1.60
2010.07.26 08:34:22.548,0.72925,0.7295,4.80,1.00
2010.07.26 08:34:22.758,0.72925,0.72955,4.80,12.30
2010.07.26 08:34:27.059,0.72925,0.7295,4.00,1.00
2010.07.26 08:34:28.179,0.72925,0.7295,4.90,1.00
2010.07.26 08:34:28.676,0.7294,0.72955,1.60,6.00
2010.07.26 08:34:29.030,0.7294,0.72965,2.40,7.50
2010.07.26 08:34:29.369,0.7294,0.72955,4.80,1.60
2010.07.26 08:34:29.714,0.72935,0.7296,7.20,1.60
2010.07.26 08:34:30.061,0.72935,0.72955,4.00,1.60
2010.07.26 08:34:30.749,0.72935,0.72955,4.80,1.60
2010.07.26 08:34:31.071,0.72935,0.72955,4.00,1.60
2010.07.26 08:34:32.249,0.72935,0.7296,4.00,1.60
2010.07.26 08:34:33.311,0.72935,0.7296,1.60,2.40
2010.07.26 08:34:33.651,0.72935,0.7296,4.00,2.40
2010.07.26 08:34:34.419,0.72935,0.7296,3.20,4.00
2010.07.26 08:34:34.759,0.72935,0.72955,1.00,1.00
2010.07.26 08:34:36.118,0.72935,0.72955,1.00,1.30
2010.07.26 08:34:36.457,0.72935,0.72955,1.00,1.70
2010.07.26 08:34:36.659,0.7293,0.72955,5.60,2.50
2010.07.26 08:34:37.124,0.72925,0.72955,7.20,3.30
2010.07.26 08:34:39.890,0.7293,0.72955,2.00,3.30
2010.07.26 08:34:40.090,0.7293,0.72945,6.00,4.80
2010.07.26 08:34:40.919,0.7293,0.72945,6.00,2.40
2010.07.26 08:34:41.259,0.7293,0.72945,6.00,4.80
2010.07.26 08:34:43.248,0.7293,0.7295,6.00,4.80
2010.07.26 08:34:46.609,0.72935,0.7295,1.00,4.80
2010.07.26 08:34:46.950,0.72935,0.7295,1.00,2.40
2010.07.26 08:34:48.489,0.72935,0.7295,1.60,2.40
2010.07.26 08:34:48.828,0.72935,0.7295,2.40,2.40
2010.07.26 08:34:49.169,0.72935,0.7296,4.00,2.40
2010.07.26 08:34:52.481,0.7294,0.7296,3.20,1.60
2010.07.26 08:34:52.663,0.7294,0.7296,6.40,1.00
2010.07.26 08:34:52.850,0.7294,0.72965,6.40,3.40
2010.07.26 08:34:54.960,0.7294,0.72965,6.40,2.60
2010.07.26 08:35:03.582,0.7294,0.72965,6.40,2.20
2010.07.26 08:35:04.155,0.7294,0.72965,2.40,6.60
2010.07.26 08:35:04.501,0.72935,0.72965,4.80,9.00
2010.07.26 08:35:05.071,0.7294,0.72965,3.20,7.40
2010.07.26 08:35:05.351,0.7294,0.72965,5.60,5.00
2010.07.26 08:35:05.630,0.7294,0.72965,5.60,2.60
2010.07.26 08:35:06.188,0.7294,0.72965,6.40,1.80
2010.07.26 08:35:07.212,0.7294,0.72965,1.00,9.00
2010.07.26 08:35:07.637,0.7294,0.72965,1.00,9.40
2010.07.26 08:35:07.777,0.7294,0.72965,1.00,9.80
2010.07.26 08:35:08.197,0.7294,0.72965,1.00,9.40
2010.07.26 08:35:08.470,0.7294,0.72965,1.00,9.00
2010.07.26 08:35:08.669,0.7294,0.72965,1.00,9.80
2010.07.26 08:35:10.660,0.7294,0.72965,1.60,9.80
2010.07.26 08:35:10.843,0.7294,0.72965,1.00,9.80
2010.07.26 08:35:11.166,0.7294,0.72965,1.00,9.40
2010.07.26 08:35:11.350,0.7294,0.72965,1.00,9.00
2010.07.26 08:35:13.138,0.7294,0.72965,1.00,9.80
2010.07.26 08:35:14.038,0.7294,0.72965,1.00,9.00
2010.07.26 08:35:17.578,0.7294,0.72965,1.00,9.40
2010.07.26 08:35:17.767,0.7294,0.72965,1.00,9.80
2010.07.26 08:35:18.769,0.7294,0.72965,1.00,9.90
2010.07.26 08:35:20.852,0.7294,0.72955,1.00,1.00
2010.07.26 08:35:21.054,0.72935,0.7296,1.00,6.40
2010.07.26 08:35:21.384,0.72935,0.7296,1.00,7.20
2010.07.26 08:35:22.041,0.72935,0.7296,1.00,6.40
2010.07.26 08:35:23.193,0.72935,0.72955,1.00,1.00
2010.07.26 08:35:23.908,0.72935,0.7296,1.00,6.40
2010.07.26 08:35:25.768,0.72935,0.72955,1.00,1.00
2010.07.26 08:35:27.319,0.72935,0.7296,1.00,6.40
2010.07.26 08:35:34.498,0.72935,0.72955,1.00,1.00
2010.07.26 08:35:36.422,0.7294,0.72955,8.00,1.00
2010.07.26 08:35:36.759,0.7294,0.72965,8.80,6.30
2010.07.26 08:35:37.256,0.7294,0.7296,2.40,6.40
2010.07.26 08:35:37.607,0.7294,0.7296,1.00,1.00
2010.07.26 08:35:37.952,0.7294,0.72965,1.00,9.90
2010.07.26 08:35:40.920,0.7294,0.72965,1.00,9.80
2010.07.26 08:35:41.089,0.7294,0.72965,1.00,11.80
2010.07.26 08:35:41.263,0.7294,0.7296,1.00,2.40
2010.07.26 08:35:41.432,0.72935,0.7296,1.60,3.20
2010.07.26 08:35:43.177,0.72935,0.7296,1.00,3.20
2010.07.26 08:35:47.251,0.7294,0.7296,1.00,2.40
2010.07.26 08:35:47.884,0.7294,0.7296,2.40,2.40
2010.07.26 08:35:48.237,0.72945,0.72965,3.20,1.00
2010.07.26 08:35:48.585,0.72945,0.72965,1.00,1.00
2010.07.26 08:35:52.168,0.72945,0.72965,1.00,1.00
2010.07.26 08:35:52.597,0.72945,0.7297,1.00,4.80
2010.07.26 08:35:52.859,0.72945,0.7297,1.60,4.00
2010.07.26 08:35:53.641,0.7295,0.7297,1.00,4.00
2010.07.26 08:35:53.872,0.7295,0.72975,6.00,2.40
2010.07.26 08:35:54.100,0.72955,0.72975,3.20,1.00
2010.07.26 08:35:54.574,0.7296,0.72975,4.80,1.00
2010.07.26 08:35:54.910,0.7296,0.72975,5.60,1.00
2010.07.26 08:35:55.230,0.7296,0.72985,6.40,3.20
2010.07.26 08:35:56.550,0.7296,0.72985,6.40,4.00
2010.07.26 08:35:56.838,0.7296,0.72985,4.00,4.00
2010.07.26 08:35:57.862,0.7296,0.72985,6.40,3.20
2010.07.26 08:36:00.077,0.7296,0.72985,4.00,3.20
2010.07.26 08:36:00.462,0.7296,0.72985,6.40,3.20
2010.07.26 08:36:02.340,0.72965,0.72985,1.00,3.20
2010.07.26 08:36:02.591,0.72965,0.7299,4.00,5.60
2010.07.26 08:36:02.701,0.72965,0.7299,6.40,3.20
2010.07.26 08:36:02.809,0.72965,0.7299,6.40,1.60
2010.07.26 08:36:02.921,0.7297,0.7299,1.00,1.60
2010.07.26 08:36:03.183,0.7297,0.7299,3.20,1.60
2010.07.26 08:36:03.305,0.7297,0.72995,1.60,8.80
2010.07.26 08:36:03.422,0.72965,0.72995,8.40,10.40
2010.07.26 08:36:03.530,0.7297,0.72995,2.40,8.00
2010.07.26 08:36:03.865,0.7297,0.72995,3.20,5.60
2010.07.26 08:36:03.996,0.72965,0.7299,7.20,1.60
2010.07.26 08:36:04.339,0.72965,0.7299,6.40,1.60
2010.07.26 08:36:10.022,0.72965,0.7299,6.40,3.20
2010.07.26 08:36:32.865,0.72965,0.7299,5.60,4.00
2010.07.26 08:36:33.079,0.72965,0.72985,2.40,1.60
2010.07.26 08:36:33.219,0.7296,0.72985,9.60,1.60
2010.07.26 08:36:33.357,0.7296,0.72985,8.80,1.60
2010.07.26 08:36:34.217,0.7296,0.72985,9.60,1.60
2010.07.26 08:36:34.433,0.7297,0.72985,2.40,1.00
2010.07.26 08:36:34.649,0.7297,0.7299,6.40,3.20
2010.07.26 08:36:34.996,0.7297,0.7299,1.00,3.20
2010.07.26 08:36:35.341,0.72965,0.7299,6.40,3.20
2010.07.26 08:36:44.026,0.72965,0.7299,6.40,1.00
2010.07.26 08:36:44.361,0.72965,0.7299,6.40,3.20
2010.07.26 08:36:46.418,0.72965,0.7299,6.40,1.00
2010.07.26 08:36:46.628,0.72965,0.7299,7.20,1.00
2010.07.26 08:36:47.070,0.72965,0.7299,6.40,3.20
2010.07.26 08:37:04.848,0.72965,0.7299,6.40,1.00
2010.07.26 08:37:05.107,0.72965,0.72995,6.40,8.80
2010.07.26 08:37:08.834,0.72965,0.72995,7.20,8.80
2010.07.26 08:37:09.181,0.7297,0.72995,9.60,1.60
2010.07.26 08:37:09.519,0.7297,0.73,11.20,18.40
2010.07.26 08:37:11.151,0.7297,0.73,11.20,20.40
2010.07.26 08:37:11.386,0.7297,0.72995,6.40,3.20
2010.07.26 08:37:12.519,0.7297,0.72995,7.20,3.20
2010.07.26 08:37:14.393,0.7298,0.73,1.00,4.00
2010.07.26 08:37:14.732,0.72985,0.73,1.00,4.00
2010.07.26 08:37:15.077,0.72985,0.73005,1.00,1.00
2010.07.26 08:37:15.415,0.72985,0.7301,1.00,10.40
2010.07.26 08:37:15.764,0.72985,0.73005,6.40,1.00
2010.07.26 08:37:16.110,0.72985,0.73005,4.00,1.00
2010.07.26 08:37:16.448,0.72985,0.7301,4.00,2.40
2010.07.26 08:37:19.784,0.7299,0.73015,5.60,1.60
2010.07.26 08:37:19.959,0.7299,0.73015,8.00,1.00
2010.07.26 08:37:20.138,0.7299,0.73015,7.20,1.00
2010.07.26 08:37:20.319,0.7299,0.73015,3.20,4.80
2010.07.26 08:37:20.499,0.7299,0.73015,1.00,10.40
2010.07.26 08:37:20.780,0.7299,0.73015,1.00,11.20
2010.07.26 08:37:21.101,0.7299,0.73015,1.60,9.60
2010.07.26 08:37:21.387,0.7299,0.73015,4.00,3.20
2010.07.26 08:37:21.662,0.73,0.73015,4.80,1.00
2010.07.26 08:37:22.003,0.73,0.7302,7.20,2.00
2010.07.26 08:37:22.545,0.73,0.73015,1.60,8.00
2010.07.26 08:37:22.894,0.72985,0.73015,4.00,9.60
2010.07.26 08:37:24.779,0.7299,0.73015,1.00,7.20
2010.07.26 08:37:25.079,0.7299,0.73015,1.00,8.80
2010.07.26 08:37:25.390,0.7299,0.73015,1.60,8.00
2010.07.26 08:37:25.640,0.7299,0.73015,6.40,2.40
2010.07.26 08:37:25.879,0.7299,0.73015,6.40,1.00
2010.07.26 08:37:28.927,0.7299,0.73015,6.40,1.60
2010.07.26 08:37:36.878,0.7299,0.73015,6.80,1.60
2010.07.26 08:37:37.220,0.7299,0.73015,7.20,1.60
2010.07.26 08:37:38.420,0.7299,0.73015,6.80,1.60
2010.07.26 08:37:38.748,0.7299,0.73015,7.20,1.60
2010.07.26 08:37:39.316,0.7299,0.73015,6.40,1.60
2010.07.26 08:37:40.558,0.72995,0.7302,1.00,12.80
2010.07.26 08:37:40.611,0.72995,0.7302,3.20,8.00
2010.07.26 08:37:40.880,0.72995,0.7302,4.00,2.40
2010.07.26 08:37:41.148,0.72995,0.7302,4.00,1.00
2010.07.26 08:37:45.879,0.73,0.7302,1.00,1.00
2010.07.26 08:37:46.181,0.73,0.73025,8.00,1.60
2010.07.26 08:37:46.555,0.73,0.73025,4.80,8.00
2010.07.26 08:37:46.856,0.73,0.73025,5.60,1.60
2010.07.26 08:37:47.148,0.73,0.73025,6.40,1.60
2010.07.26 08:37:47.739,0.73,0.73025,7.20,3.20
2010.07.26 08:37:48.113,0.73,0.73025,7.20,1.60
2010.07.26 08:37:48.294,0.73,0.73025,7.20,3.20
2010.07.26 08:37:48.470,0.73,0.73025,6.40,3.20
2010.07.26 08:37:48.656,0.73,0.73025,5.60,4.80
2010.07.26 08:37:49.000,0.72995,0.73025,4.80,9.60
2010.07.26 08:37:53.649,0.73005,0.73025,1.00,8.80
2010.07.26 08:37:54.074,0.73015,0.7303,1.00,6.40
2010.07.26 08:37:54.402,0.73015,0.73035,1.00,1.60
2010.07.26 08:37:54.726,0.73015,0.7304,1.60,2.40
2010.07.26 08:37:55.071,0.73015,0.7304,4.00,2.40
2010.07.26 08:37:55.412,0.73015,0.7304,4.00,1.00
2010.07.26 08:37:55.752,0.73015,0.7304,4.00,2.40
2010.07.26 08:37:56.305,0.73015,0.7304,4.00,4.00
2010.07.26 08:37:57.475,0.73015,0.7304,1.00,6.40
2010.07.26 08:37:57.825,0.73015,0.7304,1.00,9.60
2010.07.26 08:37:58.173,0.73015,0.7304,1.70,8.80
2010.07.26 08:38:00.231,0.73015,0.7304,1.00,9.60
2010.07.26 08:38:02.249,0.73015,0.73035,1.00,1.00
2010.07.26 08:38:02.529,0.7301,0.73035,4.80,1.60
2010.07.26 08:38:04.290,0.7301,0.73035,4.00,1.60
2010.07.26 08:38:07.878,0.7301,0.73035,3.20,1.60
2010.07.26 08:38:08.161,0.7301,0.73035,1.00,9.60
2010.07.26 08:38:08.938,0.7301,0.7303,1.00,1.00
2010.07.26 08:38:09.170,0.73005,0.7303,1.00,7.20
2010.07.26 08:38:09.399,0.73,0.73025,4.00,1.00
2010.07.26 08:38:09.679,0.73,0.73025,3.20,3.20
2010.07.26 08:38:10.555,0.73,0.73025,3.60,3.20
2010.07.26 08:38:10.721,0.73,0.73025,3.20,3.20
2010.07.26 08:38:15.149,0.73005,0.73025,1.00,3.20
2010.07.26 08:38:18.610,0.73,0.73025,3.20,3.20
2010.07.26 08:38:18.698,0.73,0.73025,3.60,3.20
2010.07.26 08:38:18.778,0.73,0.73025,4.00,3.20
2010.07.26 08:38:19.888,0.73,0.73025,3.60,3.20
2010.07.26 08:38:20.117,0.73,0.73025,3.20,3.20
2010.07.26 08:38:20.348,0.73,0.73025,4.00,3.20
2010.07.26 08:38:20.816,0.73,0.73025,3.60,3.20
2010.07.26 08:38:21.048,0.73,0.73025,3.20,3.20
2010.07.26 08:38:22.338,0.73,0.73025,4.00,3.20
2010.07.26 08:38:22.668,0.73,0.73025,3.20,3.20
2010.07.26 08:38:24.561,0.73005,0.73025,1.00,3.20
2010.07.26 08:38:25.770,0.73005,0.73025,1.00,1.60
2010.07.26 08:38:26.115,0.73005,0.73025,1.00,3.20
2010.07.26 08:38:29.584,0.73005,0.73025,3.20,1.60
2010.07.26 08:38:29.813,0.73005,0.73025,5.60,1.60
2010.07.26 08:38:31.949,0.73005,0.73025,3.20,1.60
2010.07.26 08:38:33.303,0.73005,0.7303,4.80,1.60
2010.07.26 08:38:34.322,0.73005,0.7303,4.00,1.60
2010.07.26 08:38:35.000,0.73005,0.7303,4.80,1.60
2010.07.26 08:38:36.179,0.7301,0.7303,1.00,1.60
2010.07.26 08:38:36.520,0.7301,0.7303,1.00,1.60
2010.07.26 08:38:57.020,0.73005,0.7303,4.00,1.60
2010.07.26 08:38:58.517,0.73005,0.7303,4.80,1.60
2010.07.26 08:39:02.418,0.73005,0.7303,4.00,1.60
2010.07.26 08:39:15.609,0.73005,0.7303,3.20,1.60
2010.07.26 08:39:15.865,0.73005,0.73025,3.20,1.00
2010.07.26 08:39:16.208,0.73005,0.73025,3.20,1.60
2010.07.26 08:39:16.894,0.73005,0.73025,1.00,1.60
2010.07.26 08:39:18.444,0.73,0.73025,4.40,1.60
2010.07.26 08:39:18.936,0.73,0.73025,4.00,1.60
2010.07.26 08:39:19.283,0.73,0.73025,4.80,1.60
2010.07.26 08:39:20.510,0.73005,0.73025,1.00,1.60
2010.07.26 08:39:23.621,0.73,0.73025,4.00,1.60
2010.07.26 08:39:24.388,0.73,0.73025,3.20,4.00
2010.07.26 08:39:24.738,0.72995,0.7302,4.00,1.00
2010.07.26 08:39:26.146,0.73,0.73025,4.00,1.60
2010.07.26 08:39:29.803,0.73,0.73025,4.00,2.00
2010.07.26 08:39:29.995,0.73,0.73025,1.00,12.10
2010.07.26 08:39:30.189,0.72995,0.7302,4.00,1.60
2010.07.26 08:39:30.639,0.7299,0.73015,8.00,1.60
2010.07.26 08:39:31.003,0.7299,0.73015,4.80,1.60
2010.07.26 08:39:31.343,0.7299,0.73015,4.00,2.40
2010.07.26 08:39:32.019,0.7299,0.73015,4.00,1.60
2010.07.26 08:40:17.839,0.7299,0.73015,3.20,2.40
2010.07.26 08:40:17.999,0.7299,0.7301,2.40,1.60
2010.07.26 08:40:18.281,0.7299,0.73,2.40,2.40
2010.07.26 08:40:18.365,0.7298,0.72995,1.00,1.00
2010.07.26 08:40:19.713,0.72975,0.72995,1.00,1.00
2010.07.26 08:40:23.129,0.72975,0.72995,1.60,1.00
2010.07.26 08:40:23.339,0.72975,0.72995,4.00,1.00
2010.07.26 08:40:23.770,0.72975,0.73,4.00,1.60
2010.07.26 08:40:50.561,0.72975,0.73,6.00,1.60
2010.07.26 08:40:50.883,0.7298,0.73005,8.00,2.40
2010.07.26 08:40:52.881,0.72985,0.73005,2.00,2.40
2010.07.26 08:40:53.008,0.72985,0.73005,4.40,2.40
2010.07.26 08:40:53.144,0.72985,0.73005,5.20,2.40
2010.07.26 08:40:53.280,0.7299,0.73005,3.20,1.00
2010.07.26 08:40:54.468,0.7299,0.73005,4.00,1.00
2010.07.26 08:40:54.859,0.72995,0.73005,1.00,1.00
2010.07.26 08:40:55.297,0.72995,0.73015,1.00,1.80
2010.07.26 08:40:57.648,0.72995,0.73015,1.00,1.00
2010.07.26 08:41:01.330,0.72995,0.73005,1.00,1.00
2010.07.26 08:41:03.389,0.72995,0.73005,1.00,1.00
2010.07.26 08:41:03.709,0.72995,0.73015,1.00,1.00
2010.07.26 08:41:36.137,0.72995,0.73015,1.00,1.00
2010.07.26 08:41:36.291,0.72995,0.7302,3.20,2.40
2010.07.26 08:41:36.442,0.73,0.7302,1.00,1.60
2010.07.26 08:41:36.785,0.73,0.7302,3.20,1.00
2010.07.26 08:41:37.180,0.73,0.73025,4.00,4.00
2010.07.26 08:41:37.521,0.73,0.73025,4.00,2.40
2010.07.26 08:41:38.850,0.73,0.73025,4.00,4.80
2010.07.26 08:41:39.019,0.73,0.7302,4.00,1.00
2010.07.26 08:41:39.416,0.73,0.7302,1.00,1.00
2010.07.26 08:41:40.200,0.72995,0.7302,4.00,1.00
2010.07.26 08:41:40.509,0.72995,0.7302,3.20,1.60
2010.07.26 08:41:40.916,0.72995,0.73015,1.00,1.00
2010.07.26 08:41:46.128,0.72995,0.73015,1.00,1.00
2010.07.26 08:41:46.448,0.72995,0.73015,1.00,1.00
2010.07.26 08:41:46.955,0.72995,0.73015,1.00,1.00
2010.07.26 08:41:47.461,0.72995,0.73015,1.00,1.00
2010.07.26 08:41:47.800,0.72995,0.73015,1.00,1.00
2010.07.26 08:41:58.259,0.72995,0.7302,1.00,9.60
2010.07.26 08:42:02.878,0.72995,0.7302,4.00,7.20
2010.07.26 08:42:03.081,0.73005,0.73025,1.00,8.80
2010.07.26 08:42:03.281,0.73005,0.73025,3.20,1.00
2010.07.26 08:42:03.479,0.73005,0.73025,1.00,1.00
2010.07.26 08:42:04.661,0.73005,0.73025,4.00,1.00
2010.07.26 08:42:05.340,0.73005,0.7303,4.00,1.60
2010.07.26 08:42:05.834,0.73005,0.7303,4.00,1.00
2010.07.26 08:42:06.860,0.73015,0.7303,1.00,1.00
2010.07.26 08:42:12.948,0.7302,0.7303,1.00,1.00
2010.07.26 08:42:13.402,0.7302,0.73035,1.00,2.50
2010.07.26 08:42:30.962,0.73025,0.73035,1.00,1.00
2010.07.26 08:42:31.890,0.73025,0.73035,1.00,1.70
2010.07.26 08:42:33.199,0.73025,0.73035,1.00,1.30
2010.07.26 08:42:33.483,0.73025,0.73035,1.00,1.60
2010.07.26 08:42:33.761,0.73025,0.73035,1.00,1.70
2010.07.26 08:42:34.039,0.7302,0.73035,1.00,1.70
2010.07.26 08:42:53.810,0.7302,0.73035,1.00,2.50
2010.07.26 08:42:55.189,0.7302,0.73035,1.00,2.40
2010.07.26 08:42:55.414,0.7302,0.73035,1.00,1.60
2010.07.26 08:42:55.770,0.73025,0.73035,1.00,1.60
2010.07.26 08:42:56.311,0.7303,0.7304,1.00,2.40
2010.07.26 08:42:56.652,0.7303,0.73045,1.00,4.00
2010.07.26 08:42:56.991,0.73025,0.7304,1.00,1.60
2010.07.26 08:42:57.331,0.73025,0.7304,1.00,5.60
2010.07.26 08:42:57.671,0.73025,0.73035,1.00,1.00
2010.07.26 08:42:57.912,0.73025,0.7304,1.00,4.00
2010.07.26 08:42:58.152,0.73025,0.7304,1.00,8.00
2010.07.26 08:42:58.391,0.73025,0.7304,1.00,1.60
2010.07.26 08:42:58.872,0.73025,0.73035,1.00,1.00
2010.07.26 08:42:59.212,0.73025,0.73035,1.00,1.20
2010.07.26 08:42:59.549,0.73025,0.73035,1.00,1.60
2010.07.26 08:43:01.160,0.73025,0.73035,1.00,1.70
2010.07.26 08:43:01.458,0.7302,0.73035,1.00,1.70
2010.07.26 08:43:03.197,0.7302,0.73035,1.00,1.60
2010.07.26 08:43:03.570,0.7302,0.73035,1.00,1.70
2010.07.26 08:43:05.191,0.7302,0.73035,1.00,1.00
2010.07.26 08:43:08.152,0.7302,0.73035,1.00,1.20
2010.07.26 08:43:08.312,0.7302,0.73035,1.00,1.60
2010.07.26 08:43:09.963,0.7302,0.73035,1.00,1.70
2010.07.26 08:43:20.859,0.7302,0.73035,1.00,1.60
2010.07.26 08:43:21.079,0.7302,0.73035,1.00,1.00
2010.07.26 08:43:21.612,0.73025,0.73035,1.00,1.00
2010.07.26 08:43:23.911,0.73025,0.7304,1.00,1.60
2010.07.26 08:43:24.818,0.73015,0.7304,4.00,1.60
2010.07.26 08:43:27.981,0.7302,0.73045,1.00,8.80
2010.07.26 08:43:28.321,0.7302,0.73045,3.20,2.40
2010.07.26 08:43:28.659,0.7302,0.73045,3.20,1.60
2010.07.26 08:43:31.309,0.7302,0.73045,3.20,2.40
2010.07.26 08:43:32.287,0.7302,0.73045,1.00,12.00
2010.07.26 08:43:32.632,0.7302,0.7304,1.00,1.60
2010.07.26 08:43:33.683,0.73015,0.73035,3.20,1.00
2010.07.26 08:43:34.655,0.73015,0.73035,3.20,1.60
2010.07.26 08:43:35.681,0.73015,0.73035,3.20,1.00
2010.07.26 08:43:37.388,0.73015,0.73035,3.20,1.20
2010.07.26 08:43:37.693,0.73015,0.73035,3.20,1.60
2010.07.26 08:43:38.830,0.73015,0.73035,2.40,1.70
2010.07.26 08:43:47.093,0.73015,0.73025,2.40,1.00
2010.07.26 08:43:54.469,0.73015,0.73035,2.40,2.50
2010.07.26 08:43:56.111,0.7301,0.73035,1.00,12.10
2010.07.26 08:43:56.309,0.73005,0.73035,4.00,13.70
2010.07.26 08:44:03.773,0.73005,0.73035,4.00,13.60
2010.07.26 08:44:04.060,0.73005,0.73035,4.80,13.60
2010.07.26 08:44:04.782,0.73005,0.73035,4.80,12.80
2010.07.26 08:44:05.000,0.73005,0.73035,4.80,13.60
2010.07.26 08:44:05.899,0.73005,0.73035,4.00,13.60
2010.07.26 08:44:06.678,0.73005,0.73035,4.00,13.70
2010.07.26 08:44:16.364,0.7302,0.73035,2.80,11.30
2010.07.26 08:44:16.483,0.73025,0.73035,2.40,2.50
2010.07.26 08:44:16.601,0.73025,0.73035,2.40,1.00
2010.07.26 08:44:16.722,0.7302,0.7304,3.20,2.40
2010.07.26 08:44:16.841,0.7302,0.73035,1.00,1.60
2010.07.26 08:44:16.958,0.73015,0.73035,3.60,1.60
2010.07.26 08:44:17.276,0.73015,0.73035,3.20,1.60
2010.07.26 08:44:44.256,0.7302,0.73035,1.00,1.60
2010.07.26 08:44:44.478,0.7302,0.7304,3.20,1.60
2010.07.26 08:44:52.942,0.7302,0.7304,1.00,1.60
2010.07.26 08:44:53.909,0.73015,0.7304,4.00,1.60
2010.07.26 08:45:09.799,0.73015,0.73035,3.20,1.60
2010.07.26 08:45:21.225,0.7303,0.73035,1.00,1.60
2010.07.26 08:45:21.496,0.7303,0.73035,1.60,1.00
2010.07.26 08:45:21.694,0.7303,0.7304,2.40,1.00
2010.07.26 08:45:21.893,0.7303,0.7304,1.60,9.60
2010.07.26 08:45:22.082,0.73015,0.7304,4.00,2.40
2010.07.26 08:45:22.355,0.73015,0.7304,4.00,1.60
2010.07.26 08:45:23.570,0.7303,0.7304,1.00,1.00
2010.07.26 08:45:23.831,0.73025,0.73045,9.60,2.40
2010.07.26 08:45:24.092,0.7303,0.7304,1.60,3.20
2010.07.26 08:45:24.351,0.73015,0.7304,4.00,1.60
2010.07.26 08:45:32.132,0.7302,0.7304,3.20,1.60
2010.07.26 08:45:42.073,0.7302,0.7304,1.00,1.60
2010.07.26 08:45:42.630,0.73015,0.7304,4.00,1.60
2010.07.26 08:45:44.935,0.73015,0.73035,3.20,1.60
2010.07.26 08:46:45.180,0.73015,0.73035,4.80,1.00
2010.07.26 08:46:45.363,0.7302,0.7304,1.00,1.60
2010.07.26 08:46:45.540,0.7302,0.7304,3.20,1.60
2010.07.26 08:46:57.330,0.7302,0.73035,1.00,1.00
2010.07.26 08:46:57.979,0.73015,0.73035,3.20,1.00
2010.07.26 08:47:12.088,0.7302,0.7304,3.20,1.60
2010.07.26 08:47:32.119,0.7302,0.73045,4.00,1.60
2010.07.26 08:47:32.268,0.7302,0.73045,4.00,1.60
2010.07.26 08:47:33.019,0.7302,0.73045,4.00,1.00
2010.07.26 08:47:46.511,0.7302,0.73045,3.20,1.60
2010.07.26 08:47:46.884,0.7302,0.7304,3.20,1.00
2010.07.26 08:47:47.239,0.7302,0.7304,1.00,1.00
2010.07.26 08:47:47.921,0.7302,0.7304,1.00,1.60
2010.07.26 08:47:48.261,0.7302,0.7304,1.00,6.40
2010.07.26 08:47:48.940,0.7302,0.73035,1.00,1.60
2010.07.26 08:47:49.628,0.73015,0.73035,3.20,1.60
2010.07.26 08:47:49.796,0.73015,0.73035,2.40,1.60
2010.07.26 08:47:51.939,0.73015,0.73035,2.40,1.00
2010.07.26 08:47:52.259,0.73015,0.7304,3.20,7.20
2010.07.26 08:47:52.859,0.73015,0.73035,2.40,1.00
2010.07.26 08:47:53.292,0.73015,0.73035,2.40,1.60
2010.07.26 08:47:56.630,0.73015,0.7304,3.20,4.80
2010.07.26 08:47:57.249,0.73015,0.7304,1.00,7.20
2010.07.26 08:48:09.500,0.7301,0.73035,6.40,1.60
2010.07.26 08:48:17.703,0.73015,0.7304,1.00,7.20
2010.07.26 08:48:17.961,0.7301,0.7304,6.40,7.20
2010.07.26 08:48:18.554,0.7301,0.73035,6.40,1.00
2010.07.26 08:48:18.809,0.7301,0.73035,6.40,1.60
2010.07.26 08:48:38.505,0.7301,0.73035,4.00,1.60
2010.07.26 08:48:39.761,0.7301,0.73035,4.00,2.50
2010.07.26 08:48:40.188,0.7301,0.73025,3.20,1.00
2010.07.26 08:48:40.538,0.7301,0.73025,2.40,6.40
2010.07.26 08:48:40.885,0.7301,0.73025,2.40,2.40
2010.07.26 08:48:55.336,0.7301,0.73025,2.40,3.50
2010.07.26 08:48:56.570,0.7301,0.7302,2.40,1.00
2010.07.26 08:48:59.395,0.73,0.7302,1.00,1.00
2010.07.26 08:49:23.059,0.73,0.7302,2.80,1.00
2010.07.26 08:49:23.335,0.73005,0.73025,3.20,1.60
2010.07.26 08:49:25.859,0.73005,0.73025,4.00,1.60
2010.07.26 08:49:26.418,0.73005,0.73025,4.00,1.00
2010.07.26 08:49:31.340,0.73005,0.7303,4.00,1.60
2010.07.26 08:49:36.220,0.73005,0.73025,4.00,1.00
2010.07.26 08:49:36.658,0.73005,0.73025,4.00,1.00
2010.07.26 08:49:36.873,0.73005,0.73025,4.00,1.00
2010.07.26 08:49:37.080,0.73005,0.7303,4.00,1.60
2010.07.26 08:49:37.292,0.73005,0.73025,4.00,1.00
2010.07.26 08:49:37.571,0.7301,0.73025,1.00,1.00
2010.07.26 08:49:37.850,0.7301,0.73025,4.00,1.00
2010.07.26 08:49:38.129,0.7301,0.73035,4.00,2.40
2010.07.26 08:49:40.790,0.7301,0.73035,4.00,1.60
2010.07.26 08:49:55.753,0.7301,0.73025,3.20,1.00
2010.07.26 08:50:00.173,0.7301,0.73035,4.00,3.20
2010.07.26 08:50:00.732,0.7301,0.73035,4.00,1.60
2010.07.26 08:50:33.306,0.73015,0.73035,1.00,1.00
2010.07.26 08:50:33.664,0.73015,0.7304,4.00,4.00
2010.07.26 08:50:35.980,0.7302,0.7304,2.80,3.20
2010.07.26 08:50:36.213,0.7302,0.7304,6.00,1.00
2010.07.26 08:50:36.440,0.7302,0.73045,4.00,3.20
2010.07.26 08:50:37.111,0.7302,0.73045,4.00,2.40
2010.07.26 08:50:39.910,0.7302,0.73045,4.00,3.20
2010.07.26 08:50:39.948,0.7302,0.73045,4.00,3.30
2010.07.26 08:50:42.265,0.7302,0.7304,4.00,1.00
2010.07.26 08:50:42.455,0.7302,0.7304,1.00,3.20
2010.07.26 08:50:42.832,0.73015,0.7304,1.60,4.00
2010.07.26 08:50:46.398,0.73015,0.7304,4.00,4.00
2010.07.26 08:51:05.560,0.73015,0.73035,4.00,1.60
2010.07.26 08:51:05.793,0.73015,0.73035,3.20,2.40
2010.07.26 08:51:05.981,0.73015,0.73035,2.40,4.00
2010.07.26 08:51:06.163,0.7301,0.73035,4.00,4.00
2010.07.26 08:51:07.920,0.7301,0.73035,4.00,3.20
2010.07.26 08:51:08.251,0.7301,0.73035,6.00,1.60
2010.07.26 08:51:08.582,0.73015,0.73035,3.20,1.60
2010.07.26 08:51:22.381,0.73015,0.73035,1.00,1.60
2010.07.26 08:51:23.370,0.73015,0.73035,3.20,1.60
2010.07.26 08:51:23.683,0.73015,0.73035,1.00,1.60
2010.07.26 08:51:25.903,0.73015,0.7304,1.60,4.00
2010.07.26 08:51:26.243,0.73015,0.7304,4.00,4.00
2010.07.26 08:51:26.739,0.73015,0.73035,4.00,1.00
2010.07.26 08:51:33.360,0.73015,0.73035,1.60,1.00
2010.07.26 08:51:48.231,0.73015,0.73035,1.00,1.00
2010.07.26 08:51:48.648,0.7301,0.73035,6.40,1.60
2010.07.26 08:51:48.926,0.7301,0.73035,4.00,1.60
2010.07.26 08:51:49.496,0.73005,0.7303,7.20,1.00
2010.07.26 08:51:49.842,0.73005,0.7303,4.00,1.60
2010.07.26 08:51:51.079,0.73005,0.73025,4.00,1.00
2010.07.26 08:51:51.279,0.73005,0.73025,4.00,1.00
2010.07.26 08:51:51.822,0.73005,0.7303,6.00,1.60
2010.07.26 08:51:51.921,0.7301,0.7303,3.20,1.60
2010.07.26 08:51:52.464,0.73005,0.73025,4.00,1.00
2010.07.26 08:51:57.926,0.73005,0.73025,3.20,1.00
2010.07.26 08:51:58.078,0.73005,0.73025,1.00,1.60
2010.07.26 08:51:58.222,0.72995,0.73025,4.80,7.20
2010.07.26 08:51:58.501,0.72995,0.73025,5.60,5.70
2010.07.26 08:51:59.220,0.72995,0.73025,4.00,7.30
2010.07.26 08:52:46.570,0.72995,0.73025,4.00,7.20
2010.07.26 08:52:47.256,0.73005,0.7303,4.00,4.00
2010.07.26 08:52:47.601,0.73005,0.7303,4.00,1.60
2010.07.26 08:52:51.302,0.73005,0.73025,3.20,1.00
2010.07.26 08:52:51.875,0.73005,0.73025,1.00,1.00
2010.07.26 08:52:53.809,0.73,0.73025,4.00,1.00
2010.07.26 08:52:54.890,0.73,0.73025,4.00,1.20
2010.07.26 08:52:55.019,0.73,0.73025,4.00,1.00
2010.07.26 08:52:58.972,0.73,0.73025,4.00,1.60
2010.07.26 08:52:59.979,0.73,0.73025,4.00,1.70
2010.07.26 08:53:05.339,0.73,0.73025,4.00,1.60
2010.07.26 08:53:06.454,0.73,0.73025,4.00,1.00
2010.07.26 08:53:07.411,0.73,0.73025,4.00,1.60
2010.07.26 08:53:08.430,0.73,0.73025,4.00,1.00
2010.07.26 08:53:09.946,0.73,0.73025,4.00,1.00
2010.07.26 08:53:10.152,0.73,0.73025,4.00,1.70
2010.07.26 08:53:14.926,0.73,0.73025,4.00,1.60
2010.07.26 08:53:15.233,0.73,0.73025,4.00,1.00
2010.07.26 08:53:15.739,0.73,0.73025,4.00,1.60
2010.07.26 08:53:16.032,0.73,0.73025,4.00,1.00
2010.07.26 08:53:16.713,0.73005,0.73025,1.00,1.00
2010.07.26 08:53:17.052,0.73005,0.7303,4.00,1.60
2010.07.26 08:53:19.628,0.73005,0.7303,4.00,2.40
2010.07.26 08:53:19.867,0.73005,0.73025,1.00,1.00
2010.07.26 08:53:21.043,0.73005,0.73025,1.00,1.60
2010.07.26 08:53:22.193,0.73,0.73025,4.00,1.60
2010.07.26 08:53:22.540,0.72995,0.7302,1.60,2.40
2010.07.26 08:53:22.884,0.72995,0.7302,1.00,7.20
2010.07.26 08:53:30.415,0.72995,0.73015,1.00,1.00
2010.07.26 08:53:30.667,0.72995,0.73015,1.00,3.20
2010.07.26 08:53:38.520,0.72995,0.73015,1.00,4.00
2010.07.26 08:53:40.060,0.72995,0.73015,1.00,3.60
2010.07.26 08:53:40.329,0.72995,0.73015,1.00,3.20
2010.07.26 08:54:07.823,0.72995,0.73015,1.00,2.40
2010.07.26 08:54:08.509,0.72995,0.7302,1.00,6.40
2010.07.26 08:54:08.859,0.72995,0.7302,1.00,3.20
2010.07.26 08:54:16.216,0.72995,0.73015,1.00,1.00
2010.07.26 08:54:17.245,0.72995,0.73015,1.00,3.20
2010.07.26 08:54:18.491,0.7299,0.73015,1.00,6.40
2010.07.26 08:54:30.388,0.7299,0.73015,1.00,4.80
2010.07.26 08:54:36.789,0.72985,0.7301,4.00,1.60
2010.07.26 08:54:41.714,0.72985,0.73005,1.00,1.00
2010.07.26 08:54:41.950,0.72985,0.73005,1.60,1.00
2010.07.26 08:54:42.293,0.7299,0.73005,1.00,1.00
2010.07.26 08:54:42.634,0.7299,0.7301,5.60,1.60
2010.07.26 08:54:42.972,0.7299,0.73005,3.20,1.00
2010.07.26 08:54:43.492,0.72995,0.73005,1.60,1.00
2010.07.26 08:54:43.838,0.72995,0.73015,1.00,1.60
2010.07.26 08:54:44.691,0.7299,0.73015,4.00,1.60
2010.07.26 08:54:45.550,0.7299,0.73015,3.20,1.60
2010.07.26 08:54:46.731,0.7299,0.73005,3.20,1.00
2010.07.26 08:54:49.328,0.7299,0.73005,2.40,1.00
2010.07.26 08:54:49.585,0.72985,0.73005,10.80,1.00
2010.07.26 08:54:49.933,0.72985,0.73005,5.60,1.00
2010.07.26 08:54:50.271,0.72985,0.73005,4.00,1.00
2010.07.26 08:55:14.919,0.72985,0.73005,4.00,1.00
2010.07.26 08:55:15.170,0.72985,0.73005,3.20,1.00
2010.07.26 08:55:15.589,0.72985,0.73005,1.00,1.00
2010.07.26 08:55:15.842,0.72985,0.73005,1.00,1.00
2010.07.26 08:55:19.461,0.72985,0.73005,1.00,1.00
2010.07.26 08:55:20.670,0.7298,0.73005,14.40,1.60
2010.07.26 08:55:20.936,0.7298,0.73,1.60,1.60
2010.07.26 08:55:21.193,0.72975,0.73,4.00,1.60
2010.07.26 08:55:29.502,0.7297,0.72995,8.00,1.60
2010.07.26 08:55:34.887,0.72975,0.72995,1.00,1.60
2010.07.26 08:55:35.162,0.72975,0.72995,3.20,1.60
2010.07.26 08:55:42.419,0.72975,0.7299,2.40,1.00
2010.07.26 08:56:35.419,0.7297,0.7299,7.60,1.00
2010.07.26 08:56:42.490,0.72975,0.72995,1.00,1.60
2010.07.26 08:56:42.759,0.72975,0.73,1.60,2.00
2010.07.26 08:56:43.029,0.72975,0.73,1.00,2.00
2010.07.26 08:56:43.790,0.72975,0.73,1.00,3.60
2010.07.26 08:56:44.133,0.7297,0.72995,7.60,1.00
2010.07.26 08:56:44.470,0.7297,0.72995,7.60,1.60
2010.07.26 08:57:05.479,0.7297,0.72995,8.40,1.60
2010.07.26 08:57:06.314,0.7297,0.72995,7.60,1.60
2010.07.26 08:57:13.965,0.72975,0.72995,1.00,1.60
2010.07.26 08:57:14.312,0.7297,0.72995,7.60,1.00
2010.07.26 08:57:15.734,0.72975,0.72995,1.00,1.60
2010.07.26 08:57:16.844,0.7297,0.72995,7.60,1.60
2010.07.26 08:57:17.180,0.72975,0.72995,1.00,1.60
2010.07.26 08:57:18.593,0.72985,0.73,3.60,1.00
2010.07.26 08:57:19.059,0.7299,0.73,1.00,1.00
2010.07.26 08:57:19.404,0.7299,0.73005,2.40,1.00
2010.07.26 08:57:19.742,0.7299,0.73005,2.40,2.40
2010.07.26 08:57:21.009,0.7299,0.73005,2.40,1.00
2010.07.26 08:57:22.953,0.72985,0.73005,5.60,1.00
2010.07.26 08:57:23.100,0.72985,0.73005,3.20,1.00
2010.07.26 08:57:23.445,0.72995,0.7301,2.40,2.40
2010.07.26 08:57:23.787,0.72995,0.7301,2.40,1.60
2010.07.26 08:57:29.089,0.73,0.73015,2.40,2.40
2010.07.26 08:57:31.207,0.72995,0.73015,9.20,2.40
2010.07.26 08:57:31.448,0.72995,0.73015,6.40,2.40
2010.07.26 08:57:31.797,0.72995,0.73015,2.40,2.40
2010.07.26 08:57:38.970,0.72995,0.73015,2.40,1.60
2010.07.26 08:57:39.312,0.73,0.73015,2.40,1.60
2010.07.26 08:57:39.990,0.72995,0.73015,9.20,1.60
2010.07.26 08:57:40.530,0.72995,0.73015,6.40,2.40
2010.07.26 08:57:40.925,0.72995,0.73015,2.40,2.40
2010.07.26 08:57:47.025,0.7299,0.7301,7.20,2.40
2010.07.26 08:57:47.372,0.72985,0.7301,10.00,2.40
2010.07.26 08:57:48.392,0.7299,0.7301,2.40,2.40
2010.07.26 08:57:57.872,0.72985,0.7301,10.00,2.40
2010.07.26 08:58:04.097,0.7299,0.7301,2.40,2.40
2010.07.26 08:58:18.920,0.7299,0.7301,2.40,1.00
2010.07.26 08:58:21.750,0.7299,0.7301,2.40,1.60
2010.07.26 08:58:21.949,0.7299,0.7301,2.40,2.40
2010.07.26 08:58:47.179,0.7299,0.7301,2.40,1.60
2010.07.26 08:58:51.110,0.72985,0.7301,10.00,1.60
2010.07.26 08:58:51.871,0.7299,0.7301,2.40,1.60
2010.07.26 08:59:10.062,0.72995,0.7301,2.40,2.40
2010.07.26 08:59:10.385,0.72995,0.7301,2.50,1.00
2010.07.26 08:59:11.032,0.72995,0.7301,2.40,1.00
2010.07.26 08:59:11.280,0.72995,0.7301,3.20,1.00
2010.07.26 08:59:11.690,0.72995,0.73015,3.20,1.00
2010.07.26 08:59:11.822,0.72995,0.73015,7.60,1.00
2010.07.26 08:59:11.950,0.73,0.73015,2.40,1.00
2010.07.26 08:59:12.340,0.73005,0.7302,1.00,1.60
2010.07.26 08:59:12.645,0.73015,0.73025,6.00,1.00
2010.07.26 08:59:12.953,0.73015,0.7303,3.20,1.00
2010.07.26 08:59:13.185,0.73015,0.7303,2.40,1.00
2010.07.26 08:59:14.321,0.73015,0.73025,2.40,1.00
2010.07.26 08:59:14.662,0.73005,0.73025,3.20,1.00
2010.07.26 08:59:15.000,0.73005,0.73025,4.80,1.00
2010.07.26 08:59:15.341,0.73005,0.73025,3.20,1.00
2010.07.26 08:59:22.462,0.73005,0.73025,4.00,1.00
2010.07.26 08:59:23.313,0.7301,0.73025,2.00,1.00
2010.07.26 08:59:23.656,0.73015,0.73035,3.20,1.00
2010.07.26 08:59:24.002,0.73015,0.7304,12.40,1.60
2010.07.26 08:59:24.342,0.73035,0.73045,3.60,2.00
2010.07.26 08:59:24.683,0.7304,0.73045,3.20,1.00
2010.07.26 08:59:25.023,0.7303,0.73045,3.20,1.00
2010.07.26 08:59:25.363,0.7303,0.7305,3.20,2.40
2010.07.26 08:59:25.703,0.7303,0.7305,3.20,1.00
2010.07.26 08:59:28.962,0.73035,0.73055,2.40,2.40
2010.07.26 08:59:29.428,0.73035,0.73055,3.20,1.00
2010.07.26 08:59:34.451,0.73035,0.7305,3.20,1.00
2010.07.26 08:59:34.944,0.7303,0.7305,3.20,1.00
2010.07.26 08:59:35.623,0.7304,0.73055,2.40,1.00
2010.07.26 08:59:35.790,0.7304,0.7306,3.20,2.40
2010.07.26 08:59:35.960,0.7304,0.7306,4.80,2.40
2010.07.26 08:59:36.450,0.7304,0.73055,4.80,1.00
2010.07.26 08:59:36.613,0.7304,0.73055,4.00,1.00
2010.07.26 08:59:36.952,0.7303,0.7305,3.20,1.00
2010.07.26 08:59:38.851,0.7303,0.73055,6.00,2.40
2010.07.26 08:59:39.251,0.73035,0.73055,1.00,1.00
2010.07.26 08:59:39.489,0.73035,0.73055,3.20,1.00
2010.07.26 08:59:59.561,0.73035,0.7306,8.40,2.80
2010.07.26 08:59:59.906,0.7305,0.73065,3.20,1.00
