2013.07.05 12:00:00.667,0.78369,0.78387,2.07,2.33
2013.07.05 12:00:01.205,0.78369,0.78387,1.32,2.25
2013.07.05 12:00:02.065,0.78369,0.78387,1.32,2.25
2013.07.05 12:00:07.205,0.78369,0.78387,1.32,2.33
2013.07.05 12:00:10.236,0.78367,0.78387,1.32,5.14
2013.07.05 12:00:10.655,0.78361,0.7838,1.13,1.20
2013.07.05 12:00:10.715,0.78361,0.78379,1.13,1.58
2013.07.05 12:00:11.017,0.78358,0.78374,1.69,1.58
2013.07.05 12:00:11.325,0.78353,0.78372,1.85,1.50
2013.07.05 12:00:11.386,0.78353,0.78372,1.85,1.50
2013.07.05 12:00:11.445,0.78353,0.78372,1.10,1.50
2013.07.05 12:00:12.904,0.78351,0.78371,1.10,2.25
2013.07.05 12:00:13.595,0.7835,0.78371,1.29,3.00
2013.07.05 12:00:14.097,0.7835,0.78371,1.29,3.00
2013.07.05 12:00:14.634,0.78353,0.78371,1.66,1.69
2013.07.05 12:00:16.386,0.7835,0.78371,1.10,3.19
2013.07.05 12:00:18.245,0.78346,0.78369,2.82,2.44
2013.07.05 12:00:18.366,0.78346,0.78366,1.32,1.50
2013.07.05 12:00:18.544,0.78346,0.78364,1.13,1.69
2013.07.05 12:00:18.665,0.78343,0.78359,2.44,2.25
2013.07.05 12:00:18.785,0.78342,0.78358,1.50,1.50
2013.07.05 12:00:18.904,0.78338,0.78358,2.44,1.50
2013.07.05 12:00:19.144,0.78341,0.7836,1.13,1.69
2013.07.05 12:00:19.683,0.78341,0.78361,1.13,3.94
2013.07.05 12:00:20.226,0.78341,0.78361,1.13,2.44
2013.07.05 12:00:21.833,0.7834,0.78359,1.13,1.50
2013.07.05 12:00:23.405,0.78338,0.78359,2.44,2.44
2013.07.05 12:00:23.704,0.7834,0.78359,1.13,1.69
2013.07.05 12:00:23.883,0.7834,0.7836,1.88,2.07
2013.07.05 12:00:24.004,0.78342,0.78361,1.50,2.44
2013.07.05 12:00:24.065,0.78343,0.78361,1.50,2.44
2013.07.05 12:00:24.771,0.78344,0.78361,1.50,1.69
2013.07.05 12:00:30.185,0.78345,0.78364,1.88,1.69
2013.07.05 12:00:31.087,0.78346,0.78364,2.25,1.69
2013.07.05 12:00:32.314,0.78346,0.78364,2.25,1.69
2013.07.05 12:00:32.904,0.78344,0.78364,1.69,3.19
2013.07.05 12:00:33.144,0.78342,0.78364,1.32,5.29
2013.07.05 12:00:33.204,0.78343,0.78361,1.13,1.69
2013.07.05 12:00:33.444,0.78341,0.78361,2.82,1.69
2013.07.05 12:00:35.823,0.78341,0.78361,2.44,1.69
2013.07.05 12:00:40.245,0.78341,0.78361,1.69,1.69
2013.07.05 12:00:40.746,0.78341,0.78361,1.69,1.50
2013.07.05 12:00:45.464,0.7834,0.7836,1.32,1.50
2013.07.05 12:00:50.744,0.7834,0.7836,1.69,1.69
2013.07.05 12:00:51.295,0.78339,0.7836,2.07,1.69
2013.07.05 12:00:53.054,0.78342,0.78361,1.13,1.69
2013.07.05 12:00:53.174,0.78344,0.78361,1.50,1.69
2013.07.05 12:00:54.186,0.78344,0.78361,1.50,1.69
2013.07.05 12:00:54.364,0.78341,0.78361,2.44,1.69
2013.07.05 12:00:57.394,0.78342,0.78361,1.69,1.69
2013.07.05 12:00:57.938,0.78343,0.78361,1.50,1.69
2013.07.05 12:00:58.194,0.78341,0.78361,1.69,1.69
2013.07.05 12:01:12.264,0.78342,0.7836,1.50,1.69
2013.07.05 12:01:12.804,0.78343,0.7836,1.50,1.69
2013.07.05 12:01:13.368,0.78342,0.7836,1.50,1.69
2013.07.05 12:01:15.304,0.78341,0.7836,1.13,1.69
2013.07.05 12:01:15.865,0.78341,0.7836,1.50,1.69
2013.07.05 12:01:21.215,0.78339,0.7836,1.32,1.69
2013.07.05 12:01:22.816,0.7834,0.7836,1.32,1.50
2013.07.05 12:01:23.605,0.78341,0.78361,1.69,1.69
2013.07.05 12:01:24.149,0.7834,0.78361,2.07,1.69
2013.07.05 12:01:24.822,0.7834,0.78361,2.07,1.69
2013.07.05 12:01:30.285,0.78341,0.78361,3.19,1.69
2013.07.05 12:01:30.406,0.78344,0.78364,1.50,3.79
2013.07.05 12:01:30.585,0.78342,0.78364,2.44,3.19
2013.07.05 12:01:30.644,0.78344,0.78361,1.50,1.50
2013.07.05 12:01:30.824,0.78344,0.78361,1.50,1.50
2013.07.05 12:01:31.917,0.78344,0.78364,2.44,1.69
2013.07.05 12:01:32.423,0.78346,0.78364,1.50,1.69
2013.07.05 12:01:42.764,0.78346,0.78364,2.25,1.69
2013.07.05 12:01:42.944,0.78348,0.78364,1.50,1.69
2013.07.05 12:01:43.473,0.7835,0.78366,1.13,1.69
2013.07.05 12:01:43.793,0.78351,0.78368,1.50,3.04
2013.07.05 12:01:44.344,0.7835,0.78368,2.63,3.04
2013.07.05 12:01:44.884,0.78351,0.78368,1.50,3.04
2013.07.05 12:01:45.245,0.78354,0.78368,1.50,1.50
2013.07.05 12:01:45.604,0.78356,0.78373,1.13,2.44
2013.07.05 12:01:45.725,0.78361,0.78378,1.50,1.88
2013.07.05 12:01:45.785,0.78361,0.78379,1.50,1.13
2013.07.05 12:01:51.954,0.78361,0.78379,1.69,1.13
2013.07.05 12:01:59.595,0.78361,0.78379,2.44,1.13
2013.07.05 12:02:01.473,0.78361,0.78379,2.44,1.13
2013.07.05 12:02:02.774,0.78361,0.78379,2.44,1.13
2013.07.05 12:02:03.326,0.78363,0.78379,1.50,1.13
2013.07.05 12:02:03.687,0.78366,0.78384,2.25,2.25
2013.07.05 12:02:04.114,0.78366,0.78384,2.25,1.50
2013.07.05 12:02:04.355,0.78368,0.78387,1.20,1.69
2013.07.05 12:02:04.894,0.7837,0.78388,2.25,1.69
2013.07.05 12:02:05.499,0.7837,0.78388,1.50,1.69
2013.07.05 12:02:07.494,0.7837,0.78388,1.88,1.69
2013.07.05 12:02:08.635,0.78371,0.78389,1.50,1.54
2013.07.05 12:02:09.057,0.78373,0.78391,2.25,1.69
2013.07.05 12:02:10.152,0.78373,0.78391,2.25,1.69
2013.07.05 12:02:15.293,0.78373,0.78391,2.25,1.69
2013.07.05 12:02:18.265,0.78373,0.78391,2.63,1.69
2013.07.05 12:02:21.268,0.78373,0.78391,2.63,1.69
2013.07.05 12:02:25.759,0.78373,0.78391,3.19,1.50
2013.07.05 12:02:27.596,0.78373,0.78384,1.69,2.10
2013.07.05 12:02:27.775,0.78364,0.78378,1.50,1.13
2013.07.05 12:02:27.894,0.78358,0.78374,2.25,1.35
2013.07.05 12:02:27.955,0.78356,0.78371,1.69,1.50
2013.07.05 12:02:28.316,0.78355,0.78368,1.50,1.50
2013.07.05 12:02:28.436,0.78352,0.78366,1.88,1.50
2013.07.05 12:02:28.675,0.78352,0.78371,1.13,1.50
2013.07.05 12:02:28.924,0.78353,0.78371,2.25,1.50
2013.07.05 12:02:29.255,0.78355,0.78372,1.50,2.48
2013.07.05 12:02:35.474,0.78355,0.78371,1.50,1.69
2013.07.05 12:02:45.546,0.78351,0.7837,1.50,2.40
2013.07.05 12:02:45.605,0.78349,0.78369,1.32,1.50
2013.07.05 12:02:45.665,0.78346,0.78369,2.44,4.17
2013.07.05 12:02:45.726,0.78346,0.78364,1.69,1.50
2013.07.05 12:02:45.966,0.78343,0.78364,2.07,2.25
2013.07.05 12:02:46.265,0.78341,0.78361,1.32,1.50
2013.07.05 12:02:46.685,0.78341,0.78358,1.13,1.50
2013.07.05 12:02:46.744,0.78337,0.78358,1.69,1.50
2013.07.05 12:02:47.046,0.78342,0.78358,1.58,1.50
2013.07.05 12:02:47.229,0.78348,0.78365,1.05,1.50
2013.07.05 12:02:47.478,0.78351,0.78368,1.13,3.94
2013.07.05 12:02:47.983,0.78352,0.78368,1.88,3.00
2013.07.05 12:02:48.404,0.78352,0.78372,1.88,1.69
2013.07.05 12:02:48.704,0.78351,0.78371,1.88,1.50
2013.07.05 12:02:49.575,0.78351,0.78371,1.50,1.69
2013.07.05 12:02:50.106,0.78347,0.78357,1.62,2.25
2013.07.05 12:02:50.465,0.78346,0.78354,1.50,1.13
2013.07.05 12:02:50.525,0.78338,0.78354,2.44,1.13
2013.07.05 12:02:50.585,0.78338,0.78354,1.69,1.73
2013.07.05 12:02:50.705,0.78336,0.78351,1.50,1.50
2013.07.05 12:02:50.765,0.78334,0.78349,2.44,2.25
2013.07.05 12:02:50.886,0.78329,0.78347,1.69,1.13
2013.07.05 12:02:51.005,0.78327,0.78347,1.32,3.38
2013.07.05 12:02:51.365,0.78325,0.78343,1.50,1.50
2013.07.05 12:02:51.667,0.7832,0.78341,1.69,1.50
2013.07.05 12:02:54.024,0.7832,0.78341,2.44,1.69
2013.07.05 12:03:00.407,0.78322,0.78341,1.69,1.50
2013.07.05 12:03:01.063,0.78323,0.78341,1.50,1.50
2013.07.05 12:03:01.185,0.78326,0.78344,1.95,1.54
2013.07.05 12:03:01.305,0.78326,0.78347,1.95,2.07
2013.07.05 12:03:02.169,0.78328,0.78349,3.08,1.69
2013.07.05 12:03:02.715,0.78327,0.78348,1.50,1.32
2013.07.05 12:03:06.204,0.78326,0.78348,2.07,1.32
2013.07.05 12:03:07.825,0.78326,0.78348,2.07,1.32
2013.07.05 12:03:08.834,0.78326,0.78348,2.07,2.07
2013.07.05 12:03:10.914,0.78326,0.78347,2.07,1.32
2013.07.05 12:03:11.275,0.78326,0.78345,1.13,1.69
2013.07.05 12:03:12.866,0.78326,0.78344,1.13,2.44
2013.07.05 12:03:15.317,0.78323,0.78344,1.69,3.19
2013.07.05 12:03:15.684,0.78323,0.78342,1.50,1.69
2013.07.05 12:03:16.216,0.78323,0.78342,1.50,1.69
2013.07.05 12:03:17.843,0.78321,0.7834,1.69,1.50
2013.07.05 12:03:18.155,0.78321,0.78339,1.13,1.50
2013.07.05 12:03:18.456,0.78311,0.78331,1.69,2.25
2013.07.05 12:03:18.515,0.78309,0.7833,1.32,1.50
2013.07.05 12:03:19.054,0.78309,0.78329,1.13,2.25
2013.07.05 12:03:23.724,0.78307,0.78329,1.84,2.44
2013.07.05 12:03:24.954,0.78306,0.78327,1.92,1.69
2013.07.05 12:03:25.158,0.78306,0.78327,3.42,2.44
2013.07.05 12:03:25.346,0.78306,0.78326,1.92,1.69
2013.07.05 12:03:25.644,0.78306,0.78325,1.73,1.69
2013.07.05 12:03:25.914,0.78306,0.78325,1.73,2.44
2013.07.05 12:03:26.585,0.78302,0.78325,2.07,3.04
2013.07.05 12:03:26.707,0.78302,0.78322,1.13,1.69
2013.07.05 12:03:27.194,0.78303,0.78321,1.50,1.50
2013.07.05 12:03:27.375,0.78301,0.78321,2.25,2.44
2013.07.05 12:03:27.728,0.78303,0.78321,1.50,2.44
2013.07.05 12:03:28.035,0.78304,0.78323,1.58,1.69
2013.07.05 12:03:28.395,0.78306,0.78324,2.33,2.44
2013.07.05 12:03:29.249,0.78306,0.78324,2.33,2.44
2013.07.05 12:03:36.948,0.78306,0.78324,1.58,1.69
2013.07.05 12:03:37.470,0.78306,0.78326,1.58,2.44
2013.07.05 12:03:38.804,0.78305,0.78324,2.07,1.69
2013.07.05 12:03:39.224,0.78305,0.78326,2.07,2.44
2013.07.05 12:03:39.404,0.78305,0.78324,2.07,1.69
2013.07.05 12:03:40.325,0.78304,0.78322,1.69,2.25
2013.07.05 12:03:40.566,0.78301,0.78315,1.69,1.50
2013.07.05 12:03:40.624,0.78298,0.78315,2.82,2.25
2013.07.05 12:03:40.685,0.78298,0.78314,2.63,1.50
2013.07.05 12:03:41.197,0.78297,0.78317,1.05,3.00
2013.07.05 12:03:43.536,0.78297,0.78317,1.43,1.69
2013.07.05 12:03:44.885,0.78297,0.78318,1.95,2.44
2013.07.05 12:03:45.065,0.78297,0.7832,2.14,1.69
2013.07.05 12:03:45.126,0.78297,0.7832,2.14,1.69
2013.07.05 12:03:45.664,0.783,0.78318,1.50,1.50
2013.07.05 12:03:46.510,0.78296,0.78318,3.27,1.50
2013.07.05 12:03:47.176,0.78297,0.78321,2.14,2.44
2013.07.05 12:03:47.475,0.78299,0.78321,1.69,1.69
2013.07.05 12:03:47.916,0.78299,0.78317,1.69,2.25
2013.07.05 12:03:48.094,0.78298,0.78317,1.13,3.94
2013.07.05 12:03:48.824,0.78296,0.78317,2.33,6.19
2013.07.05 12:03:49.634,0.78296,0.78317,3.27,3.19
2013.07.05 12:03:53.096,0.78297,0.78317,1.13,3.19
2013.07.05 12:03:57.604,0.78298,0.78317,2.25,2.44
2013.07.05 12:03:57.664,0.783,0.78319,1.50,2.29
2013.07.05 12:03:57.787,0.783,0.78321,1.50,2.07
2013.07.05 12:03:58.323,0.78302,0.78321,1.50,1.69
2013.07.05 12:03:58.384,0.78303,0.78321,1.13,1.69
2013.07.05 12:03:58.684,0.78303,0.78324,2.10,1.69
2013.07.05 12:03:59.457,0.78303,0.78323,1.69,1.62
2013.07.05 12:04:01.477,0.78306,0.78323,1.50,1.69
2013.07.05 12:04:01.665,0.78306,0.78325,1.88,2.07
2013.07.05 12:04:01.905,0.78301,0.78322,3.19,1.13
2013.07.05 12:04:02.025,0.783,0.78322,2.82,1.13
2013.07.05 12:04:02.206,0.78301,0.78322,1.84,1.13
2013.07.05 12:04:02.387,0.78304,0.78324,1.09,1.88
2013.07.05 12:04:02.574,0.78306,0.78327,2.40,2.07
2013.07.05 12:04:03.096,0.78307,0.78327,1.50,1.13
2013.07.05 12:04:06.604,0.78306,0.78327,3.72,1.50
2013.07.05 12:04:08.884,0.78306,0.78327,2.82,1.43
2013.07.05 12:04:08.945,0.78304,0.78324,2.22,1.20
2013.07.05 12:04:09.064,0.78302,0.78324,1.32,1.88
2013.07.05 12:04:09.605,0.78303,0.78323,1.69,2.25
2013.07.05 12:04:09.904,0.78303,0.7832,1.69,1.50
2013.07.05 12:04:10.329,0.78302,0.78319,1.32,1.50
2013.07.05 12:04:10.636,0.78299,0.78313,1.13,1.50
2013.07.05 12:04:12.075,0.78294,0.78313,1.69,1.50
2013.07.05 12:04:12.624,0.78294,0.78312,1.69,2.25
2013.07.05 12:04:14.995,0.78294,0.78312,1.69,2.25
2013.07.05 12:04:17.074,0.78294,0.78311,1.69,1.50
2013.07.05 12:04:17.722,0.78294,0.78312,1.69,2.25
2013.07.05 12:04:17.905,0.78294,0.78309,1.69,1.13
2013.07.05 12:04:18.084,0.78288,0.78307,1.88,2.63
2013.07.05 12:04:18.204,0.78289,0.78305,1.50,1.50
2013.07.05 12:04:18.324,0.78289,0.78307,1.50,2.63
2013.07.05 12:04:18.444,0.78289,0.78307,1.50,3.19
2013.07.05 12:04:18.995,0.78289,0.78303,1.50,1.50
2013.07.05 12:04:19.534,0.78287,0.78303,1.50,1.50
2013.07.05 12:04:19.930,0.78288,0.78303,1.50,1.50
2013.07.05 12:04:20.477,0.78288,0.78305,1.50,1.69
2013.07.05 12:04:22.925,0.78287,0.78307,1.50,3.19
2013.07.05 12:04:23.645,0.78286,0.78304,1.69,2.25
2013.07.05 12:04:24.300,0.78286,0.78304,1.69,1.50
2013.07.05 12:04:26.144,0.78286,0.78304,2.44,1.50
2013.07.05 12:04:29.834,0.78286,0.78304,2.44,2.25
2013.07.05 12:04:30.354,0.78287,0.78304,1.50,2.25
2013.07.05 12:04:35.734,0.78285,0.78303,1.88,2.44
2013.07.05 12:04:35.915,0.78284,0.78303,1.32,3.34
2013.07.05 12:04:36.456,0.78284,0.78302,1.32,2.25
2013.07.05 12:04:36.994,0.78283,0.783,1.69,1.50
2013.07.05 12:04:43.194,0.78283,0.78302,1.50,3.19
2013.07.05 12:04:46.234,0.78283,0.78299,1.50,1.50
2013.07.05 12:04:46.774,0.78283,0.783,1.50,1.69
2013.07.05 12:04:56.155,0.78282,0.78298,1.69,1.50
2013.07.05 12:04:56.516,0.7828,0.78295,1.50,1.50
2013.07.05 12:04:56.934,0.78279,0.78295,1.50,1.50
2013.07.05 12:04:57.175,0.78279,0.78295,2.25,1.50
2013.07.05 12:04:57.724,0.78284,0.78295,1.50,1.50
2013.07.05 12:05:08.956,0.78284,0.78296,1.50,1.69
2013.07.05 12:05:09.505,0.78284,0.78299,1.50,2.44
2013.07.05 12:05:10.015,0.78284,0.78296,1.50,1.69
2013.07.05 12:05:22.115,0.78284,0.78296,1.50,1.69
2013.07.05 12:05:25.525,0.78284,0.78297,1.50,3.94
2013.07.05 12:05:31.455,0.78284,0.78299,1.50,1.69
2013.07.05 12:05:32.497,0.78285,0.78302,1.50,3.94
2013.07.05 12:05:33.157,0.78289,0.78302,1.50,4.69
2013.07.05 12:05:33.715,0.78289,0.78299,1.50,1.50
2013.07.05 12:05:35.684,0.78289,0.78299,1.50,1.50
2013.07.05 12:05:36.185,0.78289,0.783,1.50,1.69
2013.07.05 12:05:36.771,0.78289,0.78299,1.50,1.50
2013.07.05 12:05:40.415,0.78289,0.78299,1.50,1.69
2013.07.05 12:05:41.826,0.78289,0.783,1.50,2.44
2013.07.05 12:05:43.714,0.78289,0.78298,1.50,1.09
2013.07.05 12:05:44.325,0.78289,0.78296,1.50,1.50
2013.07.05 12:05:44.506,0.78289,0.78299,1.50,1.69
2013.07.05 12:05:45.686,0.78289,0.783,1.50,1.69
2013.07.05 12:05:46.225,0.78289,0.78299,1.50,1.09
2013.07.05 12:05:46.916,0.78289,0.78298,1.50,1.65
2013.07.05 12:05:47.214,0.78289,0.78296,1.50,1.50
2013.07.05 12:05:47.394,0.78289,0.78298,1.50,1.69
2013.07.05 12:05:47.634,0.78289,0.783,1.50,2.82
2013.07.05 12:05:48.194,0.78289,0.78299,1.50,2.25
2013.07.05 12:05:56.744,0.78289,0.78299,1.50,1.50
2013.07.05 12:05:57.286,0.78289,0.78299,1.50,1.50
2013.07.05 12:05:57.804,0.78289,0.783,1.50,1.69
2013.07.05 12:05:58.551,0.78289,0.78299,1.50,1.50
2013.07.05 12:06:22.186,0.78289,0.78302,1.50,1.69
2013.07.05 12:06:22.368,0.78289,0.78304,1.50,2.07
2013.07.05 12:06:23.156,0.78289,0.78304,1.50,2.82
2013.07.05 12:06:23.395,0.78289,0.78303,1.50,1.50
2013.07.05 12:06:30.394,0.78289,0.783,1.50,1.50
2013.07.05 12:06:31.696,0.78289,0.78303,1.50,1.50
2013.07.05 12:06:32.255,0.78289,0.78302,1.50,1.50
2013.07.05 12:06:33.835,0.78289,0.78303,1.50,1.69
2013.07.05 12:06:35.525,0.78289,0.78307,1.50,3.57
2013.07.05 12:06:37.157,0.7829,0.78307,1.88,1.69
2013.07.05 12:06:37.214,0.7829,0.78307,1.88,1.69
2013.07.05 12:06:37.726,0.78294,0.78307,1.50,1.69
2013.07.05 12:06:40.676,0.78294,0.78307,1.50,1.69
2013.07.05 12:06:41.725,0.78294,0.78306,1.50,2.25
2013.07.05 12:06:42.247,0.78294,0.78306,1.50,1.50
2013.07.05 12:06:45.069,0.78294,0.78306,1.50,2.25
2013.07.05 12:06:46.294,0.78294,0.78305,1.50,1.50
2013.07.05 12:06:46.475,0.78289,0.78304,1.50,3.00
2013.07.05 12:06:46.595,0.78289,0.78302,1.50,1.50
2013.07.05 12:06:47.098,0.78289,0.78301,1.50,2.25
2013.07.05 12:06:47.599,0.78289,0.783,1.50,1.50
2013.07.05 12:06:51.997,0.78289,0.783,1.50,1.50
2013.07.05 12:06:52.514,0.78289,0.783,1.50,1.69
2013.07.05 12:06:53.036,0.78289,0.78299,1.50,1.50
2013.07.05 12:06:58.855,0.78289,0.78299,1.50,1.50
2013.07.05 12:06:59.492,0.78289,0.78299,1.50,1.50
2013.07.05 12:07:00.308,0.78289,0.78299,1.50,1.50
2013.07.05 12:07:02.365,0.78289,0.78305,3.00,1.69
2013.07.05 12:07:02.484,0.78294,0.78306,1.50,1.32
2013.07.05 12:07:02.544,0.78294,0.78306,1.50,1.32
2013.07.05 12:07:02.605,0.78294,0.78306,1.50,2.07
2013.07.05 12:07:02.725,0.78289,0.78305,1.50,2.25
2013.07.05 12:07:02.905,0.7829,0.78307,2.25,1.69
2013.07.05 12:07:03.085,0.78294,0.78307,1.50,1.69
2013.07.05 12:07:03.985,0.78294,0.78307,1.50,2.44
2013.07.05 12:07:04.046,0.78289,0.78304,1.50,1.50
2013.07.05 12:07:05.855,0.78289,0.78304,1.50,2.44
2013.07.05 12:07:06.334,0.78289,0.78301,1.50,1.50
2013.07.05 12:07:06.955,0.78289,0.78302,1.50,2.25
2013.07.05 12:07:09.136,0.78289,0.78302,1.50,1.69
2013.07.05 12:07:09.325,0.78289,0.78305,1.50,1.32
2013.07.05 12:07:16.069,0.78289,0.78305,1.50,1.69
2013.07.05 12:07:17.515,0.78289,0.78305,1.50,1.69
2013.07.05 12:07:18.057,0.78289,0.78302,1.50,2.44
2013.07.05 12:07:21.345,0.78289,0.78302,1.50,1.69
2013.07.05 12:07:28.584,0.78289,0.78302,1.50,1.69
2013.07.05 12:07:29.666,0.78289,0.78302,1.50,1.69
2013.07.05 12:07:42.025,0.78289,0.78302,1.50,1.69
2013.07.05 12:07:43.224,0.78289,0.78301,1.50,1.69
2013.07.05 12:07:43.774,0.78289,0.783,1.50,1.50
2013.07.05 12:07:44.664,0.78289,0.78299,1.50,2.25
2013.07.05 12:07:45.214,0.78289,0.78299,1.50,1.50
2013.07.05 12:07:46.835,0.78289,0.78299,1.50,2.25
2013.07.05 12:07:47.386,0.78289,0.78299,1.50,1.50
2013.07.05 12:07:58.855,0.78289,0.78301,1.50,1.69
2013.07.05 12:07:59.824,0.78289,0.78299,1.50,1.20
2013.07.05 12:08:00.065,0.78284,0.78297,1.50,2.33
2013.07.05 12:08:00.365,0.78284,0.78296,1.50,1.58
2013.07.05 12:08:06.387,0.78269,0.7828,1.50,1.13
2013.07.05 12:08:06.460,0.78269,0.78275,1.50,1.13
2013.07.05 12:08:06.648,0.78261,0.78275,1.50,2.25
2013.07.05 12:08:06.715,0.78261,0.78272,1.50,2.25
2013.07.05 12:08:06.775,0.78254,0.78272,1.50,2.25
2013.07.05 12:08:08.217,0.78254,0.78272,1.50,1.54
2013.07.05 12:08:10.635,0.78254,0.78272,1.50,4.54
2013.07.05 12:08:11.210,0.78254,0.78272,1.50,3.04
2013.07.05 12:08:11.965,0.78254,0.78272,1.50,2.29
2013.07.05 12:08:13.675,0.78254,0.78271,1.50,1.69
2013.07.05 12:08:15.906,0.78256,0.78271,1.50,1.13
2013.07.05 12:08:15.965,0.78256,0.78271,1.50,1.13
2013.07.05 12:08:17.915,0.78254,0.78271,1.50,1.32
2013.07.05 12:08:18.214,0.78258,0.78272,1.50,2.67
2013.07.05 12:08:19.367,0.78256,0.78272,1.13,1.35
2013.07.05 12:08:21.046,0.78255,0.78271,2.25,1.54
2013.07.05 12:08:23.877,0.78255,0.78267,2.25,1.35
2013.07.05 12:08:24.116,0.78253,0.78265,1.13,2.10
2013.07.05 12:08:25.479,0.7825,0.78267,3.57,2.85
2013.07.05 12:08:26.017,0.7825,0.78267,2.63,2.85
2013.07.05 12:08:30.726,0.7825,0.78267,2.63,3.04
2013.07.05 12:08:42.694,0.7825,0.78267,2.63,2.10
2013.07.05 12:08:42.935,0.78254,0.78267,1.50,1.35
2013.07.05 12:08:43.475,0.78253,0.78267,1.13,1.35
2013.07.05 12:08:43.595,0.78254,0.78267,2.25,1.35
2013.07.05 12:08:43.955,0.78254,0.78266,1.50,1.35
2013.07.05 12:08:44.137,0.7825,0.78268,2.25,3.04
2013.07.05 12:08:44.195,0.7825,0.78268,1.50,1.54
2013.07.05 12:08:44.257,0.78254,0.78268,1.50,1.54
2013.07.05 12:08:44.495,0.78249,0.78268,1.69,3.04
2013.07.05 12:08:44.917,0.78249,0.78262,1.50,1.35
2013.07.05 12:08:45.095,0.78245,0.7826,2.44,1.35
2013.07.05 12:08:45.615,0.78244,0.7826,2.44,1.35
2013.07.05 12:09:00.108,0.78245,0.7826,1.50,1.35
2013.07.05 12:09:00.776,0.78245,0.78264,1.69,1.73
2013.07.05 12:09:01.537,0.78246,0.78264,2.07,1.73
2013.07.05 12:09:01.715,0.78246,0.78264,2.82,1.35
2013.07.05 12:09:01.835,0.78249,0.78266,1.50,1.35
2013.07.05 12:09:02.906,0.78249,0.78268,3.00,1.92
2013.07.05 12:09:03.505,0.78255,0.78268,1.50,1.13
2013.07.05 12:09:03.625,0.78259,0.78274,2.25,1.92
2013.07.05 12:09:03.807,0.78264,0.78279,1.50,1.73
2013.07.05 12:09:05.888,0.78264,0.78277,1.50,2.63
2013.07.05 12:09:06.076,0.78259,0.78277,1.50,2.63
2013.07.05 12:09:06.195,0.78257,0.78274,1.50,3.38
2013.07.05 12:09:06.255,0.78257,0.78272,1.50,1.35
2013.07.05 12:09:06.795,0.78257,0.78272,1.50,1.35
2013.07.05 12:09:07.206,0.78258,0.78274,1.50,1.35
2013.07.05 12:09:07.265,0.78258,0.78275,1.50,2.29
2013.07.05 12:09:07.766,0.78259,0.78275,1.50,1.54
2013.07.05 12:09:15.065,0.7826,0.78276,1.50,1.54
2013.07.05 12:09:15.485,0.78261,0.78278,1.50,2.25
2013.07.05 12:09:15.544,0.78261,0.78279,2.25,2.29
2013.07.05 12:09:16.085,0.78264,0.78279,1.50,1.54
2013.07.05 12:09:20.337,0.7826,0.78275,1.13,1.35
2013.07.05 12:09:23.495,0.7826,0.78275,2.25,1.35
2013.07.05 12:09:23.735,0.7826,0.78277,3.00,3.00
2013.07.05 12:09:23.795,0.78261,0.78277,1.50,3.00
2013.07.05 12:09:24.765,0.78265,0.7828,1.58,2.10
2013.07.05 12:09:24.946,0.78266,0.78282,1.58,1.13
2013.07.05 12:09:25.305,0.7827,0.78286,1.50,1.54
2013.07.05 12:09:25.845,0.7827,0.78286,1.50,1.54
2013.07.05 12:09:25.904,0.7827,0.78286,1.50,1.54
2013.07.05 12:09:34.096,0.78269,0.78286,2.63,1.54
2013.07.05 12:09:36.415,0.78269,0.78286,1.88,3.42
2013.07.05 12:09:36.955,0.78266,0.78281,2.44,1.35
2013.07.05 12:09:37.957,0.78266,0.7828,2.25,1.35
2013.07.05 12:09:38.645,0.78265,0.7828,1.50,1.35
2013.07.05 12:09:39.705,0.78265,0.78281,1.50,1.35
2013.07.05 12:09:47.631,0.78266,0.78281,2.25,1.35
2013.07.05 12:09:49.456,0.78265,0.78281,2.44,1.35
2013.07.05 12:09:50.919,0.78266,0.78281,2.25,1.35
2013.07.05 12:09:54.565,0.78266,0.78281,2.44,1.35
2013.07.05 12:09:58.995,0.78266,0.78284,2.25,1.13
2013.07.05 12:10:00.807,0.78264,0.78284,2.44,1.32
2013.07.05 12:10:01.115,0.78264,0.78281,1.50,1.73
2013.07.05 12:10:01.955,0.78264,0.7828,2.25,1.35
2013.07.05 12:10:02.314,0.78266,0.78281,1.50,1.35
2013.07.05 12:10:03.165,0.78266,0.7828,1.50,1.35
2013.07.05 12:10:03.345,0.78265,0.7828,1.50,1.35
2013.07.05 12:10:04.195,0.78265,0.7828,2.25,1.35
2013.07.05 12:10:06.677,0.78265,0.7828,1.50,1.35
2013.07.05 12:10:26.176,0.78265,0.78284,1.69,2.10
2013.07.05 12:10:26.247,0.78265,0.78284,2.44,1.35
2013.07.05 12:10:26.785,0.78269,0.78284,1.88,1.35
2013.07.05 12:10:46.895,0.78269,0.78279,1.50,1.35
2013.07.05 12:10:47.075,0.78266,0.78279,1.13,1.35
2013.07.05 12:10:47.438,0.78265,0.78279,1.50,1.35
2013.07.05 12:10:49.164,0.78265,0.78279,2.25,1.35
2013.07.05 12:10:52.894,0.78264,0.78279,1.50,1.35
2013.07.05 12:10:56.235,0.78264,0.78277,1.50,1.50
2013.07.05 12:10:56.855,0.78264,0.78278,1.50,1.50
2013.07.05 12:10:57.437,0.78264,0.78277,1.50,1.50
2013.07.05 12:10:58.215,0.78259,0.78276,1.69,2.10
2013.07.05 12:11:16.495,0.78259,0.78276,1.50,1.54
2013.07.05 12:11:18.365,0.78259,0.78276,1.50,1.54
2013.07.05 12:11:19.935,0.78259,0.78276,1.50,1.54
2013.07.05 12:11:20.458,0.7826,0.78276,2.25,1.54
2013.07.05 12:11:21.017,0.7826,0.78276,1.50,1.54
2013.07.05 12:11:21.554,0.7826,0.78276,2.25,1.54
2013.07.05 12:11:21.794,0.78262,0.78276,1.50,1.35
2013.07.05 12:11:21.854,0.7826,0.78276,1.50,1.35
2013.07.05 12:11:21.974,0.7826,0.78276,1.50,1.35
2013.07.05 12:11:22.526,0.7826,0.78276,2.25,1.35
2013.07.05 12:11:23.094,0.7826,0.78276,1.50,1.35
2013.07.05 12:11:23.835,0.7826,0.78276,1.50,1.54
2013.07.05 12:11:24.417,0.7826,0.78276,2.25,1.54
2013.07.05 12:11:25.587,0.7826,0.78276,2.63,1.54
2013.07.05 12:11:27.105,0.7826,0.78276,1.88,1.54
2013.07.05 12:11:27.645,0.78259,0.78276,2.63,1.54
2013.07.05 12:11:28.255,0.78259,0.78276,2.63,1.54
2013.07.05 12:11:28.438,0.78261,0.78277,1.50,3.04
2013.07.05 12:11:28.565,0.7826,0.78277,1.50,3.04
2013.07.05 12:11:28.925,0.7826,0.78277,1.50,3.04
2013.07.05 12:11:29.405,0.7826,0.78277,1.50,3.04
2013.07.05 12:11:29.584,0.7826,0.78276,1.50,2.44
2013.07.05 12:11:29.885,0.7826,0.78277,2.25,3.04
2013.07.05 12:11:30.715,0.7826,0.78277,2.63,3.04
2013.07.05 12:11:32.955,0.7826,0.78277,1.13,3.04
2013.07.05 12:11:33.495,0.7826,0.78277,1.50,3.04
2013.07.05 12:11:44.416,0.7826,0.78279,2.25,1.32
2013.07.05 12:11:44.776,0.78265,0.78284,1.50,3.57
2013.07.05 12:11:47.325,0.78264,0.78279,1.50,1.84
2013.07.05 12:11:47.565,0.7826,0.78276,1.50,2.85
2013.07.05 12:11:48.105,0.78259,0.78276,1.50,2.85
2013.07.05 12:11:49.325,0.78259,0.78275,1.50,1.35
2013.07.05 12:11:52.465,0.78259,0.78276,1.50,3.04
2013.07.05 12:11:52.706,0.78261,0.78277,1.50,2.07
2013.07.05 12:11:52.826,0.78264,0.78277,1.50,1.32
2013.07.05 12:11:53.185,0.78266,0.7828,1.50,1.69
2013.07.05 12:11:53.246,0.78269,0.78282,1.50,2.07
2013.07.05 12:11:53.315,0.78269,0.78282,1.50,1.32
2013.07.05 12:11:53.736,0.78269,0.78281,1.50,1.65
2013.07.05 12:11:54.155,0.78269,0.78282,1.50,1.13
2013.07.05 12:11:55.294,0.78269,0.78285,1.50,1.54
2013.07.05 12:11:56.375,0.78269,0.78286,1.50,3.42
2013.07.05 12:12:04.086,0.78269,0.78285,1.50,1.54
2013.07.05 12:12:05.164,0.7827,0.78286,1.88,2.29
2013.07.05 12:12:05.344,0.7827,0.78288,2.63,1.69
2013.07.05 12:12:05.464,0.78274,0.7829,1.50,1.69
2013.07.05 12:12:05.525,0.78274,0.7829,1.50,1.69
2013.07.05 12:12:06.064,0.78274,0.78291,1.50,2.89
2013.07.05 12:12:07.777,0.78274,0.78291,1.50,3.12
2013.07.05 12:12:08.446,0.78274,0.78281,1.50,1.35
2013.07.05 12:12:08.506,0.78265,0.78281,1.69,1.50
2013.07.05 12:12:08.625,0.78264,0.78274,1.50,1.65
2013.07.05 12:12:09.048,0.78259,0.78275,1.50,3.00
2013.07.05 12:12:11.646,0.78261,0.78274,1.13,1.50
2013.07.05 12:12:11.885,0.78269,0.78283,1.50,3.12
2013.07.05 12:12:12.007,0.78269,0.78283,2.25,1.58
2013.07.05 12:12:17.986,0.78274,0.78285,1.50,1.20
2013.07.05 12:12:19.079,0.78274,0.78285,1.50,1.20
2013.07.05 12:12:27.804,0.78274,0.78286,1.50,1.50
2013.07.05 12:12:27.864,0.78274,0.78287,1.50,2.63
2013.07.05 12:12:28.287,0.78274,0.78289,1.50,3.57
2013.07.05 12:12:28.705,0.78276,0.78289,1.88,1.13
2013.07.05 12:12:29.066,0.78284,0.78297,1.50,2.07
2013.07.05 12:12:29.187,0.78281,0.78297,1.50,1.13
2013.07.05 12:12:29.247,0.7828,0.78297,3.00,1.73
2013.07.05 12:12:29.370,0.78281,0.78297,1.50,1.13
2013.07.05 12:12:29.676,0.78284,0.78297,1.50,1.13
2013.07.05 12:12:30.035,0.78289,0.78304,1.50,1.35
2013.07.05 12:12:30.095,0.78289,0.78306,1.50,3.42
2013.07.05 12:12:30.469,0.78293,0.7831,1.50,1.17
2013.07.05 12:12:30.597,0.78294,0.78311,1.50,3.04
2013.07.05 12:12:30.657,0.78296,0.78311,1.50,2.29
2013.07.05 12:12:31.196,0.78299,0.7831,1.50,1.13
2013.07.05 12:12:31.315,0.78294,0.7831,1.69,1.13
2013.07.05 12:12:33.336,0.78294,0.7831,1.50,1.58
2013.07.05 12:12:33.700,0.78289,0.78304,1.50,2.29
2013.07.05 12:12:35.175,0.78289,0.78302,1.50,1.28
2013.07.05 12:12:35.595,0.78288,0.78298,1.50,1.50
2013.07.05 12:12:35.775,0.78276,0.78293,1.69,1.35
2013.07.05 12:12:35.956,0.78274,0.78291,1.50,1.50
2013.07.05 12:12:36.376,0.78274,0.78293,1.50,1.54
2013.07.05 12:12:36.557,0.78275,0.78294,1.20,1.32
2013.07.05 12:12:36.737,0.78284,0.78299,1.50,1.50
2013.07.05 12:12:37.434,0.78285,0.78301,2.25,1.13
2013.07.05 12:12:38.195,0.78285,0.78303,2.25,1.02
2013.07.05 12:12:38.875,0.78284,0.78303,1.50,1.02
2013.07.05 12:12:39.636,0.78287,0.78304,1.50,1.88
2013.07.05 12:12:39.937,0.7829,0.78306,3.75,2.25
2013.07.05 12:12:40.415,0.78293,0.78307,1.50,1.50
2013.07.05 12:12:41.155,0.78293,0.78309,1.50,1.32
2013.07.05 12:12:41.398,0.78296,0.78312,1.50,1.50
2013.07.05 12:12:41.765,0.78299,0.78313,2.25,1.13
2013.07.05 12:12:52.685,0.78299,0.78316,1.50,1.69
2013.07.05 12:12:53.226,0.783,0.78316,2.25,1.69
2013.07.05 12:12:53.764,0.78299,0.78316,2.25,1.69
2013.07.05 12:13:00.145,0.78299,0.78317,1.50,2.44
2013.07.05 12:13:03.126,0.78298,0.78317,1.50,2.44
2013.07.05 12:13:06.290,0.78298,0.78317,2.25,2.44
2013.07.05 12:13:09.036,0.78298,0.78317,2.25,2.44
2013.07.05 12:13:14.975,0.78298,0.78317,1.50,2.44
2013.07.05 12:13:18.876,0.78298,0.78317,2.44,2.44
2013.07.05 12:13:18.937,0.78303,0.7832,2.25,2.07
2013.07.05 12:13:19.297,0.78309,0.78324,1.50,1.50
2013.07.05 12:13:19.355,0.78306,0.7833,4.13,2.44
2013.07.05 12:13:19.416,0.78306,0.78327,1.50,1.69
2013.07.05 12:13:20.715,0.78303,0.78323,1.69,1.05
2013.07.05 12:13:20.957,0.78303,0.78321,1.69,1.50
2013.07.05 12:13:21.146,0.78303,0.78322,1.69,2.10
2013.07.05 12:13:21.385,0.78303,0.78321,1.69,1.50
2013.07.05 12:13:21.926,0.78303,0.78322,2.44,3.04
2013.07.05 12:13:23.386,0.78303,0.78321,2.44,1.13
2013.07.05 12:13:26.055,0.78303,0.78321,2.44,1.50
2013.07.05 12:13:26.595,0.78303,0.78322,2.44,2.48
2013.07.05 12:13:27.147,0.78303,0.78321,3.94,1.50
2013.07.05 12:13:27.387,0.78303,0.78321,2.44,1.50
2013.07.05 12:13:28.248,0.78303,0.78321,2.44,1.50
2013.07.05 12:13:32.247,0.78303,0.7832,1.69,1.20
2013.07.05 12:13:32.430,0.78301,0.78315,1.69,2.93
2013.07.05 12:13:32.916,0.783,0.78315,1.50,3.68
2013.07.05 12:13:33.215,0.78297,0.78314,2.44,1.58
2013.07.05 12:13:34.295,0.78297,0.78315,2.44,4.35
2013.07.05 12:13:34.598,0.78299,0.78316,1.50,1.50
2013.07.05 12:13:35.146,0.78299,0.78317,1.50,2.07
2013.07.05 12:13:35.447,0.78303,0.78319,1.50,1.50
2013.07.05 12:13:35.627,0.78303,0.78321,1.50,1.13
2013.07.05 12:13:35.865,0.78303,0.78321,3.94,1.13
2013.07.05 12:13:36.105,0.78303,0.78324,3.94,3.79
2013.07.05 12:13:36.165,0.78306,0.78324,3.38,2.10
2013.07.05 12:13:36.225,0.78306,0.78327,3.57,1.69
2013.07.05 12:13:36.406,0.78308,0.78326,2.25,1.50
2013.07.05 12:13:36.917,0.78308,0.78325,2.25,1.50
2013.07.05 12:13:37.915,0.78304,0.78325,1.69,1.50
2013.07.05 12:13:38.460,0.78304,0.78324,1.69,1.50
2013.07.05 12:13:39.685,0.78303,0.78323,3.94,1.65
2013.07.05 12:13:40.333,0.78303,0.78322,3.94,1.50
2013.07.05 12:13:41.555,0.78303,0.78322,2.44,1.50
2013.07.05 12:13:42.274,0.78303,0.78321,2.44,1.50
2013.07.05 12:13:42.396,0.78303,0.78322,3.94,1.50
2013.07.05 12:13:46.275,0.78304,0.78323,1.69,1.50
2013.07.05 12:13:46.848,0.78304,0.78324,1.69,1.69
2013.07.05 12:13:52.449,0.78304,0.78326,1.69,3.04
2013.07.05 12:13:55.977,0.78304,0.78324,1.69,1.69
2013.07.05 12:13:56.645,0.78308,0.78329,2.44,1.88
2013.07.05 12:13:56.717,0.7831,0.78331,1.50,1.32
2013.07.05 12:13:57.235,0.78313,0.78332,2.25,1.69
2013.07.05 12:13:59.986,0.78314,0.78332,1.50,1.69
2013.07.05 12:14:00.106,0.78315,0.78334,1.50,1.32
2013.07.05 12:14:00.228,0.78316,0.78339,3.57,3.42
2013.07.05 12:14:00.465,0.7832,0.78339,1.50,1.13
2013.07.05 12:14:00.947,0.7832,0.78342,1.69,1.69
2013.07.05 12:14:04.147,0.78326,0.78344,2.33,2.07
2013.07.05 12:14:04.269,0.78329,0.78349,2.10,1.13
2013.07.05 12:14:04.460,0.78332,0.78354,1.50,2.44
2013.07.05 12:14:04.767,0.78336,0.78352,1.50,1.50
2013.07.05 12:14:04.887,0.78334,0.78352,1.69,1.50
2013.07.05 12:14:05.146,0.78333,0.78351,1.69,1.50
2013.07.05 12:14:05.267,0.7833,0.78351,1.50,3.19
2013.07.05 12:14:05.387,0.78328,0.78348,1.54,1.50
2013.07.05 12:14:05.746,0.78326,0.78344,1.13,1.50
2013.07.05 12:14:06.108,0.78323,0.78344,3.19,1.50
2013.07.05 12:14:16.789,0.78323,0.78344,3.19,2.25
2013.07.05 12:14:17.336,0.78323,0.78343,3.19,1.50
2013.07.05 12:14:18.146,0.78323,0.78344,3.19,2.44
2013.07.05 12:14:18.894,0.78323,0.78343,3.19,1.50
2013.07.05 12:14:21.298,0.78323,0.78344,3.19,2.63
2013.07.05 12:14:22.590,0.78323,0.78343,3.19,1.50
2013.07.05 12:14:22.655,0.78323,0.78343,1.69,1.50
2013.07.05 12:14:22.837,0.78323,0.78343,1.69,1.58
2013.07.05 12:14:23.198,0.78321,0.78337,1.32,1.50
2013.07.05 12:14:23.315,0.78321,0.78336,1.13,1.50
2013.07.05 12:14:23.496,0.7832,0.78339,1.13,1.69
2013.07.05 12:14:24.396,0.78324,0.78342,1.13,2.44
2013.07.05 12:14:24.755,0.78326,0.78346,3.23,1.69
2013.07.05 12:14:25.065,0.78326,0.78344,1.73,1.50
2013.07.05 12:14:25.367,0.78321,0.78343,2.82,1.50
2013.07.05 12:14:27.358,0.78321,0.78342,2.82,1.02
2013.07.05 12:14:27.419,0.78321,0.78342,1.32,2.37
2013.07.05 12:14:27.786,0.78319,0.78337,1.32,1.50
2013.07.05 12:14:30.887,0.78316,0.78337,2.82,1.50
2013.07.05 12:14:32.795,0.78316,0.78337,2.07,1.69
2013.07.05 12:14:32.916,0.7832,0.78339,1.50,2.44
2013.07.05 12:14:33.275,0.78321,0.78342,1.32,2.44
2013.07.05 12:14:34.965,0.78321,0.78341,1.32,1.69
2013.07.05 12:14:35.565,0.78322,0.78342,1.02,2.44
2013.07.05 12:14:35.928,0.78329,0.78349,1.50,1.69
2013.07.05 12:14:36.057,0.78329,0.78351,3.38,1.69
2013.07.05 12:14:36.118,0.78332,0.78351,1.35,1.69
2013.07.05 12:14:36.476,0.78336,0.78354,2.25,2.25
2013.07.05 12:14:36.835,0.78333,0.78351,2.25,1.50
2013.07.05 12:14:36.956,0.78328,0.78349,1.54,1.50
2013.07.05 12:14:37.196,0.78328,0.78351,3.04,2.25
2013.07.05 12:14:38.345,0.78328,0.78349,3.04,1.50
2013.07.05 12:14:38.886,0.78328,0.78348,1.54,1.50
2013.07.05 12:14:39.187,0.78328,0.78347,1.54,2.25
2013.07.05 12:14:39.366,0.78326,0.78346,1.32,1.50
2013.07.05 12:14:39.845,0.78323,0.78344,2.29,3.19
2013.07.05 12:14:41.046,0.78324,0.78343,1.32,1.50
2013.07.05 12:14:46.024,0.78323,0.78343,1.92,1.69
2013.07.05 12:14:48.779,0.78323,0.78342,1.54,1.69
2013.07.05 12:14:49.087,0.78318,0.78337,3.42,1.50
2013.07.05 12:14:49.268,0.78318,0.78336,2.29,1.50
2013.07.05 12:14:49.456,0.78318,0.78336,1.54,2.25
2013.07.05 12:14:50.786,0.78316,0.78334,2.07,1.50
2013.07.05 12:14:50.907,0.78315,0.78332,1.69,1.13
2013.07.05 12:14:50.966,0.78314,0.78329,1.69,1.50
2013.07.05 12:14:51.086,0.78311,0.78329,1.69,3.15
2013.07.05 12:14:51.145,0.7831,0.78328,1.50,1.65
2013.07.05 12:14:51.206,0.78306,0.78327,1.92,1.65
2013.07.05 12:14:51.746,0.78302,0.78323,1.32,1.65
2013.07.05 12:14:52.455,0.78298,0.78321,2.52,2.25
2013.07.05 12:14:52.996,0.78298,0.78319,1.02,1.50
2013.07.05 12:15:01.236,0.78301,0.78319,1.13,2.25
2013.07.05 12:15:01.780,0.78301,0.78319,1.13,1.50
2013.07.05 12:15:05.738,0.78299,0.78321,1.32,2.44
2013.07.05 12:15:07.007,0.78301,0.78321,1.50,2.44
2013.07.05 12:15:07.126,0.78301,0.78321,3.75,1.69
2013.07.05 12:15:07.675,0.78303,0.78321,1.50,1.50
2013.07.05 12:15:12.047,0.78301,0.78321,2.44,1.50
2013.07.05 12:15:12.756,0.78302,0.78321,1.69,1.50
2013.07.05 12:15:12.906,0.78303,0.78321,1.50,1.50
2013.07.05 12:15:13.622,0.78303,0.78321,1.69,1.50
2013.07.05 12:15:18.056,0.78301,0.78321,2.44,1.50
2013.07.05 12:15:25.558,0.783,0.78321,1.69,1.69
2013.07.05 12:15:33.086,0.78301,0.78321,2.44,1.50
2013.07.05 12:15:34.307,0.78301,0.78319,2.44,1.50
2013.07.05 12:15:34.488,0.78296,0.78318,2.82,1.50
2013.07.05 12:15:34.677,0.78293,0.78311,1.32,1.50
2013.07.05 12:15:34.866,0.78291,0.78311,1.69,1.50
2013.07.05 12:15:34.988,0.78291,0.78311,1.32,2.63
2013.07.05 12:15:35.654,0.78291,0.78308,1.13,1.69
2013.07.05 12:15:35.728,0.78281,0.78302,1.32,1.50
2013.07.05 12:15:35.816,0.7828,0.78299,3.04,2.25
2013.07.05 12:15:35.936,0.7828,0.78299,1.32,2.25
2013.07.05 12:15:36.176,0.78281,0.78299,1.13,2.44
2013.07.05 12:15:36.236,0.78282,0.78304,1.69,1.69
2013.07.05 12:15:36.355,0.78285,0.78304,1.02,1.69
2013.07.05 12:15:36.536,0.78289,0.7831,2.25,1.69
2013.07.05 12:15:36.657,0.78296,0.78311,2.63,1.54
2013.07.05 12:15:36.836,0.783,0.78316,1.50,1.13
2013.07.05 12:15:37.015,0.78301,0.78321,1.50,1.50
2013.07.05 12:15:37.196,0.78302,0.78324,1.50,1.54
2013.07.05 12:15:37.791,0.78302,0.78325,1.50,1.69
2013.07.05 12:15:39.038,0.78301,0.78321,3.00,1.50
2013.07.05 12:15:39.218,0.78298,0.78318,1.69,1.50
2013.07.05 12:15:39.345,0.78297,0.78318,2.25,3.27
2013.07.05 12:15:39.407,0.78296,0.78314,2.29,2.25
2013.07.05 12:15:39.586,0.78292,0.78311,2.29,1.50
2013.07.05 12:15:40.126,0.78291,0.78311,1.32,1.50
2013.07.05 12:15:40.676,0.78293,0.78311,2.44,1.50
2013.07.05 12:15:51.159,0.78296,0.78316,2.85,2.07
2013.07.05 12:15:51.227,0.78296,0.78316,3.04,1.88
2013.07.05 12:15:51.347,0.78296,0.78319,3.19,2.44
2013.07.05 12:15:51.407,0.78301,0.78321,2.25,1.32
2013.07.05 12:15:51.468,0.78301,0.78322,2.25,1.32
2013.07.05 12:15:51.766,0.78303,0.78326,3.00,1.69
2013.07.05 12:15:52.366,0.78303,0.78325,2.25,1.69
2013.07.05 12:15:53.197,0.78302,0.78321,1.69,1.50
2013.07.05 12:15:54.621,0.78304,0.78325,2.25,1.69
2013.07.05 12:15:54.691,0.78304,0.78327,2.44,2.44
2013.07.05 12:15:54.939,0.78309,0.7833,1.50,1.92
2013.07.05 12:15:55.246,0.78309,0.7833,2.44,1.92
2013.07.05 12:15:57.305,0.78307,0.78327,1.69,1.50
2013.07.05 12:15:57.933,0.78305,0.78327,1.69,2.25
2013.07.05 12:15:59.478,0.78305,0.78324,1.69,1.50
2013.07.05 12:15:59.546,0.78303,0.78324,2.44,1.50
2013.07.05 12:15:59.665,0.78303,0.78324,2.44,1.50
2013.07.05 12:15:59.786,0.78301,0.78322,1.32,1.50
2013.07.05 12:15:59.907,0.783,0.78321,1.69,2.25
2013.07.05 12:16:00.087,0.78299,0.78319,1.32,1.50
2013.07.05 12:16:00.645,0.78299,0.78319,1.32,2.25
2013.07.05 12:16:01.146,0.78298,0.78319,1.54,1.50
2013.07.05 12:16:02.058,0.78298,0.78319,1.54,2.44
2013.07.05 12:16:02.125,0.78298,0.78318,1.54,1.69
2013.07.05 12:16:02.426,0.78293,0.78313,1.69,1.50
2013.07.05 12:16:02.486,0.78292,0.78313,2.29,1.50
2013.07.05 12:16:03.316,0.78288,0.78311,2.44,2.25
2013.07.05 12:16:04.786,0.78291,0.78311,1.69,2.25
2013.07.05 12:16:05.376,0.78292,0.78314,1.69,2.07
2013.07.05 12:16:05.615,0.78293,0.78314,2.07,1.50
2013.07.05 12:16:06.403,0.78296,0.78314,2.25,1.50
2013.07.05 12:16:07.137,0.78297,0.78317,1.50,1.69
2013.07.05 12:16:07.198,0.78297,0.78318,1.50,1.32
2013.07.05 12:16:07.496,0.78294,0.78316,2.44,1.50
2013.07.05 12:16:07.916,0.78296,0.78314,1.69,1.50
2013.07.05 12:16:08.465,0.78293,0.78314,1.32,2.25
2013.07.05 12:16:09.615,0.78293,0.78314,1.32,2.25
2013.07.05 12:16:10.155,0.78296,0.78314,2.44,1.50
2013.07.05 12:16:11.355,0.78297,0.78314,1.50,1.50
2013.07.05 12:16:11.416,0.78298,0.78319,1.50,1.69
2013.07.05 12:16:11.657,0.78297,0.78321,1.69,3.04
2013.07.05 12:16:12.197,0.78301,0.78321,2.25,1.50
2013.07.05 12:16:12.763,0.783,0.78321,1.69,1.50
2013.07.05 12:16:13.526,0.78299,0.78319,1.54,1.50
2013.07.05 12:16:13.647,0.78296,0.78317,1.32,1.50
2013.07.05 12:16:13.947,0.78291,0.78314,2.44,2.25
2013.07.05 12:16:14.827,0.78293,0.78316,2.44,2.44
2013.07.05 12:16:15.186,0.78295,0.78311,1.69,1.50
2013.07.05 12:16:16.545,0.78296,0.78311,1.69,1.50
2013.07.05 12:16:16.665,0.78296,0.78314,2.44,1.88
2013.07.05 12:16:16.967,0.78298,0.7832,1.50,2.44
2013.07.05 12:16:17.086,0.78298,0.7832,1.69,2.44
2013.07.05 12:16:17.146,0.78306,0.78321,2.63,2.29
2013.07.05 12:16:17.266,0.78306,0.78322,2.63,1.50
2013.07.05 12:16:17.386,0.78306,0.78327,1.13,1.69
2013.07.05 12:16:17.575,0.78306,0.78328,1.13,1.69
2013.07.05 12:16:17.638,0.78306,0.78327,1.13,1.69
2013.07.05 12:16:17.696,0.78304,0.78324,1.50,1.50
2013.07.05 12:16:17.936,0.78306,0.78328,2.82,1.69
2013.07.05 12:16:18.298,0.78306,0.78329,3.57,2.25
2013.07.05 12:16:18.822,0.7831,0.7833,1.50,1.69
2013.07.05 12:16:21.196,0.78307,0.7833,2.44,3.19
2013.07.05 12:16:24.095,0.78307,0.78329,2.44,1.32
2013.07.05 12:16:24.596,0.78307,0.78328,2.44,1.88
2013.07.05 12:16:24.847,0.78306,0.78327,2.07,1.50
2013.07.05 12:16:25.086,0.78306,0.78327,1.32,2.25
2013.07.05 12:16:25.446,0.78301,0.7832,2.29,1.50
2013.07.05 12:16:25.926,0.78303,0.78324,1.69,1.13
2013.07.05 12:16:26.367,0.783,0.78322,1.69,1.50
2013.07.05 12:16:26.546,0.783,0.7832,1.69,1.50
2013.07.05 12:16:29.826,0.783,0.7832,1.69,1.77
2013.07.05 12:16:30.006,0.78296,0.78317,1.32,1.50
2013.07.05 12:16:30.126,0.78296,0.78314,1.32,1.50
2013.07.05 12:16:30.665,0.78296,0.78314,1.32,1.50
2013.07.05 12:16:31.087,0.78295,0.78315,1.69,1.50
2013.07.05 12:16:31.147,0.78297,0.78319,2.44,1.32
2013.07.05 12:16:35.107,0.783,0.7832,1.69,1.50
2013.07.05 12:16:35.766,0.78302,0.7832,1.69,1.50
2013.07.05 12:16:36.312,0.78302,0.7832,1.69,1.50
2013.07.05 12:16:37.095,0.78302,0.7832,1.69,1.50
2013.07.05 12:16:37.156,0.78306,0.78326,1.13,3.19
2013.07.05 12:16:37.336,0.78306,0.78328,1.88,1.69
2013.07.05 12:16:37.396,0.78307,0.78329,2.25,2.44
2013.07.05 12:16:37.518,0.78309,0.7833,1.50,2.85
2013.07.05 12:16:38.256,0.78314,0.7833,1.50,1.50
2013.07.05 12:16:38.375,0.78312,0.7833,2.25,1.50
2013.07.05 12:16:38.676,0.78315,0.78333,1.50,1.69
2013.07.05 12:16:38.735,0.78316,0.78335,2.25,1.50
2013.07.05 12:16:38.916,0.78317,0.78335,1.50,1.50
2013.07.05 12:16:39.514,0.7832,0.78339,1.50,1.54
2013.07.05 12:16:40.046,0.78317,0.78336,2.44,1.50
2013.07.05 12:16:40.406,0.78309,0.78333,3.94,2.25
2013.07.05 12:16:40.586,0.78315,0.78333,1.13,1.50
2013.07.05 12:16:40.888,0.78316,0.78338,1.13,3.75
2013.07.05 12:16:40.947,0.78316,0.78338,1.13,1.50
2013.07.05 12:16:41.186,0.78314,0.78337,2.82,3.75
2013.07.05 12:16:41.553,0.78311,0.78334,1.69,1.50
2013.07.05 12:16:41.898,0.78314,0.78335,1.54,1.69
2013.07.05 12:16:42.138,0.78316,0.78337,2.07,1.50
2013.07.05 12:16:42.677,0.78319,0.78339,1.50,1.50
2013.07.05 12:16:43.035,0.78316,0.78337,2.07,1.50
2013.07.05 12:16:43.546,0.78316,0.78337,2.07,2.25
2013.07.05 12:16:46.906,0.78316,0.78336,2.07,1.50
2013.07.05 12:16:47.026,0.78313,0.78336,1.69,2.44
2013.07.05 12:16:47.147,0.78312,0.7833,1.69,1.50
2013.07.05 12:16:47.207,0.78311,0.7833,2.44,1.50
2013.07.05 12:16:47.506,0.78311,0.7833,1.50,1.69
2013.07.05 12:16:50.227,0.78306,0.78327,1.32,1.50
2013.07.05 12:16:50.586,0.78301,0.7832,1.32,2.25
2013.07.05 12:16:51.168,0.78297,0.7832,1.02,2.25
2013.07.05 12:16:51.228,0.78297,0.78319,1.02,1.50
2013.07.05 12:16:51.528,0.78291,0.78313,3.94,1.65
2013.07.05 12:16:52.604,0.78291,0.78312,2.82,3.60
2013.07.05 12:16:52.680,0.78287,0.78306,1.69,1.50
2013.07.05 12:16:52.931,0.78281,0.783,2.44,1.50
2013.07.05 12:16:53.356,0.78284,0.783,1.50,1.50
2013.07.05 12:16:54.146,0.78285,0.783,1.50,1.50
2013.07.05 12:16:54.396,0.78285,0.78306,1.50,1.54
2013.07.05 12:16:55.156,0.78285,0.783,1.50,1.50
2013.07.05 12:16:55.896,0.78284,0.783,1.69,1.50
2013.07.05 12:16:56.076,0.78282,0.783,1.69,1.50
2013.07.05 12:16:56.626,0.78283,0.78301,1.50,1.50
2013.07.05 12:17:07.516,0.78283,0.78301,1.69,1.50
2013.07.05 12:17:10.577,0.78282,0.78301,1.69,1.50
2013.07.05 12:17:11.678,0.78282,0.78301,1.69,1.50
2013.07.05 12:17:12.238,0.78283,0.78301,2.44,1.50
2013.07.05 12:17:21.286,0.78283,0.78301,2.25,1.69
2013.07.05 12:17:22.577,0.78283,0.78301,2.25,1.50
2013.07.05 12:17:23.136,0.78284,0.78301,1.50,1.50
2013.07.05 12:17:26.296,0.78284,0.78301,1.69,1.50
2013.07.05 12:17:28.056,0.78285,0.78303,1.77,1.50
2013.07.05 12:17:28.178,0.78286,0.78306,1.14,2.44
2013.07.05 12:17:28.476,0.78294,0.7831,2.33,1.50
2013.07.05 12:17:28.656,0.78295,0.7831,1.58,1.50
2013.07.05 12:17:29.016,0.78298,0.7831,1.50,1.50
2013.07.05 12:17:29.315,0.78298,0.78318,1.50,2.25
2013.07.05 12:17:29.436,0.78298,0.78319,1.50,1.50
2013.07.05 12:17:30.146,0.78301,0.7832,2.25,1.50
2013.07.05 12:17:33.636,0.78301,0.78321,2.44,2.10
2013.07.05 12:17:33.935,0.78303,0.78321,1.69,1.50
2013.07.05 12:17:34.847,0.78302,0.78321,1.69,1.50
2013.07.05 12:17:35.778,0.78301,0.78321,2.44,1.69
2013.07.05 12:17:39.561,0.783,0.7832,1.69,1.50
2013.07.05 12:17:43.164,0.783,0.7832,1.69,1.50
2013.07.05 12:17:45.927,0.783,0.7832,1.69,1.69
2013.07.05 12:17:52.026,0.78301,0.78321,1.69,1.69
2013.07.05 12:17:52.326,0.78303,0.78321,2.44,1.50
2013.07.05 12:17:52.886,0.78304,0.78323,1.50,1.69
2013.07.05 12:17:52.946,0.78305,0.78324,1.50,1.50
2013.07.05 12:17:53.126,0.78307,0.78327,1.69,1.54
2013.07.05 12:17:53.487,0.78307,0.78327,1.69,1.69
2013.07.05 12:17:53.796,0.78301,0.7832,1.32,1.50
2013.07.05 12:17:54.156,0.78305,0.7832,1.50,1.50
2013.07.05 12:17:56.408,0.78303,0.7832,1.69,1.50
2013.07.05 12:17:57.635,0.78305,0.78324,1.69,1.54
2013.07.05 12:17:57.816,0.78304,0.78324,1.69,2.44
2013.07.05 12:18:01.397,0.783,0.7832,1.50,1.69
2013.07.05 12:18:01.457,0.78299,0.78319,1.50,1.69
2013.07.05 12:18:02.676,0.78297,0.78319,1.99,1.69
2013.07.05 12:18:07.306,0.78301,0.7832,1.69,1.50
2013.07.05 12:18:07.890,0.78302,0.7832,1.69,1.50
2013.07.05 12:18:10.016,0.78301,0.7832,1.50,1.50
2013.07.05 12:18:10.986,0.78297,0.78319,1.54,2.25
2013.07.05 12:18:12.445,0.78296,0.78318,1.32,1.50
2013.07.05 12:18:12.626,0.78294,0.78316,3.19,1.50
2013.07.05 12:18:12.686,0.78294,0.78315,1.69,1.69
2013.07.05 12:18:12.866,0.78291,0.78313,4.32,1.50
2013.07.05 12:18:13.045,0.7829,0.78311,1.69,1.50
2013.07.05 12:18:13.407,0.78289,0.78311,2.44,1.50
2013.07.05 12:18:13.707,0.78295,0.78311,1.50,1.50
2013.07.05 12:18:13.887,0.78296,0.78314,1.58,1.69
2013.07.05 12:18:14.365,0.78298,0.78319,1.50,2.44
2013.07.05 12:18:14.685,0.783,0.78321,1.50,1.69
2013.07.05 12:18:14.985,0.78302,0.78321,1.50,1.50
2013.07.05 12:18:15.225,0.78304,0.78324,1.50,1.69
2013.07.05 12:18:15.406,0.78306,0.78328,2.63,1.32
2013.07.05 12:18:15.586,0.78306,0.78327,1.13,1.32
2013.07.05 12:18:15.825,0.78306,0.78327,2.82,1.69
2013.07.05 12:18:16.366,0.78306,0.78326,2.82,1.69
2013.07.05 12:18:16.427,0.78303,0.78325,1.69,1.50
2013.07.05 12:18:16.608,0.78303,0.78324,1.69,1.50
2013.07.05 12:18:16.967,0.78301,0.78319,2.44,1.50
2013.07.05 12:18:17.936,0.783,0.78319,1.69,2.25
2013.07.05 12:18:18.056,0.783,0.78314,1.69,1.50
2013.07.05 12:18:18.656,0.78301,0.78314,1.32,1.50
2013.07.05 12:18:19.016,0.78307,0.78315,1.09,1.50
2013.07.05 12:18:19.076,0.78307,0.78319,1.84,1.50
2013.07.05 12:18:19.197,0.78308,0.78323,1.50,1.50
2013.07.05 12:18:19.916,0.78311,0.78324,3.38,1.50
2013.07.05 12:18:20.095,0.78311,0.78329,4.32,1.50
2013.07.05 12:18:20.349,0.78314,0.78329,3.94,1.50
2013.07.05 12:18:20.537,0.78316,0.78334,1.39,1.50
2013.07.05 12:18:20.717,0.78319,0.78334,1.35,1.50
2013.07.05 12:18:20.957,0.78316,0.78334,1.69,2.48
2013.07.05 12:18:21.016,0.78313,0.78334,3.94,2.67
2013.07.05 12:18:21.137,0.78313,0.78329,1.69,1.50
2013.07.05 12:18:21.436,0.78312,0.78329,1.69,1.50
2013.07.05 12:18:21.735,0.78307,0.78324,1.02,1.50
2013.07.05 12:18:21.856,0.78306,0.78323,1.88,1.65
2013.07.05 12:18:21.916,0.78304,0.78319,1.50,1.50
2013.07.05 12:18:22.096,0.78299,0.78314,2.44,1.50
2013.07.05 12:18:22.156,0.78297,0.78314,1.69,1.50
2013.07.05 12:18:22.336,0.78296,0.78314,1.69,2.25
2013.07.05 12:18:22.696,0.78296,0.78314,1.32,2.25
2013.07.05 12:18:24.129,0.78295,0.78314,1.54,2.25
2013.07.05 12:18:24.318,0.78293,0.78309,1.69,1.50
2013.07.05 12:18:24.857,0.78291,0.78309,2.07,1.50
2013.07.05 12:18:25.846,0.78293,0.78309,2.44,1.50
2013.07.05 12:18:26.146,0.78293,0.78309,2.44,1.50
2013.07.05 12:18:28.626,0.78295,0.78309,2.29,1.50
2013.07.05 12:18:34.185,0.78297,0.78314,1.77,1.50
2013.07.05 12:18:40.928,0.78303,0.78314,1.50,1.50
2013.07.05 12:18:41.107,0.78303,0.78319,2.25,1.50
2013.07.05 12:18:41.406,0.78307,0.78319,1.50,1.50
2013.07.05 12:18:42.426,0.78307,0.78319,1.50,1.50
2013.07.05 12:18:42.606,0.78308,0.78324,1.50,1.50
2013.07.05 12:18:42.666,0.78308,0.78324,3.00,1.50
2013.07.05 12:18:51.875,0.7831,0.78325,1.69,1.50
2013.07.05 12:18:54.147,0.78308,0.78324,1.54,2.25
2013.07.05 12:18:54.207,0.78306,0.78324,1.69,2.25
2013.07.05 12:18:54.506,0.78303,0.7832,1.69,1.50
2013.07.05 12:19:00.597,0.78307,0.7832,1.43,1.50
2013.07.05 12:19:00.898,0.78311,0.78325,1.88,1.50
2013.07.05 12:19:01.077,0.78311,0.7833,2.63,1.50
2013.07.05 12:19:01.377,0.78313,0.7833,2.25,1.50
2013.07.05 12:19:03.445,0.78313,0.7833,3.79,1.50
2013.07.05 12:19:05.216,0.78314,0.7833,1.69,1.50
2013.07.05 12:19:14.796,0.78313,0.7833,1.69,1.50
2013.07.05 12:19:21.616,0.78313,0.78331,1.50,1.50
2013.07.05 12:19:21.976,0.78311,0.78329,2.07,1.58
2013.07.05 12:19:22.155,0.78311,0.78326,2.07,1.50
2013.07.05 12:19:22.276,0.78311,0.7833,2.07,2.52
2013.07.05 12:19:23.214,0.78311,0.7833,2.07,1.50
2013.07.05 12:19:23.646,0.78311,0.78331,3.57,2.44
2013.07.05 12:19:24.008,0.78316,0.78331,1.43,1.50
2013.07.05 12:19:24.127,0.78316,0.78334,1.99,1.58
2013.07.05 12:19:24.668,0.78318,0.78335,1.69,1.58
2013.07.05 12:19:24.727,0.78318,0.78334,1.69,1.58
2013.07.05 12:19:25.146,0.78313,0.78331,2.44,1.50
2013.07.05 12:19:30.166,0.78313,0.78331,3.94,1.50
2013.07.05 12:19:30.406,0.78313,0.78331,1.69,1.50
2013.07.05 12:19:40.366,0.78313,0.78331,3.19,1.50
2013.07.05 12:19:40.669,0.78319,0.78331,1.50,1.50
2013.07.05 12:19:41.218,0.78319,0.78336,1.50,1.77
2013.07.05 12:19:41.757,0.78321,0.78336,2.25,1.58
2013.07.05 12:19:44.746,0.78321,0.78336,2.44,1.50
2013.07.05 12:19:44.928,0.78323,0.7834,1.50,1.69
2013.07.05 12:19:45.106,0.78324,0.78341,2.25,1.50
2013.07.05 12:19:46.419,0.78325,0.78341,1.50,1.50
2013.07.05 12:19:57.286,0.78326,0.78341,2.25,1.50
2013.07.05 12:19:57.874,0.78326,0.78341,1.50,1.50
2013.07.05 12:19:58.396,0.78326,0.78341,2.25,1.50
2013.07.05 12:19:58.786,0.78327,0.78341,1.50,1.50
2013.07.05 12:19:59.037,0.78328,0.78345,1.50,1.69
2013.07.05 12:19:59.097,0.78329,0.78346,1.50,2.44
2013.07.05 12:19:59.218,0.7833,0.78346,1.50,2.44
2013.07.05 12:19:59.586,0.7833,0.78346,1.50,2.25
2013.07.05 12:19:59.765,0.78329,0.78346,1.88,2.25
2013.07.05 12:20:00.307,0.78329,0.78346,2.63,2.25
2013.07.05 12:20:00.738,0.78336,0.78346,1.65,2.25
2013.07.05 12:20:01.219,0.78337,0.78354,2.03,1.13
2013.07.05 12:20:01.289,0.7834,0.78355,1.50,1.13
2013.07.05 12:20:01.598,0.78341,0.78357,3.19,1.13
2013.07.05 12:20:01.658,0.78341,0.7836,1.69,1.50
2013.07.05 12:20:01.787,0.7834,0.78357,1.69,1.35
2013.07.05 12:20:02.428,0.78345,0.78361,1.50,1.50
2013.07.05 12:20:14.364,0.78343,0.78361,2.44,1.50
2013.07.05 12:20:15.656,0.78343,0.78361,1.69,1.50
2013.07.05 12:20:17.957,0.78343,0.78361,1.69,1.50
2013.07.05 12:20:21.417,0.78343,0.78361,1.69,1.58
2013.07.05 12:20:21.777,0.78339,0.78355,3.38,2.10
2013.07.05 12:20:22.076,0.78339,0.78355,1.13,2.85
2013.07.05 12:20:22.585,0.78337,0.78355,1.32,2.10
2013.07.05 12:20:23.129,0.78339,0.78356,1.32,2.25
2013.07.05 12:20:23.197,0.78341,0.78356,1.88,1.50
2013.07.05 12:20:23.318,0.78341,0.78359,1.88,1.69
2013.07.05 12:20:23.855,0.78341,0.7836,1.88,3.04
2013.07.05 12:20:29.950,0.78341,0.7836,1.88,1.50
2013.07.05 12:20:36.668,0.78341,0.7836,1.88,2.44
2013.07.05 12:20:40.729,0.78341,0.78359,1.88,1.69
2013.07.05 12:20:43.048,0.78341,0.7836,1.88,3.19
2013.07.05 12:20:43.409,0.78336,0.78354,3.23,1.50
2013.07.05 12:20:43.481,0.78336,0.78354,1.50,1.50
2013.07.05 12:20:44.482,0.78337,0.78354,1.50,1.69
2013.07.05 12:20:44.560,0.78329,0.78345,2.25,1.50
2013.07.05 12:20:44.687,0.78325,0.78341,1.88,1.50
2013.07.05 12:20:44.868,0.78326,0.78341,3.00,1.50
2013.07.05 12:20:45.108,0.78326,0.78345,2.63,1.50
2013.07.05 12:20:45.179,0.78326,0.78345,1.13,1.50
2013.07.05 12:20:46.228,0.78326,0.78345,1.13,1.69
2013.07.05 12:20:49.387,0.78326,0.78346,1.13,2.44
2013.07.05 12:20:51.148,0.78326,0.78345,1.13,1.69
2013.07.05 12:20:51.666,0.78326,0.78345,1.13,1.69
2013.07.05 12:20:56.086,0.78326,0.78346,2.63,2.44
2013.07.05 12:20:56.269,0.78331,0.78348,1.13,1.50
2013.07.05 12:20:56.902,0.78331,0.7835,1.88,1.69
2013.07.05 12:20:58.338,0.78331,0.7835,1.13,2.44
2013.07.05 12:20:58.409,0.78328,0.78346,2.25,1.50
2013.07.05 12:20:58.477,0.78328,0.78346,1.88,3.00
2013.07.05 12:20:58.597,0.78328,0.78346,3.38,2.25
2013.07.05 12:20:58.778,0.78331,0.78349,2.48,1.69
2013.07.05 12:20:59.501,0.78331,0.7835,2.48,3.19
2013.07.05 12:21:00.226,0.78331,0.7835,2.48,3.19
2013.07.05 12:21:00.758,0.78331,0.7835,3.23,3.19
2013.07.05 12:21:01.717,0.78331,0.78351,3.23,2.44
2013.07.05 12:21:08.636,0.78334,0.78351,1.58,1.69
2013.07.05 12:21:08.996,0.78338,0.78355,2.25,1.69
2013.07.05 12:21:09.177,0.78339,0.78356,1.50,1.69
2013.07.05 12:21:09.967,0.78343,0.78356,1.50,1.50
2013.07.05 12:21:14.596,0.78344,0.78356,1.50,1.50
2013.07.05 12:21:14.656,0.78346,0.78356,1.88,1.50
2013.07.05 12:21:14.778,0.78346,0.78365,1.88,1.69
2013.07.05 12:21:14.836,0.78346,0.78366,1.88,1.69
2013.07.05 12:21:14.897,0.78346,0.78364,1.88,1.50
2013.07.05 12:21:15.137,0.78343,0.78361,1.13,2.25
2013.07.05 12:21:15.197,0.78343,0.7836,1.13,1.50
2013.07.05 12:21:15.498,0.78345,0.78361,1.50,1.50
2013.07.05 12:21:40.348,0.78346,0.78361,1.50,1.50
2013.07.05 12:21:40.418,0.78347,0.78361,1.88,1.50
2013.07.05 12:21:40.539,0.78346,0.78366,2.25,1.69
2013.07.05 12:21:41.206,0.78346,0.78366,1.50,3.19
2013.07.05 12:21:41.387,0.78344,0.78364,1.50,1.69
2013.07.05 12:21:41.746,0.78345,0.78356,1.50,1.50
2013.07.05 12:21:42.403,0.78344,0.78356,1.50,1.50
2013.07.05 12:21:43.167,0.78345,0.78356,1.50,1.50
2013.07.05 12:21:43.228,0.78344,0.78361,1.50,1.50
2013.07.05 12:21:44.687,0.78343,0.78361,3.00,1.50
2013.07.05 12:21:45.476,0.78344,0.78361,1.50,1.50
2013.07.05 12:21:45.656,0.78339,0.7836,1.50,1.69
2013.07.05 12:21:46.196,0.78343,0.78356,1.13,1.50
2013.07.05 12:22:01.827,0.78338,0.78355,3.00,1.50
2013.07.05 12:22:02.189,0.78337,0.78351,1.50,1.50
2013.07.05 12:22:02.262,0.78336,0.78351,1.50,1.50
2013.07.05 12:22:02.626,0.78333,0.78351,1.50,1.50
2013.07.05 12:22:03.166,0.78331,0.7835,2.63,1.50
2013.07.05 12:22:03.705,0.78333,0.78351,1.50,2.25
2013.07.05 12:22:10.506,0.78333,0.78351,1.50,3.19
2013.07.05 12:22:10.685,0.78333,0.78351,1.50,2.44
2013.07.05 12:22:11.866,0.78333,0.78351,1.50,1.69
2013.07.05 12:22:19.976,0.78333,0.78351,1.50,1.69
2013.07.05 12:22:20.096,0.78333,0.78351,1.50,1.69
2013.07.05 12:22:21.597,0.78333,0.78351,1.50,2.44
2013.07.05 12:22:24.687,0.78331,0.7835,1.13,1.88
2013.07.05 12:22:24.759,0.78331,0.78349,1.13,1.58
2013.07.05 12:22:25.068,0.78328,0.78344,1.50,1.50
2013.07.05 12:22:25.366,0.78317,0.78335,3.00,1.88
2013.07.05 12:22:25.426,0.78317,0.78335,2.25,1.73
2013.07.05 12:22:25.606,0.78317,0.78335,1.50,2.67
2013.07.05 12:22:25.907,0.78306,0.78326,1.13,3.00
2013.07.05 12:22:26.089,0.78306,0.78325,1.13,2.44
2013.07.05 12:22:30.947,0.78306,0.78325,1.20,1.69
2013.07.05 12:22:31.306,0.78312,0.78326,1.50,1.50
2013.07.05 12:22:32.276,0.78313,0.78326,1.50,1.50
2013.07.05 12:22:32.516,0.78315,0.78331,2.33,1.50
2013.07.05 12:22:33.177,0.78315,0.78331,1.58,1.50
2013.07.05 12:22:38.157,0.78316,0.78331,1.35,1.50
2013.07.05 12:22:39.546,0.78317,0.78331,1.35,1.50
2013.07.05 12:22:41.906,0.78316,0.78334,2.85,1.69
2013.07.05 12:22:41.966,0.78316,0.78335,3.23,1.69
2013.07.05 12:22:42.477,0.78316,0.78336,3.23,1.50
2013.07.05 12:22:55.005,0.78316,0.78336,3.23,1.69
2013.07.05 12:22:55.087,0.78315,0.78331,3.08,1.50
2013.07.05 12:22:55.458,0.78315,0.78331,2.33,1.50
2013.07.05 12:22:57.136,0.78315,0.78331,1.95,1.50
2013.07.05 12:22:57.497,0.78321,0.78331,1.50,1.50
2013.07.05 12:22:57.738,0.78321,0.78339,3.38,1.69
2013.07.05 12:22:57.797,0.78321,0.78341,3.38,3.19
2013.07.05 12:22:58.726,0.78326,0.78341,1.58,1.50
2013.07.05 12:22:59.288,0.78326,0.78341,1.58,1.50
2013.07.05 12:23:02.158,0.78326,0.78341,2.70,1.50
2013.07.05 12:23:02.637,0.78319,0.7834,1.35,3.00
2013.07.05 12:23:02.697,0.78318,0.78336,1.13,1.50
2013.07.05 12:23:02.877,0.78318,0.78336,1.13,1.69
2013.07.05 12:23:03.117,0.78316,0.78335,2.85,2.25
2013.07.05 12:23:03.177,0.78316,0.78333,1.88,1.50
2013.07.05 12:23:03.298,0.78312,0.78331,1.50,1.50
2013.07.05 12:23:03.417,0.78312,0.78331,1.50,2.25
2013.07.05 12:23:03.656,0.7831,0.7833,1.35,2.44
2013.07.05 12:23:03.716,0.78309,0.78329,1.50,1.69
2013.07.05 12:23:04.078,0.78308,0.78326,1.13,1.50
2013.07.05 12:23:15.850,0.78308,0.78326,2.25,1.69
2013.07.05 12:23:29.824,0.78313,0.78331,1.13,2.44
2013.07.05 12:23:30.327,0.78316,0.78331,1.50,1.69
2013.07.05 12:23:30.448,0.78319,0.78333,1.50,1.69
2013.07.05 12:23:30.567,0.78321,0.78335,1.13,1.69
2013.07.05 12:23:30.631,0.78321,0.78335,3.38,1.69
2013.07.05 12:23:30.758,0.78321,0.7834,4.58,1.69
2013.07.05 12:23:30.878,0.78327,0.7834,2.25,1.69
2013.07.05 12:23:30.938,0.78328,0.78344,1.50,1.69
2013.07.05 12:23:30.998,0.7833,0.78346,1.13,3.00
2013.07.05 12:23:31.177,0.78331,0.78346,3.38,2.25
2013.07.05 12:23:31.296,0.78331,0.7835,4.13,1.69
2013.07.05 12:23:31.357,0.78331,0.7835,1.88,2.25
2013.07.05 12:23:31.416,0.78331,0.7835,1.88,2.25
2013.07.05 12:23:31.717,0.7833,0.78346,2.63,1.50
2013.07.05 12:23:32.196,0.78331,0.78346,1.50,1.50
2013.07.05 12:23:37.389,0.78331,0.78346,1.50,1.50
2013.07.05 12:24:09.528,0.78332,0.78346,1.50,1.50
2013.07.05 12:24:10.098,0.78333,0.78346,1.50,1.50
2013.07.05 12:24:14.363,0.78333,0.78346,1.50,1.50
2013.07.05 12:24:19.059,0.78333,0.78346,2.25,1.50
2013.07.05 12:24:27.787,0.78332,0.78346,1.50,1.50
2013.07.05 12:24:31.546,0.78332,0.78346,1.50,1.50
2013.07.05 12:24:36.846,0.78332,0.78345,1.50,1.50
2013.07.05 12:24:36.966,0.78328,0.78345,2.44,1.50
2013.07.05 12:24:37.026,0.78328,0.78344,2.25,1.50
2013.07.05 12:24:37.547,0.78325,0.78341,1.69,1.50
2013.07.05 12:24:43.728,0.78323,0.78341,1.69,1.50
2013.07.05 12:24:46.209,0.78323,0.7834,1.69,1.50
2013.07.05 12:24:46.447,0.78321,0.78339,2.63,3.15
2013.07.05 12:24:46.627,0.78321,0.78337,1.88,1.50
2013.07.05 12:24:47.108,0.78325,0.78336,1.13,1.50
2013.07.05 12:24:47.467,0.78339,0.78356,1.50,1.69
2013.07.05 12:24:47.647,0.78343,0.78356,1.50,1.50
2013.07.05 12:24:47.770,0.78343,0.78361,1.50,1.88
2013.07.05 12:24:47.836,0.78346,0.78361,1.50,1.88
2013.07.05 12:24:48.317,0.78349,0.78361,1.50,1.50
2013.07.05 12:24:48.498,0.7835,0.78366,1.50,1.50
2013.07.05 12:24:49.197,0.78349,0.78366,1.50,1.50
2013.07.05 12:24:49.738,0.78349,0.78366,1.69,1.50
2013.07.05 12:24:50.267,0.78348,0.78366,1.69,2.25
2013.07.05 12:24:50.648,0.78346,0.78364,2.07,1.50
2013.07.05 12:24:50.766,0.78346,0.78364,1.69,2.25
2013.07.05 12:24:51.007,0.78346,0.78363,1.13,1.50
2013.07.05 12:24:51.127,0.78346,0.78365,1.13,1.50
2013.07.05 12:24:51.187,0.78346,0.78365,1.13,1.50
2013.07.05 12:24:51.377,0.78343,0.78365,2.44,2.25
2013.07.05 12:24:51.877,0.78341,0.78359,2.82,2.25
2013.07.05 12:24:52.477,0.78341,0.78358,2.07,2.25
2013.07.05 12:24:52.837,0.78341,0.78356,1.88,1.50
2013.07.05 12:24:57.526,0.78341,0.78356,1.13,1.50
2013.07.05 12:24:58.102,0.78341,0.78357,1.13,2.25
2013.07.05 12:24:58.228,0.78338,0.78356,1.69,2.25
2013.07.05 12:24:58.587,0.78338,0.78354,1.50,1.73
2013.07.05 12:24:58.826,0.78329,0.78345,2.25,1.50
2013.07.05 12:24:58.887,0.78328,0.78345,1.13,2.25
2013.07.05 12:24:58.947,0.78327,0.78345,1.50,3.00
2013.07.05 12:24:59.187,0.78328,0.78343,1.13,1.50
2013.07.05 12:24:59.427,0.78323,0.78342,1.69,3.00
2013.07.05 12:24:59.547,0.7832,0.78342,1.32,3.00
2013.07.05 12:24:59.607,0.78319,0.7834,3.19,1.50
2013.07.05 12:25:02.069,0.78319,0.7834,3.04,1.50
2013.07.05 12:25:02.138,0.78321,0.7834,1.35,1.50
2013.07.05 12:25:02.378,0.78324,0.7834,1.13,1.50
2013.07.05 12:25:03.397,0.78326,0.78342,1.13,1.50
2013.07.05 12:25:03.648,0.78321,0.78341,2.44,1.50
2013.07.05 12:25:03.708,0.78321,0.78343,3.19,1.50
2013.07.05 12:25:03.889,0.78321,0.7834,1.32,1.50
2013.07.05 12:25:04.250,0.78319,0.78336,2.44,1.50
2013.07.05 12:25:04.317,0.78319,0.78335,1.50,1.50
2013.07.05 12:25:05.987,0.78319,0.78335,1.50,1.50
2013.07.05 12:25:09.486,0.78317,0.78335,1.50,1.50
2013.07.05 12:25:09.562,0.78316,0.78335,1.50,1.50
2013.07.05 12:25:09.627,0.78316,0.78336,2.25,2.25
2013.07.05 12:25:09.987,0.78318,0.78336,2.63,2.25
2013.07.05 12:25:10.878,0.78318,0.78336,1.32,2.25
2013.07.05 12:25:11.419,0.78317,0.78336,3.94,2.25
2013.07.05 12:25:12.316,0.78319,0.78336,1.50,2.25
2013.07.05 12:25:12.496,0.78321,0.7834,1.88,2.25
2013.07.05 12:25:13.250,0.78321,0.7834,2.63,1.50
2013.07.05 12:25:13.797,0.78322,0.7834,1.13,1.50
2013.07.05 12:25:14.336,0.78323,0.78341,1.50,2.25
2013.07.05 12:25:20.646,0.78323,0.78341,1.88,2.25
2013.07.05 12:25:22.947,0.78327,0.78341,1.13,2.25
2013.07.05 12:25:23.248,0.78334,0.78344,1.73,2.25
2013.07.05 12:25:23.308,0.78334,0.78344,1.73,1.50
2013.07.05 12:25:24.246,0.78334,0.78346,2.55,3.00
2013.07.05 12:25:25.776,0.78334,0.7835,2.55,2.25
2013.07.05 12:25:26.456,0.78335,0.7835,1.35,2.25
2013.07.05 12:25:26.968,0.78334,0.7835,2.55,2.25
2013.07.05 12:25:27.027,0.78337,0.7835,1.50,2.25
2013.07.05 12:25:27.567,0.7834,0.78351,2.25,1.50
2013.07.05 12:25:27.926,0.7834,0.78355,2.25,3.00
2013.07.05 12:25:28.586,0.7834,0.78355,1.50,1.50
2013.07.05 12:25:28.708,0.78338,0.78355,1.50,1.50
2013.07.05 12:25:29.006,0.78338,0.78351,1.50,1.50
2013.07.05 12:25:29.249,0.78335,0.7835,2.37,1.50
2013.07.05 12:25:29.437,0.78335,0.7835,2.18,1.50
2013.07.05 12:25:29.918,0.78335,0.7835,1.43,1.50
2013.07.05 12:25:31.558,0.78335,0.7835,1.43,1.50
2013.07.05 12:25:31.826,0.78335,0.7835,1.43,1.50
2013.07.05 12:25:32.367,0.78335,0.7835,1.43,1.50
2013.07.05 12:25:37.757,0.78335,0.7835,1.05,1.50
2013.07.05 12:25:37.820,0.78335,0.7835,1.80,1.50
2013.07.05 12:25:38.126,0.78339,0.78355,3.00,1.50
2013.07.05 12:25:41.625,0.78339,0.78355,2.63,1.50
2013.07.05 12:25:42.632,0.7834,0.78355,1.13,1.50
2013.07.05 12:25:43.956,0.7834,0.78355,1.13,1.50
2013.07.05 12:25:44.928,0.78339,0.78355,1.50,1.50
2013.07.05 12:25:48.395,0.78337,0.78354,1.32,1.50
2013.07.05 12:25:48.611,0.78333,0.7835,1.88,1.50
2013.07.05 12:25:48.857,0.78333,0.78349,1.13,1.50
2013.07.05 12:25:49.362,0.7833,0.78346,1.50,2.25
2013.07.05 12:25:51.519,0.78328,0.78346,3.19,2.25
2013.07.05 12:26:03.348,0.78328,0.78346,3.19,2.25
2013.07.05 12:26:03.906,0.78329,0.78345,1.13,1.35
2013.07.05 12:26:03.967,0.78329,0.7834,1.13,1.50
2013.07.05 12:26:04.506,0.78328,0.78341,1.50,2.25
2013.07.05 12:26:04.746,0.78325,0.78341,1.17,2.25
2013.07.05 12:26:05.207,0.78324,0.7834,2.48,2.25
2013.07.05 12:26:05.630,0.78321,0.78339,1.35,1.50
2013.07.05 12:26:07.098,0.78321,0.7834,1.43,1.50
2013.07.05 12:26:07.396,0.78321,0.78339,1.24,1.50
2013.07.05 12:26:09.168,0.7832,0.78338,1.99,2.25
2013.07.05 12:26:09.528,0.78318,0.78336,1.50,3.19
2013.07.05 12:26:09.947,0.78318,0.78334,1.50,1.50
2013.07.05 12:26:10.008,0.78313,0.78334,2.25,1.50
2013.07.05 12:26:11.757,0.78314,0.78334,2.25,1.50
2013.07.05 12:26:13.671,0.78314,0.78335,2.44,1.50
2013.07.05 12:26:17.187,0.78316,0.78335,2.25,1.50
2013.07.05 12:26:18.687,0.7832,0.78336,1.50,1.50
2013.07.05 12:26:18.988,0.78321,0.78339,2.25,1.50
2013.07.05 12:26:19.407,0.78321,0.7834,2.25,1.50
2013.07.05 12:26:20.107,0.78323,0.7834,1.13,2.25
2013.07.05 12:26:20.647,0.78326,0.78341,1.58,1.50
2013.07.05 12:26:22.797,0.78326,0.78341,2.14,1.50
2013.07.05 12:26:23.369,0.78327,0.78341,1.69,1.50
2013.07.05 12:26:24.868,0.78327,0.78341,2.07,1.50
2013.07.05 12:26:27.327,0.78327,0.78341,1.69,1.50
2013.07.05 12:26:30.309,0.78326,0.78341,2.44,1.50
2013.07.05 12:26:35.147,0.78326,0.78341,1.69,1.50
2013.07.05 12:26:35.687,0.78326,0.78341,1.69,2.25
2013.07.05 12:26:36.227,0.78326,0.78341,1.69,2.25
2013.07.05 12:26:36.638,0.78326,0.7834,1.69,1.50
2013.07.05 12:26:36.876,0.7832,0.78336,2.44,1.50
2013.07.05 12:26:49.666,0.78324,0.78336,2.07,1.50
2013.07.05 12:26:50.617,0.78324,0.78336,2.07,1.50
2013.07.05 12:26:51.717,0.78326,0.78336,1.69,1.50
2013.07.05 12:26:51.838,0.78326,0.7834,1.69,1.50
2013.07.05 12:26:52.857,0.78325,0.78341,1.69,1.50
2013.07.05 12:26:59.077,0.78323,0.7834,1.50,1.50
2013.07.05 12:26:59.137,0.78322,0.78338,1.69,1.88
2013.07.05 12:26:59.377,0.78318,0.78334,1.50,1.13
2013.07.05 12:26:59.436,0.78317,0.78333,1.50,1.13
2013.07.05 12:26:59.497,0.78316,0.7833,1.50,1.35
2013.07.05 12:26:59.856,0.78318,0.78336,2.44,1.50
2013.07.05 12:26:59.917,0.7832,0.78337,3.00,1.50
2013.07.05 12:26:59.977,0.7832,0.78343,3.00,2.67
2013.07.05 12:27:09.747,0.78324,0.78343,1.69,1.73
2013.07.05 12:27:18.497,0.78319,0.78341,1.32,1.35
2013.07.05 12:27:18.616,0.78319,0.7834,1.13,1.50
2013.07.05 12:27:23.133,0.78314,0.78335,1.13,1.50
2013.07.05 12:27:23.201,0.78313,0.78332,1.13,1.50
2013.07.05 12:27:23.568,0.78311,0.78332,1.13,1.69
2013.07.05 12:27:23.948,0.78306,0.78332,2.44,1.69
2013.07.05 12:27:25.358,0.78302,0.78329,1.32,2.25
2013.07.05 12:27:25.719,0.78303,0.78328,2.44,1.50
2013.07.05 12:27:27.407,0.78303,0.78328,2.25,1.69
2013.07.05 12:27:27.914,0.78303,0.78328,2.44,1.69
2013.07.05 12:27:30.949,0.78301,0.78328,2.44,1.69
2013.07.05 12:27:32.034,0.78296,0.78324,3.94,2.25
2013.07.05 12:27:32.790,0.78302,0.78326,2.25,1.69
2013.07.05 12:27:32.858,0.78302,0.78328,2.25,2.44
2013.07.05 12:27:33.388,0.78302,0.7833,2.25,3.19
2013.07.05 12:27:34.402,0.78301,0.78329,2.44,2.44
2013.07.05 12:27:35.109,0.78299,0.78325,1.69,2.25
2013.07.05 12:27:35.827,0.78298,0.78326,2.44,2.44
2013.07.05 12:27:36.167,0.78301,0.78329,2.25,3.94
2013.07.05 12:27:39.218,0.78306,0.78331,2.25,1.69
2013.07.05 12:27:41.289,0.78305,0.78333,2.25,2.44
2013.07.05 12:27:42.880,0.78308,0.78334,2.25,1.69
2013.07.05 12:27:43.429,0.78308,0.78336,2.25,3.19
2013.07.05 12:27:43.737,0.78311,0.78336,2.25,1.69
2013.07.05 12:27:44.457,0.78308,0.78336,2.25,3.19
2013.07.05 12:27:44.888,0.78305,0.78332,2.25,1.69
2013.07.05 12:27:45.430,0.78306,0.78332,2.25,1.69
2013.07.05 12:27:46.178,0.78305,0.78332,2.25,1.69
2013.07.05 12:27:48.649,0.78302,0.7833,3.19,2.44
2013.07.05 12:27:49.009,0.78307,0.78334,2.25,1.69
2013.07.05 12:27:50.365,0.78306,0.78333,2.25,1.69
2013.07.05 12:27:50.870,0.78305,0.78333,2.25,1.69
2013.07.05 12:27:52.740,0.78305,0.78333,2.25,1.69
2013.07.05 12:27:55.688,0.78305,0.78331,2.25,1.69
2013.07.05 12:27:57.727,0.78305,0.78333,2.25,1.69
2013.07.05 12:27:58.294,0.78304,0.78333,2.25,1.69
2013.07.05 12:27:59.138,0.78304,0.78332,2.25,1.69
2013.07.05 12:27:59.618,0.78304,0.78335,2.25,1.69
2013.07.05 12:27:59.678,0.78307,0.78335,2.25,1.69
2013.07.05 12:27:59.920,0.78304,0.78335,2.25,2.44
2013.07.05 12:28:01.257,0.78304,0.78332,2.25,1.69
2013.07.05 12:28:01.388,0.78302,0.78332,2.63,1.69
2013.07.05 12:28:02.287,0.78302,0.7833,2.25,1.69
2013.07.05 12:28:03.147,0.78299,0.7833,2.44,1.69
2013.07.05 12:28:04.887,0.78297,0.7833,3.19,1.69
2013.07.05 12:28:05.428,0.78301,0.7833,1.69,1.69
2013.07.05 12:28:05.668,0.78303,0.78332,2.25,1.69
2013.07.05 12:28:05.727,0.78303,0.78333,2.25,1.69
2013.07.05 12:28:05.908,0.78305,0.78334,2.25,1.69
2013.07.05 12:28:06.089,0.78306,0.78336,2.25,1.69
2013.07.05 12:28:06.338,0.78304,0.78336,2.44,1.69
2013.07.05 12:28:06.698,0.78307,0.78336,2.25,1.69
2013.07.05 12:28:07.238,0.78307,0.78339,2.44,2.44
2013.07.05 12:28:07.629,0.78312,0.78339,1.13,1.69
2013.07.05 12:28:07.928,0.78311,0.7834,2.48,2.44
2013.07.05 12:28:08.477,0.78315,0.78341,2.07,2.85
2013.07.05 12:28:08.717,0.78313,0.78339,2.07,2.25
2013.07.05 12:28:08.777,0.7831,0.78339,2.07,2.44
2013.07.05 12:28:08.837,0.7831,0.78336,1.32,2.25
2013.07.05 12:28:08.957,0.78309,0.78336,1.32,2.25
2013.07.05 12:28:10.277,0.78308,0.78337,2.44,2.44
2013.07.05 12:28:10.398,0.78312,0.7834,1.32,1.69
2013.07.05 12:28:10.826,0.78309,0.78339,1.69,2.44
2013.07.05 12:28:11.630,0.78306,0.78339,2.44,2.44
2013.07.05 12:28:12.131,0.78307,0.78339,2.44,2.44
2013.07.05 12:28:12.599,0.78306,0.78337,2.44,1.69
2013.07.05 12:28:14.199,0.78308,0.78339,1.69,1.69
2013.07.05 12:28:14.447,0.78311,0.78339,1.69,1.50
2013.07.05 12:28:17.458,0.78311,0.78339,2.44,1.50
2013.07.05 12:28:17.638,0.78316,0.78342,1.88,1.13
2013.07.05 12:28:18.168,0.78316,0.78342,1.88,1.35
2013.07.05 12:28:18.788,0.78316,0.78337,1.88,1.13
2013.07.05 12:28:18.967,0.78313,0.78339,2.07,1.50
2013.07.05 12:28:19.087,0.78313,0.78339,1.32,1.50
2013.07.05 12:28:20.358,0.78309,0.78339,1.69,1.50
2013.07.05 12:28:20.878,0.78309,0.78339,1.69,1.50
2013.07.05 12:28:22.874,0.7831,0.78339,1.69,1.50
2013.07.05 12:28:23.766,0.7831,0.7834,1.69,1.50
2013.07.05 12:28:23.887,0.78312,0.78343,1.69,1.50
2013.07.05 12:28:24.067,0.78315,0.78343,1.69,1.58
2013.07.05 12:28:24.429,0.78319,0.7834,1.32,1.13
2013.07.05 12:28:24.670,0.78315,0.7834,3.19,1.88
2013.07.05 12:28:25.217,0.78313,0.78342,1.69,1.50
2013.07.05 12:28:26.297,0.78315,0.78343,1.69,1.77
2013.07.05 12:28:28.497,0.78314,0.78342,1.69,1.50
2013.07.05 12:28:29.518,0.78314,0.78342,1.69,1.50
2013.07.05 12:28:30.019,0.78314,0.78342,1.69,1.50
2013.07.05 12:28:30.538,0.78313,0.78342,1.69,1.50
2013.07.05 12:28:31.080,0.78314,0.78342,1.69,1.50
2013.07.05 12:28:32.348,0.78315,0.78343,1.69,1.50
2013.07.05 12:28:33.893,0.78315,0.78343,1.69,1.50
2013.07.05 12:28:33.962,0.78316,0.78343,1.32,3.00
2013.07.05 12:28:34.149,0.78317,0.78344,1.69,1.13
2013.07.05 12:28:34.269,0.78319,0.78344,1.69,1.13
2013.07.05 12:28:34.403,0.78316,0.78344,2.07,1.13
2013.07.05 12:28:36.148,0.78316,0.78344,2.63,1.13
2013.07.05 12:28:36.598,0.78313,0.7833,1.69,2.25
2013.07.05 12:28:36.657,0.78313,0.7833,1.32,2.25
2013.07.05 12:28:36.899,0.78306,0.7833,1.13,2.25
2013.07.05 12:28:36.959,0.78305,0.7833,1.13,2.25
2013.07.05 12:28:37.018,0.78312,0.78345,2.25,1.69
2013.07.05 12:28:39.337,0.78311,0.78346,2.44,1.69
2013.07.05 12:28:42.397,0.78311,0.78346,2.25,1.69
2013.07.05 12:28:42.458,0.78308,0.78341,1.13,1.50
2013.07.05 12:28:43.617,0.78307,0.7834,1.13,1.50
2013.07.05 12:28:46.397,0.78307,0.78341,1.13,1.69
2013.07.05 12:28:48.718,0.78309,0.78341,1.13,1.69
2013.07.05 12:28:52.599,0.78309,0.7834,1.13,1.69
2013.07.05 12:28:53.163,0.78309,0.7834,1.13,1.50
2013.07.05 12:28:53.949,0.78306,0.7834,1.69,1.69
2013.07.05 12:28:54.262,0.78306,0.7834,1.50,2.44
2013.07.05 12:28:54.339,0.78304,0.78339,1.88,1.69
2013.07.05 12:28:54.408,0.78304,0.78336,1.13,2.44
2013.07.05 12:28:54.649,0.783,0.78338,1.32,2.44
2013.07.05 12:28:55.189,0.78307,0.78338,1.50,2.44
2013.07.05 12:28:55.847,0.78299,0.78338,1.69,2.44
2013.07.05 12:28:56.870,0.783,0.78339,1.32,3.19
2013.07.05 12:28:57.417,0.78297,0.78339,1.32,3.19
2013.07.05 12:28:58.028,0.78297,0.78339,2.07,3.94
2013.07.05 12:28:58.567,0.78297,0.78339,2.07,2.44
2013.07.05 12:28:58.628,0.78302,0.78339,2.44,1.69
2013.07.05 12:28:58.689,0.78302,0.78341,2.44,1.69
2013.07.05 12:29:00.626,0.783,0.78341,2.44,1.69
2013.07.05 12:29:02.216,0.78301,0.78342,2.44,1.69
2013.07.05 12:29:03.328,0.78309,0.78345,1.50,1.58
2013.07.05 12:29:03.637,0.78318,0.78349,1.13,1.02
2013.07.05 12:29:03.939,0.78323,0.78352,1.50,1.58
2013.07.05 12:29:04.488,0.78324,0.78352,1.13,1.58
2013.07.05 12:29:06.280,0.78324,0.78352,1.20,1.50
2013.07.05 12:29:06.408,0.78324,0.78352,1.13,1.50
2013.07.05 12:29:07.388,0.78324,0.78352,1.28,1.50
2013.07.05 12:29:10.387,0.78325,0.78352,1.13,1.50
2013.07.05 12:29:11.857,0.78325,0.78351,1.13,3.00
2013.07.05 12:29:12.902,0.78325,0.78351,2.07,3.00
2013.07.05 12:29:13.339,0.78325,0.78351,2.07,3.00
2013.07.05 12:29:13.699,0.78331,0.78352,1.69,1.50
2013.07.05 12:29:14.457,0.78332,0.78355,1.88,1.50
2013.07.05 12:29:17.238,0.78332,0.78355,1.88,1.58
2013.07.05 12:29:20.727,0.78332,0.78355,1.88,1.65
2013.07.05 12:29:23.730,0.78331,0.78342,1.13,2.25
2013.07.05 12:29:24.158,0.78297,0.78342,1.13,2.25
2013.07.05 12:29:27.127,0.78297,0.7835,1.13,1.09
2013.07.05 12:29:27.638,0.78297,0.7835,1.32,1.09
2013.07.05 12:29:29.317,0.78297,0.7835,1.32,1.02
2013.07.05 12:29:29.876,0.78297,0.7835,1.13,1.77
2013.07.05 12:29:29.936,0.78297,0.7835,1.13,1.77
2013.07.05 12:29:30.525,0.78297,0.7835,1.13,1.02
2013.07.05 12:29:31.067,0.78297,0.7835,1.13,1.17
2013.07.05 12:29:31.587,0.78297,0.7835,1.13,1.17
2013.07.05 12:29:32.406,0.78294,0.78361,1.17,2.39
2013.07.05 12:29:32.527,0.78302,0.78363,1.17,1.29
2013.07.05 12:29:33.028,0.783,0.78363,1.17,1.29
2013.07.05 12:29:33.819,0.78302,0.78367,1.17,1.29
2013.07.05 12:29:34.144,0.78299,0.7837,1.99,1.74
2013.07.05 12:29:35.258,0.78299,0.78369,1.24,1.74
2013.07.05 12:29:36.069,0.78296,0.78362,1.24,1.53
2013.07.05 12:29:36.138,0.78299,0.7837,1.24,1.74
2013.07.05 12:29:36.376,0.78299,0.7837,1.24,1.74
2013.07.05 12:29:36.436,0.78299,0.7837,1.24,1.56
2013.07.05 12:29:37.507,0.78299,0.78378,1.24,1.25
2013.07.05 12:29:37.807,0.78298,0.78378,1.05,1.06
2013.07.05 12:29:38.046,0.7829,0.78378,1.13,1.17
2013.07.05 12:29:38.866,0.78289,0.7839,1.13,1.72
2013.07.05 12:29:41.116,0.78284,0.7839,3.85,1.68
2013.07.05 12:29:41.576,0.78285,0.7839,1.13,1.67
2013.07.05 12:29:41.696,0.78285,0.7839,1.32,1.69
2013.07.05 12:29:42.127,0.78285,0.7839,1.70,1.36
2013.07.05 12:29:43.385,0.78284,0.7839,2.44,1.45
2013.07.05 12:29:43.926,0.78283,0.7839,1.50,1.20
2013.07.05 12:29:44.376,0.78283,0.7839,1.50,1.55
2013.07.05 12:29:45.336,0.78283,0.7839,1.50,1.59
2013.07.05 12:29:50.284,0.78283,0.7839,1.50,1.65
2013.07.05 12:29:50.895,0.78283,0.78404,1.50,2.25
2013.07.05 12:29:51.645,0.78282,0.78404,2.10,1.50
2013.07.05 12:29:51.765,0.78273,0.78404,1.88,1.50
2013.07.05 12:29:51.885,0.78314,0.78326,1.50,1.50
2013.07.05 12:29:53.514,0.7831,0.78333,1.50,1.50
2013.07.05 12:29:54.090,0.78307,0.78336,1.50,1.50
2013.07.05 12:29:55.305,0.78314,0.78329,1.50,1.50
2013.07.05 12:29:59.144,0.78314,0.78329,1.50,1.50
2013.07.05 12:30:02.359,0.78296,0.78316,3.00,1.50
2013.07.05 12:30:02.445,0.78291,0.7832,1.50,1.50
2013.07.05 12:30:03.005,0.78289,0.78322,3.00,1.50
2013.07.05 12:30:03.566,0.78297,0.78315,3.00,1.50
2013.07.05 12:30:03.706,0.78297,0.78315,1.50,1.50
2013.07.05 12:30:04.017,0.78312,0.78321,0.75,1.50
2013.07.05 12:30:04.328,0.78226,0.78341,0.75,0.75
2013.07.05 12:30:04.386,0.78302,0.7832,0.75,2.02
2013.07.05 12:30:04.505,0.78275,0.78322,1.50,1.50
2013.07.05 12:30:04.576,0.78302,0.7832,0.75,1.50
2013.07.05 12:30:04.838,0.783,0.78319,0.75,1.50
2013.07.05 12:30:04.895,0.78305,0.78324,0.75,2.44
2013.07.05 12:30:05.315,0.78287,0.7831,2.62,2.51
2013.07.05 12:30:05.437,0.78293,0.78314,1.50,2.51
2013.07.05 12:30:06.092,0.78194,0.78319,0.75,0.75
2013.07.05 12:30:06.157,0.78291,0.78309,0.75,1.71
2013.07.05 12:30:06.257,0.78195,0.78284,0.75,0.75
2013.07.05 12:30:06.377,0.78289,0.7831,0.75,1.71
2013.07.05 12:30:06.528,0.78295,0.78305,1.88,1.72
2013.07.05 12:30:07.469,0.78187,0.7827,0.75,1.50
2013.07.05 12:30:07.757,0.78277,0.78295,0.75,1.06
2013.07.05 12:30:07.834,0.78284,0.78305,0.75,1.25
2013.07.05 12:30:08.015,0.78258,0.78283,0.75,0.38
2013.07.05 12:30:08.375,0.78186,0.78248,0.75,0.75
2013.07.05 12:30:09.237,0.78186,0.78245,0.75,0.75
2013.07.05 12:30:09.707,0.78267,0.78286,0.75,1.13
2013.07.05 12:30:10.107,0.78257,0.78274,0.75,1.31
2013.07.05 12:30:10.876,0.78185,0.78234,0.75,0.75
2013.07.05 12:30:11.345,0.78186,0.78252,0.75,3.75
2013.07.05 12:30:11.465,0.78186,0.78242,0.75,0.75
2013.07.05 12:30:11.645,0.78186,0.78289,0.75,0.75
2013.07.05 12:30:11.765,0.78186,0.78315,0.75,1.50
2013.07.05 12:30:11.885,0.78186,0.78313,0.75,2.51
2013.07.05 12:30:12.244,0.78187,0.78309,0.75,1.50
2013.07.05 12:30:13.216,0.78187,0.78316,0.75,1.50
2013.07.05 12:30:13.514,0.78246,0.78269,0.75,1.50
2013.07.05 12:30:13.764,0.78186,0.78309,0.75,0.75
2013.07.05 12:30:14.426,0.78185,0.78271,0.75,0.75
2013.07.05 12:30:14.853,0.78189,0.78268,0.75,0.75
2013.07.05 12:30:15.185,0.78181,0.78218,0.75,0.75
2013.07.05 12:30:15.365,0.7818,0.78232,0.75,0.75
2013.07.05 12:30:15.425,0.78184,0.78232,0.75,0.75
2013.07.05 12:30:15.785,0.78184,0.78294,0.75,0.75
2013.07.05 12:30:15.905,0.78183,0.78227,0.75,0.75
2013.07.05 12:30:15.965,0.78183,0.78255,0.75,1.50
2013.07.05 12:30:16.085,0.78183,0.78255,0.75,1.50
2013.07.05 12:30:16.591,0.78183,0.78235,0.75,1.13
2013.07.05 12:30:16.727,0.78182,0.78272,0.75,1.50
2013.07.05 12:30:17.805,0.78182,0.78225,0.75,0.75
2013.07.05 12:30:18.165,0.78118,0.78241,1.50,2.78
2013.07.05 12:30:19.166,0.78101,0.78186,1.50,0.75
2013.07.05 12:30:19.268,0.78102,0.78146,1.50,1.50
2013.07.05 12:30:19.338,0.78102,0.78133,1.50,0.75
2013.07.05 12:30:19.399,0.78095,0.78204,1.50,2.03
2013.07.05 12:30:20.460,0.78095,0.78148,1.50,0.75
2013.07.05 12:30:20.786,0.78104,0.7815,3.75,1.50
2013.07.05 12:30:21.230,0.78108,0.78143,7.50,1.16
2013.07.05 12:30:21.387,0.78081,0.78136,7.50,1.24
2013.07.05 12:30:21.637,0.7804,0.78116,0.10,1.50
2013.07.05 12:30:22.276,0.7804,0.78097,0.10,1.50
2013.07.05 12:30:22.637,0.78,0.78046,0.10,2.25
2013.07.05 12:30:22.706,0.78024,0.7809,0.85,1.50
2013.07.05 12:30:22.767,0.77942,0.78039,0.10,4.13
2013.07.05 12:30:22.886,0.77933,0.77941,1.73,2.25
2013.07.05 12:30:22.948,0.77824,0.77939,1.50,4.46
2013.07.05 12:30:23.067,0.77824,0.77881,1.50,1.58
2013.07.05 12:30:23.307,0.77844,0.77915,1.50,1.13
2013.07.05 12:30:23.607,0.77846,0.77903,1.13,1.66
2013.07.05 12:30:23.728,0.77846,0.77913,1.13,1.13
2013.07.05 12:30:23.791,0.77846,0.77898,1.13,2.25
2013.07.05 12:30:23.918,0.77845,0.77898,1.34,2.25
2013.07.05 12:30:24.037,0.77839,0.77898,1.13,2.25
2013.07.05 12:30:24.158,0.77839,0.77879,1.13,2.25
2013.07.05 12:30:24.396,0.77831,0.77926,1.34,1.50
2013.07.05 12:30:24.576,0.7789,0.77908,1.13,1.13
2013.07.05 12:30:24.695,0.77862,0.77883,1.50,2.25
2013.07.05 12:30:24.997,0.77859,0.77881,1.69,1.50
2013.07.05 12:30:25.057,0.77858,0.77882,1.69,1.50
2013.07.05 12:30:25.117,0.77863,0.77879,1.32,2.25
2013.07.05 12:30:25.237,0.77865,0.77882,1.50,1.50
2013.07.05 12:30:25.356,0.77863,0.77887,1.50,1.50
2013.07.05 12:30:25.476,0.77841,0.77963,0.19,1.50
2013.07.05 12:30:25.777,0.77863,0.77965,1.13,1.05
2013.07.05 12:30:26.080,0.77871,0.77915,1.50,1.13
2013.07.05 12:30:26.147,0.77861,0.77915,2.47,1.13
2013.07.05 12:30:26.327,0.77864,0.77917,3.75,1.05
2013.07.05 12:30:26.486,0.77837,0.77855,2.25,1.43
2013.07.05 12:30:27.086,0.77779,0.77875,1.50,1.35
2013.07.05 12:30:27.509,0.7778,0.77859,1.13,1.37
2013.07.05 12:30:27.818,0.77778,0.77827,1.58,1.65
2013.07.05 12:30:28.181,0.77778,0.77815,1.58,1.20
2013.07.05 12:30:28.370,0.77749,0.7782,1.50,1.13
2013.07.05 12:30:29.297,0.77739,0.77823,1.50,1.23
2013.07.05 12:30:29.393,0.77743,0.77822,1.62,1.58
2013.07.05 12:30:29.543,0.7774,0.77819,1.13,1.20
2013.07.05 12:30:29.704,0.77745,0.77797,3.00,2.25
2013.07.05 12:30:30.950,0.77727,0.77774,2.23,2.25
2013.07.05 12:30:31.271,0.77725,0.77771,1.13,2.33
2013.07.05 12:30:31.350,0.77725,0.77771,1.13,2.25
2013.07.05 12:30:31.735,0.77728,0.77776,1.50,2.33
2013.07.05 12:30:31.832,0.77728,0.77775,3.00,1.19
2013.07.05 12:30:32.252,0.77724,0.77776,2.25,2.33
2013.07.05 12:30:32.626,0.77724,0.77771,2.25,2.25
2013.07.05 12:30:32.928,0.77719,0.77771,2.25,2.33
2013.07.05 12:30:33.229,0.77719,0.77769,2.25,1.50
2013.07.05 12:30:33.467,0.77724,0.77776,2.25,2.33
2013.07.05 12:30:34.250,0.77724,0.77771,2.25,1.58
2013.07.05 12:30:34.744,0.77719,0.77767,2.25,1.50
2013.07.05 12:30:34.808,0.77719,0.77769,2.25,1.58
2013.07.05 12:30:34.867,0.77715,0.77766,1.50,2.33
2013.07.05 12:30:35.167,0.77715,0.77763,2.25,1.27
2013.07.05 12:30:35.469,0.77738,0.77795,7.50,2.43
2013.07.05 12:30:36.105,0.77714,0.77756,3.00,1.50
2013.07.05 12:30:36.657,0.7772,0.77767,1.65,3.75
2013.07.05 12:30:36.960,0.77735,0.77767,1.50,3.00
2013.07.05 12:30:37.031,0.77734,0.77767,2.25,3.00
2013.07.05 12:30:37.219,0.77734,0.77764,2.25,2.25
2013.07.05 12:30:37.529,0.77745,0.77759,7.50,1.50
2013.07.05 12:30:37.658,0.77743,0.77761,7.50,1.50
2013.07.05 12:30:37.787,0.77735,0.77763,1.50,1.13
2013.07.05 12:30:37.847,0.77739,0.77776,3.00,1.88
2013.07.05 12:30:37.968,0.77734,0.77763,1.50,1.13
2013.07.05 12:30:38.149,0.77717,0.77763,1.50,1.13
2013.07.05 12:30:38.279,0.77737,0.77763,1.50,1.13
2013.07.05 12:30:38.338,0.77737,0.77764,1.50,1.13
2013.07.05 12:30:38.398,0.77732,0.77741,1.50,0.38
2013.07.05 12:30:38.701,0.77725,0.77734,2.25,1.50
2013.07.05 12:30:38.901,0.7772,0.77731,1.50,1.50
2013.07.05 12:30:39.028,0.77719,0.77745,1.50,1.50
2013.07.05 12:30:39.149,0.77731,0.77745,2.25,2.25
2013.07.05 12:30:39.509,0.77717,0.77738,2.25,5.86
2013.07.05 12:30:40.052,0.77717,0.77739,2.25,1.13
2013.07.05 12:30:40.120,0.77717,0.77744,2.25,1.35
2013.07.05 12:30:40.192,0.77717,0.77749,2.25,2.10
2013.07.05 12:30:40.380,0.77717,0.77739,2.25,1.50
2013.07.05 12:30:40.509,0.77717,0.77746,2.25,1.58
2013.07.05 12:30:40.570,0.77717,0.77743,2.25,1.69
2013.07.05 12:30:40.701,0.77715,0.77743,2.25,1.69
2013.07.05 12:30:40.770,0.77702,0.77732,12.00,2.25
2013.07.05 12:30:41.150,0.77719,0.77746,2.25,2.10
2013.07.05 12:30:41.220,0.77702,0.77736,11.25,2.25
2013.07.05 12:30:41.811,0.77704,0.77746,2.25,2.10
2013.07.05 12:30:41.879,0.77702,0.77744,12.00,1.50
2013.07.05 12:30:42.381,0.77702,0.77744,10.50,1.58
2013.07.05 12:30:43.115,0.77706,0.77733,1.50,1.50
2013.07.05 12:30:44.258,0.77702,0.77733,10.58,1.50
2013.07.05 12:30:44.572,0.77701,0.77718,3.68,1.50
2013.07.05 12:30:44.642,0.77701,0.77718,1.50,1.50
2013.07.05 12:30:44.771,0.77698,0.77718,1.88,2.25
2013.07.05 12:30:45.182,0.77698,0.77721,1.88,3.45
2013.07.05 12:30:45.509,0.77696,0.77701,1.73,3.00
2013.07.05 12:30:45.688,0.77686,0.77693,3.00,2.78
2013.07.05 12:30:45.813,0.7767,0.77693,8.86,1.65
2013.07.05 12:30:45.939,0.77668,0.77686,8.86,1.50
2013.07.05 12:30:46.188,0.77671,0.77693,8.86,1.65
2013.07.05 12:30:46.739,0.77675,0.77693,4.73,1.65
2013.07.05 12:30:47.182,0.77678,0.77695,1.88,1.88
2013.07.05 12:30:47.491,0.77679,0.77694,2.48,1.13
2013.07.05 12:30:48.113,0.7768,0.77694,2.33,1.13
2013.07.05 12:30:48.193,0.77671,0.7769,1.50,1.13
2013.07.05 12:30:48.270,0.77671,0.7769,1.50,1.20
2013.07.05 12:30:48.459,0.77671,0.77694,1.50,1.43
2013.07.05 12:30:48.580,0.77671,0.77694,1.50,1.80
2013.07.05 12:30:48.889,0.77668,0.77685,1.50,1.65
2013.07.05 12:30:49.249,0.77666,0.77683,1.50,1.44
2013.07.05 12:30:49.320,0.77638,0.77665,3.30,1.95
2013.07.05 12:30:49.748,0.77638,0.77646,1.05,1.05
2013.07.05 12:30:49.868,0.77623,0.77646,1.88,1.05
2013.07.05 12:30:50.653,0.77624,0.7765,1.13,1.50
2013.07.05 12:30:50.720,0.77637,0.77672,7.50,1.50
2013.07.05 12:30:50.802,0.77649,0.77666,7.50,2.25
2013.07.05 12:30:50.869,0.77649,0.77659,7.50,1.50
2013.07.05 12:30:50.937,0.77624,0.77659,1.13,2.33
2013.07.05 12:30:51.118,0.77624,0.77659,1.13,1.58
2013.07.05 12:30:51.297,0.77624,0.77661,1.13,3.00
2013.07.05 12:30:51.359,0.77646,0.77661,4.50,3.00
2013.07.05 12:30:51.429,0.77646,0.77659,4.50,1.50
2013.07.05 12:30:51.548,0.77641,0.77659,3.00,1.50
2013.07.05 12:30:51.608,0.77644,0.77656,1.50,2.25
2013.07.05 12:30:51.668,0.7764,0.77656,1.50,2.25
2013.07.05 12:30:51.790,0.77644,0.77652,1.50,1.50
2013.07.05 12:30:51.861,0.77643,0.77656,1.50,2.25
2013.07.05 12:30:52.047,0.77641,0.77657,1.50,1.20
2013.07.05 12:30:52.169,0.77638,0.77655,3.00,1.58
2013.07.05 12:30:52.239,0.77637,0.77655,1.50,1.58
2013.07.05 12:30:52.358,0.77635,0.77647,1.50,1.58
2013.07.05 12:30:52.481,0.77625,0.77646,1.50,1.58
2013.07.05 12:30:52.610,0.77625,0.77639,1.50,1.58
2013.07.05 12:30:52.798,0.77611,0.77634,1.50,5.15
2013.07.05 12:30:52.860,0.77605,0.7762,1.50,1.24
2013.07.05 12:30:53.168,0.7761,0.77619,3.00,2.44
2013.07.05 12:30:53.227,0.77607,0.77619,1.50,1.77
2013.07.05 12:30:53.289,0.77608,0.77621,2.25,2.25
2013.07.05 12:30:53.358,0.77607,0.77619,1.50,1.95
2013.07.05 12:30:53.480,0.776,0.77615,4.50,1.58
2013.07.05 12:30:53.668,0.77592,0.7761,4.50,1.50
2013.07.05 12:30:53.737,0.77594,0.7761,4.50,1.50
2013.07.05 12:30:53.859,0.77598,0.7761,3.00,1.50
2013.07.05 12:30:54.279,0.77591,0.77613,5.25,1.50
2013.07.05 12:30:54.601,0.77598,0.77618,7.50,3.00
2013.07.05 12:30:55.386,0.77593,0.77606,1.50,1.58
2013.07.05 12:30:55.460,0.77588,0.77606,4.50,2.85
2013.07.05 12:30:55.650,0.77589,0.77598,1.50,1.50
2013.07.05 12:30:56.208,0.7759,0.77601,1.50,1.50
2013.07.05 12:30:56.292,0.77578,0.77602,1.50,1.50
2013.07.05 12:30:56.539,0.77585,0.77602,1.50,1.50
2013.07.05 12:30:56.851,0.77588,0.77599,1.50,1.50
2013.07.05 12:30:57.296,0.77587,0.77598,3.00,1.50
2013.07.05 12:30:57.558,0.77578,0.77598,1.50,1.50
2013.07.05 12:30:58.337,0.77578,0.77599,1.50,1.50
2013.07.05 12:30:58.432,0.77586,0.77599,1.13,1.50
2013.07.05 12:30:58.629,0.77579,0.77599,1.50,1.50
2013.07.05 12:30:58.758,0.77575,0.77599,1.50,1.50
2013.07.05 12:30:59.179,0.77574,0.77602,1.50,1.50
2013.07.05 12:31:00.161,0.77569,0.77602,2.25,1.50
2013.07.05 12:31:00.527,0.77569,0.776,2.25,1.50
2013.07.05 12:31:01.600,0.77568,0.776,1.65,1.50
2013.07.05 12:31:01.909,0.77582,0.77608,2.25,9.00
2013.07.05 12:31:02.448,0.77579,0.77608,2.40,9.00
2013.07.05 12:31:02.808,0.77585,0.77609,1.50,1.50
2013.07.05 12:31:03.109,0.77581,0.77601,1.65,1.50
2013.07.05 12:31:03.239,0.77581,0.77609,2.40,1.50
2013.07.05 12:31:03.549,0.77581,0.77618,2.40,2.25
2013.07.05 12:31:03.607,0.77585,0.77614,1.50,1.50
2013.07.05 12:31:03.909,0.77585,0.77615,1.50,1.50
2013.07.05 12:31:04.450,0.77585,0.77615,2.25,1.58
2013.07.05 12:31:04.820,0.77585,0.77617,3.75,1.50
2013.07.05 12:31:05.607,0.77587,0.77618,1.13,2.25
2013.07.05 12:31:05.738,0.77581,0.77617,2.40,1.50
2013.07.05 12:31:05.918,0.77581,0.77609,1.65,2.25
2013.07.05 12:31:06.159,0.77581,0.7761,1.65,1.50
2013.07.05 12:31:06.708,0.77581,0.77614,2.40,1.50
2013.07.05 12:31:06.767,0.77581,0.77617,2.40,2.25
2013.07.05 12:31:07.069,0.77574,0.77602,1.50,2.25
2013.07.05 12:31:07.322,0.7757,0.77602,1.50,2.25
2013.07.05 12:31:07.629,0.77575,0.77602,1.50,2.25
2013.07.05 12:31:07.934,0.7757,0.77606,1.50,2.25
2013.07.05 12:31:08.001,0.77574,0.77615,1.50,1.58
2013.07.05 12:31:08.070,0.7757,0.77614,1.50,1.58
2013.07.05 12:31:08.318,0.7757,0.77615,1.50,1.58
2013.07.05 12:31:08.679,0.77576,0.77619,1.50,1.58
2013.07.05 12:31:08.991,0.77579,0.77619,1.50,1.50
2013.07.05 12:31:10.172,0.77599,0.7762,1.13,2.25
2013.07.05 12:31:10.273,0.77601,0.77628,1.50,1.50
2013.07.05 12:31:10.710,0.77602,0.77637,1.28,2.25
2013.07.05 12:31:10.803,0.77602,0.77639,1.28,3.00
2013.07.05 12:31:10.931,0.77604,0.77639,1.13,3.00
2013.07.05 12:31:11.240,0.77608,0.77639,1.50,2.25
2013.07.05 12:31:11.490,0.77608,0.77639,1.50,2.25
2013.07.05 12:31:11.620,0.77608,0.77639,1.50,2.25
2013.07.05 12:31:12.111,0.77608,0.77646,1.50,2.25
2013.07.05 12:31:12.420,0.77613,0.77642,1.50,2.25
2013.07.05 12:31:13.234,0.77613,0.77642,1.50,1.50
2013.07.05 12:31:13.334,0.77606,0.77627,1.50,1.50
2013.07.05 12:31:13.589,0.77606,0.77627,1.88,1.50
2013.07.05 12:31:13.902,0.77602,0.77633,2.25,1.13
2013.07.05 12:31:14.148,0.77606,0.77635,1.69,1.05
2013.07.05 12:31:14.209,0.77605,0.77627,1.69,1.37
2013.07.05 12:31:14.391,0.77603,0.77627,3.00,1.37
2013.07.05 12:31:14.519,0.77603,0.77631,1.50,1.50
2013.07.05 12:31:14.579,0.77603,0.77634,1.50,1.05
2013.07.05 12:31:15.119,0.77604,0.77634,1.13,1.05
2013.07.05 12:31:15.301,0.77603,0.77641,1.20,3.00
2013.07.05 12:31:15.489,0.77606,0.77641,1.69,2.25
2013.07.05 12:31:15.968,0.77609,0.77656,1.50,2.25
2013.07.05 12:31:16.089,0.77616,0.77659,1.50,1.50
2013.07.05 12:31:16.671,0.77621,0.77661,2.25,1.50
2013.07.05 12:31:16.860,0.77619,0.77661,2.25,1.50
2013.07.05 12:31:17.113,0.77616,0.77659,2.40,1.50
2013.07.05 12:31:17.238,0.77616,0.77656,2.40,1.50
2013.07.05 12:31:17.478,0.77615,0.77651,1.50,1.50
2013.07.05 12:31:17.658,0.77616,0.77651,3.00,1.50
2013.07.05 12:31:17.841,0.77616,0.77651,1.50,1.50
2013.07.05 12:31:18.687,0.77616,0.77651,1.50,1.50
2013.07.05 12:31:19.541,0.77606,0.77649,2.40,1.50
2013.07.05 12:31:19.611,0.77615,0.77651,1.50,1.50
2013.07.05 12:31:20.338,0.77615,0.77651,1.58,1.58
2013.07.05 12:31:20.458,0.77615,0.77646,1.58,1.50
2013.07.05 12:31:21.113,0.77615,0.77655,1.58,1.50
2013.07.05 12:31:21.181,0.77615,0.7765,1.50,1.50
2013.07.05 12:31:21.809,0.77615,0.77651,1.50,1.50
2013.07.05 12:31:21.930,0.77612,0.77651,2.45,1.50
2013.07.05 12:31:22.001,0.77612,0.77654,2.45,1.50
2013.07.05 12:31:22.073,0.77612,0.77654,2.25,1.50
2013.07.05 12:31:22.140,0.77614,0.77657,2.25,1.50
2013.07.05 12:31:22.210,0.77614,0.77653,2.25,1.25
2013.07.05 12:31:22.339,0.77614,0.77657,2.25,1.50
2013.07.05 12:31:22.999,0.77639,0.77658,2.45,1.50
2013.07.05 12:31:23.061,0.77642,0.77661,1.70,1.50
2013.07.05 12:31:23.130,0.77641,0.77661,1.50,1.50
2013.07.05 12:31:23.320,0.77654,0.77667,2.25,1.35
2013.07.05 12:31:23.392,0.77654,0.77668,2.25,1.50
2013.07.05 12:31:23.459,0.77652,0.77668,2.25,1.50
2013.07.05 12:31:23.651,0.77652,0.77668,1.50,1.50
2013.07.05 12:31:23.722,0.77652,0.77667,1.50,1.50
2013.07.05 12:31:23.792,0.77644,0.77676,2.25,2.12
2013.07.05 12:31:23.862,0.77646,0.77676,3.00,2.12
2013.07.05 12:31:24.170,0.77646,0.7767,1.50,1.50
2013.07.05 12:31:24.242,0.77644,0.7767,1.50,1.50
2013.07.05 12:31:24.740,0.77645,0.77671,2.25,2.70
2013.07.05 12:31:25.111,0.77642,0.77666,1.50,1.58
2013.07.05 12:31:25.299,0.77639,0.77666,2.25,2.33
2013.07.05 12:31:25.361,0.77634,0.77661,2.25,1.95
2013.07.05 12:31:25.790,0.77641,0.77661,1.50,1.95
2013.07.05 12:31:26.038,0.77635,0.77653,1.50,1.29
2013.07.05 12:31:26.160,0.77636,0.77649,2.25,1.13
2013.07.05 12:31:26.483,0.77626,0.77632,1.50,1.50
2013.07.05 12:31:26.610,0.77636,0.7765,1.50,2.33
2013.07.05 12:31:26.680,0.7763,0.77648,1.50,1.80
2013.07.05 12:31:26.751,0.77621,0.77648,1.50,1.80
2013.07.05 12:31:26.821,0.77624,0.77648,1.50,1.80
2013.07.05 12:31:27.012,0.77628,0.77653,1.50,2.55
2013.07.05 12:31:27.081,0.77627,0.77654,1.50,1.50
2013.07.05 12:31:27.844,0.77624,0.77658,2.25,1.50
2013.07.05 12:31:27.956,0.77617,0.77658,1.50,1.50
2013.07.05 12:31:28.079,0.77615,0.77658,1.50,1.50
2013.07.05 12:31:28.380,0.77617,0.77658,1.50,1.50
2013.07.05 12:31:28.809,0.77618,0.77658,2.25,1.50
2013.07.05 12:31:29.169,0.7762,0.77658,2.25,1.50
2013.07.05 12:31:29.530,0.77624,0.77658,2.25,1.50
2013.07.05 12:31:30.248,0.77625,0.77658,2.25,1.50
2013.07.05 12:31:30.549,0.77625,0.77641,2.25,1.88
2013.07.05 12:31:30.873,0.77625,0.77647,2.25,1.50
2013.07.05 12:31:30.999,0.77625,0.77646,2.25,1.50
2013.07.05 12:31:31.190,0.77625,0.77654,2.25,1.02
2013.07.05 12:31:31.379,0.7762,0.77655,2.25,1.02
2013.07.05 12:31:31.621,0.7762,0.77656,2.25,3.00
2013.07.05 12:31:31.690,0.77623,0.77651,2.25,1.50
2013.07.05 12:31:31.759,0.77625,0.77655,1.50,2.25
2013.07.05 12:31:31.880,0.77625,0.77656,1.50,1.50
2013.07.05 12:31:31.949,0.77626,0.77656,2.25,1.50
2013.07.05 12:31:32.268,0.77631,0.77655,2.25,1.50
2013.07.05 12:31:32.330,0.7763,0.77655,1.50,1.50
2013.07.05 12:31:32.458,0.7763,0.77656,1.50,2.25
2013.07.05 12:31:32.519,0.77628,0.77662,3.00,1.50
2013.07.05 12:31:32.710,0.77641,0.77662,2.25,1.50
2013.07.05 12:31:32.899,0.7764,0.77664,1.50,1.50
2013.07.05 12:31:33.018,0.7764,0.77666,1.50,1.50
2013.07.05 12:31:33.388,0.77638,0.77666,2.25,2.25
2013.07.05 12:31:33.689,0.77638,0.77654,2.25,1.13
2013.07.05 12:31:34.049,0.77638,0.77647,1.50,1.58
2013.07.05 12:31:34.545,0.77626,0.77651,2.25,1.58
2013.07.05 12:31:34.613,0.77631,0.77651,2.25,1.58
2013.07.05 12:31:35.343,0.77636,0.77655,2.25,1.13
2013.07.05 12:31:35.413,0.77635,0.77653,1.50,1.88
2013.07.05 12:31:35.480,0.77635,0.77653,1.50,1.88
2013.07.05 12:31:35.602,0.77633,0.77647,1.50,1.13
2013.07.05 12:31:35.860,0.77633,0.77662,2.25,1.73
2013.07.05 12:31:36.409,0.77633,0.77652,2.25,1.13
2013.07.05 12:31:36.987,0.77633,0.77646,1.50,1.13
2013.07.05 12:31:37.066,0.77628,0.77646,3.75,1.95
2013.07.05 12:31:37.490,0.77628,0.77645,3.75,1.20
2013.07.05 12:31:37.669,0.77621,0.77636,1.50,1.13
2013.07.05 12:31:37.788,0.77618,0.77636,3.00,1.13
2013.07.05 12:31:37.909,0.77618,0.77636,2.25,1.50
2013.07.05 12:31:38.232,0.77608,0.77624,2.03,1.58
2013.07.05 12:31:38.358,0.77602,0.77624,1.50,2.33
2013.07.05 12:31:38.897,0.77602,0.77624,1.50,1.95
2013.07.05 12:31:40.299,0.77603,0.77625,1.13,1.43
2013.07.05 12:31:40.371,0.77602,0.77629,1.50,1.13
2013.07.05 12:31:40.620,0.77603,0.77636,1.50,3.08
2013.07.05 12:31:40.691,0.77603,0.77636,1.50,2.70
2013.07.05 12:31:40.759,0.77605,0.77636,1.50,1.20
2013.07.05 12:31:40.832,0.77605,0.77644,1.50,2.52
2013.07.05 12:31:40.902,0.77608,0.77644,1.13,2.44
2013.07.05 12:31:41.029,0.77608,0.77644,1.50,1.50
2013.07.05 12:31:41.160,0.77604,0.77641,1.50,2.25
2013.07.05 12:31:41.408,0.77602,0.77643,1.50,1.88
2013.07.05 12:31:41.470,0.77622,0.77643,1.50,1.88
2013.07.05 12:31:41.830,0.77612,0.77641,1.50,2.63
2013.07.05 12:31:42.571,0.77603,0.77639,1.50,3.00
2013.07.05 12:31:42.639,0.77603,0.77634,1.50,2.25
2013.07.05 12:31:42.703,0.77603,0.77634,1.50,2.25
2013.07.05 12:31:42.851,0.77603,0.77626,1.50,1.58
2013.07.05 12:31:42.923,0.77602,0.77626,1.50,2.33
2013.07.05 12:31:43.169,0.77602,0.77619,1.50,1.13
2013.07.05 12:31:43.468,0.77599,0.77624,1.50,1.58
2013.07.05 12:31:43.971,0.77603,0.77619,1.50,1.43
2013.07.05 12:31:44.040,0.77603,0.77619,1.50,1.13
2013.07.05 12:31:44.109,0.77606,0.77619,1.13,1.13
2013.07.05 12:31:44.419,0.77601,0.77619,1.50,1.13
2013.07.05 12:31:44.541,0.77605,0.77619,1.50,1.13
2013.07.05 12:31:44.741,0.77605,0.77631,1.50,1.58
2013.07.05 12:31:44.810,0.77604,0.77633,1.50,1.50
2013.07.05 12:31:44.879,0.77604,0.77633,1.50,1.50
2013.07.05 12:31:45.337,0.77605,0.77635,1.50,1.50
2013.07.05 12:31:45.484,0.77607,0.77635,1.50,1.50
2013.07.05 12:31:45.677,0.77609,0.77636,1.50,1.50
2013.07.05 12:31:45.978,0.77613,0.77636,3.00,1.50
2013.07.05 12:31:46.278,0.77613,0.77643,3.00,1.50
2013.07.05 12:31:46.399,0.77613,0.77643,3.00,1.50
2013.07.05 12:31:46.458,0.77613,0.77642,3.00,1.50
2013.07.05 12:31:46.760,0.77607,0.77629,1.50,1.67
2013.07.05 12:31:46.832,0.77607,0.77629,1.50,1.57
2013.07.05 12:31:46.899,0.77607,0.77629,1.50,1.13
2013.07.05 12:31:46.958,0.77607,0.77639,1.88,1.13
2013.07.05 12:31:47.018,0.77607,0.77638,1.50,1.13
2013.07.05 12:31:47.931,0.77607,0.77636,2.25,1.50
2013.07.05 12:31:48.241,0.77607,0.77624,1.50,1.13
2013.07.05 12:31:48.429,0.77607,0.77631,1.50,1.50
2013.07.05 12:31:48.729,0.77608,0.77631,2.25,1.50
2013.07.05 12:31:49.031,0.77608,0.77628,2.25,1.23
2013.07.05 12:31:49.281,0.77606,0.77626,2.25,2.40
2013.07.05 12:31:49.412,0.77608,0.77628,2.25,1.60
2013.07.05 12:31:49.481,0.77608,0.77628,2.25,1.13
2013.07.05 12:31:49.550,0.77608,0.77629,2.25,1.50
2013.07.05 12:31:49.629,0.77608,0.77626,2.25,2.25
2013.07.05 12:31:49.689,0.77606,0.77626,2.25,2.25
2013.07.05 12:31:50.657,0.77616,0.77636,2.25,1.50
2013.07.05 12:31:51.190,0.77616,0.77636,2.25,2.25
2013.07.05 12:31:51.488,0.77608,0.77635,1.50,1.50
2013.07.05 12:31:51.548,0.77603,0.77636,1.50,1.50
2013.07.05 12:31:51.609,0.77608,0.77642,1.50,1.50
2013.07.05 12:31:51.908,0.77604,0.77642,2.25,1.50
2013.07.05 12:31:52.330,0.77603,0.77635,1.50,1.50
2013.07.05 12:31:52.461,0.77603,0.77635,1.50,1.50
2013.07.05 12:31:52.649,0.77603,0.77635,1.50,1.69
2013.07.05 12:31:52.962,0.77608,0.77638,1.50,1.69
2013.07.05 12:31:53.459,0.77604,0.77641,2.25,1.50
2013.07.05 12:31:53.581,0.77604,0.77641,3.00,1.50
2013.07.05 12:31:53.769,0.77604,0.77642,1.50,1.50
2013.07.05 12:31:54.310,0.77604,0.77636,1.50,1.50
2013.07.05 12:31:54.740,0.77603,0.77626,1.50,1.58
2013.07.05 12:31:54.871,0.77603,0.77631,1.50,1.50
2013.07.05 12:31:54.938,0.77603,0.77643,1.50,3.21
2013.07.05 12:31:55.119,0.77608,0.77638,1.50,1.50
2013.07.05 12:31:55.251,0.77608,0.77638,2.25,1.50
2013.07.05 12:31:55.378,0.77614,0.77646,1.50,1.13
2013.07.05 12:31:55.438,0.77614,0.77646,1.50,1.13
2013.07.05 12:31:55.739,0.77614,0.77647,1.50,1.50
2013.07.05 12:31:56.287,0.77614,0.77647,1.50,1.50
2013.07.05 12:31:56.470,0.77614,0.77647,1.50,1.50
2013.07.05 12:31:56.838,0.77608,0.77645,2.25,1.50
2013.07.05 12:31:56.958,0.77608,0.77643,1.50,1.50
2013.07.05 12:31:57.020,0.77608,0.77643,1.50,1.13
2013.07.05 12:31:58.315,0.77627,0.77643,2.10,1.50
2013.07.05 12:31:58.639,0.77627,0.77643,2.67,1.50
2013.07.05 12:31:59.119,0.77629,0.77652,1.28,2.63
2013.07.05 12:31:59.429,0.77638,0.77657,3.16,3.38
2013.07.05 12:31:59.792,0.77649,0.77664,2.48,1.50
2013.07.05 12:31:59.919,0.7765,0.77664,1.73,1.50
2013.07.05 12:32:00.041,0.77642,0.77659,2.39,1.50
2013.07.05 12:32:00.109,0.77638,0.77658,2.93,2.25
2013.07.05 12:32:00.410,0.77644,0.7766,1.73,3.00
2013.07.05 12:32:00.537,0.77644,0.7766,1.58,3.00
2013.07.05 12:32:00.598,0.77647,0.77661,1.20,3.00
2013.07.05 12:32:00.657,0.77657,0.77686,1.50,1.88
2013.07.05 12:32:00.778,0.77655,0.77686,2.25,1.65
2013.07.05 12:32:01.079,0.77655,0.77669,1.50,3.00
2013.07.05 12:32:01.561,0.77648,0.77665,1.13,3.00
2013.07.05 12:32:01.631,0.77648,0.77659,1.13,1.50
2013.07.05 12:32:01.758,0.77661,0.77685,2.84,1.13
2013.07.05 12:32:01.879,0.77673,0.77689,1.50,1.50
2013.07.05 12:32:02.128,0.77673,0.77696,1.88,1.13
2013.07.05 12:32:02.188,0.77672,0.77697,1.28,1.13
2013.07.05 12:32:02.309,0.77673,0.77698,2.73,2.25
2013.07.05 12:32:02.618,0.77698,0.77722,1.13,2.25
2013.07.05 12:32:02.857,0.77694,0.77722,1.50,1.50
2013.07.05 12:32:02.920,0.77689,0.77721,1.50,1.50
2013.07.05 12:32:02.989,0.77689,0.77721,1.50,1.50
2013.07.05 12:32:03.052,0.77691,0.77721,1.50,1.50
2013.07.05 12:32:03.367,0.77693,0.77721,1.71,1.50
2013.07.05 12:32:03.682,0.77704,0.77722,1.50,1.50
2013.07.05 12:32:03.822,0.77697,0.77723,1.50,2.74
2013.07.05 12:32:03.948,0.77686,0.77709,1.50,1.50
2013.07.05 12:32:04.190,0.77684,0.77716,1.88,1.50
2013.07.05 12:32:04.259,0.77684,0.77714,1.88,1.77
2013.07.05 12:32:04.327,0.77684,0.77715,1.88,1.02
2013.07.05 12:32:04.448,0.77684,0.77713,1.13,1.90
2013.07.05 12:32:05.131,0.77655,0.77689,1.88,7.50
2013.07.05 12:32:05.276,0.77693,0.77699,1.50,2.25
2013.07.05 12:32:05.352,0.77695,0.77728,1.50,1.58
2013.07.05 12:32:05.426,0.77689,0.77709,1.50,3.00
2013.07.05 12:32:05.678,0.77689,0.77707,2.63,6.00
2013.07.05 12:32:05.873,0.77694,0.7771,1.50,6.00
2013.07.05 12:32:06.060,0.7769,0.77708,2.25,6.75
2013.07.05 12:32:06.249,0.77688,0.77701,1.50,6.00
2013.07.05 12:32:06.450,0.77689,0.777,1.50,3.00
2013.07.05 12:32:07.002,0.77696,0.77706,1.88,6.00
2013.07.05 12:32:07.068,0.777,0.7773,1.58,1.73
2013.07.05 12:32:07.189,0.77704,0.77736,1.50,1.03
2013.07.05 12:32:07.491,0.77715,0.77724,2.33,6.00
2013.07.05 12:32:07.620,0.77714,0.77725,1.50,6.75
2013.07.05 12:32:07.751,0.77719,0.77728,1.50,6.00
2013.07.05 12:32:07.819,0.77716,0.77728,1.50,3.00
2013.07.05 12:32:07.891,0.77717,0.77725,1.50,3.00
2013.07.05 12:32:07.961,0.77717,0.77725,1.13,3.00
2013.07.05 12:32:08.210,0.77718,0.77728,1.13,2.25
2013.07.05 12:32:08.277,0.77726,0.77741,8.00,1.50
2013.07.05 12:32:08.458,0.77734,0.77742,1.50,3.00
2013.07.05 12:32:08.699,0.77727,0.77743,2.25,2.25
2013.07.05 12:32:08.759,0.77724,0.77742,2.25,3.00
2013.07.05 12:32:09.058,0.77724,0.77747,3.00,3.00
2013.07.05 12:32:09.538,0.77729,0.77749,1.50,2.25
2013.07.05 12:32:09.898,0.77726,0.77745,1.69,7.50
2013.07.05 12:32:10.138,0.77733,0.77768,1.92,2.25
2013.07.05 12:32:10.198,0.77744,0.77774,1.50,1.50
2013.07.05 12:32:10.441,0.77744,0.77775,1.50,2.25
2013.07.05 12:32:10.748,0.77735,0.77759,1.50,6.75
2013.07.05 12:32:10.929,0.77734,0.77749,2.25,4.50
2013.07.05 12:32:10.999,0.77734,0.77748,1.50,6.00
2013.07.05 12:32:11.131,0.77725,0.77746,1.69,4.50
2013.07.05 12:32:11.201,0.77724,0.77744,1.69,6.00
2013.07.05 12:32:11.269,0.77724,0.77743,1.69,6.00
2013.07.05 12:32:11.400,0.77725,0.77745,1.69,7.50
2013.07.05 12:32:11.711,0.77724,0.77742,1.69,4.50
2013.07.05 12:32:12.396,0.77726,0.77747,2.52,4.50
2013.07.05 12:32:12.540,0.77734,0.77749,1.50,1.50
2013.07.05 12:32:12.611,0.77735,0.77753,2.25,4.50
2013.07.05 12:32:12.921,0.77747,0.77763,1.58,4.50
2013.07.05 12:32:12.989,0.77747,0.77765,1.77,1.50
2013.07.05 12:32:13.238,0.77754,0.77768,1.50,3.75
2013.07.05 12:32:13.361,0.77752,0.77769,1.58,4.50
2013.07.05 12:32:13.489,0.77754,0.77767,1.50,4.50
2013.07.05 12:32:13.669,0.77754,0.77768,1.50,4.50
2013.07.05 12:32:13.803,0.77754,0.77769,1.50,1.50
2013.07.05 12:32:14.110,0.77754,0.77786,1.50,1.50
2013.07.05 12:32:14.239,0.77754,0.77773,1.50,1.50
2013.07.05 12:32:14.550,0.7776,0.77776,1.58,1.50
2013.07.05 12:32:14.863,0.77764,0.77779,2.25,3.00
2013.07.05 12:32:14.930,0.77764,0.77777,1.50,3.00
2013.07.05 12:32:15.192,0.77764,0.77778,1.50,1.50
2013.07.05 12:32:15.538,0.77764,0.77778,1.50,1.50
2013.07.05 12:32:15.599,0.77764,0.7778,1.50,1.50
2013.07.05 12:32:15.780,0.77764,0.77783,1.50,1.50
2013.07.05 12:32:15.909,0.77764,0.77782,1.50,1.50
2013.07.05 12:32:16.028,0.77766,0.77787,1.50,1.50
2013.07.05 12:32:16.089,0.77766,0.77786,1.50,2.25
2013.07.05 12:32:16.519,0.77768,0.77787,1.50,2.25
2013.07.05 12:32:16.642,0.77768,0.77789,2.25,1.50
2013.07.05 12:32:16.709,0.77768,0.77783,2.25,2.25
2013.07.05 12:32:16.889,0.77767,0.77783,1.13,2.25
2013.07.05 12:32:17.429,0.77764,0.77781,1.50,1.50
2013.07.05 12:32:17.849,0.77766,0.77799,2.25,3.00
2013.07.05 12:32:17.971,0.77766,0.77792,1.50,1.50
2013.07.05 12:32:18.101,0.77764,0.77795,2.25,1.50
2013.07.05 12:32:18.169,0.77764,0.77799,2.25,1.50
2013.07.05 12:32:18.410,0.77768,0.77801,1.50,1.50
2013.07.05 12:32:18.769,0.77764,0.77794,3.00,1.58
2013.07.05 12:32:19.099,0.7776,0.77792,1.50,1.50
2013.07.05 12:32:19.851,0.77767,0.77805,1.50,2.33
2013.07.05 12:32:20.258,0.77767,0.77808,1.50,1.02
2013.07.05 12:32:20.643,0.77767,0.77789,1.50,1.50
2013.07.05 12:32:21.009,0.77759,0.77793,1.50,1.50
2013.07.05 12:32:21.430,0.77753,0.77789,2.07,1.50
2013.07.05 12:32:21.558,0.77747,0.77789,1.13,1.50
2013.07.05 12:32:21.618,0.77747,0.77791,1.13,1.50
2013.07.05 12:32:21.919,0.77749,0.77789,1.50,1.50
2013.07.05 12:32:22.409,0.77749,0.77786,1.50,1.50
2013.07.05 12:32:22.742,0.77749,0.77784,1.50,1.58
2013.07.05 12:32:23.249,0.77749,0.77788,1.50,1.58
2013.07.05 12:32:23.752,0.77748,0.77786,1.50,2.25
2013.07.05 12:32:24.359,0.77752,0.77786,1.50,1.50
2013.07.05 12:32:24.479,0.77752,0.77788,1.50,1.50
2013.07.05 12:32:24.781,0.77754,0.7779,2.25,1.50
2013.07.05 12:32:24.910,0.77749,0.77791,1.69,1.50
2013.07.05 12:32:25.160,0.77754,0.77792,1.50,1.50
2013.07.05 12:32:25.350,0.77757,0.77799,1.50,1.88
2013.07.05 12:32:25.422,0.77757,0.77799,1.50,1.50
2013.07.05 12:32:25.488,0.77757,0.77799,1.58,1.50
2013.07.05 12:32:25.790,0.77768,0.77809,1.50,2.25
2013.07.05 12:32:26.101,0.77791,0.77809,1.80,1.50
2013.07.05 12:32:26.170,0.77794,0.77814,1.80,1.84
2013.07.05 12:32:26.359,0.77789,0.77801,1.50,2.63
2013.07.05 12:32:26.540,0.77774,0.77796,2.25,2.25
2013.07.05 12:32:26.609,0.77763,0.77796,3.20,2.25
2013.07.05 12:32:26.672,0.77774,0.77798,2.93,1.50
2013.07.05 12:32:27.406,0.77783,0.778,2.03,1.50
2013.07.05 12:32:27.513,0.77758,0.77796,1.50,2.25
2013.07.05 12:32:27.614,0.77756,0.77794,1.50,1.50
2013.07.05 12:32:27.921,0.77753,0.77794,1.58,2.25
2013.07.05 12:32:28.361,0.77753,0.77789,1.50,1.58
2013.07.05 12:32:28.671,0.77762,0.77784,1.20,1.50
2013.07.05 12:32:28.743,0.77762,0.77791,1.20,1.50
2013.07.05 12:32:28.929,0.77766,0.77794,1.50,1.50
2013.07.05 12:32:29.170,0.77774,0.77806,1.50,2.25
2013.07.05 12:32:29.529,0.77782,0.77808,1.65,3.00
2013.07.05 12:32:29.770,0.77784,0.7782,1.50,2.03
2013.07.05 12:32:30.139,0.77784,0.77817,1.50,1.65
2013.07.05 12:32:30.199,0.7778,0.77813,1.50,1.65
2013.07.05 12:32:30.618,0.7778,0.7781,1.50,1.50
2013.07.05 12:32:30.920,0.77764,0.77781,1.50,1.50
2013.07.05 12:32:31.050,0.77744,0.77778,4.13,2.25
2013.07.05 12:32:31.120,0.77746,0.77772,1.58,1.50
2013.07.05 12:32:31.421,0.77764,0.77778,1.50,1.50
2013.07.05 12:32:31.671,0.77764,0.77781,1.50,1.50
2013.07.05 12:32:31.860,0.77764,0.77797,1.50,1.69
2013.07.05 12:32:31.930,0.77766,0.77806,1.50,1.13
2013.07.05 12:32:31.998,0.77768,0.77806,1.13,1.13
2013.07.05 12:32:32.059,0.77768,0.77814,1.13,1.58
2013.07.05 12:32:32.118,0.77773,0.77817,1.13,2.25
2013.07.05 12:32:32.360,0.77773,0.77817,1.13,2.33
2013.07.05 12:32:32.670,0.77763,0.77806,1.50,1.50
2013.07.05 12:32:32.801,0.77764,0.77805,1.50,1.50
2013.07.05 12:32:33.359,0.77763,0.77809,1.50,1.50
2013.07.05 12:32:33.489,0.77764,0.7781,2.25,1.50
2013.07.05 12:32:33.968,0.77768,0.7781,1.50,1.50
2013.07.05 12:32:34.270,0.77778,0.77814,2.25,1.50
2013.07.05 12:32:34.905,0.77778,0.77814,1.58,1.50
2013.07.05 12:32:35.231,0.77775,0.77798,1.86,1.50
2013.07.05 12:32:35.420,0.77765,0.7779,1.80,1.50
2013.07.05 12:32:35.609,0.77765,0.77789,1.50,2.25
2013.07.05 12:32:35.792,0.77764,0.77791,2.25,1.50
2013.07.05 12:32:35.859,0.77764,0.778,1.50,1.50
2013.07.05 12:32:36.168,0.77764,0.77804,2.25,1.50
2013.07.05 12:32:36.228,0.77764,0.77805,2.25,1.50
2013.07.05 12:32:36.539,0.77766,0.77804,1.65,1.50
2013.07.05 12:32:36.779,0.77764,0.778,1.50,1.50
2013.07.05 12:32:37.200,0.77765,0.77807,1.50,1.50
2013.07.05 12:32:37.269,0.77766,0.77807,1.65,1.50
2013.07.05 12:32:37.507,0.77766,0.77805,1.50,1.50
2013.07.05 12:32:38.058,0.77766,0.77804,1.50,1.69
2013.07.05 12:32:38.361,0.77775,0.77806,1.50,1.50
2013.07.05 12:32:38.429,0.77778,0.7781,1.50,1.69
2013.07.05 12:32:38.488,0.77778,0.77806,1.50,1.50
2013.07.05 12:32:39.030,0.77781,0.77806,1.50,1.58
2013.07.05 12:32:39.339,0.77783,0.77806,1.29,1.50
2013.07.05 12:32:39.520,0.77786,0.7782,1.50,2.25
2013.07.05 12:32:40.428,0.77783,0.77815,2.04,1.50
2013.07.05 12:32:40.730,0.77804,0.77819,1.50,1.50
2013.07.05 12:32:41.268,0.77804,0.77828,1.50,1.50
2013.07.05 12:32:41.691,0.77806,0.77829,1.50,1.50
2013.07.05 12:32:41.820,0.77808,0.77831,1.50,1.50
2013.07.05 12:32:41.882,0.7782,0.77836,4.11,1.50
2013.07.05 12:32:42.189,0.7782,0.77836,7.26,1.50
2013.07.05 12:32:42.378,0.7782,0.77851,6.51,2.25
2013.07.05 12:32:42.438,0.7782,0.7785,6.51,1.13
2013.07.05 12:32:42.498,0.7782,0.7785,5.76,3.38
2013.07.05 12:32:43.156,0.77813,0.77846,2.25,2.25
2013.07.05 12:32:43.217,0.77811,0.77846,1.50,2.25
2013.07.05 12:32:43.399,0.77811,0.77848,1.50,2.25
2013.07.05 12:32:43.772,0.77816,0.77853,1.50,2.40
2013.07.05 12:32:44.141,0.77815,0.77848,1.50,2.25
2013.07.05 12:32:44.389,0.77804,0.77839,2.48,1.50
2013.07.05 12:32:44.931,0.77804,0.77835,1.58,1.58
2013.07.05 12:32:45.658,0.77807,0.77839,1.95,1.50
2013.07.05 12:32:46.629,0.7781,0.7784,2.33,1.50
2013.07.05 12:32:47.180,0.77811,0.7784,1.58,1.50
2013.07.05 12:32:48.288,0.77814,0.7784,1.84,1.50
2013.07.05 12:32:48.469,0.77817,0.77846,2.33,1.50
2013.07.05 12:32:50.811,0.77818,0.77846,1.58,1.50
2013.07.05 12:32:51.021,0.77817,0.77846,1.50,1.50
2013.07.05 12:32:51.210,0.77816,0.77844,1.50,1.50
2013.07.05 12:32:51.420,0.77813,0.77843,2.25,1.50
2013.07.05 12:32:51.729,0.77813,0.77834,1.50,1.50
2013.07.05 12:32:52.088,0.77803,0.7782,1.73,1.50
2013.07.05 12:32:52.148,0.77793,0.7782,2.78,1.58
2013.07.05 12:32:52.269,0.77793,0.7782,2.78,1.50
2013.07.05 12:32:52.328,0.77798,0.7782,2.63,1.50
2013.07.05 12:32:52.512,0.77796,0.7782,1.50,1.50
2013.07.05 12:32:52.639,0.77798,0.77826,1.50,1.50
2013.07.05 12:32:52.760,0.77798,0.77829,1.50,1.50
2013.07.05 12:32:52.889,0.77796,0.77829,1.50,1.58
2013.07.05 12:32:53.190,0.77812,0.77839,1.50,1.58
2013.07.05 12:32:53.683,0.77812,0.77836,1.50,1.58
2013.07.05 12:32:53.811,0.77819,0.77839,1.50,1.58
2013.07.05 12:32:54.238,0.77819,0.77842,1.50,2.25
2013.07.05 12:32:54.360,0.77818,0.77842,1.58,1.50
2013.07.05 12:32:54.430,0.77821,0.77842,2.33,1.50
2013.07.05 12:32:54.561,0.77821,0.77844,2.33,1.50
2013.07.05 12:32:54.870,0.77827,0.7785,2.25,1.50
2013.07.05 12:32:54.999,0.77827,0.7785,2.25,1.50
2013.07.05 12:32:55.120,0.77827,0.77859,2.25,1.50
2013.07.05 12:32:55.189,0.77832,0.77859,2.25,1.50
2013.07.05 12:32:55.259,0.77832,0.77862,2.25,1.50
2013.07.05 12:32:55.439,0.77855,0.77867,1.50,1.50
2013.07.05 12:32:55.680,0.77852,0.77865,2.25,1.50
2013.07.05 12:32:55.809,0.7785,0.77866,1.50,1.50
2013.07.05 12:32:56.109,0.7785,0.77865,1.50,1.58
2013.07.05 12:32:56.228,0.7785,0.77866,1.50,3.08
2013.07.05 12:32:56.289,0.7785,0.77866,1.50,2.25
2013.07.05 12:32:56.469,0.77844,0.77865,1.50,1.50
2013.07.05 12:32:56.529,0.77844,0.77866,1.50,1.50
2013.07.05 12:32:56.949,0.77848,0.77866,1.50,1.50
2013.07.05 12:32:57.369,0.77851,0.77869,1.50,1.50
2013.07.05 12:32:57.430,0.77851,0.7787,1.50,1.50
2013.07.05 12:32:58.265,0.77857,0.77874,2.25,1.13
2013.07.05 12:32:58.342,0.7786,0.77876,2.25,1.50
2013.07.05 12:32:58.413,0.77861,0.77877,1.50,1.50
2013.07.05 12:32:59.440,0.7786,0.77877,2.25,1.50
2013.07.05 12:33:01.070,0.77861,0.77878,1.50,3.00
2013.07.05 12:33:01.318,0.77861,0.77878,1.50,3.00
2013.07.05 12:33:01.679,0.77861,0.77878,1.50,3.00
2013.07.05 12:33:01.918,0.77862,0.77878,1.50,3.00
2013.07.05 12:33:02.159,0.77862,0.77878,1.50,2.25
2013.07.05 12:33:02.220,0.77869,0.77878,2.25,2.25
2013.07.05 12:33:02.288,0.77869,0.77888,2.33,1.50
2013.07.05 12:33:02.349,0.7787,0.77889,1.02,1.50
2013.07.05 12:33:02.410,0.77873,0.779,1.58,2.14
2013.07.05 12:33:02.480,0.7789,0.77908,2.25,1.58
2013.07.05 12:33:02.609,0.7789,0.77911,2.25,1.58
2013.07.05 12:33:02.908,0.77888,0.77916,2.25,1.58
2013.07.05 12:33:03.089,0.77893,0.77918,2.25,1.53
2013.07.05 12:33:03.575,0.77893,0.77907,2.25,2.25
2013.07.05 12:33:03.939,0.77891,0.77905,2.25,1.50
2013.07.05 12:33:04.480,0.77899,0.77913,1.58,6.00
2013.07.05 12:33:04.790,0.77916,0.77923,1.50,2.25
2013.07.05 12:33:04.918,0.77927,0.77951,1.50,1.50
2013.07.05 12:33:04.978,0.77922,0.77956,2.25,2.25
2013.07.05 12:33:05.098,0.77926,0.77962,2.25,1.50
2013.07.05 12:33:05.159,0.77926,0.77971,2.25,1.02
2013.07.05 12:33:05.279,0.77937,0.77975,1.50,1.58
2013.07.05 12:33:05.846,0.77938,0.77976,1.50,3.05
2013.07.05 12:33:06.461,0.77957,0.77977,2.25,2.63
2013.07.05 12:33:06.810,0.77975,0.77991,1.13,2.25
2013.07.05 12:33:06.937,0.77975,0.77999,3.38,1.50
2013.07.05 12:33:06.997,0.77984,0.78002,1.50,1.50
2013.07.05 12:33:07.057,0.77986,0.78028,1.13,2.25
2013.07.05 12:33:07.118,0.7801,0.78028,2.25,1.50
2013.07.05 12:33:07.179,0.7801,0.78035,2.25,1.88
2013.07.05 12:33:07.297,0.7801,0.7803,2.25,1.50
2013.07.05 12:33:07.419,0.78003,0.78032,2.25,1.50
2013.07.05 12:33:07.730,0.78002,0.78033,2.25,1.58
2013.07.05 12:33:08.028,0.78004,0.78035,1.58,1.50
2013.07.05 12:33:08.210,0.78008,0.78042,2.33,2.25
2013.07.05 12:33:08.355,0.78015,0.78044,2.25,3.08
2013.07.05 12:33:08.778,0.78015,0.78041,2.25,1.50
2013.07.05 12:33:08.838,0.78003,0.78034,2.25,1.50
2013.07.05 12:33:09.021,0.78003,0.78026,2.25,1.50
2013.07.05 12:33:09.327,0.77995,0.78019,1.50,1.50
2013.07.05 12:33:09.820,0.77993,0.78016,1.50,1.50
2013.07.05 12:33:09.882,0.78001,0.78015,1.50,1.50
2013.07.05 12:33:10.200,0.78006,0.78011,1.50,1.50
2013.07.05 12:33:10.327,0.78006,0.78017,1.50,1.50
2013.07.05 12:33:10.448,0.78002,0.78017,1.50,1.50
2013.07.05 12:33:10.690,0.77993,0.7801,1.88,7.50
2013.07.05 12:33:10.881,0.77996,0.78006,1.50,4.50
2013.07.05 12:33:10.949,0.78003,0.78009,1.50,1.50
2013.07.05 12:33:11.081,0.78007,0.78012,1.50,1.50
2013.07.05 12:33:11.269,0.78007,0.78017,1.50,2.25
2013.07.05 12:33:11.388,0.78007,0.78026,1.50,1.50
2013.07.05 12:33:11.568,0.78007,0.78028,1.50,1.50
2013.07.05 12:33:12.229,0.78007,0.78029,1.50,1.50
2013.07.05 12:33:12.670,0.78007,0.78029,1.50,1.50
2013.07.05 12:33:13.159,0.78007,0.78029,1.50,1.50
2013.07.05 12:33:13.878,0.78007,0.78029,1.50,1.50
2013.07.05 12:33:13.960,0.78007,0.78028,1.50,1.50
2013.07.05 12:33:14.032,0.78007,0.78029,1.50,1.50
2013.07.05 12:33:14.162,0.78011,0.78034,1.50,1.58
2013.07.05 12:33:14.470,0.78015,0.78029,1.05,1.50
2013.07.05 12:33:14.779,0.78021,0.78032,1.65,3.00
2013.07.05 12:33:14.842,0.78011,0.78032,1.13,3.00
2013.07.05 12:33:15.031,0.78021,0.78032,1.50,3.00
2013.07.05 12:33:15.338,0.78026,0.7804,1.50,1.50
2013.07.05 12:33:15.399,0.78033,0.7804,1.50,1.50
2013.07.05 12:33:15.698,0.78036,0.78045,2.25,3.00
2013.07.05 12:33:15.999,0.78058,0.78067,1.50,1.50
2013.07.05 12:33:16.059,0.78057,0.78072,1.50,2.18
2013.07.05 12:33:16.179,0.78057,0.78084,1.50,1.50
2013.07.05 12:33:16.238,0.78056,0.78081,1.50,1.50
2013.07.05 12:33:16.598,0.78061,0.78086,1.50,1.50
2013.07.05 12:33:16.720,0.78058,0.78084,1.50,2.25
2013.07.05 12:33:17.090,0.7807,0.78084,2.25,1.50
2013.07.05 12:33:17.220,0.7807,0.78096,2.25,1.50
2013.07.05 12:33:17.468,0.7807,0.78094,1.13,1.50
2013.07.05 12:33:17.528,0.7807,0.78094,1.88,1.50
2013.07.05 12:33:17.768,0.7807,0.78094,1.13,1.50
2013.07.05 12:33:17.829,0.78065,0.78084,1.50,1.50
2013.07.05 12:33:18.129,0.7808,0.78106,1.50,1.50
2013.07.05 12:33:18.200,0.78097,0.78117,2.33,2.25
2013.07.05 12:33:18.270,0.78097,0.78131,2.33,2.25
2013.07.05 12:33:18.517,0.78082,0.78138,2.25,2.25
2013.07.05 12:33:18.577,0.78087,0.78138,1.50,2.25
2013.07.05 12:33:18.936,0.78093,0.78122,1.13,2.25
2013.07.05 12:33:19.177,0.78095,0.78124,1.13,2.25
2013.07.05 12:33:19.239,0.78081,0.781,2.25,3.00
2013.07.05 12:33:19.550,0.78073,0.78096,2.33,6.00
2013.07.05 12:33:19.619,0.78071,0.78081,1.88,4.50
2013.07.05 12:33:19.861,0.78077,0.78085,1.50,1.62
2013.07.05 12:33:20.350,0.78075,0.78089,2.25,2.37
2013.07.05 12:33:20.539,0.78075,0.7809,2.25,1.50
2013.07.05 12:33:20.599,0.78076,0.78091,1.50,1.50
2013.07.05 12:33:21.272,0.78073,0.78096,3.00,2.25
2013.07.05 12:33:21.344,0.78071,0.78098,2.25,1.50
2013.07.05 12:33:21.478,0.78071,0.78093,2.25,1.50
2013.07.05 12:33:21.837,0.78071,0.78098,2.25,1.50
2013.07.05 12:33:22.086,0.78068,0.78097,2.25,1.50
2013.07.05 12:33:22.210,0.7807,0.78098,2.25,1.50
2013.07.05 12:33:22.530,0.78082,0.78102,2.25,1.50
2013.07.05 12:33:22.841,0.78085,0.78109,2.25,1.50
2013.07.05 12:33:22.911,0.78085,0.78109,2.25,1.50
2013.07.05 12:33:23.160,0.78085,0.78114,2.25,1.50
2013.07.05 12:33:23.709,0.78084,0.78113,2.25,1.50
2013.07.05 12:33:23.768,0.78081,0.7811,2.25,1.50
2013.07.05 12:33:23.949,0.7808,0.78109,2.25,2.25
2013.07.05 12:33:24.250,0.78082,0.78106,2.25,1.50
2013.07.05 12:33:24.379,0.78079,0.78106,1.50,1.50
2013.07.05 12:33:24.562,0.78078,0.78109,2.25,1.50
2013.07.05 12:33:25.648,0.7806,0.78094,2.25,2.25
2013.07.05 12:33:26.009,0.78062,0.78096,2.25,2.25
2013.07.05 12:33:26.381,0.7806,0.78094,2.25,2.25
2013.07.05 12:33:27.411,0.78064,0.78098,2.25,2.25
2013.07.05 12:33:27.960,0.78065,0.78099,2.25,3.08
2013.07.05 12:33:28.148,0.7806,0.78094,2.25,2.33
2013.07.05 12:33:29.242,0.78062,0.78096,2.25,2.33
2013.07.05 12:33:29.549,0.7806,0.78086,2.25,1.50
2013.07.05 12:33:29.679,0.78062,0.78091,2.25,1.58
2013.07.05 12:33:29.922,0.78062,0.78089,2.25,1.50
2013.07.05 12:33:29.990,0.78051,0.78083,2.25,1.50
2013.07.05 12:33:30.120,0.78065,0.78094,2.25,1.58
2013.07.05 12:33:30.369,0.78065,0.78097,2.25,1.58
2013.07.05 12:33:30.429,0.78062,0.78096,2.25,2.33
2013.07.05 12:33:30.671,0.78065,0.78094,2.25,1.58
2013.07.05 12:33:30.920,0.7806,0.78094,2.25,2.25
2013.07.05 12:33:31.048,0.78065,0.78094,1.50,2.25
2013.07.05 12:33:31.349,0.78077,0.78106,2.25,1.50
2013.07.05 12:33:31.469,0.78075,0.78104,2.25,1.50
2013.07.05 12:33:31.530,0.78075,0.78104,3.15,1.50
2013.07.05 12:33:31.659,0.78076,0.78104,1.13,1.50
2013.07.05 12:33:31.780,0.78084,0.78109,1.50,2.25
2013.07.05 12:33:32.040,0.7808,0.78109,1.50,2.25
2013.07.05 12:33:32.100,0.78075,0.78109,2.25,2.25
2013.07.05 12:33:32.338,0.78082,0.78116,2.25,3.00
2013.07.05 12:33:32.758,0.78086,0.78113,1.13,1.50
2013.07.05 12:33:33.059,0.78096,0.78109,1.50,4.50
2013.07.05 12:33:33.130,0.78085,0.78111,1.13,7.50
2013.07.05 12:33:33.320,0.78093,0.78115,1.29,3.00
2013.07.05 12:33:33.628,0.78104,0.7813,5.25,1.50
2013.07.05 12:33:33.700,0.78126,0.78156,2.25,2.25
2013.07.05 12:33:33.890,0.78122,0.78156,2.40,3.75
2013.07.05 12:33:34.201,0.78129,0.7816,2.40,1.58
2013.07.05 12:33:34.508,0.78128,0.78157,1.65,1.50
2013.07.05 12:33:34.687,0.78126,0.78157,3.00,1.69
2013.07.05 12:33:34.809,0.78126,0.78137,2.25,1.50
2013.07.05 12:33:35.118,0.781,0.78127,1.50,7.50
2013.07.05 12:33:35.189,0.78098,0.78117,2.25,7.50
2013.07.05 12:33:35.260,0.78113,0.78122,1.50,7.50
2013.07.05 12:33:35.508,0.78113,0.78144,2.25,1.50
2013.07.05 12:33:35.628,0.78127,0.78153,2.25,1.13
2013.07.05 12:33:35.809,0.7812,0.78149,2.25,1.50
2013.07.05 12:33:36.651,0.78112,0.78136,1.13,7.58
2013.07.05 12:33:36.780,0.78103,0.78122,2.25,1.50
2013.07.05 12:33:36.849,0.78103,0.78117,2.25,2.25
2013.07.05 12:33:37.148,0.78078,0.78104,1.50,2.33
2013.07.05 12:33:37.270,0.78075,0.78104,2.25,2.33
2013.07.05 12:33:37.338,0.7807,0.78104,2.25,2.33
2013.07.05 12:33:37.819,0.78072,0.78096,1.50,1.50
2013.07.05 12:33:38.178,0.7807,0.78082,1.50,1.20
2013.07.05 12:33:38.598,0.7807,0.78096,2.25,2.18
2013.07.05 12:33:38.658,0.78082,0.78096,1.50,2.18
2013.07.05 12:33:38.720,0.78081,0.7809,4.50,1.13
2013.07.05 12:33:38.849,0.78081,0.78095,4.50,1.50
2013.07.05 12:33:38.909,0.78091,0.78102,1.50,1.95
2013.07.05 12:33:39.090,0.78095,0.78107,1.50,1.95
2013.07.05 12:33:39.218,0.78099,0.78107,1.50,1.95
2013.07.05 12:33:39.338,0.781,0.78124,1.50,1.30
2013.07.05 12:33:39.397,0.78091,0.78118,1.50,1.19
2013.07.05 12:33:39.577,0.78062,0.78105,1.50,4.96
2013.07.05 12:33:39.636,0.78053,0.78091,1.58,1.50
2013.07.05 12:33:40.137,0.78053,0.78084,2.25,1.50
2013.07.05 12:33:40.197,0.78057,0.78084,2.25,1.50
2013.07.05 12:33:40.318,0.78053,0.78082,2.25,1.58
2013.07.05 12:33:40.378,0.7805,0.78079,2.25,2.33
2013.07.05 12:33:40.558,0.78061,0.78079,1.50,2.33
2013.07.05 12:33:40.739,0.78061,0.78079,1.50,1.58
2013.07.05 12:33:41.109,0.78044,0.78069,1.50,2.25
2013.07.05 12:33:41.289,0.7804,0.78069,1.50,2.25
2013.07.05 12:33:41.349,0.78012,0.78071,1.75,1.58
2013.07.05 12:33:41.469,0.78006,0.78067,1.38,1.50
2013.07.05 12:33:41.648,0.78013,0.78066,1.11,1.88
2013.07.05 12:33:41.707,0.78003,0.78066,1.66,1.95
2013.07.05 12:33:41.769,0.78003,0.78069,1.66,1.02
2013.07.05 12:33:42.067,0.78,0.78071,2.07,1.58
2013.07.05 12:33:42.128,0.78,0.78069,2.07,1.50
2013.07.05 12:33:42.490,0.78015,0.78049,2.25,2.25
2013.07.05 12:33:43.089,0.78031,0.78047,6.00,1.58
2013.07.05 12:33:43.279,0.78033,0.78049,6.00,3.08
2013.07.05 12:33:43.348,0.78034,0.78045,5.25,1.50
2013.07.05 12:33:43.470,0.78032,0.78041,1.50,1.50
2013.07.05 12:33:43.592,0.78031,0.7804,1.50,1.58
2013.07.05 12:33:43.721,0.78031,0.78039,1.50,1.50
2013.07.05 12:33:43.850,0.78025,0.78046,1.50,1.13
2013.07.05 12:33:44.456,0.78025,0.78046,1.50,1.13
2013.07.05 12:33:44.552,0.78012,0.78036,3.00,1.29
2013.07.05 12:33:44.618,0.78015,0.78036,2.25,1.29
2013.07.05 12:33:44.978,0.78029,0.78044,1.50,1.50
2013.07.05 12:33:45.218,0.78024,0.78033,1.50,1.50
2013.07.05 12:33:45.278,0.78024,0.78036,1.50,1.50
2013.07.05 12:33:45.770,0.78021,0.78036,1.50,1.50
2013.07.05 12:33:45.841,0.78012,0.78036,1.58,1.50
2013.07.05 12:33:46.268,0.78012,0.78041,2.25,1.50
2013.07.05 12:33:46.568,0.78008,0.78037,3.00,1.50
2013.07.05 12:33:47.192,0.78006,0.78016,1.50,1.25
2013.07.05 12:33:47.500,0.77996,0.78019,2.25,1.50
2013.07.05 12:33:47.629,0.77994,0.78019,1.50,1.50
2013.07.05 12:33:47.701,0.77987,0.78012,1.50,1.50
2013.07.05 12:33:47.771,0.77987,0.78012,1.58,1.50
2013.07.05 12:33:47.899,0.77991,0.78022,2.33,2.25
2013.07.05 12:33:48.268,0.77993,0.78024,1.93,1.50
2013.07.05 12:33:48.569,0.78005,0.78034,2.25,1.50
2013.07.05 12:33:48.690,0.78,0.78029,2.25,1.50
2013.07.05 12:33:49.121,0.78,0.78029,2.25,1.50
2013.07.05 12:33:49.548,0.78,0.78029,2.25,2.25
2013.07.05 12:33:49.849,0.78,0.78008,1.50,4.25
2013.07.05 12:33:50.091,0.77983,0.78006,1.05,2.00
2013.07.05 12:33:50.879,0.77984,0.78004,2.25,1.50
2013.07.05 12:33:51.420,0.77982,0.78004,1.05,1.50
2013.07.05 12:33:51.788,0.77984,0.78006,1.50,1.25
2013.07.05 12:33:52.635,0.77983,0.78006,1.86,1.25
2013.07.05 12:33:52.721,0.77983,0.78006,1.05,1.40
2013.07.05 12:33:52.850,0.77983,0.78006,1.05,1.40
2013.07.05 12:33:53.170,0.77977,0.77992,1.05,1.50
2013.07.05 12:33:53.299,0.77968,0.77992,2.25,1.50
2013.07.05 12:33:53.360,0.77968,0.77992,1.50,1.50
2013.07.05 12:33:53.788,0.77963,0.77992,2.62,1.50
2013.07.05 12:33:54.028,0.77965,0.7799,1.50,1.50
2013.07.05 12:33:54.089,0.77966,0.7799,1.50,1.50
2013.07.05 12:33:54.148,0.77974,0.78002,1.50,1.50
2013.07.05 12:33:54.268,0.77974,0.78006,1.58,1.25
2013.07.05 12:33:54.569,0.77978,0.78006,1.50,1.25
2013.07.05 12:33:54.629,0.77978,0.78007,2.25,1.25
2013.07.05 12:33:54.928,0.77976,0.78006,2.25,1.25
2013.07.05 12:33:55.350,0.77966,0.77995,1.50,2.25
2013.07.05 12:33:55.660,0.77966,0.77995,1.58,2.25
2013.07.05 12:33:55.778,0.77973,0.78002,2.33,1.50
2013.07.05 12:33:55.899,0.77976,0.78005,2.25,1.50
2013.07.05 12:33:55.970,0.77976,0.78009,2.25,1.58
2013.07.05 12:33:56.150,0.77973,0.78007,2.25,2.33
2013.07.05 12:33:56.579,0.77973,0.78006,2.25,1.51
2013.07.05 12:33:56.820,0.77963,0.77996,2.25,1.58
2013.07.05 12:33:57.681,0.77968,0.77997,1.58,2.25
2013.07.05 12:33:57.869,0.77963,0.77997,2.33,2.25
2013.07.05 12:33:57.990,0.77961,0.7799,1.58,2.25
2013.07.05 12:33:58.118,0.77968,0.78002,2.25,2.25
2013.07.05 12:33:58.179,0.77973,0.78007,2.25,2.33
2013.07.05 12:33:58.540,0.77971,0.78004,2.25,1.50
2013.07.05 12:33:58.841,0.77968,0.77999,2.25,1.50
2013.07.05 12:33:59.209,0.77966,0.77999,3.00,1.58
2013.07.05 12:33:59.629,0.77961,0.7799,1.58,2.25
2013.07.05 12:33:59.688,0.7796,0.7799,1.58,3.00
2013.07.05 12:33:59.942,0.77963,0.77996,2.33,2.25
2013.07.05 12:34:00.189,0.77961,0.77995,3.08,2.25
2013.07.05 12:34:01.134,0.77963,0.77996,2.33,2.25
2013.07.05 12:34:01.898,0.77962,0.77996,2.33,3.75
2013.07.05 12:34:02.218,0.77961,0.77986,1.50,1.50
2013.07.05 12:34:02.398,0.77955,0.77983,1.50,1.50
2013.07.05 12:34:02.578,0.77955,0.77984,1.50,2.25
2013.07.05 12:34:02.638,0.7796,0.77985,1.50,1.50
2013.07.05 12:34:03.179,0.7796,0.77985,1.50,1.50
2013.07.05 12:34:03.370,0.77961,0.77986,2.25,1.50
2013.07.05 12:34:03.730,0.77977,0.77996,1.50,1.58
2013.07.05 12:34:03.861,0.77983,0.78,2.25,1.50
2013.07.05 12:34:03.931,0.77983,0.78012,2.25,2.44
2013.07.05 12:34:04.001,0.77983,0.78013,2.25,1.50
2013.07.05 12:34:04.070,0.77984,0.7801,1.58,1.50
2013.07.05 12:34:04.318,0.77988,0.7801,1.50,1.50
2013.07.05 12:34:04.679,0.77983,0.7801,2.42,1.50
2013.07.05 12:34:05.220,0.77983,0.7801,2.42,1.58
2013.07.05 12:34:05.289,0.77978,0.78006,2.42,1.58
2013.07.05 12:34:05.349,0.77975,0.78002,1.11,2.25
2013.07.05 12:34:05.768,0.77978,0.78006,2.42,1.58
2013.07.05 12:34:06.130,0.7798,0.78005,2.25,1.13
2013.07.05 12:34:06.202,0.77971,0.78004,3.23,1.13
2013.07.05 12:34:06.329,0.77975,0.78004,2.25,1.13
2013.07.05 12:34:06.752,0.77973,0.78004,2.25,1.88
2013.07.05 12:34:07.060,0.77975,0.78003,2.25,1.50
2013.07.05 12:34:07.369,0.77977,0.78005,2.25,1.13
2013.07.05 12:34:07.751,0.77977,0.78006,2.25,1.58
2013.07.05 12:34:07.880,0.77995,0.78023,2.25,1.50
2013.07.05 12:34:07.939,0.77995,0.78026,2.25,2.00
2013.07.05 12:34:08.359,0.77996,0.78025,2.25,1.58
2013.07.05 12:34:08.478,0.77988,0.78016,2.25,1.58
2013.07.05 12:34:09.360,0.77988,0.78018,2.25,1.58
2013.07.05 12:34:09.440,0.77978,0.78012,2.25,2.25
2013.07.05 12:34:09.700,0.77976,0.78007,1.50,2.25
2013.07.05 12:34:10.059,0.77976,0.7801,3.00,2.25
2013.07.05 12:34:10.672,0.77978,0.78012,2.25,2.25
2013.07.05 12:34:10.978,0.77976,0.7801,3.00,2.25
2013.07.05 12:34:11.280,0.77988,0.78017,1.50,2.25
2013.07.05 12:34:11.468,0.77991,0.78025,3.00,2.25
2013.07.05 12:34:11.647,0.77988,0.78022,2.25,2.25
2013.07.05 12:34:11.949,0.77985,0.78019,2.25,2.25
2013.07.05 12:34:12.251,0.77998,0.78027,2.25,1.50
2013.07.05 12:34:12.562,0.77995,0.78028,2.25,2.25
2013.07.05 12:34:12.870,0.77988,0.78022,2.25,2.25
2013.07.05 12:34:13.820,0.77988,0.78016,3.00,1.32
2013.07.05 12:34:14.069,0.7799,0.78017,1.50,1.50
2013.07.05 12:34:14.131,0.77988,0.78017,2.25,1.50
2013.07.05 12:34:14.201,0.77984,0.78007,1.50,1.50
2013.07.05 12:34:14.508,0.77984,0.78006,1.50,1.95
2013.07.05 12:34:14.940,0.77984,0.78006,1.50,1.58
2013.07.05 12:34:15.189,0.7798,0.78001,2.25,2.33
2013.07.05 12:34:15.440,0.77986,0.77999,1.50,2.33
2013.07.05 12:34:15.501,0.77974,0.77996,1.50,1.65
2013.07.05 12:34:15.750,0.7797,0.77981,3.00,1.50
2013.07.05 12:34:16.128,0.7797,0.77993,2.25,1.50
2013.07.05 12:34:16.429,0.77975,0.77997,1.50,1.50
2013.07.05 12:34:16.489,0.77975,0.77997,1.50,1.50
2013.07.05 12:34:16.550,0.77977,0.77999,1.50,1.50
2013.07.05 12:34:16.620,0.77977,0.78004,1.50,2.25
2013.07.05 12:34:16.871,0.77977,0.77997,1.50,2.25
2013.07.05 12:34:17.059,0.77978,0.78006,1.50,1.58
2013.07.05 12:34:17.728,0.7798,0.78009,1.50,2.33
2013.07.05 12:34:17.809,0.77996,0.78011,1.50,1.50
2013.07.05 12:34:17.881,0.77996,0.78017,1.50,3.08
2013.07.05 12:34:18.808,0.77996,0.78021,1.50,2.33
2013.07.05 12:34:18.929,0.77996,0.78018,1.50,1.20
2013.07.05 12:34:19.251,0.77996,0.78011,1.50,1.58
2013.07.05 12:34:19.800,0.77996,0.78011,1.50,1.58
2013.07.05 12:34:20.349,0.77996,0.78011,1.50,2.33
2013.07.05 12:34:23.241,0.77996,0.78015,1.50,2.25
2013.07.05 12:34:23.429,0.77996,0.7801,1.50,1.50
2013.07.05 12:34:23.489,0.77991,0.7801,1.50,1.50
2013.07.05 12:34:23.609,0.77992,0.78013,1.50,2.25
2013.07.05 12:34:23.729,0.78006,0.7802,1.50,1.58
2013.07.05 12:34:23.850,0.78006,0.78016,1.50,1.20
2013.07.05 12:34:24.030,0.77997,0.78015,1.50,1.13
2013.07.05 12:34:24.098,0.78,0.78016,1.50,1.95
2013.07.05 12:34:24.458,0.77994,0.78016,1.50,3.39
2013.07.05 12:34:24.760,0.78,0.78012,1.50,1.20
2013.07.05 12:34:25.188,0.77991,0.78005,1.50,1.50
2013.07.05 12:34:25.369,0.77992,0.7801,1.50,3.08
2013.07.05 12:34:26.074,0.77987,0.7801,1.50,1.58
2013.07.05 12:34:26.163,0.77996,0.78015,1.50,1.50
2013.07.05 12:34:26.651,0.77996,0.78015,1.50,1.50
2013.07.05 12:34:27.079,0.77996,0.78016,1.50,2.89
2013.07.05 12:34:27.618,0.77996,0.78009,1.50,1.50
2013.07.05 12:34:27.799,0.77996,0.78008,1.50,1.50
2013.07.05 12:34:27.919,0.77996,0.78013,1.50,2.25
2013.07.05 12:34:28.223,0.77996,0.78013,1.50,2.33
2013.07.05 12:34:28.588,0.77991,0.78009,1.50,1.50
2013.07.05 12:34:28.950,0.77991,0.78007,1.50,3.08
2013.07.05 12:34:29.739,0.77991,0.78006,1.50,1.36
2013.07.05 12:34:29.991,0.77986,0.78002,1.50,2.33
2013.07.05 12:34:30.241,0.7798,0.77995,1.50,2.25
2013.07.05 12:34:30.309,0.77981,0.77995,1.50,2.25
2013.07.05 12:34:30.489,0.77981,0.78,1.50,3.19
2013.07.05 12:34:30.670,0.77981,0.77992,1.50,2.44
2013.07.05 12:34:31.217,0.7798,0.77993,1.50,1.69
2013.07.05 12:34:31.819,0.7798,0.7799,1.50,2.44
2013.07.05 12:34:32.241,0.77975,0.77986,1.50,1.50
2013.07.05 12:34:32.369,0.77975,0.77985,1.50,1.50
2013.07.05 12:34:32.548,0.7796,0.77979,1.50,1.58
2013.07.05 12:34:32.729,0.7796,0.77971,1.50,2.03
2013.07.05 12:34:33.030,0.7795,0.77959,1.50,1.50
2013.07.05 12:34:33.224,0.7794,0.7795,1.50,1.50
2013.07.05 12:34:33.293,0.7793,0.77949,1.50,1.50
2013.07.05 12:34:33.420,0.7793,0.77947,1.50,1.50
2013.07.05 12:34:34.103,0.77944,0.77956,1.50,1.88
2013.07.05 12:34:34.440,0.77946,0.77962,1.50,1.69
2013.07.05 12:34:34.515,0.77945,0.77961,1.50,1.69
2013.07.05 12:34:34.771,0.77937,0.77959,1.50,1.50
2013.07.05 12:34:34.841,0.77937,0.77957,1.50,2.25
2013.07.05 12:34:35.090,0.77928,0.77954,1.50,1.32
2013.07.05 12:34:35.149,0.77928,0.77952,1.50,1.69
2013.07.05 12:34:35.509,0.77937,0.77953,1.50,3.19
2013.07.05 12:34:35.569,0.77937,0.77953,1.50,1.69
2013.07.05 12:34:35.690,0.77937,0.77954,1.50,1.32
2013.07.05 12:34:35.869,0.77944,0.77956,1.50,1.32
2013.07.05 12:34:35.991,0.77937,0.77954,1.50,1.88
2013.07.05 12:34:36.181,0.77938,0.77954,1.50,1.88
2013.07.05 12:34:36.550,0.77938,0.77957,1.50,1.32
2013.07.05 12:34:36.670,0.77937,0.77954,1.50,2.07
2013.07.05 12:34:36.800,0.77928,0.77954,1.58,2.07
2013.07.05 12:34:36.930,0.77938,0.77957,1.50,1.32
2013.07.05 12:34:37.480,0.77945,0.77957,1.50,1.32
2013.07.05 12:34:37.609,0.77945,0.77962,1.50,1.69
2013.07.05 12:34:37.730,0.77945,0.77964,1.50,1.69
2013.07.05 12:34:37.922,0.77945,0.77966,1.50,2.44
2013.07.05 12:34:38.050,0.77947,0.77966,1.50,2.44
2013.07.05 12:34:38.110,0.77947,0.77966,1.50,2.44
2013.07.05 12:34:38.538,0.77947,0.77974,1.65,2.44
2013.07.05 12:34:38.840,0.7796,0.77971,1.50,1.69
2013.07.05 12:34:39.020,0.7795,0.77967,1.50,1.13
2013.07.05 12:34:39.089,0.7795,0.77967,1.50,1.50
2013.07.05 12:34:39.401,0.77951,0.77969,1.50,1.69
2013.07.05 12:34:39.529,0.77949,0.77967,1.50,1.50
2013.07.05 12:34:39.590,0.77949,0.77967,1.50,2.44
2013.07.05 12:34:39.950,0.77947,0.77965,1.50,1.69
2013.07.05 12:34:40.500,0.77938,0.77964,1.50,1.69
2013.07.05 12:34:40.689,0.77938,0.77962,1.50,1.69
2013.07.05 12:34:41.011,0.77937,0.77962,1.50,1.69
2013.07.05 12:34:41.321,0.77937,0.77958,1.50,2.25
2013.07.05 12:34:41.570,0.7792,0.77954,2.48,3.19
2013.07.05 12:34:42.213,0.77912,0.77952,1.16,1.69
2013.07.05 12:34:42.278,0.77912,0.77952,1.16,1.69
2013.07.05 12:34:42.649,0.77922,0.77959,1.73,1.69
2013.07.05 12:34:42.710,0.77927,0.77956,2.33,1.69
2013.07.05 12:34:42.960,0.77947,0.77973,1.50,1.69
2013.07.05 12:34:43.150,0.77938,0.77961,1.50,2.25
2013.07.05 12:34:43.338,0.77932,0.77961,1.77,2.25
2013.07.05 12:34:43.399,0.77927,0.77961,2.52,2.25
2013.07.05 12:34:43.458,0.77925,0.77959,3.08,2.25
2013.07.05 12:34:43.759,0.77944,0.77964,1.50,3.94
2013.07.05 12:34:44.209,0.77937,0.77961,1.50,1.69
2013.07.05 12:34:44.341,0.77937,0.77959,1.50,1.39
2013.07.05 12:34:44.412,0.7793,0.77956,2.25,1.02
2013.07.05 12:34:44.538,0.7793,0.77952,2.25,1.13
2013.07.05 12:34:44.718,0.7791,0.7795,1.58,2.25
2013.07.05 12:34:44.779,0.77909,0.77948,1.58,2.07
2013.07.05 12:34:44.958,0.77908,0.77941,2.33,1.32
2013.07.05 12:34:45.020,0.77908,0.77941,1.58,2.07
2013.07.05 12:34:45.327,0.77901,0.77933,1.58,1.69
2013.07.05 12:34:45.448,0.77896,0.77936,1.58,1.69
2013.07.05 12:34:45.509,0.77902,0.77936,2.33,2.44
2013.07.05 12:34:45.868,0.77905,0.77936,1.58,2.25
2013.07.05 12:34:46.169,0.77937,0.7796,1.50,1.69
2013.07.05 12:34:46.229,0.77933,0.7796,1.50,2.25
2013.07.05 12:34:46.409,0.77934,0.77962,1.65,2.25
2013.07.05 12:34:46.472,0.77935,0.77962,1.50,2.44
2013.07.05 12:34:46.958,0.77933,0.77957,1.65,1.50
2013.07.05 12:34:47.079,0.77935,0.77957,1.50,1.50
2013.07.05 12:34:47.210,0.77936,0.7796,2.25,1.69
2013.07.05 12:34:47.340,0.77936,0.77963,1.50,1.69
2013.07.05 12:34:47.640,0.77931,0.7796,2.25,2.07
2013.07.05 12:34:47.708,0.77931,0.77959,2.25,1.13
2013.07.05 12:34:48.010,0.77931,0.77956,2.25,1.50
2013.07.05 12:34:48.322,0.77938,0.77948,1.50,1.02
2013.07.05 12:34:48.509,0.77919,0.77932,1.50,2.25
2013.07.05 12:34:48.630,0.77919,0.7793,1.50,2.25
2013.07.05 12:34:48.761,0.77908,0.7793,3.23,2.25
2013.07.05 12:34:49.009,0.77908,0.77929,3.23,1.69
2013.07.05 12:34:49.248,0.77907,0.77931,1.50,3.19
2013.07.05 12:34:49.430,0.77907,0.77931,1.50,1.69
2013.07.05 12:34:50.143,0.77907,0.77929,1.50,1.69
2013.07.05 12:34:50.218,0.77907,0.77928,1.50,1.69
2013.07.05 12:34:50.278,0.77909,0.77925,1.50,1.69
2013.07.05 12:34:50.469,0.77904,0.77924,1.50,2.44
2013.07.05 12:34:50.590,0.77904,0.77922,1.50,1.69
2013.07.05 12:34:50.839,0.77896,0.77921,1.50,1.69
2013.07.05 12:34:50.898,0.77896,0.7792,1.50,1.69
2013.07.05 12:34:50.959,0.77896,0.77921,1.50,2.44
2013.07.05 12:34:51.092,0.77896,0.77923,1.50,1.69
2013.07.05 12:34:51.398,0.77903,0.77927,1.50,1.69
2013.07.05 12:34:51.579,0.77909,0.77927,1.50,1.69
2013.07.05 12:34:51.699,0.77904,0.77926,1.50,2.67
2013.07.05 12:34:51.819,0.77904,0.77922,1.50,2.82
2013.07.05 12:34:51.880,0.77904,0.77918,1.50,1.69
2013.07.05 12:34:52.009,0.77889,0.77912,1.50,2.25
2013.07.05 12:34:52.310,0.77889,0.77909,1.50,1.69
2013.07.05 12:34:52.619,0.77884,0.77905,1.50,2.44
2013.07.05 12:34:52.740,0.77879,0.77905,1.50,2.44
2013.07.05 12:34:53.289,0.77879,0.77901,1.50,1.69
2013.07.05 12:34:53.350,0.77879,0.77899,1.50,1.69
2013.07.05 12:34:53.841,0.77879,0.77903,1.50,1.69
2013.07.05 12:34:54.781,0.7788,0.77904,1.05,3.00
2013.07.05 12:34:54.971,0.77882,0.77907,1.05,2.44
2013.07.05 12:34:55.220,0.77879,0.77902,1.58,2.25
2013.07.05 12:34:55.280,0.77879,0.77902,1.58,2.25
2013.07.05 12:34:55.411,0.77879,0.77904,1.58,3.00
2013.07.05 12:34:55.658,0.77879,0.77907,1.58,2.44
2013.07.05 12:34:55.720,0.77884,0.77907,1.50,2.44
2013.07.05 12:34:58.789,0.77885,0.77907,1.13,2.25
2013.07.05 12:34:59.148,0.77899,0.77907,1.50,1.50
2013.07.05 12:34:59.208,0.77894,0.77907,1.50,2.33
2013.07.05 12:34:59.389,0.77894,0.77903,1.50,1.13
2013.07.05 12:34:59.573,0.77879,0.779,1.58,1.13
2013.07.05 12:34:59.701,0.77875,0.77899,1.50,1.13
2013.07.05 12:34:59.770,0.77879,0.77898,2.33,1.13
2013.07.05 12:34:59.829,0.77875,0.77894,1.58,1.50
2013.07.05 12:34:59.949,0.77879,0.77897,1.58,1.50
2013.07.05 12:35:00.070,0.77879,0.77897,1.50,1.50
2013.07.05 12:35:00.141,0.77875,0.77893,1.50,1.50
2013.07.05 12:35:00.331,0.77874,0.77893,1.50,1.50
2013.07.05 12:35:00.911,0.77874,0.77893,1.65,1.50
2013.07.05 12:35:01.040,0.77874,0.77893,1.58,1.50
2013.07.05 12:35:01.170,0.77875,0.77893,1.50,1.50
2013.07.05 12:35:01.419,0.77879,0.77896,1.50,1.50
2013.07.05 12:35:01.898,0.77879,0.77893,2.25,1.50
2013.07.05 12:35:02.079,0.77874,0.77893,1.50,1.50
2013.07.05 12:35:02.138,0.77874,0.7789,1.50,1.50
2013.07.05 12:35:02.258,0.77869,0.7789,1.58,1.50
2013.07.05 12:35:02.690,0.7787,0.7789,1.50,1.50
2013.07.05 12:35:02.932,0.77879,0.77896,1.50,1.80
2013.07.05 12:35:03.120,0.77879,0.77893,3.00,1.50
2013.07.05 12:35:03.669,0.77879,0.77893,1.50,1.50
2013.07.05 12:35:03.849,0.77874,0.77893,1.50,1.50
2013.07.05 12:35:04.030,0.77866,0.77893,1.58,1.50
2013.07.05 12:35:04.579,0.77867,0.77891,1.58,2.25
2013.07.05 12:35:04.639,0.77867,0.77891,1.50,2.25
2013.07.05 12:35:04.879,0.77861,0.7789,1.02,1.50
2013.07.05 12:35:04.999,0.7786,0.77884,2.33,1.69
2013.07.05 12:35:05.119,0.77859,0.77884,1.50,1.69
2013.07.05 12:35:06.500,0.77859,0.77883,1.58,1.69
2013.07.05 12:35:06.638,0.77859,0.77886,1.58,1.50
2013.07.05 12:35:06.697,0.77859,0.77886,1.58,1.50
2013.07.05 12:35:06.937,0.77866,0.77886,1.50,1.69
2013.07.05 12:35:07.419,0.77864,0.77886,1.50,1.50
2013.07.05 12:35:07.478,0.7786,0.77886,1.65,1.50
2013.07.05 12:35:07.600,0.7786,0.77886,1.65,1.50
2013.07.05 12:35:07.671,0.77862,0.77886,1.50,1.50
2013.07.05 12:35:07.919,0.7786,0.77886,1.88,1.50
2013.07.05 12:35:07.980,0.7786,0.77886,1.65,1.50
2013.07.05 12:35:08.289,0.77866,0.77886,1.88,1.50
2013.07.05 12:35:08.599,0.77866,0.77886,1.88,1.50
2013.07.05 12:35:08.719,0.77866,0.77887,1.88,1.69
2013.07.05 12:35:09.130,0.77869,0.77892,1.50,2.25
2013.07.05 12:35:09.440,0.77868,0.77889,1.13,2.25
2013.07.05 12:35:09.919,0.77869,0.77891,1.13,2.25
2013.07.05 12:35:10.628,0.77869,0.77886,1.13,1.13
2013.07.05 12:35:10.930,0.77856,0.7787,2.25,1.50
2013.07.05 12:35:11.289,0.77862,0.77875,1.13,1.50
2013.07.05 12:35:11.349,0.77855,0.77874,2.25,1.50
2013.07.05 12:35:11.888,0.77851,0.77873,1.50,1.50
2013.07.05 12:35:12.068,0.77844,0.7786,1.88,2.25
2013.07.05 12:35:12.129,0.77842,0.77854,1.88,1.50
2013.07.05 12:35:12.249,0.77836,0.77854,1.50,1.50
2013.07.05 12:35:12.368,0.77837,0.7786,1.50,1.50
2013.07.05 12:35:12.428,0.77848,0.7787,1.50,2.03
2013.07.05 12:35:12.488,0.77848,0.77873,1.50,1.69
2013.07.05 12:35:12.668,0.77846,0.77876,1.50,2.25
2013.07.05 12:35:12.969,0.77844,0.77869,1.58,2.25
2013.07.05 12:35:13.270,0.7785,0.77869,1.50,1.50
2013.07.05 12:35:13.638,0.77844,0.77867,1.58,1.50
2013.07.05 12:35:13.759,0.7784,0.77859,2.52,1.50
2013.07.05 12:35:13.878,0.77843,0.77859,1.73,1.50
2013.07.05 12:35:13.998,0.77848,0.77864,1.73,1.50
2013.07.05 12:35:14.119,0.77853,0.77864,1.50,1.50
2013.07.05 12:35:14.180,0.77854,0.77873,1.58,1.50
2013.07.05 12:35:14.239,0.77854,0.77873,1.58,1.50
2013.07.05 12:35:15.071,0.77857,0.77874,1.58,1.50
2013.07.05 12:35:15.208,0.77852,0.77869,1.02,1.50
2013.07.05 12:35:15.269,0.7785,0.77869,2.03,1.50
2013.07.05 12:35:15.519,0.7785,0.77866,1.28,1.50
2013.07.05 12:35:15.702,0.7784,0.77864,3.30,1.88
2013.07.05 12:35:15.769,0.7784,0.77864,3.30,1.50
2013.07.05 12:35:15.950,0.77835,0.77858,1.05,1.50
2013.07.05 12:35:16.019,0.77834,0.77856,1.88,1.50
2013.07.05 12:35:16.559,0.77833,0.77849,1.50,1.50
2013.07.05 12:35:16.919,0.77826,0.77844,1.05,1.50
2013.07.05 12:35:17.220,0.77826,0.77844,1.05,3.00
2013.07.05 12:35:17.946,0.77822,0.77844,1.50,1.50
2013.07.05 12:35:18.023,0.77822,0.77843,1.50,1.50
2013.07.05 12:35:18.092,0.77819,0.77843,1.58,1.50
2013.07.05 12:35:18.160,0.77817,0.77843,1.58,1.50
2013.07.05 12:35:18.351,0.77814,0.77839,2.48,1.50
2013.07.05 12:35:18.420,0.77814,0.77834,2.48,1.50
2013.07.05 12:35:18.779,0.77814,0.77834,2.33,1.50
2013.07.05 12:35:19.899,0.77814,0.77834,1.73,1.50
2013.07.05 12:35:20.138,0.77814,0.77834,1.73,1.50
2013.07.05 12:35:20.259,0.77816,0.77839,1.50,1.50
2013.07.05 12:35:20.630,0.77816,0.77839,1.50,1.50
2013.07.05 12:35:20.749,0.77814,0.77838,1.69,2.25
2013.07.05 12:35:20.929,0.77811,0.77834,2.44,1.50
2013.07.05 12:35:20.989,0.7781,0.77828,1.50,1.50
2013.07.05 12:35:21.531,0.77807,0.77824,2.33,1.50
2013.07.05 12:35:21.779,0.77812,0.77829,1.58,1.50
2013.07.05 12:35:23.714,0.77814,0.77833,1.65,1.50
2013.07.05 12:35:23.795,0.77817,0.77834,1.57,1.50
2013.07.05 12:35:24.120,0.77819,0.77838,2.32,2.25
2013.07.05 12:35:24.740,0.77824,0.77839,1.50,1.50
2013.07.05 12:35:24.860,0.77821,0.77839,1.50,1.50
2013.07.05 12:35:24.933,0.77817,0.77834,1.73,1.50
2013.07.05 12:35:25.883,0.77821,0.77834,1.50,1.50
2013.07.05 12:35:26.072,0.77824,0.77839,1.50,1.50
2013.07.05 12:35:26.259,0.77824,0.77839,1.58,1.50
2013.07.05 12:35:26.858,0.77825,0.77839,2.33,1.50
2013.07.05 12:35:27.099,0.77826,0.77847,1.58,1.50
2013.07.05 12:35:27.158,0.77832,0.77847,2.25,1.50
2013.07.05 12:35:27.463,0.77832,0.77843,1.50,1.50
2013.07.05 12:35:28.020,0.77832,0.77839,1.50,1.50
2013.07.05 12:35:28.150,0.77824,0.77839,1.50,1.50
2013.07.05 12:35:29.419,0.77824,0.77839,1.50,1.50
2013.07.05 12:35:29.779,0.7783,0.77844,1.50,1.50
2013.07.05 12:35:30.401,0.7783,0.77843,1.50,1.50
2013.07.05 12:35:30.470,0.77823,0.77839,3.00,1.50
2013.07.05 12:35:32.370,0.77825,0.77839,2.25,1.50
2013.07.05 12:35:32.680,0.77824,0.77839,1.50,1.50
2013.07.05 12:35:33.239,0.77824,0.77839,1.50,1.50
2013.07.05 12:35:34.409,0.77815,0.77839,1.05,1.50
2013.07.05 12:35:34.648,0.77808,0.77829,2.25,1.50
2013.07.05 12:35:34.707,0.77808,0.77828,2.25,1.50
2013.07.05 12:35:35.223,0.77808,0.77824,2.25,1.50
2013.07.05 12:35:35.890,0.77805,0.77824,2.25,1.50
2013.07.05 12:35:35.958,0.77805,0.77823,2.25,1.50
2013.07.05 12:35:36.078,0.77803,0.77819,1.50,1.50
2013.07.05 12:35:36.199,0.77803,0.77818,1.50,1.50
2013.07.05 12:35:36.739,0.77801,0.77814,1.50,1.50
2013.07.05 12:35:37.159,0.778,0.77814,2.25,1.50
2013.07.05 12:35:38.455,0.778,0.77826,2.25,1.69
2013.07.05 12:35:38.519,0.77798,0.7781,1.50,1.50
2013.07.05 12:35:39.106,0.77795,0.7781,1.50,1.69
2013.07.05 12:35:39.187,0.7778,0.77807,2.25,1.50
2013.07.05 12:35:39.429,0.77779,0.77802,1.13,1.13
2013.07.05 12:35:39.490,0.77778,0.77802,2.25,1.88
2013.07.05 12:35:39.798,0.77776,0.778,1.50,1.50
2013.07.05 12:35:39.978,0.77771,0.778,2.44,1.50
2013.07.05 12:35:40.037,0.77773,0.77802,2.25,1.50
2013.07.05 12:35:40.580,0.77773,0.77802,2.25,1.50
2013.07.05 12:35:42.207,0.77775,0.77803,2.25,3.00
2013.07.05 12:35:42.268,0.77772,0.77801,2.25,1.50
2013.07.05 12:35:42.453,0.77773,0.77802,1.50,1.50
2013.07.05 12:35:42.640,0.77769,0.77801,3.19,1.50
2013.07.05 12:35:42.980,0.77773,0.77798,1.50,1.50
2013.07.05 12:35:43.591,0.77774,0.77798,1.50,1.50
2013.07.05 12:35:43.961,0.77768,0.77796,2.44,1.50
2013.07.05 12:35:44.269,0.77761,0.77775,2.82,1.50
2013.07.05 12:35:44.338,0.77761,0.77775,1.13,1.50
2013.07.05 12:35:44.399,0.77761,0.77775,1.13,1.50
2013.07.05 12:35:44.531,0.7776,0.7778,1.69,1.50
2013.07.05 12:35:44.658,0.7776,0.7778,1.69,1.50
2013.07.05 12:35:44.778,0.7776,0.77775,1.69,1.50
2013.07.05 12:35:45.081,0.77751,0.77768,2.44,1.50
2013.07.05 12:35:45.330,0.77747,0.77757,1.50,1.50
2013.07.05 12:35:45.400,0.7774,0.77759,3.00,1.50
2013.07.05 12:35:45.462,0.7774,0.7776,3.00,1.50
2013.07.05 12:35:45.651,0.77738,0.7776,1.58,1.50
2013.07.05 12:35:45.779,0.77738,0.77755,1.58,1.50
2013.07.05 12:35:46.139,0.77735,0.7775,1.58,1.50
2013.07.05 12:35:46.439,0.77734,0.7775,1.73,1.50
2013.07.05 12:35:46.618,0.77734,0.77749,1.73,1.50
2013.07.05 12:35:46.858,0.77724,0.77743,1.58,1.50
2013.07.05 12:35:47.159,0.77724,0.77746,1.58,1.50
2013.07.05 12:35:47.221,0.77722,0.77746,1.50,1.50
2013.07.05 12:35:47.289,0.77721,0.77745,1.50,1.50
2013.07.05 12:35:47.409,0.77718,0.7774,1.50,1.50
2013.07.05 12:35:47.469,0.77717,0.77735,1.50,1.50
2013.07.05 12:35:47.828,0.77723,0.7774,1.50,1.50
2013.07.05 12:35:48.188,0.77717,0.77735,2.25,1.50
2013.07.05 12:35:48.730,0.77713,0.77735,1.69,1.50
2013.07.05 12:35:49.804,0.77713,0.77735,1.50,1.50
2013.07.05 12:35:50.360,0.77713,0.77735,1.50,1.50
2013.07.05 12:35:54.130,0.77713,0.77735,1.69,1.50
2013.07.05 12:35:55.649,0.7771,0.77722,1.69,1.50
2013.07.05 12:35:55.709,0.77708,0.77716,1.69,2.25
2013.07.05 12:35:55.768,0.77706,0.77716,3.00,2.44
2013.07.05 12:35:55.827,0.77706,0.77712,2.25,1.50
2013.07.05 12:35:56.009,0.77684,0.77708,1.50,1.50
2013.07.05 12:35:56.069,0.77684,0.77696,1.50,1.50
2013.07.05 12:35:56.321,0.77691,0.77709,1.50,1.50
2013.07.05 12:35:56.450,0.77687,0.77708,1.17,1.50
2013.07.05 12:35:56.810,0.77681,0.77694,1.50,1.50
2013.07.05 12:35:57.001,0.77681,0.77694,2.25,1.50
2013.07.05 12:35:57.144,0.77688,0.77696,1.50,1.50
2013.07.05 12:35:57.211,0.77688,0.77704,2.33,1.50
2013.07.05 12:35:58.888,0.77687,0.77704,1.50,1.50
2013.07.05 12:35:59.829,0.77691,0.77704,1.50,1.50
2013.07.05 12:35:59.950,0.77694,0.77709,1.50,1.50
2013.07.05 12:36:00.140,0.77694,0.77709,1.50,1.50
2013.07.05 12:36:00.499,0.77691,0.77709,1.50,1.50
2013.07.05 12:36:00.739,0.77694,0.77709,1.50,1.50
2013.07.05 12:36:00.859,0.77688,0.77709,2.33,1.50
2013.07.05 12:36:00.919,0.77688,0.77704,2.33,1.50
2013.07.05 12:36:00.979,0.77686,0.77704,1.58,1.50
2013.07.05 12:36:01.219,0.77683,0.77703,1.77,1.50
2013.07.05 12:36:01.758,0.77681,0.77699,1.58,1.50
2013.07.05 12:36:02.269,0.77683,0.77703,2.33,1.50
2013.07.05 12:36:02.329,0.77685,0.77704,1.58,1.50
2013.07.05 12:36:03.229,0.77687,0.77704,1.67,1.50
2013.07.05 12:36:03.468,0.77692,0.77709,1.58,1.50
2013.07.05 12:36:04.190,0.77693,0.77709,1.50,1.50
2013.07.05 12:36:04.498,0.77688,0.77704,3.38,1.50
2013.07.05 12:36:04.618,0.77685,0.77704,2.44,1.50
2013.07.05 12:36:04.679,0.77685,0.77699,2.44,1.50
2013.07.05 12:36:04.918,0.77682,0.77699,1.69,1.50
2013.07.05 12:36:05.338,0.77684,0.77699,2.25,1.50
2013.07.05 12:36:05.878,0.77683,0.77699,2.25,1.50
2013.07.05 12:36:06.974,0.77685,0.77699,2.25,1.50
2013.07.05 12:36:07.278,0.7769,0.77703,2.25,1.50
2013.07.05 12:36:07.338,0.7769,0.77704,2.25,1.50
2013.07.05 12:36:07.699,0.77697,0.77704,1.50,1.50
2013.07.05 12:36:07.819,0.77697,0.77709,2.25,1.50
2013.07.05 12:36:07.940,0.77697,0.77706,1.50,1.50
2013.07.05 12:36:08.012,0.77695,0.77705,2.25,1.50
2013.07.05 12:36:08.383,0.77698,0.77709,1.02,1.50
2013.07.05 12:36:08.450,0.77698,0.77721,1.02,1.50
2013.07.05 12:36:09.489,0.77699,0.7771,1.69,1.50
2013.07.05 12:36:10.029,0.777,0.7771,1.69,1.50
2013.07.05 12:36:10.580,0.77698,0.7771,1.69,1.50
2013.07.05 12:36:11.378,0.77698,0.7771,1.69,1.50
2013.07.05 12:36:11.741,0.777,0.7771,2.25,1.50
2013.07.05 12:36:11.868,0.77698,0.7771,1.69,1.50
2013.07.05 12:36:12.609,0.77698,0.7771,1.69,1.50
2013.07.05 12:36:13.479,0.777,0.77711,2.25,1.50
2013.07.05 12:36:13.657,0.77698,0.77711,1.65,1.50
2013.07.05 12:36:14.320,0.77695,0.77711,2.44,1.50
2013.07.05 12:36:14.680,0.77697,0.77711,2.25,1.50
2013.07.05 12:36:14.859,0.77695,0.77711,2.25,1.50
2013.07.05 12:36:15.625,0.77691,0.77706,1.69,1.50
2013.07.05 12:36:15.940,0.77692,0.77706,2.25,1.50
2013.07.05 12:36:17.859,0.77695,0.77706,2.25,1.50
2013.07.05 12:36:18.099,0.77692,0.77706,2.25,1.50
2013.07.05 12:36:18.458,0.7769,0.77705,1.69,1.50
2013.07.05 12:36:18.698,0.77692,0.77702,2.25,1.50
2013.07.05 12:36:18.818,0.77692,0.77706,2.25,1.50
2013.07.05 12:36:19.418,0.77686,0.77704,1.50,1.88
2013.07.05 12:36:19.838,0.7769,0.77701,2.25,1.50
2013.07.05 12:36:20.388,0.77685,0.77701,2.25,1.50
2013.07.05 12:36:20.449,0.77685,0.77696,2.25,1.50
2013.07.05 12:36:21.231,0.77682,0.77696,2.25,1.50
2013.07.05 12:36:22.359,0.7768,0.77696,2.25,1.50
2013.07.05 12:36:22.538,0.77685,0.77696,2.25,1.50
2013.07.05 12:36:22.779,0.7769,0.77706,3.00,1.50
2013.07.05 12:36:23.138,0.77689,0.77706,1.69,1.50
2013.07.05 12:36:23.378,0.77688,0.77705,1.69,1.50
2013.07.05 12:36:23.501,0.77687,0.77701,1.69,1.50
2013.07.05 12:36:23.628,0.7769,0.77701,2.25,1.50
2013.07.05 12:36:23.808,0.77692,0.77706,2.25,1.50
2013.07.05 12:36:23.928,0.77692,0.77706,1.50,2.25
2013.07.05 12:36:23.989,0.77687,0.77705,2.44,1.50
2013.07.05 12:36:24.580,0.77687,0.77701,2.44,1.50
2013.07.05 12:36:24.668,0.77684,0.77711,1.69,1.50
2013.07.05 12:36:25.079,0.77685,0.77712,2.44,1.50
2013.07.05 12:36:26.629,0.77684,0.77711,1.69,2.33
2013.07.05 12:36:26.871,0.77684,0.77707,1.69,1.58
2013.07.05 12:36:27.119,0.77682,0.77705,1.69,1.13
2013.07.05 12:36:27.180,0.7768,0.77694,1.69,1.50
2013.07.05 12:36:27.370,0.77677,0.77701,1.69,1.50
2013.07.05 12:36:27.499,0.77675,0.77701,1.69,1.50
2013.07.05 12:36:27.738,0.77677,0.77702,1.69,1.50
2013.07.05 12:36:28.637,0.7768,0.77709,2.25,1.50
2013.07.05 12:36:29.417,0.77682,0.77711,2.44,1.50
2013.07.05 12:36:37.461,0.77684,0.77704,1.69,1.50
2013.07.05 12:36:38.478,0.77684,0.77703,1.69,1.50
2013.07.05 12:36:38.660,0.77679,0.77696,2.44,2.25
2013.07.05 12:36:38.789,0.7768,0.77704,2.44,2.25
2013.07.05 12:36:38.848,0.77685,0.77704,2.25,1.50
2013.07.05 12:36:39.028,0.77685,0.77704,2.33,1.50
2013.07.05 12:36:39.268,0.77688,0.77706,1.02,1.50
2013.07.05 12:36:39.328,0.7769,0.77706,1.50,1.50
2013.07.05 12:36:39.449,0.77688,0.77706,1.02,1.50
2013.07.05 12:36:39.752,0.77688,0.77705,1.02,1.50
2013.07.05 12:36:39.998,0.7769,0.77709,2.25,1.50
2013.07.05 12:36:40.059,0.7769,0.77714,3.19,2.25
2013.07.05 12:36:40.120,0.77692,0.77714,2.25,1.50
2013.07.05 12:36:40.358,0.77695,0.77714,2.25,1.50
2013.07.05 12:36:40.720,0.77692,0.77721,4.69,1.50
2013.07.05 12:36:42.392,0.777,0.77724,2.25,3.00
2013.07.05 12:36:42.642,0.77699,0.77725,1.69,1.50
2013.07.05 12:36:42.769,0.77697,0.77725,1.69,2.25
2013.07.05 12:36:42.892,0.77695,0.77721,2.44,1.50
2013.07.05 12:36:43.210,0.77693,0.7772,2.44,1.50
2013.07.05 12:36:43.339,0.77693,0.7772,1.69,1.50
2013.07.05 12:36:43.412,0.77691,0.7772,1.69,3.00
2013.07.05 12:36:43.720,0.77699,0.77715,1.50,1.50
2013.07.05 12:36:43.839,0.77691,0.77715,1.13,2.44
2013.07.05 12:36:43.899,0.77691,0.77715,1.13,1.69
2013.07.05 12:36:44.080,0.7769,0.77715,1.13,2.25
2013.07.05 12:36:44.213,0.77689,0.77714,1.13,1.50
2013.07.05 12:36:44.458,0.77687,0.77714,1.50,1.50
2013.07.05 12:36:45.559,0.77687,0.77715,1.58,1.50
2013.07.05 12:36:48.391,0.77686,0.77715,2.33,1.50
2013.07.05 12:36:48.459,0.77684,0.77712,2.33,1.50
2013.07.05 12:36:48.998,0.77688,0.77714,1.43,2.10
2013.07.05 12:36:49.366,0.77688,0.77713,1.35,1.50
2013.07.05 12:36:49.442,0.7768,0.77711,2.44,1.50
2013.07.05 12:36:49.644,0.77681,0.77711,2.25,1.69
2013.07.05 12:36:49.959,0.7768,0.77709,1.50,1.50
2013.07.05 12:36:50.754,0.7768,0.77709,1.50,1.50
2013.07.05 12:36:51.069,0.77687,0.77711,1.50,1.50
2013.07.05 12:36:51.371,0.77713,0.77726,2.25,1.50
2013.07.05 12:36:51.440,0.77708,0.77726,1.50,1.50
2013.07.05 12:36:51.570,0.77707,0.77725,1.50,2.10
2013.07.05 12:36:51.820,0.77704,0.77732,1.50,2.25
2013.07.05 12:36:51.879,0.77703,0.77732,2.25,2.25
2013.07.05 12:36:51.940,0.777,0.77729,1.50,3.00
2013.07.05 12:36:52.189,0.777,0.77729,3.00,1.69
2013.07.05 12:36:52.549,0.77695,0.7772,1.35,1.50
2013.07.05 12:36:52.671,0.77693,0.7772,1.50,1.50
2013.07.05 12:36:52.979,0.77694,0.77724,2.25,1.69
2013.07.05 12:36:53.700,0.77692,0.77721,2.25,1.50
2013.07.05 12:36:54.059,0.7769,0.7772,1.50,1.86
2013.07.05 12:36:54.120,0.7769,0.7772,1.50,1.50
2013.07.05 12:36:54.500,0.7769,0.7772,1.50,1.50
2013.07.05 12:36:54.810,0.77687,0.77713,1.50,1.50
2013.07.05 12:36:55.349,0.77687,0.77713,1.50,1.69
2013.07.05 12:36:55.829,0.77687,0.77713,1.50,2.44
2013.07.05 12:36:56.188,0.77687,0.77707,1.50,2.44
2013.07.05 12:36:56.812,0.77687,0.77708,1.50,1.69
2013.07.05 12:36:57.011,0.77687,0.77709,1.50,1.69
2013.07.05 12:36:57.500,0.77673,0.77703,1.69,2.25
2013.07.05 12:36:57.560,0.77674,0.77708,2.25,2.44
2013.07.05 12:36:57.918,0.77677,0.7771,2.25,1.69
2013.07.05 12:36:59.121,0.77676,0.7771,2.25,3.19
2013.07.05 12:37:00.110,0.77675,0.77709,2.44,2.25
2013.07.05 12:37:04.439,0.77675,0.77704,2.25,1.50
2013.07.05 12:37:04.739,0.77668,0.77694,1.69,1.50
2013.07.05 12:37:04.859,0.7767,0.77697,1.50,1.50
2013.07.05 12:37:04.979,0.7767,0.77697,1.50,1.50
2013.07.05 12:37:05.289,0.7767,0.77696,1.50,3.22
2013.07.05 12:37:05.408,0.77664,0.77693,1.50,2.70
2013.07.05 12:37:05.589,0.77662,0.77678,1.50,1.13
2013.07.05 12:37:05.650,0.77657,0.77678,2.25,1.13
2013.07.05 12:37:05.839,0.77657,0.77678,1.13,1.13
2013.07.05 12:37:06.140,0.77654,0.77677,1.13,1.13
2013.07.05 12:37:06.212,0.77649,0.77675,1.13,1.50
2013.07.05 12:37:06.458,0.77647,0.77673,1.50,1.88
2013.07.05 12:37:07.210,0.77647,0.77673,1.50,1.50
2013.07.05 12:37:07.691,0.77643,0.77671,1.69,1.50
2013.07.05 12:37:08.908,0.77644,0.77673,2.25,1.69
2013.07.05 12:37:09.450,0.77659,0.77675,2.25,1.69
2013.07.05 12:37:09.510,0.77663,0.77683,1.20,1.50
2013.07.05 12:37:09.580,0.77673,0.77683,1.50,1.50
2013.07.05 12:37:09.638,0.77673,0.77692,2.48,1.32
2013.07.05 12:37:09.701,0.77688,0.77699,2.25,1.50
2013.07.05 12:37:09.828,0.7769,0.77701,1.88,1.13
2013.07.05 12:37:09.888,0.77689,0.77702,1.88,1.50
2013.07.05 12:37:10.008,0.77686,0.77708,1.32,1.50
2013.07.05 12:37:10.251,0.77684,0.77708,1.13,3.75
2013.07.05 12:37:10.562,0.77679,0.77703,1.50,2.25
2013.07.05 12:37:10.629,0.77669,0.77703,3.00,2.44
2013.07.05 12:37:10.689,0.77669,0.77698,1.50,2.25
2013.07.05 12:37:10.991,0.77662,0.77694,2.82,1.50
2013.07.05 12:37:11.300,0.77654,0.77688,4.02,2.25
2013.07.05 12:37:11.849,0.77654,0.77683,2.25,1.69
2013.07.05 12:37:12.150,0.77654,0.77679,2.25,2.44
2013.07.05 12:37:12.329,0.77649,0.77678,2.25,1.69
2013.07.05 12:37:12.449,0.77646,0.77675,1.13,2.25
2013.07.05 12:37:12.942,0.77646,0.77678,3.00,1.69
2013.07.05 12:37:13.249,0.7764,0.77668,1.69,1.50
2013.07.05 12:37:13.310,0.77635,0.77664,2.33,1.50
2013.07.05 12:37:13.371,0.77632,0.77656,1.77,1.50
2013.07.05 12:37:13.499,0.77633,0.77656,1.50,1.50
2013.07.05 12:37:13.800,0.77634,0.77656,1.69,1.50
2013.07.05 12:37:14.340,0.77635,0.77661,1.69,2.25
2013.07.05 12:37:14.590,0.77637,0.77661,1.50,1.50
2013.07.05 12:37:15.289,0.7765,0.77679,2.25,1.50
2013.07.05 12:37:15.419,0.7765,0.77679,1.69,3.00
2013.07.05 12:37:15.539,0.7765,0.77679,1.69,3.00
2013.07.05 12:37:15.719,0.77652,0.77684,2.44,1.50
2013.07.05 12:37:16.199,0.77656,0.77686,2.25,1.58
2013.07.05 12:37:16.500,0.77659,0.77686,3.19,1.58
2013.07.05 12:37:16.809,0.77651,0.77673,1.69,1.13
2013.07.05 12:37:16.929,0.77646,0.77674,2.25,1.13
2013.07.05 12:37:17.110,0.77646,0.77675,2.25,1.50
2013.07.05 12:37:17.171,0.77637,0.77663,2.59,1.50
2013.07.05 12:37:17.659,0.77637,0.77666,1.50,2.25
2013.07.05 12:37:18.019,0.77631,0.77648,1.69,2.25
2013.07.05 12:37:18.080,0.77627,0.7764,1.50,1.13
2013.07.05 12:37:18.268,0.77613,0.77641,2.25,1.50
2013.07.05 12:37:18.388,0.77609,0.77647,1.69,1.69
2013.07.05 12:37:18.508,0.77616,0.77643,1.50,1.50
2013.07.05 12:37:18.690,0.77621,0.77652,2.25,1.13
2013.07.05 12:37:19.000,0.77621,0.77652,1.69,1.13
2013.07.05 12:37:19.540,0.77621,0.7765,2.44,1.50
2013.07.05 12:37:20.100,0.77617,0.77637,1.69,2.25
2013.07.05 12:37:20.220,0.77614,0.77632,2.03,1.50
2013.07.05 12:37:20.350,0.77614,0.77632,1.28,1.50
2013.07.05 12:37:20.828,0.77614,0.7763,1.28,1.50
2013.07.05 12:37:21.250,0.77611,0.77634,1.50,1.50
2013.07.05 12:37:21.548,0.77614,0.77634,1.50,1.50
2013.07.05 12:37:21.908,0.77614,0.77632,1.58,1.50
2013.07.05 12:37:23.501,0.77608,0.77631,1.50,1.50
2013.07.05 12:37:24.669,0.77605,0.77631,1.58,3.00
2013.07.05 12:37:25.091,0.77602,0.77627,2.33,3.00
2013.07.05 12:37:25.398,0.77605,0.77619,2.33,1.50
2013.07.05 12:37:25.458,0.77605,0.77627,2.33,1.50
2013.07.05 12:37:25.520,0.77605,0.77628,2.33,1.50
2013.07.05 12:37:25.709,0.77609,0.77628,1.50,1.50
2013.07.05 12:37:26.010,0.77605,0.7762,3.00,1.50
2013.07.05 12:37:26.140,0.77605,0.77625,3.00,1.13
2013.07.05 12:37:26.207,0.77605,0.77628,2.25,1.50
2013.07.05 12:37:26.328,0.77605,0.77628,3.00,1.50
2013.07.05 12:37:26.447,0.77609,0.77631,2.25,1.50
2013.07.05 12:37:27.599,0.77607,0.77631,1.50,4.02
2013.07.05 12:37:27.722,0.77605,0.7763,1.50,1.50
2013.07.05 12:37:27.910,0.77605,0.77624,1.50,1.50
2013.07.05 12:37:28.276,0.77602,0.77624,1.50,2.25
2013.07.05 12:37:28.819,0.77601,0.77624,3.75,2.25
2013.07.05 12:37:29.139,0.77605,0.77624,1.50,2.25
2013.07.05 12:37:29.560,0.77605,0.77624,1.50,2.25
2013.07.05 12:37:29.749,0.77598,0.77621,3.75,1.50
2013.07.05 12:37:30.336,0.77598,0.77618,3.75,3.00
2013.07.05 12:37:30.668,0.77598,0.77618,3.00,3.00
2013.07.05 12:37:30.729,0.77601,0.77616,1.50,1.80
2013.07.05 12:37:30.908,0.77597,0.77616,1.50,2.85
2013.07.05 12:37:33.339,0.77598,0.77616,1.50,2.85
2013.07.05 12:37:34.419,0.77598,0.77618,3.00,3.19
2013.07.05 12:37:34.969,0.77601,0.77618,2.25,3.94
2013.07.05 12:37:35.271,0.77587,0.77608,1.50,4.50
2013.07.05 12:37:35.330,0.77584,0.77608,2.25,4.50
2013.07.05 12:37:35.399,0.77582,0.77599,2.25,1.50
2013.07.05 12:37:35.520,0.77579,0.77595,2.25,1.50
2013.07.05 12:37:35.641,0.77576,0.77593,1.13,1.50
2013.07.05 12:37:36.189,0.7757,0.77593,1.50,1.50
2013.07.05 12:37:36.428,0.77567,0.77593,1.58,1.50
2013.07.05 12:37:36.669,0.77561,0.7759,2.33,1.50
2013.07.05 12:37:36.743,0.77567,0.7759,5.25,1.50
2013.07.05 12:37:37.110,0.77574,0.77598,1.58,1.69
2013.07.05 12:37:37.181,0.77574,0.77598,1.58,1.69
2013.07.05 12:37:37.489,0.77583,0.77603,1.65,1.69
2013.07.05 12:37:37.670,0.77584,0.77604,1.65,1.50
2013.07.05 12:37:38.218,0.77584,0.77602,1.65,1.50
2013.07.05 12:37:38.789,0.77587,0.77612,1.50,2.44
2013.07.05 12:37:39.768,0.77581,0.7761,2.25,1.50
2013.07.05 12:37:39.870,0.77584,0.77612,2.33,1.69
2013.07.05 12:37:40.120,0.77595,0.77613,1.58,1.50
2013.07.05 12:37:40.432,0.77595,0.7762,1.50,1.13
2013.07.05 12:37:40.499,0.77595,0.77623,1.50,1.13
2013.07.05 12:37:40.683,0.77588,0.7762,2.25,1.13
2013.07.05 12:37:41.122,0.77586,0.77619,2.25,1.50
2013.07.05 12:37:42.639,0.7759,0.77619,2.25,1.69
2013.07.05 12:37:43.178,0.7759,0.77622,2.25,1.69
2013.07.05 12:37:43.718,0.77588,0.77622,2.25,3.19
2013.07.05 12:37:44.079,0.7759,0.77619,2.25,2.44
2013.07.05 12:37:44.139,0.77581,0.77614,2.25,1.50
2013.07.05 12:37:44.380,0.77591,0.7762,2.25,3.19
2013.07.05 12:37:44.628,0.77591,0.7762,2.25,1.69
2013.07.05 12:37:44.690,0.77596,0.77621,1.50,2.82
2013.07.05 12:37:45.000,0.77603,0.77628,2.25,1.09
2013.07.05 12:37:45.610,0.77601,0.77626,1.13,3.90
2013.07.05 12:37:45.969,0.77592,0.77615,3.00,1.50
2013.07.05 12:37:46.540,0.77592,0.77615,2.25,1.65
2013.07.05 12:37:46.908,0.77592,0.77615,2.25,1.50
2013.07.05 12:37:47.449,0.77591,0.77615,1.50,1.50
2013.07.05 12:37:48.100,0.77593,0.77615,2.25,1.50
2013.07.05 12:37:48.650,0.77598,0.77615,1.50,1.13
2013.07.05 12:37:48.838,0.77598,0.77619,2.25,1.13
2013.07.05 12:37:48.900,0.77601,0.77619,1.50,1.13
2013.07.05 12:37:49.209,0.77604,0.77621,2.63,1.13
2013.07.05 12:37:49.510,0.77604,0.77626,4.88,2.33
2013.07.05 12:37:50.120,0.77607,0.77624,1.50,1.50
2013.07.05 12:37:50.431,0.77609,0.77624,2.25,1.50
2013.07.05 12:37:50.500,0.77604,0.77622,3.00,1.13
2013.07.05 12:37:50.568,0.77604,0.77622,3.00,1.50
2013.07.05 12:37:50.869,0.77604,0.77622,1.50,1.50
2013.07.05 12:37:51.169,0.77601,0.77622,1.88,1.50
2013.07.05 12:37:51.678,0.77604,0.77623,1.13,1.13
2013.07.05 12:37:52.938,0.77605,0.77623,1.50,1.13
2013.07.05 12:37:53.058,0.77605,0.77627,1.50,3.08
2013.07.05 12:37:53.298,0.77605,0.77627,1.50,1.58
2013.07.05 12:37:53.838,0.77603,0.77627,1.88,2.33
2013.07.05 12:37:53.898,0.77603,0.77626,1.88,2.33
2013.07.05 12:37:54.018,0.77603,0.77626,1.88,1.58
2013.07.05 12:37:54.138,0.77606,0.77629,1.50,1.20
2013.07.05 12:37:54.499,0.77606,0.77629,1.50,1.95
2013.07.05 12:37:54.869,0.77606,0.7763,1.50,1.58
2013.07.05 12:37:54.929,0.77607,0.77633,1.50,1.95
2013.07.05 12:37:55.168,0.77608,0.77633,1.13,2.25
2013.07.05 12:37:55.589,0.77608,0.77637,1.50,2.25
2013.07.05 12:37:55.950,0.77611,0.77637,1.13,2.25
2013.07.05 12:37:56.625,0.77613,0.77642,1.13,2.25
2013.07.05 12:37:56.718,0.77615,0.77644,2.63,1.50
2013.07.05 12:37:56.850,0.77615,0.77644,2.63,1.50
2013.07.05 12:37:56.920,0.77611,0.77641,1.50,1.50
2013.07.05 12:37:57.460,0.77611,0.77641,3.00,1.50
2013.07.05 12:37:57.710,0.77611,0.77636,3.00,2.05
2013.07.05 12:37:57.839,0.77611,0.77631,1.50,1.58
2013.07.05 12:37:57.901,0.77609,0.77626,1.13,1.58
2013.07.05 12:37:58.090,0.77604,0.77626,1.50,1.58
2013.07.05 12:37:58.149,0.77604,0.77626,1.50,2.70
2013.07.05 12:37:58.569,0.77604,0.77626,1.50,1.20
2013.07.05 12:37:58.748,0.77604,0.77626,1.50,3.45
2013.07.05 12:37:59.049,0.77604,0.77626,1.50,1.13
2013.07.05 12:37:59.588,0.77608,0.77633,1.13,2.33
2013.07.05 12:38:00.729,0.77607,0.77633,3.00,1.58
2013.07.05 12:38:00.790,0.77607,0.77632,1.50,1.62
2013.07.05 12:38:00.909,0.77606,0.77629,1.35,1.13
2013.07.05 12:38:01.540,0.77606,0.77629,1.35,1.13
2013.07.05 12:38:01.669,0.77605,0.77629,1.50,1.13
2013.07.05 12:38:01.801,0.77605,0.77626,1.50,2.83
2013.07.05 12:38:01.930,0.77602,0.77626,1.50,5.08
2013.07.05 12:38:02.350,0.77607,0.77626,1.50,2.74
2013.07.05 12:38:02.890,0.77607,0.77626,2.10,1.70
2013.07.05 12:38:03.639,0.77603,0.77626,2.25,3.24
2013.07.05 12:38:04.918,0.77604,0.77626,1.73,3.49
2013.07.05 12:38:05.430,0.776,0.77616,1.35,1.88
2013.07.05 12:38:05.918,0.77596,0.77615,1.50,1.50
2013.07.05 12:38:06.219,0.77591,0.77599,1.50,1.50
2013.07.05 12:38:06.469,0.77584,0.77596,3.15,2.63
2013.07.05 12:38:06.589,0.77581,0.77596,1.50,1.88
2013.07.05 12:38:06.708,0.7758,0.77596,1.50,1.13
2013.07.05 12:38:06.769,0.7758,0.77591,1.50,1.50
2013.07.05 12:38:07.550,0.77576,0.77594,2.25,1.13
2013.07.05 12:38:07.741,0.77569,0.77594,1.50,1.50
2013.07.05 12:38:07.811,0.77569,0.77594,1.69,1.13
2013.07.05 12:38:07.881,0.77568,0.77594,2.44,1.13
2013.07.05 12:38:08.130,0.7757,0.77598,1.13,2.25
2013.07.05 12:38:08.200,0.77576,0.77602,1.50,2.40
2013.07.05 12:38:08.440,0.7758,0.77605,1.50,1.50
2013.07.05 12:38:08.749,0.7758,0.77602,1.50,1.13
2013.07.05 12:38:08.809,0.7758,0.77605,1.50,1.13
2013.07.05 12:38:08.932,0.77575,0.77597,1.50,1.13
2013.07.05 12:38:09.250,0.77574,0.77596,1.50,1.88
2013.07.05 12:38:10.710,0.77574,0.77598,1.50,1.88
2013.07.05 12:38:11.011,0.77584,0.77607,2.25,1.35
2013.07.05 12:38:11.142,0.77584,0.77613,2.25,1.50
2013.07.05 12:38:11.389,0.77585,0.77615,1.50,1.13
2013.07.05 12:38:11.629,0.77586,0.77615,2.25,1.13
2013.07.05 12:38:11.989,0.77587,0.77614,1.50,1.50
2013.07.05 12:38:13.303,0.77588,0.77615,2.25,1.50
2013.07.05 12:38:13.620,0.77597,0.77621,1.95,1.13
2013.07.05 12:38:13.982,0.776,0.77626,3.00,1.09
2013.07.05 12:38:14.289,0.77609,0.77626,1.50,1.29
2013.07.05 12:38:14.469,0.77606,0.7764,2.25,1.69
2013.07.05 12:38:14.589,0.77607,0.77636,1.69,2.25
2013.07.05 12:38:14.903,0.7761,0.77634,2.25,1.50
2013.07.05 12:38:15.209,0.7761,0.77639,3.00,1.58
2013.07.05 12:38:15.390,0.77611,0.77641,1.50,1.50
2013.07.05 12:38:15.929,0.77615,0.77643,1.50,1.50
2013.07.05 12:38:16.111,0.7762,0.77647,3.00,1.58
2013.07.05 12:38:16.678,0.7762,0.77647,1.50,2.33
2013.07.05 12:38:16.861,0.77617,0.77643,1.50,1.50
2013.07.05 12:38:17.408,0.77617,0.77644,1.50,1.50
2013.07.05 12:38:17.948,0.77617,0.77643,1.50,1.50
2013.07.05 12:38:18.008,0.77617,0.77643,1.50,1.88
2013.07.05 12:38:18.250,0.77614,0.77636,1.50,3.00
2013.07.05 12:38:18.368,0.77614,0.77636,1.50,1.50
2013.07.05 12:38:18.490,0.77614,0.77641,2.25,1.58
2013.07.05 12:38:18.549,0.77614,0.77643,2.25,3.19
2013.07.05 12:38:18.609,0.77611,0.77641,1.50,3.00
2013.07.05 12:38:18.668,0.7761,0.77636,2.25,1.50
2013.07.05 12:38:18.849,0.77611,0.7764,1.50,1.69
2013.07.05 12:38:18.909,0.77612,0.77641,2.25,2.44
2013.07.05 12:38:19.030,0.77612,0.77641,2.25,1.50
2013.07.05 12:38:19.399,0.77617,0.77641,1.88,2.25
2013.07.05 12:38:19.519,0.77617,0.77641,1.88,1.50
2013.07.05 12:38:19.638,0.77617,0.77641,1.88,1.50
2013.07.05 12:38:19.940,0.77617,0.77643,3.38,1.50
2013.07.05 12:38:20.301,0.77617,0.77644,2.25,1.50
2013.07.05 12:38:20.370,0.77617,0.77643,3.60,1.50
2013.07.05 12:38:20.669,0.77619,0.77645,1.13,2.25
2013.07.05 12:38:20.729,0.77614,0.77638,3.19,1.50
2013.07.05 12:38:20.849,0.77617,0.77644,1.35,2.25
2013.07.05 12:38:20.909,0.77617,0.77644,2.10,2.25
2013.07.05 12:38:21.219,0.77619,0.77643,1.13,1.50
2013.07.05 12:38:21.340,0.77619,0.77643,1.13,1.50
2013.07.05 12:38:22.047,0.77614,0.77638,1.69,1.50
2013.07.05 12:38:22.148,0.77634,0.77651,2.25,1.13
2013.07.05 12:38:22.672,0.77634,0.77652,2.25,1.88
2013.07.05 12:38:22.989,0.77632,0.77653,2.25,1.13
2013.07.05 12:38:23.109,0.7763,0.77653,1.50,1.13
2013.07.05 12:38:23.469,0.77632,0.77653,2.25,1.13
2013.07.05 12:38:23.778,0.77637,0.77654,2.25,1.13
2013.07.05 12:38:23.898,0.77627,0.77653,3.00,1.13
2013.07.05 12:38:24.139,0.77627,0.77654,1.50,2.25
2013.07.05 12:38:24.440,0.77627,0.77653,1.50,1.20
2013.07.05 12:38:24.679,0.77627,0.7765,1.50,1.13
2013.07.05 12:38:24.861,0.77624,0.77649,1.50,1.50
2013.07.05 12:38:24.990,0.77624,0.77646,1.50,3.08
2013.07.05 12:38:25.529,0.77625,0.77646,1.13,2.33
2013.07.05 12:38:25.889,0.77627,0.77649,1.13,1.13
2013.07.05 12:38:25.948,0.77624,0.77648,1.50,1.50
2013.07.05 12:38:26.488,0.77624,0.77648,1.88,1.50
2013.07.05 12:38:26.848,0.77624,0.77648,2.48,1.50
2013.07.05 12:38:27.029,0.77627,0.7765,1.13,1.13
2013.07.05 12:38:27.208,0.77628,0.77653,1.13,1.88
2013.07.05 12:38:29.002,0.77628,0.77653,1.50,1.50
2013.07.05 12:38:29.309,0.77634,0.77657,1.58,2.25
2013.07.05 12:38:29.670,0.77646,0.77663,2.25,1.50
2013.07.05 12:38:29.741,0.77646,0.77672,2.25,1.69
2013.07.05 12:38:29.871,0.77648,0.77677,2.25,1.69
2013.07.05 12:38:30.002,0.77654,0.7768,1.28,1.50
2013.07.05 12:38:30.663,0.7766,0.77682,2.48,2.25
2013.07.05 12:38:30.798,0.77664,0.77686,1.50,2.02
2013.07.05 12:38:30.860,0.77664,0.77686,1.50,2.02
2013.07.05 12:38:31.039,0.77666,0.77689,1.50,1.20
2013.07.05 12:38:31.111,0.77666,0.77689,1.50,1.20
2013.07.05 12:38:31.181,0.77668,0.77689,1.13,1.27
2013.07.05 12:38:31.248,0.77668,0.77689,1.13,1.20
2013.07.05 12:38:31.431,0.77668,0.77694,1.13,1.50
2013.07.05 12:38:31.979,0.77668,0.77695,2.07,2.25
2013.07.05 12:38:32.108,0.77668,0.77695,2.07,2.25
2013.07.05 12:38:32.290,0.77675,0.777,1.32,2.25
2013.07.05 12:38:32.360,0.77674,0.777,1.32,2.25
2013.07.05 12:38:32.430,0.77677,0.77703,1.32,2.25
2013.07.05 12:38:32.551,0.77678,0.77706,1.32,1.50
2013.07.05 12:38:32.622,0.77688,0.77715,2.25,1.69
2013.07.05 12:38:32.932,0.7769,0.77717,2.25,1.69
2013.07.05 12:38:33.000,0.7769,0.77719,2.25,3.19
2013.07.05 12:38:33.299,0.77685,0.7771,1.50,1.50
2013.07.05 12:38:33.421,0.77691,0.77715,2.25,1.69
2013.07.05 12:38:33.488,0.77691,0.77717,2.25,2.44
2013.07.05 12:38:33.608,0.7769,0.77719,3.00,1.69
2013.07.05 12:38:33.669,0.77695,0.7772,2.25,1.69
2013.07.05 12:38:34.779,0.77695,0.77724,2.25,1.50
2013.07.05 12:38:34.899,0.77695,0.77726,2.25,1.02
2013.07.05 12:38:35.337,0.77695,0.77724,2.25,1.69
2013.07.05 12:38:35.401,0.77691,0.77721,1.50,1.50
2013.07.05 12:38:36.129,0.77695,0.77719,1.50,1.50
2013.07.05 12:38:36.249,0.77697,0.77722,1.50,1.50
2013.07.05 12:38:36.368,0.77697,0.77723,1.58,1.50
2013.07.05 12:38:36.550,0.77697,0.77724,1.50,1.88
2013.07.05 12:38:36.673,0.77698,0.77724,3.00,1.50
2013.07.05 12:38:36.979,0.77698,0.77724,1.50,1.88
2013.07.05 12:38:37.161,0.77698,0.77726,3.00,1.02
2013.07.05 12:38:37.470,0.77708,0.77731,2.25,1.02
2013.07.05 12:38:37.949,0.7771,0.77733,1.13,1.58
2013.07.05 12:38:38.189,0.77707,0.77732,1.50,1.58
2013.07.05 12:38:38.905,0.77704,0.77728,2.10,1.58
2013.07.05 12:38:38.987,0.77704,0.77727,1.35,1.02
2013.07.05 12:38:39.560,0.77703,0.77727,1.35,1.65
2013.07.05 12:38:39.918,0.77697,0.77716,2.10,1.50
2013.07.05 12:38:39.978,0.77695,0.77716,2.25,2.63
2013.07.05 12:38:40.949,0.77695,0.77715,1.13,1.13
2013.07.05 12:38:41.252,0.77693,0.77717,1.13,1.50
2013.07.05 12:38:41.381,0.77693,0.77721,1.13,2.40
2013.07.05 12:38:41.509,0.77698,0.77722,1.50,1.65
2013.07.05 12:38:41.570,0.77698,0.77722,1.50,1.50
2013.07.05 12:38:41.631,0.77697,0.77716,1.50,1.50
2013.07.05 12:38:41.941,0.77713,0.77728,1.35,1.69
2013.07.05 12:38:42.009,0.77718,0.77734,2.25,3.00
2013.07.05 12:38:42.068,0.77718,0.77736,2.25,1.50
2013.07.05 12:38:42.189,0.77728,0.77739,1.50,1.65
2013.07.05 12:38:42.489,0.77724,0.77741,1.73,1.65
2013.07.05 12:38:43.268,0.77723,0.77746,2.82,2.33
2013.07.05 12:38:43.327,0.77723,0.77746,2.82,1.58
2013.07.05 12:38:43.810,0.77725,0.77748,1.72,1.50
2013.07.05 12:38:44.119,0.77731,0.77756,1.50,2.04
2013.07.05 12:38:44.360,0.77725,0.77746,2.62,1.58
2013.07.05 12:38:44.480,0.77723,0.77745,1.50,1.50
2013.07.05 12:38:44.612,0.77722,0.77749,3.37,1.50
2013.07.05 12:38:44.679,0.77726,0.7775,1.50,1.50
2013.07.05 12:38:44.868,0.77726,0.77751,1.12,1.50
2013.07.05 12:38:45.350,0.77726,0.7775,1.12,2.25
2013.07.05 12:38:45.659,0.77726,0.77751,1.12,2.25
2013.07.05 12:38:45.962,0.77725,0.7775,2.62,2.25
2013.07.05 12:38:46.269,0.77725,0.77747,2.25,3.00
2013.07.05 12:38:46.869,0.77723,0.77745,2.25,2.25
2013.07.05 12:38:47.747,0.7772,0.77736,1.50,3.38
2013.07.05 12:38:48.059,0.77715,0.7773,1.50,1.58
2013.07.05 12:38:48.129,0.77712,0.7773,2.10,1.58
2013.07.05 12:38:48.190,0.77712,0.7773,1.35,1.50
2013.07.05 12:38:48.251,0.77711,0.77726,1.73,1.50
2013.07.05 12:38:48.382,0.77711,0.77733,1.73,1.50
2013.07.05 12:38:48.450,0.77713,0.77737,1.13,2.25
2013.07.05 12:38:48.931,0.77711,0.7773,1.73,1.50
2013.07.05 12:38:49.000,0.77711,0.7773,1.73,1.50
2013.07.05 12:38:49.068,0.77711,0.77731,1.73,1.50
2013.07.05 12:38:49.308,0.77711,0.7773,1.35,1.50
2013.07.05 12:38:49.610,0.77715,0.77737,1.13,1.50
2013.07.05 12:38:49.916,0.77717,0.77739,1.88,1.35
2013.07.05 12:38:50.440,0.77714,0.77737,1.50,1.50
2013.07.05 12:38:50.931,0.77714,0.77743,2.10,3.94
2013.07.05 12:38:51.118,0.77717,0.77743,1.50,1.50
2013.07.05 12:38:51.359,0.77717,0.77743,1.50,1.50
2013.07.05 12:38:51.720,0.77718,0.77745,1.13,1.13
2013.07.05 12:38:52.079,0.77732,0.77757,2.25,3.19
2013.07.05 12:38:52.600,0.77732,0.77757,2.25,1.69
2013.07.05 12:38:52.959,0.77737,0.77757,2.25,1.69
2013.07.05 12:38:53.018,0.77737,0.77764,2.25,1.50
2013.07.05 12:38:53.199,0.77745,0.77769,2.25,1.02
2013.07.05 12:38:53.319,0.77741,0.77769,1.50,2.52
2013.07.05 12:38:53.620,0.7774,0.77769,2.25,1.69
2013.07.05 12:38:53.692,0.77755,0.7777,2.25,1.69
2013.07.05 12:38:53.880,0.77752,0.7777,2.25,1.69
2013.07.05 12:38:54.180,0.77748,0.77774,1.50,1.50
2013.07.05 12:38:54.420,0.7775,0.77775,1.50,1.69
2013.07.05 12:38:54.542,0.7775,0.77778,2.25,1.69
2013.07.05 12:38:54.979,0.77759,0.77784,2.25,2.82
2013.07.05 12:38:55.339,0.77762,0.77784,2.25,1.32
2013.07.05 12:38:55.398,0.77759,0.77783,2.25,1.69
2013.07.05 12:38:56.337,0.77759,0.77781,2.25,1.69
2013.07.05 12:38:56.860,0.77772,0.77781,1.50,1.69
2013.07.05 12:38:56.929,0.77772,0.77784,2.25,1.13
2013.07.05 12:38:57.231,0.77762,0.77786,2.25,1.02
2013.07.05 12:38:57.359,0.77762,0.77786,2.25,2.52
2013.07.05 12:38:57.421,0.77758,0.77786,2.25,1.77
2013.07.05 12:38:57.669,0.7776,0.77784,2.25,1.28
2013.07.05 12:38:57.909,0.77758,0.77784,2.25,1.28
2013.07.05 12:38:57.971,0.77758,0.77784,2.25,2.03
2013.07.05 12:38:58.531,0.77756,0.77783,2.25,1.69
2013.07.05 12:38:58.840,0.77765,0.77782,2.25,1.69
2013.07.05 12:38:59.088,0.77765,0.77789,2.25,1.02
2013.07.05 12:38:59.629,0.77763,0.7779,2.25,1.02
2013.07.05 12:38:59.750,0.77761,0.7779,2.25,1.77
2013.07.05 12:39:00.190,0.77763,0.77791,1.13,1.69
2013.07.05 12:39:00.263,0.7777,0.77793,2.25,1.39
2013.07.05 12:39:00.394,0.77763,0.7779,1.13,1.95
2013.07.05 12:39:00.710,0.77767,0.77791,1.50,1.02
2013.07.05 12:39:01.189,0.77763,0.77787,1.35,1.58
2013.07.05 12:39:01.370,0.77768,0.77791,2.25,1.02
2013.07.05 12:39:01.731,0.77773,0.77797,2.25,1.32
2013.07.05 12:39:01.922,0.77766,0.77791,1.13,1.58
2013.07.05 12:39:02.469,0.77761,0.7779,3.00,3.23
2013.07.05 12:39:02.589,0.77761,0.77783,3.00,1.50
2013.07.05 12:39:02.709,0.77761,0.77776,1.50,1.50
2013.07.05 12:39:03.250,0.77756,0.77776,2.25,1.50
2013.07.05 12:39:03.319,0.77755,0.77776,1.50,1.50
2013.07.05 12:39:03.560,0.77755,0.77776,1.58,1.50
2013.07.05 12:39:04.739,0.77755,0.77776,1.58,1.50
2013.07.05 12:39:04.799,0.77755,0.77778,1.58,1.20
2013.07.05 12:39:04.858,0.77758,0.77778,2.33,1.20
2013.07.05 12:39:04.919,0.77758,0.77784,3.08,2.44
2013.07.05 12:39:04.979,0.77758,0.77784,3.08,1.50
2013.07.05 12:39:05.159,0.77758,0.77785,1.58,2.25
2013.07.05 12:39:05.700,0.77764,0.77786,1.35,2.25
2013.07.05 12:39:06.249,0.77765,0.7779,1.73,2.25
2013.07.05 12:39:06.728,0.77767,0.77792,1.13,2.25
2013.07.05 12:39:06.908,0.77767,0.77792,1.13,2.25
2013.07.05 12:39:06.968,0.7777,0.77798,1.88,1.69
2013.07.05 12:39:07.089,0.77771,0.77801,1.50,1.50
2013.07.05 12:39:07.270,0.77771,0.77798,1.50,1.65
2013.07.05 12:39:07.328,0.77771,0.77801,1.50,1.65
2013.07.05 12:39:07.448,0.77771,0.77801,1.50,1.65
2013.07.05 12:39:07.629,0.7777,0.77787,1.88,1.09
2013.07.05 12:39:07.689,0.77765,0.77777,2.44,1.88
2013.07.05 12:39:07.748,0.77765,0.77777,1.50,1.50
2013.07.05 12:39:07.809,0.77762,0.77771,2.25,1.50
2013.07.05 12:39:07.868,0.77763,0.77773,1.50,1.13
2013.07.05 12:39:08.108,0.77763,0.7778,1.50,1.50
2013.07.05 12:39:08.168,0.77758,0.7778,1.50,1.50
2013.07.05 12:39:08.348,0.77758,0.77782,2.48,1.50
2013.07.05 12:39:08.890,0.77758,0.7778,3.75,1.50
2013.07.05 12:39:09.080,0.77762,0.77784,1.13,1.50
2013.07.05 12:39:09.262,0.77764,0.77787,1.73,3.00
2013.07.05 12:39:10.014,0.77764,0.77786,1.35,2.78
2013.07.05 12:39:10.080,0.77762,0.77781,1.50,1.65
2013.07.05 12:39:10.213,0.77761,0.77779,1.50,1.65
2013.07.05 12:39:10.640,0.77757,0.7778,1.13,1.65
2013.07.05 12:39:10.769,0.77756,0.77777,1.13,1.50
2013.07.05 12:39:10.949,0.77755,0.77776,1.50,1.50
2013.07.05 12:39:11.200,0.77755,0.77779,1.50,1.50
2013.07.05 12:39:11.560,0.77755,0.77779,1.88,1.50
2013.07.05 12:39:11.749,0.77757,0.77783,1.13,1.50
2013.07.05 12:39:12.108,0.77758,0.77784,1.50,1.50
2013.07.05 12:39:12.228,0.77758,0.77787,3.00,2.25
2013.07.05 12:39:13.045,0.77771,0.77793,1.35,1.50
2013.07.05 12:39:13.359,0.77777,0.77803,1.50,1.50
2013.07.05 12:39:13.480,0.77778,0.77805,1.50,1.50
2013.07.05 12:39:13.841,0.77778,0.77805,3.38,1.69
2013.07.05 12:39:14.271,0.77778,0.77805,1.88,2.44
2013.07.05 12:39:14.459,0.77781,0.77806,3.00,1.02
2013.07.05 12:39:14.579,0.77781,0.77808,3.00,1.77
2013.07.05 12:39:14.699,0.77781,0.77807,1.50,1.02
2013.07.05 12:39:15.621,0.77783,0.77811,2.25,2.44
2013.07.05 12:39:15.871,0.77783,0.77812,2.25,1.69
2013.07.05 12:39:16.422,0.77787,0.77813,1.50,1.50
2013.07.05 12:39:16.730,0.77785,0.77813,1.88,1.50
2013.07.05 12:39:17.090,0.77785,0.77806,1.50,1.58
2013.07.05 12:39:17.159,0.77783,0.77806,2.10,2.33
2013.07.05 12:39:17.399,0.77781,0.77804,1.73,1.50
2013.07.05 12:39:17.581,0.77782,0.77809,1.50,2.25
2013.07.05 12:39:17.709,0.77787,0.7781,1.13,1.69
2013.07.05 12:39:18.128,0.77788,0.77812,1.35,1.50
2013.07.05 12:39:18.310,0.77787,0.77814,1.50,1.50
2013.07.05 12:39:18.670,0.77788,0.77813,1.13,1.50
2013.07.05 12:39:18.800,0.77788,0.77813,1.73,1.50
2013.07.05 12:39:18.933,0.77793,0.77817,1.13,1.50
2013.07.05 12:39:19.120,0.77794,0.77821,1.50,1.69
2013.07.05 12:39:19.371,0.77797,0.77823,1.50,1.69
2013.07.05 12:39:19.440,0.77793,0.77822,1.88,2.25
2013.07.05 12:39:19.982,0.77797,0.77822,1.13,2.25
2013.07.05 12:39:20.289,0.77798,0.77824,1.13,3.75
2013.07.05 12:39:20.410,0.77796,0.77822,1.13,2.25
2013.07.05 12:39:22.038,0.77798,0.77822,1.50,3.00
2013.07.05 12:39:22.369,0.77802,0.77824,1.13,1.50
2013.07.05 12:39:23.389,0.77804,0.77824,1.13,1.50
2013.07.05 12:39:23.690,0.77807,0.77824,1.13,1.88
2013.07.05 12:39:23.871,0.77811,0.77829,1.35,1.50
2013.07.05 12:39:24.179,0.77812,0.77834,1.50,1.50
2013.07.05 12:39:24.239,0.77811,0.77834,1.32,1.50
2013.07.05 12:39:25.482,0.77808,0.77834,1.73,1.50
2013.07.05 12:39:25.909,0.77808,0.77832,1.13,2.25
2013.07.05 12:39:27.863,0.77804,0.77827,1.62,1.50
2013.07.05 12:39:27.930,0.77806,0.77825,1.95,1.50
2013.07.05 12:39:27.989,0.77806,0.7782,1.95,3.00
2013.07.05 12:39:28.530,0.77807,0.7782,1.13,2.25
2013.07.05 12:39:29.070,0.77801,0.7782,1.20,1.50
2013.07.05 12:39:29.189,0.77804,0.77821,1.20,2.25
2013.07.05 12:39:29.310,0.77804,0.77826,1.20,2.25
2013.07.05 12:39:29.370,0.77806,0.77826,1.20,1.50
2013.07.05 12:39:29.498,0.77817,0.77827,1.13,1.50
2013.07.05 12:39:29.678,0.77821,0.77836,1.13,2.25
2013.07.05 12:39:29.920,0.77824,0.7784,1.13,1.50
2013.07.05 12:39:30.051,0.77824,0.77844,1.13,2.25
2013.07.05 12:39:30.122,0.77824,0.77844,1.13,2.25
2013.07.05 12:39:30.372,0.77827,0.77846,1.13,2.25
2013.07.05 12:39:31.049,0.77828,0.77847,1.13,1.50
2013.07.05 12:39:31.133,0.77827,0.77845,1.13,2.25
2013.07.05 12:39:31.263,0.77827,0.77848,1.50,1.13
2013.07.05 12:39:31.329,0.77827,0.77853,1.50,2.44
2013.07.05 12:39:32.169,0.77827,0.77853,1.50,2.25
2013.07.05 12:39:32.230,0.77827,0.77853,1.13,2.25
2013.07.05 12:39:32.479,0.77827,0.7785,1.13,3.00
2013.07.05 12:39:32.658,0.77827,0.7785,1.50,1.50
2013.07.05 12:39:33.205,0.77827,0.77853,1.50,1.50
2013.07.05 12:39:33.479,0.77827,0.77849,1.50,1.50
2013.07.05 12:39:33.780,0.77825,0.77847,1.50,1.50
2013.07.05 12:39:33.959,0.77825,0.77844,1.13,2.25
2013.07.05 12:39:34.499,0.77821,0.77844,1.88,3.00
2013.07.05 12:39:34.799,0.77821,0.77845,1.88,1.50
2013.07.05 12:39:36.418,0.77821,0.77846,1.13,1.58
2013.07.05 12:39:36.990,0.77823,0.77846,1.50,1.50
2013.07.05 12:39:37.528,0.77823,0.77847,1.50,1.50
2013.07.05 12:39:37.649,0.77823,0.77837,1.50,1.50
2013.07.05 12:39:37.770,0.77816,0.77833,2.25,2.25
2013.07.05 12:39:37.890,0.77816,0.77824,1.50,1.50
2013.07.05 12:39:37.952,0.77812,0.77824,4.13,1.50
2013.07.05 12:39:38.320,0.77799,0.77823,1.58,1.50
2013.07.05 12:39:38.799,0.77801,0.77825,2.85,1.69
2013.07.05 12:39:39.097,0.77801,0.77825,2.10,1.50
2013.07.05 12:39:39.780,0.77801,0.77825,2.10,1.50
2013.07.05 12:39:40.140,0.77801,0.77825,1.35,1.50
2013.07.05 12:39:40.689,0.77796,0.77822,2.01,1.50
2013.07.05 12:39:43.481,0.77796,0.77824,1.50,1.50
2013.07.05 12:39:44.769,0.77796,0.77822,1.50,1.69
2013.07.05 12:39:45.138,0.77796,0.77822,1.50,2.44
2013.07.05 12:39:45.753,0.77793,0.77819,2.25,1.69
2013.07.05 12:39:45.821,0.77791,0.77818,1.50,1.69
2013.07.05 12:39:45.889,0.77789,0.77817,1.50,1.69
2013.07.05 12:39:46.459,0.77789,0.77819,1.50,3.19
2013.07.05 12:39:47.011,0.77789,0.77817,1.50,1.69
2013.07.05 12:39:47.560,0.77789,0.77819,1.50,3.19
2013.07.05 12:39:48.328,0.77787,0.77811,1.58,1.50
2013.07.05 12:39:48.649,0.77785,0.77809,1.58,1.50
2013.07.05 12:39:48.951,0.77788,0.77813,2.63,1.69
2013.07.05 12:39:49.679,0.77792,0.77818,2.10,1.50
2013.07.05 12:39:49.800,0.77796,0.7782,1.50,1.69
2013.07.05 12:39:50.099,0.77796,0.77822,1.50,2.25
2013.07.05 12:39:50.401,0.77794,0.7782,1.88,1.50
2013.07.05 12:39:50.520,0.77796,0.77822,1.50,1.50
2013.07.05 12:39:50.640,0.77796,0.77816,1.50,1.58
2013.07.05 12:39:50.939,0.77788,0.77811,1.69,1.58
2013.07.05 12:39:51.120,0.77787,0.77807,1.50,2.33
2013.07.05 12:39:51.310,0.77784,0.77812,2.25,1.69
2013.07.05 12:39:51.369,0.77789,0.77813,1.50,2.44
2013.07.05 12:39:51.609,0.77789,0.77813,1.13,1.50
2013.07.05 12:39:51.732,0.77783,0.7781,1.50,1.50
2013.07.05 12:39:51.859,0.7778,0.77807,1.50,2.33
2013.07.05 12:39:51.978,0.77777,0.77803,1.50,1.50
2013.07.05 12:39:52.099,0.77775,0.77803,1.50,1.50
2013.07.05 12:39:52.159,0.77773,0.778,1.50,1.50
2013.07.05 12:39:52.400,0.77771,0.77799,1.35,1.88
2013.07.05 12:39:52.471,0.77767,0.77794,1.50,1.50
2013.07.05 12:39:53.018,0.77771,0.77794,1.50,1.50
2013.07.05 12:39:53.559,0.77767,0.77794,1.50,1.50
2013.07.05 12:39:59.792,0.77768,0.77797,2.25,2.44
2013.07.05 12:40:00.338,0.77769,0.77794,1.13,1.50
2013.07.05 12:40:01.138,0.77769,0.77798,2.63,1.50
2013.07.05 12:40:02.279,0.77774,0.77797,1.50,1.50
2013.07.05 12:40:02.583,0.77784,0.77802,1.50,3.00
2013.07.05 12:40:02.711,0.77782,0.77802,1.50,1.69
2013.07.05 12:40:02.779,0.77782,0.77805,1.50,1.69
2013.07.05 12:40:02.898,0.77778,0.77802,1.88,1.50
2013.07.05 12:40:03.200,0.77782,0.77806,1.50,3.27
2013.07.05 12:40:03.378,0.77777,0.778,1.13,1.50
2013.07.05 12:40:03.500,0.77776,0.778,1.50,1.50
2013.07.05 12:40:03.682,0.77773,0.778,1.50,1.50
2013.07.05 12:40:03.988,0.77773,0.77796,1.50,1.50
2013.07.05 12:40:04.170,0.77768,0.77793,1.50,1.50
2013.07.05 12:40:04.359,0.77768,0.77792,1.50,1.69
2013.07.05 12:40:04.540,0.77768,0.77792,1.50,1.69
2013.07.05 12:40:04.612,0.77768,0.77793,1.50,1.69
2013.07.05 12:40:05.519,0.77768,0.7779,1.50,1.02
2013.07.05 12:40:05.699,0.77767,0.77789,1.50,1.02
2013.07.05 12:40:05.819,0.77767,0.77787,1.50,1.95
2013.07.05 12:40:05.939,0.77767,0.77786,1.50,1.77
2013.07.05 12:40:06.300,0.77761,0.77783,1.50,1.69
2013.07.05 12:40:06.790,0.77761,0.77785,2.25,1.69
2013.07.05 12:40:07.618,0.77761,0.77784,1.50,1.32
2013.07.05 12:40:07.799,0.77761,0.77783,1.50,1.69
2013.07.05 12:40:08.659,0.77761,0.77782,1.50,1.47
2013.07.05 12:40:08.960,0.77753,0.7777,1.50,1.50
2013.07.05 12:40:09.020,0.77744,0.7777,1.02,1.50
2013.07.05 12:40:09.080,0.77746,0.7777,1.58,1.69
2013.07.05 12:40:09.258,0.77747,0.77773,1.58,3.19
2013.07.05 12:40:09.318,0.77749,0.77773,1.13,2.44
2013.07.05 12:40:09.619,0.77752,0.77778,1.13,2.25
2013.07.05 12:40:10.553,0.77757,0.77783,1.50,1.69
2013.07.05 12:40:11.210,0.77757,0.77783,1.50,2.07
2013.07.05 12:40:11.270,0.77757,0.77781,1.50,1.28
2013.07.05 12:40:12.765,0.77757,0.77782,1.50,1.09
2013.07.05 12:40:12.828,0.77757,0.77785,1.50,2.82
2013.07.05 12:40:12.889,0.77769,0.77785,1.50,1.32
2013.07.05 12:40:13.250,0.77764,0.77784,3.00,2.63
2013.07.05 12:40:13.319,0.77764,0.77784,3.00,2.82
2013.07.05 12:40:13.912,0.77754,0.77768,1.50,2.25
2013.07.05 12:40:14.100,0.77749,0.77766,1.50,2.25
2013.07.05 12:40:14.641,0.77749,0.77768,1.50,1.50
2013.07.05 12:40:14.829,0.77754,0.77776,1.50,2.25
2013.07.05 12:40:14.889,0.77755,0.77776,2.25,2.25
2013.07.05 12:40:15.023,0.77757,0.7778,1.50,1.28
2013.07.05 12:40:15.390,0.7776,0.77781,2.25,2.78
2013.07.05 12:40:15.580,0.7776,0.77786,2.25,1.73
2013.07.05 12:40:15.710,0.77765,0.77784,2.25,1.88
2013.07.05 12:40:15.889,0.77764,0.77784,1.50,1.13
2013.07.05 12:40:16.144,0.77762,0.77784,1.50,1.13
2013.07.05 12:40:16.448,0.77759,0.77784,1.13,2.63
2013.07.05 12:40:16.688,0.77757,0.77782,1.50,1.13
2013.07.05 12:40:16.808,0.77757,0.77782,1.50,1.73
2013.07.05 12:40:17.110,0.77748,0.77768,1.58,3.19
2013.07.05 12:40:17.830,0.77746,0.77768,1.20,2.44
2013.07.05 12:40:18.070,0.77753,0.77771,1.50,1.50
2013.07.05 12:40:18.129,0.77753,0.77777,1.50,1.50
2013.07.05 12:40:18.190,0.77754,0.77781,1.50,1.69
2013.07.05 12:40:18.258,0.77757,0.77782,1.50,1.69
2013.07.05 12:40:18.438,0.77757,0.77783,1.50,1.50
2013.07.05 12:40:20.573,0.77755,0.77783,1.50,1.50
2013.07.05 12:40:20.638,0.77747,0.77765,1.95,1.50
2013.07.05 12:40:20.698,0.77747,0.77765,1.13,1.50
2013.07.05 12:40:21.359,0.77737,0.77762,1.13,2.25
2013.07.05 12:40:21.658,0.77733,0.77759,1.50,1.50
2013.07.05 12:40:21.779,0.77733,0.77757,1.50,1.50
2013.07.05 12:40:21.900,0.77728,0.77752,2.48,1.50
2013.07.05 12:40:22.028,0.77727,0.77752,1.58,1.50
2013.07.05 12:40:22.942,0.7772,0.7775,1.50,2.07
2013.07.05 12:40:23.069,0.77725,0.7775,2.10,2.07
2013.07.05 12:40:23.370,0.77742,0.77758,1.69,1.50
2013.07.05 12:40:23.441,0.77739,0.77758,1.50,1.50
2013.07.05 12:40:23.568,0.77735,0.77759,1.13,2.44
2013.07.05 12:40:23.629,0.77734,0.77756,1.13,1.50
2013.07.05 12:40:23.689,0.77729,0.77753,1.73,1.50
2013.07.05 12:40:23.748,0.77728,0.77753,1.50,1.50
2013.07.05 12:40:23.810,0.77726,0.77752,1.58,2.25
2013.07.05 12:40:24.052,0.77723,0.7775,1.13,1.69
2013.07.05 12:40:24.239,0.77723,0.77747,1.13,1.69
2013.07.05 12:40:24.599,0.77723,0.77748,1.13,1.69
2013.07.05 12:40:24.958,0.77722,0.77745,2.25,1.69
2013.07.05 12:40:25.019,0.7772,0.77745,1.50,2.44
2013.07.05 12:40:25.381,0.77718,0.77745,2.25,1.69
2013.07.05 12:40:25.450,0.7772,0.77747,1.50,1.69
2013.07.05 12:40:25.883,0.77721,0.77748,1.50,2.44
2013.07.05 12:40:26.790,0.77725,0.77755,2.25,1.32
2013.07.05 12:40:27.100,0.77728,0.77758,2.25,1.69
2013.07.05 12:40:27.399,0.77726,0.77756,1.50,1.32
2013.07.05 12:40:28.182,0.77723,0.77752,2.25,1.69
2013.07.05 12:40:28.860,0.77728,0.77753,2.25,2.07
2013.07.05 12:40:29.039,0.77728,0.77753,2.25,2.07
2013.07.05 12:40:29.699,0.77726,0.77755,3.00,2.44
2013.07.05 12:40:29.940,0.77728,0.77755,2.25,1.69
2013.07.05 12:40:30.370,0.77723,0.77752,2.25,1.69
2013.07.05 12:40:30.669,0.77726,0.77752,1.50,1.69
2013.07.05 12:40:31.644,0.77726,0.77753,1.50,1.32
2013.07.05 12:40:31.981,0.77721,0.77743,3.00,1.69
2013.07.05 12:40:32.629,0.77726,0.77743,1.50,1.69
2013.07.05 12:40:32.870,0.7773,0.77749,1.50,1.69
2013.07.05 12:40:32.941,0.7773,0.77751,1.50,1.69
2013.07.05 12:40:33.130,0.7773,0.77755,1.50,2.07
2013.07.05 12:40:33.619,0.77733,0.77755,2.25,2.07
2013.07.05 12:40:34.039,0.77733,0.77758,2.25,1.69
2013.07.05 12:40:34.339,0.77733,0.77755,2.25,2.07
2013.07.05 12:40:34.939,0.77733,0.77756,2.25,1.69
2013.07.05 12:40:35.119,0.77736,0.77755,1.50,1.32
2013.07.05 12:40:35.420,0.77736,0.77748,2.25,1.69
2013.07.05 12:40:35.490,0.77725,0.77748,2.25,1.69
2013.07.05 12:40:35.551,0.77725,0.77748,2.25,1.69
2013.07.05 12:40:35.679,0.77721,0.77748,2.25,1.69
2013.07.05 12:40:36.369,0.77723,0.77748,2.25,1.69
2013.07.05 12:40:36.610,0.77718,0.77744,2.25,1.32
2013.07.05 12:40:36.790,0.77718,0.77743,2.25,1.32
2013.07.05 12:40:37.151,0.7772,0.77746,1.65,1.50
2013.07.05 12:40:37.222,0.77727,0.7775,1.65,1.32
2013.07.05 12:40:37.352,0.77727,0.7775,1.65,1.32
2013.07.05 12:40:37.899,0.77727,0.7775,1.50,1.32
2013.07.05 12:40:38.080,0.77723,0.77749,2.25,1.32
2013.07.05 12:40:38.202,0.77723,0.77748,2.25,1.32
2013.07.05 12:40:38.631,0.77723,0.77752,2.25,1.77
2013.07.05 12:40:38.759,0.77718,0.77743,2.25,1.50
2013.07.05 12:40:38.820,0.77718,0.77743,2.25,1.50
2013.07.05 12:40:38.879,0.77717,0.77743,3.75,1.50
2013.07.05 12:40:38.939,0.77717,0.77744,3.00,1.13
2013.07.05 12:40:39.069,0.77715,0.77741,3.00,1.50
2013.07.05 12:40:39.371,0.77713,0.77741,2.25,1.50
2013.07.05 12:40:39.441,0.77711,0.77739,1.69,1.50
2013.07.05 12:40:40.078,0.77715,0.77739,1.50,1.50
2013.07.05 12:40:40.232,0.7772,0.77747,1.50,1.50
2013.07.05 12:40:40.421,0.7773,0.7775,2.25,1.50
2013.07.05 12:40:40.492,0.7773,0.7775,2.25,1.13
2013.07.05 12:40:40.623,0.7773,0.7775,2.25,1.13
2013.07.05 12:40:40.750,0.77724,0.77746,1.50,1.13
2013.07.05 12:40:40.870,0.77718,0.77743,1.88,1.13
2013.07.05 12:40:41.119,0.77713,0.77741,2.25,1.69
2013.07.05 12:40:41.178,0.7771,0.7774,1.50,1.69
2013.07.05 12:40:41.240,0.7771,0.77737,1.50,1.50
2013.07.05 12:40:41.358,0.7771,0.77737,1.50,1.13
2013.07.05 12:40:41.418,0.77711,0.77739,3.00,1.32
2013.07.05 12:40:41.721,0.77713,0.77741,2.25,1.69
2013.07.05 12:40:42.029,0.77713,0.77736,2.25,1.32
2013.07.05 12:40:42.271,0.77707,0.77732,1.50,1.50
2013.07.05 12:40:42.340,0.77708,0.77733,3.00,1.13
2013.07.05 12:40:42.520,0.7771,0.77737,1.50,1.13
2013.07.05 12:40:42.700,0.77713,0.77739,2.25,1.32
2013.07.05 12:40:42.820,0.77713,0.77742,2.25,1.69
2013.07.05 12:40:42.889,0.77713,0.77742,2.25,2.07
2013.07.05 12:40:42.961,0.77711,0.77739,1.50,1.13
2013.07.05 12:40:43.360,0.7771,0.77737,3.00,1.13
2013.07.05 12:40:43.960,0.7771,0.77736,1.50,2.44
2013.07.05 12:40:44.081,0.7771,0.77729,1.50,1.20
2013.07.05 12:40:44.390,0.77703,0.77724,1.50,1.13
2013.07.05 12:40:44.461,0.77695,0.77714,2.25,1.88
2013.07.05 12:40:44.650,0.77692,0.77714,2.18,1.88
2013.07.05 12:40:44.770,0.77692,0.77714,2.93,1.13
2013.07.05 12:40:46.409,0.77693,0.77714,2.44,1.88
2013.07.05 12:40:46.530,0.77695,0.77714,2.25,1.13
2013.07.05 12:40:46.658,0.77698,0.77716,2.25,1.50
2013.07.05 12:40:47.020,0.77698,0.77704,1.50,1.13
2013.07.05 12:40:47.090,0.77687,0.77706,2.25,1.20
2013.07.05 12:40:47.211,0.7768,0.77704,1.50,1.13
2013.07.05 12:40:47.862,0.7768,0.77707,1.50,1.50
2013.07.05 12:40:48.170,0.77683,0.7771,2.25,1.50
2013.07.05 12:40:48.230,0.77683,0.7771,2.25,1.50
2013.07.05 12:40:49.382,0.77687,0.77713,3.00,2.44
2013.07.05 12:40:49.690,0.77683,0.7771,2.25,1.50
2013.07.05 12:40:49.823,0.77688,0.77712,1.50,1.13
2013.07.05 12:40:50.129,0.77691,0.77719,1.50,1.13
2013.07.05 12:40:50.250,0.7769,0.7772,2.25,2.25
2013.07.05 12:40:50.370,0.77693,0.7772,2.25,1.50
2013.07.05 12:40:50.430,0.77693,0.77723,2.25,1.32
2013.07.05 12:40:50.503,0.77693,0.77722,2.25,1.69
2013.07.05 12:40:50.571,0.77686,0.77716,1.50,1.50
2013.07.05 12:40:51.060,0.77685,0.77714,2.25,1.69
2013.07.05 12:40:51.120,0.77681,0.77714,1.50,3.19
2013.07.05 12:40:51.310,0.77681,0.77712,1.50,1.02
2013.07.05 12:40:51.629,0.7768,0.77704,2.25,2.07
2013.07.05 12:40:51.931,0.7768,0.77704,2.25,2.07
2013.07.05 12:40:52.240,0.7768,0.77707,2.25,1.32
2013.07.05 12:40:52.602,0.7768,0.77712,2.25,1.69
2013.07.05 12:40:52.669,0.77675,0.77704,1.69,2.25
2013.07.05 12:40:53.030,0.77685,0.77714,1.65,2.33
2013.07.05 12:40:53.351,0.7769,0.77713,3.00,1.02
2013.07.05 12:40:53.481,0.77689,0.77713,1.50,1.77
2013.07.05 12:40:53.669,0.77684,0.77712,2.33,1.02
2013.07.05 12:40:53.729,0.77683,0.77705,2.25,1.50
2013.07.05 12:40:53.969,0.77674,0.77699,1.50,1.13
2013.07.05 12:40:54.092,0.77673,0.77695,1.50,2.44
2013.07.05 12:40:54.402,0.77671,0.77694,1.50,4.28
2013.07.05 12:40:54.471,0.77667,0.77693,1.50,1.32
2013.07.05 12:40:54.660,0.77667,0.77691,1.50,1.69
2013.07.05 12:40:54.719,0.77667,0.77689,1.50,1.69
2013.07.05 12:40:54.899,0.77661,0.77689,1.50,2.44
2013.07.05 12:40:55.078,0.77661,0.77689,2.25,2.82
2013.07.05 12:40:55.379,0.77666,0.77687,1.50,1.69
2013.07.05 12:40:56.164,0.77668,0.77689,1.50,1.69
2013.07.05 12:40:57.861,0.77665,0.77689,2.25,2.07
2013.07.05 12:40:57.929,0.77664,0.77686,3.00,1.13
2013.07.05 12:40:57.988,0.77664,0.77686,1.50,1.50
2013.07.05 12:40:59.909,0.77663,0.77686,1.50,2.07
2013.07.05 12:41:01.671,0.7766,0.77683,1.50,1.32
2013.07.05 12:41:01.979,0.7766,0.77683,1.50,2.82
2013.07.05 12:41:02.409,0.77656,0.77682,2.63,2.44
2013.07.05 12:41:02.529,0.77655,0.7768,1.50,2.07
2013.07.05 12:41:02.588,0.77655,0.77676,1.50,1.23
2013.07.05 12:41:02.650,0.77652,0.77666,2.25,1.58
2013.07.05 12:41:02.770,0.77649,0.77666,1.13,1.95
2013.07.05 12:41:02.948,0.77646,0.77666,1.50,1.39
2013.07.05 12:41:03.189,0.77641,0.77663,1.13,1.13
2013.07.05 12:41:03.489,0.77637,0.7766,1.13,2.07
2013.07.05 12:41:04.552,0.77641,0.77662,1.50,1.32
2013.07.05 12:41:04.641,0.7764,0.77662,2.25,2.44
2013.07.05 12:41:04.830,0.7764,0.77662,1.50,4.32
2013.07.05 12:41:05.318,0.77643,0.77663,1.50,1.32
2013.07.05 12:41:05.800,0.77646,0.77665,1.65,2.63
2013.07.05 12:41:06.343,0.77649,0.77666,2.25,1.50
2013.07.05 12:41:06.599,0.77654,0.77671,3.23,1.69
2013.07.05 12:41:06.661,0.77654,0.77673,3.23,2.07
2013.07.05 12:41:06.730,0.77654,0.77675,3.23,1.32
2013.07.05 12:41:06.982,0.77654,0.77678,3.23,1.69
2013.07.05 12:41:07.051,0.77655,0.77679,1.73,1.69
2013.07.05 12:41:07.122,0.77656,0.7768,1.73,1.32
2013.07.05 12:41:07.310,0.77656,0.7768,1.73,2.07
2013.07.05 12:41:07.490,0.77656,0.7768,1.50,1.13
2013.07.05 12:41:07.550,0.77656,0.7768,1.50,1.88
2013.07.05 12:41:08.403,0.77651,0.77679,2.25,1.69
2013.07.05 12:41:08.491,0.7765,0.77677,1.50,3.19
2013.07.05 12:41:08.678,0.77651,0.77677,2.25,1.69
2013.07.05 12:41:09.180,0.77656,0.77677,1.50,1.69
2013.07.05 12:41:09.481,0.77669,0.7768,1.50,1.50
2013.07.05 12:41:09.669,0.77669,0.7768,2.25,1.13
2013.07.05 12:41:09.910,0.77658,0.77682,1.50,1.50
2013.07.05 12:41:09.970,0.77657,0.77682,1.50,1.50
2013.07.05 12:41:10.330,0.77658,0.77682,1.50,1.13
2013.07.05 12:41:10.391,0.77657,0.77682,1.50,1.13
2013.07.05 12:41:10.699,0.77661,0.77685,1.50,1.88
2013.07.05 12:41:14.910,0.77656,0.77682,3.00,1.50
2013.07.05 12:41:15.402,0.7765,0.7768,2.25,1.88
2013.07.05 12:41:15.889,0.77653,0.77678,1.50,1.13
2013.07.05 12:41:16.009,0.77656,0.77682,1.50,2.44
2013.07.05 12:41:16.309,0.77656,0.7768,1.50,1.32
2013.07.05 12:41:16.700,0.77656,0.77682,1.50,2.44
2013.07.05 12:41:17.269,0.77656,0.77681,1.50,2.25
2013.07.05 12:41:18.425,0.77654,0.7768,1.50,1.13
2013.07.05 12:41:19.090,0.77666,0.7768,1.50,1.13
2013.07.05 12:41:19.149,0.77666,0.77682,1.58,1.13
2013.07.05 12:41:19.508,0.77659,0.77683,2.25,1.13
2013.07.05 12:41:19.628,0.77659,0.77683,1.50,1.88
2013.07.05 12:41:19.690,0.77657,0.7768,1.50,1.13
2013.07.05 12:41:20.005,0.77658,0.7768,1.35,1.13
2013.07.05 12:41:20.131,0.77664,0.77683,1.58,1.32
2013.07.05 12:41:20.202,0.77667,0.77686,1.50,1.32
2013.07.05 12:41:20.270,0.77666,0.77687,1.73,1.13
2013.07.05 12:41:20.331,0.77666,0.77686,1.73,1.13
2013.07.05 12:41:20.590,0.77663,0.77683,1.50,1.13
2013.07.05 12:41:20.709,0.77657,0.77683,3.23,1.13
2013.07.05 12:41:20.889,0.77659,0.77683,1.50,1.13
2013.07.05 12:41:21.489,0.77659,0.77683,1.50,1.88
2013.07.05 12:41:22.067,0.77659,0.77681,1.50,1.50
2013.07.05 12:41:22.620,0.77663,0.77681,1.50,1.50
2013.07.05 12:41:23.519,0.77664,0.77681,1.65,1.50
2013.07.05 12:41:23.844,0.77675,0.77691,1.58,1.50
2013.07.05 12:41:24.391,0.77674,0.77691,1.58,1.50
2013.07.05 12:41:24.759,0.77676,0.77696,1.50,1.69
2013.07.05 12:41:24.999,0.77676,0.77696,2.25,1.69
2013.07.05 12:41:25.181,0.77677,0.77696,1.50,1.50
2013.07.05 12:41:25.669,0.77677,0.77696,2.25,1.50
2013.07.05 12:41:25.970,0.7768,0.77696,1.50,1.50
2013.07.05 12:41:26.089,0.7768,0.777,1.50,1.69
2013.07.05 12:41:26.629,0.77682,0.77701,1.50,1.69
2013.07.05 12:41:27.178,0.77683,0.77701,1.50,1.69
2013.07.05 12:41:27.421,0.77684,0.77701,2.25,1.50
2013.07.05 12:41:27.729,0.77687,0.77706,1.50,1.50
2013.07.05 12:41:27.968,0.77687,0.77706,2.25,1.50
2013.07.05 12:41:28.269,0.77688,0.77706,1.22,1.50
2013.07.05 12:41:28.701,0.7769,0.77706,2.25,1.50
2013.07.05 12:41:28.941,0.77694,0.77711,2.25,1.50
2013.07.05 12:41:29.181,0.77694,0.77711,3.00,1.50
2013.07.05 12:41:29.252,0.77694,0.7771,1.50,1.50
2013.07.05 12:41:29.499,0.77694,0.77711,1.50,1.50
2013.07.05 12:41:29.679,0.77694,0.77711,2.25,1.50
2013.07.05 12:41:29.739,0.77694,0.7771,1.50,1.50
2013.07.05 12:41:30.099,0.77698,0.77706,1.50,1.50
2013.07.05 12:41:30.339,0.777,0.77716,1.50,1.50
2013.07.05 12:41:30.459,0.77699,0.77716,1.50,2.25
2013.07.05 12:41:30.759,0.77696,0.77715,1.50,1.50
2013.07.05 12:41:31.659,0.77696,0.77713,1.50,1.50
2013.07.05 12:41:31.781,0.77694,0.7771,2.33,1.50
2013.07.05 12:41:31.969,0.77695,0.77706,1.50,1.50
2013.07.05 12:41:32.088,0.77687,0.77706,1.50,1.50
2013.07.05 12:41:32.149,0.77686,0.77706,2.33,1.50
2013.07.05 12:41:32.688,0.77686,0.77701,1.58,1.50
2013.07.05 12:41:33.365,0.77686,0.77706,1.50,1.50
2013.07.05 12:41:34.659,0.77683,0.77706,1.50,2.25
2013.07.05 12:41:34.719,0.77683,0.77705,1.50,1.50
2013.07.05 12:41:35.268,0.77683,0.77701,1.50,1.50
2013.07.05 12:41:36.178,0.77683,0.77701,1.58,1.50
2013.07.05 12:41:36.718,0.77685,0.77701,1.95,1.50
2013.07.05 12:41:37.408,0.77687,0.77705,2.25,1.50
2013.07.05 12:41:37.469,0.77688,0.77706,1.50,1.50
2013.07.05 12:41:38.009,0.77689,0.77706,1.50,1.50
2013.07.05 12:41:38.139,0.77689,0.77706,2.25,1.50
2013.07.05 12:41:38.259,0.77693,0.77711,1.50,1.50
2013.07.05 12:41:38.619,0.77695,0.77711,2.70,1.50
2013.07.05 12:41:38.739,0.77697,0.77716,1.50,1.50
2013.07.05 12:41:38.799,0.77698,0.77716,1.50,1.50
2013.07.05 12:41:39.038,0.77701,0.77721,1.50,1.50
2013.07.05 12:41:43.151,0.77704,0.77721,1.58,1.50
2013.07.05 12:41:43.459,0.77709,0.77721,1.50,1.50
2013.07.05 12:41:43.699,0.77713,0.77728,1.50,1.69
2013.07.05 12:41:43.820,0.77713,0.77731,1.65,2.07
2013.07.05 12:41:44.960,0.77708,0.7773,1.50,1.50
2013.07.05 12:41:45.140,0.77703,0.77725,2.25,1.50
2013.07.05 12:41:45.201,0.77701,0.77721,1.13,1.50
2013.07.05 12:41:45.450,0.777,0.77721,1.50,1.50
2013.07.05 12:41:45.690,0.777,0.77721,1.50,1.50
2013.07.05 12:41:45.929,0.77698,0.77721,1.50,1.50
2013.07.05 12:41:45.992,0.77697,0.7772,1.50,1.50
2013.07.05 12:41:46.538,0.77697,0.77716,1.50,1.50
2013.07.05 12:41:46.839,0.77697,0.77711,1.50,1.50
2013.07.05 12:41:47.078,0.77697,0.77715,1.50,1.50
2013.07.05 12:41:47.139,0.77688,0.77714,1.50,1.13
2013.07.05 12:41:47.200,0.77687,0.77713,1.50,1.88
2013.07.05 12:41:47.270,0.77687,0.77712,1.50,1.50
2013.07.05 12:41:47.629,0.77678,0.77696,1.50,2.25
2013.07.05 12:41:47.868,0.77671,0.77691,1.13,1.50
2013.07.05 12:41:48.409,0.7767,0.77691,1.50,1.50
2013.07.05 12:41:48.470,0.7767,0.77691,1.58,1.50
2013.07.05 12:41:48.770,0.77686,0.77706,1.50,2.44
2013.07.05 12:41:50.100,0.77683,0.77705,1.50,1.50
2013.07.05 12:41:50.160,0.77683,0.77704,1.50,1.13
2013.07.05 12:41:50.462,0.77687,0.77706,1.50,1.50
2013.07.05 12:41:50.589,0.77687,0.77706,1.50,1.50
2013.07.05 12:41:50.649,0.7769,0.77711,1.50,1.50
2013.07.05 12:41:50.709,0.7769,0.77711,1.50,1.50
2013.07.05 12:41:51.439,0.7768,0.77701,1.50,1.50
2013.07.05 12:41:51.753,0.77675,0.777,1.02,1.50
2013.07.05 12:41:52.070,0.77669,0.77695,1.50,1.50
2013.07.05 12:41:52.140,0.77668,0.7769,2.25,1.13
2013.07.05 12:41:52.201,0.77668,0.7768,1.50,1.50
2013.07.05 12:41:52.571,0.77664,0.77681,2.25,1.13
2013.07.05 12:41:53.121,0.77658,0.7768,2.25,1.50
2013.07.05 12:41:53.429,0.77656,0.7768,1.88,1.50
2013.07.05 12:41:53.550,0.7765,0.7767,1.50,1.50
2013.07.05 12:41:53.620,0.77649,0.7767,1.13,1.50
2013.07.05 12:41:53.680,0.77647,0.7767,1.13,3.00
2013.07.05 12:41:53.799,0.77643,0.77665,1.50,1.50
2013.07.05 12:41:54.100,0.77644,0.77665,2.25,1.50
2013.07.05 12:41:54.402,0.77641,0.77663,1.50,1.50
2013.07.05 12:41:54.770,0.77643,0.77661,1.50,1.50
2013.07.05 12:41:55.070,0.77643,0.77661,1.50,1.50
2013.07.05 12:41:55.428,0.7765,0.77666,3.00,1.50
2013.07.05 12:41:55.489,0.7765,0.77666,1.50,1.50
2013.07.05 12:41:58.959,0.77653,0.77671,1.50,2.25
2013.07.05 12:41:59.139,0.77653,0.77671,3.00,1.50
2013.07.05 12:42:00.479,0.77658,0.77676,2.25,2.44
2013.07.05 12:42:00.599,0.77661,0.77676,1.50,1.50
2013.07.05 12:42:00.731,0.7766,0.77676,2.25,1.50
2013.07.05 12:42:00.802,0.77665,0.77676,2.25,1.50
2013.07.05 12:42:01.050,0.77666,0.77681,1.58,1.50
2013.07.05 12:42:01.109,0.7767,0.77681,2.25,1.50
2013.07.05 12:42:01.408,0.7767,0.77686,2.25,1.50
2013.07.05 12:42:01.468,0.77669,0.77686,1.13,1.50
2013.07.05 12:42:01.892,0.77667,0.77686,1.50,2.59
2013.07.05 12:42:01.961,0.77664,0.77681,2.25,1.50
2013.07.05 12:42:02.641,0.77664,0.7768,1.50,1.50
2013.07.05 12:42:02.832,0.77657,0.77671,2.25,1.50
2013.07.05 12:42:02.959,0.77655,0.77671,1.50,1.50
2013.07.05 12:42:03.020,0.7765,0.7767,3.00,1.50
2013.07.05 12:42:03.379,0.77655,0.77666,2.25,1.50
2013.07.05 12:42:03.499,0.77655,0.77671,2.25,1.50
2013.07.05 12:42:03.679,0.77654,0.77671,2.25,1.50
2013.07.05 12:42:05.169,0.77657,0.77671,2.25,1.50
2013.07.05 12:42:05.475,0.77659,0.77676,2.25,1.50
2013.07.05 12:42:05.539,0.77659,0.77676,2.33,1.50
2013.07.05 12:42:05.840,0.77664,0.77672,1.58,1.50
2013.07.05 12:42:06.081,0.77664,0.77676,1.58,1.50
2013.07.05 12:42:06.330,0.77662,0.77685,1.50,1.50
2013.07.05 12:42:06.389,0.77657,0.77683,4.32,1.50
2013.07.05 12:42:06.751,0.77668,0.77676,1.50,1.50
2013.07.05 12:42:06.820,0.77658,0.77676,3.00,1.50
2013.07.05 12:42:07.194,0.7766,0.77676,2.25,1.50
2013.07.05 12:42:07.382,0.7766,0.77676,1.50,1.50
2013.07.05 12:42:07.456,0.7766,0.77675,1.50,1.50
2013.07.05 12:42:08.413,0.77655,0.77671,2.25,1.50
2013.07.05 12:42:08.549,0.77654,0.77671,3.00,1.50
2013.07.05 12:42:08.730,0.77654,0.77671,1.50,1.50
2013.07.05 12:42:08.970,0.77653,0.77671,2.25,1.50
2013.07.05 12:42:11.179,0.77661,0.77671,1.50,1.50
2013.07.05 12:42:11.298,0.77663,0.7768,1.50,1.13
2013.07.05 12:42:11.419,0.77663,0.7768,3.00,1.13
2013.07.05 12:42:11.479,0.77664,0.77681,1.50,1.50
2013.07.05 12:42:12.113,0.77665,0.7768,2.25,1.13
2013.07.05 12:42:12.180,0.77665,0.77681,2.25,1.50
2013.07.05 12:42:12.502,0.77671,0.77685,2.25,2.25
2013.07.05 12:42:12.689,0.7767,0.77685,1.50,1.50
2013.07.05 12:42:12.930,0.77673,0.77685,1.50,1.50
2013.07.05 12:42:13.109,0.77673,0.77691,1.50,1.50
2013.07.05 12:42:13.649,0.77685,0.77691,1.50,1.50
2013.07.05 12:42:13.829,0.77686,0.77699,1.50,1.20
2013.07.05 12:42:13.888,0.77683,0.77699,1.50,1.20
2013.07.05 12:42:13.949,0.77683,0.777,1.50,1.50
2013.07.05 12:42:14.068,0.77681,0.77696,2.25,1.50
2013.07.05 12:42:14.131,0.77681,0.77696,2.25,1.50
2013.07.05 12:42:14.378,0.77678,0.77695,1.50,1.50
2013.07.05 12:42:14.558,0.77667,0.77681,1.13,1.50
2013.07.05 12:42:14.679,0.77667,0.77681,1.13,1.50
2013.07.05 12:42:15.579,0.77668,0.77684,1.50,1.13
2013.07.05 12:42:15.699,0.77668,0.77684,1.50,1.13
2013.07.05 12:42:16.060,0.77668,0.77686,3.75,1.50
2013.07.05 12:42:16.119,0.77668,0.77686,2.25,1.50
2013.07.05 12:42:16.179,0.77668,0.77685,2.25,1.50
2013.07.05 12:42:16.481,0.77673,0.77691,1.50,1.50
2013.07.05 12:42:16.550,0.77673,0.77691,1.50,1.50
2013.07.05 12:42:16.731,0.77672,0.77691,1.50,1.50
2013.07.05 12:42:16.859,0.77686,0.77692,2.25,1.50
2013.07.05 12:42:16.921,0.77686,0.77698,2.25,2.63
2013.07.05 12:42:17.111,0.77693,0.77707,4.50,2.82
2013.07.05 12:42:17.421,0.77702,0.77715,1.50,1.50
2013.07.05 12:42:18.280,0.7769,0.77706,3.00,1.50
2013.07.05 12:42:18.482,0.77695,0.77711,2.25,1.50
2013.07.05 12:42:18.552,0.77695,0.77711,2.25,1.50
2013.07.05 12:42:18.620,0.77693,0.77711,1.50,1.50
2013.07.05 12:42:18.690,0.7769,0.77709,1.50,1.50
2013.07.05 12:42:19.180,0.77688,0.77706,1.50,2.25
2013.07.05 12:42:19.550,0.77687,0.77706,1.50,2.25
2013.07.05 12:42:19.612,0.77686,0.77706,1.50,2.25
2013.07.05 12:42:20.170,0.77683,0.77706,1.50,1.50
2013.07.05 12:42:21.711,0.77686,0.77707,1.50,1.50
2013.07.05 12:42:22.261,0.77683,0.77706,2.25,1.50
2013.07.05 12:42:22.498,0.77681,0.77705,1.50,2.25
2013.07.05 12:42:23.040,0.77681,0.77701,1.50,1.50
2013.07.05 12:42:23.700,0.77682,0.77696,1.13,1.50
2013.07.05 12:42:23.770,0.77679,0.77696,1.50,1.50
2013.07.05 12:42:23.831,0.77676,0.77696,1.50,1.50
2013.07.05 12:42:23.900,0.77677,0.77696,1.50,1.50
2013.07.05 12:42:24.020,0.77681,0.77701,1.50,1.50
2013.07.05 12:42:24.139,0.77677,0.77701,1.88,1.50
2013.07.05 12:42:24.201,0.77677,0.777,1.50,1.50
2013.07.05 12:42:24.510,0.77678,0.77701,1.50,1.50
2013.07.05 12:42:24.632,0.77679,0.77701,1.50,1.50
2013.07.05 12:42:24.882,0.77678,0.777,1.50,1.50
2013.07.05 12:42:24.954,0.77676,0.77696,1.58,1.50
2013.07.05 12:42:25.261,0.77671,0.77696,2.25,1.50
2013.07.05 12:42:25.389,0.77673,0.77696,1.50,1.50
2013.07.05 12:42:25.511,0.7767,0.77691,1.50,1.50
2013.07.05 12:42:25.640,0.77664,0.7769,2.44,2.25
2013.07.05 12:42:25.699,0.77663,0.77689,1.50,1.50
2013.07.05 12:42:25.939,0.7766,0.77681,1.50,1.50
2013.07.05 12:42:27.000,0.77661,0.77685,1.13,1.50
2013.07.05 12:42:27.502,0.7766,0.77685,2.10,1.50
2013.07.05 12:42:27.750,0.7766,0.77676,1.50,1.50
2013.07.05 12:42:28.051,0.77658,0.77676,2.25,1.50
2013.07.05 12:42:28.120,0.77658,0.77676,1.50,1.50
2013.07.05 12:42:28.370,0.77655,0.77675,1.88,1.50
2013.07.05 12:42:28.441,0.77655,0.77674,1.13,1.50
2013.07.05 12:42:28.751,0.77657,0.77675,1.50,1.50
2013.07.05 12:42:29.299,0.77657,0.77676,1.50,1.50
2013.07.05 12:42:30.500,0.77657,0.77676,1.50,2.25
2013.07.05 12:42:30.629,0.77654,0.77676,1.50,3.00
2013.07.05 12:42:30.689,0.77654,0.77675,1.50,1.50
2013.07.05 12:42:31.239,0.77654,0.77671,1.50,1.50
2013.07.05 12:42:32.689,0.77654,0.77671,1.88,1.50
2013.07.05 12:42:33.230,0.77654,0.77671,1.88,1.50
2013.07.05 12:42:33.809,0.77654,0.7767,1.88,1.69
2013.07.05 12:42:34.169,0.77651,0.77658,1.13,1.50
2013.07.05 12:42:34.472,0.77646,0.77652,1.50,1.50
2013.07.05 12:42:34.599,0.77633,0.77651,1.50,2.44
2013.07.05 12:42:34.661,0.77633,0.77648,1.50,1.58
2013.07.05 12:42:34.791,0.7763,0.77646,1.50,2.33
2013.07.05 12:42:34.921,0.77628,0.77646,1.50,1.58
2013.07.05 12:42:35.170,0.77628,0.7765,1.50,1.69
2013.07.05 12:42:35.229,0.77628,0.77651,1.50,3.19
2013.07.05 12:42:36.870,0.77629,0.77651,1.50,1.58
2013.07.05 12:42:37.112,0.77628,0.77651,1.50,1.50
2013.07.05 12:42:37.640,0.77622,0.77647,2.25,2.25
2013.07.05 12:42:37.761,0.77621,0.77642,1.50,1.50
2013.07.05 12:42:37.902,0.77613,0.77636,1.13,1.50
2013.07.05 12:42:38.449,0.77613,0.77636,2.63,1.50
2013.07.05 12:42:39.170,0.77613,0.77636,1.13,1.50
2013.07.05 12:42:40.621,0.77609,0.77631,1.50,1.50
2013.07.05 12:42:40.693,0.77609,0.77631,1.50,1.58
2013.07.05 12:42:41.001,0.77611,0.7762,2.25,1.28
2013.07.05 12:42:41.249,0.7761,0.77616,2.25,1.50
2013.07.05 12:42:41.490,0.77604,0.77616,1.50,1.50
2013.07.05 12:42:42.469,0.77603,0.7762,2.25,1.73
2013.07.05 12:42:43.708,0.77604,0.77621,1.50,2.25
2013.07.05 12:42:43.948,0.77606,0.77621,1.50,1.50
2013.07.05 12:42:45.400,0.77606,0.77621,1.13,1.50
2013.07.05 12:42:45.532,0.77606,0.77621,1.13,1.50
2013.07.05 12:42:47.230,0.77606,0.77621,1.65,1.50
2013.07.05 12:42:47.709,0.77606,0.77621,3.15,1.50
2013.07.05 12:42:48.674,0.77611,0.77626,1.50,1.50
2013.07.05 12:42:48.802,0.77611,0.77626,1.65,1.50
2013.07.05 12:42:49.230,0.77614,0.77631,1.58,1.50
2013.07.05 12:42:49.470,0.77614,0.77626,1.58,1.50
2013.07.05 12:42:49.768,0.77615,0.77631,1.58,1.50
2013.07.05 12:42:50.008,0.77614,0.77626,1.58,1.50
2013.07.05 12:42:50.248,0.77615,0.77631,1.58,1.50
2013.07.05 12:42:51.030,0.7761,0.77631,3.08,1.50
2013.07.05 12:42:51.400,0.77611,0.77631,1.50,1.50
2013.07.05 12:42:51.709,0.7761,0.77631,1.50,1.50
2013.07.05 12:42:52.194,0.7761,0.77631,1.50,1.50
2013.07.05 12:42:52.328,0.7761,0.77631,1.50,1.50
2013.07.05 12:42:52.389,0.77611,0.77631,1.50,1.50
2013.07.05 12:42:52.511,0.7761,0.77631,1.50,1.50
2013.07.05 12:42:52.689,0.77617,0.77636,1.50,1.50
2013.07.05 12:42:52.809,0.77617,0.77636,1.50,1.50
2013.07.05 12:42:52.930,0.77613,0.77635,1.13,1.50
2013.07.05 12:42:53.229,0.77617,0.77636,1.50,1.50
2013.07.05 12:42:54.896,0.77616,0.77636,1.50,1.50
2013.07.05 12:42:55.151,0.77613,0.77636,1.35,1.50
2013.07.05 12:42:55.220,0.7761,0.77636,1.50,1.50
2013.07.05 12:42:55.759,0.7761,0.77631,1.50,1.50
2013.07.05 12:42:55.879,0.7761,0.77631,1.50,1.50
2013.07.05 12:42:56.419,0.77612,0.77631,2.25,1.50
2013.07.05 12:42:56.478,0.77617,0.77636,1.50,1.50
2013.07.05 12:43:00.720,0.77617,0.77636,1.88,1.50
2013.07.05 12:43:01.018,0.77622,0.77646,1.50,1.50
2013.07.05 12:43:01.138,0.77621,0.77646,1.13,3.00
2013.07.05 12:43:01.199,0.77617,0.77643,3.38,1.50
2013.07.05 12:43:01.379,0.77618,0.77644,2.25,1.50
2013.07.05 12:43:01.739,0.7763,0.7765,1.73,1.50
2013.07.05 12:43:01.981,0.77628,0.77646,2.10,1.50
2013.07.05 12:43:02.039,0.77624,0.77646,2.78,1.50
2013.07.05 12:43:02.220,0.77626,0.77648,1.65,1.50
2013.07.05 12:43:02.400,0.7763,0.77653,1.50,1.32
2013.07.05 12:43:02.471,0.77629,0.77654,1.50,1.69
2013.07.05 12:43:02.659,0.77631,0.77656,1.50,1.50
2013.07.05 12:43:02.841,0.77631,0.77655,1.13,1.50
2013.07.05 12:43:02.961,0.77631,0.77655,1.20,1.50
2013.07.05 12:43:03.320,0.77637,0.77663,2.10,1.69
2013.07.05 12:43:03.499,0.77641,0.7767,2.25,1.50
2013.07.05 12:43:04.333,0.7764,0.7767,1.50,1.69
2013.07.05 12:43:04.879,0.7764,0.7767,1.50,1.69
2013.07.05 12:43:05.480,0.7764,0.7767,1.50,1.50
2013.07.05 12:43:05.839,0.77639,0.77668,1.50,3.00
2013.07.05 12:43:06.200,0.77634,0.7766,2.33,2.44
2013.07.05 12:43:06.440,0.7763,0.7766,1.73,3.19
2013.07.05 12:43:06.501,0.7763,0.7766,1.50,1.69
2013.07.05 12:43:06.622,0.77629,0.77658,1.50,2.25
2013.07.05 12:43:07.174,0.77624,0.77658,2.25,2.25
2013.07.05 12:43:07.480,0.77619,0.7765,1.50,3.75
2013.07.05 12:43:07.839,0.7762,0.7765,1.50,1.50
2013.07.05 12:43:08.969,0.77621,0.7765,1.13,3.00
2013.07.05 12:43:09.329,0.77626,0.77653,1.50,1.50
2013.07.05 12:43:09.389,0.77627,0.77653,1.50,1.50
2013.07.05 12:43:09.933,0.77623,0.77647,1.88,1.58
2013.07.05 12:43:10.358,0.77622,0.77646,1.35,1.58
2013.07.05 12:43:12.208,0.77623,0.77646,1.50,1.50
2013.07.05 12:43:13.287,0.77624,0.77647,1.13,1.50
2013.07.05 12:43:14.029,0.77623,0.77647,2.25,1.50
2013.07.05 12:43:14.809,0.77623,0.77646,2.25,1.50
2013.07.05 12:43:14.930,0.77623,0.77647,2.25,1.50
2013.07.05 12:43:15.469,0.77624,0.77646,1.73,1.50
2013.07.05 12:43:16.640,0.77624,0.77644,1.73,2.25
2013.07.05 12:43:16.880,0.77615,0.77641,1.58,1.50
2013.07.05 12:43:17.182,0.77617,0.77643,1.50,1.50
2013.07.05 12:43:17.851,0.77618,0.77647,1.88,3.94
2013.07.05 12:43:17.920,0.7762,0.77647,1.50,1.69
2013.07.05 12:43:18.101,0.77618,0.77647,2.63,1.50
2013.07.05 12:43:18.160,0.77618,0.77643,1.13,1.50
2013.07.05 12:43:18.399,0.77614,0.77642,2.63,1.50
2013.07.05 12:43:18.459,0.77614,0.77639,1.88,1.50
2013.07.05 12:43:19.119,0.77613,0.77637,2.63,1.50
2013.07.05 12:43:19.692,0.77617,0.77637,1.13,1.69
2013.07.05 12:43:19.880,0.77617,0.77641,1.13,2.44
2013.07.05 12:43:20.420,0.77616,0.77638,1.20,1.50
2013.07.05 12:43:20.613,0.77616,0.77635,1.20,1.50
2013.07.05 12:43:21.158,0.77616,0.77635,1.20,1.50
2013.07.05 12:43:21.410,0.77616,0.77638,1.20,1.50
2013.07.05 12:43:22.490,0.77622,0.77641,1.13,1.88
2013.07.05 12:43:22.611,0.77622,0.77646,1.13,1.50
2013.07.05 12:43:22.919,0.77622,0.77645,1.50,1.13
2013.07.05 12:43:22.989,0.77622,0.77646,1.50,2.25
2013.07.05 12:43:23.109,0.77621,0.77646,1.50,1.50
2013.07.05 12:43:23.412,0.77622,0.77647,1.13,2.25
2013.07.05 12:43:23.719,0.7762,0.77642,1.73,2.70
2013.07.05 12:43:23.899,0.7762,0.77642,1.73,1.20
2013.07.05 12:43:24.870,0.77622,0.77642,1.13,2.25
2013.07.05 12:43:24.929,0.77622,0.77642,1.13,2.25
2013.07.05 12:43:25.870,0.7762,0.77642,1.73,1.20
2013.07.05 12:43:26.410,0.77625,0.77644,2.25,1.95
2013.07.05 12:43:26.469,0.77629,0.77644,1.32,1.20
2013.07.05 12:43:26.589,0.77633,0.77646,1.50,1.95
2013.07.05 12:43:26.649,0.77633,0.77651,1.50,1.50
2013.07.05 12:43:26.770,0.77633,0.77651,1.50,1.05
2013.07.05 12:43:26.839,0.77633,0.77654,1.50,1.20
2013.07.05 12:43:26.899,0.77633,0.77655,1.50,1.50
2013.07.05 12:43:27.441,0.77635,0.77657,1.13,2.33
2013.07.05 12:43:27.990,0.77635,0.77662,1.13,3.45
2013.07.05 12:43:28.539,0.77634,0.77662,1.13,3.45
2013.07.05 12:43:29.140,0.77634,0.77662,1.13,2.70
2013.07.05 12:43:29.199,0.77646,0.77667,1.50,1.20
2013.07.05 12:43:29.379,0.77653,0.77676,1.13,1.32
2013.07.05 12:43:29.501,0.77656,0.7768,1.50,2.44
2013.07.05 12:43:29.931,0.77656,0.7768,1.88,1.13
2013.07.05 12:43:30.290,0.77651,0.77676,1.50,1.13
2013.07.05 12:43:30.412,0.77651,0.7768,1.50,1.50
2013.07.05 12:43:30.899,0.77656,0.77681,1.13,1.50
2013.07.05 12:43:31.649,0.77644,0.77672,1.13,2.70
2013.07.05 12:43:32.932,0.77645,0.77673,1.50,1.50
2013.07.05 12:43:33.459,0.77645,0.77669,1.50,1.50
2013.07.05 12:43:33.639,0.77644,0.77667,1.50,1.58
2013.07.05 12:43:33.699,0.77643,0.77666,1.50,1.58
2013.07.05 12:43:34.099,0.77643,0.77667,1.50,3.83
2013.07.05 12:43:34.158,0.77643,0.77667,2.25,2.33
2013.07.05 12:43:34.399,0.77646,0.77667,1.13,1.58
2013.07.05 12:43:34.700,0.77644,0.77663,1.35,1.50
2013.07.05 12:43:34.939,0.77644,0.77666,1.50,1.58
2013.07.05 12:43:36.169,0.77644,0.77663,1.13,1.50
2013.07.05 12:43:36.591,0.7764,0.77662,1.35,1.20
2013.07.05 12:43:37.139,0.77638,0.77656,1.50,1.50
2013.07.05 12:43:37.940,0.77635,0.77656,2.48,2.25
2013.07.05 12:43:38.060,0.77634,0.77656,1.13,1.50
2013.07.05 12:43:38.181,0.77634,0.77656,1.13,2.25
2013.07.05 12:43:38.491,0.77634,0.77656,1.13,2.25
2013.07.05 12:43:39.620,0.77637,0.77661,1.13,1.39
2013.07.05 12:43:39.680,0.77637,0.77661,1.13,1.32
2013.07.05 12:43:39.919,0.77634,0.77656,1.13,1.50
2013.07.05 12:43:39.979,0.77633,0.77656,1.50,1.50
2013.07.05 12:43:40.159,0.77637,0.77661,1.50,3.39
2013.07.05 12:43:40.709,0.77636,0.7766,1.50,1.13
2013.07.05 12:43:41.463,0.77637,0.77656,1.13,1.50
2013.07.05 12:43:41.539,0.77637,0.7766,1.13,1.13
2013.07.05 12:43:41.599,0.77636,0.7766,1.13,1.88
2013.07.05 12:43:41.730,0.77634,0.77656,1.50,1.50
2013.07.05 12:43:41.929,0.77636,0.7766,1.50,1.69
2013.07.05 12:43:42.470,0.77637,0.77661,1.50,2.07
2013.07.05 12:43:44.079,0.77637,0.77661,1.50,1.13
2013.07.05 12:43:44.259,0.77639,0.77663,1.35,1.69
2013.07.05 12:43:44.439,0.77637,0.77661,2.10,1.65
2013.07.05 12:43:44.740,0.77639,0.77663,1.73,1.69
2013.07.05 12:43:45.708,0.77639,0.77664,1.35,2.07
2013.07.05 12:43:47.479,0.77639,0.77663,1.35,1.05
2013.07.05 12:43:47.719,0.77637,0.77662,2.10,1.88
2013.07.05 12:43:47.838,0.77637,0.77662,2.10,2.44
2013.07.05 12:43:47.958,0.77639,0.7766,1.35,1.50
2013.07.05 12:43:48.492,0.77639,0.77662,1.35,1.32
2013.07.05 12:43:48.740,0.77645,0.77664,1.50,1.88
2013.07.05 12:43:49.052,0.77648,0.77669,1.50,1.50
2013.07.05 12:43:49.360,0.77651,0.77667,2.48,1.50
2013.07.05 12:43:49.420,0.77651,0.77667,1.13,2.25
2013.07.05 12:43:49.540,0.77649,0.77666,1.13,1.13
2013.07.05 12:43:49.900,0.77648,0.77661,1.50,1.88
2013.07.05 12:43:50.199,0.77648,0.7766,1.50,1.50
2013.07.05 12:43:50.319,0.77644,0.7766,1.50,2.44
2013.07.05 12:43:50.438,0.7764,0.7766,1.13,1.69
2013.07.05 12:43:50.619,0.7764,0.77659,1.13,1.69
2013.07.05 12:43:50.690,0.77635,0.77659,1.88,1.69
2013.07.05 12:43:50.871,0.77637,0.77661,1.50,1.32
2013.07.05 12:43:51.725,0.77637,0.77663,3.00,2.07
2013.07.05 12:43:51.888,0.7764,0.77664,2.25,1.32
2013.07.05 12:43:52.068,0.77642,0.77666,1.50,1.69
2013.07.05 12:43:52.128,0.77641,0.77666,1.13,1.69
2013.07.05 12:43:52.430,0.77637,0.77664,2.63,1.69
2013.07.05 12:43:52.689,0.77637,0.77666,4.13,1.77
2013.07.05 12:43:53.290,0.77644,0.77666,1.50,1.77
2013.07.05 12:43:53.770,0.77644,0.77664,1.50,1.69
2013.07.05 12:43:54.370,0.77644,0.77662,1.50,1.69
2013.07.05 12:43:54.729,0.77644,0.77661,1.50,1.50
2013.07.05 12:43:54.789,0.77644,0.77662,1.50,1.69
2013.07.05 12:43:55.328,0.77644,0.77662,1.50,1.69
2013.07.05 12:43:55.869,0.77644,0.77663,1.50,3.19
2013.07.05 12:43:56.419,0.77644,0.77663,1.50,2.44
2013.07.05 12:43:56.780,0.77649,0.77663,1.50,1.50
2013.07.05 12:43:56.852,0.77649,0.77666,1.50,1.69
2013.07.05 12:43:59.840,0.7765,0.77669,2.25,1.69
2013.07.05 12:44:00.352,0.77654,0.77671,2.25,1.13
2013.07.05 12:44:00.990,0.77664,0.77676,2.25,2.04
2013.07.05 12:44:01.059,0.77664,0.77676,1.50,1.47
2013.07.05 12:44:01.118,0.77664,0.77683,1.50,2.44
2013.07.05 12:44:01.419,0.77664,0.77685,2.25,1.69
2013.07.05 12:44:01.720,0.77664,0.77683,1.50,1.50
2013.07.05 12:44:01.900,0.77664,0.77684,1.50,1.50
2013.07.05 12:44:02.258,0.77669,0.77686,1.50,1.13
2013.07.05 12:44:02.558,0.77664,0.77684,1.50,1.50
2013.07.05 12:44:02.799,0.77664,0.77683,1.50,1.50
2013.07.05 12:44:02.859,0.77664,0.77685,1.50,1.69
2013.07.05 12:44:02.919,0.77665,0.77685,1.50,2.44
2013.07.05 12:44:03.221,0.77664,0.77683,1.50,1.50
2013.07.05 12:44:03.770,0.77669,0.77685,1.50,1.69
2013.07.05 12:44:03.843,0.77669,0.77686,1.50,2.44
2013.07.05 12:44:03.969,0.77669,0.77686,1.50,1.50
2013.07.05 12:44:05.989,0.77669,0.77686,1.50,1.65
2013.07.05 12:44:06.532,0.77669,0.77686,1.50,1.88
2013.07.05 12:44:07.079,0.77669,0.77686,1.50,2.63
2013.07.05 12:44:07.439,0.77669,0.77686,1.50,1.13
2013.07.05 12:44:10.061,0.77669,0.77686,1.50,1.50
2013.07.05 12:44:11.372,0.77669,0.7769,1.50,2.44
2013.07.05 12:44:11.441,0.7767,0.7769,2.25,1.32
2013.07.05 12:44:11.512,0.77674,0.77691,1.50,1.35
2013.07.05 12:44:13.499,0.77674,0.77691,1.58,1.13
2013.07.05 12:44:13.920,0.77672,0.7769,1.13,1.50
2013.07.05 12:44:13.980,0.7767,0.7769,1.13,1.50
2013.07.05 12:44:14.039,0.77669,0.7769,1.50,1.69
2013.07.05 12:44:14.859,0.7767,0.7769,1.50,1.69
2013.07.05 12:44:14.981,0.7767,0.77689,1.50,1.50
2013.07.05 12:44:15.289,0.7767,0.77687,1.88,2.25
2013.07.05 12:44:15.530,0.77669,0.77687,1.50,2.25
2013.07.05 12:44:18.818,0.7767,0.77689,1.50,1.13
2013.07.05 12:44:19.643,0.77674,0.77689,1.50,1.13
2013.07.05 12:44:19.971,0.77684,0.77708,2.25,3.19
2013.07.05 12:44:20.100,0.77684,0.77707,2.25,1.69
2013.07.05 12:44:20.160,0.77684,0.77708,2.25,2.44
2013.07.05 12:44:20.581,0.77686,0.77708,2.25,2.44
2013.07.05 12:44:21.121,0.7769,0.77709,1.50,1.69
2013.07.05 12:44:21.481,0.77685,0.77704,1.50,1.50
2013.07.05 12:44:21.551,0.77684,0.77704,2.25,1.50
2013.07.05 12:44:21.681,0.77684,0.77705,1.50,1.32
2013.07.05 12:44:21.753,0.77689,0.77706,1.50,1.69
2013.07.05 12:44:22.060,0.77682,0.7771,1.13,1.50
2013.07.05 12:44:22.121,0.77684,0.7771,1.13,1.50
2013.07.05 12:44:22.550,0.77684,0.77706,1.50,1.13
2013.07.05 12:44:22.609,0.77684,0.77706,1.50,1.13
2013.07.05 12:44:22.789,0.7768,0.77703,1.54,1.13
2013.07.05 12:44:22.848,0.77677,0.77703,3.79,1.13
2013.07.05 12:44:22.909,0.77677,0.777,3.19,1.13
2013.07.05 12:44:23.269,0.77677,0.77691,1.50,1.50
2013.07.05 12:44:23.509,0.77677,0.77696,1.50,1.50
2013.07.05 12:44:23.930,0.77677,0.77696,1.50,1.50
2013.07.05 12:44:24.169,0.77677,0.77696,1.88,1.50
2013.07.05 12:44:24.471,0.77685,0.77696,1.50,1.50
2013.07.05 12:44:24.589,0.77684,0.77701,2.33,1.50
2013.07.05 12:44:24.711,0.77684,0.77701,1.58,1.50
2013.07.05 12:44:25.011,0.77685,0.77701,1.50,1.50
2013.07.05 12:44:25.142,0.77685,0.77701,1.50,1.50
2013.07.05 12:44:25.450,0.77685,0.77701,1.50,1.50
2013.07.05 12:44:26.523,0.77682,0.77696,1.58,1.50
2013.07.05 12:44:26.589,0.77681,0.77696,1.50,1.50
2013.07.05 12:44:27.862,0.77677,0.77696,2.25,1.50
2013.07.05 12:44:27.952,0.77674,0.77691,2.40,1.50
2013.07.05 12:44:28.288,0.77675,0.77691,1.50,1.50
2013.07.05 12:44:28.453,0.77678,0.77696,1.50,1.50
2013.07.05 12:44:29.951,0.7768,0.77696,2.25,1.50
2013.07.05 12:44:30.471,0.77684,0.77696,1.50,1.50
2013.07.05 12:44:30.769,0.77686,0.77701,1.50,1.50
2013.07.05 12:44:30.948,0.77686,0.77701,1.50,1.50
2013.07.05 12:44:31.071,0.77684,0.77701,2.25,1.50
2013.07.05 12:44:33.599,0.77684,0.77701,1.50,1.50
2013.07.05 12:44:35.662,0.77684,0.77701,1.88,1.50
2013.07.05 12:44:36.149,0.7769,0.77701,1.50,1.50
2013.07.05 12:44:36.209,0.7769,0.77706,1.50,1.50
2013.07.05 12:44:36.331,0.7769,0.77706,3.00,1.50
2013.07.05 12:44:36.990,0.77692,0.77706,2.25,1.50
2013.07.05 12:44:37.660,0.7769,0.77706,3.00,1.50
2013.07.05 12:44:37.839,0.7769,0.77709,3.00,1.50
2013.07.05 12:44:37.899,0.77692,0.77709,2.25,1.50
2013.07.05 12:44:38.138,0.77694,0.77714,1.50,1.50
2013.07.05 12:44:38.199,0.77697,0.77714,2.25,1.13
2013.07.05 12:44:38.560,0.777,0.77716,2.25,1.50
2013.07.05 12:44:39.158,0.777,0.77718,2.63,1.50
2013.07.05 12:44:39.339,0.777,0.77726,2.25,1.13
2013.07.05 12:44:39.818,0.77705,0.77728,1.50,1.13
2013.07.05 12:44:40.121,0.7771,0.77726,3.00,2.63
2013.07.05 12:44:40.190,0.7771,0.77726,1.50,3.15
2013.07.05 12:44:40.809,0.77705,0.77724,2.25,1.13
2013.07.05 12:44:41.112,0.77698,0.77709,1.50,1.58
2013.07.05 12:44:41.242,0.77689,0.77705,1.50,1.50
2013.07.05 12:44:41.369,0.77684,0.77704,2.48,1.50
2013.07.05 12:44:41.432,0.77683,0.77703,2.48,1.50
2013.07.05 12:44:41.501,0.77683,0.77703,1.88,1.50
2013.07.05 12:44:41.562,0.7768,0.77702,1.50,1.50
2013.07.05 12:44:41.636,0.77675,0.77696,3.00,1.50
2013.07.05 12:44:41.761,0.77675,0.77694,1.50,1.50
2013.07.05 12:44:41.951,0.77671,0.77694,2.25,1.50
2013.07.05 12:44:42.201,0.7767,0.77694,1.13,1.50
2013.07.05 12:44:42.810,0.77669,0.77693,2.25,1.69
2013.07.05 12:44:42.992,0.77674,0.77694,1.50,2.44
2013.07.05 12:44:43.542,0.77672,0.77692,2.25,1.50
2013.07.05 12:44:43.849,0.77672,0.7768,1.50,1.28
2013.07.05 12:44:44.089,0.77664,0.77686,3.00,2.63
2013.07.05 12:44:44.211,0.77664,0.77686,1.50,2.63
2013.07.05 12:44:44.512,0.77664,0.77676,1.50,1.88
2013.07.05 12:44:44.643,0.77661,0.77676,1.50,1.88
2013.07.05 12:44:44.891,0.77656,0.77676,1.88,3.38
2013.07.05 12:44:44.959,0.77656,0.77676,1.50,3.75
2013.07.05 12:44:45.623,0.77654,0.77668,3.00,1.28
2013.07.05 12:44:45.704,0.77653,0.77671,1.13,1.28
2013.07.05 12:44:45.951,0.77653,0.77671,1.13,1.13
2013.07.05 12:44:46.383,0.77651,0.77661,1.50,4.50
2013.07.05 12:44:46.889,0.77648,0.77656,1.50,2.52
2013.07.05 12:44:46.950,0.77645,0.77655,2.25,1.77
2013.07.05 12:44:47.140,0.77643,0.77651,1.50,1.13
2013.07.05 12:44:47.202,0.77642,0.77651,2.25,1.32
2013.07.05 12:44:47.631,0.7763,0.77646,3.00,1.13
2013.07.05 12:44:47.881,0.7763,0.77645,1.50,1.13
2013.07.05 12:44:47.951,0.77629,0.77641,1.50,1.28
2013.07.05 12:44:48.020,0.77631,0.77641,2.25,1.13
2013.07.05 12:44:48.140,0.77625,0.77639,1.50,1.09
2013.07.05 12:44:48.322,0.77621,0.77637,1.50,1.69
2013.07.05 12:44:48.390,0.77616,0.77632,1.50,1.50
2013.07.05 12:44:48.751,0.77614,0.77621,1.50,1.13
2013.07.05 12:44:48.812,0.77611,0.77621,1.50,1.13
2013.07.05 12:44:48.883,0.77611,0.77625,1.50,1.13
2013.07.05 12:44:48.952,0.77614,0.77625,1.50,1.13
2013.07.05 12:44:49.021,0.77614,0.77628,3.00,3.00
2013.07.05 12:44:49.139,0.77617,0.77636,1.50,1.58
2013.07.05 12:44:49.381,0.77616,0.7764,1.50,2.44
2013.07.05 12:44:49.440,0.77619,0.77642,1.50,2.07
2013.07.05 12:44:49.559,0.77619,0.77646,1.50,1.69
2013.07.05 12:44:49.620,0.77624,0.77648,2.25,1.32
2013.07.05 12:44:49.741,0.77627,0.77652,1.50,1.69
2013.07.05 12:44:49.870,0.77629,0.77653,1.50,2.25
2013.07.05 12:44:49.989,0.7763,0.77655,1.50,1.69
2013.07.05 12:44:50.049,0.7763,0.77655,1.50,1.50
2013.07.05 12:44:50.110,0.77629,0.77655,2.25,1.50
2013.07.05 12:44:50.230,0.77627,0.77654,3.00,1.88
2013.07.05 12:44:50.530,0.77629,0.77656,1.50,4.02
2013.07.05 12:44:50.890,0.77637,0.77656,2.25,2.33
2013.07.05 12:44:51.133,0.77634,0.77657,2.25,1.50
2013.07.05 12:44:51.203,0.77634,0.77662,2.25,1.69
2013.07.05 12:44:51.272,0.77634,0.77663,2.44,1.69
2013.07.05 12:44:51.342,0.77642,0.77664,2.25,1.69
2013.07.05 12:44:51.650,0.77637,0.7766,1.32,1.50
2013.07.05 12:44:51.890,0.77637,0.77664,2.25,1.69
2013.07.05 12:44:52.252,0.77639,0.77665,2.25,2.44
2013.07.05 12:44:52.322,0.77639,0.77665,2.25,2.44
2013.07.05 12:44:52.391,0.77637,0.77665,3.00,2.44
2013.07.05 12:44:52.582,0.77637,0.77663,3.00,2.07
2013.07.05 12:44:52.831,0.77623,0.77652,2.25,1.50
2013.07.05 12:44:52.905,0.77627,0.77654,1.50,1.50
2013.07.05 12:44:53.782,0.7763,0.77654,2.25,1.69
2013.07.05 12:44:54.739,0.77628,0.77657,2.25,3.19
2013.07.05 12:44:54.798,0.77627,0.77655,2.07,1.50
2013.07.05 12:44:55.550,0.77627,0.77653,1.69,1.50
2013.07.05 12:44:55.731,0.77627,0.77646,1.88,1.50
2013.07.05 12:44:55.981,0.77627,0.77652,1.50,1.88
2013.07.05 12:44:56.051,0.77627,0.77653,1.50,3.19
2013.07.05 12:44:56.179,0.77627,0.77653,1.50,2.44
2013.07.05 12:44:56.719,0.77627,0.77654,1.88,1.69
2013.07.05 12:44:56.839,0.77627,0.77653,1.88,1.69
2013.07.05 12:44:57.318,0.77627,0.77653,2.14,1.50
2013.07.05 12:44:57.379,0.77634,0.77657,2.33,3.19
2013.07.05 12:44:57.561,0.77634,0.77657,2.33,2.25
2013.07.05 12:44:57.919,0.7764,0.77658,1.13,1.50
2013.07.05 12:44:58.040,0.7764,0.77662,1.13,1.50
2013.07.05 12:44:58.160,0.77644,0.77664,1.50,3.94
2013.07.05 12:44:58.408,0.77644,0.77668,1.50,1.69
2013.07.05 12:44:58.651,0.77644,0.77669,1.50,1.69
2013.07.05 12:44:58.830,0.77647,0.77673,1.50,2.44
2013.07.05 12:44:58.890,0.77647,0.77673,1.50,1.69
2013.07.05 12:44:59.431,0.77648,0.77675,1.13,1.50
2013.07.05 12:44:59.802,0.77647,0.77675,1.69,2.40
2013.07.05 12:44:59.871,0.77646,0.77671,1.69,1.65
2013.07.05 12:44:59.942,0.77644,0.77668,1.50,1.50
2013.07.05 12:45:00.013,0.77644,0.77669,1.50,2.03
2013.07.05 12:45:00.142,0.77644,0.77666,1.50,1.65
2013.07.05 12:45:00.701,0.7764,0.77664,1.54,1.50
2013.07.05 12:45:01.061,0.77639,0.77659,1.13,1.50
2013.07.05 12:45:01.372,0.77636,0.7766,2.63,1.13
2013.07.05 12:45:02.395,0.77636,0.77657,2.25,1.69
2013.07.05 12:45:02.471,0.77627,0.77656,3.94,1.50
2013.07.05 12:45:02.659,0.77628,0.77656,1.32,1.50
2013.07.05 12:45:02.719,0.7763,0.77657,2.25,1.69
2013.07.05 12:45:06.199,0.7763,0.77656,3.00,2.52
2013.07.05 12:45:07.400,0.7763,0.77651,2.25,1.13
2013.07.05 12:45:07.721,0.77628,0.77646,2.25,2.70
2013.07.05 12:45:08.198,0.77628,0.77646,2.25,2.93
2013.07.05 12:45:08.499,0.77618,0.77636,3.75,1.65
2013.07.05 12:45:08.558,0.77618,0.7764,3.75,2.40
2013.07.05 12:45:08.618,0.77618,0.7764,2.25,1.28
2013.07.05 12:45:08.920,0.7762,0.77642,2.25,1.69
2013.07.05 12:45:09.039,0.77622,0.77643,1.13,3.15
2013.07.05 12:45:09.392,0.77622,0.77643,2.63,3.15
2013.07.05 12:45:09.921,0.77627,0.77643,2.25,1.47
2013.07.05 12:45:10.278,0.77632,0.77643,2.25,1.47
2013.07.05 12:45:10.580,0.77635,0.77649,2.25,1.05
2013.07.05 12:45:10.639,0.77637,0.77649,2.25,1.05
2013.07.05 12:45:10.758,0.77637,0.77656,2.25,1.95
2013.07.05 12:45:10.819,0.77637,0.77659,2.25,2.22
2013.07.05 12:45:12.618,0.77649,0.77662,3.75,2.07
2013.07.05 12:45:12.679,0.77655,0.77665,2.25,2.25
2013.07.05 12:45:12.740,0.77655,0.77665,2.25,2.25
2013.07.05 12:45:12.921,0.77655,0.77676,3.75,1.13
2013.07.05 12:45:12.991,0.77657,0.77676,2.25,1.50
2013.07.05 12:45:13.409,0.77657,0.77682,3.00,2.44
2013.07.05 12:45:13.470,0.7766,0.77682,3.00,1.69
2013.07.05 12:45:13.588,0.7766,0.77686,3.00,1.09
2013.07.05 12:45:13.650,0.77664,0.77686,1.50,1.02
2013.07.05 12:45:14.008,0.77662,0.77688,2.25,1.02
2013.07.05 12:45:14.130,0.77664,0.77688,1.50,1.77
2013.07.05 12:45:14.430,0.77665,0.77687,2.25,1.58
2013.07.05 12:45:14.788,0.77668,0.77688,1.50,1.77
2013.07.05 12:45:14.850,0.77668,0.77688,1.50,1.58
2013.07.05 12:45:14.970,0.77668,0.77686,1.50,2.33
2013.07.05 12:45:15.149,0.77664,0.77687,3.00,1.58
2013.07.05 12:45:15.210,0.77667,0.77687,2.25,1.58
2013.07.05 12:45:15.452,0.77667,0.7769,1.50,2.44
2013.07.05 12:45:15.639,0.77664,0.77684,1.50,1.50
2013.07.05 12:45:15.821,0.77665,0.77686,2.25,1.58
2013.07.05 12:45:16.130,0.77667,0.77688,2.25,1.50
2013.07.05 12:45:16.728,0.77668,0.77689,1.50,1.50
2013.07.05 12:45:16.909,0.77667,0.77689,2.25,1.50
2013.07.05 12:45:18.171,0.7767,0.77692,2.25,1.69
2013.07.05 12:45:18.930,0.7767,0.77692,1.50,1.69
2013.07.05 12:45:19.399,0.7767,0.77692,2.25,1.69
2013.07.05 12:45:19.579,0.77674,0.77694,1.50,2.44
2013.07.05 12:45:19.640,0.77674,0.77694,1.50,2.07
2013.07.05 12:45:19.999,0.7768,0.77699,2.25,2.44
2013.07.05 12:45:20.119,0.7768,0.77699,3.75,1.50
2013.07.05 12:45:20.789,0.7768,0.77704,2.25,2.44
2013.07.05 12:45:20.873,0.77678,0.77703,1.50,2.44
2013.07.05 12:45:21.190,0.7768,0.77703,3.00,1.69
2013.07.05 12:45:21.369,0.7768,0.77703,1.50,1.69
2013.07.05 12:45:22.639,0.77682,0.77703,2.25,1.69
2013.07.05 12:45:22.701,0.77682,0.77703,2.25,1.69
2013.07.05 12:45:22.952,0.77682,0.77705,1.50,1.50
2013.07.05 12:45:23.230,0.77682,0.77703,1.50,1.50
2013.07.05 12:45:23.479,0.77676,0.77703,1.50,1.50
2013.07.05 12:45:24.634,0.77677,0.77703,2.25,1.50
2013.07.05 12:45:24.880,0.7768,0.77703,1.50,2.25
2013.07.05 12:45:25.142,0.77679,0.77705,2.25,1.69
2013.07.05 12:45:25.572,0.77681,0.77703,1.20,1.69
2013.07.05 12:45:25.822,0.7769,0.77711,2.25,1.13
2013.07.05 12:45:25.891,0.77695,0.77714,2.25,2.25
2013.07.05 12:45:26.130,0.77695,0.7772,2.25,2.44
2013.07.05 12:45:26.253,0.77698,0.77722,1.50,3.19
2013.07.05 12:45:26.321,0.777,0.77722,1.50,2.44
2013.07.05 12:45:26.383,0.777,0.77726,1.50,1.50
2013.07.05 12:45:26.456,0.77705,0.7773,2.25,1.69
2013.07.05 12:45:26.769,0.77705,0.77729,2.25,1.02
2013.07.05 12:45:26.950,0.777,0.77729,2.44,2.52
2013.07.05 12:45:27.010,0.777,0.77726,2.44,1.58
2013.07.05 12:45:27.189,0.77697,0.77724,2.25,2.85
2013.07.05 12:45:27.249,0.77697,0.77724,2.25,5.28
2013.07.05 12:45:27.552,0.77702,0.77724,2.25,3.78
2013.07.05 12:45:27.619,0.77702,0.77724,2.25,1.53
2013.07.05 12:45:27.740,0.77705,0.77724,2.25,1.35
2013.07.05 12:45:28.160,0.77704,0.77726,2.25,1.77
2013.07.05 12:45:28.471,0.77708,0.77726,2.25,2.76
2013.07.05 12:45:28.651,0.77705,0.77726,1.50,1.58
2013.07.05 12:45:28.829,0.77704,0.77724,1.50,1.50
2013.07.05 12:45:28.889,0.777,0.77724,1.50,1.50
2013.07.05 12:45:29.130,0.77696,0.77724,1.50,2.44
2013.07.05 12:45:30.035,0.77695,0.7772,2.25,1.50
2013.07.05 12:45:30.372,0.77694,0.77721,2.25,2.44
2013.07.05 12:45:30.621,0.77695,0.7772,2.25,1.69
2013.07.05 12:45:30.869,0.77695,0.77721,2.25,1.69
2013.07.05 12:45:31.660,0.77698,0.77723,2.25,1.69
2013.07.05 12:45:31.899,0.777,0.77723,2.25,1.32
2013.07.05 12:45:32.699,0.777,0.77723,3.00,2.07
2013.07.05 12:45:32.942,0.777,0.7772,1.50,1.13
2013.07.05 12:45:33.010,0.777,0.77721,1.50,1.13
2013.07.05 12:45:33.310,0.77698,0.77716,1.50,2.17
2013.07.05 12:45:33.369,0.77697,0.77716,1.13,3.67
2013.07.05 12:45:33.429,0.77692,0.77709,1.13,1.58
2013.07.05 12:45:33.670,0.77689,0.77707,2.25,1.20
2013.07.05 12:45:33.729,0.77685,0.77705,1.50,2.63
2013.07.05 12:45:33.849,0.77681,0.77699,1.35,1.58
2013.07.05 12:45:33.910,0.77675,0.77697,2.25,2.33
2013.07.05 12:45:34.032,0.77673,0.77693,1.50,1.50
2013.07.05 12:45:34.100,0.77668,0.77693,3.00,1.58
2013.07.05 12:45:34.401,0.77668,0.77686,2.25,1.58
2013.07.05 12:45:34.649,0.77655,0.77684,2.44,3.00
2013.07.05 12:45:34.710,0.77655,0.77679,2.44,1.65
2013.07.05 12:45:34.771,0.77655,0.77679,1.50,2.40
2013.07.05 12:45:34.901,0.77658,0.77678,2.25,1.58
2013.07.05 12:45:35.154,0.77667,0.77685,1.50,1.69
2013.07.05 12:45:35.281,0.77669,0.77687,2.25,2.63
2013.07.05 12:45:35.582,0.77678,0.77685,1.13,1.50
2013.07.05 12:45:35.651,0.77677,0.77691,1.13,1.50
2013.07.05 12:45:35.720,0.77677,0.77697,1.13,1.65
2013.07.05 12:45:36.141,0.77676,0.77697,1.13,1.65
2013.07.05 12:45:36.209,0.77669,0.77692,1.32,1.50
2013.07.05 12:45:36.390,0.77667,0.77693,1.50,1.69
2013.07.05 12:45:36.461,0.77667,0.77694,1.50,1.69
2013.07.05 12:45:36.710,0.77666,0.77694,1.50,2.82
2013.07.05 12:45:36.772,0.77664,0.77691,1.50,1.69
2013.07.05 12:45:37.376,0.77663,0.77692,2.25,3.19
2013.07.05 12:45:38.132,0.77663,0.77687,2.25,1.69
2013.07.05 12:45:38.441,0.77663,0.7768,2.25,1.69
2013.07.05 12:45:39.080,0.77653,0.7768,2.25,1.69
2013.07.05 12:45:39.149,0.77653,0.77677,2.25,1.95
2013.07.05 12:45:39.209,0.77652,0.77677,1.50,2.70
2013.07.05 12:45:39.401,0.77648,0.77675,3.00,1.50
2013.07.05 12:45:39.471,0.77646,0.77669,1.69,1.50
2013.07.05 12:45:39.603,0.77644,0.77669,1.69,1.50
2013.07.05 12:45:39.911,0.77639,0.77666,1.69,2.25
2013.07.05 12:45:40.153,0.77632,0.77663,2.25,1.69
2013.07.05 12:45:40.221,0.7763,0.77663,4.50,1.69
2013.07.05 12:45:40.590,0.77628,0.77659,3.94,1.69
2013.07.05 12:45:40.899,0.77629,0.77657,1.50,1.69
2013.07.05 12:45:41.079,0.7763,0.77659,3.19,1.69
2013.07.05 12:45:41.203,0.77635,0.77663,2.25,1.69
2013.07.05 12:45:41.331,0.77637,0.77663,1.50,1.69
2013.07.05 12:45:41.402,0.77638,0.77663,2.25,1.69
2013.07.05 12:45:41.949,0.77639,0.77667,1.69,1.50
2013.07.05 12:45:42.260,0.77644,0.77667,1.20,1.50
2013.07.05 12:45:42.320,0.77644,0.77667,2.70,1.50
2013.07.05 12:45:42.439,0.77644,0.77667,2.70,1.50
2013.07.05 12:45:42.800,0.77664,0.77672,1.73,2.25
2013.07.05 12:45:43.339,0.77666,0.77687,1.73,1.50
2013.07.05 12:45:43.632,0.77668,0.77687,2.25,1.50
2013.07.05 12:45:44.121,0.7767,0.7769,1.50,1.50
2013.07.05 12:45:44.561,0.7767,0.7769,1.50,1.58
2013.07.05 12:45:44.921,0.77668,0.7768,2.25,1.50
2013.07.05 12:45:45.230,0.77667,0.77679,2.25,1.73
2013.07.05 12:45:45.530,0.77654,0.77673,2.25,1.50
2013.07.05 12:45:45.650,0.77642,0.77671,2.25,1.50
2013.07.05 12:45:45.720,0.77639,0.77672,2.44,2.25
2013.07.05 12:45:46.079,0.77642,0.7767,2.25,1.50
2013.07.05 12:45:46.199,0.77636,0.77669,1.69,3.00
2013.07.05 12:45:46.499,0.77634,0.77663,2.25,2.44
2013.07.05 12:45:46.859,0.77637,0.77662,2.25,1.69
2013.07.05 12:45:47.161,0.77637,0.77661,2.25,1.69
2013.07.05 12:45:47.292,0.77638,0.77663,2.25,1.69
2013.07.05 12:45:48.221,0.77633,0.7766,2.25,1.69
2013.07.05 12:45:48.780,0.77633,0.7766,2.25,1.69
2013.07.05 12:45:48.850,0.77631,0.77659,1.13,2.44
2013.07.05 12:45:49.030,0.77635,0.77659,1.19,2.44
2013.07.05 12:45:49.210,0.77647,0.77667,2.25,2.25
2013.07.05 12:45:49.631,0.77655,0.77675,2.25,1.69
2013.07.05 12:45:49.870,0.77654,0.77676,2.44,1.13
2013.07.05 12:45:49.932,0.77654,0.77678,1.69,1.13
2013.07.05 12:45:50.000,0.77654,0.77676,1.50,1.13
2013.07.05 12:45:50.119,0.77655,0.77681,2.25,1.69
2013.07.05 12:45:50.660,0.77654,0.77682,2.25,1.69
2013.07.05 12:45:51.199,0.77656,0.77681,1.50,1.69
2013.07.05 12:45:51.381,0.77656,0.7768,1.50,1.69
2013.07.05 12:45:51.680,0.77654,0.7768,2.25,1.69
2013.07.05 12:45:52.039,0.77658,0.77681,1.50,1.69
2013.07.05 12:45:52.219,0.77658,0.77681,1.50,1.69
2013.07.05 12:45:52.879,0.77658,0.77682,1.50,1.69
2013.07.05 12:45:53.419,0.77658,0.77682,1.50,1.69
2013.07.05 12:45:54.140,0.77658,0.77682,1.50,1.69
2013.07.05 12:45:54.441,0.77656,0.77679,1.13,1.50
2013.07.05 12:45:54.560,0.77651,0.77672,2.25,1.20
2013.07.05 12:45:54.679,0.77649,0.77666,1.88,2.33
2013.07.05 12:45:54.859,0.77644,0.77666,1.50,2.33
2013.07.05 12:45:54.920,0.7764,0.77664,1.32,2.25
2013.07.05 12:45:54.993,0.77639,0.77662,1.50,1.65
2013.07.05 12:45:55.123,0.77635,0.77659,1.69,1.65
2013.07.05 12:45:55.369,0.77632,0.77657,1.50,1.09
2013.07.05 12:45:55.549,0.77631,0.77656,1.13,3.19
2013.07.05 12:45:55.669,0.7763,0.77655,1.50,1.69
2013.07.05 12:45:55.729,0.7763,0.77655,3.00,1.69
2013.07.05 12:45:56.090,0.77633,0.77659,1.50,1.69
2013.07.05 12:45:56.150,0.77633,0.77659,1.50,1.69
2013.07.05 12:45:56.512,0.77633,0.77657,3.00,1.69
2013.07.05 12:45:56.702,0.77632,0.77654,1.50,1.50
2013.07.05 12:45:57.771,0.77632,0.77656,1.50,2.44
2013.07.05 12:45:58.009,0.77634,0.77659,2.25,1.69
2013.07.05 12:45:58.069,0.77634,0.77656,1.50,1.50
2013.07.05 12:45:58.609,0.77634,0.77656,1.50,1.50
2013.07.05 12:45:59.451,0.77635,0.77658,1.50,1.69
2013.07.05 12:45:59.640,0.77632,0.77657,1.50,1.69
2013.07.05 12:45:59.709,0.7763,0.77654,2.25,1.50
2013.07.05 12:45:59.833,0.7763,0.77654,1.50,1.50
2013.07.05 12:46:00.139,0.77635,0.77657,2.25,1.69
2013.07.05 12:46:00.200,0.7764,0.77658,1.50,1.69
2013.07.05 12:46:00.381,0.77635,0.77657,3.23,1.50
2013.07.05 12:46:00.505,0.77632,0.77657,2.25,1.50
2013.07.05 12:46:01.051,0.77634,0.77656,1.50,1.50
2013.07.05 12:46:01.169,0.77634,0.7766,2.33,2.07
2013.07.05 12:46:01.289,0.77635,0.77662,1.13,1.69
2013.07.05 12:46:01.409,0.77635,0.77663,2.63,2.44
2013.07.05 12:46:01.651,0.77635,0.77659,1.50,1.50
2013.07.05 12:46:01.839,0.77634,0.77654,2.63,1.50
2013.07.05 12:46:02.141,0.7763,0.77654,2.25,1.50
2013.07.05 12:46:02.569,0.77625,0.77649,1.50,1.50
2013.07.05 12:46:02.900,0.77626,0.77652,1.50,2.44
2013.07.05 12:46:05.009,0.77628,0.77652,1.50,1.50
2013.07.05 12:46:05.310,0.77632,0.77656,1.50,1.69
2013.07.05 12:46:05.670,0.77659,0.77674,3.00,1.28
2013.07.05 12:46:05.730,0.77664,0.77675,1.50,1.50
2013.07.05 12:46:05.862,0.77665,0.7768,2.25,1.50
2013.07.05 12:46:05.930,0.77665,0.7768,2.25,1.50
2013.07.05 12:46:06.732,0.77666,0.7768,3.00,1.50
2013.07.05 12:46:06.832,0.77672,0.77686,2.25,1.58
2013.07.05 12:46:07.892,0.7767,0.77686,1.13,2.33
2013.07.05 12:46:08.399,0.77672,0.77686,3.00,1.58
2013.07.05 12:46:08.639,0.77672,0.77686,1.50,1.58
2013.07.05 12:46:08.880,0.7767,0.77686,3.00,1.73
2013.07.05 12:46:10.071,0.7767,0.77685,1.50,1.73
2013.07.05 12:46:11.269,0.7767,0.77686,2.63,1.73
2013.07.05 12:46:11.630,0.7767,0.77686,1.50,2.85
2013.07.05 12:46:11.869,0.77668,0.77684,1.50,1.35
2013.07.05 12:46:12.629,0.77664,0.77681,3.19,1.05
2013.07.05 12:46:12.809,0.77664,0.77681,3.19,1.05
2013.07.05 12:46:13.299,0.77663,0.77679,1.50,1.05
2013.07.05 12:46:13.420,0.77664,0.77681,2.25,1.24
2013.07.05 12:46:13.662,0.77664,0.77681,3.00,1.17
2013.07.05 12:46:13.790,0.77664,0.77681,3.19,1.35
2013.07.05 12:46:14.270,0.77674,0.77682,1.50,1.13
2013.07.05 12:46:14.400,0.77673,0.77683,2.25,1.13
2013.07.05 12:46:14.580,0.77674,0.77688,1.50,1.50
2013.07.05 12:46:14.700,0.7768,0.77688,1.50,1.50
2013.07.05 12:46:14.822,0.7768,0.77697,2.25,1.69
2013.07.05 12:46:14.942,0.77675,0.77702,1.69,1.69
2013.07.05 12:46:15.009,0.77674,0.777,2.44,1.69
2013.07.05 12:46:15.313,0.77685,0.77702,2.25,1.69
2013.07.05 12:46:15.381,0.77682,0.77702,2.25,1.69
2013.07.05 12:46:15.680,0.7768,0.77703,2.25,1.69
2013.07.05 12:46:16.503,0.7768,0.77698,1.69,2.18
2013.07.05 12:46:16.809,0.77676,0.77692,1.13,1.39
2013.07.05 12:46:17.109,0.77668,0.77688,3.94,1.02
2013.07.05 12:46:17.168,0.77668,0.77688,1.69,1.02
2013.07.05 12:46:17.919,0.77667,0.77686,1.69,1.58
2013.07.05 12:46:18.279,0.7767,0.77688,2.25,1.02
2013.07.05 12:46:18.400,0.7767,0.77688,1.50,1.77
2013.07.05 12:46:20.048,0.77667,0.77686,2.25,1.77
2013.07.05 12:46:20.471,0.77667,0.77686,2.25,1.77
2013.07.05 12:46:20.601,0.77672,0.77689,2.25,1.69
2013.07.05 12:46:20.720,0.77672,0.77693,2.25,2.07
2013.07.05 12:46:20.840,0.77672,0.77695,3.00,1.69
2013.07.05 12:46:20.961,0.77677,0.77696,2.25,1.69
2013.07.05 12:46:21.140,0.7768,0.77702,2.25,4.70
2013.07.05 12:46:21.259,0.7768,0.77702,3.00,2.82
2013.07.05 12:46:21.318,0.7768,0.77704,3.00,1.69
2013.07.05 12:46:21.440,0.77682,0.77704,2.25,1.69
2013.07.05 12:46:21.684,0.77685,0.77707,2.25,1.02
2013.07.05 12:46:22.288,0.77685,0.77707,2.25,1.02
2013.07.05 12:46:23.491,0.77685,0.77706,2.25,1.02
2013.07.05 12:46:24.689,0.77684,0.77706,2.25,1.77
2013.07.05 12:46:24.929,0.77682,0.77706,1.69,1.77
2013.07.05 12:46:25.709,0.77682,0.77706,3.19,1.77
2013.07.05 12:46:26.929,0.77682,0.77705,1.69,1.69
2013.07.05 12:46:28.600,0.77681,0.77708,2.44,1.69
2013.07.05 12:46:29.120,0.77681,0.77709,2.44,2.44
2013.07.05 12:46:29.422,0.77683,0.77709,2.44,1.69
2013.07.05 12:46:30.821,0.77684,0.77711,3.19,1.69
2013.07.05 12:46:32.179,0.77686,0.77713,3.94,1.69
2013.07.05 12:46:32.360,0.77686,0.77712,3.19,1.69
2013.07.05 12:46:32.659,0.77683,0.77709,1.69,2.44
2013.07.05 12:46:34.160,0.77684,0.77709,2.44,1.69
2013.07.05 12:46:34.520,0.7768,0.77706,2.25,2.52
2013.07.05 12:46:36.049,0.7768,0.77703,2.44,1.69
2013.07.05 12:46:37.207,0.77676,0.77696,1.50,2.44
2013.07.05 12:46:37.350,0.77676,0.77696,1.50,2.44
2013.07.05 12:46:37.829,0.7768,0.77696,2.25,1.50
2013.07.05 12:46:38.431,0.7768,0.77705,3.19,1.69
2013.07.05 12:46:39.639,0.7768,0.77703,3.19,2.07
2013.07.05 12:46:40.790,0.7768,0.77704,3.19,2.07
2013.07.05 12:46:43.123,0.77682,0.77704,2.25,2.07
2013.07.05 12:46:43.430,0.77685,0.77704,2.25,1.32
2013.07.05 12:46:43.611,0.77686,0.77706,1.50,1.77
2013.07.05 12:46:44.372,0.77686,0.77705,1.50,1.32
2013.07.05 12:46:44.689,0.77685,0.77706,2.25,2.52
2013.07.05 12:46:44.929,0.77686,0.77705,1.50,1.32
2013.07.05 12:46:45.169,0.77685,0.77706,2.25,3.30
2013.07.05 12:46:45.289,0.77686,0.77706,1.50,2.16
2013.07.05 12:46:45.540,0.77686,0.77706,1.69,1.02
2013.07.05 12:46:45.851,0.77685,0.77708,3.19,1.69
2013.07.05 12:46:45.914,0.77685,0.77704,1.69,1.50
2013.07.05 12:46:46.611,0.7768,0.77704,4.32,1.69
2013.07.05 12:46:46.919,0.77683,0.77706,2.44,2.55
2013.07.05 12:46:47.234,0.77685,0.77708,2.44,1.33
2013.07.05 12:46:47.361,0.77685,0.7771,2.44,1.33
2013.07.05 12:46:47.790,0.77686,0.77713,1.69,1.69
2013.07.05 12:46:47.910,0.77685,0.77711,3.19,1.69
2013.07.05 12:46:48.389,0.77685,0.77711,1.69,2.44
2013.07.05 12:46:48.690,0.77682,0.77704,3.19,1.69
2013.07.05 12:46:49.049,0.77685,0.77706,2.25,2.52
2013.07.05 12:46:49.485,0.77683,0.77705,3.79,1.69
2013.07.05 12:46:49.669,0.77685,0.77705,2.25,1.69
2013.07.05 12:46:50.490,0.77686,0.77706,1.50,1.02
2013.07.05 12:46:50.793,0.77693,0.77709,1.43,1.69
2013.07.05 12:46:51.041,0.77707,0.77723,1.50,1.69
2013.07.05 12:46:51.099,0.77708,0.77725,2.10,1.69
2013.07.05 12:46:51.220,0.77713,0.77728,1.35,3.19
2013.07.05 12:46:51.340,0.77713,0.77729,1.35,1.69
2013.07.05 12:46:51.399,0.7772,0.77733,2.25,1.69
2013.07.05 12:46:51.580,0.77713,0.77732,1.13,1.13
2013.07.05 12:46:51.639,0.77713,0.77729,1.13,1.58
2013.07.05 12:46:51.700,0.7771,0.77729,1.50,1.58
2013.07.05 12:46:51.880,0.77709,0.77726,1.69,2.33
2013.07.05 12:46:52.001,0.77708,0.77726,1.69,2.33
2013.07.05 12:46:52.250,0.77706,0.77726,2.44,2.70
2013.07.05 12:46:52.669,0.77706,0.7772,1.50,1.65
2013.07.05 12:46:52.729,0.77702,0.77712,3.00,1.50
2013.07.05 12:46:52.789,0.77696,0.77706,1.69,1.50
2013.07.05 12:46:52.849,0.77691,0.77706,1.69,1.50
2013.07.05 12:46:53.029,0.77691,0.77715,1.69,1.77
2013.07.05 12:46:53.149,0.77688,0.77714,1.69,1.69
2013.07.05 12:46:53.329,0.77688,0.77711,1.69,1.77
2013.07.05 12:46:53.389,0.77685,0.7771,3.19,1.02
2013.07.05 12:46:53.932,0.77687,0.77712,1.69,1.69
2013.07.05 12:46:54.119,0.77688,0.77713,1.69,1.69
2013.07.05 12:46:54.426,0.77687,0.77712,1.69,1.69
2013.07.05 12:46:54.730,0.77694,0.77714,1.50,1.69
2013.07.05 12:46:54.909,0.77694,0.77718,2.82,1.32
2013.07.05 12:46:54.969,0.77697,0.77722,1.50,2.82
2013.07.05 12:46:55.091,0.77697,0.77723,1.69,2.44
2013.07.05 12:46:55.399,0.77694,0.77716,1.69,2.25
2013.07.05 12:46:55.580,0.77693,0.77717,2.44,1.50
2013.07.05 12:46:55.640,0.7769,0.77717,2.82,1.69
2013.07.05 12:46:56.356,0.77705,0.77718,2.25,1.69
2013.07.05 12:46:56.431,0.77707,0.77721,1.50,1.32
2013.07.05 12:46:56.619,0.77703,0.77726,1.88,2.52
2013.07.05 12:46:56.679,0.77703,0.77724,1.13,1.50
2013.07.05 12:46:56.739,0.77699,0.77719,1.69,1.13
2013.07.05 12:46:56.859,0.77695,0.77716,2.82,2.25
2013.07.05 12:46:56.920,0.77695,0.77716,1.32,2.25
2013.07.05 12:46:57.039,0.77694,0.77716,1.69,2.25
2013.07.05 12:46:57.416,0.77694,0.77715,1.69,1.02
2013.07.05 12:46:57.721,0.77691,0.7771,1.69,1.58
2013.07.05 12:46:57.961,0.77691,0.77706,1.50,1.58
2013.07.05 12:46:58.319,0.77692,0.77701,1.50,6.38
2013.07.05 12:46:58.381,0.77691,0.77699,1.50,2.25
2013.07.05 12:46:58.439,0.77691,0.777,1.88,1.50
2013.07.05 12:46:58.564,0.77706,0.77717,1.88,1.50
2013.07.05 12:46:58.631,0.7771,0.77719,1.13,1.50
2013.07.05 12:46:58.812,0.77718,0.77725,1.13,1.50
2013.07.05 12:46:58.880,0.77718,0.7773,1.13,1.50
2013.07.05 12:46:58.941,0.77721,0.77731,1.13,1.50
2013.07.05 12:46:59.251,0.77727,0.7774,1.50,1.13
2013.07.05 12:46:59.311,0.77727,0.77745,1.50,1.69
2013.07.05 12:46:59.371,0.77727,0.77746,1.50,1.69
2013.07.05 12:46:59.502,0.77727,0.77744,1.50,1.88
2013.07.05 12:46:59.572,0.77725,0.77745,1.50,2.07
2013.07.05 12:46:59.640,0.77724,0.77744,1.69,1.69
2013.07.05 12:46:59.761,0.77724,0.77744,1.50,2.07
2013.07.05 12:47:00.069,0.77724,0.77744,1.50,2.07
2013.07.05 12:47:00.129,0.77724,0.77744,1.50,2.07
2013.07.05 12:47:00.371,0.77721,0.7774,1.50,1.69
2013.07.05 12:47:00.729,0.77718,0.77736,1.69,2.25
2013.07.05 12:47:01.030,0.77711,0.7772,1.69,1.50
2013.07.05 12:47:01.089,0.77709,0.7772,2.25,1.50
2013.07.05 12:47:01.150,0.77701,0.77719,2.44,1.50
2013.07.05 12:47:01.211,0.77692,0.77716,1.32,1.50
2013.07.05 12:47:01.391,0.77691,0.77715,1.32,1.50
2013.07.05 12:47:01.509,0.77689,0.77713,1.32,1.50
2013.07.05 12:47:01.689,0.77684,0.77706,1.69,1.50
2013.07.05 12:47:01.748,0.77682,0.77706,1.69,1.50
2013.07.05 12:47:01.810,0.77681,0.77706,1.69,1.50
2013.07.05 12:47:01.930,0.77683,0.77708,1.69,1.58
2013.07.05 12:47:02.233,0.77684,0.77708,1.32,1.77
2013.07.05 12:47:02.540,0.7769,0.77712,1.69,2.44
2013.07.05 12:47:02.841,0.77696,0.77717,1.13,3.94
2013.07.05 12:47:02.971,0.77692,0.77712,4.69,1.50
2013.07.05 12:47:03.030,0.77685,0.77712,1.69,1.50
2013.07.05 12:47:03.090,0.77688,0.77713,2.44,2.82
2013.07.05 12:47:03.150,0.77682,0.7771,1.69,3.75
2013.07.05 12:47:03.210,0.77681,0.7771,1.69,3.75
2013.07.05 12:47:03.571,0.7768,0.77707,1.69,3.19
2013.07.05 12:47:03.900,0.77683,0.77707,1.69,1.69
2013.07.05 12:47:04.140,0.77686,0.7771,1.69,1.69
2013.07.05 12:47:05.463,0.77686,0.77712,1.69,1.69
2013.07.05 12:47:06.499,0.77687,0.77712,1.69,1.69
2013.07.05 12:47:07.484,0.77687,0.77712,1.50,3.19
2013.07.05 12:47:08.150,0.77683,0.77707,2.07,1.69
2013.07.05 12:47:08.451,0.77694,0.77709,1.13,1.69
2013.07.05 12:47:08.630,0.77694,0.77711,1.13,1.69
2013.07.05 12:47:08.690,0.77692,0.77709,2.85,1.50
2013.07.05 12:47:08.809,0.77686,0.77709,1.69,2.25
2013.07.05 12:47:08.930,0.77687,0.77709,1.50,1.69
2013.07.05 12:47:09.410,0.77686,0.77709,1.50,1.69
2013.07.05 12:47:09.949,0.77687,0.77706,1.50,1.69
2013.07.05 12:47:10.489,0.77687,0.77708,1.50,1.69
2013.07.05 12:47:11.389,0.77683,0.77707,1.32,1.69
2013.07.05 12:47:11.569,0.7768,0.77706,1.69,1.50
2013.07.05 12:47:11.629,0.77686,0.77704,1.50,1.50
2013.07.05 12:47:12.109,0.77681,0.77704,2.44,1.69
2013.07.05 12:47:12.170,0.77679,0.77703,1.69,1.69
2013.07.05 12:47:13.069,0.7768,0.777,1.69,1.02
2013.07.05 12:47:13.190,0.77673,0.77697,2.44,1.50
2013.07.05 12:47:13.249,0.77673,0.77696,1.69,2.25
2013.07.05 12:47:13.430,0.77673,0.77696,1.50,2.44
2013.07.05 12:47:13.681,0.77669,0.7769,2.00,1.69
2013.07.05 12:47:13.872,0.7767,0.77689,1.50,1.50
2013.07.05 12:47:14.241,0.7767,0.77687,1.50,1.50
2013.07.05 12:47:14.956,0.77669,0.77689,1.82,1.69
2013.07.05 12:47:15.379,0.77669,0.77689,1.63,1.69
2013.07.05 12:47:16.580,0.77668,0.77692,1.69,3.19
2013.07.05 12:47:17.949,0.77668,0.77689,1.32,1.69
2013.07.05 12:47:18.920,0.77664,0.77683,2.25,1.50
2013.07.05 12:47:19.460,0.77659,0.77682,2.25,1.50
2013.07.05 12:47:20.120,0.77652,0.77679,1.32,1.69
2013.07.05 12:47:20.239,0.77652,0.77672,1.32,2.25
2013.07.05 12:47:20.479,0.77644,0.7767,2.44,2.25
2013.07.05 12:47:20.659,0.77644,0.77674,1.69,1.69
2013.07.05 12:47:20.909,0.77644,0.77674,1.69,3.19
2013.07.05 12:47:21.251,0.77642,0.7767,1.69,2.25
2013.07.05 12:47:21.430,0.77643,0.77672,1.69,2.44
2013.07.05 12:47:21.740,0.7764,0.77662,2.44,2.25
2013.07.05 12:47:21.800,0.77638,0.77662,1.69,2.25
2013.07.05 12:47:21.860,0.77635,0.77662,2.44,2.25
2013.07.05 12:47:21.920,0.77637,0.77657,1.69,2.25
2013.07.05 12:47:21.980,0.77636,0.77657,2.44,2.25
2013.07.05 12:47:22.102,0.77632,0.77657,1.69,2.25
2013.07.05 12:47:22.170,0.77631,0.77657,1.69,2.25
2013.07.05 12:47:22.881,0.77629,0.77657,1.69,2.25
2013.07.05 12:47:22.949,0.77629,0.77659,2.44,2.25
2013.07.05 12:47:23.010,0.77628,0.77656,3.19,2.25
2013.07.05 12:47:23.191,0.77627,0.77653,1.69,2.25
2013.07.05 12:47:23.311,0.77627,0.77649,1.69,2.25
2013.07.05 12:47:23.500,0.77625,0.77649,1.69,2.25
2013.07.05 12:47:23.740,0.77627,0.77652,1.69,1.69
2013.07.05 12:47:24.345,0.77629,0.77653,1.69,1.69
2013.07.05 12:47:24.889,0.77627,0.77653,1.69,3.19
2013.07.05 12:47:27.200,0.77626,0.77651,2.82,2.44
2013.07.05 12:47:27.799,0.77627,0.77651,1.32,2.44
2013.07.05 12:47:28.342,0.77629,0.77651,1.69,2.44
2013.07.05 12:47:28.780,0.77627,0.77648,1.69,2.25
2013.07.05 12:47:29.199,0.77627,0.7765,1.69,3.19
2013.07.05 12:47:29.380,0.77628,0.77652,1.69,1.69
2013.07.05 12:47:29.877,0.77628,0.77653,1.32,1.69
2013.07.05 12:47:30.120,0.77631,0.77654,1.32,1.69
2013.07.05 12:47:30.811,0.77633,0.77654,1.13,1.69
2013.07.05 12:47:31.961,0.7763,0.77653,2.07,1.69
2013.07.05 12:47:32.379,0.77629,0.77653,2.22,1.69
2013.07.05 12:47:32.440,0.7763,0.77653,1.09,1.69
2013.07.05 12:47:32.941,0.77629,0.77653,3.42,1.69
2013.07.05 12:47:33.965,0.77633,0.77653,1.32,1.69
2013.07.05 12:47:34.029,0.77632,0.77653,1.32,1.69
2013.07.05 12:47:34.088,0.77634,0.77653,1.88,1.69
2013.07.05 12:47:34.631,0.77634,0.77653,1.50,1.69
2013.07.05 12:47:34.940,0.77629,0.77653,2.82,1.69
2013.07.05 12:47:35.181,0.77627,0.77653,1.69,2.44
2013.07.05 12:47:35.252,0.77626,0.77651,2.29,2.44
2013.07.05 12:47:35.381,0.77624,0.77651,2.67,2.44
2013.07.05 12:47:35.449,0.77628,0.77652,1.50,1.69
2013.07.05 12:47:35.570,0.77628,0.77652,2.25,1.69
2013.07.05 12:47:35.690,0.77629,0.77654,1.50,1.50
2013.07.05 12:47:35.750,0.7763,0.7766,1.50,3.19
2013.07.05 12:47:36.001,0.77631,0.7766,1.69,3.19
2013.07.05 12:47:36.361,0.77629,0.77657,2.44,2.25
2013.07.05 12:47:36.669,0.77632,0.77657,2.44,2.25
2013.07.05 12:47:37.351,0.77632,0.77659,2.44,2.25
2013.07.05 12:47:38.370,0.77635,0.77664,1.69,1.69
2013.07.05 12:47:38.672,0.77637,0.77664,2.44,2.44
2013.07.05 12:47:38.861,0.7764,0.77664,1.69,1.69
2013.07.05 12:47:38.991,0.7764,0.77666,1.69,2.44
2013.07.05 12:47:39.303,0.77648,0.77674,2.25,1.69
2013.07.05 12:47:39.372,0.7765,0.77675,1.50,1.50
2013.07.05 12:47:39.439,0.77663,0.77675,2.25,1.50
2013.07.05 12:47:39.620,0.77663,0.77679,2.25,1.50
2013.07.05 12:47:39.740,0.77653,0.77686,2.25,1.13
2013.07.05 12:47:39.865,0.77658,0.77686,1.50,1.88
2013.07.05 12:47:39.934,0.77666,0.77687,1.50,1.88
2013.07.05 12:47:40.123,0.77666,0.7769,1.50,1.50
2013.07.05 12:47:40.610,0.77665,0.77689,2.25,2.44
2013.07.05 12:47:40.670,0.77657,0.77687,2.44,1.69
2013.07.05 12:47:41.152,0.77657,0.77686,2.44,1.69
2013.07.05 12:47:41.343,0.77646,0.77674,1.69,1.50
2013.07.05 12:47:41.470,0.77644,0.7767,1.69,1.50
2013.07.05 12:47:41.531,0.77644,0.7767,1.69,1.50
2013.07.05 12:47:41.650,0.77644,0.77673,3.19,1.50
2013.07.05 12:47:41.831,0.77644,0.77674,3.19,1.69
2013.07.05 12:47:42.140,0.77647,0.77678,1.69,3.19
2013.07.05 12:47:42.200,0.77649,0.77678,1.69,2.44
2013.07.05 12:47:43.106,0.77648,0.77678,1.69,3.19
2013.07.05 12:47:43.422,0.77638,0.7766,2.44,1.50
2013.07.05 12:47:43.493,0.77635,0.7766,2.44,1.50
2013.07.05 12:47:43.620,0.77633,0.7766,2.82,1.50
2013.07.05 12:47:43.681,0.77635,0.77662,1.69,1.50
2013.07.05 12:47:43.800,0.77638,0.77667,1.69,2.25
2013.07.05 12:47:44.219,0.7764,0.7767,1.69,2.44
2013.07.05 12:47:44.760,0.77641,0.7767,1.69,2.25
2013.07.05 12:47:45.109,0.77641,0.77665,1.69,2.25
2013.07.05 12:47:45.230,0.77636,0.77663,2.44,1.69
2013.07.05 12:47:45.540,0.77639,0.77667,1.69,1.69
2013.07.05 12:47:45.780,0.77637,0.77662,1.69,2.25
2013.07.05 12:47:45.841,0.77639,0.77669,1.69,1.69
2013.07.05 12:47:46.381,0.77641,0.7767,1.69,2.44
2013.07.05 12:47:46.911,0.7764,0.77669,1.69,2.44
2013.07.05 12:47:47.150,0.77637,0.77661,3.57,2.25
2013.07.05 12:47:47.270,0.77635,0.7766,1.69,1.50
2013.07.05 12:47:47.397,0.77634,0.7766,2.82,1.50
2013.07.05 12:47:47.639,0.77633,0.77657,1.69,1.50
2013.07.05 12:47:47.700,0.77632,0.77656,1.69,1.50
2013.07.05 12:47:47.761,0.77628,0.77649,1.69,2.25
2013.07.05 12:47:48.063,0.7762,0.77643,2.44,2.25
2013.07.05 12:47:48.131,0.77618,0.77643,1.69,2.44
2013.07.05 12:47:48.250,0.77618,0.77641,1.69,2.25
2013.07.05 12:47:48.609,0.77608,0.7763,1.69,2.25
2013.07.05 12:47:48.790,0.77604,0.77627,1.69,2.25
2013.07.05 12:47:48.910,0.77603,0.77631,2.44,3.19
2013.07.05 12:47:49.030,0.77603,0.77631,1.69,1.69
2013.07.05 12:47:49.449,0.776,0.77631,2.44,1.69
2013.07.05 12:47:49.632,0.776,0.7762,1.69,2.25
2013.07.05 12:47:49.939,0.77598,0.7762,1.69,2.25
2013.07.05 12:47:50.000,0.77595,0.77615,2.44,2.25
2013.07.05 12:47:50.060,0.77592,0.77615,3.19,2.25
2013.07.05 12:47:50.180,0.77591,0.77613,1.69,2.25
2013.07.05 12:47:50.240,0.7759,0.77613,2.44,2.36
2013.07.05 12:47:50.420,0.77588,0.77615,1.69,1.61
2013.07.05 12:47:50.599,0.77588,0.77615,1.69,2.25
2013.07.05 12:47:50.839,0.77592,0.77615,1.69,2.44
2013.07.05 12:47:50.900,0.77593,0.77618,1.50,2.44
2013.07.05 12:47:50.959,0.77593,0.77618,1.69,1.69
2013.07.05 12:47:51.020,0.77599,0.77618,1.50,1.50
2013.07.05 12:47:51.322,0.77599,0.77618,1.50,2.25
2013.07.05 12:47:51.390,0.77599,0.7762,1.69,1.50
2013.07.05 12:47:51.569,0.77599,0.77622,1.69,2.25
2013.07.05 12:47:52.197,0.77599,0.77618,1.69,2.25
2013.07.05 12:47:52.334,0.776,0.7762,2.44,1.50
2013.07.05 12:47:52.461,0.776,0.7762,2.44,1.50
2013.07.05 12:47:52.890,0.776,0.7762,2.44,1.50
2013.07.05 12:47:53.069,0.77602,0.7762,1.69,1.50
2013.07.05 12:47:53.372,0.77603,0.77621,1.69,1.50
2013.07.05 12:47:53.920,0.77602,0.77624,1.32,1.50
2013.07.05 12:47:54.421,0.77601,0.77626,1.69,2.25
2013.07.05 12:47:54.912,0.77601,0.77621,1.69,2.25
2013.07.05 12:47:55.161,0.77601,0.77623,1.69,2.25
2013.07.05 12:47:55.701,0.77604,0.77623,2.44,2.25
2013.07.05 12:47:55.950,0.77604,0.77618,2.44,2.25
2013.07.05 12:47:56.010,0.77604,0.77618,1.69,2.25
2013.07.05 12:47:56.189,0.77604,0.77621,1.69,2.25
2013.07.05 12:47:56.311,0.77604,0.77621,1.69,2.25
2013.07.05 12:47:56.621,0.77604,0.77617,2.44,2.25
2013.07.05 12:47:56.981,0.77602,0.77613,1.69,1.50
2013.07.05 12:47:57.422,0.77599,0.77618,2.82,2.25
2013.07.05 12:47:57.970,0.776,0.77618,1.69,2.25
2013.07.05 12:47:58.631,0.77599,0.77616,1.69,2.25
2013.07.05 12:47:58.881,0.77596,0.77616,2.44,2.25
2013.07.05 12:47:59.001,0.77596,0.77615,1.69,2.25
2013.07.05 12:47:59.302,0.77596,0.77613,1.69,2.25
2013.07.05 12:47:59.862,0.77592,0.77613,1.02,3.00
2013.07.05 12:48:00.050,0.77592,0.77608,1.02,3.00
2013.07.05 12:48:00.171,0.7759,0.77608,1.02,3.00
2013.07.05 12:48:00.410,0.7759,0.7761,1.02,1.50
2013.07.05 12:48:00.531,0.77592,0.77613,1.02,1.69
2013.07.05 12:48:00.712,0.77592,0.77613,1.77,1.50
2013.07.05 12:48:01.476,0.77593,0.77612,1.69,2.25
2013.07.05 12:48:01.566,0.77599,0.7762,1.69,2.25
2013.07.05 12:48:01.872,0.776,0.77622,1.69,2.25
2013.07.05 12:48:02.122,0.77603,0.77622,1.69,2.25
2013.07.05 12:48:02.441,0.77606,0.7762,1.17,2.25
2013.07.05 12:48:02.689,0.77606,0.7763,2.67,2.44
2013.07.05 12:48:02.809,0.77607,0.77632,3.19,1.50
2013.07.05 12:48:03.170,0.7761,0.77636,2.44,2.63
2013.07.05 12:48:03.650,0.77616,0.77636,2.82,1.13
2013.07.05 12:48:03.771,0.77616,0.77636,1.32,1.13
2013.07.05 12:48:03.900,0.77615,0.77636,2.44,1.13
2013.07.05 12:48:04.083,0.77612,0.77636,3.57,1.13
2013.07.05 12:48:04.212,0.77618,0.77636,1.69,1.13
2013.07.05 12:48:04.401,0.77614,0.77635,1.32,2.25
2013.07.05 12:48:04.590,0.77612,0.77635,2.07,2.25
2013.07.05 12:48:04.710,0.77612,0.77632,2.07,2.25
2013.07.05 12:48:04.830,0.77608,0.77635,1.32,2.25
2013.07.05 12:48:05.193,0.77608,0.77622,1.32,2.25
2013.07.05 12:48:05.262,0.77606,0.77622,1.02,2.25
2013.07.05 12:48:05.390,0.77604,0.77622,1.02,1.50
2013.07.05 12:48:05.631,0.77605,0.77622,1.02,2.25
2013.07.05 12:48:05.940,0.77602,0.7762,1.02,2.25
2013.07.05 12:48:06.740,0.77604,0.7762,1.77,2.25
2013.07.05 12:48:06.800,0.77606,0.7763,1.77,1.69
2013.07.05 12:48:06.921,0.77607,0.77635,1.77,2.44
2013.07.05 12:48:07.279,0.77608,0.77635,1.69,2.44
2013.07.05 12:48:07.640,0.77613,0.77636,1.32,1.13
2013.07.05 12:48:08.001,0.77618,0.7764,2.07,2.25
2013.07.05 12:48:08.061,0.77616,0.7764,1.69,2.25
2013.07.05 12:48:08.119,0.77616,0.77632,1.69,2.25
2013.07.05 12:48:08.362,0.77617,0.77632,1.02,2.25
2013.07.05 12:48:08.431,0.77617,0.77632,1.77,2.25
2013.07.05 12:48:08.550,0.77617,0.77642,1.77,2.25
2013.07.05 12:48:08.611,0.77624,0.77642,1.50,2.25
2013.07.05 12:48:08.741,0.77624,0.77645,2.33,1.69
2013.07.05 12:48:08.813,0.77629,0.7765,1.50,3.19
2013.07.05 12:48:08.880,0.77629,0.7765,1.50,1.69
2013.07.05 12:48:09.181,0.7763,0.77652,1.50,1.69
2013.07.05 12:48:09.824,0.77634,0.77655,1.65,1.69
2013.07.05 12:48:09.932,0.77636,0.77661,1.77,1.73
2013.07.05 12:48:10.370,0.77636,0.7766,1.02,2.29
2013.07.05 12:48:10.491,0.77636,0.7766,1.02,2.29
2013.07.05 12:48:10.740,0.77633,0.7766,1.02,2.25
2013.07.05 12:48:11.100,0.77632,0.77657,1.02,2.25
2013.07.05 12:48:11.222,0.77634,0.7766,1.02,2.44
2013.07.05 12:48:11.411,0.77631,0.7765,1.02,2.25
2013.07.05 12:48:11.660,0.7763,0.77655,1.02,2.25
2013.07.05 12:48:12.082,0.77633,0.77657,1.02,2.25
2013.07.05 12:48:12.390,0.77633,0.77655,1.02,2.25
2013.07.05 12:48:12.631,0.77633,0.77658,1.02,2.25
2013.07.05 12:48:12.869,0.77633,0.7766,1.02,2.25
2013.07.05 12:48:13.051,0.77635,0.77661,1.02,2.25
2013.07.05 12:48:13.421,0.77634,0.77658,2.52,2.25
2013.07.05 12:48:13.781,0.77636,0.77661,1.02,2.25
2013.07.05 12:48:14.142,0.77634,0.77651,1.77,2.25
2013.07.05 12:48:14.210,0.77634,0.77656,1.02,2.25
2013.07.05 12:48:14.751,0.77637,0.77656,1.09,2.25
2013.07.05 12:48:14.821,0.77637,0.77656,1.84,2.25
2013.07.05 12:48:14.881,0.77637,0.77665,1.84,3.00
2013.07.05 12:48:15.131,0.7764,0.77665,3.19,2.25
2013.07.05 12:48:15.380,0.77642,0.77667,1.69,2.25
2013.07.05 12:48:15.560,0.77643,0.77667,2.44,2.25
2013.07.05 12:48:15.740,0.77645,0.7767,1.69,2.44
2013.07.05 12:48:15.860,0.77645,0.77668,1.69,1.69
2013.07.05 12:48:16.400,0.77643,0.77666,1.69,1.69
2013.07.05 12:48:16.580,0.77644,0.77671,1.69,1.69
2013.07.05 12:48:16.760,0.77646,0.77673,1.69,1.69
2013.07.05 12:48:17.301,0.77648,0.77676,3.94,2.44
2013.07.05 12:48:17.551,0.77645,0.7767,3.57,1.02
2013.07.05 12:48:18.451,0.77642,0.77657,2.44,2.25
2013.07.05 12:48:18.555,0.77636,0.7766,1.77,2.25
2013.07.05 12:48:18.859,0.77636,0.7766,2.52,2.25
2013.07.05 12:48:19.099,0.77638,0.77665,2.44,2.25
2013.07.05 12:48:19.279,0.77639,0.77668,1.69,2.25
2013.07.05 12:48:19.340,0.77639,0.77671,1.69,2.44
2013.07.05 12:48:19.461,0.77642,0.77671,1.50,2.44
2013.07.05 12:48:19.890,0.77639,0.77666,2.44,2.25
2013.07.05 12:48:20.190,0.77647,0.77676,3.19,2.44
2013.07.05 12:48:20.491,0.77654,0.77681,1.50,1.69
2013.07.05 12:48:20.610,0.77654,0.77685,1.69,2.44
2013.07.05 12:48:20.731,0.77654,0.77685,2.44,3.19
2013.07.05 12:48:21.068,0.77658,0.77684,2.25,1.69
2013.07.05 12:48:21.369,0.77658,0.77685,1.50,3.19
2013.07.05 12:48:21.490,0.77658,0.77684,2.44,1.69
2013.07.05 12:48:21.849,0.77655,0.77678,3.19,1.50
2013.07.05 12:48:21.913,0.77655,0.77678,1.69,1.58
2013.07.05 12:48:22.040,0.77653,0.77677,1.69,1.50
2013.07.05 12:48:22.101,0.77652,0.77676,1.69,1.69
2013.07.05 12:48:22.400,0.77649,0.77674,2.07,1.69
2013.07.05 12:48:22.461,0.77649,0.77674,2.07,1.77
2013.07.05 12:48:22.820,0.77647,0.77662,1.50,2.25
2013.07.05 12:48:22.940,0.77636,0.7766,1.02,2.25
2013.07.05 12:48:23.479,0.77635,0.77657,1.77,1.50
2013.07.05 12:48:23.660,0.77632,0.77652,1.77,2.25
2013.07.05 12:48:24.020,0.77629,0.77654,1.02,1.69
2013.07.05 12:48:24.139,0.77628,0.77645,1.77,2.25
2013.07.05 12:48:24.260,0.77627,0.77645,1.02,1.50
2013.07.05 12:48:24.320,0.77627,0.77653,1.02,1.69
2013.07.05 12:48:24.560,0.77628,0.77645,1.77,2.25
2013.07.05 12:48:24.681,0.77628,0.77645,1.02,1.50
2013.07.05 12:48:24.923,0.77624,0.77647,3.03,2.25
2013.07.05 12:48:25.111,0.77624,0.7765,3.03,2.44
2013.07.05 12:48:25.681,0.77632,0.77655,1.02,2.44
2013.07.05 12:48:25.933,0.77633,0.77657,1.02,2.44
2013.07.05 12:48:26.180,0.77639,0.77661,1.69,1.69
2013.07.05 12:48:26.419,0.7764,0.77662,2.44,2.25
2013.07.05 12:48:26.480,0.77644,0.77664,1.09,1.69
2013.07.05 12:48:26.661,0.77644,0.77667,3.34,2.44
2013.07.05 12:48:26.723,0.77646,0.77667,1.84,1.69
2013.07.05 12:48:27.351,0.77653,0.77667,1.88,1.69
2013.07.05 12:48:27.683,0.77674,0.77682,2.44,1.50
2013.07.05 12:48:27.811,0.77679,0.77691,2.44,1.58
2013.07.05 12:48:28.010,0.77681,0.77698,1.69,2.33
2013.07.05 12:48:28.191,0.77683,0.77707,1.69,2.44
2013.07.05 12:48:28.730,0.77683,0.77707,1.69,1.69
2013.07.05 12:48:28.970,0.77676,0.777,1.02,2.25
2013.07.05 12:48:29.090,0.77675,0.777,1.02,2.44
2013.07.05 12:48:29.150,0.77674,0.77694,1.69,2.25
2013.07.05 12:48:29.211,0.7767,0.77694,1.69,2.25
2013.07.05 12:48:29.282,0.77668,0.77694,1.69,2.44
2013.07.05 12:48:29.590,0.77665,0.77694,1.69,1.69
2013.07.05 12:48:30.131,0.77671,0.77695,1.09,2.44
2013.07.05 12:48:30.441,0.77677,0.77695,1.65,2.25
2013.07.05 12:48:31.169,0.77679,0.777,1.13,2.25
2013.07.05 12:48:31.230,0.77684,0.77708,1.50,1.69
2013.07.05 12:48:31.770,0.77681,0.77706,2.44,2.44
2013.07.05 12:48:31.952,0.77679,0.77705,1.69,1.69
2013.07.05 12:48:33.072,0.77677,0.77702,2.44,1.69
2013.07.05 12:48:33.142,0.77677,0.77702,1.69,1.69
2013.07.05 12:48:33.381,0.77673,0.77695,1.69,1.50
2013.07.05 12:48:33.450,0.77669,0.77695,2.44,2.25
2013.07.05 12:48:33.810,0.77668,0.77693,1.69,1.69
2013.07.05 12:48:33.870,0.77669,0.77694,1.69,3.03
2013.07.05 12:48:34.174,0.77668,0.77694,1.69,1.69
2013.07.05 12:48:34.300,0.77668,0.77696,2.44,2.44
2013.07.05 12:48:34.360,0.77669,0.77696,1.69,2.44
2013.07.05 12:48:34.479,0.77672,0.77698,1.32,1.69
2013.07.05 12:48:34.719,0.77674,0.77701,1.69,2.44
2013.07.05 12:48:36.896,0.77676,0.777,1.69,1.69
2013.07.05 12:48:37.380,0.77673,0.77698,2.44,1.50
2013.07.05 12:48:37.440,0.77672,0.77698,2.07,1.69
2013.07.05 12:48:37.981,0.77673,0.777,1.69,1.69
2013.07.05 12:48:38.521,0.77675,0.77701,1.17,2.44
2013.07.05 12:48:38.760,0.77675,0.77702,1.92,1.69
2013.07.05 12:48:38.940,0.77678,0.77704,1.69,1.69
2013.07.05 12:48:38.999,0.77678,0.77704,1.69,1.69
2013.07.05 12:48:39.330,0.77677,0.77701,1.69,2.44
2013.07.05 12:48:39.450,0.77674,0.77701,2.44,3.19
2013.07.05 12:48:39.572,0.77674,0.77699,1.69,1.69
2013.07.05 12:48:39.980,0.77673,0.77695,1.32,1.50
2013.07.05 12:48:40.529,0.77673,0.77699,2.44,2.44
2013.07.05 12:48:40.890,0.77675,0.777,3.04,1.50
2013.07.05 12:48:40.949,0.77677,0.777,1.69,1.50
2013.07.05 12:48:41.310,0.77678,0.77701,1.69,1.69
2013.07.05 12:48:41.549,0.77675,0.77696,3.94,2.25
2013.07.05 12:48:41.730,0.77675,0.77702,2.82,1.69
2013.07.05 12:48:41.791,0.77675,0.77698,1.50,1.84
2013.07.05 12:48:42.104,0.7767,0.77689,2.25,1.35
2013.07.05 12:48:42.414,0.7767,0.77683,1.50,2.44
2013.07.05 12:48:42.482,0.77654,0.77682,1.69,1.69
2013.07.05 12:48:42.612,0.7765,0.77675,1.69,1.50
2013.07.05 12:48:42.740,0.77648,0.77675,1.69,1.69
2013.07.05 12:48:42.859,0.77644,0.77672,1.69,1.69
2013.07.05 12:48:42.979,0.77643,0.77669,1.69,2.25
2013.07.05 12:48:43.040,0.77643,0.77669,1.69,2.25
2013.07.05 12:48:43.159,0.77644,0.77671,1.69,1.69
2013.07.05 12:48:43.340,0.77649,0.77671,1.69,1.69
2013.07.05 12:48:43.400,0.77649,0.77671,1.69,1.69
2013.07.05 12:48:43.461,0.77654,0.77671,1.50,1.69
2013.07.05 12:48:43.820,0.77657,0.77677,1.13,2.44
2013.07.05 12:48:44.000,0.77666,0.77689,2.25,1.69
2013.07.05 12:48:44.060,0.77666,0.77693,2.44,1.69
2013.07.05 12:48:44.120,0.77664,0.77692,1.69,2.44
2013.07.05 12:48:44.480,0.77666,0.77692,1.69,2.44
2013.07.05 12:48:45.253,0.77668,0.77692,1.69,2.25
2013.07.05 12:48:45.581,0.77659,0.7768,1.69,2.25
2013.07.05 12:48:45.893,0.77654,0.77675,1.69,2.25
2013.07.05 12:48:45.960,0.77654,0.77675,1.69,2.25
2013.07.05 12:48:46.020,0.77654,0.7768,1.69,2.44
2013.07.05 12:48:46.081,0.77654,0.7768,1.69,2.44
2013.07.05 12:48:46.260,0.77654,0.77682,2.44,1.69
2013.07.05 12:48:46.380,0.77654,0.77678,1.69,2.25
2013.07.05 12:48:46.441,0.77649,0.77673,2.44,1.69
2013.07.05 12:48:46.631,0.77649,0.77672,1.69,2.44
2013.07.05 12:48:46.812,0.77649,0.77669,1.50,1.50
2013.07.05 12:48:46.881,0.77649,0.77669,1.50,1.50
2013.07.05 12:48:47.180,0.77646,0.77671,1.50,1.69
2013.07.05 12:48:47.301,0.77646,0.77671,1.69,1.69
2013.07.05 12:48:47.611,0.77644,0.7767,2.44,2.44
2013.07.05 12:48:47.981,0.77644,0.77671,2.44,2.44
2013.07.05 12:48:48.170,0.77651,0.77675,1.50,1.69
2013.07.05 12:48:48.352,0.77654,0.77677,1.50,3.19
2013.07.05 12:48:48.541,0.77656,0.77677,1.13,2.44
2013.07.05 12:48:48.781,0.77655,0.77677,2.07,1.69
2013.07.05 12:48:49.141,0.77664,0.77682,1.73,3.00
2013.07.05 12:48:49.262,0.77668,0.77694,3.00,1.69
2013.07.05 12:48:49.394,0.77666,0.77692,1.50,1.69
2013.07.05 12:48:49.580,0.77666,0.77695,3.19,3.19
2013.07.05 12:48:50.369,0.77671,0.77695,1.50,3.19
2013.07.05 12:48:50.909,0.77673,0.77695,1.50,1.69
2013.07.05 12:48:51.449,0.77673,0.77694,1.50,1.69
2013.07.05 12:48:51.510,0.77673,0.77697,1.69,2.44
2013.07.05 12:48:51.569,0.77678,0.77697,2.25,1.69
2013.07.05 12:48:51.750,0.77678,0.77702,3.00,1.69
2013.07.05 12:48:51.930,0.77678,0.77703,1.69,1.69
2013.07.05 12:48:52.000,0.77678,0.77704,1.69,1.69
2013.07.05 12:48:52.422,0.77678,0.77706,3.19,1.69
2013.07.05 12:48:52.849,0.77679,0.77704,1.69,1.69
2013.07.05 12:48:53.391,0.77679,0.77704,2.44,1.69
2013.07.05 12:48:54.308,0.77679,0.77704,2.44,1.69
2013.07.05 12:48:54.639,0.77678,0.77704,1.69,1.69
2013.07.05 12:48:55.611,0.77676,0.77704,3.19,2.44
2013.07.05 12:48:55.680,0.77675,0.777,1.69,1.69
2013.07.05 12:48:55.739,0.77675,0.77696,1.69,1.50
2013.07.05 12:48:56.040,0.77675,0.77696,2.44,1.69
2013.07.05 12:48:56.223,0.77669,0.77694,2.44,1.69
2013.07.05 12:48:56.470,0.77672,0.77696,2.44,2.44
2013.07.05 12:48:57.190,0.77669,0.77696,1.69,1.69
2013.07.05 12:48:57.434,0.77673,0.77698,1.69,1.69
2013.07.05 12:48:57.740,0.77681,0.77705,1.88,2.44
2013.07.05 12:48:57.802,0.77681,0.77705,2.07,1.50
2013.07.05 12:48:57.871,0.77681,0.77708,2.82,2.44
2013.07.05 12:48:58.531,0.77683,0.7771,1.69,1.69
2013.07.05 12:48:58.890,0.77687,0.77711,1.69,1.69
2013.07.05 12:48:59.251,0.7769,0.77711,1.69,1.50
2013.07.05 12:48:59.490,0.77692,0.77716,2.44,1.69
2013.07.05 12:48:59.549,0.77692,0.77716,2.44,1.69
2013.07.05 12:48:59.860,0.77695,0.77716,1.69,1.50
2013.07.05 12:49:00.102,0.77694,0.77718,1.69,1.69
2013.07.05 12:49:00.711,0.77694,0.77715,1.69,2.25
2013.07.05 12:49:01.015,0.77693,0.77713,1.69,3.00
2013.07.05 12:49:01.379,0.77689,0.77714,2.44,2.44
2013.07.05 12:49:01.859,0.7769,0.7771,1.69,2.25
2013.07.05 12:49:01.920,0.77686,0.7771,1.69,2.44
2013.07.05 12:49:02.101,0.77682,0.77706,1.39,1.69
2013.07.05 12:49:03.505,0.77685,0.77708,1.32,1.69
2013.07.05 12:49:03.950,0.77685,0.77711,2.07,1.69
2013.07.05 12:49:04.251,0.77697,0.77712,1.50,2.44
2013.07.05 12:49:04.370,0.77697,0.77715,1.50,1.69
2013.07.05 12:49:04.609,0.77697,0.77714,1.50,1.69
2013.07.05 12:49:05.034,0.77697,0.77714,2.25,1.69
2013.07.05 12:49:05.161,0.77699,0.77717,1.50,1.69
2013.07.05 12:49:05.290,0.77703,0.77717,1.88,1.69
2013.07.05 12:49:05.649,0.77712,0.77723,1.13,1.50
2013.07.05 12:49:05.950,0.77715,0.77726,1.69,1.50
2013.07.05 12:49:06.020,0.77715,0.77732,1.69,1.88
2013.07.05 12:49:06.141,0.77715,0.77742,1.69,1.69
2013.07.05 12:49:06.332,0.77712,0.7774,3.94,2.44
2013.07.05 12:49:06.700,0.7771,0.77732,1.69,2.25
2013.07.05 12:49:06.880,0.77707,0.77732,1.69,2.44
2013.07.05 12:49:06.940,0.77716,0.77737,2.25,2.44
2013.07.05 12:49:07.000,0.77716,0.77741,2.25,3.19
2013.07.05 12:49:07.179,0.77716,0.77743,2.25,1.69
2013.07.05 12:49:07.300,0.77716,0.77744,2.44,1.69
2013.07.05 12:49:07.671,0.77715,0.77743,1.69,1.69
2013.07.05 12:49:08.131,0.77716,0.77741,2.44,1.69
2013.07.05 12:49:08.692,0.77721,0.77741,2.25,1.69
2013.07.05 12:49:09.001,0.7771,0.77734,1.69,1.50
2013.07.05 12:49:09.132,0.77708,0.77734,1.69,1.50
2013.07.05 12:49:09.322,0.77709,0.77734,1.69,1.69
2013.07.05 12:49:09.451,0.77706,0.77734,2.44,2.44
2013.07.05 12:49:10.641,0.77707,0.7773,1.69,1.17
2013.07.05 12:49:10.950,0.77704,0.7773,1.69,1.69
2013.07.05 12:49:11.250,0.77713,0.77733,2.25,4.69
2013.07.05 12:49:11.429,0.77704,0.77731,1.69,3.19
2013.07.05 12:49:11.940,0.77704,0.7773,1.69,2.44
2013.07.05 12:49:12.957,0.77705,0.7773,1.69,2.44
2013.07.05 12:49:13.889,0.77705,0.77731,1.69,3.19
2013.07.05 12:49:14.312,0.77703,0.77729,3.19,1.69
2013.07.05 12:49:15.680,0.77706,0.77732,1.69,3.19
2013.07.05 12:49:15.740,0.77706,0.77732,1.69,1.69
2013.07.05 12:49:16.279,0.77706,0.77732,1.69,2.07
2013.07.05 12:49:16.460,0.77703,0.77728,1.69,2.82
2013.07.05 12:49:16.819,0.77704,0.77728,2.44,2.07
2013.07.05 12:49:17.001,0.77704,0.77729,2.44,1.47
2013.07.05 12:49:17.181,0.77711,0.77729,2.25,1.47
2013.07.05 12:49:17.300,0.77707,0.77734,2.82,2.44
2013.07.05 12:49:17.481,0.77708,0.77734,3.19,2.25
2013.07.05 12:49:17.660,0.7771,0.77737,1.69,3.19
2013.07.05 12:49:17.899,0.77711,0.77732,1.69,2.25
2013.07.05 12:49:18.020,0.77709,0.77732,1.69,2.25
2013.07.05 12:49:18.320,0.77706,0.77732,1.69,2.44
2013.07.05 12:49:19.039,0.77706,0.77727,1.69,1.50
2013.07.05 12:49:19.219,0.77703,0.77726,3.19,1.88
2013.07.05 12:49:19.340,0.77703,0.77724,1.69,1.13
2013.07.05 12:49:19.400,0.77699,0.77721,3.19,2.33
2013.07.05 12:49:19.700,0.77703,0.77718,1.50,2.03
2013.07.05 12:49:19.880,0.77699,0.77709,1.13,2.25
2013.07.05 12:49:19.941,0.77695,0.77705,1.13,1.50
2013.07.05 12:49:20.070,0.77685,0.77705,1.69,1.50
2013.07.05 12:49:20.249,0.77687,0.77706,2.25,2.44
2013.07.05 12:49:20.309,0.77687,0.77706,2.25,1.69
2013.07.05 12:49:20.369,0.77687,0.77706,2.25,1.69
2013.07.05 12:49:20.490,0.77686,0.77706,1.50,1.69
2013.07.05 12:49:20.610,0.77682,0.77706,1.69,2.44
2013.07.05 12:49:20.851,0.77677,0.77704,2.44,1.69
2013.07.05 12:49:21.093,0.77683,0.77706,1.69,2.44
2013.07.05 12:49:21.223,0.77687,0.77707,2.25,1.32
2013.07.05 12:49:21.412,0.77688,0.77711,1.50,1.69
2013.07.05 12:49:22.053,0.77688,0.77715,1.69,1.69
2013.07.05 12:49:22.138,0.77687,0.77715,1.69,2.44
2013.07.05 12:49:22.332,0.77683,0.77711,1.69,1.69
2013.07.05 12:49:22.643,0.77685,0.77714,2.44,3.19
2013.07.05 12:49:22.830,0.77681,0.77711,2.44,1.69
2013.07.05 12:49:23.190,0.77681,0.77709,2.44,1.69
2013.07.05 12:49:23.500,0.7768,0.77705,2.25,1.69
2013.07.05 12:49:23.559,0.77678,0.77705,3.00,1.69
2013.07.05 12:49:23.619,0.77678,0.77705,1.50,3.19
2013.07.05 12:49:23.860,0.77679,0.77705,2.25,1.69
2013.07.05 12:49:24.352,0.77679,0.777,2.25,1.02
2013.07.05 12:49:24.484,0.77672,0.77697,1.69,1.69
2013.07.05 12:49:24.552,0.77672,0.77697,1.69,1.69
2013.07.05 12:49:24.859,0.77674,0.77697,2.44,1.69
2013.07.05 12:49:25.160,0.77677,0.77698,2.25,1.77
2013.07.05 12:49:25.710,0.77674,0.77696,2.44,1.69
2013.07.05 12:49:26.309,0.77674,0.77696,2.44,1.69
2013.07.05 12:49:26.430,0.77671,0.77696,3.19,1.69
2013.07.05 12:49:26.611,0.77669,0.77696,1.69,2.44
2013.07.05 12:49:26.680,0.77668,0.77695,1.69,1.69
2013.07.05 12:49:26.982,0.77666,0.7769,1.69,1.25
2013.07.05 12:49:27.291,0.77658,0.77681,2.07,1.58
2013.07.05 12:49:27.601,0.77659,0.77684,1.32,3.19
2013.07.05 12:49:28.454,0.77661,0.77686,2.44,1.69
2013.07.05 12:49:28.703,0.77662,0.77688,1.69,1.77
2013.07.05 12:49:28.890,0.77659,0.77687,4.32,1.69
2013.07.05 12:49:29.311,0.77663,0.77687,2.44,1.69
2013.07.05 12:49:29.550,0.7767,0.77695,2.44,1.69
2013.07.05 12:49:29.611,0.77675,0.77695,2.25,1.69
2013.07.05 12:49:29.670,0.77675,0.777,2.25,1.69
2013.07.05 12:49:29.730,0.77675,0.77702,2.25,2.44
2013.07.05 12:49:29.851,0.77678,0.77704,2.44,1.69
2013.07.05 12:49:30.401,0.77676,0.77702,1.69,1.69
2013.07.05 12:49:30.531,0.77673,0.77701,3.19,1.69
2013.07.05 12:49:31.463,0.77674,0.77701,2.44,1.69
2013.07.05 12:49:32.281,0.77673,0.77701,1.69,2.44
2013.07.05 12:49:32.403,0.77672,0.77694,2.25,1.69
2013.07.05 12:49:32.710,0.77661,0.77686,2.44,2.25
2013.07.05 12:49:32.899,0.77661,0.77682,2.07,2.25
2013.07.05 12:49:33.020,0.77654,0.77681,2.44,1.50
2013.07.05 12:49:33.140,0.77652,0.77672,1.69,2.25
2013.07.05 12:49:33.320,0.77653,0.77679,1.32,1.50
2013.07.05 12:49:33.560,0.7765,0.77677,2.44,1.69
2013.07.05 12:49:34.100,0.7765,0.77679,3.94,1.69
2013.07.05 12:49:34.340,0.77654,0.77681,1.69,2.44
2013.07.05 12:49:34.879,0.77654,0.7768,2.44,1.69
2013.07.05 12:49:34.940,0.77653,0.77677,1.69,2.25
2013.07.05 12:49:35.121,0.77658,0.77682,2.44,1.69
2013.07.05 12:49:35.182,0.77658,0.77685,2.44,2.44
2013.07.05 12:49:35.252,0.77662,0.77685,1.39,1.69
2013.07.05 12:49:35.561,0.77672,0.77696,1.50,1.69
2013.07.05 12:49:35.682,0.77672,0.77702,1.50,3.19
2013.07.05 12:49:35.742,0.77671,0.777,3.00,2.44
2013.07.05 12:49:36.050,0.77673,0.777,1.69,2.25
2013.07.05 12:49:36.265,0.77673,0.77702,2.44,2.44
2013.07.05 12:49:36.391,0.77672,0.77699,1.69,2.25
2013.07.05 12:49:37.029,0.77676,0.77699,1.17,2.25
2013.07.05 12:49:37.209,0.7768,0.77708,2.44,1.02
2013.07.05 12:49:37.510,0.7768,0.77709,2.44,2.44
2013.07.05 12:49:37.692,0.77686,0.77711,1.69,1.69
2013.07.05 12:49:37.819,0.77686,0.77712,2.44,1.69
2013.07.05 12:49:37.879,0.77688,0.77715,2.44,3.19
2013.07.05 12:49:37.939,0.77688,0.77715,2.44,1.69
2013.07.05 12:49:38.422,0.77688,0.77713,1.69,1.69
2013.07.05 12:49:38.549,0.77685,0.77711,1.69,1.69
2013.07.05 12:49:38.669,0.77686,0.77714,1.69,4.69
2013.07.05 12:49:39.531,0.77686,0.7771,1.69,1.69
2013.07.05 12:49:39.591,0.77686,0.7771,1.69,1.69
2013.07.05 12:49:39.892,0.77683,0.77709,3.19,1.69
2013.07.05 12:49:40.022,0.77681,0.77707,1.54,2.44
2013.07.05 12:49:40.150,0.77681,0.77706,1.54,2.44
2013.07.05 12:49:40.857,0.77679,0.77704,1.92,1.69
2013.07.05 12:49:40.939,0.77675,0.77701,1.69,1.69
2013.07.05 12:49:41.431,0.77672,0.777,3.94,2.44
2013.07.05 12:49:41.790,0.77669,0.77691,1.69,2.25
2013.07.05 12:49:41.970,0.77665,0.77691,1.69,2.25
2013.07.05 12:49:42.210,0.77665,0.77694,2.44,2.44
2013.07.05 12:49:42.390,0.77665,0.77692,1.69,2.44
2013.07.05 12:49:42.693,0.77673,0.777,1.50,1.69
2013.07.05 12:49:42.760,0.77673,0.777,2.40,1.69
2013.07.05 12:49:43.120,0.77681,0.777,1.50,1.50
2013.07.05 12:49:43.479,0.77686,0.7771,1.69,2.25
2013.07.05 12:49:43.899,0.77688,0.7771,2.44,2.25
2013.07.05 12:49:44.201,0.77697,0.7771,1.69,2.25
2013.07.05 12:49:44.380,0.77697,0.77716,1.69,2.25
2013.07.05 12:49:44.501,0.77697,0.77726,2.44,2.44
2013.07.05 12:49:44.562,0.77697,0.77724,1.50,2.44
2013.07.05 12:49:44.871,0.77695,0.77716,1.69,1.50
2013.07.05 12:49:44.939,0.77692,0.77718,2.44,1.02
2013.07.05 12:49:45.120,0.77689,0.77716,1.69,1.69
2013.07.05 12:49:45.421,0.77687,0.77712,1.69,1.32
2013.07.05 12:49:45.549,0.77686,0.77712,1.69,2.07
2013.07.05 12:49:45.850,0.77686,0.77711,1.69,1.69
2013.07.05 12:49:46.089,0.7768,0.77707,1.69,1.69
2013.07.05 12:49:46.150,0.77676,0.77704,1.69,1.69
2013.07.05 12:49:46.460,0.77671,0.77694,1.32,2.25
2013.07.05 12:49:46.701,0.77667,0.77698,1.69,3.19
2013.07.05 12:49:47.241,0.77672,0.77698,1.50,3.19
2013.07.05 12:49:47.491,0.77679,0.77707,1.50,1.69
2013.07.05 12:49:47.682,0.77688,0.77707,1.13,1.50
2013.07.05 12:49:47.991,0.77695,0.77711,1.88,2.25
2013.07.05 12:49:48.290,0.77699,0.77727,2.25,3.19
2013.07.05 12:49:48.711,0.777,0.77728,2.25,1.69
2013.07.05 12:49:48.951,0.777,0.77726,2.44,2.44
2013.07.05 12:49:49.020,0.77696,0.77723,1.69,2.44
2013.07.05 12:49:49.796,0.77695,0.77719,1.69,1.32
2013.07.05 12:49:49.880,0.77693,0.77715,1.32,1.69
2013.07.05 12:49:51.101,0.77693,0.77717,1.32,1.69
2013.07.05 12:49:51.581,0.77688,0.77715,1.69,1.69
2013.07.05 12:49:51.949,0.77688,0.77711,1.50,2.44
2013.07.05 12:49:52.250,0.77687,0.77706,2.25,1.50
2013.07.05 12:49:52.611,0.77685,0.77708,1.13,2.44
2013.07.05 12:49:53.159,0.77681,0.77708,2.82,3.19
2013.07.05 12:49:53.910,0.77682,0.77708,1.54,1.69
2013.07.05 12:49:54.269,0.77688,0.77712,1.50,1.69
2013.07.05 12:49:54.390,0.77686,0.77712,2.07,2.44
2013.07.05 12:49:54.571,0.77686,0.7771,2.44,1.09
2013.07.05 12:49:54.761,0.77683,0.77705,1.69,1.50
2013.07.05 12:49:55.067,0.77681,0.77705,2.82,1.69
2013.07.05 12:49:56.090,0.77678,0.77704,1.69,2.07
2013.07.05 12:49:56.150,0.77678,0.77704,1.69,1.69
2013.07.05 12:49:56.453,0.77681,0.77705,2.25,2.44
2013.07.05 12:49:56.520,0.77681,0.77708,2.44,2.44
2013.07.05 12:49:56.642,0.77686,0.7771,1.50,1.69
2013.07.05 12:49:56.830,0.77688,0.77714,1.50,3.57
2013.07.05 12:49:57.130,0.77688,0.77714,1.69,2.44
2013.07.05 12:49:58.609,0.77696,0.77721,1.88,2.07
2013.07.05 12:49:58.860,0.77697,0.77724,3.00,1.32
2013.07.05 12:49:59.519,0.77699,0.77724,1.50,1.32
2013.07.05 12:49:59.580,0.77705,0.77724,2.25,1.32
2013.07.05 12:49:59.760,0.77706,0.77732,1.88,3.19
2013.07.05 12:49:59.881,0.77706,0.77733,1.88,1.69
2013.07.05 12:50:00.300,0.77707,0.77733,2.25,1.69
2013.07.05 12:50:01.431,0.77706,0.77727,1.13,1.50
2013.07.05 12:50:01.493,0.77705,0.77725,1.13,1.69
2013.07.05 12:50:01.691,0.77698,0.77719,2.07,1.88
2013.07.05 12:50:01.812,0.77696,0.77719,1.69,1.88
2013.07.05 12:50:02.120,0.77697,0.77718,2.25,1.50
2013.07.05 12:50:02.362,0.77693,0.77718,1.69,1.50
2013.07.05 12:50:02.431,0.77693,0.77718,1.69,2.07
2013.07.05 12:50:02.740,0.77693,0.77717,1.69,1.69
2013.07.05 12:50:03.320,0.77693,0.77717,1.69,1.69
2013.07.05 12:50:04.920,0.77693,0.77717,1.69,1.32
2013.07.05 12:50:05.279,0.77696,0.77719,2.07,1.96
2013.07.05 12:50:05.339,0.77696,0.77719,2.07,1.32
2013.07.05 12:50:05.640,0.77696,0.77719,2.07,1.32
2013.07.05 12:50:05.880,0.77695,0.77718,1.32,2.07
2013.07.05 12:50:06.299,0.77695,0.77717,2.25,1.32
2013.07.05 12:50:06.659,0.77695,0.77716,1.50,1.69
2013.07.05 12:50:07.682,0.77692,0.77716,1.69,1.69
2013.07.05 12:50:07.762,0.77688,0.77714,2.44,1.32
2013.07.05 12:50:07.830,0.77686,0.77714,3.19,2.07
2013.07.05 12:50:08.680,0.77686,0.77711,2.07,2.44
2013.07.05 12:50:09.659,0.77687,0.77713,2.44,1.69
2013.07.05 12:50:09.899,0.77686,0.77713,2.44,1.69
2013.07.05 12:50:10.079,0.77686,0.77711,2.07,1.69
2013.07.05 12:50:10.439,0.77684,0.77708,1.32,1.50
2013.07.05 12:50:10.619,0.77683,0.77708,2.82,1.69
2013.07.05 12:50:10.921,0.77686,0.77711,1.32,3.19
2013.07.05 12:50:11.946,0.77686,0.7771,1.32,1.69
2013.07.05 12:50:12.101,0.77686,0.7771,1.32,1.32
2013.07.05 12:50:12.792,0.77688,0.77711,1.50,2.07
2013.07.05 12:50:12.861,0.77693,0.77713,1.50,1.69
2013.07.05 12:50:13.042,0.77693,0.77714,1.50,1.59
2013.07.05 12:50:13.351,0.77688,0.7771,3.00,2.07
2013.07.05 12:50:13.899,0.77688,0.77711,3.19,1.32
2013.07.05 12:50:14.080,0.77686,0.7771,1.32,1.32
2013.07.05 12:50:14.760,0.77686,0.77711,2.07,1.32
2013.07.05 12:50:15.079,0.77687,0.77711,2.44,1.32
2013.07.05 12:50:15.639,0.77686,0.77711,3.57,1.32
2013.07.05 12:50:16.491,0.77686,0.77711,3.57,1.32
2013.07.05 12:50:16.813,0.77688,0.77711,2.44,1.32
2013.07.05 12:50:17.372,0.77686,0.77711,2.82,2.82
2013.07.05 12:50:17.972,0.77682,0.77708,1.69,1.69
2013.07.05 12:50:18.789,0.77682,0.77707,1.69,1.69
2013.07.05 12:50:19.659,0.77683,0.77707,1.69,1.69
2013.07.05 12:50:19.969,0.77683,0.77708,1.69,3.19
2013.07.05 12:50:20.511,0.77683,0.77705,1.50,1.69
2013.07.05 12:50:21.230,0.77682,0.77706,1.50,3.94
2013.07.05 12:50:21.591,0.77681,0.77697,1.32,1.50
2013.07.05 12:50:21.662,0.77678,0.77691,1.50,1.50
2013.07.05 12:50:21.793,0.77672,0.77689,1.69,1.13
2013.07.05 12:50:21.981,0.77668,0.77689,1.32,1.50
2013.07.05 12:50:22.102,0.77666,0.77689,2.07,2.25
2013.07.05 12:50:22.169,0.77665,0.77682,2.44,2.25
2013.07.05 12:50:22.350,0.77663,0.77682,1.50,2.25
2013.07.05 12:50:22.411,0.77663,0.77686,2.25,2.25
2013.07.05 12:50:22.470,0.77661,0.77685,1.88,1.69
2013.07.05 12:50:22.830,0.77658,0.77682,1.32,1.69
2013.07.05 12:50:23.011,0.77658,0.77682,1.13,1.69
2013.07.05 12:50:23.200,0.77657,0.77683,1.32,1.69
2013.07.05 12:50:23.742,0.77658,0.77685,2.44,3.19
2013.07.05 12:50:23.873,0.77659,0.77685,4.32,2.44
2013.07.05 12:50:24.180,0.77662,0.77688,2.44,2.44
2013.07.05 12:50:24.240,0.77659,0.77688,2.44,2.44
2013.07.05 12:50:24.543,0.77657,0.77684,2.67,1.69
2013.07.05 12:50:24.850,0.77662,0.77682,2.25,1.69
2013.07.05 12:50:24.910,0.77651,0.77682,1.69,1.69
2013.07.05 12:50:25.093,0.7765,0.77676,2.44,2.25
2013.07.05 12:50:25.281,0.77644,0.77675,2.44,2.44
2013.07.05 12:50:26.184,0.7764,0.77671,2.44,1.69
2013.07.05 12:50:26.493,0.77634,0.77662,2.44,1.50
2013.07.05 12:50:26.561,0.77633,0.77662,2.44,3.19
2013.07.05 12:50:26.872,0.77639,0.77662,2.44,1.69
2013.07.05 12:50:26.940,0.77642,0.77665,1.50,1.69
2013.07.05 12:50:26.999,0.77642,0.77665,1.50,1.69
2013.07.05 12:50:27.539,0.77641,0.77668,1.69,1.69
2013.07.05 12:50:27.780,0.77646,0.77664,2.33,1.32
2013.07.05 12:50:28.020,0.77646,0.77666,1.13,1.69
2013.07.05 12:50:28.083,0.77646,0.77667,2.82,1.69
2013.07.05 12:50:28.210,0.77646,0.77666,1.32,1.69
2013.07.05 12:50:28.333,0.77642,0.77665,1.69,1.69
2013.07.05 12:50:28.643,0.77639,0.77665,3.19,1.69
2013.07.05 12:50:28.950,0.77639,0.77664,2.25,2.44
2013.07.05 12:50:29.263,0.77643,0.77657,2.25,1.69
2013.07.05 12:50:29.392,0.77633,0.77656,2.25,1.69
2013.07.05 12:50:29.460,0.77625,0.77652,1.69,1.50
2013.07.05 12:50:29.761,0.77624,0.77651,2.44,1.50
2013.07.05 12:50:29.832,0.77624,0.77651,1.69,1.69
2013.07.05 12:50:30.261,0.77627,0.77656,1.50,3.94
2013.07.05 12:50:30.501,0.77628,0.77652,1.69,1.69
2013.07.05 12:50:31.049,0.77626,0.77652,3.94,1.69
2013.07.05 12:50:31.470,0.77628,0.77654,1.69,2.07
2013.07.05 12:50:32.070,0.77626,0.7765,2.07,1.39
2013.07.05 12:50:32.609,0.77626,0.77646,1.32,1.50
2013.07.05 12:50:33.151,0.77624,0.77651,2.44,3.19
2013.07.05 12:50:33.221,0.77622,0.77649,1.69,1.69
2013.07.05 12:50:33.581,0.77618,0.77648,3.19,2.44
2013.07.05 12:50:33.882,0.77616,0.7764,1.69,2.25
2013.07.05 12:50:34.539,0.77613,0.7764,1.69,2.44
2013.07.05 12:50:34.673,0.77614,0.77642,1.69,3.19
2013.07.05 12:50:34.861,0.77613,0.77642,1.69,1.69
2013.07.05 12:50:35.412,0.77614,0.77641,2.44,1.69
2013.07.05 12:50:35.660,0.77615,0.7764,1.69,2.44
2013.07.05 12:50:35.961,0.77613,0.77637,1.69,2.25
2013.07.05 12:50:36.531,0.77613,0.77637,1.69,2.25
2013.07.05 12:50:36.590,0.77613,0.7764,1.69,2.25
2013.07.05 12:50:36.772,0.77611,0.7764,1.69,2.25
2013.07.05 12:50:36.841,0.77611,0.77639,1.69,1.69
2013.07.05 12:50:37.022,0.77613,0.77642,1.69,1.69
2013.07.05 12:50:37.152,0.77611,0.77641,1.69,1.69
2013.07.05 12:50:37.221,0.77611,0.7764,1.69,2.44
2013.07.05 12:50:37.343,0.77609,0.77639,1.69,1.69
2013.07.05 12:50:37.531,0.77608,0.77632,2.44,1.20
2013.07.05 12:50:37.591,0.776,0.77622,2.44,1.50
2013.07.05 12:50:37.769,0.77595,0.77622,1.69,1.50
2013.07.05 12:50:38.010,0.77598,0.77627,2.44,1.69
2013.07.05 12:50:38.371,0.77611,0.77637,2.25,3.19
2013.07.05 12:50:38.610,0.7761,0.77639,2.25,1.02
2013.07.05 12:50:38.672,0.77608,0.77633,1.50,1.50
2013.07.05 12:50:38.740,0.77607,0.77633,1.69,1.50
2013.07.05 12:50:39.042,0.77606,0.77632,1.69,2.44
2013.07.05 12:50:39.352,0.77602,0.77631,2.44,1.69
2013.07.05 12:50:39.661,0.77604,0.77633,2.44,2.44
2013.07.05 12:50:39.972,0.77606,0.77634,2.25,2.44
2013.07.05 12:50:40.102,0.77606,0.77635,2.44,1.69
2013.07.05 12:50:40.605,0.77607,0.77633,2.44,1.69
2013.07.05 12:50:40.672,0.77606,0.77632,1.69,1.69
2013.07.05 12:50:40.800,0.77604,0.77631,2.44,1.69
2013.07.05 12:50:40.862,0.77603,0.77631,1.69,2.44
2013.07.05 12:50:41.040,0.77606,0.77632,1.69,1.69
2013.07.05 12:50:41.581,0.77606,0.77629,2.82,1.32
2013.07.05 12:50:41.784,0.77598,0.77624,2.44,1.13
2013.07.05 12:50:41.972,0.77596,0.77622,2.82,1.02
2013.07.05 12:50:42.615,0.77594,0.77616,1.32,2.07
2013.07.05 12:50:42.990,0.77593,0.77618,3.19,1.32
2013.07.05 12:50:43.531,0.77597,0.7762,1.65,1.69
2013.07.05 12:50:43.590,0.77597,0.77622,1.84,2.07
2013.07.05 12:50:44.141,0.77597,0.77622,3.34,1.32
2013.07.05 12:50:45.230,0.77598,0.77622,1.69,1.32
2013.07.05 12:50:45.731,0.77599,0.77622,1.69,1.32
2013.07.05 12:50:46.162,0.77597,0.77621,1.69,1.69
2013.07.05 12:50:46.292,0.77595,0.77621,1.69,1.69
2013.07.05 12:50:46.841,0.77598,0.77622,2.07,1.69
2013.07.05 12:50:46.902,0.776,0.77623,1.32,1.69
2013.07.05 12:50:47.211,0.77603,0.77623,1.54,1.50
2013.07.05 12:50:47.390,0.77603,0.77626,2.07,1.69
2013.07.05 12:50:47.451,0.77605,0.77626,1.05,1.69
2013.07.05 12:50:47.812,0.7761,0.77628,1.69,1.13
2013.07.05 12:50:48.121,0.7762,0.77632,6.19,1.88
2013.07.05 12:50:48.433,0.77626,0.77634,2.44,1.50
2013.07.05 12:50:48.500,0.77626,0.77634,2.44,2.25
2013.07.05 12:50:48.563,0.77624,0.77635,2.44,2.25
2013.07.05 12:50:48.631,0.77624,0.77634,2.44,2.25
2013.07.05 12:50:48.931,0.77624,0.77634,1.69,2.25
2013.07.05 12:50:49.052,0.77623,0.77634,1.50,2.25
2013.07.05 12:50:49.111,0.77619,0.77637,3.19,2.25
2013.07.05 12:50:49.181,0.77623,0.77648,2.44,2.44
2013.07.05 12:50:49.900,0.77623,0.77652,3.19,2.44
2013.07.05 12:50:50.842,0.77633,0.77655,1.50,1.69
2013.07.05 12:50:50.911,0.77633,0.77657,1.69,2.44
2013.07.05 12:50:50.972,0.77633,0.77657,1.77,2.44
2013.07.05 12:50:51.520,0.77635,0.77658,1.50,1.69
2013.07.05 12:50:52.452,0.77635,0.77654,1.69,1.13
2013.07.05 12:50:52.762,0.7763,0.77646,1.50,2.25
2013.07.05 12:50:53.080,0.77627,0.77646,2.25,1.69
2013.07.05 12:50:53.212,0.77624,0.77645,2.25,1.69
2013.07.05 12:50:53.460,0.77624,0.77645,2.25,2.44
2013.07.05 12:50:54.062,0.77624,0.77649,2.44,2.13
2013.07.05 12:50:55.701,0.77626,0.77645,1.32,1.50
2013.07.05 12:50:55.879,0.77626,0.77643,1.13,1.50
2013.07.05 12:50:56.193,0.77615,0.77635,1.69,1.50
2013.07.05 12:50:56.440,0.77611,0.77634,1.32,2.44
2013.07.05 12:50:56.500,0.77609,0.77629,1.32,2.25
2013.07.05 12:50:56.680,0.77611,0.77632,1.13,3.19
2013.07.05 12:50:57.099,0.77613,0.77634,2.25,1.69
2013.07.05 12:50:57.340,0.77613,0.77637,2.44,2.44
2013.07.05 12:50:57.641,0.77618,0.77639,2.25,2.07
2013.07.05 12:50:57.701,0.77618,0.77639,2.25,1.69
2013.07.05 12:50:57.762,0.77618,0.77641,2.44,1.38
2013.07.05 12:50:57.951,0.77619,0.77639,2.44,2.25
2013.07.05 12:50:58.722,0.77619,0.77639,1.69,2.25
2013.07.05 12:50:58.838,0.77636,0.77659,1.69,2.44
2013.07.05 12:50:59.320,0.77635,0.77656,1.24,2.25
2013.07.05 12:50:59.751,0.77633,0.77653,1.24,2.25
2013.07.05 12:50:59.930,0.77634,0.77656,1.69,1.50
2013.07.05 12:51:00.113,0.77637,0.77656,1.02,1.50
2013.07.05 12:51:00.420,0.77644,0.7766,2.25,1.13
2013.07.05 12:51:00.660,0.77642,0.77656,1.17,1.50
2013.07.05 12:51:00.971,0.77642,0.77664,1.69,2.07
2013.07.05 12:51:02.161,0.77643,0.77664,1.69,2.82
2013.07.05 12:51:02.648,0.77639,0.77662,2.44,1.02
2013.07.05 12:51:02.950,0.77638,0.77655,1.69,1.50
2013.07.05 12:51:03.013,0.77636,0.77655,2.07,1.50
2013.07.05 12:51:03.559,0.77639,0.7766,2.07,2.25
2013.07.05 12:51:03.680,0.77641,0.7766,1.69,2.25
2013.07.05 12:51:04.102,0.77637,0.77658,1.24,2.25
2013.07.05 12:51:04.412,0.77637,0.77653,1.02,2.25
2013.07.05 12:51:04.901,0.77637,0.77655,2.89,1.50
2013.07.05 12:51:05.262,0.77637,0.77653,2.14,2.25
2013.07.05 12:51:05.690,0.77637,0.77658,2.89,3.19
2013.07.05 12:51:06.361,0.77639,0.77658,1.32,2.25
2013.07.05 12:51:06.432,0.7764,0.77661,1.13,3.19
2013.07.05 12:51:07.044,0.7764,0.77664,1.32,2.07
2013.07.05 12:51:07.363,0.77642,0.77664,3.19,1.88
2013.07.05 12:51:08.334,0.77641,0.7766,1.69,2.25
2013.07.05 12:51:08.405,0.7764,0.7766,1.69,2.25
2013.07.05 12:51:09.222,0.77644,0.77664,1.13,2.07
2013.07.05 12:51:09.412,0.77642,0.77663,1.32,2.44
2013.07.05 12:51:09.481,0.7764,0.77663,2.44,2.44
2013.07.05 12:51:09.661,0.77639,0.77661,1.69,2.25
2013.07.05 12:51:10.432,0.77638,0.77659,1.99,2.25
2013.07.05 12:51:12.372,0.77639,0.77661,1.69,2.25
2013.07.05 12:51:12.682,0.7764,0.77661,1.02,2.25
2013.07.05 12:51:13.232,0.77645,0.77661,1.58,2.25
2013.07.05 12:51:14.090,0.77647,0.77663,1.58,2.25
2013.07.05 12:51:14.391,0.77647,0.77664,2.33,1.13
2013.07.05 12:51:14.701,0.7765,0.77671,2.25,1.32
2013.07.05 12:51:14.761,0.7765,0.77675,2.40,1.69
2013.07.05 12:51:14.940,0.7766,0.77682,2.25,1.32
2013.07.05 12:51:15.242,0.77657,0.77678,1.50,2.25
2013.07.05 12:51:15.311,0.77657,0.77678,1.69,2.25
2013.07.05 12:51:15.431,0.77656,0.77678,1.69,2.25
2013.07.05 12:51:15.490,0.77657,0.77682,2.44,1.69
2013.07.05 12:51:16.189,0.77668,0.77685,2.25,2.25
2013.07.05 12:51:16.441,0.77677,0.777,2.25,1.69
2013.07.05 12:51:16.621,0.77676,0.77699,1.88,2.44
2013.07.05 12:51:16.939,0.77675,0.77685,1.32,1.50
2013.07.05 12:51:17.016,0.77668,0.77683,1.17,2.25
2013.07.05 12:51:17.086,0.77664,0.77683,1.69,2.25
2013.07.05 12:51:17.274,0.77664,0.77683,1.69,2.25
2013.07.05 12:51:17.520,0.77664,0.77683,1.69,2.25
2013.07.05 12:51:18.081,0.77664,0.77683,1.69,2.25
2013.07.05 12:51:18.670,0.77664,0.77685,2.44,2.25
2013.07.05 12:51:18.854,0.77664,0.7768,1.69,2.25
2013.07.05 12:51:19.162,0.77664,0.77678,1.50,2.25
2013.07.05 12:51:19.470,0.77664,0.7768,1.50,1.69
2013.07.05 12:51:19.652,0.77664,0.77678,1.50,2.25
2013.07.05 12:51:20.140,0.77659,0.77678,1.50,2.25
2013.07.05 12:51:20.200,0.77659,0.77678,1.50,2.25
2013.07.05 12:51:20.260,0.7766,0.77681,3.00,1.69
2013.07.05 12:51:20.802,0.77661,0.77683,1.50,3.19
2013.07.05 12:51:21.410,0.77661,0.77683,1.50,1.69
2013.07.05 12:51:21.751,0.7766,0.77681,1.50,2.25
2013.07.05 12:51:22.109,0.77659,0.77678,1.50,2.25
2013.07.05 12:51:22.411,0.77659,0.77678,1.50,2.25
2013.07.05 12:51:22.773,0.77664,0.77678,1.50,2.25
2013.07.05 12:51:22.840,0.77665,0.77686,3.00,1.69
2013.07.05 12:51:23.383,0.77665,0.77687,2.25,1.69
2013.07.05 12:51:24.915,0.77665,0.77686,2.25,1.69
2013.07.05 12:51:25.459,0.77664,0.77685,2.44,1.69
2013.07.05 12:51:26.420,0.77665,0.77685,1.58,1.69
2013.07.05 12:51:26.600,0.77665,0.77685,1.58,1.69
2013.07.05 12:51:26.962,0.77667,0.77689,3.08,1.69
2013.07.05 12:51:27.390,0.77669,0.77691,1.69,2.44
2013.07.05 12:51:27.632,0.77668,0.77689,1.69,1.69
2013.07.05 12:51:28.749,0.77669,0.77694,2.44,1.32
2013.07.05 12:51:29.920,0.77674,0.77695,3.00,1.32
2013.07.05 12:51:29.980,0.77674,0.77695,3.94,1.32
2013.07.05 12:51:30.100,0.77678,0.77698,1.50,1.32
2013.07.05 12:51:30.280,0.77678,0.77702,1.50,1.69
2013.07.05 12:51:30.462,0.77679,0.77703,2.25,1.69
2013.07.05 12:51:30.771,0.77679,0.777,1.69,1.69
2013.07.05 12:51:31.394,0.77678,0.777,3.19,1.69
2013.07.05 12:51:32.440,0.77683,0.77704,3.00,2.44
2013.07.05 12:51:32.621,0.77683,0.77704,3.00,2.44
2013.07.05 12:51:34.591,0.77682,0.77703,2.25,1.69
2013.07.05 12:51:36.102,0.77682,0.77702,2.44,1.47
2013.07.05 12:51:36.171,0.77677,0.77696,2.44,1.88
2013.07.05 12:51:36.351,0.77676,0.77694,2.25,1.69
2013.07.05 12:51:36.419,0.77675,0.77694,1.88,2.07
2013.07.05 12:51:36.662,0.77675,0.77694,3.00,1.32
2013.07.05 12:51:36.791,0.77676,0.777,1.32,1.69
2013.07.05 12:51:37.210,0.77682,0.77703,2.25,3.19
2013.07.05 12:51:37.330,0.77685,0.77705,3.00,1.69
2013.07.05 12:51:37.451,0.77686,0.77708,1.13,1.32
2013.07.05 12:51:37.691,0.77683,0.77708,1.69,2.44
2013.07.05 12:51:38.241,0.77686,0.77703,1.13,1.69
2013.07.05 12:51:41.448,0.77683,0.77707,1.69,1.69
2013.07.05 12:51:43.742,0.77683,0.77706,1.69,2.44
2013.07.05 12:51:45.830,0.77683,0.77706,1.69,2.44
2013.07.05 12:51:47.013,0.77682,0.77708,3.19,3.19
2013.07.05 12:51:47.152,0.77682,0.77706,2.44,2.44
2013.07.05 12:51:47.520,0.77685,0.77709,3.19,2.44
2013.07.05 12:51:48.084,0.77686,0.77709,1.32,1.69
2013.07.05 12:51:49.831,0.77686,0.77706,1.13,2.29
2013.07.05 12:51:49.902,0.77683,0.777,1.50,1.35
2013.07.05 12:51:49.972,0.77681,0.77698,1.32,1.35
2013.07.05 12:51:50.210,0.77677,0.77694,3.19,1.13
2013.07.05 12:51:50.389,0.77676,0.77693,2.25,2.33
2013.07.05 12:51:50.690,0.77669,0.77688,1.69,2.33
2013.07.05 12:51:50.870,0.77664,0.77685,2.44,1.13
2013.07.05 12:51:50.995,0.77659,0.77683,1.69,2.44
2013.07.05 12:51:51.373,0.77662,0.77683,3.19,2.44
2013.07.05 12:51:51.680,0.77676,0.7769,1.50,2.07
2013.07.05 12:51:51.860,0.77676,0.77693,1.95,1.50
2013.07.05 12:51:51.933,0.77676,0.77696,1.95,1.50
2013.07.05 12:51:52.060,0.77676,0.777,1.95,2.07
2013.07.05 12:51:53.150,0.77672,0.77693,3.19,2.25
2013.07.05 12:51:53.209,0.77671,0.77693,1.69,2.25
2013.07.05 12:51:53.449,0.7767,0.77695,1.69,3.19
2013.07.05 12:51:54.377,0.77667,0.77689,2.44,2.44
2013.07.05 12:51:54.692,0.77665,0.77688,1.69,1.69
2013.07.05 12:51:55.001,0.77669,0.77689,2.44,1.69
2013.07.05 12:51:55.239,0.7767,0.77693,1.50,3.94
2013.07.05 12:51:56.009,0.77671,0.77688,1.32,1.50
2013.07.05 12:51:56.073,0.77676,0.77689,1.65,1.50
2013.07.05 12:51:56.424,0.77687,0.77705,2.25,2.82
2013.07.05 12:51:56.493,0.77687,0.77705,2.25,1.88
2013.07.05 12:51:56.742,0.77687,0.77708,3.19,1.50
2013.07.05 12:51:57.222,0.7769,0.77714,2.44,2.82
2013.07.05 12:51:57.712,0.77694,0.77714,1.50,1.13
2013.07.05 12:51:58.619,0.77697,0.77718,2.25,3.27
2013.07.05 12:51:58.980,0.77696,0.77718,1.69,1.69
2013.07.05 12:51:59.101,0.77695,0.77717,1.69,1.69
2013.07.05 12:51:59.340,0.77695,0.77715,1.69,2.25
2013.07.05 12:51:59.881,0.77695,0.77715,1.69,2.25
2013.07.05 12:52:00.239,0.77692,0.77714,3.19,1.69
2013.07.05 12:52:01.069,0.77692,0.77714,1.69,3.19
2013.07.05 12:52:01.610,0.77692,0.7771,1.50,1.54
2013.07.05 12:52:01.849,0.77686,0.77705,1.13,1.69
2013.07.05 12:52:01.911,0.77686,0.77705,1.13,1.69
2013.07.05 12:52:02.272,0.77683,0.77696,2.25,2.63
2013.07.05 12:52:02.631,0.77683,0.77691,1.50,1.73
2013.07.05 12:52:03.327,0.77673,0.77688,1.50,1.73
2013.07.05 12:52:03.412,0.77665,0.77688,1.50,3.23
2013.07.05 12:52:03.681,0.77664,0.77685,1.50,1.13
2013.07.05 12:52:04.220,0.77664,0.77685,1.50,2.07
2013.07.05 12:52:04.461,0.77662,0.77683,1.80,1.69
2013.07.05 12:52:04.829,0.77663,0.77684,1.50,1.69
2013.07.05 12:52:04.889,0.77666,0.77685,1.50,2.07
2013.07.05 12:52:05.069,0.77667,0.77685,1.50,2.07
2013.07.05 12:52:05.611,0.77667,0.77684,1.50,1.69
2013.07.05 12:52:05.670,0.77667,0.77688,3.00,2.82
2013.07.05 12:52:05.732,0.77671,0.77688,1.50,2.82
2013.07.05 12:52:05.801,0.77672,0.77688,1.50,2.82
2013.07.05 12:52:05.920,0.77672,0.77688,1.50,1.69
2013.07.05 12:52:06.482,0.77674,0.77689,1.50,1.69
2013.07.05 12:52:07.239,0.77671,0.77689,1.50,1.69
2013.07.05 12:52:08.151,0.7767,0.77687,1.50,1.77
2013.07.05 12:52:08.270,0.77668,0.77687,2.25,3.19
2013.07.05 12:52:08.879,0.77666,0.77687,1.50,3.19
2013.07.05 12:52:09.430,0.77666,0.77688,1.88,1.69
2013.07.05 12:52:09.490,0.77666,0.77689,2.74,3.16
2013.07.05 12:52:09.611,0.77668,0.77689,1.13,2.44
2013.07.05 12:52:10.281,0.77667,0.77689,2.18,1.69
2013.07.05 12:52:10.460,0.77669,0.77689,1.50,1.69
2013.07.05 12:52:11.090,0.77667,0.77691,2.37,3.94
2013.07.05 12:52:11.149,0.77668,0.77687,2.25,1.69
2013.07.05 12:52:11.629,0.77666,0.77686,1.50,1.69
2013.07.05 12:52:12.051,0.77667,0.77687,1.13,1.69
2013.07.05 12:52:14.862,0.77668,0.77687,1.13,1.69
2013.07.05 12:52:15.191,0.7767,0.77687,1.13,1.69
2013.07.05 12:52:15.851,0.77666,0.77687,2.44,1.77
2013.07.05 12:52:16.211,0.77663,0.77683,1.50,1.50
2013.07.05 12:52:16.512,0.77662,0.77683,1.50,1.50
2013.07.05 12:52:20.801,0.77663,0.77682,1.88,1.69
2013.07.05 12:52:21.120,0.77663,0.77682,1.50,1.69
2013.07.05 12:52:23.019,0.77663,0.77681,1.50,1.69
2013.07.05 12:52:23.320,0.77655,0.77675,1.17,3.19
2013.07.05 12:52:23.619,0.77654,0.77672,1.50,1.69
2013.07.05 12:52:24.791,0.77654,0.77672,1.50,1.69
2013.07.05 12:52:24.930,0.77656,0.77675,1.50,1.69
2013.07.05 12:52:25.109,0.77657,0.77675,1.50,1.69
2013.07.05 12:52:25.419,0.77657,0.77673,1.50,1.69
2013.07.05 12:52:25.540,0.77654,0.77673,1.50,1.69
2013.07.05 12:52:25.960,0.77653,0.77665,1.80,2.25
2013.07.05 12:52:26.019,0.77653,0.77665,1.05,2.25
2013.07.05 12:52:26.380,0.77641,0.77653,2.25,2.25
2013.07.05 12:52:26.440,0.77641,0.77652,2.25,2.25
2013.07.05 12:52:26.560,0.77634,0.77652,1.69,2.25
2013.07.05 12:52:26.691,0.77634,0.77657,1.69,2.25
2013.07.05 12:52:27.410,0.77631,0.77653,2.44,1.69
2013.07.05 12:52:27.470,0.77629,0.77649,1.24,1.50
2013.07.05 12:52:27.590,0.77632,0.77653,2.74,2.44
2013.07.05 12:52:27.711,0.77632,0.77653,2.74,2.25
2013.07.05 12:52:28.131,0.77634,0.77652,1.32,1.50
2013.07.05 12:52:28.674,0.77629,0.77651,2.44,1.02
2013.07.05 12:52:29.520,0.77629,0.77647,2.25,1.69
2013.07.05 12:52:29.642,0.77627,0.77647,2.48,2.44
2013.07.05 12:52:29.710,0.77627,0.77643,2.48,1.50
2013.07.05 12:52:29.771,0.77626,0.77643,1.92,2.25
2013.07.05 12:52:29.949,0.77628,0.77643,1.13,2.25
2013.07.05 12:52:30.250,0.77626,0.77641,1.32,2.25
2013.07.05 12:52:30.429,0.77623,0.77641,1.50,2.44
2013.07.05 12:52:30.489,0.77621,0.77641,1.69,2.44
2013.07.05 12:52:30.671,0.77629,0.77646,2.25,2.44
2013.07.05 12:52:30.909,0.77629,0.77648,2.25,1.69
2013.07.05 12:52:31.030,0.77629,0.7765,2.25,2.82
2013.07.05 12:52:31.282,0.7763,0.7765,1.13,1.69
2013.07.05 12:52:31.823,0.7763,0.77652,1.13,1.69
2013.07.05 12:52:33.710,0.77628,0.77636,1.69,2.25
2013.07.05 12:52:33.800,0.7762,0.77636,2.07,2.25
2013.07.05 12:52:33.981,0.7762,0.77636,1.32,2.25
2013.07.05 12:52:34.281,0.77636,0.77649,1.50,2.44
2013.07.05 12:52:34.343,0.77642,0.77653,1.13,1.88
2013.07.05 12:52:34.710,0.77647,0.77659,1.50,1.50
2013.07.05 12:52:34.770,0.77647,0.77663,1.50,1.80
2013.07.05 12:52:34.831,0.77648,0.77669,1.69,1.88
2013.07.05 12:52:34.892,0.77648,0.77671,1.69,1.50
2013.07.05 12:52:34.950,0.77657,0.77671,2.25,1.50
2013.07.05 12:52:35.011,0.77657,0.77674,2.25,1.69
2013.07.05 12:52:35.940,0.77659,0.77674,2.25,1.69
2013.07.05 12:52:36.413,0.77657,0.77674,2.25,1.69
2013.07.05 12:52:37.019,0.77657,0.77675,2.25,1.69
2013.07.05 12:52:37.559,0.77657,0.7768,3.00,2.44
2013.07.05 12:52:37.921,0.77654,0.77678,1.69,3.19
2013.07.05 12:52:38.921,0.77659,0.77679,2.25,1.69
2013.07.05 12:52:39.220,0.77663,0.77681,1.50,3.19
2013.07.05 12:52:39.340,0.77663,0.77681,1.50,1.69
2013.07.05 12:52:39.579,0.77661,0.7768,1.13,1.50
2013.07.05 12:52:39.821,0.77658,0.7768,1.69,2.44
2013.07.05 12:52:39.879,0.7766,0.7768,2.25,1.69
2013.07.05 12:52:40.181,0.77658,0.77673,1.69,3.00
2013.07.05 12:52:40.240,0.77654,0.77666,1.50,1.50
2013.07.05 12:52:40.363,0.77647,0.77666,2.48,3.00
2013.07.05 12:52:40.432,0.77643,0.77665,1.69,1.50
2013.07.05 12:52:40.681,0.77638,0.77655,1.13,2.25
2013.07.05 12:52:40.741,0.77637,0.77655,1.69,2.25
2013.07.05 12:52:40.861,0.77634,0.77655,3.19,2.25
2013.07.05 12:52:40.921,0.77635,0.77656,1.69,1.50
2013.07.05 12:52:41.101,0.77634,0.77655,2.25,1.50
2013.07.05 12:52:41.459,0.77635,0.77657,1.50,2.44
2013.07.05 12:52:41.900,0.77636,0.77657,1.50,1.69
2013.07.05 12:52:43.273,0.77637,0.77658,1.32,2.25
2013.07.05 12:52:43.463,0.77635,0.77658,2.44,3.19
2013.07.05 12:52:44.311,0.77641,0.77658,1.50,2.44
2013.07.05 12:52:44.432,0.77646,0.77663,1.50,2.44
2013.07.05 12:52:44.491,0.77646,0.77663,1.65,1.50
2013.07.05 12:52:44.672,0.77648,0.77667,1.50,1.50
2013.07.05 12:52:44.981,0.77653,0.77674,2.25,3.57
2013.07.05 12:52:45.102,0.77652,0.77674,1.50,1.32
2013.07.05 12:52:45.419,0.77653,0.77674,1.50,1.32
2013.07.05 12:52:45.720,0.77652,0.77674,1.50,1.32
2013.07.05 12:52:46.139,0.77654,0.77675,2.25,1.69
2013.07.05 12:52:46.441,0.77663,0.77678,2.25,1.69
2013.07.05 12:52:46.560,0.77663,0.77683,2.25,2.44
2013.07.05 12:52:46.680,0.77663,0.77682,1.50,1.69
2013.07.05 12:52:47.220,0.77668,0.77685,2.25,2.44
2013.07.05 12:52:47.340,0.77668,0.77685,2.25,1.50
2013.07.05 12:52:47.400,0.77665,0.77684,2.07,2.25
2013.07.05 12:52:47.759,0.77661,0.77682,1.69,1.50
2013.07.05 12:52:48.769,0.77661,0.77684,3.19,2.07
2013.07.05 12:52:49.380,0.77661,0.77681,2.25,1.69
2013.07.05 12:52:49.561,0.77661,0.77682,2.25,1.69
2013.07.05 12:52:49.740,0.77661,0.77679,2.25,2.25
2013.07.05 12:52:49.920,0.77659,0.77675,2.44,2.25
2013.07.05 12:52:50.221,0.77661,0.77676,2.25,2.25
2013.07.05 12:52:50.341,0.77661,0.77682,2.25,3.19
2013.07.05 12:52:50.400,0.77666,0.77682,2.25,1.69
2013.07.05 12:52:50.582,0.77664,0.77683,1.50,1.69
2013.07.05 12:52:50.892,0.77666,0.77684,2.25,2.44
2013.07.05 12:52:51.021,0.77666,0.77685,2.25,1.69
2013.07.05 12:52:51.684,0.77671,0.77688,2.25,3.19
2013.07.05 12:52:52.344,0.77688,0.77698,2.25,1.50
2013.07.05 12:52:52.540,0.77688,0.77704,3.00,1.32
2013.07.05 12:52:52.780,0.77688,0.77703,3.00,1.32
2013.07.05 12:52:53.081,0.77686,0.77694,2.25,1.50
2013.07.05 12:52:53.261,0.77686,0.77694,1.50,1.13
2013.07.05 12:52:53.679,0.77686,0.77695,2.25,1.13
2013.07.05 12:52:53.800,0.77679,0.77695,1.50,1.50
2013.07.05 12:52:54.160,0.77679,0.77695,4.50,1.50
2013.07.05 12:52:54.519,0.77676,0.77688,2.63,1.05
2013.07.05 12:52:54.580,0.77676,0.77687,1.13,1.05
2013.07.05 12:52:55.180,0.77671,0.77687,2.25,2.55
2013.07.05 12:52:55.921,0.77671,0.77688,2.25,1.50
2013.07.05 12:52:56.170,0.77674,0.77691,2.25,3.19
2013.07.05 12:52:56.231,0.77674,0.77691,3.00,1.50
2013.07.05 12:52:56.409,0.77672,0.77692,1.69,2.25
2013.07.05 12:52:56.530,0.7767,0.77691,1.50,1.69
2013.07.05 12:52:56.651,0.77671,0.77691,2.25,1.69
2013.07.05 12:52:56.952,0.77676,0.77696,2.33,1.69
2013.07.05 12:52:57.081,0.77676,0.77697,3.08,1.69
2013.07.05 12:52:57.203,0.77681,0.77699,2.25,1.69
2013.07.05 12:52:57.273,0.77681,0.777,2.25,1.13
2013.07.05 12:52:57.341,0.77683,0.777,2.25,1.13
2013.07.05 12:52:57.471,0.77683,0.77704,2.25,2.82
2013.07.05 12:52:57.662,0.77681,0.77704,1.69,2.07
2013.07.05 12:52:57.850,0.77681,0.777,1.69,1.58
2013.07.05 12:52:58.270,0.77681,0.777,2.25,1.77
2013.07.05 12:52:58.330,0.77679,0.777,2.44,2.52
2013.07.05 12:52:58.694,0.77679,0.777,2.44,2.44
2013.07.05 12:52:58.879,0.77676,0.77699,3.57,1.50
2013.07.05 12:52:59.491,0.77676,0.77696,1.32,3.75
2013.07.05 12:52:59.682,0.77675,0.77691,1.88,3.00
2013.07.05 12:52:59.871,0.77675,0.77691,1.50,3.27
2013.07.05 12:53:00.240,0.77671,0.77688,1.13,1.58
2013.07.05 12:53:00.422,0.77671,0.77689,1.13,1.77
2013.07.05 12:53:01.391,0.77671,0.77688,1.13,2.52
2013.07.05 12:53:01.491,0.77664,0.77685,2.44,2.25
2013.07.05 12:53:02.131,0.77664,0.77684,2.44,1.50
2013.07.05 12:53:02.429,0.77663,0.77683,1.69,1.50
2013.07.05 12:53:02.670,0.7766,0.77681,1.32,3.19
2013.07.05 12:53:03.032,0.77656,0.77671,1.69,2.25
2013.07.05 12:53:03.272,0.77655,0.77674,2.25,1.69
2013.07.05 12:53:03.644,0.77652,0.77673,2.44,2.25
2013.07.05 12:53:03.714,0.77652,0.77668,2.44,1.50
2013.07.05 12:53:03.911,0.77653,0.77674,1.69,2.44
2013.07.05 12:53:04.449,0.77653,0.77671,1.69,2.25
2013.07.05 12:53:04.870,0.77654,0.77674,2.25,1.69
2013.07.05 12:53:04.930,0.77654,0.77674,2.44,1.50
2013.07.05 12:53:04.990,0.77657,0.77676,2.44,3.19
2013.07.05 12:53:05.171,0.77656,0.77678,1.69,2.44
2013.07.05 12:53:05.471,0.7766,0.77681,2.25,2.07
2013.07.05 12:53:05.831,0.77671,0.77679,1.50,1.32
2013.07.05 12:53:06.253,0.77678,0.77686,1.50,1.50
2013.07.05 12:53:06.563,0.7768,0.77692,2.25,1.50
2013.07.05 12:53:06.811,0.7768,0.77697,2.25,1.69
2013.07.05 12:53:06.990,0.7768,0.77701,2.25,1.69
2013.07.05 12:53:07.051,0.77682,0.77702,2.25,2.07
2013.07.05 12:53:07.352,0.77682,0.777,2.25,1.77
2013.07.05 12:53:07.890,0.77682,0.77696,3.00,1.88
2013.07.05 12:53:08.430,0.77682,0.77694,2.25,1.13
2013.07.05 12:53:08.790,0.77678,0.77694,2.25,1.50
2013.07.05 12:53:08.851,0.77675,0.77694,3.00,1.50
2013.07.05 12:53:09.272,0.77676,0.77694,1.50,1.13
2013.07.05 12:53:09.399,0.77675,0.77694,1.50,1.13
2013.07.05 12:53:09.580,0.77673,0.77694,1.69,2.82
2013.07.05 12:53:11.700,0.77674,0.77694,2.44,1.69
2013.07.05 12:53:11.881,0.77675,0.77697,1.02,1.69
2013.07.05 12:53:11.940,0.77678,0.77699,1.13,1.69
2013.07.05 12:53:12.060,0.77677,0.77699,2.82,1.69
2013.07.05 12:53:12.779,0.77677,0.77698,2.82,1.58
2013.07.05 12:53:13.323,0.77677,0.77697,1.32,1.77
2013.07.05 12:53:13.452,0.77677,0.77695,1.32,1.50
2013.07.05 12:53:13.641,0.77673,0.77695,1.69,1.69
2013.07.05 12:53:14.167,0.77673,0.77692,1.69,2.25
2013.07.05 12:53:14.979,0.77673,0.77692,1.69,1.50
2013.07.05 12:53:15.518,0.77673,0.77692,1.69,2.25
2013.07.05 12:53:16.179,0.77673,0.77692,1.69,2.44
2013.07.05 12:53:16.746,0.77673,0.77693,1.69,2.44
2013.07.05 12:53:17.340,0.77673,0.77693,1.69,3.19
2013.07.05 12:53:17.641,0.77672,0.77684,2.25,1.13
2013.07.05 12:53:17.701,0.77668,0.77683,1.69,1.50
2013.07.05 12:53:17.764,0.77668,0.77683,1.50,1.58
2013.07.05 12:53:17.893,0.77666,0.77679,3.00,1.58
2013.07.05 12:53:18.081,0.77664,0.77683,1.32,2.44
2013.07.05 12:53:18.140,0.77664,0.77684,1.32,1.50
2013.07.05 12:53:18.680,0.77666,0.77684,2.63,1.50
2013.07.05 12:53:18.741,0.77666,0.77684,2.63,2.33
2013.07.05 12:53:19.279,0.77666,0.77678,1.88,1.20
2013.07.05 12:53:19.401,0.77666,0.77681,1.88,1.50
2013.07.05 12:53:19.460,0.77665,0.77679,1.13,1.88
2013.07.05 12:53:19.521,0.77662,0.77679,1.50,2.85
2013.07.05 12:53:20.190,0.77662,0.77675,2.82,1.50
2013.07.05 12:53:20.261,0.77662,0.77675,2.25,1.50
2013.07.05 12:53:20.442,0.77659,0.77682,1.69,2.44
2013.07.05 12:53:20.681,0.77661,0.77682,2.44,2.44
2013.07.05 12:53:20.992,0.77664,0.77681,2.25,1.69
2013.07.05 12:53:21.301,0.77667,0.77683,2.25,1.69
2013.07.05 12:53:21.430,0.77664,0.77684,2.25,1.69
2013.07.05 12:53:21.610,0.77663,0.7768,1.50,2.44
2013.07.05 12:53:21.911,0.7766,0.77678,1.50,1.50
2013.07.05 12:53:22.030,0.7766,0.77678,1.50,1.69
2013.07.05 12:53:22.403,0.77659,0.77679,2.25,1.69
2013.07.05 12:53:22.890,0.77657,0.77677,1.50,1.69
2013.07.05 12:53:23.250,0.77656,0.77677,3.00,2.44
2013.07.05 12:53:24.049,0.77657,0.77677,2.25,1.69
2013.07.05 12:53:24.691,0.77655,0.77676,3.00,2.44
2013.07.05 12:53:24.991,0.77655,0.77672,2.25,1.09
2013.07.05 12:53:25.170,0.77653,0.77671,1.50,2.78
2013.07.05 12:53:25.229,0.77652,0.77671,1.43,2.78
2013.07.05 12:53:25.350,0.77653,0.77669,1.43,1.28
2013.07.05 12:53:25.590,0.77653,0.77669,1.43,2.03
2013.07.05 12:53:25.713,0.77653,0.77668,1.43,2.33
2013.07.05 12:53:26.020,0.77649,0.77666,1.88,1.50
2013.07.05 12:53:26.200,0.77648,0.77664,1.50,1.13
2013.07.05 12:53:26.501,0.77646,0.77667,2.63,2.07
2013.07.05 12:53:26.679,0.77646,0.77667,3.38,1.69
2013.07.05 12:53:26.981,0.77649,0.77667,2.18,1.69
2013.07.05 12:53:27.100,0.77651,0.77671,1.88,1.69
2013.07.05 12:53:27.159,0.77652,0.77671,1.43,1.69
2013.07.05 12:53:27.400,0.77653,0.77672,1.43,1.69
2013.07.05 12:53:27.521,0.77658,0.77672,2.18,1.69
2013.07.05 12:53:27.702,0.77658,0.77676,2.93,2.44
2013.07.05 12:53:28.896,0.77661,0.77678,2.18,1.69
2013.07.05 12:53:28.960,0.77661,0.77678,2.18,1.69
2013.07.05 12:53:29.140,0.77664,0.77683,1.43,2.07
2013.07.05 12:53:29.199,0.77664,0.77683,1.43,1.69
2013.07.05 12:53:29.741,0.77664,0.77676,1.50,1.58
2013.07.05 12:53:29.921,0.77661,0.77669,1.43,1.20
2013.07.05 12:53:30.161,0.77656,0.77668,2.93,1.05
2013.07.05 12:53:30.521,0.77656,0.77671,2.93,1.69
2013.07.05 12:53:32.031,0.77656,0.77671,2.93,2.07
2013.07.05 12:53:32.210,0.77656,0.77673,2.93,1.32
2013.07.05 12:53:32.331,0.77656,0.77673,2.93,3.57
2013.07.05 12:53:32.569,0.77656,0.77676,3.30,2.07
2013.07.05 12:53:32.629,0.77656,0.77676,3.30,2.07
2013.07.05 12:53:32.750,0.77659,0.77675,2.18,1.32
2013.07.05 12:53:32.869,0.77656,0.77676,2.93,1.50
2013.07.05 12:53:33.111,0.77666,0.77676,2.18,2.25
2013.07.05 12:53:33.230,0.77666,0.77678,2.18,1.31
2013.07.05 12:53:33.349,0.77666,0.77678,2.18,1.57
2013.07.05 12:53:33.412,0.77664,0.77678,1.43,1.57
2013.07.05 12:53:33.719,0.77663,0.77678,2.18,1.57
2013.07.05 12:53:34.261,0.77664,0.77678,1.43,1.02
2013.07.05 12:53:34.880,0.77662,0.77676,1.43,2.52
2013.07.05 12:53:34.940,0.77662,0.77675,1.43,1.13
2013.07.05 12:53:35.207,0.77658,0.77674,1.43,1.88
2013.07.05 12:53:35.274,0.77656,0.77672,2.93,1.02
2013.07.05 12:53:35.470,0.77656,0.77671,2.93,2.44
2013.07.05 12:53:35.594,0.77658,0.77671,2.18,1.69
2013.07.05 12:53:35.959,0.77656,0.77674,1.43,2.07
2013.07.05 12:53:36.200,0.77653,0.77673,2.18,1.69
2013.07.05 12:53:36.740,0.77653,0.77672,1.43,1.69
2013.07.05 12:53:36.863,0.77653,0.77671,1.80,1.69
2013.07.05 12:53:40.790,0.77655,0.77671,1.13,1.69
2013.07.05 12:53:40.851,0.7766,0.77673,2.25,1.32
2013.07.05 12:53:41.150,0.77669,0.77677,1.50,2.25
2013.07.05 12:53:41.214,0.77674,0.77683,1.50,1.47
2013.07.05 12:53:41.281,0.77674,0.77687,1.50,1.28
2013.07.05 12:53:41.341,0.77682,0.77698,1.05,1.50
2013.07.05 12:53:41.412,0.77684,0.77701,1.80,1.50
2013.07.05 12:53:41.841,0.77684,0.77703,1.80,1.69
2013.07.05 12:53:41.901,0.77683,0.77703,1.50,1.69
2013.07.05 12:53:41.962,0.77685,0.77698,1.50,1.13
2013.07.05 12:53:42.092,0.77683,0.77698,1.50,2.07
2013.07.05 12:53:42.222,0.77682,0.77695,1.50,2.07
2013.07.05 12:53:42.651,0.77682,0.77691,1.50,1.58
2013.07.05 12:53:42.710,0.77681,0.77691,1.50,2.70
2013.07.05 12:53:42.770,0.77672,0.77688,1.50,1.02
2013.07.05 12:53:42.830,0.77672,0.77686,1.50,1.50
2013.07.05 12:53:43.131,0.77668,0.77684,1.13,1.69
2013.07.05 12:53:43.430,0.77662,0.77684,1.50,1.69
2013.07.05 12:53:43.733,0.77665,0.77686,3.00,1.69
2013.07.05 12:53:43.981,0.77666,0.77687,1.88,1.69
2013.07.05 12:53:44.361,0.77666,0.77688,2.63,1.69
2013.07.05 12:53:44.892,0.77666,0.77688,1.69,2.44
2013.07.05 12:53:44.963,0.77667,0.77688,1.69,2.44
2013.07.05 12:53:45.151,0.77672,0.77692,3.00,1.69
2013.07.05 12:53:45.282,0.77675,0.77697,1.50,1.69
2013.07.05 12:53:45.410,0.77678,0.77697,3.00,1.69
2013.07.05 12:53:45.530,0.77679,0.77699,1.50,1.58
2013.07.05 12:53:45.651,0.77675,0.77693,2.25,2.25
2013.07.05 12:53:45.890,0.77674,0.77696,1.69,1.69
2013.07.05 12:53:46.373,0.77675,0.77694,2.25,1.47
2013.07.05 12:53:46.440,0.77676,0.77695,1.88,2.44
2013.07.05 12:53:46.681,0.7767,0.77691,2.37,2.25
2013.07.05 12:53:46.751,0.7767,0.77691,1.99,2.25
2013.07.05 12:53:46.811,0.77667,0.77691,1.69,2.63
2013.07.05 12:53:46.880,0.77666,0.77691,2.07,3.57
2013.07.05 12:53:46.940,0.77666,0.7769,2.37,1.69
2013.07.05 12:53:47.730,0.77663,0.77678,1.13,1.05
2013.07.05 12:53:47.812,0.77661,0.77676,1.32,1.50
2013.07.05 12:53:48.060,0.77656,0.77676,1.99,1.50
2013.07.05 12:53:48.184,0.77661,0.77676,1.13,1.50
2013.07.05 12:53:49.141,0.7766,0.77676,1.43,1.50
2013.07.05 12:53:49.502,0.77664,0.77682,1.62,1.50
2013.07.05 12:53:49.570,0.77667,0.77683,1.43,1.50
2013.07.05 12:53:49.750,0.77676,0.7769,1.80,1.69
2013.07.05 12:53:49.869,0.77676,0.77691,1.80,1.69
2013.07.05 12:53:50.109,0.77676,0.77693,1.80,1.69
2013.07.05 12:53:50.350,0.77676,0.77693,1.80,2.07
2013.07.05 12:53:50.652,0.77673,0.77684,2.93,1.13
2013.07.05 12:53:50.840,0.77675,0.7769,2.18,1.69
2013.07.05 12:53:51.262,0.77678,0.77693,2.18,1.50
2013.07.05 12:53:51.381,0.7768,0.77695,2.18,2.44
2013.07.05 12:53:51.630,0.77685,0.77696,2.18,1.50
2013.07.05 12:53:51.810,0.77685,0.777,2.18,1.69
2013.07.05 12:53:51.870,0.77685,0.777,2.18,1.50
2013.07.05 12:53:52.231,0.77686,0.77706,1.80,3.00
2013.07.05 12:53:52.541,0.77688,0.77705,2.18,1.69
2013.07.05 12:53:53.939,0.77688,0.77705,2.18,1.69
2013.07.05 12:53:54.451,0.77688,0.77704,2.18,1.69
2013.07.05 12:53:54.751,0.7769,0.77706,1.05,1.50
2013.07.05 12:53:54.812,0.7769,0.77706,2.55,1.50
2013.07.05 12:53:55.170,0.77694,0.77706,1.43,1.50
2013.07.05 12:53:55.291,0.77695,0.77711,2.25,1.50
2013.07.05 12:53:55.951,0.77694,0.77711,2.25,1.50
2013.07.05 12:53:57.282,0.77694,0.77715,2.44,1.69
2013.07.05 12:53:57.340,0.77694,0.77716,2.44,1.69
2013.07.05 12:53:58.203,0.77694,0.77715,1.69,1.32
2013.07.05 12:53:58.721,0.77693,0.77713,1.50,1.69
2013.07.05 12:53:59.919,0.77693,0.77713,1.50,1.69
2013.07.05 12:54:00.360,0.77693,0.77713,1.50,1.69
2013.07.05 12:54:00.540,0.77693,0.77708,1.50,1.20
2013.07.05 12:54:00.841,0.77684,0.77695,1.50,1.50
2013.07.05 12:54:00.961,0.77685,0.77703,1.50,1.69
2013.07.05 12:54:01.139,0.77687,0.77705,2.25,1.69
2013.07.05 12:54:01.442,0.77689,0.77699,2.25,1.50
2013.07.05 12:54:01.692,0.7769,0.77702,1.13,1.50
2013.07.05 12:54:01.763,0.7769,0.77705,1.13,1.50
2013.07.05 12:54:01.892,0.7769,0.77708,1.13,1.50
2013.07.05 12:54:02.129,0.7769,0.77712,1.13,1.69
2013.07.05 12:54:02.672,0.77693,0.77713,1.50,1.69
2013.07.05 12:54:02.800,0.77693,0.77713,1.50,2.44
2013.07.05 12:54:03.219,0.77693,0.77712,1.50,1.69
2013.07.05 12:54:04.990,0.77693,0.77713,1.50,2.44
2013.07.05 12:54:05.230,0.77694,0.77714,2.25,1.69
2013.07.05 12:54:05.409,0.77693,0.77711,1.50,1.69
2013.07.05 12:54:05.710,0.77692,0.77709,2.25,1.50
2013.07.05 12:54:06.410,0.77692,0.77709,1.50,1.50
2013.07.05 12:54:07.931,0.77689,0.77708,1.50,1.69
2013.07.05 12:54:07.992,0.77689,0.77707,1.50,1.69
2013.07.05 12:54:08.540,0.77686,0.77706,1.88,2.25
2013.07.05 12:54:09.151,0.77687,0.77708,3.00,2.25
2013.07.05 12:54:09.511,0.77693,0.7771,1.50,2.44
2013.07.05 12:54:09.570,0.77693,0.7771,1.50,2.44
2013.07.05 12:54:09.871,0.77694,0.7771,1.13,2.44
2013.07.05 12:54:09.991,0.77708,0.77719,6.99,2.25
2013.07.05 12:54:10.060,0.77713,0.77717,1.88,3.00
2013.07.05 12:54:10.360,0.77717,0.77724,3.00,1.50
2013.07.05 12:54:10.541,0.7772,0.77729,1.50,2.03
2013.07.05 12:54:10.602,0.7772,0.77732,1.50,2.44
2013.07.05 12:54:11.149,0.7772,0.77734,1.50,2.44
2013.07.05 12:54:11.681,0.77713,0.77728,1.88,2.25
2013.07.05 12:54:11.801,0.77707,0.77724,3.00,1.50
2013.07.05 12:54:11.862,0.77702,0.77723,2.25,1.50
2013.07.05 12:54:12.051,0.77703,0.77722,1.50,1.69
2013.07.05 12:54:12.110,0.77699,0.77719,1.69,1.69
2013.07.05 12:54:12.292,0.77699,0.77717,1.88,1.69
2013.07.05 12:54:12.353,0.77699,0.77715,1.50,1.69
2013.07.05 12:54:12.422,0.77697,0.77716,2.25,1.69
2013.07.05 12:54:12.910,0.77695,0.77716,2.25,2.44
2013.07.05 12:54:13.450,0.77698,0.77716,1.50,2.44
2013.07.05 12:54:13.810,0.77698,0.77716,3.00,1.69
2013.07.05 12:54:14.340,0.77699,0.77716,2.25,1.69
2013.07.05 12:54:15.471,0.77699,0.77717,2.25,1.69
2013.07.05 12:54:16.611,0.77699,0.77717,2.25,1.69
2013.07.05 12:54:16.673,0.77698,0.77717,1.69,2.44
2013.07.05 12:54:16.979,0.77698,0.77716,1.50,1.32
2013.07.05 12:54:18.260,0.77696,0.77714,1.88,1.32
2013.07.05 12:54:18.499,0.77691,0.77709,1.50,1.65
2013.07.05 12:54:19.283,0.77686,0.77708,2.63,1.09
2013.07.05 12:54:19.650,0.77688,0.77709,2.25,2.59
2013.07.05 12:54:20.980,0.77698,0.77709,1.20,1.50
2013.07.05 12:54:21.340,0.77725,0.77739,1.50,2.25
2013.07.05 12:54:21.402,0.77725,0.77739,2.25,2.25
2013.07.05 12:54:21.530,0.77729,0.77744,1.50,2.07
2013.07.05 12:54:21.770,0.77729,0.77747,1.50,1.69
2013.07.05 12:54:22.072,0.7773,0.77745,1.50,1.32
2013.07.05 12:54:22.381,0.77718,0.77736,1.50,2.25
2013.07.05 12:54:22.441,0.7771,0.77734,3.94,1.50
2013.07.05 12:54:22.500,0.7771,0.77734,2.44,3.00
2013.07.05 12:54:22.860,0.77714,0.77737,2.52,1.69
2013.07.05 12:54:23.161,0.77719,0.77738,1.69,2.25
2013.07.05 12:54:23.281,0.7772,0.77741,1.69,2.44
2013.07.05 12:54:23.403,0.77721,0.7774,1.13,2.44
2013.07.05 12:54:23.469,0.77722,0.77742,1.50,1.69
2013.07.05 12:54:23.710,0.77719,0.77737,1.69,2.25
2013.07.05 12:54:24.130,0.77717,0.7774,2.44,3.19
2013.07.05 12:54:24.974,0.77717,0.77738,2.44,1.09
2013.07.05 12:54:25.830,0.77717,0.77735,1.50,1.69
2013.07.05 12:54:26.680,0.77717,0.77735,1.50,1.69
2013.07.05 12:54:29.221,0.77717,0.77736,1.50,1.69
2013.07.05 12:54:30.430,0.77718,0.77738,1.50,1.69
2013.07.05 12:54:30.790,0.7772,0.7774,1.50,2.44
2013.07.05 12:54:31.340,0.77719,0.7774,1.50,2.44
2013.07.05 12:54:31.880,0.77717,0.77739,1.84,3.19
2013.07.05 12:54:32.183,0.77727,0.77744,1.50,1.32
2013.07.05 12:54:32.492,0.77737,0.77752,2.25,2.44
2013.07.05 12:54:32.622,0.77737,0.77754,2.25,2.44
2013.07.05 12:54:32.692,0.7774,0.77754,1.50,1.69
2013.07.05 12:54:33.000,0.77741,0.77757,1.13,1.50
2013.07.05 12:54:33.181,0.77742,0.77758,2.25,1.50
2013.07.05 12:54:33.670,0.77739,0.77758,1.32,2.44
2013.07.05 12:54:33.731,0.77738,0.77758,2.44,2.44
2013.07.05 12:54:33.911,0.7774,0.77758,1.50,2.44
2013.07.05 12:54:34.570,0.77741,0.77759,1.50,1.69
2013.07.05 12:54:34.750,0.77741,0.77762,1.50,1.69
2013.07.05 12:54:35.293,0.77741,0.77759,1.50,1.69
2013.07.05 12:54:35.550,0.77741,0.77756,1.50,1.50
2013.07.05 12:54:36.230,0.77742,0.77756,2.25,1.50
2013.07.05 12:54:36.959,0.77743,0.77756,2.25,1.50
2013.07.05 12:54:37.280,0.77744,0.77761,2.25,1.69
2013.07.05 12:54:38.933,0.77746,0.77763,2.10,1.69
2013.07.05 12:54:39.061,0.77747,0.77763,2.44,1.50
2013.07.05 12:54:39.421,0.77756,0.77773,1.13,2.25
2013.07.05 12:54:40.393,0.77757,0.77776,3.00,1.69
2013.07.05 12:54:41.583,0.77759,0.77776,2.25,1.69
2013.07.05 12:54:42.010,0.77759,0.77776,1.50,1.50
2013.07.05 12:54:42.190,0.77762,0.77776,2.25,1.50
2013.07.05 12:54:42.309,0.77762,0.77781,2.25,1.69
2013.07.05 12:54:43.859,0.77762,0.7778,2.25,1.69
2013.07.05 12:54:43.979,0.7776,0.77777,2.07,1.50
2013.07.05 12:54:44.281,0.77754,0.77771,1.50,1.50
2013.07.05 12:54:44.339,0.77754,0.77771,1.50,2.25
2013.07.05 12:54:44.881,0.77753,0.7777,1.50,1.50
2013.07.05 12:54:45.420,0.77753,0.77768,1.50,2.10
2013.07.05 12:54:45.759,0.77753,0.77767,1.50,1.50
2013.07.05 12:54:46.754,0.77753,0.77765,1.50,1.88
2013.07.05 12:54:48.843,0.77751,0.77763,1.13,2.25
2013.07.05 12:54:48.970,0.77742,0.77758,6.19,1.50
2013.07.05 12:54:49.031,0.77741,0.77758,1.50,1.50
2013.07.05 12:54:49.209,0.77742,0.77758,1.50,1.50
2013.07.05 12:54:49.333,0.77741,0.77758,1.13,1.50
2013.07.05 12:54:49.402,0.77739,0.77757,1.69,1.50
2013.07.05 12:54:55.081,0.77741,0.77754,1.50,1.50
2013.07.05 12:54:55.262,0.77744,0.77759,1.50,1.50
2013.07.05 12:54:55.391,0.77744,0.77759,1.50,1.50
2013.07.05 12:54:55.514,0.77747,0.77763,1.50,1.69
2013.07.05 12:54:55.584,0.77747,0.77763,1.50,1.69
2013.07.05 12:54:55.711,0.77747,0.77763,3.00,1.69
2013.07.05 12:54:56.072,0.77749,0.77764,2.25,1.50
2013.07.05 12:54:56.260,0.77749,0.77769,2.25,1.69
2013.07.05 12:54:57.040,0.77752,0.77769,2.25,2.44
2013.07.05 12:54:57.432,0.77749,0.77769,2.25,2.44
2013.07.05 12:54:57.561,0.77749,0.77764,2.25,1.50
2013.07.05 12:54:58.152,0.77749,0.77763,2.25,1.50
2013.07.05 12:54:58.222,0.77744,0.77759,1.50,1.50
2013.07.05 12:54:58.291,0.77744,0.77759,2.25,1.50
2013.07.05 12:54:58.471,0.77746,0.77763,1.13,2.25
2013.07.05 12:54:59.073,0.77747,0.77764,1.69,1.50
2013.07.05 12:54:59.203,0.77749,0.77764,1.50,1.50
2013.07.05 12:54:59.331,0.77746,0.77759,2.59,1.50
2013.07.05 12:54:59.851,0.77747,0.77759,1.32,1.50
2013.07.05 12:54:59.970,0.77747,0.77764,3.19,1.50
2013.07.05 12:55:00.377,0.77747,0.77764,3.94,1.50
2013.07.05 12:55:00.862,0.77747,0.77764,3.19,1.50
2013.07.05 12:55:00.930,0.77748,0.77764,1.69,1.50
2013.07.05 12:55:01.960,0.77747,0.77761,1.88,1.50
2013.07.05 12:55:02.260,0.77737,0.77754,1.88,1.50
2013.07.05 12:55:02.382,0.77738,0.77754,1.50,1.50
2013.07.05 12:55:05.091,0.77742,0.77754,1.50,1.50
2013.07.05 12:55:05.392,0.77744,0.77759,3.00,1.69
2013.07.05 12:55:06.232,0.77749,0.77764,1.50,1.50
2013.07.05 12:55:06.412,0.77749,0.77764,3.00,1.50
2013.07.05 12:55:06.772,0.77756,0.77769,1.58,1.50
2013.07.05 12:55:06.901,0.77757,0.77769,1.13,1.50
2013.07.05 12:55:07.021,0.77757,0.77773,1.13,1.69
2013.07.05 12:55:07.202,0.77754,0.77773,3.00,1.69
2013.07.05 12:55:07.271,0.77754,0.77771,1.50,1.69
2013.07.05 12:55:07.633,0.77751,0.77768,1.13,1.69
2013.07.05 12:55:07.705,0.77751,0.77766,1.13,1.69
2013.07.05 12:55:08.444,0.77747,0.77755,1.50,1.50
2013.07.05 12:55:08.514,0.77747,0.77754,1.50,1.50
2013.07.05 12:55:08.642,0.77742,0.77754,1.50,1.50
2013.07.05 12:55:08.892,0.7774,0.77754,1.50,1.50
2013.07.05 12:55:09.322,0.77735,0.77754,2.40,2.25
2013.07.05 12:55:09.392,0.77734,0.7775,1.65,1.69
2013.07.05 12:55:09.521,0.7773,0.77746,1.50,1.50
2013.07.05 12:55:09.881,0.77732,0.77744,2.25,1.50
2013.07.05 12:55:10.023,0.77732,0.77749,2.25,3.19
2013.07.05 12:55:10.212,0.77737,0.77753,1.88,3.19
2013.07.05 12:55:10.284,0.77737,0.77753,1.88,2.25
2013.07.05 12:55:10.530,0.77738,0.77754,1.50,1.50
2013.07.05 12:55:10.842,0.77742,0.77754,2.25,1.50
2013.07.05 12:55:10.971,0.77742,0.77758,2.25,1.69
2013.07.05 12:55:12.131,0.77752,0.77758,1.13,1.50
2013.07.05 12:55:12.392,0.77753,0.77763,1.50,2.44
2013.07.05 12:55:12.930,0.77753,0.77764,1.50,1.69
2013.07.05 12:55:13.055,0.77753,0.77762,1.50,1.47
2013.07.05 12:55:13.121,0.77747,0.77761,2.25,1.65
2013.07.05 12:55:13.361,0.77744,0.77759,2.63,1.50
2013.07.05 12:55:13.420,0.77744,0.7776,1.88,2.44
2013.07.05 12:55:13.481,0.77739,0.77758,3.94,1.50
2013.07.05 12:55:13.661,0.77737,0.77754,3.00,1.50
2013.07.05 12:55:14.200,0.77737,0.77753,3.00,1.69
2013.07.05 12:55:14.580,0.77735,0.77753,1.13,2.44
2013.07.05 12:55:14.700,0.77731,0.77749,1.13,1.50
2013.07.05 12:55:15.414,0.77731,0.77748,3.00,1.69
2013.07.05 12:55:15.902,0.77731,0.77749,1.69,2.25
2013.07.05 12:55:16.321,0.7773,0.77748,1.69,1.50
2013.07.05 12:55:16.381,0.7773,0.77749,1.69,2.25
2013.07.05 12:55:16.922,0.77727,0.77748,2.44,3.15
2013.07.05 12:55:16.983,0.77727,0.77748,1.69,4.09
2013.07.05 12:55:18.370,0.77732,0.77744,2.25,1.50
2013.07.05 12:55:18.729,0.77737,0.77745,1.50,1.50
2013.07.05 12:55:19.351,0.77737,0.77753,1.50,1.88
2013.07.05 12:55:19.470,0.77737,0.77754,1.50,2.25
2013.07.05 12:55:19.951,0.77737,0.77753,1.50,1.50
2013.07.05 12:55:20.490,0.77737,0.77754,1.50,1.69
2013.07.05 12:55:20.550,0.77737,0.77754,1.50,1.50
2013.07.05 12:55:20.671,0.77737,0.77754,1.50,2.25
2013.07.05 12:55:20.921,0.77737,0.77753,1.50,1.50
2013.07.05 12:55:21.475,0.77735,0.77749,1.69,1.50
2013.07.05 12:55:21.791,0.77739,0.77754,2.25,1.50
2013.07.05 12:55:22.480,0.77737,0.77754,1.69,1.50
2013.07.05 12:55:26.170,0.77736,0.77752,1.13,1.50
2013.07.05 12:55:27.731,0.77731,0.77748,2.44,1.50
2013.07.05 12:55:27.911,0.77726,0.77745,2.25,1.50
2013.07.05 12:55:27.972,0.77726,0.77742,2.25,1.50
2013.07.05 12:55:28.283,0.77726,0.77744,1.88,1.50
2013.07.05 12:55:28.710,0.77726,0.77744,3.38,1.69
2013.07.05 12:55:28.951,0.77726,0.77744,1.88,1.69
2013.07.05 12:55:33.901,0.77733,0.77744,2.25,1.50
2013.07.05 12:55:33.961,0.77733,0.77749,2.25,2.25
2013.07.05 12:55:34.141,0.77731,0.77749,2.25,1.50
2013.07.05 12:55:34.380,0.77734,0.77749,2.25,1.50
2013.07.05 12:55:34.501,0.77736,0.77754,1.88,1.69
2013.07.05 12:55:35.207,0.77729,0.77749,3.19,1.50
2013.07.05 12:55:36.911,0.77729,0.77747,2.44,1.50
2013.07.05 12:55:36.970,0.77726,0.77745,2.07,1.50
2013.07.05 12:55:37.150,0.77731,0.77744,2.25,1.50
2013.07.05 12:55:37.269,0.77731,0.77749,2.25,1.69
2013.07.05 12:55:37.450,0.77736,0.77754,3.38,3.19
2013.07.05 12:55:37.510,0.77736,0.77754,3.38,2.44
2013.07.05 12:55:37.630,0.77736,0.77753,1.13,1.69
2013.07.05 12:55:37.689,0.77732,0.77753,1.69,1.69
2013.07.05 12:55:37.749,0.77732,0.7775,1.69,1.50
2013.07.05 12:55:38.050,0.77731,0.77749,3.94,1.50
2013.07.05 12:55:39.300,0.77731,0.77744,2.25,1.13
2013.07.05 12:55:39.360,0.77725,0.77744,1.50,1.13
2013.07.05 12:55:39.899,0.77726,0.77743,1.13,1.69
2013.07.05 12:55:40.208,0.77721,0.77741,1.50,1.69
2013.07.05 12:55:40.274,0.77721,0.77738,1.13,1.77
2013.07.05 12:55:40.821,0.77721,0.77737,1.13,1.50
2013.07.05 12:55:41.360,0.77726,0.77738,1.13,2.25
2013.07.05 12:55:41.721,0.77726,0.77741,1.88,1.69
2013.07.05 12:55:42.101,0.77736,0.7775,1.13,3.38
2013.07.05 12:55:42.170,0.77742,0.77747,1.50,1.69
2013.07.05 12:55:42.230,0.77748,0.77754,2.25,1.50
2013.07.05 12:55:42.350,0.77749,0.77758,3.00,1.50
2013.07.05 12:55:42.530,0.7775,0.77763,1.50,2.25
2013.07.05 12:55:43.070,0.7775,0.77762,1.50,1.50
2013.07.05 12:55:43.639,0.7775,0.77762,1.50,1.50
2013.07.05 12:55:45.945,0.77757,0.77772,1.50,1.50
2013.07.05 12:55:46.171,0.77757,0.77773,1.50,3.57
2013.07.05 12:55:46.381,0.77757,0.77772,1.50,1.58
2013.07.05 12:55:46.621,0.7774,0.77758,1.50,1.50
2013.07.05 12:55:46.742,0.77736,0.77756,2.82,1.50
2013.07.05 12:55:48.179,0.77736,0.77754,2.07,1.50
2013.07.05 12:55:49.212,0.77737,0.77754,1.13,1.50
2013.07.05 12:55:49.449,0.77737,0.77754,2.07,1.50
2013.07.05 12:55:50.362,0.77737,0.77754,1.69,1.50
2013.07.05 12:55:51.332,0.77742,0.77754,1.50,1.50
2013.07.05 12:55:51.691,0.77744,0.77754,1.50,1.50
2013.07.05 12:55:51.989,0.77745,0.77759,1.50,1.50
2013.07.05 12:55:53.169,0.77746,0.77759,1.77,1.50
2013.07.05 12:55:53.470,0.77751,0.77769,2.25,2.44
2013.07.05 12:55:53.531,0.77751,0.77769,2.25,1.50
2013.07.05 12:55:53.650,0.77751,0.77768,2.25,1.50
2013.07.05 12:55:53.710,0.77751,0.77767,2.25,1.50
2013.07.05 12:55:54.250,0.7775,0.77764,1.69,1.50
2013.07.05 12:55:54.310,0.7775,0.77764,1.50,1.50
2013.07.05 12:55:54.431,0.77746,0.77761,2.52,1.50
2013.07.05 12:55:54.490,0.77745,0.77761,1.69,1.50
2013.07.05 12:55:54.550,0.77743,0.77761,1.69,1.50
2013.07.05 12:55:56.176,0.7774,0.77759,3.94,1.50
2013.07.05 12:55:56.256,0.77736,0.77755,1.69,1.50
2013.07.05 12:55:56.560,0.77737,0.77755,2.44,1.50
2013.07.05 12:55:56.861,0.7774,0.77755,2.25,1.50
2013.07.05 12:55:57.042,0.7774,0.7776,2.25,2.44
2013.07.05 12:55:57.164,0.77742,0.7776,2.25,2.44
2013.07.05 12:55:58.433,0.7774,0.7776,2.44,1.69
2013.07.05 12:56:00.371,0.7774,0.77759,2.44,1.58
2013.07.05 12:56:00.430,0.77737,0.77757,1.69,1.50
2013.07.05 12:56:00.490,0.77736,0.77754,2.07,1.50
2013.07.05 12:56:00.610,0.77736,0.77755,2.07,1.50
2013.07.05 12:56:02.942,0.7774,0.77755,1.13,1.50
2013.07.05 12:56:03.470,0.77737,0.77755,1.69,1.50
2013.07.05 12:56:04.010,0.7774,0.7776,1.32,1.69
2013.07.05 12:56:04.069,0.77742,0.7776,1.13,1.69
2013.07.05 12:56:04.370,0.77741,0.77756,1.69,2.25
2013.07.05 12:56:04.430,0.7774,0.77756,1.69,2.25
2013.07.05 12:56:04.613,0.77735,0.77756,2.44,2.25
2013.07.05 12:56:04.680,0.77736,0.77757,2.82,1.77
2013.07.05 12:56:04.801,0.77736,0.77756,2.07,1.69
2013.07.05 12:56:05.281,0.77736,0.77756,2.07,2.44
2013.07.05 12:56:05.401,0.77731,0.77749,1.32,2.25
2013.07.05 12:56:05.461,0.7773,0.77749,1.32,2.25
2013.07.05 12:56:05.581,0.77728,0.77749,3.00,1.50
2013.07.05 12:56:06.301,0.77726,0.77745,2.07,2.25
2013.07.05 12:56:06.699,0.77726,0.77745,3.57,1.50
2013.07.05 12:56:06.879,0.77726,0.77745,2.07,1.50
2013.07.05 12:56:07.870,0.77726,0.77745,2.07,2.25
2013.07.05 12:56:08.411,0.77726,0.77745,2.07,1.50
2013.07.05 12:56:09.222,0.77726,0.77746,3.57,1.69
2013.07.05 12:56:09.833,0.77726,0.77747,3.57,1.69
2013.07.05 12:56:11.249,0.77728,0.77747,1.69,1.69
2013.07.05 12:56:11.611,0.77731,0.77751,2.25,1.69
2013.07.05 12:56:12.150,0.77732,0.77752,1.69,2.25
2013.07.05 12:56:12.453,0.7774,0.77757,1.43,1.50
2013.07.05 12:56:12.761,0.77746,0.7776,1.24,2.25
2013.07.05 12:56:13.060,0.77748,0.77767,1.50,1.69
2013.07.05 12:56:13.241,0.77748,0.7777,1.50,1.32
2013.07.05 12:56:13.360,0.77751,0.77772,2.25,2.44
2013.07.05 12:56:13.480,0.77751,0.77774,3.00,1.69
2013.07.05 12:56:14.160,0.77756,0.77775,1.50,1.69
2013.07.05 12:56:14.400,0.77754,0.77774,1.32,1.69
2013.07.05 12:56:14.880,0.77753,0.77769,1.50,1.77
2013.07.05 12:56:15.420,0.77749,0.77768,2.25,1.77
2013.07.05 12:56:15.660,0.77746,0.77767,2.93,2.52
2013.07.05 12:56:15.901,0.77746,0.77765,1.99,2.44
2013.07.05 12:56:16.534,0.77746,0.77763,1.24,2.25
2013.07.05 12:56:18.280,0.77743,0.77762,1.77,2.25
2013.07.05 12:56:18.400,0.77743,0.77763,2.52,1.32
2013.07.05 12:56:18.941,0.77744,0.77762,1.02,2.25
2013.07.05 12:56:19.121,0.77743,0.77765,1.77,3.19
2013.07.05 12:56:19.841,0.77746,0.77767,3.08,2.44
2013.07.05 12:56:21.743,0.77747,0.77767,1.02,2.44
2013.07.05 12:56:22.534,0.77758,0.77771,1.13,1.50
2013.07.05 12:56:22.782,0.77766,0.77776,1.50,1.50
2013.07.05 12:56:22.910,0.77766,0.7778,1.50,1.69
2013.07.05 12:56:22.970,0.77765,0.77781,1.88,1.50
2013.07.05 12:56:23.150,0.77765,0.77781,2.82,1.50
2013.07.05 12:56:23.210,0.77768,0.77789,2.44,2.44
2013.07.05 12:56:23.390,0.77767,0.7779,1.69,2.44
2013.07.05 12:56:23.750,0.77769,0.77789,3.00,1.69
2013.07.05 12:56:24.851,0.77769,0.7779,3.19,2.44
2013.07.05 12:56:25.379,0.77769,0.77791,1.69,1.69
2013.07.05 12:56:25.888,0.77767,0.77787,1.13,2.44
2013.07.05 12:56:26.651,0.77767,0.77788,2.63,2.44
2013.07.05 12:56:26.833,0.77767,0.77785,2.63,1.50
2013.07.05 12:56:26.901,0.77762,0.77784,2.44,1.50
2013.07.05 12:56:27.633,0.77762,0.77783,2.44,2.44
2013.07.05 12:56:28.180,0.77762,0.77784,2.44,1.69
2013.07.05 12:56:28.480,0.77767,0.77784,2.25,1.69
2013.07.05 12:56:29.120,0.77767,0.77787,2.25,1.69
2013.07.05 12:56:32.740,0.77767,0.77788,2.44,2.44
2013.07.05 12:56:33.340,0.77764,0.77786,2.44,1.69
2013.07.05 12:56:33.579,0.77767,0.77787,2.44,1.69
2013.07.05 12:56:35.330,0.77763,0.77785,3.19,2.25
2013.07.05 12:56:35.629,0.77767,0.77787,2.44,1.69
2013.07.05 12:56:36.170,0.77764,0.77786,2.44,1.69
2013.07.05 12:56:36.672,0.77767,0.77787,2.44,1.69
2013.07.05 12:56:37.111,0.77764,0.77786,2.44,1.69
2013.07.05 12:56:37.411,0.77772,0.77787,2.25,1.69
2013.07.05 12:56:37.531,0.77772,0.7779,2.25,1.69
2013.07.05 12:56:37.712,0.77769,0.7779,3.00,2.44
2013.07.05 12:56:37.890,0.77767,0.77789,2.44,1.69
2013.07.05 12:56:39.504,0.77773,0.77793,1.50,2.44
2013.07.05 12:56:39.690,0.77776,0.77798,1.69,2.44
2013.07.05 12:56:39.750,0.77775,0.77795,1.69,2.25
2013.07.05 12:56:39.870,0.77772,0.77794,1.69,1.50
2013.07.05 12:56:40.110,0.77771,0.77793,3.19,1.50
2013.07.05 12:56:40.411,0.77776,0.77799,1.69,2.44
2013.07.05 12:56:40.951,0.77773,0.77794,1.69,1.50
2013.07.05 12:56:41.310,0.77768,0.77788,1.69,1.58
2013.07.05 12:56:41.611,0.77767,0.77786,2.44,1.50
2013.07.05 12:56:42.132,0.77769,0.77786,2.25,1.50
2013.07.05 12:56:42.312,0.77769,0.7779,2.25,2.25
2013.07.05 12:56:42.820,0.77769,0.7779,2.44,2.44
2013.07.05 12:56:43.360,0.7777,0.7779,2.25,1.69
2013.07.05 12:56:43.722,0.77775,0.77791,2.25,1.69
2013.07.05 12:56:44.021,0.77777,0.77796,1.50,2.25
2013.07.05 12:56:44.444,0.77778,0.77796,1.69,2.25
2013.07.05 12:56:44.753,0.77779,0.77788,1.50,1.13
2013.07.05 12:56:44.822,0.77777,0.77788,1.50,1.13
2013.07.05 12:56:44.880,0.77777,0.77791,1.50,1.50
2013.07.05 12:56:45.000,0.77777,0.77793,3.00,1.13
2013.07.05 12:56:45.120,0.77774,0.77791,3.83,1.50
2013.07.05 12:56:45.680,0.77778,0.77795,1.50,1.13
2013.07.05 12:56:45.740,0.77778,0.77798,1.50,3.94
2013.07.05 12:56:46.280,0.77778,0.77801,1.50,2.44
2013.07.05 12:56:46.340,0.7778,0.77801,2.25,1.69
2013.07.05 12:56:46.699,0.77785,0.77801,1.88,1.69
2013.07.05 12:56:46.941,0.7778,0.77802,3.00,1.50
2013.07.05 12:56:47.120,0.77787,0.77804,2.25,1.69
2013.07.05 12:56:47.240,0.77787,0.77806,2.25,1.09
2013.07.05 12:56:47.360,0.77787,0.77808,3.00,1.50
2013.07.05 12:56:47.480,0.77788,0.77811,1.50,2.44
2013.07.05 12:56:48.020,0.77786,0.77806,1.69,1.58
2013.07.05 12:56:48.380,0.77781,0.77805,1.69,3.19
2013.07.05 12:56:49.265,0.77776,0.77796,1.69,1.69
2013.07.05 12:56:51.365,0.77776,0.77796,1.77,1.69
2013.07.05 12:56:51.672,0.77775,0.77794,1.88,1.13
2013.07.05 12:56:51.921,0.77772,0.77794,1.69,1.13
2013.07.05 12:56:52.591,0.77775,0.77794,1.88,2.07
2013.07.05 12:56:53.131,0.77777,0.77794,1.69,2.63
2013.07.05 12:56:54.061,0.77778,0.77799,3.00,2.25
2013.07.05 12:56:54.180,0.7778,0.77801,1.50,1.69
2013.07.05 12:56:54.419,0.77783,0.77801,1.50,2.25
2013.07.05 12:56:54.780,0.77781,0.77801,1.69,2.25
2013.07.05 12:56:55.440,0.77782,0.77803,1.69,2.63
2013.07.05 12:56:56.881,0.77786,0.77804,1.02,1.50
2013.07.05 12:56:56.940,0.77786,0.77804,1.58,1.50
2013.07.05 12:56:57.732,0.77787,0.77806,1.69,2.25
2013.07.05 12:56:57.921,0.77787,0.77807,2.44,1.50
2013.07.05 12:56:58.471,0.77787,0.77806,1.69,2.25
2013.07.05 12:57:00.953,0.77785,0.77803,1.69,2.63
2013.07.05 12:57:01.020,0.77785,0.77803,1.69,2.63
2013.07.05 12:57:01.901,0.77783,0.77803,1.69,2.63
2013.07.05 12:57:02.021,0.77784,0.77804,1.69,1.13
2013.07.05 12:57:02.460,0.77782,0.77803,2.44,2.63
2013.07.05 12:57:02.640,0.77784,0.77804,1.69,1.13
2013.07.05 12:57:03.349,0.77782,0.77803,3.19,2.25
2013.07.05 12:57:03.903,0.77782,0.77803,3.19,2.25
2013.07.05 12:57:04.033,0.77782,0.77803,1.69,2.44
2013.07.05 12:57:04.100,0.77781,0.77798,1.69,2.03
2013.07.05 12:57:04.404,0.77778,0.77791,1.13,2.25
2013.07.05 12:57:04.532,0.77775,0.77791,2.25,3.75
2013.07.05 12:57:04.770,0.77775,0.77786,1.50,1.50
2013.07.05 12:57:04.830,0.77768,0.77784,1.50,1.50
2013.07.05 12:57:04.890,0.77768,0.77784,1.50,1.50
2013.07.05 12:57:04.951,0.77765,0.77784,1.69,1.50
2013.07.05 12:57:05.071,0.77765,0.77784,1.32,1.50
2013.07.05 12:57:05.130,0.77765,0.77784,1.32,1.50
2013.07.05 12:57:06.882,0.77767,0.77785,1.13,1.69
2013.07.05 12:57:07.190,0.77772,0.77789,1.50,1.50
2013.07.05 12:57:07.369,0.7777,0.77788,1.35,2.25
2013.07.05 12:57:07.909,0.77767,0.77788,1.32,2.25
2013.07.05 12:57:08.232,0.7777,0.77789,1.32,1.69
2013.07.05 12:57:08.662,0.77765,0.77785,2.44,1.50
2013.07.05 12:57:09.368,0.77765,0.77777,1.50,1.02
2013.07.05 12:57:09.444,0.77755,0.77774,2.25,1.69
2013.07.05 12:57:09.573,0.77753,0.77773,1.32,2.25
2013.07.05 12:57:09.884,0.77757,0.77773,1.50,2.25
2013.07.05 12:57:10.013,0.77751,0.77771,1.69,2.25
2013.07.05 12:57:10.380,0.77749,0.77771,1.69,2.44
2013.07.05 12:57:10.681,0.7775,0.77771,3.19,2.25
2013.07.05 12:57:10.982,0.77757,0.77771,1.50,2.25
2013.07.05 12:57:11.283,0.77753,0.77771,1.69,2.25
2013.07.05 12:57:11.350,0.77755,0.77776,3.00,1.69
2013.07.05 12:57:11.470,0.77751,0.77773,1.69,2.25
2013.07.05 12:57:11.770,0.7775,0.7777,1.02,1.50
2013.07.05 12:57:12.130,0.77753,0.77773,1.50,2.44
2013.07.05 12:57:12.436,0.77755,0.7777,1.50,2.25
2013.07.05 12:57:12.801,0.77749,0.7777,2.44,2.25
2013.07.05 12:57:13.523,0.77748,0.77769,5.07,2.25
2013.07.05 12:57:13.772,0.77748,0.77769,1.69,3.00
2013.07.05 12:57:13.950,0.77746,0.77767,2.07,2.25
2013.07.05 12:57:14.132,0.77745,0.77767,1.69,1.50
2013.07.05 12:57:14.646,0.77745,0.77769,1.69,3.19
2013.07.05 12:57:15.822,0.77745,0.77769,1.69,1.69
2013.07.05 12:57:16.944,0.77746,0.77769,1.69,1.50
2013.07.05 12:57:17.490,0.77745,0.77766,2.44,1.50
2013.07.05 12:57:17.730,0.77744,0.77767,2.44,1.50
2013.07.05 12:57:19.912,0.77743,0.77765,1.69,1.69
2013.07.05 12:57:20.230,0.77739,0.77761,1.69,1.69
2013.07.05 12:57:20.590,0.77742,0.77762,2.25,1.69
2013.07.05 12:57:20.650,0.77738,0.77761,1.69,3.19
2013.07.05 12:57:20.831,0.77742,0.77762,2.25,2.44
2013.07.05 12:57:21.190,0.77744,0.77765,1.50,1.69
2013.07.05 12:57:21.250,0.77743,0.77764,1.69,2.44
2013.07.05 12:57:21.791,0.77745,0.77764,3.38,2.44
2013.07.05 12:57:22.092,0.7775,0.77764,1.69,2.25
2013.07.05 12:57:22.272,0.77752,0.77769,1.50,2.25
2013.07.05 12:57:22.839,0.77751,0.77769,1.50,2.25
2013.07.05 12:57:23.201,0.77753,0.77769,1.50,2.25
2013.07.05 12:57:23.750,0.77752,0.77769,1.50,2.25
2013.07.05 12:57:24.353,0.77753,0.77771,1.50,2.25
2013.07.05 12:57:24.481,0.77755,0.77771,1.50,2.25
2013.07.05 12:57:24.843,0.77754,0.77766,1.50,2.25
2013.07.05 12:57:25.032,0.77745,0.77766,1.50,3.00
2013.07.05 12:57:25.160,0.77745,0.77766,1.50,2.25
2013.07.05 12:57:25.461,0.7774,0.77761,2.44,2.25
2013.07.05 12:57:25.520,0.7774,0.77761,1.69,3.19
2013.07.05 12:57:25.640,0.77738,0.7776,2.44,2.44
2013.07.05 12:57:26.180,0.77738,0.77759,1.69,1.69
2013.07.05 12:57:27.034,0.77738,0.77758,1.50,2.44
2013.07.05 12:57:27.342,0.7774,0.77757,2.25,1.50
2013.07.05 12:57:27.653,0.7774,0.77755,2.44,1.50
2013.07.05 12:57:27.722,0.77738,0.77755,3.94,1.50
2013.07.05 12:57:27.851,0.77739,0.77762,1.69,2.44
2013.07.05 12:57:28.360,0.77738,0.77759,2.44,1.50
2013.07.05 12:57:29.138,0.77738,0.77759,3.94,1.50
2013.07.05 12:57:30.201,0.77739,0.77761,2.44,1.69
2013.07.05 12:57:31.169,0.77741,0.77762,2.25,2.44
2013.07.05 12:57:31.593,0.77741,0.77763,2.44,1.69
2013.07.05 12:57:31.662,0.77746,0.77764,2.25,1.69
2013.07.05 12:57:31.901,0.77746,0.77767,3.00,2.44
2013.07.05 12:57:31.960,0.77748,0.77768,2.25,3.43
2013.07.05 12:57:32.501,0.7775,0.77768,1.50,1.59
2013.07.05 12:57:32.682,0.77755,0.77768,1.50,2.18
2013.07.05 12:57:32.991,0.77756,0.77768,2.25,2.18
2013.07.05 12:57:33.171,0.77756,0.77768,1.50,2.18
2013.07.05 12:57:33.351,0.77759,0.77768,1.50,2.18
2013.07.05 12:57:33.591,0.77754,0.77768,2.44,2.18
2013.07.05 12:57:33.661,0.77751,0.77768,3.94,2.18
2013.07.05 12:57:33.900,0.77754,0.77768,3.00,1.95
2013.07.05 12:57:34.261,0.77751,0.77768,2.25,1.95
2013.07.05 12:57:34.443,0.77756,0.77768,2.25,1.95
2013.07.05 12:57:34.691,0.77753,0.77768,2.25,1.95
2013.07.05 12:57:35.051,0.77758,0.77771,1.50,1.20
2013.07.05 12:57:35.171,0.77759,0.77775,2.25,1.88
2013.07.05 12:57:35.411,0.77756,0.77772,1.32,1.13
2013.07.05 12:57:35.773,0.77752,0.77771,1.69,1.84
2013.07.05 12:57:35.902,0.77748,0.77766,3.00,3.15
2013.07.05 12:57:35.962,0.77745,0.77766,1.69,2.40
2013.07.05 12:57:36.630,0.77748,0.77768,2.25,1.84
2013.07.05 12:57:36.930,0.77744,0.77765,3.19,1.50
2013.07.05 12:57:37.471,0.77744,0.77765,2.44,4.69
2013.07.05 12:57:39.460,0.77749,0.77766,1.69,2.25
2013.07.05 12:57:39.523,0.77749,0.77769,1.69,1.50
2013.07.05 12:57:39.591,0.77749,0.7777,1.69,1.50
2013.07.05 12:57:39.650,0.7775,0.7777,1.69,1.50
2013.07.05 12:57:40.200,0.77749,0.77766,1.69,2.25
2013.07.05 12:57:40.439,0.77749,0.77766,1.69,2.25
2013.07.05 12:57:40.692,0.77749,0.77766,1.69,1.50
2013.07.05 12:57:40.760,0.77749,0.7777,1.69,1.69
2013.07.05 12:57:42.622,0.7775,0.7777,1.69,1.50
2013.07.05 12:57:43.422,0.77748,0.77768,2.82,1.50
2013.07.05 12:57:43.482,0.77748,0.77766,1.69,2.25
2013.07.05 12:57:43.901,0.7775,0.77766,2.25,1.50
2013.07.05 12:57:44.213,0.77748,0.77766,1.50,3.00
2013.07.05 12:57:44.404,0.77743,0.77764,1.69,1.50
2013.07.05 12:57:44.913,0.77742,0.77763,2.82,2.25
2013.07.05 12:57:45.457,0.77742,0.77764,2.82,1.69
2013.07.05 12:57:46.619,0.77745,0.77765,2.44,2.44
2013.07.05 12:57:47.391,0.77742,0.77764,2.82,1.69
2013.07.05 12:57:47.510,0.77742,0.77761,2.82,1.50
2013.07.05 12:57:47.813,0.77745,0.77765,2.25,2.44
2013.07.05 12:57:48.475,0.77745,0.77762,2.25,1.69
2013.07.05 12:57:48.781,0.77745,0.77759,2.25,1.58
2013.07.05 12:57:49.141,0.77741,0.77748,1.50,1.50
2013.07.05 12:57:49.260,0.77742,0.77752,2.25,1.50
2013.07.05 12:57:50.084,0.7773,0.7775,2.82,1.50
2013.07.05 12:57:50.753,0.77732,0.77751,2.25,2.44
2013.07.05 12:57:55.225,0.7773,0.77751,3.57,2.44
2013.07.05 12:57:55.591,0.77731,0.7775,1.32,1.50
2013.07.05 12:57:55.893,0.77739,0.77746,1.50,1.50
2013.07.05 12:57:55.962,0.77739,0.77751,2.48,1.50
2013.07.05 12:57:56.156,0.77739,0.77751,1.35,1.50
2013.07.05 12:57:56.282,0.77738,0.77755,1.32,3.00
2013.07.05 12:57:56.412,0.77738,0.77754,1.32,1.50
2013.07.05 12:57:56.769,0.77739,0.77751,1.50,1.50
2013.07.05 12:57:56.830,0.77738,0.77751,2.44,1.50
2013.07.05 12:57:57.649,0.77738,0.77751,2.44,1.50
2013.07.05 12:57:58.190,0.77738,0.77751,2.07,1.50
2013.07.05 12:57:59.221,0.77738,0.77751,2.82,1.50
2013.07.05 12:57:59.700,0.77739,0.77751,1.13,1.50
2013.07.05 12:57:59.761,0.77738,0.77751,2.07,1.50
2013.07.05 12:58:00.320,0.77738,0.77751,1.32,1.50
2013.07.05 12:58:00.383,0.77738,0.77751,1.32,1.50
2013.07.05 12:58:00.690,0.77741,0.77751,2.25,1.50
2013.07.05 12:58:00.810,0.77741,0.7776,2.25,2.44
2013.07.05 12:58:00.870,0.77745,0.7776,1.50,1.50
2013.07.05 12:58:00.930,0.77745,0.77764,1.50,1.32
2013.07.05 12:58:01.050,0.77746,0.77765,1.50,2.07
2013.07.05 12:58:03.601,0.77746,0.77764,2.07,1.13
2013.07.05 12:58:03.720,0.77746,0.77762,1.69,1.50
2013.07.05 12:58:04.021,0.77738,0.77751,1.69,1.50
2013.07.05 12:58:04.080,0.77737,0.77751,1.69,1.50
2013.07.05 12:58:04.320,0.77735,0.77751,1.69,1.50
2013.07.05 12:58:04.860,0.77735,0.77751,1.69,2.25
2013.07.05 12:58:04.919,0.77736,0.77751,1.32,1.50
2013.07.05 12:58:05.100,0.77736,0.77755,1.69,1.50
2013.07.05 12:58:05.849,0.77736,0.77755,1.69,2.25
2013.07.05 12:58:07.152,0.77737,0.77755,2.44,2.25
2013.07.05 12:58:07.691,0.77742,0.77756,1.50,1.50
2013.07.05 12:58:09.390,0.77741,0.77756,2.44,1.50
2013.07.05 12:58:11.569,0.77744,0.77756,3.00,1.50
2013.07.05 12:58:11.810,0.77744,0.77761,3.57,1.50
2013.07.05 12:58:13.651,0.77746,0.77761,1.69,2.25
2013.07.05 12:58:13.951,0.77744,0.7776,1.69,1.50
2013.07.05 12:58:14.311,0.77744,0.77756,1.69,1.50
2013.07.05 12:58:14.641,0.77742,0.77756,1.69,1.50
2013.07.05 12:58:15.361,0.77738,0.77756,2.29,2.25
2013.07.05 12:58:17.701,0.7774,0.77756,1.50,1.50
2013.07.05 12:58:18.062,0.77738,0.7775,1.50,1.50
2013.07.05 12:58:18.122,0.77733,0.7775,4.17,1.50
2013.07.05 12:58:18.240,0.77733,0.7775,1.54,1.50
2013.07.05 12:58:18.861,0.77733,0.7775,1.54,1.50
2013.07.05 12:58:19.380,0.77732,0.7775,1.17,1.50
2013.07.05 12:58:19.740,0.77734,0.77751,2.44,1.50
2013.07.05 12:58:19.981,0.77736,0.77755,1.88,1.69
2013.07.05 12:58:20.100,0.77735,0.77754,2.25,5.07
2013.07.05 12:58:20.161,0.77734,0.77751,1.50,2.33
2013.07.05 12:58:20.341,0.7773,0.77746,2.25,2.25
2013.07.05 12:58:20.400,0.77725,0.77744,1.32,1.50
2013.07.05 12:58:20.950,0.77722,0.77741,2.07,3.00
2013.07.05 12:58:21.190,0.77722,0.7774,2.07,1.50
2013.07.05 12:58:21.502,0.77717,0.7773,1.50,2.25
2013.07.05 12:58:21.572,0.77715,0.7773,1.50,2.25
2013.07.05 12:58:21.692,0.77711,0.77732,1.50,2.25
2013.07.05 12:58:22.356,0.77712,0.77733,2.52,2.25
2013.07.05 12:58:22.673,0.77715,0.77735,1.69,1.50
2013.07.05 12:58:23.219,0.77718,0.77739,1.50,2.44
2013.07.05 12:58:24.450,0.77717,0.77739,1.69,2.44
2013.07.05 12:58:27.141,0.77718,0.77738,1.32,1.69
2013.07.05 12:58:27.500,0.77725,0.77739,1.88,2.25
2013.07.05 12:58:27.801,0.77726,0.77739,1.88,2.25
2013.07.05 12:58:27.861,0.77726,0.77739,1.88,2.25
2013.07.05 12:58:28.402,0.77732,0.77748,2.25,1.50
2013.07.05 12:58:28.642,0.7773,0.77749,2.25,1.69
2013.07.05 12:58:29.161,0.7773,0.77751,2.25,1.69
2013.07.05 12:58:29.400,0.7773,0.7775,2.25,3.19
2013.07.05 12:58:32.050,0.7773,0.77748,2.25,1.77
2013.07.05 12:58:32.736,0.77726,0.77746,2.07,1.69
2013.07.05 12:58:33.230,0.77726,0.77744,1.32,2.25
2013.07.05 12:58:33.770,0.77726,0.77744,1.32,2.25
2013.07.05 12:58:33.950,0.77726,0.77739,1.13,1.50
2013.07.05 12:58:34.371,0.77723,0.77729,1.50,1.50
2013.07.05 12:58:34.551,0.77715,0.77727,1.50,1.13
2013.07.05 12:58:34.673,0.77711,0.77725,1.13,1.88
2013.07.05 12:58:34.800,0.77705,0.77721,1.13,2.25
2013.07.05 12:58:34.860,0.77698,0.77718,3.57,2.25
2013.07.05 12:58:34.980,0.77697,0.77718,1.92,2.25
2013.07.05 12:58:35.100,0.77693,0.77716,1.69,1.50
2013.07.05 12:58:35.160,0.77693,0.77716,1.69,3.00
2013.07.05 12:58:35.841,0.77692,0.77715,1.69,1.69
2013.07.05 12:58:36.460,0.7769,0.77712,1.69,2.44
2013.07.05 12:58:36.820,0.77694,0.77712,1.69,2.25
2013.07.05 12:58:36.941,0.77694,0.77718,3.19,1.69
2013.07.05 12:58:37.063,0.77698,0.77718,1.69,1.50
2013.07.05 12:58:37.434,0.77699,0.77717,1.69,2.25
2013.07.05 12:58:37.634,0.77699,0.7772,2.44,2.25
2013.07.05 12:58:37.760,0.77701,0.7772,1.69,2.25
2013.07.05 12:58:37.821,0.77704,0.77723,1.69,1.50
2013.07.05 12:58:38.181,0.77704,0.77724,1.69,1.13
2013.07.05 12:58:39.080,0.77704,0.77724,1.69,1.88
2013.07.05 12:58:39.441,0.77702,0.77722,1.69,2.25
2013.07.05 12:58:43.311,0.77706,0.77722,1.77,2.25
2013.07.05 12:58:43.432,0.77708,0.77725,2.44,1.50
2013.07.05 12:58:44.400,0.77711,0.77728,1.13,1.50
2013.07.05 12:58:45.059,0.77708,0.77727,1.69,1.50
2013.07.05 12:58:45.181,0.77704,0.77726,1.32,1.69
2013.07.05 12:58:46.149,0.77704,0.7772,1.13,2.25
2013.07.05 12:58:46.451,0.77702,0.77717,1.13,1.50
2013.07.05 12:58:46.511,0.77698,0.77718,1.69,1.50
2013.07.05 12:58:47.071,0.77697,0.77714,1.32,1.13
2013.07.05 12:58:47.192,0.77695,0.77711,1.13,2.25
2013.07.05 12:58:47.261,0.77695,0.77707,1.13,1.50
2013.07.05 12:58:47.440,0.77693,0.77709,1.50,3.00
2013.07.05 12:58:47.560,0.77693,0.77708,1.13,1.50
2013.07.05 12:58:47.741,0.77687,0.77706,2.44,1.50
2013.07.05 12:58:47.922,0.77694,0.77712,1.50,1.50
2013.07.05 12:58:48.222,0.77695,0.77712,2.48,1.50
2013.07.05 12:58:48.291,0.77694,0.77711,1.13,1.50
2013.07.05 12:58:48.351,0.77693,0.77711,2.44,1.50
2013.07.05 12:58:48.711,0.77693,0.77708,1.50,1.50
2013.07.05 12:58:48.890,0.77693,0.77711,1.50,1.50
2013.07.05 12:58:49.189,0.77693,0.77708,1.50,1.50
2013.07.05 12:58:49.310,0.77693,0.77709,1.50,1.50
2013.07.05 12:58:49.673,0.77693,0.77709,1.50,1.77
2013.07.05 12:58:49.982,0.77688,0.77702,2.25,1.50
2013.07.05 12:58:50.161,0.77688,0.77705,2.25,1.69
2013.07.05 12:58:50.460,0.77685,0.77704,2.25,1.32
2013.07.05 12:58:50.581,0.77686,0.77704,1.50,1.32
2013.07.05 12:58:50.641,0.77685,0.77703,1.50,2.25
2013.07.05 12:58:51.350,0.77685,0.77704,1.50,1.32
2013.07.05 12:58:52.100,0.77684,0.77704,1.32,1.32
2013.07.05 12:58:52.883,0.77679,0.777,2.44,2.25
2013.07.05 12:58:53.071,0.77674,0.77693,1.13,1.13
2013.07.05 12:58:53.130,0.77674,0.77688,1.13,1.50
2013.07.05 12:58:53.191,0.77674,0.77691,1.13,2.25
2013.07.05 12:58:53.251,0.7767,0.7769,1.32,2.44
2013.07.05 12:58:53.671,0.77668,0.77686,1.69,1.50
2013.07.05 12:58:53.911,0.77664,0.77684,1.32,1.50
2013.07.05 12:58:54.690,0.77663,0.77684,1.32,3.19
2013.07.05 12:58:55.211,0.77663,0.77681,1.13,1.50
2013.07.05 12:58:56.980,0.77664,0.7768,1.13,1.50
2013.07.05 12:58:57.160,0.77664,0.7768,1.13,1.50
2013.07.05 12:58:58.240,0.77663,0.77679,2.63,1.50
2013.07.05 12:58:58.721,0.77664,0.7768,1.32,1.50
2013.07.05 12:58:58.841,0.77664,0.7768,1.13,1.50
2013.07.05 12:58:59.392,0.77662,0.77679,2.82,1.50
2013.07.05 12:59:03.582,0.77662,0.77678,2.07,1.50
2013.07.05 12:59:04.131,0.77662,0.77677,2.07,1.50
2013.07.05 12:59:04.882,0.77662,0.77676,1.32,1.50
2013.07.05 12:59:04.941,0.77657,0.77675,1.69,1.50
2013.07.05 12:59:05.001,0.77657,0.77672,1.69,1.50
2013.07.05 12:59:05.360,0.77645,0.77656,1.62,1.50
2013.07.05 12:59:05.480,0.77644,0.77661,1.09,1.50
2013.07.05 12:59:05.661,0.77647,0.77661,1.69,1.50
2013.07.05 12:59:06.019,0.77644,0.77663,2.44,2.25
2013.07.05 12:59:06.081,0.77642,0.77663,1.69,3.00
2013.07.05 12:59:06.203,0.7764,0.77661,3.19,2.25
2013.07.05 12:59:06.512,0.7764,0.77661,2.44,2.25
2013.07.05 12:59:07.371,0.77643,0.77663,1.84,2.25
2013.07.05 12:59:07.821,0.77644,0.77663,1.09,2.25
2013.07.05 12:59:07.880,0.77645,0.77668,1.02,2.44
2013.07.05 12:59:08.000,0.77646,0.7767,2.89,1.69
2013.07.05 12:59:08.302,0.77645,0.77669,2.44,1.69
2013.07.05 12:59:08.731,0.77647,0.77668,1.32,1.69
2013.07.05 12:59:09.862,0.77647,0.77668,2.07,1.32
2013.07.05 12:59:10.040,0.77639,0.77655,4.28,1.50
2013.07.05 12:59:10.102,0.77639,0.77655,1.84,3.00
2013.07.05 12:59:10.221,0.77637,0.77651,1.69,1.50
2013.07.05 12:59:10.644,0.7764,0.77655,1.69,1.50
2013.07.05 12:59:10.832,0.7764,0.77658,1.69,1.50
2013.07.05 12:59:10.891,0.7764,0.77659,2.44,1.13
2013.07.05 12:59:10.950,0.7764,0.77662,2.44,1.69
2013.07.05 12:59:11.133,0.77642,0.77663,1.69,3.00
2013.07.05 12:59:11.442,0.77642,0.77651,1.50,1.50
2013.07.05 12:59:11.621,0.77635,0.77651,1.77,1.50
2013.07.05 12:59:11.681,0.77635,0.77651,1.77,1.50
2013.07.05 12:59:12.039,0.77633,0.77651,1.69,3.75
2013.07.05 12:59:12.340,0.77632,0.77648,1.69,2.25
2013.07.05 12:59:12.401,0.77632,0.77646,1.69,2.25
2013.07.05 12:59:12.640,0.7763,0.77646,1.50,2.25
2013.07.05 12:59:13.179,0.77627,0.77646,2.44,2.25
2013.07.05 12:59:14.046,0.77626,0.77643,1.69,2.25
2013.07.05 12:59:14.552,0.77624,0.77643,2.07,2.25
2013.07.05 12:59:16.101,0.77626,0.77646,1.69,2.25
2013.07.05 12:59:16.769,0.77625,0.77646,1.69,2.44
2013.07.05 12:59:17.311,0.77625,0.77646,2.44,2.25
2013.07.05 12:59:19.749,0.77624,0.77646,2.44,2.44
2013.07.05 12:59:23.140,0.77624,0.77645,1.69,1.69
2013.07.05 12:59:23.380,0.77625,0.77643,1.02,1.35
2013.07.05 12:59:23.740,0.7762,0.77628,1.13,1.50
2013.07.05 12:59:23.799,0.77622,0.77634,1.26,2.25
2013.07.05 12:59:23.980,0.77622,0.77634,1.13,1.50
2013.07.05 12:59:24.043,0.77622,0.77637,1.26,1.50
2013.07.05 12:59:24.470,0.77623,0.77639,1.26,1.88
2013.07.05 12:59:25.173,0.77617,0.77638,1.69,2.25
2013.07.05 12:59:25.920,0.77617,0.77634,1.32,2.25
2013.07.05 12:59:26.280,0.77612,0.77629,1.32,2.25
2013.07.05 12:59:26.643,0.77613,0.77626,1.13,2.25
2013.07.05 12:59:27.010,0.7761,0.77626,1.43,2.25
2013.07.05 12:59:27.130,0.7761,0.77628,1.43,1.50
2013.07.05 12:59:27.370,0.7761,0.77627,1.80,2.25
2013.07.05 12:59:27.929,0.7761,0.77628,2.18,1.50
2013.07.05 12:59:29.160,0.77608,0.77621,2.67,2.25
2013.07.05 12:59:29.220,0.77607,0.77621,1.69,2.25
2013.07.05 12:59:29.340,0.77603,0.77624,2.82,2.63
2013.07.05 12:59:29.699,0.77601,0.77621,2.44,2.25
2013.07.05 12:59:30.241,0.776,0.77621,3.19,2.25
2013.07.05 12:59:31.690,0.77599,0.77622,1.69,2.44
2013.07.05 12:59:31.809,0.77597,0.77622,1.69,3.19
2013.07.05 12:59:31.870,0.77597,0.7762,1.69,2.25
2013.07.05 12:59:32.421,0.77597,0.77621,1.69,2.44
2013.07.05 12:59:32.831,0.77597,0.77617,1.32,1.20
2013.07.05 12:59:32.892,0.77597,0.77617,1.32,1.20
2013.07.05 12:59:33.070,0.77594,0.77611,1.32,1.20
2013.07.05 12:59:33.251,0.77589,0.77608,1.32,1.58
2013.07.05 12:59:33.373,0.7759,0.77606,1.69,2.33
2013.07.05 12:59:33.440,0.77586,0.77606,1.69,2.33
2013.07.05 12:59:33.620,0.77586,0.77606,1.69,2.25
2013.07.05 12:59:33.740,0.77587,0.77607,1.69,1.50
2013.07.05 12:59:34.224,0.77588,0.77606,1.69,2.25
2013.07.05 12:59:36.421,0.77584,0.77605,1.32,1.69
2013.07.05 12:59:37.630,0.77584,0.77606,1.32,2.52
2013.07.05 12:59:39.103,0.77585,0.77606,1.32,2.52
2013.07.05 12:59:39.169,0.77586,0.77606,1.13,2.52
2013.07.05 12:59:39.474,0.7759,0.77606,1.13,1.02
2013.07.05 12:59:39.602,0.77592,0.77607,1.13,1.77
2013.07.05 12:59:39.662,0.77592,0.77606,1.13,2.33
2013.07.05 12:59:39.900,0.77587,0.77602,1.13,1.50
2013.07.05 12:59:42.473,0.77587,0.77602,1.88,1.50
2013.07.05 12:59:42.830,0.77589,0.77606,2.25,1.50
2013.07.05 12:59:43.369,0.77589,0.77607,1.50,1.50
2013.07.05 12:59:43.789,0.77586,0.77607,1.54,1.50
2013.07.05 12:59:44.611,0.77584,0.77607,2.82,1.50
2013.07.05 12:59:45.151,0.77586,0.77608,1.69,3.19
2013.07.05 12:59:45.211,0.77586,0.77608,1.69,1.69
2013.07.05 12:59:45.630,0.77585,0.77605,1.69,1.69
2013.07.05 12:59:45.931,0.77584,0.77605,1.32,3.19
2013.07.05 12:59:46.662,0.77584,0.776,1.32,1.50
2013.07.05 12:59:46.781,0.77584,0.77596,1.32,1.58
2013.07.05 12:59:47.142,0.77581,0.77592,1.32,1.50
2013.07.05 12:59:47.214,0.77575,0.77591,1.50,1.65
2013.07.05 12:59:47.340,0.77573,0.77588,1.69,1.65
2013.07.05 12:59:47.640,0.77573,0.77591,1.73,3.19
2013.07.05 12:59:47.880,0.77573,0.77591,1.54,2.44
2013.07.05 12:59:48.181,0.77575,0.77592,1.50,1.50
2013.07.05 12:59:48.480,0.77574,0.77592,2.89,1.50
2013.07.05 12:59:48.960,0.77573,0.77592,2.44,1.50
2013.07.05 12:59:49.320,0.77582,0.77598,1.13,1.69
2013.07.05 12:59:49.860,0.77582,0.77601,2.82,2.44
2013.07.05 12:59:50.220,0.77585,0.77601,1.58,1.50
2013.07.05 12:59:51.243,0.77589,0.77602,2.25,1.50
2013.07.05 12:59:51.790,0.77588,0.77602,2.63,1.50
2013.07.05 12:59:52.150,0.77598,0.77615,1.13,3.49
2013.07.05 12:59:52.210,0.77602,0.77615,1.13,1.69
2013.07.05 12:59:52.389,0.77602,0.7762,1.13,1.69
2013.07.05 12:59:52.690,0.77606,0.77623,1.13,2.44
2013.07.05 12:59:52.750,0.77606,0.77623,1.73,1.69
2013.07.05 12:59:52.870,0.77604,0.77623,2.10,1.69
2013.07.05 12:59:53.050,0.77599,0.77622,3.00,1.69
2013.07.05 12:59:54.151,0.77599,0.7762,2.44,1.69
2013.07.05 12:59:54.210,0.77598,0.77618,1.69,1.50
2013.07.05 12:59:54.390,0.77595,0.77618,1.32,3.19
2013.07.05 12:59:54.630,0.77594,0.77615,1.32,2.25
2013.07.05 12:59:54.828,0.77594,0.77615,1.32,2.44
2013.07.05 12:59:55.473,0.77592,0.77613,1.54,2.25
2013.07.05 12:59:56.857,0.77594,0.77613,1.69,2.25
2013.07.05 12:59:57.170,0.77597,0.77616,1.35,1.69
2013.07.05 12:59:57.712,0.77597,0.77617,2.10,2.44
2013.07.05 12:59:58.213,0.77597,0.77617,2.29,2.44
2013.07.05 12:59:58.402,0.77596,0.77615,1.54,2.25
2013.07.05 12:59:58.880,0.77592,0.77613,3.04,2.25
2013.07.05 12:59:58.940,0.77592,0.77613,2.07,2.25
2013.07.05 12:59:59.000,0.77592,0.77613,1.69,2.44
2013.07.05 12:59:59.120,0.77593,0.77613,1.13,2.44
2013.07.05 12:59:59.181,0.77594,0.77615,1.13,3.94
2013.07.05 12:59:59.362,0.77596,0.77615,1.88,2.44
