2009.09.28 18:00:00.020,0.71735,0.71765,4.40,1.00
2009.09.28 18:00:03.879,0.7174,0.71765,3.60,1.00
2009.09.28 18:00:09.707,0.7174,0.7177,3.60,4.30
2009.09.28 18:00:33.921,0.71745,0.71765,2.40,1.60
2009.09.28 18:00:48.208,0.71745,0.7177,2.40,1.60
2009.09.28 18:00:48.378,0.7174,0.7177,3.60,4.00
2009.09.28 18:01:17.641,0.71745,0.7177,1.00,4.00
2009.09.28 18:01:17.931,0.7174,0.7177,3.60,4.00
2009.09.28 18:01:27.898,0.7174,0.71765,1.20,3.20
2009.09.28 18:01:28.118,0.71735,0.7177,5.50,10.70
2009.09.28 18:01:28.358,0.71735,0.7177,5.50,15.50
2009.09.28 18:01:28.539,0.71735,0.71765,4.80,3.20
2009.09.28 18:01:39.406,0.71735,0.71765,4.80,3.30
2009.09.28 18:01:49.224,0.71735,0.71765,4.80,3.20
2009.09.28 18:02:18.126,0.71735,0.71765,4.40,3.20
2009.09.28 18:02:22.336,0.71735,0.71765,1.20,3.50
2009.09.28 18:02:28.464,0.71735,0.71765,1.20,1.00
2009.09.28 18:02:52.758,0.71735,0.7176,1.20,6.40
2009.09.28 18:02:53.098,0.71725,0.7176,2.00,6.70
2009.09.28 18:02:53.448,0.71725,0.71755,2.00,3.50
2009.09.28 18:02:59.736,0.71725,0.71755,1.60,3.50
2009.09.28 18:03:00.026,0.71725,0.71755,1.20,3.50
2009.09.28 18:03:01.956,0.7172,0.71755,7.60,3.50
2009.09.28 18:03:02.306,0.7172,0.71745,4.40,1.00
2009.09.28 18:03:02.885,0.7172,0.7175,4.40,1.00
2009.09.28 18:03:04.045,0.7172,0.71745,4.40,1.00
2009.09.28 18:03:04.385,0.71715,0.71745,8.00,1.00
2009.09.28 18:03:05.035,0.71715,0.71745,7.60,1.00
2009.09.28 18:03:07.405,0.71715,0.71745,7.60,1.00
2009.09.28 18:03:09.434,0.71715,0.7175,7.60,3.90
2009.09.28 18:03:09.774,0.71715,0.7175,7.60,1.00
2009.09.28 18:03:10.404,0.71715,0.71745,7.60,1.00
2009.09.28 18:03:10.684,0.71715,0.7175,7.60,3.90
2009.09.28 18:03:10.914,0.71715,0.71745,7.60,1.00
2009.09.28 18:03:11.644,0.71715,0.7175,7.60,3.90
2009.09.28 18:03:11.993,0.7172,0.71745,4.40,1.00
2009.09.28 18:03:12.273,0.7172,0.71745,1.20,1.00
2009.09.28 18:03:21.821,0.7172,0.7175,1.20,1.00
2009.09.28 18:03:24.800,0.7172,0.7175,4.40,1.00
2009.09.28 18:03:25.140,0.71725,0.7175,1.20,1.00
2009.09.28 18:03:33.528,0.71725,0.71745,1.20,1.00
2009.09.28 18:03:33.808,0.7172,0.71745,4.40,1.00
2009.09.28 18:03:43.646,0.7172,0.7175,4.40,1.00
2009.09.28 18:03:50.494,0.7172,0.71745,4.40,1.00
2009.09.28 18:03:50.664,0.71715,0.71745,7.60,1.00
2009.09.28 18:03:53.893,0.71715,0.71745,4.40,1.00
2009.09.28 18:03:54.243,0.71715,0.71745,7.60,1.00
2009.09.28 18:03:59.402,0.7171,0.71725,7.60,1.00
2009.09.28 18:04:09.500,0.7171,0.7173,7.60,1.00
2009.09.28 18:04:10.010,0.7171,0.7173,4.40,1.00
2009.09.28 18:04:10.179,0.7171,0.7173,1.20,1.00
2009.09.28 18:04:21.357,0.7171,0.7173,1.20,4.40
2009.09.28 18:04:21.637,0.71705,0.7173,4.40,4.40
2009.09.28 18:04:42.572,0.71705,0.71725,4.40,1.00
2009.09.28 18:04:45.591,0.71705,0.71725,4.40,1.00
2009.09.28 18:04:46.291,0.71705,0.71725,4.40,1.00
2009.09.28 18:04:46.671,0.717,0.71725,11.60,1.00
2009.09.28 18:04:49.040,0.71705,0.71725,4.40,1.00
2009.09.28 18:04:49.720,0.717,0.71725,11.60,1.00
2009.09.28 18:04:50.100,0.71705,0.71725,4.40,1.00
2009.09.28 18:04:56.438,0.71705,0.7173,4.40,4.40
2009.09.28 18:04:56.848,0.71705,0.7171,3.20,1.00
2009.09.28 18:04:57.228,0.717,0.7171,5.60,1.00
2009.09.28 18:04:57.918,0.717,0.7171,2.40,1.00
2009.09.28 18:04:58.398,0.71695,0.7171,6.80,1.00
2009.09.28 18:05:01.897,0.71695,0.71705,2.40,1.00
2009.09.28 18:05:02.537,0.7169,0.71705,3.60,1.00
2009.09.28 18:05:02.867,0.7169,0.71705,6.80,1.00
2009.09.28 18:05:03.197,0.71695,0.71705,3.20,1.00
2009.09.28 18:05:03.477,0.71695,0.7171,3.20,2.00
2009.09.28 18:05:03.757,0.71695,0.7171,3.20,1.60
2009.09.28 18:05:06.896,0.71695,0.71705,3.20,1.00
2009.09.28 18:05:09.385,0.71695,0.71705,3.20,1.00
2009.09.28 18:05:09.665,0.71675,0.71695,2.80,1.60
2009.09.28 18:05:09.895,0.7167,0.71695,5.20,3.20
2009.09.28 18:05:10.185,0.71665,0.71695,1.00,6.70
2009.09.28 18:05:10.405,0.71665,0.71695,1.00,3.50
2009.09.28 18:05:10.635,0.71665,0.71695,1.00,3.50
2009.09.28 18:05:10.865,0.71665,0.71695,1.00,5.10
2009.09.28 18:05:11.105,0.71665,0.7169,1.00,3.50
2009.09.28 18:05:11.335,0.71655,0.71685,9.10,1.00
2009.09.28 18:05:11.555,0.71655,0.71685,2.50,1.00
2009.09.28 18:05:11.845,0.71655,0.71685,4.00,1.00
2009.09.28 18:05:12.145,0.71655,0.71685,8.90,1.00
2009.09.28 18:05:12.424,0.71655,0.71685,4.30,3.60
2009.09.28 18:05:12.765,0.71655,0.71685,8.40,1.00
2009.09.28 18:05:12.984,0.71655,0.71685,5.20,1.00
2009.09.28 18:05:13.624,0.71655,0.71685,8.40,1.00
2009.09.28 18:05:13.974,0.71655,0.71685,1.00,3.60
2009.09.28 18:05:16.774,0.7165,0.7168,8.00,1.00
2009.09.28 18:05:17.064,0.71645,0.7168,8.90,3.50
2009.09.28 18:05:17.773,0.71655,0.7168,1.00,1.00
2009.09.28 18:05:18.114,0.71655,0.71685,1.00,3.60
2009.09.28 18:05:27.771,0.71655,0.71685,1.00,3.50
2009.09.28 18:05:37.389,0.7165,0.71685,4.40,3.50
2009.09.28 18:05:37.609,0.71655,0.7168,1.00,3.50
2009.09.28 18:06:19.099,0.71645,0.7168,5.50,3.50
2009.09.28 18:06:20.358,0.71645,0.7168,4.80,3.50
2009.09.28 18:06:20.708,0.71645,0.7168,4.40,3.90
2009.09.28 18:06:20.988,0.71645,0.71675,1.20,1.00
2009.09.28 18:06:21.318,0.71645,0.71675,4.40,1.00
2009.09.28 18:06:21.668,0.71645,0.71675,3.20,3.50
2009.09.28 18:06:23.947,0.71645,0.7167,3.20,1.00
2009.09.28 18:06:24.297,0.7164,0.71675,7.60,3.50
2009.09.28 18:06:24.977,0.7164,0.71675,7.60,1.00
2009.09.28 18:06:25.217,0.71645,0.71675,1.00,1.00
2009.09.28 18:06:25.507,0.71645,0.71675,8.40,1.00
2009.09.28 18:06:33.465,0.71645,0.71675,7.60,1.00
2009.09.28 18:06:40.543,0.71645,0.71675,6.40,1.00
2009.09.28 18:06:40.703,0.71645,0.71675,3.20,1.00
2009.09.28 18:06:46.582,0.71645,0.71665,3.20,1.00
2009.09.28 18:06:46.762,0.7164,0.71665,7.60,1.00
2009.09.28 18:06:46.992,0.7164,0.71665,3.20,1.00
2009.09.28 18:06:50.441,0.71635,0.71665,8.40,1.00
2009.09.28 18:06:50.671,0.7164,0.71665,3.20,1.00
2009.09.28 18:06:50.971,0.71635,0.71665,8.40,1.00
2009.09.28 18:06:51.211,0.71635,0.71665,5.20,1.00
2009.09.28 18:06:51.381,0.7164,0.71665,1.20,1.00
2009.09.28 18:06:51.491,0.7164,0.71665,4.40,1.00
2009.09.28 18:06:52.370,0.71635,0.71665,8.00,1.00
2009.09.28 18:06:53.030,0.7164,0.71665,4.40,1.00
2009.09.28 18:06:53.590,0.71635,0.71665,8.00,1.00
2009.09.28 18:06:53.880,0.71635,0.71665,7.60,1.00
2009.09.28 18:06:54.240,0.71635,0.71665,4.40,1.00
2009.09.28 18:06:55.800,0.71635,0.7166,4.40,1.00
2009.09.28 18:06:56.249,0.71635,0.71645,4.40,2.40
2009.09.28 18:06:56.650,0.7163,0.71645,1.20,2.40
2009.09.28 18:06:56.990,0.71625,0.7164,4.40,2.40
2009.09.28 18:07:03.758,0.71615,0.7164,5.20,2.40
2009.09.28 18:07:04.038,0.71615,0.7164,4.40,2.40
2009.09.28 18:07:04.398,0.7161,0.7164,7.60,2.40
2009.09.28 18:07:04.687,0.71615,0.71645,3.20,1.10
2009.09.28 18:07:05.207,0.71615,0.71645,1.00,7.60
2009.09.28 18:07:05.497,0.71615,0.71645,1.60,3.60
2009.09.28 18:07:06.187,0.71615,0.7165,1.60,9.50
2009.09.28 18:07:06.637,0.71615,0.71645,1.00,1.00
2009.09.28 18:07:06.987,0.71615,0.71645,1.00,3.50
2009.09.28 18:07:07.347,0.71625,0.7165,5.60,2.40
2009.09.28 18:07:07.737,0.71625,0.7165,6.80,2.40
2009.09.28 18:07:07.977,0.71625,0.7165,10.00,2.40
2009.09.28 18:07:09.156,0.7163,0.71655,3.20,1.00
2009.09.28 18:07:10.516,0.71625,0.7165,6.80,2.80
2009.09.28 18:07:11.206,0.71625,0.7165,5.60,2.80
2009.09.28 18:07:17.324,0.71625,0.7165,7.20,2.80
2009.09.28 18:07:22.853,0.71625,0.71645,5.60,1.60
2009.09.28 18:07:23.034,0.71625,0.71645,3.20,4.00
2009.09.28 18:07:23.253,0.7162,0.71645,5.60,4.10
2009.09.28 18:07:24.183,0.71615,0.7164,5.60,4.00
2009.09.28 18:07:26.152,0.71615,0.7163,3.20,2.40
2009.09.28 18:07:26.392,0.71605,0.71625,9.70,4.00
2009.09.28 18:07:26.622,0.71605,0.71625,1.60,4.00
2009.09.28 18:07:26.852,0.71605,0.71625,1.00,4.00
2009.09.28 18:07:28.282,0.71605,0.7162,1.00,2.40
2009.09.28 18:07:28.402,0.71595,0.7162,10.90,4.00
2009.09.28 18:07:28.462,0.716,0.7162,5.60,1.60
2009.09.28 18:07:28.522,0.716,0.71625,10.00,4.00
2009.09.28 18:07:37.410,0.716,0.71625,6.80,4.00
2009.09.28 18:07:37.759,0.716,0.71625,6.80,7.20
2009.09.28 18:07:38.329,0.716,0.71625,3.60,7.20
2009.09.28 18:07:42.588,0.716,0.7162,3.20,2.40
2009.09.28 18:07:42.928,0.71595,0.7162,7.60,2.40
2009.09.28 18:07:44.838,0.71595,0.7162,7.20,2.40
2009.09.28 18:07:46.247,0.71595,0.7161,3.20,4.00
2009.09.28 18:07:46.428,0.7159,0.716,1.20,2.40
2009.09.28 18:07:46.607,0.71585,0.716,9.10,2.40
2009.09.28 18:07:46.787,0.71585,0.7161,6.30,2.40
2009.09.28 18:07:46.967,0.71585,0.7161,5.50,2.40
2009.09.28 18:07:47.207,0.71585,0.7161,1.00,2.40
2009.09.28 18:07:47.847,0.71585,0.7161,1.60,2.40
2009.09.28 18:07:48.187,0.7159,0.7161,1.20,2.40
2009.09.28 18:07:51.876,0.71595,0.71615,1.60,2.40
2009.09.28 18:07:52.666,0.71595,0.71615,6.00,2.40
2009.09.28 18:07:55.205,0.7159,0.7161,7.60,2.40
2009.09.28 18:07:55.555,0.71585,0.7161,11.60,2.40
2009.09.28 18:07:55.675,0.71585,0.7161,14.80,2.40
2009.09.28 18:07:55.785,0.71585,0.7161,14.40,2.40
2009.09.28 18:07:55.965,0.71585,0.7161,14.30,2.40
2009.09.28 18:07:56.245,0.71585,0.7161,14.30,1.60
2009.09.28 18:07:58.835,0.71585,0.7161,14.30,2.40
2009.09.28 18:08:00.864,0.7159,0.71615,2.40,2.40
2009.09.28 18:08:00.914,0.71595,0.71615,1.60,2.40
2009.09.28 18:08:01.844,0.71595,0.7162,1.60,2.40
2009.09.28 18:08:14.881,0.71595,0.71625,11.60,2.40
2009.09.28 18:08:19.549,0.71605,0.7163,1.60,2.40
2009.09.28 18:08:19.839,0.71605,0.71635,7.20,2.70
2009.09.28 18:08:20.169,0.71605,0.71635,8.40,2.70
2009.09.28 18:08:32.936,0.71605,0.71635,8.40,2.80
2009.09.28 18:08:35.466,0.71605,0.71635,11.60,1.00
2009.09.28 18:08:35.816,0.7161,0.71635,3.20,2.50
2009.09.28 18:08:36.115,0.71605,0.71635,11.60,2.50
2009.09.28 18:08:43.154,0.71605,0.71635,11.60,2.40
2009.09.28 18:08:57.001,0.71605,0.71635,11.60,2.50
2009.09.28 18:09:01.139,0.7161,0.7164,3.20,3.50
2009.09.28 18:09:11.107,0.71605,0.71635,11.60,2.40
2009.09.28 18:09:12.477,0.71605,0.71635,11.60,2.50
2009.09.28 18:09:13.177,0.71605,0.71635,8.40,2.80
2009.09.28 18:09:22.345,0.71605,0.71635,8.40,2.70
2009.09.28 18:09:29.943,0.71605,0.71635,7.20,7.50
2009.09.28 18:09:30.293,0.71605,0.7163,1.60,2.80
2009.09.28 18:09:33.572,0.71605,0.7163,1.60,2.40
2009.09.28 18:09:33.922,0.71605,0.7163,1.60,2.80
2009.09.28 18:09:37.741,0.71595,0.71625,1.20,5.60
2009.09.28 18:09:38.091,0.71595,0.71625,1.20,2.40
2009.09.28 18:09:38.430,0.71595,0.71625,1.20,2.50
2009.09.28 18:09:48.508,0.71595,0.71625,1.20,2.40
2009.09.28 18:09:49.538,0.71595,0.71625,1.20,2.80
2009.09.28 18:09:49.768,0.7159,0.7162,1.20,1.00
2009.09.28 18:09:52.258,0.7159,0.71615,1.20,2.50
2009.09.28 18:09:52.547,0.71585,0.71615,4.40,2.50
2009.09.28 18:09:53.177,0.71585,0.71615,3.20,2.80
2009.09.28 18:09:53.527,0.7158,0.71615,7.60,6.00
2009.09.28 18:09:54.487,0.71585,0.71615,1.00,5.90
2009.09.28 18:09:57.036,0.7158,0.71615,7.60,6.00
2009.09.28 18:10:02.795,0.7158,0.716,7.60,2.40
2009.09.28 18:10:03.144,0.7157,0.716,10.00,2.40
2009.09.28 18:10:13.152,0.7157,0.71595,10.00,1.60
2009.09.28 18:10:20.950,0.71575,0.71595,1.00,1.60
2009.09.28 18:10:21.860,0.7157,0.71595,10.00,1.60
2009.09.28 18:10:23.260,0.71575,0.71595,1.50,1.60
2009.09.28 18:10:24.419,0.71575,0.71595,1.00,1.60
2009.09.28 18:10:24.589,0.7157,0.71595,10.00,1.60
2009.09.28 18:10:26.989,0.7157,0.71595,10.20,1.60
2009.09.28 18:10:29.558,0.71575,0.71595,1.00,1.60
2009.09.28 18:10:30.768,0.71575,0.71595,1.90,1.60
2009.09.28 18:10:37.017,0.7158,0.71595,1.00,1.60
2009.09.28 18:10:45.674,0.71575,0.71595,1.90,1.60
2009.09.28 18:10:49.153,0.71575,0.71595,2.00,1.60
2009.09.28 18:10:50.343,0.71575,0.71595,1.00,1.60
2009.09.28 18:10:53.483,0.7157,0.71595,10.40,1.60
2009.09.28 18:10:54.302,0.71575,0.716,1.60,4.80
2009.09.28 18:11:03.570,0.71575,0.71585,1.60,2.40
2009.09.28 18:11:04.120,0.7157,0.71605,1.00,5.90
2009.09.28 18:11:05.130,0.7157,0.71595,1.00,7.50
2009.09.28 18:11:05.600,0.7157,0.71595,1.00,4.00
2009.09.28 18:11:05.830,0.7157,0.71595,1.00,4.80
2009.09.28 18:11:06.070,0.71565,0.71595,5.90,4.80
2009.09.28 18:11:06.640,0.71565,0.71595,1.40,8.30
2009.09.28 18:11:08.259,0.71565,0.71595,4.60,5.10
2009.09.28 18:11:08.599,0.71565,0.71595,1.40,4.80
2009.09.28 18:11:10.178,0.71565,0.71595,1.40,8.30
2009.09.28 18:11:13.658,0.71565,0.71595,1.00,8.30
2009.09.28 18:11:15.467,0.71565,0.71595,1.00,5.90
2009.09.28 18:11:15.637,0.71565,0.71595,1.90,5.90
2009.09.28 18:11:17.497,0.71565,0.71595,2.80,5.90
2009.09.28 18:11:17.667,0.71565,0.71595,3.60,5.90
2009.09.28 18:11:27.324,0.71565,0.71595,1.60,5.90
2009.09.28 18:11:33.613,0.71575,0.71595,1.00,5.90
2009.09.28 18:11:33.833,0.71575,0.71595,1.00,2.40
2009.09.28 18:11:39.232,0.71565,0.71595,8.00,2.40
2009.09.28 18:11:41.221,0.7157,0.71595,1.00,2.40
2009.09.28 18:11:51.119,0.71575,0.71595,1.00,2.40
2009.09.28 18:11:51.339,0.71575,0.71595,1.00,2.40
2009.09.28 18:11:51.878,0.71575,0.71595,1.60,2.40
2009.09.28 18:11:54.208,0.71585,0.71595,1.00,2.40
2009.09.28 18:11:55.598,0.71575,0.71595,1.00,2.40
2009.09.28 18:12:02.286,0.71575,0.71595,1.00,2.40
2009.09.28 18:12:02.636,0.71585,0.71595,1.00,2.40
2009.09.28 18:12:03.786,0.71575,0.71595,1.00,2.40
2009.09.28 18:12:04.636,0.71585,0.71595,1.00,2.40
2009.09.28 18:12:06.535,0.71585,0.71605,6.30,1.60
2009.09.28 18:12:06.815,0.71585,0.71605,1.00,2.40
2009.09.28 18:12:07.845,0.71575,0.71605,5.20,2.40
2009.09.28 18:12:08.125,0.71585,0.71605,1.00,2.40
2009.09.28 18:12:10.824,0.71595,0.71605,1.00,2.40
2009.09.28 18:12:15.863,0.71575,0.71605,4.80,2.40
2009.09.28 18:12:27.860,0.71575,0.71605,5.20,2.40
2009.09.28 18:12:38.007,0.7158,0.71615,4.40,4.10
2009.09.28 18:12:38.367,0.7158,0.71615,4.40,6.10
2009.09.28 18:12:38.987,0.7158,0.71615,7.60,1.00
2009.09.28 18:12:39.337,0.71575,0.7161,8.80,3.50
2009.09.28 18:12:39.687,0.71575,0.71605,1.00,3.50
2009.09.28 18:12:40.037,0.71575,0.7161,4.00,3.90
2009.09.28 18:12:40.607,0.71585,0.7161,1.00,3.90
2009.09.28 18:12:41.007,0.71585,0.7161,1.00,3.50
2009.09.28 18:12:41.177,0.71585,0.7161,1.00,1.00
2009.09.28 18:12:41.587,0.71585,0.7161,1.00,1.00
2009.09.28 18:12:41.886,0.71585,0.7161,1.00,3.90
2009.09.28 18:12:58.942,0.7159,0.7161,3.20,1.00
2009.09.28 18:12:59.112,0.71585,0.7161,1.00,3.90
2009.09.28 18:13:00.662,0.7159,0.7161,1.00,3.90
2009.09.28 18:13:00.902,0.7159,0.7161,1.00,1.00
2009.09.28 18:13:12.149,0.7159,0.71615,1.00,6.20
2009.09.28 18:13:12.909,0.7159,0.71615,1.00,5.90
2009.09.28 18:13:13.139,0.7159,0.7161,1.00,1.00
2009.09.28 18:13:14.089,0.7159,0.71615,1.00,5.90
2009.09.28 18:13:19.817,0.7159,0.71615,1.00,5.60
2009.09.28 18:13:20.047,0.7159,0.71615,1.00,2.40
2009.09.28 18:13:20.557,0.71595,0.71615,1.00,2.40
2009.09.28 18:13:35.154,0.71585,0.71615,4.90,2.40
2009.09.28 18:13:35.553,0.71585,0.7161,1.00,1.00
2009.09.28 18:13:35.783,0.71585,0.7161,1.00,6.70
2009.09.28 18:13:59.098,0.71585,0.7161,1.00,3.20
2009.09.28 18:13:59.388,0.71585,0.71615,1.00,6.70
2009.09.28 18:13:59.628,0.71585,0.7161,1.00,3.50
2009.09.28 18:14:09.675,0.71585,0.71605,1.00,1.00
2009.09.28 18:14:10.175,0.7159,0.71605,1.00,1.00
2009.09.28 18:14:19.993,0.7159,0.71605,1.00,3.50
2009.09.28 18:14:22.103,0.7159,0.71605,1.00,3.20
2009.09.28 18:14:22.212,0.7159,0.7161,1.00,6.70
2009.09.28 18:14:22.602,0.7159,0.7161,1.00,3.50
2009.09.28 18:14:25.072,0.7159,0.7161,1.00,1.00
2009.09.28 18:14:25.301,0.7159,0.7161,1.00,3.50
2009.09.28 18:14:25.531,0.7159,0.71605,1.00,1.00
2009.09.28 18:14:30.440,0.7159,0.7161,1.00,6.70
2009.09.28 18:14:39.958,0.7159,0.7161,1.00,3.50
2009.09.28 18:14:40.128,0.7159,0.7161,1.00,1.00
2009.09.28 18:14:40.308,0.7159,0.71615,1.00,9.10
2009.09.28 18:14:43.327,0.7159,0.71615,1.00,2.70
2009.09.28 18:14:43.677,0.7159,0.71625,4.90,5.60
2009.09.28 18:14:44.377,0.7159,0.71625,4.90,9.10
2009.09.28 18:14:44.997,0.71605,0.71625,1.00,9.10
2009.09.28 18:14:45.747,0.71605,0.7163,1.00,6.70
2009.09.28 18:14:46.206,0.71605,0.71625,1.00,3.50
2009.09.28 18:14:46.716,0.71605,0.7162,1.00,1.00
2009.09.28 18:14:46.826,0.71605,0.7162,1.00,3.50
2009.09.28 18:14:47.006,0.71605,0.71625,1.00,6.70
2009.09.28 18:14:47.296,0.71605,0.71625,1.00,3.50
2009.09.28 18:14:54.404,0.71605,0.7163,1.00,3.50
2009.09.28 18:14:54.754,0.71605,0.71625,1.00,3.20
2009.09.28 18:14:55.104,0.71605,0.71625,1.00,6.70
2009.09.28 18:14:55.284,0.71605,0.71625,1.00,3.50
2009.09.28 18:15:03.652,0.71605,0.7163,1.00,6.70
2009.09.28 18:15:04.232,0.71605,0.7163,1.00,3.50
2009.09.28 18:15:04.462,0.71605,0.7163,1.00,1.00
2009.09.28 18:15:05.042,0.7161,0.7163,1.00,1.00
2009.09.28 18:15:05.342,0.7161,0.71635,1.00,9.10
2009.09.28 18:15:07.311,0.7161,0.71635,1.00,5.90
2009.09.28 18:15:07.601,0.7161,0.71635,1.00,2.40
2009.09.28 18:15:08.221,0.7161,0.71635,1.00,9.10
2009.09.28 18:15:09.951,0.7162,0.71635,1.00,9.10
2009.09.28 18:15:12.730,0.7162,0.71635,1.00,2.70
2009.09.28 18:15:14.919,0.71615,0.71635,1.00,2.70
2009.09.28 18:15:16.699,0.71615,0.71635,1.00,5.90
2009.09.28 18:15:16.879,0.71615,0.71635,1.00,9.10
2009.09.28 18:15:28.097,0.71595,0.71615,6.20,2.40
2009.09.28 18:15:28.786,0.71595,0.7162,7.80,2.40
2009.09.28 18:15:29.826,0.716,0.7162,1.20,2.40
2009.09.28 18:15:35.455,0.71595,0.71615,7.80,2.40
2009.09.28 18:15:35.745,0.71595,0.71615,6.20,2.40
2009.09.28 18:15:37.924,0.71595,0.71615,5.20,2.40
2009.09.28 18:15:40.943,0.71605,0.71615,1.00,2.40
2009.09.28 18:15:41.123,0.71605,0.71615,1.70,2.40
2009.09.28 18:15:44.632,0.71605,0.7162,1.70,2.40
2009.09.28 18:15:48.701,0.71605,0.7162,2.00,2.40
2009.09.28 18:15:49.391,0.71605,0.7162,1.00,2.40
2009.09.28 18:15:49.731,0.71605,0.71615,1.70,2.40
2009.09.28 18:15:50.301,0.71605,0.7162,1.70,2.40
2009.09.28 18:15:57.429,0.71605,0.7163,4.90,5.10
2009.09.28 18:15:57.539,0.7161,0.7163,1.20,3.20
2009.09.28 18:15:58.939,0.7161,0.7163,4.40,3.20
2009.09.28 18:16:00.459,0.7161,0.7163,1.20,3.20
2009.09.28 18:16:01.388,0.7161,0.71645,1.20,9.20
2009.09.28 18:16:02.268,0.7161,0.71645,1.20,9.10
2009.09.28 18:16:04.008,0.71605,0.7164,10.60,1.00
2009.09.28 18:16:04.238,0.71605,0.7164,10.60,3.50
2009.09.28 18:16:06.477,0.71605,0.7164,10.40,3.50
2009.09.28 18:16:06.817,0.71605,0.7164,10.30,3.50
2009.09.28 18:16:06.877,0.71605,0.7164,9.90,3.50
2009.09.28 18:16:08.837,0.71605,0.7164,8.60,3.50
2009.09.28 18:16:09.187,0.71605,0.71635,4.10,3.50
2009.09.28 18:16:09.477,0.71605,0.71635,4.90,1.00
2009.09.28 18:16:09.816,0.71605,0.7164,6.20,6.70
2009.09.28 18:16:10.266,0.71605,0.7164,9.40,3.50
2009.09.28 18:16:14.205,0.71605,0.7164,9.40,1.00
2009.09.28 18:16:14.555,0.7161,0.7164,1.20,1.00
2009.09.28 18:16:47.977,0.71615,0.71645,1.00,9.10
2009.09.28 18:16:50.926,0.7161,0.71645,4.40,9.10
2009.09.28 18:16:54.796,0.7161,0.71645,1.20,9.10
2009.09.28 18:16:55.145,0.71605,0.71645,8.80,9.20
2009.09.28 18:16:55.485,0.71605,0.7164,8.80,3.50
2009.09.28 18:16:55.785,0.71605,0.7164,8.40,3.50
2009.09.28 18:16:56.685,0.71605,0.7164,10.00,3.50
2009.09.28 18:16:56.905,0.71605,0.7164,10.40,3.50
2009.09.28 18:16:57.535,0.71605,0.7164,10.80,3.50
2009.09.28 18:16:59.565,0.7161,0.71645,4.40,9.10
2009.09.28 18:17:00.044,0.7161,0.71645,4.40,9.20
2009.09.28 18:17:00.954,0.71605,0.7164,9.50,3.50
2009.09.28 18:17:01.254,0.71605,0.7164,8.70,3.50
2009.09.28 18:17:01.714,0.71605,0.7164,8.50,3.50
2009.09.28 18:17:04.273,0.7161,0.7164,1.20,1.00
2009.09.28 18:17:12.601,0.7161,0.71645,4.40,6.20
2009.09.28 18:17:14.401,0.7161,0.71645,4.40,5.90
2009.09.28 18:17:30.507,0.7161,0.71645,7.60,5.90
2009.09.28 18:17:44.694,0.71615,0.71645,1.70,5.90
2009.09.28 18:17:44.973,0.71615,0.71645,6.20,2.40
2009.09.28 18:17:48.423,0.7161,0.71645,7.60,2.70
2009.09.28 18:17:49.122,0.71615,0.71645,1.20,2.70
2009.09.28 18:17:51.292,0.71615,0.71645,1.20,5.90
2009.09.28 18:17:53.781,0.71615,0.71645,3.00,2.70
2009.09.28 18:18:01.719,0.71615,0.71645,1.20,5.90
2009.09.28 18:18:05.388,0.71615,0.71645,1.20,2.70
2009.09.28 18:18:12.377,0.71615,0.71645,2.00,2.70
2009.09.28 18:18:12.667,0.71615,0.71645,6.70,2.40
2009.09.28 18:18:13.067,0.71625,0.71645,1.00,2.40
2009.09.28 18:18:14.076,0.7162,0.71645,1.20,2.40
2009.09.28 18:18:14.756,0.71615,0.71645,4.80,2.40
2009.09.28 18:18:15.456,0.71615,0.71645,4.40,2.40
2009.09.28 18:18:17.645,0.71615,0.71645,6.20,2.40
2009.09.28 18:18:18.206,0.71625,0.71645,1.00,2.40
2009.09.28 18:18:21.155,0.71625,0.71645,1.50,2.40
2009.09.28 18:18:21.325,0.71625,0.71645,2.40,2.40
2009.09.28 18:18:24.694,0.71625,0.71655,6.80,4.00
2009.09.28 18:18:25.044,0.7163,0.7166,1.20,3.20
2009.09.28 18:18:25.204,0.7163,0.71665,7.60,7.50
2009.09.28 18:18:25.374,0.71635,0.71665,1.00,9.10
2009.09.28 18:18:25.724,0.7163,0.71665,4.40,9.10
2009.09.28 18:18:27.123,0.71635,0.71665,1.00,9.10
2009.09.28 18:18:27.823,0.71645,0.71665,1.00,9.10
2009.09.28 18:18:28.183,0.71645,0.71665,1.20,2.40
2009.09.28 18:18:28.573,0.71655,0.71665,1.00,2.40
2009.09.28 18:18:28.933,0.71655,0.71675,1.00,3.20
2009.09.28 18:18:29.273,0.71655,0.71685,5.20,3.60
2009.09.28 18:18:29.613,0.71655,0.71685,4.80,2.40
2009.09.28 18:18:29.973,0.71655,0.71685,7.60,2.80
2009.09.28 18:18:30.313,0.71665,0.71685,3.20,2.80
2009.09.28 18:18:30.712,0.71655,0.71685,4.40,6.00
2009.09.28 18:18:31.393,0.71665,0.71685,4.40,1.00
2009.09.28 18:18:31.572,0.71665,0.7169,4.40,1.00
2009.09.28 18:18:31.922,0.7167,0.7169,1.20,1.00
2009.09.28 18:18:32.143,0.71665,0.7169,4.40,1.00
2009.09.28 18:18:32.322,0.71665,0.71695,4.40,6.20
2009.09.28 18:18:38.621,0.71665,0.71695,4.40,6.10
2009.09.28 18:18:38.791,0.71665,0.71695,1.20,6.40
2009.09.28 18:18:41.090,0.71665,0.71695,4.40,1.00
2009.09.28 18:18:41.610,0.7166,0.71695,1.20,6.80
2009.09.28 18:18:44.260,0.7166,0.7169,1.20,3.50
2009.09.28 18:18:44.939,0.7166,0.71695,1.20,6.80
2009.09.28 18:18:45.859,0.71655,0.7169,4.40,6.70
2009.09.28 18:18:49.788,0.7166,0.7169,1.20,1.00
2009.09.28 18:18:53.857,0.71665,0.7169,1.00,1.00
2009.09.28 18:18:54.097,0.71665,0.71695,1.00,9.10
2009.09.28 18:18:54.807,0.71665,0.71695,1.00,9.10
2009.09.28 18:18:55.157,0.7166,0.71695,4.40,9.10
2009.09.28 18:18:58.386,0.71665,0.71695,1.00,9.10
2009.09.28 18:18:59.486,0.71665,0.71695,2.40,5.60
2009.09.28 18:18:59.785,0.71665,0.71695,5.60,2.40
2009.09.28 18:19:02.995,0.71665,0.71695,6.00,2.40
2009.09.28 18:19:09.583,0.71665,0.71695,5.20,2.40
2009.09.28 18:19:11.423,0.71665,0.71695,4.80,2.40
2009.09.28 18:19:11.943,0.71665,0.71695,5.20,2.40
2009.09.28 18:19:12.882,0.71665,0.71695,4.80,2.40
2009.09.28 18:19:13.972,0.71665,0.71695,5.20,2.40
2009.09.28 18:19:19.261,0.71665,0.71695,5.90,2.40
2009.09.28 18:19:19.431,0.71665,0.71695,5.90,5.60
2009.09.28 18:19:19.601,0.71665,0.71695,1.40,9.10
2009.09.28 18:19:19.781,0.71665,0.71695,1.00,5.60
2009.09.28 18:19:20.121,0.71665,0.71695,1.00,5.60
2009.09.28 18:19:27.219,0.71665,0.71695,5.80,5.60
2009.09.28 18:19:27.459,0.71665,0.71695,5.80,2.40
2009.09.28 18:19:27.689,0.71665,0.71695,6.20,2.40
2009.09.28 18:19:28.569,0.71665,0.71695,7.30,2.40
2009.09.28 18:19:28.789,0.71665,0.71695,7.70,2.40
2009.09.28 18:19:30.328,0.71665,0.71695,7.60,2.40
2009.09.28 18:19:31.458,0.71665,0.71695,7.20,2.40
2009.09.28 18:19:31.638,0.71665,0.71695,6.20,2.40
2009.09.28 18:19:32.038,0.71665,0.71695,7.20,2.40
2009.09.28 18:19:32.218,0.71665,0.71695,7.60,2.40
2009.09.28 18:19:35.597,0.7167,0.71695,1.20,2.40
2009.09.28 18:19:35.887,0.7167,0.71695,4.40,2.40
2009.09.28 18:19:40.566,0.7167,0.71695,4.40,4.80
2009.09.28 18:19:41.416,0.7167,0.71695,4.40,3.20
2009.09.28 18:19:46.155,0.7168,0.71695,7.60,1.00
2009.09.28 18:19:46.504,0.71685,0.71705,1.00,1.00
2009.09.28 18:19:46.914,0.71685,0.71705,1.60,1.00
2009.09.28 18:19:47.084,0.71685,0.71705,4.80,1.00
2009.09.28 18:19:50.263,0.71685,0.71705,8.40,1.00
2009.09.28 18:19:50.593,0.71685,0.71705,4.80,1.00
2009.09.28 18:19:50.933,0.71685,0.71705,1.00,1.00
2009.09.28 18:19:51.273,0.71685,0.71705,4.40,1.00
2009.09.28 18:19:52.353,0.7168,0.71705,7.60,1.00
2009.09.28 18:19:52.703,0.71685,0.71705,7.60,1.00
2009.09.28 18:19:53.063,0.71695,0.71705,3.20,1.00
2009.09.28 18:19:53.413,0.71685,0.71705,7.60,1.00
2009.09.28 18:19:53.773,0.71685,0.71705,1.20,1.00
2009.09.28 18:19:54.113,0.7169,0.71705,1.20,1.00
2009.09.28 18:19:54.462,0.71695,0.71705,1.20,1.00
2009.09.28 18:19:54.822,0.71695,0.71725,7.60,1.00
2009.09.28 18:19:55.182,0.7169,0.71725,4.40,7.30
2009.09.28 18:19:55.522,0.7169,0.71725,4.40,7.70
2009.09.28 18:19:58.752,0.7169,0.71725,4.40,7.50
2009.09.28 18:19:59.501,0.7169,0.71725,7.60,4.30
2009.09.28 18:19:59.841,0.7169,0.71725,7.60,3.90
2009.09.28 18:20:00.181,0.7169,0.71725,4.40,7.10
2009.09.28 18:20:00.581,0.7169,0.71725,7.60,3.90
2009.09.28 18:20:00.911,0.7169,0.71725,4.40,7.10
2009.09.28 18:20:01.381,0.7169,0.71725,7.60,3.90
2009.09.28 18:20:01.731,0.7169,0.71725,4.40,7.10
2009.09.28 18:20:02.011,0.7169,0.71725,7.60,3.90
2009.09.28 18:20:02.230,0.7169,0.71725,4.40,7.10
2009.09.28 18:20:02.450,0.7169,0.71725,7.60,3.90
2009.09.28 18:20:02.680,0.7169,0.71725,4.40,7.10
2009.09.28 18:20:03.120,0.7169,0.71725,7.60,3.90
2009.09.28 18:20:04.540,0.7169,0.71725,4.40,7.10
2009.09.28 18:20:06.299,0.71695,0.71725,4.40,1.00
2009.09.28 18:20:06.639,0.71695,0.71725,7.60,1.00
2009.09.28 18:20:06.919,0.71695,0.71725,4.40,1.00
2009.09.28 18:20:07.259,0.71695,0.71725,1.20,3.60
2009.09.28 18:20:09.989,0.71695,0.71725,1.20,3.80
2009.09.28 18:20:10.279,0.71695,0.71725,1.20,6.20
2009.09.28 18:20:13.438,0.71695,0.71725,1.20,6.00
2009.09.28 18:20:14.008,0.71695,0.71725,4.40,5.70
2009.09.28 18:20:15.227,0.71695,0.71725,4.40,7.30
2009.09.28 18:20:15.458,0.71695,0.71715,4.40,1.00
2009.09.28 18:20:18.187,0.71695,0.71725,4.40,8.10
2009.09.28 18:21:06.835,0.717,0.71725,1.20,5.60
2009.09.28 18:21:06.945,0.717,0.71725,4.40,1.60
2009.09.28 18:21:07.185,0.717,0.71735,4.40,12.70
2009.09.28 18:21:07.245,0.717,0.7173,4.40,3.20
2009.09.28 18:21:07.425,0.717,0.7173,1.20,3.20
2009.09.28 18:21:07.874,0.717,0.71725,1.20,1.00
2009.09.28 18:21:08.155,0.71695,0.71725,4.40,1.00
2009.09.28 18:21:17.732,0.71695,0.7173,4.40,7.10
2009.09.28 18:21:17.902,0.71695,0.71725,4.40,5.60
2009.09.28 18:21:18.022,0.71695,0.71725,1.20,5.90
2009.09.28 18:21:18.202,0.7169,0.71725,4.40,5.90
2009.09.28 18:21:18.662,0.7169,0.71725,4.40,9.10
2009.09.28 18:21:20.822,0.7169,0.71725,4.40,9.20
2009.09.28 18:21:23.131,0.7169,0.71725,4.40,10.80
2009.09.28 18:21:23.831,0.7169,0.71725,1.20,12.20
2009.09.28 18:21:27.970,0.71685,0.7172,8.00,3.50
2009.09.28 18:21:30.359,0.71685,0.7172,7.60,3.90
2009.09.28 18:21:31.629,0.71685,0.7172,7.60,3.50
2009.09.28 18:21:54.513,0.71685,0.7172,7.60,3.90
2009.09.28 18:22:03.001,0.71685,0.71715,7.60,1.00
2009.09.28 18:22:12.909,0.71685,0.7172,7.60,3.90
2009.09.28 18:22:18.468,0.71685,0.7172,4.40,3.90
2009.09.28 18:22:18.758,0.71685,0.71715,4.40,1.00
2009.09.28 18:22:28.275,0.7169,0.71715,1.20,1.00
2009.09.28 18:22:28.785,0.7169,0.7172,1.20,1.00
2009.09.28 18:22:49.140,0.71685,0.71715,4.40,2.40
2009.09.28 18:22:50.170,0.71685,0.71715,1.20,3.20
2009.09.28 18:22:50.460,0.71685,0.71715,1.20,3.10
2009.09.28 18:22:54.879,0.71685,0.71715,1.20,3.90
2009.09.28 18:22:55.279,0.71685,0.71715,1.20,5.50
2009.09.28 18:22:56.279,0.71685,0.71715,3.00,5.50
2009.09.28 18:22:56.569,0.71685,0.71715,3.00,5.40
2009.09.28 18:22:57.188,0.71685,0.71715,6.20,5.10
2009.09.28 18:23:06.296,0.71685,0.71715,5.20,4.80
2009.09.28 18:23:19.283,0.7169,0.71715,4.40,4.80
2009.09.28 18:23:30.961,0.7169,0.7171,4.40,2.40
2009.09.28 18:23:33.010,0.71695,0.7171,1.00,2.40
2009.09.28 18:23:33.130,0.71695,0.7171,1.70,2.40
2009.09.28 18:23:33.939,0.71695,0.7171,1.70,4.00
2009.09.28 18:23:34.819,0.71695,0.7171,1.70,4.80
2009.09.28 18:23:42.827,0.71695,0.7171,1.00,4.80
2009.09.28 18:23:49.476,0.71695,0.7171,1.00,1.60
2009.09.28 18:23:49.716,0.71695,0.7171,5.20,1.60
2009.09.28 18:23:49.896,0.71695,0.71725,5.20,4.80
2009.09.28 18:23:53.515,0.717,0.71725,1.20,4.00
2009.09.28 18:23:53.865,0.717,0.71725,4.40,1.00
2009.09.28 18:23:54.225,0.71705,0.71725,1.20,1.00
2009.09.28 18:23:55.824,0.71705,0.71725,4.80,1.00
2009.09.28 18:23:56.054,0.71715,0.71735,1.00,4.80
2009.09.28 18:23:56.224,0.7171,0.71735,1.20,1.60
2009.09.28 18:23:56.444,0.7171,0.71745,1.20,11.40
2009.09.28 18:23:57.344,0.71705,0.7174,9.40,3.50
2009.09.28 18:23:57.684,0.71705,0.7174,6.20,6.70
2009.09.28 18:23:58.724,0.71705,0.71735,5.20,3.30
2009.09.28 18:23:59.114,0.717,0.71735,7.60,3.60
2009.09.28 18:23:59.454,0.717,0.71735,4.40,9.20
2009.09.28 18:24:00.194,0.717,0.71735,7.60,3.60
2009.09.28 18:24:08.922,0.717,0.71735,7.60,3.50
2009.09.28 18:24:09.911,0.717,0.71735,4.40,9.10
2009.09.28 18:24:12.630,0.717,0.71735,4.40,9.20
2009.09.28 18:24:14.950,0.717,0.7173,1.20,1.00
2009.09.28 18:24:15.230,0.717,0.7173,1.20,1.00
2009.09.28 18:24:37.774,0.717,0.71725,1.20,1.00
2009.09.28 18:24:37.884,0.717,0.7172,1.20,1.00
2009.09.28 18:24:39.094,0.717,0.71725,1.20,1.00
2009.09.28 18:24:39.454,0.717,0.7172,1.20,1.00
2009.09.28 18:24:39.974,0.71695,0.7172,4.40,1.00
2009.09.28 18:24:49.261,0.71695,0.7172,13.20,1.00
2009.09.28 18:24:49.621,0.717,0.7172,1.20,1.00
2009.09.28 18:24:51.001,0.71705,0.71735,4.40,4.80
2009.09.28 18:24:51.831,0.71705,0.71735,4.40,5.20
2009.09.28 18:24:55.980,0.71715,0.71735,4.00,2.80
2009.09.28 18:24:56.330,0.71705,0.71735,4.40,2.80
2009.09.28 18:24:56.970,0.71705,0.71725,3.20,2.40
2009.09.28 18:24:57.199,0.717,0.71725,4.40,2.40
2009.09.28 18:24:58.889,0.717,0.71725,4.40,2.50
2009.09.28 18:25:04.648,0.717,0.71725,4.40,3.30
2009.09.28 18:25:04.998,0.717,0.71725,4.40,4.90
2009.09.28 18:25:08.677,0.717,0.71725,4.40,4.80
2009.09.28 18:25:09.756,0.71705,0.71725,7.20,2.40
2009.09.28 18:25:10.037,0.7171,0.7173,1.20,1.00
2009.09.28 18:25:11.876,0.71705,0.71725,3.20,2.40
2009.09.28 18:25:12.266,0.717,0.71725,4.40,2.40
2009.09.28 18:25:14.445,0.717,0.71725,4.40,2.80
2009.09.28 18:25:16.785,0.717,0.71725,4.40,3.60
2009.09.28 18:25:17.135,0.717,0.71725,4.40,5.20
2009.09.28 18:25:19.234,0.717,0.71725,4.40,5.10
2009.09.28 18:25:38.369,0.717,0.71725,4.40,4.80
2009.09.28 18:25:41.849,0.717,0.71725,4.40,4.90
2009.09.28 18:25:50.886,0.7171,0.71735,4.40,4.80
2009.09.28 18:25:52.386,0.7171,0.71735,4.40,5.10
2009.09.28 18:25:52.666,0.71715,0.71735,4.40,2.70
2009.09.28 18:25:52.786,0.71715,0.71735,6.00,1.60
2009.09.28 18:25:52.906,0.71715,0.7174,6.00,4.80
2009.09.28 18:26:30.757,0.71715,0.7174,11.60,2.40
2009.09.28 18:26:31.037,0.7172,0.7174,1.20,1.60
2009.09.28 18:26:31.267,0.7172,0.71745,1.20,5.20
2009.09.28 18:26:32.996,0.7172,0.71745,1.20,4.80
2009.09.28 18:26:47.273,0.7172,0.71745,4.40,4.80
2009.09.28 18:27:00.880,0.7172,0.71745,4.40,5.10
2009.09.28 18:27:01.869,0.7172,0.71745,4.40,4.80
2009.09.28 18:27:02.200,0.7172,0.71745,6.80,2.40
2009.09.28 18:27:02.489,0.71725,0.7175,1.60,4.80
2009.09.28 18:27:02.849,0.71725,0.7175,2.00,4.80
2009.09.28 18:27:03.189,0.71725,0.7175,2.30,4.80
2009.09.28 18:27:09.418,0.71725,0.7175,1.00,6.40
2009.09.28 18:27:09.768,0.71725,0.71745,1.00,2.40
2009.09.28 18:27:10.128,0.7172,0.71745,4.40,2.40
2009.09.28 18:27:12.247,0.71725,0.71745,1.00,2.40
2009.09.28 18:27:12.857,0.71725,0.71745,1.00,3.20
2009.09.28 18:27:13.027,0.71725,0.71745,1.00,4.80
2009.09.28 18:27:40.530,0.7172,0.71745,4.40,4.80
2009.09.28 18:28:08.624,0.71725,0.71745,1.20,4.80
2009.09.28 18:28:14.952,0.71725,0.71745,1.00,4.80
2009.09.28 18:28:17.902,0.71725,0.71745,1.00,4.80
2009.09.28 18:28:19.431,0.7172,0.71745,4.40,4.80
2009.09.28 18:28:26.559,0.71725,0.71745,1.00,4.80
2009.09.28 18:28:27.089,0.71725,0.71745,1.00,4.80
2009.09.28 18:28:35.387,0.71725,0.71745,1.20,4.80
2009.09.28 18:28:36.907,0.71725,0.71745,1.00,4.80
2009.09.28 18:28:45.225,0.71725,0.71745,1.00,4.80
2009.09.28 18:28:47.214,0.7172,0.71745,4.40,4.80
2009.09.28 18:28:51.953,0.71725,0.71745,1.00,4.80
2009.09.28 18:28:55.253,0.71725,0.71745,1.00,4.80
2009.09.28 18:29:02.140,0.71725,0.71745,1.00,4.80
2009.09.28 18:29:26.545,0.7172,0.71745,4.40,4.80
2009.09.28 18:29:38.092,0.71725,0.71745,1.00,4.80
2009.09.28 18:29:48.799,0.71725,0.71745,1.00,4.80
2009.09.28 18:29:50.059,0.71725,0.71745,1.00,4.80
2009.09.28 18:29:51.948,0.71725,0.71745,1.00,4.80
2009.09.28 18:29:52.778,0.71725,0.71745,1.00,4.80
2009.09.28 18:29:52.939,0.7172,0.71745,4.40,4.80
2009.09.28 18:30:10.874,0.71725,0.71745,1.00,4.80
2009.09.28 18:30:11.214,0.7172,0.71745,4.40,4.80
2009.09.28 18:30:19.202,0.71725,0.71745,1.60,2.70
2009.09.28 18:30:19.552,0.71725,0.71745,1.60,1.00
2009.09.28 18:30:21.442,0.7172,0.71745,4.40,2.70
2009.09.28 18:30:22.121,0.7172,0.71745,4.40,3.20
2009.09.28 18:30:24.721,0.7172,0.71745,4.40,3.00
2009.09.28 18:30:25.061,0.7172,0.71745,4.40,5.40
2009.09.28 18:30:35.098,0.7172,0.71745,4.40,4.80
2009.09.28 18:30:50.605,0.7172,0.71745,4.40,5.20
2009.09.28 18:30:50.835,0.71715,0.71745,6.80,8.70
2009.09.28 18:30:51.064,0.7171,0.71745,4.40,8.70
2009.09.28 18:30:52.724,0.7171,0.71745,1.20,11.90
2009.09.28 18:30:53.544,0.7171,0.71745,1.20,12.00
2009.09.28 18:30:53.724,0.7171,0.71745,1.20,12.10
2009.09.28 18:30:54.314,0.71715,0.71745,1.20,12.10
2009.09.28 18:30:54.494,0.71715,0.71745,1.20,8.90
2009.09.28 18:30:54.823,0.7171,0.71745,4.40,8.90
2009.09.28 18:30:55.123,0.7171,0.71745,4.40,12.10
2009.09.28 18:31:00.593,0.7171,0.71745,4.40,11.60
2009.09.28 18:31:20.967,0.7171,0.71745,4.40,11.50
2009.09.28 18:31:21.257,0.71715,0.71745,8.40,5.10
2009.09.28 18:31:27.416,0.71715,0.71745,8.40,6.00
2009.09.28 18:31:33.075,0.71715,0.71745,8.40,5.90
2009.09.28 18:31:35.654,0.71715,0.71745,7.20,9.10
2009.09.28 18:31:43.142,0.71715,0.71745,7.20,8.30
2009.09.28 18:31:43.542,0.71715,0.7174,4.80,2.40
2009.09.28 18:31:43.712,0.71715,0.7174,1.60,2.40
2009.09.28 18:31:46.971,0.71715,0.7174,1.60,3.20
2009.09.28 18:31:47.321,0.71715,0.7174,1.60,4.80
2009.09.28 18:31:50.290,0.71715,0.7174,1.60,4.00
2009.09.28 18:31:50.520,0.71715,0.7174,11.60,1.60
2009.09.28 18:31:50.880,0.71715,0.71745,7.20,4.80
2009.09.28 18:31:51.870,0.71715,0.71745,7.20,8.30
2009.09.28 18:31:59.578,0.71715,0.71745,11.60,5.40
2009.09.28 18:32:02.617,0.71715,0.71745,11.60,4.60
2009.09.28 18:32:02.977,0.7172,0.71745,3.20,1.00
2009.09.28 18:32:12.355,0.7172,0.71745,3.20,1.00
2009.09.28 18:32:12.525,0.7172,0.71755,4.40,8.40
2009.09.28 18:32:13.045,0.71725,0.71755,1.00,8.40
2009.09.28 18:32:13.385,0.71725,0.71755,2.80,8.40
2009.09.28 18:32:13.725,0.71725,0.71755,8.80,4.90
2009.09.28 18:32:13.955,0.71725,0.71755,12.00,4.90
2009.09.28 18:32:14.694,0.71725,0.71755,11.60,4.90
2009.09.28 18:32:16.074,0.7173,0.71755,1.20,4.90
2009.09.28 18:32:18.963,0.71725,0.71755,13.20,4.90
2009.09.28 18:32:19.303,0.71735,0.71755,11.60,1.00
2009.09.28 18:32:21.063,0.71735,0.71755,8.80,1.00
2009.09.28 18:32:21.403,0.71745,0.71765,4.40,2.80
2009.09.28 18:32:21.793,0.7173,0.71745,8.00,1.00
2009.09.28 18:32:22.132,0.7173,0.71745,7.60,1.00
2009.09.28 18:32:22.432,0.7173,0.71745,3.20,1.00
2009.09.28 18:32:22.732,0.71725,0.71745,12.00,1.00
2009.09.28 18:32:23.003,0.71725,0.71745,11.60,1.00
2009.09.28 18:32:26.201,0.71725,0.7175,11.60,1.00
2009.09.28 18:32:26.851,0.7173,0.7175,4.40,1.00
2009.09.28 18:32:28.461,0.7173,0.71745,4.40,1.00
2009.09.28 18:32:31.920,0.7173,0.71745,3.20,1.00
2009.09.28 18:32:32.200,0.71725,0.71745,11.60,1.00
2009.09.28 18:32:34.549,0.71725,0.71745,7.20,1.00
2009.09.28 18:32:35.229,0.71725,0.71745,1.60,1.00
2009.09.28 18:32:41.118,0.71725,0.7175,1.60,5.20
2009.09.28 18:33:00.744,0.71725,0.7175,4.00,2.80
2009.09.28 18:33:01.083,0.71725,0.7175,8.40,1.00
2009.09.28 18:33:05.412,0.71725,0.7175,6.00,2.80
2009.09.28 18:33:05.812,0.71725,0.7175,2.80,2.80
2009.09.28 18:33:08.881,0.71725,0.7175,2.80,3.60
2009.09.28 18:33:09.051,0.71725,0.7175,2.80,5.20
2009.09.28 18:33:10.321,0.71725,0.7175,1.60,5.20
2009.09.28 18:34:05.408,0.71725,0.7175,1.60,5.50
2009.09.28 18:34:07.017,0.71715,0.71745,1.60,5.90
2009.09.28 18:34:07.357,0.7171,0.71745,7.60,5.90
2009.09.28 18:34:07.697,0.7171,0.71745,4.40,5.60
2009.09.28 18:34:08.047,0.7171,0.7173,4.40,1.00
2009.09.28 18:34:08.227,0.7171,0.71725,4.40,1.00
2009.09.28 18:34:12.546,0.7171,0.71725,1.20,1.00
2009.09.28 18:34:18.395,0.7171,0.7173,1.20,1.00
2009.09.28 18:34:46.388,0.71705,0.71725,4.40,1.00
2009.09.28 18:34:56.635,0.71705,0.7173,4.40,1.00
2009.09.28 18:35:01.264,0.71705,0.71725,4.40,2.40
2009.09.28 18:35:41.625,0.71705,0.71725,4.40,2.80
2009.09.28 18:35:51.342,0.71705,0.71725,4.40,2.40
2009.09.28 18:36:03.920,0.71705,0.71725,4.40,2.70
2009.09.28 18:36:04.509,0.71705,0.71725,4.40,2.40
2009.09.28 18:36:28.614,0.71705,0.71725,4.80,2.40
2009.09.28 18:36:31.443,0.71705,0.71725,4.40,2.40
2009.09.28 18:36:47.199,0.71705,0.71725,4.80,2.40
2009.09.28 18:36:49.119,0.71705,0.71725,4.40,2.40
2009.09.28 18:37:01.925,0.717,0.71725,4.40,2.40
2009.09.28 18:37:02.945,0.71705,0.71725,1.20,2.40
2009.09.28 18:37:08.084,0.71705,0.71725,1.20,2.70
2009.09.28 18:37:09.334,0.71705,0.71725,1.20,2.40
2009.09.28 18:37:12.213,0.71705,0.71725,1.20,2.70
2009.09.28 18:37:14.053,0.71705,0.71725,1.20,2.40
2009.09.28 18:37:15.812,0.71705,0.71725,1.20,2.70
2009.09.28 18:37:21.501,0.71705,0.71725,1.20,2.40
2009.09.28 18:37:22.401,0.71705,0.71725,1.20,2.70
2009.09.28 18:37:24.810,0.71705,0.71725,1.20,3.20
2009.09.28 18:37:25.150,0.717,0.71725,4.40,3.20
2009.09.28 18:37:26.290,0.717,0.71725,6.00,3.20
2009.09.28 18:37:26.630,0.71705,0.71725,1.20,3.20
2009.09.28 18:37:33.788,0.71705,0.71725,1.20,3.00
2009.09.28 18:37:34.118,0.71705,0.71725,1.20,2.80
2009.09.28 18:37:43.945,0.71705,0.71725,1.20,2.40
2009.09.28 18:38:04.700,0.717,0.71725,6.00,3.30
2009.09.28 18:38:04.980,0.717,0.71725,4.40,3.00
2009.09.28 18:38:07.610,0.71705,0.71725,1.20,3.00
2009.09.28 18:38:07.840,0.717,0.71725,6.00,3.00
2009.09.28 18:38:08.180,0.717,0.71725,4.40,3.00
2009.09.28 18:38:14.888,0.717,0.71725,4.40,2.40
2009.09.28 18:38:15.498,0.717,0.71725,3.20,2.40
2009.09.28 18:38:16.188,0.71695,0.71725,4.40,2.40
2009.09.28 18:38:16.888,0.71695,0.7173,7.60,5.90
2009.09.28 18:38:17.127,0.71695,0.71725,4.40,2.40
2009.09.28 18:38:17.867,0.71695,0.71725,1.20,2.70
2009.09.28 18:38:34.373,0.71695,0.71725,1.20,3.10
2009.09.28 18:38:41.222,0.71685,0.71705,4.40,2.40
2009.09.28 18:38:44.991,0.71685,0.717,4.40,1.60
2009.09.28 18:39:34.179,0.71685,0.71705,6.00,3.20
2009.09.28 18:39:34.400,0.7169,0.71715,4.40,5.60
2009.09.28 18:39:34.629,0.7169,0.71715,4.40,2.40
2009.09.28 18:40:02.382,0.7169,0.7172,7.60,1.60
2009.09.28 18:40:02.622,0.71695,0.71725,4.40,2.40
2009.09.28 18:40:02.962,0.717,0.7173,1.20,1.00
2009.09.28 18:40:03.242,0.717,0.7172,1.20,1.00
2009.09.28 18:40:03.472,0.71695,0.7172,7.60,1.00
2009.09.28 18:40:03.752,0.71695,0.7173,7.60,3.90
2009.09.28 18:40:05.611,0.71695,0.7172,7.60,1.00
2009.09.28 18:40:05.831,0.71695,0.7172,4.40,1.00
2009.09.28 18:40:07.591,0.71695,0.71725,4.40,2.40
2009.09.28 18:40:08.231,0.71695,0.7173,7.60,3.90
2009.09.28 18:40:13.739,0.71685,0.717,5.20,2.40
2009.09.28 18:40:13.919,0.71665,0.717,2.40,2.40
2009.09.28 18:40:14.159,0.71655,0.7169,7.20,2.40
2009.09.28 18:40:14.509,0.71655,0.7169,1.00,2.40
2009.09.28 18:40:14.799,0.71655,0.71675,1.00,4.00
2009.09.28 18:40:15.149,0.71655,0.71675,1.00,6.00
2009.09.28 18:40:15.549,0.71645,0.71675,1.00,2.70
2009.09.28 18:40:15.779,0.7164,0.71675,3.20,2.40
2009.09.28 18:40:16.289,0.71645,0.71675,1.00,2.40
2009.09.28 18:40:16.639,0.71645,0.71675,1.00,2.40
2009.09.28 18:40:18.908,0.71645,0.71675,1.00,2.40
2009.09.28 18:40:19.148,0.7164,0.71675,3.20,2.70
2009.09.28 18:40:20.578,0.71635,0.7167,1.00,3.20
2009.09.28 18:40:20.918,0.71635,0.71665,4.00,1.00
2009.09.28 18:40:21.258,0.71635,0.71665,3.60,1.00
2009.09.28 18:40:21.888,0.71645,0.71665,3.20,1.00
2009.09.28 18:40:22.168,0.71645,0.71665,5.60,1.00
2009.09.28 18:40:23.907,0.71645,0.71665,7.20,1.00
2009.09.28 18:40:24.407,0.71655,0.7167,1.20,1.00
2009.09.28 18:40:24.637,0.71655,0.71675,1.20,2.40
2009.09.28 18:40:24.857,0.71655,0.71675,4.40,2.40
2009.09.28 18:40:25.837,0.71655,0.71675,4.40,2.80
2009.09.28 18:40:28.416,0.71655,0.71675,4.40,2.40
2009.09.28 18:40:31.935,0.71655,0.71675,4.40,2.80
2009.09.28 18:40:34.484,0.71655,0.71675,4.40,2.40
2009.09.28 18:40:40.873,0.71655,0.71685,7.60,2.00
2009.09.28 18:40:41.103,0.71665,0.71685,1.20,1.00
2009.09.28 18:40:41.283,0.7166,0.71685,4.40,1.00
2009.09.28 18:40:41.513,0.7166,0.71685,7.60,1.00
2009.09.28 18:40:42.132,0.7167,0.71685,1.20,1.00
2009.09.28 18:41:03.685,0.71638,0.71668,1.00,1.60
2009.09.28 18:41:04.045,0.71637,0.71652,1.00,1.60
2009.09.28 18:41:04.335,0.71639,0.71649,4.80,1.60
2009.09.28 18:41:04.685,0.71646,0.71661,2.40,1.60
2009.09.28 18:41:43.855,0.71649,0.71675,4.80,1.60
2009.09.28 18:41:44.035,0.71654,0.71669,2.40,1.00
2009.09.28 18:41:51.433,0.71647,0.71672,6.40,1.00
2009.09.28 18:41:52.513,0.71647,0.71662,1.00,1.60
2009.09.28 18:41:57.682,0.7164,0.71665,2.40,1.60
2009.09.28 18:41:58.422,0.71645,0.7166,4.80,1.60
2009.09.28 18:41:58.702,0.71641,0.71661,6.40,4.90
2009.09.28 18:42:51.431,0.7166,0.71685,4.40,1.00
2009.09.28 18:42:53.061,0.7166,0.71665,1.20,1.00
2009.09.28 18:43:08.697,0.7166,0.71675,1.20,1.00
2009.09.28 18:43:08.937,0.71665,0.71675,1.20,1.00
2009.09.28 18:43:09.237,0.71665,0.71685,1.20,1.00
2009.09.28 18:43:19.585,0.71665,0.71685,4.40,1.00
2009.09.28 18:43:19.855,0.71665,0.71685,1.20,1.00
2009.09.28 18:43:20.135,0.7166,0.71665,4.40,1.00
2009.09.28 18:43:23.094,0.7166,0.71675,4.40,1.00
2009.09.28 18:43:23.674,0.7166,0.71665,4.40,1.00
2009.09.28 18:43:24.354,0.71655,0.71665,11.60,1.00
2009.09.28 18:43:31.992,0.71655,0.71675,11.60,1.00
2009.09.28 18:43:32.332,0.7166,0.71685,7.60,1.00
2009.09.28 18:43:36.540,0.7166,0.71675,7.60,1.00
2009.09.28 18:43:36.880,0.7166,0.71675,1.20,1.00
2009.09.28 18:43:42.139,0.7166,0.71675,4.40,1.00
2009.09.28 18:43:42.439,0.7166,0.71685,4.40,1.00
2009.09.28 18:43:54.816,0.7166,0.71685,1.20,2.80
2009.09.28 18:43:55.106,0.7166,0.71685,1.20,3.20
2009.09.28 18:43:56.676,0.7166,0.71685,7.60,1.00
2009.09.28 18:44:11.542,0.7166,0.71685,7.60,1.00
2009.09.28 18:44:50.423,0.71665,0.71685,4.40,1.00
2009.09.28 18:44:50.923,0.71665,0.71685,7.60,1.00
2009.09.28 18:44:51.553,0.71665,0.71685,4.40,1.00
2009.09.28 18:44:56.581,0.71665,0.71685,1.20,1.00
2009.09.28 18:44:56.701,0.71665,0.71685,1.20,2.80
2009.09.28 18:44:56.821,0.7166,0.71685,1.20,2.80
2009.09.28 18:44:57.121,0.7166,0.71685,1.20,3.20
2009.09.28 18:44:58.391,0.7166,0.71685,4.40,3.20
2009.09.28 18:44:58.731,0.7166,0.71685,4.40,1.00
2009.09.28 18:44:59.431,0.7166,0.71685,4.40,1.00
2009.09.28 18:45:03.620,0.71655,0.71685,7.60,1.00
2009.09.28 18:45:03.800,0.71655,0.71685,4.40,3.20
2009.09.28 18:45:03.979,0.71655,0.71685,1.20,3.20
2009.09.28 18:45:04.150,0.71655,0.71685,1.20,3.50
2009.09.28 18:45:08.919,0.71655,0.71685,1.20,4.30
2009.09.28 18:45:09.268,0.71655,0.71685,1.20,5.90
2009.09.28 18:45:11.098,0.71655,0.71685,1.20,5.60
2009.09.28 18:45:11.318,0.71655,0.71685,4.40,5.60
2009.09.28 18:45:23.655,0.71655,0.71675,4.40,1.00
2009.09.28 18:45:23.995,0.71655,0.71675,4.40,1.00
2009.09.28 18:45:26.454,0.71655,0.71675,4.40,1.00
2009.09.28 18:45:27.774,0.71655,0.71675,11.60,1.00
2009.09.28 18:45:28.844,0.71655,0.71675,11.60,1.00
2009.09.28 18:45:29.713,0.71655,0.71675,11.60,1.00
2009.09.28 18:45:32.183,0.71655,0.71685,11.60,5.60
2009.09.28 18:45:40.331,0.71655,0.71685,11.60,3.20
2009.09.28 18:45:40.501,0.7166,0.71685,4.40,2.40
2009.09.28 18:45:40.561,0.7166,0.71685,4.40,1.00
2009.09.28 18:45:40.671,0.7166,0.71685,7.60,1.00
2009.09.28 18:45:51.858,0.7166,0.71685,7.60,2.80
2009.09.28 18:45:52.098,0.7166,0.71685,4.40,2.80
2009.09.28 18:45:54.547,0.7166,0.71685,4.40,1.00
2009.09.28 18:45:54.887,0.7166,0.71685,7.60,1.00
2009.09.28 18:46:15.103,0.7166,0.71685,7.60,1.00
2009.09.28 18:46:17.482,0.7166,0.71675,1.20,1.00
2009.09.28 18:46:18.132,0.71655,0.71675,11.60,1.00
2009.09.28 18:46:18.472,0.71655,0.71665,6.00,1.00
2009.09.28 18:46:19.491,0.71655,0.71665,1.60,1.00
2009.09.28 18:46:19.831,0.71655,0.71665,7.20,1.00
2009.09.28 18:46:20.181,0.71655,0.71665,11.60,1.00
2009.09.28 18:46:21.111,0.71655,0.71675,11.60,1.00
2009.09.28 18:46:24.830,0.71655,0.71675,10.00,1.00
2009.09.28 18:46:25.110,0.7165,0.71665,5.60,1.00
2009.09.28 18:46:25.400,0.7165,0.71665,4.40,1.00
2009.09.28 18:46:26.760,0.71645,0.71665,12.80,1.00
2009.09.28 18:46:27.120,0.71645,0.71665,11.60,1.20
2009.09.28 18:46:29.219,0.71645,0.71665,11.60,1.00
2009.09.28 18:46:29.569,0.7164,0.71645,4.40,1.00
2009.09.28 18:46:29.689,0.7164,0.71645,4.40,1.00
2009.09.28 18:46:29.859,0.7164,0.71645,1.20,1.00
2009.09.28 18:46:29.969,0.71635,0.71645,7.60,1.00
2009.09.28 18:46:30.139,0.71635,0.71645,4.40,1.00
2009.09.28 18:46:30.309,0.7163,0.71645,6.80,1.00
2009.09.28 18:46:30.429,0.7163,0.71645,1.00,1.00
2009.09.28 18:46:30.589,0.71625,0.71645,1.20,1.00
2009.09.28 18:46:30.939,0.7162,0.71645,1.60,1.00
2009.09.28 18:46:31.299,0.7162,0.71645,1.20,1.00
2009.09.28 18:46:32.099,0.7162,0.71645,1.20,1.00
2009.09.28 18:46:32.269,0.71625,0.71655,1.20,3.90
2009.09.28 18:46:32.448,0.71625,0.71655,4.40,1.00
2009.09.28 18:46:32.608,0.7163,0.71655,4.40,1.00
2009.09.28 18:46:32.788,0.71625,0.71655,4.80,1.00
2009.09.28 18:46:33.128,0.7162,0.71655,8.00,1.00
2009.09.28 18:46:33.868,0.71625,0.71655,4.40,1.00
2009.09.28 18:46:34.208,0.7163,0.71655,1.20,1.00
2009.09.28 18:46:36.018,0.7163,0.71645,1.20,1.00
2009.09.28 18:46:36.477,0.71625,0.71645,7.60,1.00
2009.09.28 18:46:36.887,0.7162,0.71645,4.80,1.00
2009.09.28 18:46:37.277,0.7162,0.71645,4.40,1.00
2009.09.28 18:46:38.657,0.7162,0.71645,7.60,1.00
2009.09.28 18:46:38.947,0.71625,0.71655,4.40,1.00
2009.09.28 18:46:40.407,0.71625,0.71655,4.40,1.00
2009.09.28 18:46:42.586,0.71625,0.71655,7.60,1.00
2009.09.28 18:46:54.693,0.7163,0.71665,1.20,13.60
2009.09.28 18:46:55.043,0.7163,0.71665,1.20,9.50
2009.09.28 18:46:55.503,0.7163,0.71665,4.40,9.50
2009.09.28 18:47:05.031,0.7163,0.71655,4.40,1.00
2009.09.28 18:47:05.381,0.7163,0.71655,7.60,1.00
2009.09.28 18:47:07.740,0.71635,0.71655,1.20,1.00
2009.09.28 18:47:07.920,0.71635,0.71665,4.40,2.80
2009.09.28 18:47:08.949,0.71635,0.71665,4.40,1.00
2009.09.28 18:47:09.110,0.7164,0.71665,4.40,1.00
2009.09.28 18:47:09.519,0.7164,0.71665,1.20,1.00
2009.09.28 18:47:09.929,0.71635,0.71665,7.60,1.00
2009.09.28 18:47:12.069,0.71635,0.71665,7.60,1.00
2009.09.28 18:47:14.728,0.71635,0.71655,4.40,1.00
2009.09.28 18:47:24.286,0.71635,0.71655,4.40,1.00
2009.09.28 18:47:29.154,0.71635,0.71655,11.60,1.00
2009.09.28 18:48:00.997,0.71635,0.71665,11.60,2.80
2009.09.28 18:48:01.217,0.71635,0.71665,11.60,1.00
2009.09.28 18:48:01.277,0.7164,0.71665,7.60,1.00
2009.09.28 18:48:16.243,0.7164,0.71665,6.40,1.00
2009.09.28 18:48:16.353,0.71635,0.71665,7.60,1.00
2009.09.28 18:48:17.973,0.71635,0.71665,7.60,1.00
2009.09.28 18:48:19.073,0.71635,0.71665,7.60,1.00
2009.09.28 18:48:30.790,0.71635,0.71665,7.60,1.00
2009.09.28 18:48:31.130,0.7164,0.71665,1.20,1.00
2009.09.28 18:48:36.778,0.7164,0.71665,1.20,1.00
2009.09.28 18:48:37.128,0.7164,0.71665,4.40,1.00
2009.09.28 18:48:37.528,0.7164,0.71665,7.60,1.00
2009.09.28 18:48:38.538,0.71645,0.7168,4.80,6.70
2009.09.28 18:48:38.898,0.71645,0.71675,4.80,3.20
2009.09.28 18:48:39.248,0.71645,0.71675,1.00,3.50
2009.09.28 18:48:40.348,0.71645,0.71675,1.00,3.90
2009.09.28 18:48:40.628,0.71645,0.71675,1.00,3.50
2009.09.28 18:48:41.148,0.71645,0.71675,3.60,1.00
2009.09.28 18:48:41.267,0.71645,0.7168,4.80,6.70
2009.09.28 18:48:42.307,0.71645,0.71675,4.80,1.00
2009.09.28 18:48:42.647,0.71645,0.71675,4.80,1.00
2009.09.28 18:48:44.487,0.71645,0.71675,5.20,1.00
2009.09.28 18:48:44.787,0.71645,0.7168,5.20,6.70
2009.09.28 18:48:45.076,0.71645,0.7168,5.60,6.70
2009.09.28 18:48:45.686,0.71645,0.7168,5.50,6.70
2009.09.28 18:48:45.906,0.71645,0.7168,8.70,3.50
2009.09.28 18:48:46.367,0.71645,0.7168,8.50,3.50
2009.09.28 18:48:48.675,0.71645,0.7168,8.40,3.50
2009.09.28 18:48:50.395,0.71645,0.7168,8.00,3.50
2009.09.28 18:48:51.375,0.71645,0.7168,7.60,3.50
2009.09.28 18:48:51.675,0.7164,0.71675,7.60,3.50
2009.09.28 18:48:52.075,0.71645,0.7168,4.40,6.70
2009.09.28 18:48:52.355,0.71645,0.7168,7.60,1.00
2009.09.28 18:48:52.645,0.71645,0.71685,7.60,8.30
2009.09.28 18:48:52.935,0.71645,0.7168,7.60,3.50
2009.09.28 18:49:05.142,0.7165,0.7168,1.20,3.20
2009.09.28 18:49:05.202,0.7165,0.71685,4.40,8.10
2009.09.28 18:49:05.262,0.7165,0.71685,4.40,7.70
2009.09.28 18:49:05.542,0.71655,0.71685,4.40,4.20
2009.09.28 18:49:05.652,0.71655,0.71685,4.40,1.00
2009.09.28 18:49:05.711,0.71655,0.71685,3.20,4.20
2009.09.28 18:49:05.892,0.7165,0.71685,4.40,4.20
2009.09.28 18:49:05.951,0.7165,0.71685,4.40,4.50
2009.09.28 18:49:06.471,0.7165,0.71685,4.40,7.70
2009.09.28 18:49:07.141,0.7165,0.7168,1.20,1.00
2009.09.28 18:49:09.850,0.7165,0.71685,4.40,7.70
2009.09.28 18:49:10.580,0.7165,0.71685,4.40,7.50
2009.09.28 18:49:18.338,0.71655,0.71685,1.20,4.30
2009.09.28 18:49:20.228,0.71655,0.71685,1.20,4.80
2009.09.28 18:49:20.568,0.7165,0.71685,1.20,10.40
2009.09.28 18:49:20.918,0.71645,0.7168,4.80,6.70
2009.09.28 18:49:24.117,0.71645,0.7168,5.20,6.70
2009.09.28 18:49:25.187,0.7165,0.7168,1.20,1.00
2009.09.28 18:49:25.937,0.7165,0.71685,7.60,4.70
2009.09.28 18:49:26.287,0.7165,0.71665,4.40,1.00
2009.09.28 18:49:27.326,0.7165,0.71675,4.40,1.00
2009.09.28 18:49:27.676,0.7165,0.71675,1.20,1.00
2009.09.28 18:49:30.556,0.7165,0.71685,1.20,10.70
2009.09.28 18:49:30.725,0.7165,0.71685,7.60,5.10
2009.09.28 18:49:35.944,0.7165,0.71685,7.60,6.70
2009.09.28 18:49:36.104,0.7165,0.71675,4.40,1.00
2009.09.28 18:49:39.653,0.7165,0.71665,4.40,1.00
2009.09.28 18:49:40.763,0.7165,0.71665,4.40,1.00
2009.09.28 18:49:41.043,0.71645,0.71665,4.40,1.00
2009.09.28 18:49:50.731,0.71645,0.71665,4.40,1.00
2009.09.28 18:49:58.519,0.71645,0.71665,7.60,1.00
2009.09.28 18:50:03.837,0.71645,0.71675,8.00,1.00
2009.09.28 18:50:05.667,0.71645,0.71675,8.40,1.00
2009.09.28 18:50:05.777,0.71645,0.7168,8.40,3.50
2009.09.28 18:50:06.937,0.71655,0.7168,1.00,1.00
2009.09.28 18:50:07.277,0.71655,0.71685,1.00,3.90
2009.09.28 18:50:07.637,0.71655,0.71685,5.60,1.00
2009.09.28 18:50:08.377,0.71665,0.71695,1.00,3.90
2009.09.28 18:50:13.185,0.7166,0.71685,4.40,1.00
2009.09.28 18:50:14.395,0.7166,0.71685,4.40,1.00
2009.09.28 18:50:15.005,0.7166,0.71685,3.20,1.00
2009.09.28 18:50:15.355,0.71655,0.71685,8.00,1.00
2009.09.28 18:50:15.704,0.71655,0.71685,1.60,1.00
2009.09.28 18:50:23.293,0.71655,0.71685,1.60,1.00
2009.09.28 18:50:23.793,0.71655,0.71685,8.40,1.00
2009.09.28 18:50:30.951,0.71655,0.7169,8.40,3.50
2009.09.28 18:50:31.891,0.71655,0.7169,8.00,3.50
2009.09.28 18:50:41.858,0.71655,0.7169,8.40,3.50
2009.09.28 18:50:50.936,0.71655,0.7169,8.00,3.50
2009.09.28 18:51:02.223,0.71665,0.7169,1.00,3.50
2009.09.28 18:51:02.503,0.7166,0.7169,1.20,1.00
2009.09.28 18:51:02.803,0.71665,0.7169,1.00,1.00
2009.09.28 18:51:03.093,0.7166,0.7169,1.20,1.00
2009.09.28 18:51:13.091,0.71665,0.7169,1.00,1.00
2009.09.28 18:51:14.880,0.71665,0.71695,1.00,6.70
2009.09.28 18:51:17.370,0.71665,0.7169,1.00,6.70
2009.09.28 18:51:17.720,0.71655,0.7169,5.20,6.70
2009.09.28 18:51:22.768,0.71655,0.7169,4.80,6.70
2009.09.28 18:51:23.058,0.71665,0.7169,1.00,6.70
2009.09.28 18:51:24.268,0.71655,0.7169,5.20,6.70
2009.09.28 18:51:24.898,0.71665,0.7169,1.00,6.70
2009.09.28 18:51:27.927,0.71655,0.7169,5.20,6.70
2009.09.28 18:51:28.217,0.71655,0.71685,5.20,1.00
2009.09.28 18:51:28.517,0.71655,0.71685,12.40,1.00
2009.09.28 18:51:28.807,0.7166,0.7169,3.20,3.50
2009.09.28 18:51:40.444,0.71665,0.7169,1.00,3.50
2009.09.28 18:51:40.834,0.71675,0.7169,1.00,3.50
2009.09.28 18:51:41.584,0.71665,0.7169,1.00,3.50
2009.09.28 18:51:43.024,0.71675,0.7169,1.00,3.50
2009.09.28 18:51:43.364,0.71675,0.7169,1.00,3.50
2009.09.28 18:51:52.531,0.71675,0.7169,1.00,3.50
2009.09.28 18:51:53.231,0.71675,0.7169,1.00,3.50
2009.09.28 18:51:53.471,0.71675,0.7169,1.00,3.50
2009.09.28 18:52:01.249,0.71675,0.7169,1.00,3.50
2009.09.28 18:52:03.499,0.71675,0.7169,1.00,3.50
2009.09.28 18:52:03.799,0.71675,0.7169,1.00,3.50
2009.09.28 18:52:04.029,0.71675,0.7169,1.00,3.50
2009.09.28 18:52:05.168,0.71675,0.7169,1.00,3.50
2009.09.28 18:52:10.087,0.71675,0.7169,1.00,3.50
2009.09.28 18:52:19.235,0.71675,0.71685,1.00,2.70
2009.09.28 18:52:19.515,0.71655,0.71685,12.00,3.10
2009.09.28 18:52:24.834,0.71655,0.71685,12.40,2.80
2009.09.28 18:52:27.813,0.71655,0.71685,12.00,2.80
2009.09.28 18:52:29.182,0.71655,0.71685,12.40,2.80
2009.09.28 18:52:31.732,0.71655,0.71685,12.00,2.80
2009.09.28 18:52:35.161,0.71655,0.71685,12.40,2.80
2009.09.28 18:52:36.251,0.71655,0.71685,12.00,2.80
2009.09.28 18:52:36.961,0.7166,0.71685,3.20,1.00
2009.09.28 18:52:37.241,0.7166,0.7169,3.20,3.50
2009.09.28 18:52:37.820,0.71665,0.7169,1.00,3.50
2009.09.28 18:52:46.819,0.7166,0.7169,3.20,3.50
2009.09.28 18:52:50.317,0.71665,0.7169,1.00,3.50
2009.09.28 18:52:53.707,0.7166,0.7169,3.20,3.50
2009.09.28 18:52:54.047,0.71665,0.7169,1.00,1.00
2009.09.28 18:52:54.157,0.71665,0.71695,1.00,6.30
2009.09.28 18:52:54.276,0.71665,0.71695,3.60,3.10
2009.09.28 18:52:54.396,0.71665,0.71695,8.00,1.00
2009.09.28 18:52:54.566,0.71665,0.71695,7.60,1.00
2009.09.28 18:52:54.846,0.71665,0.71695,4.40,3.60
2009.09.28 18:52:55.086,0.71665,0.71695,3.20,3.90
2009.09.28 18:52:57.786,0.71665,0.71695,3.20,4.20
2009.09.28 18:52:58.136,0.71665,0.71685,3.20,1.00
2009.09.28 18:52:58.486,0.7166,0.71685,4.40,1.00
2009.09.28 18:52:58.835,0.7166,0.71685,3.20,1.00
2009.09.28 18:52:59.525,0.7166,0.71685,3.20,2.80
2009.09.28 18:52:59.825,0.71655,0.71685,12.00,2.80
2009.09.28 18:53:01.425,0.71655,0.71685,10.80,3.10
2009.09.28 18:53:01.595,0.71655,0.71685,7.60,6.30
2009.09.28 18:53:05.024,0.71655,0.71675,1.00,2.40
2009.09.28 18:53:07.803,0.71655,0.71665,1.00,2.40
2009.09.28 18:53:08.163,0.71655,0.7167,1.00,2.40
2009.09.28 18:53:10.482,0.71655,0.7167,1.00,2.40
2009.09.28 18:53:11.223,0.71655,0.71665,1.00,2.40
2009.09.28 18:53:20.340,0.71645,0.71665,1.00,2.40
2009.09.28 18:53:20.570,0.7164,0.71665,1.20,2.40
2009.09.28 18:53:20.850,0.7164,0.71665,1.20,3.10
2009.09.28 18:53:21.190,0.7164,0.71665,1.20,2.90
2009.09.28 18:53:21.410,0.71635,0.71665,12.00,3.10
2009.09.28 18:53:24.069,0.71645,0.71675,7.20,6.30
2009.09.28 18:53:24.529,0.71645,0.7167,1.60,2.40
2009.09.28 18:53:25.919,0.71645,0.71665,1.60,1.00
2009.09.28 18:53:28.468,0.71645,0.71665,1.60,1.00
2009.09.28 18:53:30.278,0.71645,0.71665,1.60,1.00
2009.09.28 18:53:38.356,0.71645,0.71665,8.40,1.00
2009.09.28 18:53:38.586,0.71645,0.71665,11.60,1.00
2009.09.28 18:53:42.755,0.71645,0.71675,11.60,2.80
2009.09.28 18:53:43.325,0.71645,0.7167,1.60,2.40
2009.09.28 18:53:44.524,0.7164,0.71665,7.60,2.40
2009.09.28 18:53:44.585,0.7164,0.71665,4.40,2.40
2009.09.28 18:53:44.695,0.7164,0.71665,3.20,2.40
2009.09.28 18:53:44.754,0.71635,0.71665,12.00,2.40
2009.09.28 18:53:55.992,0.71645,0.7167,1.60,5.90
2009.09.28 18:53:57.461,0.71645,0.7167,1.90,5.90
2009.09.28 18:53:57.621,0.71645,0.7167,2.30,5.90
2009.09.28 18:53:59.061,0.71645,0.71675,7.90,5.90
2009.09.28 18:54:04.550,0.71645,0.71665,5.50,2.40
2009.09.28 18:54:04.669,0.71645,0.71665,2.30,2.40
2009.09.28 18:54:04.780,0.71645,0.71665,1.00,2.40
2009.09.28 18:54:07.309,0.71645,0.7167,3.90,1.90
2009.09.28 18:54:07.669,0.7166,0.7168,5.60,1.00
2009.09.28 18:54:08.019,0.7166,0.71685,5.60,1.00
2009.09.28 18:54:08.319,0.71665,0.71685,5.60,1.00
2009.09.28 18:54:09.278,0.71665,0.71685,5.60,1.00
2009.09.28 18:54:10.528,0.7167,0.71685,3.20,1.00
2009.09.28 18:54:10.699,0.71665,0.71685,3.20,1.00
2009.09.28 18:54:10.988,0.7166,0.7169,4.80,1.00
2009.09.28 18:54:11.268,0.7167,0.71695,3.20,1.00
2009.09.28 18:54:11.508,0.71665,0.71695,3.90,3.90
2009.09.28 18:54:11.808,0.71665,0.71695,1.00,3.90
2009.09.28 18:54:15.907,0.71665,0.71695,1.00,3.90
2009.09.28 18:54:21.006,0.7166,0.71695,4.40,3.90
2009.09.28 18:54:23.725,0.7166,0.71695,4.40,4.20
2009.09.28 18:54:25.884,0.7166,0.71695,4.40,4.70
2009.09.28 18:54:26.065,0.71655,0.71685,8.40,1.00
2009.09.28 18:54:26.175,0.71655,0.71685,8.00,1.00
2009.09.28 18:54:26.905,0.71655,0.71685,8.00,3.60
2009.09.28 18:54:27.254,0.71655,0.71685,1.00,7.20
2009.09.28 18:54:27.614,0.71655,0.7168,1.00,6.70
2009.09.28 18:54:27.954,0.71655,0.7168,1.00,3.50
2009.09.28 18:54:31.423,0.71655,0.7168,1.00,1.00
2009.09.28 18:54:31.593,0.71655,0.71685,1.00,7.50
2009.09.28 18:54:36.812,0.71655,0.71685,1.00,6.70
2009.09.28 18:54:38.962,0.71655,0.71685,1.00,7.90
2009.09.28 18:54:39.191,0.7165,0.71675,7.60,1.00
2009.09.28 18:54:41.970,0.7165,0.71685,7.60,7.60
2009.09.28 18:54:48.539,0.7165,0.71685,7.60,5.10
2009.09.28 18:54:48.709,0.7165,0.71685,10.80,1.90
2009.09.28 18:54:48.929,0.71655,0.71685,3.20,1.90
2009.09.28 18:54:49.099,0.7165,0.71685,7.60,7.10
2009.09.28 18:54:49.279,0.7165,0.71685,4.40,7.10
2009.09.28 18:54:57.307,0.7165,0.71685,4.40,6.90
2009.09.28 18:54:57.827,0.7165,0.71685,4.40,6.70
2009.09.28 18:55:07.024,0.71655,0.71685,3.20,3.50
2009.09.28 18:55:07.254,0.71655,0.71685,7.60,1.00
2009.09.28 18:55:07.664,0.71655,0.71685,3.20,4.30
2009.09.28 18:55:08.114,0.71655,0.71685,3.20,3.90
2009.09.28 18:55:08.464,0.71655,0.71685,7.60,1.00
2009.09.28 18:55:14.413,0.7166,0.71685,3.20,1.00
2009.09.28 18:55:14.523,0.71655,0.71685,7.60,1.00
2009.09.28 18:55:14.923,0.71655,0.71685,3.20,1.00
2009.09.28 18:55:15.272,0.71655,0.71685,3.20,3.60
2009.09.28 18:55:15.382,0.71655,0.71685,3.20,3.90
2009.09.28 18:55:21.631,0.71655,0.71685,7.60,1.00
2009.09.28 18:55:25.750,0.7166,0.71685,3.20,1.00
2009.09.28 18:55:25.920,0.71655,0.71685,7.60,1.00
2009.09.28 18:55:36.527,0.71655,0.71685,7.60,1.00
2009.09.28 18:55:38.147,0.7166,0.71685,4.40,1.00
2009.09.28 18:55:38.497,0.7166,0.71685,3.20,1.00
2009.09.28 18:55:39.247,0.71665,0.71685,1.00,1.00
2009.09.28 18:55:39.417,0.71665,0.7169,1.00,1.00
2009.09.28 18:55:39.837,0.71665,0.71695,1.00,3.90
2009.09.28 18:55:49.444,0.71665,0.71695,1.00,3.90
2009.09.28 18:55:54.023,0.71665,0.71695,1.00,3.50
2009.09.28 18:55:54.243,0.71665,0.717,4.80,7.10
2009.09.28 18:56:19.447,0.71665,0.71695,1.00,3.50
2009.09.28 18:56:27.395,0.71665,0.71695,1.60,1.00
2009.09.28 18:56:27.575,0.71665,0.717,8.00,3.90
2009.09.28 18:56:27.805,0.71665,0.717,8.00,3.50
2009.09.28 18:56:36.213,0.7167,0.717,3.20,1.00
2009.09.28 18:56:36.453,0.7167,0.71705,1.20,7.50
2009.09.28 18:56:37.373,0.7167,0.717,1.20,1.00
2009.09.28 18:56:38.243,0.7167,0.717,1.20,3.50
2009.09.28 18:56:39.202,0.7167,0.717,1.20,1.00
2009.09.28 18:57:30.640,0.7167,0.717,1.20,3.90
2009.09.28 18:57:34.069,0.7167,0.717,1.20,7.10
2009.09.28 18:57:34.289,0.71665,0.717,4.80,7.10
2009.09.28 18:57:35.799,0.71665,0.717,4.80,6.70
2009.09.28 18:57:46.836,0.71665,0.71695,4.80,1.00
2009.09.28 18:57:49.835,0.71665,0.71695,4.40,1.00
2009.09.28 18:57:54.144,0.71665,0.71695,3.20,1.00
2009.09.28 18:57:54.384,0.7166,0.71685,7.60,1.00
2009.09.28 18:57:54.604,0.7166,0.71685,4.40,1.00
2009.09.28 18:57:55.174,0.71665,0.71685,1.20,1.00
2009.09.28 18:57:55.444,0.71665,0.71685,4.40,1.00
2009.09.28 18:57:55.724,0.71665,0.71695,4.40,1.00
2009.09.28 18:58:01.233,0.71665,0.71685,4.40,1.00
2009.09.28 18:58:01.513,0.7166,0.71685,4.40,1.00
2009.09.28 18:58:01.783,0.7166,0.71685,4.40,1.20
2009.09.28 18:58:02.062,0.71655,0.71685,7.60,1.20
2009.09.28 18:58:02.913,0.71655,0.71685,7.60,1.00
2009.09.28 18:58:06.551,0.71655,0.71685,6.40,1.30
2009.09.28 18:58:06.841,0.71655,0.71675,3.20,1.00
2009.09.28 18:58:07.121,0.7165,0.71675,4.40,1.00
2009.09.28 18:58:09.231,0.7165,0.71685,4.40,6.90
2009.09.28 18:58:09.701,0.71655,0.71685,4.40,1.70
2009.09.28 18:58:09.930,0.71655,0.71685,4.40,1.30
2009.09.28 18:58:12.780,0.71655,0.71685,4.40,1.00
2009.09.28 18:58:13.120,0.71655,0.7168,3.20,3.50
2009.09.28 18:58:13.460,0.71645,0.7168,8.40,3.50
2009.09.28 18:58:13.810,0.71645,0.71675,1.00,3.50
2009.09.28 18:58:14.160,0.71645,0.7168,5.20,6.70
2009.09.28 18:58:14.509,0.71645,0.7168,8.40,3.50
2009.09.28 18:58:19.018,0.71645,0.7168,8.20,3.50
2009.09.28 18:58:19.519,0.71645,0.7168,8.00,3.50
2009.09.28 18:58:26.427,0.7165,0.7168,1.20,3.20
2009.09.28 18:58:26.547,0.7165,0.71685,1.20,7.10
2009.09.28 18:58:26.897,0.71645,0.7168,8.00,1.00
2009.09.28 18:58:27.007,0.71645,0.7168,8.00,3.50
2009.09.28 18:58:29.796,0.71645,0.71675,8.00,1.00
2009.09.28 18:58:33.365,0.71645,0.71675,4.80,1.00
2009.09.28 18:58:33.715,0.71645,0.71675,8.00,1.00
2009.09.28 18:58:33.945,0.71645,0.71675,4.80,1.00
2009.09.28 18:58:34.355,0.71645,0.7168,8.00,3.50
2009.09.28 18:58:39.143,0.71645,0.71675,8.00,1.00
2009.09.28 18:58:39.483,0.71645,0.7168,8.00,3.50
2009.09.28 18:58:41.803,0.71645,0.71675,8.00,1.00
2009.09.28 18:58:42.033,0.71645,0.71675,1.60,1.00
2009.09.28 18:58:43.072,0.71645,0.71675,1.60,3.90
2009.09.28 18:58:43.413,0.71645,0.71675,1.00,3.90
2009.09.28 18:58:44.062,0.71645,0.7167,1.00,1.00
2009.09.28 18:58:44.702,0.71645,0.7167,1.00,3.50
2009.09.28 18:58:47.391,0.71645,0.7167,1.00,1.00
2009.09.28 18:58:47.672,0.71645,0.71675,1.00,3.50
2009.09.28 18:58:48.012,0.71645,0.71675,3.60,1.00
2009.09.28 18:58:48.351,0.71645,0.7168,8.00,3.50
2009.09.28 18:58:48.931,0.71645,0.71665,8.00,2.40
2009.09.28 18:58:49.222,0.71645,0.71665,1.00,2.40
2009.09.28 18:58:49.511,0.71645,0.7168,1.00,1.00
2009.09.28 18:58:49.791,0.71645,0.71665,1.00,2.40
2009.09.28 18:58:55.169,0.71635,0.71655,4.40,2.40
2009.09.28 18:58:55.410,0.71635,0.71655,1.20,2.40
2009.09.28 18:58:55.590,0.7163,0.71655,1.20,2.40
2009.09.28 18:59:00.459,0.7163,0.71655,4.40,2.40
2009.09.28 18:59:00.679,0.7163,0.71655,4.40,1.00
2009.09.28 18:59:00.918,0.7163,0.7166,4.40,1.00
2009.09.28 18:59:02.238,0.7163,0.71655,4.40,1.00
2009.09.28 18:59:02.358,0.7163,0.71655,3.20,1.00
2009.09.28 18:59:03.198,0.71625,0.71655,8.40,1.00
2009.09.28 18:59:03.548,0.7163,0.71655,3.20,1.00
2009.09.28 18:59:04.908,0.71625,0.71655,8.40,1.00
2009.09.28 18:59:05.087,0.71625,0.7166,8.40,3.50
2009.09.28 18:59:05.497,0.71625,0.7166,11.60,3.50
2009.09.28 18:59:05.607,0.7163,0.7166,4.40,3.50
2009.09.28 18:59:05.657,0.7163,0.7166,4.40,1.00
2009.09.28 18:59:06.127,0.7163,0.7166,3.20,1.00
2009.09.28 18:59:06.457,0.7163,0.7166,3.20,3.50
2009.09.28 18:59:07.467,0.7163,0.71655,3.20,1.00
2009.09.28 18:59:07.757,0.71625,0.71655,7.60,1.00
2009.09.28 18:59:08.097,0.71625,0.71645,4.40,1.00
2009.09.28 18:59:08.397,0.7162,0.71645,7.60,1.00
2009.09.28 18:59:08.796,0.71625,0.71645,3.20,1.00
2009.09.28 18:59:09.796,0.7162,0.71645,7.60,1.00
2009.09.28 18:59:10.366,0.7162,0.71645,4.40,1.00
2009.09.28 18:59:14.235,0.71615,0.71645,11.60,3.10
2009.09.28 18:59:19.594,0.71615,0.71645,11.60,2.80
2009.09.28 18:59:28.921,0.71615,0.71645,11.60,3.10
2009.09.28 18:59:35.630,0.71615,0.71645,11.60,2.80
2009.09.28 18:59:37.329,0.71615,0.71645,11.60,3.10
2009.09.28 18:59:46.457,0.71625,0.71645,1.60,1.00
2009.09.28 18:59:46.797,0.71625,0.7165,1.60,7.50
2009.09.28 18:59:47.147,0.71625,0.71645,1.60,3.50
2009.09.28 18:59:47.497,0.71615,0.71645,7.60,6.30
2009.09.28 18:59:49.677,0.71615,0.71645,7.60,5.90
2009.09.28 18:59:50.087,0.71615,0.71645,6.00,5.90
2009.09.28 18:59:50.206,0.71615,0.71645,3.60,5.90
2009.09.28 18:59:50.367,0.71615,0.71645,1.00,5.90
2009.09.28 18:59:50.486,0.71615,0.71645,1.00,6.30
2009.09.28 18:59:51.186,0.7161,0.71645,4.40,6.30
2009.09.28 18:59:53.886,0.7161,0.71645,4.40,5.90
