2017.03.31 03:00:00.616,0.69852,0.69861,1.00,2.25
2017.03.31 03:00:00.818,0.69857,0.69862,1.00,1.37
2017.03.31 03:00:00.868,0.69856,0.69864,1.00,1.87
2017.03.31 03:00:01.373,0.69857,0.69864,1.00,1.37
2017.03.31 03:00:01.424,0.69857,0.69865,1.00,1.12
2017.03.31 03:00:01.981,0.69855,0.69864,1.00,1.87
2017.03.31 03:00:02.548,0.69855,0.69864,1.00,2.62
2017.03.31 03:00:03.097,0.69854,0.69861,1.00,1.87
2017.03.31 03:00:03.602,0.69853,0.69862,1.00,3.00
2017.03.31 03:00:05.073,0.69852,0.69861,1.00,1.12
2017.03.31 03:00:05.578,0.69851,0.6986,1.00,2.62
2017.03.31 03:00:08.589,0.69852,0.6986,1.00,1.00
2017.03.31 03:00:09.094,0.69851,0.6986,1.00,1.87
2017.03.31 03:00:09.928,0.69851,0.69859,1.00,1.00
2017.03.31 03:00:10.433,0.6985,0.69859,1.00,2.25
2017.03.31 03:00:12.347,0.69851,0.69859,1.00,1.50
2017.03.31 03:00:13.191,0.69852,0.69859,1.00,1.12
2017.03.31 03:00:13.648,0.69852,0.69861,1.00,1.12
2017.03.31 03:00:14.961,0.69853,0.69862,1.00,3.37
2017.03.31 03:00:15.467,0.69854,0.69862,1.00,1.00
2017.03.31 03:00:15.923,0.69857,0.69863,1.00,1.50
2017.03.31 03:00:15.974,0.69858,0.69866,1.00,1.12
2017.03.31 03:00:16.076,0.69859,0.69867,1.00,1.00
2017.03.31 03:00:19.759,0.69861,0.69867,1.00,1.00
2017.03.31 03:00:21.310,0.69859,0.69867,1.00,1.65
2017.03.31 03:00:21.534,0.69857,0.69864,1.00,1.00
2017.03.31 03:00:23.604,0.69857,0.69866,1.00,1.00
2017.03.31 03:00:24.109,0.69858,0.69867,1.87,1.00
2017.03.31 03:00:39.730,0.69859,0.69868,1.00,1.00
2017.03.31 03:00:45.495,0.6986,0.69868,1.00,1.00
2017.03.31 03:00:46.018,0.6986,0.69869,1.00,1.00
2017.03.31 03:00:46.170,0.69864,0.6987,1.00,1.00
2017.03.31 03:00:46.735,0.69864,0.69871,1.00,1.00
2017.03.31 03:00:46.887,0.69862,0.69871,2.62,1.00
2017.03.31 03:00:47.812,0.69865,0.69872,1.00,1.00
2017.03.31 03:00:49.287,0.69864,0.69872,1.00,1.00
2017.03.31 03:01:02.097,0.69865,0.69873,1.00,1.00
2017.03.31 03:01:02.602,0.69865,0.69872,1.50,1.00
2017.03.31 03:01:04.021,0.69864,0.69872,1.00,1.00
2017.03.31 03:01:04.122,0.69862,0.69871,1.50,1.00
2017.03.31 03:01:04.425,0.69864,0.69871,1.00,1.00
2017.03.31 03:01:04.628,0.69862,0.69871,3.00,1.00
2017.03.31 03:01:04.730,0.69865,0.69871,1.00,1.00
2017.03.31 03:01:06.134,0.69864,0.69871,1.00,1.00
2017.03.31 03:01:07.800,0.69864,0.69873,1.00,1.00
2017.03.31 03:01:08.325,0.69865,0.69874,1.00,1.50
2017.03.31 03:01:08.843,0.69865,0.69873,1.00,1.00
2017.03.31 03:01:09.379,0.69865,0.69874,3.00,1.00
2017.03.31 03:01:09.581,0.69865,0.69872,1.12,1.00
2017.03.31 03:01:10.087,0.69864,0.69873,1.12,1.00
2017.03.31 03:01:11.313,0.69865,0.69874,1.00,1.00
2017.03.31 03:01:11.836,0.69866,0.69875,1.87,1.00
2017.03.31 03:01:12.375,0.69867,0.69876,1.50,1.00
2017.03.31 03:01:12.845,0.69866,0.69874,1.00,1.00
2017.03.31 03:01:13.496,0.69864,0.6987,1.87,1.00
2017.03.31 03:01:13.598,0.69861,0.69871,1.87,1.00
2017.03.31 03:01:13.699,0.6986,0.69869,1.87,1.00
2017.03.31 03:01:14.045,0.6986,0.69867,1.00,1.00
2017.03.31 03:01:14.096,0.69858,0.69867,1.12,1.00
2017.03.31 03:01:14.682,0.69859,0.69868,1.00,1.00
2017.03.31 03:01:17.701,0.69861,0.6987,1.00,1.12
2017.03.31 03:01:18.004,0.6986,0.69867,1.00,1.00
2017.03.31 03:01:24.121,0.69858,0.69868,2.62,1.00
2017.03.31 03:01:24.626,0.69858,0.69868,1.50,1.00
2017.03.31 03:01:27.701,0.69858,0.69867,1.50,1.00
2017.03.31 03:01:41.302,0.6986,0.69868,1.00,1.00
2017.03.31 03:01:41.808,0.6986,0.69869,1.00,1.00
2017.03.31 03:01:42.518,0.69861,0.69869,1.00,1.00
2017.03.31 03:01:48.918,0.6986,0.69868,1.00,1.00
2017.03.31 03:01:53.265,0.69861,0.69868,1.00,1.00
2017.03.31 03:01:54.261,0.6986,0.6987,1.50,1.00
2017.03.31 03:01:54.465,0.69862,0.69869,1.00,1.00
2017.03.31 03:01:54.617,0.69864,0.69872,1.00,1.00
2017.03.31 03:01:55.123,0.69863,0.69872,1.00,4.12
2017.03.31 03:01:55.423,0.69866,0.69873,1.00,1.87
2017.03.31 03:01:55.525,0.69868,0.69876,1.00,1.37
2017.03.31 03:01:55.678,0.69868,0.69878,1.00,1.87
2017.03.31 03:01:56.184,0.69869,0.69878,1.00,1.00
2017.03.31 03:01:58.161,0.6987,0.69879,1.00,2.25
2017.03.31 03:02:05.406,0.69867,0.69873,1.50,1.00
2017.03.31 03:02:05.457,0.69868,0.69875,1.00,1.00
2017.03.31 03:02:05.508,0.69866,0.69876,1.00,2.17
2017.03.31 03:02:06.013,0.69866,0.69876,1.00,1.87
2017.03.31 03:02:12.662,0.69866,0.69875,1.00,1.00
2017.03.31 03:02:15.562,0.69867,0.69875,1.00,1.00
2017.03.31 03:02:15.928,0.69869,0.69876,1.00,1.50
2017.03.31 03:02:16.466,0.69868,0.69875,1.00,1.00
2017.03.31 03:02:20.580,0.69867,0.69876,1.00,1.12
2017.03.31 03:02:26.801,0.69868,0.69877,1.00,2.25
2017.03.31 03:02:27.306,0.69869,0.69878,1.00,1.50
2017.03.31 03:02:27.871,0.69869,0.69878,1.00,2.92
2017.03.31 03:02:30.557,0.69869,0.69878,1.00,2.17
2017.03.31 03:02:36.350,0.69869,0.69877,1.00,1.00
2017.03.31 03:02:36.931,0.69869,0.69878,1.00,4.42
2017.03.31 03:02:37.532,0.69869,0.69877,1.00,1.00
2017.03.31 03:02:38.176,0.69869,0.69878,1.00,3.67
2017.03.31 03:02:40.524,0.69869,0.69877,1.00,1.00
2017.03.31 03:02:41.306,0.69868,0.69876,1.00,1.00
2017.03.31 03:02:41.834,0.69867,0.69876,1.00,1.50
2017.03.31 03:02:43.313,0.69868,0.69877,1.00,2.25
2017.03.31 03:02:43.818,0.69869,0.69876,1.00,1.00
2017.03.31 03:02:44.391,0.6987,0.69877,1.00,1.50
2017.03.31 03:02:44.442,0.69868,0.69877,1.00,1.50
2017.03.31 03:02:44.971,0.69869,0.69878,1.00,2.17
2017.03.31 03:02:45.669,0.69869,0.69878,1.00,1.50
2017.03.31 03:02:46.440,0.69869,0.69877,1.00,1.00
2017.03.31 03:02:47.048,0.69869,0.69878,1.00,3.30
2017.03.31 03:02:53.904,0.69869,0.69877,1.00,1.00
2017.03.31 03:02:55.280,0.69867,0.69877,1.00,1.50
2017.03.31 03:02:55.810,0.69867,0.69876,1.00,1.00
2017.03.31 03:03:04.624,0.69868,0.69876,1.00,1.00
2017.03.31 03:03:05.157,0.69867,0.69876,1.00,1.87
2017.03.31 03:03:25.614,0.69867,0.69875,1.00,1.00
2017.03.31 03:03:30.407,0.69865,0.69872,1.00,1.00
2017.03.31 03:03:47.883,0.69864,0.69872,1.12,1.00
2017.03.31 03:03:52.026,0.69865,0.69872,1.00,1.00
2017.03.31 03:03:52.229,0.69863,0.69872,3.37,1.00
2017.03.31 03:03:52.738,0.69864,0.69872,1.00,1.00
2017.03.31 03:03:53.514,0.69864,0.69873,1.00,1.00
2017.03.31 03:03:55.325,0.69865,0.69873,1.00,1.00
2017.03.31 03:04:14.927,0.69864,0.69873,1.50,1.00
2017.03.31 03:04:21.307,0.69865,0.69872,1.00,1.00
2017.03.31 03:04:37.256,0.69864,0.69874,1.00,1.00
2017.03.31 03:04:40.705,0.69866,0.69873,1.00,1.00
2017.03.31 03:04:40.909,0.69866,0.69876,1.00,1.12
2017.03.31 03:04:41.113,0.69868,0.69878,1.00,1.00
2017.03.31 03:04:41.621,0.69869,0.69879,1.50,1.50
2017.03.31 03:04:42.626,0.6987,0.69879,1.00,1.50
2017.03.31 03:04:43.166,0.69869,0.69879,1.00,1.00
2017.03.31 03:04:43.469,0.69868,0.69877,1.00,1.50
2017.03.31 03:04:44.054,0.69867,0.69876,1.00,1.00
2017.03.31 03:04:45.220,0.69866,0.69876,1.87,1.00
2017.03.31 03:04:49.462,0.69866,0.69875,1.12,1.00
2017.03.31 03:04:49.967,0.69865,0.69875,1.00,1.00
2017.03.31 03:04:59.117,0.69864,0.69871,1.00,1.00
2017.03.31 03:04:59.955,0.69862,0.69871,3.00,1.00
2017.03.31 03:05:01.224,0.69863,0.69871,1.00,1.00
2017.03.31 03:05:01.751,0.69862,0.69871,2.25,1.00
2017.03.31 03:05:02.446,0.69863,0.69871,1.00,1.00
2017.03.31 03:05:02.959,0.69862,0.69871,3.00,1.00
2017.03.31 03:05:03.502,0.69863,0.69871,1.00,1.00
2017.03.31 03:05:03.712,0.69862,0.69873,2.25,1.00
2017.03.31 03:05:04.247,0.69863,0.69873,1.00,1.00
2017.03.31 03:05:06.089,0.69864,0.69873,1.00,1.00
2017.03.31 03:05:11.404,0.69865,0.69874,1.00,1.00
2017.03.31 03:05:16.530,0.69865,0.69875,2.25,1.00
2017.03.31 03:05:16.967,0.69867,0.69877,1.00,1.00
2017.03.31 03:05:19.758,0.69867,0.69876,1.00,1.00
2017.03.31 03:05:20.061,0.69867,0.69874,1.00,1.00
2017.03.31 03:05:23.436,0.69865,0.69872,1.87,1.00
2017.03.31 03:05:26.711,0.69865,0.69873,1.12,1.00
2017.03.31 03:05:35.507,0.69863,0.6987,1.12,1.00
2017.03.31 03:05:35.608,0.69862,0.69869,1.12,1.00
2017.03.31 03:05:35.852,0.6986,0.69866,1.00,1.00
2017.03.31 03:05:35.903,0.69858,0.69867,1.87,1.00
2017.03.31 03:05:36.517,0.69859,0.69867,1.00,1.00
2017.03.31 03:05:39.504,0.69858,0.69867,3.00,1.00
2017.03.31 03:05:42.203,0.69858,0.69866,1.87,1.00
2017.03.31 03:05:55.859,0.69858,0.69867,1.87,1.00
2017.03.31 03:06:18.165,0.69859,0.69867,1.00,1.00
2017.03.31 03:06:18.521,0.69861,0.69868,1.00,1.00
2017.03.31 03:06:19.244,0.6986,0.69868,2.25,1.00
2017.03.31 03:06:28.805,0.6986,0.69867,1.00,1.00
2017.03.31 03:06:29.571,0.69859,0.69867,1.50,1.00
2017.03.31 03:06:35.946,0.69859,0.69868,1.87,1.00
2017.03.31 03:06:36.470,0.6986,0.69868,1.00,1.00
2017.03.31 03:06:37.095,0.69862,0.69871,1.50,1.00
2017.03.31 03:06:37.420,0.69864,0.69873,1.50,1.00
2017.03.31 03:06:37.875,0.69863,0.69872,1.12,1.00
2017.03.31 03:06:38.128,0.69861,0.6987,1.87,1.00
2017.03.31 03:06:38.632,0.69862,0.69871,1.00,1.00
2017.03.31 03:06:38.987,0.69864,0.69874,2.25,4.50
2017.03.31 03:06:39.089,0.69866,0.69876,1.00,1.00
2017.03.31 03:06:39.324,0.69868,0.69877,1.00,2.25
2017.03.31 03:06:39.830,0.69868,0.69878,1.12,1.00
2017.03.31 03:06:43.173,0.69869,0.69878,1.00,1.00
2017.03.31 03:06:45.184,0.69871,0.69879,1.00,1.50
2017.03.31 03:06:48.062,0.69873,0.69879,1.00,1.00
2017.03.31 03:06:48.164,0.69871,0.69879,1.00,1.00
2017.03.31 03:06:48.672,0.69871,0.6988,1.00,1.00
2017.03.31 03:06:52.519,0.69872,0.6988,1.00,1.00
2017.03.31 03:06:53.063,0.69872,0.69881,1.00,1.50
2017.03.31 03:06:53.239,0.69874,0.69881,1.00,1.50
2017.03.31 03:07:02.016,0.69875,0.69881,1.00,1.00
2017.03.31 03:07:09.249,0.69875,0.69882,1.00,1.87
2017.03.31 03:07:13.045,0.69873,0.69882,1.00,1.12
2017.03.31 03:07:13.606,0.69872,0.69881,1.00,1.00
2017.03.31 03:07:32.349,0.69871,0.6988,1.00,1.00
2017.03.31 03:07:41.170,0.69872,0.69881,1.00,1.12
2017.03.31 03:07:41.441,0.69872,0.69879,1.00,1.00
2017.03.31 03:07:44.305,0.69872,0.69881,1.00,1.00
2017.03.31 03:07:44.813,0.69873,0.69882,1.00,1.00
2017.03.31 03:07:46.366,0.69873,0.69883,1.50,1.87
2017.03.31 03:07:46.583,0.69876,0.69884,1.00,1.00
2017.03.31 03:07:47.091,0.69876,0.69885,1.50,1.00
2017.03.31 03:07:50.046,0.69876,0.69884,1.00,1.00
2017.03.31 03:07:50.574,0.69873,0.69883,1.50,1.00
2017.03.31 03:08:02.102,0.69874,0.69881,1.00,1.00
2017.03.31 03:08:03.436,0.69872,0.69881,1.00,1.00
2017.03.31 03:08:08.100,0.69875,0.69882,1.00,1.00
2017.03.31 03:08:12.193,0.69875,0.69883,1.00,1.12
2017.03.31 03:08:12.496,0.69877,0.69885,1.00,1.00
2017.03.31 03:08:12.882,0.6988,0.69885,1.00,1.00
2017.03.31 03:08:13.437,0.6988,0.69886,1.00,1.12
2017.03.31 03:08:15.453,0.69878,0.69884,1.00,1.00
2017.03.31 03:08:15.998,0.69877,0.69884,1.00,1.00
2017.03.31 03:08:16.099,0.69878,0.69886,1.00,1.00
2017.03.31 03:08:16.250,0.69877,0.69884,1.00,1.00
2017.03.31 03:08:16.569,0.69879,0.69885,1.00,1.12
2017.03.31 03:08:17.526,0.69878,0.69884,1.00,1.00
2017.03.31 03:08:18.038,0.69879,0.69885,1.00,1.00
2017.03.31 03:08:18.807,0.69879,0.69886,1.00,1.87
2017.03.31 03:08:28.788,0.69879,0.69885,1.00,2.25
2017.03.31 03:08:28.839,0.69877,0.69885,1.00,1.00
2017.03.31 03:08:34.325,0.69877,0.69884,1.00,1.00
2017.03.31 03:08:34.427,0.69875,0.69882,1.00,1.00
2017.03.31 03:08:55.029,0.69874,0.69882,1.00,1.12
2017.03.31 03:08:55.539,0.69873,0.69881,1.00,1.87
2017.03.31 03:08:58.556,0.69873,0.69881,1.00,1.87
2017.03.31 03:08:59.567,0.69873,0.69881,1.00,2.25
2017.03.31 03:09:03.618,0.69874,0.69881,1.00,1.87
2017.03.31 03:09:06.514,0.69872,0.6988,1.00,1.00
2017.03.31 03:09:06.565,0.69871,0.69878,1.00,1.00
2017.03.31 03:09:06.914,0.69869,0.69876,1.00,1.00
2017.03.31 03:09:11.348,0.69869,0.69877,1.00,1.12
2017.03.31 03:09:50.382,0.69868,0.69875,1.00,1.00
2017.03.31 03:10:36.792,0.69869,0.69875,1.00,1.00
2017.03.31 03:10:50.351,0.69869,0.69876,1.00,1.00
2017.03.31 03:10:55.386,0.6987,0.69876,1.00,1.00
2017.03.31 03:10:55.891,0.69869,0.69876,1.00,1.50
2017.03.31 03:11:00.044,0.69869,0.69875,1.00,1.00
2017.03.31 03:11:00.417,0.69871,0.69876,1.00,1.00
2017.03.31 03:11:03.385,0.6987,0.69876,1.00,1.00
2017.03.31 03:11:10.124,0.69869,0.69876,1.00,1.00
2017.03.31 03:11:36.110,0.69869,0.69875,1.00,1.00
2017.03.31 03:11:38.000,0.69869,0.69876,1.00,1.00
2017.03.31 03:11:38.711,0.6987,0.69876,1.00,1.00
2017.03.31 03:11:39.296,0.6987,0.69875,1.00,1.00
2017.03.31 03:11:40.812,0.6987,0.69876,1.00,1.00
2017.03.31 03:11:41.116,0.69868,0.69873,1.00,1.00
2017.03.31 03:11:41.450,0.69866,0.69872,1.00,1.50
2017.03.31 03:11:52.407,0.69868,0.69872,1.00,1.50
2017.03.31 03:11:52.918,0.69868,0.69873,1.00,1.00
2017.03.31 03:12:15.379,0.69866,0.69873,1.00,1.00
2017.03.31 03:12:15.990,0.69866,0.69872,1.00,1.00
2017.03.31 03:12:22.053,0.69867,0.69872,1.00,1.00
2017.03.31 03:12:29.485,0.69865,0.69872,1.00,1.00
2017.03.31 03:12:29.586,0.69864,0.6987,1.00,1.00
2017.03.31 03:12:30.216,0.69863,0.6987,1.00,1.00
2017.03.31 03:12:33.802,0.69864,0.6987,1.00,1.00
2017.03.31 03:12:34.105,0.69866,0.69872,1.00,1.00
2017.03.31 03:12:43.365,0.69865,0.69872,1.00,1.50
2017.03.31 03:12:43.671,0.69864,0.69869,1.00,1.00
2017.03.31 03:13:02.767,0.69862,0.69869,1.00,2.25
2017.03.31 03:13:02.818,0.69858,0.69868,1.00,1.50
2017.03.31 03:13:02.869,0.69858,0.69866,1.00,1.00
2017.03.31 03:13:03.183,0.69857,0.69863,1.00,1.00
2017.03.31 03:13:07.216,0.69857,0.69862,1.00,1.00
2017.03.31 03:13:07.267,0.69855,0.69861,1.00,1.00
2017.03.31 03:13:07.419,0.69853,0.6986,1.00,1.00
2017.03.31 03:13:08.168,0.69854,0.6986,1.00,1.00
2017.03.31 03:13:12.241,0.69852,0.69859,1.00,1.00
2017.03.31 03:13:12.742,0.69852,0.69858,1.00,1.00
2017.03.31 03:13:15.101,0.6985,0.69859,1.00,2.25
2017.03.31 03:13:15.620,0.6985,0.69858,1.00,1.00
2017.03.31 03:13:18.003,0.69849,0.69858,1.00,2.62
2017.03.31 03:13:18.105,0.69847,0.69856,1.00,1.50
2017.03.31 03:13:18.435,0.69846,0.69854,1.50,1.00
2017.03.31 03:13:18.974,0.69845,0.69854,1.00,1.00
2017.03.31 03:13:19.286,0.69842,0.69851,1.00,1.00
2017.03.31 03:13:20.641,0.69843,0.69852,1.00,1.87
2017.03.31 03:13:21.146,0.69844,0.69853,1.00,2.25
2017.03.31 03:13:23.139,0.69843,0.69852,1.00,1.50
2017.03.31 03:13:23.463,0.69843,0.6985,1.00,1.50
2017.03.31 03:13:23.767,0.69845,0.69852,1.00,1.00
2017.03.31 03:13:23.920,0.69845,0.69854,1.00,2.62
2017.03.31 03:13:24.811,0.69848,0.69855,1.00,3.00
2017.03.31 03:13:25.323,0.69848,0.69855,1.00,2.25
2017.03.31 03:13:31.100,0.69844,0.69852,1.00,1.00
2017.03.31 03:13:31.607,0.69843,0.69851,1.00,1.00
2017.03.31 03:13:32.481,0.69843,0.6985,1.00,1.00
2017.03.31 03:13:32.532,0.69841,0.69849,1.50,1.00
2017.03.31 03:13:32.583,0.6984,0.69847,1.50,1.00
2017.03.31 03:13:32.735,0.69841,0.69849,1.50,1.00
2017.03.31 03:13:32.836,0.69842,0.69847,1.00,1.00
2017.03.31 03:13:32.891,0.69839,0.69847,1.87,1.00
2017.03.31 03:13:33.520,0.69839,0.69847,1.50,1.00
2017.03.31 03:13:35.152,0.69839,0.69848,1.87,1.00
2017.03.31 03:13:36.823,0.69839,0.69847,1.12,1.00
2017.03.31 03:13:37.595,0.6984,0.69847,1.00,1.00
2017.03.31 03:13:38.119,0.69839,0.69847,1.50,1.00
2017.03.31 03:13:38.346,0.69841,0.69848,1.00,1.00
2017.03.31 03:13:38.909,0.6984,0.69848,1.00,1.00
2017.03.31 03:13:39.441,0.6984,0.69847,1.00,1.00
2017.03.31 03:13:39.945,0.6984,0.69848,1.00,1.00
2017.03.31 03:13:40.566,0.69839,0.69848,1.50,1.00
2017.03.31 03:13:41.572,0.69839,0.69847,1.00,1.00
2017.03.31 03:13:42.089,0.69838,0.69847,1.00,1.00
2017.03.31 03:13:43.158,0.69837,0.69846,1.87,1.00
2017.03.31 03:13:43.667,0.69837,0.69845,1.12,1.00
2017.03.31 03:13:47.865,0.69838,0.69845,1.00,1.00
2017.03.31 03:13:48.381,0.69839,0.69845,1.00,1.00
2017.03.31 03:13:49.415,0.69838,0.69847,1.50,1.00
2017.03.31 03:13:49.957,0.69838,0.69847,1.87,1.00
2017.03.31 03:13:52.726,0.69841,0.69847,1.00,1.00
2017.03.31 03:13:56.933,0.69841,0.69849,1.00,1.00
2017.03.31 03:13:56.984,0.69843,0.69851,1.50,1.00
2017.03.31 03:13:57.390,0.69844,0.69852,1.75,1.00
2017.03.31 03:13:57.442,0.69847,0.69855,1.12,1.00
2017.03.31 03:13:57.948,0.69846,0.69854,1.00,1.00
2017.03.31 03:13:59.073,0.69844,0.69853,3.37,1.00
2017.03.31 03:13:59.124,0.69844,0.69853,2.62,1.00
2017.03.31 03:14:02.666,0.69847,0.69854,1.00,1.00
2017.03.31 03:14:15.446,0.69846,0.69854,1.00,1.00
2017.03.31 03:14:29.512,0.69847,0.69854,1.00,1.00
2017.03.31 03:14:34.580,0.69848,0.69854,1.00,1.00
2017.03.31 03:14:35.944,0.6985,0.69854,1.00,1.00
2017.03.31 03:14:37.068,0.6985,0.69856,1.00,1.50
2017.03.31 03:14:41.543,0.69849,0.69856,1.00,1.00
2017.03.31 03:14:53.219,0.69849,0.69855,1.00,1.50
2017.03.31 03:14:55.406,0.69848,0.69855,1.00,1.00
2017.03.31 03:15:26.077,0.69847,0.69854,1.00,1.00
2017.03.31 03:15:33.628,0.69847,0.69855,1.00,1.00
2017.03.31 03:15:33.780,0.69849,0.69855,1.00,1.00
2017.03.31 03:15:34.084,0.6985,0.69857,1.00,1.00
2017.03.31 03:15:36.142,0.69851,0.69857,1.00,1.00
2017.03.31 03:15:36.648,0.69852,0.69858,1.00,1.00
2017.03.31 03:15:37.842,0.69849,0.69858,2.62,1.50
2017.03.31 03:15:44.554,0.69849,0.69857,1.87,1.00
2017.03.31 03:15:48.464,0.69849,0.69857,1.00,1.00
2017.03.31 03:15:48.974,0.69849,0.69858,1.12,1.00
2017.03.31 03:15:53.948,0.69849,0.69856,1.87,1.00
2017.03.31 03:15:54.050,0.69849,0.69858,1.87,1.00
2017.03.31 03:16:12.155,0.6985,0.69858,1.00,1.00
2017.03.31 03:16:27.186,0.69849,0.69858,3.75,1.00
2017.03.31 03:16:27.711,0.6985,0.69859,1.00,1.50
2017.03.31 03:16:32.117,0.69852,0.69859,1.00,1.00
2017.03.31 03:16:32.320,0.69852,0.69861,2.25,1.00
2017.03.31 03:16:32.422,0.69855,0.69862,1.00,1.00
2017.03.31 03:16:35.743,0.69855,0.69864,1.50,1.50
2017.03.31 03:17:00.257,0.69858,0.69865,1.00,1.00
2017.03.31 03:17:00.431,0.69859,0.69867,1.00,1.50
2017.03.31 03:17:00.936,0.69858,0.69867,3.00,1.00
2017.03.31 03:17:03.009,0.69858,0.69867,3.75,1.00
2017.03.31 03:17:09.231,0.69858,0.69867,3.75,1.00
2017.03.31 03:17:19.311,0.69863,0.69868,1.00,1.00
2017.03.31 03:17:19.363,0.6986,0.69868,1.00,1.00
2017.03.31 03:17:30.409,0.69862,0.69868,1.00,1.00
2017.03.31 03:17:34.170,0.69861,0.69868,1.00,1.00
2017.03.31 03:17:34.994,0.69862,0.69868,1.00,1.00
2017.03.31 03:17:45.157,0.69862,0.6987,1.50,1.00
2017.03.31 03:17:45.410,0.69864,0.6987,1.00,1.00
2017.03.31 03:17:45.916,0.69865,0.6987,1.00,1.00
2017.03.31 03:17:46.421,0.69864,0.6987,1.00,1.00
2017.03.31 03:17:51.032,0.69866,0.6987,1.50,1.00
2017.03.31 03:17:51.083,0.69867,0.69872,1.00,1.12
2017.03.31 03:17:51.285,0.69865,0.69872,1.00,1.00
2017.03.31 03:17:52.027,0.69867,0.69872,1.00,2.25
2017.03.31 03:17:52.179,0.69868,0.69875,1.00,1.50
2017.03.31 03:17:52.230,0.69866,0.69874,1.00,1.50
2017.03.31 03:17:52.393,0.69865,0.69872,1.00,1.12
2017.03.31 03:17:52.899,0.69865,0.69873,1.00,1.12
2017.03.31 03:17:53.203,0.69867,0.69873,1.00,1.00
2017.03.31 03:17:53.709,0.69867,0.69874,1.00,1.50
2017.03.31 03:17:55.737,0.69868,0.69874,1.00,1.00
2017.03.31 03:17:55.839,0.69869,0.69876,1.00,1.87
2017.03.31 03:17:57.107,0.69869,0.69877,1.00,1.12
2017.03.31 03:17:57.159,0.69868,0.69875,1.00,1.00
2017.03.31 03:17:58.161,0.69866,0.69875,1.50,1.00
2017.03.31 03:18:00.268,0.69869,0.69877,1.00,1.00
2017.03.31 03:18:02.060,0.6987,0.69878,1.00,2.62
2017.03.31 03:18:02.588,0.69869,0.69877,1.00,1.00
2017.03.31 03:18:04.803,0.69869,0.69878,1.00,3.37
2017.03.31 03:18:21.470,0.69871,0.69878,1.00,2.62
2017.03.31 03:18:27.456,0.69871,0.69877,1.00,1.00
2017.03.31 03:18:27.981,0.6987,0.69878,1.00,2.62
2017.03.31 03:18:28.482,0.69872,0.69877,1.00,1.00
2017.03.31 03:18:28.990,0.69872,0.69878,1.00,1.87
2017.03.31 03:18:29.496,0.69873,0.69879,1.00,1.00
2017.03.31 03:18:30.015,0.69873,0.6988,1.00,1.50
2017.03.31 03:18:33.255,0.69875,0.6988,1.00,1.00
2017.03.31 03:18:33.916,0.69875,0.69882,1.00,3.00
2017.03.31 03:18:42.319,0.69875,0.69883,1.00,2.25
2017.03.31 03:18:50.441,0.69875,0.69884,1.00,1.50
2017.03.31 03:18:50.492,0.69877,0.69885,1.00,1.87
2017.03.31 03:18:50.997,0.69878,0.69885,1.00,1.00
2017.03.31 03:18:51.149,0.69876,0.69885,1.00,5.25
2017.03.31 03:18:51.654,0.69876,0.69884,1.00,1.00
2017.03.31 03:18:53.843,0.69876,0.69885,1.00,2.62
2017.03.31 03:18:53.894,0.69878,0.69885,1.00,1.87
2017.03.31 03:18:54.421,0.69879,0.69886,1.00,1.12
2017.03.31 03:18:55.515,0.69879,0.69887,1.00,1.00
2017.03.31 03:18:59.445,0.69878,0.69887,1.50,1.00
2017.03.31 03:18:59.497,0.69878,0.69889,1.50,2.25
2017.03.31 03:19:00.003,0.69877,0.69889,1.00,2.25
2017.03.31 03:19:01.253,0.6988,0.6989,1.00,1.87
2017.03.31 03:19:01.354,0.6988,0.69891,1.00,3.00
2017.03.31 03:19:01.455,0.6988,0.69889,1.00,1.00
2017.03.31 03:19:01.960,0.69879,0.69889,1.00,1.12
2017.03.31 03:19:02.163,0.69877,0.69888,1.12,1.00
2017.03.31 03:19:04.546,0.69878,0.69889,1.50,1.87
2017.03.31 03:19:05.002,0.69878,0.69887,1.00,1.00
2017.03.31 03:19:06.038,0.69878,0.69888,1.00,1.50
2017.03.31 03:19:06.240,0.69875,0.69886,1.00,3.00
2017.03.31 03:19:06.392,0.69875,0.69885,1.00,3.37
2017.03.31 03:19:06.847,0.69875,0.69886,1.50,2.25
2017.03.31 03:19:09.238,0.69876,0.69886,1.00,1.00
2017.03.31 03:19:09.289,0.69879,0.69886,1.00,1.00
2017.03.31 03:19:10.580,0.69878,0.69886,1.00,1.00
2017.03.31 03:19:12.060,0.6988,0.69886,1.00,1.00
2017.03.31 03:19:12.590,0.6988,0.69887,1.00,1.50
2017.03.31 03:19:16.062,0.69881,0.69887,1.00,1.00
2017.03.31 03:19:16.322,0.69881,0.69889,1.00,1.00
2017.03.31 03:19:16.424,0.69884,0.6989,1.00,1.50
2017.03.31 03:19:16.928,0.69884,0.69891,1.00,2.25
2017.03.31 03:20:00.535,0.69883,0.6989,1.00,1.00
2017.03.31 03:20:10.843,0.6988,0.69889,1.00,1.00
2017.03.31 03:20:14.697,0.6988,0.69887,2.25,1.00
2017.03.31 03:20:14.900,0.6988,0.69889,2.25,1.00
2017.03.31 03:20:15.403,0.6988,0.69888,2.25,1.00
2017.03.31 03:20:17.054,0.69881,0.69887,1.00,1.00
2017.03.31 03:20:17.641,0.6988,0.69888,1.50,1.00
2017.03.31 03:20:19.260,0.6988,0.69888,2.25,1.00
2017.03.31 03:20:29.438,0.6988,0.69888,1.50,1.00
2017.03.31 03:20:40.208,0.69881,0.6989,1.00,1.00
2017.03.31 03:20:41.579,0.6988,0.69887,2.25,1.00
2017.03.31 03:21:06.159,0.69882,0.69891,1.00,1.50
2017.03.31 03:21:06.664,0.69881,0.6989,1.00,1.50
2017.03.31 03:21:18.895,0.69879,0.69887,1.50,1.00
2017.03.31 03:21:29.124,0.69878,0.69883,1.87,1.00
2017.03.31 03:21:29.276,0.69874,0.69878,1.20,1.00
2017.03.31 03:21:29.327,0.69871,0.69877,1.87,1.00
2017.03.31 03:21:29.630,0.69871,0.69879,1.00,1.00
2017.03.31 03:21:29.732,0.69873,0.6988,1.00,1.00
2017.03.31 03:21:30.257,0.69874,0.6988,1.00,1.00
2017.03.31 03:21:35.161,0.69875,0.6988,1.00,1.00
2017.03.31 03:21:35.212,0.69875,0.69883,1.00,1.00
2017.03.31 03:21:38.252,0.69876,0.69883,1.00,1.00
2017.03.31 03:21:38.772,0.69875,0.69884,4.12,1.00
2017.03.31 03:21:39.322,0.69876,0.69885,1.12,1.00
2017.03.31 03:21:52.990,0.69875,0.69884,1.87,1.00
2017.03.31 03:21:53.508,0.69875,0.69883,1.87,1.00
2017.03.31 03:21:56.848,0.69876,0.69883,1.00,1.00
2017.03.31 03:22:06.214,0.69874,0.69883,2.25,1.00
2017.03.31 03:22:06.717,0.69874,0.69883,1.12,1.00
2017.03.31 03:22:16.863,0.69874,0.69881,1.12,1.00
2017.03.31 03:22:17.159,0.69869,0.69877,1.12,1.00
2017.03.31 03:22:17.664,0.69868,0.69877,2.62,1.00
2017.03.31 03:22:17.903,0.6987,0.69879,1.00,1.00
2017.03.31 03:22:20.178,0.69872,0.69879,1.00,1.00
2017.03.31 03:22:22.910,0.69872,0.69878,1.00,1.00
2017.03.31 03:22:23.430,0.69872,0.69879,1.00,1.00
2017.03.31 03:22:35.563,0.69872,0.6988,1.00,1.50
2017.03.31 03:22:55.399,0.69873,0.6988,1.00,1.50
2017.03.31 03:22:55.904,0.69874,0.6988,1.00,1.00
2017.03.31 03:22:57.891,0.69874,0.69882,1.00,2.25
2017.03.31 03:23:04.537,0.69874,0.69883,1.00,2.62
2017.03.31 03:23:28.047,0.69874,0.69882,1.00,1.00
2017.03.31 03:23:28.594,0.69875,0.69882,1.00,1.50
2017.03.31 03:23:32.756,0.69875,0.69881,1.00,1.00
2017.03.31 03:23:35.454,0.69875,0.69882,1.00,1.50
2017.03.31 03:24:01.074,0.69872,0.69881,1.00,1.00
2017.03.31 03:24:04.559,0.69873,0.69882,1.00,1.00
2017.03.31 03:24:20.028,0.69873,0.69882,1.00,2.25
2017.03.31 03:24:20.818,0.69872,0.69881,1.00,1.12
2017.03.31 03:24:21.021,0.69869,0.69878,1.00,1.00
2017.03.31 03:24:21.526,0.69869,0.69878,1.00,2.62
2017.03.31 03:24:24.679,0.6987,0.69877,1.00,1.12
2017.03.31 03:24:30.476,0.69867,0.69876,1.00,4.50
2017.03.31 03:24:30.628,0.6987,0.69876,1.00,1.37
2017.03.31 03:24:30.680,0.69871,0.69879,1.00,2.62
2017.03.31 03:24:30.731,0.69873,0.69877,1.00,1.00
2017.03.31 03:24:30.832,0.69873,0.69881,1.00,2.62
2017.03.31 03:24:31.364,0.69873,0.69881,1.00,1.87
2017.03.31 03:24:32.020,0.69874,0.69881,1.00,1.87
2017.03.31 03:24:51.838,0.69874,0.69882,1.00,1.00
2017.03.31 03:24:52.091,0.69876,0.69883,1.00,1.00
2017.03.31 03:24:52.395,0.69878,0.69885,1.50,1.00
2017.03.31 03:24:52.446,0.69876,0.69885,1.12,3.00
2017.03.31 03:24:52.698,0.69874,0.69883,1.00,1.00
2017.03.31 03:24:58.770,0.69876,0.69884,1.00,1.37
2017.03.31 03:24:58.821,0.69877,0.69885,1.00,1.00
2017.03.31 03:24:58.973,0.69878,0.69887,1.00,1.87
2017.03.31 03:24:59.589,0.69879,0.69888,1.00,1.87
2017.03.31 03:25:02.350,0.69881,0.6989,1.00,1.50
2017.03.31 03:25:03.356,0.69882,0.6989,1.00,1.00
2017.03.31 03:25:03.896,0.69882,0.69891,1.00,1.50
2017.03.31 03:25:07.045,0.69883,0.69891,1.00,1.00
2017.03.31 03:25:08.129,0.69883,0.69892,1.00,1.00
2017.03.31 03:25:20.073,0.69882,0.69891,1.00,1.00
2017.03.31 03:25:31.334,0.69881,0.6989,1.00,1.87
2017.03.31 03:25:31.887,0.6988,0.69889,1.00,1.50
2017.03.31 03:25:35.374,0.69881,0.69889,1.00,1.00
2017.03.31 03:25:36.482,0.6988,0.69889,1.00,1.50
2017.03.31 03:26:03.373,0.69881,0.6989,1.00,1.12
2017.03.31 03:26:22.866,0.69881,0.69889,1.00,1.00
2017.03.31 03:26:23.425,0.69881,0.69888,1.00,1.00
2017.03.31 03:26:29.152,0.69876,0.69884,1.87,1.50
2017.03.31 03:26:29.253,0.69873,0.69882,1.12,1.50
2017.03.31 03:26:29.557,0.69871,0.6988,1.00,1.12
2017.03.31 03:26:30.117,0.69871,0.69879,1.00,1.00
2017.03.31 03:26:30.461,0.69869,0.69878,1.00,1.00
2017.03.31 03:26:32.328,0.69867,0.69876,1.00,1.00
2017.03.31 03:26:32.632,0.69863,0.69872,1.00,1.87
2017.03.31 03:26:32.787,0.69864,0.69873,1.50,1.12
2017.03.31 03:26:32.977,0.69866,0.69874,1.00,2.62
2017.03.31 03:26:33.332,0.69866,0.69875,1.00,1.50
2017.03.31 03:26:34.088,0.69868,0.69875,1.00,1.12
2017.03.31 03:26:40.249,0.69868,0.69876,1.00,1.00
2017.03.31 03:26:48.300,0.69869,0.69876,1.00,1.00
2017.03.31 03:27:00.171,0.69871,0.69878,1.00,2.62
2017.03.31 03:27:00.222,0.69869,0.69878,1.00,2.62
2017.03.31 03:27:00.838,0.69874,0.69878,2.25,1.12
2017.03.31 03:27:01.142,0.69892,0.69896,1.00,1.00
2017.03.31 03:27:01.244,0.69892,0.69898,1.00,1.00
2017.03.31 03:27:01.295,0.69893,0.69901,1.00,1.12
2017.03.31 03:27:01.799,0.69893,0.69902,1.00,1.00
2017.03.31 03:27:03.167,0.69892,0.69901,1.00,1.00
2017.03.31 03:27:04.184,0.69891,0.69901,1.00,1.87
2017.03.31 03:27:04.704,0.69891,0.699,1.00,1.12
2017.03.31 03:27:11.043,0.69889,0.69896,1.50,1.00
2017.03.31 03:27:11.252,0.69887,0.69895,1.12,1.00
2017.03.31 03:27:11.454,0.69885,0.69894,1.50,1.00
2017.03.31 03:27:12.043,0.69884,0.69891,1.12,1.00
2017.03.31 03:27:12.349,0.69879,0.69885,1.12,1.00
2017.03.31 03:27:12.652,0.6987,0.69876,1.87,1.00
2017.03.31 03:27:12.804,0.69868,0.69876,3.00,1.00
2017.03.31 03:27:13.509,0.69869,0.69876,1.00,1.00
2017.03.31 03:27:14.019,0.69869,0.69877,1.00,1.00
2017.03.31 03:27:15.120,0.6987,0.69877,1.00,1.00
2017.03.31 03:27:15.631,0.69869,0.69877,1.50,1.00
2017.03.31 03:27:21.328,0.69869,0.69876,1.00,1.00
2017.03.31 03:27:23.281,0.69869,0.69877,1.50,1.00
2017.03.31 03:27:23.382,0.6987,0.69875,1.00,1.00
2017.03.31 03:27:23.433,0.6987,0.69877,1.50,1.00
2017.03.31 03:27:24.559,0.69872,0.69877,1.00,1.00
2017.03.31 03:27:24.710,0.6987,0.69877,2.25,1.00
2017.03.31 03:27:25.215,0.69871,0.69877,1.00,1.00
2017.03.31 03:27:25.720,0.6987,0.69877,2.25,1.00
2017.03.31 03:27:26.347,0.69871,0.69877,1.00,1.00
2017.03.31 03:27:27.009,0.6987,0.69877,1.50,1.00
2017.03.31 03:27:28.505,0.69871,0.69877,1.00,1.00
2017.03.31 03:27:29.268,0.69871,0.69879,2.25,1.00
2017.03.31 03:27:37.241,0.69873,0.69881,1.50,1.00
2017.03.31 03:27:37.796,0.69873,0.6988,2.25,1.00
2017.03.31 03:27:40.703,0.69873,0.69879,1.00,1.00
2017.03.31 03:27:41.057,0.69871,0.6988,1.00,1.00
2017.03.31 03:27:41.260,0.6987,0.69878,1.50,1.00
2017.03.31 03:27:42.243,0.69869,0.69878,2.25,1.00
2017.03.31 03:27:44.706,0.69869,0.69877,1.50,1.00
2017.03.31 03:27:45.061,0.69871,0.69877,1.00,1.00
2017.03.31 03:27:45.563,0.69871,0.69878,1.00,1.00
2017.03.31 03:27:46.210,0.69871,0.69879,1.12,1.00
2017.03.31 03:27:58.654,0.69869,0.69879,1.50,1.00
2017.03.31 03:27:58.706,0.69869,0.69877,1.00,1.00
2017.03.31 03:28:15.782,0.69868,0.69877,2.62,1.00
2017.03.31 03:28:28.620,0.69869,0.69877,1.00,1.00
2017.03.31 03:28:29.464,0.69869,0.69877,2.62,1.00
2017.03.31 03:28:30.026,0.69871,0.69877,2.25,1.00
2017.03.31 03:28:30.128,0.69872,0.69879,1.00,1.00
2017.03.31 03:28:30.381,0.69874,0.69881,1.00,1.00
2017.03.31 03:28:30.915,0.69873,0.69881,3.00,1.00
2017.03.31 03:28:35.724,0.69874,0.6988,1.50,1.00
2017.03.31 03:28:36.262,0.69875,0.6988,1.00,1.00
2017.03.31 03:28:37.125,0.69874,0.69879,1.00,1.00
2017.03.31 03:28:37.617,0.69872,0.6988,1.50,1.00
2017.03.31 03:28:38.072,0.6987,0.6988,3.00,1.00
2017.03.31 03:28:38.123,0.69872,0.6988,1.00,1.00
2017.03.31 03:28:38.785,0.69873,0.6988,1.00,1.00
2017.03.31 03:28:39.230,0.69872,0.69877,1.00,1.00
2017.03.31 03:28:39.966,0.69872,0.69878,1.00,1.00
2017.03.31 03:28:40.690,0.69871,0.69878,3.37,1.00
2017.03.31 03:28:40.741,0.69873,0.69881,2.25,1.00
2017.03.31 03:28:41.145,0.69872,0.69878,1.37,1.00
2017.03.31 03:28:41.247,0.69871,0.69878,2.62,1.00
2017.03.31 03:28:41.828,0.69872,0.69878,1.00,1.00
2017.03.31 03:28:42.589,0.69874,0.6988,1.00,1.00
2017.03.31 03:28:42.690,0.69872,0.69881,1.87,1.00
2017.03.31 03:28:42.741,0.69872,0.69879,1.12,1.00
2017.03.31 03:28:43.203,0.69872,0.69881,1.87,1.00
2017.03.31 03:28:43.301,0.69871,0.69878,1.50,1.00
2017.03.31 03:28:43.806,0.69871,0.69879,1.00,1.00
2017.03.31 03:28:45.142,0.69871,0.69877,1.00,1.00
2017.03.31 03:28:52.256,0.69873,0.6988,1.00,1.00
2017.03.31 03:28:52.980,0.69874,0.69881,1.00,1.00
2017.03.31 03:28:53.638,0.69873,0.69881,2.25,1.00
2017.03.31 03:28:57.756,0.69873,0.6988,1.50,1.00
2017.03.31 03:28:58.059,0.69871,0.6988,2.25,1.00
2017.03.31 03:28:58.413,0.69872,0.69876,1.87,1.00
2017.03.31 03:28:58.515,0.6987,0.69878,1.50,1.00
2017.03.31 03:28:58.718,0.69873,0.6988,1.00,1.00
2017.03.31 03:28:59.242,0.69871,0.6988,4.12,1.00
2017.03.31 03:29:00.920,0.69874,0.6988,1.12,1.00
2017.03.31 03:29:02.049,0.69874,0.69881,1.12,1.00
2017.03.31 03:29:08.793,0.69875,0.69881,1.00,1.00
2017.03.31 03:29:09.491,0.69874,0.69881,1.00,1.00
2017.03.31 03:29:11.867,0.69874,0.69879,1.00,1.00
2017.03.31 03:29:11.917,0.69871,0.69879,1.50,1.00
2017.03.31 03:29:12.473,0.6987,0.69879,1.50,1.00
2017.03.31 03:29:13.377,0.6987,0.69877,1.00,1.00
2017.03.31 03:29:21.153,0.69871,0.69878,1.00,1.00
2017.03.31 03:29:43.531,0.6987,0.69878,1.50,1.00
2017.03.31 03:29:44.044,0.6987,0.69879,2.25,1.00
2017.03.31 03:29:50.791,0.6987,0.69879,2.62,1.00
2017.03.31 03:29:51.418,0.6987,0.69879,1.87,1.00
2017.03.31 03:29:54.203,0.6987,0.69877,1.87,1.00
2017.03.31 03:29:56.309,0.6987,0.69879,1.87,1.00
2017.03.31 03:29:56.827,0.69871,0.69879,1.50,1.00
2017.03.31 03:30:00.279,0.69872,0.69879,1.00,1.00
2017.03.31 03:30:01.293,0.69873,0.69879,1.00,1.00
2017.03.31 03:30:01.573,0.69871,0.69879,1.12,1.00
2017.03.31 03:30:11.522,0.69871,0.69878,1.00,1.00
2017.03.31 03:30:12.058,0.69871,0.69879,1.00,1.00
2017.03.31 03:30:12.600,0.69871,0.69878,1.00,1.00
2017.03.31 03:30:18.516,0.69871,0.69877,1.00,1.00
2017.03.31 03:30:18.820,0.69869,0.69877,1.50,1.00
2017.03.31 03:30:20.096,0.69869,0.69876,1.00,1.00
2017.03.31 03:30:28.253,0.69868,0.69876,1.00,1.00
2017.03.31 03:30:28.774,0.69867,0.69875,1.50,1.00
2017.03.31 03:30:32.137,0.69867,0.69874,1.50,1.00
2017.03.31 03:30:32.697,0.69867,0.69873,1.50,1.00
2017.03.31 03:30:35.569,0.69867,0.69872,1.00,1.00
2017.03.31 03:30:35.620,0.69865,0.69871,1.12,1.00
2017.03.31 03:30:35.768,0.69863,0.6987,1.00,1.00
2017.03.31 03:30:35.821,0.69862,0.69866,1.00,1.00
2017.03.31 03:30:36.127,0.69864,0.69868,1.00,1.00
2017.03.31 03:30:36.178,0.69864,0.6987,1.00,1.00
2017.03.31 03:30:43.742,0.69862,0.6987,1.00,1.00
2017.03.31 03:30:44.241,0.69864,0.69871,1.00,1.00
2017.03.31 03:30:46.538,0.69863,0.69871,1.00,1.00
2017.03.31 03:30:51.458,0.69865,0.69871,1.00,1.00
2017.03.31 03:30:53.242,0.69865,0.69873,1.00,1.00
2017.03.31 03:30:53.344,0.69867,0.69874,1.50,1.00
2017.03.31 03:30:53.856,0.69868,0.69875,1.00,1.00
2017.03.31 03:30:54.161,0.69866,0.69873,1.00,1.00
2017.03.31 03:30:54.667,0.69867,0.69874,1.00,1.00
2017.03.31 03:30:55.177,0.69866,0.69874,1.50,1.00
2017.03.31 03:30:56.064,0.69867,0.69874,1.00,1.00
2017.03.31 03:30:56.569,0.69866,0.69873,1.00,1.00
2017.03.31 03:30:57.957,0.69867,0.69872,1.00,1.00
2017.03.31 03:30:58.569,0.69867,0.69873,1.00,1.00
2017.03.31 03:31:00.762,0.69865,0.69873,1.00,1.00
2017.03.31 03:31:01.768,0.69867,0.69873,1.00,1.00
2017.03.31 03:31:04.418,0.69867,0.69876,2.62,1.00
2017.03.31 03:31:05.108,0.69868,0.69876,1.00,1.00
2017.03.31 03:31:20.362,0.69867,0.69871,1.50,1.00
2017.03.31 03:31:20.463,0.69867,0.69873,1.12,1.00
2017.03.31 03:31:20.968,0.69867,0.69874,1.50,1.00
2017.03.31 03:31:21.171,0.69867,0.69871,1.50,1.00
2017.03.31 03:31:21.272,0.69867,0.69873,1.00,1.00
2017.03.31 03:31:31.118,0.69868,0.69873,1.00,1.00
2017.03.31 03:31:35.061,0.69867,0.69873,1.00,1.00
2017.03.31 03:31:35.698,0.69868,0.69873,1.00,1.00
2017.03.31 03:31:36.540,0.69867,0.69873,1.00,1.00
2017.03.31 03:31:40.144,0.69865,0.69873,2.62,1.00
2017.03.31 03:31:40.195,0.69865,0.69871,1.50,1.00
2017.03.31 03:31:40.742,0.69865,0.6987,1.00,1.00
2017.03.31 03:31:41.560,0.69867,0.69871,1.00,1.00
2017.03.31 03:31:41.662,0.69864,0.69871,3.00,1.00
2017.03.31 03:31:41.763,0.69867,0.69871,1.00,1.00
2017.03.31 03:31:41.865,0.69864,0.69871,2.25,1.00
2017.03.31 03:31:41.916,0.69864,0.69869,1.50,1.00
2017.03.31 03:31:50.300,0.69865,0.69871,1.00,1.00
2017.03.31 03:31:50.544,0.69867,0.69871,1.00,1.00
2017.03.31 03:31:50.746,0.69867,0.69873,1.00,1.00
2017.03.31 03:31:54.765,0.69866,0.69873,1.12,1.00
2017.03.31 03:31:55.450,0.69867,0.69873,1.00,1.00
2017.03.31 03:31:58.766,0.69866,0.69873,1.12,1.00
2017.03.31 03:31:58.817,0.69868,0.69873,1.00,1.00
2017.03.31 03:32:02.977,0.69866,0.69873,1.12,1.00
2017.03.31 03:32:03.584,0.69867,0.69873,1.00,1.00
2017.03.31 03:32:06.565,0.69868,0.69873,1.00,1.00
2017.03.31 03:32:07.079,0.69867,0.69873,1.00,1.00
2017.03.31 03:32:10.237,0.69866,0.69873,1.12,1.00
2017.03.31 03:32:10.818,0.69867,0.69873,1.00,1.00
2017.03.31 03:32:14.717,0.69867,0.69872,1.00,1.00
2017.03.31 03:32:14.768,0.69865,0.69872,1.87,1.00
2017.03.31 03:32:15.172,0.69867,0.69872,1.00,1.00
2017.03.31 03:32:15.325,0.69867,0.69874,1.00,1.00
2017.03.31 03:32:17.535,0.69868,0.69874,1.00,1.00
2017.03.31 03:32:21.765,0.69867,0.69874,1.50,1.00
2017.03.31 03:32:22.329,0.69869,0.69874,1.00,1.00
2017.03.31 03:32:22.885,0.69869,0.69875,1.00,1.00
2017.03.31 03:32:28.003,0.69869,0.69873,1.00,1.00
2017.03.31 03:32:29.295,0.69868,0.69872,1.00,1.00
2017.03.31 03:32:29.397,0.69866,0.69871,1.12,1.00
2017.03.31 03:32:29.462,0.69867,0.69873,1.00,1.00
2017.03.31 03:32:30.147,0.69867,0.69874,1.12,1.00
2017.03.31 03:32:30.751,0.69867,0.69873,1.87,1.00
2017.03.31 03:32:32.587,0.69868,0.69873,1.00,1.00
2017.03.31 03:32:35.171,0.69867,0.69873,1.12,1.00
2017.03.31 03:32:40.275,0.69868,0.69873,1.00,1.00
2017.03.31 03:32:40.335,0.69867,0.69871,1.12,1.00
2017.03.31 03:32:40.465,0.69863,0.69869,1.00,1.00
2017.03.31 03:32:40.993,0.69864,0.6987,1.12,1.00
2017.03.31 03:32:41.347,0.69865,0.69872,1.50,1.00
2017.03.31 03:32:41.398,0.69867,0.69873,1.00,1.00
2017.03.31 03:32:41.739,0.69865,0.6987,1.00,1.00
2017.03.31 03:32:41.790,0.69863,0.69871,1.50,1.00
2017.03.31 03:32:42.295,0.69864,0.6987,1.00,1.00
2017.03.31 03:32:42.878,0.69865,0.6987,1.00,1.00
2017.03.31 03:32:44.126,0.69864,0.6987,1.00,1.00
2017.03.31 03:32:46.133,0.69874,0.69878,2.25,2.25
2017.03.31 03:32:46.235,0.69875,0.6988,1.50,1.00
2017.03.31 03:32:46.336,0.69872,0.69879,1.87,1.00
2017.03.31 03:32:46.387,0.69871,0.69876,1.37,1.00
2017.03.31 03:32:46.438,0.6987,0.69876,1.50,1.00
2017.03.31 03:32:46.944,0.69869,0.69876,1.35,1.00
2017.03.31 03:32:47.477,0.6987,0.69876,1.00,1.00
2017.03.31 03:32:47.999,0.69868,0.69876,1.60,1.00
2017.03.31 03:32:49.019,0.69868,0.69876,1.12,1.00
2017.03.31 03:32:49.553,0.69868,0.69876,1.72,1.00
2017.03.31 03:32:50.707,0.69868,0.69876,1.12,1.00
2017.03.31 03:32:51.257,0.69868,0.69876,1.72,1.00
2017.03.31 03:32:51.775,0.69869,0.69876,1.60,1.00
2017.03.31 03:32:53.404,0.69869,0.69876,1.00,1.00
2017.03.31 03:33:04.117,0.69869,0.69876,1.60,1.00
2017.03.31 03:33:07.998,0.69869,0.69876,1.00,1.00
2017.03.31 03:33:08.525,0.69869,0.69877,1.00,1.00
2017.03.31 03:33:11.469,0.69869,0.69876,1.12,1.00
2017.03.31 03:33:14.182,0.6987,0.69876,1.00,1.00
2017.03.31 03:34:17.007,0.6987,0.69877,1.00,1.00
2017.03.31 03:34:23.566,0.6987,0.69876,1.00,1.00
2017.03.31 03:34:24.102,0.6987,0.69877,1.00,1.00
2017.03.31 03:34:30.448,0.6987,0.69876,1.00,1.00
2017.03.31 03:34:59.645,0.6987,0.69877,1.00,1.00
2017.03.31 03:34:59.797,0.69871,0.69879,1.00,1.00
2017.03.31 03:35:00.050,0.69871,0.69877,1.12,1.00
2017.03.31 03:35:00.782,0.69872,0.69877,1.00,1.00
2017.03.31 03:35:01.286,0.6987,0.69877,2.25,1.00
2017.03.31 03:35:01.589,0.69873,0.69879,1.12,1.00
2017.03.31 03:35:04.203,0.69871,0.69878,2.62,1.00
2017.03.31 03:35:04.254,0.69871,0.69878,1.12,1.00
2017.03.31 03:35:04.305,0.69871,0.69876,1.12,1.00
2017.03.31 03:35:04.810,0.6987,0.69876,1.12,1.00
2017.03.31 03:35:15.887,0.69869,0.69876,1.50,1.00
2017.03.31 03:35:29.309,0.6987,0.69876,1.00,1.00
2017.03.31 03:35:31.561,0.6987,0.69875,1.00,1.00
2017.03.31 03:35:32.082,0.69869,0.69876,1.00,1.00
2017.03.31 03:35:35.701,0.69869,0.69877,1.00,1.00
2017.03.31 03:35:36.208,0.69869,0.69876,1.50,1.00
2017.03.31 03:35:36.753,0.69869,0.69875,1.00,1.00
2017.03.31 03:35:48.768,0.69868,0.69875,2.25,1.00
2017.03.31 03:35:49.072,0.69867,0.69873,1.00,1.00
2017.03.31 03:35:50.007,0.69865,0.69873,1.50,1.00
2017.03.31 03:35:50.784,0.69864,0.69871,1.00,1.00
2017.03.31 03:35:51.362,0.69865,0.69871,1.00,1.00
2017.03.31 03:35:54.263,0.69864,0.69871,1.00,1.00
2017.03.31 03:35:54.779,0.69863,0.6987,1.00,1.00
2017.03.31 03:35:59.540,0.69862,0.6987,1.00,1.00
2017.03.31 03:36:00.130,0.69862,0.69869,1.50,1.00
2017.03.31 03:36:01.776,0.69863,0.69869,1.00,1.00
2017.03.31 03:36:06.465,0.69866,0.6987,1.00,1.00
2017.03.31 03:36:06.990,0.69865,0.6987,1.00,1.00
2017.03.31 03:36:08.765,0.69863,0.6987,1.00,1.00
2017.03.31 03:36:08.866,0.69865,0.6987,1.00,1.00
2017.03.31 03:36:09.497,0.69863,0.6987,1.00,1.00
2017.03.31 03:36:09.599,0.69865,0.6987,1.00,1.00
2017.03.31 03:36:12.901,0.69863,0.6987,1.00,1.00
2017.03.31 03:36:14.542,0.69862,0.6987,1.87,1.00
2017.03.31 03:36:15.176,0.69865,0.6987,1.00,1.00
2017.03.31 03:36:15.390,0.69862,0.6987,1.87,1.00
2017.03.31 03:36:16.716,0.69864,0.6987,1.00,1.00
2017.03.31 03:36:17.019,0.69866,0.6987,1.00,1.00
2017.03.31 03:36:21.012,0.69865,0.6987,1.00,1.00
2017.03.31 03:36:21.397,0.69863,0.6987,1.00,1.00
2017.03.31 03:36:21.448,0.69863,0.69867,1.00,1.00
2017.03.31 03:36:21.498,0.69861,0.69868,1.50,1.00
2017.03.31 03:36:21.751,0.6986,0.69866,1.50,1.00
2017.03.31 03:36:22.323,0.69859,0.69866,1.00,1.00
2017.03.31 03:36:23.107,0.69858,0.69866,1.00,1.00
2017.03.31 03:36:24.705,0.69858,0.69867,1.50,1.00
2017.03.31 03:36:28.043,0.69858,0.69865,1.00,1.00
2017.03.31 03:36:29.289,0.69857,0.69865,1.12,1.00
2017.03.31 03:36:31.741,0.69858,0.69865,1.00,1.00
2017.03.31 03:36:32.996,0.69858,0.69866,1.00,1.00
2017.03.31 03:36:37.178,0.69856,0.69865,3.00,1.00
2017.03.31 03:36:37.695,0.69856,0.69865,1.87,1.00
2017.03.31 03:36:44.647,0.69857,0.69865,1.00,1.00
2017.03.31 03:36:46.870,0.69855,0.6986,1.12,1.00
2017.03.31 03:36:47.022,0.69849,0.69855,2.25,1.00
2017.03.31 03:36:47.527,0.69849,0.69854,1.00,1.00
2017.03.31 03:36:48.045,0.69848,0.69854,1.50,1.00
2017.03.31 03:37:00.038,0.69848,0.69855,1.00,1.00
2017.03.31 03:37:02.400,0.69847,0.69855,1.50,1.00
2017.03.31 03:37:06.807,0.69846,0.69855,3.75,1.00
2017.03.31 03:37:07.338,0.69846,0.69854,1.50,1.00
2017.03.31 03:37:09.134,0.69847,0.69854,1.00,1.00
2017.03.31 03:37:09.488,0.69849,0.69855,1.00,1.00
2017.03.31 03:37:10.030,0.69848,0.69855,1.00,1.00
2017.03.31 03:37:10.862,0.69849,0.69855,1.00,1.00
2017.03.31 03:37:11.633,0.69848,0.69855,1.00,1.00
2017.03.31 03:37:12.290,0.69849,0.69855,1.00,1.00
2017.03.31 03:37:14.562,0.69848,0.69855,1.00,1.00
2017.03.31 03:37:15.261,0.69849,0.69855,1.00,1.00
2017.03.31 03:37:15.807,0.6985,0.69854,1.00,1.00
2017.03.31 03:37:17.881,0.69848,0.69854,1.00,1.00
2017.03.31 03:37:22.183,0.69849,0.69854,1.00,1.00
2017.03.31 03:37:22.766,0.69848,0.69854,1.00,1.00
2017.03.31 03:37:22.968,0.6985,0.69854,1.00,1.00
2017.03.31 03:37:23.639,0.69849,0.69854,1.00,1.00
2017.03.31 03:37:26.766,0.69848,0.69854,1.00,1.00
2017.03.31 03:37:27.382,0.69849,0.69854,1.00,1.00
2017.03.31 03:37:30.887,0.69847,0.69854,1.50,1.00
2017.03.31 03:37:30.988,0.6985,0.69854,1.00,1.00
2017.03.31 03:37:31.190,0.69847,0.69854,1.50,1.00
2017.03.31 03:37:31.392,0.69849,0.69854,1.00,1.00
2017.03.31 03:37:35.006,0.69848,0.69854,1.00,1.00
2017.03.31 03:37:35.524,0.69849,0.69854,1.00,1.00
2017.03.31 03:37:39.827,0.69848,0.69854,1.00,1.00
2017.03.31 03:37:40.336,0.69849,0.69854,1.00,1.00
2017.03.31 03:37:41.101,0.69848,0.69854,1.00,1.00
2017.03.31 03:37:41.656,0.69849,0.69854,1.00,1.00
2017.03.31 03:37:46.928,0.6985,0.69854,1.00,1.00
2017.03.31 03:37:48.800,0.69849,0.69854,1.00,1.00
2017.03.31 03:37:49.066,0.69847,0.69853,1.50,1.00
2017.03.31 03:37:49.117,0.69849,0.69853,1.00,1.00
2017.03.31 03:37:49.168,0.69849,0.69855,1.00,1.50
2017.03.31 03:37:49.958,0.6985,0.69855,1.00,1.00
2017.03.31 03:37:50.476,0.69849,0.69855,1.00,1.00
2017.03.31 03:37:53.544,0.69849,0.69854,1.00,1.00
2017.03.31 03:37:54.242,0.69849,0.69855,1.00,1.00
2017.03.31 03:37:55.275,0.6985,0.69855,1.00,1.00
2017.03.31 03:37:55.842,0.69849,0.69855,1.00,1.00
2017.03.31 03:38:00.749,0.69848,0.69855,1.00,1.00
2017.03.31 03:38:01.062,0.6985,0.69855,1.00,1.00
2017.03.31 03:38:01.577,0.69849,0.69855,1.00,1.00
2017.03.31 03:38:02.217,0.69848,0.69855,1.00,1.00
2017.03.31 03:38:02.740,0.69849,0.69855,1.00,1.00
2017.03.31 03:38:03.441,0.69848,0.69855,1.00,1.00
2017.03.31 03:38:04.488,0.69849,0.69855,1.00,1.00
2017.03.31 03:38:06.438,0.6985,0.69855,1.00,1.00
2017.03.31 03:38:06.539,0.69848,0.69855,1.00,1.00
2017.03.31 03:38:07.045,0.69849,0.69855,1.00,1.00
2017.03.31 03:38:07.614,0.6985,0.69855,1.00,1.00
2017.03.31 03:38:08.119,0.69849,0.69855,1.00,1.00
2017.03.31 03:38:08.729,0.6985,0.69855,1.00,1.00
2017.03.31 03:38:09.079,0.69848,0.69855,1.00,1.00
2017.03.31 03:38:10.334,0.69849,0.69855,1.00,1.00
2017.03.31 03:38:14.005,0.69847,0.69855,1.12,1.00
2017.03.31 03:38:14.157,0.69849,0.69855,1.00,1.00
2017.03.31 03:38:14.581,0.69847,0.69855,1.12,1.00
2017.03.31 03:38:14.632,0.69849,0.69855,1.00,1.00
2017.03.31 03:38:15.045,0.69847,0.69855,2.62,1.00
2017.03.31 03:38:15.269,0.69849,0.69855,1.00,1.00
2017.03.31 03:38:18.375,0.6985,0.69855,1.00,1.00
2017.03.31 03:38:19.168,0.69849,0.69855,1.00,1.00
2017.03.31 03:38:23.473,0.69848,0.69855,1.12,1.00
2017.03.31 03:38:24.029,0.69849,0.69855,1.00,1.00
2017.03.31 03:38:24.890,0.69853,0.69859,1.00,1.50
2017.03.31 03:38:25.194,0.69857,0.69861,1.00,1.00
2017.03.31 03:38:25.295,0.69857,0.69863,1.00,1.00
2017.03.31 03:38:25.346,0.69859,0.69863,1.00,1.00
2017.03.31 03:38:25.411,0.69859,0.69865,1.00,1.00
2017.03.31 03:38:25.632,0.69858,0.69862,1.00,1.00
2017.03.31 03:38:27.196,0.69856,0.69861,1.50,1.00
2017.03.31 03:38:31.217,0.69857,0.69861,1.00,1.00
2017.03.31 03:38:37.718,0.69856,0.69861,1.00,1.00
2017.03.31 03:38:38.238,0.69855,0.6986,1.00,1.00
2017.03.31 03:38:40.050,0.69855,0.69863,1.00,1.00
2017.03.31 03:38:40.317,0.69858,0.69863,1.00,1.00
2017.03.31 03:38:42.233,0.69852,0.69859,1.87,1.00
2017.03.31 03:38:42.334,0.69851,0.69859,1.00,1.00
2017.03.31 03:38:42.486,0.6985,0.69857,1.00,1.00
2017.03.31 03:38:43.025,0.69851,0.69858,1.00,1.00
2017.03.31 03:38:46.605,0.69852,0.6986,3.00,1.00
2017.03.31 03:38:46.807,0.69852,0.69857,1.12,1.00
2017.03.31 03:38:46.909,0.6985,0.69857,1.50,1.00
2017.03.31 03:38:52.451,0.69849,0.69856,1.00,1.00
2017.03.31 03:38:53.067,0.6985,0.69856,1.00,1.00
2017.03.31 03:38:53.898,0.6985,0.69857,1.00,1.00
2017.03.31 03:38:56.749,0.69849,0.69857,1.87,1.00
2017.03.31 03:38:57.263,0.69849,0.69856,1.50,1.00
2017.03.31 03:39:01.064,0.69849,0.69857,1.50,1.50
2017.03.31 03:39:01.598,0.6985,0.69857,1.12,1.00
2017.03.31 03:39:14.483,0.6985,0.69859,2.25,1.00
2017.03.31 03:39:14.736,0.69849,0.69857,1.50,1.00
2017.03.31 03:39:15.058,0.69852,0.69857,1.00,1.00
2017.03.31 03:39:15.513,0.69849,0.69857,1.50,1.00
2017.03.31 03:39:15.614,0.69848,0.69855,1.50,1.00
2017.03.31 03:39:17.924,0.69849,0.69855,1.00,1.00
2017.03.31 03:39:19.953,0.69848,0.69855,1.00,1.00
2017.03.31 03:39:20.505,0.69849,0.69855,1.00,1.00
2017.03.31 03:39:22.655,0.6985,0.69855,1.00,1.00
2017.03.31 03:39:22.843,0.69848,0.69855,1.00,1.00
2017.03.31 03:39:23.549,0.69849,0.69855,1.00,1.00
2017.03.31 03:39:24.111,0.69848,0.69855,1.00,1.00
2017.03.31 03:39:24.657,0.69849,0.69855,1.00,1.00
2017.03.31 03:39:26.767,0.69848,0.69855,1.50,1.00
2017.03.31 03:39:27.972,0.69849,0.69855,1.00,1.00
2017.03.31 03:39:28.572,0.6985,0.69855,1.00,1.00
2017.03.31 03:39:29.096,0.69849,0.69855,1.00,1.00
2017.03.31 03:39:29.369,0.69847,0.69855,1.50,1.00
2017.03.31 03:39:29.470,0.69849,0.69855,1.00,1.00
2017.03.31 03:39:31.769,0.69847,0.69855,1.50,1.00
2017.03.31 03:39:31.870,0.6985,0.69855,1.00,1.00
2017.03.31 03:39:33.551,0.69849,0.69855,1.00,1.00
2017.03.31 03:39:34.056,0.6985,0.69855,1.00,1.00
2017.03.31 03:39:34.605,0.69849,0.69855,1.00,1.00
2017.03.31 03:39:35.367,0.6985,0.69855,1.00,1.00
2017.03.31 03:39:35.683,0.69847,0.69855,1.50,1.00
2017.03.31 03:39:35.733,0.69849,0.69855,1.00,1.00
2017.03.31 03:39:36.503,0.6985,0.69855,1.00,1.00
2017.03.31 03:39:38.553,0.69849,0.69855,1.00,1.00
2017.03.31 03:39:39.765,0.69847,0.69855,1.50,1.00
2017.03.31 03:39:39.866,0.69849,0.69855,1.00,1.00
2017.03.31 03:39:45.971,0.6985,0.69855,1.00,1.00
2017.03.31 03:39:46.519,0.69849,0.69855,1.00,1.00
2017.03.31 03:39:48.732,0.69847,0.69855,1.50,1.00
2017.03.31 03:39:48.833,0.69849,0.69855,1.00,1.00
2017.03.31 03:39:54.461,0.69847,0.69855,1.50,1.00
2017.03.31 03:39:54.562,0.69849,0.69855,1.00,1.00
2017.03.31 03:39:56.541,0.6985,0.69855,1.00,1.00
2017.03.31 03:39:57.569,0.69849,0.69855,1.00,1.00
2017.03.31 03:39:58.766,0.6985,0.69855,1.00,1.00
2017.03.31 03:39:59.670,0.69849,0.69855,1.00,1.00
2017.03.31 03:40:02.762,0.69848,0.69855,1.00,1.00
2017.03.31 03:40:03.289,0.69849,0.69855,1.00,1.00
2017.03.31 03:40:06.656,0.69848,0.69855,1.00,1.00
2017.03.31 03:40:07.858,0.6985,0.69855,1.00,1.00
2017.03.31 03:40:10.767,0.69849,0.69855,1.00,1.00
2017.03.31 03:40:11.331,0.69849,0.69857,1.00,1.00
2017.03.31 03:40:15.023,0.69848,0.69857,2.62,1.00
2017.03.31 03:40:16.483,0.6985,0.69857,1.00,1.00
2017.03.31 03:40:17.523,0.69849,0.69857,1.12,1.00
2017.03.31 03:40:25.721,0.69849,0.69858,2.25,1.00
2017.03.31 03:40:28.209,0.69851,0.69859,1.00,1.00
2017.03.31 03:40:28.725,0.69853,0.6986,2.25,1.00
2017.03.31 03:40:29.029,0.69856,0.6986,1.00,1.00
2017.03.31 03:40:31.211,0.69853,0.6986,1.50,1.00
2017.03.31 03:40:35.236,0.69855,0.6986,1.00,1.00
2017.03.31 03:40:35.338,0.69855,0.69862,1.50,1.00
2017.03.31 03:40:35.821,0.69852,0.6986,1.50,1.00
2017.03.31 03:40:36.132,0.69856,0.6986,1.00,1.00
2017.03.31 03:40:38.446,0.69851,0.69859,1.12,1.50
2017.03.31 03:40:38.850,0.69853,0.69858,1.00,1.00
2017.03.31 03:40:38.952,0.6985,0.69858,1.50,1.00
2017.03.31 03:40:39.461,0.69848,0.69857,1.65,1.00
2017.03.31 03:40:48.774,0.69848,0.69857,1.65,1.00
2017.03.31 03:40:56.381,0.69849,0.69858,1.20,1.00
2017.03.31 03:41:02.437,0.69848,0.69857,1.65,1.00
2017.03.31 03:41:12.719,0.69849,0.69858,1.20,1.00
2017.03.31 03:41:34.766,0.69849,0.69858,1.65,1.00
2017.03.31 03:41:39.144,0.69849,0.69858,2.25,1.00
2017.03.31 03:41:45.213,0.6985,0.69858,1.00,1.00
2017.03.31 03:42:04.900,0.6985,0.69859,1.50,1.00
2017.03.31 03:42:16.720,0.69851,0.6986,1.00,1.00
2017.03.31 03:42:17.810,0.69855,0.69862,1.50,1.12
2017.03.31 03:42:17.963,0.69857,0.69866,1.50,1.12
2017.03.31 03:42:18.777,0.69856,0.69863,1.00,1.00
2017.03.31 03:42:18.878,0.69852,0.69861,3.00,1.00
2017.03.31 03:42:19.384,0.69852,0.6986,1.00,1.00
2017.03.31 03:42:19.889,0.69851,0.6986,1.00,1.00
2017.03.31 03:42:20.259,0.69855,0.69863,1.12,1.37
2017.03.31 03:42:20.361,0.69857,0.69865,1.00,1.00
2017.03.31 03:42:20.910,0.69857,0.69866,1.00,1.00
2017.03.31 03:42:22.123,0.69859,0.69866,1.00,1.00
2017.03.31 03:42:22.224,0.69859,0.69868,1.00,1.00
2017.03.31 03:42:29.640,0.69863,0.69868,1.00,1.00
2017.03.31 03:42:29.691,0.69863,0.69872,1.00,1.50
2017.03.31 03:42:29.743,0.69865,0.69872,1.00,1.00
2017.03.31 03:42:29.895,0.69865,0.69874,1.00,1.50
2017.03.31 03:42:30.047,0.69862,0.69871,1.50,1.00
2017.03.31 03:42:30.350,0.69862,0.69869,1.50,1.00
2017.03.31 03:42:31.192,0.69863,0.6987,1.00,1.00
2017.03.31 03:42:31.743,0.69862,0.69871,1.50,1.00
2017.03.31 03:42:32.273,0.69861,0.6987,2.62,1.00
2017.03.31 03:42:32.820,0.69862,0.69871,1.00,1.00
2017.03.31 03:42:33.532,0.69861,0.6987,1.00,1.00
2017.03.31 03:42:34.689,0.69864,0.69873,1.00,1.00
2017.03.31 03:42:34.994,0.69866,0.69875,1.00,1.00
2017.03.31 03:42:36.872,0.69867,0.69876,1.00,1.00
2017.03.31 03:42:37.176,0.69865,0.69872,1.75,1.00
2017.03.31 03:42:37.227,0.69862,0.69871,1.50,1.00
2017.03.31 03:42:37.732,0.69861,0.6987,1.00,1.00
2017.03.31 03:42:38.013,0.69863,0.6987,1.00,1.00
2017.03.31 03:42:38.266,0.69867,0.69876,1.50,1.00
2017.03.31 03:42:38.788,0.69868,0.69877,1.12,1.00
2017.03.31 03:42:41.008,0.6987,0.69877,1.50,1.00
2017.03.31 03:42:41.059,0.69872,0.69881,1.00,1.00
2017.03.31 03:42:41.110,0.69869,0.69881,2.62,1.00
2017.03.31 03:42:41.161,0.69872,0.69884,1.37,3.00
2017.03.31 03:42:41.370,0.69871,0.69883,1.00,1.12
2017.03.31 03:42:41.472,0.69869,0.69883,2.25,1.50
2017.03.31 03:42:41.985,0.69868,0.69883,1.87,3.00
2017.03.31 03:42:44.901,0.6987,0.6988,1.00,1.00
2017.03.31 03:42:51.003,0.69871,0.69878,1.00,1.00
2017.03.31 03:42:56.734,0.6987,0.69878,1.00,1.00
2017.03.31 03:42:56.937,0.69868,0.69877,1.87,1.00
2017.03.31 03:43:24.830,0.69867,0.69876,1.50,1.00
2017.03.31 03:43:40.369,0.69868,0.69877,2.25,1.00
2017.03.31 03:43:41.503,0.6987,0.69879,1.00,1.00
2017.03.31 03:43:42.088,0.69871,0.69879,1.00,1.00
2017.03.31 03:43:55.092,0.6987,0.69879,1.00,1.00
2017.03.31 03:43:55.599,0.6987,0.69878,1.00,1.00
2017.03.31 03:43:56.154,0.69869,0.69878,1.50,1.00
2017.03.31 03:43:59.082,0.69871,0.6988,1.00,1.50
2017.03.31 03:44:00.423,0.69872,0.6988,1.00,1.00
2017.03.31 03:44:04.669,0.69872,0.69879,1.00,1.00
2017.03.31 03:44:06.073,0.69873,0.69879,1.00,1.00
2017.03.31 03:44:06.753,0.69872,0.69879,1.00,1.00
2017.03.31 03:44:08.295,0.6987,0.69879,2.62,1.00
2017.03.31 03:44:17.522,0.6987,0.6988,1.00,1.00
2017.03.31 03:44:18.078,0.69871,0.6988,1.00,1.00
2017.03.31 03:44:20.206,0.6987,0.6988,1.00,1.00
2017.03.31 03:44:24.067,0.69873,0.69882,1.00,1.87
2017.03.31 03:44:30.535,0.69873,0.6988,1.00,1.00
2017.03.31 03:44:35.944,0.69872,0.6988,1.00,1.00
2017.03.31 03:44:43.345,0.69873,0.6988,1.00,1.00
2017.03.31 03:44:45.568,0.69873,0.69881,1.00,1.12
2017.03.31 03:44:53.478,0.69874,0.69881,1.00,1.12
2017.03.31 03:44:54.154,0.69873,0.69881,1.00,1.12
2017.03.31 03:44:59.632,0.69874,0.69881,1.00,1.00
2017.03.31 03:44:59.936,0.69876,0.69882,1.00,1.00
2017.03.31 03:45:00.037,0.69878,0.69886,1.00,1.12
2017.03.31 03:45:00.542,0.69879,0.69887,1.00,1.87
2017.03.31 03:45:01.022,0.6988,0.69889,1.00,1.87
2017.03.31 03:45:01.561,0.69879,0.69889,1.00,1.50
2017.03.31 03:45:03.818,0.69878,0.69887,1.00,1.00
2017.03.31 03:45:04.289,0.69876,0.69886,1.50,1.00
2017.03.31 03:45:08.769,0.69878,0.69887,1.00,1.00
2017.03.31 03:45:10.659,0.69878,0.69885,1.50,1.00
2017.03.31 03:45:10.811,0.69877,0.69887,1.00,1.12
2017.03.31 03:45:10.862,0.69879,0.69886,1.00,1.00
2017.03.31 03:45:11.659,0.69879,0.69885,1.00,1.00
2017.03.31 03:45:11.710,0.69876,0.69884,1.50,1.00
2017.03.31 03:45:11.862,0.69876,0.69886,1.50,1.00
2017.03.31 03:45:12.271,0.69875,0.69884,1.50,1.50
2017.03.31 03:45:12.574,0.69875,0.69882,1.00,1.00
2017.03.31 03:45:12.827,0.69872,0.69882,1.87,1.12
2017.03.31 03:45:13.035,0.69872,0.6988,1.00,1.00
2017.03.31 03:45:13.750,0.69871,0.6988,1.50,1.00
2017.03.31 03:45:14.074,0.69871,0.69878,1.50,1.00
2017.03.31 03:45:18.735,0.69871,0.69877,1.00,1.00
2017.03.31 03:45:19.240,0.6987,0.69876,1.00,1.00
2017.03.31 03:45:19.341,0.69868,0.69876,1.50,1.00
2017.03.31 03:45:20.006,0.69867,0.69876,4.12,1.00
2017.03.31 03:45:20.514,0.69868,0.69876,1.00,1.00
2017.03.31 03:45:21.085,0.69867,0.69876,1.87,1.00
2017.03.31 03:45:21.910,0.69868,0.69876,1.00,1.00
2017.03.31 03:45:22.476,0.69867,0.69876,1.50,1.00
2017.03.31 03:45:22.934,0.69869,0.69876,1.00,1.00
2017.03.31 03:45:23.472,0.69867,0.69876,1.50,1.00
2017.03.31 03:45:23.529,0.69869,0.69876,1.00,1.00
2017.03.31 03:45:24.054,0.69868,0.69876,1.00,1.00
2017.03.31 03:45:28.412,0.69867,0.69876,1.00,1.00
2017.03.31 03:45:29.007,0.69866,0.69875,1.00,1.00
2017.03.31 03:45:32.205,0.69866,0.69874,1.12,1.00
2017.03.31 03:45:32.819,0.69867,0.69874,1.00,1.00
2017.03.31 03:45:43.327,0.69867,0.69873,1.00,1.00
2017.03.31 03:45:45.681,0.69866,0.69873,1.00,1.00
2017.03.31 03:46:02.810,0.69865,0.69873,1.12,1.00
2017.03.31 03:46:03.114,0.69867,0.69873,1.12,1.00
2017.03.31 03:46:03.653,0.69867,0.69874,1.50,1.00
2017.03.31 03:46:04.213,0.69867,0.69873,1.50,1.00
2017.03.31 03:46:05.245,0.69865,0.69871,1.75,1.00
2017.03.31 03:46:05.296,0.69862,0.69867,1.80,1.00
2017.03.31 03:46:05.347,0.69862,0.69866,1.00,1.00
2017.03.31 03:46:05.450,0.69858,0.69865,1.50,1.00
2017.03.31 03:46:05.790,0.69857,0.69863,1.50,1.00
2017.03.31 03:46:13.808,0.69856,0.69861,1.50,1.00
2017.03.31 03:46:25.814,0.69856,0.6986,1.42,1.00
2017.03.31 03:46:25.967,0.6985,0.69856,1.12,1.00
2017.03.31 03:46:26.068,0.69849,0.69856,1.42,1.00
2017.03.31 03:46:26.119,0.69849,0.69858,1.42,1.00
2017.03.31 03:46:35.197,0.69849,0.69859,1.42,1.00
2017.03.31 03:46:36.049,0.69849,0.69856,1.42,1.00
2017.03.31 03:46:39.718,0.6985,0.69857,1.00,1.00
2017.03.31 03:46:40.224,0.6985,0.69858,1.00,1.00
2017.03.31 03:46:47.562,0.69852,0.69861,1.00,1.00
2017.03.31 03:46:51.624,0.69854,0.69863,1.50,1.00
2017.03.31 03:46:51.927,0.69857,0.69865,1.00,1.00
2017.03.31 03:46:54.890,0.69856,0.69865,1.87,1.00
2017.03.31 03:46:59.331,0.69857,0.69865,1.00,1.00
2017.03.31 03:47:00.564,0.69856,0.69865,1.50,1.00
2017.03.31 03:47:08.511,0.69856,0.69863,1.00,1.00
2017.03.31 03:47:12.146,0.69857,0.69864,1.00,1.00
2017.03.31 03:47:19.846,0.69857,0.69866,1.00,1.00
2017.03.31 03:47:25.628,0.69856,0.69865,1.00,1.00
2017.03.31 03:47:28.705,0.69857,0.69866,1.00,1.00
2017.03.31 03:47:41.981,0.69856,0.69865,1.12,1.00
2017.03.31 03:47:42.033,0.69854,0.69864,1.87,1.00
2017.03.31 03:47:42.710,0.69855,0.69864,1.00,1.00
2017.03.31 03:47:43.960,0.69856,0.69865,1.00,1.00
2017.03.31 03:47:46.488,0.69854,0.69863,4.27,1.00
2017.03.31 03:47:50.852,0.69854,0.69862,1.87,1.00
2017.03.31 03:47:56.069,0.69853,0.69861,1.87,1.00
2017.03.31 03:47:56.120,0.69852,0.69859,3.37,1.00
2017.03.31 03:47:56.423,0.69851,0.69858,1.12,1.00
2017.03.31 03:47:56.985,0.6985,0.69859,2.62,1.00
2017.03.31 03:48:04.369,0.6985,0.69857,2.62,1.00
2017.03.31 03:48:04.874,0.6985,0.69857,1.50,1.00
2017.03.31 03:48:08.411,0.6985,0.69856,1.00,1.00
2017.03.31 03:48:09.001,0.69849,0.69856,1.00,1.00
2017.03.31 03:48:21.716,0.69849,0.69855,1.00,1.00
2017.03.31 03:48:21.767,0.69846,0.69854,1.12,1.00
2017.03.31 03:48:22.340,0.69846,0.69855,3.00,1.00
2017.03.31 03:48:25.710,0.69848,0.69855,1.00,1.00
2017.03.31 03:48:26.217,0.69849,0.69856,1.00,1.00
2017.03.31 03:48:27.023,0.6985,0.69859,1.00,1.50
2017.03.31 03:48:27.554,0.6985,0.6986,1.00,1.50
2017.03.31 03:48:34.279,0.69851,0.6986,1.00,1.00
2017.03.31 03:48:36.961,0.69852,0.69861,1.00,1.00
2017.03.31 03:48:37.012,0.69854,0.69863,1.00,2.25
2017.03.31 03:48:37.468,0.69855,0.69864,1.00,1.00
2017.03.31 03:48:37.620,0.69853,0.69862,1.00,1.00
2017.03.31 03:48:51.082,0.69852,0.69862,1.00,1.00
2017.03.31 03:48:51.643,0.69852,0.69861,1.00,1.00
2017.03.31 03:48:52.523,0.69852,0.6986,1.00,1.00
2017.03.31 03:48:53.066,0.69851,0.6986,1.87,1.00
2017.03.31 03:49:08.070,0.6985,0.69859,1.87,1.00
2017.03.31 03:49:08.575,0.6985,0.69858,1.50,1.00
2017.03.31 03:49:48.015,0.69851,0.6986,1.00,1.12
2017.03.31 03:50:11.228,0.6985,0.69856,1.00,1.00
2017.03.31 03:50:11.481,0.69848,0.69855,1.50,1.00
2017.03.31 03:50:12.095,0.69849,0.69855,1.00,1.00
2017.03.31 03:50:13.262,0.69848,0.69855,1.00,1.00
2017.03.31 03:50:13.805,0.69849,0.69855,1.00,1.00
2017.03.31 03:50:16.685,0.69848,0.69855,2.25,1.00
2017.03.31 03:50:25.969,0.69849,0.69855,1.00,1.00
2017.03.31 03:50:26.499,0.69847,0.69855,1.50,1.00
2017.03.31 03:50:27.028,0.69848,0.69855,1.00,1.00
2017.03.31 03:50:27.533,0.69849,0.69855,1.00,1.00
2017.03.31 03:50:30.166,0.69848,0.69855,1.00,1.00
2017.03.31 03:50:33.237,0.69849,0.69855,1.00,1.00
2017.03.31 03:50:33.914,0.69848,0.69855,1.00,1.00
2017.03.31 03:50:34.543,0.69849,0.69855,1.50,1.00
2017.03.31 03:50:46.281,0.69848,0.69855,1.50,1.00
2017.03.31 03:50:47.464,0.69848,0.69856,1.50,1.00
2017.03.31 03:50:48.009,0.69848,0.69855,1.50,1.00
2017.03.31 03:50:57.062,0.69847,0.69855,2.25,1.00
2017.03.31 03:50:57.191,0.69849,0.69855,1.00,1.00
2017.03.31 03:50:59.766,0.6985,0.69855,1.00,1.00
2017.03.31 03:51:00.667,0.69849,0.69855,1.00,1.00
2017.03.31 03:51:02.507,0.69847,0.69855,2.25,1.00
2017.03.31 03:51:04.657,0.69848,0.69855,1.00,1.00
2017.03.31 03:51:06.795,0.69847,0.69855,2.25,1.00
2017.03.31 03:51:09.769,0.69849,0.69855,1.00,1.00
2017.03.31 03:51:10.278,0.6985,0.69855,1.00,1.00
2017.03.31 03:51:10.938,0.69849,0.69855,1.00,1.00
2017.03.31 03:51:12.471,0.69848,0.69855,1.00,1.00
2017.03.31 03:51:19.814,0.69848,0.69854,1.00,1.00
2017.03.31 03:51:20.339,0.69848,0.69855,1.00,1.00
2017.03.31 03:51:20.863,0.69847,0.69855,1.00,1.00
2017.03.31 03:51:32.206,0.69846,0.69854,3.75,1.00
2017.03.31 03:51:34.221,0.69847,0.69852,1.12,1.00
2017.03.31 03:51:37.310,0.69845,0.69851,1.12,1.50
2017.03.31 03:51:37.411,0.69841,0.69845,1.00,1.00
2017.03.31 03:51:37.463,0.69843,0.69851,1.50,1.00
2017.03.31 03:51:37.565,0.69846,0.6985,1.00,1.00
2017.03.31 03:51:37.617,0.69843,0.6985,1.00,1.00
2017.03.31 03:51:37.719,0.69844,0.69852,1.00,1.00
2017.03.31 03:51:38.226,0.69845,0.69853,1.50,1.00
2017.03.31 03:51:40.611,0.69845,0.69853,2.25,1.00
2017.03.31 03:51:41.586,0.69847,0.69854,2.25,1.00
2017.03.31 03:51:42.120,0.69847,0.69854,1.87,1.00
2017.03.31 03:51:47.489,0.69849,0.69854,1.00,1.00
2017.03.31 03:51:47.995,0.69849,0.69855,1.00,1.00
2017.03.31 03:51:55.434,0.6985,0.69855,1.00,1.00
2017.03.31 03:51:55.965,0.69849,0.69855,2.25,1.00
2017.03.31 03:52:03.614,0.69848,0.69855,1.87,1.00
2017.03.31 03:52:08.014,0.69849,0.69855,1.00,1.00
2017.03.31 03:52:08.216,0.6985,0.69857,1.00,1.00
2017.03.31 03:52:10.193,0.6985,0.69857,1.50,1.00
2017.03.31 03:52:14.360,0.6985,0.69857,1.00,1.00
2017.03.31 03:52:16.694,0.69849,0.69856,2.25,1.00
2017.03.31 03:52:16.846,0.69848,0.69854,1.00,1.00
2017.03.31 03:52:20.375,0.69848,0.69857,1.50,1.00
2017.03.31 03:52:20.547,0.6985,0.69857,1.50,1.00
2017.03.31 03:52:21.053,0.6985,0.69856,1.50,1.00
2017.03.31 03:52:24.866,0.6985,0.69857,1.00,1.00
2017.03.31 03:52:25.371,0.69851,0.69857,1.00,1.00
2017.03.31 03:52:31.491,0.6985,0.69857,1.00,1.00
2017.03.31 03:52:35.413,0.6985,0.69858,2.62,1.00
2017.03.31 03:52:35.753,0.69852,0.6986,1.00,1.00
2017.03.31 03:52:37.538,0.69852,0.69859,1.00,1.00
2017.03.31 03:52:37.690,0.6985,0.69859,2.25,1.00
2017.03.31 03:52:38.237,0.6985,0.69858,1.12,1.00
2017.03.31 03:53:00.134,0.6985,0.69859,2.25,1.00
2017.03.31 03:53:00.286,0.69852,0.69859,1.00,1.00
2017.03.31 03:53:00.791,0.69853,0.69859,1.00,1.00
2017.03.31 03:53:04.375,0.69852,0.69859,1.00,1.00
2017.03.31 03:53:08.516,0.69852,0.6986,1.00,1.00
2017.03.31 03:53:09.064,0.69853,0.6986,1.00,1.00
2017.03.31 03:53:16.617,0.69852,0.6986,1.12,1.00
2017.03.31 03:53:17.217,0.69851,0.69859,2.62,1.00
2017.03.31 03:53:17.369,0.6985,0.69859,1.87,1.00
2017.03.31 03:53:18.155,0.6985,0.69858,2.62,1.00
2017.03.31 03:53:18.257,0.69852,0.69859,1.00,1.00
2017.03.31 03:53:18.813,0.69852,0.69861,3.75,1.00
2017.03.31 03:53:19.416,0.69853,0.69861,1.00,1.00
2017.03.31 03:53:33.779,0.69852,0.69861,1.50,1.00
2017.03.31 03:53:47.882,0.69851,0.6986,3.00,1.00
2017.03.31 03:53:48.006,0.69853,0.69861,1.00,1.00
2017.03.31 03:53:53.865,0.69851,0.69858,1.00,1.00
2017.03.31 03:53:54.371,0.69852,0.69859,1.12,1.00
2017.03.31 03:54:01.566,0.69853,0.69859,1.00,1.00
2017.03.31 03:54:05.272,0.6985,0.69859,1.00,1.00
2017.03.31 03:54:05.425,0.6985,0.69856,1.00,1.00
2017.03.31 03:54:05.952,0.6985,0.69857,1.00,1.00
2017.03.31 03:54:12.764,0.69849,0.69857,1.50,1.00
2017.03.31 03:54:13.150,0.69853,0.69862,1.00,2.62
2017.03.31 03:54:14.332,0.69851,0.6986,1.00,1.00
2017.03.31 03:54:14.838,0.69851,0.6986,1.00,2.25
2017.03.31 03:54:18.710,0.69851,0.69858,1.00,1.00
2017.03.31 03:54:23.496,0.69851,0.69859,1.00,1.12
2017.03.31 03:54:24.011,0.69852,0.6986,1.00,1.50
2017.03.31 03:54:24.430,0.69853,0.69861,1.00,1.12
2017.03.31 03:54:24.936,0.69854,0.69861,1.00,1.12
2017.03.31 03:54:25.138,0.69856,0.69863,1.00,1.87
2017.03.31 03:54:25.240,0.69857,0.69864,1.00,1.50
2017.03.31 03:54:32.915,0.69858,0.69865,1.00,1.00
2017.03.31 03:54:33.718,0.69857,0.69865,1.00,1.00
2017.03.31 03:54:37.616,0.69857,0.69864,1.00,1.00
2017.03.31 03:54:38.246,0.69857,0.69865,1.00,1.00
2017.03.31 03:54:42.014,0.69857,0.69866,1.00,1.00
2017.03.31 03:54:45.315,0.69858,0.69867,1.00,2.25
2017.03.31 03:55:02.793,0.69858,0.69866,1.00,1.00
2017.03.31 03:55:10.765,0.69859,0.69867,1.00,1.00
2017.03.31 03:55:11.125,0.69861,0.69868,1.00,1.50
2017.03.31 03:55:11.735,0.69862,0.69869,1.00,1.12
2017.03.31 03:55:18.009,0.69861,0.69868,1.00,1.00
2017.03.31 03:55:29.650,0.69861,0.6987,1.00,2.25
2017.03.31 03:55:30.254,0.69862,0.6987,1.00,1.50
2017.03.31 03:55:32.748,0.69863,0.6987,1.00,1.05
2017.03.31 03:55:33.254,0.69862,0.69869,1.00,1.50
2017.03.31 03:55:37.941,0.69862,0.69868,1.00,1.00
2017.03.31 03:55:38.485,0.69862,0.69869,1.00,2.25
2017.03.31 03:55:40.799,0.69862,0.69868,1.00,1.00
2017.03.31 03:55:41.510,0.69862,0.69869,1.00,2.25
2017.03.31 03:55:45.659,0.69862,0.69868,1.00,1.00
2017.03.31 03:55:47.141,0.69862,0.69869,1.00,2.25
2017.03.31 03:55:48.384,0.69862,0.69868,1.00,1.00
2017.03.31 03:55:50.514,0.69862,0.69869,1.00,2.25
2017.03.31 03:55:51.082,0.69862,0.69868,1.00,1.00
2017.03.31 03:55:51.639,0.69862,0.69869,1.00,2.25
2017.03.31 03:55:53.895,0.69862,0.69868,1.00,1.00
2017.03.31 03:55:54.712,0.69862,0.69869,1.00,2.25
2017.03.31 03:56:00.695,0.69858,0.69867,1.00,1.00
2017.03.31 03:56:01.241,0.69857,0.69866,1.00,1.00
2017.03.31 03:56:02.111,0.69856,0.69865,1.50,1.00
2017.03.31 03:56:11.616,0.69857,0.69866,1.00,1.00
2017.03.31 03:56:12.146,0.69858,0.69867,1.00,1.00
2017.03.31 03:56:18.486,0.69857,0.69867,1.50,1.00
2017.03.31 03:56:18.587,0.69858,0.69865,1.00,1.00
2017.03.31 03:56:18.941,0.69858,0.69867,1.00,1.00
2017.03.31 03:56:20.503,0.69857,0.69866,1.00,1.00
2017.03.31 03:56:25.283,0.69858,0.69866,1.00,1.00
2017.03.31 03:56:25.805,0.69859,0.69866,1.00,1.00
2017.03.31 03:56:31.650,0.69858,0.69866,1.00,1.00
2017.03.31 03:56:32.157,0.69857,0.69866,1.00,1.00
2017.03.31 03:57:24.322,0.69856,0.69866,1.50,1.00
2017.03.31 03:57:36.662,0.69856,0.69864,1.00,1.00
2017.03.31 03:57:41.593,0.69856,0.69865,1.00,1.00
2017.03.31 03:57:42.371,0.69857,0.69866,1.00,1.00
2017.03.31 03:57:55.388,0.69857,0.69865,1.00,1.00
2017.03.31 03:58:05.060,0.69857,0.69866,1.00,1.00
2017.03.31 03:58:05.639,0.69857,0.69867,1.50,1.00
2017.03.31 03:58:23.615,0.69857,0.69866,1.50,1.00
2017.03.31 03:58:24.145,0.69856,0.69866,1.00,1.00
2017.03.31 03:58:24.726,0.69855,0.69865,1.12,1.00
2017.03.31 03:58:29.026,0.69854,0.69864,1.50,1.00
2017.03.31 03:58:29.781,0.69854,0.69864,1.50,1.00
2017.03.31 03:58:57.280,0.69856,0.69866,1.50,1.12
2017.03.31 03:59:00.802,0.6986,0.69868,1.00,1.50
2017.03.31 03:59:01.177,0.69856,0.69863,1.50,1.00
2017.03.31 03:59:07.866,0.69856,0.69864,1.50,1.00
2017.03.31 03:59:08.426,0.69856,0.69863,1.50,1.00
2017.03.31 03:59:09.792,0.69855,0.69863,1.12,1.00
2017.03.31 03:59:10.658,0.69854,0.69863,1.12,1.00
2017.03.31 03:59:11.276,0.69855,0.69863,1.00,1.00
2017.03.31 03:59:24.375,0.69854,0.69863,1.12,1.00
2017.03.31 03:59:26.272,0.69855,0.69863,1.00,1.00
2017.03.31 03:59:28.762,0.69854,0.69863,1.12,1.00
2017.03.31 03:59:32.332,0.69855,0.69863,1.00,1.00
2017.03.31 03:59:34.127,0.69855,0.69861,1.00,1.00
2017.03.31 03:59:34.330,0.69851,0.69858,1.00,1.00
2017.03.31 03:59:34.481,0.69851,0.69856,1.00,1.00
2017.03.31 03:59:35.583,0.69849,0.69856,1.87,1.00
2017.03.31 03:59:36.962,0.69852,0.69856,1.00,1.00
2017.03.31 03:59:37.013,0.69852,0.69858,1.00,1.00
2017.03.31 03:59:39.563,0.69853,0.69858,1.00,1.00
2017.03.31 03:59:40.082,0.69852,0.69858,1.00,1.00
2017.03.31 03:59:40.767,0.6985,0.69858,1.00,1.00
2017.03.31 03:59:40.868,0.69852,0.69858,1.00,1.00
2017.03.31 03:59:42.390,0.69853,0.69858,1.00,1.00
2017.03.31 03:59:44.111,0.69853,0.69859,1.00,1.00
2017.03.31 03:59:44.755,0.69852,0.69859,1.00,1.00
2017.03.31 03:59:46.885,0.69851,0.69859,1.00,1.00
2017.03.31 03:59:55.375,0.69851,0.6986,1.12,1.00
2017.03.31 03:59:59.552,0.69851,0.69859,1.00,1.00
