2017.03.06 15:00:00.448,0.70101,0.70113,1.50,2.25
2017.03.06 15:00:00.998,0.70102,0.70114,2.25,4.57
2017.03.06 15:00:01.049,0.70102,0.70114,2.25,4.20
2017.03.06 15:00:01.322,0.70102,0.70107,1.00,2.25
2017.03.06 15:00:01.423,0.70097,0.70107,1.50,3.00
2017.03.06 15:00:01.525,0.70096,0.70101,1.12,1.00
2017.03.06 15:00:01.729,0.70092,0.70102,1.50,1.50
2017.03.06 15:00:01.915,0.70093,0.70106,1.00,1.00
2017.03.06 15:00:02.068,0.70094,0.70104,1.00,1.00
2017.03.06 15:00:02.952,0.70094,0.70101,1.50,1.00
2017.03.06 15:00:03.154,0.7009,0.701,2.25,1.00
2017.03.06 15:00:03.256,0.7009,0.701,2.25,1.00
2017.03.06 15:00:03.357,0.70091,0.70102,1.50,1.00
2017.03.06 15:00:03.408,0.70091,0.70104,2.62,1.00
2017.03.06 15:00:03.914,0.70092,0.70105,1.87,1.50
2017.03.06 15:00:04.417,0.70093,0.70102,1.00,1.00
2017.03.06 15:00:04.519,0.70091,0.70101,1.87,1.50
2017.03.06 15:00:04.717,0.70091,0.70099,1.87,1.00
2017.03.06 15:00:05.249,0.7009,0.70101,1.50,1.50
2017.03.06 15:00:05.401,0.70093,0.70102,1.00,1.00
2017.03.06 15:00:05.951,0.70094,0.701,1.00,1.00
2017.03.06 15:00:06.053,0.70089,0.70099,1.50,1.00
2017.03.06 15:00:06.460,0.70093,0.701,1.00,1.00
2017.03.06 15:00:06.511,0.70093,0.70102,1.00,2.25
2017.03.06 15:00:07.056,0.70092,0.70101,1.00,1.00
2017.03.06 15:00:07.641,0.70091,0.70101,1.50,1.00
2017.03.06 15:00:08.154,0.7009,0.701,1.50,1.00
2017.03.06 15:00:08.696,0.70091,0.701,1.00,1.12
2017.03.06 15:00:09.841,0.7009,0.701,1.50,1.12
2017.03.06 15:00:10.144,0.70093,0.701,1.00,1.12
2017.03.06 15:00:10.347,0.70091,0.70101,1.00,1.00
2017.03.06 15:00:10.449,0.70093,0.70102,1.50,1.50
2017.03.06 15:00:10.951,0.70093,0.70102,1.00,1.00
2017.03.06 15:00:11.305,0.70093,0.70099,1.00,1.00
2017.03.06 15:00:11.407,0.70089,0.70097,2.62,1.00
2017.03.06 15:00:11.954,0.70088,0.70097,1.00,1.50
2017.03.06 15:00:12.611,0.70087,0.70097,2.25,1.50
2017.03.06 15:00:12.712,0.70089,0.70097,1.00,1.50
2017.03.06 15:00:13.028,0.70086,0.70093,1.87,1.12
2017.03.06 15:00:13.079,0.7009,0.701,1.50,1.50
2017.03.06 15:00:13.181,0.70091,0.70102,1.00,1.50
2017.03.06 15:00:13.721,0.7009,0.70101,1.00,1.00
2017.03.06 15:00:14.340,0.70091,0.70101,1.50,1.00
2017.03.06 15:00:15.370,0.7009,0.70101,3.00,1.00
2017.03.06 15:00:15.795,0.70092,0.70101,1.00,1.00
2017.03.06 15:00:16.561,0.70092,0.701,1.00,2.25
2017.03.06 15:00:16.612,0.70092,0.70102,1.50,1.00
2017.03.06 15:00:16.663,0.70094,0.70101,1.00,1.00
2017.03.06 15:00:16.863,0.70094,0.70103,1.00,1.00
2017.03.06 15:00:17.394,0.70093,0.70103,1.50,1.00
2017.03.06 15:00:17.647,0.70097,0.70105,1.50,1.12
2017.03.06 15:00:17.963,0.70103,0.70107,1.00,1.00
2017.03.06 15:00:18.166,0.70106,0.70115,1.12,1.50
2017.03.06 15:00:18.217,0.70108,0.70115,1.00,1.00
2017.03.06 15:00:18.801,0.70108,0.70116,4.12,1.00
2017.03.06 15:00:19.104,0.70114,0.70119,1.00,1.00
2017.03.06 15:00:19.366,0.70114,0.70123,1.00,1.50
2017.03.06 15:00:19.417,0.70112,0.70118,1.37,1.00
2017.03.06 15:00:19.467,0.70111,0.70119,2.25,1.00
2017.03.06 15:00:20.015,0.70111,0.70118,3.00,1.00
2017.03.06 15:00:20.217,0.70112,0.7012,1.00,1.00
2017.03.06 15:00:20.319,0.70111,0.70122,3.00,1.00
2017.03.06 15:00:20.814,0.70113,0.70122,1.00,1.00
2017.03.06 15:00:21.219,0.70111,0.70122,3.00,1.00
2017.03.06 15:00:21.465,0.70113,0.70122,1.00,1.00
2017.03.06 15:00:21.983,0.70113,0.70123,1.87,1.00
2017.03.06 15:00:22.287,0.70111,0.70121,1.50,1.12
2017.03.06 15:00:22.834,0.70112,0.70122,1.00,1.12
2017.03.06 15:00:23.317,0.70111,0.7012,1.50,1.00
2017.03.06 15:00:23.985,0.70112,0.7012,1.00,1.50
2017.03.06 15:00:24.304,0.70109,0.70117,1.00,1.00
2017.03.06 15:00:24.608,0.701,0.7011,2.25,1.00
2017.03.06 15:00:24.660,0.701,0.7011,1.50,1.00
2017.03.06 15:00:24.761,0.70099,0.70108,2.25,1.00
2017.03.06 15:00:26.064,0.70099,0.70109,1.00,1.00
2017.03.06 15:00:26.570,0.70098,0.70109,3.75,1.00
2017.03.06 15:00:30.089,0.70097,0.70106,3.75,1.50
2017.03.06 15:00:30.291,0.70095,0.70104,1.00,1.12
2017.03.06 15:00:30.827,0.70094,0.70104,1.50,1.00
2017.03.06 15:00:31.333,0.70095,0.70105,1.50,1.00
2017.03.06 15:00:31.836,0.70096,0.70106,1.00,1.12
2017.03.06 15:00:32.200,0.70098,0.70106,1.00,1.50
2017.03.06 15:00:32.834,0.70097,0.70106,1.00,1.00
2017.03.06 15:00:33.629,0.70098,0.70106,1.00,1.50
2017.03.06 15:00:34.209,0.70097,0.70106,1.00,1.00
2017.03.06 15:00:34.710,0.70098,0.70106,1.00,1.50
2017.03.06 15:00:35.213,0.70097,0.70106,1.00,1.50
2017.03.06 15:00:36.026,0.70098,0.70106,1.00,2.25
2017.03.06 15:00:36.527,0.70097,0.70106,1.00,1.50
2017.03.06 15:00:36.836,0.70095,0.70104,1.00,1.50
2017.03.06 15:00:37.089,0.70091,0.70101,3.75,1.00
2017.03.06 15:00:37.700,0.70092,0.70101,1.00,1.12
2017.03.06 15:00:38.263,0.70091,0.70101,1.50,1.12
2017.03.06 15:00:38.774,0.70092,0.70101,1.00,1.12
2017.03.06 15:00:39.281,0.70091,0.70101,1.50,1.12
2017.03.06 15:00:41.674,0.70092,0.70102,1.00,3.00
2017.03.06 15:00:41.978,0.70094,0.70103,1.00,3.75
2017.03.06 15:00:42.282,0.70097,0.70106,1.50,2.25
2017.03.06 15:00:42.518,0.70099,0.70107,2.25,1.00
2017.03.06 15:00:42.570,0.70101,0.70106,1.00,1.00
2017.03.06 15:00:42.621,0.70102,0.70111,1.00,2.25
2017.03.06 15:00:43.314,0.70102,0.7011,1.00,1.00
2017.03.06 15:00:43.822,0.70102,0.70111,1.00,1.00
2017.03.06 15:00:45.205,0.70102,0.7011,1.00,1.00
2017.03.06 15:00:45.879,0.70102,0.70111,1.00,1.00
2017.03.06 15:00:46.422,0.70105,0.70111,1.00,1.00
2017.03.06 15:00:46.575,0.70103,0.70111,1.00,1.00
2017.03.06 15:00:46.626,0.70104,0.70111,1.00,1.75
2017.03.06 15:00:46.727,0.70104,0.70112,1.00,1.00
2017.03.06 15:00:47.296,0.70103,0.70112,1.50,1.50
2017.03.06 15:00:47.347,0.70103,0.70107,1.00,1.00
2017.03.06 15:00:47.457,0.70101,0.70107,1.50,1.00
2017.03.06 15:00:47.508,0.70099,0.70105,1.37,1.00
2017.03.06 15:00:47.610,0.70099,0.70109,1.00,2.25
2017.03.06 15:00:47.661,0.70101,0.70107,1.00,1.12
2017.03.06 15:00:48.117,0.70101,0.70109,1.00,1.87
2017.03.06 15:00:48.421,0.70102,0.70111,1.00,1.87
2017.03.06 15:00:48.522,0.70105,0.70114,1.00,1.85
2017.03.06 15:00:48.675,0.70104,0.70113,2.25,1.00
2017.03.06 15:00:49.322,0.70104,0.70112,1.00,1.00
2017.03.06 15:00:50.150,0.70105,0.70112,1.00,1.00
2017.03.06 15:00:50.709,0.70104,0.70112,1.00,1.00
2017.03.06 15:00:51.295,0.70105,0.70112,1.00,1.00
2017.03.06 15:00:51.816,0.70103,0.70112,1.50,1.50
2017.03.06 15:00:52.257,0.70101,0.70111,1.00,2.25
2017.03.06 15:00:52.788,0.70102,0.7011,1.00,1.12
2017.03.06 15:00:53.331,0.70101,0.70111,1.00,3.75
2017.03.06 15:00:54.383,0.70102,0.7011,1.00,1.87
2017.03.06 15:00:54.927,0.70101,0.7011,1.00,1.12
2017.03.06 15:00:55.333,0.70102,0.70108,1.00,1.00
2017.03.06 15:00:55.384,0.70099,0.70109,1.50,1.00
2017.03.06 15:00:55.900,0.70099,0.7011,2.25,2.62
2017.03.06 15:00:56.464,0.70099,0.70109,1.50,1.00
2017.03.06 15:00:56.997,0.70099,0.7011,1.50,3.37
2017.03.06 15:00:57.792,0.70099,0.70105,1.50,1.37
2017.03.06 15:00:57.995,0.70094,0.70102,1.50,1.00
2017.03.06 15:00:58.047,0.70097,0.70102,1.00,1.12
2017.03.06 15:00:58.199,0.70095,0.70102,1.00,1.87
2017.03.06 15:00:58.705,0.70096,0.70102,1.00,1.50
2017.03.06 15:00:58.973,0.70098,0.70105,1.00,1.75
2017.03.06 15:00:59.024,0.70097,0.70107,1.50,3.75
2017.03.06 15:00:59.075,0.70103,0.70107,1.00,1.00
2017.03.06 15:00:59.227,0.701,0.70108,1.00,1.00
2017.03.06 15:00:59.734,0.701,0.70109,1.00,1.00
2017.03.06 15:01:00.681,0.70099,0.70108,2.25,1.00
2017.03.06 15:01:01.602,0.70099,0.70107,2.25,1.00
2017.03.06 15:01:02.224,0.70099,0.70108,2.25,1.00
2017.03.06 15:01:02.953,0.70099,0.70109,2.25,1.50
2017.03.06 15:01:03.623,0.70099,0.70108,2.25,1.50
2017.03.06 15:01:03.816,0.701,0.7011,2.25,1.50
2017.03.06 15:01:03.917,0.70104,0.70112,2.25,1.50
2017.03.06 15:01:04.221,0.70108,0.70119,1.00,3.75
2017.03.06 15:01:04.737,0.70109,0.70119,1.00,1.50
2017.03.06 15:01:05.245,0.70109,0.70118,1.00,1.00
2017.03.06 15:01:07.830,0.7011,0.70118,1.00,1.00
2017.03.06 15:01:07.881,0.7011,0.7012,1.00,1.12
2017.03.06 15:01:08.382,0.70111,0.7012,3.00,1.00
2017.03.06 15:01:09.461,0.70112,0.7012,1.00,1.00
2017.03.06 15:01:09.967,0.70111,0.7012,3.75,1.00
2017.03.06 15:01:11.717,0.70109,0.70113,1.00,1.12
2017.03.06 15:01:11.768,0.70106,0.70113,1.50,1.00
2017.03.06 15:01:11.819,0.7011,0.70116,1.00,1.00
2017.03.06 15:01:11.921,0.7011,0.70119,1.50,1.50
2017.03.06 15:01:12.103,0.7011,0.7012,1.50,1.12
2017.03.06 15:01:12.255,0.70112,0.70119,1.00,1.00
2017.03.06 15:01:12.508,0.7011,0.70119,1.50,1.50
2017.03.06 15:01:13.018,0.70111,0.7012,1.00,1.00
2017.03.06 15:01:14.869,0.70112,0.7012,1.00,1.12
2017.03.06 15:01:19.098,0.70111,0.70121,1.00,3.00
2017.03.06 15:01:19.604,0.70111,0.70121,1.50,1.50
2017.03.06 15:01:20.123,0.70111,0.7012,1.00,1.00
2017.03.06 15:01:21.706,0.70111,0.70121,1.00,2.25
2017.03.06 15:01:22.334,0.70112,0.70121,1.00,2.25
2017.03.06 15:01:24.926,0.70112,0.70117,1.00,1.95
2017.03.06 15:01:24.977,0.70111,0.70119,1.00,2.25
2017.03.06 15:01:25.332,0.70112,0.70122,1.00,3.00
2017.03.06 15:01:25.534,0.70114,0.70122,1.00,1.00
2017.03.06 15:01:25.913,0.70114,0.70124,1.00,1.87
2017.03.06 15:01:26.065,0.70116,0.70124,1.00,1.12
2017.03.06 15:01:26.320,0.70116,0.70126,1.00,1.87
2017.03.06 15:01:26.835,0.70117,0.70127,1.00,3.00
2017.03.06 15:01:27.336,0.70118,0.70127,1.00,1.00
2017.03.06 15:01:28.181,0.70118,0.70126,1.00,1.00
2017.03.06 15:01:29.444,0.70118,0.70128,1.00,3.75
2017.03.06 15:01:29.545,0.7012,0.70131,2.25,4.12
2017.03.06 15:01:29.849,0.70122,0.70131,1.00,1.00
2017.03.06 15:01:30.498,0.70123,0.70131,1.00,1.00
2017.03.06 15:01:31.011,0.70122,0.70131,2.25,1.00
2017.03.06 15:01:31.616,0.70122,0.70132,1.50,2.25
2017.03.06 15:01:32.157,0.70123,0.70132,1.00,1.50
2017.03.06 15:01:34.289,0.70122,0.70132,1.00,3.00
2017.03.06 15:01:34.796,0.70123,0.7013,1.00,1.00
2017.03.06 15:01:35.321,0.70122,0.70131,1.00,1.00
2017.03.06 15:01:35.986,0.70123,0.70131,1.00,1.12
2017.03.06 15:01:36.596,0.70122,0.70131,1.00,1.00
2017.03.06 15:01:38.949,0.70123,0.70131,1.50,1.00
2017.03.06 15:01:39.482,0.70122,0.70131,1.00,1.00
2017.03.06 15:01:40.686,0.70123,0.70131,1.00,1.00
2017.03.06 15:01:41.284,0.70122,0.70131,1.50,1.00
2017.03.06 15:01:41.788,0.70123,0.70131,1.00,1.00
2017.03.06 15:01:42.320,0.70122,0.70131,1.50,1.00
2017.03.06 15:01:43.104,0.70123,0.70131,1.00,1.00
2017.03.06 15:01:43.619,0.70122,0.70131,2.25,1.00
2017.03.06 15:01:46.014,0.70123,0.70131,1.00,1.00
2017.03.06 15:01:46.524,0.70122,0.70131,1.50,1.00
2017.03.06 15:01:47.651,0.70123,0.70131,1.00,1.50
2017.03.06 15:01:48.113,0.70128,0.70133,1.50,1.00
2017.03.06 15:01:48.359,0.7013,0.70137,1.50,1.00
2017.03.06 15:01:48.411,0.7013,0.70139,2.25,1.00
2017.03.06 15:01:48.462,0.70131,0.70141,1.00,3.00
2017.03.06 15:01:48.513,0.70133,0.70141,1.00,1.00
2017.03.06 15:01:49.019,0.70132,0.70141,2.25,1.50
2017.03.06 15:01:49.568,0.70133,0.70142,1.50,1.37
2017.03.06 15:01:50.075,0.70132,0.70141,2.25,1.00
2017.03.06 15:01:51.028,0.70132,0.7014,1.00,1.00
2017.03.06 15:01:51.671,0.70133,0.7014,1.00,1.00
2017.03.06 15:01:52.202,0.70132,0.7014,1.00,1.00
2017.03.06 15:01:52.747,0.70133,0.7014,1.00,1.00
2017.03.06 15:01:53.375,0.70132,0.7014,1.00,1.00
2017.03.06 15:01:54.181,0.70133,0.7014,1.00,1.00
2017.03.06 15:01:54.770,0.70132,0.7014,1.00,1.00
2017.03.06 15:01:55.226,0.70135,0.7014,1.00,1.00
2017.03.06 15:01:55.866,0.70136,0.7014,1.00,1.00
2017.03.06 15:01:56.691,0.70135,0.7014,1.00,1.00
2017.03.06 15:01:57.235,0.70133,0.7014,1.00,1.00
2017.03.06 15:01:57.736,0.70132,0.7014,1.00,1.00
2017.03.06 15:01:58.275,0.70131,0.7014,1.50,1.00
2017.03.06 15:01:58.632,0.70129,0.70133,1.00,1.00
2017.03.06 15:01:58.683,0.70126,0.70134,1.87,1.87
2017.03.06 15:01:58.784,0.7013,0.70135,1.00,2.25
2017.03.06 15:01:59.054,0.70129,0.70137,1.50,1.00
2017.03.06 15:01:59.619,0.70129,0.70139,1.00,1.50
2017.03.06 15:02:00.170,0.70129,0.70138,1.00,1.00
2017.03.06 15:02:00.735,0.7013,0.70137,1.00,1.00
2017.03.06 15:02:01.299,0.70129,0.70138,1.00,1.00
2017.03.06 15:02:01.703,0.7013,0.70135,1.00,1.00
2017.03.06 15:02:01.988,0.70126,0.70133,1.12,1.00
2017.03.06 15:02:02.193,0.70126,0.7013,1.00,1.00
2017.03.06 15:02:02.731,0.70125,0.7013,1.00,1.00
2017.03.06 15:02:03.477,0.70126,0.7013,1.00,1.50
2017.03.06 15:02:03.732,0.70122,0.7013,3.15,1.00
2017.03.06 15:02:03.935,0.70124,0.7013,1.00,1.00
2017.03.06 15:02:04.719,0.70123,0.7013,1.00,1.50
2017.03.06 15:02:05.242,0.70124,0.7013,1.00,1.00
2017.03.06 15:02:06.474,0.70125,0.7013,1.00,1.00
2017.03.06 15:02:07.053,0.70125,0.70131,1.00,1.00
2017.03.06 15:02:07.733,0.70124,0.70131,1.00,1.00
2017.03.06 15:02:08.263,0.70123,0.70131,1.50,1.00
2017.03.06 15:02:08.639,0.70125,0.70131,1.00,1.00
2017.03.06 15:02:09.272,0.70123,0.70131,1.50,1.00
2017.03.06 15:02:10.015,0.70125,0.70131,1.00,1.50
2017.03.06 15:02:11.564,0.70126,0.70133,1.50,1.00
2017.03.06 15:02:11.768,0.70127,0.70135,1.00,1.50
2017.03.06 15:02:11.819,0.70125,0.70133,1.50,1.00
2017.03.06 15:02:12.021,0.70124,0.70133,3.00,1.50
2017.03.06 15:02:12.568,0.70124,0.70132,1.50,1.00
2017.03.06 15:02:13.115,0.70125,0.70132,1.00,1.00
2017.03.06 15:02:13.623,0.70125,0.70133,1.00,2.25
2017.03.06 15:02:14.791,0.70126,0.70133,1.00,1.12
2017.03.06 15:02:15.045,0.70127,0.70135,2.62,1.00
2017.03.06 15:02:16.006,0.70129,0.70135,1.00,1.00
2017.03.06 15:02:16.426,0.70127,0.70135,2.25,1.00
2017.03.06 15:02:17.752,0.70128,0.70135,1.00,1.00
2017.03.06 15:02:20.661,0.7013,0.70135,1.00,1.00
2017.03.06 15:02:21.983,0.70129,0.70135,1.00,1.00
2017.03.06 15:02:23.373,0.7013,0.70135,1.00,1.00
2017.03.06 15:02:24.058,0.70129,0.70135,1.50,1.00
2017.03.06 15:02:26.882,0.7013,0.70135,1.00,1.00
2017.03.06 15:02:27.426,0.70129,0.70135,1.00,1.00
2017.03.06 15:02:28.693,0.70127,0.70135,1.00,1.00
2017.03.06 15:02:29.266,0.70126,0.70134,2.62,1.00
2017.03.06 15:02:29.459,0.70126,0.70131,1.12,1.00
2017.03.06 15:02:29.726,0.70123,0.70131,1.50,1.50
2017.03.06 15:02:30.130,0.70123,0.70129,1.00,1.00
2017.03.06 15:02:30.683,0.70122,0.70129,2.25,1.00
2017.03.06 15:02:32.432,0.70123,0.70129,1.00,1.00
2017.03.06 15:02:32.942,0.70122,0.70129,1.50,1.00
2017.03.06 15:02:34.526,0.70123,0.70129,1.00,1.00
2017.03.06 15:02:35.433,0.70122,0.70129,1.00,1.00
2017.03.06 15:02:37.867,0.70123,0.70129,1.00,1.00
2017.03.06 15:02:38.387,0.70122,0.70129,1.50,1.00
2017.03.06 15:02:42.585,0.7012,0.70125,1.00,4.87
2017.03.06 15:02:42.687,0.70116,0.70123,3.75,1.00
2017.03.06 15:02:42.738,0.70114,0.70121,3.75,1.00
2017.03.06 15:02:42.789,0.70114,0.70121,3.37,1.00
2017.03.06 15:02:43.294,0.70112,0.7012,1.00,1.00
2017.03.06 15:02:43.860,0.70111,0.7012,2.25,1.00
2017.03.06 15:02:45.131,0.70112,0.7012,1.00,1.00
2017.03.06 15:02:45.934,0.70112,0.7012,1.37,1.00
2017.03.06 15:02:47.518,0.70112,0.7012,2.62,1.00
2017.03.06 15:02:48.054,0.70113,0.7012,1.00,1.00
2017.03.06 15:02:48.370,0.70113,0.70122,3.00,1.00
2017.03.06 15:02:49.376,0.70114,0.70123,1.50,1.37
2017.03.06 15:02:49.427,0.70117,0.70123,1.00,1.37
2017.03.06 15:02:49.777,0.70121,0.70129,1.00,1.12
2017.03.06 15:02:50.283,0.70122,0.7013,1.00,1.00
2017.03.06 15:02:53.479,0.70121,0.7013,1.50,1.50
2017.03.06 15:02:53.985,0.70121,0.70129,1.00,2.25
2017.03.06 15:02:54.775,0.70122,0.70129,1.00,1.50
2017.03.06 15:02:55.321,0.70121,0.70129,1.00,1.50
2017.03.06 15:02:56.700,0.70122,0.70129,1.00,1.50
2017.03.06 15:02:57.290,0.70121,0.70129,1.00,2.25
2017.03.06 15:02:58.097,0.70122,0.70129,1.00,1.00
2017.03.06 15:02:58.663,0.70121,0.70129,1.00,1.00
2017.03.06 15:02:59.298,0.70122,0.70129,1.00,1.00
2017.03.06 15:02:59.985,0.70121,0.70129,1.00,1.00
2017.03.06 15:03:01.215,0.70122,0.70129,1.00,1.00
2017.03.06 15:03:01.877,0.70121,0.70129,1.50,1.00
2017.03.06 15:03:02.538,0.70122,0.70129,1.00,1.00
2017.03.06 15:03:03.217,0.70121,0.70129,1.50,1.00
2017.03.06 15:03:04.244,0.70122,0.70129,1.00,1.00
2017.03.06 15:03:04.842,0.70121,0.70129,2.25,1.00
2017.03.06 15:03:05.635,0.70122,0.70129,1.00,1.00
2017.03.06 15:03:07.000,0.70121,0.70129,3.00,1.00
2017.03.06 15:03:07.608,0.70122,0.70129,1.00,1.50
2017.03.06 15:03:08.479,0.70121,0.70129,1.00,1.00
2017.03.06 15:03:09.087,0.70122,0.70129,1.00,1.00
2017.03.06 15:03:09.704,0.70121,0.70129,1.00,1.00
2017.03.06 15:03:10.278,0.70122,0.70129,1.00,1.50
2017.03.06 15:03:10.783,0.70121,0.70129,1.00,1.00
2017.03.06 15:03:11.290,0.70122,0.70129,1.00,1.00
2017.03.06 15:03:11.920,0.7012,0.70125,1.50,1.37
2017.03.06 15:03:11.971,0.70118,0.70124,1.12,1.00
2017.03.06 15:03:12.173,0.70116,0.70123,1.00,2.25
2017.03.06 15:03:12.325,0.70114,0.70122,1.50,1.00
2017.03.06 15:03:12.827,0.70113,0.70121,1.00,1.00
2017.03.06 15:03:13.356,0.70114,0.70121,1.00,1.00
2017.03.06 15:03:13.863,0.70113,0.70121,1.00,1.00
2017.03.06 15:03:14.067,0.70114,0.70119,1.00,1.00
2017.03.06 15:03:14.584,0.70113,0.70119,1.00,1.00
2017.03.06 15:03:15.421,0.70114,0.70119,1.00,1.12
2017.03.06 15:03:16.082,0.70113,0.7012,1.00,1.00
2017.03.06 15:03:18.777,0.70113,0.70121,1.12,1.87
2017.03.06 15:03:19.352,0.70113,0.7012,1.00,1.00
2017.03.06 15:03:19.606,0.70109,0.70117,1.50,3.00
2017.03.06 15:03:19.708,0.70109,0.70115,1.00,2.25
2017.03.06 15:03:19.963,0.70111,0.70118,1.50,1.00
2017.03.06 15:03:20.065,0.70111,0.7012,1.50,4.12
2017.03.06 15:03:20.830,0.70111,0.70119,1.00,1.00
2017.03.06 15:03:21.312,0.7011,0.70116,1.00,1.50
2017.03.06 15:03:21.565,0.70106,0.70114,1.50,1.00
2017.03.06 15:03:22.106,0.70105,0.70115,3.75,1.00
2017.03.06 15:03:22.612,0.70105,0.70114,1.50,1.00
2017.03.06 15:03:23.412,0.70105,0.70113,1.00,1.00
2017.03.06 15:03:23.976,0.70106,0.70113,1.00,1.12
2017.03.06 15:03:24.439,0.70102,0.70113,3.00,2.62
2017.03.06 15:03:25.042,0.70102,0.70112,2.25,1.12
2017.03.06 15:03:25.584,0.70103,0.70112,1.00,1.12
2017.03.06 15:03:26.172,0.70103,0.70113,2.25,1.50
2017.03.06 15:03:27.782,0.70103,0.70113,1.50,3.75
2017.03.06 15:03:29.211,0.70104,0.70113,1.00,1.87
2017.03.06 15:03:31.255,0.70105,0.70113,1.00,1.37
2017.03.06 15:03:31.306,0.70108,0.70115,1.00,3.00
2017.03.06 15:03:31.408,0.7011,0.70118,2.62,2.25
2017.03.06 15:03:31.459,0.70113,0.70119,1.00,1.37
2017.03.06 15:03:31.514,0.70113,0.70119,1.00,1.00
2017.03.06 15:03:31.588,0.70113,0.70121,1.00,1.50
2017.03.06 15:03:32.104,0.70114,0.70121,2.25,1.00
2017.03.06 15:03:34.284,0.70114,0.70122,1.00,2.25
2017.03.06 15:03:34.809,0.70115,0.70122,1.00,2.25
2017.03.06 15:03:35.267,0.70117,0.70123,1.00,1.12
2017.03.06 15:03:35.521,0.7012,0.70127,1.12,1.00
2017.03.06 15:03:35.572,0.7012,0.70129,1.12,1.87
2017.03.06 15:03:36.102,0.70121,0.70129,1.00,1.00
2017.03.06 15:03:36.154,0.70121,0.70129,1.75,1.00
2017.03.06 15:03:36.409,0.70121,0.70129,1.87,1.00
2017.03.06 15:03:37.003,0.70122,0.70129,1.00,1.00
2017.03.06 15:03:37.530,0.70121,0.70129,1.12,1.00
2017.03.06 15:03:40.415,0.70123,0.70129,1.00,1.00
2017.03.06 15:03:40.516,0.70121,0.70129,1.87,1.00
2017.03.06 15:03:41.062,0.70122,0.70129,1.12,1.00
2017.03.06 15:03:41.284,0.70122,0.70131,1.12,1.50
2017.03.06 15:03:42.221,0.70127,0.70131,1.00,1.00
2017.03.06 15:03:42.351,0.70126,0.70133,2.25,1.00
2017.03.06 15:03:42.408,0.7013,0.70135,1.12,1.50
2017.03.06 15:03:42.560,0.7013,0.70138,1.87,1.12
2017.03.06 15:03:42.611,0.7013,0.7014,1.87,1.00
2017.03.06 15:03:43.331,0.70131,0.7014,1.00,1.00
2017.03.06 15:03:43.881,0.70131,0.70141,1.87,1.00
2017.03.06 15:03:44.446,0.70132,0.70141,1.00,2.25
2017.03.06 15:03:46.486,0.70131,0.70141,2.25,1.00
2017.03.06 15:03:47.078,0.70132,0.70141,1.00,1.00
2017.03.06 15:03:47.763,0.70131,0.70141,1.50,1.00
2017.03.06 15:03:48.734,0.70132,0.70141,2.25,1.00
2017.03.06 15:03:49.536,0.70134,0.70141,1.00,1.00
2017.03.06 15:03:49.840,0.70137,0.70144,1.00,1.87
2017.03.06 15:03:51.333,0.70137,0.70145,1.50,2.25
2017.03.06 15:03:52.440,0.70138,0.70145,1.00,2.25
2017.03.06 15:03:54.664,0.70138,0.70144,1.00,1.00
2017.03.06 15:03:55.564,0.7014,0.70144,1.00,1.00
2017.03.06 15:03:56.004,0.7014,0.70146,1.00,1.50
2017.03.06 15:03:56.055,0.70142,0.70147,1.00,1.00
2017.03.06 15:03:56.157,0.70142,0.70149,1.00,1.00
2017.03.06 15:03:56.317,0.70145,0.70151,1.00,2.62
2017.03.06 15:03:56.824,0.70144,0.70151,1.00,1.00
2017.03.06 15:03:57.370,0.70143,0.7015,1.00,1.00
2017.03.06 15:03:57.915,0.70142,0.7015,1.00,1.00
2017.03.06 15:03:58.251,0.70136,0.70144,3.37,1.50
2017.03.06 15:03:58.435,0.70136,0.70143,2.25,1.50
2017.03.06 15:03:58.639,0.70135,0.70141,1.00,1.00
2017.03.06 15:03:58.842,0.70133,0.7014,1.00,1.00
2017.03.06 15:03:59.603,0.70132,0.7014,1.00,1.00
2017.03.06 15:04:00.132,0.70131,0.70139,4.12,1.00
2017.03.06 15:04:00.762,0.70134,0.70139,1.00,1.00
2017.03.06 15:04:01.310,0.70134,0.7014,1.00,1.00
2017.03.06 15:04:03.322,0.70132,0.7014,1.50,1.00
2017.03.06 15:04:05.718,0.70131,0.7014,2.25,1.50
2017.03.06 15:04:11.177,0.70133,0.7014,1.00,1.50
2017.03.06 15:04:17.917,0.70132,0.7014,1.00,1.50
2017.03.06 15:04:19.346,0.70129,0.70134,4.87,1.37
2017.03.06 15:04:19.505,0.70127,0.70133,1.00,1.00
2017.03.06 15:04:19.606,0.70124,0.70131,1.67,1.00
2017.03.06 15:04:19.910,0.70122,0.7013,1.00,1.00
2017.03.06 15:04:20.971,0.70121,0.7013,1.00,1.00
2017.03.06 15:04:21.920,0.70123,0.7013,1.00,1.00
2017.03.06 15:04:27.001,0.70123,0.70129,1.00,1.00
2017.03.06 15:04:27.550,0.70122,0.70129,1.00,1.00
2017.03.06 15:04:29.765,0.70124,0.70129,1.00,1.00
2017.03.06 15:04:32.103,0.70124,0.7013,1.00,1.00
2017.03.06 15:04:40.176,0.70126,0.70131,1.00,1.00
2017.03.06 15:04:40.378,0.70128,0.70134,1.00,1.12
2017.03.06 15:04:40.480,0.70128,0.70136,1.00,1.87
2017.03.06 15:04:40.834,0.70128,0.70134,1.00,1.00
2017.03.06 15:04:41.783,0.70127,0.70134,1.12,1.00
2017.03.06 15:04:42.362,0.70128,0.70134,1.00,1.00
2017.03.06 15:04:43.124,0.70128,0.70136,1.00,1.50
2017.03.06 15:04:43.376,0.70127,0.70134,1.00,1.00
2017.03.06 15:04:44.019,0.70126,0.70134,3.00,1.00
2017.03.06 15:04:45.915,0.70126,0.70136,3.75,2.25
2017.03.06 15:04:46.016,0.70129,0.70136,1.00,1.00
2017.03.06 15:04:48.213,0.70129,0.70137,1.00,1.50
2017.03.06 15:04:50.251,0.70128,0.70137,1.50,1.50
2017.03.06 15:04:50.555,0.70127,0.70135,1.00,1.00
2017.03.06 15:04:50.777,0.70125,0.70135,3.00,1.12
2017.03.06 15:04:50.828,0.70125,0.70132,1.00,1.00
2017.03.06 15:04:51.354,0.70124,0.70132,2.25,1.12
2017.03.06 15:04:52.154,0.70123,0.70132,1.00,1.12
2017.03.06 15:04:52.466,0.70122,0.7013,2.25,1.00
2017.03.06 15:04:52.837,0.7012,0.70128,3.75,1.00
2017.03.06 15:04:53.090,0.7012,0.7013,1.50,3.00
2017.03.06 15:04:53.882,0.7012,0.70129,1.00,1.00
2017.03.06 15:04:56.423,0.70121,0.70129,1.00,1.00
2017.03.06 15:04:57.888,0.7012,0.70129,1.00,1.00
2017.03.06 15:05:02.197,0.7012,0.70124,1.00,2.25
2017.03.06 15:05:02.248,0.70118,0.70124,1.00,1.00
2017.03.06 15:05:02.299,0.70115,0.70123,1.00,1.12
2017.03.06 15:05:02.350,0.70113,0.70122,4.12,1.00
2017.03.06 15:05:02.769,0.70113,0.70119,1.50,1.00
2017.03.06 15:05:03.311,0.70112,0.70119,1.00,1.00
2017.03.06 15:05:03.849,0.70111,0.70119,1.50,1.00
2017.03.06 15:05:04.950,0.70111,0.7012,1.50,2.25
2017.03.06 15:05:05.629,0.70111,0.70119,1.50,1.00
2017.03.06 15:05:06.178,0.70111,0.7012,2.25,1.50
2017.03.06 15:05:10.768,0.70111,0.70119,1.50,1.00
2017.03.06 15:05:11.462,0.70111,0.7012,1.50,2.25
2017.03.06 15:05:13.281,0.70111,0.70119,1.00,1.00
2017.03.06 15:05:13.586,0.70106,0.70113,2.25,1.87
2017.03.06 15:05:13.680,0.70103,0.70111,2.25,1.00
2017.03.06 15:05:14.198,0.70104,0.70111,1.00,1.50
2017.03.06 15:05:14.709,0.70103,0.70111,1.00,1.50
2017.03.06 15:05:15.465,0.70101,0.70111,1.50,1.00
2017.03.06 15:05:16.006,0.70102,0.70111,1.50,1.12
2017.03.06 15:05:16.560,0.70103,0.70111,1.00,1.00
2017.03.06 15:05:17.326,0.70103,0.70112,1.00,1.50
2017.03.06 15:05:18.197,0.70103,0.70111,1.50,1.00
2017.03.06 15:05:18.765,0.70103,0.70112,1.00,2.25
2017.03.06 15:05:19.223,0.70103,0.7011,1.50,1.00
2017.03.06 15:05:20.336,0.70103,0.70111,1.00,1.50
2017.03.06 15:05:20.906,0.70103,0.7011,1.50,1.00
2017.03.06 15:05:21.456,0.70103,0.70111,1.00,1.50
2017.03.06 15:05:22.401,0.70103,0.7011,1.50,1.00
2017.03.06 15:05:24.045,0.70103,0.70111,1.00,1.50
2017.03.06 15:05:24.248,0.70104,0.70113,1.50,1.50
2017.03.06 15:05:24.653,0.70106,0.70113,1.00,1.50
2017.03.06 15:05:24.973,0.70108,0.70114,1.00,1.00
2017.03.06 15:05:25.530,0.70107,0.70114,1.50,1.00
2017.03.06 15:05:26.036,0.70108,0.70116,1.00,1.50
2017.03.06 15:05:26.192,0.70112,0.70117,1.00,1.00
2017.03.06 15:05:26.245,0.70112,0.70119,1.50,1.12
2017.03.06 15:05:27.200,0.70112,0.7012,2.25,1.00
2017.03.06 15:05:27.984,0.70113,0.7012,1.00,1.00
2017.03.06 15:05:30.738,0.70114,0.7012,1.00,1.00
2017.03.06 15:05:30.790,0.70115,0.70123,1.00,1.87
2017.03.06 15:05:30.892,0.70117,0.70126,1.00,1.37
2017.03.06 15:05:30.943,0.70117,0.70126,1.50,1.12
2017.03.06 15:05:30.994,0.70122,0.70128,1.00,1.87
2017.03.06 15:05:31.045,0.70121,0.70128,1.00,1.00
2017.03.06 15:05:31.096,0.70123,0.70128,1.00,1.00
2017.03.06 15:05:31.248,0.70121,0.70128,1.00,1.00
2017.03.06 15:05:31.864,0.70121,0.70127,1.50,1.00
2017.03.06 15:05:35.090,0.70119,0.70125,1.50,1.00
2017.03.06 15:05:35.191,0.70117,0.70124,2.25,1.00
2017.03.06 15:05:36.260,0.70116,0.70124,1.00,1.00
2017.03.06 15:05:36.832,0.70116,0.70125,1.00,3.37
2017.03.06 15:05:37.409,0.70115,0.70124,2.25,1.00
2017.03.06 15:05:38.228,0.70116,0.70124,1.00,1.50
2017.03.06 15:05:41.141,0.70116,0.70124,1.50,2.62
2017.03.06 15:05:41.700,0.70116,0.70124,1.00,1.00
2017.03.06 15:05:45.132,0.70115,0.70124,1.00,1.50
2017.03.06 15:05:46.265,0.70115,0.70122,1.00,1.00
2017.03.06 15:05:46.781,0.70114,0.70122,2.25,1.00
2017.03.06 15:05:53.471,0.70113,0.70122,1.50,1.00
2017.03.06 15:05:54.482,0.70111,0.70117,1.00,3.30
2017.03.06 15:05:54.685,0.70105,0.70113,1.00,1.50
2017.03.06 15:05:54.888,0.70103,0.70111,1.00,1.00
2017.03.06 15:05:55.405,0.70102,0.7011,1.00,1.00
2017.03.06 15:05:55.608,0.70102,0.70112,1.50,2.25
2017.03.06 15:05:55.861,0.70104,0.70112,1.00,1.00
2017.03.06 15:05:56.391,0.70104,0.70113,1.00,1.00
2017.03.06 15:05:57.507,0.70103,0.70111,1.00,1.00
2017.03.06 15:05:58.013,0.70103,0.70113,1.00,3.75
2017.03.06 15:05:58.218,0.70098,0.70108,1.00,3.37
2017.03.06 15:05:58.320,0.701,0.70108,1.00,1.50
2017.03.06 15:05:58.641,0.70103,0.70109,1.00,2.25
2017.03.06 15:05:58.742,0.70101,0.7011,1.00,2.25
2017.03.06 15:05:59.249,0.701,0.7011,1.00,2.25
2017.03.06 15:05:59.558,0.70099,0.70107,1.00,1.00
2017.03.06 15:06:00.125,0.70099,0.70106,1.50,1.00
2017.03.06 15:06:01.996,0.70099,0.70107,1.00,1.00
2017.03.06 15:06:02.495,0.70098,0.70103,2.25,1.00
2017.03.06 15:06:02.597,0.70096,0.70102,4.50,1.00
2017.03.06 15:06:02.648,0.70093,0.701,3.75,1.00
2017.03.06 15:06:02.699,0.70093,0.701,3.75,1.00
2017.03.06 15:06:03.105,0.70094,0.70102,1.00,1.00
2017.03.06 15:06:03.380,0.70093,0.701,1.00,1.00
2017.03.06 15:06:03.898,0.70092,0.701,2.25,1.00
2017.03.06 15:06:04.560,0.70093,0.701,1.00,1.00
2017.03.06 15:06:05.474,0.70095,0.70101,1.00,1.00
2017.03.06 15:06:05.524,0.70093,0.70101,1.87,1.00
2017.03.06 15:06:05.676,0.70095,0.70102,1.00,1.00
2017.03.06 15:06:06.119,0.70093,0.70098,1.87,1.00
2017.03.06 15:06:06.220,0.70091,0.70098,3.15,1.00
2017.03.06 15:06:06.936,0.70092,0.70098,1.50,1.00
2017.03.06 15:06:07.189,0.70093,0.70101,1.00,1.00
2017.03.06 15:06:07.413,0.70095,0.70102,1.00,1.00
2017.03.06 15:06:07.833,0.70097,0.70106,1.50,1.00
2017.03.06 15:06:07.935,0.70099,0.70107,1.50,1.00
2017.03.06 15:06:09.975,0.70097,0.70105,2.62,1.00
2017.03.06 15:06:10.026,0.70096,0.70105,1.65,1.00
2017.03.06 15:06:10.330,0.70098,0.70108,1.00,1.87
2017.03.06 15:06:10.622,0.701,0.70107,1.00,1.00
2017.03.06 15:06:10.825,0.70098,0.70107,1.50,1.00
2017.03.06 15:06:11.241,0.701,0.70107,1.00,1.00
2017.03.06 15:06:25.682,0.70098,0.70107,1.87,1.00
2017.03.06 15:06:25.733,0.70098,0.70105,1.12,1.87
2017.03.06 15:06:26.037,0.70095,0.701,1.00,1.00
2017.03.06 15:06:26.138,0.70093,0.701,1.00,1.00
2017.03.06 15:06:26.648,0.70092,0.701,1.50,1.00
2017.03.06 15:06:27.225,0.70091,0.701,5.85,1.00
2017.03.06 15:06:27.770,0.70092,0.701,1.50,1.00
2017.03.06 15:06:28.333,0.70091,0.701,3.60,1.00
2017.03.06 15:06:29.119,0.70092,0.701,1.00,1.00
2017.03.06 15:06:29.831,0.70091,0.701,1.50,1.00
2017.03.06 15:06:30.183,0.70091,0.70098,1.00,1.00
2017.03.06 15:06:30.539,0.70089,0.70098,3.75,1.00
2017.03.06 15:06:30.767,0.70091,0.70098,1.00,1.00
2017.03.06 15:06:32.823,0.70092,0.70099,1.50,1.00
2017.03.06 15:06:33.026,0.70094,0.70102,3.60,1.00
2017.03.06 15:06:33.548,0.70095,0.70103,1.00,1.00
2017.03.06 15:06:34.077,0.70096,0.70103,1.00,1.00
2017.03.06 15:06:34.729,0.70095,0.70103,1.00,1.00
2017.03.06 15:06:35.952,0.70096,0.70103,1.00,1.00
2017.03.06 15:06:36.257,0.70097,0.70108,3.00,1.50
2017.03.06 15:06:36.358,0.701,0.70107,1.00,1.00
2017.03.06 15:06:36.880,0.70099,0.70107,1.00,1.00
2017.03.06 15:06:37.083,0.70097,0.70107,4.12,1.00
2017.03.06 15:06:38.438,0.70098,0.70106,1.00,1.00
2017.03.06 15:06:44.795,0.70099,0.70108,1.00,1.00
2017.03.06 15:06:45.149,0.70101,0.70108,1.35,1.00
2017.03.06 15:06:45.653,0.70102,0.70108,1.50,1.00
2017.03.06 15:06:46.185,0.70101,0.70108,1.00,1.00
2017.03.06 15:06:49.230,0.70102,0.70109,1.00,1.00
2017.03.06 15:06:49.737,0.70102,0.7011,1.50,1.00
2017.03.06 15:06:56.609,0.70101,0.70109,1.50,1.00
2017.03.06 15:06:56.955,0.701,0.70107,1.50,1.00
2017.03.06 15:06:58.925,0.701,0.70106,1.50,1.00
2017.03.06 15:06:58.976,0.70098,0.70106,3.00,1.00
2017.03.06 15:06:59.128,0.70098,0.70104,1.00,1.00
2017.03.06 15:06:59.179,0.70096,0.70105,1.50,1.00
2017.03.06 15:06:59.686,0.70098,0.70106,1.00,1.00
2017.03.06 15:06:59.996,0.70096,0.70106,2.25,1.00
2017.03.06 15:07:00.552,0.70096,0.70105,2.25,1.00
2017.03.06 15:07:01.058,0.70097,0.70106,1.00,1.00
2017.03.06 15:07:02.834,0.70096,0.70105,2.25,1.00
2017.03.06 15:07:04.432,0.70097,0.70105,1.00,1.00
2017.03.06 15:07:06.472,0.70096,0.70103,1.00,1.00
2017.03.06 15:07:06.927,0.70094,0.70102,1.50,1.00
2017.03.06 15:07:07.130,0.70092,0.70101,3.00,1.00
2017.03.06 15:07:07.632,0.70092,0.701,3.00,1.00
2017.03.06 15:07:08.231,0.70093,0.701,1.00,1.00
2017.03.06 15:07:08.822,0.70093,0.70101,1.00,1.00
2017.03.06 15:07:09.492,0.70095,0.70102,2.25,1.00
2017.03.06 15:07:09.543,0.70097,0.70104,1.12,1.00
2017.03.06 15:07:09.645,0.70099,0.70107,1.50,1.87
2017.03.06 15:07:09.746,0.70099,0.70108,1.00,1.00
2017.03.06 15:07:10.496,0.70097,0.70104,1.00,1.00
2017.03.06 15:07:10.597,0.70095,0.70103,1.12,1.00
2017.03.06 15:07:10.648,0.70093,0.70101,5.85,1.00
2017.03.06 15:07:10.750,0.70092,0.70101,2.25,1.00
2017.03.06 15:07:12.324,0.70092,0.701,1.00,1.00
2017.03.06 15:07:12.593,0.7009,0.70098,2.25,1.00
2017.03.06 15:07:13.135,0.7009,0.70099,2.25,1.12
2017.03.06 15:07:14.923,0.70091,0.701,5.85,1.00
2017.03.06 15:07:15.429,0.70092,0.70101,2.25,1.00
2017.03.06 15:07:16.332,0.70091,0.70101,2.85,1.00
2017.03.06 15:07:16.636,0.70091,0.70099,2.25,1.00
2017.03.06 15:07:17.142,0.70092,0.701,1.00,1.00
2017.03.06 15:07:17.543,0.7009,0.70099,6.60,1.00
2017.03.06 15:07:18.170,0.70091,0.70099,1.00,1.00
2017.03.06 15:07:18.682,0.7009,0.70099,3.60,1.00
2017.03.06 15:07:18.733,0.70092,0.70099,1.00,1.00
2017.03.06 15:07:19.290,0.70092,0.701,1.00,1.00
2017.03.06 15:07:19.824,0.7009,0.70095,1.00,1.00
2017.03.06 15:07:19.874,0.7009,0.70099,1.00,1.12
2017.03.06 15:07:19.925,0.7009,0.70094,1.00,1.00
2017.03.06 15:07:19.977,0.70087,0.70092,2.25,1.00
2017.03.06 15:07:20.451,0.70084,0.70093,2.10,1.00
2017.03.06 15:07:20.955,0.70084,0.70092,1.00,1.00
2017.03.06 15:07:21.460,0.70083,0.70093,2.85,1.00
2017.03.06 15:07:21.721,0.70086,0.70095,1.00,1.00
2017.03.06 15:07:22.326,0.70086,0.70094,1.50,1.00
2017.03.06 15:07:22.378,0.70084,0.70094,1.00,1.00
2017.03.06 15:07:22.530,0.7009,0.70094,1.00,1.00
2017.03.06 15:07:22.581,0.7009,0.70095,1.00,1.50
2017.03.06 15:07:22.684,0.70088,0.70094,1.00,1.00
2017.03.06 15:07:22.785,0.70086,0.70095,1.12,2.25
2017.03.06 15:07:23.292,0.70085,0.70095,2.25,4.50
2017.03.06 15:07:23.499,0.70083,0.70094,2.25,2.62
2017.03.06 15:07:24.279,0.70084,0.70093,1.00,1.50
2017.03.06 15:07:24.789,0.70085,0.70093,1.00,1.00
2017.03.06 15:07:24.965,0.70083,0.70091,1.50,2.25
2017.03.06 15:07:25.167,0.7008,0.70089,2.25,1.00
2017.03.06 15:07:25.673,0.7008,0.70089,1.00,1.50
2017.03.06 15:07:26.526,0.7008,0.70089,1.00,1.00
2017.03.06 15:07:26.981,0.70083,0.70091,1.00,2.62
2017.03.06 15:07:27.284,0.70083,0.70092,1.00,1.00
2017.03.06 15:07:27.335,0.70081,0.70089,2.25,1.87
2017.03.06 15:07:27.487,0.70079,0.70087,1.00,1.87
2017.03.06 15:07:27.893,0.70079,0.70089,1.00,1.50
2017.03.06 15:07:28.479,0.70081,0.7009,1.00,1.00
2017.03.06 15:07:28.581,0.70082,0.70092,1.00,3.00
2017.03.06 15:07:29.088,0.70083,0.7009,1.00,1.00
2017.03.06 15:07:29.391,0.70084,0.70092,1.00,1.00
2017.03.06 15:07:29.637,0.70082,0.70092,3.00,1.00
2017.03.06 15:07:30.143,0.70082,0.70093,3.00,2.62
2017.03.06 15:07:30.721,0.70083,0.70093,1.00,1.87
2017.03.06 15:07:31.461,0.70084,0.70093,1.00,2.62
2017.03.06 15:07:34.153,0.70084,0.70092,1.00,1.00
2017.03.06 15:07:34.664,0.70083,0.70092,1.00,1.00
2017.03.06 15:07:34.867,0.70081,0.70089,1.00,1.00
2017.03.06 15:07:35.075,0.70078,0.70087,1.00,1.00
2017.03.06 15:07:35.709,0.70078,0.70088,1.00,1.12
2017.03.06 15:07:36.470,0.70078,0.70087,1.00,1.00
2017.03.06 15:07:37.104,0.70078,0.70086,1.00,1.00
2017.03.06 15:07:37.625,0.70079,0.70089,1.50,3.37
2017.03.06 15:07:37.974,0.70081,0.70088,1.00,1.50
2017.03.06 15:07:38.329,0.70082,0.7009,1.00,1.00
2017.03.06 15:07:38.835,0.70081,0.70092,1.00,4.12
2017.03.06 15:07:39.354,0.70081,0.7009,1.00,1.12
2017.03.06 15:07:39.859,0.7008,0.70089,1.00,1.00
2017.03.06 15:07:43.209,0.7008,0.70088,1.00,1.00
2017.03.06 15:07:43.361,0.70079,0.70086,1.00,1.00
2017.03.06 15:07:44.189,0.70079,0.70085,1.00,1.00
2017.03.06 15:07:44.240,0.70077,0.70086,1.00,1.50
2017.03.06 15:07:44.843,0.70077,0.70085,1.00,1.50
2017.03.06 15:07:45.358,0.70076,0.70085,1.00,1.00
2017.03.06 15:07:45.721,0.70074,0.70082,1.00,1.00
2017.03.06 15:07:45.945,0.70071,0.70082,1.00,1.50
2017.03.06 15:07:45.996,0.70073,0.70082,1.00,2.25
2017.03.06 15:07:46.531,0.70073,0.70082,1.00,1.00
2017.03.06 15:07:51.111,0.70073,0.70081,1.00,1.00
2017.03.06 15:07:51.670,0.70073,0.70082,1.00,1.12
2017.03.06 15:07:52.377,0.70073,0.70082,1.00,2.25
2017.03.06 15:07:52.940,0.70072,0.70082,1.00,3.75
2017.03.06 15:07:53.446,0.70072,0.70082,1.00,2.62
2017.03.06 15:07:54.797,0.70073,0.70082,1.00,1.00
2017.03.06 15:07:56.194,0.70073,0.70082,1.00,1.37
2017.03.06 15:07:56.714,0.70073,0.70082,1.00,1.00
2017.03.06 15:07:58.400,0.70073,0.70082,2.25,1.00
2017.03.06 15:07:58.604,0.70079,0.70088,1.00,1.00
2017.03.06 15:07:59.142,0.7008,0.70089,1.00,2.25
2017.03.06 15:08:00.463,0.7008,0.70088,1.00,2.25
2017.03.06 15:08:00.975,0.70079,0.70089,1.00,3.00
2017.03.06 15:08:01.610,0.70079,0.70088,1.00,1.50
2017.03.06 15:08:01.662,0.7008,0.7009,1.00,4.87
2017.03.06 15:08:02.838,0.7008,0.70088,1.00,1.00
2017.03.06 15:08:02.940,0.7008,0.7009,1.00,5.25
2017.03.06 15:08:03.572,0.7008,0.70089,1.00,3.00
2017.03.06 15:08:04.112,0.70081,0.70089,1.00,1.00
2017.03.06 15:08:04.631,0.70081,0.70088,1.00,1.00
2017.03.06 15:08:05.209,0.70081,0.70087,1.00,1.00
2017.03.06 15:08:05.750,0.70081,0.70088,1.00,1.00
2017.03.06 15:08:06.504,0.70079,0.70087,1.00,1.00
2017.03.06 15:08:06.835,0.70079,0.70085,1.00,1.00
2017.03.06 15:08:07.533,0.70079,0.70086,1.00,1.00
2017.03.06 15:08:08.042,0.70079,0.70087,1.00,1.00
2017.03.06 15:08:08.818,0.70079,0.70088,1.00,1.00
2017.03.06 15:08:09.329,0.70079,0.70089,1.00,5.62
2017.03.06 15:08:09.948,0.70079,0.70088,1.00,1.00
2017.03.06 15:08:10.503,0.70079,0.70089,1.00,2.62
2017.03.06 15:08:11.163,0.70079,0.70088,1.00,1.00
2017.03.06 15:08:11.823,0.70079,0.70089,1.00,2.62
2017.03.06 15:08:12.459,0.70079,0.70088,1.00,1.00
2017.03.06 15:08:13.006,0.70079,0.70089,1.00,2.62
2017.03.06 15:08:13.669,0.70079,0.70088,1.00,1.00
2017.03.06 15:08:14.321,0.70079,0.70087,1.00,1.00
2017.03.06 15:08:14.826,0.70079,0.70088,1.00,1.00
2017.03.06 15:08:15.502,0.70079,0.70089,1.00,2.62
2017.03.06 15:08:17.795,0.70079,0.70088,1.00,1.50
2017.03.06 15:08:18.437,0.70079,0.70089,1.00,2.62
2017.03.06 15:08:18.964,0.7008,0.7009,1.00,1.50
2017.03.06 15:08:19.472,0.70081,0.7009,1.00,1.87
2017.03.06 15:08:19.778,0.70079,0.70088,1.00,3.00
2017.03.06 15:08:20.081,0.70079,0.70088,1.00,1.75
2017.03.06 15:08:20.233,0.70076,0.70084,1.00,1.00
2017.03.06 15:08:20.841,0.70077,0.70084,1.00,1.00
2017.03.06 15:08:21.384,0.70076,0.70084,1.00,1.50
2017.03.06 15:08:22.706,0.70075,0.70084,1.00,1.00
2017.03.06 15:08:23.266,0.70077,0.70085,1.00,2.25
2017.03.06 15:08:24.529,0.70075,0.70085,1.00,3.00
2017.03.06 15:08:25.035,0.70075,0.70083,1.00,2.25
2017.03.06 15:08:25.536,0.70073,0.70083,1.00,3.37
2017.03.06 15:08:25.790,0.70073,0.70081,1.00,1.00
2017.03.06 15:08:26.043,0.70071,0.7008,1.00,1.50
2017.03.06 15:08:26.643,0.70071,0.70081,1.00,1.12
2017.03.06 15:08:27.071,0.70073,0.70081,1.00,1.87
2017.03.06 15:08:27.609,0.70072,0.70081,1.00,1.00
2017.03.06 15:08:28.239,0.70072,0.70082,1.00,1.12
2017.03.06 15:08:30.331,0.70073,0.70082,1.00,1.00
2017.03.06 15:08:31.782,0.70072,0.70082,1.00,1.00
2017.03.06 15:08:32.283,0.70072,0.70082,1.50,1.37
2017.03.06 15:08:35.060,0.70068,0.70075,1.12,1.50
2017.03.06 15:08:35.212,0.70064,0.70073,2.25,1.50
2017.03.06 15:08:35.314,0.70064,0.70073,2.25,1.00
2017.03.06 15:08:35.415,0.70064,0.70073,1.50,1.12
2017.03.06 15:08:35.956,0.70065,0.70073,1.00,2.25
2017.03.06 15:08:37.921,0.70064,0.70074,1.50,1.87
2017.03.06 15:08:37.973,0.70066,0.70075,1.00,4.12
2017.03.06 15:08:38.175,0.70066,0.70076,2.25,2.62
2017.03.06 15:08:38.634,0.70064,0.70074,1.00,1.50
2017.03.06 15:08:38.938,0.70062,0.70073,3.00,1.50
2017.03.06 15:08:39.760,0.70064,0.70073,1.00,1.50
2017.03.06 15:08:40.274,0.70065,0.70073,1.00,1.00
2017.03.06 15:08:40.426,0.70063,0.70073,1.50,1.00
2017.03.06 15:08:41.899,0.70063,0.70071,1.50,1.00
2017.03.06 15:08:42.051,0.70061,0.70071,1.50,1.00
2017.03.06 15:08:42.354,0.70061,0.70069,1.00,1.00
2017.03.06 15:08:42.658,0.70056,0.70065,6.00,1.00
2017.03.06 15:08:42.993,0.70053,0.7006,1.00,1.00
2017.03.06 15:08:43.499,0.70054,0.70061,1.00,1.00
2017.03.06 15:08:44.005,0.70054,0.70062,1.00,1.00
2017.03.06 15:08:45.503,0.70054,0.70061,1.00,1.00
2017.03.06 15:08:46.701,0.70053,0.70061,1.50,1.00
2017.03.06 15:08:48.353,0.70054,0.70062,1.00,1.00
2017.03.06 15:08:49.440,0.70053,0.70062,1.00,1.00
2017.03.06 15:08:50.607,0.70051,0.70061,2.62,1.00
2017.03.06 15:08:51.164,0.7005,0.70061,1.50,1.87
2017.03.06 15:08:51.842,0.7005,0.7006,1.50,1.00
2017.03.06 15:08:52.355,0.70051,0.7006,1.00,1.00
2017.03.06 15:08:52.457,0.70049,0.7006,3.00,1.00
2017.03.06 15:08:52.636,0.70048,0.70052,1.50,1.00
2017.03.06 15:08:52.738,0.70047,0.70054,1.00,1.12
2017.03.06 15:08:53.825,0.70046,0.70056,1.50,1.00
2017.03.06 15:08:53.876,0.70046,0.70054,1.00,1.00
2017.03.06 15:08:54.383,0.70046,0.70053,1.00,1.00
2017.03.06 15:08:55.449,0.70045,0.70053,1.00,1.00
2017.03.06 15:08:56.259,0.70046,0.70053,1.00,1.00
2017.03.06 15:08:56.361,0.70044,0.70054,1.50,3.00
2017.03.06 15:08:56.715,0.70046,0.70055,1.50,1.37
2017.03.06 15:08:57.190,0.70046,0.70056,1.50,1.87
2017.03.06 15:08:57.849,0.70046,0.70055,1.50,1.00
2017.03.06 15:08:58.838,0.70048,0.70057,1.50,1.37
2017.03.06 15:08:59.142,0.70051,0.70059,1.00,1.00
2017.03.06 15:08:59.657,0.70052,0.7006,1.00,1.50
2017.03.06 15:09:00.071,0.70052,0.70062,1.00,3.00
2017.03.06 15:09:00.223,0.70054,0.70062,1.00,1.00
2017.03.06 15:09:00.529,0.70058,0.70066,1.00,1.00
2017.03.06 15:09:00.934,0.70057,0.70068,1.00,3.75
2017.03.06 15:09:01.335,0.70059,0.70067,1.00,1.00
2017.03.06 15:09:01.842,0.70059,0.70068,1.00,1.00
2017.03.06 15:09:02.349,0.7006,0.70068,1.00,1.00
2017.03.06 15:09:02.941,0.70059,0.70068,2.25,1.00
2017.03.06 15:09:03.485,0.70059,0.70069,1.50,1.00
2017.03.06 15:09:04.366,0.7006,0.70068,1.50,1.00
2017.03.06 15:09:05.005,0.70061,0.70068,1.00,1.00
2017.03.06 15:09:05.487,0.70057,0.70062,2.62,1.50
2017.03.06 15:09:05.740,0.70048,0.70057,5.25,1.00
2017.03.06 15:09:05.791,0.70048,0.70053,1.00,1.00
2017.03.06 15:09:05.842,0.70049,0.70058,1.00,1.00
2017.03.06 15:09:05.893,0.70048,0.70053,1.00,1.00
2017.03.06 15:09:05.944,0.70048,0.70057,1.00,1.00
2017.03.06 15:09:06.144,0.70048,0.70053,1.00,1.00
2017.03.06 15:09:06.246,0.70044,0.70053,1.50,1.00
2017.03.06 15:09:06.701,0.70042,0.70052,1.50,1.00
2017.03.06 15:09:07.423,0.70043,0.70052,1.00,1.00
2017.03.06 15:09:07.526,0.70041,0.70051,1.50,1.00
2017.03.06 15:09:07.577,0.70041,0.70049,1.00,1.00
2017.03.06 15:09:08.478,0.70042,0.7005,1.00,1.00
2017.03.06 15:09:09.218,0.7004,0.7005,3.75,1.00
2017.03.06 15:09:09.624,0.70042,0.70051,1.00,1.00
2017.03.06 15:09:09.927,0.70044,0.70052,1.00,2.62
2017.03.06 15:09:12.495,0.70044,0.7005,1.00,1.00
2017.03.06 15:09:12.849,0.70041,0.70051,1.00,1.87
2017.03.06 15:09:13.482,0.70041,0.7005,1.00,1.00
2017.03.06 15:09:14.086,0.70041,0.70049,1.00,1.00
2017.03.06 15:09:14.602,0.70041,0.7005,1.00,1.50
2017.03.06 15:09:14.813,0.70041,0.70048,1.00,1.00
2017.03.06 15:09:15.162,0.70039,0.7005,2.25,1.50
2017.03.06 15:09:15.674,0.70039,0.70049,2.25,1.00
2017.03.06 15:09:16.209,0.7004,0.7005,1.00,1.50
2017.03.06 15:09:16.785,0.70039,0.7005,1.50,1.00
2017.03.06 15:09:18.574,0.70041,0.7005,1.00,1.00
2017.03.06 15:09:19.978,0.70039,0.7005,1.00,1.00
2017.03.06 15:09:20.523,0.7004,0.7005,1.00,1.00
2017.03.06 15:09:23.977,0.70039,0.7005,3.00,1.00
2017.03.06 15:09:24.509,0.7004,0.70051,2.25,2.62
2017.03.06 15:09:25.031,0.70041,0.7005,1.00,1.00
2017.03.06 15:09:26.251,0.70042,0.7005,1.00,1.00
2017.03.06 15:09:27.892,0.70041,0.7005,1.00,1.00
2017.03.06 15:09:29.050,0.70039,0.70045,1.00,1.00
2017.03.06 15:09:29.101,0.70037,0.70046,1.12,2.25
2017.03.06 15:09:29.203,0.70039,0.70047,1.50,1.12
2017.03.06 15:09:29.506,0.70041,0.70049,1.00,1.00
2017.03.06 15:09:31.453,0.70042,0.70049,1.00,1.00
2017.03.06 15:09:31.686,0.70042,0.70051,1.00,1.50
2017.03.06 15:09:34.251,0.70043,0.70051,1.00,1.00
2017.03.06 15:09:34.793,0.70042,0.70051,2.25,1.00
2017.03.06 15:09:36.277,0.70044,0.70051,1.00,1.00
2017.03.06 15:09:36.847,0.70043,0.70052,1.00,1.12
2017.03.06 15:09:38.380,0.70044,0.70052,1.00,1.12
2017.03.06 15:09:38.684,0.70053,0.7006,1.00,4.50
2017.03.06 15:09:39.377,0.70054,0.70062,1.00,1.00
2017.03.06 15:09:39.632,0.70056,0.70063,1.00,1.00
2017.03.06 15:09:39.733,0.70057,0.70066,1.00,1.87
2017.03.06 15:09:39.886,0.70061,0.70068,1.00,1.00
2017.03.06 15:09:40.423,0.70061,0.70069,1.50,2.25
2017.03.06 15:09:41.407,0.70063,0.70071,1.00,3.00
2017.03.06 15:09:46.603,0.70062,0.70071,1.50,2.25
2017.03.06 15:09:47.161,0.70062,0.7007,1.50,1.00
2017.03.06 15:09:47.694,0.70061,0.7007,2.25,1.50
2017.03.06 15:09:48.359,0.70062,0.70069,1.00,1.00
2017.03.06 15:09:48.714,0.70061,0.70066,1.00,1.00
2017.03.06 15:09:48.816,0.70059,0.70066,1.50,1.00
2017.03.06 15:09:49.327,0.70059,0.70068,1.50,1.00
2017.03.06 15:09:49.833,0.7006,0.70068,1.50,1.00
2017.03.06 15:09:51.147,0.70061,0.70068,1.00,1.00
2017.03.06 15:09:51.629,0.70062,0.7007,1.50,1.00
2017.03.06 15:09:52.187,0.70063,0.7007,1.00,1.00
2017.03.06 15:09:52.733,0.70064,0.7007,1.00,1.00
2017.03.06 15:09:52.936,0.70062,0.70071,3.00,1.00
2017.03.06 15:09:52.987,0.70064,0.70071,1.00,1.00
2017.03.06 15:09:53.341,0.70062,0.70071,1.12,1.50
2017.03.06 15:09:53.891,0.70064,0.70072,1.00,1.00
2017.03.06 15:09:54.197,0.70066,0.70075,1.00,1.00
2017.03.06 15:09:54.905,0.70065,0.70075,2.25,1.00
2017.03.06 15:09:55.534,0.70067,0.70075,1.00,1.00
2017.03.06 15:09:56.041,0.70066,0.70075,2.25,1.00
2017.03.06 15:09:57.297,0.70069,0.70076,1.00,1.50
2017.03.06 15:09:57.551,0.70069,0.70078,1.12,1.00
2017.03.06 15:09:57.754,0.70071,0.70078,1.00,1.00
2017.03.06 15:09:58.267,0.70071,0.70079,1.00,1.50
2017.03.06 15:09:58.622,0.70074,0.7008,1.00,1.00
2017.03.06 15:09:58.673,0.70074,0.70082,1.00,2.62
2017.03.06 15:09:58.876,0.70072,0.70082,1.50,1.50
2017.03.06 15:10:00.060,0.70072,0.70081,1.00,1.00
2017.03.06 15:10:00.678,0.70073,0.70081,1.00,1.00
2017.03.06 15:10:01.193,0.70074,0.70082,1.00,1.00
2017.03.06 15:10:01.295,0.70072,0.70081,1.50,1.00
2017.03.06 15:10:02.324,0.70072,0.7008,1.00,1.00
2017.03.06 15:10:02.861,0.70071,0.7008,1.00,1.00
2017.03.06 15:10:03.226,0.70069,0.7008,3.00,1.50
2017.03.06 15:10:04.187,0.70069,0.70079,1.50,1.50
2017.03.06 15:10:04.390,0.70069,0.70077,1.00,1.00
2017.03.06 15:10:05.400,0.70069,0.70079,1.50,1.50
2017.03.06 15:10:05.944,0.70069,0.7008,2.62,2.25
2017.03.06 15:10:07.536,0.70069,0.70079,1.87,1.00
2017.03.06 15:10:08.045,0.70069,0.70078,1.12,1.00
2017.03.06 15:10:08.551,0.70068,0.70078,1.00,1.50
2017.03.06 15:10:09.574,0.70067,0.70077,1.87,1.50
2017.03.06 15:10:09.676,0.70067,0.70075,1.00,1.00
2017.03.06 15:10:09.929,0.70065,0.70074,1.50,1.00
2017.03.06 15:10:10.131,0.70065,0.70072,1.00,1.50
2017.03.06 15:10:10.286,0.70062,0.70071,1.50,1.00
2017.03.06 15:10:10.387,0.7006,0.7007,2.25,1.50
2017.03.06 15:10:10.893,0.7006,0.70069,3.75,1.00
2017.03.06 15:10:11.441,0.70061,0.70069,1.00,1.00
2017.03.06 15:10:11.629,0.70061,0.70071,1.00,1.87
2017.03.06 15:10:12.137,0.70062,0.7007,1.00,1.00
2017.03.06 15:10:12.188,0.7006,0.7007,2.25,1.00
2017.03.06 15:10:12.721,0.7006,0.70069,1.00,1.00
2017.03.06 15:10:13.231,0.70059,0.70069,1.50,1.00
2017.03.06 15:10:13.793,0.7006,0.70068,1.00,1.50
2017.03.06 15:10:14.387,0.70059,0.70068,1.00,1.50
2017.03.06 15:10:15.071,0.7006,0.70069,1.50,1.50
2017.03.06 15:10:15.658,0.70061,0.70069,1.00,1.50
2017.03.06 15:10:16.416,0.7006,0.70069,1.00,1.50
2017.03.06 15:10:16.941,0.70059,0.70068,1.00,1.00
2017.03.06 15:10:17.194,0.70061,0.70068,1.00,1.00
2017.03.06 15:10:18.820,0.70061,0.70069,2.25,1.00
2017.03.06 15:10:19.336,0.70063,0.7007,1.00,1.00
2017.03.06 15:10:20.167,0.70063,0.70071,1.00,1.00
2017.03.06 15:10:20.370,0.70061,0.70071,2.25,1.00
2017.03.06 15:10:22.852,0.70062,0.70071,1.00,1.00
2017.03.06 15:10:24.078,0.70065,0.70074,1.50,1.87
2017.03.06 15:10:24.384,0.70067,0.70075,1.00,1.00
2017.03.06 15:10:25.043,0.70065,0.70072,1.00,1.00
2017.03.06 15:10:25.394,0.70064,0.7007,1.00,1.00
2017.03.06 15:10:25.849,0.70062,0.7007,1.00,1.00
2017.03.06 15:10:26.001,0.7006,0.70068,3.00,1.00
2017.03.06 15:10:26.544,0.7006,0.70069,2.25,1.00
2017.03.06 15:10:28.126,0.70061,0.70069,1.00,1.00
2017.03.06 15:10:28.672,0.7006,0.70069,1.50,1.00
2017.03.06 15:10:29.180,0.70061,0.70069,1.50,1.00
2017.03.06 15:10:30.625,0.70063,0.70071,1.00,1.00
2017.03.06 15:10:30.929,0.70066,0.70072,1.00,1.00
2017.03.06 15:10:30.980,0.70066,0.70075,1.00,1.50
2017.03.06 15:10:31.693,0.70066,0.70072,1.00,1.00
2017.03.06 15:10:31.795,0.70063,0.70071,3.75,1.00
2017.03.06 15:10:31.897,0.70062,0.70069,1.00,1.00
2017.03.06 15:10:32.209,0.70062,0.70067,1.00,1.00
2017.03.06 15:10:32.310,0.7006,0.70067,1.50,1.00
2017.03.06 15:10:33.161,0.7006,0.70069,1.50,1.12
2017.03.06 15:10:33.363,0.70062,0.70069,1.00,1.12
2017.03.06 15:10:34.343,0.70062,0.7007,1.00,1.00
2017.03.06 15:10:34.903,0.70062,0.70069,1.00,1.00
2017.03.06 15:10:37.140,0.70063,0.70069,1.00,1.00
2017.03.06 15:10:37.656,0.70062,0.70069,1.00,1.00
2017.03.06 15:10:37.707,0.70059,0.70069,3.37,1.00
2017.03.06 15:10:37.829,0.70059,0.70067,2.25,1.00
2017.03.06 15:10:38.816,0.70058,0.70067,3.37,1.00
2017.03.06 15:10:39.158,0.70058,0.70062,1.12,1.00
2017.03.06 15:10:39.361,0.70056,0.70065,1.12,1.12
2017.03.06 15:10:39.868,0.70056,0.70066,2.25,1.00
2017.03.06 15:10:40.123,0.70058,0.70067,1.00,1.00
2017.03.06 15:10:40.674,0.7006,0.70069,1.00,1.50
2017.03.06 15:10:41.331,0.70061,0.70069,1.00,1.00
2017.03.06 15:10:42.133,0.70063,0.70069,1.00,1.00
2017.03.06 15:10:42.830,0.70061,0.70069,1.50,1.00
2017.03.06 15:10:45.623,0.70062,0.70069,1.00,1.00
2017.03.06 15:10:50.255,0.70061,0.70069,1.50,1.00
2017.03.06 15:10:50.833,0.70062,0.70069,1.00,1.00
2017.03.06 15:10:51.367,0.70061,0.70069,1.50,1.00
2017.03.06 15:10:51.873,0.70061,0.70071,1.50,2.25
2017.03.06 15:10:52.378,0.70062,0.70071,1.00,1.00
2017.03.06 15:10:53.068,0.70061,0.70071,3.00,1.87
2017.03.06 15:10:53.585,0.70062,0.7007,1.00,1.50
2017.03.06 15:10:53.788,0.70061,0.70068,1.50,1.00
2017.03.06 15:10:54.336,0.7006,0.70068,1.00,1.00
2017.03.06 15:10:54.896,0.7006,0.70069,1.50,1.00
2017.03.06 15:10:55.716,0.7006,0.70067,1.00,1.00
2017.03.06 15:10:56.067,0.70054,0.70062,4.12,1.50
2017.03.06 15:10:56.522,0.70052,0.70061,2.25,1.12
2017.03.06 15:10:57.085,0.70057,0.70061,1.00,1.00
2017.03.06 15:10:57.238,0.70057,0.70063,1.00,1.50
2017.03.06 15:10:57.440,0.70055,0.70063,1.00,1.12
2017.03.06 15:10:57.896,0.70054,0.70062,1.00,2.62
2017.03.06 15:10:58.408,0.70053,0.70061,1.00,1.00
2017.03.06 15:10:58.915,0.70054,0.70061,2.25,1.00
2017.03.06 15:10:59.578,0.70055,0.70061,1.00,1.00
2017.03.06 15:11:00.092,0.70054,0.70061,2.25,1.00
2017.03.06 15:11:00.598,0.70053,0.70061,1.50,1.00
2017.03.06 15:11:00.952,0.70055,0.70062,1.00,1.00
2017.03.06 15:11:01.458,0.70054,0.70062,2.25,1.00
2017.03.06 15:11:01.784,0.70057,0.70063,1.00,1.00
2017.03.06 15:11:01.894,0.70057,0.70066,1.00,6.37
2017.03.06 15:11:01.945,0.70057,0.70068,1.00,4.12
2017.03.06 15:11:02.509,0.70057,0.70066,1.50,1.00
2017.03.06 15:11:03.255,0.70058,0.70066,1.00,1.00
2017.03.06 15:11:03.407,0.70058,0.70068,1.00,1.12
2017.03.06 15:11:03.559,0.70057,0.70067,2.25,1.50
2017.03.06 15:11:03.915,0.70058,0.70068,1.00,1.87
2017.03.06 15:11:04.417,0.70059,0.70068,1.00,2.62
2017.03.06 15:11:05.254,0.70059,0.70067,1.00,1.00
2017.03.06 15:11:05.355,0.70061,0.70069,1.50,1.50
2017.03.06 15:11:05.898,0.7006,0.70068,1.00,1.00
2017.03.06 15:11:06.606,0.70061,0.70068,1.00,1.00
2017.03.06 15:11:07.145,0.70061,0.70069,1.50,1.00
2017.03.06 15:11:08.591,0.70061,0.70068,1.00,1.00
2017.03.06 15:11:09.097,0.7006,0.70068,1.00,1.00
2017.03.06 15:11:09.689,0.7006,0.70069,1.00,1.00
2017.03.06 15:11:13.118,0.70062,0.70069,1.00,1.00
2017.03.06 15:11:13.641,0.70061,0.70069,3.00,1.00
2017.03.06 15:11:14.169,0.70062,0.7007,1.50,1.00
2017.03.06 15:11:17.730,0.70063,0.7007,1.00,1.00
2017.03.06 15:11:18.233,0.70062,0.7007,3.00,1.00
2017.03.06 15:11:18.411,0.70062,0.70072,3.00,1.00
2017.03.06 15:11:21.802,0.70063,0.70072,1.00,1.50
2017.03.06 15:11:21.954,0.70063,0.7007,1.50,1.00
2017.03.06 15:11:22.462,0.70063,0.70069,1.00,1.00
2017.03.06 15:11:22.563,0.7006,0.70069,2.25,3.75
2017.03.06 15:11:26.698,0.70061,0.70069,1.00,1.00
2017.03.06 15:11:27.204,0.70061,0.7007,1.00,1.00
2017.03.06 15:11:27.863,0.70062,0.7007,1.00,2.25
2017.03.06 15:11:28.600,0.70062,0.70071,1.00,1.00
2017.03.06 15:11:36.490,0.70061,0.70071,1.00,1.00
2017.03.06 15:11:36.998,0.7006,0.7007,1.12,1.87
2017.03.06 15:11:37.535,0.7006,0.70069,1.12,1.00
2017.03.06 15:11:38.039,0.7006,0.7007,1.12,1.87
2017.03.06 15:11:41.250,0.70059,0.70065,1.50,2.25
2017.03.06 15:11:41.301,0.70058,0.70065,1.50,1.05
2017.03.06 15:11:41.808,0.70057,0.70066,1.50,1.00
2017.03.06 15:11:42.520,0.70059,0.70068,1.00,1.50
2017.03.06 15:11:43.054,0.70059,0.70069,1.00,1.00
2017.03.06 15:11:43.392,0.70061,0.7007,1.00,1.50
2017.03.06 15:11:43.898,0.70061,0.70071,2.25,1.00
2017.03.06 15:11:44.427,0.70062,0.70072,1.00,1.50
2017.03.06 15:11:45.361,0.70061,0.70072,3.00,1.50
2017.03.06 15:11:45.868,0.70062,0.70072,1.00,1.00
2017.03.06 15:11:46.729,0.70063,0.70072,1.00,1.00
2017.03.06 15:11:47.618,0.70064,0.70072,1.00,1.00
2017.03.06 15:11:47.922,0.70071,0.70077,1.00,1.50
2017.03.06 15:11:48.062,0.70072,0.7008,1.00,3.37
2017.03.06 15:11:48.164,0.70074,0.70081,1.00,1.00
2017.03.06 15:11:48.366,0.70074,0.70083,2.25,1.12
2017.03.06 15:11:48.872,0.70073,0.70082,1.00,1.00
2017.03.06 15:11:49.070,0.70073,0.7008,1.00,1.00
2017.03.06 15:11:49.621,0.70072,0.7008,1.00,1.00
2017.03.06 15:11:51.310,0.70073,0.70082,1.50,1.00
2017.03.06 15:11:51.461,0.70075,0.70084,1.00,1.50
2017.03.06 15:11:51.968,0.70074,0.70083,1.12,3.00
2017.03.06 15:11:52.270,0.70072,0.70083,1.00,3.00
2017.03.06 15:11:52.785,0.70072,0.70082,1.00,1.00
2017.03.06 15:11:53.293,0.70073,0.70081,1.00,1.00
2017.03.06 15:11:54.989,0.70073,0.70082,1.00,1.00
2017.03.06 15:11:55.512,0.70072,0.70082,1.00,1.00
2017.03.06 15:11:57.475,0.70073,0.70082,1.00,1.00
2017.03.06 15:11:58.767,0.70074,0.70082,1.00,1.00
2017.03.06 15:11:58.920,0.70076,0.70083,1.00,1.00
2017.03.06 15:11:59.784,0.70077,0.70087,1.00,3.75
2017.03.06 15:11:59.835,0.70079,0.70088,1.00,1.87
2017.03.06 15:12:00.341,0.7008,0.70089,1.00,1.00
2017.03.06 15:12:02.564,0.70078,0.70089,2.62,1.50
2017.03.06 15:12:03.800,0.70081,0.70089,1.00,1.00
2017.03.06 15:12:05.342,0.70081,0.70091,1.00,2.25
2017.03.06 15:12:06.316,0.70083,0.70091,1.00,1.00
2017.03.06 15:12:06.570,0.70084,0.70093,1.00,1.00
2017.03.06 15:12:15.822,0.70083,0.70093,1.87,1.00
2017.03.06 15:12:16.275,0.70085,0.70093,1.00,1.00
2017.03.06 15:12:16.326,0.70085,0.70095,1.50,1.50
2017.03.06 15:12:16.831,0.70086,0.70096,1.00,1.00
2017.03.06 15:12:17.084,0.70088,0.70097,1.00,1.00
2017.03.06 15:12:17.388,0.7009,0.70099,1.50,1.50
2017.03.06 15:12:20.746,0.70091,0.70099,1.00,1.50
2017.03.06 15:12:20.797,0.70091,0.70101,1.00,1.50
2017.03.06 15:12:21.326,0.7009,0.70101,2.25,1.50
2017.03.06 15:12:26.021,0.70091,0.70101,1.00,1.50
2017.03.06 15:12:29.869,0.70093,0.70102,1.00,1.50
2017.03.06 15:12:30.318,0.70095,0.70104,1.00,2.25
2017.03.06 15:12:30.723,0.70098,0.70107,1.00,3.00
2017.03.06 15:12:31.245,0.70098,0.70107,1.50,1.00
2017.03.06 15:12:31.296,0.70099,0.70109,1.00,1.00
2017.03.06 15:12:31.615,0.70097,0.70108,2.62,1.50
2017.03.06 15:12:32.122,0.70097,0.70107,1.00,1.12
2017.03.06 15:12:32.843,0.70095,0.70106,3.00,1.50
2017.03.06 15:12:33.498,0.70097,0.70106,1.00,1.00
2017.03.06 15:12:36.090,0.70096,0.70105,1.00,1.00
2017.03.06 15:12:37.488,0.70095,0.70102,1.00,1.00
2017.03.06 15:12:37.641,0.70092,0.70101,1.00,1.12
2017.03.06 15:12:38.197,0.70091,0.70099,2.25,1.00
2017.03.06 15:12:38.349,0.70089,0.70099,1.50,1.00
2017.03.06 15:12:38.875,0.7009,0.70099,1.00,1.00
2017.03.06 15:12:39.382,0.7009,0.701,1.00,1.00
2017.03.06 15:12:40.450,0.7009,0.70099,1.00,1.00
2017.03.06 15:12:40.973,0.70091,0.701,1.50,1.00
2017.03.06 15:12:42.447,0.7009,0.70098,1.00,1.00
2017.03.06 15:12:42.549,0.70091,0.701,1.00,2.62
2017.03.06 15:12:44.761,0.70091,0.70099,1.00,1.00
2017.03.06 15:12:45.284,0.70091,0.701,1.00,1.50
2017.03.06 15:12:45.385,0.70091,0.70098,1.00,1.00
2017.03.06 15:12:50.912,0.70091,0.701,1.50,1.00
2017.03.06 15:12:51.456,0.70092,0.701,1.00,1.00
2017.03.06 15:12:51.962,0.70092,0.70101,3.00,1.00
2017.03.06 15:12:52.383,0.70094,0.70103,2.25,1.00
2017.03.06 15:12:52.918,0.70095,0.70104,1.00,2.25
2017.03.06 15:12:53.420,0.70094,0.70104,2.25,1.50
2017.03.06 15:12:53.931,0.70095,0.70104,1.50,1.50
2017.03.06 15:12:54.516,0.70099,0.70105,1.00,1.00
2017.03.06 15:12:54.669,0.70101,0.70109,1.50,2.62
2017.03.06 15:12:54.770,0.70102,0.7011,1.00,1.00
2017.03.06 15:12:55.186,0.70104,0.70111,1.50,1.00
2017.03.06 15:12:56.337,0.70104,0.70113,1.00,1.50
2017.03.06 15:12:56.540,0.70105,0.70115,1.50,1.87
2017.03.06 15:12:56.805,0.70108,0.70116,1.00,1.50
2017.03.06 15:12:57.400,0.70108,0.70117,1.00,1.50
2017.03.06 15:12:58.064,0.70108,0.70116,1.00,1.50
2017.03.06 15:12:58.317,0.7011,0.70119,1.50,1.50
2017.03.06 15:12:58.419,0.70112,0.7012,1.00,1.50
2017.03.06 15:12:58.960,0.70111,0.7012,2.25,1.50
2017.03.06 15:12:59.467,0.70112,0.7012,1.00,1.00
2017.03.06 15:12:59.770,0.70114,0.70121,1.00,1.00
2017.03.06 15:13:00.311,0.70113,0.70121,1.00,1.00
2017.03.06 15:13:01.676,0.70114,0.70121,1.00,1.00
2017.03.06 15:13:02.212,0.70113,0.70121,1.50,1.00
2017.03.06 15:13:03.189,0.70112,0.70121,3.00,1.00
2017.03.06 15:13:03.880,0.70112,0.70117,1.50,1.50
2017.03.06 15:13:03.983,0.70112,0.70116,1.00,1.50
2017.03.06 15:13:04.034,0.70109,0.70114,1.00,1.00
2017.03.06 15:13:04.136,0.70107,0.70114,1.50,1.00
2017.03.06 15:13:05.023,0.70106,0.70114,1.00,1.00
2017.03.06 15:13:06.422,0.70106,0.70113,1.00,1.12
2017.03.06 15:13:06.626,0.70104,0.70112,1.50,1.00
2017.03.06 15:13:07.706,0.70105,0.70112,1.00,1.00
2017.03.06 15:13:08.061,0.70106,0.70114,1.00,1.12
2017.03.06 15:13:08.680,0.70107,0.70114,1.00,1.00
2017.03.06 15:13:09.342,0.70106,0.70114,2.25,1.00
2017.03.06 15:13:09.848,0.70109,0.70117,1.00,2.62
2017.03.06 15:13:09.899,0.70109,0.70117,1.50,1.87
2017.03.06 15:13:10.360,0.7011,0.70119,1.00,1.00
2017.03.06 15:13:10.564,0.70112,0.70119,1.00,1.00
2017.03.06 15:13:10.817,0.70112,0.70121,1.00,3.00
2017.03.06 15:13:11.440,0.70112,0.70119,2.25,1.00
2017.03.06 15:13:11.983,0.70112,0.7012,1.50,1.00
2017.03.06 15:13:12.489,0.70112,0.70121,1.50,1.00
2017.03.06 15:13:13.421,0.70113,0.70121,1.00,1.00
2017.03.06 15:13:14.139,0.70112,0.70121,3.00,1.00
2017.03.06 15:13:14.498,0.70116,0.70123,1.50,1.00
2017.03.06 15:13:15.048,0.70115,0.70123,1.50,1.00
2017.03.06 15:13:15.577,0.70114,0.70122,2.25,1.00
2017.03.06 15:13:16.271,0.70114,0.70121,2.25,1.00
2017.03.06 15:13:17.121,0.70113,0.70121,2.25,1.00
2017.03.06 15:13:17.830,0.70114,0.70122,1.00,1.00
2017.03.06 15:13:18.335,0.70114,0.70123,1.00,1.12
2017.03.06 15:13:21.998,0.70114,0.70121,1.50,1.00
2017.03.06 15:13:22.509,0.70113,0.70117,1.50,1.00
2017.03.06 15:13:22.560,0.70111,0.70117,1.00,1.00
2017.03.06 15:13:22.661,0.7011,0.70115,1.00,1.00
2017.03.06 15:13:22.814,0.70106,0.70114,2.25,1.12
2017.03.06 15:13:23.370,0.70105,0.70114,2.25,1.12
2017.03.06 15:13:23.876,0.70105,0.70113,2.25,1.00
2017.03.06 15:13:24.379,0.70105,0.70114,2.25,1.00
2017.03.06 15:13:26.557,0.70106,0.70114,1.00,1.50
2017.03.06 15:13:27.104,0.70105,0.70114,3.00,1.00
2017.03.06 15:13:27.517,0.70107,0.70114,1.00,1.00
2017.03.06 15:13:28.744,0.70106,0.70114,2.25,1.00
2017.03.06 15:13:30.152,0.70107,0.70114,1.00,1.50
2017.03.06 15:13:30.784,0.70106,0.70114,2.25,1.00
2017.03.06 15:13:31.208,0.70106,0.70111,1.00,1.00
2017.03.06 15:13:31.718,0.70105,0.70111,1.00,1.00
2017.03.06 15:13:32.229,0.70105,0.70112,1.00,1.00
2017.03.06 15:13:33.096,0.70105,0.70114,1.50,1.00
2017.03.06 15:13:33.198,0.70107,0.70116,1.00,1.50
2017.03.06 15:13:33.542,0.70113,0.70118,1.00,1.00
2017.03.06 15:13:34.313,0.70113,0.70119,1.00,1.00
2017.03.06 15:13:35.351,0.70113,0.7012,1.00,1.12
2017.03.06 15:13:37.029,0.70112,0.7012,1.50,3.00
2017.03.06 15:13:37.618,0.70111,0.7012,2.25,1.50
2017.03.06 15:13:37.922,0.70111,0.70117,1.00,1.00
2017.03.06 15:13:39.976,0.7011,0.70117,1.50,1.00
2017.03.06 15:13:40.497,0.70111,0.70117,1.00,1.00
2017.03.06 15:13:40.548,0.70111,0.70119,1.00,1.50
2017.03.06 15:13:41.091,0.70111,0.7012,1.00,1.00
2017.03.06 15:13:41.376,0.7011,0.70117,1.50,1.50
2017.03.06 15:13:41.892,0.70111,0.70118,1.00,1.00
2017.03.06 15:13:43.787,0.7011,0.70116,1.00,1.00
2017.03.06 15:13:44.293,0.7011,0.70117,1.00,1.00
2017.03.06 15:13:45.484,0.7011,0.70114,1.00,2.25
2017.03.06 15:13:45.586,0.70107,0.70113,1.50,1.00
2017.03.06 15:13:46.091,0.70108,0.70115,1.00,1.50
2017.03.06 15:13:46.142,0.70108,0.70113,1.00,1.00
2017.03.06 15:13:46.735,0.70108,0.70114,1.00,1.00
2017.03.06 15:13:47.515,0.70107,0.70113,1.50,1.00
2017.03.06 15:13:47.873,0.70104,0.7011,1.00,1.00
2017.03.06 15:13:48.391,0.70103,0.7011,1.00,1.00
2017.03.06 15:13:48.912,0.70103,0.70111,2.25,1.00
2017.03.06 15:13:49.253,0.70105,0.70111,1.00,1.00
2017.03.06 15:13:49.802,0.70103,0.70111,1.00,1.00
2017.03.06 15:13:51.610,0.70104,0.70111,1.00,1.00
2017.03.06 15:13:53.291,0.70104,0.7011,1.00,1.00
2017.03.06 15:13:54.183,0.70104,0.70111,1.00,1.00
2017.03.06 15:13:54.284,0.70105,0.70113,1.00,1.12
2017.03.06 15:13:54.486,0.70104,0.70111,3.00,1.00
2017.03.06 15:13:54.996,0.70103,0.70111,1.00,1.00
2017.03.06 15:13:55.527,0.70102,0.7011,3.00,1.00
2017.03.06 15:13:56.064,0.70103,0.7011,1.00,1.00
2017.03.06 15:13:56.657,0.70104,0.7011,1.00,1.00
2017.03.06 15:13:58.172,0.70103,0.7011,1.12,1.00
2017.03.06 15:14:03.082,0.70102,0.7011,1.50,1.00
2017.03.06 15:14:07.476,0.70103,0.7011,1.00,1.00
2017.03.06 15:14:08.086,0.70102,0.7011,1.00,1.00
2017.03.06 15:14:09.038,0.70103,0.7011,1.00,1.00
2017.03.06 15:14:09.548,0.70102,0.7011,1.00,1.00
2017.03.06 15:14:09.851,0.701,0.70107,1.00,1.50
2017.03.06 15:14:10.155,0.70098,0.70107,1.50,1.00
2017.03.06 15:14:10.727,0.70097,0.70101,1.50,1.00
2017.03.06 15:14:10.928,0.70095,0.70103,3.00,2.62
2017.03.06 15:14:11.029,0.70096,0.70106,3.75,2.25
2017.03.06 15:14:11.181,0.70099,0.70107,1.87,1.00
2017.03.06 15:14:11.232,0.70097,0.70105,1.87,1.00
2017.03.06 15:14:11.283,0.70096,0.70105,2.62,1.50
2017.03.06 15:14:11.384,0.70096,0.70103,3.00,1.00
2017.03.06 15:14:11.435,0.70097,0.70105,1.00,1.00
2017.03.06 15:14:11.941,0.70098,0.70104,1.00,1.00
2017.03.06 15:14:15.135,0.70097,0.70106,1.00,1.00
2017.03.06 15:14:15.186,0.70099,0.70107,1.00,1.00
2017.03.06 15:14:15.694,0.70098,0.70106,1.00,1.00
2017.03.06 15:14:16.249,0.70099,0.70106,1.00,1.00
2017.03.06 15:14:16.771,0.70099,0.70107,1.12,1.00
2017.03.06 15:14:17.277,0.70098,0.70106,1.12,1.00
2017.03.06 15:14:17.788,0.70098,0.70105,1.00,1.00
2017.03.06 15:14:18.438,0.70097,0.70104,1.00,1.00
2017.03.06 15:14:18.742,0.70098,0.70107,1.50,1.00
2017.03.06 15:14:19.147,0.70097,0.70105,1.50,1.00
2017.03.06 15:14:20.910,0.70098,0.70105,1.00,1.00
2017.03.06 15:14:22.730,0.70098,0.70106,1.50,1.00
2017.03.06 15:14:23.034,0.70101,0.70107,1.50,1.00
2017.03.06 15:14:23.135,0.70101,0.70109,1.50,1.00
2017.03.06 15:14:27.469,0.70101,0.70108,1.00,1.00
2017.03.06 15:14:30.555,0.701,0.70108,3.37,1.00
2017.03.06 15:14:35.406,0.70099,0.70107,4.50,1.00
2017.03.06 15:14:35.457,0.70099,0.70104,3.00,1.00
2017.03.06 15:14:35.761,0.70095,0.70099,7.50,1.00
2017.03.06 15:14:36.054,0.70092,0.701,1.50,1.00
2017.03.06 15:14:36.560,0.70093,0.70101,1.00,1.00
2017.03.06 15:14:37.134,0.70093,0.701,1.00,1.00
2017.03.06 15:14:37.636,0.70093,0.70101,1.00,1.00
2017.03.06 15:14:38.181,0.70094,0.70102,3.00,1.50
2017.03.06 15:14:38.588,0.70094,0.70099,3.00,1.00
2017.03.06 15:14:39.093,0.70094,0.701,2.25,1.00
2017.03.06 15:14:40.252,0.70094,0.70101,2.25,1.00
2017.03.06 15:14:40.505,0.70091,0.70101,1.50,1.00
2017.03.06 15:14:41.189,0.7009,0.70101,6.37,1.50
2017.03.06 15:14:41.702,0.7009,0.701,3.00,1.50
2017.03.06 15:14:42.034,0.7009,0.70098,2.25,1.00
2017.03.06 15:14:42.342,0.70087,0.70094,1.00,1.50
2017.03.06 15:14:42.444,0.70085,0.70093,2.25,1.00
2017.03.06 15:14:42.610,0.70085,0.7009,2.25,1.00
2017.03.06 15:14:43.116,0.70085,0.70093,2.25,1.50
2017.03.06 15:14:44.092,0.70085,0.70094,4.50,2.25
2017.03.06 15:14:44.206,0.7009,0.70094,1.00,1.12
2017.03.06 15:14:44.257,0.70085,0.70094,2.25,1.00
2017.03.06 15:14:44.914,0.70085,0.70094,2.25,1.50
2017.03.06 15:14:45.219,0.70083,0.70092,3.75,1.00
2017.03.06 15:14:48.372,0.70087,0.70092,1.00,1.00
2017.03.06 15:14:49.292,0.70083,0.70092,3.75,1.00
2017.03.06 15:14:50.749,0.70084,0.70093,1.00,1.00
2017.03.06 15:14:51.052,0.70086,0.70093,2.25,1.00
2017.03.06 15:14:53.104,0.7009,0.70094,2.25,1.00
2017.03.06 15:14:53.156,0.7009,0.70096,2.25,1.37
2017.03.06 15:14:53.259,0.70092,0.70101,3.00,3.37
2017.03.06 15:14:53.310,0.70094,0.70102,1.87,1.50
2017.03.06 15:14:53.816,0.70093,0.70101,1.00,1.00
2017.03.06 15:14:54.353,0.70092,0.70101,1.50,1.00
2017.03.06 15:14:54.815,0.70094,0.70102,1.00,1.50
2017.03.06 15:14:55.369,0.70095,0.70102,2.25,1.00
2017.03.06 15:14:55.673,0.701,0.70107,2.25,3.00
2017.03.06 15:14:56.028,0.70103,0.7011,2.25,1.00
2017.03.06 15:14:57.080,0.70103,0.70112,2.25,1.12
2017.03.06 15:15:01.444,0.70104,0.70112,1.00,1.87
2017.03.06 15:15:01.999,0.70103,0.70112,3.00,1.87
2017.03.06 15:15:03.286,0.70103,0.70111,3.00,1.00
2017.03.06 15:15:03.947,0.70103,0.70109,2.25,1.00
2017.03.06 15:15:04.657,0.70101,0.70109,1.50,1.00
2017.03.06 15:15:05.667,0.70101,0.70111,3.75,1.12
2017.03.06 15:15:07.223,0.70103,0.70111,2.25,1.12
2017.03.06 15:15:17.347,0.70104,0.70111,1.00,1.12
2017.03.06 15:15:17.499,0.70104,0.70113,2.85,1.00
2017.03.06 15:15:20.017,0.70105,0.70113,1.00,1.00
2017.03.06 15:15:20.735,0.70104,0.70113,6.60,1.00
2017.03.06 15:15:21.617,0.70105,0.70113,1.00,1.00
2017.03.06 15:15:21.668,0.70107,0.70116,1.87,1.50
2017.03.06 15:15:21.770,0.70109,0.70117,1.00,1.00
2017.03.06 15:15:21.872,0.7011,0.70119,3.00,1.12
2017.03.06 15:15:22.125,0.70112,0.70121,1.00,1.50
2017.03.06 15:15:22.905,0.70111,0.70121,5.10,1.00
2017.03.06 15:15:23.431,0.70112,0.70121,1.00,1.00
2017.03.06 15:15:24.006,0.70113,0.70121,1.00,1.00
2017.03.06 15:15:24.545,0.70114,0.70121,2.25,1.00
2017.03.06 15:15:26.223,0.70113,0.70121,1.00,1.00
2017.03.06 15:15:28.562,0.70112,0.70122,5.10,1.00
2017.03.06 15:15:30.071,0.70112,0.7012,4.35,1.00
2017.03.06 15:15:35.198,0.70113,0.7012,1.00,1.00
2017.03.06 15:15:36.545,0.70113,0.70121,1.00,1.50
2017.03.06 15:15:38.167,0.70113,0.7012,2.85,1.00
2017.03.06 15:15:43.355,0.70113,0.70121,1.00,1.50
2017.03.06 15:15:47.362,0.70112,0.70121,4.72,1.00
2017.03.06 15:15:48.020,0.70113,0.70121,1.50,1.00
2017.03.06 15:15:48.608,0.70112,0.70121,4.72,1.00
2017.03.06 15:15:49.357,0.70113,0.70121,1.00,1.00
2017.03.06 15:15:50.090,0.70112,0.70121,4.72,1.00
2017.03.06 15:15:50.675,0.70113,0.70121,1.00,1.00
2017.03.06 15:15:52.244,0.70112,0.70121,3.97,1.00
2017.03.06 15:15:53.918,0.70112,0.70121,1.37,1.00
2017.03.06 15:15:54.448,0.70112,0.7012,1.87,1.00
2017.03.06 15:15:55.221,0.70111,0.7012,6.60,1.00
2017.03.06 15:15:55.726,0.70111,0.70119,2.25,1.00
2017.03.06 15:15:56.069,0.70108,0.70114,1.12,1.00
2017.03.06 15:15:56.170,0.70109,0.70118,1.37,1.87
2017.03.06 15:15:56.695,0.70109,0.70118,1.12,1.50
2017.03.06 15:15:57.201,0.70108,0.70118,3.37,1.50
2017.03.06 15:15:57.353,0.70109,0.70118,1.37,2.25
2017.03.06 15:15:57.906,0.70108,0.70118,3.37,1.50
2017.03.06 15:15:58.420,0.70109,0.70118,1.37,1.00
2017.03.06 15:15:59.029,0.70108,0.70118,4.87,1.00
2017.03.06 15:16:00.343,0.70111,0.70118,1.00,1.00
2017.03.06 15:16:00.646,0.70111,0.7012,1.50,2.25
2017.03.06 15:16:01.749,0.70112,0.7012,1.00,2.25
2017.03.06 15:16:05.446,0.70111,0.7012,2.62,1.50
2017.03.06 15:16:06.002,0.70112,0.7012,1.00,1.50
2017.03.06 15:16:07.637,0.70111,0.7012,1.87,1.50
2017.03.06 15:16:08.457,0.70112,0.7012,1.00,1.00
2017.03.06 15:16:08.969,0.70111,0.7012,1.87,1.00
2017.03.06 15:16:10.158,0.70111,0.7012,1.87,1.00
2017.03.06 15:16:11.751,0.70113,0.7012,1.00,1.00
2017.03.06 15:16:19.022,0.70112,0.7012,1.12,1.00
2017.03.06 15:16:19.539,0.70113,0.7012,1.00,1.00
2017.03.06 15:16:20.997,0.70111,0.7012,2.62,1.00
2017.03.06 15:16:25.147,0.70112,0.7012,1.00,1.00
2017.03.06 15:16:26.139,0.70111,0.7012,2.62,1.00
2017.03.06 15:16:27.189,0.70111,0.70119,5.10,1.00
2017.03.06 15:16:30.082,0.70111,0.70119,5.10,1.00
2017.03.06 15:16:33.929,0.70112,0.70119,1.00,1.00
2017.03.06 15:16:34.464,0.70111,0.70119,2.85,1.00
2017.03.06 15:16:38.106,0.70112,0.70119,1.00,1.00
2017.03.06 15:16:38.612,0.70111,0.70119,2.10,1.00
2017.03.06 15:16:39.191,0.7011,0.70119,3.60,1.00
2017.03.06 15:16:39.697,0.7011,0.70118,2.85,1.00
2017.03.06 15:16:40.224,0.70109,0.70118,2.47,1.00
2017.03.06 15:16:41.335,0.70107,0.70116,1.87,1.00
2017.03.06 15:16:41.386,0.70108,0.70118,2.25,2.25
2017.03.06 15:16:41.690,0.70107,0.70114,3.37,1.00
2017.03.06 15:16:41.995,0.70108,0.70113,1.37,1.00
2017.03.06 15:16:42.046,0.70109,0.70116,1.12,1.00
2017.03.06 15:16:42.573,0.70109,0.70117,1.12,1.00
2017.03.06 15:16:44.699,0.70107,0.70114,1.87,1.00
2017.03.06 15:16:44.851,0.70105,0.70113,5.25,1.00
2017.03.06 15:16:44.903,0.70105,0.70111,4.50,1.00
2017.03.06 15:16:45.142,0.70103,0.70112,3.97,1.00
2017.03.06 15:16:45.669,0.70104,0.70111,1.50,1.00
2017.03.06 15:16:46.170,0.70103,0.70112,2.10,1.00
2017.03.06 15:16:46.474,0.70103,0.70109,1.50,1.00
2017.03.06 15:16:46.525,0.70101,0.70109,3.00,1.50
2017.03.06 15:16:46.688,0.70101,0.70107,2.25,1.00
2017.03.06 15:16:46.790,0.70097,0.70104,1.12,1.00
2017.03.06 15:16:46.892,0.70097,0.70102,1.00,1.00
2017.03.06 15:16:46.943,0.70094,0.701,1.00,1.00
2017.03.06 15:16:47.044,0.70096,0.70101,1.00,1.00
2017.03.06 15:16:47.247,0.70093,0.70101,2.25,1.00
2017.03.06 15:16:47.833,0.70094,0.70101,1.00,1.00
2017.03.06 15:16:48.341,0.70093,0.70101,1.00,1.12
2017.03.06 15:16:48.894,0.70092,0.70101,1.00,2.25
2017.03.06 15:16:52.777,0.70092,0.701,1.00,1.00
2017.03.06 15:16:53.312,0.70093,0.70101,1.00,1.12
2017.03.06 15:16:57.929,0.70093,0.70099,1.00,1.00
2017.03.06 15:17:04.025,0.70093,0.70102,1.00,2.62
2017.03.06 15:17:07.129,0.70094,0.70102,1.00,2.25
2017.03.06 15:17:11.588,0.70093,0.70101,1.50,1.12
2017.03.06 15:17:15.915,0.70094,0.70101,1.00,1.12
2017.03.06 15:17:19.821,0.70094,0.70099,1.00,1.50
2017.03.06 15:17:20.011,0.7009,0.70099,1.00,1.50
2017.03.06 15:17:20.782,0.7009,0.70095,1.00,1.50
2017.03.06 15:17:20.883,0.70086,0.70093,1.00,1.00
2017.03.06 15:17:20.935,0.70084,0.70091,2.25,1.00
2017.03.06 15:17:20.986,0.70083,0.70089,1.50,1.00
2017.03.06 15:17:21.549,0.70082,0.7009,1.50,1.00
2017.03.06 15:17:21.802,0.70081,0.70088,1.35,1.00
2017.03.06 15:17:22.308,0.7008,0.70087,1.00,1.00
2017.03.06 15:17:22.850,0.70079,0.70087,1.50,1.00
2017.03.06 15:17:23.336,0.70081,0.70088,1.00,1.00
2017.03.06 15:17:23.845,0.7008,0.70088,1.50,1.00
2017.03.06 15:17:24.896,0.70081,0.70088,1.00,1.00
2017.03.06 15:17:29.055,0.70082,0.70088,1.00,1.00
2017.03.06 15:17:29.771,0.70081,0.70088,1.00,1.00
2017.03.06 15:17:30.437,0.70082,0.70088,1.00,1.00
2017.03.06 15:17:30.808,0.70084,0.70091,1.00,1.50
2017.03.06 15:17:31.923,0.70082,0.70091,1.50,1.00
2017.03.06 15:17:32.520,0.70082,0.7009,1.00,1.00
2017.03.06 15:17:36.402,0.70081,0.70089,1.00,1.00
2017.03.06 15:17:37.395,0.7008,0.70089,1.00,1.00
2017.03.06 15:17:40.962,0.70081,0.70089,1.00,1.00
2017.03.06 15:17:42.937,0.7008,0.70089,2.85,1.00
2017.03.06 15:17:44.365,0.70081,0.70089,1.00,1.00
2017.03.06 15:17:51.846,0.70085,0.70092,1.00,1.00
2017.03.06 15:17:52.099,0.70087,0.70097,2.25,1.12
2017.03.06 15:17:52.453,0.7009,0.70097,1.00,1.00
2017.03.06 15:17:53.232,0.7009,0.70098,1.00,1.00
2017.03.06 15:17:53.735,0.70089,0.70097,2.25,1.00
2017.03.06 15:17:54.277,0.7009,0.70099,1.00,1.87
2017.03.06 15:17:54.328,0.70092,0.70099,1.00,1.12
2017.03.06 15:17:54.635,0.70095,0.701,1.00,1.00
2017.03.06 15:17:54.736,0.70093,0.701,2.25,1.00
2017.03.06 15:17:56.160,0.70092,0.701,1.50,1.00
2017.03.06 15:17:56.514,0.70094,0.70101,1.50,1.00
2017.03.06 15:17:57.615,0.70093,0.70101,1.50,1.00
2017.03.06 15:17:58.315,0.70094,0.70101,1.00,1.00
2017.03.06 15:17:58.945,0.70093,0.70101,2.25,1.00
2017.03.06 15:17:59.890,0.70093,0.70099,1.00,1.00
2017.03.06 15:17:59.992,0.70091,0.70099,4.50,1.00
2017.03.06 15:18:00.538,0.70091,0.701,1.50,1.50
2017.03.06 15:18:01.025,0.70093,0.70101,1.00,1.00
2017.03.06 15:18:01.480,0.70095,0.70102,1.00,1.00
2017.03.06 15:18:01.981,0.70094,0.70102,2.25,1.00
2017.03.06 15:18:02.781,0.70095,0.70103,1.00,1.50
2017.03.06 15:18:03.345,0.70094,0.70103,2.25,1.00
2017.03.06 15:18:06.170,0.70094,0.70104,1.00,1.50
2017.03.06 15:18:06.712,0.70093,0.70103,2.25,1.00
2017.03.06 15:18:07.310,0.70094,0.70103,1.00,1.00
2017.03.06 15:18:07.813,0.70093,0.70103,1.50,1.50
2017.03.06 15:18:09.165,0.70094,0.70103,2.10,1.00
2017.03.06 15:18:09.469,0.70096,0.70103,1.00,1.00
2017.03.06 15:18:10.014,0.70095,0.70103,1.00,1.50
2017.03.06 15:18:16.978,0.70096,0.70104,1.00,1.50
2017.03.06 15:18:18.081,0.70095,0.70102,1.00,1.50
2017.03.06 15:18:18.733,0.70094,0.70102,1.00,1.00
2017.03.06 15:18:19.528,0.70093,0.70102,1.50,1.00
2017.03.06 15:18:21.740,0.70094,0.70102,1.00,1.50
2017.03.06 15:18:22.310,0.70093,0.70102,1.50,1.50
2017.03.06 15:18:22.917,0.70094,0.70102,1.00,1.50
2017.03.06 15:18:23.460,0.70093,0.70102,1.50,1.00
2017.03.06 15:18:24.141,0.70094,0.70102,1.00,1.12
2017.03.06 15:18:24.687,0.70093,0.70102,1.50,1.00
2017.03.06 15:18:26.379,0.7009,0.70095,1.12,1.37
2017.03.06 15:18:26.430,0.70089,0.70096,3.75,1.50
2017.03.06 15:18:26.593,0.70089,0.70095,1.12,1.87
2017.03.06 15:18:26.644,0.70086,0.70093,1.00,1.12
2017.03.06 15:18:27.201,0.70087,0.70093,1.00,1.00
2017.03.06 15:18:27.707,0.70086,0.70092,1.50,1.00
2017.03.06 15:18:28.231,0.70086,0.70091,1.00,1.00
2017.03.06 15:18:28.585,0.70083,0.70092,1.50,1.00
2017.03.06 15:18:29.520,0.70085,0.70093,1.00,2.25
2017.03.06 15:18:30.261,0.70085,0.70094,1.00,1.87
2017.03.06 15:18:30.564,0.70087,0.70094,1.00,1.50
2017.03.06 15:18:31.011,0.70085,0.70094,1.00,1.50
2017.03.06 15:18:31.062,0.70086,0.70092,1.00,1.00
2017.03.06 15:18:31.416,0.70084,0.70092,1.00,1.00
2017.03.06 15:18:34.636,0.70084,0.70091,1.00,1.00
2017.03.06 15:18:35.186,0.70083,0.70091,1.00,1.00
2017.03.06 15:18:35.736,0.70083,0.7009,1.00,1.00
2017.03.06 15:18:35.939,0.70083,0.70088,1.00,1.00
2017.03.06 15:18:35.990,0.70081,0.70088,2.25,1.00
2017.03.06 15:18:36.771,0.7008,0.70085,1.00,2.25
2017.03.06 15:18:36.872,0.70077,0.70081,1.12,1.00
2017.03.06 15:18:36.974,0.70073,0.7008,2.62,1.00
2017.03.06 15:18:37.076,0.70073,0.7008,1.00,1.12
2017.03.06 15:18:37.582,0.70072,0.7008,1.50,1.00
2017.03.06 15:18:38.092,0.70072,0.70082,1.50,3.75
2017.03.06 15:18:38.594,0.70073,0.7008,1.50,1.50
2017.03.06 15:18:38.746,0.70072,0.70078,1.50,1.00
2017.03.06 15:18:39.366,0.70072,0.7008,1.50,2.25
2017.03.06 15:18:40.162,0.70073,0.7008,1.00,1.50
2017.03.06 15:18:40.666,0.70072,0.7008,1.50,1.50
2017.03.06 15:18:42.770,0.70073,0.7008,1.00,1.00
2017.03.06 15:18:43.414,0.70072,0.7008,1.50,1.00
2017.03.06 15:18:44.482,0.70073,0.70082,1.00,3.75
2017.03.06 15:18:45.022,0.70072,0.70082,1.50,3.00
2017.03.06 15:18:47.087,0.70073,0.70082,1.00,3.00
2017.03.06 15:18:48.689,0.70072,0.70082,1.50,3.00
2017.03.06 15:18:49.037,0.70073,0.7008,1.00,1.00
2017.03.06 15:18:49.543,0.70072,0.7008,1.50,1.00
2017.03.06 15:18:50.121,0.70073,0.70081,1.00,1.50
2017.03.06 15:18:50.731,0.70072,0.70081,1.50,1.50
2017.03.06 15:18:51.238,0.70073,0.70081,1.00,1.50
2017.03.06 15:18:51.750,0.70072,0.70081,1.50,1.50
2017.03.06 15:18:52.070,0.70073,0.70079,1.00,1.00
2017.03.06 15:18:52.632,0.70073,0.7008,1.00,1.00
2017.03.06 15:18:54.527,0.70073,0.70082,1.00,2.25
2017.03.06 15:18:55.053,0.70073,0.70081,1.50,1.00
2017.03.06 15:18:57.035,0.70074,0.70081,1.00,1.00
2017.03.06 15:18:57.567,0.70075,0.70082,1.00,1.50
2017.03.06 15:18:58.118,0.70074,0.70082,1.00,1.50
2017.03.06 15:18:58.625,0.70074,0.70081,1.00,1.00
2017.03.06 15:18:59.143,0.70074,0.70082,1.00,2.25
2017.03.06 15:19:00.209,0.70079,0.70083,1.00,1.00
2017.03.06 15:19:00.310,0.70077,0.70086,1.50,1.37
2017.03.06 15:19:00.361,0.70079,0.70086,1.00,1.00
2017.03.06 15:19:00.462,0.7008,0.70088,1.00,1.50
2017.03.06 15:19:00.725,0.70079,0.70086,1.00,1.00
2017.03.06 15:19:00.776,0.70077,0.70086,1.87,1.00
2017.03.06 15:19:01.233,0.70076,0.70084,1.00,1.00
2017.03.06 15:19:01.537,0.70073,0.70081,1.87,1.00
2017.03.06 15:19:01.588,0.70072,0.7008,1.50,1.00
2017.03.06 15:19:01.960,0.70073,0.70082,1.50,1.00
2017.03.06 15:19:02.487,0.70074,0.70083,1.00,1.12
2017.03.06 15:19:02.988,0.70075,0.70083,1.50,1.00
2017.03.06 15:19:03.039,0.70077,0.70085,1.00,1.12
2017.03.06 15:19:03.769,0.70077,0.70084,1.00,1.00
2017.03.06 15:19:04.022,0.70075,0.70084,4.35,1.00
2017.03.06 15:19:04.440,0.70076,0.70086,2.25,1.12
2017.03.06 15:19:05.332,0.70076,0.70085,4.35,1.00
2017.03.06 15:19:05.484,0.70075,0.70083,1.00,1.00
2017.03.06 15:19:05.788,0.70074,0.70081,1.00,1.00
2017.03.06 15:19:06.939,0.70073,0.70081,3.00,1.50
2017.03.06 15:19:07.446,0.70072,0.7008,3.60,1.00
2017.03.06 15:19:07.973,0.70072,0.7008,1.00,1.00
2017.03.06 15:19:08.485,0.70073,0.7008,1.00,1.50
2017.03.06 15:19:09.000,0.70072,0.7008,1.00,1.50
2017.03.06 15:19:09.550,0.70073,0.7008,1.00,1.50
2017.03.06 15:19:09.601,0.7007,0.7008,4.35,1.50
2017.03.06 15:19:09.703,0.7007,0.70078,5.10,1.00
2017.03.06 15:19:10.209,0.7007,0.70077,1.50,1.00
2017.03.06 15:19:12.238,0.7007,0.70079,4.35,1.00
2017.03.06 15:19:13.270,0.70071,0.70079,1.00,1.00
2017.03.06 15:19:14.196,0.7007,0.70079,2.85,1.00
2017.03.06 15:19:14.613,0.7007,0.70077,1.50,1.00
2017.03.06 15:19:15.222,0.70071,0.70077,1.00,1.50
2017.03.06 15:19:15.375,0.70068,0.70076,1.87,1.50
2017.03.06 15:19:15.882,0.70068,0.70077,1.00,1.00
2017.03.06 15:19:18.108,0.70068,0.70076,1.00,1.00
2017.03.06 15:19:18.261,0.70067,0.70074,1.50,1.50
2017.03.06 15:19:18.514,0.7006,0.70069,4.72,1.00
2017.03.06 15:19:19.059,0.70061,0.7007,3.60,1.00
2017.03.06 15:19:19.322,0.70063,0.7007,1.00,1.00
2017.03.06 15:19:19.727,0.70061,0.70069,1.50,1.00
2017.03.06 15:19:21.114,0.7006,0.70068,1.00,1.00
2017.03.06 15:19:21.165,0.70057,0.70061,1.87,1.00
2017.03.06 15:19:21.319,0.70052,0.70059,1.75,1.00
2017.03.06 15:19:21.421,0.70054,0.70062,3.37,1.87
2017.03.06 15:19:21.523,0.70058,0.70063,1.00,1.12
2017.03.06 15:19:21.574,0.70057,0.70065,1.87,1.12
2017.03.06 15:19:21.675,0.70057,0.70067,3.37,1.00
2017.03.06 15:19:22.181,0.70059,0.70067,1.12,1.00
2017.03.06 15:19:23.783,0.70059,0.70068,1.87,1.00
2017.03.06 15:19:26.231,0.70058,0.70067,1.87,1.00
2017.03.06 15:19:26.738,0.70058,0.70066,1.87,1.50
2017.03.06 15:19:27.118,0.70056,0.70066,2.25,1.50
2017.03.06 15:19:27.321,0.70058,0.70066,1.00,1.50
2017.03.06 15:19:27.625,0.7006,0.70068,1.00,1.00
2017.03.06 15:19:40.482,0.7006,0.7007,2.62,1.50
2017.03.06 15:19:40.868,0.70062,0.7007,1.50,1.00
2017.03.06 15:19:41.465,0.70062,0.70072,3.00,1.00
2017.03.06 15:19:42.546,0.70065,0.70072,5.10,1.00
2017.03.06 15:19:42.648,0.70066,0.70075,1.00,3.75
2017.03.06 15:19:43.056,0.70064,0.70074,4.35,1.00
2017.03.06 15:19:43.512,0.70062,0.70072,5.47,2.25
2017.03.06 15:19:43.860,0.70062,0.70069,1.00,1.00
2017.03.06 15:19:44.013,0.7006,0.70069,1.12,1.00
2017.03.06 15:19:44.699,0.7006,0.7007,2.62,1.50
2017.03.06 15:19:44.985,0.70062,0.70071,2.10,1.00
2017.03.06 15:19:46.377,0.70062,0.70071,1.00,1.50
2017.03.06 15:19:46.732,0.70061,0.70068,1.00,1.00
2017.03.06 15:19:47.238,0.7006,0.70068,1.50,1.50
2017.03.06 15:19:48.698,0.70059,0.70067,1.00,1.00
2017.03.06 15:19:53.618,0.70059,0.70066,1.00,1.00
2017.03.06 15:19:57.372,0.70059,0.70067,1.00,1.00
2017.03.06 15:20:00.419,0.70059,0.70068,1.50,1.50
2017.03.06 15:20:00.926,0.70059,0.70067,1.50,1.00
2017.03.06 15:20:01.179,0.70057,0.70067,4.12,1.50
2017.03.06 15:20:01.230,0.70057,0.70065,1.87,1.00
2017.03.06 15:20:01.575,0.70059,0.70066,1.00,1.00
2017.03.06 15:20:07.803,0.70057,0.70066,1.50,1.00
2017.03.06 15:20:08.582,0.70056,0.70065,1.50,1.50
2017.03.06 15:20:08.925,0.7005,0.70058,1.00,1.00
2017.03.06 15:20:11.457,0.7005,0.70059,1.00,1.00
2017.03.06 15:20:11.995,0.70049,0.70059,2.85,1.00
2017.03.06 15:20:12.526,0.7005,0.70059,1.00,1.00
2017.03.06 15:20:13.039,0.70051,0.70059,1.50,1.00
2017.03.06 15:20:17.622,0.70052,0.7006,1.00,1.00
2017.03.06 15:20:17.927,0.70049,0.70058,3.22,1.00
2017.03.06 15:20:18.586,0.7005,0.70059,1.00,1.50
2017.03.06 15:20:19.091,0.7005,0.70058,1.00,1.00
2017.03.06 15:20:19.596,0.7005,0.70059,1.00,2.25
2017.03.06 15:20:20.346,0.70051,0.70059,1.00,1.50
2017.03.06 15:20:20.880,0.7005,0.70059,1.50,1.00
2017.03.06 15:20:23.577,0.70052,0.7006,1.00,1.00
2017.03.06 15:20:24.083,0.70051,0.70061,1.00,1.00
2017.03.06 15:20:24.589,0.70051,0.7006,1.00,1.00
2017.03.06 15:20:27.216,0.70051,0.70059,1.00,1.00
2017.03.06 15:20:29.162,0.70051,0.7006,1.00,1.50
2017.03.06 15:20:32.258,0.70051,0.70059,1.00,1.00
2017.03.06 15:20:32.803,0.70051,0.7006,1.00,2.25
2017.03.06 15:20:34.783,0.70052,0.7006,1.00,1.50
2017.03.06 15:20:35.095,0.70057,0.70063,1.00,2.25
2017.03.06 15:20:35.197,0.70057,0.70065,1.00,1.00
2017.03.06 15:20:35.298,0.70058,0.70067,1.50,2.25
2017.03.06 15:20:35.349,0.7006,0.70067,1.00,2.25
2017.03.06 15:20:35.958,0.7006,0.70068,1.00,3.00
2017.03.06 15:20:36.593,0.70059,0.70068,1.50,1.50
2017.03.06 15:20:37.115,0.7006,0.70069,1.00,1.50
2017.03.06 15:20:38.212,0.70061,0.7007,1.00,3.37
2017.03.06 15:20:38.747,0.70061,0.70069,1.00,1.00
2017.03.06 15:20:39.970,0.70061,0.70068,1.00,1.00
2017.03.06 15:20:40.647,0.7006,0.70068,1.87,1.00
2017.03.06 15:20:41.171,0.7006,0.70069,1.87,1.00
2017.03.06 15:20:42.153,0.7006,0.70068,1.87,1.00
2017.03.06 15:20:42.948,0.70066,0.70071,1.12,1.50
2017.03.06 15:20:43.090,0.70067,0.70074,1.50,1.87
2017.03.06 15:20:43.192,0.70067,0.70076,1.87,1.00
2017.03.06 15:20:43.698,0.70068,0.70077,1.87,1.00
2017.03.06 15:20:44.164,0.7007,0.70077,1.00,1.00
2017.03.06 15:20:44.695,0.7007,0.70078,1.00,1.00
2017.03.06 15:20:45.049,0.70068,0.70077,1.12,1.00
2017.03.06 15:20:45.100,0.70068,0.70075,1.00,1.00
2017.03.06 15:20:45.303,0.70064,0.70072,1.12,1.50
2017.03.06 15:20:45.354,0.70062,0.7007,2.25,1.00
2017.03.06 15:20:45.672,0.70061,0.70068,1.50,1.00
2017.03.06 15:20:46.178,0.70061,0.70069,2.25,1.00
2017.03.06 15:20:46.229,0.70062,0.70072,1.00,2.25
2017.03.06 15:20:46.723,0.70064,0.70072,1.00,1.00
2017.03.06 15:20:46.959,0.70068,0.70077,1.00,1.12
2017.03.06 15:20:47.465,0.70069,0.70078,1.00,2.25
2017.03.06 15:20:48.836,0.70069,0.70077,1.00,1.00
2017.03.06 15:20:49.353,0.7007,0.70078,1.00,1.50
2017.03.06 15:20:49.912,0.70071,0.70079,1.00,1.50
2017.03.06 15:20:50.216,0.70074,0.70081,1.00,3.00
2017.03.06 15:20:50.267,0.70072,0.70081,2.25,1.50
2017.03.06 15:20:50.318,0.70074,0.70082,1.00,1.00
2017.03.06 15:20:50.624,0.70072,0.7008,2.62,1.00
2017.03.06 15:20:51.889,0.7007,0.7008,7.50,3.00
2017.03.06 15:20:52.193,0.70069,0.70078,1.87,1.50
2017.03.06 15:20:55.757,0.70068,0.70078,1.50,1.50
2017.03.06 15:20:57.336,0.70068,0.70076,1.00,1.00
2017.03.06 15:20:57.539,0.70064,0.70073,3.00,1.00
2017.03.06 15:20:57.673,0.70068,0.70074,1.00,1.00
2017.03.06 15:20:57.724,0.70068,0.70076,1.00,3.00
2017.03.06 15:20:58.229,0.70068,0.70077,1.50,1.00
2017.03.06 15:20:58.856,0.70068,0.70078,3.75,1.50
2017.03.06 15:21:00.204,0.7007,0.70079,2.25,1.00
2017.03.06 15:21:00.732,0.70069,0.70078,2.25,2.25
2017.03.06 15:21:01.276,0.70069,0.70077,1.00,1.50
2017.03.06 15:21:01.378,0.70066,0.70075,2.25,2.25
2017.03.06 15:21:01.429,0.70066,0.70073,1.50,1.00
2017.03.06 15:21:01.631,0.70064,0.70072,1.50,1.00
2017.03.06 15:21:01.814,0.70062,0.70069,2.25,1.00
2017.03.06 15:21:02.130,0.7006,0.70068,1.50,1.00
2017.03.06 15:21:02.637,0.70059,0.70068,1.50,1.00
2017.03.06 15:21:02.890,0.70061,0.70069,1.00,1.50
2017.03.06 15:21:03.438,0.7006,0.70068,1.00,1.00
2017.03.06 15:21:03.970,0.7006,0.70069,1.50,1.50
2017.03.06 15:21:05.616,0.70061,0.7007,1.00,1.00
2017.03.06 15:21:06.867,0.70065,0.70071,1.00,1.00
2017.03.06 15:21:06.919,0.70064,0.70073,1.50,1.50
2017.03.06 15:21:07.021,0.70065,0.70073,3.75,1.00
2017.03.06 15:21:07.265,0.70067,0.70075,2.62,1.00
2017.03.06 15:21:07.727,0.70068,0.70077,1.12,1.00
2017.03.06 15:21:07.880,0.70073,0.70079,1.00,3.00
2017.03.06 15:21:07.931,0.70074,0.70081,1.50,1.87
2017.03.06 15:21:08.321,0.70071,0.7008,1.00,1.00
2017.03.06 15:21:08.867,0.70072,0.7008,1.35,1.00
2017.03.06 15:21:09.120,0.70072,0.70082,5.47,1.00
2017.03.06 15:21:09.857,0.70074,0.70082,1.00,1.00
2017.03.06 15:21:10.463,0.70073,0.70082,1.35,1.00
2017.03.06 15:21:11.015,0.70074,0.70082,1.00,1.00
2017.03.06 15:21:11.554,0.70075,0.70083,1.00,1.00
2017.03.06 15:21:11.756,0.70076,0.70085,1.00,1.00
2017.03.06 15:21:11.858,0.70075,0.70083,1.00,1.00
2017.03.06 15:21:12.416,0.70073,0.70083,6.97,1.00
2017.03.06 15:21:12.940,0.70076,0.70084,1.00,1.00
2017.03.06 15:21:13.042,0.70075,0.70086,2.25,1.50
2017.03.06 15:21:13.202,0.70077,0.70086,1.00,1.50
2017.03.06 15:21:13.506,0.70076,0.70084,1.00,1.00
2017.03.06 15:21:13.687,0.70076,0.70086,1.50,1.00
2017.03.06 15:21:14.195,0.70076,0.70087,4.12,1.00
2017.03.06 15:21:14.702,0.70077,0.70087,1.12,1.00
2017.03.06 15:21:15.413,0.70076,0.70087,4.12,1.00
2017.03.06 15:21:16.282,0.70077,0.70087,1.00,1.00
2017.03.06 15:21:16.815,0.70078,0.70088,1.50,1.50
2017.03.06 15:21:18.130,0.70079,0.70088,1.00,1.50
2017.03.06 15:21:18.644,0.7008,0.70088,1.12,1.50
2017.03.06 15:21:19.474,0.7008,0.70089,1.00,1.50
2017.03.06 15:21:20.015,0.7008,0.70088,1.00,1.00
2017.03.06 15:21:24.946,0.7008,0.70089,1.87,1.50
2017.03.06 15:21:26.965,0.7008,0.70088,1.00,1.00
2017.03.06 15:21:28.384,0.7008,0.70089,1.00,1.00
2017.03.06 15:21:28.937,0.70081,0.70089,1.00,1.00
2017.03.06 15:21:29.481,0.7008,0.70088,1.00,1.00
2017.03.06 15:21:30.122,0.7008,0.70087,1.00,1.00
2017.03.06 15:21:30.173,0.70078,0.70087,3.00,1.00
2017.03.06 15:21:31.415,0.7008,0.70087,1.00,1.00
2017.03.06 15:21:32.073,0.7008,0.70088,1.00,1.00
2017.03.06 15:21:34.448,0.7008,0.70089,1.00,1.50
2017.03.06 15:21:36.902,0.70085,0.70091,1.00,1.50
2017.03.06 15:21:37.055,0.70087,0.70094,1.00,2.25
2017.03.06 15:21:37.562,0.70087,0.70095,2.25,1.00
2017.03.06 15:21:38.109,0.70087,0.70096,1.50,1.00
2017.03.06 15:21:39.594,0.70086,0.70093,1.37,1.00
2017.03.06 15:21:39.696,0.70084,0.70092,1.50,1.00
2017.03.06 15:21:39.747,0.70083,0.7009,1.00,2.25
2017.03.06 15:21:39.798,0.70081,0.70089,5.47,1.50
2017.03.06 15:21:40.349,0.70081,0.70091,1.50,2.25
2017.03.06 15:21:40.948,0.70082,0.70091,2.10,1.50
2017.03.06 15:21:42.009,0.70081,0.70091,5.85,1.50
2017.03.06 15:21:43.550,0.70081,0.70089,1.12,1.50
2017.03.06 15:21:43.856,0.70076,0.70085,5.47,1.50
2017.03.06 15:21:45.422,0.70077,0.70085,1.00,1.00
2017.03.06 15:21:45.725,0.70078,0.70087,1.00,1.50
2017.03.06 15:21:46.306,0.70079,0.70086,1.12,1.00
2017.03.06 15:21:46.967,0.70078,0.70086,2.62,1.00
2017.03.06 15:21:48.010,0.70078,0.70088,1.00,1.00
2017.03.06 15:21:48.354,0.7008,0.70088,1.00,1.00
2017.03.06 15:21:50.468,0.70079,0.70088,1.00,1.00
2017.03.06 15:21:54.409,0.70076,0.70085,1.87,1.00
2017.03.06 15:21:56.342,0.70076,0.70086,2.25,1.00
2017.03.06 15:21:59.002,0.70076,0.70085,3.60,1.00
2017.03.06 15:21:59.933,0.70077,0.70086,1.00,1.50
2017.03.06 15:22:00.247,0.70079,0.70087,1.00,1.00
2017.03.06 15:22:01.839,0.70078,0.70087,1.87,1.00
2017.03.06 15:22:02.409,0.7008,0.70087,1.00,1.00
2017.03.06 15:22:02.510,0.7008,0.70089,1.00,1.00
2017.03.06 15:22:02.864,0.70079,0.70087,1.00,1.00
2017.03.06 15:22:03.377,0.70078,0.70087,3.00,1.00
2017.03.06 15:22:05.230,0.70077,0.70086,2.62,1.00
2017.03.06 15:22:05.738,0.70077,0.70085,1.00,1.00
2017.03.06 15:22:06.817,0.70076,0.70081,1.00,1.00
2017.03.06 15:22:06.969,0.70073,0.70079,1.50,1.00
2017.03.06 15:22:07.205,0.70074,0.70081,1.00,3.75
2017.03.06 15:22:07.256,0.70072,0.70081,2.25,2.62
2017.03.06 15:22:07.560,0.70074,0.70081,1.00,1.00
2017.03.06 15:22:07.763,0.70072,0.70081,2.25,1.50
2017.03.06 15:22:08.268,0.70073,0.70081,1.00,1.50
2017.03.06 15:22:12.841,0.70074,0.70081,1.00,1.00
2017.03.06 15:22:12.942,0.70076,0.70082,1.12,1.12
2017.03.06 15:22:13.294,0.70077,0.70087,2.62,3.00
2017.03.06 15:22:13.496,0.70077,0.70085,2.25,1.00
2017.03.06 15:22:15.444,0.70078,0.70087,1.00,1.87
2017.03.06 15:22:15.697,0.70079,0.70089,1.50,3.00
2017.03.06 15:22:16.214,0.70079,0.70088,1.50,1.50
2017.03.06 15:22:16.716,0.70079,0.70089,1.50,1.50
2017.03.06 15:22:16.918,0.70081,0.70089,1.00,1.50
2017.03.06 15:22:21.223,0.70079,0.70089,1.50,1.50
2017.03.06 15:22:21.726,0.70078,0.70087,2.25,1.00
2017.03.06 15:22:22.233,0.70077,0.70086,1.87,1.00
2017.03.06 15:22:22.749,0.70077,0.70087,1.50,1.50
2017.03.06 15:22:23.256,0.70078,0.70088,1.00,1.50
2017.03.06 15:22:23.561,0.70077,0.70086,1.12,1.00
2017.03.06 15:22:24.138,0.70078,0.70087,1.50,1.00
2017.03.06 15:22:25.585,0.70077,0.70087,3.00,1.50
2017.03.06 15:22:26.272,0.70077,0.70086,2.25,1.00
2017.03.06 15:22:26.631,0.70078,0.70088,2.62,1.00
2017.03.06 15:22:27.754,0.70078,0.70087,1.12,1.50
2017.03.06 15:22:28.262,0.70076,0.70086,2.62,1.00
2017.03.06 15:22:28.655,0.70076,0.70083,3.22,1.00
2017.03.06 15:22:28.707,0.70074,0.70082,2.25,1.00
2017.03.06 15:22:29.058,0.70072,0.70082,2.25,4.12
2017.03.06 15:22:29.363,0.70076,0.70084,1.00,2.25
2017.03.06 15:22:29.913,0.70077,0.70085,1.50,1.00
2017.03.06 15:22:31.778,0.70076,0.70086,3.60,1.00
2017.03.06 15:22:34.450,0.70077,0.70086,1.00,1.00
2017.03.06 15:22:34.958,0.70076,0.70086,4.12,1.00
2017.03.06 15:22:37.246,0.70077,0.70086,1.00,1.00
2017.03.06 15:22:37.750,0.70077,0.70086,2.25,1.00
2017.03.06 15:22:39.397,0.70076,0.70086,1.00,1.50
2017.03.06 15:22:39.915,0.70076,0.70085,1.50,1.00
2017.03.06 15:22:40.017,0.70074,0.70083,1.00,1.50
2017.03.06 15:22:40.321,0.70073,0.70081,1.00,1.00
2017.03.06 15:22:42.027,0.70072,0.70081,1.00,1.00
2017.03.06 15:22:44.017,0.70073,0.70081,1.00,1.00
2017.03.06 15:22:44.624,0.70072,0.70081,1.00,1.00
2017.03.06 15:22:45.137,0.70073,0.70081,1.00,1.00
2017.03.06 15:22:45.832,0.70072,0.70081,2.85,1.00
2017.03.06 15:22:46.531,0.70072,0.70081,3.60,1.00
2017.03.06 15:22:46.785,0.70074,0.70083,1.00,1.50
2017.03.06 15:22:46.988,0.70073,0.70081,1.35,1.00
2017.03.06 15:22:47.489,0.70072,0.7008,5.47,1.00
2017.03.06 15:22:47.998,0.70072,0.7008,3.00,1.00
2017.03.06 15:22:48.339,0.70074,0.70081,1.00,1.00
2017.03.06 15:22:49.185,0.70074,0.70082,1.00,1.87
2017.03.06 15:22:49.692,0.70075,0.70082,1.00,1.00
2017.03.06 15:22:50.607,0.70076,0.70084,1.00,1.37
2017.03.06 15:22:50.708,0.70076,0.70085,1.00,1.12
2017.03.06 15:22:51.062,0.70075,0.70083,1.00,1.00
2017.03.06 15:22:53.100,0.70076,0.70083,1.00,1.00
2017.03.06 15:22:53.202,0.70074,0.70083,1.00,1.00
2017.03.06 15:22:54.353,0.70075,0.70083,1.00,1.12
2017.03.06 15:22:55.573,0.70074,0.70082,1.00,1.00
2017.03.06 15:22:56.079,0.70073,0.70082,1.00,2.62
2017.03.06 15:22:56.624,0.70074,0.70082,1.00,2.62
2017.03.06 15:22:56.726,0.70076,0.70082,1.00,1.00
2017.03.06 15:22:56.827,0.70077,0.70084,1.00,1.00
2017.03.06 15:22:57.132,0.70074,0.70083,2.85,1.12
2017.03.06 15:22:57.320,0.70075,0.70081,1.00,1.50
2017.03.06 15:22:57.371,0.70073,0.7008,1.00,1.00
2017.03.06 15:22:57.877,0.70073,0.70081,1.00,1.12
2017.03.06 15:23:01.240,0.70075,0.70082,1.00,4.50
2017.03.06 15:23:01.442,0.70074,0.70083,1.00,3.37
2017.03.06 15:23:01.746,0.70076,0.70083,1.00,1.00
2017.03.06 15:23:08.338,0.70074,0.70082,1.00,1.00
2017.03.06 15:23:08.389,0.70073,0.7008,1.00,1.00
2017.03.06 15:23:08.962,0.70074,0.7008,1.00,1.00
2017.03.06 15:23:09.014,0.70075,0.70083,1.00,2.25
2017.03.06 15:23:09.627,0.70076,0.70083,1.00,1.00
2017.03.06 15:23:10.155,0.70075,0.70083,1.00,1.00
2017.03.06 15:23:11.986,0.70074,0.70083,1.00,2.25
2017.03.06 15:23:12.392,0.70074,0.70081,1.00,1.00
2017.03.06 15:23:13.680,0.70073,0.70081,1.00,1.00
2017.03.06 15:23:14.066,0.70072,0.70081,1.00,2.25
2017.03.06 15:23:14.576,0.70072,0.70081,1.00,3.00
2017.03.06 15:23:17.967,0.70071,0.7008,1.00,1.12
2017.03.06 15:23:21.848,0.7007,0.7008,2.10,1.12
2017.03.06 15:23:22.350,0.70071,0.70079,1.00,1.12
2017.03.06 15:23:23.252,0.70071,0.7008,1.50,1.50
2017.03.06 15:23:23.957,0.70072,0.7008,1.00,1.12
2017.03.06 15:23:31.168,0.70074,0.70082,1.00,1.00
2017.03.06 15:23:31.674,0.70075,0.70083,1.35,1.00
2017.03.06 15:23:31.957,0.70076,0.70085,1.50,2.25
2017.03.06 15:23:40.019,0.70075,0.70083,1.00,1.00
2017.03.06 15:23:40.960,0.70075,0.70084,2.10,1.00
2017.03.06 15:23:41.263,0.70074,0.70082,3.60,1.00
2017.03.06 15:23:41.779,0.70075,0.70082,1.00,1.00
2017.03.06 15:23:44.104,0.70075,0.70081,1.00,1.00
2017.03.06 15:23:44.647,0.70074,0.70083,1.50,1.00
2017.03.06 15:23:45.704,0.70073,0.70082,5.10,1.00
2017.03.06 15:23:46.211,0.70074,0.70083,2.10,1.00
2017.03.06 15:23:46.729,0.70073,0.70083,5.85,1.00
2017.03.06 15:23:47.261,0.70074,0.70083,1.00,1.00
2017.03.06 15:23:47.788,0.70074,0.70082,1.00,1.00
2017.03.06 15:23:48.306,0.70073,0.70082,5.47,1.00
2017.03.06 15:23:48.809,0.70073,0.70081,1.00,1.50
2017.03.06 15:23:48.961,0.70071,0.7008,2.47,1.00
2017.03.06 15:23:49.466,0.70071,0.70079,4.72,1.00
2017.03.06 15:23:50.813,0.7007,0.70078,2.62,1.00
2017.03.06 15:23:51.152,0.70068,0.70077,3.00,1.00
2017.03.06 15:23:51.203,0.70066,0.70075,3.37,1.12
2017.03.06 15:23:53.393,0.70065,0.70072,1.50,1.00
2017.03.06 15:23:53.495,0.70063,0.70071,2.25,1.00
2017.03.06 15:23:54.147,0.70062,0.7007,1.50,1.12
2017.03.06 15:23:56.279,0.70062,0.70071,1.00,1.50
2017.03.06 15:23:56.533,0.70061,0.70069,1.00,1.00
2017.03.06 15:23:56.635,0.70058,0.70069,7.72,1.00
2017.03.06 15:23:56.736,0.70058,0.70067,4.35,1.00
2017.03.06 15:23:57.237,0.70058,0.70068,2.25,1.12
2017.03.06 15:23:58.343,0.70058,0.70067,2.25,1.00
2017.03.06 15:23:58.884,0.70058,0.70068,1.00,1.12
2017.03.06 15:23:59.874,0.70056,0.70064,1.00,1.00
2017.03.06 15:23:59.975,0.70054,0.70063,1.00,1.50
2017.03.06 15:24:00.481,0.70053,0.70062,1.50,1.50
2017.03.06 15:24:01.656,0.70055,0.70062,1.00,1.00
2017.03.06 15:24:01.706,0.70053,0.70063,3.75,1.00
2017.03.06 15:24:01.757,0.70053,0.70061,2.25,1.00
2017.03.06 15:24:02.313,0.70053,0.70062,1.12,1.00
2017.03.06 15:24:02.849,0.70054,0.70062,1.00,1.00
2017.03.06 15:24:03.362,0.70054,0.70063,1.35,1.00
2017.03.06 15:24:03.998,0.70053,0.70063,6.22,1.00
2017.03.06 15:24:04.528,0.70054,0.70063,3.60,1.00
2017.03.06 15:24:05.111,0.70055,0.70063,1.00,1.00
2017.03.06 15:24:05.433,0.70058,0.70065,1.00,1.00
2017.03.06 15:24:05.585,0.70058,0.70068,2.25,1.00
2017.03.06 15:24:06.548,0.70059,0.70068,1.00,1.00
2017.03.06 15:24:07.078,0.70058,0.70067,1.50,1.00
2017.03.06 15:24:07.583,0.70058,0.70068,2.25,1.00
2017.03.06 15:24:08.263,0.70059,0.70068,1.00,1.00
2017.03.06 15:24:11.913,0.7006,0.70069,1.00,1.00
2017.03.06 15:24:12.420,0.70061,0.7007,1.12,1.00
2017.03.06 15:24:12.999,0.70062,0.7007,1.00,1.00
2017.03.06 15:24:13.152,0.70064,0.70071,1.00,1.00
2017.03.06 15:24:13.713,0.70063,0.7007,1.00,1.00
2017.03.06 15:24:14.960,0.70062,0.7007,3.00,1.00
2017.03.06 15:24:15.609,0.70063,0.7007,1.00,1.00
2017.03.06 15:24:16.117,0.70063,0.70071,2.85,1.00
2017.03.06 15:24:16.420,0.70063,0.70073,3.60,1.12
2017.03.06 15:24:16.875,0.70065,0.70071,1.00,1.00
2017.03.06 15:24:16.926,0.70063,0.70071,4.35,1.00
2017.03.06 15:24:20.145,0.70064,0.70072,1.00,1.00
2017.03.06 15:24:20.398,0.70066,0.70073,1.00,1.00
2017.03.06 15:24:21.131,0.70065,0.70073,1.00,1.00
2017.03.06 15:24:21.443,0.70067,0.70076,1.00,1.12
2017.03.06 15:24:22.016,0.70067,0.70077,3.00,1.00
2017.03.06 15:24:22.418,0.70067,0.70075,1.00,1.00
2017.03.06 15:24:26.384,0.70066,0.70075,1.87,1.00
2017.03.06 15:24:27.339,0.70065,0.70075,2.25,1.00
2017.03.06 15:24:27.875,0.70066,0.70075,2.85,1.00
2017.03.06 15:24:29.015,0.70065,0.70075,4.72,1.00
2017.03.06 15:24:30.016,0.70066,0.70075,1.00,1.00
2017.03.06 15:24:30.651,0.70065,0.70075,4.72,1.00
2017.03.06 15:24:31.763,0.70066,0.70075,1.00,1.00
2017.03.06 15:24:32.957,0.70066,0.70076,2.25,1.00
2017.03.06 15:24:33.260,0.70068,0.70076,1.00,1.00
2017.03.06 15:24:34.100,0.70069,0.70078,1.00,1.00
2017.03.06 15:24:34.855,0.70068,0.70078,1.00,1.00
2017.03.06 15:24:35.057,0.7007,0.70078,1.00,1.00
2017.03.06 15:24:35.361,0.7007,0.7008,1.50,4.12
2017.03.06 15:24:35.905,0.70071,0.7008,1.00,1.87
2017.03.06 15:24:36.530,0.7007,0.7008,3.00,1.00
2017.03.06 15:24:37.398,0.70071,0.7008,1.00,1.00
2017.03.06 15:24:42.281,0.70071,0.70081,1.50,1.12
2017.03.06 15:24:46.197,0.70072,0.70081,1.00,1.12
2017.03.06 15:24:48.316,0.70071,0.70081,2.62,1.50
2017.03.06 15:24:52.006,0.7007,0.7008,2.62,1.00
2017.03.06 15:24:53.173,0.70072,0.7008,1.00,1.00
2017.03.06 15:24:53.325,0.7007,0.7008,4.12,1.00
2017.03.06 15:24:53.828,0.70071,0.7008,1.00,1.00
2017.03.06 15:24:54.436,0.70071,0.70081,1.50,1.00
2017.03.06 15:24:57.501,0.70072,0.70081,1.50,1.00
2017.03.06 15:25:00.665,0.70072,0.7008,1.00,1.00
2017.03.06 15:25:16.860,0.70071,0.7008,2.25,1.12
2017.03.06 15:25:20.158,0.70072,0.7008,1.00,1.00
2017.03.06 15:25:21.596,0.70071,0.7008,1.00,1.00
2017.03.06 15:25:23.432,0.7007,0.7008,2.25,1.00
2017.03.06 15:25:27.152,0.70071,0.70079,1.00,1.00
2017.03.06 15:25:27.834,0.7007,0.70079,1.00,1.00
2017.03.06 15:25:28.377,0.70069,0.70079,1.87,1.00
2017.03.06 15:25:28.889,0.7007,0.70079,1.50,1.00
2017.03.06 15:25:31.873,0.70071,0.70079,1.00,1.00
2017.03.06 15:25:32.808,0.70072,0.70079,1.00,1.00
2017.03.06 15:25:34.215,0.70071,0.70079,1.00,1.00
2017.03.06 15:25:34.890,0.70072,0.70079,1.00,1.00
2017.03.06 15:25:35.630,0.70072,0.7008,1.00,1.50
2017.03.06 15:25:39.659,0.70071,0.7008,2.25,1.00
2017.03.06 15:25:44.749,0.70072,0.7008,1.00,1.00
2017.03.06 15:25:47.532,0.70073,0.70081,2.25,1.00
2017.03.06 15:25:47.684,0.70073,0.70083,3.60,1.12
2017.03.06 15:25:48.203,0.70073,0.70083,2.85,1.87
2017.03.06 15:25:48.826,0.70074,0.70083,1.00,2.25
2017.03.06 15:25:53.271,0.70075,0.70083,1.00,2.25
2017.03.06 15:25:53.423,0.70077,0.70085,1.00,1.12
2017.03.06 15:25:54.014,0.70077,0.70086,3.00,1.00
2017.03.06 15:25:54.583,0.70079,0.70086,1.00,1.00
2017.03.06 15:25:56.422,0.70078,0.70086,1.00,1.00
2017.03.06 15:25:56.472,0.70076,0.70083,3.00,1.00
2017.03.06 15:25:56.574,0.70074,0.70083,1.54,1.50
2017.03.06 15:25:56.625,0.70074,0.7008,2.29,1.00
2017.03.06 15:25:57.127,0.70071,0.7008,2.85,1.12
2017.03.06 15:25:59.127,0.7007,0.7008,3.00,1.12
2017.03.06 15:25:59.229,0.7007,0.70079,1.00,1.37
2017.03.06 15:25:59.734,0.70069,0.70079,2.25,1.37
2017.03.06 15:26:00.237,0.70069,0.70079,1.50,1.00
2017.03.06 15:26:00.777,0.7007,0.70079,1.00,1.00
2017.03.06 15:26:01.776,0.7007,0.7008,1.00,2.25
2017.03.06 15:26:02.285,0.70071,0.7008,1.00,1.00
2017.03.06 15:26:02.824,0.7007,0.7008,3.60,1.00
2017.03.06 15:26:12.300,0.70071,0.7008,1.00,1.00
2017.03.06 15:26:12.805,0.70072,0.7008,1.00,1.00
2017.03.06 15:26:13.508,0.70071,0.7008,1.50,1.00
2017.03.06 15:26:14.238,0.70072,0.7008,1.00,1.00
2017.03.06 15:26:14.642,0.70073,0.70083,2.85,5.25
2017.03.06 15:26:14.744,0.70075,0.70083,1.00,1.00
2017.03.06 15:26:15.267,0.70076,0.70084,1.00,1.00
2017.03.06 15:26:15.828,0.70075,0.70084,2.85,1.00
2017.03.06 15:26:16.231,0.70076,0.70082,1.00,1.00
2017.03.06 15:26:16.282,0.70074,0.70081,3.60,1.00
2017.03.06 15:26:16.820,0.70073,0.70081,1.50,1.12
2017.03.06 15:26:21.490,0.70072,0.7008,2.10,1.00
2017.03.06 15:26:22.228,0.70073,0.7008,1.00,1.00
2017.03.06 15:26:22.786,0.70072,0.7008,1.50,1.00
2017.03.06 15:26:29.768,0.70071,0.7008,1.35,1.00
2017.03.06 15:26:30.275,0.70071,0.70079,1.00,1.00
2017.03.06 15:26:30.840,0.70072,0.70079,1.00,1.00
2017.03.06 15:26:31.832,0.70071,0.70079,1.00,1.00
2017.03.06 15:26:32.356,0.7007,0.70079,1.00,1.00
2017.03.06 15:26:32.997,0.7007,0.70079,2.85,1.00
2017.03.06 15:26:33.943,0.7007,0.70079,1.35,1.00
2017.03.06 15:26:34.539,0.70071,0.70078,1.00,1.00
2017.03.06 15:26:35.690,0.70071,0.70079,1.00,1.00
2017.03.06 15:26:37.015,0.7007,0.70079,2.85,1.50
2017.03.06 15:26:37.521,0.7007,0.70079,1.50,1.87
2017.03.06 15:26:39.143,0.70071,0.70078,1.00,1.00
2017.03.06 15:26:40.386,0.70072,0.70078,1.00,1.00
2017.03.06 15:26:40.919,0.70071,0.70078,1.50,1.00
2017.03.06 15:26:41.630,0.70072,0.70081,1.00,1.50
2017.03.06 15:26:41.732,0.70074,0.70081,1.00,1.00
2017.03.06 15:26:42.238,0.70074,0.70082,1.00,1.00
2017.03.06 15:26:42.774,0.70074,0.70083,1.00,3.00
2017.03.06 15:26:46.589,0.70075,0.70083,1.00,1.50
2017.03.06 15:26:48.048,0.70074,0.70082,1.00,1.00
2017.03.06 15:26:48.798,0.70076,0.70082,1.00,1.00
2017.03.06 15:26:49.338,0.70075,0.70082,1.00,1.00
2017.03.06 15:26:50.641,0.70074,0.70082,1.00,1.00
2017.03.06 15:26:50.843,0.70076,0.70085,1.00,4.87
2017.03.06 15:26:54.360,0.70076,0.70083,1.00,1.00
2017.03.06 15:26:54.931,0.70077,0.70085,1.00,4.50
2017.03.06 15:26:55.442,0.70077,0.70085,1.00,1.00
2017.03.06 15:26:56.971,0.70077,0.70086,1.00,3.37
2017.03.06 15:26:57.616,0.70077,0.70085,1.00,1.00
2017.03.06 15:27:01.584,0.70077,0.70084,1.00,1.00
2017.03.06 15:27:02.133,0.70077,0.70085,1.00,1.00
2017.03.06 15:27:03.669,0.70077,0.70086,1.00,3.37
2017.03.06 15:27:05.665,0.70077,0.70085,1.00,1.00
2017.03.06 15:27:09.713,0.70078,0.70087,1.00,2.62
2017.03.06 15:27:09.916,0.7008,0.70089,1.00,1.00
2017.03.06 15:27:10.550,0.70082,0.70089,1.00,1.50
2017.03.06 15:27:11.059,0.70082,0.7009,1.00,2.25
2017.03.06 15:27:11.584,0.70082,0.70091,2.10,1.50
2017.03.06 15:27:11.888,0.70084,0.70091,1.00,1.00
2017.03.06 15:27:12.871,0.70084,0.70092,1.00,1.00
2017.03.06 15:27:13.377,0.70084,0.70093,1.00,3.37
2017.03.06 15:27:13.751,0.70086,0.70095,1.00,3.75
2017.03.06 15:27:18.538,0.70087,0.70094,1.00,2.25
2017.03.06 15:27:19.119,0.70086,0.70094,1.00,1.12
2017.03.06 15:27:23.014,0.70086,0.70091,1.00,1.00
2017.03.06 15:27:25.254,0.70085,0.7009,1.00,1.00
2017.03.06 15:27:25.812,0.70085,0.70091,1.35,1.00
2017.03.06 15:27:26.344,0.70085,0.7009,1.00,1.00
2017.03.06 15:27:26.497,0.70086,0.70092,1.50,1.00
2017.03.06 15:27:27.046,0.70084,0.70092,2.10,1.50
2017.03.06 15:27:27.097,0.70086,0.70093,1.50,1.00
2017.03.06 15:27:27.629,0.70086,0.70094,1.50,1.50
2017.03.06 15:27:28.130,0.70087,0.70094,1.00,1.00
2017.03.06 15:27:28.674,0.70089,0.70094,1.00,1.00
2017.03.06 15:27:28.725,0.70089,0.70096,1.50,1.00
2017.03.06 15:27:30.495,0.7009,0.70096,1.00,1.00
2017.03.06 15:27:30.648,0.70091,0.70098,1.00,1.00
2017.03.06 15:27:31.160,0.70092,0.70099,1.00,1.00
2017.03.06 15:27:31.979,0.70092,0.70101,1.00,1.50
2017.03.06 15:27:32.606,0.70092,0.701,1.50,1.00
2017.03.06 15:27:35.245,0.70092,0.70101,1.50,1.00
2017.03.06 15:27:35.347,0.70094,0.70101,1.00,1.00
2017.03.06 15:27:35.398,0.70092,0.70101,5.10,1.00
2017.03.06 15:27:35.952,0.70092,0.701,5.10,1.00
2017.03.06 15:27:36.447,0.70092,0.70096,1.00,1.00
2017.03.06 15:27:36.652,0.70086,0.7009,1.00,1.00
2017.03.06 15:27:36.958,0.70084,0.70091,1.00,1.00
2017.03.06 15:27:37.517,0.70084,0.7009,1.00,1.00
2017.03.06 15:27:38.084,0.70083,0.7009,1.00,1.00
2017.03.06 15:27:38.601,0.70085,0.70091,1.50,1.00
2017.03.06 15:27:38.910,0.70087,0.70092,1.00,1.00
2017.03.06 15:27:39.759,0.70087,0.70093,1.00,1.00
2017.03.06 15:27:40.069,0.7009,0.70095,1.00,1.00
2017.03.06 15:27:40.572,0.70091,0.70096,1.00,1.00
2017.03.06 15:27:42.291,0.70091,0.70097,1.00,1.00
2017.03.06 15:27:42.855,0.70092,0.70098,1.00,1.00
2017.03.06 15:27:43.509,0.70093,0.70098,1.00,1.00
2017.03.06 15:27:44.088,0.70092,0.70098,2.25,1.00
2017.03.06 15:27:44.660,0.70092,0.70096,1.00,1.00
2017.03.06 15:27:44.812,0.70086,0.70093,3.00,1.50
2017.03.06 15:27:44.913,0.70084,0.7009,2.25,1.00
2017.03.06 15:27:45.066,0.70084,0.70092,1.50,1.00
2017.03.06 15:27:45.116,0.70086,0.70092,1.00,1.00
2017.03.06 15:27:45.612,0.70085,0.70089,1.00,1.00
2017.03.06 15:27:46.314,0.70085,0.70091,1.00,1.00
2017.03.06 15:27:46.821,0.70084,0.70091,1.50,1.00
2017.03.06 15:27:47.428,0.70084,0.7009,1.50,1.00
2017.03.06 15:27:48.146,0.70084,0.70092,1.00,1.12
2017.03.06 15:27:48.652,0.70084,0.70091,1.00,1.00
2017.03.06 15:27:50.402,0.70086,0.70091,1.00,1.00
2017.03.06 15:27:50.454,0.70085,0.70093,2.25,1.00
2017.03.06 15:27:51.003,0.70086,0.70094,1.50,1.00
2017.03.06 15:27:51.609,0.70087,0.70094,1.00,1.00
2017.03.06 15:27:54.580,0.70088,0.70095,1.50,1.00
2017.03.06 15:27:54.631,0.70089,0.70097,1.50,1.50
2017.03.06 15:27:55.142,0.7009,0.70096,1.00,1.00
2017.03.06 15:27:57.612,0.70091,0.70096,1.00,1.00
2017.03.06 15:27:58.411,0.70091,0.70098,1.00,1.00
2017.03.06 15:28:00.463,0.70091,0.70097,1.50,1.00
2017.03.06 15:28:00.615,0.70092,0.70099,1.00,1.00
2017.03.06 15:28:01.152,0.70091,0.70099,1.50,1.00
2017.03.06 15:28:01.665,0.70092,0.70099,1.00,1.00
2017.03.06 15:28:02.728,0.70092,0.70098,1.00,1.00
2017.03.06 15:28:05.459,0.70091,0.70098,1.00,1.00
2017.03.06 15:28:05.967,0.70091,0.70099,1.50,1.00
2017.03.06 15:28:06.509,0.70091,0.70098,1.50,1.00
2017.03.06 15:28:07.114,0.70092,0.70098,1.00,1.00
2017.03.06 15:28:07.744,0.70091,0.70098,2.25,1.00
2017.03.06 15:28:08.404,0.70091,0.70097,1.00,1.00
2017.03.06 15:28:09.058,0.70091,0.70098,1.00,1.00
2017.03.06 15:28:11.945,0.70091,0.70096,1.00,1.00
2017.03.06 15:28:12.859,0.7009,0.70097,1.00,1.00
2017.03.06 15:28:13.425,0.70089,0.70097,2.25,1.00
2017.03.06 15:28:13.779,0.70092,0.70098,1.00,1.00
2017.03.06 15:28:15.769,0.70092,0.70099,1.00,1.00
2017.03.06 15:28:17.792,0.70091,0.70099,1.00,1.00
2017.03.06 15:28:18.399,0.7009,0.70099,1.50,1.00
2017.03.06 15:28:20.001,0.7009,0.70097,1.50,1.00
2017.03.06 15:28:25.248,0.7009,0.70099,1.50,1.00
2017.03.06 15:28:26.121,0.7009,0.701,2.25,1.50
2017.03.06 15:28:28.823,0.7009,0.70099,1.50,1.00
2017.03.06 15:28:29.128,0.70089,0.70095,1.00,1.00
2017.03.06 15:28:29.634,0.70088,0.70096,1.00,1.00
2017.03.06 15:28:30.180,0.70088,0.70097,1.50,1.00
2017.03.06 15:28:33.303,0.70088,0.70098,2.25,1.50
2017.03.06 15:28:33.918,0.70088,0.70097,2.25,1.00
2017.03.06 15:28:39.148,0.70089,0.70098,1.50,1.50
2017.03.06 15:28:39.657,0.70089,0.70098,3.00,1.00
2017.03.06 15:28:40.229,0.70088,0.70097,3.00,1.00
2017.03.06 15:28:40.734,0.70088,0.70098,4.12,1.00
2017.03.06 15:28:41.422,0.7009,0.70097,1.00,1.00
2017.03.06 15:28:42.512,0.70087,0.70094,1.75,1.00
2017.03.06 15:28:42.613,0.70085,0.70094,2.02,1.50
2017.03.06 15:28:42.766,0.70084,0.70094,3.00,1.50
2017.03.06 15:28:43.283,0.70084,0.70093,2.25,1.00
2017.03.06 15:28:43.334,0.70087,0.70095,1.00,1.00
2017.03.06 15:28:43.537,0.70088,0.70097,1.50,1.50
2017.03.06 15:28:46.727,0.70089,0.70097,1.00,1.00
2017.03.06 15:28:50.250,0.70089,0.70098,1.00,1.50
2017.03.06 15:28:50.877,0.7009,0.70098,1.00,1.50
2017.03.06 15:28:52.002,0.70089,0.70098,2.25,1.00
2017.03.06 15:28:53.984,0.7009,0.70098,1.00,1.50
2017.03.06 15:28:57.206,0.70091,0.70099,1.00,1.50
2017.03.06 15:28:57.307,0.70089,0.70098,2.25,1.00
2017.03.06 15:28:58.044,0.7009,0.70098,1.00,1.00
2017.03.06 15:28:59.669,0.70089,0.70098,2.25,1.00
2017.03.06 15:29:00.853,0.70089,0.70097,1.00,1.00
2017.03.06 15:29:01.845,0.70089,0.70096,1.00,1.00
2017.03.06 15:29:02.378,0.70088,0.70096,2.25,1.00
2017.03.06 15:29:03.293,0.70089,0.70096,1.00,1.00
2017.03.06 15:29:03.855,0.70089,0.70097,1.00,1.00
2017.03.06 15:29:04.409,0.70089,0.70098,1.00,1.50
2017.03.06 15:29:05.952,0.70088,0.70098,2.25,1.50
2017.03.06 15:29:06.496,0.70089,0.70098,1.00,1.50
2017.03.06 15:29:10.350,0.7009,0.70098,1.00,1.50
2017.03.06 15:29:11.546,0.70089,0.70098,1.00,1.50
2017.03.06 15:29:13.339,0.70088,0.70097,1.50,1.00
2017.03.06 15:29:13.491,0.70088,0.70094,1.50,1.00
2017.03.06 15:29:13.643,0.70089,0.70096,1.00,1.00
2017.03.06 15:29:13.846,0.7009,0.70098,1.00,1.00
2017.03.06 15:29:14.395,0.70091,0.70099,1.00,1.50
2017.03.06 15:29:14.648,0.70093,0.701,1.00,1.00
2017.03.06 15:29:15.156,0.70093,0.701,2.85,1.00
2017.03.06 15:29:15.670,0.70093,0.701,2.10,1.00
2017.03.06 15:29:16.561,0.70094,0.701,1.00,1.00
2017.03.06 15:29:17.125,0.70093,0.701,2.85,1.00
2017.03.06 15:29:17.431,0.70095,0.70101,1.50,1.00
2017.03.06 15:29:17.634,0.70096,0.70104,3.00,1.00
2017.03.06 15:29:19.750,0.70095,0.70104,5.85,1.00
2017.03.06 15:29:20.252,0.70096,0.70104,1.50,1.00
2017.03.06 15:29:20.303,0.70098,0.70105,1.00,1.00
2017.03.06 15:29:20.820,0.70097,0.70105,2.25,1.50
2017.03.06 15:29:26.770,0.70096,0.70105,1.12,2.25
2017.03.06 15:29:27.074,0.70094,0.70102,1.00,1.50
2017.03.06 15:29:27.580,0.70095,0.70102,1.00,1.50
2017.03.06 15:29:28.329,0.70094,0.70103,1.35,2.25
2017.03.06 15:29:28.744,0.70094,0.70101,2.85,1.00
2017.03.06 15:29:29.157,0.70093,0.70101,2.25,1.00
2017.03.06 15:29:29.748,0.70095,0.70101,1.00,1.00
2017.03.06 15:29:29.849,0.70093,0.70101,1.50,1.00
2017.03.06 15:29:30.630,0.70092,0.701,2.10,1.00
2017.03.06 15:29:31.660,0.70092,0.70101,1.00,1.87
2017.03.06 15:29:31.761,0.70091,0.70099,1.50,1.00
2017.03.06 15:29:32.262,0.70091,0.701,3.60,1.50
2017.03.06 15:29:34.136,0.70092,0.701,1.00,1.50
2017.03.06 15:29:34.669,0.70092,0.70101,1.50,1.00
2017.03.06 15:29:36.848,0.70091,0.70101,2.10,1.00
2017.03.06 15:29:37.151,0.7009,0.70094,2.25,1.00
2017.03.06 15:29:37.455,0.70086,0.7009,3.00,2.62
2017.03.06 15:29:37.506,0.70084,0.70088,1.00,1.00
2017.03.06 15:29:37.713,0.70081,0.70088,1.00,1.00
2017.03.06 15:29:38.259,0.7008,0.70089,1.50,1.00
2017.03.06 15:29:41.244,0.7008,0.7009,1.50,2.25
2017.03.06 15:29:41.447,0.70083,0.7009,1.00,1.50
2017.03.06 15:29:41.982,0.70083,0.70091,1.00,1.00
2017.03.06 15:29:43.650,0.70085,0.70093,1.00,1.12
2017.03.06 15:29:44.201,0.70085,0.70094,1.72,1.00
2017.03.06 15:29:44.705,0.70085,0.70093,1.00,1.00
2017.03.06 15:29:45.115,0.70086,0.70094,2.25,1.00
2017.03.06 15:29:45.166,0.70086,0.70096,2.25,2.25
2017.03.06 15:29:45.720,0.70086,0.70095,1.00,1.50
2017.03.06 15:29:46.023,0.70088,0.70095,1.00,1.00
2017.03.06 15:29:46.800,0.70087,0.70095,1.00,1.50
2017.03.06 15:29:47.137,0.70086,0.70093,1.00,1.00
2017.03.06 15:29:49.459,0.70086,0.70094,1.00,1.00
2017.03.06 15:29:49.975,0.70087,0.70095,1.00,1.00
2017.03.06 15:29:52.388,0.70088,0.70095,1.00,1.00
2017.03.06 15:29:54.845,0.70088,0.70096,1.00,1.50
2017.03.06 15:29:55.370,0.70088,0.70094,1.00,1.00
2017.03.06 15:29:57.690,0.70088,0.70094,1.00,3.00
2017.03.06 15:29:57.742,0.70084,0.70091,1.37,1.00
2017.03.06 15:29:57.793,0.70082,0.70091,3.00,1.00
2017.03.06 15:29:57.844,0.70082,0.70089,2.25,1.00
2017.03.06 15:29:57.996,0.70081,0.70089,1.00,1.50
2017.03.06 15:29:58.616,0.70082,0.70089,1.00,1.50
2017.03.06 15:29:59.958,0.70084,0.7009,1.00,1.00
2017.03.06 15:30:00.594,0.70083,0.7009,1.50,1.00
2017.03.06 15:30:00.696,0.70081,0.7009,1.87,1.50
2017.03.06 15:30:00.747,0.70081,0.70088,1.50,1.00
2017.03.06 15:30:01.051,0.70083,0.70089,1.00,1.00
2017.03.06 15:30:01.537,0.70083,0.70091,1.00,1.00
2017.03.06 15:30:02.486,0.70085,0.70091,1.00,1.00
2017.03.06 15:30:03.083,0.70082,0.70091,1.00,1.00
2017.03.06 15:30:03.134,0.70082,0.70089,1.00,1.00
2017.03.06 15:30:03.712,0.70081,0.70089,3.00,1.00
2017.03.06 15:30:07.516,0.70082,0.70089,1.00,1.00
2017.03.06 15:30:07.617,0.70083,0.70091,1.00,1.50
2017.03.06 15:30:08.285,0.70082,0.70091,1.50,1.50
2017.03.06 15:30:11.041,0.70081,0.70091,2.25,1.50
2017.03.06 15:30:11.291,0.70083,0.70091,1.00,1.50
2017.03.06 15:30:11.902,0.70082,0.70091,1.00,1.50
2017.03.06 15:30:13.651,0.70081,0.70091,2.25,1.50
2017.03.06 15:30:14.606,0.70082,0.70091,1.00,1.50
2017.03.06 15:30:15.470,0.70081,0.70091,1.50,1.50
2017.03.06 15:30:15.811,0.70081,0.70089,1.00,1.00
2017.03.06 15:30:16.348,0.70081,0.7009,1.00,1.00
2017.03.06 15:30:16.894,0.70082,0.7009,1.50,1.00
2017.03.06 15:30:18.476,0.70083,0.7009,1.00,1.00
2017.03.06 15:30:19.024,0.70083,0.70091,1.00,1.12
2017.03.06 15:30:20.218,0.70085,0.70093,3.37,1.50
2017.03.06 15:30:20.320,0.70087,0.70095,2.25,1.00
2017.03.06 15:30:20.422,0.70088,0.70097,1.50,1.50
2017.03.06 15:30:20.927,0.70087,0.70097,1.50,1.00
2017.03.06 15:30:22.272,0.70087,0.70098,2.25,2.25
2017.03.06 15:30:22.816,0.70089,0.70098,1.00,1.50
2017.03.06 15:30:24.914,0.7009,0.70099,1.00,1.50
2017.03.06 15:30:25.419,0.7009,0.70098,1.00,1.00
2017.03.06 15:30:25.957,0.70089,0.70098,1.50,1.00
2017.03.06 15:30:26.480,0.7009,0.70098,1.00,1.00
2017.03.06 15:30:26.939,0.70087,0.70097,1.00,2.62
2017.03.06 15:30:27.089,0.70087,0.70095,2.25,1.00
2017.03.06 15:30:27.140,0.70083,0.70092,1.50,1.50
2017.03.06 15:30:27.192,0.70084,0.7009,1.00,1.00
2017.03.06 15:30:27.294,0.70082,0.7009,2.25,1.00
2017.03.06 15:30:27.345,0.7008,0.70089,1.87,1.00
2017.03.06 15:30:27.850,0.70083,0.70088,1.00,1.00
2017.03.06 15:30:28.154,0.70087,0.70092,1.00,1.00
2017.03.06 15:30:29.150,0.70087,0.70093,1.00,1.00
2017.03.06 15:30:29.757,0.70087,0.70092,1.00,1.00
2017.03.06 15:30:30.388,0.70087,0.70091,1.00,1.00
2017.03.06 15:30:31.381,0.70087,0.70092,1.00,1.00
2017.03.06 15:30:31.901,0.70088,0.70093,1.00,1.12
2017.03.06 15:30:32.407,0.70088,0.70092,1.00,1.00
2017.03.06 15:30:34.169,0.70087,0.70091,1.00,1.00
2017.03.06 15:30:34.220,0.70086,0.70091,1.00,1.00
2017.03.06 15:30:37.504,0.70085,0.70091,1.00,1.00
2017.03.06 15:30:38.021,0.70085,0.7009,1.00,1.00
2017.03.06 15:30:40.382,0.70084,0.7009,1.00,1.00
2017.03.06 15:30:43.864,0.70083,0.7009,1.00,1.00
2017.03.06 15:30:44.856,0.70084,0.7009,1.00,1.00
2017.03.06 15:30:45.566,0.70084,0.70089,1.00,1.00
2017.03.06 15:30:46.080,0.70083,0.70089,1.00,1.00
2017.03.06 15:30:49.565,0.70082,0.70089,1.00,1.00
2017.03.06 15:30:49.717,0.70084,0.70089,1.00,1.00
2017.03.06 15:30:52.470,0.70085,0.70089,1.00,1.00
2017.03.06 15:30:52.572,0.70082,0.70089,1.00,1.00
2017.03.06 15:30:55.626,0.70084,0.70089,1.00,1.00
2017.03.06 15:30:55.919,0.70085,0.70092,1.00,2.25
2017.03.06 15:30:56.122,0.70085,0.70089,1.00,1.00
2017.03.06 15:30:56.645,0.70084,0.70089,1.00,1.00
2017.03.06 15:31:00.883,0.70084,0.70091,1.00,1.50
2017.03.06 15:31:05.535,0.70084,0.7009,1.00,1.00
2017.03.06 15:31:08.213,0.70083,0.7009,1.00,1.00
2017.03.06 15:31:13.975,0.70084,0.7009,1.00,1.00
2017.03.06 15:31:14.637,0.70083,0.7009,1.50,1.00
2017.03.06 15:31:15.149,0.70084,0.7009,1.00,1.00
2017.03.06 15:31:22.343,0.70083,0.7009,1.00,1.00
2017.03.06 15:31:23.045,0.70084,0.7009,1.00,1.00
2017.03.06 15:31:28.979,0.70085,0.7009,1.00,1.00
2017.03.06 15:31:29.486,0.70084,0.7009,1.00,1.00
2017.03.06 15:31:33.363,0.70083,0.7009,1.00,1.00
2017.03.06 15:31:33.985,0.70084,0.7009,1.00,1.00
2017.03.06 15:31:35.976,0.70084,0.70091,3.00,1.50
2017.03.06 15:31:36.230,0.70086,0.70092,1.00,1.37
2017.03.06 15:31:36.763,0.70086,0.70092,1.00,1.00
2017.03.06 15:31:37.412,0.70088,0.70094,2.25,1.37
2017.03.06 15:31:37.564,0.7009,0.70099,6.00,2.25
2017.03.06 15:31:38.256,0.70089,0.70098,1.00,1.50
2017.03.06 15:31:38.799,0.70088,0.70097,7.50,1.00
2017.03.06 15:31:39.316,0.70089,0.70097,1.00,1.00
2017.03.06 15:31:39.763,0.70092,0.70097,1.00,1.00
2017.03.06 15:31:40.101,0.701,0.70104,1.50,1.00
2017.03.06 15:31:40.153,0.70101,0.70106,3.75,3.00
2017.03.06 15:31:40.254,0.70102,0.70106,3.00,1.50
2017.03.06 15:31:40.356,0.70103,0.70109,2.25,1.50
2017.03.06 15:31:40.407,0.70103,0.70111,2.25,1.50
2017.03.06 15:31:40.610,0.70103,0.70109,3.00,1.00
2017.03.06 15:31:40.712,0.70103,0.70111,3.00,1.50
2017.03.06 15:31:41.221,0.70104,0.70112,1.50,1.00
2017.03.06 15:31:41.834,0.70105,0.70112,4.50,1.00
2017.03.06 15:31:42.340,0.70105,0.70113,3.75,2.25
2017.03.06 15:31:42.875,0.70104,0.70113,5.25,1.50
2017.03.06 15:31:45.370,0.70105,0.70113,2.25,3.00
2017.03.06 15:31:45.915,0.70104,0.70113,6.75,2.62
2017.03.06 15:31:46.516,0.70104,0.70112,6.00,1.00
2017.03.06 15:31:47.042,0.70104,0.70112,4.50,1.50
2017.03.06 15:31:47.978,0.70104,0.70112,4.50,2.62
2017.03.06 15:31:49.093,0.70104,0.70112,3.75,3.37
2017.03.06 15:31:49.630,0.70104,0.70111,3.75,1.37
2017.03.06 15:31:53.522,0.70105,0.70112,1.00,3.00
2017.03.06 15:31:54.120,0.70105,0.70112,1.00,1.50
2017.03.06 15:31:54.818,0.701,0.70105,13.50,1.87
2017.03.06 15:31:55.168,0.70097,0.70101,3.75,1.00
2017.03.06 15:31:55.219,0.70094,0.70101,2.25,1.00
2017.03.06 15:31:55.927,0.70093,0.70101,2.25,1.12
2017.03.06 15:31:57.313,0.70093,0.701,2.25,1.00
2017.03.06 15:32:00.194,0.70093,0.70099,1.00,1.00
2017.03.06 15:32:00.397,0.7009,0.70098,3.00,1.50
2017.03.06 15:32:00.448,0.7009,0.70095,1.50,1.00
2017.03.06 15:32:00.499,0.7009,0.70097,1.50,1.00
2017.03.06 15:32:01.048,0.70091,0.70098,2.25,1.00
2017.03.06 15:32:01.662,0.70092,0.70098,1.00,1.00
2017.03.06 15:32:02.016,0.7009,0.70097,3.00,1.50
2017.03.06 15:32:02.067,0.70088,0.70096,4.50,1.00
2017.03.06 15:32:02.618,0.70089,0.70097,1.50,1.00
2017.03.06 15:32:03.511,0.70089,0.70095,2.25,1.00
2017.03.06 15:32:03.807,0.70089,0.70097,1.50,1.00
2017.03.06 15:32:03.909,0.7009,0.70099,1.00,3.00
2017.03.06 15:32:03.960,0.7009,0.70096,1.50,1.50
2017.03.06 15:32:04.264,0.70087,0.70093,1.50,1.00
2017.03.06 15:32:04.791,0.70086,0.70093,1.50,1.00
2017.03.06 15:32:05.297,0.70087,0.70095,1.00,1.00
2017.03.06 15:32:05.831,0.70088,0.70095,2.25,1.00
2017.03.06 15:32:06.240,0.70087,0.70093,3.75,1.00
2017.03.06 15:32:06.345,0.70085,0.70094,5.25,1.87
2017.03.06 15:32:06.396,0.70086,0.70092,1.50,1.00
2017.03.06 15:32:06.852,0.70083,0.70091,5.25,1.00
2017.03.06 15:32:07.446,0.70084,0.70091,1.00,1.12
2017.03.06 15:32:08.215,0.70083,0.70089,3.00,1.00
2017.03.06 15:32:08.721,0.70084,0.70089,1.00,1.00
2017.03.06 15:32:09.269,0.70083,0.70089,2.25,1.00
2017.03.06 15:32:10.715,0.70082,0.70089,5.25,1.00
2017.03.06 15:32:11.226,0.70083,0.70089,1.50,1.00
2017.03.06 15:32:11.968,0.70084,0.70089,1.00,1.00
2017.03.06 15:32:13.214,0.70083,0.70091,3.00,1.12
2017.03.06 15:32:14.176,0.70084,0.70091,1.50,1.00
2017.03.06 15:32:14.693,0.70083,0.70091,3.75,1.00
2017.03.06 15:32:15.958,0.70084,0.70091,1.50,1.00
2017.03.06 15:32:16.509,0.70083,0.70091,4.50,1.00
2017.03.06 15:32:18.041,0.70083,0.70092,6.00,1.50
2017.03.06 15:32:18.599,0.70083,0.70091,4.50,1.00
2017.03.06 15:32:23.140,0.70084,0.70089,1.50,1.00
2017.03.06 15:32:23.663,0.70083,0.70089,3.00,1.00
2017.03.06 15:32:24.184,0.70082,0.70089,3.75,1.00
2017.03.06 15:32:24.721,0.70082,0.70088,4.50,1.00
2017.03.06 15:32:26.191,0.70081,0.70089,4.50,1.00
2017.03.06 15:32:26.731,0.70082,0.70089,1.50,1.00
2017.03.06 15:32:27.279,0.70081,0.70089,6.00,1.00
2017.03.06 15:32:27.800,0.70081,0.7009,6.75,1.50
2017.03.06 15:32:28.354,0.70082,0.7009,3.00,1.00
2017.03.06 15:32:29.489,0.70083,0.7009,1.50,1.00
2017.03.06 15:32:30.049,0.70082,0.7009,3.75,1.00
2017.03.06 15:32:31.790,0.70083,0.7009,1.50,1.00
2017.03.06 15:32:32.374,0.70082,0.7009,3.75,1.00
2017.03.06 15:32:32.847,0.70082,0.70088,3.75,1.00
2017.03.06 15:32:33.415,0.70083,0.70088,1.50,1.00
2017.03.06 15:32:33.770,0.70081,0.70088,4.50,1.00
2017.03.06 15:32:34.649,0.70082,0.70089,2.25,1.00
2017.03.06 15:32:36.735,0.70083,0.70089,1.50,1.00
2017.03.06 15:32:37.280,0.70082,0.70088,2.25,1.50
2017.03.06 15:32:37.331,0.7008,0.70087,4.50,1.00
2017.03.06 15:32:37.840,0.70081,0.70087,2.25,1.00
2017.03.06 15:32:39.757,0.70081,0.70086,4.50,1.00
2017.03.06 15:32:40.270,0.70081,0.70087,2.25,1.00
2017.03.06 15:32:40.874,0.7008,0.70088,2.25,1.87
2017.03.06 15:32:41.378,0.70081,0.70088,1.00,1.12
2017.03.06 15:32:41.583,0.70081,0.70086,1.00,1.00
2017.03.06 15:32:42.088,0.7008,0.70086,1.00,1.00
2017.03.06 15:32:42.392,0.7008,0.70088,3.75,1.00
2017.03.06 15:32:42.905,0.70082,0.70089,2.25,1.50
2017.03.06 15:32:43.901,0.70081,0.70089,5.25,1.00
2017.03.06 15:32:44.642,0.70082,0.70089,2.25,1.00
2017.03.06 15:32:45.219,0.70081,0.70089,7.35,1.00
2017.03.06 15:32:45.753,0.70083,0.70089,1.00,1.00
2017.03.06 15:32:46.057,0.70085,0.70091,1.00,1.50
2017.03.06 15:32:46.159,0.70083,0.70091,2.25,1.50
2017.03.06 15:32:46.836,0.70082,0.70091,6.00,1.50
2017.03.06 15:32:47.017,0.70082,0.70089,3.75,1.00
2017.03.06 15:32:47.321,0.70084,0.7009,1.00,1.00
2017.03.06 15:32:47.827,0.70084,0.70091,1.00,1.00
2017.03.06 15:32:48.337,0.70083,0.7009,3.00,1.00
2017.03.06 15:32:50.261,0.70084,0.7009,1.50,1.00
2017.03.06 15:32:50.768,0.70083,0.7009,3.00,1.00
2017.03.06 15:32:51.519,0.70082,0.7009,4.50,1.00
2017.03.06 15:32:52.026,0.70082,0.70089,3.75,1.50
2017.03.06 15:32:52.555,0.70081,0.70089,4.50,1.50
2017.03.06 15:32:53.989,0.70084,0.70089,2.25,1.50
2017.03.06 15:32:54.039,0.70081,0.70089,4.50,1.50
2017.03.06 15:32:55.150,0.70082,0.70089,2.25,2.25
2017.03.06 15:32:55.688,0.70081,0.7009,3.00,1.00
2017.03.06 15:32:56.482,0.70082,0.7009,2.25,1.00
2017.03.06 15:32:57.069,0.70083,0.7009,2.25,1.00
2017.03.06 15:32:57.617,0.70082,0.7009,5.25,1.00
2017.03.06 15:32:58.359,0.70083,0.7009,2.25,1.50
2017.03.06 15:32:58.960,0.70082,0.7009,2.25,1.50
2017.03.06 15:32:59.162,0.70081,0.70087,1.00,1.00
2017.03.06 15:32:59.530,0.70082,0.7009,3.00,1.00
2017.03.06 15:33:00.541,0.70083,0.7009,1.00,1.00
2017.03.06 15:33:01.093,0.70082,0.7009,2.25,1.00
2017.03.06 15:33:01.755,0.70083,0.7009,1.50,1.00
2017.03.06 15:33:02.260,0.70082,0.70089,2.25,1.00
2017.03.06 15:33:03.762,0.70083,0.70089,1.00,1.00
2017.03.06 15:33:04.267,0.70082,0.70089,2.25,1.00
2017.03.06 15:33:04.924,0.70083,0.70089,1.00,1.00
2017.03.06 15:33:05.586,0.70082,0.70089,2.25,1.00
2017.03.06 15:33:06.417,0.70083,0.70089,1.00,1.00
2017.03.06 15:33:07.430,0.70082,0.70089,3.00,1.00
2017.03.06 15:33:11.261,0.70083,0.70089,1.00,1.00
2017.03.06 15:33:13.432,0.70082,0.70089,3.00,1.00
2017.03.06 15:33:14.212,0.70083,0.70089,1.50,1.00
2017.03.06 15:33:14.604,0.70086,0.70091,1.00,1.00
2017.03.06 15:33:14.655,0.70084,0.70091,1.00,1.00
2017.03.06 15:33:15.165,0.70084,0.7009,1.00,1.00
2017.03.06 15:33:15.825,0.70085,0.70092,1.12,1.00
2017.03.06 15:33:16.969,0.70086,0.70092,1.12,1.00
2017.03.06 15:33:17.481,0.70085,0.70089,1.87,1.00
2017.03.06 15:33:18.296,0.70086,0.7009,1.12,1.00
2017.03.06 15:33:18.347,0.70084,0.70089,1.00,1.00
2017.03.06 15:33:18.650,0.70083,0.70091,4.12,1.00
2017.03.06 15:33:18.861,0.70085,0.70092,1.50,1.00
2017.03.06 15:33:19.434,0.70086,0.70092,1.00,1.00
2017.03.06 15:33:19.962,0.70085,0.70092,3.37,1.00
2017.03.06 15:33:21.126,0.70086,0.70092,1.00,1.00
2017.03.06 15:33:21.843,0.70085,0.70092,2.25,1.00
2017.03.06 15:33:22.377,0.70086,0.70093,1.12,1.12
2017.03.06 15:33:22.694,0.70084,0.70091,1.00,1.00
2017.03.06 15:33:23.202,0.70083,0.70091,1.50,1.50
2017.03.06 15:33:24.090,0.70084,0.70091,1.50,1.00
2017.03.06 15:33:30.014,0.70083,0.70088,1.00,1.00
2017.03.06 15:33:30.308,0.70082,0.7009,2.25,1.87
2017.03.06 15:33:30.813,0.70083,0.7009,1.50,1.00
2017.03.06 15:33:33.151,0.70083,0.70091,2.25,1.12
2017.03.06 15:33:33.446,0.70085,0.70092,1.87,1.12
2017.03.06 15:33:35.214,0.70084,0.70091,2.62,1.00
2017.03.06 15:33:35.719,0.70083,0.70091,3.37,1.12
2017.03.06 15:33:36.532,0.70083,0.7009,2.62,1.00
2017.03.06 15:33:37.398,0.70084,0.7009,1.00,1.12
2017.03.06 15:33:37.449,0.70081,0.7009,3.00,1.12
2017.03.06 15:33:37.954,0.70082,0.7009,1.00,1.12
2017.03.06 15:33:38.467,0.70081,0.7009,2.25,1.87
2017.03.06 15:33:39.254,0.70082,0.7009,1.00,1.87
2017.03.06 15:33:39.958,0.70081,0.7009,3.00,1.87
2017.03.06 15:33:41.614,0.70082,0.7009,1.00,1.87
2017.03.06 15:33:42.019,0.70079,0.70083,2.25,1.00
2017.03.06 15:33:42.070,0.70078,0.70083,1.50,1.00
2017.03.06 15:33:42.172,0.70078,0.70086,1.50,1.00
2017.03.06 15:33:42.325,0.7008,0.70086,1.00,1.00
2017.03.06 15:33:44.263,0.7008,0.70087,1.00,1.50
2017.03.06 15:33:44.770,0.70079,0.70085,1.00,1.50
2017.03.06 15:33:45.276,0.70079,0.70086,1.00,1.12
2017.03.06 15:33:45.878,0.7008,0.70086,1.00,1.12
2017.03.06 15:33:46.842,0.70081,0.70087,1.00,1.37
2017.03.06 15:33:46.943,0.70082,0.70088,1.00,1.00
2017.03.06 15:33:47.447,0.70082,0.70089,1.00,1.00
2017.03.06 15:33:48.382,0.70083,0.70089,1.00,1.00
2017.03.06 15:33:48.817,0.70082,0.70087,1.00,1.50
2017.03.06 15:33:49.440,0.70082,0.70089,1.00,1.00
2017.03.06 15:33:49.946,0.70083,0.70089,1.00,1.00
2017.03.06 15:33:53.223,0.70084,0.70089,1.00,1.00
2017.03.06 15:33:53.754,0.70084,0.70091,1.00,1.12
2017.03.06 15:33:53.957,0.70086,0.70091,1.00,1.12
2017.03.06 15:33:54.478,0.70086,0.70091,1.00,1.37
2017.03.06 15:33:54.529,0.70084,0.70091,1.00,1.37
2017.03.06 15:33:56.183,0.70083,0.7009,1.00,2.25
2017.03.06 15:33:56.689,0.70082,0.7009,2.25,3.00
2017.03.06 15:33:57.501,0.70081,0.70087,1.50,1.00
2017.03.06 15:33:57.806,0.70085,0.7009,1.00,1.00
2017.03.06 15:33:58.313,0.70084,0.7009,1.00,1.00
2017.03.06 15:33:58.956,0.70085,0.70092,1.00,1.12
2017.03.06 15:33:59.498,0.70086,0.70092,1.00,1.12
2017.03.06 15:34:00.030,0.70086,0.70093,1.00,1.00
2017.03.06 15:34:03.369,0.70086,0.70093,1.00,1.87
2017.03.06 15:34:04.378,0.70085,0.70093,1.00,1.87
2017.03.06 15:34:04.928,0.70084,0.70091,1.50,1.00
2017.03.06 15:34:05.666,0.70085,0.70091,1.00,1.00
2017.03.06 15:34:07.857,0.70086,0.70091,1.12,1.00
2017.03.06 15:34:08.364,0.70086,0.70092,1.00,1.12
2017.03.06 15:34:14.305,0.70086,0.70093,1.87,1.00
2017.03.06 15:34:14.811,0.70086,0.70094,1.00,1.87
2017.03.06 15:34:15.160,0.70085,0.70092,1.00,1.12
2017.03.06 15:34:15.773,0.70085,0.70092,1.00,1.50
2017.03.06 15:34:18.917,0.70086,0.70094,1.00,2.62
2017.03.06 15:34:19.119,0.70088,0.70094,1.00,1.50
2017.03.06 15:34:24.936,0.70087,0.70095,1.00,1.87
2017.03.06 15:34:25.037,0.7009,0.70096,1.00,2.25
2017.03.06 15:34:25.372,0.70094,0.70101,1.00,2.62
2017.03.06 15:34:25.474,0.70094,0.70101,1.00,1.50
2017.03.06 15:34:31.060,0.70095,0.70101,1.00,1.00
2017.03.06 15:34:31.589,0.70095,0.70102,1.00,1.12
2017.03.06 15:34:39.729,0.70096,0.70103,1.00,1.87
2017.03.06 15:34:40.271,0.70096,0.70103,1.00,1.12
2017.03.06 15:34:41.094,0.70096,0.70102,1.00,1.00
2017.03.06 15:34:43.150,0.70095,0.70102,1.00,1.00
2017.03.06 15:34:43.201,0.70097,0.70103,1.00,1.87
2017.03.06 15:34:43.862,0.70097,0.70103,1.00,1.00
2017.03.06 15:34:44.398,0.701,0.70105,1.00,1.50
2017.03.06 15:34:44.653,0.70103,0.70109,1.00,1.50
2017.03.06 15:34:45.301,0.70103,0.7011,1.00,1.50
2017.03.06 15:34:45.808,0.70104,0.7011,1.00,1.00
2017.03.06 15:34:46.450,0.70104,0.70111,1.00,1.12
2017.03.06 15:34:47.923,0.70102,0.70106,1.00,1.00
2017.03.06 15:34:47.995,0.70099,0.70107,1.00,2.25
2017.03.06 15:34:48.450,0.70101,0.70107,1.00,1.87
2017.03.06 15:34:49.260,0.70101,0.70108,1.00,1.50
2017.03.06 15:34:52.743,0.70097,0.70104,2.25,3.00
2017.03.06 15:34:52.896,0.70095,0.70102,2.25,1.12
2017.03.06 15:34:53.402,0.70095,0.70102,1.00,1.87
2017.03.06 15:34:54.506,0.70094,0.70102,1.00,3.75
2017.03.06 15:34:59.067,0.70093,0.70101,1.00,1.87
2017.03.06 15:35:01.300,0.70094,0.70101,1.00,1.12
2017.03.06 15:35:01.859,0.70093,0.70101,2.25,1.12
2017.03.06 15:35:03.168,0.70094,0.70101,1.00,1.87
2017.03.06 15:35:04.069,0.70095,0.70101,1.00,1.00
2017.03.06 15:35:04.701,0.70096,0.70103,1.00,3.37
2017.03.06 15:35:04.803,0.70096,0.70104,2.25,3.37
2017.03.06 15:35:05.148,0.70097,0.70102,1.00,1.00
2017.03.06 15:35:05.250,0.70098,0.70104,1.00,1.12
2017.03.06 15:35:05.554,0.70096,0.70103,3.37,1.00
2017.03.06 15:35:05.706,0.70096,0.70102,1.00,1.87
2017.03.06 15:35:06.093,0.70094,0.70101,1.50,1.12
2017.03.06 15:35:06.704,0.70093,0.70099,3.00,1.00
2017.03.06 15:35:09.063,0.70094,0.70099,1.00,1.00
2017.03.06 15:35:09.569,0.70095,0.701,1.00,1.00
2017.03.06 15:35:10.474,0.70094,0.701,1.00,1.00
2017.03.06 15:35:11.033,0.70093,0.701,2.25,1.12
2017.03.06 15:35:11.358,0.70088,0.70094,1.00,1.37
2017.03.06 15:35:11.604,0.7009,0.70096,1.00,1.00
2017.03.06 15:35:11.655,0.70088,0.70095,1.00,1.00
2017.03.06 15:35:11.706,0.70086,0.70093,3.75,1.00
2017.03.06 15:35:12.012,0.70088,0.70095,1.00,1.00
2017.03.06 15:35:12.216,0.7009,0.70097,1.00,1.37
2017.03.06 15:35:12.450,0.7009,0.70098,1.00,3.00
2017.03.06 15:35:12.963,0.70091,0.70099,1.00,1.00
2017.03.06 15:35:13.708,0.70093,0.70099,1.00,1.00
2017.03.06 15:35:14.118,0.70094,0.70101,1.00,2.62
2017.03.06 15:35:14.219,0.70094,0.70099,1.00,1.00
2017.03.06 15:35:14.473,0.70094,0.70101,1.00,1.00
2017.03.06 15:35:15.343,0.70095,0.70101,1.00,1.00
2017.03.06 15:35:15.868,0.70094,0.701,1.50,1.00
2017.03.06 15:35:16.405,0.70093,0.70099,1.00,1.00
2017.03.06 15:35:17.048,0.70093,0.701,1.00,1.00
2017.03.06 15:35:17.559,0.70092,0.70099,1.00,1.00
2017.03.06 15:35:18.861,0.70092,0.70098,1.00,1.00
2017.03.06 15:35:19.367,0.70092,0.70097,1.00,1.00
2017.03.06 15:35:19.552,0.70091,0.70099,1.00,1.00
2017.03.06 15:35:20.688,0.70093,0.70101,1.00,1.87
2017.03.06 15:35:20.992,0.7009,0.70097,2.62,1.00
2017.03.06 15:35:22.455,0.70088,0.70092,1.00,1.50
2017.03.06 15:35:22.507,0.70084,0.70091,1.50,1.37
2017.03.06 15:35:22.608,0.70083,0.70088,1.12,1.00
2017.03.06 15:35:23.072,0.70079,0.70087,3.00,1.00
2017.03.06 15:35:23.861,0.7008,0.70087,1.00,1.00
2017.03.06 15:35:24.396,0.7008,0.70088,1.50,1.00
2017.03.06 15:35:24.447,0.70082,0.70088,1.00,1.00
2017.03.06 15:35:24.759,0.70083,0.70091,1.50,1.50
2017.03.06 15:35:25.267,0.70082,0.70088,1.00,1.00
2017.03.06 15:35:25.318,0.70082,0.7009,1.50,1.00
2017.03.06 15:35:26.375,0.70083,0.7009,1.00,1.00
2017.03.06 15:35:26.477,0.70085,0.70093,1.00,1.50
2017.03.06 15:35:26.831,0.70085,0.70091,1.50,1.00
2017.03.06 15:35:27.663,0.70084,0.7009,1.00,1.00
2017.03.06 15:35:27.765,0.70085,0.70092,1.00,1.00
2017.03.06 15:35:28.547,0.70085,0.70093,1.00,1.00
2017.03.06 15:35:28.865,0.70084,0.70091,1.50,1.00
2017.03.06 15:35:29.407,0.70084,0.70092,3.00,1.00
2017.03.06 15:35:30.029,0.70085,0.70093,1.50,1.00
2017.03.06 15:35:30.379,0.70087,0.70093,1.00,1.00
2017.03.06 15:35:30.907,0.70084,0.70091,1.50,1.00
2017.03.06 15:35:30.958,0.70083,0.70088,1.12,1.00
2017.03.06 15:35:31.160,0.70083,0.7009,1.00,1.00
2017.03.06 15:35:31.363,0.70081,0.70088,1.50,1.00
2017.03.06 15:35:31.747,0.70079,0.70087,1.50,1.00
2017.03.06 15:35:32.267,0.7008,0.70088,1.00,1.00
2017.03.06 15:35:32.418,0.70082,0.70087,1.00,1.00
2017.03.06 15:35:33.006,0.7008,0.70087,2.25,1.00
2017.03.06 15:35:33.186,0.70081,0.70089,1.00,1.00
2017.03.06 15:35:33.730,0.7008,0.70088,3.00,1.00
2017.03.06 15:35:34.657,0.70081,0.70088,1.00,1.00
2017.03.06 15:35:35.436,0.70082,0.70088,1.00,1.00
2017.03.06 15:35:36.468,0.70082,0.7009,1.00,1.00
2017.03.06 15:35:38.411,0.70081,0.70088,1.00,1.00
2017.03.06 15:35:38.815,0.70082,0.7009,1.00,1.12
2017.03.06 15:35:39.503,0.70083,0.70091,1.00,1.87
2017.03.06 15:35:40.289,0.70082,0.7009,1.00,1.00
2017.03.06 15:35:40.935,0.70081,0.70089,1.00,1.00
2017.03.06 15:35:42.541,0.70082,0.70089,1.00,1.00
2017.03.06 15:35:43.055,0.70082,0.7009,1.50,1.00
2017.03.06 15:35:43.568,0.70083,0.70091,1.00,1.00
2017.03.06 15:35:46.065,0.70084,0.70092,1.00,1.00
2017.03.06 15:35:46.575,0.70083,0.70091,1.50,1.00
2017.03.06 15:35:47.130,0.70084,0.70092,1.00,1.00
2017.03.06 15:35:47.891,0.70087,0.70094,1.00,1.50
2017.03.06 15:35:48.144,0.7009,0.70098,1.00,1.00
2017.03.06 15:35:48.246,0.70088,0.70096,4.12,1.00
2017.03.06 15:35:48.549,0.70091,0.70097,1.00,1.00
2017.03.06 15:35:49.719,0.70089,0.70097,2.25,1.00
2017.03.06 15:35:50.309,0.7009,0.70098,1.00,1.00
2017.03.06 15:35:53.927,0.70091,0.70098,1.00,1.00
2017.03.06 15:35:54.433,0.70091,0.70099,1.50,1.00
2017.03.06 15:35:55.633,0.70092,0.70099,1.00,1.00
2017.03.06 15:35:56.170,0.70091,0.70099,2.25,1.00
2017.03.06 15:35:57.562,0.70092,0.70099,1.00,1.00
2017.03.06 15:35:58.406,0.70092,0.70099,2.62,1.00
2017.03.06 15:35:58.860,0.70094,0.70099,1.37,1.00
2017.03.06 15:35:59.245,0.70096,0.70102,1.87,1.00
2017.03.06 15:35:59.346,0.70098,0.70104,1.00,1.12
2017.03.06 15:35:59.669,0.701,0.70105,1.00,1.00
2017.03.06 15:36:00.175,0.70099,0.70105,1.00,1.00
2017.03.06 15:36:00.276,0.701,0.70107,1.00,1.00
2017.03.06 15:36:00.329,0.70101,0.70109,1.00,1.12
2017.03.06 15:36:00.683,0.701,0.70107,1.00,1.00
2017.03.06 15:36:01.220,0.701,0.70108,1.00,1.00
2017.03.06 15:36:02.025,0.70098,0.70106,2.25,1.00
2017.03.06 15:36:02.439,0.70097,0.70103,1.00,1.00
2017.03.06 15:36:02.793,0.70099,0.70105,1.00,1.00
2017.03.06 15:36:02.894,0.70099,0.70107,1.50,1.00
2017.03.06 15:36:03.399,0.701,0.70107,1.00,1.00
2017.03.06 15:36:03.639,0.70099,0.70104,1.00,1.00
2017.03.06 15:36:04.151,0.70099,0.70105,1.50,1.00
2017.03.06 15:36:04.253,0.701,0.70107,1.00,1.00
2017.03.06 15:36:04.870,0.701,0.70106,1.00,1.00
2017.03.06 15:36:06.408,0.701,0.70105,1.00,1.00
2017.03.06 15:36:08.259,0.70099,0.70105,1.00,1.00
2017.03.06 15:36:08.424,0.70098,0.70103,1.00,1.00
2017.03.06 15:36:08.970,0.70097,0.70103,1.50,1.00
2017.03.06 15:36:09.496,0.70098,0.70103,1.00,1.00
2017.03.06 15:36:14.325,0.70097,0.70103,1.50,1.00
2017.03.06 15:36:15.896,0.70097,0.70101,1.00,1.00
2017.03.06 15:36:15.997,0.70094,0.70099,1.00,1.00
2017.03.06 15:36:16.048,0.70093,0.70097,2.25,1.00
2017.03.06 15:36:16.099,0.70092,0.70097,1.00,1.00
2017.03.06 15:36:17.316,0.70091,0.70097,1.00,1.00
2017.03.06 15:36:17.818,0.70092,0.70097,1.00,1.00
2017.03.06 15:36:23.658,0.70092,0.701,1.50,1.12
2017.03.06 15:36:27.748,0.70092,0.701,1.00,1.37
2017.03.06 15:36:27.799,0.7009,0.70099,1.50,1.12
2017.03.06 15:36:30.557,0.70091,0.70097,1.00,1.00
2017.03.06 15:36:47.252,0.70092,0.701,1.00,1.00
2017.03.06 15:36:48.039,0.70093,0.70101,1.00,1.87
2017.03.06 15:36:50.899,0.70093,0.70102,1.50,1.87
2017.03.06 15:36:51.183,0.70093,0.70099,1.00,1.00
2017.03.06 15:36:54.017,0.70092,0.70099,1.00,1.00
2017.03.06 15:36:57.932,0.70093,0.70099,1.00,1.00
2017.03.06 15:36:59.242,0.70092,0.70099,1.50,1.00
2017.03.06 15:36:59.787,0.70093,0.70099,1.00,1.00
2017.03.06 15:37:00.090,0.70097,0.70101,1.00,1.00
2017.03.06 15:37:00.242,0.70098,0.70105,1.00,1.75
2017.03.06 15:37:00.344,0.70099,0.70105,1.00,1.00
2017.03.06 15:37:00.445,0.70101,0.70106,1.00,1.12
2017.03.06 15:37:00.971,0.701,0.70106,1.00,1.00
2017.03.06 15:37:01.484,0.70099,0.70105,1.00,1.00
2017.03.06 15:37:02.564,0.701,0.70109,1.50,2.62
2017.03.06 15:37:02.712,0.70102,0.70108,1.00,1.00
2017.03.06 15:37:03.242,0.70103,0.70108,1.00,1.00
2017.03.06 15:37:05.415,0.70102,0.70108,1.00,1.00
2017.03.06 15:37:19.474,0.70103,0.7011,2.25,1.00
2017.03.06 15:37:19.525,0.70106,0.7011,1.00,1.00
2017.03.06 15:37:19.577,0.70107,0.70113,1.00,2.25
2017.03.06 15:37:19.628,0.7011,0.70114,1.00,1.12
2017.03.06 15:37:19.679,0.7011,0.70116,1.50,1.12
2017.03.06 15:37:19.781,0.70111,0.70118,1.00,1.00
2017.03.06 15:37:20.287,0.7011,0.70118,1.00,1.50
2017.03.06 15:37:20.338,0.7011,0.70116,1.00,1.00
2017.03.06 15:37:21.133,0.70109,0.70116,1.00,1.00
2017.03.06 15:37:21.443,0.70113,0.7012,1.00,1.50
2017.03.06 15:37:21.949,0.70114,0.70121,1.00,1.00
2017.03.06 15:37:22.958,0.70118,0.70123,1.00,1.50
2017.03.06 15:37:23.059,0.70117,0.70125,1.50,1.87
2017.03.06 15:37:23.212,0.70119,0.70126,1.00,2.25
2017.03.06 15:37:23.733,0.70117,0.70125,1.00,1.50
2017.03.06 15:37:23.784,0.70119,0.70127,1.00,4.50
2017.03.06 15:37:24.089,0.70121,0.70126,1.00,1.00
2017.03.06 15:37:24.140,0.70121,0.70128,1.00,1.00
2017.03.06 15:37:25.598,0.70123,0.7013,1.00,3.37
2017.03.06 15:37:25.649,0.70123,0.7013,1.00,3.00
2017.03.06 15:37:26.205,0.70123,0.70129,1.00,1.00
2017.03.06 15:37:26.960,0.70123,0.7013,1.00,1.00
2017.03.06 15:37:27.715,0.70124,0.7013,1.50,1.00
2017.03.06 15:37:27.816,0.70124,0.70132,1.50,1.00
2017.03.06 15:37:28.324,0.70124,0.70132,1.00,1.50
2017.03.06 15:37:31.209,0.70123,0.70128,1.00,1.00
2017.03.06 15:37:31.261,0.7012,0.70126,1.00,1.50
2017.03.06 15:37:31.772,0.7012,0.70127,1.00,1.87
2017.03.06 15:37:31.823,0.70122,0.70127,1.00,1.00
2017.03.06 15:37:31.975,0.70122,0.70129,1.00,1.50
2017.03.06 15:37:32.497,0.70122,0.70128,1.00,1.00
2017.03.06 15:37:33.615,0.70118,0.70126,1.50,1.65
2017.03.06 15:37:33.665,0.70118,0.70126,1.00,4.27
2017.03.06 15:37:33.868,0.70118,0.70126,1.00,2.62
2017.03.06 15:37:34.414,0.70119,0.70126,1.00,1.00
2017.03.06 15:37:35.116,0.70121,0.70126,1.00,1.00
2017.03.06 15:37:35.268,0.70121,0.70129,1.00,2.25
2017.03.06 15:37:35.779,0.70121,0.70128,1.00,1.50
2017.03.06 15:37:36.487,0.70119,0.70127,1.00,1.00
2017.03.06 15:37:45.022,0.7012,0.70128,1.00,1.00
2017.03.06 15:37:54.644,0.70118,0.70126,1.12,1.50
2017.03.06 15:37:55.150,0.70117,0.70124,1.00,1.00
2017.03.06 15:37:55.403,0.70112,0.7012,1.50,1.00
2017.03.06 15:37:55.909,0.70111,0.70119,1.30,1.00
2017.03.06 15:37:56.286,0.70111,0.70117,1.50,1.00
2017.03.06 15:38:01.248,0.70111,0.70119,1.50,1.00
2017.03.06 15:38:01.753,0.70112,0.7012,1.50,1.50
2017.03.06 15:38:02.302,0.70112,0.70119,3.60,1.00
2017.03.06 15:38:03.978,0.70111,0.70119,1.00,1.00
2017.03.06 15:38:04.489,0.70112,0.70119,1.00,1.00
2017.03.06 15:38:05.009,0.70111,0.70119,3.00,1.00
2017.03.06 15:38:05.390,0.7011,0.70116,2.25,1.00
2017.03.06 15:38:05.441,0.70108,0.70117,4.50,1.00
2017.03.06 15:38:05.644,0.70107,0.70115,3.00,1.00
2017.03.06 15:38:06.045,0.70109,0.70115,1.00,1.00
2017.03.06 15:38:06.450,0.7011,0.70117,1.00,1.00
2017.03.06 15:38:06.956,0.70109,0.70117,1.00,1.00
2017.03.06 15:38:07.821,0.70111,0.70118,1.00,1.00
2017.03.06 15:38:09.258,0.7011,0.70118,1.00,1.00
2017.03.06 15:38:09.801,0.70109,0.70117,1.00,1.00
2017.03.06 15:38:12.237,0.70111,0.70117,1.00,1.00
2017.03.06 15:38:13.512,0.70111,0.7012,1.00,3.37
2017.03.06 15:38:16.088,0.70112,0.7012,1.00,1.50
2017.03.06 15:38:16.602,0.70112,0.70119,1.00,1.00
2017.03.06 15:38:17.131,0.70112,0.7012,1.00,1.50
2017.03.06 15:38:17.646,0.70114,0.7012,1.00,1.00
2017.03.06 15:38:17.697,0.70115,0.70123,1.00,2.62
2017.03.06 15:38:18.051,0.70116,0.70124,1.00,1.50
2017.03.06 15:38:18.576,0.70117,0.70123,1.00,1.00
2017.03.06 15:38:19.106,0.70116,0.70124,2.25,1.50
2017.03.06 15:38:20.053,0.70117,0.70124,1.00,1.00
2017.03.06 15:38:20.555,0.70117,0.70125,1.00,1.50
2017.03.06 15:38:20.920,0.7012,0.70126,1.50,1.87
2017.03.06 15:38:21.472,0.70119,0.70127,1.50,1.50
2017.03.06 15:38:23.070,0.70118,0.70125,1.50,1.00
2017.03.06 15:38:23.590,0.70118,0.70124,1.50,1.00
2017.03.06 15:38:24.175,0.70118,0.70125,1.50,1.00
2017.03.06 15:38:25.196,0.70117,0.70125,1.50,1.00
2017.03.06 15:38:26.769,0.70117,0.70126,2.25,1.50
2017.03.06 15:38:27.074,0.70119,0.70127,2.25,1.50
2017.03.06 15:38:29.823,0.70118,0.70126,3.00,1.00
2017.03.06 15:38:30.329,0.70118,0.70125,1.50,1.00
2017.03.06 15:38:32.518,0.70118,0.70124,1.50,1.00
2017.03.06 15:38:33.846,0.70118,0.70125,1.00,1.00
2017.03.06 15:38:36.274,0.70118,0.70126,1.00,1.00
2017.03.06 15:38:36.621,0.7012,0.70126,1.00,1.00
2017.03.06 15:38:37.126,0.7012,0.70127,2.25,1.00
2017.03.06 15:38:37.674,0.70121,0.70127,1.50,1.00
2017.03.06 15:38:38.789,0.70121,0.70129,2.85,1.00
2017.03.06 15:38:40.087,0.70122,0.70129,1.50,1.50
2017.03.06 15:38:40.739,0.70121,0.70129,3.60,1.00
2017.03.06 15:38:41.733,0.70123,0.70129,1.00,1.00
2017.03.06 15:38:43.340,0.70123,0.70128,1.00,1.00
2017.03.06 15:38:43.947,0.70122,0.70128,1.00,1.00
2017.03.06 15:38:44.572,0.70122,0.7013,1.00,1.00
2017.03.06 15:38:46.129,0.70122,0.70128,1.00,1.00
2017.03.06 15:38:46.695,0.70121,0.70128,1.00,1.00
2017.03.06 15:38:47.208,0.7012,0.70129,2.25,1.00
2017.03.06 15:38:48.227,0.70121,0.70129,1.00,1.00
2017.03.06 15:38:48.735,0.7012,0.70129,2.25,1.00
2017.03.06 15:38:49.806,0.7012,0.70127,1.00,1.00
2017.03.06 15:38:50.111,0.70117,0.70123,1.00,1.00
2017.03.06 15:38:50.212,0.70115,0.70123,1.00,1.50
2017.03.06 15:38:50.263,0.70115,0.70121,1.00,1.00
2017.03.06 15:38:50.365,0.70112,0.7012,3.00,1.00
2017.03.06 15:38:50.885,0.70113,0.7012,1.00,1.00
2017.03.06 15:38:50.987,0.70111,0.7012,3.00,1.12
2017.03.06 15:38:51.536,0.7011,0.70119,3.00,1.12
2017.03.06 15:38:52.105,0.70111,0.70119,1.00,1.12
2017.03.06 15:38:52.613,0.7011,0.70119,1.50,1.12
2017.03.06 15:38:54.083,0.70111,0.70119,1.00,1.12
2017.03.06 15:38:54.700,0.70111,0.7012,1.50,3.00
2017.03.06 15:38:56.360,0.70113,0.7012,1.00,2.25
2017.03.06 15:38:56.902,0.70113,0.70119,1.50,1.00
2017.03.06 15:38:57.417,0.70114,0.7012,1.00,1.00
2017.03.06 15:39:03.731,0.70115,0.7012,1.00,1.00
2017.03.06 15:39:05.335,0.70114,0.7012,1.00,1.00
2017.03.06 15:39:05.891,0.70114,0.70123,1.50,3.00
2017.03.06 15:39:06.398,0.70113,0.70122,3.00,1.50
2017.03.06 15:39:06.760,0.70113,0.70121,1.00,1.37
2017.03.06 15:39:07.676,0.70113,0.70121,1.50,1.00
2017.03.06 15:39:08.644,0.70114,0.70122,1.00,1.37
2017.03.06 15:39:10.932,0.70113,0.70122,1.00,1.37
2017.03.06 15:39:12.855,0.70113,0.70122,1.00,1.12
2017.03.06 15:39:13.805,0.70113,0.70121,1.50,1.00
2017.03.06 15:39:14.311,0.70113,0.7012,1.00,1.00
2017.03.06 15:39:14.819,0.70112,0.7012,1.50,1.00
2017.03.06 15:39:16.349,0.70114,0.7012,1.00,1.00
2017.03.06 15:39:16.908,0.70115,0.7012,1.00,1.00
2017.03.06 15:39:17.061,0.70115,0.70123,1.00,3.37
2017.03.06 15:39:18.144,0.70112,0.70121,2.62,1.50
2017.03.06 15:39:18.760,0.70113,0.70121,1.00,2.25
2017.03.06 15:39:20.223,0.70112,0.70121,1.50,1.50
2017.03.06 15:39:22.377,0.70112,0.7012,1.50,1.00
2017.03.06 15:39:22.529,0.70112,0.70118,1.00,1.00
2017.03.06 15:39:22.832,0.70113,0.7012,1.00,1.00
2017.03.06 15:39:28.766,0.70114,0.7012,1.00,1.50
2017.03.06 15:39:30.600,0.70112,0.7012,1.00,1.50
2017.03.06 15:39:32.340,0.70112,0.70121,2.25,2.25
2017.03.06 15:39:33.460,0.70113,0.70121,1.00,2.25
2017.03.06 15:39:34.002,0.70112,0.70121,2.25,2.25
2017.03.06 15:39:38.455,0.70112,0.7012,2.25,1.00
2017.03.06 15:39:39.051,0.70113,0.7012,1.00,1.50
2017.03.06 15:39:44.687,0.70112,0.7012,1.00,2.25
2017.03.06 15:39:53.629,0.70111,0.70119,2.25,1.00
2017.03.06 15:39:56.466,0.70112,0.70119,1.00,1.00
2017.03.06 15:39:57.055,0.70113,0.70119,1.00,1.00
2017.03.06 15:39:57.548,0.70114,0.70121,1.00,1.00
2017.03.06 15:39:58.132,0.70115,0.70122,1.00,1.87
2017.03.06 15:39:58.676,0.70114,0.70122,1.00,1.87
2017.03.06 15:39:59.169,0.70113,0.7012,1.50,1.00
2017.03.06 15:40:00.616,0.70115,0.7012,1.00,1.00
2017.03.06 15:40:00.769,0.70116,0.70122,1.50,1.00
2017.03.06 15:40:00.820,0.70118,0.70122,1.50,1.00
2017.03.06 15:40:00.972,0.70118,0.70126,1.00,1.00
2017.03.06 15:40:01.475,0.70118,0.70125,1.50,1.00
2017.03.06 15:40:01.988,0.70118,0.70124,1.00,1.00
2017.03.06 15:40:02.529,0.70119,0.70124,1.50,1.00
2017.03.06 15:40:03.060,0.70119,0.70125,1.00,1.00
2017.03.06 15:40:03.640,0.70118,0.70123,1.50,1.00
2017.03.06 15:40:04.174,0.70117,0.70124,2.25,1.00
2017.03.06 15:40:04.675,0.70118,0.70124,1.00,1.00
2017.03.06 15:40:05.183,0.70119,0.70125,1.00,1.00
2017.03.06 15:40:05.735,0.7012,0.70125,1.00,1.00
2017.03.06 15:40:06.008,0.70122,0.70128,1.00,1.00
2017.03.06 15:40:06.562,0.70121,0.70128,1.50,1.00
2017.03.06 15:40:06.663,0.70122,0.70126,1.00,1.00
2017.03.06 15:40:07.121,0.70124,0.70129,1.00,1.00
2017.03.06 15:40:08.545,0.70123,0.7013,1.00,1.00
2017.03.06 15:40:08.808,0.70124,0.70128,1.00,1.00
2017.03.06 15:40:09.520,0.70122,0.70128,2.25,1.00
2017.03.06 15:40:09.924,0.70124,0.70128,1.00,1.00
2017.03.06 15:40:10.475,0.70124,0.70129,1.00,1.00
2017.03.06 15:40:10.983,0.70123,0.70129,1.00,1.00
2017.03.06 15:40:11.338,0.70125,0.70129,1.00,1.00
2017.03.06 15:40:11.587,0.7013,0.70138,2.25,1.50
2017.03.06 15:40:12.093,0.7013,0.70137,3.60,1.00
2017.03.06 15:40:12.642,0.70131,0.70137,1.00,1.00
2017.03.06 15:40:13.233,0.70132,0.70137,1.00,1.00
2017.03.06 15:40:13.836,0.70131,0.70137,1.00,1.00
2017.03.06 15:40:15.431,0.70131,0.70139,3.00,1.00
2017.03.06 15:40:15.938,0.70132,0.70139,1.50,1.00
2017.03.06 15:40:16.449,0.70133,0.7014,1.00,1.00
2017.03.06 15:40:17.569,0.70132,0.7014,1.00,1.00
2017.03.06 15:40:22.441,0.70133,0.7014,1.00,1.50
2017.03.06 15:40:22.615,0.70133,0.70138,1.00,1.00
2017.03.06 15:40:22.717,0.70131,0.70139,1.00,1.00
2017.03.06 15:40:23.272,0.7013,0.70139,4.50,1.00
2017.03.06 15:40:23.525,0.70132,0.70139,1.50,1.00
2017.03.06 15:40:23.626,0.70133,0.70141,1.00,1.00
2017.03.06 15:40:24.133,0.70134,0.70142,1.00,2.25
2017.03.06 15:40:24.668,0.70134,0.70142,1.00,1.87
2017.03.06 15:40:26.831,0.70134,0.7014,1.00,1.00
2017.03.06 15:40:27.367,0.70133,0.70139,1.00,1.00
2017.03.06 15:40:27.896,0.70134,0.70139,1.00,1.00
2017.03.06 15:40:28.515,0.70133,0.70139,1.00,1.00
2017.03.06 15:40:30.826,0.70134,0.70139,1.00,1.00
2017.03.06 15:40:31.064,0.70134,0.70141,1.00,1.50
2017.03.06 15:40:31.571,0.70134,0.7014,1.00,1.00
2017.03.06 15:40:32.389,0.70134,0.70141,1.00,1.87
2017.03.06 15:40:33.600,0.70134,0.7014,1.00,1.00
2017.03.06 15:40:34.118,0.70133,0.7014,1.00,1.00
2017.03.06 15:40:34.663,0.70134,0.7014,1.00,1.00
2017.03.06 15:40:35.308,0.7013,0.70134,1.00,1.00
2017.03.06 15:40:35.360,0.70129,0.70136,1.00,1.00
2017.03.06 15:40:35.514,0.70125,0.70132,7.87,1.00
2017.03.06 15:40:35.716,0.70123,0.70132,1.87,1.50
2017.03.06 15:40:35.868,0.70123,0.70129,1.87,1.00
2017.03.06 15:40:36.522,0.70124,0.70129,1.00,1.00
2017.03.06 15:40:36.776,0.70122,0.7013,1.00,1.00
2017.03.06 15:40:37.219,0.70125,0.70131,1.00,1.00
2017.03.06 15:40:37.371,0.70125,0.70133,1.50,2.25
2017.03.06 15:40:37.897,0.70125,0.70132,1.00,1.00
2017.03.06 15:40:38.406,0.70125,0.70131,1.00,1.00
2017.03.06 15:40:38.457,0.70123,0.7013,1.00,1.00
2017.03.06 15:40:40.917,0.70124,0.70132,1.50,1.87
2017.03.06 15:40:41.018,0.70127,0.70132,1.00,1.00
2017.03.06 15:40:41.323,0.70129,0.70135,1.00,1.00
2017.03.06 15:40:41.542,0.70127,0.70134,1.00,1.00
2017.03.06 15:40:41.801,0.70126,0.70132,1.00,1.00
2017.03.06 15:40:41.955,0.70124,0.70133,3.00,1.00
2017.03.06 15:40:42.107,0.70126,0.70132,1.00,1.00
2017.03.06 15:40:42.637,0.70124,0.70132,1.50,1.00
2017.03.06 15:40:43.932,0.70125,0.70132,1.00,1.00
2017.03.06 15:40:44.507,0.70125,0.70133,1.50,1.00
2017.03.06 15:40:46.017,0.70124,0.70132,1.50,1.00
2017.03.06 15:40:46.531,0.70124,0.70131,1.00,1.00
2017.03.06 15:40:46.785,0.70126,0.70132,1.12,1.00
2017.03.06 15:40:46.937,0.70128,0.70136,1.50,1.87
2017.03.06 15:40:46.988,0.7013,0.70137,1.00,2.62
2017.03.06 15:40:47.504,0.70129,0.70136,1.00,1.00
2017.03.06 15:40:48.053,0.70128,0.70136,1.50,1.00
2017.03.06 15:40:48.360,0.70126,0.70135,2.25,1.00
2017.03.06 15:40:49.359,0.70127,0.70135,1.00,1.00
2017.03.06 15:40:50.378,0.70127,0.70134,1.00,1.00
2017.03.06 15:40:50.650,0.70128,0.70136,1.00,1.50
2017.03.06 15:40:51.173,0.70129,0.70136,1.50,1.00
2017.03.06 15:40:51.527,0.70128,0.70134,1.50,1.00
2017.03.06 15:40:51.679,0.70128,0.70137,1.50,2.25
2017.03.06 15:40:53.227,0.70128,0.70136,3.00,1.00
2017.03.06 15:40:53.430,0.70128,0.70134,1.00,1.00
2017.03.06 15:40:53.669,0.70124,0.70131,1.50,1.50
2017.03.06 15:40:54.179,0.70123,0.70131,1.00,1.50
2017.03.06 15:40:54.739,0.70121,0.70129,1.50,1.00
2017.03.06 15:40:55.057,0.70118,0.70125,1.00,1.12
2017.03.06 15:40:55.210,0.70116,0.70125,2.25,1.00
2017.03.06 15:40:55.412,0.70118,0.70125,1.00,1.00
2017.03.06 15:40:55.564,0.70119,0.70127,1.00,1.50
2017.03.06 15:40:56.925,0.70121,0.70127,1.00,1.00
2017.03.06 15:40:57.077,0.70122,0.70129,1.00,1.00
2017.03.06 15:40:57.650,0.70121,0.70129,1.50,1.50
2017.03.06 15:40:58.177,0.70122,0.70129,1.00,1.50
2017.03.06 15:40:58.788,0.70121,0.70129,1.50,1.00
2017.03.06 15:40:59.554,0.70122,0.70129,1.00,1.50
2017.03.06 15:40:59.901,0.70124,0.7013,1.00,1.00
2017.03.06 15:40:59.952,0.70124,0.70132,1.50,1.12
2017.03.06 15:41:00.054,0.70126,0.70132,1.00,1.00
2017.03.06 15:41:00.105,0.70124,0.70133,3.00,1.00
2017.03.06 15:41:00.359,0.70126,0.70133,1.00,1.50
2017.03.06 15:41:00.700,0.70128,0.70135,1.00,1.00
2017.03.06 15:41:01.084,0.70129,0.70137,1.00,1.00
2017.03.06 15:41:01.793,0.7013,0.70137,1.00,1.50
2017.03.06 15:41:02.482,0.70128,0.70134,2.25,1.00
2017.03.06 15:41:02.937,0.70129,0.70136,1.00,1.00
2017.03.06 15:41:03.448,0.70129,0.70137,1.50,1.50
2017.03.06 15:41:04.063,0.70129,0.70136,3.00,1.00
2017.03.06 15:41:04.673,0.7013,0.70137,1.00,1.00
2017.03.06 15:41:05.629,0.70131,0.70137,1.00,1.00
2017.03.06 15:41:06.138,0.70131,0.70138,1.00,1.00
2017.03.06 15:41:06.642,0.7013,0.70138,1.50,1.00
2017.03.06 15:41:09.081,0.70131,0.70138,1.00,1.00
2017.03.06 15:41:10.117,0.7013,0.70138,1.50,1.00
2017.03.06 15:41:13.257,0.70131,0.70138,1.00,1.00
2017.03.06 15:41:13.789,0.7013,0.70138,1.00,1.00
2017.03.06 15:41:14.527,0.70131,0.70138,1.00,1.00
2017.03.06 15:41:14.732,0.70133,0.70138,1.00,1.00
2017.03.06 15:41:15.240,0.70133,0.70139,1.00,1.00
2017.03.06 15:41:15.834,0.70132,0.70139,1.00,1.00
2017.03.06 15:41:16.376,0.70131,0.70138,1.00,1.00
2017.03.06 15:41:17.130,0.70129,0.70138,1.50,1.12
2017.03.06 15:41:21.931,0.70131,0.70138,1.00,1.00
2017.03.06 15:41:25.326,0.70129,0.70138,2.25,1.00
2017.03.06 15:41:26.134,0.7013,0.70138,1.00,1.00
2017.03.06 15:41:26.651,0.70129,0.70138,6.00,1.00
2017.03.06 15:41:29.403,0.7013,0.70138,1.00,1.00
2017.03.06 15:41:29.952,0.70129,0.70138,3.60,1.00
2017.03.06 15:41:30.560,0.70131,0.70138,1.00,1.00
2017.03.06 15:41:33.402,0.70129,0.70138,3.00,1.00
2017.03.06 15:41:34.568,0.7013,0.70138,1.00,1.00
2017.03.06 15:41:35.101,0.70131,0.70139,1.00,1.00
2017.03.06 15:41:36.721,0.7013,0.70138,1.00,1.00
2017.03.06 15:41:38.243,0.70129,0.70137,2.77,1.00
2017.03.06 15:41:40.092,0.70131,0.70138,1.00,1.00
2017.03.06 15:42:00.244,0.70131,0.7014,1.00,1.50
2017.03.06 15:42:00.396,0.7013,0.70138,2.25,1.00
2017.03.06 15:42:01.515,0.70128,0.70134,1.00,1.00
2017.03.06 15:42:01.818,0.70126,0.70132,1.00,1.87
2017.03.06 15:42:02.020,0.70124,0.70132,1.50,1.50
2017.03.06 15:42:02.536,0.70123,0.70131,1.50,1.12
2017.03.06 15:42:03.180,0.70123,0.70131,1.00,2.62
2017.03.06 15:42:03.685,0.70124,0.70131,1.00,1.87
2017.03.06 15:42:05.175,0.70123,0.70131,1.50,1.87
2017.03.06 15:42:05.277,0.70125,0.70131,1.00,1.12
2017.03.06 15:42:08.178,0.70123,0.70131,1.50,1.00
2017.03.06 15:42:08.683,0.70124,0.70132,1.50,1.00
2017.03.06 15:42:09.211,0.70125,0.70132,1.00,1.00
2017.03.06 15:42:10.123,0.70123,0.70131,1.50,1.00
2017.03.06 15:42:10.628,0.70123,0.70131,1.50,1.37
2017.03.06 15:42:11.162,0.70124,0.70131,1.00,1.00
2017.03.06 15:42:11.314,0.70126,0.70131,1.00,1.00
2017.03.06 15:42:13.559,0.70124,0.70131,1.50,1.00
2017.03.06 15:42:14.135,0.70123,0.70131,2.25,1.00
2017.03.06 15:42:18.548,0.70122,0.7013,3.00,1.00
2017.03.06 15:42:18.903,0.70121,0.70128,3.00,1.00
2017.03.06 15:42:19.408,0.70121,0.70129,1.50,1.00
2017.03.06 15:42:19.834,0.70119,0.70128,5.25,1.00
2017.03.06 15:42:19.986,0.70122,0.7013,1.50,1.12
2017.03.06 15:42:20.290,0.70122,0.70128,1.00,1.00
2017.03.06 15:42:21.168,0.7012,0.70128,6.00,1.00
2017.03.06 15:42:27.170,0.70121,0.70128,1.00,1.00
2017.03.06 15:42:28.907,0.7012,0.70128,3.75,1.00
2017.03.06 15:42:30.562,0.70122,0.7013,1.00,1.00
2017.03.06 15:42:32.549,0.70121,0.70129,3.00,1.00
2017.03.06 15:42:32.954,0.70123,0.7013,1.00,1.00
2017.03.06 15:42:34.022,0.70122,0.7013,2.25,1.00
2017.03.06 15:42:34.558,0.70122,0.70129,1.50,1.00
2017.03.06 15:42:36.723,0.70123,0.70129,1.00,1.00
2017.03.06 15:42:41.556,0.70122,0.70128,1.00,1.00
2017.03.06 15:42:46.908,0.70121,0.70129,1.00,1.00
2017.03.06 15:42:49.623,0.7012,0.70129,2.25,1.00
2017.03.06 15:42:50.987,0.70122,0.7013,1.00,3.00
2017.03.06 15:42:59.294,0.70122,0.70129,1.00,1.00
2017.03.06 15:43:01.261,0.70121,0.70129,1.00,1.00
2017.03.06 15:43:01.883,0.70123,0.70129,1.00,1.00
2017.03.06 15:43:01.934,0.70121,0.70129,1.50,1.00
2017.03.06 15:43:05.223,0.70121,0.70126,1.00,1.00
2017.03.06 15:43:05.753,0.7012,0.70126,1.50,1.00
2017.03.06 15:43:17.448,0.70121,0.70129,1.50,1.50
2017.03.06 15:43:20.555,0.70121,0.70128,1.00,1.00
2017.03.06 15:43:22.612,0.70122,0.70128,1.00,1.00
2017.03.06 15:43:24.228,0.7012,0.70128,2.25,1.00
2017.03.06 15:43:32.263,0.70122,0.7013,2.25,1.00
2017.03.06 15:43:34.207,0.70128,0.70134,1.00,3.60
2017.03.06 15:43:34.359,0.7013,0.70137,1.00,1.00
2017.03.06 15:43:34.518,0.70129,0.70135,1.00,1.00
2017.03.06 15:43:34.569,0.70127,0.70135,1.50,1.00
2017.03.06 15:43:35.504,0.70127,0.70133,1.50,1.00
2017.03.06 15:43:45.033,0.70128,0.70134,1.00,1.00
2017.03.06 15:43:47.340,0.70125,0.70132,1.00,1.00
2017.03.06 15:43:47.442,0.70126,0.7013,1.00,1.00
2017.03.06 15:43:47.493,0.70124,0.7013,1.00,1.00
2017.03.06 15:43:48.605,0.70122,0.70131,3.00,1.50
2017.03.06 15:43:48.758,0.70123,0.70129,1.00,1.00
2017.03.06 15:43:49.724,0.70124,0.70129,1.00,1.00
2017.03.06 15:43:51.010,0.70124,0.70131,1.00,1.00
2017.03.06 15:43:51.112,0.70125,0.70134,3.00,1.50
2017.03.06 15:43:51.163,0.70127,0.70133,1.00,1.00
2017.03.06 15:43:51.404,0.70128,0.70135,1.00,1.00
2017.03.06 15:43:51.928,0.70128,0.70134,1.00,1.00
2017.03.06 15:43:52.030,0.70126,0.70134,2.25,1.00
2017.03.06 15:43:58.484,0.70129,0.70135,1.00,1.00
2017.03.06 15:43:58.535,0.70128,0.70137,2.25,1.87
2017.03.06 15:43:59.053,0.70129,0.70137,1.50,1.00
2017.03.06 15:43:59.345,0.70129,0.70135,1.50,1.00
2017.03.06 15:43:59.846,0.70128,0.70135,1.50,1.00
2017.03.06 15:44:00.395,0.70129,0.70135,1.00,1.00
2017.03.06 15:44:09.689,0.70128,0.70137,3.00,1.00
2017.03.06 15:44:27.011,0.70128,0.70136,1.87,1.00
2017.03.06 15:44:27.428,0.7013,0.70138,1.00,1.50
2017.03.06 15:44:27.617,0.70128,0.70137,2.62,1.00
2017.03.06 15:44:29.448,0.70128,0.70136,1.12,1.00
2017.03.06 15:44:29.499,0.70128,0.70134,1.00,1.00
2017.03.06 15:44:29.602,0.70126,0.70134,3.37,1.50
2017.03.06 15:44:29.782,0.70125,0.70131,1.00,1.00
2017.03.06 15:44:30.289,0.70125,0.70132,1.00,1.00
2017.03.06 15:44:30.815,0.70125,0.70131,1.00,1.00
2017.03.06 15:44:32.688,0.70124,0.70131,1.00,1.00
2017.03.06 15:44:33.153,0.70122,0.7013,1.50,1.00
2017.03.06 15:44:35.514,0.70121,0.70129,2.25,1.00
2017.03.06 15:44:36.030,0.70121,0.70128,1.00,1.00
2017.03.06 15:44:36.576,0.7012,0.70128,1.50,1.00
2017.03.06 15:44:37.820,0.70121,0.70128,1.00,1.00
2017.03.06 15:44:38.325,0.7012,0.70128,3.00,1.00
2017.03.06 15:44:39.939,0.70122,0.70128,1.00,1.00
2017.03.06 15:44:40.647,0.7012,0.70128,2.25,1.00
2017.03.06 15:44:41.438,0.70121,0.70128,1.00,1.00
2017.03.06 15:44:42.919,0.70122,0.70128,1.00,1.00
2017.03.06 15:44:43.690,0.70123,0.70129,1.00,1.00
2017.03.06 15:44:44.197,0.70124,0.70129,1.00,1.00
2017.03.06 15:44:47.513,0.70124,0.70131,1.00,1.00
2017.03.06 15:44:48.067,0.70124,0.7013,1.00,1.00
2017.03.06 15:44:48.947,0.70125,0.7013,1.00,1.00
2017.03.06 15:44:49.696,0.70125,0.70131,1.00,1.00
2017.03.06 15:44:53.750,0.70127,0.70131,1.00,1.00
2017.03.06 15:44:54.419,0.70127,0.70132,1.00,1.00
2017.03.06 15:44:55.464,0.70125,0.70132,1.00,1.00
2017.03.06 15:45:00.404,0.70125,0.70131,1.00,1.00
2017.03.06 15:45:00.455,0.70123,0.7013,1.00,1.00
2017.03.06 15:45:00.961,0.70122,0.70129,1.00,1.00
2017.03.06 15:45:02.864,0.70121,0.70129,1.50,1.00
2017.03.06 15:45:03.431,0.70122,0.70129,1.00,1.00
2017.03.06 15:45:03.949,0.70121,0.70129,1.50,1.00
2017.03.06 15:45:05.315,0.70123,0.70129,1.00,1.00
2017.03.06 15:45:05.816,0.70124,0.70129,1.00,1.00
2017.03.06 15:45:06.323,0.70124,0.7013,1.00,1.00
2017.03.06 15:45:09.940,0.70122,0.7013,1.50,1.00
2017.03.06 15:45:10.042,0.70124,0.7013,1.00,1.00
2017.03.06 15:45:10.143,0.70122,0.7013,1.50,1.00
2017.03.06 15:45:10.730,0.70122,0.70129,1.00,1.00
2017.03.06 15:45:14.442,0.70121,0.70129,1.50,1.00
2017.03.06 15:45:15.658,0.70122,0.70129,1.00,1.00
2017.03.06 15:45:24.687,0.70121,0.70129,1.50,1.00
2017.03.06 15:45:25.241,0.70122,0.70129,1.00,1.00
2017.03.06 15:45:30.815,0.70121,0.70129,1.00,1.00
2017.03.06 15:45:30.967,0.70123,0.70129,1.00,1.00
2017.03.06 15:45:31.417,0.70121,0.70129,1.00,1.00
2017.03.06 15:45:38.937,0.7012,0.70129,1.50,1.00
2017.03.06 15:45:41.437,0.70121,0.70129,1.00,1.00
2017.03.06 15:45:44.986,0.70121,0.70128,1.00,1.00
2017.03.06 15:45:45.520,0.7012,0.70128,1.50,1.00
2017.03.06 15:45:46.023,0.70121,0.70128,1.00,1.00
2017.03.06 15:45:46.537,0.70121,0.70129,1.00,1.00
2017.03.06 15:45:47.064,0.7012,0.70129,1.50,1.00
2017.03.06 15:45:49.348,0.70121,0.70129,1.00,1.00
2017.03.06 15:45:49.918,0.70122,0.7013,1.50,1.00
2017.03.06 15:45:50.976,0.70124,0.7013,1.00,1.00
2017.03.06 15:45:51.954,0.70123,0.70131,1.00,1.12
2017.03.06 15:45:52.624,0.70124,0.70131,1.00,1.00
2017.03.06 15:45:53.229,0.70123,0.70131,1.50,1.00
2017.03.06 15:45:53.628,0.70125,0.70131,1.00,1.50
2017.03.06 15:46:03.342,0.70123,0.70131,1.00,1.00
2017.03.06 15:46:07.676,0.70123,0.7013,1.00,1.50
2017.03.06 15:46:10.872,0.7012,0.70125,3.75,2.25
2017.03.06 15:46:10.923,0.7012,0.70124,3.00,1.12
2017.03.06 15:46:11.126,0.70118,0.70124,1.00,1.00
2017.03.06 15:46:11.424,0.70115,0.70124,1.00,1.87
2017.03.06 15:46:12.182,0.70114,0.70122,1.00,1.50
2017.03.06 15:46:12.707,0.70114,0.70121,1.00,1.00
2017.03.06 15:46:13.410,0.70112,0.70121,1.00,1.50
2017.03.06 15:46:13.959,0.70112,0.70121,1.00,3.00
2017.03.06 15:46:15.341,0.70113,0.7012,1.00,1.00
2017.03.06 15:46:17.737,0.70115,0.70121,1.00,1.50
2017.03.06 15:46:18.721,0.70115,0.70122,1.00,1.00
2017.03.06 15:46:20.813,0.70115,0.70122,1.00,1.50
2017.03.06 15:46:24.077,0.70115,0.7012,1.00,1.00
2017.03.06 15:46:24.128,0.70113,0.7012,1.00,1.00
2017.03.06 15:46:24.681,0.70112,0.70119,1.00,1.12
2017.03.06 15:46:25.288,0.70113,0.70119,1.00,1.87
2017.03.06 15:46:25.950,0.70112,0.7012,1.50,3.37
2017.03.06 15:46:26.355,0.70114,0.7012,1.00,1.00
2017.03.06 15:46:28.429,0.70114,0.70122,1.50,2.25
2017.03.06 15:46:40.355,0.70115,0.70122,1.00,2.25
2017.03.06 15:46:40.870,0.70114,0.70122,1.50,1.50
2017.03.06 15:46:41.022,0.70114,0.70123,1.50,2.62
2017.03.06 15:46:45.017,0.70114,0.70122,1.00,1.00
2017.03.06 15:46:46.860,0.70115,0.70122,1.00,1.50
2017.03.06 15:46:47.317,0.70113,0.70122,1.50,2.25
2017.03.06 15:46:47.643,0.70113,0.7012,1.00,1.00
2017.03.06 15:46:48.719,0.70112,0.7012,1.50,1.00
2017.03.06 15:46:49.858,0.70113,0.7012,1.00,1.00
2017.03.06 15:46:55.402,0.70113,0.70121,1.00,1.00
2017.03.06 15:46:56.004,0.70114,0.70122,1.00,2.25
2017.03.06 15:46:56.525,0.70113,0.70121,1.00,1.00
2017.03.06 15:46:57.922,0.70114,0.70123,1.00,2.62
2017.03.06 15:46:58.491,0.70113,0.70121,1.50,1.00
2017.03.06 15:46:59.033,0.70113,0.7012,1.50,1.00
2017.03.06 15:46:59.562,0.70113,0.70121,1.00,1.00
2017.03.06 15:47:01.234,0.70114,0.70121,1.00,1.00
2017.03.06 15:47:06.197,0.70113,0.70121,1.50,1.00
2017.03.06 15:47:06.796,0.70113,0.70122,1.50,3.37
2017.03.06 15:47:08.174,0.70113,0.7012,1.00,1.00
2017.03.06 15:47:11.352,0.70111,0.7012,1.50,1.50
2017.03.06 15:47:11.863,0.70112,0.7012,1.00,1.00
2017.03.06 15:47:12.122,0.70114,0.7012,1.00,1.00
2017.03.06 15:47:13.060,0.70112,0.7012,1.00,1.50
2017.03.06 15:47:14.532,0.70114,0.7012,1.00,1.50
2017.03.06 15:47:15.061,0.70112,0.7012,1.00,1.50
2017.03.06 15:47:17.811,0.70111,0.7012,2.25,1.50
2017.03.06 15:47:18.382,0.70112,0.7012,1.00,1.50
2017.03.06 15:47:18.902,0.70111,0.70119,1.50,1.00
2017.03.06 15:47:29.669,0.7011,0.70119,4.87,1.00
2017.03.06 15:47:30.495,0.7011,0.70117,3.00,1.00
2017.03.06 15:47:30.999,0.70111,0.70118,1.00,1.00
2017.03.06 15:47:32.182,0.70113,0.70119,1.00,1.00
2017.03.06 15:47:34.825,0.70113,0.7012,1.00,1.00
2017.03.06 15:47:36.460,0.70112,0.7012,1.00,1.00
2017.03.06 15:47:38.844,0.70114,0.7012,1.00,1.00
2017.03.06 15:47:39.148,0.70112,0.7012,1.00,1.00
2017.03.06 15:47:48.098,0.70112,0.70118,1.00,1.50
2017.03.06 15:47:48.273,0.70113,0.7012,1.00,1.00
2017.03.06 15:47:48.627,0.70112,0.70118,1.00,1.00
2017.03.06 15:47:49.233,0.70111,0.70118,1.00,1.00
2017.03.06 15:47:49.633,0.70104,0.7011,1.00,1.00
2017.03.06 15:47:49.785,0.70105,0.70112,1.00,2.25
2017.03.06 15:47:50.291,0.70104,0.70111,1.00,1.00
2017.03.06 15:47:51.101,0.70104,0.7011,1.00,1.00
2017.03.06 15:47:52.924,0.70103,0.7011,1.50,1.00
2017.03.06 15:47:54.121,0.70106,0.70112,1.00,1.12
2017.03.06 15:47:54.422,0.70107,0.70114,1.00,1.50
2017.03.06 15:47:54.904,0.70107,0.70112,1.00,1.00
2017.03.06 15:47:57.237,0.70108,0.70112,1.00,1.00
2017.03.06 15:47:57.440,0.70111,0.70117,1.12,1.50
2017.03.06 15:47:57.541,0.70111,0.70118,1.12,1.00
2017.03.06 15:47:57.817,0.70113,0.70117,1.00,1.00
2017.03.06 15:47:58.591,0.70111,0.70117,1.50,1.00
2017.03.06 15:48:02.332,0.70112,0.70117,1.00,1.00
2017.03.06 15:48:02.865,0.70111,0.70117,2.25,1.00
2017.03.06 15:48:03.154,0.70112,0.70119,1.00,1.00
2017.03.06 15:48:04.554,0.70111,0.70119,2.25,1.00
2017.03.06 15:48:05.038,0.70113,0.70119,1.00,1.00
2017.03.06 15:48:05.621,0.70112,0.70119,1.50,1.00
2017.03.06 15:48:06.359,0.70113,0.70119,1.00,1.00
2017.03.06 15:48:06.942,0.70112,0.70119,1.00,2.25
2017.03.06 15:48:10.699,0.70113,0.70119,1.00,1.50
2017.03.06 15:48:14.422,0.70113,0.7012,1.00,1.00
2017.03.06 15:48:15.041,0.70114,0.7012,1.00,1.00
2017.03.06 15:48:15.562,0.70113,0.7012,1.50,1.00
2017.03.06 15:48:16.107,0.70114,0.7012,1.00,1.00
2017.03.06 15:48:17.561,0.70113,0.7012,1.50,1.00
2017.03.06 15:48:19.960,0.70114,0.7012,1.00,1.00
2017.03.06 15:48:20.960,0.70113,0.7012,1.00,1.00
2017.03.06 15:48:21.496,0.70114,0.7012,1.00,1.00
2017.03.06 15:48:22.428,0.70113,0.7012,1.00,1.00
2017.03.06 15:48:24.349,0.70112,0.7012,1.50,1.00
2017.03.06 15:48:27.091,0.70112,0.70119,1.00,1.00
2017.03.06 15:48:29.276,0.70113,0.70119,1.00,1.00
2017.03.06 15:48:29.795,0.70113,0.7012,1.00,1.00
2017.03.06 15:48:33.398,0.70115,0.70121,1.00,1.00
2017.03.06 15:48:33.702,0.70121,0.70125,1.00,1.00
2017.03.06 15:48:33.803,0.70121,0.70127,1.00,1.00
2017.03.06 15:48:34.306,0.70122,0.70128,1.00,1.00
2017.03.06 15:48:34.840,0.70122,0.70129,1.00,1.00
2017.03.06 15:48:35.093,0.70122,0.70127,1.00,1.00
2017.03.06 15:48:36.125,0.7012,0.70127,1.00,1.00
2017.03.06 15:48:36.226,0.70118,0.70126,1.00,1.00
2017.03.06 15:48:36.751,0.70119,0.70125,1.00,1.50
2017.03.06 15:48:39.701,0.70116,0.70125,3.00,1.50
2017.03.06 15:48:40.212,0.70116,0.70123,2.25,1.00
2017.03.06 15:48:40.751,0.70118,0.70123,1.00,1.00
2017.03.06 15:48:40.802,0.70118,0.70125,1.00,1.50
2017.03.06 15:48:40.954,0.70121,0.70125,1.00,1.00
2017.03.06 15:48:41.513,0.70121,0.70126,1.00,1.00
2017.03.06 15:48:43.164,0.70118,0.70126,1.00,1.00
2017.03.06 15:48:43.316,0.70118,0.70124,1.00,1.00
2017.03.06 15:48:43.831,0.70117,0.70124,1.00,1.50
2017.03.06 15:48:46.146,0.70116,0.70123,1.00,1.00
2017.03.06 15:48:46.660,0.70115,0.70122,1.00,1.00
2017.03.06 15:48:47.161,0.70117,0.70124,1.00,1.50
2017.03.06 15:48:47.313,0.70118,0.70126,1.50,1.50
2017.03.06 15:48:47.820,0.70118,0.70125,1.50,1.00
2017.03.06 15:48:48.572,0.70118,0.70126,1.00,1.50
2017.03.06 15:48:49.785,0.70119,0.70126,1.00,1.50
2017.03.06 15:48:51.357,0.7012,0.70126,1.00,1.50
2017.03.06 15:48:51.785,0.70121,0.70128,1.00,2.25
2017.03.06 15:48:52.291,0.70122,0.70128,1.00,1.50
2017.03.06 15:48:56.384,0.70123,0.70128,1.00,1.00
2017.03.06 15:48:59.860,0.70122,0.70128,1.00,1.00
2017.03.06 15:49:00.370,0.70121,0.70128,1.00,1.00
2017.03.06 15:49:02.518,0.7012,0.70128,1.50,1.00
2017.03.06 15:49:03.299,0.70119,0.70127,1.00,1.00
2017.03.06 15:49:04.442,0.7012,0.70127,1.00,1.00
2017.03.06 15:49:04.544,0.70122,0.70128,1.00,1.00
2017.03.06 15:49:05.150,0.70121,0.70128,1.50,1.00
2017.03.06 15:49:05.664,0.70122,0.70128,1.00,1.00
2017.03.06 15:49:06.194,0.70122,0.70129,1.50,1.00
2017.03.06 15:49:06.719,0.70121,0.70129,1.50,1.00
2017.03.06 15:49:07.243,0.70121,0.70128,1.50,1.00
2017.03.06 15:49:09.690,0.70122,0.70128,1.00,1.00
2017.03.06 15:49:10.232,0.70121,0.70128,1.50,1.00
2017.03.06 15:49:11.019,0.70122,0.70128,1.00,1.00
2017.03.06 15:49:11.551,0.70121,0.70128,1.50,1.00
2017.03.06 15:49:12.269,0.70122,0.70128,1.00,1.00
2017.03.06 15:49:12.872,0.70121,0.70128,1.50,1.00
2017.03.06 15:49:13.828,0.70122,0.70128,1.00,1.00
2017.03.06 15:49:14.120,0.70118,0.70125,1.00,1.00
2017.03.06 15:49:14.272,0.70119,0.70127,1.00,1.87
2017.03.06 15:49:14.778,0.70119,0.70126,1.00,1.00
2017.03.06 15:49:15.291,0.70118,0.70126,1.00,1.00
2017.03.06 15:49:16.492,0.70118,0.70127,2.25,1.50
2017.03.06 15:49:17.112,0.70118,0.70126,1.50,1.00
2017.03.06 15:49:17.904,0.70119,0.70126,1.50,1.00
2017.03.06 15:49:18.442,0.70119,0.70127,1.50,2.25
2017.03.06 15:49:18.951,0.7012,0.70127,1.50,1.50
2017.03.06 15:49:19.474,0.70121,0.70127,1.00,1.50
2017.03.06 15:49:20.961,0.7012,0.70127,1.00,1.50
2017.03.06 15:49:24.633,0.70119,0.70127,2.62,1.50
2017.03.06 15:49:25.726,0.70119,0.70126,1.00,1.00
2017.03.06 15:49:30.308,0.70117,0.70121,1.00,1.00
2017.03.06 15:49:30.359,0.70116,0.70123,1.12,1.00
2017.03.06 15:49:30.430,0.70118,0.70126,1.00,1.12
2017.03.06 15:49:30.532,0.70117,0.70124,1.50,1.00
2017.03.06 15:49:44.793,0.70116,0.70124,1.50,1.00
2017.03.06 15:49:45.338,0.70115,0.70123,1.00,2.25
2017.03.06 15:49:45.844,0.70116,0.70123,1.00,1.50
2017.03.06 15:49:47.124,0.70115,0.70121,1.00,1.00
2017.03.06 15:49:48.070,0.70116,0.70121,1.00,1.00
2017.03.06 15:49:48.606,0.70115,0.70121,1.00,1.00
2017.03.06 15:49:49.111,0.70114,0.70121,1.00,1.00
2017.03.06 15:49:50.160,0.70114,0.7012,1.00,1.00
2017.03.06 15:49:50.313,0.70111,0.70119,3.00,1.00
2017.03.06 15:49:50.639,0.70111,0.70117,1.00,1.00
2017.03.06 15:49:51.382,0.70111,0.70119,1.00,1.00
2017.03.06 15:49:52.364,0.7011,0.70119,4.50,1.00
2017.03.06 15:49:52.875,0.70111,0.70119,1.00,1.00
2017.03.06 15:49:54.735,0.70112,0.70119,1.00,1.00
2017.03.06 15:49:55.265,0.70111,0.70119,1.00,1.00
2017.03.06 15:49:59.261,0.70112,0.70119,1.00,1.00
2017.03.06 15:49:59.929,0.70111,0.70119,1.00,1.00
2017.03.06 15:50:00.504,0.70112,0.70119,1.00,1.00
2017.03.06 15:50:05.263,0.70112,0.7012,1.00,2.62
2017.03.06 15:50:05.883,0.70113,0.7012,1.00,1.87
2017.03.06 15:50:06.493,0.70114,0.7012,1.00,1.00
2017.03.06 15:50:11.017,0.70113,0.7012,1.00,1.00
2017.03.06 15:50:11.219,0.70113,0.70118,1.00,1.00
2017.03.06 15:50:11.777,0.70113,0.70119,1.00,1.00
2017.03.06 15:50:12.307,0.70114,0.7012,1.00,1.00
2017.03.06 15:50:16.701,0.70113,0.7012,1.00,1.00
2017.03.06 15:50:17.236,0.70114,0.7012,1.00,1.00
2017.03.06 15:50:17.769,0.70113,0.7012,1.00,1.00
2017.03.06 15:50:19.190,0.70113,0.70118,1.00,1.00
2017.03.06 15:50:21.076,0.70114,0.70118,1.00,1.00
2017.03.06 15:50:21.127,0.70111,0.70118,1.00,1.00
2017.03.06 15:50:21.642,0.70111,0.70117,1.00,1.00
2017.03.06 15:50:26.136,0.7011,0.70117,1.00,1.00
2017.03.06 15:50:26.813,0.70109,0.70117,3.00,1.00
2017.03.06 15:50:27.015,0.70111,0.70117,1.00,1.00
2017.03.06 15:50:29.545,0.70109,0.70117,1.50,1.00
2017.03.06 15:50:29.703,0.70111,0.70117,1.00,1.00
2017.03.06 15:50:29.905,0.70109,0.70117,1.50,1.00
2017.03.06 15:50:30.109,0.70109,0.70115,1.50,1.50
2017.03.06 15:50:30.261,0.70106,0.70113,1.00,3.00
2017.03.06 15:50:30.799,0.70106,0.70112,1.00,1.00
2017.03.06 15:50:30.850,0.70104,0.70112,1.00,1.00
2017.03.06 15:50:31.399,0.70105,0.70112,1.00,1.00
2017.03.06 15:50:31.957,0.70104,0.70112,1.00,1.00
2017.03.06 15:50:32.826,0.70105,0.70112,1.00,1.00
2017.03.06 15:50:33.932,0.70104,0.70112,1.00,1.12
2017.03.06 15:50:34.136,0.70104,0.7011,1.00,1.00
2017.03.06 15:50:34.707,0.70104,0.70109,1.00,1.00
2017.03.06 15:50:35.452,0.70105,0.70109,1.00,1.00
2017.03.06 15:50:35.553,0.70105,0.70111,1.00,3.00
2017.03.06 15:50:36.102,0.70106,0.70111,1.00,1.50
2017.03.06 15:50:36.848,0.70106,0.70112,1.00,2.25
2017.03.06 15:50:37.436,0.70106,0.70111,1.00,1.50
2017.03.06 15:50:38.096,0.70106,0.70112,1.00,1.00
2017.03.06 15:50:39.021,0.70106,0.7011,1.00,1.00
2017.03.06 15:50:40.031,0.70103,0.7011,1.50,1.50
2017.03.06 15:50:40.557,0.70103,0.70109,1.00,1.00
2017.03.06 15:50:41.081,0.70102,0.70109,1.50,1.50
2017.03.06 15:50:42.358,0.70103,0.70109,1.00,1.00
2017.03.06 15:50:43.259,0.70102,0.70109,1.50,1.50
2017.03.06 15:50:47.435,0.70103,0.70109,1.00,1.00
2017.03.06 15:50:47.688,0.70101,0.70106,1.00,1.00
2017.03.06 15:50:48.043,0.701,0.70104,1.00,1.00
2017.03.06 15:50:48.497,0.701,0.70106,1.00,2.25
2017.03.06 15:50:54.986,0.701,0.70107,1.00,1.50
2017.03.06 15:50:55.494,0.701,0.70108,1.00,2.25
2017.03.06 15:50:57.675,0.701,0.70107,1.50,1.00
2017.03.06 15:50:58.536,0.701,0.70108,1.50,1.50
2017.03.06 15:50:59.048,0.701,0.70107,1.50,1.00
2017.03.06 15:50:59.566,0.701,0.70108,1.50,1.50
2017.03.06 15:51:00.252,0.701,0.70107,1.00,1.00
2017.03.06 15:51:02.673,0.701,0.70106,1.00,1.00
2017.03.06 15:51:03.695,0.701,0.70107,1.00,2.25
2017.03.06 15:51:06.466,0.70099,0.70107,1.00,2.25
2017.03.06 15:51:06.989,0.701,0.70107,1.00,2.25
2017.03.06 15:51:07.586,0.701,0.70106,1.50,1.00
2017.03.06 15:51:08.116,0.701,0.70107,1.50,1.00
2017.03.06 15:51:08.667,0.701,0.70108,1.50,1.50
2017.03.06 15:51:09.175,0.701,0.70107,1.50,1.00
2017.03.06 15:51:09.840,0.701,0.70108,1.00,1.50
2017.03.06 15:51:11.234,0.701,0.70107,1.50,1.00
2017.03.06 15:51:11.775,0.701,0.70108,1.50,1.50
2017.03.06 15:51:12.309,0.701,0.70107,1.50,1.00
2017.03.06 15:51:12.877,0.701,0.70108,1.50,1.50
2017.03.06 15:51:13.465,0.701,0.70107,1.50,1.00
2017.03.06 15:51:14.107,0.701,0.70108,1.50,1.50
2017.03.06 15:51:14.270,0.70103,0.70108,1.80,1.00
2017.03.06 15:51:14.576,0.7011,0.70114,1.00,1.00
2017.03.06 15:51:14.835,0.70111,0.70117,1.00,1.50
2017.03.06 15:51:15.348,0.70112,0.70117,1.00,1.50
2017.03.06 15:51:15.854,0.70111,0.70117,1.00,1.00
2017.03.06 15:51:16.157,0.70113,0.70117,1.00,1.00
2017.03.06 15:51:18.585,0.70115,0.70119,1.00,1.50
2017.03.06 15:51:18.893,0.70115,0.70119,1.00,1.00
2017.03.06 15:51:19.045,0.70113,0.70119,1.00,1.00
2017.03.06 15:51:19.819,0.70112,0.70119,1.00,1.00
2017.03.06 15:51:20.364,0.70113,0.70119,1.00,1.00
2017.03.06 15:51:20.984,0.70113,0.7012,1.00,3.00
2017.03.06 15:51:21.359,0.70115,0.70119,1.00,1.00
2017.03.06 15:51:21.876,0.70116,0.7012,1.00,1.50
2017.03.06 15:51:22.379,0.70116,0.70121,1.00,1.00
2017.03.06 15:51:24.414,0.70115,0.70121,1.00,1.50
2017.03.06 15:51:24.963,0.70115,0.70122,1.00,3.00
2017.03.06 15:51:25.759,0.70116,0.70122,1.00,3.00
2017.03.06 15:51:26.499,0.70115,0.70122,1.00,3.00
2017.03.06 15:51:27.602,0.70115,0.70121,1.00,1.50
2017.03.06 15:51:29.381,0.70115,0.70122,1.00,3.00
2017.03.06 15:51:29.723,0.7012,0.70124,1.00,1.00
2017.03.06 15:51:29.774,0.7012,0.70127,1.00,1.00
2017.03.06 15:51:29.977,0.70118,0.70127,2.25,1.50
2017.03.06 15:51:30.483,0.70116,0.70124,1.00,1.87
2017.03.06 15:51:30.786,0.70115,0.70122,1.00,1.00
2017.03.06 15:51:31.293,0.70116,0.70124,1.50,2.25
2017.03.06 15:51:31.395,0.70118,0.70125,1.00,1.50
2017.03.06 15:51:31.698,0.70123,0.70127,1.00,1.50
2017.03.06 15:51:31.749,0.70123,0.70128,1.00,1.00
2017.03.06 15:51:31.975,0.70121,0.70128,1.50,1.00
2017.03.06 15:51:32.482,0.70121,0.70129,1.00,1.00
2017.03.06 15:51:33.005,0.70121,0.70128,1.00,1.00
2017.03.06 15:51:33.533,0.70121,0.70129,1.50,1.50
2017.03.06 15:51:34.053,0.70121,0.70128,1.50,1.00
2017.03.06 15:51:34.572,0.70121,0.70129,1.50,1.50
2017.03.06 15:51:35.097,0.70122,0.70129,1.00,1.50
2017.03.06 15:51:35.622,0.70122,0.7013,1.00,1.50
2017.03.06 15:51:36.134,0.70121,0.7013,1.50,1.50
2017.03.06 15:51:37.631,0.70121,0.70129,1.00,1.00
2017.03.06 15:51:38.137,0.70122,0.70129,1.50,1.50
2017.03.06 15:51:40.070,0.70123,0.70129,1.00,1.00
2017.03.06 15:51:43.148,0.70122,0.70129,1.50,1.00
2017.03.06 15:51:43.622,0.70124,0.70129,1.00,1.00
2017.03.06 15:51:44.343,0.70123,0.70129,1.00,1.00
2017.03.06 15:51:45.955,0.70122,0.70129,1.00,1.00
2017.03.06 15:51:46.460,0.70123,0.70129,1.00,1.00
2017.03.06 15:51:48.646,0.70122,0.70129,1.00,1.00
2017.03.06 15:51:49.208,0.70121,0.70129,1.50,1.00
2017.03.06 15:51:49.714,0.70121,0.70128,1.00,1.50
2017.03.06 15:51:51.600,0.7012,0.70125,1.00,1.00
2017.03.06 15:51:51.702,0.70117,0.70124,1.00,1.00
2017.03.06 15:51:51.846,0.70115,0.70122,1.00,1.00
2017.03.06 15:51:52.151,0.70114,0.7012,1.00,1.50
2017.03.06 15:51:52.455,0.70117,0.70122,2.25,1.00
2017.03.06 15:51:52.557,0.70117,0.70125,2.25,1.00
2017.03.06 15:51:52.659,0.7012,0.70125,1.00,1.00
2017.03.06 15:51:53.889,0.70118,0.70125,1.50,1.00
2017.03.06 15:51:54.771,0.70117,0.70124,1.00,1.00
2017.03.06 15:51:54.924,0.70117,0.70121,1.00,1.00
2017.03.06 15:51:55.430,0.70116,0.70121,1.00,1.00
2017.03.06 15:51:55.742,0.70114,0.70122,1.00,2.25
2017.03.06 15:51:56.270,0.70114,0.70121,1.00,1.00
2017.03.06 15:51:58.852,0.70114,0.7012,1.00,1.00
2017.03.06 15:51:59.654,0.70113,0.70121,1.00,2.25
2017.03.06 15:52:00.060,0.70116,0.70121,1.00,3.00
2017.03.06 15:52:01.048,0.70114,0.70121,1.00,1.00
2017.03.06 15:52:01.575,0.70115,0.7012,1.00,1.00
2017.03.06 15:52:02.368,0.70115,0.70119,1.00,1.00
2017.03.06 15:52:02.759,0.70112,0.70119,1.00,1.00
2017.03.06 15:52:03.277,0.70113,0.70118,1.00,1.00
2017.03.06 15:52:05.439,0.70111,0.70118,1.00,1.00
2017.03.06 15:52:06.224,0.70112,0.70118,1.00,1.00
2017.03.06 15:52:06.739,0.70112,0.70116,1.00,1.00
2017.03.06 15:52:06.841,0.7011,0.70116,1.50,1.00
2017.03.06 15:52:07.412,0.70111,0.70116,1.00,1.00
2017.03.06 15:52:08.349,0.7011,0.70116,1.50,1.00
2017.03.06 15:52:08.450,0.70108,0.70115,1.12,1.00
2017.03.06 15:52:08.754,0.70111,0.70115,1.00,1.00
2017.03.06 15:52:08.855,0.70109,0.70114,1.00,1.00
2017.03.06 15:52:09.361,0.70108,0.70114,1.00,1.00
2017.03.06 15:52:10.053,0.70108,0.70116,1.00,1.50
2017.03.06 15:52:10.764,0.70108,0.70115,1.00,1.00
2017.03.06 15:52:10.866,0.70108,0.70113,1.00,1.00
2017.03.06 15:52:11.396,0.70107,0.70113,1.00,1.00
2017.03.06 15:52:11.660,0.70105,0.70113,1.50,1.00
2017.03.06 15:52:12.850,0.70105,0.70112,1.50,1.00
2017.03.06 15:52:13.492,0.70105,0.70111,1.00,1.00
2017.03.06 15:52:14.035,0.70104,0.70111,1.50,1.00
2017.03.06 15:52:15.101,0.70103,0.70111,1.00,1.50
2017.03.06 15:52:16.059,0.70107,0.70114,1.00,2.25
2017.03.06 15:52:16.211,0.70109,0.70115,1.00,1.00
2017.03.06 15:52:16.893,0.70108,0.70115,1.00,1.00
2017.03.06 15:52:18.526,0.70108,0.70116,1.00,1.00
2017.03.06 15:52:19.077,0.70108,0.70117,1.00,3.37
2017.03.06 15:52:19.585,0.70109,0.70117,1.00,2.62
2017.03.06 15:52:21.525,0.70107,0.70115,1.50,1.50
2017.03.06 15:52:21.829,0.70105,0.70113,1.50,1.50
2017.03.06 15:52:22.235,0.70108,0.70114,1.00,1.50
2017.03.06 15:52:22.539,0.7011,0.70114,1.50,1.00
2017.03.06 15:52:22.684,0.7011,0.70116,1.50,1.50
2017.03.06 15:52:23.144,0.70112,0.70118,1.00,1.00
2017.03.06 15:52:23.448,0.70114,0.7012,1.00,3.00
2017.03.06 15:52:23.650,0.70112,0.70119,1.00,1.00
2017.03.06 15:52:24.200,0.70113,0.70119,1.00,1.00
2017.03.06 15:52:24.252,0.70115,0.7012,1.00,1.00
2017.03.06 15:52:24.758,0.70115,0.70121,1.00,1.50
2017.03.06 15:52:26.365,0.70116,0.70121,1.00,1.50
2017.03.06 15:52:26.929,0.70115,0.70121,1.00,1.50
2017.03.06 15:52:27.457,0.70113,0.7012,1.00,1.50
2017.03.06 15:52:28.057,0.70114,0.7012,1.00,1.50
2017.03.06 15:52:28.726,0.70113,0.70119,1.00,1.00
2017.03.06 15:52:30.454,0.70111,0.70119,1.50,1.00
2017.03.06 15:52:30.976,0.70111,0.70118,1.50,1.00
2017.03.06 15:52:37.507,0.7011,0.70118,2.25,1.00
2017.03.06 15:52:38.610,0.7011,0.70117,1.50,1.00
2017.03.06 15:52:38.661,0.70108,0.70115,1.50,1.50
2017.03.06 15:52:38.984,0.70105,0.70112,1.00,1.50
2017.03.06 15:52:39.538,0.70104,0.70112,1.00,1.50
2017.03.06 15:52:40.106,0.70104,0.70111,1.00,1.00
2017.03.06 15:52:41.367,0.70104,0.7011,1.00,1.00
2017.03.06 15:52:41.873,0.70104,0.70111,1.00,1.50
2017.03.06 15:52:44.537,0.70103,0.70111,1.00,1.50
2017.03.06 15:52:45.148,0.70104,0.70111,1.00,1.50
2017.03.06 15:52:46.147,0.70103,0.70111,1.00,1.50
2017.03.06 15:52:49.570,0.70102,0.70111,3.00,1.50
2017.03.06 15:52:50.077,0.70102,0.7011,1.00,1.00
2017.03.06 15:52:50.616,0.70101,0.70109,1.00,1.12
2017.03.06 15:52:51.134,0.701,0.70109,1.00,2.62
2017.03.06 15:52:51.951,0.701,0.70108,1.00,1.00
2017.03.06 15:52:52.458,0.701,0.70109,1.00,2.62
2017.03.06 15:52:55.837,0.70098,0.70104,1.12,1.00
2017.03.06 15:52:55.888,0.70098,0.70106,1.12,1.50
2017.03.06 15:52:56.014,0.701,0.70107,1.00,2.25
2017.03.06 15:52:56.701,0.701,0.70108,1.00,1.87
2017.03.06 15:53:04.708,0.70097,0.70106,3.75,1.00
2017.03.06 15:53:05.213,0.70097,0.70105,1.00,1.00
2017.03.06 15:53:07.884,0.70097,0.70102,1.00,1.00
2017.03.06 15:53:07.935,0.70094,0.70102,1.50,1.00
2017.03.06 15:53:08.037,0.70092,0.70098,3.00,1.00
2017.03.06 15:53:08.543,0.70092,0.70098,1.00,1.00
2017.03.06 15:53:11.110,0.70091,0.70098,1.00,1.00
2017.03.06 15:53:11.211,0.70089,0.70097,3.00,1.00
2017.03.06 15:53:11.313,0.70089,0.70095,1.50,1.00
2017.03.06 15:53:11.852,0.70088,0.70095,1.00,1.00
2017.03.06 15:53:14.288,0.70087,0.70092,1.12,1.00
2017.03.06 15:53:14.389,0.70084,0.7009,1.12,1.00
2017.03.06 15:53:14.491,0.70084,0.70088,1.00,1.00
2017.03.06 15:53:15.334,0.70083,0.70088,1.00,1.00
2017.03.06 15:53:19.581,0.70083,0.70089,1.00,1.00
2017.03.06 15:53:19.834,0.70081,0.70089,1.00,1.00
2017.03.06 15:53:20.345,0.70082,0.70089,1.00,1.00
2017.03.06 15:53:20.865,0.70083,0.70089,1.00,1.00
2017.03.06 15:53:24.374,0.70084,0.70089,1.00,1.00
2017.03.06 15:53:29.232,0.70085,0.7009,1.00,1.12
2017.03.06 15:53:29.480,0.70086,0.70092,1.00,1.00
2017.03.06 15:53:29.531,0.70087,0.70094,1.00,1.12
2017.03.06 15:53:29.835,0.70089,0.70094,1.00,1.00
2017.03.06 15:53:30.190,0.70089,0.70096,1.00,1.00
2017.03.06 15:53:31.220,0.70088,0.70096,1.50,1.00
2017.03.06 15:53:31.769,0.70089,0.70096,1.00,1.00
2017.03.06 15:53:33.659,0.70088,0.70096,1.50,1.00
2017.03.06 15:53:35.139,0.70089,0.70096,1.00,1.00
2017.03.06 15:53:36.048,0.7009,0.70097,1.00,1.00
2017.03.06 15:53:36.554,0.7009,0.70098,1.00,1.50
2017.03.06 15:53:37.020,0.70088,0.70096,1.00,1.00
2017.03.06 15:53:39.013,0.70089,0.70095,1.00,1.00
2017.03.06 15:53:39.521,0.70089,0.70096,1.50,1.00
2017.03.06 15:53:40.568,0.70088,0.70096,1.50,1.00
2017.03.06 15:53:40.871,0.7009,0.70098,1.00,1.87
2017.03.06 15:53:41.377,0.70089,0.70097,1.50,1.00
2017.03.06 15:53:41.810,0.70092,0.70099,1.00,1.00
2017.03.06 15:53:42.316,0.70093,0.70099,1.00,1.00
2017.03.06 15:53:42.842,0.70092,0.70099,1.50,1.00
2017.03.06 15:53:43.047,0.70094,0.70102,1.00,1.50
2017.03.06 15:53:43.664,0.70096,0.70102,1.00,2.25
2017.03.06 15:53:44.195,0.70095,0.70102,1.00,1.50
2017.03.06 15:53:46.653,0.70095,0.70101,1.00,1.00
2017.03.06 15:53:46.855,0.70093,0.70101,1.00,1.00
2017.03.06 15:53:47.362,0.70094,0.70101,1.00,1.00
2017.03.06 15:53:48.017,0.70094,0.701,1.00,1.00
2017.03.06 15:53:48.558,0.70093,0.701,1.00,1.00
2017.03.06 15:53:53.200,0.70093,0.70099,1.00,1.00
2017.03.06 15:53:53.727,0.70092,0.70099,1.00,1.50
2017.03.06 15:53:54.791,0.70092,0.70098,1.00,1.00
2017.03.06 15:53:55.386,0.70092,0.70099,1.00,1.00
2017.03.06 15:53:56.456,0.70091,0.70099,1.00,1.00
2017.03.06 15:53:56.607,0.70089,0.70099,3.37,1.00
2017.03.06 15:53:56.810,0.70089,0.70097,1.00,1.00
2017.03.06 15:53:57.316,0.70089,0.70098,1.00,1.00
2017.03.06 15:53:57.864,0.70089,0.70099,1.50,2.25
2017.03.06 15:53:59.503,0.7009,0.70097,1.00,1.00
2017.03.06 15:53:59.858,0.70088,0.70096,1.12,1.00
2017.03.06 15:54:01.560,0.70089,0.70096,1.00,1.00
2017.03.06 15:54:02.661,0.70088,0.70096,1.00,1.00
2017.03.06 15:54:03.187,0.70089,0.70096,1.00,1.00
2017.03.06 15:54:03.389,0.7009,0.70098,1.00,2.25
2017.03.06 15:54:03.982,0.70088,0.70097,2.62,1.00
2017.03.06 15:54:04.033,0.70088,0.70097,1.00,1.00
2017.03.06 15:54:04.236,0.70086,0.70096,3.37,1.50
2017.03.06 15:54:04.516,0.70088,0.70096,1.00,1.50
2017.03.06 15:54:06.641,0.70089,0.70096,1.00,1.50
2017.03.06 15:54:08.669,0.70089,0.70095,1.00,1.00
2017.03.06 15:54:09.199,0.70088,0.70096,1.12,1.00
2017.03.06 15:54:09.939,0.70089,0.70096,1.00,1.00
2017.03.06 15:54:10.657,0.70088,0.70096,1.87,1.00
2017.03.06 15:54:11.748,0.70088,0.70097,2.62,1.50
2017.03.06 15:54:12.426,0.70092,0.70098,1.00,1.12
2017.03.06 15:54:12.956,0.70092,0.70099,1.00,1.12
2017.03.06 15:54:14.167,0.70091,0.70099,1.00,1.12
2017.03.06 15:54:15.991,0.70093,0.70099,1.00,1.12
2017.03.06 15:54:18.265,0.70092,0.70099,1.00,1.12
2017.03.06 15:54:18.924,0.7009,0.70099,1.50,1.87
2017.03.06 15:54:27.458,0.7009,0.70096,1.00,1.00
2017.03.06 15:54:28.061,0.70091,0.70096,1.00,1.00
2017.03.06 15:54:29.143,0.70092,0.70096,1.00,1.00
2017.03.06 15:54:29.677,0.70093,0.70097,1.00,1.00
2017.03.06 15:54:29.930,0.70093,0.70098,1.00,1.00
2017.03.06 15:54:30.481,0.70094,0.70098,1.00,1.00
2017.03.06 15:54:31.018,0.70094,0.70099,1.00,1.00
2017.03.06 15:54:32.161,0.70092,0.70099,1.00,1.00
2017.03.06 15:54:32.416,0.70094,0.70099,1.00,1.00
2017.03.06 15:54:32.908,0.70094,0.70101,2.25,1.00
2017.03.06 15:54:32.959,0.70096,0.70103,1.00,1.87
2017.03.06 15:54:33.061,0.70097,0.70105,1.00,1.00
2017.03.06 15:54:33.181,0.70099,0.70107,1.00,1.00
2017.03.06 15:54:33.498,0.70098,0.70105,1.00,1.00
2017.03.06 15:54:34.111,0.70097,0.70104,1.12,1.00
2017.03.06 15:54:35.114,0.70096,0.70104,1.00,1.00
2017.03.06 15:54:35.755,0.70097,0.70104,1.00,1.00
2017.03.06 15:54:41.061,0.70098,0.70105,1.00,1.00
2017.03.06 15:54:41.727,0.701,0.70105,1.00,1.00
2017.03.06 15:54:42.244,0.70097,0.70104,3.00,1.00
2017.03.06 15:54:44.331,0.70095,0.70102,1.50,1.00
2017.03.06 15:54:44.634,0.70094,0.701,1.00,1.00
2017.03.06 15:54:45.138,0.70093,0.701,1.00,1.00
2017.03.06 15:54:46.790,0.70093,0.70099,1.00,1.00
2017.03.06 15:54:47.043,0.7009,0.70098,3.00,1.00
2017.03.06 15:54:47.556,0.7009,0.70099,1.50,1.00
2017.03.06 15:54:48.769,0.7009,0.70098,1.00,1.00
2017.03.06 15:54:49.076,0.70089,0.70096,1.50,1.00
2017.03.06 15:54:49.360,0.70087,0.70096,2.25,1.00
2017.03.06 15:54:49.411,0.70087,0.70093,2.25,1.00
2017.03.06 15:54:49.716,0.70085,0.7009,1.00,1.00
2017.03.06 15:54:49.868,0.70087,0.70094,1.00,1.37
2017.03.06 15:54:50.020,0.70087,0.70096,2.25,1.87
2017.03.06 15:54:52.057,0.70087,0.70095,1.00,1.00
2017.03.06 15:54:52.570,0.70086,0.70094,1.00,1.00
2017.03.06 15:54:53.084,0.70086,0.70093,1.00,1.00
2017.03.06 15:54:54.214,0.70085,0.70093,1.00,1.00
2017.03.06 15:54:54.777,0.70086,0.70093,1.00,1.00
2017.03.06 15:54:55.399,0.70086,0.70094,1.00,1.00
2017.03.06 15:54:55.917,0.70086,0.70093,1.00,1.00
2017.03.06 15:54:57.450,0.70087,0.70094,1.00,1.00
2017.03.06 15:54:57.979,0.70087,0.70095,1.00,1.00
2017.03.06 15:54:58.506,0.70088,0.70095,1.00,1.00
2017.03.06 15:54:58.817,0.70086,0.70093,1.00,1.00
2017.03.06 15:55:00.832,0.70087,0.70093,1.00,1.00
2017.03.06 15:55:01.337,0.70086,0.70093,1.00,1.00
2017.03.06 15:55:01.641,0.70088,0.70093,1.00,1.00
2017.03.06 15:55:01.692,0.70088,0.70095,1.00,1.50
2017.03.06 15:55:02.033,0.70086,0.70095,1.50,1.50
2017.03.06 15:55:03.020,0.70086,0.70094,1.50,1.00
2017.03.06 15:55:04.855,0.70088,0.70094,1.00,1.00
2017.03.06 15:55:05.435,0.70087,0.70094,1.00,1.00
2017.03.06 15:55:05.738,0.70087,0.70092,1.00,1.00
2017.03.06 15:55:07.133,0.70085,0.70092,1.00,1.00
2017.03.06 15:55:07.553,0.70085,0.7009,1.00,1.00
2017.03.06 15:55:07.603,0.70083,0.7009,1.00,1.00
2017.03.06 15:55:08.109,0.70084,0.7009,1.00,1.00
2017.03.06 15:55:08.346,0.70083,0.70088,1.00,1.00
2017.03.06 15:55:08.852,0.70082,0.70088,1.00,1.00
2017.03.06 15:55:09.402,0.70083,0.70089,1.00,1.00
2017.03.06 15:55:11.318,0.70084,0.70089,1.00,1.00
2017.03.06 15:55:11.768,0.70082,0.70089,1.00,1.00
2017.03.06 15:55:12.313,0.70081,0.70088,1.50,1.00
2017.03.06 15:55:12.363,0.70083,0.70088,1.00,1.00
2017.03.06 15:55:12.950,0.70082,0.70088,1.00,1.00
2017.03.06 15:55:14.195,0.70082,0.70086,1.00,1.00
2017.03.06 15:55:14.503,0.70079,0.70086,3.00,1.00
2017.03.06 15:55:15.133,0.70079,0.70087,1.50,1.00
2017.03.06 15:55:16.132,0.7008,0.70087,1.00,1.00
2017.03.06 15:55:17.476,0.70079,0.70087,1.50,1.00
2017.03.06 15:55:17.578,0.70078,0.70085,1.00,1.00
2017.03.06 15:55:17.882,0.70075,0.70079,1.00,1.00
2017.03.06 15:55:17.933,0.70072,0.70079,1.50,1.00
2017.03.06 15:55:18.465,0.70073,0.70079,1.00,1.00
2017.03.06 15:55:19.339,0.70072,0.70079,1.00,1.00
2017.03.06 15:55:19.879,0.70073,0.70079,1.00,1.00
2017.03.06 15:55:20.413,0.70072,0.70079,1.00,1.00
2017.03.06 15:55:20.921,0.70073,0.70079,1.00,1.00
2017.03.06 15:55:21.774,0.70073,0.70079,1.00,1.37
2017.03.06 15:55:22.283,0.70074,0.70078,1.00,1.00
2017.03.06 15:55:22.948,0.70073,0.70078,1.00,1.00
2017.03.06 15:55:23.532,0.70073,0.70077,1.00,1.00
2017.03.06 15:55:24.760,0.70071,0.70077,1.00,1.00
2017.03.06 15:55:25.836,0.70073,0.70077,1.00,1.00
2017.03.06 15:55:26.386,0.70074,0.70078,1.00,1.00
2017.03.06 15:55:26.923,0.70075,0.70079,1.00,1.00
2017.03.06 15:55:27.125,0.70076,0.70081,1.00,2.62
2017.03.06 15:55:27.176,0.70078,0.70082,1.00,3.75
2017.03.06 15:55:27.277,0.70077,0.70083,1.00,1.50
2017.03.06 15:55:27.379,0.70077,0.70085,1.50,1.00
2017.03.06 15:55:27.431,0.70079,0.70085,1.00,1.00
2017.03.06 15:55:27.770,0.70082,0.70087,1.00,1.00
2017.03.06 15:55:28.276,0.70083,0.70088,1.00,1.50
2017.03.06 15:55:28.832,0.70082,0.70086,1.00,1.00
2017.03.06 15:55:29.202,0.70084,0.70088,1.00,1.50
2017.03.06 15:55:29.757,0.70084,0.70089,1.00,1.50
2017.03.06 15:55:30.112,0.70083,0.70088,1.00,1.50
2017.03.06 15:55:30.264,0.70084,0.70089,1.00,1.50
2017.03.06 15:55:31.167,0.70083,0.70087,1.00,1.00
2017.03.06 15:55:31.723,0.70084,0.70088,1.00,1.00
2017.03.06 15:55:32.026,0.70088,0.70092,1.00,1.00
2017.03.06 15:55:32.269,0.70087,0.70094,1.00,1.50
2017.03.06 15:55:32.472,0.70087,0.70092,1.00,1.00
2017.03.06 15:55:32.775,0.70086,0.7009,1.00,1.00
2017.03.06 15:55:32.826,0.70085,0.7009,1.00,1.00
2017.03.06 15:55:33.343,0.70084,0.70089,1.00,1.00
2017.03.06 15:55:34.824,0.70083,0.70089,1.00,1.00
2017.03.06 15:55:35.077,0.70085,0.70089,1.00,1.00
2017.03.06 15:55:35.619,0.70084,0.7009,1.00,1.00
2017.03.06 15:55:36.025,0.70086,0.7009,1.00,1.00
2017.03.06 15:55:36.126,0.70084,0.7009,1.00,1.00
2017.03.06 15:55:36.632,0.70085,0.70089,1.00,1.00
2017.03.06 15:55:37.881,0.70084,0.70089,1.00,1.00
2017.03.06 15:55:37.982,0.70083,0.70087,1.00,1.00
2017.03.06 15:55:40.056,0.70084,0.70089,1.00,1.00
2017.03.06 15:55:43.912,0.70085,0.70089,1.00,1.00
2017.03.06 15:55:44.237,0.70083,0.70089,1.00,1.00
2017.03.06 15:55:44.940,0.70084,0.70089,1.00,1.00
2017.03.06 15:55:46.266,0.70083,0.70089,1.00,1.00
2017.03.06 15:55:46.418,0.70085,0.70089,1.00,1.00
2017.03.06 15:55:47.149,0.70083,0.70089,1.00,1.00
2017.03.06 15:55:47.856,0.70084,0.70089,1.00,1.00
2017.03.06 15:55:48.598,0.70084,0.70088,1.00,1.50
2017.03.06 15:55:49.112,0.70083,0.70087,1.00,1.00
2017.03.06 15:55:50.736,0.70083,0.70087,1.00,1.00
2017.03.06 15:55:51.449,0.70083,0.70088,1.00,1.00
2017.03.06 15:55:52.019,0.70084,0.70089,1.00,1.50
2017.03.06 15:55:52.536,0.70084,0.70088,1.00,1.50
2017.03.06 15:55:53.992,0.70082,0.70086,1.00,1.00
2017.03.06 15:55:54.043,0.70082,0.70086,1.00,1.00
2017.03.06 15:55:54.548,0.70083,0.70087,1.00,1.00
2017.03.06 15:55:55.053,0.70083,0.70088,1.00,1.00
2017.03.06 15:55:56.537,0.70084,0.70088,1.00,1.00
2017.03.06 15:55:57.118,0.70082,0.70088,1.00,1.00
2017.03.06 15:55:57.661,0.70084,0.70088,1.00,1.00
2017.03.06 15:55:59.907,0.70083,0.70088,1.00,1.00
2017.03.06 15:56:00.262,0.70082,0.70086,1.00,1.00
2017.03.06 15:56:01.260,0.70079,0.70086,1.50,1.00
2017.03.06 15:56:04.257,0.70078,0.70086,1.50,1.00
2017.03.06 15:56:04.817,0.70078,0.70085,1.50,1.00
2017.03.06 15:56:05.069,0.70077,0.70081,1.12,1.00
2017.03.06 15:56:05.222,0.70075,0.7008,1.00,1.00
2017.03.06 15:56:05.819,0.70076,0.7008,1.00,1.00
2017.03.06 15:56:07.552,0.70075,0.7008,1.00,1.00
2017.03.06 15:56:08.038,0.70077,0.70081,1.00,1.00
2017.03.06 15:56:09.418,0.70077,0.70082,1.00,1.00
2017.03.06 15:56:09.519,0.70078,0.70084,1.50,1.12
2017.03.06 15:56:10.449,0.70079,0.70084,1.00,1.00
2017.03.06 15:56:10.935,0.70077,0.70082,1.00,1.00
2017.03.06 15:56:11.534,0.70076,0.70082,1.00,1.00
2017.03.06 15:56:13.247,0.70075,0.7008,1.00,1.00
2017.03.06 15:56:13.693,0.70072,0.70079,2.25,1.00
2017.03.06 15:56:13.896,0.70071,0.70077,1.00,1.00
2017.03.06 15:56:14.268,0.70074,0.70078,1.00,1.00
2017.03.06 15:56:14.695,0.70074,0.70079,1.00,1.00
2017.03.06 15:56:15.202,0.70074,0.70078,1.00,1.00
2017.03.06 15:56:16.481,0.70075,0.70079,1.00,1.00
2017.03.06 15:56:16.532,0.70073,0.70078,1.00,1.00
2017.03.06 15:56:18.238,0.70072,0.70078,1.00,1.00
2017.03.06 15:56:18.743,0.70073,0.70078,1.00,1.00
2017.03.06 15:56:21.169,0.70074,0.70078,1.00,1.00
2017.03.06 15:56:21.949,0.70073,0.70078,1.00,1.00
2017.03.06 15:56:22.156,0.70075,0.70079,1.00,1.00
2017.03.06 15:56:22.837,0.70073,0.70078,1.00,1.00
2017.03.06 15:56:23.406,0.70072,0.70076,1.00,1.00
2017.03.06 15:56:23.760,0.70073,0.70078,1.00,1.00
2017.03.06 15:56:24.273,0.70072,0.70078,1.00,1.00
2017.03.06 15:56:25.138,0.70073,0.70078,1.00,1.00
2017.03.06 15:56:26.247,0.70072,0.70078,1.00,1.00
2017.03.06 15:56:26.752,0.70071,0.70078,1.00,1.00
2017.03.06 15:56:31.023,0.7007,0.70078,1.00,1.00
2017.03.06 15:56:31.249,0.70072,0.70078,1.00,1.00
2017.03.06 15:56:32.844,0.70073,0.70078,1.00,1.00
2017.03.06 15:56:33.385,0.70072,0.70079,1.00,1.50
2017.03.06 15:56:33.914,0.70073,0.70079,1.00,1.50
2017.03.06 15:56:35.130,0.70074,0.70079,1.00,1.50
2017.03.06 15:56:35.973,0.70074,0.70078,1.00,1.00
2017.03.06 15:56:36.321,0.70075,0.70079,2.25,1.00
2017.03.06 15:56:36.372,0.70077,0.70081,1.50,1.00
2017.03.06 15:56:36.473,0.70078,0.70086,1.00,1.50
2017.03.06 15:56:36.996,0.70079,0.70086,1.00,1.00
2017.03.06 15:56:37.098,0.70079,0.70084,1.00,1.00
2017.03.06 15:56:37.355,0.70077,0.70084,1.00,1.00
2017.03.06 15:56:38.676,0.70078,0.70084,1.00,1.00
2017.03.06 15:56:39.191,0.70077,0.70084,1.00,1.00
2017.03.06 15:56:42.401,0.70077,0.70083,1.00,1.00
2017.03.06 15:56:44.494,0.70077,0.70084,1.00,1.00
2017.03.06 15:56:48.454,0.70077,0.70083,1.00,1.00
2017.03.06 15:56:48.556,0.70075,0.70083,1.00,2.25
2017.03.06 15:56:48.607,0.70075,0.70081,1.00,1.50
2017.03.06 15:56:48.658,0.70073,0.7008,1.00,1.00
2017.03.06 15:56:49.219,0.70073,0.70079,1.00,1.00
2017.03.06 15:56:52.920,0.70072,0.70079,1.00,1.00
2017.03.06 15:56:53.733,0.70071,0.70079,1.00,1.00
2017.03.06 15:56:54.269,0.70072,0.70079,1.00,1.00
2017.03.06 15:56:57.626,0.70068,0.70074,1.50,1.00
2017.03.06 15:56:57.677,0.70068,0.70076,1.50,1.50
2017.03.06 15:56:57.728,0.70068,0.70073,1.00,1.00
2017.03.06 15:56:57.779,0.70067,0.70076,1.50,1.00
2017.03.06 15:56:57.930,0.70068,0.70074,1.00,1.00
2017.03.06 15:56:58.816,0.70067,0.70074,1.00,1.00
2017.03.06 15:56:59.637,0.70066,0.70074,1.00,1.00
2017.03.06 15:56:59.941,0.70066,0.70072,1.00,1.00
2017.03.06 15:57:00.246,0.70064,0.70072,2.25,1.00
2017.03.06 15:57:00.782,0.70065,0.70069,1.00,1.00
2017.03.06 15:57:01.723,0.70065,0.70071,1.00,1.00
2017.03.06 15:57:02.553,0.70065,0.7007,1.00,1.00
2017.03.06 15:57:03.905,0.70065,0.70069,1.00,1.00
2017.03.06 15:57:04.526,0.70063,0.70069,1.00,1.00
2017.03.06 15:57:05.938,0.70061,0.70069,1.00,1.00
2017.03.06 15:57:06.857,0.70062,0.70069,1.00,1.00
2017.03.06 15:57:07.566,0.70064,0.70069,1.00,1.00
2017.03.06 15:57:08.789,0.70065,0.70069,1.00,1.00
2017.03.06 15:57:09.337,0.70066,0.7007,1.00,1.00
2017.03.06 15:57:09.910,0.70065,0.7007,1.00,1.00
2017.03.06 15:57:10.112,0.70065,0.70072,1.00,1.12
2017.03.06 15:57:17.082,0.70065,0.70071,1.00,1.00
2017.03.06 15:57:17.614,0.70064,0.70071,1.00,1.00
2017.03.06 15:57:19.132,0.70062,0.70071,1.50,1.00
2017.03.06 15:57:19.562,0.70061,0.70067,1.00,1.67
2017.03.06 15:57:19.612,0.70059,0.70065,2.25,3.00
2017.03.06 15:57:19.968,0.7006,0.70067,1.00,2.25
2017.03.06 15:57:20.070,0.70058,0.70067,1.50,1.12
2017.03.06 15:57:20.168,0.70058,0.70067,1.50,1.75
2017.03.06 15:57:20.219,0.70055,0.70062,1.50,1.50
2017.03.06 15:57:20.270,0.70053,0.70062,4.12,1.50
2017.03.06 15:57:20.853,0.70052,0.70061,1.50,1.50
2017.03.06 15:57:21.157,0.70054,0.70061,1.00,1.50
2017.03.06 15:57:24.038,0.70055,0.70062,1.00,2.25
2017.03.06 15:57:24.341,0.70061,0.70066,1.00,1.00
2017.03.06 15:57:24.482,0.70062,0.70069,1.50,1.00
2017.03.06 15:57:24.836,0.70064,0.7007,1.00,1.00
2017.03.06 15:57:25.156,0.70064,0.70072,1.00,1.50
2017.03.06 15:57:25.662,0.70065,0.70073,1.00,1.50
2017.03.06 15:57:26.163,0.70066,0.70073,1.00,1.50
2017.03.06 15:57:26.696,0.70064,0.70073,1.50,1.50
2017.03.06 15:57:26.849,0.70062,0.7007,1.50,1.00
2017.03.06 15:57:27.930,0.70063,0.7007,1.00,1.00
2017.03.06 15:57:28.606,0.70065,0.7007,1.00,1.00
2017.03.06 15:57:28.657,0.70065,0.70072,1.00,1.00
2017.03.06 15:57:30.129,0.70064,0.70072,1.00,1.00
2017.03.06 15:57:30.398,0.70062,0.70071,1.00,1.12
2017.03.06 15:57:30.936,0.70063,0.70071,1.00,1.12
2017.03.06 15:57:31.438,0.70062,0.70071,1.00,1.87
2017.03.06 15:57:32.432,0.70062,0.70069,1.00,1.00
2017.03.06 15:57:32.755,0.70064,0.70069,1.00,1.00
2017.03.06 15:57:34.143,0.70063,0.70072,1.00,3.37
2017.03.06 15:57:35.120,0.70064,0.70072,1.00,1.00
2017.03.06 15:57:35.639,0.70064,0.70071,1.00,1.00
2017.03.06 15:57:36.271,0.70065,0.70071,1.00,1.00
2017.03.06 15:57:36.524,0.70063,0.70072,1.00,1.50
2017.03.06 15:57:39.372,0.70062,0.70071,1.15,1.00
2017.03.06 15:57:39.889,0.70062,0.70071,1.00,1.00
2017.03.06 15:57:40.439,0.70061,0.70071,2.81,1.00
2017.03.06 15:57:40.946,0.70062,0.70071,1.00,1.00
2017.03.06 15:57:42.162,0.70063,0.70071,1.00,1.00
2017.03.06 15:57:42.674,0.70062,0.70071,1.50,1.00
2017.03.06 15:57:44.582,0.70062,0.70069,1.00,1.00
2017.03.06 15:57:44.683,0.70062,0.70071,1.50,1.00
2017.03.06 15:57:45.037,0.70067,0.70074,1.00,1.98
2017.03.06 15:57:45.190,0.70068,0.70077,1.50,1.12
2017.03.06 15:57:45.292,0.70068,0.70075,1.00,1.00
2017.03.06 15:57:45.457,0.70066,0.70075,4.50,1.00
2017.03.06 15:57:45.508,0.70068,0.70075,1.00,1.00
2017.03.06 15:57:46.043,0.70068,0.70076,2.62,1.00
2017.03.06 15:57:46.548,0.70069,0.70076,1.00,1.00
2017.03.06 15:57:47.064,0.70069,0.70077,1.00,1.00
2017.03.06 15:57:47.571,0.70068,0.70077,1.87,1.00
2017.03.06 15:57:48.082,0.70069,0.70077,1.00,1.00
2017.03.06 15:57:48.588,0.70068,0.70076,1.12,1.00
2017.03.06 15:57:51.058,0.70069,0.70076,1.00,1.00
2017.03.06 15:57:52.114,0.70067,0.70073,1.87,1.00
2017.03.06 15:57:52.623,0.70067,0.70076,1.00,2.25
2017.03.06 15:57:53.162,0.70067,0.70076,1.00,1.50
2017.03.06 15:57:53.466,0.70069,0.70078,1.00,2.62
2017.03.06 15:57:53.770,0.70071,0.70079,1.50,1.00
2017.03.06 15:57:58.597,0.70071,0.70078,1.00,1.00
2017.03.06 15:57:58.749,0.70069,0.70078,1.50,1.50
2017.03.06 15:57:58.850,0.70069,0.70073,1.50,1.00
2017.03.06 15:57:59.002,0.70066,0.70072,1.50,1.00
2017.03.06 15:57:59.189,0.70064,0.7007,1.00,1.50
2017.03.06 15:57:59.240,0.70062,0.7007,3.00,1.00
2017.03.06 15:58:00.042,0.70063,0.7007,1.00,1.00
2017.03.06 15:58:00.550,0.70062,0.7007,1.00,1.50
2017.03.06 15:58:02.279,0.70063,0.7007,1.00,1.00
2017.03.06 15:58:02.755,0.70065,0.7007,1.00,1.00
2017.03.06 15:58:02.928,0.70063,0.7007,1.00,1.00
2017.03.06 15:58:03.463,0.70064,0.7007,1.00,1.00
2017.03.06 15:58:03.565,0.70062,0.7007,1.00,1.50
2017.03.06 15:58:04.201,0.70063,0.7007,1.00,1.50
2017.03.06 15:58:05.954,0.70062,0.7007,1.00,1.50
2017.03.06 15:58:06.632,0.70063,0.7007,1.00,1.50
2017.03.06 15:58:10.778,0.70062,0.7007,1.00,1.50
2017.03.06 15:58:11.826,0.70062,0.70068,1.00,1.00
2017.03.06 15:58:11.928,0.7006,0.70069,1.00,1.00
2017.03.06 15:58:12.114,0.7006,0.70067,1.00,1.00
2017.03.06 15:58:12.417,0.70062,0.70067,1.00,1.00
2017.03.06 15:58:12.519,0.7006,0.70067,1.00,1.00
2017.03.06 15:58:13.025,0.7006,0.70066,1.00,1.00
2017.03.06 15:58:13.324,0.7006,0.70068,1.00,1.00
2017.03.06 15:58:13.426,0.70062,0.70068,1.00,1.00
2017.03.06 15:58:14.569,0.7006,0.70068,1.00,1.00
2017.03.06 15:58:16.517,0.70061,0.70068,1.00,1.00
2017.03.06 15:58:16.952,0.7006,0.70066,1.00,1.00
2017.03.06 15:58:17.003,0.70058,0.70065,2.25,1.00
2017.03.06 15:58:17.610,0.70058,0.70066,1.00,1.00
2017.03.06 15:58:18.526,0.70058,0.70065,1.00,1.00
2017.03.06 15:58:18.627,0.70055,0.70062,1.00,1.00
2017.03.06 15:58:18.932,0.70053,0.70061,1.00,1.00
2017.03.06 15:58:19.761,0.70053,0.7006,1.00,1.00
2017.03.06 15:58:19.812,0.70053,0.70058,1.00,1.00
2017.03.06 15:58:20.318,0.70052,0.70058,1.00,1.00
2017.03.06 15:58:20.856,0.70051,0.70057,1.00,1.00
2017.03.06 15:58:21.369,0.70051,0.70058,1.00,1.00
2017.03.06 15:58:21.960,0.70053,0.70058,1.00,1.00
2017.03.06 15:58:22.016,0.7005,0.70058,1.00,1.00
2017.03.06 15:58:22.118,0.70052,0.70058,1.00,1.00
2017.03.06 15:58:22.347,0.70049,0.70057,1.00,1.00
2017.03.06 15:58:22.852,0.70048,0.70056,2.25,1.00
2017.03.06 15:58:24.088,0.70048,0.70057,3.00,1.00
2017.03.06 15:58:24.615,0.70049,0.70057,1.00,1.00
2017.03.06 15:58:24.867,0.70051,0.70057,1.00,1.00
2017.03.06 15:58:26.067,0.70052,0.70057,1.00,1.00
2017.03.06 15:58:26.667,0.7005,0.70058,1.00,1.00
2017.03.06 15:58:27.173,0.70049,0.70057,1.00,1.00
2017.03.06 15:58:28.256,0.7005,0.70057,1.00,1.00
2017.03.06 15:58:28.777,0.7005,0.70058,1.00,1.00
2017.03.06 15:58:29.323,0.7005,0.70057,1.00,1.00
2017.03.06 15:58:30.110,0.7005,0.70058,1.00,1.00
2017.03.06 15:58:30.362,0.70052,0.70058,1.00,1.00
2017.03.06 15:58:30.863,0.70051,0.70058,1.00,1.00
2017.03.06 15:58:31.369,0.70052,0.70059,1.00,1.00
2017.03.06 15:58:31.909,0.70051,0.70059,1.00,1.00
2017.03.06 15:58:32.560,0.70052,0.70059,1.00,1.50
2017.03.06 15:58:33.149,0.70052,0.70058,1.00,1.00
2017.03.06 15:58:34.232,0.70052,0.70059,1.00,1.50
2017.03.06 15:58:34.768,0.70053,0.70059,1.00,1.00
2017.03.06 15:58:35.577,0.70053,0.7006,1.00,1.00
2017.03.06 15:58:36.829,0.70054,0.7006,1.00,1.00
2017.03.06 15:58:38.094,0.70052,0.7006,1.00,1.00
2017.03.06 15:58:38.275,0.70054,0.7006,1.00,1.00
2017.03.06 15:58:39.369,0.70054,0.70059,1.00,1.00
2017.03.06 15:58:40.832,0.70053,0.70059,1.00,1.00
2017.03.06 15:58:41.399,0.70054,0.70059,1.00,1.00
2017.03.06 15:58:42.316,0.70054,0.7006,1.00,1.00
2017.03.06 15:58:42.884,0.70053,0.7006,1.00,1.00
2017.03.06 15:58:43.389,0.70054,0.7006,1.00,1.00
2017.03.06 15:58:44.025,0.70053,0.7006,1.00,1.00
2017.03.06 15:58:44.379,0.70055,0.70061,1.00,1.00
2017.03.06 15:58:44.734,0.70056,0.70065,2.25,1.12
2017.03.06 15:58:44.785,0.70058,0.70066,1.00,2.62
2017.03.06 15:58:45.293,0.70059,0.70067,1.50,1.50
2017.03.06 15:58:45.598,0.70062,0.70067,1.00,1.00
2017.03.06 15:58:46.139,0.70061,0.70068,1.00,1.00
2017.03.06 15:58:46.663,0.70062,0.70067,1.00,1.00
2017.03.06 15:58:47.780,0.70061,0.70068,1.00,1.00
2017.03.06 15:58:48.363,0.7006,0.70067,1.00,1.00
2017.03.06 15:58:48.914,0.70061,0.70067,1.00,1.00
2017.03.06 15:58:49.253,0.70059,0.70067,1.00,1.00
2017.03.06 15:58:49.779,0.7006,0.70066,1.00,1.00
2017.03.06 15:58:50.441,0.70061,0.70066,1.00,1.00
2017.03.06 15:58:50.946,0.7006,0.70067,1.00,1.00
2017.03.06 15:58:52.627,0.70059,0.70066,1.50,1.00
2017.03.06 15:58:53.175,0.70055,0.70062,1.00,1.00
2017.03.06 15:58:53.480,0.70055,0.70059,1.00,1.00
2017.03.06 15:58:53.986,0.70054,0.70059,1.00,1.00
2017.03.06 15:58:54.291,0.70051,0.70059,3.75,1.00
2017.03.06 15:58:56.317,0.70051,0.70058,1.00,1.00
2017.03.06 15:58:56.368,0.70049,0.70058,4.12,1.00
2017.03.06 15:58:58.291,0.7005,0.70058,1.00,1.00
2017.03.06 15:58:58.818,0.70049,0.70058,1.50,1.00
2017.03.06 15:58:59.033,0.7005,0.7006,2.25,2.25
2017.03.06 15:58:59.538,0.7005,0.70059,1.00,1.00
2017.03.06 15:58:59.912,0.70048,0.70057,3.00,1.00
2017.03.06 15:59:01.231,0.70049,0.70057,1.00,1.00
2017.03.06 15:59:01.787,0.70049,0.70058,1.00,1.00
2017.03.06 15:59:03.810,0.7005,0.70059,1.00,1.00
2017.03.06 15:59:04.779,0.70051,0.70059,1.00,1.00
2017.03.06 15:59:05.280,0.7005,0.70059,1.50,1.00
2017.03.06 15:59:06.486,0.70051,0.70059,1.00,1.00
2017.03.06 15:59:07.110,0.7005,0.70058,2.25,1.00
2017.03.06 15:59:07.641,0.7005,0.70059,1.50,1.00
2017.03.06 15:59:08.155,0.70051,0.7006,1.50,1.00
2017.03.06 15:59:08.899,0.70052,0.7006,1.00,1.00
2017.03.06 15:59:09.203,0.70054,0.70061,3.00,1.00
2017.03.06 15:59:09.482,0.70054,0.70063,1.50,1.50
2017.03.06 15:59:10.163,0.70054,0.70062,1.00,1.00
2017.03.06 15:59:10.264,0.70055,0.70064,1.00,1.00
2017.03.06 15:59:10.315,0.70057,0.70065,1.00,2.62
2017.03.06 15:59:10.468,0.70058,0.70067,1.50,1.12
2017.03.06 15:59:10.972,0.70059,0.70068,1.00,1.00
2017.03.06 15:59:11.691,0.7006,0.70068,2.25,1.00
2017.03.06 15:59:12.216,0.70059,0.70069,3.75,1.00
2017.03.06 15:59:12.740,0.7006,0.70068,1.00,1.00
2017.03.06 15:59:13.251,0.70059,0.70068,2.25,1.00
2017.03.06 15:59:13.905,0.7006,0.70068,1.00,1.00
2017.03.06 15:59:14.418,0.70061,0.70068,1.00,1.00
2017.03.06 15:59:14.684,0.70063,0.70069,1.00,1.00
2017.03.06 15:59:14.989,0.70061,0.70069,1.00,1.00
2017.03.06 15:59:15.865,0.70062,0.70069,1.00,1.00
2017.03.06 15:59:15.967,0.70059,0.70069,4.50,1.00
2017.03.06 15:59:16.474,0.70059,0.70068,1.50,1.00
2017.03.06 15:59:18.208,0.70059,0.70067,1.00,1.00
2017.03.06 15:59:18.438,0.70057,0.70064,3.37,1.00
2017.03.06 15:59:18.695,0.70054,0.70063,1.50,1.00
2017.03.06 15:59:18.849,0.70056,0.70063,1.00,1.00
2017.03.06 15:59:19.053,0.70056,0.70065,1.50,1.12
2017.03.06 15:59:19.442,0.70056,0.70063,1.50,1.00
2017.03.06 15:59:19.545,0.70054,0.70063,6.00,1.00
2017.03.06 15:59:19.595,0.70056,0.70061,1.00,1.00
2017.03.06 15:59:19.799,0.70051,0.70059,1.00,1.00
2017.03.06 15:59:20.206,0.70049,0.70059,6.00,1.00
2017.03.06 15:59:20.749,0.70051,0.70059,1.00,1.00
2017.03.06 15:59:22.469,0.70052,0.7006,1.00,1.00
2017.03.06 15:59:22.874,0.70052,0.70062,4.50,1.00
2017.03.06 15:59:22.925,0.70054,0.70062,1.00,1.00
2017.03.06 15:59:23.276,0.70052,0.70062,2.62,1.00
2017.03.06 15:59:23.478,0.70053,0.70062,2.62,1.00
2017.03.06 15:59:23.731,0.70055,0.70065,2.25,1.00
2017.03.06 15:59:23.782,0.70058,0.70067,1.00,2.25
2017.03.06 15:59:24.289,0.70058,0.70067,1.00,1.00
2017.03.06 15:59:24.825,0.70057,0.70067,1.50,1.00
2017.03.06 15:59:26.497,0.70056,0.70066,5.25,1.00
2017.03.06 15:59:27.053,0.70057,0.70065,1.00,1.00
2017.03.06 15:59:27.104,0.70055,0.70064,3.00,1.00
2017.03.06 15:59:27.613,0.70054,0.70064,2.25,1.00
2017.03.06 15:59:28.177,0.70055,0.70064,1.00,1.00
2017.03.06 15:59:28.228,0.70055,0.70062,1.50,1.00
2017.03.06 15:59:28.505,0.70053,0.70062,4.12,1.00
2017.03.06 15:59:29.062,0.70054,0.70062,2.25,1.00
2017.03.06 15:59:29.570,0.70053,0.70061,2.25,1.00
2017.03.06 15:59:30.797,0.70052,0.70061,1.00,1.00
2017.03.06 15:59:33.011,0.70052,0.70059,1.00,1.00
2017.03.06 15:59:33.527,0.70051,0.7006,1.00,1.00
2017.03.06 15:59:34.171,0.70051,0.70057,1.00,1.00
2017.03.06 15:59:34.323,0.70049,0.70058,3.00,1.00
2017.03.06 15:59:35.524,0.7005,0.70059,1.00,1.00
2017.03.06 15:59:36.598,0.7005,0.7006,1.65,1.00
2017.03.06 15:59:37.140,0.70051,0.7006,1.00,1.00
2017.03.06 15:59:37.421,0.70056,0.70062,1.00,1.12
2017.03.06 15:59:37.625,0.70057,0.70064,1.00,1.00
2017.03.06 15:59:37.929,0.70057,0.70066,1.12,1.00
2017.03.06 15:59:38.140,0.70057,0.70064,1.87,1.00
2017.03.06 15:59:38.687,0.70058,0.70067,1.00,1.00
2017.03.06 15:59:39.186,0.70058,0.70065,1.00,1.00
2017.03.06 15:59:39.237,0.70056,0.70065,3.75,1.00
2017.03.06 15:59:40.412,0.70057,0.70064,1.00,1.00
2017.03.06 15:59:40.615,0.70056,0.70066,1.50,1.00
2017.03.06 15:59:41.122,0.70058,0.70067,1.50,1.00
2017.03.06 15:59:41.623,0.70058,0.70068,1.87,1.00
2017.03.06 15:59:42.181,0.70059,0.70068,1.00,1.00
2017.03.06 15:59:42.937,0.70057,0.70064,1.50,1.00
2017.03.06 15:59:43.291,0.70057,0.70067,2.62,1.00
2017.03.06 15:59:43.393,0.70059,0.70067,1.00,1.00
2017.03.06 15:59:43.729,0.70058,0.70065,1.50,1.00
2017.03.06 15:59:44.154,0.70056,0.70065,1.12,1.00
2017.03.06 15:59:44.205,0.70054,0.70061,2.55,1.00
2017.03.06 15:59:44.257,0.70054,0.7006,1.05,1.00
2017.03.06 15:59:44.358,0.70051,0.70058,3.37,1.00
2017.03.06 15:59:44.410,0.70051,0.70058,1.00,1.00
2017.03.06 15:59:44.918,0.7005,0.70058,1.87,1.00
2017.03.06 15:59:45.429,0.7005,0.70059,1.50,1.00
2017.03.06 15:59:45.930,0.7005,0.70058,1.50,1.00
2017.03.06 15:59:49.451,0.7005,0.70057,1.06,1.00
2017.03.06 15:59:56.343,0.70048,0.70057,3.04,1.00
2017.03.06 15:59:56.799,0.70047,0.70052,1.50,1.00
2017.03.06 15:59:56.900,0.70045,0.70052,2.25,1.50
2017.03.06 15:59:57.001,0.70042,0.70048,1.87,1.00
2017.03.06 15:59:57.103,0.70039,0.70046,1.50,1.00
2017.03.06 15:59:57.204,0.70037,0.70046,4.50,1.50
2017.03.06 15:59:57.356,0.70039,0.70046,1.00,1.00
2017.03.06 15:59:57.736,0.7004,0.70048,1.00,1.00
2017.03.06 15:59:58.295,0.70039,0.70048,1.00,1.00
2017.03.06 15:59:59.216,0.70038,0.70043,1.50,1.00
2017.03.06 15:59:59.318,0.70036,0.70045,5.25,1.00
2017.03.06 15:59:59.824,0.70038,0.70046,1.50,1.00
