2012.03.13 03:00:00.311,0.82269,0.82285,3.38,1.50
2012.03.13 03:00:00.638,0.82272,0.82288,1.50,2.25
2012.03.13 03:00:00.968,0.82269,0.82287,3.38,2.25
2012.03.13 03:00:02.297,0.82269,0.82284,1.88,1.50
2012.03.13 03:00:02.808,0.8227,0.82286,1.88,1.50
2012.03.13 03:00:04.904,0.82269,0.82282,1.50,3.75
2012.03.13 03:00:05.053,0.82267,0.82282,1.88,3.75
2012.03.13 03:00:06.204,0.82266,0.82282,3.00,3.75
2012.03.13 03:00:07.473,0.82264,0.82281,1.13,1.50
2012.03.13 03:00:08.025,0.82265,0.82282,1.50,2.25
2012.03.13 03:00:13.186,0.82264,0.8228,2.63,1.50
2012.03.13 03:00:13.817,0.82264,0.82282,2.63,3.75
2012.03.13 03:00:15.054,0.82264,0.8228,1.13,1.50
2012.03.13 03:00:18.485,0.82264,0.82281,1.13,1.50
2012.03.13 03:00:19.033,0.82264,0.8228,1.13,1.50
2012.03.13 03:00:22.704,0.82266,0.8228,1.20,1.50
2012.03.13 03:00:22.898,0.82268,0.82283,3.00,1.50
2012.03.13 03:00:39.443,0.82268,0.82286,4.50,2.25
2012.03.13 03:00:39.635,0.82265,0.82283,1.50,2.25
2012.03.13 03:00:39.706,0.82264,0.82279,1.13,1.50
2012.03.13 03:00:40.267,0.82263,0.82279,1.50,2.25
2012.03.13 03:01:09.940,0.82263,0.82281,2.25,2.25
2012.03.13 03:01:10.326,0.82267,0.82281,1.88,1.50
2012.03.13 03:01:10.410,0.82268,0.82283,1.13,1.50
2012.03.13 03:01:10.550,0.82271,0.82286,1.50,2.25
2012.03.13 03:01:10.698,0.82274,0.82287,1.50,3.00
2012.03.13 03:01:11.179,0.82271,0.82287,1.50,3.00
2012.03.13 03:01:39.025,0.82271,0.82287,3.00,2.25
2012.03.13 03:01:42.255,0.82272,0.82287,3.00,2.25
2012.03.13 03:01:49.663,0.82273,0.82287,3.00,2.25
2012.03.13 03:01:49.744,0.82273,0.82287,2.25,2.25
2012.03.13 03:01:49.892,0.82273,0.82287,2.25,2.25
2012.03.13 03:01:50.240,0.82284,0.82295,1.35,1.69
2012.03.13 03:01:50.407,0.82288,0.82303,2.10,2.25
2012.03.13 03:01:50.481,0.82293,0.82309,1.50,2.25
2012.03.13 03:01:50.629,0.82293,0.82309,1.50,2.25
2012.03.13 03:01:50.996,0.82291,0.82309,1.50,2.25
2012.03.13 03:01:51.268,0.8229,0.82306,2.25,1.50
2012.03.13 03:01:52.485,0.82289,0.82307,3.38,1.50
2012.03.13 03:01:53.070,0.82289,0.82307,2.63,1.50
2012.03.13 03:01:53.615,0.82289,0.82306,1.13,1.50
2012.03.13 03:01:55.193,0.82289,0.82306,1.88,1.50
2012.03.13 03:01:58.685,0.82289,0.82306,1.88,1.50
2012.03.13 03:02:04.410,0.82289,0.82304,1.88,1.50
2012.03.13 03:02:04.556,0.82289,0.82306,1.88,1.50
2012.03.13 03:02:13.798,0.82289,0.82306,1.88,1.50
2012.03.13 03:02:17.036,0.82289,0.82304,1.88,1.50
2012.03.13 03:02:18.324,0.82289,0.82306,1.88,1.50
2012.03.13 03:02:27.163,0.82289,0.82304,1.88,1.50
2012.03.13 03:02:27.684,0.82289,0.82306,1.88,1.50
2012.03.13 03:02:28.262,0.82289,0.82304,1.88,1.50
2012.03.13 03:02:29.145,0.82289,0.82307,3.38,1.50
2012.03.13 03:02:29.647,0.82289,0.82307,3.38,1.50
2012.03.13 03:02:30.156,0.8229,0.82308,2.25,1.50
2012.03.13 03:02:30.395,0.8229,0.82306,2.25,1.50
2012.03.13 03:02:31.253,0.82289,0.82306,1.88,1.50
2012.03.13 03:02:31.769,0.82289,0.82306,1.88,1.50
2012.03.13 03:02:33.766,0.82289,0.82304,1.88,1.50
2012.03.13 03:02:42.797,0.82289,0.82306,1.88,1.50
2012.03.13 03:02:46.230,0.82289,0.82306,1.88,1.50
2012.03.13 03:02:54.555,0.82289,0.82306,1.88,1.50
2012.03.13 03:02:56.104,0.82289,0.82304,1.88,1.50
2012.03.13 03:02:56.765,0.82289,0.82302,1.88,1.50
2012.03.13 03:02:57.359,0.82289,0.82303,1.88,1.50
2012.03.13 03:02:58.243,0.82288,0.82303,1.50,1.50
2012.03.13 03:03:10.393,0.82288,0.82304,1.50,1.50
2012.03.13 03:03:17.134,0.82289,0.82305,3.00,1.50
2012.03.13 03:03:17.643,0.82289,0.82306,1.50,1.50
2012.03.13 03:03:17.983,0.82291,0.82307,1.50,1.50
2012.03.13 03:03:22.157,0.8229,0.82306,2.25,1.50
2012.03.13 03:03:23.651,0.82289,0.82305,1.50,1.50
2012.03.13 03:03:24.339,0.82289,0.82306,1.50,1.50
2012.03.13 03:03:29.633,0.82289,0.82305,1.50,1.50
2012.03.13 03:03:31.116,0.82289,0.82305,1.50,1.50
2012.03.13 03:03:32.512,0.82289,0.82306,1.50,1.50
2012.03.13 03:03:36.398,0.82289,0.82304,1.50,1.50
2012.03.13 03:03:36.769,0.82289,0.82306,1.50,1.50
2012.03.13 03:03:38.588,0.82289,0.82306,1.50,1.50
2012.03.13 03:03:41.775,0.82288,0.82306,2.25,1.50
2012.03.13 03:03:42.352,0.82289,0.82306,1.50,1.50
2012.03.13 03:03:55.774,0.8229,0.82308,2.25,1.50
2012.03.13 03:03:57.645,0.8229,0.82306,2.25,1.50
2012.03.13 03:03:58.713,0.82289,0.82304,1.50,1.50
2012.03.13 03:03:59.252,0.82289,0.82302,1.50,1.50
2012.03.13 03:04:02.415,0.82289,0.82303,1.50,1.50
2012.03.13 03:04:03.567,0.8229,0.82306,2.25,1.50
2012.03.13 03:04:04.103,0.82289,0.82307,3.00,2.25
2012.03.13 03:04:04.708,0.82291,0.82307,1.50,1.50
2012.03.13 03:04:06.019,0.8229,0.82307,1.50,1.50
2012.03.13 03:04:29.498,0.8229,0.82307,1.50,2.25
2012.03.13 03:04:29.746,0.82288,0.82301,1.50,1.50
2012.03.13 03:04:29.885,0.82287,0.82301,1.50,1.50
2012.03.13 03:04:30.089,0.82287,0.82298,1.50,1.50
2012.03.13 03:04:30.228,0.82287,0.82302,1.50,1.50
2012.03.13 03:04:30.430,0.82287,0.82304,1.50,1.50
2012.03.13 03:04:30.697,0.82287,0.82304,1.50,1.50
2012.03.13 03:04:31.112,0.82287,0.82302,1.50,1.50
2012.03.13 03:04:31.490,0.82286,0.82302,3.00,1.50
2012.03.13 03:04:33.504,0.82286,0.823,1.50,1.50
2012.03.13 03:04:34.634,0.82286,0.82298,1.50,1.50
2012.03.13 03:04:35.183,0.82286,0.82297,1.50,1.50
2012.03.13 03:04:36.611,0.82286,0.82299,1.50,1.50
2012.03.13 03:04:38.215,0.82286,0.82301,1.50,1.50
2012.03.13 03:04:38.648,0.82286,0.82299,1.50,1.50
2012.03.13 03:04:38.996,0.82285,0.82295,1.50,1.50
2012.03.13 03:04:39.985,0.82282,0.82295,1.50,1.50
2012.03.13 03:04:42.580,0.82282,0.82297,1.50,1.50
2012.03.13 03:04:43.330,0.82282,0.82296,1.50,1.50
2012.03.13 03:04:43.939,0.82282,0.82297,1.50,1.50
2012.03.13 03:04:45.638,0.82282,0.82298,3.00,1.50
2012.03.13 03:04:46.720,0.82282,0.82299,1.50,1.50
2012.03.13 03:04:47.750,0.82282,0.82297,1.50,1.50
2012.03.13 03:04:48.438,0.82282,0.82298,3.00,1.50
2012.03.13 03:04:50.377,0.82282,0.82298,2.25,2.25
2012.03.13 03:04:50.687,0.82278,0.82295,1.20,1.50
2012.03.13 03:04:51.235,0.82279,0.82295,1.95,1.50
2012.03.13 03:04:51.765,0.82278,0.82294,2.70,1.50
2012.03.13 03:04:55.762,0.82278,0.82294,2.70,1.50
2012.03.13 03:04:56.735,0.82278,0.82296,2.70,1.50
2012.03.13 03:04:57.253,0.82278,0.82295,1.20,1.50
2012.03.13 03:04:58.169,0.82278,0.82295,1.20,1.50
2012.03.13 03:04:58.701,0.82278,0.82296,2.70,1.50
2012.03.13 03:04:59.224,0.82278,0.82296,3.12,1.50
2012.03.13 03:05:00.263,0.82278,0.82296,2.70,1.50
2012.03.13 03:05:15.057,0.82278,0.82295,1.99,1.50
2012.03.13 03:05:18.312,0.82278,0.82295,1.99,1.50
2012.03.13 03:05:18.885,0.82278,0.82295,1.99,1.50
2012.03.13 03:05:20.390,0.82278,0.82296,3.49,1.50
2012.03.13 03:05:23.775,0.82278,0.82296,3.49,1.50
2012.03.13 03:05:24.405,0.82278,0.82296,3.49,1.50
2012.03.13 03:05:26.475,0.82278,0.82296,3.49,1.50
2012.03.13 03:05:27.946,0.82278,0.82294,2.70,1.50
2012.03.13 03:05:28.500,0.82278,0.82294,1.95,1.50
2012.03.13 03:05:29.020,0.82278,0.82294,1.95,1.50
2012.03.13 03:05:29.224,0.82278,0.82296,1.95,2.25
2012.03.13 03:05:30.396,0.82278,0.82294,1.95,1.50
2012.03.13 03:05:33.663,0.82278,0.82294,1.95,1.50
2012.03.13 03:05:39.258,0.82277,0.82293,1.95,1.50
2012.03.13 03:05:42.972,0.82277,0.82293,1.95,1.50
2012.03.13 03:05:45.573,0.82277,0.82293,1.95,1.50
2012.03.13 03:05:48.234,0.82277,0.82293,1.95,1.50
2012.03.13 03:05:50.194,0.82277,0.82293,1.95,1.50
2012.03.13 03:05:58.308,0.82277,0.82293,1.95,1.50
2012.03.13 03:06:00.964,0.82277,0.82293,1.50,1.50
2012.03.13 03:06:13.805,0.82272,0.82292,1.50,1.50
2012.03.13 03:06:14.309,0.82272,0.82293,1.50,1.50
2012.03.13 03:06:17.986,0.82272,0.82291,1.50,1.50
2012.03.13 03:06:19.104,0.82273,0.82292,1.50,1.50
2012.03.13 03:06:29.684,0.82272,0.82291,2.25,1.50
2012.03.13 03:06:30.027,0.82278,0.82296,1.50,2.25
2012.03.13 03:06:30.576,0.82277,0.82295,1.50,2.25
2012.03.13 03:06:41.327,0.82279,0.82295,1.50,2.25
2012.03.13 03:06:49.006,0.82278,0.82294,1.50,1.50
2012.03.13 03:06:53.066,0.82278,0.82296,1.50,2.25
2012.03.13 03:06:53.810,0.82277,0.82295,1.50,2.25
2012.03.13 03:06:58.580,0.82278,0.82296,1.50,2.25
2012.03.13 03:06:59.136,0.82278,0.82294,1.50,1.50
2012.03.13 03:06:59.643,0.82279,0.82295,1.50,2.25
2012.03.13 03:07:02.028,0.82278,0.82294,1.50,1.50
2012.03.13 03:07:05.324,0.82279,0.82297,1.50,2.63
2012.03.13 03:07:08.183,0.82279,0.82297,1.50,2.63
2012.03.13 03:07:10.835,0.82279,0.82297,2.25,1.50
2012.03.13 03:07:15.923,0.8228,0.82298,2.25,3.38
2012.03.13 03:07:17.892,0.8228,0.82298,2.25,3.38
2012.03.13 03:07:24.135,0.82281,0.82298,1.50,1.88
2012.03.13 03:07:26.449,0.82282,0.82298,1.50,3.38
2012.03.13 03:07:27.144,0.8228,0.82298,2.25,3.38
2012.03.13 03:07:29.595,0.82282,0.82298,1.50,3.38
2012.03.13 03:07:30.842,0.8228,0.82298,2.25,3.38
2012.03.13 03:07:31.698,0.82282,0.82298,1.50,3.38
2012.03.13 03:07:35.068,0.82281,0.82297,1.50,1.88
2012.03.13 03:07:37.483,0.82282,0.82298,1.50,3.38
2012.03.13 03:07:38.684,0.8228,0.82298,2.25,3.38
2012.03.13 03:07:39.798,0.8228,0.82298,2.25,3.38
2012.03.13 03:07:39.866,0.8228,0.82296,2.25,1.50
2012.03.13 03:07:40.920,0.82278,0.82296,2.25,1.50
2012.03.13 03:07:41.318,0.82277,0.82292,1.50,1.50
2012.03.13 03:07:41.798,0.82276,0.82288,1.13,1.50
2012.03.13 03:07:41.866,0.82272,0.82288,1.88,1.50
2012.03.13 03:07:41.938,0.82272,0.82286,1.13,1.50
2012.03.13 03:07:42.127,0.82271,0.82284,1.50,1.50
2012.03.13 03:07:42.817,0.82269,0.82285,2.63,1.50
2012.03.13 03:07:44.436,0.82269,0.82287,2.63,1.50
2012.03.13 03:07:45.061,0.82269,0.82286,1.13,1.50
2012.03.13 03:07:45.497,0.82268,0.82286,2.25,1.50
2012.03.13 03:07:45.627,0.82266,0.82283,1.50,1.50
2012.03.13 03:07:45.948,0.82263,0.82279,2.44,1.50
2012.03.13 03:07:46.471,0.82264,0.8228,2.44,1.50
2012.03.13 03:07:47.438,0.82263,0.82279,2.25,1.50
2012.03.13 03:07:47.654,0.82263,0.82281,2.25,1.50
2012.03.13 03:07:48.205,0.82263,0.82279,2.25,1.50
2012.03.13 03:07:49.293,0.82264,0.8228,2.25,1.50
2012.03.13 03:07:51.727,0.82263,0.82281,2.25,1.50
2012.03.13 03:07:52.129,0.82262,0.82278,2.25,1.50
2012.03.13 03:07:55.347,0.82263,0.82281,2.25,1.50
2012.03.13 03:07:55.928,0.82263,0.82279,2.25,1.50
2012.03.13 03:07:56.441,0.82264,0.8228,2.25,1.50
2012.03.13 03:08:01.747,0.82264,0.82282,2.25,2.25
2012.03.13 03:08:02.226,0.82264,0.8228,2.25,1.50
2012.03.13 03:08:03.997,0.82263,0.82279,2.25,1.50
2012.03.13 03:08:04.496,0.82264,0.8228,2.25,1.50
2012.03.13 03:08:16.686,0.82266,0.82282,1.50,2.25
2012.03.13 03:08:32.635,0.82263,0.82279,2.25,1.50
2012.03.13 03:08:33.308,0.82264,0.8228,2.25,1.50
2012.03.13 03:08:33.673,0.82264,0.82282,2.25,2.25
2012.03.13 03:08:43.561,0.82263,0.82281,2.25,1.50
2012.03.13 03:08:44.173,0.82264,0.82282,2.25,2.25
2012.03.13 03:08:44.850,0.82263,0.82281,2.25,1.50
2012.03.13 03:08:48.124,0.82264,0.82282,2.25,2.25
2012.03.13 03:08:58.100,0.82264,0.8228,2.25,1.50
2012.03.13 03:08:58.172,0.82262,0.82278,2.25,1.50
2012.03.13 03:08:59.006,0.82263,0.82281,1.50,1.50
2012.03.13 03:08:59.564,0.82262,0.8228,2.25,1.50
2012.03.13 03:09:05.683,0.82261,0.82278,3.75,1.50
2012.03.13 03:09:08.602,0.82261,0.82279,5.25,1.50
2012.03.13 03:09:08.993,0.82264,0.8228,1.50,1.50
2012.03.13 03:09:09.437,0.82262,0.82278,2.25,1.50
2012.03.13 03:09:13.484,0.82265,0.82283,1.50,1.50
2012.03.13 03:09:13.557,0.82262,0.8228,2.25,1.50
2012.03.13 03:09:13.931,0.82266,0.82284,1.50,2.25
2012.03.13 03:09:14.153,0.82266,0.82282,1.50,1.50
2012.03.13 03:09:14.692,0.82266,0.82284,1.50,2.25
2012.03.13 03:09:54.975,0.82264,0.8228,3.38,1.50
2012.03.13 03:09:55.743,0.82265,0.82281,2.25,1.50
2012.03.13 03:10:20.326,0.82266,0.82284,2.25,2.25
2012.03.13 03:10:24.094,0.82266,0.82282,2.25,1.50
2012.03.13 03:10:46.426,0.82264,0.8228,2.25,1.50
2012.03.13 03:10:46.953,0.82265,0.82281,1.50,1.50
2012.03.13 03:10:51.023,0.82267,0.82283,1.50,1.50
2012.03.13 03:10:51.572,0.82265,0.82283,1.50,1.50
2012.03.13 03:11:00.423,0.82263,0.82281,2.25,1.50
2012.03.13 03:11:02.584,0.82265,0.82281,1.50,1.50
2012.03.13 03:11:09.795,0.82263,0.82281,2.25,1.50
2012.03.13 03:11:10.339,0.82264,0.82282,2.25,1.50
2012.03.13 03:11:11.034,0.82264,0.8228,2.25,1.50
2012.03.13 03:11:12.375,0.82263,0.82281,2.25,1.50
2012.03.13 03:11:13.627,0.82264,0.82282,2.25,2.25
2012.03.13 03:11:13.943,0.82264,0.8228,2.25,1.50
2012.03.13 03:11:14.484,0.82263,0.82279,2.25,1.50
2012.03.13 03:11:16.053,0.82263,0.82281,2.25,1.50
2012.03.13 03:11:16.904,0.82262,0.8228,3.00,1.50
2012.03.13 03:11:18.844,0.82263,0.82281,2.25,1.50
2012.03.13 03:11:19.384,0.82265,0.82281,2.25,1.50
2012.03.13 03:11:19.912,0.82264,0.8228,3.00,1.50
2012.03.13 03:11:23.387,0.82265,0.82283,2.25,1.50
2012.03.13 03:11:33.233,0.82264,0.8228,3.00,1.50
2012.03.13 03:11:40.015,0.82264,0.82282,2.25,1.50
2012.03.13 03:11:40.575,0.82263,0.82281,3.00,1.50
2012.03.13 03:11:41.098,0.82264,0.8228,2.25,1.50
2012.03.13 03:11:41.657,0.82263,0.82279,3.00,1.50
2012.03.13 03:11:43.374,0.82264,0.8228,2.25,1.50
2012.03.13 03:11:46.898,0.82263,0.82279,3.00,1.50
2012.03.13 03:11:47.041,0.82263,0.82277,1.50,1.50
2012.03.13 03:11:47.473,0.82262,0.82275,1.50,1.50
2012.03.13 03:11:48.189,0.82262,0.82276,1.50,1.50
2012.03.13 03:11:53.993,0.82262,0.82279,1.50,1.50
2012.03.13 03:11:56.086,0.82262,0.82275,1.50,1.50
2012.03.13 03:11:56.654,0.8226,0.82276,3.00,1.50
2012.03.13 03:11:59.119,0.82261,0.82278,2.25,2.25
2012.03.13 03:12:09.615,0.82262,0.82277,1.50,1.50
2012.03.13 03:12:16.591,0.82263,0.82278,2.25,2.25
2012.03.13 03:12:17.791,0.82264,0.82278,1.50,2.25
2012.03.13 03:12:18.294,0.82262,0.82278,2.25,2.25
2012.03.13 03:12:19.553,0.82264,0.82278,1.50,2.25
2012.03.13 03:12:20.067,0.82263,0.82278,1.50,2.25
2012.03.13 03:12:21.528,0.82261,0.82277,3.00,1.50
2012.03.13 03:12:22.747,0.82262,0.82278,2.25,3.75
2012.03.13 03:12:36.554,0.8226,0.82278,2.25,3.75
2012.03.13 03:12:40.582,0.82259,0.82276,1.50,1.50
2012.03.13 03:12:41.103,0.82259,0.82277,3.00,1.50
2012.03.13 03:12:50.096,0.82259,0.82275,2.25,1.50
2012.03.13 03:12:50.636,0.8226,0.82276,2.44,1.50
2012.03.13 03:12:50.959,0.8226,0.82276,2.44,1.50
2012.03.13 03:12:51.116,0.82261,0.82278,2.44,2.25
2012.03.13 03:13:01.067,0.82264,0.82278,1.50,3.00
2012.03.13 03:13:01.607,0.82262,0.82278,3.75,3.00
2012.03.13 03:13:09.526,0.82263,0.82278,3.38,2.25
2012.03.13 03:13:10.248,0.82265,0.82278,1.50,2.25
2012.03.13 03:13:10.943,0.82263,0.82278,3.38,2.25
2012.03.13 03:13:11.158,0.82266,0.82278,1.50,2.25
2012.03.13 03:13:12.855,0.82264,0.82278,1.13,2.25
2012.03.13 03:13:14.891,0.82265,0.82278,1.50,2.25
2012.03.13 03:13:20.209,0.82264,0.82278,1.13,2.25
2012.03.13 03:13:23.220,0.82264,0.82278,1.13,2.25
2012.03.13 03:13:28.086,0.82264,0.82277,1.13,1.50
2012.03.13 03:13:31.486,0.82264,0.82278,1.13,3.75
2012.03.13 03:13:35.468,0.82264,0.82278,1.88,1.50
2012.03.13 03:13:36.200,0.82265,0.82279,1.50,2.25
2012.03.13 03:13:36.764,0.82267,0.82279,1.50,2.25
2012.03.13 03:13:38.103,0.82266,0.82279,2.25,2.25
2012.03.13 03:13:49.196,0.82265,0.82274,1.13,2.25
2012.03.13 03:13:49.700,0.82257,0.82264,1.50,2.25
2012.03.13 03:13:52.336,0.82257,0.82265,1.50,2.25
2012.03.13 03:13:53.195,0.82252,0.82265,2.25,2.25
2012.03.13 03:13:53.495,0.8225,0.82265,1.50,2.25
2012.03.13 03:14:03.365,0.82251,0.82266,1.88,3.75
2012.03.13 03:14:04.677,0.82251,0.82265,1.88,1.50
2012.03.13 03:14:10.839,0.82251,0.82264,1.13,1.50
2012.03.13 03:14:11.349,0.82251,0.82265,1.13,1.50
2012.03.13 03:14:11.869,0.82251,0.82268,3.57,1.50
2012.03.13 03:14:12.416,0.82252,0.82267,2.07,1.50
2012.03.13 03:14:20.325,0.82252,0.82267,2.07,1.50
2012.03.13 03:14:20.467,0.82253,0.82269,2.25,2.25
2012.03.13 03:14:22.956,0.82253,0.82269,3.00,2.25
2012.03.13 03:14:23.510,0.82256,0.82274,2.44,4.50
2012.03.13 03:14:25.745,0.82257,0.82273,1.69,1.50
2012.03.13 03:14:32.570,0.82258,0.82273,1.13,1.50
2012.03.13 03:14:32.645,0.82261,0.82279,2.07,2.25
2012.03.13 03:14:33.231,0.82261,0.82278,1.32,1.50
2012.03.13 03:14:35.718,0.82263,0.82278,1.50,1.50
2012.03.13 03:14:35.977,0.82265,0.82282,3.57,1.50
2012.03.13 03:14:36.486,0.82265,0.82281,3.57,1.50
2012.03.13 03:14:37.458,0.82265,0.82282,3.57,1.50
2012.03.13 03:14:37.660,0.82265,0.8228,3.57,1.50
2012.03.13 03:14:39.274,0.82265,0.82282,3.57,1.50
2012.03.13 03:14:39.345,0.82267,0.82282,1.50,1.50
2012.03.13 03:14:39.669,0.8227,0.82286,2.82,1.50
2012.03.13 03:14:40.196,0.82271,0.82285,1.32,1.50
2012.03.13 03:14:40.760,0.82271,0.82284,1.32,1.50
2012.03.13 03:14:41.854,0.82271,0.82286,1.32,1.50
2012.03.13 03:14:42.675,0.8227,0.82286,3.57,1.50
2012.03.13 03:14:42.808,0.8227,0.82281,3.38,1.50
2012.03.13 03:14:43.008,0.82266,0.82281,4.32,1.50
2012.03.13 03:14:44.770,0.82269,0.82285,1.50,4.50
2012.03.13 03:14:46.845,0.82271,0.82285,1.50,3.00
2012.03.13 03:14:46.917,0.82269,0.82285,1.50,3.00
2012.03.13 03:14:51.319,0.8227,0.82285,1.50,3.00
2012.03.13 03:14:52.807,0.8227,0.82285,1.50,2.25
2012.03.13 03:14:53.187,0.8227,0.82288,4.69,1.50
2012.03.13 03:14:53.257,0.82274,0.8229,1.50,3.00
2012.03.13 03:14:53.772,0.82272,0.8229,2.25,2.25
2012.03.13 03:14:58.992,0.82272,0.82286,2.25,2.25
2012.03.13 03:14:59.325,0.82268,0.82283,1.13,1.50
2012.03.13 03:15:07.175,0.8227,0.82286,1.88,4.50
2012.03.13 03:15:07.941,0.82269,0.82285,1.88,1.50
2012.03.13 03:15:08.820,0.82269,0.82286,1.88,3.00
2012.03.13 03:15:11.244,0.82269,0.82285,1.88,1.50
2012.03.13 03:15:16.425,0.82269,0.82287,1.88,5.25
2012.03.13 03:15:16.941,0.82271,0.82287,1.13,3.75
2012.03.13 03:15:18.545,0.8227,0.82286,1.88,1.50
2012.03.13 03:15:20.477,0.82272,0.82287,1.13,3.75
2012.03.13 03:15:23.574,0.82274,0.82287,1.50,3.00
2012.03.13 03:15:23.765,0.82272,0.82287,2.44,3.00
2012.03.13 03:15:23.838,0.82272,0.82289,5.44,1.39
2012.03.13 03:15:23.975,0.82276,0.82292,1.50,3.00
2012.03.13 03:15:24.121,0.8228,0.82298,1.50,3.00
2012.03.13 03:15:24.197,0.82282,0.82298,1.50,2.25
2012.03.13 03:15:24.386,0.82282,0.82298,1.50,2.25
2012.03.13 03:15:24.531,0.82285,0.823,1.50,3.00
2012.03.13 03:15:24.903,0.82287,0.82302,1.50,1.50
2012.03.13 03:15:25.176,0.82283,0.82299,1.50,1.50
2012.03.13 03:15:26.206,0.82284,0.823,1.50,1.50
2012.03.13 03:15:28.266,0.82282,0.823,2.25,1.50
2012.03.13 03:15:28.465,0.82282,0.82299,1.50,1.13
2012.03.13 03:15:30.535,0.82284,0.82299,1.50,1.13
2012.03.13 03:15:32.026,0.82279,0.82297,2.25,1.50
2012.03.13 03:15:32.169,0.82279,0.82296,1.50,1.88
2012.03.13 03:15:32.803,0.82279,0.82295,1.50,1.13
2012.03.13 03:15:33.162,0.82282,0.82295,1.50,1.13
2012.03.13 03:15:33.383,0.8228,0.82295,1.50,1.13
2012.03.13 03:15:39.664,0.8228,0.82298,1.50,3.00
2012.03.13 03:15:40.452,0.82283,0.82298,1.50,1.50
2012.03.13 03:15:51.166,0.82281,0.82297,1.50,3.75
2012.03.13 03:15:51.684,0.8228,0.82297,1.50,4.13
2012.03.13 03:15:53.132,0.82283,0.82297,1.50,4.13
2012.03.13 03:15:55.694,0.82283,0.82297,1.50,4.13
2012.03.13 03:15:56.214,0.82284,0.82297,1.50,4.13
2012.03.13 03:16:17.234,0.82283,0.82297,1.50,4.13
2012.03.13 03:16:23.323,0.82285,0.82297,1.50,2.25
2012.03.13 03:16:29.290,0.82285,0.82299,1.50,1.50
2012.03.13 03:16:29.426,0.82288,0.823,1.50,3.75
2012.03.13 03:16:29.936,0.82288,0.823,1.50,3.00
2012.03.13 03:16:30.662,0.82287,0.823,1.50,2.25
2012.03.13 03:16:31.006,0.82289,0.823,1.50,2.25
2012.03.13 03:16:32.445,0.82291,0.823,1.50,2.25
2012.03.13 03:16:33.079,0.8229,0.823,1.50,2.25
2012.03.13 03:16:33.604,0.82291,0.823,1.50,2.25
2012.03.13 03:16:34.194,0.82288,0.823,1.50,2.25
2012.03.13 03:16:36.746,0.82289,0.823,1.50,2.25
2012.03.13 03:16:39.564,0.82287,0.823,1.50,2.25
2012.03.13 03:16:41.148,0.82289,0.823,1.50,2.25
2012.03.13 03:16:45.492,0.82288,0.823,1.50,2.25
2012.03.13 03:16:46.407,0.82289,0.823,1.50,2.25
2012.03.13 03:16:46.476,0.82285,0.823,1.50,2.25
2012.03.13 03:16:46.725,0.82287,0.823,1.50,2.25
2012.03.13 03:16:53.394,0.82289,0.823,1.50,2.25
2012.03.13 03:16:54.487,0.82286,0.823,1.50,2.25
2012.03.13 03:16:55.820,0.82285,0.823,1.50,3.00
2012.03.13 03:16:56.386,0.82285,0.823,1.50,3.38
2012.03.13 03:16:56.520,0.82285,0.82298,1.50,1.39
2012.03.13 03:16:56.589,0.82282,0.82296,1.50,3.00
2012.03.13 03:16:56.718,0.8228,0.82295,1.50,1.50
2012.03.13 03:16:58.429,0.82279,0.82295,1.50,1.88
2012.03.13 03:16:59.127,0.82279,0.82293,1.50,1.50
2012.03.13 03:16:59.619,0.82273,0.82287,1.50,1.50
2012.03.13 03:16:59.695,0.82268,0.82285,1.69,1.88
2012.03.13 03:17:00.006,0.82272,0.82285,1.50,1.88
2012.03.13 03:17:00.796,0.82272,0.82285,1.50,1.50
2012.03.13 03:17:02.434,0.82272,0.82288,1.50,5.14
2012.03.13 03:17:03.126,0.82273,0.82288,1.50,3.64
2012.03.13 03:17:03.529,0.82276,0.82289,1.50,1.50
2012.03.13 03:17:03.597,0.82276,0.82289,1.50,1.50
2012.03.13 03:17:03.669,0.82279,0.82292,1.50,3.00
2012.03.13 03:17:03.796,0.82279,0.82292,1.50,3.00
2012.03.13 03:17:05.327,0.82278,0.82292,1.50,3.00
2012.03.13 03:17:12.665,0.82276,0.82292,1.50,4.50
2012.03.13 03:17:13.017,0.82275,0.82291,2.25,1.95
2012.03.13 03:17:13.575,0.82276,0.82289,1.50,1.02
2012.03.13 03:17:15.756,0.82276,0.82292,1.50,4.50
2012.03.13 03:17:16.359,0.82277,0.82292,1.50,3.00
2012.03.13 03:17:17.414,0.82277,0.82292,1.50,3.00
2012.03.13 03:17:17.816,0.82279,0.82292,1.50,3.00
2012.03.13 03:17:17.997,0.82277,0.82292,1.50,3.00
2012.03.13 03:17:29.639,0.82278,0.82292,1.50,3.00
2012.03.13 03:17:30.318,0.82279,0.82292,1.50,3.00
2012.03.13 03:17:41.584,0.8228,0.82292,1.50,3.00
2012.03.13 03:17:42.574,0.82279,0.82292,1.50,3.00
2012.03.13 03:17:46.138,0.82278,0.82292,1.50,3.00
2012.03.13 03:17:49.096,0.82281,0.82294,1.50,1.50
2012.03.13 03:17:49.287,0.82281,0.82294,1.50,1.50
2012.03.13 03:17:49.579,0.82279,0.82294,1.50,1.50
2012.03.13 03:17:50.299,0.82281,0.82295,1.50,1.50
2012.03.13 03:17:50.698,0.82279,0.82295,1.50,1.50
2012.03.13 03:17:50.788,0.82282,0.82297,3.57,1.50
2012.03.13 03:17:51.111,0.82288,0.82302,1.50,1.50
2012.03.13 03:17:58.728,0.82285,0.82302,1.50,1.50
2012.03.13 03:18:11.816,0.82283,0.82299,2.25,1.50
2012.03.13 03:18:16.879,0.82282,0.82298,2.63,1.50
2012.03.13 03:18:21.686,0.82283,0.82301,1.50,2.25
2012.03.13 03:18:25.625,0.82283,0.82299,1.50,1.50
2012.03.13 03:18:26.065,0.82283,0.82301,1.50,2.25
2012.03.13 03:18:27.314,0.82282,0.823,4.13,1.50
2012.03.13 03:18:27.925,0.82284,0.823,1.50,1.50
2012.03.13 03:18:30.866,0.82287,0.82302,1.50,1.50
2012.03.13 03:18:35.817,0.82284,0.82302,1.50,3.00
2012.03.13 03:18:44.359,0.82286,0.82302,1.50,3.00
2012.03.13 03:18:46.907,0.82287,0.82302,1.50,1.50
2012.03.13 03:18:47.099,0.82285,0.82302,1.50,1.50
2012.03.13 03:18:47.700,0.82283,0.82299,2.25,2.25
2012.03.13 03:18:48.065,0.82284,0.823,1.50,1.50
2012.03.13 03:19:05.254,0.82286,0.82302,1.50,2.25
2012.03.13 03:19:08.517,0.82285,0.82301,1.50,2.25
2012.03.13 03:19:22.022,0.82284,0.82302,1.50,2.25
2012.03.13 03:19:30.888,0.82284,0.82302,1.50,1.50
2012.03.13 03:19:37.122,0.82286,0.82302,1.50,1.50
2012.03.13 03:19:38.754,0.82284,0.82302,1.50,2.25
2012.03.13 03:19:38.994,0.82284,0.82302,1.50,1.50
2012.03.13 03:19:39.192,0.82286,0.82302,1.50,1.50
2012.03.13 03:19:39.958,0.82285,0.82301,1.50,2.25
2012.03.13 03:19:40.566,0.82282,0.823,4.50,2.25
2012.03.13 03:19:41.526,0.82282,0.823,5.25,3.00
2012.03.13 03:19:42.605,0.82282,0.82297,2.25,2.25
2012.03.13 03:19:46.649,0.82282,0.82297,2.25,1.50
2012.03.13 03:19:47.249,0.82282,0.82298,2.25,2.25
2012.03.13 03:19:58.751,0.82283,0.823,1.50,1.50
2012.03.13 03:20:02.965,0.82283,0.823,1.88,1.50
2012.03.13 03:20:07.225,0.82282,0.823,4.88,3.00
2012.03.13 03:20:07.744,0.82282,0.823,4.88,3.00
2012.03.13 03:20:20.957,0.8228,0.82296,3.38,2.25
2012.03.13 03:20:21.533,0.8228,0.82296,1.88,2.25
2012.03.13 03:20:26.135,0.82282,0.82297,1.50,1.50
2012.03.13 03:20:26.291,0.82282,0.82298,1.50,3.19
2012.03.13 03:20:26.629,0.82283,0.82296,1.50,1.50
2012.03.13 03:20:26.822,0.8228,0.82296,1.88,1.50
2012.03.13 03:20:28.229,0.82281,0.82296,1.13,1.50
2012.03.13 03:20:28.549,0.82286,0.823,1.50,1.50
2012.03.13 03:20:29.097,0.82285,0.823,1.88,1.50
2012.03.13 03:20:29.239,0.82285,0.82303,3.00,5.25
2012.03.13 03:20:29.379,0.82291,0.82305,1.50,1.50
2012.03.13 03:20:29.889,0.82289,0.82306,2.63,1.50
2012.03.13 03:20:39.370,0.82288,0.82306,1.88,2.25
2012.03.13 03:20:40.151,0.82291,0.82308,1.50,1.50
2012.03.13 03:20:45.089,0.82289,0.82307,1.88,2.25
2012.03.13 03:20:45.511,0.82289,0.82305,1.88,1.50
2012.03.13 03:20:49.525,0.82291,0.82305,1.50,1.50
2012.03.13 03:20:50.302,0.82291,0.82307,1.50,2.25
2012.03.13 03:20:58.635,0.82291,0.82307,1.50,2.25
2012.03.13 03:20:58.825,0.82293,0.82308,1.50,1.50
2012.03.13 03:20:59.156,0.82293,0.82308,1.88,1.50
2012.03.13 03:21:02.364,0.82293,0.82308,1.88,1.50
2012.03.13 03:21:09.522,0.82295,0.82312,1.88,2.44
2012.03.13 03:21:10.018,0.82299,0.82312,1.50,1.50
2012.03.13 03:21:10.337,0.82301,0.82315,1.50,1.50
2012.03.13 03:21:10.876,0.82302,0.82315,1.50,1.50
2012.03.13 03:21:11.394,0.82301,0.82315,1.50,1.50
2012.03.13 03:21:13.397,0.82301,0.82313,1.50,1.50
2012.03.13 03:21:13.718,0.82295,0.82307,1.50,2.25
2012.03.13 03:21:13.789,0.82292,0.82307,2.25,2.25
2012.03.13 03:21:15.906,0.823,0.8231,1.50,2.44
2012.03.13 03:21:16.048,0.82301,0.82314,1.50,1.50
2012.03.13 03:21:16.466,0.823,0.82316,1.88,1.50
2012.03.13 03:21:16.836,0.82304,0.82318,1.88,1.50
2012.03.13 03:21:19.738,0.82304,0.82318,1.50,1.50
2012.03.13 03:21:19.807,0.82301,0.82317,1.50,2.25
2012.03.13 03:21:20.367,0.823,0.82316,1.88,2.25
2012.03.13 03:21:25.236,0.823,0.82318,1.88,2.25
2012.03.13 03:21:25.665,0.823,0.82318,1.88,3.00
2012.03.13 03:21:25.810,0.82303,0.82318,1.50,1.50
2012.03.13 03:21:26.082,0.82306,0.82319,1.50,1.50
2012.03.13 03:21:26.671,0.82304,0.82319,1.50,1.50
2012.03.13 03:21:27.205,0.82303,0.82319,1.50,3.00
2012.03.13 03:21:46.235,0.82303,0.82319,1.50,2.25
2012.03.13 03:21:46.714,0.82306,0.82322,1.50,1.50
2012.03.13 03:21:47.106,0.82306,0.82322,1.50,1.50
2012.03.13 03:22:01.720,0.82307,0.82321,1.50,1.50
2012.03.13 03:22:02.236,0.82306,0.82323,1.50,4.69
2012.03.13 03:22:04.776,0.82306,0.82323,1.88,3.75
2012.03.13 03:22:04.911,0.8231,0.82324,1.50,2.25
2012.03.13 03:22:05.427,0.82311,0.82325,1.50,1.69
2012.03.13 03:22:05.656,0.82309,0.82326,1.50,1.69
2012.03.13 03:22:05.907,0.82311,0.82326,1.50,1.50
2012.03.13 03:22:09.722,0.82309,0.82326,1.50,1.50
2012.03.13 03:22:13.201,0.82308,0.82326,2.63,3.00
2012.03.13 03:22:18.710,0.82308,0.82324,1.88,1.50
2012.03.13 03:22:19.144,0.82307,0.82324,3.00,1.50
2012.03.13 03:22:19.655,0.82309,0.82324,1.50,1.50
2012.03.13 03:22:20.300,0.82307,0.82322,1.13,3.75
2012.03.13 03:22:20.680,0.82305,0.82321,2.10,1.50
2012.03.13 03:22:20.927,0.82305,0.82321,2.10,2.25
2012.03.13 03:22:22.927,0.82305,0.82321,2.10,1.50
2012.03.13 03:22:23.487,0.82306,0.82322,2.10,3.75
2012.03.13 03:22:29.305,0.82304,0.82322,2.10,3.75
2012.03.13 03:22:29.990,0.82305,0.82321,2.10,2.25
2012.03.13 03:22:30.544,0.82306,0.82322,2.10,4.50
2012.03.13 03:22:34.268,0.82306,0.82322,2.10,4.50
2012.03.13 03:22:48.069,0.82308,0.82322,1.50,3.75
2012.03.13 03:22:54.311,0.82307,0.82322,1.50,3.00
2012.03.13 03:22:54.873,0.82308,0.82322,1.50,3.00
2012.03.13 03:22:59.356,0.8231,0.82323,1.50,1.50
2012.03.13 03:22:59.486,0.8231,0.82324,1.50,1.50
2012.03.13 03:23:03.849,0.82312,0.82325,1.50,1.50
2012.03.13 03:23:04.055,0.8231,0.82325,1.50,1.50
2012.03.13 03:23:04.129,0.82315,0.82326,1.50,1.50
2012.03.13 03:23:04.198,0.82315,0.82331,1.50,2.25
2012.03.13 03:23:04.267,0.82315,0.82331,1.50,2.25
2012.03.13 03:23:04.411,0.82313,0.82331,1.88,2.25
2012.03.13 03:23:04.548,0.82313,0.82331,1.88,2.25
2012.03.13 03:23:06.605,0.82313,0.82329,1.88,1.50
2012.03.13 03:23:12.347,0.82312,0.82329,3.38,2.25
2012.03.13 03:23:14.867,0.82312,0.82329,3.38,2.25
2012.03.13 03:23:16.714,0.82312,0.8233,4.88,2.25
2012.03.13 03:23:18.163,0.82314,0.8233,1.88,2.25
2012.03.13 03:23:21.996,0.82314,0.82332,1.88,3.94
2012.03.13 03:23:22.588,0.82313,0.82331,1.88,1.50
2012.03.13 03:23:24.455,0.82315,0.82331,1.88,2.25
2012.03.13 03:23:24.598,0.82318,0.82332,1.50,2.25
2012.03.13 03:23:24.927,0.82318,0.82336,1.88,2.44
2012.03.13 03:23:25.320,0.8232,0.82338,1.88,2.25
2012.03.13 03:23:25.534,0.82323,0.8234,2.85,2.25
2012.03.13 03:23:26.036,0.82324,0.82342,2.10,4.50
2012.03.13 03:23:36.256,0.82323,0.82339,3.23,1.50
2012.03.13 03:23:37.037,0.82324,0.8234,2.10,2.25
2012.03.13 03:23:38.539,0.82324,0.82339,2.10,1.50
2012.03.13 03:23:41.686,0.82323,0.82339,4.73,2.25
2012.03.13 03:23:42.512,0.82324,0.8234,2.10,2.25
2012.03.13 03:23:43.180,0.82324,0.8234,2.10,2.25
2012.03.13 03:23:43.769,0.82325,0.82341,2.10,2.25
2012.03.13 03:23:48.037,0.82324,0.8234,2.10,2.25
2012.03.13 03:23:48.862,0.82324,0.8234,2.10,2.25
2012.03.13 03:23:58.075,0.82324,0.8234,2.48,2.25
2012.03.13 03:23:58.680,0.82325,0.82341,1.50,2.25
2012.03.13 03:23:59.216,0.82324,0.8234,1.88,2.25
2012.03.13 03:24:24.081,0.82325,0.82342,1.50,3.00
2012.03.13 03:24:24.686,0.82324,0.82342,1.88,4.50
2012.03.13 03:24:37.087,0.82325,0.82342,1.50,3.00
2012.03.13 03:24:37.834,0.82326,0.82342,1.50,4.50
2012.03.13 03:24:38.400,0.82325,0.82341,1.50,1.50
2012.03.13 03:24:38.892,0.82328,0.82343,1.50,3.00
2012.03.13 03:24:39.436,0.82328,0.82344,1.88,3.00
2012.03.13 03:24:41.250,0.82328,0.82344,1.88,2.25
2012.03.13 03:24:45.436,0.8233,0.82346,1.50,2.25
2012.03.13 03:24:45.964,0.8233,0.82346,1.50,2.25
2012.03.13 03:24:52.265,0.8233,0.82346,1.95,2.25
2012.03.13 03:24:52.406,0.82336,0.82352,1.50,3.94
2012.03.13 03:24:52.601,0.82341,0.82355,1.50,1.50
2012.03.13 03:24:52.668,0.82341,0.82356,1.50,2.25
2012.03.13 03:24:52.738,0.82341,0.82356,1.88,1.50
2012.03.13 03:24:55.616,0.82341,0.82357,1.88,3.00
2012.03.13 03:24:56.212,0.82339,0.82355,2.48,1.50
2012.03.13 03:25:02.236,0.8234,0.82356,2.48,2.25
2012.03.13 03:25:09.000,0.82337,0.82354,2.10,1.50
2012.03.13 03:25:09.578,0.82337,0.82355,3.60,1.50
2012.03.13 03:25:12.729,0.82337,0.82353,2.85,1.50
2012.03.13 03:25:12.798,0.82337,0.82353,2.85,1.50
2012.03.13 03:25:16.667,0.82336,0.82352,3.83,1.13
2012.03.13 03:25:17.047,0.82342,0.82356,2.25,3.38
2012.03.13 03:25:17.423,0.82342,0.82356,2.63,3.00
2012.03.13 03:25:22.238,0.82342,0.82355,2.25,1.69
2012.03.13 03:25:22.308,0.82338,0.82355,4.43,1.69
2012.03.13 03:25:22.655,0.82334,0.8235,4.35,1.88
2012.03.13 03:25:22.734,0.82334,0.8235,2.25,1.13
2012.03.13 03:25:23.566,0.82334,0.82348,1.88,1.50
2012.03.13 03:25:23.879,0.82333,0.82344,2.63,1.50
2012.03.13 03:25:24.088,0.82328,0.82343,2.74,1.09
2012.03.13 03:25:24.351,0.82333,0.82343,2.25,1.73
2012.03.13 03:25:24.540,0.82329,0.82342,2.37,1.54
2012.03.13 03:25:25.257,0.82328,0.82342,1.88,1.54
2012.03.13 03:25:26.839,0.82325,0.82343,2.55,5.48
2012.03.13 03:25:27.038,0.82325,0.82343,2.55,5.89
2012.03.13 03:25:27.575,0.82328,0.82343,1.50,3.38
2012.03.13 03:25:28.128,0.82327,0.82343,2.25,5.63
2012.03.13 03:25:29.717,0.82327,0.82342,2.25,1.13
2012.03.13 03:25:30.259,0.8233,0.82346,1.50,3.00
2012.03.13 03:25:30.776,0.82328,0.82346,2.63,5.25
2012.03.13 03:25:32.444,0.82328,0.82346,2.63,5.25
2012.03.13 03:25:35.414,0.82328,0.82346,2.63,5.25
2012.03.13 03:25:39.373,0.82328,0.82346,2.63,5.25
2012.03.13 03:25:40.145,0.82328,0.82346,2.63,5.25
2012.03.13 03:25:44.498,0.82328,0.82346,2.63,5.25
2012.03.13 03:25:49.487,0.82328,0.82346,2.63,5.25
2012.03.13 03:25:50.488,0.82328,0.82346,2.63,5.25
2012.03.13 03:25:51.725,0.82328,0.82344,1.13,1.50
2012.03.13 03:25:52.246,0.82327,0.82345,2.63,2.25
2012.03.13 03:25:54.441,0.82327,0.82345,2.25,2.25
2012.03.13 03:25:54.947,0.82328,0.82344,1.50,1.50
2012.03.13 03:26:06.976,0.8233,0.82346,1.50,5.63
2012.03.13 03:26:07.491,0.82329,0.82345,1.50,2.44
2012.03.13 03:26:08.216,0.82329,0.82345,1.50,3.19
2012.03.13 03:26:10.206,0.82329,0.82345,1.50,2.44
2012.03.13 03:26:11.753,0.82329,0.82345,1.50,2.25
2012.03.13 03:26:17.791,0.82329,0.82345,1.50,3.00
2012.03.13 03:26:23.568,0.82329,0.82345,1.50,2.25
2012.03.13 03:26:23.697,0.82326,0.82344,3.68,1.50
2012.03.13 03:26:24.209,0.82328,0.82344,1.50,1.50
2012.03.13 03:26:24.519,0.82326,0.82341,2.18,1.50
2012.03.13 03:26:25.001,0.82327,0.82343,2.25,1.50
2012.03.13 03:26:26.939,0.82327,0.82342,1.05,1.50
2012.03.13 03:26:35.588,0.82328,0.82346,1.50,4.50
2012.03.13 03:26:35.949,0.82326,0.82342,3.30,1.50
2012.03.13 03:26:44.282,0.82327,0.82341,1.05,1.50
2012.03.13 03:26:44.840,0.82327,0.82341,1.05,2.25
2012.03.13 03:26:53.627,0.82327,0.82343,1.05,1.50
2012.03.13 03:26:53.696,0.82327,0.82341,1.05,1.50
2012.03.13 03:26:54.016,0.82327,0.82345,2.25,3.75
2012.03.13 03:26:55.941,0.82327,0.82339,1.05,1.50
2012.03.13 03:26:56.231,0.82327,0.82343,2.55,1.50
2012.03.13 03:26:56.305,0.82327,0.8234,1.05,1.50
2012.03.13 03:26:57.258,0.82327,0.82344,1.05,2.25
2012.03.13 03:27:02.414,0.82328,0.82344,1.50,2.25
2012.03.13 03:27:04.997,0.82327,0.82343,2.25,1.50
2012.03.13 03:27:06.427,0.82328,0.82344,2.25,2.25
2012.03.13 03:27:07.995,0.82326,0.82344,2.93,2.25
2012.03.13 03:27:25.674,0.82327,0.82343,2.25,1.50
2012.03.13 03:27:28.596,0.82328,0.82344,1.50,1.50
2012.03.13 03:27:30.557,0.82326,0.82344,3.23,2.25
2012.03.13 03:27:32.265,0.82327,0.82343,1.80,1.50
2012.03.13 03:27:33.541,0.82326,0.82341,1.43,1.50
2012.03.13 03:27:35.795,0.82326,0.82341,1.73,1.50
2012.03.13 03:27:36.138,0.82323,0.82338,1.50,2.63
2012.03.13 03:27:36.460,0.82322,0.82338,2.85,2.25
2012.03.13 03:27:36.531,0.82322,0.82338,2.55,2.25
2012.03.13 03:27:36.727,0.82321,0.82336,1.05,1.50
2012.03.13 03:27:37.059,0.82321,0.82336,1.80,2.63
2012.03.13 03:27:37.382,0.82316,0.82331,2.25,2.63
2012.03.13 03:27:37.529,0.82312,0.82329,1.80,2.70
2012.03.13 03:27:37.600,0.82312,0.82327,1.05,2.25
2012.03.13 03:27:38.102,0.82313,0.82329,1.50,1.50
2012.03.13 03:27:38.590,0.82316,0.82332,1.50,2.63
2012.03.13 03:27:39.109,0.82317,0.82332,1.50,1.13
2012.03.13 03:27:39.782,0.82315,0.82331,2.10,1.88
2012.03.13 03:27:40.414,0.82315,0.82331,1.80,1.88
2012.03.13 03:27:41.122,0.82315,0.82331,2.10,1.88
2012.03.13 03:27:41.975,0.82316,0.82332,1.80,1.50
2012.03.13 03:27:51.461,0.82315,0.82332,1.05,1.50
2012.03.13 03:27:52.015,0.82315,0.82333,2.55,3.00
2012.03.13 03:27:52.576,0.82315,0.82331,2.55,1.50
2012.03.13 03:27:58.485,0.82315,0.82331,2.85,1.50
2012.03.13 03:27:59.092,0.82315,0.82331,2.55,1.50
2012.03.13 03:28:11.796,0.82315,0.82331,2.10,1.50
2012.03.13 03:28:13.005,0.82315,0.82331,1.80,1.50
2012.03.13 03:28:14.251,0.82315,0.82331,2.10,1.50
2012.03.13 03:28:14.590,0.82315,0.82333,2.10,3.00
2012.03.13 03:28:14.655,0.82315,0.82331,2.10,1.50
2012.03.13 03:28:17.336,0.82315,0.82331,1.80,1.50
2012.03.13 03:28:27.666,0.82315,0.82331,2.48,1.50
2012.03.13 03:28:28.226,0.82314,0.8233,2.48,1.50
2012.03.13 03:28:28.781,0.82315,0.82331,2.48,1.50
2012.03.13 03:28:29.452,0.82315,0.82331,2.18,1.50
2012.03.13 03:28:32.346,0.82315,0.82331,2.48,1.50
2012.03.13 03:28:33.128,0.82314,0.8233,2.48,1.50
2012.03.13 03:28:34.005,0.82314,0.8233,2.48,1.50
2012.03.13 03:28:35.655,0.82314,0.8233,2.10,1.50
2012.03.13 03:28:37.826,0.82314,0.8233,2.10,1.50
2012.03.13 03:28:39.556,0.82314,0.8233,2.10,2.25
2012.03.13 03:28:40.162,0.82314,0.8233,2.10,2.25
2012.03.13 03:28:46.255,0.82314,0.8233,2.10,2.25
2012.03.13 03:28:53.095,0.82314,0.8233,2.10,2.25
2012.03.13 03:28:55.229,0.82313,0.82328,3.60,1.50
2012.03.13 03:28:55.767,0.82313,0.82329,2.10,2.25
2012.03.13 03:28:56.386,0.82313,0.82329,2.10,2.25
2012.03.13 03:29:00.626,0.82313,0.82329,2.10,2.25
2012.03.13 03:29:08.135,0.82313,0.82329,2.10,2.25
2012.03.13 03:29:10.303,0.82313,0.82329,2.10,2.25
2012.03.13 03:29:18.967,0.82313,0.82329,2.10,1.50
2012.03.13 03:29:25.422,0.82313,0.82329,2.10,1.50
2012.03.13 03:29:28.193,0.82313,0.82329,2.10,1.50
2012.03.13 03:29:30.818,0.82313,0.82329,2.10,2.63
2012.03.13 03:29:31.939,0.82311,0.82327,2.10,1.50
2012.03.13 03:29:32.500,0.8231,0.82326,5.10,1.50
2012.03.13 03:29:32.745,0.8231,0.82328,4.50,1.50
2012.03.13 03:29:33.442,0.8231,0.82328,5.10,1.50
2012.03.13 03:29:44.581,0.8231,0.82327,3.98,1.50
2012.03.13 03:29:47.058,0.82309,0.82325,2.10,1.50
2012.03.13 03:29:47.129,0.82307,0.82323,2.25,1.50
2012.03.13 03:29:47.352,0.82307,0.8232,1.50,2.25
2012.03.13 03:29:47.418,0.82304,0.82319,1.50,1.50
2012.03.13 03:29:48.097,0.82304,0.8232,2.25,3.75
2012.03.13 03:29:48.348,0.82308,0.82323,1.50,1.88
2012.03.13 03:29:48.933,0.82308,0.82324,1.50,2.25
2012.03.13 03:29:49.165,0.82306,0.82324,2.25,2.25
2012.03.13 03:29:55.836,0.82306,0.82324,2.25,4.50
2012.03.13 03:29:56.162,0.82301,0.82315,1.50,2.25
2012.03.13 03:29:57.242,0.82303,0.82315,1.50,2.25
2012.03.13 03:29:57.380,0.82306,0.82321,1.50,1.50
2012.03.13 03:29:57.956,0.82306,0.82322,2.25,1.50
2012.03.13 03:30:00.502,0.82306,0.82321,1.50,1.50
2012.03.13 03:30:01.180,0.82305,0.8232,1.50,2.25
2012.03.13 03:30:01.255,0.82302,0.82318,3.00,1.50
2012.03.13 03:30:01.719,0.82304,0.8232,1.50,3.75
2012.03.13 03:30:01.908,0.82302,0.8232,3.00,3.75
2012.03.13 03:30:02.419,0.82302,0.82319,1.50,1.50
2012.03.13 03:30:03.907,0.82302,0.8232,3.00,3.75
2012.03.13 03:30:05.848,0.82302,0.82318,3.00,1.50
2012.03.13 03:30:10.536,0.82303,0.82319,1.50,1.50
2012.03.13 03:30:13.555,0.82302,0.82319,1.50,1.50
2012.03.13 03:30:50.698,0.82302,0.8232,3.75,3.75
2012.03.13 03:30:51.312,0.82304,0.8232,1.50,3.75
2012.03.13 03:30:52.838,0.82303,0.82319,1.50,1.50
2012.03.13 03:30:58.577,0.82302,0.82317,1.50,1.50
2012.03.13 03:31:00.031,0.82302,0.82318,1.50,1.50
2012.03.13 03:31:03.544,0.82303,0.82319,1.50,1.50
2012.03.13 03:31:06.549,0.82301,0.82317,5.25,1.50
2012.03.13 03:31:12.029,0.82301,0.82316,3.75,1.50
2012.03.13 03:31:17.489,0.82301,0.82317,5.25,1.50
2012.03.13 03:31:33.213,0.82302,0.82317,1.50,1.50
2012.03.13 03:32:06.642,0.82303,0.8232,1.50,3.75
2012.03.13 03:32:06.708,0.82303,0.82318,1.50,1.50
2012.03.13 03:32:06.935,0.82303,0.8232,1.50,3.75
2012.03.13 03:32:07.275,0.82303,0.82318,1.50,1.50
2012.03.13 03:32:25.998,0.82303,0.82317,1.50,1.50
2012.03.13 03:32:26.630,0.82302,0.82316,1.50,1.50
2012.03.13 03:32:36.585,0.823,0.82316,5.25,1.50
2012.03.13 03:32:37.115,0.823,0.82316,5.85,1.50
2012.03.13 03:32:38.783,0.823,0.82316,5.85,1.50
2012.03.13 03:32:44.035,0.823,0.82316,5.85,1.50
2012.03.13 03:32:50.101,0.823,0.82318,5.85,1.50
2012.03.13 03:32:56.085,0.823,0.82316,5.85,1.50
2012.03.13 03:32:56.496,0.823,0.82318,5.85,1.50
2012.03.13 03:33:00.995,0.823,0.82316,5.85,1.50
2012.03.13 03:33:03.184,0.82301,0.82316,1.05,1.50
2012.03.13 03:33:03.375,0.82302,0.82318,1.13,1.50
2012.03.13 03:33:09.075,0.82302,0.82316,1.43,1.50
2012.03.13 03:33:10.337,0.82302,0.82317,1.43,1.50
2012.03.13 03:33:18.998,0.82302,0.82318,1.43,1.50
2012.03.13 03:33:20.599,0.82302,0.82318,1.43,1.50
2012.03.13 03:33:34.657,0.82302,0.82317,1.13,1.50
2012.03.13 03:33:40.127,0.82302,0.82318,1.13,1.50
2012.03.13 03:33:42.155,0.82302,0.82317,1.43,1.50
2012.03.13 03:33:42.488,0.82302,0.82317,1.13,1.50
2012.03.13 03:33:42.558,0.82302,0.82314,1.13,1.50
2012.03.13 03:33:43.067,0.823,0.82314,3.75,1.50
2012.03.13 03:33:43.516,0.823,0.82316,3.75,1.50
2012.03.13 03:33:48.546,0.823,0.82315,3.75,1.50
2012.03.13 03:33:49.380,0.823,0.82314,3.75,1.50
2012.03.13 03:33:49.914,0.823,0.82313,3.75,1.50
2012.03.13 03:33:50.712,0.823,0.82314,3.75,1.50
2012.03.13 03:33:51.748,0.823,0.82315,3.75,1.50
2012.03.13 03:33:52.421,0.823,0.82316,3.75,1.50
2012.03.13 03:33:53.827,0.823,0.82314,3.75,1.50
2012.03.13 03:33:59.365,0.823,0.82314,3.75,2.25
2012.03.13 03:33:59.679,0.82296,0.82308,1.50,2.25
2012.03.13 03:33:59.818,0.82291,0.82304,1.50,2.25
2012.03.13 03:33:59.949,0.8229,0.82303,1.50,1.50
2012.03.13 03:34:00.032,0.8229,0.82299,1.50,2.25
2012.03.13 03:34:00.287,0.82287,0.82298,1.50,1.50
2012.03.13 03:34:02.889,0.82285,0.82298,1.50,1.50
2012.03.13 03:34:03.406,0.82285,0.82298,2.25,1.50
2012.03.13 03:34:03.827,0.82287,0.82303,3.00,1.50
2012.03.13 03:34:03.897,0.82287,0.82303,3.00,1.50
2012.03.13 03:34:04.483,0.82287,0.82302,1.50,1.50
2012.03.13 03:34:07.171,0.82287,0.82295,1.50,1.20
2012.03.13 03:34:07.454,0.82274,0.82285,2.33,1.50
2012.03.13 03:34:07.786,0.82283,0.82292,2.25,1.50
2012.03.13 03:34:07.872,0.82279,0.82294,1.13,1.50
2012.03.13 03:34:08.376,0.82279,0.82293,1.13,1.50
2012.03.13 03:34:09.028,0.82277,0.82293,2.63,2.25
2012.03.13 03:34:09.278,0.82277,0.82293,2.63,2.25
2012.03.13 03:34:09.846,0.82277,0.82292,1.13,1.50
2012.03.13 03:34:13.289,0.82277,0.82294,1.13,2.25
2012.03.13 03:34:13.694,0.82281,0.82297,2.25,2.25
2012.03.13 03:34:13.770,0.82281,0.82297,2.25,1.50
2012.03.13 03:34:13.908,0.82278,0.82296,2.25,1.50
2012.03.13 03:34:14.315,0.82282,0.82298,2.25,1.50
2012.03.13 03:34:14.638,0.82281,0.82299,2.25,2.25
2012.03.13 03:34:15.018,0.82284,0.823,2.25,1.50
2012.03.13 03:34:16.877,0.82283,0.82301,2.25,1.50
2012.03.13 03:34:17.565,0.82282,0.823,3.00,1.50
2012.03.13 03:34:19.961,0.82283,0.82301,2.25,1.50
2012.03.13 03:34:20.329,0.82287,0.82305,2.25,2.25
2012.03.13 03:34:20.695,0.82285,0.82303,2.25,1.50
2012.03.13 03:34:21.198,0.82288,0.82304,1.50,1.50
2012.03.13 03:34:21.849,0.82288,0.82304,2.25,1.50
2012.03.13 03:34:30.629,0.82286,0.82302,2.25,1.50
2012.03.13 03:34:31.946,0.82286,0.82304,2.25,1.50
2012.03.13 03:34:32.498,0.82286,0.82302,2.25,1.50
2012.03.13 03:34:35.106,0.82285,0.82301,4.88,1.50
2012.03.13 03:34:40.958,0.82285,0.82303,4.88,1.50
2012.03.13 03:34:50.758,0.82285,0.82299,3.00,1.50
2012.03.13 03:34:50.899,0.82284,0.82298,1.50,1.50
2012.03.13 03:34:50.968,0.82283,0.82298,1.13,1.50
2012.03.13 03:35:32.545,0.82284,0.823,2.25,1.50
2012.03.13 03:35:33.107,0.82283,0.82299,3.38,1.50
2012.03.13 03:35:51.065,0.82283,0.82299,2.63,1.50
2012.03.13 03:35:51.917,0.82284,0.823,1.50,1.50
2012.03.13 03:35:52.450,0.82283,0.823,1.13,1.50
2012.03.13 03:35:57.341,0.82284,0.823,1.50,1.50
2012.03.13 03:35:57.848,0.82283,0.82299,2.63,1.50
2012.03.13 03:36:05.931,0.82283,0.82298,1.13,1.50
2012.03.13 03:36:25.466,0.82284,0.823,1.50,1.50
2012.03.13 03:36:26.075,0.82283,0.823,1.13,1.50
2012.03.13 03:36:31.777,0.82283,0.82301,3.38,2.25
2012.03.13 03:36:33.212,0.82283,0.823,1.88,1.50
2012.03.13 03:36:33.716,0.82284,0.823,1.50,1.50
2012.03.13 03:36:34.289,0.82283,0.82299,3.38,1.50
2012.03.13 03:36:34.889,0.82284,0.823,1.50,1.50
2012.03.13 03:36:38.858,0.82283,0.82299,3.38,1.50
2012.03.13 03:37:33.106,0.82283,0.82299,2.63,1.50
2012.03.13 03:37:34.645,0.82283,0.82299,2.63,1.50
2012.03.13 03:37:38.898,0.82283,0.82303,1.88,5.25
2012.03.13 03:37:43.765,0.82283,0.82303,1.13,4.50
2012.03.13 03:37:44.087,0.82282,0.82294,3.75,1.50
2012.03.13 03:37:44.615,0.82282,0.82294,3.00,1.50
2012.03.13 03:37:45.157,0.82282,0.82295,3.00,1.50
2012.03.13 03:37:45.555,0.8228,0.82293,1.50,1.50
2012.03.13 03:37:46.074,0.82279,0.82294,1.88,1.50
2012.03.13 03:37:55.020,0.82279,0.82297,3.38,1.50
2012.03.13 03:38:11.377,0.82279,0.82295,1.88,1.50
2012.03.13 03:38:22.099,0.8228,0.82298,2.25,1.50
2012.03.13 03:38:22.654,0.82282,0.82298,3.00,1.50
2012.03.13 03:38:22.858,0.82282,0.82298,3.00,2.25
2012.03.13 03:38:23.180,0.82275,0.82291,1.50,1.50
2012.03.13 03:38:23.248,0.82275,0.82289,1.50,1.50
2012.03.13 03:38:23.678,0.82275,0.82291,1.50,1.50
2012.03.13 03:38:25.357,0.82275,0.8229,1.50,1.50
2012.03.13 03:38:28.379,0.82276,0.82291,1.50,1.50
2012.03.13 03:38:28.459,0.82276,0.82291,1.50,1.50
2012.03.13 03:38:28.664,0.82278,0.82294,2.25,1.50
2012.03.13 03:38:28.812,0.82278,0.82296,2.63,2.25
2012.03.13 03:38:29.115,0.82281,0.82299,2.25,2.70
2012.03.13 03:38:29.668,0.82281,0.82297,2.25,1.50
2012.03.13 03:38:31.588,0.82282,0.82298,1.50,1.50
2012.03.13 03:38:32.238,0.82284,0.823,1.50,1.50
2012.03.13 03:38:41.897,0.82283,0.82299,1.50,1.50
2012.03.13 03:38:42.427,0.82281,0.82299,2.25,1.50
2012.03.13 03:39:11.554,0.82284,0.823,1.50,1.50
2012.03.13 03:39:20.372,0.82287,0.82303,1.50,3.00
2012.03.13 03:39:20.957,0.82291,0.82309,1.50,5.89
2012.03.13 03:39:21.100,0.82291,0.82309,1.50,5.70
2012.03.13 03:39:29.301,0.82291,0.82309,1.50,6.45
2012.03.13 03:39:29.629,0.82287,0.82298,1.13,2.25
2012.03.13 03:39:29.950,0.82287,0.82303,3.38,1.50
2012.03.13 03:39:30.138,0.8229,0.82303,1.50,1.50
2012.03.13 03:39:30.268,0.8229,0.82306,3.00,1.50
2012.03.13 03:39:30.338,0.8229,0.82308,3.00,1.50
2012.03.13 03:39:30.939,0.8229,0.82307,1.50,1.50
2012.03.13 03:39:34.480,0.8229,0.823,1.50,1.20
2012.03.13 03:39:34.678,0.82282,0.82297,3.38,2.25
2012.03.13 03:39:35.809,0.82282,0.82297,3.83,2.25
2012.03.13 03:39:36.517,0.82285,0.82297,1.50,2.25
2012.03.13 03:39:36.588,0.82282,0.82297,1.13,3.75
2012.03.13 03:39:41.109,0.82284,0.82297,1.50,2.25
2012.03.13 03:39:41.178,0.82282,0.82297,1.13,2.25
2012.03.13 03:39:50.640,0.82281,0.82297,1.88,3.75
2012.03.13 03:39:50.833,0.82279,0.82292,1.13,2.25
2012.03.13 03:39:50.906,0.82278,0.82292,1.50,2.25
2012.03.13 03:39:52.659,0.82277,0.82292,3.00,2.25
2012.03.13 03:39:59.638,0.82278,0.82292,3.00,2.25
2012.03.13 03:40:00.161,0.82278,0.82294,3.00,2.25
2012.03.13 03:40:00.239,0.82282,0.82297,2.25,1.88
2012.03.13 03:40:00.718,0.8228,0.82298,2.25,6.83
2012.03.13 03:40:00.853,0.82285,0.82298,1.50,4.58
2012.03.13 03:40:01.098,0.82278,0.82293,3.00,2.25
2012.03.13 03:40:01.637,0.82278,0.82293,2.25,3.00
2012.03.13 03:40:04.476,0.82279,0.82293,1.50,3.00
2012.03.13 03:40:05.034,0.82278,0.82293,3.00,3.00
2012.03.13 03:40:08.633,0.82278,0.82293,3.00,3.00
2012.03.13 03:40:08.954,0.82282,0.82298,1.50,2.25
2012.03.13 03:40:09.101,0.82284,0.82299,1.50,1.50
2012.03.13 03:40:09.248,0.82285,0.82301,1.50,1.50
2012.03.13 03:40:10.482,0.82285,0.82301,2.25,1.50
2012.03.13 03:40:10.864,0.82287,0.82303,1.50,1.50
2012.03.13 03:40:11.410,0.82287,0.82303,4.50,1.50
2012.03.13 03:40:11.485,0.82291,0.82306,1.95,1.50
2012.03.13 03:40:11.619,0.82294,0.82306,2.25,1.50
2012.03.13 03:40:11.689,0.82294,0.8231,3.75,2.25
2012.03.13 03:40:12.199,0.82294,0.82309,2.25,1.50
2012.03.13 03:40:12.753,0.82294,0.82311,2.25,2.25
2012.03.13 03:40:13.051,0.82294,0.82309,2.25,3.53
2012.03.13 03:40:13.453,0.82294,0.82301,2.25,1.50
2012.03.13 03:40:13.592,0.82285,0.82301,2.25,1.50
2012.03.13 03:40:14.151,0.82285,0.82301,1.50,1.50
2012.03.13 03:40:17.447,0.82286,0.82302,1.50,2.44
2012.03.13 03:40:17.516,0.82284,0.82302,2.25,2.44
2012.03.13 03:40:18.856,0.82283,0.823,1.50,1.50
2012.03.13 03:40:26.255,0.82283,0.82301,3.00,1.50
2012.03.13 03:40:28.237,0.82285,0.82302,1.50,2.07
2012.03.13 03:40:31.198,0.82285,0.82299,1.50,1.20
2012.03.13 03:40:31.330,0.82282,0.82298,2.25,1.50
2012.03.13 03:40:31.398,0.8228,0.82296,2.25,1.50
2012.03.13 03:40:31.708,0.8228,0.82296,2.25,1.88
2012.03.13 03:40:32.219,0.8228,0.82296,1.50,1.13
2012.03.13 03:40:36.440,0.8228,0.82296,3.64,1.13
2012.03.13 03:40:36.780,0.82288,0.82304,2.25,1.88
2012.03.13 03:40:36.850,0.82288,0.82304,2.25,1.88
2012.03.13 03:40:38.707,0.82288,0.82304,2.25,1.50
2012.03.13 03:40:38.958,0.82285,0.82302,2.25,2.25
2012.03.13 03:40:39.148,0.82285,0.82302,2.25,2.25
2012.03.13 03:40:39.489,0.82281,0.82297,4.50,1.50
2012.03.13 03:40:39.621,0.82278,0.82294,2.25,1.50
2012.03.13 03:40:39.689,0.82278,0.82294,2.25,1.50
2012.03.13 03:40:39.759,0.8228,0.82296,1.50,1.69
2012.03.13 03:40:40.088,0.82281,0.82296,3.00,1.50
2012.03.13 03:40:40.598,0.82281,0.82297,2.25,2.25
2012.03.13 03:40:42.789,0.82285,0.82297,2.25,2.25
2012.03.13 03:40:42.929,0.82285,0.82299,2.25,1.50
2012.03.13 03:40:43.284,0.82281,0.82296,2.25,2.63
2012.03.13 03:40:43.501,0.82276,0.82292,2.25,1.50
2012.03.13 03:40:43.638,0.82276,0.82292,1.50,1.50
2012.03.13 03:40:44.224,0.82276,0.82294,1.50,3.57
2012.03.13 03:40:45.690,0.82276,0.82294,2.25,3.57
2012.03.13 03:40:47.699,0.82276,0.82294,1.50,3.57
2012.03.13 03:40:49.747,0.82276,0.82294,2.25,3.38
2012.03.13 03:40:49.818,0.82279,0.82294,1.50,1.88
2012.03.13 03:40:50.590,0.82278,0.82294,1.50,3.38
2012.03.13 03:41:20.719,0.8228,0.82293,1.50,1.13
2012.03.13 03:41:24.089,0.8228,0.82293,2.25,1.13
2012.03.13 03:41:45.636,0.82278,0.82294,1.50,2.63
2012.03.13 03:41:46.255,0.82278,0.82294,1.50,2.63
2012.03.13 03:41:46.936,0.82278,0.82294,1.50,2.63
2012.03.13 03:41:59.723,0.82278,0.82294,2.25,2.63
2012.03.13 03:42:01.482,0.82277,0.82294,3.00,1.13
2012.03.13 03:42:03.454,0.82277,0.82294,2.25,1.13
2012.03.13 03:42:03.887,0.82277,0.82294,2.25,1.13
2012.03.13 03:42:04.860,0.82277,0.82294,1.50,1.13
2012.03.13 03:42:05.940,0.82277,0.82294,1.50,1.13
2012.03.13 03:42:06.889,0.82277,0.82294,1.50,1.13
2012.03.13 03:42:07.876,0.82277,0.82294,1.50,1.13
2012.03.13 03:42:08.552,0.82276,0.82292,2.25,1.50
2012.03.13 03:42:11.552,0.82276,0.82294,2.63,3.38
2012.03.13 03:42:11.739,0.82276,0.82294,3.00,3.38
2012.03.13 03:42:12.299,0.82276,0.82294,3.00,3.38
2012.03.13 03:42:12.818,0.82276,0.82292,2.25,1.50
2012.03.13 03:42:14.199,0.82276,0.82294,2.25,3.38
2012.03.13 03:42:15.118,0.82277,0.82293,1.50,2.25
2012.03.13 03:42:16.627,0.82275,0.82293,3.00,2.25
2012.03.13 03:42:22.376,0.82277,0.82293,1.50,2.63
2012.03.13 03:42:24.522,0.82276,0.82292,2.25,1.50
2012.03.13 03:42:26.968,0.82277,0.82293,1.50,2.63
2012.03.13 03:42:30.521,0.82276,0.82292,2.25,1.50
2012.03.13 03:42:31.100,0.82276,0.82294,2.25,3.38
2012.03.13 03:42:31.890,0.82276,0.82292,2.25,1.50
2012.03.13 03:42:32.412,0.82276,0.82294,2.25,3.38
2012.03.13 03:42:37.629,0.82276,0.82294,2.25,3.38
2012.03.13 03:42:37.919,0.82279,0.82294,1.50,1.88
2012.03.13 03:42:39.038,0.82277,0.82294,2.25,1.88
2012.03.13 03:42:40.701,0.82279,0.82294,1.50,3.08
2012.03.13 03:42:41.206,0.82278,0.82294,2.25,4.58
2012.03.13 03:42:48.719,0.82281,0.82296,2.25,1.50
2012.03.13 03:42:48.968,0.82281,0.82298,2.25,1.88
2012.03.13 03:42:49.519,0.8228,0.82296,5.25,1.50
2012.03.13 03:42:52.432,0.8228,0.82296,4.50,1.50
2012.03.13 03:42:52.751,0.8228,0.82296,5.25,1.50
2012.03.13 03:42:54.683,0.8228,0.82296,4.50,1.50
2012.03.13 03:42:56.589,0.82277,0.82292,1.50,1.50
2012.03.13 03:42:57.148,0.82277,0.82293,2.25,1.50
2012.03.13 03:42:57.568,0.82278,0.82296,2.25,3.75
2012.03.13 03:42:57.939,0.82278,0.82294,2.25,1.50
2012.03.13 03:42:58.656,0.82278,0.82294,1.50,1.50
2012.03.13 03:43:00.733,0.82278,0.82294,2.25,1.50
2012.03.13 03:43:22.687,0.82278,0.82296,3.00,3.75
2012.03.13 03:43:22.839,0.82278,0.82294,3.00,1.50
2012.03.13 03:43:27.850,0.82279,0.82295,2.25,1.50
2012.03.13 03:44:00.760,0.82277,0.82295,3.00,1.50
2012.03.13 03:44:11.588,0.8228,0.82296,1.50,3.75
2012.03.13 03:44:11.967,0.82281,0.82299,1.50,3.38
2012.03.13 03:44:18.549,0.82281,0.82297,1.50,1.50
2012.03.13 03:44:23.677,0.82283,0.82299,1.50,2.63
2012.03.13 03:44:30.687,0.82284,0.82299,1.50,1.13
2012.03.13 03:44:35.250,0.82283,0.82299,1.50,2.63
2012.03.13 03:44:36.393,0.82284,0.82299,1.50,1.13
2012.03.13 03:44:38.768,0.82283,0.82299,1.50,2.63
2012.03.13 03:44:39.491,0.82286,0.82299,1.50,1.13
2012.03.13 03:44:39.565,0.82283,0.82299,1.50,2.63
2012.03.13 03:44:39.709,0.82283,0.82299,2.25,1.50
2012.03.13 03:44:39.778,0.82284,0.82301,2.25,3.75
2012.03.13 03:44:40.339,0.82287,0.82301,1.50,2.25
2012.03.13 03:44:41.099,0.82285,0.82301,2.25,2.25
2012.03.13 03:44:41.169,0.82285,0.82303,2.25,1.69
2012.03.13 03:44:41.376,0.82288,0.82306,1.50,3.19
2012.03.13 03:44:41.732,0.82288,0.82306,3.00,2.44
2012.03.13 03:44:41.806,0.82288,0.82306,4.13,2.25
2012.03.13 03:44:41.883,0.82293,0.82309,1.50,3.00
2012.03.13 03:44:42.209,0.82291,0.82308,1.50,1.13
2012.03.13 03:44:42.410,0.82289,0.82307,1.50,4.88
2012.03.13 03:44:42.482,0.82289,0.82306,1.50,1.13
2012.03.13 03:44:43.171,0.82287,0.82305,1.50,2.63
2012.03.13 03:44:48.867,0.82287,0.82305,3.00,2.63
2012.03.13 03:44:48.940,0.82289,0.82305,1.50,1.13
2012.03.13 03:44:49.127,0.8229,0.82307,2.25,3.00
2012.03.13 03:44:49.438,0.82288,0.82304,2.25,1.50
2012.03.13 03:44:49.768,0.82288,0.82304,2.25,1.50
2012.03.13 03:44:50.291,0.82289,0.82305,1.50,1.50
2012.03.13 03:44:51.917,0.82288,0.82304,2.25,1.50
2012.03.13 03:45:00.330,0.82286,0.82301,1.50,1.50
2012.03.13 03:45:01.009,0.82286,0.823,1.50,2.25
2012.03.13 03:45:01.096,0.82284,0.823,3.00,3.75
2012.03.13 03:45:01.449,0.82286,0.82302,2.25,2.25
2012.03.13 03:45:01.521,0.82286,0.82298,1.50,1.50
2012.03.13 03:45:02.151,0.82283,0.82296,1.88,1.50
2012.03.13 03:45:02.280,0.82283,0.82298,1.88,1.50
2012.03.13 03:45:32.835,0.82283,0.82299,1.88,1.50
2012.03.13 03:45:38.810,0.82282,0.82299,1.88,1.50
2012.03.13 03:45:39.710,0.82283,0.82299,1.13,1.50
2012.03.13 03:45:52.998,0.82284,0.82298,1.13,1.50
2012.03.13 03:46:11.419,0.82284,0.823,1.13,2.25
2012.03.13 03:46:12.212,0.82284,0.82299,1.13,1.50
2012.03.13 03:46:14.690,0.82284,0.823,2.63,3.75
2012.03.13 03:46:17.277,0.82284,0.82299,1.13,1.50
2012.03.13 03:46:22.518,0.82284,0.823,1.13,2.25
2012.03.13 03:46:22.966,0.82285,0.823,1.50,2.25
2012.03.13 03:46:25.472,0.82285,0.82299,1.50,1.50
2012.03.13 03:46:29.038,0.82285,0.823,1.50,3.75
2012.03.13 03:46:29.610,0.82285,0.82299,1.50,1.50
2012.03.13 03:46:34.720,0.82284,0.82299,1.13,1.50
2012.03.13 03:46:36.751,0.82283,0.82299,2.63,1.50
2012.03.13 03:46:42.245,0.82283,0.823,3.00,2.25
2012.03.13 03:46:43.907,0.82282,0.823,3.38,3.75
2012.03.13 03:46:44.550,0.82282,0.82297,1.88,1.50
2012.03.13 03:46:45.167,0.82281,0.82297,3.75,1.50
2012.03.13 03:46:50.908,0.82281,0.82295,3.00,1.50
2012.03.13 03:46:51.333,0.82281,0.82292,3.00,1.50
2012.03.13 03:46:52.477,0.82281,0.82292,2.25,1.50
2012.03.13 03:46:52.941,0.82277,0.82289,1.50,1.50
2012.03.13 03:46:53.250,0.82277,0.82291,1.50,1.50
2012.03.13 03:46:56.877,0.82277,0.82292,1.50,1.50
2012.03.13 03:47:11.263,0.82276,0.82289,1.50,1.50
2012.03.13 03:47:12.191,0.82276,0.8229,1.50,1.50
2012.03.13 03:47:18.451,0.82276,0.82292,3.00,1.50
2012.03.13 03:47:23.613,0.82276,0.82291,1.50,1.50
2012.03.13 03:47:26.911,0.82276,0.82293,1.50,1.50
2012.03.13 03:47:27.124,0.82275,0.82292,1.50,1.50
2012.03.13 03:47:38.054,0.82275,0.82291,2.25,1.50
2012.03.13 03:47:38.614,0.82274,0.82292,3.00,2.25
2012.03.13 03:47:39.205,0.82275,0.82291,2.25,1.50
2012.03.13 03:47:41.038,0.82275,0.82291,1.50,1.50
2012.03.13 03:47:41.588,0.82275,0.82293,1.50,2.63
2012.03.13 03:47:42.899,0.82275,0.82293,2.25,1.88
2012.03.13 03:47:43.040,0.82278,0.82294,1.50,2.63
2012.03.13 03:47:50.019,0.82278,0.82296,2.25,1.50
2012.03.13 03:47:51.486,0.82278,0.82294,1.88,1.50
2012.03.13 03:48:04.194,0.82274,0.82292,3.00,1.50
2012.03.13 03:48:04.263,0.82274,0.82292,3.00,1.50
2012.03.13 03:48:04.778,0.82274,0.82292,3.00,2.25
2012.03.13 03:48:16.046,0.82278,0.82294,1.50,2.63
2012.03.13 03:48:16.124,0.82278,0.82294,1.50,3.38
2012.03.13 03:48:20.138,0.82275,0.82293,2.25,1.50
2012.03.13 03:48:22.837,0.82277,0.82293,1.50,1.50
2012.03.13 03:48:23.199,0.82275,0.82293,2.25,1.50
2012.03.13 03:48:25.439,0.82277,0.82293,1.50,1.50
2012.03.13 03:48:36.789,0.82279,0.82295,1.50,2.63
2012.03.13 03:48:37.540,0.82279,0.82295,2.25,1.50
2012.03.13 03:48:37.850,0.82281,0.82297,1.50,3.75
2012.03.13 03:48:43.128,0.82279,0.82297,2.25,3.75
2012.03.13 03:48:45.054,0.8228,0.82297,1.50,2.25
2012.03.13 03:48:45.192,0.82281,0.82297,1.50,2.25
2012.03.13 03:48:45.536,0.82287,0.82299,2.25,2.25
2012.03.13 03:48:45.894,0.82289,0.82303,1.50,2.44
2012.03.13 03:48:45.986,0.82294,0.82307,1.50,2.25
2012.03.13 03:48:46.543,0.82293,0.82307,1.50,2.25
2012.03.13 03:48:47.079,0.82292,0.82307,1.50,2.25
2012.03.13 03:48:55.848,0.82289,0.82306,1.50,1.50
2012.03.13 03:48:56.373,0.82291,0.82307,1.50,3.75
2012.03.13 03:48:57.372,0.82293,0.82309,1.50,2.44
2012.03.13 03:48:58.381,0.82293,0.8231,1.50,1.50
2012.03.13 03:49:00.392,0.82292,0.8231,2.25,3.00
2012.03.13 03:49:01.258,0.82291,0.82309,2.63,1.50
2012.03.13 03:49:06.580,0.82292,0.8231,2.25,3.00
2012.03.13 03:49:07.169,0.82292,0.82308,2.25,1.50
2012.03.13 03:49:08.815,0.82291,0.82306,1.13,1.50
2012.03.13 03:49:09.163,0.8229,0.82306,2.63,1.50
2012.03.13 03:49:09.302,0.8229,0.82304,1.13,1.50
2012.03.13 03:49:10.591,0.8229,0.82306,1.13,1.50
2012.03.13 03:49:22.330,0.8229,0.82304,1.13,1.50
2012.03.13 03:50:18.902,0.82288,0.82304,2.63,2.25
2012.03.13 03:50:19.410,0.82288,0.82304,2.63,2.25
2012.03.13 03:50:24.623,0.82288,0.82306,2.63,1.50
2012.03.13 03:50:25.442,0.82288,0.82306,2.63,2.25
2012.03.13 03:50:25.639,0.82288,0.82306,2.63,1.50
2012.03.13 03:50:26.252,0.8229,0.82306,1.50,1.50
2012.03.13 03:50:32.054,0.8229,0.82306,1.50,2.25
2012.03.13 03:50:32.494,0.8229,0.82306,1.50,1.50
2012.03.13 03:50:33.911,0.8229,0.82306,1.50,2.25
2012.03.13 03:50:34.545,0.82288,0.82305,1.13,2.25
2012.03.13 03:51:23.483,0.82288,0.82304,2.63,2.25
2012.03.13 03:51:23.741,0.82288,0.82304,2.63,2.25
2012.03.13 03:51:23.823,0.82288,0.82304,2.63,2.25
2012.03.13 03:51:23.892,0.82288,0.82304,2.63,2.25
2012.03.13 03:51:25.693,0.82288,0.82304,2.63,2.25
2012.03.13 03:51:26.065,0.82288,0.82304,2.63,2.25
2012.03.13 03:51:28.221,0.82289,0.82305,1.88,2.25
2012.03.13 03:51:28.508,0.82288,0.82304,2.63,2.25
2012.03.13 03:51:28.930,0.82289,0.82305,1.88,2.25
2012.03.13 03:51:29.328,0.82288,0.82305,1.13,2.25
2012.03.13 03:51:33.985,0.82289,0.82305,1.13,2.25
2012.03.13 03:51:34.247,0.82289,0.82305,1.13,2.25
2012.03.13 03:51:34.753,0.82289,0.82306,1.13,2.25
2012.03.13 03:51:38.940,0.82289,0.82305,1.13,2.25
2012.03.13 03:51:39.268,0.82289,0.82305,1.13,2.25
2012.03.13 03:51:43.523,0.8229,0.82308,2.63,1.50
2012.03.13 03:51:43.594,0.82293,0.82309,1.50,2.07
2012.03.13 03:51:43.721,0.8229,0.82306,1.50,1.13
2012.03.13 03:51:44.681,0.82293,0.82306,1.50,1.13
2012.03.13 03:51:45.268,0.82291,0.82306,1.50,1.13
2012.03.13 03:51:55.244,0.82292,0.82307,1.50,1.13
2012.03.13 03:51:55.983,0.82291,0.82307,1.50,2.63
2012.03.13 03:51:57.060,0.82293,0.82307,1.50,1.13
2012.03.13 03:51:58.171,0.82291,0.82307,1.50,1.13
2012.03.13 03:51:58.297,0.82293,0.82307,1.50,1.13
2012.03.13 03:52:01.678,0.82291,0.82307,1.50,1.13
2012.03.13 03:52:04.412,0.82292,0.82307,1.50,1.13
2012.03.13 03:52:04.550,0.82296,0.8231,1.50,1.50
2012.03.13 03:52:04.618,0.82296,0.8231,1.50,1.50
2012.03.13 03:52:05.170,0.82293,0.82309,1.50,1.50
2012.03.13 03:52:05.358,0.82292,0.82308,1.50,2.25
2012.03.13 03:52:08.532,0.82293,0.82308,1.50,1.13
2012.03.13 03:52:08.888,0.82295,0.82308,1.50,1.13
2012.03.13 03:52:09.200,0.82295,0.82311,1.50,3.00
2012.03.13 03:52:11.591,0.82293,0.82309,2.25,1.50
2012.03.13 03:52:13.738,0.82293,0.82311,2.25,3.00
2012.03.13 03:52:15.547,0.82293,0.82309,2.25,1.50
2012.03.13 03:52:27.820,0.82292,0.8231,2.25,1.50
2012.03.13 03:52:29.356,0.82294,0.8231,1.50,1.50
2012.03.13 03:52:29.879,0.82292,0.8231,2.25,1.50
2012.03.13 03:52:33.287,0.82293,0.82311,2.25,3.00
2012.03.13 03:52:34.091,0.82297,0.82313,1.50,3.75
2012.03.13 03:52:34.425,0.82292,0.8231,2.25,1.50
2012.03.13 03:52:34.562,0.82292,0.82308,2.25,1.50
2012.03.13 03:52:37.361,0.82293,0.82309,1.50,1.50
2012.03.13 03:52:37.973,0.82292,0.82308,2.25,1.50
2012.03.13 03:52:52.093,0.82293,0.82309,1.50,1.50
2012.03.13 03:52:52.619,0.82291,0.82309,2.25,1.50
2012.03.13 03:52:53.163,0.82293,0.82309,1.50,1.50
2012.03.13 03:52:58.539,0.82293,0.82311,1.50,2.25
2012.03.13 03:52:58.694,0.82293,0.82309,1.50,1.50
2012.03.13 03:53:02.575,0.82291,0.82307,2.25,1.50
2012.03.13 03:53:02.789,0.82293,0.82309,1.50,1.50
2012.03.13 03:53:05.628,0.82292,0.82308,2.25,1.50
2012.03.13 03:53:09.621,0.82292,0.8231,2.25,1.50
2012.03.13 03:53:10.170,0.82291,0.82309,2.25,1.50
2012.03.13 03:53:12.913,0.82292,0.82308,2.25,1.50
2012.03.13 03:53:14.429,0.82293,0.82309,1.50,1.50
2012.03.13 03:53:15.957,0.82293,0.82311,1.50,2.25
2012.03.13 03:53:16.537,0.82292,0.8231,2.25,1.50
2012.03.13 03:53:17.050,0.82291,0.82309,2.25,1.50
2012.03.13 03:53:18.233,0.82293,0.82309,1.50,1.50
2012.03.13 03:53:18.979,0.82292,0.8231,2.25,1.50
2012.03.13 03:53:31.189,0.82293,0.82311,1.50,2.25
2012.03.13 03:53:43.609,0.82292,0.8231,1.50,1.50
2012.03.13 03:53:44.382,0.82292,0.82308,1.50,1.50
2012.03.13 03:53:44.890,0.82293,0.82309,1.50,1.50
2012.03.13 03:53:45.257,0.8229,0.82307,1.13,1.50
2012.03.13 03:53:45.336,0.82289,0.82307,1.50,2.63
2012.03.13 03:54:08.530,0.8229,0.82307,1.50,1.13
2012.03.13 03:54:38.980,0.82289,0.82307,2.25,2.63
2012.03.13 03:54:45.012,0.8229,0.82307,1.50,1.13
2012.03.13 03:54:45.083,0.82292,0.82307,1.50,1.13
2012.03.13 03:54:45.734,0.82293,0.82307,1.50,1.13
2012.03.13 03:54:47.933,0.82298,0.82308,1.50,1.13
2012.03.13 03:54:48.130,0.82298,0.82314,1.50,3.19
2012.03.13 03:54:48.270,0.82299,0.82314,1.50,1.50
2012.03.13 03:54:48.341,0.82302,0.82319,1.50,1.50
2012.03.13 03:54:48.485,0.82302,0.82319,1.50,1.13
2012.03.13 03:54:48.553,0.82305,0.82321,1.50,1.50
2012.03.13 03:54:49.001,0.82303,0.82319,2.25,1.50
2012.03.13 03:54:49.144,0.82305,0.82321,2.25,1.50
2012.03.13 03:54:49.329,0.82305,0.82323,3.00,3.00
2012.03.13 03:54:49.905,0.82305,0.82323,3.38,1.50
2012.03.13 03:54:50.160,0.82305,0.82321,3.38,1.50
2012.03.13 03:54:51.799,0.82306,0.82322,2.25,1.50
2012.03.13 03:54:52.861,0.82305,0.82321,3.38,1.50
2012.03.13 03:54:53.051,0.82305,0.82323,2.63,2.25
2012.03.13 03:54:53.469,0.82305,0.82321,2.25,1.50
2012.03.13 03:54:53.763,0.82303,0.8232,4.13,1.50
2012.03.13 03:54:53.952,0.82305,0.82323,1.50,3.00
2012.03.13 03:54:54.459,0.82303,0.82321,5.63,1.50
2012.03.13 03:54:54.531,0.82305,0.82323,1.50,1.50
2012.03.13 03:54:55.120,0.82304,0.82322,2.25,1.50
2012.03.13 03:54:59.568,0.82304,0.82322,2.25,1.50
2012.03.13 03:54:59.829,0.82306,0.82322,1.88,1.50
2012.03.13 03:55:00.377,0.82307,0.82322,1.13,1.50
2012.03.13 03:55:00.581,0.8231,0.82326,2.25,1.50
2012.03.13 03:55:01.120,0.8231,0.82325,1.13,2.25
2012.03.13 03:55:01.691,0.82311,0.82325,1.50,1.50
2012.03.13 03:55:01.900,0.82311,0.82327,1.50,1.50
2012.03.13 03:55:05.307,0.82311,0.82328,1.50,1.50
2012.03.13 03:55:07.298,0.82311,0.82326,1.50,1.50
2012.03.13 03:55:09.304,0.82311,0.82328,1.50,1.50
2012.03.13 03:55:09.983,0.82311,0.82327,1.50,1.50
2012.03.13 03:55:24.371,0.82311,0.82325,1.50,1.50
2012.03.13 03:55:24.872,0.8231,0.82323,1.50,1.50
2012.03.13 03:55:25.224,0.82307,0.82323,3.00,2.25
2012.03.13 03:55:25.722,0.82305,0.82323,2.25,1.50
2012.03.13 03:55:26.152,0.82305,0.82323,1.50,2.25
2012.03.13 03:55:26.465,0.82303,0.82318,1.05,1.50
2012.03.13 03:55:26.700,0.82303,0.8232,1.05,1.50
2012.03.13 03:55:30.801,0.82303,0.82319,3.00,1.50
2012.03.13 03:55:31.511,0.82304,0.8232,2.25,1.50
2012.03.13 03:55:31.652,0.82309,0.82325,1.50,1.50
2012.03.13 03:55:32.186,0.82307,0.82323,2.25,1.50
2012.03.13 03:55:32.750,0.82307,0.82323,2.25,1.50
2012.03.13 03:55:33.110,0.82309,0.82325,1.50,1.50
2012.03.13 03:55:33.670,0.82307,0.82324,1.13,1.50
2012.03.13 03:55:45.160,0.82307,0.82324,1.13,2.25
2012.03.13 03:55:45.735,0.82305,0.82319,1.13,1.50
2012.03.13 03:55:45.818,0.82304,0.82322,2.25,1.50
2012.03.13 03:55:46.331,0.82307,0.82323,2.25,1.50
2012.03.13 03:55:48.119,0.82307,0.82325,2.63,1.50
2012.03.13 03:55:48.248,0.82307,0.82323,2.63,1.50
2012.03.13 03:55:50.391,0.82307,0.82323,2.63,1.50
2012.03.13 03:55:50.468,0.82307,0.82325,2.78,1.50
2012.03.13 03:55:50.859,0.82307,0.82323,2.25,1.50
2012.03.13 03:55:52.451,0.82306,0.82321,1.13,1.50
2012.03.13 03:55:52.818,0.82307,0.82323,1.13,1.50
2012.03.13 03:55:53.603,0.82307,0.82322,1.13,1.50
2012.03.13 03:55:54.004,0.82308,0.82326,2.25,2.25
2012.03.13 03:55:54.549,0.82307,0.82325,2.63,1.50
2012.03.13 03:55:54.620,0.82307,0.82323,2.63,1.50
2012.03.13 03:55:55.820,0.82307,0.82322,1.13,1.50
2012.03.13 03:55:59.119,0.82307,0.82323,2.63,1.50
2012.03.13 03:56:00.552,0.82307,0.8232,2.25,2.25
2012.03.13 03:56:00.681,0.82305,0.8232,2.03,3.75
2012.03.13 03:56:01.199,0.82305,0.8232,1.28,3.75
2012.03.13 03:56:06.362,0.82304,0.82318,2.40,2.25
2012.03.13 03:56:07.030,0.823,0.82317,1.09,1.50
2012.03.13 03:56:18.501,0.82303,0.82319,2.40,2.25
2012.03.13 03:56:18.701,0.82303,0.82321,2.40,3.75
2012.03.13 03:56:32.562,0.82305,0.82323,2.03,2.25
2012.03.13 03:56:32.819,0.82308,0.82324,2.25,1.50
2012.03.13 03:56:33.069,0.82307,0.82322,1.13,1.50
2012.03.13 03:56:33.635,0.82307,0.82322,1.13,1.50
2012.03.13 03:56:35.983,0.82308,0.82324,2.25,1.50
2012.03.13 03:56:37.762,0.82307,0.82323,2.63,1.50
2012.03.13 03:56:38.279,0.82307,0.82323,2.63,1.50
2012.03.13 03:56:38.657,0.82307,0.82325,2.63,1.50
2012.03.13 03:56:39.408,0.82307,0.82323,2.63,1.50
2012.03.13 03:56:40.118,0.82308,0.82324,2.25,1.50
2012.03.13 03:56:41.511,0.82308,0.82324,2.25,1.50
2012.03.13 03:56:54.193,0.82308,0.82326,2.25,1.50
2012.03.13 03:56:54.688,0.82307,0.82325,2.63,1.50
2012.03.13 03:57:04.940,0.82309,0.82325,2.25,3.75
2012.03.13 03:57:05.262,0.82305,0.8232,2.40,2.25
2012.03.13 03:57:12.629,0.82305,0.8232,2.37,2.25
2012.03.13 03:57:37.908,0.82303,0.82319,2.74,1.50
2012.03.13 03:57:38.652,0.82303,0.8232,2.74,2.25
2012.03.13 03:58:13.720,0.82308,0.8232,1.50,2.25
2012.03.13 03:58:14.266,0.82307,0.8232,2.37,2.25
2012.03.13 03:58:15.291,0.82308,0.8232,1.50,2.25
2012.03.13 03:58:15.558,0.8231,0.8232,1.50,2.25
2012.03.13 03:58:21.325,0.82308,0.8232,1.50,2.25
2012.03.13 03:58:24.997,0.82307,0.8232,2.37,2.25
2012.03.13 03:58:26.258,0.82308,0.8232,1.50,2.25
2012.03.13 03:58:28.372,0.82309,0.8232,1.50,2.25
2012.03.13 03:58:28.663,0.82307,0.8232,3.12,2.25
2012.03.13 03:58:31.190,0.82307,0.8232,3.12,2.25
2012.03.13 03:58:31.469,0.82312,0.8233,2.25,3.38
2012.03.13 03:58:31.542,0.82312,0.8233,3.75,2.25
2012.03.13 03:58:31.839,0.82313,0.82331,1.88,2.25
2012.03.13 03:58:34.814,0.82312,0.82329,2.63,1.50
2012.03.13 03:58:35.015,0.82312,0.82329,2.63,1.50
2012.03.13 03:58:35.259,0.82311,0.82326,2.63,1.50
2012.03.13 03:58:36.723,0.82311,0.82328,2.63,1.50
2012.03.13 03:58:38.534,0.82313,0.82329,1.88,1.50
2012.03.13 03:58:42.744,0.82312,0.8233,2.63,4.50
2012.03.13 03:58:43.338,0.82312,0.82328,2.63,1.50
2012.03.13 03:58:53.089,0.82313,0.82329,1.88,1.50
2012.03.13 03:58:55.891,0.82312,0.82328,1.88,1.50
2012.03.13 03:58:57.829,0.82313,0.82329,1.88,1.50
2012.03.13 03:59:02.865,0.82314,0.8233,2.25,3.00
2012.03.13 03:59:03.216,0.82316,0.82334,2.63,2.44
2012.03.13 03:59:03.298,0.8232,0.82335,1.50,1.50
2012.03.13 03:59:03.706,0.82323,0.82338,1.50,3.94
2012.03.13 03:59:03.789,0.82324,0.82338,1.50,3.94
2012.03.13 03:59:04.173,0.82321,0.82337,1.50,2.25
2012.03.13 03:59:07.510,0.8232,0.82336,1.50,1.50
2012.03.13 03:59:10.419,0.8232,0.82336,1.88,1.50
2012.03.13 03:59:10.753,0.82321,0.82338,3.38,2.25
2012.03.13 03:59:11.092,0.82322,0.82338,3.98,1.50
2012.03.13 03:59:11.400,0.82326,0.82342,1.80,1.69
2012.03.13 03:59:12.066,0.82324,0.82342,2.48,3.19
2012.03.13 03:59:12.754,0.82324,0.82342,2.48,3.19
2012.03.13 03:59:13.596,0.82326,0.82342,1.50,3.19
2012.03.13 03:59:14.600,0.82325,0.82341,1.80,2.25
2012.03.13 03:59:15.831,0.82324,0.8234,1.50,2.25
2012.03.13 03:59:15.902,0.82323,0.82337,1.13,1.50
2012.03.13 03:59:16.409,0.82321,0.82338,1.13,2.25
2012.03.13 03:59:18.267,0.82323,0.82339,1.50,2.25
2012.03.13 03:59:18.785,0.82322,0.82339,1.88,1.50
2012.03.13 03:59:21.581,0.82322,0.82339,1.88,1.69
2012.03.13 03:59:21.921,0.82317,0.82331,1.13,3.75
2012.03.13 03:59:22.120,0.82314,0.8233,3.00,1.50
2012.03.13 03:59:22.836,0.82315,0.82331,1.50,2.25
2012.03.13 03:59:38.350,0.82314,0.8233,3.00,1.50
2012.03.13 03:59:44.080,0.82316,0.82332,1.50,2.25
2012.03.13 03:59:44.578,0.82318,0.82334,1.50,2.25
2012.03.13 03:59:45.205,0.82317,0.82333,1.50,2.25
2012.03.13 03:59:45.511,0.82321,0.82333,1.39,1.50
2012.03.13 03:59:45.721,0.82325,0.82339,2.55,3.00
2012.03.13 03:59:45.865,0.82321,0.82335,1.54,1.50
2012.03.13 03:59:46.071,0.8232,0.82333,2.25,1.50
2012.03.13 03:59:46.343,0.82321,0.82335,2.25,2.25
2012.03.13 03:59:46.890,0.82321,0.82336,2.25,2.25
2012.03.13 03:59:50.401,0.82321,0.82336,2.25,3.00
2012.03.13 03:59:50.753,0.82321,0.8233,2.25,1.50
2012.03.13 03:59:50.821,0.82318,0.8233,1.62,1.50
2012.03.13 03:59:50.954,0.82316,0.8233,1.50,1.50
2012.03.13 03:59:51.225,0.82315,0.82332,1.35,1.50
2012.03.13 03:59:51.789,0.82314,0.82332,3.04,1.50
2012.03.13 03:59:51.920,0.82314,0.8233,2.10,1.50
2012.03.13 03:59:52.451,0.82314,0.8233,1.80,1.50
2012.03.13 03:59:52.583,0.82315,0.82333,1.50,3.00
2012.03.13 03:59:57.994,0.82321,0.82333,1.39,1.50
2012.03.13 03:59:58.335,0.82326,0.82337,2.25,2.63
2012.03.13 03:59:58.643,0.82321,0.82335,2.25,1.50
2012.03.13 03:59:58.717,0.82317,0.82332,1.05,1.50
2012.03.13 03:59:59.255,0.82313,0.82331,2.37,1.50
2012.03.13 03:59:59.882,0.82316,0.82332,2.37,2.25
