2013.02.12 22:00:00.373,0.84008,0.84039,0.75,0.75
2013.02.12 22:00:02.686,0.84004,0.8405,0.38,1.13
2013.02.12 22:00:04.761,0.84004,0.84045,0.38,1.13
2013.02.12 22:00:05.028,0.84003,0.84049,0.38,1.13
2013.02.12 22:00:05.211,0.84003,0.84043,0.38,0.75
2013.02.12 22:00:05.591,0.84003,0.84036,0.38,0.75
2013.02.12 22:00:06.534,0.84004,0.84036,0.38,0.75
2013.02.12 22:00:14.671,0.84004,0.84041,0.38,1.13
2013.02.12 22:00:16.601,0.84004,0.84039,0.38,0.75
2013.02.12 22:00:16.921,0.84007,0.84039,1.13,0.75
2013.02.12 22:00:28.102,0.84013,0.84039,1.13,0.75
2013.02.12 22:00:28.161,0.84013,0.84041,1.13,0.38
2013.02.12 22:00:28.282,0.84004,0.84041,0.38,0.38
2013.02.12 22:00:29.932,0.84004,0.84032,0.38,0.75
2013.02.12 22:00:32.141,0.84007,0.84041,0.75,0.38
2013.02.12 22:00:32.921,0.84004,0.84041,0.38,0.38
2013.02.12 22:00:46.796,0.84001,0.84049,0.75,0.75
2013.02.12 22:00:47.581,0.84022,0.84051,0.75,1.13
2013.02.12 22:00:47.701,0.84022,0.84054,0.75,1.13
2013.02.12 22:00:47.761,0.84022,0.84058,0.75,0.75
2013.02.12 22:00:50.181,0.84028,0.84062,0.75,0.75
2013.02.12 22:00:52.342,0.84022,0.84058,0.75,0.75
2013.02.12 22:00:52.893,0.84031,0.84065,0.75,1.13
2013.02.12 22:00:52.951,0.84031,0.84067,0.75,1.13
2013.02.12 22:00:53.071,0.84031,0.84069,0.75,0.75
2013.02.12 22:00:54.901,0.84031,0.84073,0.75,1.13
2013.02.12 22:00:55.021,0.84031,0.84078,0.75,1.13
2013.02.12 22:00:55.622,0.84031,0.84079,0.75,0.75
2013.02.12 22:00:55.682,0.8403,0.84085,0.75,0.75
2013.02.12 22:00:56.337,0.8403,0.84086,0.75,1.13
2013.02.12 22:00:58.162,0.84052,0.84088,0.75,0.75
2013.02.12 22:01:01.162,0.84048,0.84082,0.75,0.75
2013.02.12 22:01:02.141,0.84043,0.84077,0.75,0.75
2013.02.12 22:01:09.201,0.84052,0.84088,0.75,0.75
2013.02.12 22:01:12.093,0.84052,0.84058,0.75,0.38
2013.02.12 22:01:12.471,0.84022,0.84058,0.38,0.38
2013.02.12 22:01:13.102,0.84006,0.84084,0.75,0.75
2013.02.12 22:01:19.613,0.84017,0.84083,0.75,0.75
2013.02.12 22:01:25.482,0.84012,0.84085,1.13,0.75
2013.02.12 22:01:37.042,0.84012,0.84079,1.13,0.75
2013.02.12 22:02:04.971,0.8401,0.84079,0.75,0.75
2013.02.12 22:02:06.393,0.8401,0.84063,0.75,0.23
2013.02.12 22:02:13.141,0.8401,0.84062,0.75,0.23
2013.02.12 22:02:16.382,0.8404,0.84062,0.75,0.23
2013.02.12 22:02:17.337,0.84031,0.84062,0.75,0.23
2013.02.12 22:02:17.394,0.84023,0.84062,0.75,0.23
2013.02.12 22:02:17.632,0.84007,0.84062,0.75,0.23
2013.02.12 22:02:20.683,0.84009,0.84058,0.75,0.75
2013.02.12 22:02:33.512,0.84009,0.84048,0.75,0.75
2013.02.12 22:02:41.064,0.84009,0.84039,0.75,0.75
2013.02.12 22:02:47.913,0.84009,0.84035,0.75,0.75
2013.02.12 22:02:48.612,0.84008,0.84035,0.75,0.75
2013.02.12 22:02:49.457,0.84011,0.84035,0.75,0.75
2013.02.12 22:02:49.973,0.84011,0.84034,0.75,0.75
2013.02.12 22:02:52.083,0.84018,0.84034,0.75,0.75
2013.02.12 22:02:52.393,0.84031,0.8404,0.75,0.75
2013.02.12 22:02:55.883,0.84034,0.8404,0.75,0.75
2013.02.12 22:02:56.312,0.84032,0.84039,0.75,0.75
2013.02.12 22:02:58.852,0.84035,0.84039,0.75,0.75
2013.02.12 22:02:59.153,0.84037,0.84045,0.75,0.75
2013.02.12 22:02:59.844,0.84037,0.84045,0.75,0.75
2013.02.12 22:03:21.563,0.84037,0.84049,0.75,0.75
2013.02.12 22:03:42.016,0.84037,0.84046,0.75,0.75
2013.02.12 22:03:43.524,0.84034,0.84046,0.75,0.75
2013.02.12 22:04:22.533,0.84022,0.84053,2.25,1.50
2013.02.12 22:04:31.535,0.84023,0.84053,1.50,1.50
2013.02.12 22:04:32.278,0.84025,0.84046,1.13,1.50
2013.02.12 22:04:35.134,0.84025,0.84047,1.13,1.50
2013.02.12 22:04:35.405,0.84025,0.8405,1.13,1.50
2013.02.12 22:04:36.404,0.84029,0.84054,1.13,1.50
2013.02.12 22:04:36.524,0.84029,0.8406,1.13,1.13
2013.02.12 22:05:03.385,0.84028,0.84061,1.50,1.13
2013.02.12 22:05:13.304,0.84028,0.84061,1.50,1.13
2013.02.12 22:05:16.914,0.84028,0.84061,1.50,1.13
2013.02.12 22:05:26.207,0.8403,0.84061,1.50,1.13
2013.02.12 22:05:28.864,0.8403,0.84061,1.50,1.13
2013.02.12 22:05:42.375,0.84031,0.84061,1.50,1.13
2013.02.12 22:05:44.073,0.84031,0.84061,1.50,1.13
2013.02.12 22:05:51.505,0.84031,0.84061,1.50,1.13
2013.02.12 22:05:52.825,0.84031,0.84064,1.50,1.50
2013.02.12 22:05:52.944,0.84031,0.84067,1.50,1.50
2013.02.12 22:05:53.067,0.84034,0.8407,1.50,1.88
2013.02.12 22:05:53.253,0.84034,0.84075,1.50,1.13
2013.02.12 22:05:55.906,0.84034,0.84079,1.50,1.13
2013.02.12 22:06:03.233,0.84034,0.84074,1.50,1.26
2013.02.12 22:06:03.764,0.84034,0.84074,1.50,2.01
2013.02.12 22:06:17.855,0.8403,0.84074,1.88,2.01
2013.02.12 22:06:40.664,0.84035,0.84074,1.50,2.01
2013.02.12 22:06:46.287,0.84031,0.84074,1.50,2.01
2013.02.12 22:06:46.534,0.8403,0.84074,1.50,2.01
2013.02.12 22:06:47.147,0.8403,0.84073,1.50,1.71
2013.02.12 22:06:49.093,0.84054,0.84074,0.75,1.71
2013.02.12 22:06:49.335,0.84048,0.84078,1.88,2.49
2013.02.12 22:06:51.295,0.84048,0.84078,1.88,2.49
2013.02.12 22:07:21.156,0.84048,0.84079,1.88,2.46
2013.02.12 22:07:21.815,0.84066,0.84079,0.75,1.18
2013.02.12 22:07:22.134,0.84068,0.84095,1.50,1.13
2013.02.12 22:07:22.258,0.84068,0.84095,1.50,1.13
2013.02.12 22:07:23.577,0.84068,0.84094,1.50,1.50
2013.02.12 22:07:23.765,0.84062,0.84089,2.25,1.50
2013.02.12 22:07:23.884,0.84051,0.84089,1.50,1.50
2013.02.12 22:07:26.619,0.84058,0.84091,1.50,1.13
2013.02.12 22:07:30.416,0.84058,0.84091,3.00,1.28
2013.02.12 22:07:42.167,0.84058,0.84091,2.63,1.28
2013.02.12 22:07:42.437,0.84058,0.84083,2.25,1.13
2013.02.12 22:07:43.079,0.84055,0.8408,1.13,1.50
2013.02.12 22:07:44.806,0.84055,0.84079,1.13,1.50
2013.02.12 22:07:45.045,0.84055,0.8408,1.50,1.88
2013.02.12 22:07:45.576,0.84052,0.84078,1.50,1.65
2013.02.12 22:07:46.566,0.84045,0.84074,1.88,1.50
2013.02.12 22:07:54.157,0.84045,0.84074,1.88,1.50
2013.02.12 22:07:55.567,0.84045,0.84074,1.88,1.50
2013.02.12 22:08:00.617,0.84047,0.84076,1.50,2.40
2013.02.12 22:08:01.129,0.84057,0.8408,1.50,1.28
2013.02.12 22:08:10.327,0.84057,0.84083,1.50,2.03
2013.02.12 22:08:10.575,0.84058,0.84085,1.88,1.50
2013.02.12 22:08:10.637,0.84069,0.84091,1.50,1.13
2013.02.12 22:08:10.846,0.84069,0.84091,1.50,1.13
2013.02.12 22:08:11.453,0.84068,0.84091,1.50,1.13
2013.02.12 22:08:14.596,0.84068,0.8409,1.50,1.13
2013.02.12 22:08:15.000,0.84068,0.8409,1.50,1.13
2013.02.12 22:08:17.196,0.84062,0.84087,2.40,1.88
2013.02.12 22:08:17.316,0.84062,0.84087,1.50,1.88
2013.02.12 22:08:22.276,0.84062,0.84087,1.50,1.88
2013.02.12 22:08:24.299,0.84065,0.84087,1.50,1.88
2013.02.12 22:08:24.566,0.84068,0.8409,1.50,1.13
2013.02.12 22:08:24.626,0.84069,0.8409,1.50,1.13
2013.02.12 22:08:24.957,0.84067,0.8409,1.50,1.13
2013.02.12 22:08:30.467,0.84066,0.8409,1.50,1.13
2013.02.12 22:08:30.956,0.84062,0.84086,1.50,1.13
2013.02.12 22:08:31.081,0.84062,0.84086,1.50,1.13
2013.02.12 22:08:33.856,0.8406,0.84086,1.50,1.13
2013.02.12 22:08:39.176,0.84061,0.84086,1.50,1.13
2013.02.12 22:08:39.306,0.84063,0.84086,1.50,1.13
2013.02.12 22:08:39.698,0.84062,0.84086,1.50,1.13
2013.02.12 22:08:40.137,0.84063,0.84086,1.50,1.13
2013.02.12 22:08:40.346,0.84061,0.84086,1.50,1.13
2013.02.12 22:08:51.516,0.84061,0.84086,1.50,1.13
2013.02.12 22:08:53.076,0.84061,0.84086,1.50,1.28
2013.02.12 22:08:56.086,0.84057,0.84086,1.50,1.28
2013.02.12 22:08:56.447,0.84055,0.84081,1.50,1.13
2013.02.12 22:08:56.587,0.84052,0.84079,1.50,1.50
2013.02.12 22:08:56.647,0.84052,0.8407,1.50,1.13
2013.02.12 22:08:58.105,0.8405,0.8407,0.75,1.13
2013.02.12 22:08:58.464,0.84006,0.84066,2.93,1.50
2013.02.12 22:08:58.595,0.84003,0.84066,2.25,1.50
2013.02.12 22:09:00.255,0.84015,0.84066,1.50,1.50
2013.02.12 22:09:02.118,0.84023,0.84069,1.50,1.50
2013.02.12 22:09:02.425,0.84033,0.84069,1.50,1.50
2013.02.12 22:09:10.347,0.84037,0.84064,1.50,1.50
2013.02.12 22:09:10.656,0.84034,0.84062,1.50,1.50
2013.02.12 22:09:18.676,0.84034,0.84061,1.50,1.13
2013.02.12 22:09:19.046,0.84028,0.84058,1.50,1.50
2013.02.12 22:09:28.267,0.8403,0.84058,1.50,1.50
2013.02.12 22:09:32.385,0.8403,0.84058,1.50,1.50
2013.02.12 22:09:33.425,0.84025,0.84058,1.50,1.50
2013.02.12 22:09:34.016,0.8403,0.84058,1.50,1.50
2013.02.12 22:09:37.375,0.8403,0.84058,1.50,1.50
2013.02.12 22:09:37.666,0.8403,0.8406,1.50,1.13
2013.02.12 22:09:37.726,0.8403,0.84062,1.50,1.13
2013.02.12 22:09:37.845,0.84034,0.84064,1.24,1.50
2013.02.12 22:09:38.816,0.84034,0.84069,1.50,1.50
2013.02.12 22:09:47.305,0.84038,0.84069,1.13,1.50
2013.02.12 22:09:47.365,0.84038,0.84069,1.13,1.50
2013.02.12 22:09:47.910,0.8403,0.84054,1.50,1.13
2013.02.12 22:09:52.827,0.84033,0.84053,1.50,1.13
2013.02.12 22:09:54.216,0.84034,0.84069,1.88,1.50
2013.02.12 22:09:54.769,0.84035,0.84069,1.50,1.50
2013.02.12 22:09:55.422,0.84032,0.84069,1.50,1.50
2013.02.12 22:10:01.385,0.84035,0.84069,1.50,1.50
2013.02.12 22:10:11.375,0.84022,0.84069,1.50,1.50
2013.02.12 22:10:25.344,0.84022,0.84069,1.50,1.50
2013.02.12 22:10:35.365,0.84033,0.84069,1.50,1.50
2013.02.12 22:10:39.995,0.84033,0.84071,1.50,1.13
2013.02.12 22:10:42.175,0.8403,0.84071,1.50,1.13
2013.02.12 22:10:42.236,0.8403,0.84057,1.50,1.13
2013.02.12 22:10:42.667,0.8403,0.84054,1.50,1.13
2013.02.12 22:10:47.309,0.84034,0.84071,1.50,1.13
2013.02.12 22:10:47.965,0.84028,0.84071,1.50,1.13
2013.02.12 22:11:16.445,0.84034,0.84076,1.50,1.50
2013.02.12 22:11:16.626,0.84034,0.84078,1.50,1.13
2013.02.12 22:11:28.965,0.84033,0.84079,1.50,1.13
2013.02.12 22:11:49.331,0.84034,0.84079,1.50,1.13
2013.02.12 22:12:11.493,0.84037,0.84079,1.50,1.13
2013.02.12 22:12:11.795,0.84033,0.84079,1.50,1.13
2013.02.12 22:12:23.044,0.8404,0.84079,1.50,1.13
2013.02.12 22:12:24.505,0.84053,0.84079,1.50,1.50
2013.02.12 22:12:25.525,0.84056,0.84079,1.43,1.50
2013.02.12 22:12:25.645,0.84057,0.84079,1.43,1.50
2013.02.12 22:12:26.343,0.84055,0.84079,1.43,1.50
2013.02.12 22:12:26.405,0.84054,0.84068,1.99,1.13
2013.02.12 22:12:26.526,0.84047,0.84067,1.50,1.50
2013.02.12 22:12:26.586,0.84051,0.84068,1.50,1.13
2013.02.12 22:12:26.826,0.84051,0.84072,1.50,1.50
2013.02.12 22:12:26.945,0.84053,0.84072,1.50,1.50
2013.02.12 22:12:27.213,0.84053,0.84079,1.50,1.50
2013.02.12 22:12:28.355,0.84049,0.84078,1.50,1.50
2013.02.12 22:12:28.595,0.84048,0.84072,1.50,1.88
2013.02.12 22:12:29.706,0.84043,0.84067,1.50,1.13
2013.02.12 22:12:29.836,0.84043,0.84067,1.50,1.13
2013.02.12 22:12:40.565,0.84045,0.84067,1.50,1.13
2013.02.12 22:12:42.294,0.84046,0.84067,1.50,1.13
2013.02.12 22:12:42.595,0.84041,0.8407,1.50,1.13
2013.02.12 22:13:13.204,0.84044,0.84072,1.43,2.25
2013.02.12 22:13:14.413,0.84044,0.84072,1.43,2.25
2013.02.12 22:13:19.165,0.84042,0.8407,1.50,1.13
2013.02.12 22:13:19.616,0.84042,0.8407,1.50,1.13
2013.02.12 22:13:22.396,0.84043,0.8407,1.50,1.13
2013.02.12 22:13:23.403,0.84043,0.8407,1.50,1.13
2013.02.12 22:13:29.608,0.84043,0.8407,1.50,1.13
2013.02.12 22:13:29.679,0.84042,0.8407,1.50,1.13
2013.02.12 22:13:30.277,0.84041,0.8407,1.50,1.13
2013.02.12 22:13:30.620,0.84042,0.8407,1.50,1.13
2013.02.12 22:13:50.076,0.84039,0.8407,1.50,1.13
2013.02.12 22:14:10.175,0.84042,0.8407,1.50,1.13
2013.02.12 22:14:16.355,0.84044,0.84072,1.50,1.13
2013.02.12 22:14:26.485,0.84044,0.84071,1.24,1.50
2013.02.12 22:14:30.136,0.84042,0.84071,1.50,1.13
2013.02.12 22:14:40.479,0.84043,0.84071,1.32,1.13
2013.02.12 22:14:40.545,0.84044,0.84071,1.32,1.13
2013.02.12 22:14:50.187,0.84045,0.84071,1.50,1.13
2013.02.12 22:14:50.485,0.84044,0.84071,1.32,1.13
2013.02.12 22:14:59.945,0.84046,0.8407,1.50,1.13
2013.02.12 22:15:02.606,0.84044,0.8407,1.50,1.13
2013.02.12 22:15:02.885,0.84042,0.8407,1.50,1.13
2013.02.12 22:15:30.187,0.84042,0.8407,1.50,1.13
2013.02.12 22:15:36.122,0.84045,0.8407,1.50,1.13
2013.02.12 22:15:38.431,0.84045,0.8407,1.50,1.13
2013.02.12 22:15:42.776,0.84045,0.8407,1.50,1.13
2013.02.12 22:15:45.035,0.84045,0.8407,1.50,1.13
2013.02.12 22:15:48.495,0.84045,0.8407,1.50,1.13
2013.02.12 22:15:49.385,0.84045,0.8407,1.50,1.13
2013.02.12 22:16:03.400,0.84045,0.84072,1.50,1.88
2013.02.12 22:16:04.935,0.84045,0.84071,1.50,1.13
2013.02.12 22:16:09.121,0.84045,0.84071,1.50,1.13
2013.02.12 22:16:09.366,0.84043,0.84071,1.50,1.13
2013.02.12 22:16:09.606,0.84042,0.84068,1.50,1.50
2013.02.12 22:16:10.866,0.84047,0.8407,1.50,1.13
2013.02.12 22:16:12.855,0.8404,0.8407,1.50,1.13
2013.02.12 22:16:13.631,0.8404,0.8407,1.50,1.13
2013.02.12 22:16:34.135,0.84049,0.84072,1.50,1.13
2013.02.12 22:16:34.196,0.84049,0.84074,1.50,1.50
2013.02.12 22:16:34.317,0.84053,0.84077,1.50,2.25
2013.02.12 22:16:53.708,0.84054,0.84079,1.50,1.50
2013.02.12 22:17:04.451,0.84055,0.84079,1.50,1.50
2013.02.12 22:17:13.176,0.8405,0.84079,1.50,1.50
2013.02.12 22:17:14.498,0.8405,0.84079,1.50,1.50
2013.02.12 22:17:22.056,0.8405,0.84081,1.50,1.13
2013.02.12 22:17:22.148,0.8405,0.84083,1.50,1.13
2013.02.12 22:17:22.386,0.84052,0.84089,1.50,1.88
2013.02.12 22:17:28.377,0.84053,0.84089,1.35,1.50
2013.02.12 22:17:28.700,0.84058,0.84089,1.35,1.50
2013.02.12 22:17:32.171,0.8406,0.84089,1.35,1.50
2013.02.12 22:17:38.332,0.84059,0.84089,1.35,1.50
2013.02.12 22:17:38.396,0.84052,0.84089,1.50,1.50
2013.02.12 22:17:46.251,0.84054,0.84089,1.50,1.50
2013.02.12 22:17:52.537,0.84057,0.84089,1.50,1.50
2013.02.12 22:18:01.879,0.84055,0.84089,1.50,1.88
2013.02.12 22:18:02.107,0.84056,0.84089,1.50,1.50
2013.02.12 22:18:02.368,0.84054,0.84089,1.50,1.50
2013.02.12 22:18:03.042,0.84053,0.84089,1.50,1.50
2013.02.12 22:18:14.456,0.84047,0.84089,1.50,1.88
2013.02.12 22:18:16.391,0.84047,0.84089,1.50,1.50
2013.02.12 22:18:26.436,0.84047,0.8409,1.50,1.13
2013.02.12 22:18:28.600,0.84046,0.8409,1.50,1.13
2013.02.12 22:18:34.014,0.84046,0.8409,1.50,1.13
2013.02.12 22:18:34.855,0.84052,0.8409,1.50,1.13
2013.02.12 22:18:50.420,0.84053,0.8409,1.50,1.13
2013.02.12 22:18:55.145,0.84053,0.84091,1.50,1.13
2013.02.12 22:19:04.499,0.84053,0.8409,1.50,1.13
2013.02.12 22:19:05.650,0.84053,0.84083,1.50,1.50
2013.02.12 22:19:06.026,0.84049,0.84078,1.50,1.50
2013.02.12 22:19:13.129,0.84049,0.84078,1.50,1.50
2013.02.12 22:19:15.186,0.84051,0.84078,1.50,1.50
2013.02.12 22:19:15.366,0.84053,0.84078,1.50,1.50
2013.02.12 22:19:15.830,0.84051,0.84078,1.50,1.50
2013.02.12 22:19:16.546,0.84051,0.84078,1.50,1.50
2013.02.12 22:19:20.686,0.84051,0.84078,1.50,1.50
2013.02.12 22:19:24.248,0.84054,0.84078,1.50,1.50
2013.02.12 22:19:28.370,0.84054,0.84078,1.50,1.50
2013.02.12 22:19:38.526,0.84052,0.84078,1.50,1.50
2013.02.12 22:19:49.160,0.84053,0.84078,1.50,1.50
2013.02.12 22:19:52.350,0.84054,0.84078,1.50,1.50
2013.02.12 22:20:00.219,0.84054,0.84078,1.50,1.50
2013.02.12 22:20:02.577,0.84054,0.84078,1.50,1.50
2013.02.12 22:20:16.549,0.84053,0.84081,1.50,1.13
2013.02.12 22:20:26.636,0.84047,0.84081,1.50,1.13
2013.02.12 22:20:40.625,0.84047,0.84081,2.67,1.13
2013.02.12 22:20:50.579,0.84049,0.8408,1.92,1.13
2013.02.12 22:21:04.496,0.84052,0.8408,1.50,1.13
2013.02.12 22:21:14.448,0.84052,0.84081,1.50,1.13
2013.02.12 22:21:15.278,0.84052,0.84081,1.50,1.13
2013.02.12 22:21:15.911,0.84052,0.84081,1.50,1.13
2013.02.12 22:21:17.425,0.84052,0.84081,1.50,1.13
2013.02.12 22:21:23.566,0.84052,0.84081,1.50,1.13
2013.02.12 22:21:25.119,0.84052,0.84081,1.50,1.13
2013.02.12 22:21:28.456,0.84052,0.8408,1.50,1.13
2013.02.12 22:21:38.485,0.84052,0.84081,1.50,1.13
2013.02.12 22:21:52.516,0.84059,0.84081,1.47,1.13
2013.02.12 22:21:56.798,0.84062,0.84081,1.47,1.13
2013.02.12 22:21:57.328,0.84062,0.84081,1.47,1.13
2013.02.12 22:21:57.847,0.84062,0.84082,1.47,1.50
2013.02.12 22:21:58.380,0.84062,0.84082,1.47,1.50
2013.02.12 22:22:02.520,0.8406,0.84082,1.47,1.50
2013.02.12 22:22:02.588,0.84058,0.84082,1.50,1.50
2013.02.12 22:22:07.308,0.84058,0.84082,1.50,1.50
2013.02.12 22:22:16.427,0.84058,0.84082,1.50,1.50
2013.02.12 22:22:18.066,0.84061,0.84082,1.50,1.88
2013.02.12 22:22:25.477,0.84062,0.84085,1.50,1.50
2013.02.12 22:22:25.538,0.84064,0.84086,1.50,1.13
2013.02.12 22:22:26.060,0.84064,0.84086,1.50,1.13
2013.02.12 22:22:26.641,0.84064,0.84086,1.50,1.13
2013.02.12 22:22:38.417,0.84064,0.84087,1.50,1.50
2013.02.12 22:22:49.206,0.84064,0.84087,1.50,5.25
2013.02.12 22:22:50.376,0.84063,0.84087,1.50,5.25
2013.02.12 22:22:58.737,0.84064,0.84087,1.50,5.25
2013.02.12 22:22:59.241,0.84066,0.84087,1.50,1.50
2013.02.12 22:23:19.078,0.84063,0.84087,1.50,1.88
2013.02.12 22:23:21.397,0.84067,0.84089,1.50,2.25
2013.02.12 22:23:21.457,0.84067,0.84092,1.50,1.88
2013.02.12 22:23:21.637,0.84069,0.84092,1.50,1.88
2013.02.12 22:23:23.187,0.84066,0.84092,1.50,1.88
2013.02.12 22:23:31.087,0.84066,0.84092,1.50,2.25
2013.02.12 22:23:31.508,0.84066,0.84092,1.50,2.25
2013.02.12 22:23:36.217,0.84066,0.84092,1.50,1.50
2013.02.12 22:23:53.178,0.8406,0.84092,2.78,1.88
2013.02.12 22:23:54.146,0.84062,0.84092,2.03,1.88
2013.02.12 22:24:16.556,0.84071,0.84092,1.20,1.88
2013.02.12 22:24:23.159,0.8407,0.84092,1.20,1.50
2013.02.12 22:24:26.676,0.84064,0.84092,1.69,1.50
2013.02.12 22:24:40.497,0.8407,0.84092,1.28,1.88
2013.02.12 22:24:44.256,0.84073,0.84092,1.28,1.50
2013.02.12 22:24:44.784,0.84073,0.84093,1.28,1.50
2013.02.12 22:24:48.327,0.84066,0.84092,1.50,1.50
2013.02.12 22:25:04.466,0.84066,0.84094,1.50,1.13
2013.02.12 22:25:11.486,0.84066,0.84092,1.50,1.50
2013.02.12 22:25:28.546,0.84067,0.84095,1.50,1.88
2013.02.12 22:25:38.556,0.84067,0.84096,1.50,1.13
2013.02.12 22:25:45.627,0.84064,0.84087,1.69,1.50
2013.02.12 22:27:30.338,0.84057,0.84089,1.32,1.50
2013.02.12 22:27:30.535,0.84066,0.84089,1.50,2.25
2013.02.12 22:27:43.107,0.8407,0.84092,1.50,1.35
2013.02.12 22:27:49.566,0.84074,0.84093,1.50,1.73
2013.02.12 22:27:50.116,0.84075,0.84094,1.50,1.13
2013.02.12 22:27:51.246,0.84075,0.84097,1.50,1.50
2013.02.12 22:28:00.299,0.84075,0.84097,1.50,1.50
2013.02.12 22:28:40.349,0.84075,0.84097,1.50,1.50
2013.02.12 22:29:32.855,0.84076,0.84098,1.50,2.25
2013.02.12 22:29:33.159,0.84083,0.84103,1.50,1.13
2013.02.12 22:29:33.278,0.84083,0.84113,1.50,1.50
2013.02.12 22:29:33.709,0.8409,0.84116,1.50,1.13
2013.02.12 22:29:34.508,0.84094,0.84116,1.50,1.13
2013.02.12 22:29:36.265,0.84094,0.84116,2.03,1.13
2013.02.12 22:29:38.576,0.84094,0.8412,2.03,1.13
2013.02.12 22:29:38.928,0.84094,0.84114,2.03,1.50
2013.02.12 22:29:41.240,0.84094,0.84117,1.28,1.13
2013.02.12 22:29:43.468,0.84093,0.84117,1.28,1.13
2013.02.12 22:29:44.468,0.84086,0.84115,1.47,1.13
2013.02.12 22:29:45.068,0.84086,0.84118,1.47,2.25
2013.02.12 22:29:45.378,0.84089,0.84118,1.69,1.50
2013.02.12 22:29:45.737,0.84091,0.84115,1.54,1.13
2013.02.12 22:29:46.247,0.84092,0.8412,1.69,1.50
2013.02.12 22:29:51.357,0.84092,0.8412,2.14,1.50
2013.02.12 22:30:01.157,0.84096,0.84121,1.50,1.13
2013.02.12 22:30:03.105,0.84098,0.84121,1.50,1.13
2013.02.12 22:30:04.535,0.84098,0.8412,1.50,1.50
2013.02.12 22:30:06.101,0.84098,0.8412,1.50,1.50
2013.02.12 22:30:07.179,0.84098,0.84119,1.50,1.13
2013.02.12 22:30:07.601,0.84098,0.84119,1.50,1.13
2013.02.12 22:30:08.549,0.84098,0.84119,1.50,1.13
2013.02.12 22:30:10.338,0.84098,0.84119,1.50,1.13
2013.02.12 22:30:10.518,0.84098,0.84127,2.29,2.25
2013.02.12 22:30:10.638,0.84103,0.84124,1.50,1.13
2013.02.12 22:30:11.198,0.84107,0.84125,1.69,1.50
2013.02.12 22:30:11.508,0.84113,0.84125,1.50,1.50
2013.02.12 22:30:11.809,0.8411,0.84124,1.50,1.13
2013.02.12 22:30:12.342,0.8411,0.84129,1.50,1.13
2013.02.12 22:30:15.208,0.84109,0.84129,1.50,1.13
2013.02.12 22:30:15.328,0.84099,0.84129,3.00,1.13
2013.02.12 22:30:16.400,0.84099,0.84129,3.00,1.13
2013.02.12 22:30:16.749,0.84099,0.84129,3.75,1.13
2013.02.12 22:30:16.897,0.84099,0.84129,3.75,1.13
2013.02.12 22:30:22.472,0.84099,0.84129,1.35,1.13
2013.02.12 22:30:23.129,0.841,0.84129,1.13,1.13
2013.02.12 22:30:28.018,0.84102,0.84128,3.00,1.13
2013.02.12 22:30:28.084,0.84101,0.84128,3.38,1.13
2013.02.12 22:30:32.547,0.84098,0.84128,4.50,1.13
2013.02.12 22:30:38.377,0.84097,0.84128,6.00,1.13
2013.02.12 22:30:38.437,0.84097,0.84128,5.25,1.13
2013.02.12 22:30:39.988,0.84097,0.84128,5.25,1.13
2013.02.12 22:30:40.128,0.84098,0.84128,4.50,1.13
2013.02.12 22:30:42.319,0.84098,0.84128,4.50,1.13
2013.02.12 22:30:42.704,0.84098,0.84128,4.50,1.13
2013.02.12 22:30:43.008,0.84098,0.84128,4.50,1.13
2013.02.12 22:30:43.588,0.841,0.84131,1.13,2.85
2013.02.12 22:30:43.648,0.84101,0.84131,1.35,2.85
2013.02.12 22:30:49.298,0.84103,0.8413,1.73,1.50
2013.02.12 22:30:50.207,0.84104,0.8413,1.13,1.50
2013.02.12 22:30:50.388,0.84105,0.84131,1.13,2.85
2013.02.12 22:30:52.608,0.84104,0.84128,1.58,1.13
2013.02.12 22:30:53.208,0.84102,0.84128,1.13,1.13
2013.02.12 22:30:53.838,0.84102,0.84128,1.13,1.13
2013.02.12 22:30:54.179,0.841,0.84128,1.50,1.13
2013.02.12 22:30:54.537,0.84099,0.84128,1.13,1.13
2013.02.12 22:30:54.838,0.84099,0.84128,1.50,1.13
2013.02.12 22:30:54.957,0.84099,0.84128,1.50,1.13
2013.02.12 22:30:56.638,0.84099,0.84128,1.50,1.13
2013.02.12 22:30:59.258,0.84099,0.84128,1.50,1.13
2013.02.12 22:31:03.850,0.84097,0.84128,6.00,1.13
2013.02.12 22:31:08.292,0.84095,0.84122,2.85,1.50
2013.02.12 22:31:08.598,0.84098,0.84123,1.88,1.13
2013.02.12 22:31:09.258,0.84098,0.84123,1.50,1.13
2013.02.12 22:31:12.658,0.84097,0.84128,4.50,3.00
2013.02.12 22:31:12.898,0.84097,0.84124,2.63,1.50
2013.02.12 22:31:23.708,0.84096,0.84122,1.88,2.25
2013.02.12 22:31:25.029,0.84093,0.84117,3.00,1.50
2013.02.12 22:31:27.449,0.84093,0.84117,1.50,1.50
2013.02.12 22:31:28.097,0.84086,0.84112,3.00,1.13
2013.02.12 22:31:28.175,0.84075,0.84108,1.35,1.13
2013.02.12 22:31:30.040,0.84075,0.84109,1.73,2.10
2013.02.12 22:31:30.371,0.84075,0.84109,1.73,2.10
2013.02.12 22:31:30.558,0.84077,0.84112,1.28,1.28
2013.02.12 22:31:30.798,0.84078,0.84121,1.65,1.50
2013.02.12 22:31:31.410,0.8408,0.84109,1.13,2.25
2013.02.12 22:31:31.481,0.8408,0.84103,1.13,1.50
2013.02.12 22:31:31.610,0.84078,0.84103,1.35,1.88
2013.02.12 22:31:33.940,0.84072,0.84103,1.13,1.88
2013.02.12 22:31:34.248,0.84077,0.84103,1.88,1.13
2013.02.12 22:31:34.308,0.84077,0.84103,1.88,1.13
2013.02.12 22:31:34.368,0.84077,0.84103,4.13,1.13
2013.02.12 22:31:41.380,0.8408,0.84108,2.25,2.25
2013.02.12 22:31:44.114,0.8408,0.84108,2.25,2.25
2013.02.12 22:31:44.549,0.84082,0.84107,1.13,1.13
2013.02.12 22:31:44.829,0.84081,0.84107,1.20,1.13
2013.02.12 22:31:44.948,0.8408,0.84107,1.13,1.13
2013.02.12 22:31:45.615,0.8408,0.84108,2.10,3.75
2013.02.12 22:31:46.139,0.8408,0.84108,2.10,2.63
2013.02.12 22:31:46.691,0.84085,0.84109,1.50,2.25
2013.02.12 22:31:48.268,0.84092,0.84109,1.50,1.50
2013.02.12 22:31:48.328,0.84092,0.84118,1.50,1.13
2013.02.12 22:31:48.508,0.84098,0.8412,1.50,1.20
2013.02.12 22:31:48.628,0.84099,0.84119,1.13,1.20
2013.02.12 22:31:53.248,0.84098,0.84128,1.50,1.20
2013.02.12 22:31:55.758,0.84096,0.84127,1.35,3.38
2013.02.12 22:31:55.998,0.84095,0.84122,1.50,1.50
2013.02.12 22:31:57.542,0.84093,0.84123,1.13,1.13
2013.02.12 22:32:04.558,0.84098,0.84128,2.89,1.50
2013.02.12 22:32:08.628,0.841,0.8413,1.13,1.50
2013.02.12 22:32:12.908,0.84102,0.8413,1.50,1.50
2013.02.12 22:32:13.028,0.84102,0.8413,1.50,1.50
2013.02.12 22:32:13.388,0.84108,0.84138,1.50,1.65
2013.02.12 22:32:17.157,0.84108,0.84136,1.50,1.13
2013.02.12 22:32:17.338,0.84108,0.84137,1.50,1.13
2013.02.12 22:32:17.967,0.84108,0.84136,1.50,1.13
2013.02.12 22:32:23.368,0.8411,0.84139,1.13,1.50
2013.02.12 22:32:25.148,0.8411,0.84139,1.77,1.50
2013.02.12 22:32:25.695,0.84109,0.84139,2.14,1.50
2013.02.12 22:32:26.987,0.84109,0.84139,2.14,1.50
2013.02.12 22:32:34.319,0.84111,0.84139,1.13,1.50
2013.02.12 22:32:35.598,0.84109,0.84139,1.65,1.50
2013.02.12 22:32:38.447,0.84109,0.84139,1.13,1.50
2013.02.12 22:32:38.850,0.84108,0.84135,1.50,1.13
2013.02.12 22:32:38.926,0.84105,0.84134,1.28,1.13
2013.02.12 22:32:40.189,0.84102,0.84127,1.28,1.13
2013.02.12 22:32:40.309,0.841,0.84127,1.20,1.13
2013.02.12 22:32:40.369,0.841,0.84127,1.20,1.13
2013.02.12 22:32:42.231,0.84097,0.84127,1.13,1.13
2013.02.12 22:32:42.538,0.84096,0.84127,1.28,1.13
2013.02.12 22:32:43.708,0.84096,0.84125,1.28,1.13
2013.02.12 22:32:43.828,0.84095,0.84125,1.13,1.13
2013.02.12 22:32:45.143,0.84095,0.84125,1.13,1.13
2013.02.12 22:32:46.544,0.84105,0.84124,1.32,1.13
2013.02.12 22:32:47.948,0.84106,0.84125,1.32,1.13
2013.02.12 22:32:48.068,0.84107,0.84125,1.32,1.13
2013.02.12 22:32:50.153,0.8411,0.84125,1.32,1.13
2013.02.12 22:32:50.754,0.8411,0.84127,1.32,1.13
2013.02.12 22:32:52.358,0.84108,0.84127,1.32,1.13
2013.02.12 22:32:52.680,0.84108,0.84127,1.32,1.13
2013.02.12 22:32:53.850,0.84111,0.84127,1.32,1.13
2013.02.12 22:32:53.969,0.84111,0.84129,1.32,1.13
2013.02.12 22:32:56.479,0.84102,0.84129,1.13,1.13
2013.02.12 22:32:56.598,0.84102,0.84129,1.13,1.13
2013.02.12 22:32:57.589,0.841,0.84129,1.13,1.13
2013.02.12 22:32:58.074,0.84094,0.8413,1.58,1.95
2013.02.12 22:32:58.511,0.84093,0.84127,1.28,1.65
2013.02.12 22:32:59.078,0.84093,0.84127,1.28,1.65
2013.02.12 22:33:01.483,0.84093,0.84129,3.15,3.38
2013.02.12 22:33:02.030,0.84093,0.84122,3.15,1.13
2013.02.12 22:33:04.173,0.84094,0.84121,1.13,1.13
2013.02.12 22:33:04.490,0.84093,0.84123,1.73,1.88
2013.02.12 22:33:04.549,0.84093,0.84123,1.73,1.88
2013.02.12 22:33:05.548,0.84094,0.84123,1.73,1.50
2013.02.12 22:33:05.914,0.84094,0.84123,1.73,1.50
2013.02.12 22:33:06.479,0.84094,0.84123,1.73,1.50
2013.02.12 22:33:12.257,0.84094,0.84123,1.13,1.50
2013.02.12 22:33:14.959,0.84094,0.84123,2.03,1.50
2013.02.12 22:33:16.102,0.84094,0.84123,1.65,1.50
2013.02.12 22:33:17.439,0.84094,0.84123,1.65,1.50
2013.02.12 22:33:17.617,0.84092,0.84122,1.65,1.13
2013.02.12 22:33:21.219,0.8409,0.84123,1.28,2.63
2013.02.12 22:33:26.549,0.84091,0.84125,1.50,1.13
2013.02.12 22:33:27.810,0.84091,0.84126,1.50,1.13
2013.02.12 22:33:28.338,0.84091,0.84126,1.50,1.13
2013.02.12 22:33:28.840,0.84092,0.84123,1.13,1.13
2013.02.12 22:33:30.600,0.84093,0.84125,1.58,1.13
2013.02.12 22:33:32.308,0.84093,0.84125,1.13,1.13
2013.02.12 22:33:33.069,0.84093,0.84122,1.28,1.50
2013.02.12 22:33:39.112,0.84093,0.84122,1.84,1.50
2013.02.12 22:33:44.383,0.84093,0.84122,1.84,1.50
2013.02.12 22:33:44.508,0.84093,0.84122,1.84,1.50
2013.02.12 22:33:52.258,0.84093,0.84122,1.20,1.50
2013.02.12 22:33:54.729,0.84091,0.84122,2.63,1.50
2013.02.12 22:33:55.112,0.84091,0.84122,2.63,1.50
2013.02.12 22:33:57.630,0.84091,0.8412,2.63,1.13
2013.02.12 22:34:00.458,0.84092,0.84121,3.00,1.13
2013.02.12 22:34:00.858,0.84092,0.84121,3.00,1.13
2013.02.12 22:34:01.176,0.84092,0.84121,3.00,1.13
2013.02.12 22:34:05.419,0.84092,0.84119,1.50,1.13
2013.02.12 22:34:05.960,0.8409,0.84117,2.25,1.50
2013.02.12 22:34:08.378,0.8409,0.84117,2.25,1.50
2013.02.12 22:34:12.664,0.84089,0.84115,2.25,1.13
2013.02.12 22:34:23.933,0.84089,0.84116,2.25,1.50
2013.02.12 22:34:23.998,0.84089,0.84116,2.25,1.50
2013.02.12 22:34:25.857,0.84089,0.84116,2.25,1.50
2013.02.12 22:34:26.178,0.84084,0.84113,2.25,1.88
2013.02.12 22:34:26.748,0.84083,0.84113,2.25,1.88
2013.02.12 22:34:28.820,0.84083,0.84113,2.25,2.25
2013.02.12 22:34:29.120,0.84081,0.84109,2.25,1.13
2013.02.12 22:34:29.239,0.84082,0.84103,2.25,1.13
2013.02.12 22:34:29.359,0.84082,0.84103,2.25,1.13
2013.02.12 22:34:30.258,0.84072,0.84102,1.13,1.50
2013.02.12 22:34:30.557,0.84076,0.84105,3.00,3.15
2013.02.12 22:34:32.290,0.84077,0.84104,3.38,1.88
2013.02.12 22:34:33.198,0.84077,0.84104,5.63,1.50
2013.02.12 22:34:33.458,0.84077,0.84104,5.63,1.50
2013.02.12 22:34:36.023,0.84077,0.84104,3.38,1.50
2013.02.12 22:34:38.613,0.84079,0.84104,1.35,1.50
2013.02.12 22:34:42.200,0.84079,0.84104,1.35,1.50
2013.02.12 22:34:42.378,0.84079,0.84104,1.35,1.50
2013.02.12 22:34:42.557,0.84079,0.84102,1.13,1.50
2013.02.12 22:34:42.857,0.8407,0.84099,2.63,1.13
2013.02.12 22:34:43.439,0.8407,0.84099,1.73,1.13
2013.02.12 22:34:43.877,0.8407,0.84099,1.73,1.13
2013.02.12 22:34:56.578,0.84072,0.84099,1.28,1.13
2013.02.12 22:34:57.269,0.84071,0.841,1.13,1.13
2013.02.12 22:35:00.340,0.84071,0.841,1.58,1.13
2013.02.12 22:35:10.339,0.84083,0.84102,1.20,1.50
2013.02.12 22:35:10.457,0.84084,0.84102,1.20,1.50
2013.02.12 22:35:12.318,0.84082,0.84102,1.20,1.50
2013.02.12 22:35:12.438,0.84084,0.84102,1.20,1.50
2013.02.12 22:35:16.241,0.84083,0.84104,1.20,1.50
2013.02.12 22:35:20.458,0.84083,0.84108,1.20,1.13
2013.02.12 22:35:20.578,0.84079,0.84108,1.13,1.13
2013.02.12 22:35:55.368,0.84076,0.84108,1.13,1.50
2013.02.12 22:35:58.591,0.84078,0.84108,2.14,1.50
2013.02.12 22:36:07.338,0.8408,0.84108,1.13,1.50
2013.02.12 22:36:08.428,0.8408,0.84108,1.13,1.50
2013.02.12 22:36:22.477,0.8408,0.84108,3.23,1.50
2013.02.12 22:36:32.397,0.84083,0.84109,1.43,1.50
2013.02.12 22:36:32.523,0.84081,0.84109,1.13,1.50
2013.02.12 22:36:45.209,0.84078,0.84109,1.35,1.50
2013.02.12 22:36:45.967,0.84078,0.84109,1.35,1.50
2013.02.12 22:36:46.289,0.84078,0.84109,1.35,1.50
2013.02.12 22:36:55.608,0.84079,0.84109,1.80,1.50
2013.02.12 22:36:57.907,0.8408,0.84108,1.13,1.50
2013.02.12 22:36:57.967,0.8408,0.84108,1.13,1.50
2013.02.12 22:37:05.477,0.8408,0.84109,2.25,2.25
2013.02.12 22:37:19.548,0.84083,0.84109,1.20,2.25
2013.02.12 22:37:32.191,0.84081,0.84108,2.25,2.25
2013.02.12 22:37:32.260,0.84081,0.84108,2.25,2.25
2013.02.12 22:37:37.808,0.84081,0.84108,1.50,2.25
2013.02.12 22:37:47.958,0.8408,0.84109,1.95,2.25
2013.02.12 22:38:07.477,0.84082,0.84112,1.95,1.73
2013.02.12 22:38:17.827,0.84081,0.84113,2.25,1.13
2013.02.12 22:38:18.140,0.84082,0.84113,2.25,1.13
2013.02.12 22:38:19.670,0.84082,0.84113,2.25,1.13
2013.02.12 22:38:31.368,0.84082,0.84114,2.25,2.25
2013.02.12 22:38:31.688,0.84082,0.84113,2.89,1.28
2013.02.12 22:38:41.408,0.84082,0.84114,3.42,2.25
2013.02.12 22:38:41.997,0.8408,0.84114,2.25,2.63
2013.02.12 22:38:49.180,0.8408,0.84114,2.25,2.25
2013.02.12 22:38:55.440,0.8408,0.84114,2.25,2.25
2013.02.12 22:38:55.759,0.84083,0.84114,2.07,1.50
2013.02.12 22:38:57.309,0.84083,0.84115,2.82,1.13
2013.02.12 22:38:57.428,0.84083,0.84116,2.82,2.25
2013.02.12 22:39:07.468,0.84081,0.84119,1.50,1.50
2013.02.12 22:39:07.760,0.84079,0.84119,1.50,1.50
2013.02.12 22:39:07.929,0.8408,0.84119,1.13,1.50
2013.02.12 22:39:17.799,0.84086,0.84119,2.25,1.50
2013.02.12 22:39:17.918,0.84086,0.84119,2.25,1.50
2013.02.12 22:39:19.418,0.84086,0.84119,2.25,1.50
2013.02.12 22:39:19.599,0.8409,0.84119,2.78,1.50
2013.02.12 22:39:29.539,0.8409,0.84119,1.50,1.50
2013.02.12 22:39:39.229,0.84086,0.84119,2.25,1.50
2013.02.12 22:39:39.439,0.84086,0.84119,1.50,1.50
2013.02.12 22:39:39.991,0.84086,0.84119,2.25,1.50
2013.02.12 22:39:43.510,0.84086,0.84119,2.25,1.50
2013.02.12 22:39:43.749,0.8409,0.84119,2.18,1.50
2013.02.12 22:39:53.520,0.8409,0.84119,2.93,1.50
2013.02.12 22:39:53.650,0.84087,0.84119,1.50,1.50
2013.02.12 22:39:53.888,0.84086,0.84119,1.50,1.50
2013.02.12 22:39:57.489,0.84085,0.84123,1.50,1.13
2013.02.12 22:39:57.688,0.84084,0.8412,1.50,3.00
2013.02.12 22:39:57.747,0.84085,0.8412,1.50,2.25
2013.02.12 22:39:58.919,0.84086,0.8412,1.50,2.25
2013.02.12 22:40:07.567,0.84087,0.84115,1.50,1.13
2013.02.12 22:40:07.868,0.84099,0.84122,1.24,1.13
2013.02.12 22:40:08.458,0.84099,0.84122,1.24,1.13
2013.02.12 22:40:17.598,0.84092,0.8412,1.50,2.25
2013.02.12 22:40:17.658,0.84092,0.8412,1.50,2.25
2013.02.12 22:40:18.456,0.84085,0.84119,1.95,1.50
2013.02.12 22:40:31.567,0.84087,0.84119,1.13,1.50
2013.02.12 22:40:31.628,0.84087,0.84119,1.13,1.50
2013.02.12 22:40:41.578,0.84088,0.8412,2.93,4.13
2013.02.12 22:40:52.377,0.84086,0.8412,1.50,1.50
2013.02.12 22:40:55.569,0.84087,0.84119,2.14,1.50
2013.02.12 22:41:01.158,0.84087,0.84116,2.14,1.13
2013.02.12 22:41:01.217,0.84087,0.84116,2.14,1.13
2013.02.12 22:41:08.200,0.84088,0.84115,1.50,1.13
2013.02.12 22:41:11.677,0.84088,0.84115,1.50,1.13
2013.02.12 22:41:11.798,0.84088,0.84115,1.50,1.13
2013.02.12 22:41:14.978,0.84088,0.84115,1.50,1.13
2013.02.12 22:41:15.099,0.84085,0.84115,1.50,1.13
2013.02.12 22:41:19.698,0.84088,0.84116,1.92,1.13
2013.02.12 22:41:19.758,0.84088,0.84116,1.92,1.13
2013.02.12 22:41:20.359,0.84088,0.84116,1.92,1.13
2013.02.12 22:41:43.569,0.84093,0.84115,1.35,1.13
2013.02.12 22:41:43.628,0.84093,0.84116,1.35,1.13
2013.02.12 22:41:53.578,0.84089,0.84121,1.50,3.00
2013.02.12 22:41:55.238,0.84087,0.84121,1.50,1.50
2013.02.12 22:41:57.578,0.84087,0.84121,1.50,1.88
2013.02.12 22:41:57.698,0.84085,0.84121,1.50,1.13
2013.02.12 22:41:57.789,0.84085,0.84121,1.50,1.13
2013.02.12 22:42:07.558,0.84085,0.84116,1.50,1.13
2013.02.12 22:42:27.999,0.84087,0.84115,1.50,1.13
2013.02.12 22:42:31.389,0.84084,0.84115,1.50,1.13
2013.02.12 22:42:41.349,0.84081,0.84115,2.93,1.13
2013.02.12 22:42:41.707,0.84086,0.84116,2.25,1.13
2013.02.12 22:42:47.868,0.84086,0.84116,1.50,1.13
2013.02.12 22:42:55.519,0.84086,0.84116,2.70,1.13
2013.02.12 22:43:05.508,0.84086,0.84116,2.25,1.13
2013.02.12 22:43:18.008,0.84087,0.84115,1.50,1.13
2013.02.12 22:43:19.488,0.84089,0.84116,1.13,1.13
2013.02.12 22:43:29.539,0.8409,0.84115,1.50,1.13
2013.02.12 22:43:29.661,0.8409,0.84115,1.50,1.13
2013.02.12 22:43:39.768,0.84088,0.84115,2.25,1.13
2013.02.12 22:43:39.829,0.84087,0.84116,1.50,1.13
2013.02.12 22:43:43.548,0.84089,0.84116,1.50,1.13
2013.02.12 22:43:53.589,0.84089,0.84116,2.25,1.13
2013.02.12 22:44:02.122,0.84087,0.84115,2.25,1.13
2013.02.12 22:44:04.739,0.84087,0.84121,2.10,1.58
2013.02.12 22:44:04.858,0.84086,0.84115,2.25,1.13
2013.02.12 22:44:04.918,0.84086,0.84115,2.25,1.13
2013.02.12 22:44:05.270,0.84085,0.84115,2.25,1.13
2013.02.12 22:44:07.347,0.84085,0.84115,2.85,1.13
2013.02.12 22:44:07.538,0.84085,0.84115,2.85,1.13
2013.02.12 22:44:17.652,0.84087,0.84115,2.25,1.13
2013.02.12 22:44:27.680,0.84086,0.84115,1.50,1.13
2013.02.12 22:44:31.478,0.84086,0.84115,1.50,1.13
2013.02.12 22:44:31.598,0.84087,0.84115,2.03,1.13
2013.02.12 22:44:41.597,0.84086,0.84115,2.63,1.13
2013.02.12 22:44:52.829,0.84086,0.84115,2.25,1.13
2013.02.12 22:44:53.088,0.84087,0.84116,1.50,1.13
2013.02.12 22:44:55.528,0.84094,0.84116,1.24,1.13
2013.02.12 22:45:05.528,0.8409,0.84116,1.50,1.13
2013.02.12 22:45:17.979,0.84087,0.84117,2.25,1.13
2013.02.12 22:45:18.159,0.84086,0.84116,1.88,1.13
2013.02.12 22:45:19.519,0.84094,0.84116,1.35,1.13
2013.02.12 22:45:20.639,0.84092,0.84117,1.35,1.13
2013.02.12 22:45:20.758,0.84094,0.84117,1.35,1.13
2013.02.12 22:45:29.722,0.8409,0.84116,1.88,1.13
2013.02.12 22:45:31.129,0.84089,0.84117,3.38,1.13
2013.02.12 22:45:39.499,0.8409,0.84118,3.75,1.13
2013.02.12 22:45:39.817,0.84099,0.84122,1.50,1.50
2013.02.12 22:45:43.579,0.84103,0.84126,1.50,1.73
2013.02.12 22:45:55.134,0.84103,0.84126,1.50,2.48
2013.02.12 22:45:56.709,0.84103,0.84126,1.50,1.73
2013.02.12 22:46:00.461,0.84106,0.84119,1.50,1.50
2013.02.12 22:46:00.673,0.84103,0.84123,1.50,1.13
2013.02.12 22:46:00.741,0.84103,0.84124,1.50,1.35
2013.02.12 22:46:01.490,0.84108,0.84125,1.50,1.35
2013.02.12 22:46:11.050,0.84103,0.84126,1.50,1.73
2013.02.12 22:46:11.291,0.841,0.84127,1.50,1.73
2013.02.12 22:46:17.476,0.84101,0.84128,1.50,2.10
2013.02.12 22:46:18.141,0.84101,0.84128,4.50,2.10
2013.02.12 22:46:31.670,0.84102,0.84128,2.22,2.10
2013.02.12 22:46:31.730,0.84102,0.84128,2.22,2.10
2013.02.12 22:46:47.970,0.84104,0.84127,2.25,1.35
2013.02.12 22:46:48.160,0.84104,0.84127,1.50,1.35
2013.02.12 22:47:09.479,0.84103,0.84127,2.25,2.10
2013.02.12 22:47:30.510,0.84105,0.84128,1.50,2.10
2013.02.12 22:47:38.129,0.84105,0.84133,1.50,1.35
2013.02.12 22:47:38.249,0.84105,0.84132,1.50,1.35
2013.02.12 22:47:43.386,0.84105,0.84133,2.25,1.73
2013.02.12 22:47:43.569,0.84105,0.84133,2.25,1.73
2013.02.12 22:47:48.039,0.84109,0.84133,1.50,1.73
2013.02.12 22:47:53.550,0.84109,0.84133,1.50,1.73
2013.02.12 22:47:58.380,0.84109,0.84133,1.50,1.73
2013.02.12 22:48:13.941,0.84109,0.84134,1.50,1.71
2013.02.12 22:48:14.000,0.84113,0.84134,2.25,1.13
2013.02.12 22:48:14.120,0.84114,0.84135,2.25,2.25
2013.02.12 22:48:14.479,0.84115,0.84135,1.13,1.50
2013.02.12 22:48:14.661,0.84118,0.84139,1.50,1.65
2013.02.12 22:48:14.840,0.84118,0.84139,2.25,1.65
2013.02.12 22:48:14.900,0.84118,0.84139,2.25,1.65
2013.02.12 22:48:16.937,0.84118,0.8414,1.50,1.65
2013.02.12 22:48:19.184,0.84118,0.8414,1.50,1.65
2013.02.12 22:48:19.310,0.84119,0.84142,1.50,1.65
2013.02.12 22:48:19.730,0.84118,0.8414,2.25,1.65
2013.02.12 22:48:19.962,0.84118,0.84139,2.25,1.65
2013.02.12 22:48:20.021,0.84118,0.84139,2.25,2.40
2013.02.12 22:48:20.200,0.84118,0.84139,1.50,2.40
2013.02.12 22:48:20.683,0.84119,0.84142,2.25,1.65
2013.02.12 22:48:25.131,0.84119,0.84143,2.25,1.65
2013.02.12 22:48:32.201,0.84119,0.84139,2.25,2.40
2013.02.12 22:48:32.262,0.84118,0.84138,1.50,1.65
2013.02.12 22:48:32.451,0.84118,0.84138,1.50,1.65
2013.02.12 22:48:33.056,0.8412,0.84142,2.25,1.65
2013.02.12 22:48:36.185,0.84118,0.84141,3.00,1.65
2013.02.12 22:48:36.621,0.84118,0.84143,3.00,1.65
2013.02.12 22:48:36.685,0.84118,0.8414,3.00,1.65
2013.02.12 22:48:36.930,0.84118,0.84138,1.50,2.40
2013.02.12 22:48:40.861,0.84118,0.84138,1.50,2.40
2013.02.12 22:48:43.161,0.84118,0.84138,1.50,1.65
2013.02.12 22:48:43.858,0.84118,0.84139,1.50,1.65
2013.02.12 22:48:44.231,0.84118,0.84139,1.50,1.88
2013.02.12 22:48:48.099,0.84118,0.84137,1.50,1.13
2013.02.12 22:48:48.893,0.84118,0.84139,1.50,1.13
2013.02.12 22:48:51.585,0.84118,0.8414,1.50,1.65
2013.02.12 22:48:52.081,0.84118,0.84141,1.50,1.65
2013.02.12 22:48:53.689,0.84118,0.84141,2.63,1.65
2013.02.12 22:48:56.449,0.84121,0.84142,1.13,1.65
2013.02.12 22:49:02.035,0.84118,0.8414,2.25,1.65
2013.02.12 22:49:02.101,0.84118,0.84139,1.50,1.65
2013.02.12 22:49:03.292,0.84118,0.84139,1.50,1.65
2013.02.12 22:49:05.270,0.84117,0.8414,1.50,1.65
2013.02.12 22:49:07.205,0.84117,0.84142,3.00,1.28
2013.02.12 22:49:07.329,0.84119,0.84141,1.50,1.50
2013.02.12 22:49:07.470,0.84119,0.8414,1.50,1.50
2013.02.12 22:49:12.321,0.84117,0.84142,2.25,1.95
2013.02.12 22:49:16.699,0.84117,0.84142,1.50,1.58
2013.02.12 22:49:18.110,0.84119,0.84142,1.50,1.20
2013.02.12 22:49:20.460,0.84119,0.84142,1.50,1.95
2013.02.12 22:49:27.259,0.84119,0.84142,2.25,1.95
2013.02.12 22:49:28.247,0.84119,0.84143,2.25,1.95
2013.02.12 22:49:38.219,0.8412,0.84142,2.74,1.20
2013.02.12 22:49:45.179,0.8412,0.84141,1.50,1.13
2013.02.12 22:49:45.358,0.8412,0.84141,1.50,1.13
2013.02.12 22:49:47.385,0.8412,0.84141,1.50,1.13
2013.02.12 22:49:48.013,0.8412,0.8414,1.50,1.50
2013.02.12 22:49:48.138,0.8412,0.84142,1.50,1.20
2013.02.12 22:49:54.249,0.8412,0.84141,1.50,1.13
2013.02.12 22:49:55.299,0.8412,0.84141,1.50,1.88
2013.02.12 22:49:57.640,0.8412,0.84141,1.50,1.13
2013.02.12 22:49:58.160,0.8412,0.8414,1.50,1.50
2013.02.12 22:49:58.730,0.8412,0.84141,1.50,1.13
2013.02.12 22:50:05.318,0.84119,0.84142,2.78,1.95
2013.02.12 22:50:08.090,0.84118,0.84139,3.53,1.50
2013.02.12 22:50:08.149,0.84118,0.84141,3.53,1.20
2013.02.12 22:50:08.732,0.84118,0.84141,3.53,1.95
2013.02.12 22:50:18.043,0.84118,0.84139,3.53,1.50
2013.02.12 22:50:22.458,0.84116,0.84139,3.72,1.50
2013.02.12 22:50:26.867,0.84117,0.84139,1.50,1.50
2013.02.12 22:50:32.343,0.84117,0.8414,1.50,1.50
2013.02.12 22:50:32.869,0.84117,0.84141,2.25,1.50
2013.02.12 22:50:41.226,0.84118,0.84141,1.50,1.13
2013.02.12 22:50:46.349,0.84118,0.84142,2.67,1.20
2013.02.12 22:50:46.970,0.84118,0.84142,2.67,1.95
2013.02.12 22:50:50.419,0.84118,0.8414,2.67,1.50
2013.02.12 22:50:50.599,0.84118,0.84141,2.67,1.13
2013.02.12 22:50:56.459,0.84119,0.8414,1.50,1.50
2013.02.12 22:50:56.578,0.84117,0.84142,1.50,1.95
2013.02.12 22:51:06.663,0.84117,0.84139,1.50,1.50
2013.02.12 22:51:07.301,0.84118,0.84141,1.50,1.50
2013.02.12 22:51:09.224,0.84118,0.84141,1.50,1.50
2013.02.12 22:51:10.519,0.84118,0.84142,2.78,1.95
2013.02.12 22:51:10.820,0.84118,0.8414,2.78,1.50
2013.02.12 22:51:11.402,0.84118,0.84141,2.78,1.13
2013.02.12 22:51:18.119,0.84118,0.84141,4.28,1.13
2013.02.12 22:51:29.629,0.84118,0.84142,1.50,1.58
2013.02.12 22:51:41.459,0.84119,0.84142,3.00,2.33
2013.02.12 22:51:44.621,0.84119,0.84141,2.25,1.50
2013.02.12 22:51:45.772,0.84118,0.84142,1.50,2.33
2013.02.12 22:51:45.902,0.84116,0.84139,1.50,1.50
2013.02.12 22:51:46.159,0.84116,0.8414,1.50,1.50
2013.02.12 22:51:52.423,0.84118,0.84141,2.25,1.88
2013.02.12 22:51:52.859,0.84118,0.84142,4.47,1.58
2013.02.12 22:51:55.589,0.84118,0.84142,4.47,1.58
2013.02.12 22:52:04.079,0.84118,0.8414,2.25,1.50
2013.02.12 22:52:07.880,0.84118,0.84141,1.50,1.20
2013.02.12 22:52:09.489,0.84118,0.8414,1.50,1.50
2013.02.12 22:52:11.089,0.84117,0.8414,1.50,1.50
2013.02.12 22:52:11.400,0.84112,0.8414,4.88,1.50
2013.02.12 22:52:12.339,0.84113,0.8414,5.63,1.50
2013.02.12 22:52:18.829,0.84112,0.8414,7.13,1.50
2013.02.12 22:52:19.350,0.84112,0.84138,2.85,2.25
2013.02.12 22:52:22.841,0.84115,0.84138,2.25,2.25
2013.02.12 22:52:22.960,0.84115,0.84138,2.25,2.25
2013.02.12 22:52:23.740,0.84112,0.84138,2.25,2.25
2013.02.12 22:52:27.573,0.84112,0.84138,2.25,2.25
2013.02.12 22:52:28.099,0.84112,0.84138,2.25,2.25
2013.02.12 22:52:28.341,0.84112,0.84138,2.25,2.25
2013.02.12 22:52:28.943,0.84112,0.84138,2.25,2.25
2013.02.12 22:52:34.659,0.84114,0.84138,1.47,2.25
2013.02.12 22:52:44.459,0.84114,0.84138,1.47,2.25
2013.02.12 22:52:44.640,0.84113,0.84139,1.50,2.25
2013.02.12 22:52:44.699,0.84113,0.84139,1.50,2.25
2013.02.12 22:52:48.194,0.84113,0.84139,1.50,2.25
2013.02.12 22:52:48.500,0.84113,0.8414,2.25,1.50
2013.02.12 22:52:48.620,0.84114,0.8414,1.50,1.50
2013.02.12 22:52:51.840,0.84114,0.84139,3.00,1.50
2013.02.12 22:52:55.436,0.84114,0.84141,1.50,1.20
2013.02.12 22:52:59.841,0.84121,0.84139,1.28,1.50
2013.02.12 22:53:02.050,0.84121,0.84142,2.78,2.33
2013.02.12 22:53:05.411,0.84122,0.84141,1.28,1.20
2013.02.12 22:53:07.934,0.8412,0.84141,2.25,1.13
2013.02.12 22:53:08.182,0.84126,0.84146,1.50,1.58
2013.02.12 22:53:08.722,0.84124,0.84146,1.50,1.58
2013.02.12 22:53:11.528,0.84125,0.84147,1.50,1.58
2013.02.12 22:53:11.960,0.84124,0.84141,1.50,2.25
2013.02.12 22:53:12.020,0.84117,0.84134,1.50,1.50
2013.02.12 22:53:12.509,0.84111,0.84135,1.13,1.50
2013.02.12 22:53:13.859,0.84112,0.84136,1.50,1.50
2013.02.12 22:53:13.920,0.84112,0.84136,1.50,1.50
2013.02.12 22:53:14.040,0.84109,0.84136,2.25,1.50
2013.02.12 22:53:14.482,0.84109,0.84136,2.25,1.50
2013.02.12 22:53:18.630,0.84109,0.84134,2.25,1.50
2013.02.12 22:53:18.749,0.84109,0.84125,1.50,1.50
2013.02.12 22:53:18.869,0.84089,0.84123,1.69,1.50
2013.02.12 22:53:19.109,0.84089,0.84123,2.25,1.50
2013.02.12 22:53:19.469,0.84074,0.84123,1.69,1.50
2013.02.12 22:53:23.641,0.84074,0.84126,1.69,1.50
2013.02.12 22:53:23.820,0.84073,0.84126,2.07,1.50
2013.02.12 22:53:26.801,0.84073,0.84126,1.69,1.50
2013.02.12 22:53:27.346,0.84073,0.84126,1.69,1.50
2013.02.12 22:53:28.779,0.84073,0.8413,1.69,1.50
2013.02.12 22:53:31.860,0.84085,0.84133,1.69,1.88
2013.02.12 22:53:32.220,0.84103,0.84131,1.50,1.50
2013.02.12 22:53:33.529,0.84107,0.84135,1.50,1.88
2013.02.12 22:53:33.597,0.84106,0.84135,1.50,1.88
2013.02.12 22:53:33.721,0.84106,0.84135,2.25,1.13
2013.02.12 22:53:45.658,0.8411,0.84137,1.92,1.50
2013.02.12 22:53:45.723,0.84108,0.84138,1.13,2.25
2013.02.12 22:53:47.511,0.84108,0.84138,1.50,1.50
2013.02.12 22:53:51.169,0.84108,0.84139,1.50,3.38
2013.02.12 22:53:51.820,0.84108,0.84138,1.50,1.50
2013.02.12 22:53:52.400,0.84108,0.84132,1.50,1.50
2013.02.12 22:53:53.371,0.84102,0.84132,2.25,1.50
2013.02.12 22:53:55.562,0.84102,0.84132,2.25,1.50
2013.02.12 22:53:56.162,0.84105,0.84132,2.25,1.50
2013.02.12 22:53:58.490,0.84105,0.84132,1.50,1.50
2013.02.12 22:54:00.632,0.84105,0.84132,1.50,1.50
2013.02.12 22:54:17.133,0.84107,0.84138,2.25,1.88
2013.02.12 22:54:19.212,0.84107,0.84138,2.25,1.88
2013.02.12 22:54:19.750,0.84107,0.84137,2.10,1.50
2013.02.12 22:54:29.931,0.84106,0.84136,2.25,2.25
2013.02.12 22:54:39.240,0.84106,0.84137,2.10,3.00
2013.02.12 22:54:39.420,0.84106,0.84137,1.35,3.75
2013.02.12 22:54:46.511,0.84107,0.84138,1.50,3.38
2013.02.12 22:55:01.470,0.8411,0.84139,2.14,1.88
2013.02.12 22:55:04.120,0.8411,0.84141,2.89,1.50
2013.02.12 22:55:08.049,0.8411,0.8414,1.50,1.88
2013.02.12 22:55:11.571,0.84108,0.84137,1.50,1.13
2013.02.12 22:55:21.999,0.84106,0.84136,2.25,1.13
2013.02.12 22:55:22.479,0.84114,0.84136,1.20,1.13
2013.02.12 22:55:32.451,0.84109,0.84137,1.50,1.13
2013.02.12 22:55:43.570,0.84108,0.84136,2.03,1.13
2013.02.12 22:55:53.502,0.84108,0.84137,1.50,1.13
2013.02.12 22:56:03.350,0.84105,0.84135,2.25,1.13
2013.02.12 22:56:03.662,0.84109,0.84137,2.25,1.20
2013.02.12 22:56:04.660,0.84111,0.84138,2.78,1.13
2013.02.12 22:56:05.170,0.84118,0.84138,1.50,1.13
2013.02.12 22:56:23.750,0.84118,0.84139,1.50,1.13
2013.02.12 22:56:24.111,0.84118,0.84139,2.25,1.13
2013.02.12 22:56:31.661,0.84116,0.84142,1.88,2.70
2013.02.12 22:56:31.847,0.84114,0.84137,2.82,1.13
2013.02.12 22:56:43.152,0.84112,0.84131,1.50,1.50
2013.02.12 22:56:43.750,0.84112,0.84135,1.50,1.50
2013.02.12 22:56:43.871,0.84116,0.8414,1.50,1.50
2013.02.12 22:56:43.990,0.84117,0.8414,2.25,1.50
2013.02.12 22:56:44.567,0.84111,0.84141,3.19,1.88
2013.02.12 22:56:46.243,0.84111,0.84141,3.19,1.88
2013.02.12 22:56:49.410,0.84116,0.84141,1.92,1.95
2013.02.12 22:56:53.062,0.84116,0.84145,1.62,1.20
2013.02.12 22:56:53.772,0.84118,0.84145,1.50,1.20
2013.02.12 22:56:54.203,0.84117,0.84145,2.67,1.20
2013.02.12 22:56:54.511,0.84117,0.84137,1.92,1.88
2013.02.12 22:56:54.691,0.84114,0.84137,1.50,1.50
2013.02.12 22:56:57.060,0.84114,0.84137,1.50,1.50
2013.02.12 22:57:07.421,0.84114,0.84137,1.50,1.88
2013.02.12 22:57:07.481,0.84114,0.84137,1.50,1.50
2013.02.12 22:57:11.112,0.84116,0.84137,1.50,1.50
2013.02.12 22:57:18.081,0.84118,0.84138,1.50,1.13
2013.02.12 22:57:28.083,0.84118,0.84137,2.25,1.50
2013.02.12 22:57:28.641,0.84116,0.84137,1.50,1.50
2013.02.12 22:57:37.501,0.84118,0.84137,1.50,1.13
2013.02.12 22:57:37.625,0.84118,0.84137,2.25,1.13
2013.02.12 22:57:49.451,0.84118,0.84137,2.25,1.13
2013.02.12 22:57:50.342,0.84119,0.84137,1.88,1.88
2013.02.12 22:57:59.520,0.84116,0.84137,1.50,1.13
2013.02.12 22:58:10.479,0.84116,0.84137,1.50,2.63
2013.02.12 22:58:20.548,0.84118,0.84137,1.50,1.88
2013.02.12 22:58:21.153,0.84117,0.84138,1.50,3.38
2013.02.12 22:58:30.509,0.84117,0.84137,1.50,2.63
2013.02.12 22:58:31.682,0.84114,0.84137,1.50,2.63
2013.02.12 22:58:41.709,0.84114,0.84138,1.50,4.13
2013.02.12 22:58:51.849,0.84115,0.84137,2.03,2.63
2013.02.12 22:58:52.479,0.84115,0.84137,1.50,2.63
2013.02.12 22:59:02.501,0.84115,0.84137,1.50,1.13
2013.02.12 22:59:13.499,0.84115,0.84137,3.00,1.13
2013.02.12 22:59:23.499,0.84115,0.84137,3.75,1.13
2013.02.12 22:59:34.539,0.84116,0.84138,1.50,1.13
2013.02.12 22:59:44.499,0.84116,0.84138,1.50,2.63
2013.02.12 22:59:55.579,0.84116,0.84137,1.50,1.13
