2014.11.06 18:00:00.397,0.76851,0.76877,3.07,2.32
2014.11.06 18:00:00.803,0.76851,0.76866,1.00,2.32
2014.11.06 18:00:01.122,0.76846,0.7686,1.00,2.32
2014.11.06 18:00:01.881,0.76844,0.7686,1.00,2.32
2014.11.06 18:00:02.490,0.76844,0.76858,1.00,3.07
2014.11.06 18:00:02.997,0.76844,0.76859,1.00,2.32
2014.11.06 18:00:03.515,0.76844,0.76855,1.00,1.15
2014.11.06 18:00:04.068,0.76843,0.76858,1.00,4.50
2014.11.06 18:00:04.646,0.76843,0.76859,1.00,2.32
2014.11.06 18:00:04.950,0.7684,0.7685,1.00,2.32
2014.11.06 18:00:05.223,0.76842,0.76856,1.00,2.51
2014.11.06 18:00:05.324,0.76841,0.76851,1.00,2.32
2014.11.06 18:00:05.426,0.76842,0.76855,1.00,3.26
2014.11.06 18:00:05.629,0.76841,0.76851,1.00,2.32
2014.11.06 18:00:06.148,0.76843,0.76852,1.00,2.32
2014.11.06 18:00:06.249,0.76843,0.76857,1.00,2.32
2014.11.06 18:00:06.772,0.76844,0.76857,1.00,2.32
2014.11.06 18:00:08.151,0.76845,0.76857,1.00,2.32
2014.11.06 18:00:08.353,0.76837,0.76857,1.00,3.07
2014.11.06 18:00:10.216,0.76837,0.76848,1.00,1.72
2014.11.06 18:00:10.319,0.76837,0.76848,1.00,1.20
2014.11.06 18:00:10.421,0.76837,0.76848,1.00,1.27
2014.11.06 18:00:11.331,0.76837,0.76847,1.00,4.50
2014.11.06 18:00:11.635,0.76825,0.76839,1.15,1.12
2014.11.06 18:00:11.686,0.76834,0.76838,1.00,1.12
2014.11.06 18:00:11.788,0.76834,0.76848,1.00,1.65
2014.11.06 18:00:11.890,0.76836,0.76848,1.00,1.65
2014.11.06 18:00:12.567,0.76833,0.76848,1.00,1.65
2014.11.06 18:00:13.082,0.76834,0.76848,1.00,1.65
2014.11.06 18:00:13.850,0.76841,0.76849,1.00,2.32
2014.11.06 18:00:13.952,0.76841,0.76858,1.00,2.40
2014.11.06 18:00:14.105,0.76844,0.76858,1.00,2.40
2014.11.06 18:00:14.408,0.76841,0.76857,1.00,1.65
2014.11.06 18:00:14.510,0.76841,0.76857,1.07,1.57
2014.11.06 18:00:14.561,0.76841,0.76858,1.15,2.32
2014.11.06 18:00:15.199,0.76838,0.76856,3.00,2.25
2014.11.06 18:00:15.249,0.76838,0.76856,1.00,2.32
2014.11.06 18:00:15.300,0.76838,0.76852,1.00,2.32
2014.11.06 18:00:15.604,0.76842,0.76848,1.00,1.50
2014.11.06 18:00:15.655,0.76839,0.76848,1.00,1.50
2014.11.06 18:00:15.706,0.76839,0.76848,1.00,1.57
2014.11.06 18:00:16.829,0.76829,0.76847,1.01,1.27
2014.11.06 18:00:17.132,0.76828,0.76844,1.17,1.37
2014.11.06 18:00:18.197,0.76827,0.76844,1.15,1.37
2014.11.06 18:00:18.502,0.76831,0.76847,1.15,1.12
2014.11.06 18:00:18.554,0.76831,0.76847,1.15,1.12
2014.11.06 18:00:19.090,0.76832,0.76844,1.17,1.30
2014.11.06 18:00:19.395,0.76825,0.7684,1.00,1.12
2014.11.06 18:00:19.699,0.76822,0.76838,1.00,3.52
2014.11.06 18:00:20.037,0.76822,0.76838,1.76,2.25
2014.11.06 18:00:20.088,0.76832,0.76843,1.00,1.65
2014.11.06 18:00:20.189,0.76833,0.76845,1.00,1.17
2014.11.06 18:00:21.877,0.76828,0.76848,1.07,3.82
2014.11.06 18:00:26.575,0.76828,0.76848,1.95,3.82
2014.11.06 18:00:26.677,0.76828,0.76848,4.95,2.62
2014.11.06 18:00:26.728,0.76831,0.76852,1.15,1.90
2014.11.06 18:00:27.039,0.76837,0.76854,1.00,5.25
2014.11.06 18:00:27.396,0.76834,0.76854,1.50,4.50
2014.11.06 18:00:28.814,0.76833,0.76854,2.02,4.50
2014.11.06 18:00:28.916,0.76833,0.76855,2.02,1.27
2014.11.06 18:00:29.220,0.7684,0.76848,1.00,1.27
2014.11.06 18:00:29.322,0.7684,0.76848,1.10,1.12
2014.11.06 18:00:29.576,0.76841,0.76852,1.00,1.75
2014.11.06 18:00:29.677,0.76841,0.76856,1.00,1.17
2014.11.06 18:00:30.576,0.76843,0.76856,1.00,1.17
2014.11.06 18:00:30.938,0.76843,0.76858,1.00,2.02
2014.11.06 18:00:31.460,0.76844,0.76858,1.00,2.02
2014.11.06 18:00:32.366,0.76845,0.76858,1.00,2.02
2014.11.06 18:00:33.544,0.76846,0.76858,1.00,2.02
2014.11.06 18:00:34.104,0.76848,0.76859,1.00,1.17
2014.11.06 18:00:34.205,0.76848,0.76864,1.00,2.70
2014.11.06 18:00:34.661,0.76852,0.76864,1.00,3.07
2014.11.06 18:00:34.763,0.76852,0.76864,1.00,1.07
2014.11.06 18:00:35.117,0.76851,0.76868,1.17,1.50
2014.11.06 18:00:35.219,0.76854,0.76873,1.07,1.27
2014.11.06 18:00:35.767,0.76856,0.76874,1.00,1.12
2014.11.06 18:00:38.131,0.76856,0.76868,1.00,1.00
2014.11.06 18:00:38.283,0.76852,0.76868,1.00,1.27
2014.11.06 18:00:38.536,0.76848,0.76867,1.15,1.52
2014.11.06 18:00:39.428,0.76848,0.76867,1.15,1.55
2014.11.06 18:00:39.944,0.76851,0.76868,1.00,1.27
2014.11.06 18:00:40.233,0.76851,0.76868,1.00,1.52
2014.11.06 18:00:40.385,0.76849,0.76868,1.00,2.40
2014.11.06 18:00:41.176,0.76851,0.76868,1.00,2.40
2014.11.06 18:00:41.727,0.76849,0.76868,1.00,1.65
2014.11.06 18:00:42.936,0.76852,0.76868,1.75,1.27
2014.11.06 18:00:43.038,0.76857,0.76875,3.07,1.00
2014.11.06 18:00:43.140,0.76865,0.76878,1.10,1.00
2014.11.06 18:00:43.444,0.76868,0.76878,1.00,1.00
2014.11.06 18:00:43.597,0.76866,0.76878,1.00,1.65
2014.11.06 18:00:43.799,0.76863,0.76878,1.00,1.10
2014.11.06 18:00:43.850,0.76863,0.76878,1.15,1.00
2014.11.06 18:00:44.356,0.76864,0.76878,1.00,1.17
2014.11.06 18:00:44.761,0.76863,0.76878,1.00,3.45
2014.11.06 18:00:44.813,0.7686,0.76877,1.00,1.15
2014.11.06 18:00:45.017,0.76858,0.76878,1.50,4.57
2014.11.06 18:00:48.282,0.76858,0.76877,1.00,2.70
2014.11.06 18:00:49.951,0.7686,0.76878,2.62,4.12
2014.11.06 18:00:50.002,0.76863,0.76878,1.65,1.00
2014.11.06 18:00:50.053,0.76866,0.76878,2.25,1.00
2014.11.06 18:00:50.104,0.76866,0.76886,3.07,1.12
2014.11.06 18:00:50.461,0.76871,0.76888,1.07,1.27
2014.11.06 18:00:50.512,0.76871,0.76888,1.17,1.20
2014.11.06 18:00:50.981,0.76869,0.76886,1.12,2.32
2014.11.06 18:00:54.488,0.76869,0.76888,1.00,2.40
2014.11.06 18:00:54.590,0.76872,0.76885,1.00,4.87
2014.11.06 18:00:54.691,0.76868,0.76885,1.50,4.87
2014.11.06 18:00:55.221,0.76868,0.76886,1.50,2.70
2014.11.06 18:00:55.323,0.76868,0.76888,1.65,3.15
2014.11.06 18:00:55.475,0.76871,0.76888,1.00,1.65
2014.11.06 18:00:55.778,0.76872,0.7689,2.70,1.50
2014.11.06 18:00:55.880,0.76871,0.7689,1.55,1.15
2014.11.06 18:00:55.981,0.76873,0.76887,1.00,1.17
2014.11.06 18:00:56.186,0.76873,0.76889,1.10,1.10
2014.11.06 18:00:56.389,0.76875,0.76894,2.32,2.06
2014.11.06 18:00:56.492,0.76874,0.76895,1.15,1.92
2014.11.06 18:00:56.983,0.76877,0.76894,1.00,3.07
2014.11.06 18:00:57.136,0.76872,0.76888,1.17,1.00
2014.11.06 18:00:58.209,0.76872,0.76888,1.60,1.15
2014.11.06 18:00:58.513,0.76872,0.76887,1.00,2.32
2014.11.06 18:00:58.564,0.76869,0.76887,1.00,3.07
2014.11.06 18:00:59.192,0.76869,0.76887,1.00,1.52
2014.11.06 18:01:12.705,0.7687,0.76887,1.00,1.52
2014.11.06 18:01:13.440,0.7687,0.7688,1.00,1.47
2014.11.06 18:01:13.746,0.76862,0.76878,1.00,1.65
2014.11.06 18:01:14.323,0.76862,0.76878,1.00,1.65
2014.11.06 18:01:14.374,0.76862,0.76877,1.00,2.32
2014.11.06 18:01:15.488,0.76861,0.76877,1.00,2.32
2014.11.06 18:01:20.284,0.76861,0.76878,1.00,2.02
2014.11.06 18:01:22.830,0.76861,0.76878,1.15,1.87
2014.11.06 18:01:23.136,0.76862,0.76883,2.70,1.95
2014.11.06 18:01:23.237,0.76866,0.76882,1.15,1.00
2014.11.06 18:01:23.395,0.76867,0.76884,1.15,1.00
2014.11.06 18:01:24.085,0.76867,0.76888,1.65,3.90
2014.11.06 18:01:25.153,0.76867,0.76888,1.57,3.15
2014.11.06 18:01:25.204,0.76867,0.76888,1.57,4.57
2014.11.06 18:01:26.142,0.76867,0.76887,1.50,2.70
2014.11.06 18:01:29.947,0.76867,0.76878,1.00,1.12
2014.11.06 18:01:30.149,0.76864,0.76878,1.00,1.87
2014.11.06 18:01:30.252,0.76864,0.76878,1.00,1.65
2014.11.06 18:01:30.354,0.76859,0.76878,1.00,2.40
2014.11.06 18:01:31.017,0.76858,0.76878,1.65,2.77
2014.11.06 18:01:41.108,0.76859,0.76878,1.00,2.02
2014.11.06 18:01:44.227,0.7686,0.76878,1.00,2.40
2014.11.06 18:01:50.313,0.7686,0.76878,1.00,6.37
2014.11.06 18:01:51.707,0.7686,0.76879,1.37,1.15
2014.11.06 18:01:51.808,0.76864,0.76885,1.15,1.65
2014.11.06 18:01:51.910,0.76868,0.76886,1.00,2.02
2014.11.06 18:01:57.597,0.76868,0.76884,1.00,4.87
2014.11.06 18:01:57.749,0.76862,0.76877,1.00,1.65
2014.11.06 18:01:57.851,0.76859,0.76878,1.10,2.02
2014.11.06 18:02:00.237,0.76859,0.76878,1.00,4.20
2014.11.06 18:02:01.608,0.76858,0.76878,1.12,4.57
2014.11.06 18:02:05.618,0.76859,0.76879,2.62,3.75
2014.11.06 18:02:05.669,0.76859,0.76879,4.87,1.75
2014.11.06 18:02:05.720,0.7686,0.76879,2.70,1.00
2014.11.06 18:02:05.771,0.76864,0.76884,1.17,1.52
2014.11.06 18:02:06.229,0.76866,0.76885,1.07,1.27
2014.11.06 18:02:06.736,0.76866,0.76884,1.15,1.52
2014.11.06 18:02:09.312,0.76866,0.76887,1.17,3.82
2014.11.06 18:02:09.565,0.76868,0.76889,1.27,1.90
2014.11.06 18:02:09.616,0.7687,0.7689,2.32,1.95
2014.11.06 18:02:09.897,0.76876,0.76893,1.00,1.12
2014.11.06 18:02:09.999,0.76876,0.76888,1.00,1.00
2014.11.06 18:02:10.201,0.76874,0.76888,1.00,1.12
2014.11.06 18:02:10.455,0.76874,0.76887,1.00,1.27
2014.11.06 18:02:10.606,0.76869,0.76887,1.15,1.27
2014.11.06 18:02:11.945,0.76871,0.76889,2.70,1.07
2014.11.06 18:02:11.996,0.76871,0.76889,4.87,1.00
2014.11.06 18:02:12.047,0.76871,0.76893,5.62,2.25
2014.11.06 18:02:12.148,0.76875,0.76893,1.07,3.07
2014.11.06 18:02:12.605,0.76873,0.76888,1.00,1.35
2014.11.06 18:02:12.656,0.76873,0.76888,1.00,1.35
2014.11.06 18:02:12.960,0.76874,0.76888,1.00,3.90
2014.11.06 18:02:13.062,0.76872,0.76887,1.00,1.35
2014.11.06 18:02:13.163,0.76869,0.76887,1.00,1.35
2014.11.06 18:02:13.956,0.76869,0.76886,1.00,2.32
2014.11.06 18:02:17.974,0.76869,0.76878,1.00,1.15
2014.11.06 18:02:18.075,0.76865,0.76877,1.00,1.17
2014.11.06 18:02:18.368,0.76866,0.76884,1.00,1.90
2014.11.06 18:02:18.773,0.76865,0.76885,1.00,2.32
2014.11.06 18:02:19.871,0.76865,0.76885,1.07,2.70
2014.11.06 18:02:20.074,0.76868,0.76885,1.00,2.70
2014.11.06 18:02:20.176,0.76868,0.76887,1.00,3.07
2014.11.06 18:02:20.683,0.76868,0.76888,1.00,5.70
2014.11.06 18:02:24.962,0.76868,0.76888,1.07,3.15
2014.11.06 18:02:25.217,0.76868,0.76887,1.15,1.17
2014.11.06 18:02:25.268,0.76868,0.76888,3.45,2.32
2014.11.06 18:02:25.574,0.76875,0.76891,1.07,1.20
2014.11.06 18:02:26.142,0.76875,0.76892,1.00,1.12
2014.11.06 18:02:26.839,0.76875,0.76892,1.00,1.12
2014.11.06 18:02:26.940,0.76875,0.76892,1.00,1.12
2014.11.06 18:02:28.843,0.76875,0.76892,1.00,1.12
2014.11.06 18:02:29.981,0.76875,0.76892,1.00,1.12
2014.11.06 18:02:32.824,0.76875,0.76886,1.00,1.50
2014.11.06 18:02:33.128,0.76868,0.76881,1.17,3.60
2014.11.06 18:02:33.633,0.76865,0.76881,2.70,3.60
2014.11.06 18:02:33.854,0.76865,0.76884,2.70,1.60
2014.11.06 18:02:35.076,0.76868,0.76882,1.07,1.05
2014.11.06 18:02:35.278,0.76867,0.76882,1.00,1.12
2014.11.06 18:02:35.603,0.76867,0.7688,1.00,2.17
2014.11.06 18:02:36.145,0.76863,0.76881,1.15,3.60
2014.11.06 18:02:36.864,0.76863,0.76881,1.15,3.60
2014.11.06 18:02:50.495,0.76862,0.76881,1.27,3.75
2014.11.06 18:02:51.031,0.76862,0.76881,1.27,2.17
2014.11.06 18:02:51.537,0.76862,0.76878,1.27,1.00
2014.11.06 18:02:51.691,0.76862,0.76878,1.00,1.87
2014.11.06 18:02:52.096,0.76863,0.76875,1.00,2.17
2014.11.06 18:02:52.349,0.76857,0.76877,1.26,1.12
2014.11.06 18:02:52.552,0.76862,0.76877,1.00,1.12
2014.11.06 18:02:52.755,0.76857,0.76876,1.17,2.62
2014.11.06 18:02:53.425,0.76857,0.76878,1.10,4.80
2014.11.06 18:02:53.476,0.76859,0.76878,1.00,4.80
2014.11.06 18:02:53.628,0.76857,0.76878,1.10,4.80
2014.11.06 18:02:54.137,0.76857,0.76875,1.00,1.45
2014.11.06 18:02:54.644,0.76857,0.76876,1.10,1.12
2014.11.06 18:02:57.120,0.76857,0.76876,1.00,5.47
2014.11.06 18:02:57.702,0.76856,0.76876,1.00,5.47
2014.11.06 18:02:58.208,0.76856,0.76875,1.10,2.32
2014.11.06 18:02:58.417,0.76856,0.76877,1.10,4.61
2014.11.06 18:02:58.934,0.76856,0.76876,1.00,3.30
2014.11.06 18:02:59.548,0.76856,0.76874,1.00,2.32
2014.11.06 18:03:00.435,0.76856,0.76873,1.00,1.82
2014.11.06 18:03:00.587,0.76854,0.76868,1.00,1.20
2014.11.06 18:03:00.803,0.7685,0.76868,1.00,1.25
2014.11.06 18:03:01.321,0.76849,0.76868,1.10,3.82
2014.11.06 18:03:02.038,0.76849,0.76866,1.00,2.32
2014.11.06 18:03:02.139,0.76846,0.76865,1.00,1.45
2014.11.06 18:03:02.342,0.76844,0.76865,1.20,4.87
2014.11.06 18:03:02.750,0.76845,0.76863,1.17,1.15
2014.11.06 18:03:03.256,0.76845,0.76863,1.00,1.15
2014.11.06 18:03:03.769,0.76845,0.76863,1.10,1.15
2014.11.06 18:03:04.715,0.76844,0.76863,1.00,3.45
2014.11.06 18:03:04.867,0.76842,0.76862,1.10,1.15
2014.11.06 18:03:06.000,0.76842,0.76858,1.10,1.57
2014.11.06 18:03:06.051,0.76842,0.76855,1.00,2.32
2014.11.06 18:03:06.203,0.76838,0.76854,1.00,2.70
2014.11.06 18:03:06.682,0.76834,0.76854,1.00,2.70
2014.11.06 18:03:07.152,0.76838,0.76854,1.00,3.45
2014.11.06 18:03:09.128,0.76834,0.76854,1.00,2.70
2014.11.06 18:03:11.271,0.76834,0.76853,1.15,1.15
2014.11.06 18:03:11.322,0.76834,0.76853,1.52,1.15
2014.11.06 18:03:11.474,0.76839,0.7686,1.15,1.15
2014.11.06 18:03:11.930,0.76842,0.76862,1.07,2.02
2014.11.06 18:03:11.980,0.76842,0.76862,1.15,2.02
2014.11.06 18:03:12.502,0.76845,0.76863,1.10,1.15
2014.11.06 18:03:13.370,0.76845,0.76863,1.10,1.15
2014.11.06 18:03:13.471,0.76845,0.76863,1.52,1.10
2014.11.06 18:03:13.522,0.76845,0.76863,1.52,1.10
2014.11.06 18:03:13.829,0.76853,0.76868,1.10,1.67
2014.11.06 18:03:14.134,0.76855,0.76873,1.10,1.20
2014.11.06 18:03:14.191,0.76857,0.76873,1.00,1.20
2014.11.06 18:03:19.488,0.76857,0.76876,1.37,4.61
2014.11.06 18:03:19.539,0.76857,0.76876,1.47,2.44
2014.11.06 18:03:19.590,0.76858,0.76876,2.62,2.17
2014.11.06 18:03:19.641,0.76859,0.76876,2.70,2.10
2014.11.06 18:03:19.844,0.76862,0.7688,1.15,1.54
2014.11.06 18:03:20.047,0.76864,0.76875,1.00,2.10
2014.11.06 18:03:20.574,0.76862,0.76875,1.17,2.10
2014.11.06 18:03:21.645,0.76862,0.76875,1.00,2.10
2014.11.06 18:03:21.798,0.7686,0.76876,1.00,2.62
2014.11.06 18:03:21.899,0.76858,0.76876,1.10,2.62
2014.11.06 18:03:39.160,0.76857,0.76872,1.17,1.00
2014.11.06 18:03:44.494,0.76857,0.76872,1.27,1.00
2014.11.06 18:03:44.799,0.76859,0.76877,1.15,2.10
2014.11.06 18:03:44.900,0.76859,0.76877,1.15,2.10
2014.11.06 18:03:45.158,0.76859,0.76878,2.02,1.72
2014.11.06 18:03:45.369,0.7686,0.76878,1.15,3.22
2014.11.06 18:03:45.572,0.76859,0.76875,1.20,2.25
2014.11.06 18:03:46.089,0.76857,0.76874,1.00,3.00
2014.11.06 18:03:46.613,0.76854,0.76872,1.52,1.10
2014.11.06 18:03:47.581,0.76853,0.76872,2.02,1.00
2014.11.06 18:03:52.826,0.76853,0.76872,1.95,1.07
2014.11.06 18:03:52.877,0.76853,0.76872,1.87,1.15
2014.11.06 18:03:53.384,0.7685,0.76868,1.55,1.50
2014.11.06 18:03:53.925,0.7685,0.76868,1.55,1.50
2014.11.06 18:03:54.784,0.7685,0.76868,1.52,1.42
2014.11.06 18:03:55.296,0.7685,0.76868,1.52,1.42
2014.11.06 18:04:00.921,0.7685,0.76868,1.07,1.17
2014.11.06 18:04:01.023,0.7685,0.76868,1.07,2.25
2014.11.06 18:04:01.175,0.76847,0.76863,1.00,1.15
2014.11.06 18:04:01.748,0.76845,0.76863,2.02,1.10
2014.11.06 18:04:02.613,0.76845,0.76863,2.02,1.17
2014.11.06 18:04:04.050,0.76845,0.76863,1.07,1.15
2014.11.06 18:04:04.304,0.76845,0.76862,1.00,1.15
2014.11.06 18:04:04.890,0.76841,0.76863,1.15,3.45
2014.11.06 18:04:04.992,0.76841,0.76863,1.17,3.45
2014.11.06 18:04:05.502,0.76841,0.76857,1.17,1.00
2014.11.06 18:04:07.713,0.76839,0.76857,1.57,1.15
2014.11.06 18:04:07.917,0.76839,0.76857,1.00,3.07
2014.11.06 18:04:08.018,0.76839,0.76855,1.00,2.70
2014.11.06 18:04:08.460,0.76837,0.76855,1.12,4.87
2014.11.06 18:04:09.915,0.76837,0.76854,1.12,2.70
2014.11.06 18:04:10.421,0.76837,0.76853,1.12,4.50
2014.11.06 18:04:12.049,0.76832,0.76853,1.57,4.50
2014.11.06 18:04:12.574,0.76834,0.76853,1.00,5.62
2014.11.06 18:04:12.625,0.76839,0.76853,1.00,3.45
2014.11.06 18:04:12.930,0.76834,0.76853,1.10,4.87
2014.11.06 18:04:13.436,0.76834,0.76853,1.00,1.27
2014.11.06 18:04:14.728,0.76834,0.76853,1.00,3.45
2014.11.06 18:04:16.658,0.76834,0.76852,1.00,2.70
2014.11.06 18:04:16.759,0.76832,0.76851,1.00,2.70
2014.11.06 18:04:17.015,0.76832,0.76848,1.00,4.20
2014.11.06 18:04:17.319,0.7683,0.76845,1.00,2.70
2014.11.06 18:04:18.332,0.76828,0.76845,1.00,2.70
2014.11.06 18:04:18.535,0.76828,0.76839,1.00,2.25
2014.11.06 18:04:18.790,0.76829,0.76844,1.00,5.62
2014.11.06 18:04:19.195,0.76831,0.76844,1.00,4.50
2014.11.06 18:04:19.297,0.76831,0.76847,1.00,1.65
2014.11.06 18:04:20.866,0.76828,0.76848,1.52,1.65
2014.11.06 18:04:21.049,0.76828,0.76845,1.45,2.25
2014.11.06 18:04:21.100,0.76828,0.76845,1.00,2.70
2014.11.06 18:04:23.573,0.76828,0.76846,1.00,2.70
2014.11.06 18:04:23.624,0.76828,0.76848,1.00,3.82
2014.11.06 18:04:23.674,0.76828,0.76846,1.00,2.70
2014.11.06 18:04:23.826,0.76828,0.76848,1.00,3.82
2014.11.06 18:04:23.877,0.76828,0.76843,1.00,2.25
2014.11.06 18:04:24.394,0.76829,0.76843,1.00,2.32
2014.11.06 18:04:24.934,0.7683,0.76843,1.00,2.32
2014.11.06 18:04:25.187,0.7683,0.76845,1.00,2.70
2014.11.06 18:04:25.240,0.7683,0.76847,1.00,3.45
2014.11.06 18:04:25.290,0.7683,0.76845,1.00,2.70
2014.11.06 18:04:27.599,0.7683,0.76844,1.12,2.70
2014.11.06 18:04:28.288,0.76828,0.76843,1.37,2.32
2014.11.06 18:04:28.794,0.76828,0.76844,1.37,2.70
2014.11.06 18:04:29.624,0.7683,0.76843,1.12,4.50
2014.11.06 18:04:30.139,0.76829,0.76844,1.37,2.32
2014.11.06 18:04:30.443,0.76829,0.76842,1.37,2.32
2014.11.06 18:04:32.588,0.7683,0.76843,1.12,2.32
2014.11.06 18:04:37.123,0.76832,0.76845,1.00,2.70
2014.11.06 18:04:37.174,0.76832,0.76847,1.00,3.07
2014.11.06 18:04:37.535,0.76833,0.76849,1.00,1.65
2014.11.06 18:04:38.246,0.76833,0.76848,1.10,1.17
2014.11.06 18:04:38.880,0.76833,0.76848,1.10,1.00
2014.11.06 18:04:39.166,0.76834,0.76848,2.32,1.00
2014.11.06 18:04:39.694,0.76835,0.76849,2.32,1.00
2014.11.06 18:04:40.667,0.76838,0.76852,2.32,1.00
2014.11.06 18:04:40.820,0.76839,0.76854,2.70,1.00
2014.11.06 18:04:40.871,0.76841,0.76854,2.32,1.00
2014.11.06 18:04:40.922,0.76841,0.76857,2.32,1.12
2014.11.06 18:04:41.175,0.76843,0.76857,2.32,1.12
2014.11.06 18:04:41.327,0.76843,0.76859,2.32,1.00
2014.11.06 18:04:42.816,0.76842,0.76859,3.45,1.00
2014.11.06 18:04:43.069,0.76844,0.76859,2.32,1.00
2014.11.06 18:04:43.221,0.76844,0.76861,2.32,1.00
2014.11.06 18:04:56.491,0.76845,0.76861,2.32,1.00
2014.11.06 18:05:00.211,0.76847,0.76861,2.32,1.00
2014.11.06 18:05:00.515,0.76849,0.76861,2.32,2.10
2014.11.06 18:05:00.617,0.76847,0.76866,3.45,1.00
2014.11.06 18:05:00.718,0.76847,0.76866,1.27,1.20
2014.11.06 18:05:00.820,0.76847,0.76864,1.27,1.00
2014.11.06 18:05:03.497,0.76845,0.76861,2.32,1.00
2014.11.06 18:05:04.072,0.76845,0.76862,2.32,1.00
2014.11.06 18:05:04.628,0.76844,0.76862,4.87,1.00
2014.11.06 18:05:06.639,0.76844,0.76861,2.70,1.00
2014.11.06 18:05:07.179,0.76844,0.76862,2.70,1.00
2014.11.06 18:05:14.616,0.76845,0.76862,2.32,1.00
2014.11.06 18:05:19.344,0.76846,0.76862,1.15,1.00
2014.11.06 18:05:19.847,0.76844,0.76863,1.27,1.00
2014.11.06 18:05:20.333,0.76844,0.76861,1.15,1.00
2014.11.06 18:05:20.485,0.76842,0.76859,1.07,1.92
2014.11.06 18:05:20.637,0.76838,0.76856,3.82,1.37
2014.11.06 18:05:20.688,0.76838,0.76856,1.65,1.47
2014.11.06 18:05:20.941,0.7684,0.76854,2.32,1.00
2014.11.06 18:05:21.093,0.7684,0.76856,4.87,1.12
2014.11.06 18:05:21.397,0.7684,0.76859,6.00,1.00
2014.11.06 18:05:21.990,0.76843,0.76858,1.15,1.00
2014.11.06 18:05:23.420,0.76841,0.76859,1.15,1.00
2014.11.06 18:05:26.385,0.76841,0.76859,3.07,1.00
2014.11.06 18:05:26.891,0.76842,0.76859,2.32,1.00
2014.11.06 18:05:29.140,0.76842,0.7686,4.50,1.00
2014.11.06 18:05:30.094,0.76841,0.7686,4.20,1.00
2014.11.06 18:05:30.297,0.76843,0.7686,3.45,1.00
2014.11.06 18:05:30.803,0.76843,0.76861,2.70,1.00
2014.11.06 18:05:31.110,0.76848,0.76866,2.70,1.00
2014.11.06 18:05:31.262,0.76847,0.76866,1.27,1.00
2014.11.06 18:05:31.364,0.76847,0.76866,1.15,1.27
2014.11.06 18:05:31.416,0.76845,0.76864,1.57,1.45
2014.11.06 18:05:31.467,0.76845,0.76864,1.50,1.52
2014.11.06 18:05:31.518,0.76845,0.76857,1.00,1.00
2014.11.06 18:05:32.025,0.76842,0.76858,1.15,1.00
2014.11.06 18:05:32.329,0.76844,0.76861,2.32,1.00
2014.11.06 18:05:32.481,0.76843,0.76862,1.15,1.00
2014.11.06 18:05:32.633,0.76844,0.76859,1.15,1.00
2014.11.06 18:05:33.508,0.76843,0.76859,3.45,1.00
2014.11.06 18:05:34.017,0.76843,0.76859,1.27,1.00
2014.11.06 18:05:34.627,0.76843,0.76859,3.07,1.00
2014.11.06 18:05:35.222,0.76842,0.7686,4.87,1.00
2014.11.06 18:05:36.617,0.76843,0.7686,2.70,1.00
2014.11.06 18:05:37.214,0.76844,0.76861,1.15,1.00
2014.11.06 18:05:41.407,0.76844,0.76861,1.15,1.00
2014.11.06 18:05:41.977,0.76842,0.76862,1.15,1.10
2014.11.06 18:05:42.281,0.76839,0.76857,1.47,1.15
2014.11.06 18:05:43.410,0.76836,0.76857,2.02,3.07
2014.11.06 18:05:43.613,0.76836,0.76858,2.02,3.15
2014.11.06 18:05:43.815,0.7684,0.76858,2.62,3.07
2014.11.06 18:05:43.917,0.7684,0.76858,2.70,1.00
2014.11.06 18:05:44.423,0.7684,0.76859,1.65,1.00
2014.11.06 18:05:44.525,0.7684,0.76857,1.65,1.00
2014.11.06 18:05:44.626,0.7684,0.76857,1.27,1.00
2014.11.06 18:05:45.133,0.76838,0.76858,3.82,1.10
2014.11.06 18:05:45.285,0.76839,0.76856,3.07,1.00
2014.11.06 18:05:45.387,0.76839,0.76859,2.89,1.00
2014.11.06 18:05:45.690,0.7684,0.76859,1.15,2.25
2014.11.06 18:05:45.944,0.76838,0.76856,1.46,1.00
2014.11.06 18:05:46.760,0.76838,0.76856,1.27,1.45
2014.11.06 18:05:47.064,0.76835,0.76854,1.66,1.15
2014.11.06 18:05:47.420,0.76835,0.76854,1.71,1.17
2014.11.06 18:05:48.673,0.76834,0.76854,1.77,1.20
2014.11.06 18:05:49.541,0.76836,0.76854,3.45,1.00
2014.11.06 18:05:49.851,0.76838,0.76855,3.07,1.00
2014.11.06 18:05:49.902,0.76838,0.76857,3.82,1.00
2014.11.06 18:05:49.953,0.76842,0.76857,2.32,1.00
2014.11.06 18:05:50.207,0.76842,0.76859,2.32,1.00
2014.11.06 18:05:50.258,0.76842,0.76861,2.32,1.10
2014.11.06 18:05:50.460,0.7684,0.76861,3.45,2.92
2014.11.06 18:05:50.967,0.76843,0.7686,1.15,1.60
2014.11.06 18:05:51.372,0.76843,0.7686,3.07,1.60
2014.11.06 18:05:51.524,0.76843,0.7686,1.15,1.60
2014.11.06 18:05:51.878,0.76842,0.76862,1.15,3.11
2014.11.06 18:05:52.384,0.76842,0.76862,3.07,1.60
2014.11.06 18:05:52.891,0.76842,0.76862,1.52,1.70
2014.11.06 18:05:53.401,0.76842,0.76862,5.62,1.60
2014.11.06 18:05:54.071,0.76845,0.76862,2.70,1.00
2014.11.06 18:05:54.375,0.7685,0.76865,2.32,1.00
2014.11.06 18:05:54.426,0.7685,0.76868,4.50,1.50
2014.11.06 18:05:54.528,0.76851,0.76868,1.00,1.65
2014.11.06 18:05:54.883,0.76846,0.76866,1.15,1.07
2014.11.06 18:05:55.402,0.76846,0.76866,1.15,1.20
2014.11.06 18:05:55.504,0.76846,0.76864,2.32,1.00
2014.11.06 18:05:55.707,0.76845,0.76865,1.15,1.07
2014.11.06 18:05:56.213,0.76845,0.76865,1.15,1.27
2014.11.06 18:05:56.315,0.76845,0.76865,1.17,1.52
2014.11.06 18:05:56.991,0.76842,0.76861,1.40,1.00
2014.11.06 18:06:01.039,0.76843,0.76862,1.15,1.10
2014.11.06 18:06:01.575,0.76843,0.76862,1.15,1.07
2014.11.06 18:06:02.106,0.76843,0.76862,1.17,1.15
2014.11.06 18:06:02.868,0.76843,0.76862,1.52,1.07
2014.11.06 18:06:02.918,0.76843,0.76862,1.52,1.10
2014.11.06 18:06:03.020,0.76844,0.76863,1.27,1.00
2014.11.06 18:06:03.443,0.76848,0.76866,1.17,1.20
2014.11.06 18:06:03.494,0.76848,0.76866,1.15,1.00
2014.11.06 18:06:03.596,0.76849,0.76866,2.70,1.00
2014.11.06 18:06:03.647,0.76851,0.76869,1.15,1.69
2014.11.06 18:06:03.955,0.76852,0.76868,1.07,1.32
2014.11.06 18:06:04.006,0.76852,0.76868,1.00,1.77
2014.11.06 18:06:04.107,0.76848,0.76867,1.17,2.02
2014.11.06 18:06:04.208,0.76848,0.76867,1.15,1.27
2014.11.06 18:06:04.310,0.76848,0.76867,1.00,1.27
2014.11.06 18:06:04.513,0.76848,0.76866,1.00,2.70
2014.11.06 18:06:04.665,0.76846,0.76865,1.00,1.15
2014.11.06 18:06:04.918,0.76846,0.76864,1.00,2.70
2014.11.06 18:06:05.019,0.76844,0.76865,1.17,1.52
2014.11.06 18:06:05.726,0.76844,0.76865,1.20,3.45
2014.11.06 18:06:05.828,0.76844,0.76865,1.07,1.27
2014.11.06 18:06:05.930,0.76844,0.76865,1.27,1.15
2014.11.06 18:06:06.133,0.76844,0.76865,1.17,1.52
2014.11.06 18:06:11.106,0.76844,0.76864,1.27,1.15
2014.11.06 18:06:11.409,0.7685,0.7687,1.15,1.20
2014.11.06 18:06:11.713,0.76853,0.76869,1.10,1.07
2014.11.06 18:06:12.119,0.76852,0.76865,1.00,2.62
2014.11.06 18:06:12.221,0.76846,0.76861,1.00,1.75
2014.11.06 18:06:12.322,0.76846,0.76858,1.00,1.57
2014.11.06 18:06:12.374,0.76839,0.76858,2.77,1.65
2014.11.06 18:06:12.425,0.76839,0.76854,1.95,1.07
2014.11.06 18:06:12.730,0.76838,0.76856,1.37,3.07
2014.11.06 18:06:12.882,0.76838,0.76854,1.12,1.27
2014.11.06 18:06:12.933,0.76836,0.76854,1.95,1.27
2014.11.06 18:06:13.455,0.7684,0.76856,1.10,1.85
2014.11.06 18:06:13.505,0.7684,0.76856,1.10,1.10
2014.11.06 18:06:13.708,0.7684,0.76856,1.15,1.00
2014.11.06 18:06:13.911,0.76841,0.76861,1.15,2.06
2014.11.06 18:06:14.939,0.76841,0.76861,3.07,1.32
2014.11.06 18:06:15.660,0.76844,0.76863,1.15,1.46
2014.11.06 18:06:16.210,0.76846,0.76864,1.07,1.71
2014.11.06 18:06:18.112,0.76846,0.76864,1.15,1.46
2014.11.06 18:06:18.619,0.76847,0.76864,1.17,2.14
2014.11.06 18:06:19.138,0.76846,0.76864,1.65,1.20
2014.11.06 18:06:19.591,0.76847,0.76866,1.07,1.65
2014.11.06 18:06:20.108,0.76847,0.76866,1.17,1.65
2014.11.06 18:06:20.729,0.76847,0.76866,1.07,1.52
2014.11.06 18:06:20.831,0.76847,0.76866,1.17,1.52
2014.11.06 18:06:21.370,0.76847,0.76866,1.55,1.77
2014.11.06 18:06:21.948,0.76847,0.76866,1.47,1.77
2014.11.06 18:06:23.419,0.76847,0.76866,1.55,1.65
2014.11.06 18:06:26.105,0.76847,0.76866,1.17,1.84
2014.11.06 18:06:31.051,0.76845,0.76865,5.17,1.10
2014.11.06 18:06:31.355,0.76848,0.76865,2.70,1.00
2014.11.06 18:06:31.406,0.76848,0.76867,2.70,1.25
2014.11.06 18:06:31.660,0.76851,0.76868,1.15,1.47
2014.11.06 18:06:31.812,0.76847,0.76859,1.00,1.50
2014.11.06 18:06:31.965,0.76842,0.76859,1.07,1.95
2014.11.06 18:06:32.016,0.76841,0.76859,1.57,2.02
2014.11.06 18:06:32.067,0.76841,0.76857,1.07,1.00
2014.11.06 18:06:32.371,0.76841,0.76859,1.10,1.87
2014.11.06 18:06:32.674,0.7684,0.76858,1.00,3.07
2014.11.06 18:06:33.220,0.7684,0.76856,1.00,2.32
2014.11.06 18:06:33.726,0.76838,0.76856,1.62,2.70
2014.11.06 18:06:34.284,0.76838,0.76857,1.39,2.70
2014.11.06 18:06:34.335,0.76838,0.76858,1.39,1.52
2014.11.06 18:06:35.308,0.76841,0.76858,1.00,1.52
2014.11.06 18:06:35.612,0.76845,0.76859,1.10,1.10
2014.11.06 18:06:35.817,0.76849,0.76861,1.50,1.17
2014.11.06 18:06:36.121,0.76854,0.76861,1.00,2.10
2014.11.06 18:06:36.223,0.76843,0.76859,1.15,2.10
2014.11.06 18:06:36.375,0.76844,0.76864,1.15,4.61
2014.11.06 18:06:36.476,0.76843,0.76863,1.10,3.86
2014.11.06 18:06:36.578,0.76843,0.76858,1.50,2.25
2014.11.06 18:06:36.679,0.76839,0.76858,1.50,5.49
2014.11.06 18:06:37.187,0.76838,0.76854,1.00,1.15
2014.11.06 18:06:37.491,0.76836,0.76854,1.17,1.27
2014.11.06 18:06:37.745,0.76836,0.76855,1.15,1.17
2014.11.06 18:06:38.469,0.76836,0.76855,3.07,1.10
2014.11.06 18:06:38.772,0.7684,0.76859,2.32,1.85
2014.11.06 18:06:39.771,0.76843,0.7686,2.32,3.04
2014.11.06 18:06:40.111,0.76842,0.76862,2.32,1.25
2014.11.06 18:06:40.212,0.76846,0.76865,2.70,1.07
2014.11.06 18:06:40.263,0.76846,0.76865,4.87,1.00
2014.11.06 18:06:40.314,0.76848,0.76867,2.32,1.69
2014.11.06 18:06:40.668,0.76848,0.76869,2.32,1.17
2014.11.06 18:06:40.719,0.76851,0.76869,1.17,1.10
2014.11.06 18:06:40.871,0.76851,0.7687,1.15,1.60
2014.11.06 18:06:41.377,0.76849,0.7687,4.50,2.17
2014.11.06 18:06:43.600,0.7685,0.76869,2.32,2.85
2014.11.06 18:06:44.120,0.7685,0.76869,2.32,2.85
2014.11.06 18:06:48.419,0.76849,0.76869,4.87,2.10
2014.11.06 18:06:49.011,0.7685,0.76869,2.70,2.10
2014.11.06 18:06:50.519,0.7685,0.76869,2.70,2.10
2014.11.06 18:06:52.672,0.76849,0.76869,2.70,2.10
2014.11.06 18:06:52.981,0.76851,0.76869,2.32,2.10
2014.11.06 18:06:54.741,0.7685,0.76869,2.70,2.10
2014.11.06 18:06:55.248,0.7685,0.76868,2.70,2.10
2014.11.06 18:06:55.815,0.7685,0.76868,2.32,2.17
2014.11.06 18:06:55.866,0.76848,0.76868,1.27,2.25
2014.11.06 18:06:57.667,0.76848,0.76869,3.45,3.00
2014.11.06 18:06:58.022,0.7685,0.76869,2.70,2.85
2014.11.06 18:06:58.377,0.76848,0.76868,3.45,2.10
2014.11.06 18:06:58.832,0.76848,0.76867,3.37,4.74
2014.11.06 18:06:58.883,0.76848,0.76862,1.00,1.12
2014.11.06 18:06:58.985,0.76843,0.76861,1.15,1.52
2014.11.06 18:06:59.086,0.76841,0.76859,1.17,1.17
2014.11.06 18:06:59.188,0.76841,0.76859,1.15,1.00
2014.11.06 18:06:59.289,0.76841,0.76859,1.17,1.17
2014.11.06 18:06:59.492,0.76841,0.76858,1.10,1.15
2014.11.06 18:06:59.694,0.76841,0.76858,1.17,1.10
2014.11.06 18:06:59.796,0.76841,0.76858,1.00,1.15
2014.11.06 18:07:02.430,0.76841,0.76858,1.07,1.17
2014.11.06 18:07:02.481,0.76841,0.76858,1.15,1.20
2014.11.06 18:07:02.986,0.76842,0.76863,1.27,1.71
2014.11.06 18:07:06.453,0.76842,0.76864,1.27,3.64
2014.11.06 18:07:06.504,0.76843,0.76864,2.70,1.09
2014.11.06 18:07:06.605,0.76844,0.76866,4.87,2.21
2014.11.06 18:07:06.757,0.76846,0.76866,2.32,1.26
2014.11.06 18:07:07.264,0.76846,0.76868,5.62,3.11
2014.11.06 18:07:07.922,0.76848,0.76868,2.70,3.11
2014.11.06 18:07:08.435,0.76847,0.76868,2.70,2.17
2014.11.06 18:07:10.015,0.76847,0.76868,2.70,2.17
2014.11.06 18:07:14.050,0.76846,0.76868,3.45,2.25
2014.11.06 18:07:14.564,0.76846,0.76869,3.45,2.25
2014.11.06 18:07:15.019,0.76848,0.76869,2.70,3.00
2014.11.06 18:07:15.222,0.76846,0.76869,3.45,3.00
2014.11.06 18:07:16.277,0.76847,0.76869,2.70,3.00
2014.11.06 18:07:28.228,0.76846,0.76869,3.45,3.00
2014.11.06 18:07:28.436,0.76848,0.76869,2.70,3.00
2014.11.06 18:07:28.538,0.76846,0.76869,3.45,3.00
2014.11.06 18:07:29.064,0.76848,0.76869,2.70,3.00
2014.11.06 18:07:33.532,0.76847,0.76868,2.70,2.92
2014.11.06 18:07:33.836,0.76849,0.76869,4.87,2.10
2014.11.06 18:07:34.292,0.76847,0.76867,1.52,2.17
2014.11.06 18:07:34.803,0.76846,0.76867,3.82,2.55
2014.11.06 18:07:35.006,0.76848,0.76868,2.70,2.59
2014.11.06 18:07:35.524,0.76848,0.7687,2.32,1.84
2014.11.06 18:07:35.888,0.76847,0.76867,2.32,2.17
2014.11.06 18:07:36.403,0.76847,0.76868,2.32,2.44
2014.11.06 18:07:37.269,0.76848,0.76868,2.70,2.29
2014.11.06 18:07:37.796,0.76848,0.76869,2.70,2.36
2014.11.06 18:07:44.800,0.76847,0.76868,3.07,2.92
2014.11.06 18:07:45.413,0.76848,0.76868,2.70,2.85
2014.11.06 18:07:46.211,0.76849,0.76868,2.32,3.04
2014.11.06 18:07:46.736,0.7685,0.76868,2.70,3.04
2014.11.06 18:07:51.053,0.7685,0.76862,2.70,2.10
2014.11.06 18:07:51.154,0.76846,0.76862,4.57,3.60
2014.11.06 18:07:51.256,0.76844,0.76862,3.07,3.60
2014.11.06 18:07:51.459,0.76844,0.76862,1.27,2.85
2014.11.06 18:07:51.560,0.76844,0.76862,3.07,2.85
2014.11.06 18:07:51.763,0.76842,0.76862,1.27,2.92
2014.11.06 18:07:51.813,0.76842,0.76859,1.27,2.10
2014.11.06 18:07:52.320,0.76842,0.76859,2.70,2.10
2014.11.06 18:07:52.826,0.76843,0.76859,4.50,2.10
2014.11.06 18:07:55.356,0.76845,0.76859,2.32,2.10
2014.11.06 18:07:56.453,0.76846,0.76859,2.32,2.10
2014.11.06 18:07:57.008,0.76845,0.76859,2.70,2.10
2014.11.06 18:07:57.513,0.76844,0.76859,3.07,2.10
2014.11.06 18:07:58.848,0.76842,0.76859,5.25,2.10
2014.11.06 18:07:58.950,0.76842,0.76859,1.52,2.10
2014.11.06 18:07:59.001,0.76842,0.76857,1.52,2.10
2014.11.06 18:07:59.518,0.76842,0.76859,1.52,2.10
2014.11.06 18:08:00.834,0.76842,0.76859,3.45,2.10
2014.11.06 18:08:01.380,0.76843,0.76859,2.70,2.10
2014.11.06 18:08:06.924,0.76843,0.76857,2.89,2.10
2014.11.06 18:08:07.278,0.76841,0.76858,1.84,2.10
2014.11.06 18:08:08.271,0.76841,0.76859,1.46,2.25
2014.11.06 18:08:10.681,0.76839,0.76859,2.70,1.67
2014.11.06 18:08:11.173,0.76837,0.76859,1.90,2.25
2014.11.06 18:08:11.528,0.76837,0.76855,1.90,2.10
2014.11.06 18:08:11.681,0.76836,0.76852,1.52,2.10
2014.11.06 18:08:11.883,0.76836,0.76855,1.52,1.65
2014.11.06 18:08:11.934,0.76837,0.76855,1.27,1.65
2014.11.06 18:08:12.088,0.76844,0.76859,4.20,1.35
2014.11.06 18:08:12.190,0.76845,0.7686,1.15,2.10
2014.11.06 18:08:12.343,0.76844,0.76863,3.07,1.30
2014.11.06 18:08:12.394,0.76848,0.76863,2.32,1.30
2014.11.06 18:08:12.496,0.76846,0.76863,3.07,1.30
2014.11.06 18:08:12.699,0.76844,0.76865,5.25,1.09
2014.11.06 18:08:12.750,0.76844,0.76867,5.25,1.34
2014.11.06 18:08:13.292,0.76845,0.76867,2.70,1.36
2014.11.06 18:08:13.394,0.76848,0.76869,2.32,1.17
2014.11.06 18:08:13.698,0.76848,0.76869,2.70,2.25
2014.11.06 18:08:13.850,0.76848,0.76871,3.07,2.21
2014.11.06 18:08:14.002,0.7685,0.76871,1.55,1.84
2014.11.06 18:08:14.104,0.7685,0.76868,1.55,2.25
2014.11.06 18:08:14.256,0.76849,0.76868,1.20,2.25
2014.11.06 18:08:14.768,0.76848,0.76868,1.65,2.25
2014.11.06 18:08:14.925,0.76848,0.76868,1.65,2.25
2014.11.06 18:08:15.380,0.76849,0.7687,2.70,2.92
2014.11.06 18:08:15.634,0.7685,0.76873,2.77,1.46
2014.11.06 18:08:15.685,0.76852,0.76873,2.32,1.09
2014.11.06 18:08:16.191,0.76852,0.76875,1.15,1.84
2014.11.06 18:08:17.189,0.76852,0.76873,1.07,2.32
2014.11.06 18:08:17.240,0.76852,0.76872,1.00,2.32
2014.11.06 18:08:17.395,0.76852,0.76869,1.00,2.25
2014.11.06 18:08:17.749,0.76848,0.76868,1.55,2.25
2014.11.06 18:08:18.256,0.76848,0.76869,1.52,3.00
2014.11.06 18:08:18.651,0.76848,0.76868,3.45,2.17
2014.11.06 18:08:18.854,0.76848,0.76869,1.52,2.25
2014.11.06 18:08:19.159,0.76848,0.76869,3.45,2.17
2014.11.06 18:08:19.610,0.7685,0.76869,2.70,2.10
2014.11.06 18:08:19.661,0.76849,0.76869,1.62,3.00
2014.11.06 18:08:19.762,0.76849,0.76868,1.52,2.25
2014.11.06 18:08:20.742,0.76848,0.76868,1.27,2.25
2014.11.06 18:08:22.122,0.76848,0.76861,1.15,2.10
2014.11.06 18:08:22.224,0.76848,0.76861,1.10,2.10
2014.11.06 18:08:22.753,0.76843,0.76861,3.82,2.10
2014.11.06 18:08:23.263,0.76843,0.76861,3.82,2.10
2014.11.06 18:08:23.769,0.76844,0.76861,2.32,2.10
2014.11.06 18:08:23.870,0.76844,0.76864,2.70,1.25
2014.11.06 18:08:23.972,0.76849,0.76866,2.32,2.36
2014.11.06 18:08:24.023,0.76849,0.76866,2.85,1.05
2014.11.06 18:08:24.125,0.76849,0.76871,2.85,1.17
2014.11.06 18:08:24.176,0.76851,0.76871,2.70,1.10
2014.11.06 18:08:24.684,0.76852,0.76875,1.52,2.89
2014.11.06 18:08:25.191,0.76853,0.76873,1.27,1.15
2014.11.06 18:08:26.006,0.76852,0.7687,1.00,4.50
2014.11.06 18:08:26.108,0.76849,0.76869,1.17,3.00
2014.11.06 18:08:26.658,0.76847,0.76867,1.52,1.75
2014.11.06 18:08:30.805,0.76847,0.76867,1.00,3.67
2014.11.06 18:08:30.906,0.76847,0.76867,1.52,1.75
2014.11.06 18:08:31.629,0.76849,0.76867,1.17,1.77
2014.11.06 18:08:32.541,0.76849,0.76867,1.17,1.75
2014.11.06 18:08:33.188,0.76848,0.76868,1.27,1.75
2014.11.06 18:08:33.239,0.76848,0.76867,3.45,2.25
2014.11.06 18:08:33.340,0.76848,0.76868,3.45,1.60
2014.11.06 18:08:33.543,0.76849,0.76872,4.87,1.27
2014.11.06 18:08:34.049,0.76852,0.76873,2.02,1.40
2014.11.06 18:08:34.150,0.76852,0.76872,1.95,2.32
2014.11.06 18:08:34.640,0.76852,0.76873,1.27,1.40
2014.11.06 18:08:35.468,0.76852,0.76873,1.27,3.26
2014.11.06 18:08:35.570,0.76852,0.76873,1.20,1.40
2014.11.06 18:08:35.926,0.76852,0.76873,1.27,1.15
2014.11.06 18:08:36.443,0.76852,0.76873,1.27,1.15
2014.11.06 18:08:36.953,0.76852,0.76873,1.15,1.15
2014.11.06 18:08:37.054,0.76853,0.76875,2.70,1.34
2014.11.06 18:08:37.566,0.76852,0.76875,3.45,1.34
2014.11.06 18:08:40.810,0.76856,0.76875,2.70,1.07
2014.11.06 18:08:40.861,0.76857,0.76875,1.27,1.00
2014.11.06 18:08:40.912,0.76859,0.76875,3.07,1.00
2014.11.06 18:08:40.963,0.7686,0.76879,3.82,1.00
2014.11.06 18:08:41.065,0.7686,0.76882,3.82,1.09
2014.11.06 18:08:41.116,0.7686,0.76879,3.82,2.10
2014.11.06 18:08:41.626,0.76861,0.7688,1.27,2.25
2014.11.06 18:08:42.130,0.7686,0.7688,6.00,2.10
2014.11.06 18:08:43.342,0.7686,0.76879,1.65,2.10
2014.11.06 18:08:44.635,0.7686,0.76879,1.65,2.10
2014.11.06 18:08:44.787,0.7686,0.76878,1.65,2.25
2014.11.06 18:08:45.783,0.76857,0.76876,1.27,1.70
2014.11.06 18:08:46.289,0.76856,0.76877,1.52,1.75
2014.11.06 18:08:46.391,0.76856,0.76876,1.27,1.00
2014.11.06 18:08:46.492,0.76856,0.76877,1.27,1.75
2014.11.06 18:08:47.426,0.76856,0.76877,1.20,3.00
2014.11.06 18:08:47.679,0.76852,0.76874,2.59,1.45
2014.11.06 18:08:48.142,0.76854,0.76874,1.15,1.69
2014.11.06 18:08:48.193,0.76854,0.76874,1.15,1.09
2014.11.06 18:08:55.534,0.76857,0.76874,1.00,1.45
2014.11.06 18:08:55.585,0.76857,0.7687,1.00,2.25
2014.11.06 18:08:55.687,0.76854,0.76869,1.25,4.50
2014.11.06 18:08:55.788,0.76851,0.76865,1.00,2.32
2014.11.06 18:08:55.991,0.76846,0.76864,1.56,4.50
2014.11.06 18:08:56.042,0.76845,0.76862,2.66,2.32
2014.11.06 18:08:57.615,0.76846,0.76862,1.42,1.15
2014.11.06 18:08:59.980,0.76844,0.7686,1.99,2.32
2014.11.06 18:09:00.082,0.76843,0.76859,1.97,2.32
2014.11.06 18:09:00.589,0.76841,0.7686,3.30,2.32
2014.11.06 18:09:01.206,0.76844,0.7686,1.30,2.32
2014.11.06 18:09:02.235,0.76844,0.76859,1.30,2.32
2014.11.06 18:09:02.694,0.76844,0.76858,1.30,3.07
2014.11.06 18:09:03.200,0.76841,0.76859,2.47,5.25
2014.11.06 18:09:03.828,0.76844,0.76859,1.30,3.07
2014.11.06 18:09:04.342,0.76842,0.76859,2.47,3.07
2014.11.06 18:09:10.929,0.76841,0.76859,2.47,3.07
2014.11.06 18:09:11.430,0.76841,0.76859,2.47,3.07
2014.11.06 18:09:12.520,0.76841,0.76859,2.47,3.07
2014.11.06 18:09:14.352,0.76841,0.76859,2.47,2.70
2014.11.06 18:09:14.403,0.76844,0.76861,2.85,2.70
2014.11.06 18:09:14.506,0.76848,0.76862,1.30,1.20
2014.11.06 18:09:14.761,0.76847,0.76864,1.07,2.32
2014.11.06 18:09:14.812,0.76846,0.76863,1.00,2.32
2014.11.06 18:09:14.863,0.76844,0.76862,1.30,2.32
2014.11.06 18:09:15.015,0.76842,0.76859,2.47,2.32
2014.11.06 18:09:15.066,0.76841,0.76859,1.00,2.32
2014.11.06 18:09:15.117,0.76841,0.76861,1.00,4.50
2014.11.06 18:09:15.219,0.76839,0.76863,1.77,1.15
2014.11.06 18:09:15.845,0.7684,0.76858,1.27,1.00
2014.11.06 18:09:16.596,0.7684,0.76858,1.65,1.07
2014.11.06 18:09:17.098,0.76838,0.76859,2.15,1.15
2014.11.06 18:09:22.737,0.76838,0.76859,1.55,1.15
2014.11.06 18:09:23.253,0.76838,0.76859,1.52,1.15
2014.11.06 18:09:32.588,0.76838,0.76859,1.55,1.27
2014.11.06 18:09:33.094,0.76838,0.76858,1.55,1.27
2014.11.06 18:09:38.891,0.76839,0.76858,1.65,1.20
2014.11.06 18:09:38.993,0.76843,0.76858,1.57,1.00
2014.11.06 18:09:39.247,0.76847,0.76866,1.52,1.00
2014.11.06 18:09:39.298,0.76849,0.76866,2.70,1.00
2014.11.06 18:09:39.400,0.7685,0.76869,1.15,1.27
2014.11.06 18:09:39.502,0.76849,0.76866,1.10,1.17
2014.11.06 18:09:39.907,0.76845,0.76864,1.15,1.15
2014.11.06 18:09:40.009,0.76845,0.76864,1.15,1.10
2014.11.06 18:09:41.982,0.76846,0.76864,2.70,1.10
2014.11.06 18:09:42.135,0.76847,0.76866,2.70,1.00
2014.11.06 18:09:42.809,0.76847,0.76866,3.82,1.07
2014.11.06 18:09:42.860,0.76847,0.76866,1.27,1.15
2014.11.06 18:09:43.012,0.76844,0.76863,6.37,1.00
2014.11.06 18:09:46.734,0.76844,0.76863,1.27,1.20
2014.11.06 18:09:46.836,0.76843,0.7686,1.52,1.00
2014.11.06 18:09:47.778,0.76844,0.7686,3.45,1.00
2014.11.06 18:09:47.980,0.76844,0.76863,5.62,1.00
2014.11.06 18:09:48.421,0.76845,0.76865,1.52,1.20
2014.11.06 18:09:48.948,0.76845,0.76865,1.27,1.15
2014.11.06 18:09:49.252,0.76846,0.76864,1.52,1.00
2014.11.06 18:09:50.828,0.76846,0.76864,2.70,1.10
2014.11.06 18:09:50.930,0.76847,0.76866,5.62,1.00
2014.11.06 18:09:51.032,0.7685,0.76869,3.45,1.10
2014.11.06 18:09:51.134,0.7685,0.7687,1.15,1.17
2014.11.06 18:09:51.432,0.76848,0.76866,2.70,1.00
2014.11.06 18:09:51.483,0.76847,0.76866,1.65,1.00
2014.11.06 18:09:51.534,0.76848,0.76866,2.70,1.00
2014.11.06 18:09:51.687,0.7685,0.7687,3.45,1.00
2014.11.06 18:09:51.941,0.76853,0.76869,1.20,1.10
2014.11.06 18:09:52.462,0.76851,0.7687,1.17,1.15
2014.11.06 18:09:52.564,0.76851,0.7687,1.17,1.15
2014.11.06 18:09:52.665,0.76851,0.7687,1.15,1.17
2014.11.06 18:09:52.868,0.76851,0.76869,1.10,2.32
2014.11.06 18:09:52.969,0.76847,0.76868,1.27,1.15
2014.11.06 18:09:53.273,0.76848,0.76866,2.32,1.00
2014.11.06 18:09:53.376,0.76847,0.76866,1.27,1.00
2014.11.06 18:09:54.857,0.76847,0.76866,1.27,1.07
2014.11.06 18:09:55.371,0.76846,0.76864,1.52,1.00
2014.11.06 18:10:05.976,0.76847,0.76865,1.77,1.00
2014.11.06 18:10:06.667,0.76852,0.76865,1.00,1.00
2014.11.06 18:10:07.178,0.76852,0.76867,1.00,1.17
2014.11.06 18:10:07.609,0.76852,0.76867,1.37,1.17
2014.11.06 18:10:09.011,0.76853,0.76867,1.37,1.15
2014.11.06 18:10:09.523,0.76853,0.76867,1.37,1.15
2014.11.06 18:10:09.574,0.76853,0.76867,1.37,1.15
2014.11.06 18:10:12.107,0.76853,0.76867,1.45,1.10
2014.11.06 18:10:12.159,0.76854,0.76869,1.55,1.00
2014.11.06 18:10:12.260,0.76854,0.76871,1.55,1.10
2014.11.06 18:10:12.311,0.76854,0.76871,1.55,1.07
2014.11.06 18:10:12.923,0.76854,0.76872,1.55,1.17
2014.11.06 18:10:15.257,0.76855,0.76872,1.27,1.07
2014.11.06 18:10:15.308,0.76855,0.76872,1.27,1.00
2014.11.06 18:10:15.511,0.76858,0.76872,1.17,1.00
2014.11.06 18:10:16.018,0.7686,0.76873,1.10,1.00
2014.11.06 18:10:16.426,0.76862,0.76873,1.00,1.00
2014.11.06 18:10:16.958,0.76862,0.76875,1.00,1.07
2014.11.06 18:10:17.465,0.76862,0.76875,1.00,1.00
2014.11.06 18:10:18.074,0.76861,0.76875,1.00,1.00
2014.11.06 18:10:18.587,0.76862,0.76875,1.00,1.00
2014.11.06 18:10:19.426,0.76863,0.76875,1.00,1.00
2014.11.06 18:10:22.367,0.76861,0.76875,1.00,1.00
2014.11.06 18:10:24.790,0.76861,0.76877,1.00,1.17
2014.11.06 18:10:27.668,0.76859,0.76877,1.17,1.17
2014.11.06 18:10:29.055,0.76859,0.76877,1.10,1.15
2014.11.06 18:10:35.173,0.7686,0.76876,1.00,1.15
2014.11.06 18:10:37.330,0.76858,0.76876,1.07,1.15
2014.11.06 18:10:49.323,0.76856,0.76876,1.15,1.55
2014.11.06 18:11:00.627,0.76856,0.76876,3.45,1.39
2014.11.06 18:11:00.931,0.76861,0.76879,2.59,1.00
2014.11.06 18:11:01.033,0.76861,0.76881,2.59,2.92
2014.11.06 18:11:01.539,0.76861,0.76881,2.40,3.11
2014.11.06 18:11:01.872,0.76862,0.7688,1.52,1.10
2014.11.06 18:11:03.460,0.76862,0.76881,1.52,3.30
2014.11.06 18:11:03.838,0.76862,0.76881,1.52,3.37
2014.11.06 18:11:04.980,0.76863,0.76881,1.27,2.25
2014.11.06 18:11:05.768,0.76863,0.76881,1.27,2.17
2014.11.06 18:11:06.301,0.76863,0.76881,1.27,2.17
2014.11.06 18:11:14.270,0.76862,0.76881,1.46,1.67
2014.11.06 18:11:14.788,0.7686,0.7688,2.77,1.50
2014.11.06 18:11:15.045,0.7686,0.7688,3.52,1.42
2014.11.06 18:11:15.248,0.76861,0.7688,3.45,1.42
2014.11.06 18:11:19.578,0.76861,0.7688,4.20,1.70
2014.11.06 18:11:19.629,0.76861,0.7688,2.02,1.77
2014.11.06 18:11:20.361,0.7686,0.76879,1.55,1.77
2014.11.06 18:11:20.412,0.7686,0.76877,1.17,1.10
2014.11.06 18:11:21.755,0.76858,0.76877,1.95,1.17
2014.11.06 18:11:21.806,0.76858,0.76877,1.95,1.15
2014.11.06 18:11:22.397,0.76858,0.76877,2.02,1.20
2014.11.06 18:11:32.448,0.7686,0.76877,2.89,1.10
2014.11.06 18:11:32.600,0.7686,0.7688,3.64,1.35
2014.11.06 18:11:33.112,0.76863,0.76879,1.15,1.00
2014.11.06 18:11:33.618,0.76863,0.76879,1.17,1.00
2014.11.06 18:11:34.771,0.76863,0.76879,1.17,1.00
2014.11.06 18:11:34.974,0.76863,0.76879,1.27,1.00
2014.11.06 18:11:35.075,0.76862,0.76881,3.82,1.25
2014.11.06 18:11:35.127,0.76864,0.76883,1.15,1.10
2014.11.06 18:11:35.178,0.76864,0.76883,3.45,1.00
2014.11.06 18:11:35.482,0.76867,0.76887,2.70,1.20
2014.11.06 18:11:36.266,0.76869,0.76887,1.17,1.07
2014.11.06 18:11:36.368,0.76869,0.76887,1.00,1.15
2014.11.06 18:11:36.470,0.76867,0.76884,1.10,1.17
2014.11.06 18:11:37.217,0.76869,0.76888,1.00,3.45
2014.11.06 18:11:39.688,0.76869,0.76887,1.00,2.32
2014.11.06 18:11:39.739,0.76867,0.76887,1.00,2.70
2014.11.06 18:11:39.790,0.76867,0.76884,1.00,2.32
2014.11.06 18:11:39.892,0.76865,0.76882,1.00,1.15
2014.11.06 18:11:41.078,0.76865,0.76882,1.10,1.15
2014.11.06 18:11:41.179,0.76864,0.76884,1.17,1.15
2014.11.06 18:11:41.798,0.76866,0.76886,1.17,1.15
2014.11.06 18:11:45.993,0.76866,0.76886,1.07,3.45
2014.11.06 18:11:46.145,0.76864,0.76884,1.00,5.62
2014.11.06 18:11:46.247,0.76866,0.76884,1.00,3.07
2014.11.06 18:11:46.298,0.76866,0.76884,1.00,1.15
2014.11.06 18:11:48.740,0.76866,0.76885,1.17,1.15
2014.11.06 18:11:49.251,0.76866,0.76885,1.10,1.15
2014.11.06 18:11:49.454,0.76869,0.76886,1.00,1.15
2014.11.06 18:11:49.996,0.76869,0.76886,1.00,1.15
2014.11.06 18:11:50.733,0.76869,0.76886,1.00,3.07
2014.11.06 18:11:50.835,0.76869,0.76886,1.00,1.15
2014.11.06 18:11:51.350,0.76869,0.76886,1.00,1.15
2014.11.06 18:11:51.999,0.76869,0.76886,1.00,1.15
2014.11.06 18:11:52.509,0.76869,0.76886,1.00,1.15
2014.11.06 18:11:53.302,0.76869,0.76886,1.00,1.15
2014.11.06 18:11:53.455,0.76869,0.76886,1.10,1.17
2014.11.06 18:11:54.273,0.76868,0.76888,1.10,1.15
2014.11.06 18:12:08.292,0.76868,0.76887,1.00,4.87
2014.11.06 18:12:08.823,0.76867,0.76886,1.00,1.15
2014.11.06 18:12:10.409,0.76867,0.76886,1.07,1.15
2014.11.06 18:12:10.916,0.76867,0.76886,1.00,1.15
2014.11.06 18:12:11.220,0.7686,0.76879,1.76,3.45
2014.11.06 18:12:11.905,0.7686,0.76879,1.69,1.27
2014.11.06 18:12:12.058,0.7686,0.76879,1.00,1.27
2014.11.06 18:12:14.213,0.7686,0.76878,1.00,2.70
2014.11.06 18:12:14.263,0.76858,0.76878,1.00,2.70
2014.11.06 18:12:14.776,0.76857,0.76877,1.00,2.70
2014.11.06 18:12:15.305,0.76857,0.76876,1.10,2.32
2014.11.06 18:12:15.767,0.76859,0.76877,1.00,2.70
2014.11.06 18:12:16.392,0.76859,0.76878,1.00,2.70
2014.11.06 18:12:16.913,0.76859,0.76877,1.00,2.70
2014.11.06 18:12:19.310,0.76859,0.76877,1.00,1.15
2014.11.06 18:12:20.123,0.7686,0.76877,1.00,1.15
2014.11.06 18:12:21.999,0.76858,0.76879,1.20,6.00
2014.11.06 18:12:25.439,0.7686,0.76879,1.00,6.00
2014.11.06 18:12:25.591,0.7686,0.76879,1.10,1.65
2014.11.06 18:12:25.643,0.76862,0.76879,1.00,1.65
2014.11.06 18:12:25.796,0.76862,0.7688,1.10,1.15
2014.11.06 18:12:25.897,0.76862,0.7688,1.10,1.15
2014.11.06 18:12:26.100,0.76863,0.7688,1.20,1.15
2014.11.06 18:12:28.438,0.76863,0.76881,1.10,1.27
2014.11.06 18:12:28.742,0.76864,0.76881,1.10,1.17
2014.11.06 18:12:28.895,0.76864,0.76881,1.00,1.27
2014.11.06 18:12:28.997,0.76861,0.76882,1.57,1.52
2014.11.06 18:12:29.099,0.76861,0.76879,1.07,1.15
2014.11.06 18:12:29.439,0.76861,0.76879,1.00,3.07
2014.11.06 18:12:29.936,0.7686,0.76879,1.65,1.07
2014.11.06 18:12:29.987,0.7686,0.76879,1.65,1.00
2014.11.06 18:12:30.088,0.76862,0.7688,1.10,1.15
2014.11.06 18:12:30.342,0.76869,0.7688,2.10,1.07
2014.11.06 18:12:30.394,0.76869,0.7688,2.85,1.00
2014.11.06 18:12:30.495,0.76869,0.76888,2.85,7.20
2014.11.06 18:12:30.597,0.76869,0.76888,3.00,1.10
2014.11.06 18:12:31.154,0.76873,0.7689,1.00,1.15
2014.11.06 18:12:31.663,0.76873,0.7689,1.00,1.15
2014.11.06 18:12:34.661,0.76871,0.7689,2.25,1.15
2014.11.06 18:12:36.794,0.76872,0.7689,1.00,1.40
2014.11.06 18:12:39.001,0.76872,0.7689,1.00,3.64
2014.11.06 18:12:39.736,0.76872,0.7689,1.00,1.46
2014.11.06 18:12:43.508,0.76872,0.76889,1.00,2.89
2014.11.06 18:12:44.146,0.76871,0.76888,1.00,5.02
2014.11.06 18:12:44.551,0.7687,0.76888,1.35,2.21
2014.11.06 18:12:44.653,0.7687,0.76887,1.35,1.35
2014.11.06 18:12:45.445,0.76869,0.76887,2.85,3.52
2014.11.06 18:12:46.062,0.76869,0.76887,2.85,1.15
2014.11.06 18:12:46.576,0.7687,0.76887,1.60,3.82
2014.11.06 18:12:46.829,0.76868,0.76886,1.00,1.52
2014.11.06 18:12:46.931,0.76867,0.76885,1.69,2.32
2014.11.06 18:12:47.235,0.76865,0.76882,1.30,2.70
2014.11.06 18:12:49.325,0.76861,0.76883,1.07,6.00
2014.11.06 18:12:49.427,0.76861,0.7688,1.10,3.07
2014.11.06 18:12:49.946,0.76859,0.7688,1.36,1.52
2014.11.06 18:12:51.468,0.76859,0.7688,1.20,5.62
2014.11.06 18:12:52.235,0.76859,0.7688,1.17,3.45
2014.11.06 18:12:52.851,0.76859,0.7688,1.10,3.45
2014.11.06 18:12:53.567,0.76859,0.7688,1.17,1.52
2014.11.06 18:12:54.117,0.76859,0.7688,1.10,3.45
2014.11.06 18:12:55.268,0.76859,0.7688,1.17,1.52
2014.11.06 18:12:55.773,0.76859,0.7688,1.10,3.45
2014.11.06 18:12:56.323,0.76859,0.76878,1.17,1.52
2014.11.06 18:12:56.940,0.76859,0.76878,1.20,1.27
2014.11.06 18:13:04.348,0.76859,0.76878,1.17,1.27
2014.11.06 18:13:04.854,0.76859,0.76878,1.17,1.27
2014.11.06 18:13:04.955,0.76859,0.76878,1.20,1.27
2014.11.06 18:13:05.680,0.76859,0.76878,1.07,1.27
2014.11.06 18:13:05.984,0.76859,0.76878,1.15,1.27
2014.11.06 18:13:06.526,0.76859,0.76878,1.17,1.27
2014.11.06 18:13:06.678,0.76859,0.76878,1.10,1.27
2014.11.06 18:13:07.488,0.76859,0.76879,1.17,1.52
2014.11.06 18:13:08.021,0.76859,0.76879,1.10,1.52
2014.11.06 18:13:13.184,0.76859,0.76878,1.00,2.70
2014.11.06 18:13:13.710,0.76859,0.76879,1.10,1.52
2014.11.06 18:13:14.169,0.76858,0.76877,1.17,1.15
2014.11.06 18:13:14.474,0.76858,0.76878,1.15,1.15
2014.11.06 18:13:14.985,0.76858,0.76878,1.27,1.27
2014.11.06 18:13:15.672,0.76858,0.76878,1.27,1.27
2014.11.06 18:13:15.774,0.76858,0.76878,1.15,1.52
2014.11.06 18:13:16.077,0.76858,0.76878,1.15,1.17
2014.11.06 18:13:16.583,0.7686,0.76879,1.15,1.15
2014.11.06 18:13:16.887,0.7686,0.76879,1.00,1.52
2014.11.06 18:13:17.438,0.7686,0.76877,1.10,1.17
2014.11.06 18:13:22.705,0.7686,0.76877,1.00,1.15
2014.11.06 18:13:23.212,0.7686,0.76877,1.10,1.17
2014.11.06 18:13:25.330,0.7686,0.76877,1.10,1.15
2014.11.06 18:13:27.229,0.7686,0.76877,1.10,1.17
2014.11.06 18:13:30.098,0.7686,0.76877,1.00,1.17
2014.11.06 18:13:30.704,0.7686,0.76877,1.10,1.17
2014.11.06 18:13:30.806,0.76862,0.76877,2.10,1.17
2014.11.06 18:13:40.032,0.76862,0.76881,2.10,2.70
2014.11.06 18:13:42.673,0.76864,0.76881,2.10,2.70
2014.11.06 18:13:42.841,0.76862,0.76883,2.25,6.00
2014.11.06 18:13:42.942,0.76863,0.76883,2.25,1.65
2014.11.06 18:13:43.145,0.76864,0.76882,2.25,1.20
2014.11.06 18:13:43.247,0.76864,0.76882,2.25,1.27
2014.11.06 18:13:43.755,0.76864,0.76882,1.67,1.15
2014.11.06 18:13:44.059,0.76867,0.76885,1.12,1.07
2014.11.06 18:13:44.160,0.76867,0.76886,1.12,1.10
2014.11.06 18:13:47.190,0.76868,0.76888,2.06,1.07
2014.11.06 18:13:47.291,0.76868,0.76888,2.06,1.10
2014.11.06 18:13:47.443,0.7687,0.76888,1.15,1.00
2014.11.06 18:13:48.217,0.7687,0.76889,3.45,1.00
2014.11.06 18:13:49.275,0.7687,0.76889,1.46,1.17
2014.11.06 18:13:49.805,0.76872,0.76891,1.15,1.17
2014.11.06 18:13:52.693,0.76872,0.76891,1.15,1.07
2014.11.06 18:13:52.744,0.76872,0.76891,3.07,1.10
2014.11.06 18:13:53.048,0.76878,0.76894,1.15,1.19
2014.11.06 18:13:53.569,0.76878,0.76894,1.15,1.19
2014.11.06 18:13:53.822,0.76878,0.76896,1.15,1.30
2014.11.06 18:13:54.941,0.76879,0.76897,2.32,1.85
2014.11.06 18:13:55.672,0.76878,0.76897,6.00,1.60
2014.11.06 18:13:57.535,0.76878,0.76899,5.25,2.25
2014.11.06 18:14:00.313,0.76878,0.769,5.25,3.00
2014.11.06 18:14:00.845,0.76879,0.76899,2.70,2.25
2014.11.06 18:14:04.971,0.7688,0.76899,2.32,2.17
2014.11.06 18:14:05.775,0.76879,0.76899,1.15,2.36
2014.11.06 18:14:05.978,0.76877,0.76898,1.27,3.94
2014.11.06 18:14:06.079,0.76877,0.76897,1.17,1.87
2014.11.06 18:14:06.390,0.76877,0.76896,1.15,1.77
2014.11.06 18:14:06.848,0.76877,0.76896,1.27,1.67
2014.11.06 18:14:07.368,0.76877,0.76898,3.45,3.11
2014.11.06 18:14:10.885,0.76877,0.76898,1.52,3.94
2014.11.06 18:14:12.855,0.76877,0.76897,1.52,2.36
2014.11.06 18:14:13.591,0.76877,0.76898,3.45,2.36
2014.11.06 18:14:14.206,0.76878,0.76898,2.70,1.67
2014.11.06 18:14:14.308,0.76877,0.76898,1.52,1.75
2014.11.06 18:14:15.502,0.76877,0.76898,3.45,1.89
2014.11.06 18:14:15.654,0.76877,0.76898,3.82,1.89
2014.11.06 18:14:16.159,0.76879,0.76898,3.07,1.79
2014.11.06 18:14:16.552,0.76879,0.76898,3.07,1.60
2014.11.06 18:14:17.203,0.76878,0.76898,5.62,2.10
2014.11.06 18:14:17.541,0.76879,0.76897,3.07,2.10
2014.11.06 18:14:18.314,0.76879,0.76897,3.07,2.10
2014.11.06 18:14:19.415,0.76879,0.76896,3.07,2.10
2014.11.06 18:14:19.957,0.76879,0.76898,3.07,3.11
2014.11.06 18:14:21.821,0.76878,0.76897,1.52,2.17
2014.11.06 18:14:21.923,0.76878,0.76898,1.55,2.70
2014.11.06 18:14:21.974,0.76878,0.76898,1.52,1.80
2014.11.06 18:14:22.499,0.76877,0.76898,4.20,1.80
2014.11.06 18:14:22.812,0.76877,0.76898,4.20,1.80
2014.11.06 18:14:22.913,0.76877,0.76898,2.02,1.80
2014.11.06 18:14:23.116,0.76879,0.76898,1.27,1.57
2014.11.06 18:14:36.350,0.76879,0.76899,1.17,1.27
2014.11.06 18:14:38.070,0.76881,0.76899,2.10,1.27
2014.11.06 18:14:38.172,0.76881,0.76899,2.25,1.27
2014.11.06 18:14:40.316,0.76883,0.76902,2.10,1.52
2014.11.06 18:14:41.492,0.76882,0.76903,2.44,5.25
2014.11.06 18:14:41.747,0.76884,0.76904,2.25,1.27
2014.11.06 18:14:43.771,0.76883,0.76904,2.00,1.27
2014.11.06 18:14:44.990,0.76883,0.76904,1.75,1.27
2014.11.06 18:14:45.548,0.76883,0.76904,1.75,1.27
2014.11.06 18:14:47.685,0.76883,0.76904,1.75,1.27
2014.11.06 18:14:48.189,0.76883,0.76904,1.75,1.27
2014.11.06 18:14:49.562,0.76883,0.76904,3.67,1.27
2014.11.06 18:14:49.972,0.76885,0.76904,3.67,1.20
2014.11.06 18:14:50.276,0.76892,0.76904,2.70,1.00
2014.11.06 18:14:50.530,0.76893,0.7691,1.15,1.00
2014.11.06 18:14:52.580,0.76892,0.7691,1.15,1.07
2014.11.06 18:14:52.682,0.76892,0.7691,1.17,1.27
2014.11.06 18:14:52.987,0.7689,0.76908,1.15,1.07
2014.11.06 18:14:54.583,0.7689,0.76909,2.32,1.17
2014.11.06 18:14:54.684,0.76891,0.76909,2.70,1.00
2014.11.06 18:14:57.679,0.76889,0.76909,1.90,1.10
2014.11.06 18:14:57.781,0.7689,0.76909,3.07,1.10
2014.11.06 18:14:58.650,0.7689,0.76909,2.32,1.47
2014.11.06 18:14:58.802,0.76889,0.76907,1.15,1.10
2014.11.06 18:14:59.309,0.7689,0.76907,3.07,1.00
2014.11.06 18:14:59.461,0.76891,0.76909,2.70,1.00
2014.11.06 18:15:01.279,0.7689,0.76909,3.45,1.00
2014.11.06 18:15:01.787,0.76891,0.76909,2.70,1.00
2014.11.06 18:15:05.076,0.76891,0.76908,3.45,1.12
2014.11.06 18:15:05.179,0.76891,0.76908,3.00,1.57
2014.11.06 18:15:05.230,0.76891,0.76908,1.00,1.65
2014.11.06 18:15:05.331,0.76887,0.76907,1.92,1.52
2014.11.06 18:15:05.433,0.76887,0.76907,1.75,3.07
2014.11.06 18:15:05.535,0.76886,0.76907,1.90,1.15
2014.11.06 18:15:05.586,0.76886,0.76907,4.20,1.10
2014.11.06 18:15:05.891,0.76896,0.76913,3.07,1.12
2014.11.06 18:15:06.476,0.76896,0.76914,3.07,1.00
2014.11.06 18:15:07.792,0.76896,0.76914,1.15,1.10
2014.11.06 18:15:08.313,0.76896,0.76914,1.15,1.07
2014.11.06 18:15:08.820,0.76896,0.76914,1.15,1.10
2014.11.06 18:15:09.124,0.76896,0.76914,1.15,1.10
2014.11.06 18:15:09.228,0.76896,0.76914,1.15,1.10
2014.11.06 18:15:09.867,0.76896,0.76914,1.15,1.00
2014.11.06 18:15:10.373,0.76896,0.76915,1.15,1.20
2014.11.06 18:15:10.879,0.76896,0.76915,1.15,1.27
2014.11.06 18:15:11.384,0.76896,0.76915,1.15,1.27
2014.11.06 18:15:12.047,0.76896,0.76915,1.15,1.27
2014.11.06 18:15:13.003,0.76896,0.76915,1.15,1.57
2014.11.06 18:15:13.205,0.76896,0.76915,1.15,2.02
2014.11.06 18:15:16.303,0.76896,0.76911,1.15,2.10
2014.11.06 18:15:17.011,0.76894,0.76911,1.15,2.10
2014.11.06 18:15:18.260,0.76894,0.76911,1.15,2.44
2014.11.06 18:15:18.855,0.76894,0.76911,1.15,2.29
2014.11.06 18:15:26.176,0.76894,0.76909,1.15,1.42
2014.11.06 18:15:26.430,0.76889,0.76907,1.17,1.12
2014.11.06 18:15:26.757,0.76889,0.76908,2.32,1.10
2014.11.06 18:15:27.064,0.76892,0.76911,1.15,4.54
2014.11.06 18:15:28.761,0.76892,0.76911,1.15,3.49
2014.11.06 18:15:31.478,0.76892,0.76911,1.15,3.22
2014.11.06 18:15:33.771,0.76892,0.76911,3.07,2.55
2014.11.06 18:15:34.276,0.76893,0.76909,1.15,1.35
2014.11.06 18:15:34.783,0.76893,0.76909,1.15,1.35
2014.11.06 18:15:35.452,0.76893,0.76908,1.07,1.12
2014.11.06 18:15:35.503,0.76893,0.76908,1.10,1.12
2014.11.06 18:15:35.554,0.76893,0.76907,1.10,3.60
2014.11.06 18:15:35.757,0.76889,0.76906,3.07,1.50
2014.11.06 18:15:36.009,0.76892,0.76906,1.00,1.27
2014.11.06 18:15:36.111,0.76888,0.76906,1.10,2.02
2014.11.06 18:15:36.616,0.76886,0.76903,1.15,1.00
2014.11.06 18:15:36.920,0.76886,0.76903,1.20,1.42
2014.11.06 18:15:37.422,0.76883,0.76902,1.84,1.00
2014.11.06 18:15:52.238,0.76882,0.76902,1.15,1.57
2014.11.06 18:15:53.119,0.76882,0.769,1.15,1.00
2014.11.06 18:15:56.191,0.76882,0.76899,1.15,1.37
2014.11.06 18:15:56.241,0.76882,0.76898,1.15,2.62
2014.11.06 18:15:56.343,0.76877,0.76895,1.65,1.00
2014.11.06 18:15:56.545,0.76874,0.76895,4.39,1.65
2014.11.06 18:15:59.052,0.76874,0.76889,2.89,1.00
2014.11.06 18:15:59.356,0.76869,0.76888,3.82,1.12
2014.11.06 18:15:59.407,0.76869,0.76886,5.62,1.00
2014.11.06 18:15:59.710,0.76873,0.76889,2.32,1.00
2014.11.06 18:15:59.863,0.76873,0.76891,2.32,1.00
2014.11.06 18:16:00.261,0.76873,0.76893,3.45,1.82
2014.11.06 18:16:00.514,0.76864,0.76879,1.15,1.35
2014.11.06 18:16:00.616,0.76862,0.76878,2.70,2.47
2014.11.06 18:16:00.768,0.7686,0.76878,3.07,2.47
2014.11.06 18:16:01.273,0.7686,0.76878,1.15,2.92
2014.11.06 18:16:03.486,0.76861,0.76878,1.15,2.32
2014.11.06 18:16:04.007,0.76863,0.7688,1.15,2.00
2014.11.06 18:16:04.515,0.76862,0.76877,1.15,1.12
2014.11.06 18:16:04.982,0.7686,0.76876,1.17,1.00
2014.11.06 18:16:05.341,0.76857,0.76875,1.65,1.60
2014.11.06 18:16:09.096,0.76857,0.76874,1.17,1.42
2014.11.06 18:16:09.248,0.76855,0.76874,3.45,1.35
2014.11.06 18:16:09.552,0.76855,0.76872,1.27,1.00
2014.11.06 18:16:10.191,0.76855,0.76872,3.45,1.00
2014.11.06 18:16:10.740,0.76855,0.76872,1.27,1.00
2014.11.06 18:16:11.262,0.76856,0.76873,1.15,1.00
2014.11.06 18:16:13.250,0.76854,0.76872,1.27,1.10
2014.11.06 18:16:13.791,0.76853,0.76871,3.82,1.00
2014.11.06 18:16:14.352,0.76855,0.76872,2.32,1.00
2014.11.06 18:16:14.858,0.76854,0.76872,5.62,1.00
2014.11.06 18:16:16.068,0.76855,0.76872,2.70,1.00
2014.11.06 18:16:16.595,0.76856,0.76873,2.32,1.35
2014.11.06 18:16:17.884,0.76857,0.76874,2.32,1.00
2014.11.06 18:16:18.189,0.7686,0.76875,2.32,1.00
2014.11.06 18:16:18.240,0.7686,0.76877,2.32,1.00
2014.11.06 18:16:18.341,0.76862,0.76877,2.32,1.00
2014.11.06 18:16:18.848,0.76863,0.76878,1.15,1.00
2014.11.06 18:16:23.388,0.76861,0.76878,2.02,2.10
2014.11.06 18:16:23.489,0.76859,0.76877,1.40,1.57
2014.11.06 18:16:23.591,0.76859,0.76877,1.40,2.17
2014.11.06 18:16:24.139,0.76857,0.76875,2.32,1.60
2014.11.06 18:16:31.077,0.76857,0.76875,2.32,1.60
2014.11.06 18:16:44.291,0.76858,0.76875,2.32,1.60
2014.11.06 18:16:46.020,0.76858,0.76876,2.32,2.25
2014.11.06 18:16:46.679,0.76861,0.76877,1.17,1.20
2014.11.06 18:16:48.246,0.76861,0.76878,1.15,1.50
2014.11.06 18:16:48.550,0.76861,0.76878,1.15,3.30
2014.11.06 18:16:48.752,0.76858,0.76876,1.15,5.10
2014.11.06 18:16:49.269,0.76856,0.76874,4.76,1.35
2014.11.06 18:16:54.941,0.76856,0.76874,1.65,1.72
2014.11.06 18:16:55.476,0.76855,0.76873,4.20,1.00
2014.11.06 18:16:55.986,0.76855,0.76872,1.65,1.00
2014.11.06 18:17:05.922,0.76855,0.76872,1.46,1.10
2014.11.06 18:17:06.023,0.76855,0.76872,1.46,1.10
2014.11.06 18:17:06.326,0.76852,0.76871,2.62,1.07
2014.11.06 18:17:06.843,0.76851,0.76871,3.56,1.10
2014.11.06 18:17:10.161,0.76853,0.76871,2.32,1.00
2014.11.06 18:17:10.669,0.76857,0.76872,1.17,1.00
2014.11.06 18:17:14.631,0.76858,0.76874,1.10,1.10
2014.11.06 18:17:28.042,0.76855,0.76871,1.15,1.00
2014.11.06 18:17:30.306,0.76854,0.76871,1.65,1.00
2014.11.06 18:17:30.919,0.76854,0.76871,1.65,1.00
2014.11.06 18:17:31.121,0.76855,0.76873,1.15,1.00
2014.11.06 18:17:36.519,0.76856,0.76872,1.15,1.00
2014.11.06 18:17:37.509,0.76858,0.76875,1.17,1.20
2014.11.06 18:17:42.330,0.76858,0.76876,1.17,3.15
2014.11.06 18:17:42.380,0.76858,0.76875,1.20,1.01
2014.11.06 18:17:46.086,0.76854,0.76874,1.15,2.59
2014.11.06 18:17:47.716,0.76855,0.76871,1.07,1.07
2014.11.06 18:17:52.167,0.76853,0.76872,1.20,2.21
2014.11.06 18:17:52.992,0.76853,0.76871,1.20,1.65
2014.11.06 18:17:53.147,0.76848,0.76867,1.84,1.10
2014.11.06 18:17:53.552,0.76849,0.76867,1.27,1.57
2014.11.06 18:17:53.856,0.76849,0.76867,1.27,1.10
2014.11.06 18:17:54.559,0.76849,0.76866,1.27,1.00
2014.11.06 18:17:55.079,0.76849,0.76868,1.27,1.27
2014.11.06 18:17:57.186,0.7685,0.76868,1.10,1.52
2014.11.06 18:17:59.404,0.76848,0.76867,1.07,1.50
2014.11.06 18:18:00.060,0.76848,0.76867,1.00,4.05
2014.11.06 18:18:00.365,0.76846,0.76862,1.00,2.89
2014.11.06 18:18:00.596,0.76843,0.76862,1.00,3.49
2014.11.06 18:18:01.383,0.76843,0.76863,1.07,4.39
2014.11.06 18:18:01.485,0.76843,0.76863,1.15,1.46
2014.11.06 18:18:01.687,0.76844,0.76863,1.20,1.46
2014.11.06 18:18:02.218,0.76844,0.76863,1.17,1.46
2014.11.06 18:18:03.219,0.76844,0.76863,1.17,2.21
2014.11.06 18:18:03.724,0.76845,0.76863,1.10,2.02
2014.11.06 18:18:04.506,0.76845,0.7686,1.00,3.56
2014.11.06 18:18:04.607,0.76843,0.7686,1.00,4.39
2014.11.06 18:18:04.708,0.76839,0.7686,1.10,5.14
2014.11.06 18:18:04.810,0.76841,0.7686,1.00,5.14
2014.11.06 18:18:05.012,0.76841,0.7686,1.17,2.21
2014.11.06 18:18:05.520,0.76843,0.7686,1.20,1.77
2014.11.06 18:18:06.026,0.76844,0.7686,1.00,1.52
2014.11.06 18:18:06.551,0.76843,0.76862,1.65,1.09
2014.11.06 18:18:07.170,0.76843,0.76861,1.10,1.09
2014.11.06 18:18:07.272,0.76842,0.76861,1.00,4.01
2014.11.06 18:18:07.424,0.76842,0.76861,1.17,1.46
2014.11.06 18:18:07.475,0.76842,0.76861,1.17,1.84
2014.11.06 18:18:13.771,0.76842,0.76861,1.17,1.46
2014.11.06 18:18:14.176,0.76845,0.76861,1.00,1.09
2014.11.06 18:18:14.480,0.76844,0.76861,1.00,1.09
2014.11.06 18:18:15.004,0.76843,0.76861,1.00,1.09
2014.11.06 18:18:16.787,0.76842,0.76861,1.00,1.09
2014.11.06 18:18:17.324,0.76841,0.76861,1.65,1.09
2014.11.06 18:18:18.344,0.76842,0.76861,1.00,1.09
2014.11.06 18:18:18.860,0.76841,0.76861,1.20,1.09
2014.11.06 18:18:19.427,0.76841,0.76859,1.20,3.90
2014.11.06 18:18:19.731,0.76832,0.76844,1.00,1.57
2014.11.06 18:18:19.883,0.76827,0.76844,1.17,2.29
2014.11.06 18:18:20.101,0.76827,0.76843,1.07,1.01
2014.11.06 18:18:20.160,0.76825,0.76843,1.87,2.36
2014.11.06 18:18:21.429,0.76826,0.76842,1.00,1.65
2014.11.06 18:18:21.530,0.76826,0.76842,1.15,1.00
2014.11.06 18:18:21.632,0.76827,0.76846,1.15,1.76
2014.11.06 18:18:21.683,0.76831,0.76846,1.00,1.76
2014.11.06 18:18:21.886,0.76827,0.76847,2.40,1.20
2014.11.06 18:18:21.937,0.76828,0.76847,2.70,1.12
2014.11.06 18:18:22.140,0.7683,0.76847,1.00,3.37
2014.11.06 18:18:23.107,0.76829,0.76846,1.10,1.32
2014.11.06 18:18:24.444,0.76829,0.76846,1.17,1.22
2014.11.06 18:18:30.950,0.76828,0.76846,1.15,1.60
2014.11.06 18:18:31.255,0.76824,0.76842,1.00,3.49
2014.11.06 18:18:31.761,0.76824,0.76836,1.10,1.00
2014.11.06 18:18:32.470,0.76825,0.76841,1.00,1.46
2014.11.06 18:18:32.672,0.76826,0.76841,1.10,1.27
2014.11.06 18:18:33.178,0.76827,0.76842,1.45,1.07
2014.11.06 18:18:33.280,0.76827,0.76844,1.52,1.00
2014.11.06 18:18:33.381,0.76829,0.76848,2.32,1.65
2014.11.06 18:18:33.886,0.76834,0.76851,1.57,1.15
2014.11.06 18:18:35.230,0.76834,0.76851,1.95,1.07
2014.11.06 18:18:35.382,0.76837,0.76854,1.17,1.07
2014.11.06 18:18:35.534,0.76837,0.76855,1.17,1.20
2014.11.06 18:18:36.215,0.76838,0.76858,1.15,1.69
2014.11.06 18:18:37.779,0.76838,0.76857,1.07,1.82
2014.11.06 18:18:37.830,0.76838,0.76857,1.10,1.82
2014.11.06 18:18:37.931,0.76837,0.76853,1.00,1.12
2014.11.06 18:18:38.437,0.76836,0.76854,1.10,1.15
2014.11.06 18:18:38.842,0.76836,0.76854,1.00,4.01
2014.11.06 18:18:39.355,0.76834,0.76854,1.17,2.44
2014.11.06 18:18:48.836,0.76834,0.76852,1.00,1.31
2014.11.06 18:18:48.937,0.76834,0.76852,1.00,3.49
2014.11.06 18:18:49.038,0.76832,0.76852,1.00,4.24
2014.11.06 18:18:49.348,0.76832,0.76849,1.15,1.00
2014.11.06 18:18:49.449,0.76831,0.76849,1.07,1.45
2014.11.06 18:18:49.753,0.7683,0.76849,1.40,1.05
2014.11.06 18:18:50.300,0.7683,0.76849,1.40,1.12
2014.11.06 18:18:53.086,0.7683,0.7685,1.27,1.17
2014.11.06 18:18:55.502,0.76833,0.76851,1.17,1.07
2014.11.06 18:18:55.603,0.76833,0.76852,1.15,1.20
2014.11.06 18:18:56.743,0.76836,0.76856,1.17,2.96
2014.11.06 18:18:56.794,0.76836,0.76856,1.15,2.96
2014.11.06 18:19:00.243,0.76838,0.76857,1.17,1.27
2014.11.06 18:19:00.294,0.76838,0.76857,1.40,1.27
2014.11.06 18:19:02.264,0.7684,0.76859,1.17,1.69
2014.11.06 18:19:02.315,0.7684,0.76859,1.15,1.09
2014.11.06 18:19:02.820,0.76843,0.76862,1.20,1.77
2014.11.06 18:19:09.339,0.76843,0.76862,1.65,1.45
2014.11.06 18:19:09.441,0.76843,0.76862,1.27,1.10
2014.11.06 18:19:11.126,0.76844,0.76863,1.17,1.60
2014.11.06 18:19:11.633,0.76844,0.76861,1.57,1.17
2014.11.06 18:19:12.238,0.76844,0.76862,1.57,1.17
2014.11.06 18:19:12.748,0.76844,0.76862,1.65,1.10
2014.11.06 18:19:25.270,0.76846,0.76862,1.00,1.07
2014.11.06 18:19:25.779,0.76843,0.76862,1.65,2.25
2014.11.06 18:19:26.479,0.76843,0.76862,1.65,1.27
2014.11.06 18:19:26.581,0.76843,0.76863,1.65,2.17
2014.11.06 18:19:27.127,0.76843,0.76863,1.65,2.25
2014.11.06 18:19:37.238,0.76843,0.76863,1.65,1.52
2014.11.06 18:19:38.661,0.76842,0.7686,1.15,2.02
2014.11.06 18:19:38.965,0.76842,0.76858,1.20,1.20
2014.11.06 18:19:39.470,0.7684,0.76857,1.15,1.00
2014.11.06 18:19:39.875,0.7684,0.76857,1.10,1.17
2014.11.06 18:19:40.580,0.7684,0.76857,1.15,1.10
2014.11.06 18:19:40.821,0.76841,0.76859,1.17,1.10
2014.11.06 18:19:40.872,0.76843,0.76859,1.00,1.15
2014.11.06 18:19:40.973,0.76843,0.76859,1.00,1.17
2014.11.06 18:19:41.548,0.76841,0.76859,1.15,1.15
2014.11.06 18:19:42.161,0.76841,0.76859,1.15,1.07
2014.11.06 18:19:42.669,0.76842,0.76859,1.15,1.00
2014.11.06 18:19:46.390,0.76843,0.76859,1.15,1.00
2014.11.06 18:19:46.441,0.76843,0.76861,1.15,1.10
2014.11.06 18:19:46.593,0.76844,0.76861,1.15,1.00
2014.11.06 18:19:47.100,0.76843,0.76861,1.52,1.00
2014.11.06 18:19:52.494,0.76843,0.76862,1.52,1.10
2014.11.06 18:19:53.221,0.76846,0.76862,2.70,1.00
2014.11.06 18:19:53.374,0.76848,0.76867,1.27,1.75
2014.11.06 18:19:53.425,0.76851,0.76867,1.15,1.00
2014.11.06 18:19:53.526,0.76851,0.76868,1.00,1.40
2014.11.06 18:19:55.516,0.76851,0.76868,1.00,1.15
2014.11.06 18:20:01.821,0.76851,0.76868,1.07,1.17
2014.11.06 18:20:02.074,0.76853,0.76871,1.17,1.17
2014.11.06 18:20:02.428,0.76853,0.76872,1.15,1.27
2014.11.06 18:20:02.529,0.76853,0.76872,1.52,1.27
2014.11.06 18:20:02.833,0.76853,0.76872,1.27,1.27
2014.11.06 18:20:02.934,0.76853,0.76872,1.27,1.17
2014.11.06 18:20:03.855,0.76853,0.76872,1.40,1.15
2014.11.06 18:20:04.160,0.76853,0.76872,1.25,1.27
2014.11.06 18:20:04.708,0.76852,0.76869,1.10,1.17
2014.11.06 18:20:05.218,0.76852,0.76869,1.15,1.20
2014.11.06 18:20:05.931,0.76852,0.76869,1.20,1.07
2014.11.06 18:20:06.768,0.76852,0.76869,1.17,1.07
2014.11.06 18:20:06.869,0.76852,0.76869,1.10,1.17
2014.11.06 18:20:07.946,0.7685,0.7687,2.02,1.27
2014.11.06 18:20:09.285,0.76852,0.7687,1.57,1.27
2014.11.06 18:20:09.809,0.76852,0.7687,1.65,1.27
2014.11.06 18:20:11.989,0.76852,0.7687,1.10,1.27
2014.11.06 18:20:12.294,0.76843,0.76859,1.00,1.87
2014.11.06 18:20:12.598,0.7684,0.76857,1.10,1.27
2014.11.06 18:20:12.903,0.76835,0.76854,1.65,3.00
2014.11.06 18:20:12.954,0.76835,0.76852,1.07,1.20
2014.11.06 18:20:13.106,0.76834,0.76852,1.10,1.27
2014.11.06 18:20:14.474,0.76834,0.76852,1.07,1.40
2014.11.06 18:20:15.759,0.76835,0.76852,1.07,1.01
2014.11.06 18:20:16.273,0.76835,0.76853,1.15,1.10
2014.11.06 18:20:17.757,0.76835,0.76853,1.15,1.00
2014.11.06 18:20:20.067,0.76838,0.76853,1.07,1.00
2014.11.06 18:20:20.220,0.76839,0.76855,1.17,1.12
2014.11.06 18:20:20.890,0.76841,0.76855,1.00,1.12
2014.11.06 18:20:21.447,0.76841,0.76856,1.00,1.95
2014.11.06 18:20:21.953,0.76841,0.76856,1.15,1.00
2014.11.06 18:20:22.206,0.76841,0.76858,1.15,1.19
2014.11.06 18:20:23.107,0.76841,0.76858,1.27,1.00
2014.11.06 18:20:24.277,0.76842,0.76859,1.65,1.00
2014.11.06 18:20:24.580,0.76845,0.76861,3.07,1.00
2014.11.06 18:20:24.631,0.76846,0.76865,1.15,1.12
2014.11.06 18:20:24.784,0.76849,0.76865,2.32,1.12
2014.11.06 18:20:25.088,0.76849,0.76867,2.32,1.25
2014.11.06 18:20:26.041,0.76861,0.76867,1.50,1.00
2014.11.06 18:20:26.295,0.76882,0.76892,1.00,1.00
2014.11.06 18:20:26.754,0.76872,0.76893,1.46,1.17
2014.11.06 18:20:27.210,0.76875,0.76891,2.32,1.00
2014.11.06 18:20:27.261,0.76877,0.76896,1.15,2.17
2014.11.06 18:20:27.413,0.76876,0.76896,1.15,1.84
2014.11.06 18:20:28.205,0.76876,0.76896,1.10,2.11
2014.11.06 18:20:28.509,0.76871,0.7689,1.65,1.00
2014.11.06 18:20:29.201,0.76871,0.7689,1.65,1.07
2014.11.06 18:20:30.342,0.76871,0.7689,1.15,1.70
2014.11.06 18:20:30.393,0.76871,0.76889,1.50,2.36
2014.11.06 18:20:31.290,0.76867,0.76885,1.15,1.10
2014.11.06 18:20:31.796,0.76867,0.76885,1.15,1.10
2014.11.06 18:20:34.115,0.76867,0.76885,1.17,1.17
2014.11.06 18:20:35.129,0.76867,0.76885,1.15,1.20
2014.11.06 18:20:35.433,0.76867,0.76885,1.17,1.17
2014.11.06 18:20:35.736,0.76867,0.76885,1.00,5.25
2014.11.06 18:20:36.410,0.76864,0.76877,1.10,1.05
2014.11.06 18:20:36.511,0.76858,0.76877,2.02,1.87
2014.11.06 18:20:36.714,0.76857,0.76876,1.20,3.60
2014.11.06 18:20:36.867,0.76854,0.76874,1.65,1.15
2014.11.06 18:20:37.120,0.76854,0.76871,1.00,1.15
2014.11.06 18:20:37.681,0.76853,0.7687,1.10,1.17
2014.11.06 18:20:45.118,0.76855,0.7687,1.00,1.17
2014.11.06 18:20:45.343,0.76853,0.7687,1.10,1.17
2014.11.06 18:20:51.397,0.76854,0.7687,1.00,1.17
2014.11.06 18:20:51.549,0.76854,0.76871,1.17,1.10
2014.11.06 18:20:52.091,0.76856,0.76871,1.10,1.07
2014.11.06 18:20:52.345,0.76857,0.76875,2.81,1.16
2014.11.06 18:20:52.446,0.7686,0.76879,1.27,2.74
2014.11.06 18:20:52.750,0.76862,0.7688,1.15,1.00
2014.11.06 18:20:53.256,0.76864,0.76881,1.15,1.00
2014.11.06 18:20:53.560,0.76865,0.76885,1.52,1.36
2014.11.06 18:20:53.880,0.76865,0.76885,3.64,1.07
2014.11.06 18:20:54.235,0.76867,0.76885,1.17,1.07
2014.11.06 18:20:54.539,0.76867,0.76885,1.27,1.00
2014.11.06 18:20:54.844,0.76872,0.76888,1.00,1.15
2014.11.06 18:20:55.586,0.76872,0.76889,1.00,1.15
2014.11.06 18:20:56.107,0.76871,0.76887,1.00,1.15
2014.11.06 18:20:57.173,0.76871,0.76887,1.00,1.15
2014.11.06 18:20:57.426,0.76866,0.76885,1.15,1.15
2014.11.06 18:20:57.478,0.76865,0.76883,1.09,1.17
2014.11.06 18:20:57.681,0.76865,0.76883,1.25,1.15
2014.11.06 18:20:57.782,0.76863,0.76882,1.00,2.32
2014.11.06 18:20:58.334,0.76862,0.76879,1.00,1.15
2014.11.06 18:20:58.877,0.7686,0.76879,1.65,1.17
2014.11.06 18:20:59.416,0.7686,0.76879,1.15,1.17
2014.11.06 18:21:00.647,0.7686,0.76879,1.15,1.17
2014.11.06 18:21:02.068,0.76857,0.76878,1.65,1.84
2014.11.06 18:21:02.777,0.76856,0.76875,1.17,1.15
2014.11.06 18:21:03.283,0.76855,0.76875,1.15,1.09
2014.11.06 18:21:07.187,0.76855,0.76875,1.10,1.52
2014.11.06 18:21:10.907,0.76854,0.76872,1.52,1.00
2014.11.06 18:21:11.413,0.76854,0.76872,2.02,1.10
2014.11.06 18:21:13.827,0.76856,0.76872,1.17,1.10
2014.11.06 18:21:14.382,0.76856,0.76872,1.17,1.10
2014.11.06 18:21:15.507,0.76854,0.76872,4.20,1.00
2014.11.06 18:21:16.069,0.76855,0.76873,1.27,1.00
2014.11.06 18:21:16.322,0.76855,0.76876,4.20,1.76
2014.11.06 18:21:16.424,0.76857,0.76876,3.26,1.50
2014.11.06 18:21:16.677,0.76862,0.76881,6.60,1.10
2014.11.06 18:21:16.728,0.76864,0.76882,2.32,1.00
2014.11.06 18:21:17.133,0.76865,0.76884,1.27,1.00
2014.11.06 18:21:20.532,0.76865,0.76884,1.40,1.20
2014.11.06 18:21:21.811,0.76865,0.76884,1.77,1.00
2014.11.06 18:21:23.219,0.76867,0.76884,1.17,1.07
2014.11.06 18:21:23.372,0.76865,0.76885,1.27,1.10
2014.11.06 18:21:23.627,0.76865,0.76885,1.27,1.17
2014.11.06 18:21:24.434,0.76865,0.76885,1.46,1.10
2014.11.06 18:21:32.364,0.76865,0.76885,1.17,1.15
2014.11.06 18:21:32.921,0.76864,0.76882,1.40,1.15
2014.11.06 18:21:33.224,0.76864,0.76883,1.69,1.15
2014.11.06 18:21:33.427,0.76864,0.76883,1.84,1.15
2014.11.06 18:21:33.528,0.76864,0.76883,1.69,1.15
2014.11.06 18:21:34.638,0.76864,0.76882,1.15,1.10
2014.11.06 18:21:34.742,0.76864,0.76882,1.15,1.10
2014.11.06 18:21:36.987,0.76864,0.76882,1.17,1.17
2014.11.06 18:21:37.267,0.76864,0.76882,1.07,1.52
2014.11.06 18:21:37.671,0.76862,0.76882,1.10,1.46
2014.11.06 18:21:37.773,0.76862,0.76882,1.15,1.46
2014.11.06 18:21:38.684,0.76861,0.76877,1.15,1.37
2014.11.06 18:21:38.785,0.76859,0.76872,1.00,1.57
2014.11.06 18:21:38.886,0.76855,0.76872,1.15,3.97
2014.11.06 18:21:38.988,0.76851,0.76864,1.10,1.00
2014.11.06 18:21:39.140,0.76851,0.76866,1.00,1.92
2014.11.06 18:21:39.393,0.76848,0.76863,1.00,1.50
2014.11.06 18:21:39.443,0.76848,0.76863,1.00,3.67
2014.11.06 18:21:39.953,0.76847,0.76863,1.00,5.62
2014.11.06 18:21:40.468,0.76847,0.76863,1.00,1.15
2014.11.06 18:21:41.162,0.76847,0.76864,1.00,1.84
2014.11.06 18:21:42.166,0.76845,0.76864,1.15,1.84
2014.11.06 18:21:42.571,0.76845,0.76865,1.15,1.27
2014.11.06 18:21:42.674,0.76845,0.76865,1.52,1.27
2014.11.06 18:21:43.487,0.76847,0.76866,1.52,1.65
2014.11.06 18:21:43.539,0.76849,0.76866,2.70,1.07
2014.11.06 18:21:43.691,0.76851,0.7687,1.27,1.39
2014.11.06 18:21:44.197,0.76854,0.76871,1.10,1.65
2014.11.06 18:21:49.527,0.76853,0.76871,1.15,1.17
2014.11.06 18:21:50.038,0.76853,0.76871,1.15,1.07
2014.11.06 18:21:51.057,0.76853,0.76871,1.15,1.10
2014.11.06 18:21:54.260,0.76855,0.76871,2.70,1.00
2014.11.06 18:21:54.361,0.76855,0.76873,5.55,1.00
2014.11.06 18:21:54.462,0.76855,0.76873,3.00,1.10
2014.11.06 18:21:55.674,0.76854,0.76873,3.19,1.17
2014.11.06 18:22:00.748,0.76859,0.76873,1.05,1.20
2014.11.06 18:22:00.850,0.7686,0.76878,5.06,1.50
2014.11.06 18:22:00.952,0.76864,0.7688,1.15,1.00
2014.11.06 18:22:01.989,0.76865,0.76882,2.10,1.15
2014.11.06 18:22:02.501,0.76864,0.76883,3.00,1.15
2014.11.06 18:22:02.552,0.76866,0.76883,2.55,1.07
2014.11.06 18:22:02.603,0.76868,0.76885,1.17,1.01
2014.11.06 18:22:03.562,0.76868,0.76886,1.17,1.17
2014.11.06 18:22:04.068,0.76867,0.76888,2.62,1.15
2014.11.06 18:22:04.473,0.76867,0.76888,1.65,1.52
2014.11.06 18:22:04.999,0.76867,0.76888,1.15,1.71
2014.11.06 18:22:05.302,0.76865,0.76886,1.60,2.92
2014.11.06 18:22:06.327,0.76865,0.76886,2.62,1.27
2014.11.06 18:22:06.429,0.76866,0.76886,1.77,1.52
2014.11.06 18:22:06.783,0.76865,0.76886,1.87,1.52
2014.11.06 18:22:11.006,0.76866,0.76885,1.12,1.15
2014.11.06 18:22:11.333,0.76871,0.76889,1.12,1.90
2014.11.06 18:22:11.435,0.76875,0.76889,1.00,1.92
2014.11.06 18:22:11.993,0.76875,0.7689,1.00,4.01
2014.11.06 18:22:12.196,0.76869,0.76889,2.92,2.32
2014.11.06 18:22:12.349,0.76868,0.76888,1.10,1.34
2014.11.06 18:22:12.722,0.76869,0.76888,1.07,1.34
2014.11.06 18:22:13.342,0.76869,0.76886,1.00,1.15
2014.11.06 18:22:14.175,0.76866,0.76886,2.25,1.15
2014.11.06 18:22:14.480,0.76865,0.76886,1.31,1.27
2014.11.06 18:22:14.788,0.76865,0.76886,1.60,6.56
2014.11.06 18:22:15.091,0.76864,0.76884,2.10,2.92
2014.11.06 18:22:15.896,0.76865,0.76884,1.35,6.56
2014.11.06 18:22:16.436,0.76865,0.76884,1.60,7.31
2014.11.06 18:22:17.917,0.76865,0.76884,2.25,2.50
2014.11.06 18:22:18.070,0.7687,0.76886,2.10,1.09
2014.11.06 18:22:18.272,0.7687,0.76887,1.35,2.59
2014.11.06 18:22:18.644,0.76865,0.76886,3.75,1.40
2014.11.06 18:22:23.320,0.76865,0.76886,1.65,1.09
2014.11.06 18:22:24.402,0.76867,0.76884,1.00,2.02
2014.11.06 18:22:24.956,0.76868,0.76884,1.00,2.02
2014.11.06 18:22:25.468,0.76868,0.76884,1.20,1.57
2014.11.06 18:22:25.845,0.76868,0.76885,1.17,1.20
2014.11.06 18:22:25.946,0.76871,0.76885,1.00,1.20
2014.11.06 18:22:27.325,0.76871,0.76886,1.00,1.46
2014.11.06 18:22:27.427,0.76871,0.76886,1.00,1.10
2014.11.06 18:22:27.928,0.76869,0.76888,1.27,1.09
2014.11.06 18:22:28.821,0.76869,0.76889,1.27,1.40
2014.11.06 18:22:29.344,0.76869,0.76889,2.02,1.40
2014.11.06 18:22:34.145,0.76869,0.76889,4.20,1.00
2014.11.06 18:22:34.449,0.76875,0.76892,1.20,1.15
2014.11.06 18:22:34.955,0.76875,0.76893,1.00,1.46
2014.11.06 18:22:41.235,0.76875,0.76893,1.87,1.15
2014.11.06 18:22:41.286,0.76875,0.76894,2.02,1.12
2014.11.06 18:22:43.276,0.76876,0.76894,1.65,1.17
2014.11.06 18:22:43.789,0.76875,0.76893,1.17,1.17
2014.11.06 18:22:44.098,0.76875,0.76893,1.00,1.15
2014.11.06 18:22:44.646,0.76872,0.76892,1.84,1.15
2014.11.06 18:22:45.028,0.76872,0.76892,1.76,3.07
2014.11.06 18:22:45.129,0.76872,0.76892,1.00,5.81
2014.11.06 18:22:45.647,0.76871,0.76892,1.27,3.26
2014.11.06 18:22:47.185,0.76871,0.76892,1.15,1.46
2014.11.06 18:22:47.287,0.76871,0.76892,3.07,1.46
2014.11.06 18:22:47.980,0.76873,0.76893,1.17,1.71
2014.11.06 18:22:48.512,0.76873,0.76893,1.15,1.77
2014.11.06 18:22:54.941,0.76872,0.76893,1.27,1.46
2014.11.06 18:22:55.464,0.76873,0.76893,1.17,1.46
2014.11.06 18:22:56.445,0.76873,0.76893,1.20,1.84
2014.11.06 18:22:56.967,0.76873,0.76892,1.00,1.15
2014.11.06 18:22:58.524,0.76873,0.76892,1.15,1.15
2014.11.06 18:22:59.211,0.76873,0.76892,1.15,1.17
2014.11.06 18:22:59.730,0.76873,0.76892,1.17,1.15
2014.11.06 18:23:07.154,0.76873,0.76892,1.15,1.10
2014.11.06 18:23:07.970,0.76874,0.76893,1.10,4.01
2014.11.06 18:23:09.954,0.76874,0.76892,1.17,1.17
2014.11.06 18:23:10.379,0.76874,0.76892,1.07,1.15
2014.11.06 18:23:11.695,0.76874,0.76892,1.17,1.17
2014.11.06 18:23:16.655,0.76874,0.76893,1.17,1.65
2014.11.06 18:23:17.385,0.76874,0.76893,1.20,1.65
2014.11.06 18:23:18.569,0.76874,0.76893,1.17,1.65
2014.11.06 18:23:18.779,0.76874,0.76893,1.10,1.65
2014.11.06 18:23:20.370,0.76874,0.76893,1.17,1.65
2014.11.06 18:23:20.876,0.76874,0.76893,1.20,1.65
2014.11.06 18:23:23.915,0.76874,0.76893,1.09,1.65
2014.11.06 18:23:42.363,0.76876,0.76892,1.00,1.27
2014.11.06 18:23:44.337,0.76876,0.76892,1.07,1.20
2014.11.06 18:23:48.020,0.76876,0.76892,1.15,1.20
2014.11.06 18:23:48.530,0.76876,0.76892,1.15,1.12
2014.11.06 18:23:50.053,0.76876,0.76892,1.17,1.12
2014.11.06 18:23:54.778,0.76877,0.76892,1.47,1.12
2014.11.06 18:23:55.021,0.76877,0.76892,1.77,1.00
2014.11.06 18:23:55.072,0.76879,0.76894,1.17,1.10
2014.11.06 18:23:56.552,0.76882,0.76894,1.00,1.10
2014.11.06 18:24:02.370,0.76882,0.76892,1.00,1.00
2014.11.06 18:24:02.879,0.76881,0.76892,1.00,1.00
2014.11.06 18:24:03.430,0.76882,0.76892,1.00,1.00
2014.11.06 18:24:03.734,0.76884,0.76894,1.00,1.00
2014.11.06 18:24:06.729,0.76884,0.76894,1.15,1.00
2014.11.06 18:24:06.882,0.76884,0.769,1.15,1.00
2014.11.06 18:24:07.388,0.76884,0.769,1.45,1.00
2014.11.06 18:24:07.439,0.76884,0.769,1.45,1.00
2014.11.06 18:24:07.742,0.76884,0.76901,1.45,1.20
2014.11.06 18:24:17.637,0.76883,0.76902,3.11,1.17
2014.11.06 18:24:17.961,0.76882,0.76902,5.06,1.10
2014.11.06 18:24:20.982,0.76882,0.76902,6.86,1.00
2014.11.06 18:24:24.563,0.76882,0.76902,5.44,1.10
2014.11.06 18:24:24.972,0.76883,0.76902,4.61,1.10
2014.11.06 18:24:25.496,0.76884,0.76903,2.00,1.17
2014.11.06 18:24:25.800,0.76884,0.76903,2.00,1.10
2014.11.06 18:24:27.427,0.76884,0.76903,1.75,1.17
2014.11.06 18:24:29.811,0.76884,0.76903,1.75,1.10
2014.11.06 18:24:30.506,0.76882,0.76901,6.49,1.10
2014.11.06 18:24:32.077,0.76884,0.76902,2.06,1.00
2014.11.06 18:24:32.590,0.76884,0.76902,4.24,1.00
2014.11.06 18:24:32.945,0.76885,0.76904,1.12,1.00
2014.11.06 18:24:33.451,0.76885,0.76904,1.31,1.10
2014.11.06 18:24:35.726,0.76885,0.76904,1.31,1.00
2014.11.06 18:24:36.267,0.76885,0.76904,1.31,1.20
2014.11.06 18:24:47.456,0.76885,0.76904,2.92,1.10
2014.11.06 18:24:47.557,0.76884,0.76904,2.06,1.20
2014.11.06 18:24:48.824,0.76885,0.76904,2.92,1.00
2014.11.06 18:24:49.330,0.76886,0.76904,3.30,1.00
2014.11.06 18:24:49.928,0.76886,0.76904,1.45,1.00
2014.11.06 18:24:50.832,0.76885,0.76904,1.69,1.07
2014.11.06 18:24:51.642,0.76885,0.76904,1.82,1.00
2014.11.06 18:24:52.239,0.76885,0.76904,1.45,1.10
2014.11.06 18:24:53.162,0.76885,0.76904,1.45,1.00
2014.11.06 18:24:53.832,0.76885,0.76904,1.45,1.45
2014.11.06 18:24:54.136,0.76883,0.76902,2.21,1.17
2014.11.06 18:24:54.668,0.76883,0.76902,2.21,1.00
2014.11.06 18:25:01.390,0.76883,0.76902,1.15,1.10
2014.11.06 18:25:03.147,0.76884,0.76902,3.07,1.00
2014.11.06 18:25:03.451,0.76887,0.76904,1.65,1.50
2014.11.06 18:25:03.977,0.76886,0.76904,2.21,1.50
2014.11.06 18:25:04.494,0.76886,0.76904,1.46,1.50
2014.11.06 18:25:04.797,0.76886,0.769,1.40,1.00
2014.11.06 18:25:05.836,0.76885,0.76902,1.90,1.00
2014.11.06 18:25:06.190,0.76887,0.76904,1.65,1.12
2014.11.06 18:25:06.292,0.76887,0.76904,1.65,1.12
2014.11.06 18:25:06.814,0.76892,0.76905,1.00,1.87
2014.11.06 18:25:10.898,0.76888,0.76905,1.65,1.50
2014.11.06 18:25:10.949,0.76888,0.76905,1.00,1.90
2014.11.06 18:25:11.152,0.76888,0.76901,1.00,1.00
2014.11.06 18:25:13.392,0.76887,0.76901,1.20,1.00
2014.11.06 18:25:14.406,0.76888,0.76901,1.00,1.00
2014.11.06 18:25:14.950,0.76886,0.76901,1.15,1.00
2014.11.06 18:25:15.254,0.76888,0.76904,1.27,1.50
2014.11.06 18:25:15.558,0.76888,0.76902,1.15,1.00
2014.11.06 18:25:15.660,0.76888,0.76905,1.15,1.00
2014.11.06 18:25:19.129,0.76887,0.76905,1.90,1.37
2014.11.06 18:25:19.382,0.76887,0.76902,1.15,1.00
2014.11.06 18:25:19.711,0.76887,0.76902,1.17,1.00
2014.11.06 18:25:20.267,0.76887,0.76903,1.17,1.00
2014.11.06 18:25:20.369,0.76887,0.76901,1.17,1.00
2014.11.06 18:25:21.093,0.76887,0.76901,1.15,1.00
2014.11.06 18:25:22.502,0.76887,0.76901,1.17,1.00
2014.11.06 18:25:23.015,0.76887,0.76902,1.15,1.00
2014.11.06 18:25:23.344,0.76887,0.76904,1.15,1.50
2014.11.06 18:25:24.904,0.76887,0.76904,1.17,1.57
2014.11.06 18:25:25.215,0.76889,0.76904,1.15,1.12
2014.11.06 18:25:25.730,0.76889,0.76905,1.17,1.50
2014.11.06 18:25:26.863,0.76889,0.76903,1.17,1.00
2014.11.06 18:25:27.902,0.76889,0.76903,1.15,1.00
2014.11.06 18:25:28.207,0.76896,0.76907,1.15,1.00
2014.11.06 18:25:28.308,0.76896,0.7691,1.27,1.00
2014.11.06 18:25:28.814,0.76897,0.76911,1.15,1.00
2014.11.06 18:25:29.225,0.769,0.76911,1.07,1.00
2014.11.06 18:25:29.276,0.769,0.76913,1.07,1.00
2014.11.06 18:25:31.341,0.769,0.76914,1.07,1.00
2014.11.06 18:25:38.381,0.769,0.76915,1.07,1.10
2014.11.06 18:25:39.623,0.76901,0.76915,1.17,1.10
2014.11.06 18:25:39.927,0.76902,0.76917,1.07,1.27
2014.11.06 18:25:39.978,0.76902,0.76917,1.00,1.27
2014.11.06 18:25:40.282,0.76903,0.76918,1.00,1.09
2014.11.06 18:25:40.788,0.76904,0.76918,1.00,1.17
2014.11.06 18:25:42.765,0.76904,0.76918,1.17,1.00
2014.11.06 18:25:42.917,0.76904,0.7692,1.17,1.00
2014.11.06 18:25:43.174,0.76904,0.7692,1.15,1.00
2014.11.06 18:25:43.690,0.76904,0.7692,1.17,1.10
2014.11.06 18:25:45.644,0.76905,0.76921,1.15,1.10
2014.11.06 18:25:45.796,0.76905,0.76924,3.82,1.00
2014.11.06 18:25:46.302,0.76907,0.76925,1.15,1.00
2014.11.06 18:25:46.404,0.76908,0.76927,1.27,1.00
2014.11.06 18:25:46.709,0.76913,0.76927,1.17,1.00
2014.11.06 18:25:46.962,0.76915,0.7693,1.00,1.07
2014.11.06 18:25:47.483,0.76915,0.7693,1.35,1.10
2014.11.06 18:25:48.016,0.76915,0.7693,1.00,1.15
2014.11.06 18:25:48.219,0.76913,0.76931,1.20,1.27
2014.11.06 18:25:49.901,0.76913,0.7693,1.00,1.55
2014.11.06 18:25:49.952,0.76912,0.7693,1.10,1.52
2014.11.06 18:25:50.155,0.7691,0.76928,1.10,1.71
2014.11.06 18:25:50.662,0.7691,0.76928,1.17,2.21
2014.11.06 18:25:51.022,0.7691,0.76928,1.15,1.69
2014.11.06 18:25:51.073,0.7691,0.76929,1.15,1.20
2014.11.06 18:25:51.124,0.76913,0.76929,1.10,1.20
2014.11.06 18:25:51.226,0.76913,0.76929,1.10,1.27
2014.11.06 18:25:52.009,0.76913,0.7693,1.00,1.77
2014.11.06 18:25:52.364,0.76916,0.7693,1.00,1.45
2014.11.06 18:25:52.466,0.76916,0.7693,1.10,1.10
2014.11.06 18:25:52.820,0.76916,0.76933,1.65,1.15
2014.11.06 18:25:54.101,0.76916,0.76933,1.57,1.15
2014.11.06 18:25:54.824,0.76916,0.76933,1.57,1.15
2014.11.06 18:25:55.569,0.76914,0.76933,2.44,1.15
2014.11.06 18:25:55.772,0.76914,0.76931,1.32,1.17
2014.11.06 18:25:55.873,0.76913,0.76931,1.65,1.52
2014.11.06 18:25:56.026,0.76912,0.76929,1.07,1.55
2014.11.06 18:25:56.127,0.76911,0.76929,1.50,1.52
2014.11.06 18:25:56.633,0.76911,0.76927,1.20,1.20
2014.11.06 18:25:57.724,0.7691,0.76927,1.52,1.20
2014.11.06 18:25:58.028,0.76922,0.76937,3.00,1.00
2014.11.06 18:25:58.231,0.76923,0.7694,1.17,1.10
2014.11.06 18:25:58.332,0.76923,0.7694,1.00,1.15
2014.11.06 18:25:58.737,0.76919,0.76938,1.17,1.15
2014.11.06 18:25:59.242,0.76917,0.76935,1.15,1.00
2014.11.06 18:26:01.633,0.76917,0.76935,1.15,1.62
2014.11.06 18:26:01.736,0.76916,0.76935,1.17,1.77
2014.11.06 18:26:02.040,0.76914,0.76931,1.17,1.10
2014.11.06 18:26:05.907,0.76914,0.7693,1.17,1.00
2014.11.06 18:26:06.059,0.76912,0.7693,1.10,1.15
2014.11.06 18:26:07.221,0.76911,0.76928,1.15,1.20
2014.11.06 18:26:07.856,0.76911,0.76928,1.15,1.20
2014.11.06 18:26:09.350,0.76911,0.7693,1.17,2.21
2014.11.06 18:26:13.848,0.76911,0.76929,1.17,1.84
2014.11.06 18:26:13.949,0.76911,0.76929,1.15,1.17
2014.11.06 18:26:14.051,0.76911,0.7693,1.15,1.31
2014.11.06 18:26:14.405,0.76913,0.76933,1.15,1.46
2014.11.06 18:26:14.456,0.76913,0.76933,1.15,1.46
2014.11.06 18:26:14.810,0.76917,0.76934,1.17,1.39
2014.11.06 18:26:15.114,0.76919,0.76937,1.15,1.94
2014.11.06 18:26:15.417,0.76921,0.76937,1.15,1.19
2014.11.06 18:26:15.469,0.76921,0.7694,1.15,2.06
2014.11.06 18:26:15.975,0.76924,0.7694,1.15,1.19
2014.11.06 18:26:16.863,0.76924,0.7694,1.10,1.29
2014.11.06 18:26:17.860,0.76924,0.76942,1.10,1.77
2014.11.06 18:26:46.838,0.76922,0.7694,1.17,1.65
2014.11.06 18:26:47.243,0.7692,0.76935,1.15,1.00
2014.11.06 18:26:51.243,0.7692,0.76935,1.17,1.00
2014.11.06 18:26:51.780,0.7692,0.76935,1.20,1.37
2014.11.06 18:26:51.882,0.76916,0.76933,1.65,1.12
2014.11.06 18:26:51.933,0.76916,0.76933,1.65,1.57
2014.11.06 18:26:52.462,0.76913,0.76931,2.02,1.07
2014.11.06 18:26:52.968,0.76912,0.76929,2.02,1.10
2014.11.06 18:26:53.070,0.76912,0.76929,1.65,1.10
2014.11.06 18:26:53.575,0.7691,0.76929,2.21,1.27
2014.11.06 18:26:54.152,0.7691,0.76929,1.15,1.27
2014.11.06 18:26:54.203,0.76911,0.76926,1.15,1.00
2014.11.06 18:26:54.723,0.76909,0.76927,3.07,1.00
2014.11.06 18:26:59.797,0.76911,0.76931,2.02,1.65
2014.11.06 18:26:59.848,0.76911,0.76931,4.20,1.57
2014.11.06 18:27:00.455,0.76915,0.76931,1.47,1.10
2014.11.06 18:27:00.759,0.7692,0.76938,1.15,1.94
2014.11.06 18:27:00.810,0.7692,0.76938,1.15,1.19
2014.11.06 18:27:01.594,0.7692,0.76939,1.15,1.01
2014.11.06 18:27:01.847,0.76923,0.7694,1.15,1.00
2014.11.06 18:27:02.474,0.76923,0.7694,1.07,1.07
2014.11.06 18:27:02.578,0.76923,0.7694,1.00,1.15
2014.11.06 18:27:04.580,0.76923,0.7694,1.10,1.17
2014.11.06 18:27:05.086,0.76923,0.7694,1.00,1.15
2014.11.06 18:27:14.653,0.76922,0.76939,1.10,1.17
2014.11.06 18:27:14.804,0.76922,0.76938,1.00,1.15
2014.11.06 18:27:15.261,0.76922,0.76938,1.00,3.45
2014.11.06 18:27:15.311,0.7692,0.76937,1.00,1.15
2014.11.06 18:27:15.767,0.7692,0.76937,1.10,1.27
2014.11.06 18:27:15.869,0.7692,0.76937,1.15,3.94
2014.11.06 18:27:16.172,0.76916,0.76935,1.10,1.87
2014.11.06 18:27:30.296,0.76915,0.76933,1.57,1.15
2014.11.06 18:27:30.701,0.76914,0.76933,1.12,1.52
2014.11.06 18:27:31.247,0.76913,0.76931,1.27,1.65
2014.11.06 18:27:32.830,0.76913,0.76931,1.20,1.65
2014.11.06 18:27:33.136,0.76916,0.76933,1.82,1.20
2014.11.06 18:27:33.339,0.76917,0.76936,1.15,1.17
2014.11.06 18:27:38.509,0.76917,0.76936,1.15,1.27
2014.11.06 18:27:38.762,0.76917,0.76936,1.17,1.27
2014.11.06 18:27:46.211,0.76919,0.76936,1.00,1.15
2014.11.06 18:27:46.262,0.76919,0.76936,1.15,1.00
2014.11.06 18:27:46.363,0.76919,0.76942,3.67,2.59
2014.11.06 18:27:47.122,0.76923,0.76942,1.55,1.15
2014.11.06 18:27:47.223,0.76925,0.76944,1.20,1.84
2014.11.06 18:27:51.539,0.76923,0.76943,1.15,1.27
2014.11.06 18:27:51.692,0.76921,0.76938,1.10,1.27
2014.11.06 18:27:52.147,0.76918,0.76934,1.65,1.00
2014.11.06 18:27:52.300,0.76918,0.76934,1.57,1.07
2014.11.06 18:27:52.806,0.76916,0.76934,1.55,1.55
2014.11.06 18:27:53.404,0.76916,0.76934,1.17,1.55
2014.11.06 18:27:54.660,0.76913,0.76932,2.02,1.07
2014.11.06 18:27:55.169,0.76912,0.76932,2.59,1.15
2014.11.06 18:27:56.667,0.76912,0.76935,2.02,4.61
2014.11.06 18:27:57.227,0.76912,0.76935,2.02,2.44
2014.11.06 18:28:00.680,0.76914,0.76935,1.65,1.84
2014.11.06 18:28:01.321,0.76913,0.76935,1.90,1.84
2014.11.06 18:28:21.329,0.76912,0.76933,1.65,1.46
2014.11.06 18:28:39.528,0.76912,0.76933,2.02,6.19
2014.11.06 18:28:40.075,0.7691,0.76931,2.77,1.52
2014.11.06 18:28:42.522,0.76913,0.76932,1.00,1.77
2014.11.06 18:28:43.125,0.76911,0.76933,1.65,3.64
2014.11.06 18:28:43.529,0.76911,0.76931,1.50,2.70
2014.11.06 18:28:43.732,0.76909,0.76929,1.00,2.89
2014.11.06 18:28:44.238,0.76906,0.76928,1.40,1.52
2014.11.06 18:28:44.772,0.76906,0.76928,1.17,4.76
2014.11.06 18:28:47.272,0.76904,0.76926,1.55,4.39
2014.11.06 18:28:47.881,0.76903,0.76926,2.40,2.21
2014.11.06 18:28:48.734,0.76903,0.76923,2.40,1.09
2014.11.06 18:28:50.217,0.76903,0.76923,2.40,1.40
2014.11.06 18:28:50.723,0.76904,0.76924,2.40,1.40
2014.11.06 18:28:51.229,0.76905,0.76926,1.84,1.40
2014.11.06 18:28:51.735,0.76905,0.76928,2.59,2.21
2014.11.06 18:28:52.039,0.76907,0.76929,3.82,1.46
2014.11.06 18:28:53.065,0.76909,0.7693,1.17,2.59
2014.11.06 18:28:58.690,0.76906,0.76926,1.17,1.27
2014.11.06 18:28:58.895,0.76904,0.76924,1.00,2.89
2014.11.06 18:28:59.199,0.76902,0.76921,1.00,1.52
2014.11.06 18:28:59.738,0.76899,0.7692,1.15,1.40
2014.11.06 18:29:02.257,0.76899,0.76921,1.52,3.34
2014.11.06 18:29:02.308,0.76899,0.76921,1.52,1.84
2014.11.06 18:29:02.358,0.76901,0.76922,1.27,1.37
2014.11.06 18:29:02.409,0.76902,0.76923,1.15,2.21
2014.11.06 18:29:02.915,0.76905,0.76924,2.02,1.27
2014.11.06 18:29:02.966,0.76905,0.76924,1.87,1.20
2014.11.06 18:29:03.067,0.76906,0.76926,1.52,1.01
2014.11.06 18:29:03.371,0.76908,0.7693,3.45,2.15
2014.11.06 18:29:03.422,0.7691,0.7693,1.52,1.40
2014.11.06 18:29:03.675,0.76913,0.76932,1.17,1.84
2014.11.06 18:29:03.928,0.76916,0.76934,1.00,2.15
2014.11.06 18:29:03.979,0.76916,0.76934,1.15,1.39
2014.11.06 18:29:04.523,0.76916,0.76936,1.17,1.09
2014.11.06 18:29:08.205,0.76915,0.76934,1.65,1.10
2014.11.06 18:29:11.190,0.76915,0.76935,1.65,1.50
2014.11.06 18:29:11.500,0.76915,0.76935,1.65,1.17
2014.11.06 18:29:11.601,0.76915,0.76935,1.65,1.15
2014.11.06 18:29:11.797,0.76915,0.76935,1.65,1.17
2014.11.06 18:29:13.013,0.76915,0.76935,1.15,1.50
2014.11.06 18:29:14.816,0.76915,0.76934,1.15,1.10
2014.11.06 18:29:16.839,0.76914,0.76934,1.27,1.27
2014.11.06 18:29:17.375,0.76913,0.76933,2.21,1.17
2014.11.06 18:29:17.887,0.76912,0.76933,1.15,2.21
2014.11.06 18:29:18.040,0.76911,0.76933,1.65,2.21
2014.11.06 18:29:18.343,0.76909,0.76931,1.27,1.46
2014.11.06 18:29:18.869,0.76908,0.76931,1.27,2.06
2014.11.06 18:29:19.376,0.76907,0.76926,1.65,1.20
2014.11.06 18:29:35.363,0.76907,0.76928,2.32,1.46
2014.11.06 18:29:36.274,0.76906,0.76928,3.45,1.46
2014.11.06 18:29:37.208,0.76906,0.76928,4.39,1.46
2014.11.06 18:29:38.911,0.76909,0.76926,1.15,1.00
2014.11.06 18:29:39.449,0.76909,0.76926,1.15,1.20
2014.11.06 18:29:39.959,0.76909,0.76926,1.15,1.00
2014.11.06 18:29:42.382,0.76909,0.76926,1.17,1.10
2014.11.06 18:29:42.908,0.76909,0.76926,1.15,1.00
2014.11.06 18:29:54.977,0.76909,0.76926,1.27,1.10
2014.11.06 18:29:56.193,0.76909,0.76926,1.27,1.00
2014.11.06 18:29:56.698,0.76909,0.76926,1.27,1.07
2014.11.06 18:29:57.207,0.76909,0.76925,1.27,1.00
2014.11.06 18:30:20.244,0.76909,0.76926,1.65,1.01
2014.11.06 18:30:38.830,0.76909,0.76925,1.27,1.00
2014.11.06 18:30:41.173,0.76909,0.76925,1.07,1.99
2014.11.06 18:30:41.275,0.76907,0.76925,1.20,1.69
2014.11.06 18:30:41.376,0.76906,0.76923,1.65,1.10
2014.11.06 18:30:41.687,0.76904,0.76921,1.15,1.00
2014.11.06 18:30:41.849,0.76904,0.76921,1.17,1.10
2014.11.06 18:30:41.950,0.76904,0.76921,1.15,1.10
2014.11.06 18:30:42.152,0.76902,0.7692,1.40,1.00
2014.11.06 18:30:42.659,0.76902,0.7692,1.15,2.59
2014.11.06 18:30:42.761,0.76901,0.76919,1.00,2.89
2014.11.06 18:30:42.862,0.76897,0.76914,1.92,1.10
2014.11.06 18:30:43.015,0.76895,0.76912,2.02,1.00
2014.11.06 18:30:43.529,0.76894,0.76912,1.15,1.00
2014.11.06 18:30:44.496,0.76894,0.76912,1.07,1.45
2014.11.06 18:30:44.597,0.76892,0.76911,1.42,1.77
2014.11.06 18:30:44.700,0.7689,0.76908,1.65,1.20
2014.11.06 18:30:45.205,0.76888,0.76907,3.82,1.10
2014.11.06 18:30:47.492,0.76888,0.76907,4.20,1.10
2014.11.06 18:30:47.796,0.76898,0.76913,3.30,1.00
2014.11.06 18:30:47.846,0.76898,0.76917,2.70,1.25
2014.11.06 18:30:47.897,0.76897,0.76917,1.52,1.01
2014.11.06 18:30:50.140,0.76898,0.76917,1.15,1.10
2014.11.06 18:30:50.651,0.76898,0.76917,3.07,1.00
2014.11.06 18:30:52.870,0.76899,0.76917,2.70,1.00
2014.11.06 18:30:52.972,0.76901,0.76917,2.32,1.00
2014.11.06 18:30:53.276,0.769,0.76919,4.80,1.00
2014.11.06 18:31:00.223,0.76903,0.76919,1.52,1.00
2014.11.06 18:31:00.274,0.76903,0.76922,1.52,1.76
2014.11.06 18:31:00.780,0.76906,0.76922,1.15,1.00
2014.11.06 18:31:03.247,0.76905,0.76924,1.15,1.10
2014.11.06 18:31:06.334,0.76905,0.76924,1.15,1.00
2014.11.06 18:31:06.849,0.76905,0.76924,1.15,1.20
2014.11.06 18:31:07.421,0.76905,0.76924,1.40,1.00
2014.11.06 18:31:07.934,0.76905,0.76924,1.40,1.07
2014.11.06 18:31:08.448,0.76905,0.76924,1.40,1.10
2014.11.06 18:31:20.209,0.76906,0.76921,1.15,1.00
2014.11.06 18:31:24.001,0.76906,0.76921,1.17,1.00
2014.11.06 18:31:24.305,0.76904,0.76922,4.24,1.00
2014.11.06 18:31:24.507,0.76904,0.76922,2.06,1.17
2014.11.06 18:31:26.490,0.76904,0.76922,1.27,1.10
2014.11.06 18:31:35.750,0.76903,0.76922,1.50,1.17
2014.11.06 18:31:36.300,0.76903,0.76922,1.50,1.10
2014.11.06 18:31:38.163,0.76905,0.76923,1.10,1.15
2014.11.06 18:31:50.281,0.76905,0.76923,1.17,1.17
2014.11.06 18:31:56.208,0.76905,0.76924,1.10,1.27
2014.11.06 18:31:56.928,0.76905,0.76924,1.17,1.27
2014.11.06 18:31:57.589,0.76905,0.76924,1.10,1.27
2014.11.06 18:31:57.779,0.76905,0.76924,1.17,1.27
2014.11.06 18:31:57.881,0.76905,0.76924,1.10,1.27
2014.11.06 18:31:58.579,0.76905,0.76924,1.17,1.27
2014.11.06 18:31:59.564,0.76905,0.76924,1.17,1.15
2014.11.06 18:32:00.085,0.76905,0.76924,1.10,1.15
2014.11.06 18:32:00.620,0.76905,0.76924,1.17,1.15
2014.11.06 18:32:01.091,0.76905,0.76924,1.07,1.15
2014.11.06 18:32:02.025,0.76905,0.76924,1.10,1.15
2014.11.06 18:32:02.626,0.76905,0.76924,1.17,1.15
2014.11.06 18:32:03.131,0.76905,0.76924,1.10,1.15
2014.11.06 18:32:03.959,0.76905,0.76924,1.17,1.15
2014.11.06 18:32:05.127,0.76905,0.76924,1.10,1.15
2014.11.06 18:32:05.796,0.76905,0.76924,1.17,1.27
2014.11.06 18:32:06.301,0.76905,0.76924,1.42,1.27
2014.11.06 18:32:06.830,0.76905,0.76924,1.50,1.27
2014.11.06 18:32:07.908,0.76905,0.76924,1.10,1.27
2014.11.06 18:32:08.475,0.76905,0.76924,1.17,1.27
2014.11.06 18:32:09.428,0.76905,0.76924,1.10,1.27
2014.11.06 18:32:10.095,0.76905,0.76924,1.17,1.27
2014.11.06 18:32:11.338,0.76905,0.76924,3.75,1.65
2014.11.06 18:32:11.723,0.76908,0.76925,1.17,1.70
2014.11.06 18:32:11.824,0.76908,0.76925,1.10,1.46
2014.11.06 18:32:13.218,0.76908,0.76925,1.60,1.17
2014.11.06 18:32:13.877,0.76908,0.76925,1.70,1.17
2014.11.06 18:32:14.588,0.76908,0.76925,1.42,1.17
2014.11.06 18:32:16.349,0.76908,0.76925,1.35,1.17
2014.11.06 18:32:18.081,0.76908,0.76924,1.00,1.27
2014.11.06 18:32:18.590,0.76908,0.76924,1.00,1.27
2014.11.06 18:32:22.774,0.76907,0.76924,1.10,2.02
2014.11.06 18:32:23.078,0.76901,0.76917,1.00,1.27
2014.11.06 18:32:23.230,0.76898,0.76917,1.07,2.02
2014.11.06 18:32:23.635,0.76898,0.76917,1.17,1.27
2014.11.06 18:32:24.150,0.76898,0.76917,1.10,1.27
2014.11.06 18:32:25.480,0.76898,0.76917,1.07,1.46
2014.11.06 18:32:25.531,0.769,0.76917,1.17,1.39
2014.11.06 18:32:25.582,0.769,0.76917,1.00,1.46
2014.11.06 18:32:26.089,0.76899,0.76917,1.17,1.46
2014.11.06 18:32:31.331,0.76899,0.76917,2.02,1.10
2014.11.06 18:32:31.433,0.76902,0.76919,1.17,1.01
2014.11.06 18:32:31.736,0.76906,0.76923,1.07,1.09
2014.11.06 18:32:31.939,0.76906,0.76924,1.27,1.00
2014.11.06 18:32:32.244,0.7691,0.76924,1.17,1.00
2014.11.06 18:32:32.713,0.76913,0.76924,1.00,1.00
2014.11.06 18:32:33.096,0.76914,0.76924,1.07,1.00
2014.11.06 18:32:33.452,0.76915,0.76926,1.17,1.00
2014.11.06 18:32:33.554,0.76915,0.76929,1.17,1.00
2014.11.06 18:32:33.958,0.76914,0.76931,1.15,1.00
2014.11.06 18:32:34.485,0.76914,0.76933,1.15,1.55
2014.11.06 18:32:35.207,0.76914,0.76933,1.17,1.52
2014.11.06 18:32:35.813,0.76914,0.76933,1.15,1.55
2014.11.06 18:32:37.529,0.76917,0.76933,1.17,1.00
2014.11.06 18:32:37.833,0.7692,0.76936,1.10,1.20
2014.11.06 18:32:42.160,0.76917,0.76935,2.21,1.12
2014.11.06 18:32:42.725,0.76917,0.76935,1.20,1.12
2014.11.06 18:32:47.549,0.76916,0.76934,1.50,1.27
2014.11.06 18:32:48.055,0.76915,0.76934,1.07,1.84
2014.11.06 18:32:48.156,0.76915,0.76934,1.15,1.84
2014.11.06 18:32:50.382,0.76918,0.76934,1.00,1.17
2014.11.06 18:32:50.585,0.76918,0.76934,1.52,1.12
2014.11.06 18:32:51.124,0.7692,0.76938,1.10,1.52
2014.11.06 18:32:52.674,0.7692,0.76937,1.00,1.65
2014.11.06 18:32:52.826,0.76917,0.76934,1.65,1.45
2014.11.06 18:33:08.229,0.76916,0.76933,2.02,1.20
2014.11.06 18:33:08.734,0.76919,0.76936,1.57,1.55
2014.11.06 18:33:28.296,0.76918,0.76936,1.10,1.90
2014.11.06 18:33:40.035,0.76918,0.76934,1.15,1.12
2014.11.06 18:34:00.288,0.76919,0.76935,1.10,1.57
2014.11.06 18:34:02.471,0.76919,0.76934,1.00,1.27
2014.11.06 18:34:02.775,0.76915,0.76933,1.75,1.15
2014.11.06 18:34:02.876,0.76915,0.76933,1.00,1.87
2014.11.06 18:34:08.303,0.76915,0.76931,1.17,1.10
2014.11.06 18:34:11.604,0.76915,0.76933,2.02,1.12
2014.11.06 18:34:17.001,0.76918,0.76933,1.15,1.00
2014.11.06 18:34:17.542,0.76918,0.76933,1.15,1.00
2014.11.06 18:34:19.057,0.76918,0.76933,1.27,1.00
2014.11.06 18:34:21.731,0.76918,0.76934,1.27,1.50
2014.11.06 18:34:22.034,0.76918,0.76933,1.10,1.42
2014.11.06 18:34:22.750,0.76917,0.76933,1.00,1.87
2014.11.06 18:34:23.053,0.76915,0.76931,1.00,1.15
2014.11.06 18:34:23.556,0.76915,0.76931,1.00,1.15
2014.11.06 18:34:24.062,0.76914,0.7693,1.00,1.17
2014.11.06 18:34:24.783,0.76914,0.7693,1.10,1.10
2014.11.06 18:34:25.341,0.76914,0.7693,1.00,1.17
2014.11.06 18:34:27.459,0.76914,0.7693,1.00,1.65
2014.11.06 18:34:27.964,0.76911,0.76928,1.17,1.20
2014.11.06 18:34:36.691,0.76911,0.76928,1.15,1.29
2014.11.06 18:34:36.792,0.76911,0.76928,1.15,1.29
2014.11.06 18:34:37.298,0.76911,0.76928,1.15,1.00
2014.11.06 18:34:38.009,0.76912,0.76929,1.17,1.10
2014.11.06 18:34:38.698,0.76912,0.76929,1.17,1.07
2014.11.06 18:34:39.003,0.76912,0.76929,1.17,1.10
2014.11.06 18:34:39.531,0.76912,0.76929,1.10,1.17
2014.11.06 18:34:49.965,0.76912,0.76929,1.17,1.07
2014.11.06 18:34:50.525,0.76912,0.76929,1.17,1.10
2014.11.06 18:34:55.033,0.76912,0.76929,1.20,1.15
2014.11.06 18:34:55.337,0.76912,0.76928,1.27,1.00
2014.11.06 18:34:55.388,0.76913,0.7693,1.52,1.00
2014.11.06 18:35:00.758,0.76915,0.7693,1.52,1.00
2014.11.06 18:35:01.366,0.76915,0.7693,1.52,1.00
2014.11.06 18:35:10.073,0.76913,0.7693,1.84,1.15
2014.11.06 18:35:10.583,0.76913,0.7693,1.10,1.17
2014.11.06 18:35:10.837,0.76914,0.76928,3.19,1.00
2014.11.06 18:35:10.888,0.76917,0.76933,1.52,1.00
2014.11.06 18:35:11.141,0.76918,0.76934,1.12,2.62
2014.11.06 18:35:11.836,0.76916,0.76933,1.17,1.20
2014.11.06 18:35:13.233,0.76916,0.76932,1.17,1.00
2014.11.06 18:35:21.916,0.76915,0.76932,1.17,1.57
2014.11.06 18:35:22.591,0.76914,0.76932,1.15,1.65
2014.11.06 18:35:24.513,0.76914,0.76932,1.00,1.65
2014.11.06 18:35:26.404,0.76913,0.7693,1.00,1.15
2014.11.06 18:35:26.708,0.76911,0.76928,1.37,1.15
2014.11.06 18:35:26.911,0.7691,0.76927,1.00,1.15
2014.11.06 18:35:27.063,0.76908,0.76925,1.00,1.15
2014.11.06 18:35:27.565,0.76908,0.76925,1.10,1.17
2014.11.06 18:35:29.348,0.76908,0.76925,1.15,1.20
2014.11.06 18:35:29.868,0.76908,0.76925,1.17,1.07
2014.11.06 18:35:29.919,0.76908,0.76925,1.10,1.17
2014.11.06 18:35:30.671,0.76908,0.76925,1.17,1.07
2014.11.06 18:35:32.884,0.7691,0.76927,1.47,1.15
2014.11.06 18:35:32.934,0.76911,0.76927,1.20,1.07
2014.11.06 18:35:33.036,0.76912,0.76929,1.15,1.50
2014.11.06 18:35:33.541,0.76916,0.7693,1.00,1.00
2014.11.06 18:35:36.192,0.76915,0.76932,1.17,1.10
2014.11.06 18:35:37.020,0.76915,0.76932,1.65,1.10
2014.11.06 18:35:37.222,0.76917,0.76934,3.37,1.47
2014.11.06 18:35:39.223,0.76918,0.76935,1.00,1.27
2014.11.06 18:35:39.528,0.76915,0.76934,1.55,1.15
2014.11.06 18:35:41.064,0.76914,0.76934,1.27,1.27
2014.11.06 18:36:01.080,0.76913,0.76933,2.21,1.17
2014.11.06 18:36:01.800,0.76913,0.76933,2.96,1.15
2014.11.06 18:36:05.230,0.76913,0.76933,2.02,1.17
2014.11.06 18:36:06.014,0.76913,0.76933,2.02,1.15
2014.11.06 18:36:06.319,0.76917,0.76935,1.60,1.17
2014.11.06 18:36:06.521,0.7692,0.76938,1.15,1.52
2014.11.06 18:36:06.572,0.7692,0.76938,1.07,3.45
2014.11.06 18:36:06.624,0.76917,0.76936,1.57,2.51
2014.11.06 18:36:07.029,0.76913,0.76934,2.21,1.15
2014.11.06 18:36:07.130,0.76913,0.76933,1.29,1.12
2014.11.06 18:36:07.434,0.76913,0.76932,1.29,3.45
2014.11.06 18:36:07.726,0.76913,0.76932,1.29,1.27
2014.11.06 18:36:08.274,0.76913,0.76932,1.19,1.65
2014.11.06 18:36:08.865,0.76911,0.76932,1.84,1.65
2014.11.06 18:36:10.398,0.76911,0.76932,1.46,1.27
2014.11.06 18:36:11.784,0.76911,0.76932,1.77,1.27
2014.11.06 18:36:12.290,0.76911,0.76933,1.77,3.82
2014.11.06 18:36:12.740,0.76911,0.76933,1.77,3.82
2014.11.06 18:36:14.015,0.76911,0.76932,1.84,1.15
2014.11.06 18:36:15.985,0.76911,0.76931,1.84,1.52
2014.11.06 18:36:18.338,0.76911,0.76931,1.84,1.55
2014.11.06 18:36:29.418,0.76912,0.76932,4.20,1.20
2014.11.06 18:36:29.468,0.76913,0.76932,2.32,1.12
2014.11.06 18:36:30.921,0.76913,0.76933,2.70,1.37
2014.11.06 18:36:32.610,0.76913,0.76934,2.70,3.86
2014.11.06 18:36:32.713,0.76917,0.76934,2.32,2.89
2014.11.06 18:36:33.017,0.76919,0.76934,2.32,1.31
2014.11.06 18:36:33.220,0.76922,0.7694,4.50,3.04
2014.11.06 18:36:33.271,0.76924,0.7694,2.32,3.04
2014.11.06 18:36:33.892,0.76924,0.76942,2.32,1.62
2014.11.06 18:36:36.884,0.76924,0.76942,2.70,1.12
2014.11.06 18:36:41.356,0.76926,0.76944,2.32,2.29
2014.11.06 18:36:41.609,0.7693,0.76947,1.15,1.00
2014.11.06 18:36:41.660,0.7693,0.76947,3.45,1.00
2014.11.06 18:36:41.711,0.7693,0.76949,3.45,1.20
2014.11.06 18:36:41.813,0.76932,0.76952,1.15,1.46
2014.11.06 18:36:42.267,0.76933,0.76952,1.40,1.20
2014.11.06 18:36:42.470,0.76933,0.76954,4.01,1.76
2014.11.06 18:36:43.985,0.76935,0.76955,1.90,1.12
2014.11.06 18:36:44.390,0.76936,0.76956,1.52,2.06
2014.11.06 18:36:44.695,0.76939,0.76955,1.00,2.70
2014.11.06 18:36:45.099,0.76938,0.76952,1.00,1.65
2014.11.06 18:36:45.150,0.76934,0.76949,1.00,1.12
2014.11.06 18:36:45.202,0.76933,0.76949,1.00,1.12
2014.11.06 18:36:45.506,0.76931,0.7695,3.82,2.06
2014.11.06 18:36:45.607,0.76928,0.76949,1.65,1.50
2014.11.06 18:36:45.761,0.76928,0.76948,1.57,5.36
2014.11.06 18:36:45.812,0.76928,0.76947,1.57,2.89
2014.11.06 18:36:46.014,0.76928,0.76945,1.10,1.27
2014.11.06 18:36:46.782,0.76927,0.76945,2.70,1.00
2014.11.06 18:36:47.288,0.76928,0.76947,2.32,1.19
2014.11.06 18:36:47.592,0.76928,0.76947,1.17,1.71
2014.11.06 18:36:48.100,0.76928,0.76944,1.17,1.30
2014.11.06 18:37:07.966,0.76924,0.76945,3.45,1.57
2014.11.06 18:37:08.067,0.76926,0.76945,2.32,1.50
2014.11.06 18:37:08.370,0.76929,0.76947,2.32,1.19
2014.11.06 18:37:08.472,0.76928,0.76947,1.52,1.19
2014.11.06 18:37:08.573,0.76929,0.76947,2.70,1.19
2014.11.06 18:37:08.725,0.76929,0.7695,2.70,1.01
2014.11.06 18:37:09.802,0.76929,0.7695,2.70,1.09
2014.11.06 18:37:09.853,0.76928,0.7695,1.52,1.40
2014.11.06 18:37:10.499,0.76928,0.76949,1.52,1.15
2014.11.06 18:37:11.845,0.76928,0.76949,1.52,1.17
2014.11.06 18:37:11.896,0.76928,0.76949,1.52,1.17
2014.11.06 18:37:15.760,0.76928,0.76949,4.39,1.10
2014.11.06 18:37:19.573,0.76932,0.76951,1.20,1.15
2014.11.06 18:37:20.570,0.76928,0.76948,1.46,1.45
2014.11.06 18:37:22.611,0.76928,0.76949,1.27,2.06
2014.11.06 18:37:25.794,0.76928,0.76948,1.10,1.12
2014.11.06 18:37:26.263,0.76924,0.76944,1.90,1.87
2014.11.06 18:37:26.566,0.76923,0.76944,1.90,2.25
2014.11.06 18:37:26.617,0.76923,0.76944,1.15,2.25
2014.11.06 18:37:26.668,0.76923,0.76942,1.07,1.15
2014.11.06 18:37:26.719,0.76921,0.76942,2.51,3.45
2014.11.06 18:37:27.377,0.7692,0.76942,2.40,4.39
2014.11.06 18:37:27.973,0.7692,0.76941,2.32,3.45
2014.11.06 18:37:28.023,0.7692,0.76939,2.32,2.32
2014.11.06 18:37:28.529,0.76918,0.76939,2.96,3.07
2014.11.06 18:37:35.845,0.76918,0.76939,2.06,1.15
2014.11.06 18:37:36.404,0.76921,0.7694,1.20,1.15
2014.11.06 18:37:36.506,0.76921,0.7694,1.15,1.17
2014.11.06 18:37:37.012,0.76923,0.76941,1.45,1.07
2014.11.06 18:37:40.307,0.76924,0.76944,2.89,1.00
2014.11.06 18:37:40.459,0.76927,0.76946,1.27,1.10
2014.11.06 18:37:43.939,0.76929,0.76948,1.46,1.17
2014.11.06 18:37:45.942,0.76929,0.76948,1.27,1.15
2014.11.06 18:37:46.448,0.76931,0.76949,1.20,1.15
2014.11.06 18:37:47.332,0.76931,0.76949,1.00,2.25
2014.11.06 18:37:47.535,0.76928,0.76946,1.75,2.70
2014.11.06 18:37:47.839,0.76927,0.76945,1.17,1.17
2014.11.06 18:37:48.344,0.76927,0.76945,1.10,1.52
2014.11.06 18:37:55.848,0.76927,0.76945,1.00,1.52
2014.11.06 18:37:56.108,0.76925,0.76944,1.20,1.27
2014.11.06 18:37:56.622,0.76925,0.76944,1.17,1.27
2014.11.06 18:37:57.222,0.76925,0.76944,1.20,1.27
2014.11.06 18:37:57.834,0.76925,0.76944,1.17,1.27
2014.11.06 18:37:58.424,0.76925,0.76944,1.10,1.27
2014.11.06 18:37:59.754,0.76925,0.76944,1.17,1.27
2014.11.06 18:38:04.239,0.76925,0.76944,1.07,1.27
2014.11.06 18:38:04.543,0.76925,0.76941,1.00,1.15
2014.11.06 18:38:05.050,0.76923,0.76942,1.57,1.15
2014.11.06 18:38:08.433,0.76923,0.76942,1.27,1.17
2014.11.06 18:38:08.484,0.76923,0.76942,1.27,1.20
2014.11.06 18:38:09.270,0.76924,0.76943,1.17,1.15
2014.11.06 18:38:13.944,0.76925,0.76943,2.89,1.07
2014.11.06 18:38:13.995,0.76925,0.76943,5.06,1.00
2014.11.06 18:38:14.198,0.76924,0.76944,4.16,1.15
2014.11.06 18:38:14.249,0.76927,0.76946,1.55,1.32
2014.11.06 18:38:14.299,0.76927,0.76946,1.52,1.01
2014.11.06 18:38:14.452,0.76927,0.76946,1.17,1.40
2014.11.06 18:38:14.755,0.76927,0.76946,1.15,1.25
2014.11.06 18:38:15.160,0.7693,0.76946,3.45,1.00
2014.11.06 18:38:15.211,0.7693,0.76949,2.70,1.17
2014.11.06 18:38:15.565,0.76933,0.76952,1.77,1.15
2014.11.06 18:38:16.238,0.76936,0.76953,1.00,1.40
2014.11.06 18:38:16.806,0.76936,0.76953,1.00,1.15
2014.11.06 18:38:17.311,0.76933,0.76953,3.34,1.15
2014.11.06 18:38:24.170,0.76935,0.76953,1.25,1.15
2014.11.06 18:38:24.683,0.76934,0.76953,1.84,1.15
2014.11.06 18:38:51.225,0.76932,0.76952,1.95,1.52
2014.11.06 18:38:51.427,0.76933,0.76952,1.00,1.52
2014.11.06 18:38:51.731,0.76933,0.76947,1.00,2.62
2014.11.06 18:38:51.832,0.76927,0.76944,2.10,1.15
2014.11.06 18:38:52.343,0.76924,0.76941,1.85,1.17
2014.11.06 18:38:53.927,0.76924,0.76941,1.12,1.27
2014.11.06 18:38:54.433,0.76921,0.76941,1.85,3.45
2014.11.06 18:38:55.021,0.7692,0.76938,1.20,1.15
2014.11.06 18:38:58.178,0.76919,0.76937,1.87,1.10
2014.11.06 18:38:58.482,0.7692,0.76939,1.27,1.10
2014.11.06 18:38:59.231,0.76921,0.7694,1.15,1.15
2014.11.06 18:38:59.903,0.76921,0.7694,1.15,1.15
2014.11.06 18:39:03.529,0.76922,0.7694,1.17,1.07
2014.11.06 18:39:03.580,0.76922,0.7694,1.15,1.10
2014.11.06 18:39:05.400,0.76924,0.7694,1.27,1.10
2014.11.06 18:39:05.451,0.76925,0.76942,1.15,1.00
2014.11.06 18:39:05.502,0.76925,0.76944,1.15,1.00
2014.11.06 18:39:05.553,0.76926,0.76944,4.50,1.00
2014.11.06 18:39:05.813,0.76926,0.76946,5.25,1.00
2014.11.06 18:39:06.331,0.76928,0.76947,1.65,1.17
2014.11.06 18:39:06.787,0.76928,0.76947,1.65,1.15
2014.11.06 18:39:07.201,0.76928,0.76947,1.65,1.10
2014.11.06 18:39:07.656,0.76928,0.76947,1.65,1.17
2014.11.06 18:39:07.960,0.76928,0.76947,1.10,1.52
2014.11.06 18:39:08.061,0.76927,0.76944,1.15,1.00
2014.11.06 18:39:08.163,0.76926,0.76946,2.02,1.10
2014.11.06 18:39:10.866,0.76928,0.76947,1.15,1.17
2014.11.06 18:39:11.585,0.76928,0.76947,1.40,1.15
2014.11.06 18:39:12.102,0.76928,0.76947,1.40,1.15
2014.11.06 18:39:12.356,0.76928,0.76944,1.07,1.37
2014.11.06 18:39:12.407,0.76928,0.76944,1.00,1.45
2014.11.06 18:39:12.994,0.76924,0.76943,1.92,1.15
2014.11.06 18:39:13.703,0.76924,0.76943,1.15,1.17
2014.11.06 18:39:14.216,0.76924,0.76943,1.15,1.15
2014.11.06 18:39:14.782,0.76924,0.76943,1.15,1.17
2014.11.06 18:39:15.193,0.76924,0.76943,1.17,1.15
2014.11.06 18:39:18.621,0.76924,0.76941,1.17,1.24
2014.11.06 18:39:18.824,0.76919,0.76937,2.25,1.77
2014.11.06 18:39:19.329,0.76919,0.76935,1.00,1.52
2014.11.06 18:39:19.854,0.76919,0.76935,1.00,1.55
2014.11.06 18:39:20.470,0.76917,0.76935,1.65,1.55
2014.11.06 18:39:22.387,0.76917,0.76935,4.99,1.37
2014.11.06 18:39:22.920,0.76919,0.76935,1.17,1.47
2014.11.06 18:39:25.116,0.76919,0.76937,1.17,1.17
2014.11.06 18:39:25.319,0.76921,0.76938,1.84,1.00
2014.11.06 18:39:25.421,0.76922,0.7694,2.02,1.00
2014.11.06 18:39:25.952,0.76923,0.76941,1.15,1.10
2014.11.06 18:39:26.257,0.76924,0.76942,1.09,1.00
2014.11.06 18:39:26.309,0.76925,0.76945,2.70,1.00
2014.11.06 18:39:26.816,0.76927,0.76945,1.15,1.20
2014.11.06 18:39:27.324,0.7693,0.76945,1.10,1.00
2014.11.06 18:39:27.426,0.7693,0.76948,1.15,1.10
2014.11.06 18:39:28.297,0.76931,0.76949,1.00,1.50
2014.11.06 18:39:28.601,0.76926,0.76945,1.19,2.70
2014.11.06 18:39:29.559,0.76925,0.76945,1.00,3.45
2014.11.06 18:39:29.711,0.76925,0.76945,1.15,1.27
2014.11.06 18:39:29.812,0.76925,0.76945,1.34,1.10
2014.11.06 18:39:30.217,0.76927,0.76946,1.10,1.27
2014.11.06 18:39:30.540,0.76926,0.76944,1.00,1.27
2014.11.06 18:39:31.758,0.76925,0.76944,1.20,1.27
2014.11.06 18:39:37.015,0.76925,0.76944,5.25,1.00
2014.11.06 18:39:37.167,0.76925,0.76947,5.62,1.40
2014.11.06 18:39:37.218,0.76925,0.76947,3.45,1.40
2014.11.06 18:39:37.420,0.76927,0.76944,1.10,1.12
2014.11.06 18:39:38.027,0.76924,0.76945,1.84,1.82
2014.11.06 18:39:38.533,0.76923,0.76944,2.02,1.46
2014.11.06 18:39:39.038,0.76923,0.76944,2.02,1.46
2014.11.06 18:39:39.546,0.76923,0.76944,2.02,1.46
2014.11.06 18:39:40.106,0.76923,0.76944,1.84,2.25
2014.11.06 18:39:40.749,0.76923,0.76944,1.84,2.25
2014.11.06 18:39:41.335,0.76926,0.76944,1.00,2.25
2014.11.06 18:39:41.837,0.76927,0.76944,1.00,1.87
2014.11.06 18:39:42.132,0.76925,0.76944,1.10,1.87
2014.11.06 18:39:42.744,0.76925,0.76944,1.17,1.87
2014.11.06 18:39:43.403,0.76925,0.76944,1.17,1.27
2014.11.06 18:39:43.926,0.76925,0.76944,1.20,1.87
2014.11.06 18:39:44.944,0.76925,0.76943,1.17,1.22
2014.11.06 18:39:45.753,0.76925,0.76944,1.07,1.84
2014.11.06 18:39:47.142,0.76925,0.76944,1.17,1.84
2014.11.06 18:39:48.857,0.76926,0.76944,1.00,1.65
2014.11.06 18:39:49.949,0.76926,0.76944,1.10,2.25
2014.11.06 18:39:50.165,0.76924,0.76942,1.15,1.07
2014.11.06 18:39:50.825,0.76924,0.76942,1.10,1.15
2014.11.06 18:39:50.926,0.76924,0.76942,1.00,1.87
2014.11.06 18:39:51.179,0.76922,0.76941,1.20,1.46
2014.11.06 18:39:51.230,0.76922,0.76941,1.17,1.46
2014.11.06 18:39:51.534,0.76922,0.7694,1.65,1.10
2014.11.06 18:39:58.671,0.76921,0.76942,2.40,1.77
2014.11.06 18:39:59.556,0.76922,0.76942,1.15,1.40
2014.11.06 18:40:03.555,0.76924,0.76942,1.15,1.10
2014.11.06 18:40:03.858,0.76926,0.76942,1.15,1.00
2014.11.06 18:40:03.909,0.76926,0.76944,1.15,1.99
2014.11.06 18:40:04.417,0.76926,0.76944,1.17,1.87
2014.11.06 18:40:05.140,0.76926,0.76944,1.15,1.87
2014.11.06 18:40:05.657,0.76925,0.76943,1.65,1.20
2014.11.06 18:40:06.170,0.76925,0.76944,1.00,3.19
2014.11.06 18:40:06.819,0.76922,0.76942,1.65,1.46
2014.11.06 18:40:08.759,0.76922,0.76942,2.02,1.07
2014.11.06 18:40:08.810,0.76922,0.76942,2.02,1.10
2014.11.06 18:40:09.164,0.76924,0.76943,1.52,1.00
2014.11.06 18:40:09.709,0.76924,0.76944,1.52,1.17
2014.11.06 18:40:10.012,0.76924,0.76944,3.45,1.07
2014.11.06 18:40:10.113,0.76924,0.76944,1.52,1.17
2014.11.06 18:40:15.300,0.76926,0.76944,1.15,1.32
2014.11.06 18:40:15.605,0.76926,0.76944,1.15,1.40
2014.11.06 18:40:16.403,0.76924,0.76944,1.15,1.65
2014.11.06 18:40:18.262,0.76924,0.76944,1.17,2.44
2014.11.06 18:40:18.314,0.76924,0.76944,1.17,1.84
2014.11.06 18:40:18.843,0.76924,0.76944,1.17,1.84
2014.11.06 18:40:18.894,0.76924,0.76944,1.15,1.46
2014.11.06 18:40:19.619,0.76924,0.76944,1.65,1.65
2014.11.06 18:40:20.128,0.76924,0.76944,1.27,1.27
2014.11.06 18:40:20.637,0.76924,0.76944,1.17,1.65
2014.11.06 18:40:25.817,0.76922,0.76944,4.95,2.44
2014.11.06 18:40:27.999,0.76924,0.76944,1.27,1.39
2014.11.06 18:40:28.206,0.76924,0.76944,1.27,1.46
2014.11.06 18:40:28.938,0.76924,0.76944,3.45,1.46
2014.11.06 18:40:28.989,0.76924,0.76944,1.27,1.46
2014.11.06 18:40:29.495,0.76925,0.76944,1.15,1.39
2014.11.06 18:40:29.597,0.76925,0.76944,1.15,2.06
2014.11.06 18:40:29.699,0.76925,0.76944,1.15,1.99
2014.11.06 18:40:34.699,0.76926,0.76944,1.17,1.87
2014.11.06 18:40:35.261,0.76924,0.76944,1.65,1.20
2014.11.06 18:40:40.025,0.76926,0.76941,1.65,1.00
2014.11.06 18:40:43.411,0.76926,0.76942,1.27,1.00
2014.11.06 18:40:50.154,0.76926,0.76942,1.27,1.00
2014.11.06 18:40:50.853,0.76926,0.76942,1.15,1.00
2014.11.06 18:41:03.206,0.76926,0.76943,1.15,1.35
2014.11.06 18:41:04.885,0.76925,0.76943,1.65,1.42
2014.11.06 18:41:05.434,0.76925,0.76943,1.65,1.10
2014.11.06 18:41:20.198,0.76925,0.76943,1.27,1.20
2014.11.06 18:41:20.909,0.76924,0.76943,1.65,1.12
2014.11.06 18:41:36.102,0.76925,0.76941,1.65,1.00
2014.11.06 18:41:50.662,0.76927,0.76944,1.65,1.12
2014.11.06 18:41:51.168,0.76927,0.76945,2.40,1.37
2014.11.06 18:41:54.533,0.76927,0.76945,2.40,1.47
2014.11.06 18:41:55.307,0.76928,0.76945,1.27,1.37
2014.11.06 18:41:56.332,0.76929,0.76945,1.65,1.47
2014.11.06 18:41:57.953,0.76929,0.76945,1.57,1.45
2014.11.06 18:41:58.461,0.76931,0.76945,1.00,1.37
2014.11.06 18:42:00.637,0.76931,0.76946,1.92,1.00
2014.11.06 18:42:00.941,0.76932,0.76948,1.65,1.00
2014.11.06 18:42:01.447,0.76933,0.76949,2.02,1.00
2014.11.06 18:42:07.331,0.76933,0.76949,2.40,1.00
2014.11.06 18:42:07.955,0.76933,0.76949,1.20,1.10
2014.11.06 18:42:09.360,0.76933,0.76951,1.95,1.07
2014.11.06 18:42:09.462,0.76935,0.76952,1.17,1.20
2014.11.06 18:42:12.351,0.76935,0.76952,1.65,1.00
2014.11.06 18:42:12.553,0.76938,0.76955,1.65,1.01
2014.11.06 18:42:12.856,0.7694,0.76955,1.00,1.09
2014.11.06 18:42:13.703,0.7694,0.76955,1.00,1.40
2014.11.06 18:42:17.514,0.7694,0.76955,1.07,1.17
2014.11.06 18:42:18.019,0.7694,0.76955,1.07,1.10
2014.11.06 18:42:18.543,0.76942,0.76956,1.00,1.07
2014.11.06 18:42:19.390,0.76943,0.76956,1.00,1.07
2014.11.06 18:42:19.491,0.76943,0.76958,1.10,1.00
2014.11.06 18:42:23.796,0.76942,0.76958,1.10,1.10
2014.11.06 18:42:25.664,0.76941,0.76957,1.17,1.00
2014.11.06 18:42:30.150,0.76941,0.76957,1.17,1.37
2014.11.06 18:42:30.454,0.76937,0.76954,1.85,1.17
2014.11.06 18:42:31.041,0.76937,0.76954,1.92,1.10
2014.11.06 18:42:32.669,0.76938,0.76954,1.10,1.10
2014.11.06 18:42:32.770,0.76938,0.76955,1.15,1.00
2014.11.06 18:42:33.605,0.7694,0.76956,1.10,1.10
2014.11.06 18:42:45.338,0.76941,0.76956,1.00,1.10
2014.11.06 18:42:48.081,0.7694,0.76956,1.10,1.10
2014.11.06 18:42:48.435,0.76943,0.76956,1.00,1.10
2014.11.06 18:42:48.639,0.7694,0.76956,1.10,1.10
2014.11.06 18:42:51.673,0.7694,0.76956,1.10,1.47
2014.11.06 18:42:51.826,0.76936,0.76953,1.20,1.15
2014.11.06 18:42:52.333,0.76935,0.76951,1.15,1.00
2014.11.06 18:42:53.695,0.76934,0.76951,1.10,1.27
2014.11.06 18:42:54.201,0.76933,0.76951,1.00,2.81
2014.11.06 18:42:54.706,0.76933,0.76949,1.10,1.10
2014.11.06 18:42:55.815,0.76933,0.7695,1.47,1.17
2014.11.06 18:42:56.018,0.76942,0.76959,1.15,1.00
2014.11.06 18:42:56.473,0.76944,0.76961,1.17,1.10
2014.11.06 18:42:57.046,0.76944,0.76961,1.20,1.15
2014.11.06 18:42:58.292,0.76944,0.76961,1.17,1.10
2014.11.06 18:42:58.812,0.76944,0.76961,1.15,1.00
2014.11.06 18:43:03.195,0.76944,0.76961,1.65,1.00
2014.11.06 18:43:03.701,0.76946,0.76961,1.15,1.00
2014.11.06 18:43:04.220,0.76947,0.76962,1.17,1.00
2014.11.06 18:43:04.845,0.76947,0.76962,1.10,1.00
2014.11.06 18:43:04.946,0.76947,0.76962,1.17,1.00
2014.11.06 18:43:05.251,0.76952,0.76968,1.15,1.00
2014.11.06 18:43:05.605,0.76953,0.76968,1.65,1.00
2014.11.06 18:43:05.707,0.76954,0.76968,1.10,1.00
2014.11.06 18:43:05.918,0.76956,0.76968,1.00,1.00
2014.11.06 18:43:08.647,0.76954,0.76968,1.10,1.00
2014.11.06 18:43:09.856,0.76955,0.76968,1.00,1.00
2014.11.06 18:43:13.762,0.76952,0.76968,1.00,1.17
2014.11.06 18:43:14.268,0.76951,0.76968,1.15,1.17
2014.11.06 18:43:14.776,0.76951,0.76968,1.15,1.00
2014.11.06 18:43:17.146,0.7695,0.76968,2.02,1.10
2014.11.06 18:43:23.980,0.7695,0.76968,1.65,1.00
2014.11.06 18:43:24.508,0.7695,0.76968,1.65,1.07
2014.11.06 18:43:25.200,0.7695,0.76968,1.65,1.00
2014.11.06 18:43:29.475,0.76951,0.76968,1.15,1.00
2014.11.06 18:43:30.446,0.76957,0.7697,1.00,1.25
2014.11.06 18:43:32.781,0.76957,0.76971,1.00,1.10
2014.11.06 18:43:38.625,0.76957,0.76971,1.00,1.47
2014.11.06 18:43:39.437,0.76958,0.76971,1.00,1.47
2014.11.06 18:43:41.705,0.76958,0.76971,1.00,1.20
2014.11.06 18:43:42.237,0.76959,0.76971,1.00,1.20
2014.11.06 18:43:43.622,0.76959,0.76971,1.00,1.27
2014.11.06 18:43:44.714,0.76959,0.7697,1.00,4.50
2014.11.06 18:43:45.509,0.76959,0.76971,1.00,3.07
2014.11.06 18:43:46.062,0.76959,0.7697,1.00,2.32
2014.11.06 18:43:46.697,0.76959,0.76971,1.00,3.07
2014.11.06 18:43:47.167,0.76956,0.76971,1.00,3.07
2014.11.06 18:43:58.013,0.76956,0.76972,1.00,1.65
2014.11.06 18:43:58.114,0.76956,0.76972,1.45,1.07
2014.11.06 18:43:58.216,0.76958,0.76972,1.27,1.00
2014.11.06 18:43:58.317,0.76958,0.76974,1.27,1.00
2014.11.06 18:43:58.368,0.76962,0.76974,1.00,1.00
2014.11.06 18:43:58.887,0.76966,0.76982,1.00,1.40
2014.11.06 18:43:59.400,0.76966,0.76983,1.00,6.56
2014.11.06 18:44:02.012,0.76966,0.76981,1.00,1.17
2014.11.06 18:44:02.216,0.76963,0.76981,1.65,1.17
2014.11.06 18:44:03.351,0.76965,0.76984,1.00,1.65
2014.11.06 18:44:13.513,0.76964,0.76984,1.20,2.02
2014.11.06 18:44:14.234,0.76964,0.76984,1.20,4.20
2014.11.06 18:44:14.285,0.76964,0.76982,1.12,2.32
2014.11.06 18:44:18.205,0.76961,0.76978,2.81,1.07
2014.11.06 18:44:34.302,0.76962,0.7698,1.46,1.17
2014.11.06 18:44:36.609,0.76964,0.7698,1.00,1.17
2014.11.06 18:44:36.710,0.76964,0.7698,1.15,1.10
2014.11.06 18:44:37.925,0.76964,0.76983,1.09,1.15
2014.11.06 18:44:38.027,0.76966,0.76983,1.27,1.10
2014.11.06 18:44:38.129,0.76969,0.76987,1.27,1.10
2014.11.06 18:44:38.180,0.76973,0.76987,1.00,1.10
2014.11.06 18:44:38.487,0.76975,0.76987,1.00,1.10
2014.11.06 18:44:38.864,0.76974,0.76987,1.00,1.15
2014.11.06 18:44:39.429,0.76974,0.76988,1.00,1.15
2014.11.06 18:44:40.139,0.76974,0.76988,1.00,1.15
2014.11.06 18:44:41.075,0.76975,0.76988,1.00,1.15
2014.11.06 18:44:41.691,0.76973,0.76984,1.00,1.37
2014.11.06 18:44:41.743,0.76969,0.76983,1.00,1.52
2014.11.06 18:44:41.946,0.76964,0.76981,1.85,1.17
2014.11.06 18:44:42.098,0.76964,0.76981,1.10,1.17
2014.11.06 18:44:47.891,0.76963,0.76981,1.17,1.27
2014.11.06 18:44:49.794,0.76963,0.76981,1.30,1.15
2014.11.06 18:44:51.841,0.76962,0.76981,1.01,1.15
2014.11.06 18:44:52.347,0.76962,0.76981,1.00,1.27
2014.11.06 18:45:00.324,0.76961,0.76981,1.20,1.27
2014.11.06 18:45:02.126,0.76961,0.76981,1.65,1.46
2014.11.06 18:45:06.335,0.76963,0.76981,1.70,1.27
2014.11.06 18:45:13.066,0.76964,0.76981,1.12,1.10
2014.11.06 18:45:13.472,0.76965,0.76984,1.15,1.27
2014.11.06 18:45:13.776,0.76965,0.76984,1.17,1.27
2014.11.06 18:45:15.621,0.76965,0.76984,1.07,3.45
2014.11.06 18:45:16.127,0.76965,0.76981,1.00,1.27
2014.11.06 18:45:24.185,0.76963,0.76982,1.77,1.15
2014.11.06 18:45:27.557,0.76963,0.76977,1.00,1.15
2014.11.06 18:45:27.608,0.7696,0.76977,1.10,1.15
2014.11.06 18:45:28.115,0.76957,0.76978,1.15,1.27
2014.11.06 18:45:28.166,0.76957,0.76978,1.15,1.52
2014.11.06 18:45:28.944,0.76957,0.76976,1.15,1.20
2014.11.06 18:45:29.468,0.76957,0.76976,1.15,1.15
2014.11.06 18:45:29.971,0.76957,0.76976,1.15,1.10
2014.11.06 18:45:30.022,0.76957,0.76976,1.07,1.17
2014.11.06 18:45:30.072,0.76957,0.76976,1.00,1.15
2014.11.06 18:45:30.174,0.76957,0.76972,1.00,2.25
2014.11.06 18:45:30.376,0.76953,0.76972,1.87,2.32
2014.11.06 18:45:30.427,0.76955,0.76972,1.00,2.32
2014.11.06 18:45:31.053,0.76953,0.76971,1.00,1.15
2014.11.06 18:45:31.566,0.76952,0.76971,1.12,1.15
2014.11.06 18:45:32.075,0.76951,0.76971,2.40,1.15
2014.11.06 18:45:34.079,0.76951,0.76971,2.02,1.01
2014.11.06 18:45:34.508,0.76953,0.76972,2.02,1.00
2014.11.06 18:45:35.017,0.76955,0.76973,1.15,1.27
2014.11.06 18:45:39.164,0.76955,0.76972,1.27,1.00
2014.11.06 18:45:42.673,0.76956,0.76973,1.15,1.20
2014.11.06 18:45:43.198,0.76956,0.76973,1.10,1.27
2014.11.06 18:45:48.334,0.76953,0.7697,1.27,1.00
2014.11.06 18:45:51.076,0.76951,0.76967,2.89,1.00
2014.11.06 18:45:51.127,0.7695,0.76967,1.71,1.20
2014.11.06 18:45:51.228,0.7695,0.76967,1.36,1.20
2014.11.06 18:45:51.532,0.7695,0.76967,1.15,1.00
2014.11.06 18:45:52.080,0.76951,0.76968,1.15,1.00
2014.11.06 18:45:55.153,0.7695,0.76968,1.90,1.10
2014.11.06 18:45:56.856,0.7695,0.76968,1.90,1.00
2014.11.06 18:46:03.611,0.76954,0.76968,1.00,1.00
2014.11.06 18:46:05.570,0.76954,0.76969,1.00,1.10
2014.11.06 18:46:07.988,0.76954,0.76969,1.07,1.00
2014.11.06 18:46:08.090,0.76954,0.76971,1.15,1.00
2014.11.06 18:46:08.639,0.76957,0.76972,1.20,1.00
2014.11.06 18:46:09.351,0.76959,0.76972,1.00,1.00
2014.11.06 18:46:09.865,0.76959,0.76974,1.00,1.27
2014.11.06 18:46:14.068,0.76959,0.76974,1.00,1.27
2014.11.06 18:46:15.571,0.76959,0.76974,1.00,1.27
2014.11.06 18:46:15.622,0.76957,0.76974,1.10,1.27
2014.11.06 18:46:19.666,0.76958,0.76974,1.00,1.65
2014.11.06 18:46:19.812,0.76958,0.76974,1.00,1.65
2014.11.06 18:46:19.913,0.7696,0.76974,1.00,1.65
2014.11.06 18:46:20.217,0.76962,0.76977,1.00,1.65
2014.11.06 18:46:20.534,0.76966,0.7698,1.00,1.00
2014.11.06 18:46:21.047,0.76963,0.76984,2.06,1.65
2014.11.06 18:46:21.098,0.76963,0.76983,2.06,1.15
2014.11.06 18:46:21.301,0.76964,0.76983,1.12,1.15
2014.11.06 18:46:21.817,0.76964,0.7698,1.00,1.20
2014.11.06 18:46:22.398,0.76961,0.76981,2.59,1.10
2014.11.06 18:46:22.904,0.76963,0.76981,1.09,1.17
2014.11.06 18:46:23.135,0.76963,0.76981,1.05,1.15
2014.11.06 18:46:23.647,0.76961,0.76981,3.94,1.15
2014.11.06 18:46:24.150,0.76963,0.76981,1.05,1.15
2014.11.06 18:46:24.607,0.76962,0.76981,3.11,1.15
2014.11.06 18:46:25.132,0.76963,0.76981,1.24,1.15
2014.11.06 18:46:25.718,0.76964,0.76981,1.00,1.15
2014.11.06 18:46:28.793,0.76965,0.76981,1.00,1.15
2014.11.06 18:46:32.582,0.76965,0.76981,1.00,1.15
2014.11.06 18:46:32.886,0.76962,0.76979,1.00,1.15
2014.11.06 18:46:33.038,0.76962,0.76979,1.00,1.15
2014.11.06 18:46:33.629,0.76961,0.76978,1.00,1.15
2014.11.06 18:46:34.177,0.76961,0.76978,1.00,1.15
2014.11.06 18:46:35.816,0.76961,0.76978,1.00,1.15
2014.11.06 18:46:38.191,0.76959,0.76977,1.10,1.15
2014.11.06 18:46:39.584,0.76959,0.76975,1.10,1.17
2014.11.06 18:46:39.635,0.76959,0.76975,1.00,1.15
2014.11.06 18:46:39.939,0.76956,0.76975,1.39,1.65
2014.11.06 18:46:40.445,0.76957,0.76975,1.27,1.65
2014.11.06 18:46:41.133,0.76959,0.76975,1.00,1.65
2014.11.06 18:46:41.235,0.76959,0.76975,1.17,1.00
2014.11.06 18:46:41.741,0.76959,0.76975,1.42,1.10
2014.11.06 18:46:45.982,0.76959,0.76975,1.10,1.57
2014.11.06 18:46:46.033,0.76959,0.76975,1.00,1.65
2014.11.06 18:46:46.185,0.76957,0.76973,1.00,1.17
2014.11.06 18:46:46.715,0.76957,0.76973,1.10,1.10
2014.11.06 18:46:54.863,0.76957,0.76973,1.20,1.10
2014.11.06 18:47:00.186,0.76957,0.76973,1.47,1.10
2014.11.06 18:47:01.464,0.76957,0.76973,1.37,1.07
2014.11.06 18:47:06.090,0.76957,0.76973,2.07,1.20
2014.11.06 18:47:06.343,0.76958,0.76976,1.12,1.10
2014.11.06 18:47:06.495,0.76958,0.76976,1.12,1.07
2014.11.06 18:47:11.417,0.76959,0.76977,1.05,1.15
2014.11.06 18:47:11.997,0.76959,0.76977,1.12,1.17
2014.11.06 18:47:13.186,0.7696,0.76977,1.20,1.10
2014.11.06 18:47:13.692,0.76963,0.76979,1.00,1.17
2014.11.06 18:47:16.124,0.76961,0.76979,1.65,1.17
2014.11.06 18:47:27.212,0.76962,0.76979,1.00,1.17
2014.11.06 18:47:29.507,0.76962,0.76979,1.20,1.15
2014.11.06 18:47:30.143,0.76962,0.76979,1.00,1.15
2014.11.06 18:47:35.183,0.7696,0.76979,1.65,1.15
2014.11.06 18:47:50.266,0.76961,0.76979,1.17,1.17
2014.11.06 18:47:50.367,0.76961,0.76979,1.10,1.15
2014.11.06 18:47:52.978,0.76961,0.76979,1.15,1.15
2014.11.06 18:47:54.286,0.76961,0.76979,1.10,1.15
2014.11.06 18:48:00.153,0.7696,0.76978,1.20,1.17
2014.11.06 18:48:00.871,0.76958,0.76975,1.65,1.27
2014.11.06 18:48:24.949,0.76957,0.76975,1.90,1.20
2014.11.06 18:48:25.457,0.76957,0.76975,1.90,1.20
2014.11.06 18:48:26.002,0.76957,0.76975,1.90,1.12
2014.11.06 18:48:26.508,0.76957,0.76975,1.90,1.20
2014.11.06 18:48:28.209,0.76959,0.76975,1.10,1.27
2014.11.06 18:48:28.310,0.76957,0.76975,1.10,2.02
2014.11.06 18:48:28.616,0.76953,0.76967,1.00,1.27
2014.11.06 18:48:28.768,0.76948,0.76965,1.32,1.65
2014.11.06 18:48:28.869,0.76947,0.76964,1.57,1.17
2014.11.06 18:48:29.395,0.76947,0.76964,1.10,1.65
2014.11.06 18:48:31.521,0.76947,0.76964,1.17,1.57
2014.11.06 18:48:31.572,0.76947,0.76964,1.77,1.10
2014.11.06 18:48:32.077,0.76948,0.76965,2.17,1.17
2014.11.06 18:48:40.132,0.76948,0.76965,1.10,1.65
2014.11.06 18:48:40.638,0.76946,0.76964,1.27,2.21
2014.11.06 18:48:40.942,0.76942,0.7696,1.65,1.12
2014.11.06 18:48:41.043,0.76942,0.7696,1.17,1.27
2014.11.06 18:48:41.650,0.76942,0.7696,1.65,1.00
2014.11.06 18:48:41.953,0.76945,0.76962,1.17,1.01
2014.11.06 18:48:42.257,0.76946,0.76963,1.15,1.69
2014.11.06 18:48:42.789,0.76947,0.76964,1.17,1.47
2014.11.06 18:48:43.851,0.76947,0.76964,1.10,1.55
2014.11.06 18:48:44.767,0.76948,0.76964,1.27,1.00
2014.11.06 18:48:45.071,0.7695,0.76964,1.65,1.00
2014.11.06 18:48:45.223,0.7695,0.76967,1.65,1.65
2014.11.06 18:48:45.563,0.7695,0.76966,1.57,1.15
2014.11.06 18:48:45.867,0.76949,0.76965,1.17,2.02
2014.11.06 18:48:47.884,0.76947,0.76965,1.65,2.21
2014.11.06 18:48:48.390,0.76947,0.76962,1.00,1.15
2014.11.06 18:48:48.492,0.76945,0.76962,1.00,1.15
2014.11.06 18:48:48.998,0.76942,0.76959,1.10,1.17
2014.11.06 18:48:49.201,0.76942,0.76959,1.00,1.15
2014.11.06 18:48:49.707,0.76941,0.76957,1.00,1.17
2014.11.06 18:49:02.796,0.76941,0.76958,1.17,1.01
2014.11.06 18:49:03.827,0.76941,0.76958,1.15,1.00
2014.11.06 18:49:04.386,0.76941,0.7696,1.65,1.09
2014.11.06 18:49:07.887,0.76941,0.7696,1.50,1.77
2014.11.06 18:49:08.426,0.76939,0.76958,2.40,1.40
2014.11.06 18:49:13.544,0.76939,0.76957,1.10,4.01
2014.11.06 18:49:14.053,0.76937,0.76954,2.17,1.20
2014.11.06 18:49:14.458,0.76938,0.76954,1.00,1.17
2014.11.06 18:49:19.173,0.76937,0.76954,2.17,1.20
2014.11.06 18:49:19.275,0.76938,0.76954,1.00,1.17
2014.11.06 18:49:19.993,0.76937,0.76954,2.55,1.20
2014.11.06 18:49:20.562,0.76937,0.76954,2.62,1.15
2014.11.06 18:49:21.703,0.76937,0.76954,2.62,1.15
2014.11.06 18:49:22.213,0.76937,0.76954,2.62,1.15
2014.11.06 18:49:23.631,0.76937,0.76954,2.25,1.10
2014.11.06 18:49:24.143,0.76938,0.76956,1.70,1.15
2014.11.06 18:49:24.244,0.76941,0.76958,1.00,1.84
2014.11.06 18:49:26.024,0.7694,0.76958,1.00,1.52
2014.11.06 18:49:30.088,0.7694,0.76953,1.00,3.19
2014.11.06 18:49:30.189,0.76932,0.7695,1.25,3.45
2014.11.06 18:49:30.442,0.76932,0.76949,1.00,1.65
2014.11.06 18:49:30.948,0.76934,0.76951,1.00,1.90
2014.11.06 18:49:31.112,0.76934,0.76951,1.00,1.27
2014.11.06 18:49:31.768,0.76935,0.76951,1.00,1.27
2014.11.06 18:49:32.273,0.76934,0.76951,1.00,1.27
2014.11.06 18:49:33.241,0.76934,0.76951,1.15,1.12
2014.11.06 18:49:33.747,0.76936,0.76954,1.15,1.07
2014.11.06 18:49:50.371,0.76937,0.76953,3.07,1.00
2014.11.06 18:49:55.380,0.76937,0.76953,1.15,1.00
2014.11.06 18:49:56.484,0.76938,0.76953,2.32,1.00
2014.11.06 18:49:56.738,0.76939,0.76957,1.27,1.00
2014.11.06 18:49:56.890,0.7694,0.76957,2.32,1.00
2014.11.06 18:49:57.143,0.76941,0.7696,1.46,1.00
2014.11.06 18:49:57.497,0.76947,0.7696,1.10,1.00
2014.11.06 18:49:57.598,0.76947,0.76963,1.15,1.12
2014.11.06 18:49:58.391,0.76947,0.76964,1.27,1.00
2014.11.06 18:49:59.473,0.76947,0.76964,1.07,1.45
2014.11.06 18:49:59.524,0.76947,0.76964,1.00,1.52
2014.11.06 18:49:59.676,0.76947,0.7696,1.00,1.00
2014.11.06 18:50:00.233,0.76945,0.7696,1.09,1.00
2014.11.06 18:50:00.778,0.76945,0.7696,1.07,1.10
2014.11.06 18:50:22.556,0.76945,0.76962,1.17,1.10
2014.11.06 18:50:27.368,0.76945,0.76962,1.15,1.00
2014.11.06 18:50:28.238,0.76945,0.76962,1.15,1.00
2014.11.06 18:50:28.756,0.76945,0.76962,1.15,1.00
2014.11.06 18:50:33.088,0.76945,0.76962,1.15,1.20
2014.11.06 18:50:33.922,0.76947,0.76962,1.00,1.20
2014.11.06 18:50:49.696,0.76947,0.76962,1.00,1.65
2014.11.06 18:50:49.950,0.76945,0.76959,1.00,1.10
2014.11.06 18:50:50.203,0.76943,0.76958,1.00,2.02
2014.11.06 18:50:50.406,0.76938,0.76957,1.27,1.52
2014.11.06 18:50:51.598,0.76936,0.76953,1.77,1.10
2014.11.06 18:50:52.132,0.76936,0.76952,1.40,1.00
2014.11.06 18:50:56.423,0.76935,0.76952,1.07,1.07
2014.11.06 18:50:56.473,0.76935,0.76952,1.00,1.27
2014.11.06 18:50:56.575,0.76932,0.76952,3.26,1.10
2014.11.06 18:50:56.828,0.76932,0.76952,1.10,3.58
2014.11.06 18:50:57.132,0.76926,0.76945,1.92,1.27
2014.11.06 18:50:57.540,0.76925,0.76944,1.40,1.27
2014.11.06 18:50:57.882,0.76924,0.76942,1.34,2.25
2014.11.06 18:50:58.394,0.76922,0.76939,1.15,1.00
2014.11.06 18:50:59.008,0.76921,0.76939,1.46,1.17
2014.11.06 18:50:59.059,0.76921,0.76935,1.27,2.10
2014.11.06 18:50:59.363,0.76917,0.76932,1.90,2.10
2014.11.06 18:50:59.414,0.76916,0.76932,1.15,2.17
2014.11.06 18:51:00.062,0.76916,0.76933,1.17,1.70
2014.11.06 18:51:00.721,0.76916,0.76934,1.15,1.70
2014.11.06 18:51:01.221,0.76916,0.76934,4.20,1.35
2014.11.06 18:51:01.373,0.76918,0.76936,1.65,1.12
2014.11.06 18:51:01.899,0.7692,0.76937,1.17,1.45
2014.11.06 18:51:04.264,0.7692,0.76938,1.55,1.57
2014.11.06 18:51:04.669,0.76922,0.76938,1.17,1.10
2014.11.06 18:51:07.434,0.76922,0.76939,1.74,1.07
2014.11.06 18:51:07.587,0.76928,0.76947,1.40,2.02
2014.11.06 18:51:07.739,0.76929,0.76947,1.27,1.95
2014.11.06 18:51:08.247,0.76929,0.76947,2.02,1.37
2014.11.06 18:51:08.551,0.76931,0.76948,2.02,1.00
2014.11.06 18:51:09.057,0.76933,0.76949,1.15,1.10
2014.11.06 18:51:09.566,0.76931,0.76949,1.40,1.45
2014.11.06 18:51:09.618,0.76931,0.76949,1.40,1.52
2014.11.06 18:51:10.159,0.76931,0.76949,1.40,1.57
2014.11.06 18:51:10.570,0.76931,0.76949,1.15,1.57
2014.11.06 18:51:10.724,0.7693,0.76948,1.57,1.50
2014.11.06 18:51:10.775,0.76928,0.76944,1.07,1.07
2014.11.06 18:51:10.876,0.76926,0.76945,1.84,1.27
2014.11.06 18:51:11.737,0.76926,0.76945,1.84,1.27
2014.11.06 18:51:13.376,0.76926,0.76945,1.17,1.27
2014.11.06 18:51:13.528,0.76923,0.76941,1.84,1.10
2014.11.06 18:51:14.085,0.76921,0.76938,2.59,1.00
2014.11.06 18:51:14.237,0.76921,0.76938,1.84,1.12
2014.11.06 18:51:17.105,0.76921,0.76938,1.52,1.00
2014.11.06 18:51:18.318,0.76922,0.76938,1.27,1.00
2014.11.06 18:51:18.369,0.76922,0.7694,1.27,1.00
2014.11.06 18:51:19.450,0.76924,0.76941,2.70,1.20
2014.11.06 18:51:19.603,0.76925,0.76944,4.39,1.00
2014.11.06 18:51:19.704,0.76927,0.76944,3.64,1.00
2014.11.06 18:51:19.856,0.7693,0.76947,1.12,1.00
2014.11.06 18:51:19.907,0.76931,0.76949,1.52,1.10
2014.11.06 18:51:20.111,0.76933,0.76951,1.17,1.20
2014.11.06 18:51:20.212,0.76933,0.76951,3.45,1.00
2014.11.06 18:51:20.365,0.76935,0.76953,1.27,1.00
2014.11.06 18:51:20.641,0.76935,0.76954,3.45,1.00
2014.11.06 18:51:21.899,0.76937,0.76955,1.15,1.12
2014.11.06 18:51:24.231,0.76937,0.76955,1.40,1.20
2014.11.06 18:51:24.743,0.76937,0.76955,1.40,1.12
2014.11.06 18:51:25.048,0.76937,0.76955,1.00,3.82
2014.11.06 18:51:25.099,0.76935,0.76953,1.00,1.52
2014.11.06 18:51:25.150,0.76935,0.76952,1.00,1.82
2014.11.06 18:51:25.404,0.76932,0.76948,1.84,1.20
2014.11.06 18:51:25.555,0.76932,0.76948,1.84,1.57
2014.11.06 18:51:25.860,0.76929,0.76945,1.00,1.27
2014.11.06 18:51:25.962,0.76926,0.76945,1.65,1.27
2014.11.06 18:51:27.239,0.76926,0.76944,1.15,1.10
2014.11.06 18:51:27.542,0.76926,0.76944,5.62,1.00
2014.11.06 18:51:27.695,0.76929,0.76946,1.15,1.00
2014.11.06 18:51:28.049,0.76931,0.76948,1.15,1.00
2014.11.06 18:51:28.590,0.76934,0.76949,1.00,1.10
2014.11.06 18:51:29.154,0.76933,0.76949,1.10,1.10
2014.11.06 18:51:30.746,0.76932,0.76949,1.00,1.15
2014.11.06 18:51:31.050,0.76928,0.76947,1.25,1.87
2014.11.06 18:51:31.556,0.76927,0.76945,1.26,1.27
2014.11.06 18:51:31.960,0.76927,0.76945,1.17,1.10
2014.11.06 18:51:32.482,0.76927,0.76944,1.15,1.10
2014.11.06 18:51:33.948,0.76927,0.76944,1.17,1.07
2014.11.06 18:51:34.478,0.76927,0.76944,1.10,1.17
2014.11.06 18:51:42.973,0.76927,0.76944,1.07,1.10
2014.11.06 18:51:43.277,0.76927,0.76944,1.52,1.00
2014.11.06 18:51:43.429,0.76928,0.76946,1.52,1.20
2014.11.06 18:51:43.682,0.76928,0.76946,1.52,1.07
2014.11.06 18:51:44.001,0.76928,0.76946,1.17,1.20
2014.11.06 18:51:44.514,0.76928,0.76946,1.15,1.15
2014.11.06 18:51:45.075,0.76928,0.76946,1.15,1.20
2014.11.06 18:51:45.278,0.76928,0.76946,3.45,1.10
2014.11.06 18:51:45.784,0.76931,0.76947,1.65,1.10
2014.11.06 18:51:46.106,0.76931,0.76947,2.02,1.00
2014.11.06 18:51:46.207,0.76932,0.76949,1.27,1.00
2014.11.06 18:51:46.512,0.76933,0.7695,1.27,1.00
2014.11.06 18:51:46.613,0.76935,0.76952,1.15,1.00
2014.11.06 18:51:47.149,0.76936,0.76952,1.15,1.00
2014.11.06 18:51:49.569,0.76936,0.76952,1.10,1.10
2014.11.06 18:51:49.771,0.76936,0.76952,1.00,1.15
2014.11.06 18:51:49.822,0.76934,0.76952,1.10,1.15
2014.11.06 18:51:49.873,0.76934,0.76952,1.17,1.17
2014.11.06 18:51:50.351,0.76934,0.76952,1.00,1.15
2014.11.06 18:51:50.656,0.76929,0.76946,1.20,1.27
2014.11.06 18:51:50.707,0.76927,0.76946,1.10,1.52
2014.11.06 18:51:51.013,0.76927,0.76944,1.15,1.17
2014.11.06 18:51:51.316,0.76927,0.76944,1.10,1.17
2014.11.06 18:51:51.620,0.76927,0.76944,1.17,1.07
2014.11.06 18:51:52.778,0.76927,0.76943,1.20,1.10
2014.11.06 18:51:52.880,0.76927,0.76943,1.07,1.10
2014.11.06 18:51:53.411,0.76927,0.76943,1.17,1.00
2014.11.06 18:52:00.265,0.76926,0.76945,1.15,1.17
2014.11.06 18:52:09.441,0.76926,0.76945,1.15,2.62
2014.11.06 18:52:10.132,0.76924,0.76942,1.84,1.00
2014.11.06 18:52:11.148,0.76924,0.76942,3.82,1.00
2014.11.06 18:52:11.420,0.76924,0.76942,1.65,1.00
2014.11.06 18:52:11.623,0.76923,0.76941,1.15,1.07
2014.11.06 18:52:12.154,0.76921,0.76941,1.65,1.01
2014.11.06 18:52:12.669,0.76921,0.76941,3.82,1.25
2014.11.06 18:52:13.708,0.76921,0.76941,3.82,1.37
2014.11.06 18:52:14.602,0.76926,0.7694,1.10,1.37
2014.11.06 18:52:15.607,0.76926,0.7694,1.47,1.37
2014.11.06 18:52:15.759,0.76927,0.76942,3.07,1.37
2014.11.06 18:52:15.810,0.76927,0.76942,3.45,1.00
2014.11.06 18:52:15.962,0.76932,0.76942,3.07,1.00
2014.11.06 18:52:16.165,0.76932,0.76948,3.07,1.37
2014.11.06 18:52:16.367,0.76934,0.76949,1.15,1.37
2014.11.06 18:52:16.671,0.76934,0.76949,1.10,1.00
2014.11.06 18:52:17.892,0.76935,0.76949,1.00,1.00
2014.11.06 18:52:18.150,0.76934,0.76949,1.15,1.00
2014.11.06 18:52:18.202,0.76934,0.76951,1.15,1.00
2014.11.06 18:52:18.303,0.76936,0.76951,2.32,1.00
2014.11.06 18:52:18.354,0.76936,0.76954,2.51,1.00
2014.11.06 18:52:18.506,0.76938,0.76954,2.70,1.00
2014.11.06 18:52:19.012,0.76938,0.76957,5.62,1.37
2014.11.06 18:52:19.518,0.76941,0.76957,1.15,1.37
2014.11.06 18:52:19.771,0.76943,0.76958,1.20,1.12
2014.11.06 18:52:20.891,0.76943,0.76958,1.15,1.12
2014.11.06 18:52:21.490,0.76942,0.7696,1.07,1.52
2014.11.06 18:52:22.420,0.76941,0.76957,1.39,1.10
2014.11.06 18:52:22.933,0.76942,0.76957,1.00,1.10
2014.11.06 18:52:23.480,0.76941,0.76957,1.20,1.10
2014.11.06 18:52:24.758,0.76941,0.76957,1.27,1.10
2014.11.06 18:52:25.363,0.76942,0.76957,1.17,1.00
2014.11.06 18:52:30.964,0.76943,0.76956,1.10,1.00
2014.11.06 18:52:31.218,0.76944,0.76959,1.00,1.10
2014.11.06 18:52:32.218,0.76943,0.76959,1.10,1.10
2014.11.06 18:52:34.207,0.76944,0.76959,1.00,1.10
2014.11.06 18:52:37.934,0.76942,0.76959,1.17,1.10
2014.11.06 18:52:38.720,0.76943,0.76959,1.10,1.07
2014.11.06 18:52:38.872,0.76943,0.76959,1.20,1.20
2014.11.06 18:52:41.412,0.76943,0.76959,1.20,1.17
2014.11.06 18:52:41.882,0.76945,0.76959,1.00,1.17
2014.11.06 18:52:41.933,0.76945,0.76959,1.00,1.20
2014.11.06 18:52:59.357,0.76944,0.76959,1.00,1.10
2014.11.06 18:53:17.578,0.76944,0.76959,1.07,1.00
2014.11.06 18:53:26.331,0.76945,0.76958,1.10,1.00
2014.11.06 18:53:29.497,0.76945,0.7696,1.00,1.10
2014.11.06 18:53:35.416,0.76945,0.76961,1.10,1.10
2014.11.06 18:53:38.806,0.76945,0.76961,1.00,1.07
2014.11.06 18:53:39.484,0.76945,0.76961,1.07,1.07
2014.11.06 18:53:40.907,0.76945,0.76961,1.00,1.07
2014.11.06 18:53:41.465,0.76945,0.76961,1.10,1.10
2014.11.06 18:53:42.009,0.76945,0.76961,1.00,1.17
2014.11.06 18:53:42.951,0.76945,0.76961,1.20,1.20
2014.11.06 18:53:48.945,0.76945,0.76961,1.10,1.17
2014.11.06 18:53:52.159,0.76945,0.7696,1.07,1.00
2014.11.06 18:53:52.260,0.76946,0.76963,1.52,1.05
2014.11.06 18:53:52.361,0.76946,0.76964,1.15,1.95
2014.11.06 18:53:52.868,0.76946,0.76962,1.07,1.37
2014.11.06 18:53:53.455,0.76946,0.76962,1.10,1.05
2014.11.06 18:54:01.378,0.76946,0.76964,1.20,2.17
2014.11.06 18:54:02.032,0.76948,0.76964,1.27,2.10
2014.11.06 18:54:03.634,0.76948,0.76965,1.27,1.27
2014.11.06 18:54:04.243,0.7695,0.76966,1.00,1.90
2014.11.06 18:54:04.861,0.7695,0.76966,1.00,1.65
2014.11.06 18:54:06.045,0.7695,0.76965,1.00,1.12
2014.11.06 18:54:06.148,0.76947,0.76964,1.17,1.05
2014.11.06 18:54:06.249,0.76947,0.76963,1.00,1.17
2014.11.06 18:54:06.553,0.76946,0.7696,1.10,1.00
2014.11.06 18:54:07.067,0.76946,0.7696,1.17,1.00
2014.11.06 18:54:07.573,0.76946,0.7696,1.10,1.00
2014.11.06 18:54:13.622,0.76946,0.76961,1.10,1.00
2014.11.06 18:54:15.391,0.76947,0.76961,1.00,1.00
2014.11.06 18:54:21.417,0.76948,0.76961,1.00,1.00
2014.11.06 18:54:28.151,0.76948,0.76963,1.00,1.20
2014.11.06 18:54:35.748,0.76948,0.76963,1.20,1.57
2014.11.06 18:54:35.951,0.76953,0.76963,1.00,1.10
2014.11.06 18:54:36.255,0.76955,0.76966,1.00,1.50
2014.11.06 18:54:36.458,0.76956,0.76969,1.00,1.15
2014.11.06 18:54:36.509,0.76956,0.76969,1.00,1.00
2014.11.06 18:54:36.712,0.76956,0.76971,1.00,1.01
2014.11.06 18:54:37.218,0.76956,0.76972,1.50,1.34
2014.11.06 18:54:46.368,0.76956,0.76972,1.00,1.15
2014.11.06 18:54:48.145,0.76955,0.76972,1.10,1.15
2014.11.06 18:54:54.055,0.76955,0.76972,1.10,2.32
2014.11.06 18:54:54.358,0.76953,0.76966,1.00,1.17
2014.11.06 18:54:54.409,0.76951,0.76966,1.50,1.17
2014.11.06 18:54:54.662,0.76951,0.76966,1.17,1.07
2014.11.06 18:54:54.763,0.76951,0.7697,1.27,1.87
2014.11.06 18:54:55.269,0.76951,0.76971,1.27,2.00
2014.11.06 18:54:55.884,0.76951,0.76971,1.27,2.00
2014.11.06 18:54:56.390,0.76951,0.76971,1.27,2.00
2014.11.06 18:55:00.368,0.76955,0.76971,1.00,1.15
2014.11.06 18:55:00.673,0.76955,0.76971,1.10,1.10
2014.11.06 18:55:04.323,0.76955,0.76971,1.57,1.17
2014.11.06 18:55:04.475,0.76955,0.76971,1.50,1.15
2014.11.06 18:55:06.380,0.76955,0.76969,1.00,1.10
2014.11.06 18:55:06.684,0.76953,0.76968,1.00,1.90
2014.11.06 18:55:06.886,0.76951,0.76968,1.00,3.00
2014.11.06 18:55:07.089,0.76951,0.76965,1.00,1.80
2014.11.06 18:55:07.291,0.76949,0.76965,1.20,1.05
2014.11.06 18:55:07.595,0.76948,0.76964,1.00,1.12
2014.11.06 18:55:08.124,0.76946,0.76961,1.87,1.10
2014.11.06 18:55:08.712,0.76946,0.76961,1.50,1.10
2014.11.06 18:55:18.796,0.76946,0.76961,1.95,1.00
2014.11.06 18:55:18.948,0.76946,0.76963,1.74,1.50
2014.11.06 18:55:19.468,0.76946,0.76963,1.71,1.12
2014.11.06 18:55:19.957,0.76946,0.76963,1.10,1.27
2014.11.06 18:55:20.487,0.76946,0.76963,1.07,1.27
2014.11.06 18:55:21.490,0.76946,0.76963,1.17,1.20
2014.11.06 18:55:22.344,0.76946,0.76963,1.17,1.57
2014.11.06 18:55:23.236,0.76946,0.76963,1.10,1.65
2014.11.06 18:55:24.101,0.76946,0.76963,1.07,1.65
2014.11.06 18:55:25.328,0.76946,0.76963,1.10,1.65
2014.11.06 18:55:25.829,0.76946,0.76963,1.07,2.02
2014.11.06 18:55:29.723,0.76946,0.76963,1.07,1.20
2014.11.06 18:55:30.232,0.76946,0.76963,1.10,1.17
2014.11.06 18:55:30.755,0.76946,0.76963,1.17,1.10
2014.11.06 18:55:31.736,0.76946,0.76963,1.20,1.07
2014.11.06 18:55:32.140,0.76946,0.76963,1.15,1.17
2014.11.06 18:55:33.450,0.76946,0.76963,1.10,1.17
2014.11.06 18:55:38.462,0.76946,0.76963,1.17,1.10
2014.11.06 18:55:47.152,0.76947,0.76963,1.00,1.20
2014.11.06 18:55:47.661,0.76947,0.76963,1.10,1.20
2014.11.06 18:55:48.170,0.76947,0.76963,1.00,1.27
2014.11.06 18:55:56.623,0.76947,0.76964,1.20,1.65
2014.11.06 18:55:57.138,0.76947,0.76964,1.00,1.65
2014.11.06 18:55:58.149,0.76948,0.76964,1.00,1.65
2014.11.06 18:55:59.019,0.76948,0.76965,1.00,2.02
2014.11.06 18:55:59.577,0.76948,0.76965,1.00,1.90
2014.11.06 18:56:00.164,0.76948,0.76965,1.00,2.15
2014.11.06 18:56:00.215,0.76948,0.76965,1.00,2.15
2014.11.06 18:56:00.419,0.76948,0.76965,1.00,2.15
2014.11.06 18:56:00.721,0.76948,0.76965,1.00,1.90
2014.11.06 18:56:02.742,0.76948,0.76964,1.00,1.65
2014.11.06 18:56:03.027,0.76948,0.76964,1.00,1.65
2014.11.06 18:56:03.688,0.76949,0.76964,1.00,1.65
2014.11.06 18:56:04.716,0.76949,0.76965,1.00,2.25
2014.11.06 18:56:04.919,0.76949,0.76967,1.27,1.69
2014.11.06 18:56:05.122,0.76954,0.76968,1.00,1.00
2014.11.06 18:56:05.172,0.76957,0.76969,1.00,1.10
2014.11.06 18:56:07.246,0.76957,0.76971,1.00,1.10
2014.11.06 18:56:07.752,0.76958,0.76971,1.00,1.17
2014.11.06 18:56:08.226,0.76954,0.76971,1.10,1.17
2014.11.06 18:56:16.415,0.76955,0.76971,1.00,1.17
2014.11.06 18:56:18.784,0.76954,0.76971,1.10,1.17
2014.11.06 18:56:19.202,0.76954,0.76971,1.00,1.17
2014.11.06 18:56:19.303,0.76954,0.76971,1.00,1.15
2014.11.06 18:56:19.556,0.76956,0.76971,1.00,1.15
2014.11.06 18:56:24.140,0.76955,0.76971,1.00,1.15
2014.11.06 18:56:24.443,0.76954,0.76972,1.00,5.62
2014.11.06 18:56:24.651,0.76949,0.76972,1.65,8.66
2014.11.06 18:56:24.702,0.76949,0.76972,1.65,8.66
2014.11.06 18:56:28.436,0.76947,0.7697,6.56,1.69
2014.11.06 18:56:29.602,0.76949,0.7697,1.15,1.87
2014.11.06 18:56:30.128,0.76949,0.7697,1.15,1.87
2014.11.06 18:56:32.435,0.76947,0.76969,2.02,4.24
2014.11.06 18:56:32.940,0.76944,0.76966,1.77,1.15
2014.11.06 18:56:33.446,0.76942,0.76963,2.02,1.27
2014.11.06 18:56:35.353,0.76942,0.76963,2.02,2.21
2014.11.06 18:56:36.468,0.7694,0.7696,2.21,1.15
2014.11.06 18:56:37.679,0.7694,0.76959,1.20,2.32
2014.11.06 18:56:38.186,0.76934,0.76956,2.02,1.46
2014.11.06 18:56:38.567,0.76934,0.76956,1.27,1.46
2014.11.06 18:56:40.601,0.76934,0.76956,1.15,1.77
2014.11.06 18:56:40.652,0.76934,0.76955,1.17,3.07
2014.11.06 18:56:40.703,0.76934,0.76953,1.10,1.09
2014.11.06 18:56:40.754,0.76934,0.76952,1.00,2.89
2014.11.06 18:56:40.805,0.76932,0.76952,1.00,2.89
2014.11.06 18:56:41.058,0.76932,0.76949,1.00,2.70
2014.11.06 18:56:41.109,0.76929,0.76949,1.07,3.64
2014.11.06 18:56:41.161,0.76928,0.76948,1.10,2.89
2014.11.06 18:56:41.668,0.76926,0.76947,1.27,1.52
2014.11.06 18:56:42.177,0.76926,0.76947,3.82,1.15
2014.11.06 18:56:42.727,0.76928,0.76948,1.52,1.40
2014.11.06 18:56:42.778,0.76931,0.76948,1.45,1.09
2014.11.06 18:56:42.880,0.76933,0.76953,1.57,4.39
2014.11.06 18:56:42.931,0.76933,0.76953,1.65,2.21
2014.11.06 18:56:43.032,0.76933,0.76953,1.65,2.21
2014.11.06 18:56:43.083,0.76933,0.76953,1.65,2.21
2014.11.06 18:56:44.231,0.76931,0.76951,1.87,1.46
2014.11.06 18:56:44.991,0.76929,0.7695,4.01,1.36
2014.11.06 18:56:45.092,0.76929,0.7695,1.46,1.46
2014.11.06 18:56:45.143,0.76929,0.76949,1.27,1.72
2014.11.06 18:56:45.194,0.76929,0.76949,1.27,3.64
2014.11.06 18:56:45.396,0.76929,0.76947,1.17,1.54
2014.11.06 18:56:45.902,0.76927,0.76947,1.15,1.27
2014.11.06 18:56:47.166,0.76929,0.76947,1.07,1.32
2014.11.06 18:56:47.369,0.76929,0.76948,1.15,1.10
2014.11.06 18:56:47.912,0.76929,0.76949,1.65,1.17
2014.11.06 18:56:54.124,0.76929,0.76949,1.27,1.29
2014.11.06 18:56:54.793,0.76929,0.76949,1.27,1.36
2014.11.06 18:56:55.309,0.76929,0.76949,1.27,1.10
2014.11.06 18:56:55.378,0.76929,0.76949,1.27,1.07
2014.11.06 18:56:56.314,0.76929,0.76949,1.27,1.01
2014.11.06 18:56:58.785,0.76929,0.76949,1.27,1.32
2014.11.06 18:57:00.787,0.76929,0.76949,1.27,1.09
2014.11.06 18:57:02.621,0.76929,0.76949,1.27,1.07
2014.11.06 18:57:06.929,0.76931,0.76949,1.12,1.10
2014.11.06 18:57:07.030,0.76931,0.76951,1.12,1.10
2014.11.06 18:57:07.640,0.76931,0.76951,1.12,1.17
2014.11.06 18:57:08.169,0.76932,0.76951,1.12,1.10
2014.11.06 18:57:08.673,0.76932,0.76951,1.31,1.07
2014.11.06 18:57:09.225,0.76933,0.76951,1.20,1.10
2014.11.06 18:57:10.635,0.76933,0.76951,1.20,1.17
2014.11.06 18:57:11.214,0.76933,0.76951,1.20,1.15
2014.11.06 18:57:17.154,0.76933,0.76951,1.15,1.20
2014.11.06 18:57:17.678,0.76933,0.76951,1.17,1.17
2014.11.06 18:57:32.351,0.7693,0.76951,1.77,1.54
2014.11.06 18:57:32.862,0.7693,0.7695,1.77,1.15
2014.11.06 18:57:33.933,0.7693,0.7695,1.77,1.17
2014.11.06 18:57:36.834,0.7693,0.76947,1.52,1.00
2014.11.06 18:57:44.644,0.76931,0.76948,1.27,1.00
2014.11.06 18:57:45.099,0.76931,0.76948,1.52,1.00
2014.11.06 18:57:45.606,0.76932,0.76948,1.52,1.00
2014.11.06 18:57:54.074,0.76935,0.76953,1.07,2.21
2014.11.06 18:57:54.613,0.76935,0.76953,1.15,2.02
2014.11.06 18:57:55.139,0.76935,0.76953,1.15,1.12
2014.11.06 18:57:56.334,0.76936,0.76953,5.36,1.00
2014.11.06 18:57:56.537,0.76941,0.76959,3.30,1.00
2014.11.06 18:57:56.639,0.76942,0.76962,4.20,1.25
2014.11.06 18:57:56.690,0.76944,0.76962,2.70,1.25
2014.11.06 18:57:57.196,0.76947,0.76965,1.15,1.76
2014.11.06 18:57:58.101,0.76949,0.76966,1.17,1.07
2014.11.06 18:58:08.124,0.76947,0.76966,1.15,1.27
2014.11.06 18:58:09.679,0.76947,0.76966,1.07,1.27
2014.11.06 18:58:09.730,0.76947,0.76964,1.10,1.17
2014.11.06 18:58:10.201,0.76946,0.76963,1.07,1.65
2014.11.06 18:58:10.505,0.7694,0.76958,1.57,1.15
2014.11.06 18:58:11.011,0.76938,0.76956,1.17,1.17
2014.11.06 18:58:17.187,0.76938,0.76956,1.15,1.20
2014.11.06 18:58:21.003,0.76938,0.76956,1.27,1.17
2014.11.06 18:58:21.105,0.76938,0.76956,1.27,1.10
2014.11.06 18:58:22.308,0.76938,0.76956,1.17,1.17
2014.11.06 18:58:24.983,0.76938,0.76956,1.17,1.17
2014.11.06 18:58:25.272,0.76938,0.76956,1.15,1.07
2014.11.06 18:58:25.677,0.76938,0.76956,1.17,1.17
2014.11.06 18:58:26.082,0.76937,0.76956,1.15,1.07
2014.11.06 18:58:27.520,0.76937,0.76956,1.15,1.07
2014.11.06 18:58:27.878,0.76937,0.76956,1.15,1.07
2014.11.06 18:58:30.179,0.76937,0.76956,1.15,1.17
2014.11.06 18:58:30.281,0.76937,0.76956,1.15,1.07
2014.11.06 18:58:30.484,0.76938,0.76956,2.70,1.00
2014.11.06 18:58:30.985,0.7694,0.76957,1.15,1.00
2014.11.06 18:58:31.316,0.7694,0.76957,3.64,1.00
2014.11.06 18:58:31.417,0.76943,0.76961,1.50,1.01
2014.11.06 18:58:32.123,0.76943,0.76961,1.75,1.25
2014.11.06 18:58:33.718,0.76943,0.76961,3.67,1.00
2014.11.06 18:58:34.196,0.76943,0.76961,1.77,1.07
2014.11.06 18:58:34.247,0.76943,0.76961,1.70,1.15
2014.11.06 18:58:34.752,0.76942,0.76961,1.17,1.40
2014.11.06 18:58:40.815,0.76941,0.76959,1.17,1.72
2014.11.06 18:58:40.916,0.76941,0.76959,1.00,1.72
2014.11.06 18:58:41.018,0.76938,0.76955,1.17,1.10
2014.11.06 18:58:41.422,0.76938,0.76954,1.17,1.00
2014.11.06 18:58:41.927,0.76938,0.76954,1.17,1.00
2014.11.06 18:58:47.117,0.76938,0.76954,1.17,1.00
2014.11.06 18:58:47.625,0.76938,0.76954,3.45,1.00
2014.11.06 18:58:47.928,0.76941,0.76957,2.32,1.19
2014.11.06 18:58:48.131,0.76941,0.76959,2.70,1.00
2014.11.06 18:58:48.435,0.76944,0.7696,1.12,1.00
2014.11.06 18:58:48.689,0.76945,0.76963,3.30,1.00
2014.11.06 18:58:49.194,0.76946,0.76964,1.50,1.00
2014.11.06 18:58:53.587,0.76946,0.76964,1.40,1.00
2014.11.06 18:58:56.157,0.76948,0.76964,2.70,1.00
2014.11.06 18:58:56.359,0.7695,0.76967,1.15,1.01
2014.11.06 18:58:56.765,0.76949,0.76968,1.17,1.15
2014.11.06 18:59:12.796,0.76948,0.76966,1.65,1.10
2014.11.06 18:59:13.467,0.76948,0.76966,3.82,1.00
2014.11.06 18:59:14.264,0.76948,0.76966,1.65,1.00
2014.11.06 18:59:15.026,0.76948,0.76966,3.82,1.00
2014.11.06 18:59:15.698,0.76948,0.76966,1.65,1.00
2014.11.06 18:59:17.130,0.76949,0.76966,2.32,1.00
2014.11.06 18:59:23.313,0.76949,0.76967,3.07,1.00
2014.11.06 18:59:26.379,0.76949,0.76967,1.15,1.00
2014.11.06 18:59:28.956,0.76948,0.76967,3.82,1.00
2014.11.06 18:59:30.008,0.76948,0.76967,1.65,1.00
2014.11.06 18:59:30.860,0.76948,0.76967,3.82,1.00
2014.11.06 18:59:32.109,0.76948,0.76967,1.65,1.00
2014.11.06 18:59:32.712,0.76949,0.76967,2.70,1.00
2014.11.06 18:59:32.914,0.76948,0.76967,1.65,1.00
2014.11.06 18:59:34.667,0.76948,0.76967,3.82,1.00
2014.11.06 18:59:34.971,0.76948,0.76967,1.20,3.37
2014.11.06 18:59:35.022,0.76948,0.76965,1.00,1.27
2014.11.06 18:59:35.325,0.76943,0.76961,1.15,1.00
2014.11.06 18:59:35.427,0.76943,0.76961,1.17,1.65
2014.11.06 18:59:35.680,0.76942,0.7696,1.15,1.10
2014.11.06 18:59:35.882,0.76942,0.7696,1.15,1.57
2014.11.06 18:59:36.388,0.76941,0.7696,1.27,1.65
2014.11.06 18:59:36.845,0.76941,0.7696,1.27,2.21
2014.11.06 18:59:37.099,0.7694,0.76959,1.10,1.34
2014.11.06 18:59:37.607,0.76938,0.76957,1.17,1.27
2014.11.06 18:59:38.062,0.76938,0.76957,1.07,1.76
2014.11.06 18:59:38.113,0.76938,0.76956,1.00,1.16
2014.11.06 18:59:38.164,0.76935,0.76954,1.17,1.84
2014.11.06 18:59:38.418,0.76935,0.76953,1.10,1.79
2014.11.06 18:59:38.823,0.76931,0.7695,1.15,1.46
2014.11.06 18:59:39.786,0.76931,0.7695,1.15,1.27
2014.11.06 18:59:40.298,0.76931,0.7695,1.15,1.12
2014.11.06 18:59:40.847,0.76931,0.7695,1.15,1.20
2014.11.06 18:59:42.199,0.76931,0.7695,1.65,1.20
2014.11.06 18:59:42.575,0.76931,0.7695,1.65,1.54
2014.11.06 18:59:43.114,0.76931,0.7695,1.65,2.89
2014.11.06 18:59:43.477,0.76931,0.7695,1.17,2.96
2014.11.06 18:59:47.240,0.76928,0.76948,3.45,1.00
2014.11.06 18:59:47.544,0.76932,0.76949,2.32,1.25
2014.11.06 18:59:47.848,0.76933,0.76952,1.12,1.20
2014.11.06 18:59:48.101,0.76934,0.76953,2.06,1.00
2014.11.06 18:59:48.202,0.76937,0.76955,2.32,1.10
2014.11.06 18:59:48.711,0.76937,0.76957,2.32,1.39
