2014.11.24 04:00:01.215,0.78911,0.7893,1.56,3.26
2014.11.24 04:00:01.665,0.7891,0.78928,2.81,2.51
2014.11.24 04:00:02.127,0.7891,0.7893,2.89,6.19
2014.11.24 04:00:02.647,0.78911,0.7893,1.45,1.34
2014.11.24 04:00:03.754,0.78911,0.7893,1.70,1.34
2014.11.24 04:00:04.676,0.78911,0.78931,1.19,3.64
2014.11.24 04:00:04.830,0.7891,0.78929,1.19,3.45
2014.11.24 04:00:05.034,0.7891,0.78929,1.29,1.27
2014.11.24 04:00:05.547,0.78909,0.78929,1.34,1.46
2014.11.24 04:00:06.168,0.7891,0.78929,1.29,2.21
2014.11.24 04:00:06.720,0.7891,0.78929,1.84,1.46
2014.11.24 04:00:07.233,0.7891,0.7893,1.40,2.21
2014.11.24 04:00:12.730,0.7891,0.78928,1.09,1.09
2014.11.24 04:00:14.333,0.7891,0.78928,1.01,1.40
2014.11.24 04:00:14.705,0.7891,0.78928,1.40,1.01
2014.11.24 04:00:25.481,0.7891,0.78928,1.32,1.09
2014.11.24 04:00:25.532,0.7891,0.78928,1.01,1.46
2014.11.24 04:00:25.584,0.7891,0.78928,1.01,1.46
2014.11.24 04:00:26.045,0.78907,0.78923,1.10,1.20
2014.11.24 04:00:26.553,0.78904,0.78923,2.21,1.27
2014.11.24 04:00:27.074,0.78904,0.78923,1.46,1.46
2014.11.24 04:00:27.796,0.78904,0.78923,1.46,1.46
2014.11.24 04:00:29.330,0.78904,0.78923,1.46,1.46
2014.11.24 04:00:29.867,0.78904,0.78923,1.46,1.46
2014.11.24 04:00:31.235,0.78904,0.78923,1.40,1.71
2014.11.24 04:00:31.539,0.78902,0.78918,1.19,2.32
2014.11.24 04:00:31.641,0.78901,0.78918,1.00,2.51
2014.11.24 04:00:31.692,0.78901,0.7892,1.00,4.39
2014.11.24 04:00:32.236,0.78902,0.78918,1.00,1.77
2014.11.24 04:00:32.652,0.78902,0.78918,1.00,1.46
2014.11.24 04:00:33.158,0.78902,0.7892,1.17,1.46
2014.11.24 04:00:34.548,0.78902,0.78922,1.36,2.21
2014.11.24 04:00:36.416,0.78901,0.78919,1.26,1.17
2014.11.24 04:00:36.924,0.78903,0.78919,1.00,1.36
2014.11.24 04:00:37.026,0.78903,0.78919,1.07,1.26
2014.11.24 04:00:37.550,0.78903,0.78919,1.65,1.19
2014.11.24 04:00:37.989,0.78903,0.78923,1.84,1.71
2014.11.24 04:00:39.063,0.78903,0.78922,2.59,1.36
2014.11.24 04:00:39.478,0.78903,0.78921,1.50,1.71
2014.11.24 04:00:39.782,0.78902,0.78917,1.00,1.27
2014.11.24 04:00:40.308,0.78899,0.78917,1.69,3.45
2014.11.24 04:00:40.713,0.78898,0.78917,1.87,4.39
2014.11.24 04:00:41.169,0.78895,0.78912,1.00,1.34
2014.11.24 04:00:41.270,0.78892,0.78911,1.69,1.46
2014.11.24 04:00:41.776,0.78892,0.7891,1.84,1.40
2014.11.24 04:00:42.169,0.7889,0.7891,1.34,1.34
2014.11.24 04:00:43.172,0.78892,0.7891,1.46,1.32
2014.11.24 04:00:43.678,0.78896,0.78914,1.34,1.10
2014.11.24 04:00:43.780,0.78897,0.78916,1.46,1.19
2014.11.24 04:00:44.084,0.789,0.78919,1.71,1.00
2014.11.24 04:00:44.590,0.78901,0.78921,1.46,2.21
2014.11.24 04:00:46.098,0.78901,0.78921,1.46,1.74
2014.11.24 04:00:48.834,0.78908,0.78924,1.87,2.02
2014.11.24 04:00:48.885,0.78914,0.78924,1.37,1.50
2014.11.24 04:00:49.037,0.78914,0.78927,1.76,1.50
2014.11.24 04:00:49.139,0.78914,0.78934,2.59,1.74
2014.11.24 04:00:49.241,0.78919,0.78934,1.00,1.74
2014.11.24 04:00:49.784,0.7892,0.78938,1.00,4.39
2014.11.24 04:00:50.184,0.78918,0.78938,1.01,2.06
2014.11.24 04:00:50.488,0.78916,0.78937,5.81,1.69
2014.11.24 04:00:50.793,0.78922,0.78941,1.52,1.19
2014.11.24 04:00:50.844,0.78924,0.78943,1.46,1.34
2014.11.24 04:00:51.347,0.78924,0.78944,1.36,1.46
2014.11.24 04:00:51.867,0.78923,0.78945,1.46,2.21
2014.11.24 04:00:52.222,0.78922,0.78941,1.19,2.89
2014.11.24 04:00:52.700,0.7892,0.78939,1.19,3.64
2014.11.24 04:00:52.752,0.78917,0.78938,1.84,1.71
2014.11.24 04:00:53.412,0.78916,0.78936,1.76,1.31
2014.11.24 04:00:53.716,0.78916,0.78935,1.29,3.67
2014.11.24 04:00:54.227,0.78916,0.78935,1.19,1.87
2014.11.24 04:00:54.329,0.78912,0.78934,2.21,1.71
2014.11.24 04:00:54.380,0.78912,0.78934,1.84,3.64
2014.11.24 04:00:54.684,0.78912,0.78932,1.19,2.89
2014.11.24 04:00:54.836,0.7891,0.7893,2.21,1.34
2014.11.24 04:00:56.818,0.7891,0.78931,1.84,2.21
2014.11.24 04:01:06.506,0.7891,0.7893,1.36,1.71
2014.11.24 04:01:07.225,0.78909,0.78929,1.09,1.46
2014.11.24 04:01:08.207,0.78909,0.78929,1.40,1.46
2014.11.24 04:01:11.016,0.78909,0.78929,1.09,1.46
2014.11.24 04:01:11.830,0.78909,0.78929,1.40,1.46
2014.11.24 04:01:15.946,0.78909,0.78929,2.21,1.46
2014.11.24 04:01:16.456,0.78909,0.78929,2.21,1.46
2014.11.24 04:01:17.625,0.7891,0.78929,1.15,1.36
2014.11.24 04:01:18.154,0.7891,0.78929,1.15,1.26
2014.11.24 04:01:18.702,0.7891,0.78932,1.84,1.46
2014.11.24 04:01:19.135,0.7891,0.7893,1.84,2.44
2014.11.24 04:01:20.228,0.78908,0.7893,3.34,1.34
2014.11.24 04:01:20.380,0.78914,0.78934,2.21,1.36
2014.11.24 04:01:20.585,0.78915,0.78937,3.64,2.21
2014.11.24 04:01:20.838,0.78919,0.7894,3.64,1.29
2014.11.24 04:01:21.235,0.78918,0.78937,5.25,1.19
2014.11.24 04:01:21.286,0.78918,0.78936,1.00,2.51
2014.11.24 04:01:21.548,0.78918,0.78937,1.10,1.34
2014.11.24 04:01:21.954,0.78916,0.78937,1.46,1.71
2014.11.24 04:01:22.163,0.78916,0.78937,1.46,1.71
2014.11.24 04:01:22.670,0.78916,0.78937,2.21,1.71
2014.11.24 04:01:32.967,0.78916,0.78936,1.84,1.46
2014.11.24 04:01:33.473,0.78914,0.78936,1.34,5.14
2014.11.24 04:01:33.986,0.78914,0.78934,1.34,1.46
2014.11.24 04:01:38.068,0.78912,0.78929,2.21,1.05
2014.11.24 04:01:38.611,0.78912,0.78931,1.34,5.36
2014.11.24 04:01:40.201,0.7891,0.78931,3.64,2.51
2014.11.24 04:01:40.404,0.78912,0.78932,4.39,1.36
2014.11.24 04:01:40.506,0.78913,0.78935,4.39,1.36
2014.11.24 04:01:40.914,0.78916,0.78935,3.45,1.19
2014.11.24 04:01:40.965,0.78917,0.78938,1.71,1.36
2014.11.24 04:01:41.016,0.78919,0.78938,2.89,1.29
2014.11.24 04:01:41.523,0.7892,0.78939,1.27,1.39
2014.11.24 04:01:42.282,0.78921,0.7894,1.34,1.36
2014.11.24 04:01:42.824,0.78921,0.7894,1.36,1.34
2014.11.24 04:01:43.342,0.78921,0.7894,1.36,1.34
2014.11.24 04:01:43.849,0.78921,0.7894,1.34,1.39
2014.11.24 04:01:44.356,0.78922,0.78943,1.34,1.84
2014.11.24 04:01:44.916,0.78922,0.78943,3.26,1.84
2014.11.24 04:01:45.018,0.78921,0.78943,2.21,2.59
2014.11.24 04:01:45.802,0.78921,0.78943,4.39,2.59
2014.11.24 04:01:47.614,0.78921,0.78943,2.21,2.59
2014.11.24 04:01:55.025,0.78926,0.78942,1.00,1.36
2014.11.24 04:01:55.076,0.78929,0.78942,1.50,1.36
2014.11.24 04:01:55.228,0.78931,0.78947,1.27,1.19
2014.11.24 04:01:55.330,0.78932,0.78948,1.52,1.54
2014.11.24 04:01:55.862,0.7893,0.78948,2.89,1.19
2014.11.24 04:01:56.321,0.78931,0.78949,1.46,1.05
2014.11.24 04:01:56.852,0.78931,0.7895,1.46,3.04
2014.11.24 04:02:00.557,0.78931,0.7895,1.46,2.85
2014.11.24 04:02:04.863,0.7893,0.7895,4.39,1.05
2014.11.24 04:02:05.243,0.78931,0.7895,1.36,1.69
2014.11.24 04:02:05.725,0.78929,0.78948,3.64,1.10
2014.11.24 04:02:07.335,0.78931,0.78949,2.51,1.54
2014.11.24 04:02:26.071,0.78931,0.78949,2.51,1.60
2014.11.24 04:02:27.782,0.7893,0.78949,1.71,1.60
2014.11.24 04:02:30.379,0.78931,0.78949,2.89,1.85
2014.11.24 04:02:30.683,0.78936,0.78949,1.15,1.00
2014.11.24 04:02:31.044,0.78938,0.78951,1.07,1.00
2014.11.24 04:02:31.095,0.78936,0.78953,1.17,1.01
2014.11.24 04:02:31.197,0.78936,0.78953,1.15,1.25
2014.11.24 04:02:31.502,0.78942,0.78959,1.15,1.19
2014.11.24 04:02:31.705,0.78942,0.78959,1.15,1.19
2014.11.24 04:02:32.329,0.78942,0.78961,1.15,1.36
2014.11.24 04:02:33.311,0.78942,0.78961,1.40,1.36
2014.11.24 04:02:33.870,0.78942,0.78961,1.40,1.39
2014.11.24 04:02:34.395,0.78942,0.78962,1.34,1.34
2014.11.24 04:02:34.496,0.78942,0.78962,3.26,1.26
2014.11.24 04:02:35.012,0.78944,0.78963,1.27,1.34
2014.11.24 04:02:35.518,0.78942,0.7896,1.34,1.10
2014.11.24 04:02:39.271,0.78941,0.78959,1.84,1.00
2014.11.24 04:02:39.373,0.7894,0.78959,1.32,1.39
2014.11.24 04:02:39.424,0.78939,0.78959,1.84,1.46
2014.11.24 04:02:43.299,0.78938,0.78957,1.34,1.20
2014.11.24 04:02:44.501,0.7894,0.7896,1.77,2.21
2014.11.24 04:02:45.585,0.78941,0.78961,1.40,2.21
2014.11.24 04:02:48.563,0.78941,0.7896,1.84,1.46
2014.11.24 04:02:49.565,0.78941,0.78961,1.84,2.21
2014.11.24 04:03:01.216,0.78941,0.78961,1.40,2.21
2014.11.24 04:03:01.742,0.78941,0.78961,1.34,1.74
2014.11.24 04:03:04.341,0.78941,0.78961,1.34,1.66
2014.11.24 04:03:04.873,0.78941,0.78961,1.34,1.74
2014.11.24 04:03:05.430,0.78941,0.78961,1.34,1.76
2014.11.24 04:03:06.066,0.78941,0.78961,1.34,1.71
2014.11.24 04:03:15.651,0.78943,0.78962,2.70,1.69
2014.11.24 04:03:16.160,0.78946,0.78962,1.17,1.19
2014.11.24 04:03:16.772,0.78946,0.78965,1.17,1.46
2014.11.24 04:03:17.282,0.78948,0.78965,1.10,1.36
2014.11.24 04:03:17.806,0.78948,0.78966,1.10,1.34
2014.11.24 04:03:18.179,0.78948,0.78966,1.10,1.34
2014.11.24 04:03:18.855,0.78948,0.78966,1.07,1.84
2014.11.24 04:03:24.980,0.78946,0.78966,1.34,2.96
2014.11.24 04:03:25.284,0.78948,0.78966,1.15,1.76
2014.11.24 04:03:25.689,0.78947,0.78965,1.40,1.46
2014.11.24 04:03:25.791,0.78946,0.78964,1.10,1.71
2014.11.24 04:03:25.994,0.78948,0.78965,1.10,1.84
2014.11.24 04:03:26.530,0.78946,0.78964,1.17,1.46
2014.11.24 04:03:26.836,0.78944,0.78962,1.65,1.31
2014.11.24 04:03:27.528,0.78948,0.78963,1.00,1.29
2014.11.24 04:03:27.680,0.78945,0.78963,1.10,1.71
2014.11.24 04:03:27.782,0.78941,0.78961,2.59,1.40
2014.11.24 04:03:28.288,0.7894,0.7896,2.21,1.84
2014.11.24 04:03:28.812,0.7894,0.7896,2.21,1.84
2014.11.24 04:03:29.375,0.7894,0.7896,2.21,1.09
2014.11.24 04:03:30.989,0.78941,0.7896,1.34,1.84
2014.11.24 04:03:35.038,0.7894,0.7896,2.21,1.09
2014.11.24 04:03:37.018,0.78941,0.7896,1.34,1.84
2014.11.24 04:03:38.059,0.7894,0.7896,1.46,1.36
2014.11.24 04:03:40.016,0.7894,0.7896,2.21,1.84
2014.11.24 04:03:45.056,0.7894,0.7896,1.46,1.36
2014.11.24 04:03:48.299,0.7894,0.7896,1.36,1.46
2014.11.24 04:03:50.302,0.7894,0.7896,1.40,2.21
2014.11.24 04:03:59.727,0.7894,0.7896,2.21,1.36
2014.11.24 04:04:00.034,0.7894,0.7896,2.21,1.34
2014.11.24 04:04:10.362,0.78939,0.78959,1.84,1.40
2014.11.24 04:04:11.130,0.78938,0.78957,1.84,1.15
2014.11.24 04:04:11.435,0.78935,0.78954,1.69,4.39
2014.11.24 04:04:11.536,0.78933,0.78951,1.19,1.15
2014.11.24 04:04:11.739,0.78931,0.78947,1.69,2.32
2014.11.24 04:04:11.942,0.78927,0.78946,1.25,3.64
2014.11.24 04:04:12.809,0.78926,0.78944,1.00,1.46
2014.11.24 04:04:14.838,0.78926,0.78943,1.00,3.64
2014.11.24 04:04:15.351,0.78923,0.78943,1.69,4.39
2014.11.24 04:04:15.820,0.78923,0.78943,1.01,2.21
2014.11.24 04:04:16.612,0.78923,0.78943,1.25,4.39
2014.11.24 04:04:20.250,0.78923,0.78943,1.84,2.21
2014.11.24 04:04:21.342,0.78923,0.78942,1.01,2.89
2014.11.24 04:04:21.646,0.78921,0.78941,2.21,1.40
2014.11.24 04:04:22.152,0.78924,0.78942,1.10,1.34
2014.11.24 04:04:22.456,0.78925,0.78942,1.00,1.34
2014.11.24 04:04:25.178,0.78926,0.78943,1.09,1.10
2014.11.24 04:04:25.456,0.78928,0.78945,1.17,1.29
2014.11.24 04:04:25.761,0.78929,0.78945,4.39,1.00
2014.11.24 04:04:25.863,0.78934,0.78948,1.01,1.00
2014.11.24 04:04:25.914,0.78934,0.7895,1.01,1.10
2014.11.24 04:04:25.965,0.78935,0.78952,1.17,1.76
2014.11.24 04:04:26.675,0.78936,0.78953,1.00,1.34
2014.11.24 04:04:27.273,0.78936,0.78954,1.01,2.21
2014.11.24 04:04:28.200,0.78936,0.78954,1.29,1.46
2014.11.24 04:04:28.888,0.78936,0.78955,1.46,1.36
2014.11.24 04:04:29.426,0.78936,0.78956,1.46,1.34
2014.11.24 04:04:43.200,0.78937,0.78956,1.39,1.84
2014.11.24 04:04:46.208,0.78935,0.78955,2.21,1.40
2014.11.24 04:04:47.210,0.78936,0.78955,1.34,1.34
2014.11.24 04:04:48.213,0.78935,0.78955,2.21,1.40
2014.11.24 04:04:52.253,0.78936,0.78955,1.34,2.21
2014.11.24 04:04:53.243,0.78935,0.78955,1.84,1.46
2014.11.24 04:05:00.684,0.78935,0.78953,1.34,1.39
2014.11.24 04:05:00.989,0.78928,0.78947,1.69,1.15
2014.11.24 04:05:01.536,0.78928,0.78947,1.76,1.15
2014.11.24 04:05:02.049,0.78928,0.78947,1.29,1.40
2014.11.24 04:05:03.165,0.78928,0.78947,1.36,1.40
2014.11.24 04:05:03.775,0.78928,0.78947,1.39,1.40
2014.11.24 04:05:08.917,0.78928,0.78947,1.84,1.15
2014.11.24 04:05:09.424,0.78928,0.78947,1.76,1.15
2014.11.24 04:05:09.975,0.78928,0.78947,1.29,1.40
2014.11.24 04:05:12.373,0.78928,0.78947,1.19,1.40
2014.11.24 04:05:14.679,0.78928,0.78947,1.29,1.40
2014.11.24 04:05:15.182,0.78928,0.78947,1.19,1.40
2014.11.24 04:05:16.687,0.78928,0.78947,1.36,1.40
2014.11.24 04:05:18.749,0.78928,0.78947,1.39,1.40
2014.11.24 04:05:19.431,0.78928,0.78947,1.36,1.40
2014.11.24 04:05:30.421,0.7893,0.78947,1.00,1.40
2014.11.24 04:05:30.472,0.7893,0.78947,1.07,1.40
2014.11.24 04:05:30.877,0.78932,0.78951,1.36,1.09
2014.11.24 04:05:31.223,0.78934,0.78953,1.15,1.76
2014.11.24 04:05:31.886,0.78934,0.78953,1.40,1.29
2014.11.24 04:05:36.980,0.78934,0.78953,1.34,1.01
2014.11.24 04:05:40.014,0.78934,0.78953,1.40,1.29
2014.11.24 04:05:43.988,0.78934,0.78953,1.15,1.76
2014.11.24 04:05:45.498,0.78934,0.78953,1.84,1.01
2014.11.24 04:05:51.505,0.78934,0.78953,1.40,1.29
2014.11.24 04:05:52.113,0.78934,0.78953,1.40,1.36
2014.11.24 04:05:52.651,0.78934,0.78953,1.09,1.34
2014.11.24 04:06:12.896,0.78933,0.78952,1.40,1.46
2014.11.24 04:06:35.867,0.78931,0.7895,1.34,1.46
2014.11.24 04:06:35.919,0.78931,0.7895,1.36,1.77
2014.11.24 04:06:36.020,0.7893,0.78948,1.29,1.52
2014.11.24 04:06:36.911,0.78929,0.78948,1.76,1.71
2014.11.24 04:06:42.930,0.78929,0.78948,1.76,1.84
2014.11.24 04:06:43.083,0.78926,0.78945,1.01,1.71
2014.11.24 04:06:43.236,0.78923,0.78942,1.19,1.46
2014.11.24 04:06:43.540,0.78921,0.7894,1.69,3.64
2014.11.24 04:06:43.946,0.7892,0.78939,2.21,1.46
2014.11.24 04:06:44.199,0.78921,0.7894,1.46,1.39
2014.11.24 04:06:44.250,0.78921,0.7894,1.46,1.39
2014.11.24 04:06:44.763,0.78922,0.78941,1.40,1.74
2014.11.24 04:06:45.414,0.78922,0.78941,1.40,1.46
2014.11.24 04:06:45.935,0.78922,0.78941,1.09,1.46
2014.11.24 04:06:48.853,0.78922,0.78941,1.09,1.46
2014.11.24 04:06:49.450,0.78922,0.78941,1.09,1.46
2014.11.24 04:06:50.342,0.78921,0.7894,1.36,1.40
2014.11.24 04:06:52.251,0.78921,0.7894,1.34,1.09
2014.11.24 04:06:53.015,0.78921,0.7894,1.36,1.40
2014.11.24 04:06:55.570,0.78921,0.7894,1.84,1.84
2014.11.24 04:06:56.224,0.78921,0.7894,1.84,1.84
2014.11.24 04:06:56.734,0.78921,0.7894,1.40,1.36
2014.11.24 04:06:57.350,0.78921,0.7894,1.09,1.34
2014.11.24 04:06:58.827,0.78921,0.7894,1.09,1.34
2014.11.24 04:06:59.030,0.78921,0.7894,1.09,1.34
2014.11.24 04:07:00.658,0.78921,0.7894,1.40,1.36
2014.11.24 04:07:01.169,0.78921,0.7894,1.40,1.36
2014.11.24 04:07:01.688,0.78923,0.7894,1.01,1.36
2014.11.24 04:07:02.207,0.78923,0.7894,1.09,1.29
2014.11.24 04:07:02.722,0.78923,0.7894,1.01,1.36
2014.11.24 04:07:06.264,0.78923,0.7894,1.09,1.29
2014.11.24 04:07:06.783,0.78923,0.7894,1.10,1.09
2014.11.24 04:07:07.288,0.78923,0.7894,1.17,1.01
2014.11.24 04:07:07.491,0.78923,0.7894,1.17,1.40
2014.11.24 04:07:07.879,0.78923,0.7894,1.17,1.01
2014.11.24 04:07:08.611,0.78923,0.7894,1.10,1.09
2014.11.24 04:07:11.982,0.78922,0.78939,1.01,1.17
2014.11.24 04:07:12.235,0.78922,0.78939,1.40,1.10
2014.11.24 04:07:12.539,0.78922,0.78939,1.40,1.17
2014.11.24 04:07:12.590,0.78922,0.78939,1.40,1.20
2014.11.24 04:07:13.199,0.78922,0.78939,1.09,1.15
2014.11.24 04:07:14.885,0.78922,0.78939,1.09,1.10
2014.11.24 04:07:15.391,0.78922,0.78941,1.46,1.46
2014.11.24 04:07:15.896,0.78922,0.78941,1.46,1.46
2014.11.24 04:07:17.193,0.78922,0.78941,1.46,1.46
2014.11.24 04:07:26.782,0.78922,0.78941,1.46,1.46
2014.11.24 04:07:27.290,0.78921,0.7894,1.84,1.27
2014.11.24 04:07:27.796,0.78921,0.7894,1.84,1.34
2014.11.24 04:07:28.302,0.78921,0.7894,1.84,1.36
2014.11.24 04:07:37.814,0.78921,0.7894,1.09,1.34
2014.11.24 04:07:37.916,0.7892,0.78939,1.39,1.46
2014.11.24 04:07:38.429,0.7892,0.78939,1.36,1.46
2014.11.24 04:07:44.713,0.7892,0.78939,1.01,1.46
2014.11.24 04:07:46.537,0.7892,0.78939,1.40,1.46
2014.11.24 04:07:49.849,0.7892,0.78939,1.09,2.21
2014.11.24 04:07:49.950,0.7892,0.78939,1.01,2.21
2014.11.24 04:08:01.055,0.78919,0.78938,1.25,1.71
2014.11.24 04:08:01.365,0.78918,0.78937,1.29,3.64
2014.11.24 04:08:02.325,0.78915,0.78934,2.14,1.46
2014.11.24 04:08:03.168,0.78915,0.78933,1.36,1.46
2014.11.24 04:08:03.320,0.78914,0.78933,1.46,1.46
2014.11.24 04:08:03.866,0.78914,0.78933,1.46,1.46
2014.11.24 04:08:04.411,0.78914,0.78933,1.46,1.46
2014.11.24 04:08:19.678,0.78914,0.78933,1.46,1.46
2014.11.24 04:08:20.274,0.78914,0.78933,1.46,1.46
2014.11.24 04:08:22.435,0.78914,0.78933,2.21,1.46
2014.11.24 04:08:24.681,0.78914,0.78933,2.21,1.34
2014.11.24 04:08:30.993,0.78915,0.78934,1.39,1.34
2014.11.24 04:08:32.404,0.78915,0.78934,1.40,1.84
2014.11.24 04:08:32.760,0.78916,0.78934,1.46,1.19
2014.11.24 04:08:33.763,0.78919,0.78937,1.17,1.46
2014.11.24 04:08:34.406,0.78919,0.78937,1.00,1.46
2014.11.24 04:08:34.918,0.78919,0.78937,1.20,1.46
2014.11.24 04:08:38.202,0.78921,0.78937,1.00,1.34
2014.11.24 04:08:39.411,0.78921,0.78938,1.10,1.84
2014.11.24 04:08:40.504,0.78921,0.78938,1.10,1.84
2014.11.24 04:08:42.021,0.78921,0.78938,1.07,1.84
2014.11.24 04:08:43.430,0.78921,0.78938,1.25,1.84
2014.11.24 04:08:48.602,0.78921,0.78938,1.09,1.34
2014.11.24 04:08:49.721,0.78921,0.78938,1.32,1.36
2014.11.24 04:08:52.021,0.78921,0.78938,1.25,1.34
2014.11.24 04:08:52.528,0.78921,0.78938,1.01,1.36
2014.11.24 04:08:56.628,0.78921,0.78938,1.25,1.46
2014.11.24 04:08:57.134,0.78919,0.78935,1.19,1.15
2014.11.24 04:08:57.823,0.78918,0.78935,1.00,1.34
2014.11.24 04:08:58.617,0.78918,0.78935,1.10,1.36
2014.11.24 04:09:11.302,0.78918,0.78935,1.10,1.34
2014.11.24 04:09:16.739,0.78918,0.78935,1.10,1.17
2014.11.24 04:09:32.991,0.78918,0.78934,1.10,1.29
2014.11.24 04:09:34.302,0.78916,0.78934,1.07,1.46
2014.11.24 04:09:48.583,0.78916,0.78935,1.07,2.21
2014.11.24 04:09:49.107,0.78916,0.78935,1.84,1.46
2014.11.24 04:09:50.892,0.78916,0.78935,1.09,1.46
2014.11.24 04:09:51.400,0.78916,0.78935,1.09,1.46
2014.11.24 04:09:59.384,0.78916,0.78935,1.17,2.21
2014.11.24 04:09:59.920,0.78916,0.78935,1.34,2.14
2014.11.24 04:10:21.845,0.78916,0.78935,1.36,2.21
2014.11.24 04:10:28.847,0.78916,0.78934,1.09,1.36
2014.11.24 04:10:32.870,0.78916,0.78934,1.17,1.36
2014.11.24 04:10:53.881,0.78915,0.78936,1.76,2.89
2014.11.24 04:10:54.135,0.78914,0.78932,1.00,1.46
2014.11.24 04:10:54.191,0.78914,0.78931,1.00,2.51
2014.11.24 04:10:54.445,0.78912,0.78929,1.01,1.46
2014.11.24 04:11:27.025,0.7891,0.78929,1.46,1.46
2014.11.24 04:11:27.587,0.78908,0.78927,1.84,1.17
2014.11.24 04:11:27.841,0.78912,0.7893,1.07,1.34
2014.11.24 04:11:29.040,0.78912,0.78931,1.09,1.46
2014.11.24 04:11:32.069,0.7891,0.78929,2.21,1.29
2014.11.24 04:11:48.876,0.7891,0.78929,2.21,1.34
2014.11.24 04:12:09.873,0.7891,0.78929,1.46,1.34
2014.11.24 04:12:17.068,0.7891,0.78928,1.25,1.71
2014.11.24 04:12:17.984,0.78907,0.78926,2.21,1.25
2014.11.24 04:12:19.853,0.78908,0.78927,1.77,1.29
2014.11.24 04:12:20.362,0.78907,0.78926,2.21,1.32
2014.11.24 04:12:25.152,0.78907,0.78927,3.94,1.26
2014.11.24 04:12:25.658,0.78908,0.78928,2.74,1.19
2014.11.24 04:12:26.021,0.78908,0.78927,1.00,1.34
2014.11.24 04:12:32.478,0.78911,0.78929,1.20,1.26
2014.11.24 04:12:32.783,0.78913,0.78929,1.27,1.19
2014.11.24 04:12:32.834,0.78915,0.78932,1.15,1.19
2014.11.24 04:12:33.363,0.78915,0.78933,1.17,1.36
2014.11.24 04:12:34.097,0.78915,0.78934,1.09,1.46
2014.11.24 04:12:37.695,0.78915,0.78934,1.01,1.46
2014.11.24 04:12:38.458,0.78915,0.78932,1.09,1.10
2014.11.24 04:12:40.822,0.78915,0.78932,1.01,1.17
2014.11.24 04:12:44.703,0.78915,0.78932,1.17,1.01
2014.11.24 04:12:45.221,0.78915,0.78932,1.10,1.09
2014.11.24 04:12:48.031,0.78915,0.78932,1.17,1.01
2014.11.24 04:12:48.632,0.78915,0.78932,1.10,1.09
2014.11.24 04:12:49.351,0.78915,0.78932,1.17,1.01
2014.11.24 04:12:52.081,0.78914,0.78931,1.40,1.00
2014.11.24 04:13:05.202,0.7892,0.78931,1.20,1.40
2014.11.24 04:13:05.532,0.78921,0.78931,2.70,0.40
2014.11.24 04:13:05.837,0.78927,0.78931,1.07,0.40
2014.11.24 04:13:06.354,0.78927,0.78931,1.15,0.40
2014.11.24 04:13:08.068,0.78926,0.78931,1.17,0.40
2014.11.24 04:13:08.233,0.78924,0.78931,2.21,0.40
2014.11.24 04:13:08.334,0.78921,0.78931,2.96,0.40
2014.11.24 04:13:09.298,0.78918,0.78931,1.46,0.40
2014.11.24 04:13:15.955,0.78919,0.78931,1.34,0.40
2014.11.24 04:13:16.484,0.78919,0.78931,1.34,0.40
2014.11.24 04:13:16.586,0.7892,0.78931,1.77,0.40
2014.11.24 04:13:16.891,0.78923,0.78931,1.27,0.40
2014.11.24 04:13:18.181,0.78923,0.78931,3.45,0.40
2014.11.24 04:13:20.448,0.78925,0.78931,1.15,0.40
2014.11.24 04:13:20.651,0.78925,0.78931,1.40,0.40
2014.11.24 04:13:26.051,0.78924,0.78931,2.70,0.40
2014.11.24 04:13:26.357,0.7893,0.78931,2.17,0.40
2014.11.24 04:13:26.509,0.78933,0.78947,2.70,1.00
2014.11.24 04:13:26.560,0.78933,0.78949,2.70,1.69
2014.11.24 04:13:26.915,0.78938,0.78954,1.10,1.84
2014.11.24 04:13:27.836,0.78938,0.78955,1.10,2.21
2014.11.24 04:13:28.386,0.78938,0.78955,1.00,2.21
2014.11.24 04:13:28.488,0.78936,0.78953,1.00,1.46
2014.11.24 04:13:28.742,0.78934,0.78951,1.00,2.21
2014.11.24 04:13:28.793,0.78932,0.78949,1.10,1.09
2014.11.24 04:13:29.202,0.78932,0.78947,1.00,1.07
2014.11.24 04:13:29.680,0.78929,0.78946,1.17,1.76
2014.11.24 04:13:30.198,0.7893,0.78946,1.07,1.29
2014.11.24 04:13:30.452,0.78934,0.78949,1.00,1.01
2014.11.24 04:13:30.503,0.78934,0.78949,1.07,1.25
2014.11.24 04:13:30.807,0.78938,0.78951,1.00,1.19
2014.11.24 04:13:31.546,0.78938,0.78954,1.00,2.21
2014.11.24 04:13:33.550,0.78938,0.78953,1.00,1.46
2014.11.24 04:13:34.548,0.78938,0.78954,1.00,1.71
2014.11.24 04:13:39.592,0.78936,0.78953,1.15,1.31
2014.11.24 04:13:40.476,0.78937,0.78954,3.11,1.95
2014.11.24 04:13:40.578,0.78939,0.78954,3.26,1.50
2014.11.24 04:13:40.680,0.78947,0.7896,1.00,1.50
2014.11.24 04:13:40.884,0.78947,0.78963,1.17,1.00
2014.11.24 04:13:40.986,0.78948,0.78965,1.15,1.19
2014.11.24 04:13:41.291,0.78951,0.78966,1.15,1.19
2014.11.24 04:13:41.594,0.78952,0.78969,1.55,1.76
2014.11.24 04:13:41.696,0.78958,0.7897,1.10,1.19
2014.11.24 04:13:42.102,0.78959,0.78974,1.00,1.34
2014.11.24 04:13:42.153,0.78959,0.78974,1.07,1.26
2014.11.24 04:13:42.306,0.78961,0.78978,1.07,1.84
2014.11.24 04:13:42.560,0.78964,0.78979,1.07,1.29
2014.11.24 04:13:42.713,0.78964,0.78981,1.01,1.36
2014.11.24 04:13:42.764,0.78967,0.78982,1.00,1.34
2014.11.24 04:13:43.378,0.78967,0.78982,1.00,1.34
2014.11.24 04:13:43.500,0.78965,0.78982,1.00,4.39
2014.11.24 04:13:44.311,0.78963,0.7898,1.00,1.46
2014.11.24 04:13:44.827,0.78963,0.78978,1.00,1.46
2014.11.24 04:13:45.133,0.78961,0.78976,1.00,1.52
2014.11.24 04:13:45.337,0.78959,0.78976,1.00,2.96
2014.11.24 04:13:45.507,0.78959,0.78975,1.00,2.89
2014.11.24 04:13:46.044,0.78959,0.78975,1.00,1.46
2014.11.24 04:13:50.540,0.78959,0.78974,1.00,1.34
2014.11.24 04:13:51.116,0.78959,0.78971,1.00,1.00
2014.11.24 04:13:51.660,0.78958,0.78972,1.10,1.25
2014.11.24 04:13:55.110,0.7896,0.78974,1.00,1.39
2014.11.24 04:13:55.620,0.7896,0.78975,1.00,2.21
2014.11.24 04:14:00.632,0.7896,0.78975,1.00,2.21
2014.11.24 04:14:00.937,0.78953,0.78967,1.00,1.27
2014.11.24 04:14:01.394,0.78953,0.78965,1.00,1.17
2014.11.24 04:14:01.922,0.78952,0.78965,1.00,1.15
2014.11.24 04:14:06.849,0.78952,0.78965,1.10,1.25
2014.11.24 04:14:16.685,0.78951,0.78965,1.00,1.20
2014.11.24 04:14:16.889,0.78949,0.78965,1.10,1.20
2014.11.24 04:14:17.193,0.78952,0.78965,1.00,1.10
2014.11.24 04:15:08.999,0.78952,0.78966,1.00,1.25
2014.11.24 04:15:10.829,0.78952,0.78966,1.00,1.40
2014.11.24 04:15:17.301,0.7895,0.78966,1.00,2.21
2014.11.24 04:15:17.402,0.78947,0.78965,1.42,1.46
2014.11.24 04:15:17.706,0.78947,0.78961,1.35,1.17
2014.11.24 04:15:17.994,0.7894,0.78959,2.59,1.52
2014.11.24 04:15:18.046,0.7894,0.78959,1.10,2.21
2014.11.24 04:15:18.199,0.78938,0.78955,1.69,2.02
2014.11.24 04:15:19.129,0.78935,0.78954,1.29,1.40
2014.11.24 04:15:19.671,0.78935,0.78954,1.34,1.40
2014.11.24 04:15:19.880,0.78935,0.78954,1.34,1.40
2014.11.24 04:15:23.653,0.78934,0.78952,1.34,1.57
2014.11.24 04:15:34.349,0.78933,0.78952,2.21,1.65
2014.11.24 04:15:34.854,0.78933,0.78952,2.21,1.57
2014.11.24 04:15:39.226,0.78933,0.78952,2.21,1.57
2014.11.24 04:15:39.530,0.78933,0.7895,1.29,1.17
2014.11.24 04:15:39.986,0.78931,0.78948,1.36,1.10
2014.11.24 04:15:40.529,0.7893,0.78948,1.46,1.00
2014.11.24 04:15:41.170,0.7893,0.78949,2.21,1.10
2014.11.24 04:15:42.034,0.78931,0.78949,1.71,1.29
2014.11.24 04:15:42.491,0.78932,0.7895,1.71,1.00
2014.11.24 04:15:48.769,0.78933,0.7895,1.46,1.00
2014.11.24 04:16:08.108,0.78933,0.7895,3.64,1.00
2014.11.24 04:16:11.922,0.78933,0.7895,1.46,1.00
2014.11.24 04:16:12.466,0.78933,0.7895,3.64,1.00
2014.11.24 04:16:15.001,0.78933,0.7895,1.46,1.00
2014.11.24 04:16:15.547,0.78933,0.7895,3.64,1.00
2014.11.24 04:16:21.385,0.78934,0.78953,1.34,1.69
2014.11.24 04:16:22.410,0.78935,0.78954,2.21,1.01
2014.11.24 04:16:22.512,0.78937,0.78956,1.27,1.76
2014.11.24 04:16:22.715,0.78938,0.78957,1.40,1.69
2014.11.24 04:16:24.383,0.78938,0.78957,1.34,1.69
2014.11.24 04:16:25.078,0.78939,0.78958,1.77,1.29
2014.11.24 04:16:25.129,0.78945,0.78959,1.15,1.00
2014.11.24 04:16:25.433,0.78947,0.78966,1.40,2.14
2014.11.24 04:16:25.535,0.78947,0.78966,1.46,1.39
2014.11.24 04:16:26.296,0.78947,0.78966,2.21,1.20
2014.11.24 04:16:45.790,0.78948,0.78966,1.46,1.00
2014.11.24 04:16:57.490,0.78947,0.78966,2.21,1.19
2014.11.24 04:16:57.957,0.78949,0.78967,3.64,1.19
2014.11.24 04:16:58.008,0.78949,0.78968,4.39,1.01
2014.11.24 04:16:58.666,0.7895,0.78969,1.40,1.29
2014.11.24 04:16:59.321,0.7895,0.78969,1.84,1.01
2014.11.24 04:17:00.673,0.7895,0.78969,1.34,1.32
2014.11.24 04:17:00.775,0.7895,0.78969,1.34,1.09
2014.11.24 04:17:13.993,0.78952,0.78971,1.36,2.21
2014.11.24 04:17:15.028,0.78952,0.78971,1.34,1.09
2014.11.24 04:17:40.244,0.78952,0.78971,1.34,1.09
2014.11.24 04:17:40.547,0.78952,0.78971,1.34,1.09
2014.11.24 04:17:41.200,0.78952,0.78971,1.34,1.09
2014.11.24 04:17:42.454,0.7895,0.78968,1.46,1.07
2014.11.24 04:17:42.709,0.78947,0.78965,1.84,1.09
2014.11.24 04:17:43.722,0.78946,0.78964,1.71,1.01
2014.11.24 04:17:44.737,0.78947,0.78964,1.46,1.10
2014.11.24 04:17:56.541,0.78945,0.78964,1.84,1.01
2014.11.24 04:17:56.846,0.78944,0.78963,1.40,1.31
2014.11.24 04:17:56.998,0.78943,0.78962,1.34,1.46
2014.11.24 04:17:57.125,0.78942,0.78959,1.76,1.17
2014.11.24 04:17:57.429,0.78942,0.78959,1.69,1.27
2014.11.24 04:17:57.970,0.78942,0.78959,1.00,1.46
2014.11.24 04:18:03.206,0.78942,0.78959,1.00,1.46
2014.11.24 04:18:03.505,0.78942,0.78959,1.00,1.46
2014.11.24 04:18:14.131,0.7894,0.78959,1.09,1.71
2014.11.24 04:18:14.638,0.78938,0.78956,1.76,1.15
2014.11.24 04:18:14.790,0.78937,0.78956,1.87,2.59
2014.11.24 04:18:14.943,0.78937,0.78956,1.10,2.96
2014.11.24 04:18:15.470,0.78935,0.78954,1.36,2.59
2014.11.24 04:18:16.211,0.78935,0.78954,1.17,2.59
2014.11.24 04:18:16.719,0.78937,0.78956,1.17,2.59
2014.11.24 04:18:17.339,0.78937,0.78956,1.27,2.89
2014.11.24 04:18:17.594,0.78938,0.78957,3.64,1.25
2014.11.24 04:18:17.797,0.7894,0.78959,4.39,1.19
2014.11.24 04:18:18.329,0.78942,0.7896,1.40,1.29
2014.11.24 04:18:18.710,0.78942,0.78961,1.40,1.36
2014.11.24 04:18:19.701,0.78942,0.78961,1.15,2.21
2014.11.24 04:18:26.745,0.78942,0.78961,1.40,2.21
2014.11.24 04:18:29.725,0.78942,0.78961,1.15,2.21
2014.11.24 04:18:39.871,0.78942,0.7896,1.15,1.29
2014.11.24 04:18:43.881,0.78942,0.78961,1.15,1.27
2014.11.24 04:19:03.158,0.78942,0.78961,1.40,1.36
2014.11.24 04:19:05.478,0.78942,0.78961,1.34,1.46
2014.11.24 04:19:06.201,0.78942,0.78961,1.40,1.26
2014.11.24 04:19:09.999,0.78942,0.78961,1.84,1.84
2014.11.24 04:19:10.537,0.78942,0.78961,1.84,1.84
2014.11.24 04:19:12.979,0.78942,0.78961,1.84,1.84
2014.11.24 04:19:13.942,0.78942,0.78961,1.34,1.09
2014.11.24 04:19:15.513,0.78942,0.78961,1.34,1.09
2014.11.24 04:19:16.791,0.78941,0.7896,1.34,1.09
2014.11.24 04:19:16.994,0.7894,0.78958,1.36,1.20
2014.11.24 04:19:17.399,0.78937,0.78956,1.46,1.39
2014.11.24 04:19:17.703,0.78937,0.78956,1.40,2.21
2014.11.24 04:19:18.243,0.78937,0.78955,1.09,1.84
2014.11.24 04:19:18.294,0.78936,0.78955,1.15,3.71
2014.11.24 04:19:21.284,0.78936,0.78955,1.36,1.40
2014.11.24 04:19:22.099,0.78936,0.78955,1.46,2.21
2014.11.24 04:19:22.606,0.78936,0.78954,1.20,1.34
2014.11.24 04:19:22.914,0.78936,0.78954,1.12,1.34
2014.11.24 04:19:30.488,0.78936,0.78954,1.20,1.84
2014.11.24 04:19:31.188,0.78936,0.78954,1.20,1.34
2014.11.24 04:19:51.451,0.78936,0.78954,1.39,1.36
2014.11.24 04:19:52.456,0.78936,0.78955,1.27,2.96
2014.11.24 04:19:53.458,0.78936,0.78954,1.46,1.26
2014.11.24 04:19:54.644,0.78936,0.78954,1.46,1.29
2014.11.24 04:19:55.465,0.78936,0.78955,1.46,1.39
2014.11.24 04:19:57.963,0.78937,0.78956,1.15,2.14
2014.11.24 04:19:58.267,0.78938,0.78956,3.45,1.19
2014.11.24 04:19:58.369,0.78941,0.78958,1.40,1.29
2014.11.24 04:20:00.963,0.78941,0.78958,1.17,1.01
2014.11.24 04:20:01.474,0.78941,0.78958,1.40,1.00
2014.11.24 04:20:02.238,0.78943,0.78958,2.25,1.00
2014.11.24 04:20:02.492,0.78943,0.78962,6.56,1.50
2014.11.24 04:20:02.543,0.78945,0.78962,2.89,1.00
2014.11.24 04:20:03.050,0.78946,0.78965,1.15,2.14
2014.11.24 04:20:03.588,0.78946,0.78965,1.40,1.66
2014.11.24 04:20:05.457,0.78946,0.78965,1.40,1.56
2014.11.24 04:20:11.488,0.78946,0.78965,1.34,1.76
2014.11.24 04:20:13.041,0.78946,0.78965,1.34,1.76
2014.11.24 04:20:13.584,0.78946,0.78965,1.34,1.69
2014.11.24 04:20:14.125,0.78946,0.78965,1.34,1.76
2014.11.24 04:20:14.692,0.78946,0.78965,1.40,1.29
2014.11.24 04:20:16.530,0.78946,0.78965,1.34,1.01
2014.11.24 04:20:17.330,0.78945,0.78964,1.84,1.20
2014.11.24 04:20:17.381,0.78945,0.78964,1.84,1.27
2014.11.24 04:20:17.698,0.78944,0.78963,1.36,1.40
2014.11.24 04:20:17.904,0.78942,0.78961,1.29,2.21
2014.11.24 04:20:17.955,0.78942,0.78961,1.19,4.39
2014.11.24 04:20:18.463,0.78941,0.78959,1.29,1.46
2014.11.24 04:20:18.624,0.78939,0.78957,1.17,1.74
2014.11.24 04:20:18.675,0.78937,0.78956,1.26,1.46
2014.11.24 04:20:19.192,0.78936,0.78955,1.69,2.02
2014.11.24 04:20:19.813,0.78936,0.78953,1.07,1.36
2014.11.24 04:20:20.874,0.78936,0.78953,1.00,1.34
2014.11.24 04:20:23.843,0.78936,0.78954,1.20,2.21
2014.11.24 04:20:30.470,0.78936,0.78954,1.15,2.21
2014.11.24 04:20:31.484,0.78936,0.78954,1.40,1.46
2014.11.24 04:20:34.936,0.78936,0.78955,1.15,2.96
2014.11.24 04:20:35.984,0.78936,0.78954,1.15,1.46
2014.11.24 04:20:39.594,0.78936,0.78954,1.15,1.39
2014.11.24 04:20:39.976,0.78937,0.78956,1.84,1.71
2014.11.24 04:20:40.028,0.78938,0.78957,1.34,1.76
2014.11.24 04:20:40.080,0.78939,0.78957,1.34,1.10
2014.11.24 04:20:40.131,0.78942,0.78958,1.15,1.00
2014.11.24 04:20:40.436,0.78943,0.78961,1.15,1.76
2014.11.24 04:20:40.944,0.78943,0.78961,1.15,1.26
2014.11.24 04:20:41.455,0.78943,0.78961,1.34,1.26
2014.11.24 04:20:41.708,0.78943,0.78961,1.36,1.36
2014.11.24 04:20:42.216,0.78943,0.78961,1.34,1.29
2014.11.24 04:20:42.725,0.78943,0.78961,1.40,1.29
2014.11.24 04:20:46.500,0.78943,0.78961,1.40,1.34
2014.11.24 04:20:51.011,0.78941,0.7896,1.76,1.46
2014.11.24 04:20:51.348,0.78941,0.78957,1.29,1.17
2014.11.24 04:20:51.604,0.78941,0.78957,1.29,1.10
2014.11.24 04:20:51.655,0.78941,0.78955,1.29,1.00
2014.11.24 04:20:51.915,0.78938,0.78955,1.46,1.00
2014.11.24 04:20:52.220,0.78938,0.78955,1.46,1.00
2014.11.24 04:20:55.099,0.78939,0.78958,1.15,1.84
2014.11.24 04:21:03.479,0.78939,0.78958,1.40,1.74
2014.11.24 04:21:03.530,0.78937,0.78956,1.84,1.47
2014.11.24 04:21:04.037,0.78937,0.78955,1.84,1.27
2014.11.24 04:21:04.415,0.78936,0.78955,1.27,2.21
2014.11.24 04:21:07.278,0.78936,0.78954,1.27,1.36
2014.11.24 04:21:10.237,0.78936,0.78955,1.27,2.96
2014.11.24 04:21:13.288,0.78936,0.78954,1.27,1.36
2014.11.24 04:21:18.259,0.78936,0.78953,1.27,1.29
2014.11.24 04:21:23.437,0.78936,0.78953,1.27,1.19
2014.11.24 04:21:29.383,0.78936,0.78954,1.27,1.29
2014.11.24 04:21:32.557,0.78936,0.78954,1.27,1.76
2014.11.24 04:21:34.434,0.78936,0.78954,1.65,1.76
2014.11.24 04:21:35.437,0.78936,0.78954,1.65,1.76
2014.11.24 04:21:43.418,0.78936,0.78953,1.65,1.19
2014.11.24 04:21:45.422,0.78936,0.78954,1.65,1.29
2014.11.24 04:21:48.458,0.78936,0.78954,1.65,1.29
2014.11.24 04:21:58.459,0.78936,0.78954,1.84,1.36
2014.11.24 04:22:03.624,0.78936,0.78954,1.46,1.36
2014.11.24 04:22:07.030,0.78934,0.78954,1.71,1.76
2014.11.24 04:22:18.652,0.78935,0.78955,1.46,2.59
2014.11.24 04:22:22.525,0.78934,0.78955,1.71,2.59
2014.11.24 04:22:23.134,0.78934,0.78955,1.71,2.59
2014.11.24 04:22:23.647,0.78933,0.78954,3.64,1.29
2014.11.24 04:22:25.626,0.78933,0.78954,3.64,1.29
2014.11.24 04:22:33.662,0.78933,0.78955,1.71,1.84
2014.11.24 04:22:35.661,0.78933,0.78955,3.64,1.84
2014.11.24 04:22:36.674,0.78933,0.78955,1.71,1.84
2014.11.24 04:22:37.577,0.78933,0.78955,3.64,1.84
2014.11.24 04:22:41.822,0.78933,0.7895,3.64,1.00
2014.11.24 04:22:42.075,0.78935,0.78952,1.40,1.50
2014.11.24 04:22:43.604,0.78933,0.78952,1.84,1.50
2014.11.24 04:22:44.785,0.78934,0.78953,1.34,1.09
2014.11.24 04:22:45.699,0.78934,0.78953,1.34,1.84
2014.11.24 04:22:53.790,0.78936,0.78952,1.15,1.19
2014.11.24 04:22:55.841,0.78936,0.78952,1.15,1.25
2014.11.24 04:23:01.861,0.78936,0.78954,1.15,1.76
2014.11.24 04:23:02.873,0.78936,0.78954,1.17,1.84
2014.11.24 04:23:05.856,0.78936,0.78953,1.15,1.19
2014.11.24 04:23:12.059,0.78936,0.78953,1.17,1.29
2014.11.24 04:23:12.832,0.78936,0.78953,1.15,1.19
2014.11.24 04:23:13.557,0.78936,0.78954,1.15,2.51
2014.11.24 04:23:16.854,0.78936,0.78954,1.15,2.51
2014.11.24 04:23:19.548,0.78936,0.78954,1.17,2.59
2014.11.24 04:23:20.055,0.78936,0.78954,1.15,2.51
2014.11.24 04:23:20.862,0.78936,0.78954,1.15,2.51
2014.11.24 04:23:25.875,0.78936,0.78953,1.15,1.19
2014.11.24 04:23:29.905,0.78936,0.78954,1.15,2.59
2014.11.24 04:23:30.901,0.78936,0.78954,1.15,2.51
2014.11.24 04:23:31.887,0.78936,0.78953,1.15,1.29
2014.11.24 04:23:32.933,0.78936,0.78954,1.15,2.51
2014.11.24 04:23:33.905,0.78936,0.78954,1.17,2.59
2014.11.24 04:23:34.808,0.78936,0.78954,1.15,2.51
2014.11.24 04:23:36.719,0.78936,0.78953,1.15,1.39
2014.11.24 04:23:37.930,0.78936,0.78953,1.15,1.19
2014.11.24 04:23:39.613,0.78936,0.78953,1.17,1.29
2014.11.24 04:23:40.129,0.78936,0.78953,1.15,1.19
2014.11.24 04:23:40.673,0.78936,0.78953,1.17,1.29
2014.11.24 04:23:47.094,0.78936,0.78953,1.17,1.01
2014.11.24 04:24:10.985,0.78933,0.78953,3.64,1.25
2014.11.24 04:24:11.087,0.78938,0.78953,3.00,1.00
2014.11.24 04:24:11.320,0.7894,0.78957,3.26,1.00
2014.11.24 04:24:11.473,0.78944,0.7896,3.07,1.69
2014.11.24 04:24:11.727,0.78945,0.78964,1.40,2.06
2014.11.24 04:24:12.291,0.78946,0.78965,3.45,1.69
2014.11.24 04:24:12.342,0.78946,0.78965,6.56,1.00
2014.11.24 04:24:12.444,0.78949,0.78966,2.32,1.25
2014.11.24 04:24:12.950,0.78949,0.78967,1.27,1.19
2014.11.24 04:24:13.430,0.78949,0.78968,1.34,1.01
2014.11.24 04:24:13.830,0.78948,0.78966,1.34,1.00
2014.11.24 04:24:13.931,0.78948,0.78966,1.34,1.10
2014.11.24 04:24:14.437,0.78948,0.78965,1.34,1.20
2014.11.24 04:24:14.969,0.78947,0.78965,1.40,1.09
2014.11.24 04:24:15.247,0.78947,0.78965,1.09,1.46
2014.11.24 04:24:15.552,0.78945,0.78962,1.19,1.15
2014.11.24 04:24:16.217,0.78943,0.78962,1.84,1.84
2014.11.24 04:24:16.757,0.78943,0.78962,1.84,2.59
2014.11.24 04:24:17.451,0.78943,0.7896,1.10,1.64
2014.11.24 04:24:17.553,0.78941,0.7896,1.31,2.21
2014.11.24 04:24:17.655,0.78941,0.78955,1.00,1.07
2014.11.24 04:24:17.706,0.78937,0.78955,1.46,1.07
2014.11.24 04:24:19.959,0.78937,0.78955,1.09,1.40
2014.11.24 04:24:20.482,0.78937,0.78955,1.09,1.40
2014.11.24 04:24:23.659,0.78936,0.78954,1.15,1.34
2014.11.24 04:24:38.721,0.78936,0.78955,1.15,3.34
2014.11.24 04:24:40.618,0.78936,0.78955,1.10,3.34
2014.11.24 04:24:44.389,0.78936,0.78954,1.00,1.71
2014.11.24 04:24:44.895,0.78934,0.78952,1.17,1.74
2014.11.24 04:24:45.640,0.78934,0.78953,1.17,2.21
2014.11.24 04:25:00.963,0.78934,0.78952,1.09,1.46
2014.11.24 04:25:04.765,0.78934,0.78953,1.09,1.71
2014.11.24 04:25:08.311,0.78934,0.78953,1.40,1.74
2014.11.24 04:25:08.615,0.78934,0.78953,1.09,1.34
2014.11.24 04:25:33.146,0.78934,0.78948,1.09,1.00
2014.11.24 04:25:33.654,0.78934,0.78948,1.40,1.00
2014.11.24 04:25:34.871,0.78934,0.78953,1.40,1.84
2014.11.24 04:25:45.008,0.78933,0.78952,1.46,1.29
2014.11.24 04:25:45.972,0.78932,0.78953,1.71,1.36
2014.11.24 04:25:55.512,0.78932,0.78954,3.64,2.21
2014.11.24 04:25:56.058,0.78933,0.78952,1.46,1.19
2014.11.24 04:25:59.012,0.78932,0.78954,3.64,2.21
2014.11.24 04:26:06.490,0.78932,0.78954,1.34,2.21
2014.11.24 04:26:06.592,0.78933,0.78952,1.26,1.40
2014.11.24 04:26:11.426,0.78933,0.7895,1.10,1.77
2014.11.24 04:26:11.731,0.78931,0.78949,1.29,1.27
2014.11.24 04:26:11.934,0.7893,0.78947,1.36,1.10
2014.11.24 04:26:12.440,0.7893,0.78947,1.29,1.17
2014.11.24 04:26:12.592,0.78928,0.78947,2.21,1.17
2014.11.24 04:26:12.745,0.78928,0.78947,2.21,1.07
2014.11.24 04:26:13.290,0.78928,0.78947,2.21,1.07
2014.11.24 04:26:13.341,0.78928,0.78947,2.21,1.10
2014.11.24 04:26:38.373,0.78933,0.7895,1.07,1.76
2014.11.24 04:26:39.414,0.78933,0.7895,1.40,1.19
2014.11.24 04:26:41.442,0.78933,0.7895,1.40,1.00
2014.11.24 04:27:03.184,0.78933,0.7895,3.26,1.00
2014.11.24 04:27:03.236,0.78933,0.78952,3.26,1.31
2014.11.24 04:27:10.315,0.78933,0.78952,4.01,1.39
2014.11.24 04:27:16.300,0.78933,0.78952,3.07,1.39
2014.11.24 04:27:19.423,0.78933,0.78952,1.34,1.25
2014.11.24 04:27:29.528,0.78933,0.78952,3.64,1.12
2014.11.24 04:27:30.029,0.78933,0.78952,1.40,1.37
2014.11.24 04:27:31.722,0.78933,0.78952,3.26,1.62
2014.11.24 04:27:32.281,0.78933,0.78952,1.34,1.62
2014.11.24 04:27:35.889,0.78933,0.78952,1.34,1.25
2014.11.24 04:27:49.075,0.78933,0.78952,1.84,2.06
2014.11.24 04:27:50.197,0.78934,0.78952,1.34,1.00
2014.11.24 04:27:50.350,0.78937,0.78954,1.15,1.09
2014.11.24 04:27:50.755,0.78937,0.78956,1.27,2.06
2014.11.24 04:27:51.262,0.78937,0.78956,1.40,1.26
2014.11.24 04:27:51.785,0.78939,0.78956,1.46,1.00
2014.11.24 04:27:52.091,0.78942,0.78961,1.77,1.19
2014.11.24 04:27:52.890,0.78944,0.78963,1.46,1.46
2014.11.24 04:27:53.625,0.78944,0.78963,1.46,1.19
2014.11.24 04:27:54.391,0.78944,0.78963,1.46,1.25
2014.11.24 04:28:34.960,0.78945,0.78964,1.34,1.09
2014.11.24 04:28:42.315,0.78948,0.78966,1.46,1.00
2014.11.24 04:28:42.822,0.78948,0.78967,2.21,1.00
2014.11.24 04:28:46.296,0.7895,0.78967,1.77,1.00
2014.11.24 04:28:46.448,0.78954,0.78973,2.96,1.69
2014.11.24 04:28:46.581,0.78957,0.78975,1.34,1.19
2014.11.24 04:28:47.580,0.78957,0.78976,2.21,1.10
2014.11.24 04:28:48.099,0.7896,0.78977,1.12,1.25
2014.11.24 04:28:48.505,0.78964,0.78978,2.70,1.00
2014.11.24 04:28:48.657,0.78964,0.7898,2.89,1.00
2014.11.24 04:28:48.708,0.78964,0.78981,1.46,1.00
2014.11.24 04:28:49.377,0.78964,0.78982,1.46,1.00
2014.11.24 04:29:00.043,0.78964,0.78982,1.46,1.10
2014.11.24 04:29:02.005,0.78964,0.78982,1.46,1.00
2014.11.24 04:29:02.595,0.78964,0.78981,1.46,1.00
2014.11.24 04:29:04.949,0.78964,0.78981,1.46,1.00
2014.11.24 04:29:07.226,0.78964,0.78981,1.46,1.00
2014.11.24 04:29:07.307,0.78964,0.78981,1.46,1.00
2014.11.24 04:29:07.878,0.78964,0.78981,1.46,1.19
2014.11.24 04:29:10.051,0.78964,0.78981,1.46,1.19
2014.11.24 04:29:10.794,0.78964,0.78981,1.46,1.00
2014.11.24 04:29:19.933,0.78964,0.78981,1.46,1.00
2014.11.24 04:29:20.654,0.78964,0.78981,1.46,1.00
2014.11.24 04:29:22.256,0.78964,0.78981,1.46,1.00
2014.11.24 04:29:32.568,0.78964,0.78981,1.46,1.00
2014.11.24 04:29:33.109,0.78964,0.78983,1.46,2.44
2014.11.24 04:29:42.905,0.78965,0.78983,1.34,1.69
2014.11.24 04:29:43.898,0.78964,0.78983,1.46,1.69
2014.11.24 04:29:45.479,0.78964,0.78982,1.46,1.25
2014.11.24 04:29:46.027,0.78964,0.78981,2.21,1.00
2014.11.24 04:29:50.387,0.78963,0.78981,2.89,1.00
2014.11.24 04:29:51.536,0.78963,0.78979,2.89,1.00
2014.11.24 04:29:52.010,0.78964,0.78979,1.46,1.00
2014.11.24 04:29:52.112,0.78962,0.7898,2.21,1.10
2014.11.24 04:29:52.874,0.78962,0.7898,2.21,1.00
2014.11.24 04:29:53.077,0.78964,0.7898,1.46,1.00
2014.11.24 04:29:53.332,0.78965,0.78982,1.27,1.25
2014.11.24 04:29:53.686,0.78965,0.78982,1.46,1.10
2014.11.24 04:30:01.395,0.78965,0.78982,1.27,1.09
2014.11.24 04:30:01.993,0.78965,0.78982,1.20,1.40
2014.11.24 04:30:03.426,0.78965,0.78982,1.27,1.40
2014.11.24 04:30:04.433,0.78965,0.78982,1.46,1.40
2014.11.24 04:30:05.351,0.78963,0.7898,1.15,1.19
2014.11.24 04:30:05.656,0.78958,0.78969,1.69,1.00
2014.11.24 04:30:06.213,0.78956,0.78969,1.79,1.10
2014.11.24 04:30:06.715,0.78956,0.78969,1.79,1.10
2014.11.24 04:30:06.817,0.78954,0.78969,1.25,1.17
2014.11.24 04:30:06.918,0.78954,0.78968,1.25,1.15
2014.11.24 04:30:07.079,0.78952,0.78968,1.00,1.46
2014.11.24 04:30:07.181,0.7895,0.78967,1.25,1.15
2014.11.24 04:30:07.443,0.7895,0.78967,1.01,1.17
2014.11.24 04:30:08.120,0.7895,0.78967,1.00,1.84
2014.11.24 04:30:12.471,0.78948,0.78966,1.36,1.55
2014.11.24 04:30:12.522,0.78948,0.78966,1.19,5.62
2014.11.24 04:30:12.623,0.78946,0.78962,1.00,1.15
2014.11.24 04:30:13.131,0.78945,0.7896,1.25,1.10
2014.11.24 04:30:14.212,0.78943,0.7896,1.20,1.39
2014.11.24 04:30:14.516,0.78941,0.78958,1.19,2.70
2014.11.24 04:30:14.668,0.78939,0.78958,1.31,1.84
2014.11.24 04:30:14.965,0.78939,0.78958,1.46,1.84
2014.11.24 04:30:15.631,0.78939,0.78958,2.21,1.34
2014.11.24 04:30:18.743,0.7894,0.78959,1.36,1.84
2014.11.24 04:30:19.292,0.7894,0.78959,1.29,1.84
2014.11.24 04:30:21.738,0.7894,0.78959,1.36,1.84
2014.11.24 04:30:22.272,0.7894,0.78959,1.39,1.84
2014.11.24 04:30:22.374,0.78939,0.78951,1.34,1.00
2014.11.24 04:30:22.476,0.78936,0.78951,1.36,1.00
2014.11.24 04:30:22.590,0.78937,0.78956,1.29,1.46
2014.11.24 04:30:22.641,0.78937,0.78956,1.66,1.40
2014.11.24 04:30:22.793,0.78942,0.78959,1.34,1.25
2014.11.24 04:30:24.983,0.78945,0.7896,1.25,1.10
2014.11.24 04:30:42.850,0.78945,0.78952,1.00,1.00
2014.11.24 04:30:42.901,0.78941,0.78952,2.14,1.00
2014.11.24 04:30:43.003,0.78937,0.78952,3.71,1.00
2014.11.24 04:30:43.408,0.7894,0.78957,1.10,1.84
2014.11.24 04:30:43.713,0.78941,0.78958,1.15,1.29
2014.11.24 04:30:44.031,0.78941,0.78958,1.17,1.29
2014.11.24 04:30:44.675,0.78942,0.78958,1.36,1.10
2014.11.24 04:30:44.726,0.78942,0.78958,1.71,1.00
2014.11.24 04:30:44.930,0.78945,0.78962,1.17,1.29
2014.11.24 04:30:45.440,0.78945,0.78963,1.27,1.29
2014.11.24 04:30:46.030,0.78945,0.78963,1.46,1.10
2014.11.24 04:30:50.530,0.78945,0.78963,1.36,1.07
2014.11.24 04:30:51.034,0.78945,0.78961,1.10,1.10
2014.11.24 04:30:52.752,0.78945,0.78961,1.10,1.07
2014.11.24 04:30:59.240,0.78945,0.78961,1.01,1.09
2014.11.24 04:30:59.741,0.78944,0.78961,1.36,1.32
2014.11.24 04:31:06.646,0.78944,0.78961,1.36,1.40
2014.11.24 04:31:07.052,0.78946,0.78961,1.17,1.25
2014.11.24 04:31:07.154,0.78946,0.78964,2.21,1.00
2014.11.24 04:31:07.278,0.78948,0.78964,2.89,1.00
2014.11.24 04:31:07.381,0.7895,0.78967,1.77,1.00
2014.11.24 04:31:07.889,0.78954,0.78967,1.00,1.00
2014.11.24 04:31:07.991,0.78954,0.78967,1.39,1.00
2014.11.24 04:31:08.584,0.78954,0.78968,1.46,1.00
2014.11.24 04:31:08.788,0.78952,0.78968,2.21,1.00
2014.11.24 04:31:08.940,0.78952,0.78968,1.26,1.07
2014.11.24 04:31:09.498,0.78952,0.78968,1.36,1.10
2014.11.24 04:31:10.314,0.78956,0.78968,1.37,1.10
2014.11.24 04:31:10.618,0.78956,0.78968,2.40,1.00
2014.11.24 04:31:10.878,0.78957,0.7897,1.84,1.00
2014.11.24 04:31:11.398,0.78957,0.78971,1.84,1.00
2014.11.24 04:31:11.632,0.78955,0.78971,1.36,1.00
2014.11.24 04:31:11.885,0.78955,0.78967,1.19,1.00
2014.11.24 04:31:12.645,0.78953,0.78967,1.00,1.00
2014.11.24 04:31:13.150,0.7895,0.78967,1.76,1.17
2014.11.24 04:31:13.682,0.7895,0.78967,1.26,1.20
2014.11.24 04:31:13.986,0.78956,0.78967,1.20,1.00
2014.11.24 04:31:14.392,0.78958,0.7897,1.15,1.00
2014.11.24 04:31:14.904,0.78958,0.78971,1.15,1.00
2014.11.24 04:31:15.258,0.78957,0.78972,1.01,1.10
2014.11.24 04:31:16.076,0.78955,0.78971,1.07,1.07
2014.11.24 04:31:16.127,0.78953,0.7897,1.19,1.65
2014.11.24 04:31:16.178,0.78953,0.78964,1.19,1.00
2014.11.24 04:31:16.280,0.78949,0.78964,1.76,1.00
2014.11.24 04:31:16.483,0.7895,0.78969,1.61,3.71
2014.11.24 04:31:20.473,0.78951,0.78968,1.32,1.29
2014.11.24 04:31:21.602,0.78955,0.78968,1.10,1.00
2014.11.24 04:31:23.270,0.78955,0.78968,1.07,1.00
2014.11.24 04:31:25.630,0.78955,0.7897,1.15,1.00
2014.11.24 04:31:26.390,0.78955,0.7897,1.17,1.00
2014.11.24 04:31:27.024,0.78955,0.7897,1.00,1.10
2014.11.24 04:31:43.424,0.78956,0.7897,1.07,1.00
2014.11.24 04:31:45.354,0.78956,0.7897,1.15,1.00
2014.11.24 04:31:49.177,0.78956,0.78969,1.15,1.00
2014.11.24 04:31:49.948,0.78956,0.78969,1.17,1.00
2014.11.24 04:31:50.484,0.78956,0.78969,1.10,1.00
2014.11.24 04:31:52.478,0.78956,0.78969,1.17,1.00
2014.11.24 04:31:52.681,0.78956,0.78973,1.46,1.19
2014.11.24 04:31:52.732,0.78956,0.78973,3.64,1.19
2014.11.24 04:31:53.036,0.78963,0.78976,2.32,1.00
2014.11.24 04:31:53.137,0.78963,0.7898,1.34,1.12
2014.11.24 04:31:53.239,0.78966,0.78981,2.70,1.25
2014.11.24 04:31:53.762,0.78967,0.78982,1.15,1.19
2014.11.24 04:31:53.914,0.78968,0.78987,1.40,1.84
2014.11.24 04:31:54.507,0.78968,0.78987,1.32,1.84
2014.11.24 04:31:54.761,0.78966,0.78983,1.76,1.17
2014.11.24 04:31:55.270,0.78967,0.78985,1.10,1.34
2014.11.24 04:31:55.882,0.78967,0.78985,1.29,1.15
2014.11.24 04:31:56.412,0.78967,0.78985,1.26,1.15
2014.11.24 04:31:59.689,0.78964,0.78981,1.32,1.47
2014.11.24 04:31:59.994,0.78961,0.78974,1.00,1.46
2014.11.24 04:32:00.045,0.78957,0.78973,1.29,1.20
2014.11.24 04:32:00.097,0.78954,0.78973,1.57,2.96
2014.11.24 04:32:00.199,0.78953,0.78971,1.01,1.40
2014.11.24 04:32:00.451,0.78951,0.78968,2.59,1.07
2014.11.24 04:32:00.975,0.78951,0.78968,1.84,1.00
2014.11.24 04:32:05.298,0.78951,0.78968,1.09,1.10
2014.11.24 04:32:11.699,0.78952,0.78968,1.17,1.00
2014.11.24 04:32:14.909,0.78951,0.78969,2.21,1.10
2014.11.24 04:32:26.149,0.78951,0.7897,1.36,1.84
2014.11.24 04:32:26.455,0.78951,0.7897,1.34,1.69
2014.11.24 04:32:31.922,0.78952,0.7897,3.26,1.25
2014.11.24 04:32:32.379,0.78954,0.78973,1.46,2.17
2014.11.24 04:32:35.473,0.78953,0.78972,2.21,2.10
2014.11.24 04:32:43.075,0.78953,0.78972,4.39,1.35
2014.11.24 04:32:43.491,0.78955,0.78974,1.34,1.76
2014.11.24 04:32:45.510,0.78955,0.78974,1.40,1.29
2014.11.24 04:32:46.495,0.78955,0.78974,1.34,1.01
2014.11.24 04:32:49.136,0.78955,0.78974,1.34,1.09
2014.11.24 04:32:49.644,0.78955,0.78974,1.40,1.34
2014.11.24 04:32:59.283,0.78955,0.78974,1.34,1.01
2014.11.24 04:32:59.796,0.78955,0.78974,1.34,1.40
2014.11.24 04:33:00.325,0.78955,0.78974,1.34,1.01
2014.11.24 04:33:26.633,0.78955,0.78974,1.40,1.29
2014.11.24 04:33:30.787,0.78955,0.78974,1.40,1.19
2014.11.24 04:33:31.586,0.78955,0.78974,5.44,1.19
2014.11.24 04:33:32.417,0.78955,0.78974,1.40,1.19
2014.11.24 04:33:38.485,0.78955,0.78974,3.26,1.19
2014.11.24 04:33:38.991,0.78955,0.78974,3.26,1.25
2014.11.24 04:33:41.464,0.78955,0.78974,1.34,1.25
2014.11.24 04:33:50.794,0.78954,0.78975,2.51,1.66
2014.11.24 04:33:57.776,0.78954,0.78976,3.26,2.21
2014.11.24 04:33:59.807,0.78954,0.78975,2.51,2.14
2014.11.24 04:34:08.817,0.78954,0.78975,3.26,2.14
2014.11.24 04:34:09.809,0.78954,0.78975,2.51,2.14
2014.11.24 04:35:11.784,0.78953,0.78973,1.91,1.25
2014.11.24 04:35:12.444,0.78954,0.78973,1.19,1.00
2014.11.24 04:35:13.037,0.78954,0.78973,3.19,1.00
2014.11.24 04:35:16.221,0.78954,0.78976,5.81,1.71
2014.11.24 04:35:17.409,0.78955,0.78976,1.34,1.71
2014.11.24 04:35:18.189,0.78954,0.78976,5.81,1.71
2014.11.24 04:35:21.214,0.78955,0.78977,1.34,2.96
2014.11.24 04:35:23.199,0.78955,0.78974,1.34,1.19
2014.11.24 04:35:26.228,0.78954,0.78975,5.06,1.46
2014.11.24 04:35:27.209,0.78955,0.78976,1.34,2.21
2014.11.24 04:35:31.236,0.78954,0.78976,6.19,2.21
2014.11.24 04:35:36.246,0.78955,0.78975,1.71,1.46
2014.11.24 04:35:41.252,0.78954,0.78975,6.19,1.46
2014.11.24 04:35:46.309,0.78956,0.78975,1.71,1.27
2014.11.24 04:35:46.561,0.78961,0.78975,2.17,1.12
2014.11.24 04:35:46.865,0.78967,0.78983,1.46,1.00
2014.11.24 04:35:47.068,0.78968,0.78985,1.47,1.09
2014.11.24 04:35:47.587,0.78969,0.78988,1.46,1.84
2014.11.24 04:35:51.476,0.78969,0.78988,1.71,1.01
2014.11.24 04:35:51.578,0.78972,0.78989,1.52,1.19
2014.11.24 04:35:51.882,0.78974,0.78989,1.52,1.19
2014.11.24 04:35:51.985,0.78974,0.7899,1.77,1.00
2014.11.24 04:35:58.132,0.78974,0.78992,1.55,1.36
2014.11.24 04:36:03.305,0.78974,0.78992,1.84,1.25
2014.11.24 04:36:09.134,0.78974,0.78991,1.84,1.00
2014.11.24 04:36:09.663,0.78974,0.78991,1.84,1.00
2014.11.24 04:36:17.087,0.78975,0.78993,1.52,1.19
2014.11.24 04:36:17.608,0.78977,0.78993,1.52,1.19
2014.11.24 04:36:18.144,0.78977,0.78993,1.77,1.00
2014.11.24 04:36:20.365,0.78977,0.78992,1.77,1.00
2014.11.24 04:36:29.583,0.78977,0.78993,2.21,1.00
2014.11.24 04:36:29.815,0.78977,0.78996,2.21,2.51
2014.11.24 04:36:29.916,0.78978,0.78996,1.34,2.44
2014.11.24 04:36:30.170,0.7898,0.78999,1.52,2.59
2014.11.24 04:36:31.137,0.7898,0.78999,1.77,1.84
2014.11.24 04:36:33.215,0.7898,0.78999,1.71,2.59
2014.11.24 04:36:34.121,0.7898,0.78999,1.77,1.84
2014.11.24 04:36:42.478,0.78982,0.78999,1.27,1.26
2014.11.24 04:36:42.832,0.78982,0.79,1.27,1.76
2014.11.24 04:36:43.355,0.78982,0.79001,1.27,2.96
2014.11.24 04:36:43.877,0.78982,0.79001,1.27,2.96
2014.11.24 04:36:44.385,0.78982,0.79001,1.27,2.96
2014.11.24 04:36:45.016,0.78982,0.79001,1.27,2.96
2014.11.24 04:36:45.607,0.78982,0.79001,1.46,2.21
2014.11.24 04:36:45.940,0.78982,0.79001,1.46,2.21
2014.11.24 04:36:54.513,0.78984,0.79001,1.17,3.26
2014.11.24 04:36:54.818,0.78985,0.79001,1.27,1.69
2014.11.24 04:36:55.454,0.78985,0.79001,1.77,1.00
2014.11.24 04:37:02.362,0.78984,0.79002,2.06,1.09
2014.11.24 04:37:03.818,0.78984,0.79001,2.06,1.00
2014.11.24 04:37:04.482,0.78984,0.79001,2.06,1.19
2014.11.24 04:37:04.583,0.78983,0.79001,1.99,1.36
2014.11.24 04:37:04.888,0.78982,0.79001,2.81,4.39
2014.11.24 04:37:04.939,0.78982,0.78999,2.06,3.45
2014.11.24 04:37:05.091,0.78979,0.78995,1.70,1.07
2014.11.24 04:37:05.901,0.78978,0.78993,1.84,1.00
2014.11.24 04:37:06.111,0.78978,0.78995,1.84,1.07
2014.11.24 04:37:12.780,0.78978,0.78997,1.84,2.21
2014.11.24 04:37:13.046,0.78978,0.78992,1.09,1.00
2014.11.24 04:37:20.119,0.78978,0.78994,1.15,1.00
2014.11.24 04:37:20.601,0.78978,0.78994,1.84,1.00
2014.11.24 04:37:20.652,0.7898,0.78998,1.90,1.76
2014.11.24 04:37:21.528,0.78981,0.78997,1.09,1.00
2014.11.24 04:37:21.683,0.78981,0.78997,1.09,1.00
2014.11.24 04:37:22.223,0.78982,0.78997,1.27,1.00
2014.11.24 04:37:22.788,0.78982,0.78997,1.46,1.00
2014.11.24 04:37:25.680,0.78982,0.78997,1.46,1.00
2014.11.24 04:37:26.295,0.78982,0.78996,1.46,1.00
2014.11.24 04:37:26.602,0.78982,0.78996,1.46,1.00
2014.11.24 04:37:27.452,0.78982,0.78996,1.46,1.00
2014.11.24 04:37:28.094,0.78982,0.78996,1.46,1.00
2014.11.24 04:37:29.190,0.78982,0.78996,1.27,1.00
2014.11.24 04:37:31.171,0.78982,0.78996,1.15,1.00
2014.11.24 04:37:53.880,0.78982,0.78995,1.36,1.00
2014.11.24 04:37:56.735,0.78982,0.78995,1.09,1.00
2014.11.24 04:37:58.701,0.78982,0.78995,1.15,1.00
2014.11.24 04:37:58.802,0.78982,0.78995,1.09,1.00
2014.11.24 04:38:06.722,0.7898,0.78995,1.36,1.00
2014.11.24 04:38:07.433,0.78979,0.78993,1.29,1.00
2014.11.24 04:38:07.838,0.78979,0.78995,1.36,1.50
2014.11.24 04:38:08.369,0.78978,0.78995,2.21,1.50
2014.11.24 04:38:10.600,0.78978,0.78997,2.21,2.21
2014.11.24 04:38:13.575,0.78978,0.78995,1.46,1.00
2014.11.24 04:38:14.081,0.78978,0.78994,1.46,1.00
2014.11.24 04:38:39.625,0.78979,0.78996,1.17,1.01
2014.11.24 04:38:48.810,0.78979,0.78996,1.36,1.10
2014.11.24 04:38:54.189,0.78979,0.78996,1.36,1.07
2014.11.24 04:38:54.480,0.78979,0.78996,1.01,1.17
2014.11.24 04:38:54.549,0.78979,0.78996,1.39,1.17
2014.11.24 04:38:54.853,0.7898,0.78999,3.22,2.21
2014.11.24 04:38:56.191,0.78981,0.78999,1.16,2.21
2014.11.24 04:38:56.700,0.78981,0.78999,2.47,1.71
2014.11.24 04:38:57.328,0.78981,0.78999,2.47,1.71
2014.11.24 04:38:57.730,0.78982,0.79,1.72,2.59
2014.11.24 04:38:57.832,0.78982,0.79,1.57,1.69
2014.11.24 04:38:58.932,0.78983,0.79,1.64,1.09
2014.11.24 04:38:59.440,0.78983,0.79,1.64,1.25
2014.11.24 04:39:00.001,0.78983,0.79,1.64,1.32
2014.11.24 04:39:01.331,0.78983,0.79001,2.06,1.29
2014.11.24 04:39:01.736,0.78983,0.79001,2.06,1.26
2014.11.24 04:39:01.942,0.78983,0.79001,1.15,1.46
2014.11.24 04:39:02.483,0.78983,0.79001,1.22,1.46
2014.11.24 04:39:03.211,0.78983,0.79001,1.22,1.46
2014.11.24 04:39:03.312,0.78983,0.79001,1.12,1.46
2014.11.24 04:39:04.424,0.78983,0.79001,1.25,1.46
2014.11.24 04:39:05.941,0.78982,0.79001,2.06,1.46
2014.11.24 04:39:08.319,0.78982,0.79001,2.81,2.21
2014.11.24 04:39:08.854,0.78982,0.79001,2.81,2.21
2014.11.24 04:39:11.973,0.78982,0.79001,1.72,2.21
2014.11.24 04:39:12.956,0.78982,0.79,1.91,1.34
2014.11.24 04:39:13.927,0.78982,0.79001,1.72,2.21
2014.11.24 04:39:14.879,0.78982,0.79,1.72,1.34
2014.11.24 04:39:19.978,0.78982,0.79001,2.66,2.59
2014.11.24 04:39:20.968,0.78982,0.79001,1.72,2.59
2014.11.24 04:39:22.116,0.78982,0.79001,1.37,2.59
2014.11.24 04:39:22.220,0.78984,0.79001,1.37,2.59
2014.11.24 04:39:23.147,0.78984,0.79001,1.37,1.84
2014.11.24 04:39:23.653,0.78983,0.79,1.62,1.15
2014.11.24 04:39:28.156,0.78983,0.79002,1.37,4.76
2014.11.24 04:39:28.974,0.78983,0.79002,1.37,2.59
2014.11.24 04:39:29.494,0.78984,0.79002,1.37,4.01
2014.11.24 04:39:30.602,0.78984,0.79001,1.12,1.84
2014.11.24 04:39:36.285,0.78984,0.79001,2.06,1.65
2014.11.24 04:39:37.388,0.78984,0.79001,1.12,1.84
2014.11.24 04:39:51.218,0.78984,0.79,1.31,2.32
2014.11.24 04:39:52.169,0.7898,0.78993,1.91,1.00
2014.11.24 04:39:52.524,0.7898,0.78992,1.05,1.15
2014.11.24 04:39:53.117,0.78979,0.78992,1.49,1.15
2014.11.24 04:39:54.024,0.78979,0.78992,1.30,1.15
2014.11.24 04:40:01.618,0.78979,0.78994,2.55,1.07
2014.11.24 04:40:01.669,0.78979,0.78994,2.62,1.00
2014.11.24 04:40:01.720,0.78979,0.78994,2.62,1.00
2014.11.24 04:40:03.622,0.7898,0.78994,1.12,1.00
2014.11.24 04:40:03.673,0.7898,0.78994,1.05,1.00
2014.11.24 04:40:05.370,0.7898,0.78994,2.74,1.00
2014.11.24 04:40:05.421,0.78982,0.78998,1.05,1.26
2014.11.24 04:40:05.675,0.78983,0.79002,1.77,1.34
2014.11.24 04:40:05.726,0.78983,0.79002,1.77,1.26
2014.11.24 04:40:06.367,0.78985,0.79003,1.15,1.34
2014.11.24 04:40:08.074,0.78984,0.79,1.46,1.00
2014.11.24 04:40:10.356,0.78984,0.79,1.39,1.10
2014.11.24 04:40:11.461,0.78984,0.79002,1.46,1.09
2014.11.24 04:40:11.767,0.78987,0.79004,1.07,1.36
2014.11.24 04:40:12.437,0.78988,0.79007,1.39,1.84
2014.11.24 04:40:12.943,0.78988,0.79006,1.71,1.34
2014.11.24 04:40:13.247,0.78987,0.79003,1.76,1.07
2014.11.24 04:40:14.136,0.78986,0.79003,1.46,1.07
2014.11.24 04:40:14.745,0.78985,0.79003,2.21,1.15
2014.11.24 04:40:15.277,0.78985,0.79003,1.77,1.01
2014.11.24 04:40:17.868,0.78986,0.79003,1.31,1.15
2014.11.24 04:40:19.877,0.78986,0.79004,1.39,1.40
2014.11.24 04:40:30.280,0.78985,0.79004,1.19,2.59
2014.11.24 04:40:30.804,0.78985,0.79004,1.29,4.76
2014.11.24 04:40:30.905,0.78985,0.79004,1.29,2.59
2014.11.24 04:40:31.807,0.78985,0.79004,1.31,1.84
2014.11.24 04:40:32.341,0.78985,0.79004,1.01,1.84
2014.11.24 04:40:33.161,0.78985,0.79004,1.29,1.84
2014.11.24 04:40:33.972,0.78985,0.79004,1.19,1.84
2014.11.24 04:40:34.518,0.78985,0.79004,1.01,1.84
2014.11.24 04:40:35.156,0.78984,0.79001,1.46,1.34
2014.11.24 04:40:35.207,0.78984,0.79001,1.25,1.34
2014.11.24 04:40:35.714,0.78984,0.79001,1.25,1.34
2014.11.24 04:40:39.958,0.78982,0.79001,1.99,1.84
2014.11.24 04:40:40.574,0.78982,0.79001,1.91,2.59
2014.11.24 04:40:42.735,0.78982,0.79001,1.66,2.59
2014.11.24 04:40:43.086,0.78982,0.79001,1.66,4.76
2014.11.24 04:40:43.875,0.78982,0.79001,2.14,4.76
2014.11.24 04:40:44.536,0.78982,0.79001,1.39,4.01
2014.11.24 04:40:48.603,0.78982,0.79001,1.39,1.84
2014.11.24 04:40:50.281,0.78982,0.79001,1.39,1.84
2014.11.24 04:40:50.332,0.78982,0.79001,1.39,4.01
2014.11.24 04:41:11.209,0.78981,0.79,1.35,2.21
2014.11.24 04:41:14.838,0.78979,0.78996,2.14,1.07
2014.11.24 04:41:15.142,0.78979,0.78992,1.19,1.10
2014.11.24 04:41:15.968,0.78976,0.78992,3.86,1.10
2014.11.24 04:41:16.622,0.78976,0.7899,3.86,1.00
2014.11.24 04:41:17.128,0.78976,0.7899,1.61,1.00
2014.11.24 04:41:17.992,0.78976,0.7899,2.36,1.00
2014.11.24 04:41:18.931,0.78976,0.78993,2.36,1.17
2014.11.24 04:41:19.741,0.78976,0.78993,1.61,1.17
2014.11.24 04:41:20.748,0.78976,0.78993,1.54,1.17
2014.11.24 04:41:20.900,0.78974,0.78992,1.10,1.71
2014.11.24 04:41:20.951,0.78974,0.78988,1.00,1.07
2014.11.24 04:41:21.002,0.78971,0.78988,1.42,1.40
2014.11.24 04:41:21.054,0.7897,0.78987,1.85,2.32
2014.11.24 04:41:21.105,0.78968,0.78987,1.69,4.39
2014.11.24 04:41:21.258,0.78967,0.78984,1.19,3.07
2014.11.24 04:41:21.308,0.78965,0.78984,1.00,4.39
2014.11.24 04:41:21.359,0.78964,0.78982,1.25,2.89
2014.11.24 04:41:21.664,0.78962,0.78978,1.69,4.50
2014.11.24 04:41:22.139,0.78958,0.78977,1.69,1.15
2014.11.24 04:41:22.661,0.78958,0.78977,2.14,1.15
2014.11.24 04:41:25.128,0.78958,0.78977,2.14,1.40
2014.11.24 04:41:26.082,0.78961,0.78978,1.00,1.34
2014.11.24 04:41:26.183,0.78961,0.78978,1.19,1.40
2014.11.24 04:41:26.285,0.78961,0.78978,1.19,2.51
2014.11.24 04:41:27.114,0.7896,0.78978,2.29,2.51
2014.11.24 04:41:31.627,0.7896,0.78978,2.29,2.51
2014.11.24 04:41:34.723,0.7896,0.78979,2.29,3.64
2014.11.24 04:41:35.588,0.7896,0.78978,2.29,2.51
2014.11.24 04:41:36.116,0.7896,0.78979,2.29,5.81
2014.11.24 04:41:43.008,0.7896,0.78976,2.29,2.32
2014.11.24 04:41:43.536,0.7896,0.78976,1.05,5.62
2014.11.24 04:41:44.094,0.78958,0.78976,2.85,5.81
2014.11.24 04:41:44.561,0.78959,0.78976,2.10,1.34
2014.11.24 04:41:45.020,0.78961,0.78979,1.39,1.40
2014.11.24 04:41:45.122,0.78964,0.78981,1.10,1.34
2014.11.24 04:41:45.899,0.78964,0.7898,1.00,2.51
2014.11.24 04:41:46.204,0.78961,0.78978,1.05,2.32
2014.11.24 04:41:49.205,0.78961,0.78978,1.05,1.34
2014.11.24 04:41:49.897,0.78959,0.78976,1.19,1.52
2014.11.24 04:41:50.095,0.78956,0.78973,4.24,1.07
2014.11.24 04:41:50.624,0.78956,0.78973,2.74,1.15
2014.11.24 04:41:50.880,0.78959,0.78975,2.10,2.70
2014.11.24 04:41:51.037,0.7896,0.78977,1.60,2.51
2014.11.24 04:41:51.089,0.78959,0.78978,1.00,2.21
2014.11.24 04:41:51.241,0.78959,0.78977,1.00,2.51
2014.11.24 04:41:51.596,0.78956,0.78972,1.76,3.00
2014.11.24 04:41:51.698,0.78956,0.7897,1.25,1.52
2014.11.24 04:41:51.800,0.78952,0.78966,1.00,1.00
2014.11.24 04:41:52.002,0.78955,0.78972,1.10,1.34
2014.11.24 04:41:52.306,0.78953,0.78969,1.05,1.15
2014.11.24 04:41:52.509,0.78955,0.78972,1.00,1.34
2014.11.24 04:41:52.610,0.78955,0.7897,1.00,3.00
2014.11.24 04:41:52.661,0.78951,0.78969,1.69,1.15
2014.11.24 04:41:52.763,0.78951,0.78963,1.00,1.00
2014.11.24 04:41:53.221,0.78947,0.78963,1.76,1.10
2014.11.24 04:41:53.728,0.78947,0.78963,1.01,1.10
2014.11.24 04:41:54.754,0.78947,0.78963,1.29,1.10
2014.11.24 04:41:55.752,0.78947,0.78963,1.76,1.10
2014.11.24 04:41:58.755,0.78947,0.78963,1.01,1.10
2014.11.24 04:41:59.439,0.78947,0.78963,1.32,1.00
2014.11.24 04:41:59.779,0.78949,0.78963,1.19,1.00
2014.11.24 04:42:06.888,0.78952,0.78963,1.00,1.00
2014.11.24 04:42:53.296,0.78952,0.78967,1.00,1.77
2014.11.24 04:42:59.614,0.78952,0.78967,1.00,1.62
2014.11.24 04:43:04.116,0.78951,0.78967,1.00,1.56
2014.11.24 04:43:19.426,0.7895,0.78967,1.00,1.62
2014.11.24 04:43:20.164,0.78951,0.78967,1.00,1.62
2014.11.24 04:43:24.453,0.78951,0.78967,1.00,1.64
2014.11.24 04:43:39.322,0.78951,0.78966,1.00,1.46
2014.11.24 04:43:39.856,0.78949,0.78966,1.00,1.46
2014.11.24 04:43:41.409,0.78949,0.78966,1.00,1.46
2014.11.24 04:43:42.488,0.78949,0.78966,1.10,1.46
2014.11.24 04:43:47.997,0.78949,0.78967,1.00,2.21
2014.11.24 04:43:48.503,0.7895,0.78967,1.00,1.77
2014.11.24 04:43:48.554,0.78952,0.78967,1.00,1.77
2014.11.24 04:44:05.137,0.78952,0.78967,1.00,3.64
2014.11.24 04:44:05.240,0.78952,0.78967,1.00,1.46
2014.11.24 04:44:05.851,0.78952,0.78967,1.00,1.46
2014.11.24 04:44:06.408,0.78952,0.78967,1.00,1.46
2014.11.24 04:44:10.881,0.78954,0.78967,1.00,1.27
2014.11.24 04:44:10.932,0.78954,0.78968,1.00,1.27
2014.11.24 04:44:11.438,0.78953,0.78969,1.00,1.40
2014.11.24 04:44:12.265,0.78953,0.7897,1.00,1.34
2014.11.24 04:44:12.670,0.78955,0.7897,1.00,1.36
2014.11.24 04:44:13.181,0.78956,0.7897,1.00,1.36
2014.11.24 04:44:13.333,0.78956,0.7897,1.00,1.00
2014.11.24 04:44:16.598,0.78955,0.7897,1.01,1.00
2014.11.24 04:44:29.528,0.78955,0.7897,1.29,1.00
2014.11.24 04:44:32.538,0.78954,0.7897,1.09,1.00
2014.11.24 04:45:01.737,0.78954,0.7897,1.00,1.17
2014.11.24 04:45:01.889,0.78953,0.7897,1.39,1.15
2014.11.24 04:45:02.299,0.78951,0.78969,1.69,2.32
2014.11.24 04:45:03.131,0.78949,0.78968,1.19,1.46
2014.11.24 04:45:03.335,0.78948,0.78967,1.00,2.21
2014.11.24 04:45:03.539,0.78945,0.78964,2.89,1.15
2014.11.24 04:45:04.051,0.78945,0.78964,2.21,1.15
2014.11.24 04:45:04.697,0.78945,0.78964,1.84,1.34
2014.11.24 04:45:04.903,0.78945,0.78964,1.84,1.34
2014.11.24 04:45:05.467,0.78945,0.78964,1.36,1.40
2014.11.24 04:45:11.337,0.78945,0.78964,1.84,1.34
2014.11.24 04:45:15.346,0.78945,0.78964,1.09,1.34
2014.11.24 04:45:15.865,0.78945,0.78964,1.01,1.34
2014.11.24 04:45:16.373,0.78945,0.78964,1.84,1.34
2014.11.24 04:45:18.601,0.78945,0.78963,1.84,1.40
2014.11.24 04:45:19.108,0.78946,0.78962,1.29,1.10
2014.11.24 04:45:19.801,0.78946,0.78962,1.01,1.01
2014.11.24 04:45:22.244,0.78946,0.78963,1.40,1.19
2014.11.24 04:45:22.764,0.78947,0.78964,1.27,1.34
2014.11.24 04:45:23.455,0.78947,0.78966,1.46,1.46
2014.11.24 04:45:25.275,0.78947,0.78965,1.46,1.34
2014.11.24 04:45:27.177,0.78947,0.78966,1.27,2.21
2014.11.24 04:45:27.572,0.78945,0.7896,1.34,1.00
2014.11.24 04:45:27.877,0.78942,0.78958,1.00,3.26
2014.11.24 04:45:27.979,0.78942,0.78959,1.50,2.21
2014.11.24 04:45:28.489,0.78942,0.7896,1.50,1.71
2014.11.24 04:45:29.255,0.78943,0.7896,1.10,1.36
2014.11.24 04:45:29.662,0.78942,0.78953,1.25,1.00
2014.11.24 04:45:29.815,0.7894,0.78953,1.00,1.00
2014.11.24 04:45:55.938,0.78939,0.78953,1.01,1.00
2014.11.24 04:46:01.135,0.78938,0.78953,1.25,1.10
2014.11.24 04:46:04.106,0.78939,0.78953,1.00,1.00
2014.11.24 04:46:12.014,0.78939,0.78953,1.19,1.00
2014.11.24 04:46:12.827,0.78941,0.78953,1.00,1.00
2014.11.24 04:46:22.165,0.78942,0.78953,1.00,1.00
2014.11.24 04:46:22.267,0.78942,0.78958,1.10,1.29
2014.11.24 04:46:22.633,0.78941,0.78957,1.10,1.09
2014.11.24 04:46:23.141,0.78941,0.78955,1.00,1.17
2014.11.24 04:46:28.334,0.78943,0.78957,1.00,1.46
2014.11.24 04:46:28.587,0.78943,0.78958,1.00,1.76
2014.11.24 04:46:28.943,0.78941,0.78957,1.10,1.46
2014.11.24 04:46:29.457,0.78941,0.78955,1.00,1.17
2014.11.24 04:46:34.180,0.7894,0.78955,1.00,1.17
2014.11.24 04:46:50.371,0.7894,0.78955,1.19,1.17
2014.11.24 04:46:50.902,0.78939,0.78953,1.69,1.00
2014.11.24 04:46:50.953,0.78939,0.78953,1.25,1.00
2014.11.24 04:46:51.486,0.78939,0.78953,1.40,1.00
2014.11.24 04:47:09.269,0.78939,0.78953,1.25,1.00
2014.11.24 04:47:17.633,0.78939,0.78952,1.00,1.00
2014.11.24 04:47:17.734,0.78939,0.78952,1.07,1.00
2014.11.24 04:47:17.836,0.7894,0.78956,1.17,1.25
2014.11.24 04:47:17.937,0.7894,0.78956,1.17,1.25
2014.11.24 04:47:18.241,0.7894,0.78953,1.07,1.00
2014.11.24 04:47:18.292,0.7894,0.78953,1.00,1.00
2014.11.24 04:47:23.644,0.78941,0.78953,1.00,1.00
2014.11.24 04:47:52.344,0.78942,0.78953,1.00,1.00
2014.11.24 04:47:53.091,0.78942,0.78957,1.00,1.20
2014.11.24 04:47:53.263,0.78942,0.78959,1.40,1.10
2014.11.24 04:47:53.771,0.78944,0.78962,2.02,1.39
2014.11.24 04:47:54.075,0.78946,0.78964,3.26,1.69
2014.11.24 04:47:54.228,0.78948,0.78967,4.01,1.10
2014.11.24 04:47:54.380,0.78952,0.7897,3.45,2.14
2014.11.24 04:47:54.634,0.78954,0.78972,2.51,1.25
2014.11.24 04:47:54.888,0.78957,0.78974,1.27,1.19
2014.11.24 04:47:55.040,0.78957,0.78976,2.21,1.19
2014.11.24 04:47:57.176,0.78959,0.78975,2.51,1.25
2014.11.24 04:47:57.480,0.78962,0.7898,2.51,1.25
2014.11.24 04:47:57.987,0.78964,0.78983,2.21,1.09
2014.11.24 04:47:58.519,0.78966,0.78983,1.17,1.01
2014.11.24 04:47:59.965,0.78966,0.78983,1.15,1.01
2014.11.24 04:48:00.546,0.78967,0.78984,1.17,1.26
2014.11.24 04:48:20.829,0.78967,0.78984,1.40,1.00
2014.11.24 04:48:29.511,0.78966,0.78983,1.09,1.00
2014.11.24 04:48:29.562,0.78966,0.78983,1.09,1.10
2014.11.24 04:48:36.624,0.78964,0.78983,2.21,1.25
2014.11.24 04:48:37.028,0.78966,0.78985,1.34,1.25
2014.11.24 04:48:37.771,0.78966,0.78985,1.34,1.01
2014.11.24 04:48:38.153,0.78966,0.78985,3.26,1.01
2014.11.24 04:48:38.857,0.78967,0.78986,3.64,1.31
2014.11.24 04:48:39.365,0.78967,0.78986,2.21,1.12
2014.11.24 04:48:39.869,0.78967,0.78986,4.39,1.12
2014.11.24 04:48:52.841,0.78968,0.78985,1.36,1.00
2014.11.24 04:48:53.145,0.78973,0.78984,2.32,1.00
2014.11.24 04:48:53.298,0.78973,0.78989,2.32,1.69
2014.11.24 04:48:53.349,0.78971,0.78989,2.51,1.19
2014.11.24 04:48:53.559,0.78979,0.78992,1.01,1.75
2014.11.24 04:48:54.067,0.78979,0.78992,1.01,1.37
2014.11.24 04:48:55.393,0.78979,0.78992,1.01,1.00
2014.11.24 04:48:55.910,0.7898,0.78993,1.01,1.00
2014.11.24 04:48:56.438,0.78981,0.78993,1.25,1.00
2014.11.24 04:48:56.861,0.78981,0.78991,1.25,1.00
2014.11.24 04:48:57.060,0.78981,0.78993,1.25,1.57
2014.11.24 04:48:57.577,0.78982,0.78994,1.25,1.57
2014.11.24 04:48:58.084,0.78982,0.78992,1.25,1.00
2014.11.24 04:48:58.628,0.7898,0.78992,1.19,1.00
2014.11.24 04:49:02.421,0.7898,0.78992,1.25,1.00
2014.11.24 04:49:03.423,0.7898,0.78992,1.19,1.00
2014.11.24 04:49:07.472,0.78982,0.78992,1.19,1.00
2014.11.24 04:49:09.437,0.78982,0.78992,1.25,1.00
2014.11.24 04:49:09.984,0.78982,0.78995,1.25,1.57
2014.11.24 04:49:10.498,0.78982,0.78995,1.25,1.17
2014.11.24 04:49:11.495,0.78982,0.78995,1.25,1.00
2014.11.24 04:49:14.453,0.78982,0.78995,1.19,1.10
2014.11.24 04:49:19.483,0.78982,0.78995,1.25,1.57
2014.11.24 04:49:21.801,0.78982,0.78996,1.32,1.50
2014.11.24 04:49:21.903,0.78987,0.78996,1.25,1.00
2014.11.24 04:49:22.056,0.78987,0.79001,1.09,2.25
2014.11.24 04:49:22.613,0.78987,0.79003,1.32,1.07
2014.11.24 04:49:22.990,0.7899,0.79003,1.19,1.07
2014.11.24 04:49:23.518,0.7899,0.79003,1.19,1.00
2014.11.24 04:49:24.030,0.78992,0.79003,1.25,1.00
2014.11.24 04:49:25.022,0.78991,0.79003,1.25,1.00
2014.11.24 04:49:26.022,0.78991,0.79003,1.19,1.00
2014.11.24 04:49:27.002,0.78991,0.79003,1.25,1.00
2014.11.24 04:49:27.995,0.78992,0.79003,1.25,1.00
2014.11.24 04:49:29.022,0.78991,0.79003,1.25,1.00
2014.11.24 04:49:32.007,0.78992,0.79003,1.19,1.00
2014.11.24 04:49:36.017,0.78992,0.79003,1.25,1.00
2014.11.24 04:49:49.076,0.78991,0.79003,1.25,1.00
2014.11.24 04:49:50.066,0.78991,0.79003,1.19,1.00
2014.11.24 04:50:05.110,0.78993,0.79003,1.25,1.00
2014.11.24 04:50:09.165,0.78991,0.79003,1.19,1.00
2014.11.24 04:50:10.356,0.78992,0.79005,1.25,1.20
2014.11.24 04:50:12.136,0.78992,0.79005,1.19,1.20
2014.11.24 04:50:15.139,0.78992,0.79005,1.25,1.20
2014.11.24 04:50:17.243,0.78993,0.79005,1.19,1.20
2014.11.24 04:50:18.440,0.78993,0.79005,1.19,1.17
2014.11.24 04:50:19.162,0.78993,0.79005,1.19,1.17
2014.11.24 04:50:19.407,0.78993,0.79005,1.25,1.20
2014.11.24 04:50:22.431,0.78992,0.79005,1.19,1.07
2014.11.24 04:50:23.006,0.78992,0.79005,1.19,1.20
2014.11.24 04:50:28.272,0.78992,0.79005,1.25,1.10
2014.11.24 04:50:29.275,0.78993,0.79005,1.25,1.10
2014.11.24 04:50:29.812,0.78993,0.79005,1.25,1.07
2014.11.24 04:50:31.145,0.78993,0.79005,1.25,1.20
2014.11.24 04:50:31.704,0.78993,0.79005,1.19,1.20
2014.11.24 04:50:33.288,0.78992,0.79005,1.25,1.10
2014.11.24 04:50:34.292,0.78992,0.79005,1.19,1.10
2014.11.24 04:50:35.670,0.78992,0.79005,1.19,1.17
2014.11.24 04:50:39.306,0.78992,0.79005,1.25,1.07
2014.11.24 04:50:40.145,0.78992,0.79005,1.25,1.10
2014.11.24 04:50:40.693,0.78993,0.79005,1.25,1.10
2014.11.24 04:50:41.604,0.78993,0.79005,1.25,1.17
2014.11.24 04:50:42.127,0.78993,0.79006,1.25,1.27
2014.11.24 04:50:42.438,0.78993,0.79006,1.19,1.20
2014.11.24 04:50:42.950,0.78993,0.79007,1.19,1.15
2014.11.24 04:50:44.319,0.78993,0.79005,1.25,1.00
2014.11.24 04:50:45.322,0.78994,0.79005,1.25,1.00
2014.11.24 04:50:46.324,0.78993,0.79005,1.25,1.00
2014.11.24 04:50:48.377,0.78994,0.79005,1.25,1.00
2014.11.24 04:50:51.366,0.78992,0.79005,1.19,1.00
2014.11.24 04:50:53.180,0.78993,0.79005,1.25,1.07
2014.11.24 04:50:53.730,0.78993,0.79005,1.25,1.00
2014.11.24 04:51:01.371,0.78994,0.79005,1.25,1.20
2014.11.24 04:51:02.354,0.78994,0.79005,1.25,1.17
2014.11.24 04:51:02.895,0.78993,0.79005,1.19,1.10
2014.11.24 04:51:03.772,0.78993,0.79005,1.19,1.07
2014.11.24 04:51:08.490,0.78993,0.79005,1.25,1.20
2014.11.24 04:51:10.539,0.78993,0.79005,1.19,1.07
2014.11.24 04:51:11.068,0.78993,0.79005,1.19,1.10
2014.11.24 04:51:11.592,0.78995,0.79005,1.25,1.00
2014.11.24 04:51:13.512,0.78994,0.79005,1.25,1.10
2014.11.24 04:51:24.530,0.78995,0.79005,1.25,1.10
2014.11.24 04:51:24.632,0.78995,0.79005,1.25,1.15
2014.11.24 04:51:25.542,0.78993,0.79005,1.25,1.15
2014.11.24 04:51:32.571,0.78992,0.79005,1.25,1.15
2014.11.24 04:51:34.523,0.78992,0.79005,1.25,1.10
2014.11.24 04:51:34.574,0.78994,0.79005,1.25,1.10
2014.11.24 04:51:35.108,0.78994,0.79006,1.25,1.00
2014.11.24 04:51:35.617,0.78995,0.79006,1.25,1.00
2014.11.24 04:51:38.607,0.78994,0.79006,1.25,1.00
2014.11.24 04:51:43.667,0.78995,0.79006,1.25,1.00
2014.11.24 04:51:45.623,0.78994,0.79006,1.25,1.00
2014.11.24 04:51:51.640,0.78995,0.79006,1.25,1.00
2014.11.24 04:51:52.699,0.78993,0.79006,1.19,1.00
2014.11.24 04:51:53.701,0.78995,0.79006,1.25,1.00
2014.11.24 04:51:55.724,0.78994,0.79006,1.25,1.10
2014.11.24 04:51:56.710,0.78994,0.79006,1.19,1.10
2014.11.24 04:52:04.622,0.78995,0.79005,1.25,1.00
2014.11.24 04:52:05.246,0.78995,0.79005,1.19,1.00
2014.11.24 04:52:06.761,0.78994,0.79005,1.25,1.00
2014.11.24 04:52:14.097,0.78994,0.79006,1.25,1.10
2014.11.24 04:52:14.677,0.78994,0.79006,1.25,1.17
2014.11.24 04:52:15.182,0.78995,0.79006,1.25,1.07
2014.11.24 04:52:15.722,0.78995,0.79006,1.25,1.10
2014.11.24 04:52:16.393,0.78994,0.79006,1.25,1.10
2014.11.24 04:52:18.007,0.78994,0.79006,1.25,1.17
2014.11.24 04:52:24.836,0.78995,0.79006,1.25,1.07
2014.11.24 04:52:26.849,0.78993,0.79006,1.19,1.07
2014.11.24 04:52:27.841,0.78993,0.79006,1.25,1.07
2014.11.24 04:52:28.856,0.78993,0.79006,1.19,1.07
2014.11.24 04:52:32.191,0.78994,0.79006,1.25,1.20
2014.11.24 04:52:32.930,0.78993,0.79006,1.19,1.17
2014.11.24 04:52:33.137,0.78993,0.79006,1.19,1.15
2014.11.24 04:52:33.627,0.78993,0.79006,1.19,1.17
2014.11.24 04:52:34.159,0.78993,0.79006,1.25,1.17
2014.11.24 04:52:34.672,0.78993,0.79009,1.25,2.70
2014.11.24 04:52:35.317,0.78993,0.79009,1.19,2.70
2014.11.24 04:52:41.130,0.78994,0.7901,1.25,3.45
2014.11.24 04:52:41.902,0.78993,0.7901,1.25,4.87
2014.11.24 04:52:42.901,0.78993,0.7901,1.19,2.70
2014.11.24 04:52:43.534,0.78993,0.79011,1.19,7.12
2014.11.24 04:52:44.107,0.78993,0.7901,1.19,4.87
2014.11.24 04:52:47.860,0.78994,0.7901,1.25,2.77
2014.11.24 04:52:48.392,0.78994,0.7901,1.25,5.70
2014.11.24 04:52:50.257,0.78994,0.7901,1.25,2.40
2014.11.24 04:52:50.833,0.78994,0.7901,1.25,1.65
2014.11.24 04:52:51.400,0.78994,0.7901,1.19,1.65
2014.11.24 04:52:52.911,0.78996,0.7901,1.25,1.65
2014.11.24 04:52:54.928,0.78995,0.7901,1.25,1.27
2014.11.24 04:53:03.503,0.78995,0.79006,1.25,1.00
2014.11.24 04:53:03.934,0.78996,0.79006,1.19,1.00
2014.11.24 04:53:05.938,0.78995,0.79006,1.25,1.00
2014.11.24 04:53:10.949,0.78995,0.79006,1.19,1.00
2014.11.24 04:53:11.952,0.78995,0.79006,1.25,1.00
2014.11.24 04:53:14.068,0.78995,0.79006,1.19,1.00
2014.11.24 04:53:15.064,0.78995,0.79006,1.25,1.00
2014.11.24 04:53:17.103,0.78995,0.79006,1.19,1.00
2014.11.24 04:53:18.114,0.78995,0.79006,1.25,1.00
2014.11.24 04:53:19.077,0.78996,0.79006,1.19,1.00
2014.11.24 04:53:20.086,0.78995,0.79006,1.25,1.00
2014.11.24 04:53:20.901,0.78995,0.79006,1.25,1.17
2014.11.24 04:53:21.103,0.78993,0.79006,1.19,1.15
2014.11.24 04:53:21.306,0.78993,0.79006,1.19,1.15
2014.11.24 04:53:22.078,0.78993,0.79006,1.25,1.15
2014.11.24 04:53:23.113,0.78993,0.79006,1.19,1.15
2014.11.24 04:53:26.116,0.78994,0.79006,1.25,1.10
2014.11.24 04:53:26.829,0.78994,0.79006,1.25,1.17
2014.11.24 04:53:31.492,0.78994,0.79006,1.25,1.17
2014.11.24 04:53:32.149,0.78991,0.79006,1.19,1.15
2014.11.24 04:53:35.739,0.78991,0.79006,1.19,1.15
2014.11.24 04:53:36.250,0.78991,0.79006,1.19,1.15
2014.11.24 04:53:41.396,0.78991,0.79006,1.19,1.17
2014.11.24 04:53:42.006,0.78991,0.79006,1.19,1.17
2014.11.24 04:53:42.832,0.78991,0.79006,1.19,1.27
2014.11.24 04:53:43.439,0.78991,0.79006,1.19,1.20
2014.11.24 04:53:44.810,0.78991,0.79006,1.19,1.20
2014.11.24 04:54:13.863,0.78991,0.79006,1.19,1.27
2014.11.24 04:54:15.999,0.78991,0.79006,1.19,1.27
2014.11.24 04:54:17.270,0.78991,0.79006,1.19,1.27
2014.11.24 04:54:24.586,0.78991,0.79008,1.19,2.70
2014.11.24 04:54:26.454,0.78987,0.79004,1.15,1.07
2014.11.24 04:54:27.004,0.78987,0.79004,1.36,1.10
2014.11.24 04:54:27.888,0.78987,0.79004,1.34,1.10
2014.11.24 04:54:27.990,0.78987,0.79004,1.36,1.10
2014.11.24 04:54:29.424,0.78987,0.79004,1.40,1.00
2014.11.24 04:54:29.982,0.78987,0.79004,1.09,1.10
2014.11.24 04:54:30.544,0.78987,0.79004,1.36,1.07
2014.11.24 04:54:31.297,0.78987,0.79004,1.34,1.00
2014.11.24 04:54:31.531,0.78989,0.79006,1.71,1.00
2014.11.24 04:54:31.683,0.78992,0.79011,1.40,1.31
2014.11.24 04:54:31.939,0.78994,0.79013,1.40,1.36
2014.11.24 04:54:34.120,0.78994,0.79013,2.59,1.01
2014.11.24 04:54:34.730,0.78994,0.79013,1.84,1.09
2014.11.24 04:54:37.973,0.78995,0.79013,1.36,1.17
2014.11.24 04:54:38.430,0.78995,0.79013,1.19,1.15
2014.11.24 04:54:38.996,0.78994,0.79013,3.11,1.15
2014.11.24 04:54:58.004,0.78995,0.79013,1.25,1.40
2014.11.24 04:54:58.716,0.78995,0.79013,1.32,1.40
2014.11.24 04:55:05.053,0.78995,0.79013,1.26,1.40
2014.11.24 04:55:08.029,0.78994,0.79013,1.84,1.77
2014.11.24 04:55:08.485,0.78994,0.79011,1.19,3.45
2014.11.24 04:55:08.536,0.78991,0.79009,2.29,1.84
2014.11.24 04:55:08.840,0.78988,0.79005,2.21,1.07
2014.11.24 04:55:09.347,0.78987,0.79004,1.76,1.17
2014.11.24 04:55:11.243,0.78987,0.79004,1.25,1.15
2014.11.24 04:55:11.750,0.78985,0.79002,1.69,1.15
2014.11.24 04:55:12.266,0.78985,0.79002,1.69,1.27
2014.11.24 04:55:12.367,0.78985,0.79002,1.00,1.46
2014.11.24 04:55:14.667,0.78985,0.79002,1.10,1.46
2014.11.24 04:55:22.365,0.78985,0.79002,1.29,1.40
2014.11.24 04:55:24.795,0.78987,0.79002,1.05,1.15
2014.11.24 04:55:24.897,0.78988,0.79005,1.00,1.77
2014.11.24 04:55:25.404,0.78987,0.79004,1.25,1.15
2014.11.24 04:55:25.506,0.78987,0.79004,1.09,1.07
2014.11.24 04:55:25.709,0.78987,0.79004,1.25,1.15
2014.11.24 04:55:26.414,0.78987,0.79004,1.10,1.09
2014.11.24 04:55:27.484,0.78987,0.79004,1.00,1.40
2014.11.24 04:55:28.264,0.78985,0.79003,1.26,1.27
2014.11.24 04:55:28.914,0.78985,0.79001,1.00,1.15
2014.11.24 04:55:33.892,0.78985,0.79002,1.19,1.46
2014.11.24 04:55:34.895,0.78985,0.79002,1.00,1.46
2014.11.24 04:55:38.298,0.78985,0.79002,1.10,1.09
2014.11.24 04:55:38.905,0.78985,0.79002,1.29,1.09
2014.11.24 04:55:40.103,0.78985,0.79002,1.19,1.40
2014.11.24 04:55:40.723,0.78985,0.79002,1.29,1.09
2014.11.24 04:55:41.423,0.78985,0.79002,1.00,1.40
2014.11.24 04:55:46.330,0.78985,0.79002,1.07,1.09
2014.11.24 04:55:52.408,0.78985,0.79002,1.84,1.07
2014.11.24 04:55:52.459,0.78985,0.79004,1.84,1.46
2014.11.24 04:55:54.427,0.78985,0.79003,1.40,1.09
2014.11.24 04:56:14.774,0.78985,0.79001,1.15,1.00
2014.11.24 04:56:15.868,0.78985,0.79004,1.65,1.76
2014.11.24 04:56:16.172,0.78984,0.79,1.29,1.55
2014.11.24 04:56:16.223,0.78983,0.78997,1.09,1.00
2014.11.24 04:56:16.628,0.7898,0.78999,1.65,2.59
2014.11.24 04:56:16.730,0.78982,0.78994,1.00,1.00
2014.11.24 04:56:17.134,0.7898,0.78992,1.17,1.00
2014.11.24 04:56:44.381,0.7898,0.78994,1.17,1.00
2014.11.24 04:56:52.338,0.7898,0.78994,1.10,1.00
2014.11.24 04:56:52.859,0.78978,0.78994,1.36,1.00
2014.11.24 04:56:58.126,0.78978,0.78994,1.17,1.62
2014.11.24 04:56:58.329,0.78976,0.78993,1.09,1.52
2014.11.24 04:57:16.015,0.78975,0.78993,1.15,1.39
2014.11.24 04:57:16.523,0.78975,0.78993,1.17,1.74
2014.11.24 04:57:22.607,0.78975,0.78993,1.15,1.29
2014.11.24 04:57:23.466,0.78976,0.78993,1.17,1.01
2014.11.24 04:57:28.556,0.78977,0.78993,1.07,1.00
2014.11.24 04:57:58.490,0.78976,0.78995,1.40,1.61
2014.11.24 04:58:05.574,0.78976,0.78995,1.40,1.19
2014.11.24 04:58:05.979,0.7898,0.78994,1.15,1.25
2014.11.24 04:58:06.284,0.78982,0.78999,1.15,2.25
2014.11.24 04:58:06.588,0.78983,0.78997,1.07,1.75
2014.11.24 04:58:06.640,0.78983,0.78999,1.07,1.40
2014.11.24 04:58:07.097,0.78981,0.78996,1.09,1.00
2014.11.24 04:58:07.200,0.78982,0.78999,1.15,1.25
2014.11.24 04:58:07.453,0.78985,0.79002,1.20,1.34
2014.11.24 04:58:07.956,0.78986,0.79003,1.00,1.46
2014.11.24 04:58:12.596,0.78985,0.79004,1.20,2.96
2014.11.24 04:58:13.184,0.78986,0.79004,1.00,2.96
2014.11.24 04:58:13.286,0.78986,0.79004,1.57,1.39
2014.11.24 04:58:13.692,0.78988,0.79004,1.15,1.19
2014.11.24 04:58:14.267,0.78988,0.79004,1.15,1.19
2014.11.24 04:58:14.368,0.78988,0.79007,1.34,2.14
2014.11.24 04:58:25.194,0.78988,0.79007,2.21,1.69
2014.11.24 04:58:25.245,0.7899,0.79007,2.70,1.19
2014.11.24 04:58:25.398,0.78991,0.7901,4.39,1.19
2014.11.24 04:58:25.600,0.78994,0.79011,1.15,2.81
2014.11.24 04:58:26.373,0.78994,0.79011,1.40,1.12
2014.11.24 04:58:38.162,0.78994,0.79011,1.15,1.39
2014.11.24 04:58:38.673,0.78994,0.79011,1.40,1.00
2014.11.24 04:58:39.189,0.78994,0.79011,1.40,1.12
2014.11.24 04:58:45.645,0.78994,0.79011,1.40,1.00
2014.11.24 04:58:46.234,0.78994,0.79011,1.40,1.00
2014.11.24 04:58:46.757,0.78994,0.79011,1.40,1.37
2014.11.24 04:58:52.870,0.78994,0.79011,1.40,1.37
2014.11.24 04:58:55.091,0.78994,0.79011,1.15,1.62
2014.11.24 04:58:55.798,0.78994,0.79011,1.40,1.37
2014.11.24 04:58:57.050,0.78994,0.79011,1.40,1.00
2014.11.24 04:58:57.231,0.78992,0.79011,1.84,1.27
2014.11.24 04:58:57.536,0.78991,0.79008,1.36,1.07
2014.11.24 04:59:00.272,0.7899,0.79009,1.71,1.01
2014.11.24 04:59:00.374,0.78993,0.7901,1.17,1.19
2014.11.24 04:59:00.728,0.78992,0.79011,1.15,2.21
2014.11.24 04:59:01.247,0.78992,0.79009,1.15,1.09
2014.11.24 04:59:01.687,0.78993,0.7901,1.15,1.25
2014.11.24 04:59:02.395,0.78993,0.79012,1.40,1.74
2014.11.24 04:59:08.189,0.78993,0.79012,1.09,1.74
2014.11.24 04:59:08.871,0.78993,0.79012,1.09,1.71
2014.11.24 04:59:09.582,0.78993,0.79012,1.09,1.71
2014.11.24 04:59:10.108,0.78993,0.79012,1.09,1.71
2014.11.24 04:59:13.406,0.78993,0.79012,1.01,1.71
2014.11.24 04:59:17.735,0.78993,0.79012,1.40,1.71
2014.11.24 04:59:23.856,0.78993,0.79012,1.29,1.77
2014.11.24 04:59:24.390,0.78993,0.79012,1.34,1.77
2014.11.24 04:59:25.722,0.78993,0.79012,1.36,1.77
2014.11.24 04:59:26.282,0.78993,0.79012,1.34,1.77
2014.11.24 04:59:26.586,0.78995,0.79014,1.17,2.21
