2014.05.30 04:00:00.325,0.85016,0.85025,1.00,1.35
2014.05.30 04:00:01.386,0.85018,0.85025,1.00,1.35
2014.05.30 04:00:02.050,0.85016,0.85025,1.00,1.35
2014.05.30 04:00:08.787,0.85016,0.85025,1.00,2.85
2014.05.30 04:00:09.090,0.85012,0.85019,1.00,1.00
2014.05.30 04:00:09.242,0.8501,0.85019,1.00,1.70
2014.05.30 04:00:09.394,0.8501,0.85017,1.00,1.18
2014.05.30 04:00:09.445,0.85008,0.85017,1.00,1.15
2014.05.30 04:00:09.976,0.85007,0.85018,1.00,1.69
2014.05.30 04:00:15.466,0.85007,0.85018,1.25,1.50
2014.05.30 04:00:17.239,0.85007,0.85018,1.25,1.43
2014.05.30 04:00:17.410,0.85008,0.85018,1.19,1.43
2014.05.30 04:00:17.713,0.85008,0.85018,1.34,1.35
2014.05.30 04:00:23.117,0.85007,0.85015,4.02,1.60
2014.05.30 04:00:23.219,0.85007,0.85012,1.18,1.00
2014.05.30 04:00:23.422,0.85005,0.85017,2.59,1.00
2014.05.30 04:00:23.473,0.85009,0.85018,2.25,1.25
2014.05.30 04:00:24.039,0.85009,0.85017,1.40,1.00
2014.05.30 04:00:24.544,0.85008,0.85016,1.15,1.00
2014.05.30 04:00:24.646,0.85008,0.85019,1.15,1.54
2014.05.30 04:00:25.541,0.85007,0.85019,2.33,2.29
2014.05.30 04:00:25.642,0.85006,0.85015,1.77,2.85
2014.05.30 04:00:25.844,0.85005,0.85017,2.52,1.50
2014.05.30 04:00:25.946,0.85006,0.85017,1.84,1.00
2014.05.30 04:00:26.249,0.85009,0.8502,1.40,1.13
2014.05.30 04:00:26.754,0.85009,0.85019,1.40,1.00
2014.05.30 04:00:27.260,0.85007,0.85018,3.27,1.35
2014.05.30 04:00:28.026,0.8501,0.8502,1.15,3.04
2014.05.30 04:00:28.387,0.85011,0.85023,1.15,1.19
2014.05.30 04:00:29.859,0.85013,0.85026,1.25,1.84
2014.05.30 04:00:30.011,0.85013,0.85026,1.25,1.84
2014.05.30 04:00:32.320,0.85014,0.85026,1.00,1.77
2014.05.30 04:00:32.472,0.85015,0.85027,1.37,1.00
2014.05.30 04:00:32.977,0.85016,0.85028,1.25,1.02
2014.05.30 04:00:34.796,0.85016,0.85028,1.00,1.29
2014.05.30 04:00:40.606,0.85016,0.85029,1.25,2.44
2014.05.30 04:00:41.830,0.85016,0.85029,1.25,3.19
2014.05.30 04:00:42.133,0.85014,0.85025,1.00,1.25
2014.05.30 04:01:02.837,0.85014,0.85027,1.25,1.37
2014.05.30 04:01:03.214,0.85016,0.85026,2.33,1.25
2014.05.30 04:01:03.316,0.85016,0.85028,2.52,1.25
2014.05.30 04:01:05.164,0.85015,0.85028,1.84,1.25
2014.05.30 04:01:08.499,0.85015,0.85028,1.84,1.25
2014.05.30 04:01:21.944,0.85015,0.85026,1.34,1.00
2014.05.30 04:01:26.118,0.85016,0.85027,1.09,1.00
2014.05.30 04:01:26.464,0.85016,0.85027,1.40,1.00
2014.05.30 04:01:29.942,0.85016,0.85027,1.37,1.00
2014.05.30 04:01:30.449,0.85016,0.85027,1.34,1.50
2014.05.30 04:01:31.008,0.85015,0.85026,1.84,1.00
2014.05.30 04:01:31.740,0.85015,0.85026,1.40,1.00
2014.05.30 04:01:34.369,0.85015,0.85026,1.40,1.00
2014.05.30 04:01:36.208,0.85015,0.85026,1.34,1.00
2014.05.30 04:01:37.281,0.85015,0.85026,1.40,1.00
2014.05.30 04:01:38.069,0.85015,0.85026,1.40,1.00
2014.05.30 04:01:40.530,0.85015,0.85026,1.40,1.00
2014.05.30 04:01:41.090,0.85015,0.85026,1.40,1.00
2014.05.30 04:01:42.284,0.85015,0.85026,1.34,1.00
2014.05.30 04:01:42.942,0.85015,0.85026,1.34,1.00
2014.05.30 04:01:47.595,0.85015,0.85026,1.34,1.00
2014.05.30 04:01:49.570,0.85015,0.85026,1.34,1.00
2014.05.30 04:01:50.101,0.85015,0.85026,1.34,1.00
2014.05.30 04:01:50.608,0.85015,0.85026,1.84,1.00
2014.05.30 04:01:51.935,0.85015,0.85026,1.84,1.00
2014.05.30 04:01:52.439,0.85015,0.85026,1.77,1.50
2014.05.30 04:01:52.490,0.85015,0.85026,1.77,1.50
2014.05.30 04:01:52.959,0.85013,0.85024,1.29,1.00
2014.05.30 04:01:53.665,0.85013,0.85024,1.02,1.00
2014.05.30 04:02:14.550,0.85015,0.85026,1.00,1.69
2014.05.30 04:02:16.317,0.85015,0.85026,1.15,1.69
2014.05.30 04:02:23.852,0.85014,0.85025,1.34,1.00
2014.05.30 04:02:25.544,0.85013,0.85023,1.34,1.00
2014.05.30 04:02:25.648,0.85014,0.85025,1.34,1.00
2014.05.30 04:02:29.201,0.85014,0.85025,1.84,1.00
2014.05.30 04:02:29.353,0.85016,0.85027,1.15,1.25
2014.05.30 04:02:30.483,0.85016,0.85027,1.40,1.00
2014.05.30 04:02:46.397,0.85016,0.85027,1.29,1.50
2014.05.30 04:02:56.390,0.85016,0.85023,1.00,1.00
2014.05.30 04:02:56.441,0.85014,0.85023,1.25,1.00
2014.05.30 04:02:56.946,0.85013,0.85024,1.77,1.00
2014.05.30 04:03:04.225,0.85015,0.85024,1.00,1.00
2014.05.30 04:03:05.727,0.85015,0.85026,1.00,1.25
2014.05.30 04:03:06.970,0.85016,0.85027,1.00,2.29
2014.05.30 04:03:12.154,0.85016,0.85027,1.00,2.29
2014.05.30 04:03:25.799,0.85016,0.85027,1.00,3.04
2014.05.30 04:03:26.903,0.85015,0.85026,1.00,1.25
2014.05.30 04:03:30.663,0.85015,0.85026,1.00,1.19
2014.05.30 04:03:57.961,0.85013,0.85023,1.25,1.00
2014.05.30 04:03:58.493,0.85015,0.85025,1.00,1.25
2014.05.30 04:04:01.820,0.85015,0.85025,1.00,1.19
2014.05.30 04:04:02.934,0.85015,0.85025,1.00,1.25
2014.05.30 04:04:15.441,0.85015,0.85025,1.00,1.69
2014.05.30 04:04:15.492,0.85013,0.85023,1.25,1.00
2014.05.30 04:04:15.947,0.85015,0.85025,1.00,1.25
2014.05.30 04:04:18.031,0.85013,0.85023,1.69,1.00
2014.05.30 04:04:20.639,0.85014,0.85023,1.00,1.25
2014.05.30 04:04:25.515,0.85015,0.85025,1.00,1.69
2014.05.30 04:04:26.021,0.85016,0.85025,1.00,1.19
2014.05.30 04:04:26.674,0.85016,0.85026,1.00,1.25
2014.05.30 04:04:43.565,0.85016,0.85026,1.00,1.33
2014.05.30 04:04:43.666,0.85014,0.85024,1.25,1.00
2014.05.30 04:04:46.816,0.85016,0.85026,1.00,1.84
2014.05.30 04:04:50.136,0.85016,0.85026,1.00,1.25
2014.05.30 04:04:56.012,0.85016,0.85026,1.00,1.33
2014.05.30 04:04:56.113,0.85014,0.85024,1.25,1.00
2014.05.30 04:04:58.837,0.85017,0.85026,1.00,1.37
2014.05.30 04:04:58.938,0.85015,0.85025,1.00,1.02
2014.05.30 04:04:59.462,0.85015,0.85025,1.00,3.19
2014.05.30 04:05:00.658,0.85013,0.85023,1.50,1.00
2014.05.30 04:05:12.345,0.85015,0.85025,1.50,2.59
2014.05.30 04:05:12.547,0.85017,0.85027,1.00,1.69
2014.05.30 04:05:14.457,0.85017,0.85027,1.00,1.25
2014.05.30 04:05:16.084,0.85016,0.85025,1.10,1.00
2014.05.30 04:05:16.593,0.85017,0.85025,1.00,1.00
2014.05.30 04:05:17.635,0.85017,0.85025,1.08,1.00
2014.05.30 04:05:17.736,0.85017,0.85027,1.65,1.25
2014.05.30 04:05:18.241,0.85017,0.85027,1.65,1.25
2014.05.30 04:05:20.961,0.85017,0.85027,1.58,1.00
2014.05.30 04:05:21.503,0.85017,0.85027,1.65,1.00
2014.05.30 04:05:25.230,0.85017,0.85027,1.77,1.00
2014.05.30 04:05:25.918,0.85017,0.85027,1.84,1.00
2014.05.30 04:05:27.646,0.85016,0.85025,1.84,1.00
2014.05.30 04:05:28.308,0.85016,0.85025,1.84,1.00
2014.05.30 04:05:39.489,0.85017,0.85027,1.10,1.25
2014.05.30 04:05:39.600,0.85016,0.85024,1.18,1.00
2014.05.30 04:05:40.303,0.85017,0.85027,1.00,1.25
2014.05.30 04:05:40.404,0.85014,0.85024,2.44,1.00
2014.05.30 04:05:41.298,0.85014,0.85023,1.69,1.00
2014.05.30 04:05:41.803,0.85014,0.85023,1.00,1.00
2014.05.30 04:05:51.108,0.85013,0.85023,1.50,1.00
2014.05.30 04:05:51.841,0.85013,0.85021,1.10,1.00
2014.05.30 04:05:58.959,0.85013,0.85023,1.58,1.00
2014.05.30 04:06:02.965,0.85013,0.85021,1.25,1.00
2014.05.30 04:06:03.634,0.85014,0.85021,1.00,1.00
2014.05.30 04:06:05.274,0.85014,0.85022,1.00,1.00
2014.05.30 04:06:05.946,0.85015,0.85022,1.00,1.00
2014.05.30 04:06:13.550,0.85016,0.85022,1.00,1.00
2014.05.30 04:06:27.169,0.85016,0.85024,1.00,1.00
2014.05.30 04:06:32.790,0.85016,0.85022,1.00,1.00
2014.05.30 04:06:33.270,0.85016,0.85026,1.77,1.00
2014.05.30 04:06:33.371,0.85016,0.85024,1.40,1.00
2014.05.30 04:06:33.875,0.85017,0.85024,1.00,1.00
2014.05.30 04:06:34.398,0.85016,0.85023,1.02,1.00
2014.05.30 04:06:35.438,0.85014,0.85023,1.09,1.00
2014.05.30 04:06:35.993,0.85012,0.85022,1.77,1.00
2014.05.30 04:06:36.351,0.85011,0.85021,1.37,1.00
2014.05.30 04:06:43.020,0.85013,0.85023,1.00,1.25
2014.05.30 04:06:46.059,0.85013,0.85021,1.00,1.00
2014.05.30 04:06:46.313,0.85011,0.8502,1.25,1.00
2014.05.30 04:06:46.845,0.85011,0.85019,1.00,1.00
2014.05.30 04:06:53.332,0.8501,0.85021,1.84,1.00
2014.05.30 04:06:53.585,0.85015,0.85024,1.00,1.19
2014.05.30 04:06:53.889,0.85015,0.85026,1.00,1.69
2014.05.30 04:06:55.339,0.85016,0.85027,1.00,2.44
2014.05.30 04:06:56.885,0.85016,0.85022,1.00,1.00
2014.05.30 04:06:57.039,0.85014,0.85022,1.00,1.00
2014.05.30 04:06:57.097,0.85014,0.85025,1.00,1.37
2014.05.30 04:06:57.955,0.85014,0.85025,1.00,1.69
2014.05.30 04:07:00.579,0.85014,0.8502,1.00,1.00
2014.05.30 04:07:01.060,0.85012,0.8502,1.00,1.00
2014.05.30 04:07:11.384,0.85012,0.85023,1.00,1.29
2014.05.30 04:07:11.637,0.85014,0.85024,1.00,1.09
2014.05.30 04:07:12.182,0.85014,0.85024,1.00,1.02
2014.05.30 04:07:22.264,0.85014,0.85024,1.00,1.77
2014.05.30 04:07:25.928,0.85014,0.85024,1.00,1.77
2014.05.30 04:07:29.241,0.85014,0.85024,1.00,1.77
2014.05.30 04:07:32.012,0.85012,0.85023,1.00,1.25
2014.05.30 04:07:32.113,0.85014,0.85024,1.00,1.77
2014.05.30 04:07:54.663,0.85014,0.85024,1.00,1.02
2014.05.30 04:07:55.786,0.85014,0.85024,1.00,1.77
2014.05.30 04:07:59.053,0.85014,0.85024,1.00,1.77
2014.05.30 04:07:59.157,0.85012,0.85023,1.00,1.19
2014.05.30 04:07:59.258,0.85014,0.85024,1.00,1.77
2014.05.30 04:07:59.712,0.85012,0.85023,1.00,1.19
2014.05.30 04:08:00.256,0.85012,0.85023,1.00,1.25
2014.05.30 04:08:09.172,0.85014,0.85024,1.00,1.69
2014.05.30 04:08:13.158,0.85012,0.8502,1.00,1.00
2014.05.30 04:08:17.145,0.85012,0.85023,1.00,1.25
2014.05.30 04:08:17.347,0.85014,0.85024,1.00,1.77
2014.05.30 04:08:19.075,0.85014,0.85024,1.00,1.02
2014.05.30 04:08:19.845,0.85013,0.85024,1.00,2.37
2014.05.30 04:08:20.149,0.85013,0.8502,1.00,1.00
2014.05.30 04:08:20.300,0.85011,0.8502,1.25,1.00
2014.05.30 04:08:23.265,0.85013,0.8502,1.08,1.00
2014.05.30 04:08:23.366,0.85015,0.85024,1.00,1.00
2014.05.30 04:08:23.467,0.85017,0.85024,1.00,1.00
2014.05.30 04:08:23.972,0.85017,0.85025,1.00,1.00
2014.05.30 04:08:27.539,0.85015,0.85025,1.02,1.00
2014.05.30 04:08:27.589,0.85015,0.8502,1.10,1.00
2014.05.30 04:08:27.892,0.85014,0.85024,1.25,1.00
2014.05.30 04:08:27.994,0.85016,0.85024,1.00,1.00
2014.05.30 04:08:28.145,0.85016,0.85026,1.00,1.25
2014.05.30 04:08:28.895,0.85016,0.85027,1.10,1.69
2014.05.30 04:08:35.252,0.85016,0.85027,1.10,1.69
2014.05.30 04:08:37.977,0.85017,0.85027,1.00,1.69
2014.05.30 04:08:39.348,0.85017,0.85027,1.00,1.69
2014.05.30 04:08:41.401,0.85017,0.85026,1.00,1.00
2014.05.30 04:08:42.063,0.85017,0.85027,1.00,1.69
2014.05.30 04:08:50.589,0.85017,0.85027,1.69,1.50
2014.05.30 04:08:53.600,0.85017,0.85027,1.25,1.50
2014.05.30 04:08:57.507,0.85016,0.85026,1.77,1.00
2014.05.30 04:08:57.810,0.85016,0.85024,1.69,1.00
2014.05.30 04:09:01.674,0.85017,0.85026,1.25,1.50
2014.05.30 04:09:09.076,0.85016,0.85026,1.02,1.50
2014.05.30 04:09:11.071,0.85016,0.85026,1.77,1.50
2014.05.30 04:09:15.813,0.85016,0.85026,1.02,1.00
2014.05.30 04:09:18.065,0.85016,0.85022,1.25,1.00
2014.05.30 04:09:19.263,0.85014,0.85022,1.19,1.00
2014.05.30 04:09:20.150,0.85014,0.85022,1.25,1.00
2014.05.30 04:09:29.500,0.85012,0.85022,1.69,1.50
2014.05.30 04:09:30.021,0.85014,0.85022,1.00,1.00
2014.05.30 04:09:38.562,0.85014,0.85021,1.00,1.00
2014.05.30 04:10:04.373,0.85015,0.85021,1.25,1.00
2014.05.30 04:10:04.423,0.85015,0.85024,1.02,1.00
2014.05.30 04:10:04.474,0.85017,0.85024,1.25,1.00
2014.05.30 04:10:04.979,0.85016,0.85023,1.69,1.00
2014.05.30 04:10:05.865,0.85016,0.85023,1.25,1.00
2014.05.30 04:10:29.384,0.85016,0.85026,1.02,1.50
2014.05.30 04:10:29.434,0.85017,0.85026,1.19,1.50
2014.05.30 04:10:29.838,0.85019,0.85028,1.00,1.00
2014.05.30 04:10:31.036,0.85016,0.85026,1.27,1.00
2014.05.30 04:10:31.832,0.85016,0.85026,1.02,1.50
2014.05.30 04:10:32.135,0.85015,0.85024,1.19,1.00
2014.05.30 04:10:32.934,0.85014,0.85024,1.77,1.00
2014.05.30 04:10:36.567,0.85016,0.85024,1.19,1.00
2014.05.30 04:10:36.719,0.85018,0.85027,1.10,1.00
2014.05.30 04:10:37.224,0.85018,0.85028,1.10,1.50
2014.05.30 04:10:37.325,0.85017,0.85026,1.25,2.10
2014.05.30 04:10:37.629,0.85013,0.85023,1.69,1.00
2014.05.30 04:10:39.370,0.85013,0.85023,1.69,1.00
2014.05.30 04:10:41.117,0.85015,0.85023,1.19,1.00
2014.05.30 04:10:41.168,0.85015,0.85025,1.77,1.00
2014.05.30 04:10:41.269,0.85018,0.85027,1.10,1.00
2014.05.30 04:10:41.797,0.85018,0.85028,1.19,1.50
2014.05.30 04:10:43.586,0.85015,0.85025,1.77,1.00
2014.05.30 04:10:44.090,0.85015,0.85025,1.00,1.00
2014.05.30 04:10:53.322,0.85015,0.85024,1.00,1.00
2014.05.30 04:10:53.848,0.85014,0.85023,1.32,1.00
2014.05.30 04:10:53.899,0.85015,0.85025,1.19,1.00
2014.05.30 04:10:53.950,0.85016,0.85025,1.27,1.00
2014.05.30 04:10:54.101,0.85017,0.85027,1.37,1.50
2014.05.30 04:10:54.677,0.85016,0.85025,1.37,1.00
2014.05.30 04:10:54.929,0.85015,0.85025,1.02,1.50
2014.05.30 04:10:55.651,0.85015,0.85024,1.25,1.00
2014.05.30 04:10:56.188,0.85014,0.85024,1.25,1.50
2014.05.30 04:10:57.052,0.85014,0.85023,1.25,1.00
2014.05.30 04:11:07.780,0.85015,0.85023,1.19,1.00
2014.05.30 04:11:08.084,0.85017,0.85025,1.30,1.00
2014.05.30 04:11:08.134,0.85017,0.85025,1.00,1.00
2014.05.30 04:11:08.652,0.85016,0.85024,1.25,1.00
2014.05.30 04:11:13.359,0.85016,0.85025,1.00,1.00
2014.05.30 04:11:18.956,0.85014,0.85024,1.19,1.00
2014.05.30 04:11:19.499,0.85015,0.85025,1.25,1.50
2014.05.30 04:11:28.013,0.85015,0.85025,1.18,1.50
2014.05.30 04:11:28.215,0.85019,0.85026,1.00,1.00
2014.05.30 04:11:28.417,0.85019,0.85029,1.00,1.69
2014.05.30 04:11:28.620,0.8502,0.8503,1.69,1.00
2014.05.30 04:11:28.772,0.85024,0.85034,1.25,1.50
2014.05.30 04:11:29.290,0.85025,0.85035,1.00,1.00
2014.05.30 04:11:33.615,0.85026,0.85035,1.19,1.00
2014.05.30 04:11:33.817,0.85027,0.85037,1.25,1.00
2014.05.30 04:11:34.336,0.85027,0.85037,1.09,1.50
2014.05.30 04:11:34.841,0.85025,0.85035,1.25,1.00
2014.05.30 04:11:35.542,0.85025,0.85034,1.25,1.00
2014.05.30 04:11:37.338,0.85025,0.85035,1.00,1.58
2014.05.30 04:11:37.398,0.85023,0.85033,1.69,1.00
2014.05.30 04:11:37.942,0.85023,0.85034,1.69,1.00
2014.05.30 04:11:38.476,0.85023,0.85035,1.00,2.52
2014.05.30 04:11:39.643,0.85023,0.85035,1.00,2.52
2014.05.30 04:11:50.378,0.85023,0.85035,1.13,1.10
2014.05.30 04:11:50.682,0.85028,0.85037,1.19,1.00
2014.05.30 04:11:50.884,0.85028,0.85039,1.69,1.00
2014.05.30 04:11:52.276,0.85028,0.85039,1.25,1.10
2014.05.30 04:11:52.782,0.85027,0.85038,1.19,1.00
2014.05.30 04:11:53.379,0.85026,0.85037,1.29,1.00
2014.05.30 04:11:54.499,0.85026,0.85037,1.29,1.00
2014.05.30 04:11:56.094,0.85027,0.85037,1.19,1.00
2014.05.30 04:11:57.917,0.85027,0.85035,1.19,1.00
2014.05.30 04:11:58.119,0.85024,0.85033,1.19,1.00
2014.05.30 04:11:58.220,0.85023,0.85033,1.25,1.00
2014.05.30 04:11:58.724,0.85021,0.85032,1.57,1.50
2014.05.30 04:11:59.800,0.85021,0.85032,1.19,1.50
2014.05.30 04:12:00.305,0.85021,0.85033,1.69,1.50
2014.05.30 04:12:02.948,0.85022,0.85033,1.19,1.50
2014.05.30 04:12:03.608,0.85023,0.85033,1.02,1.50
2014.05.30 04:12:03.709,0.85025,0.85035,1.25,1.00
2014.05.30 04:12:03.760,0.85026,0.85035,1.29,1.00
2014.05.30 04:12:03.862,0.85026,0.85037,1.77,1.50
2014.05.30 04:12:04.165,0.85029,0.85038,1.19,1.00
2014.05.30 04:12:04.674,0.85029,0.85039,1.19,1.50
2014.05.30 04:12:05.180,0.8503,0.85039,1.19,1.50
2014.05.30 04:12:10.684,0.85029,0.85039,1.19,1.50
2014.05.30 04:12:13.531,0.85029,0.85038,1.19,1.00
2014.05.30 04:12:15.809,0.85029,0.85038,1.19,1.50
2014.05.30 04:12:17.803,0.85029,0.85038,1.19,1.50
2014.05.30 04:12:24.586,0.85029,0.85038,1.19,1.50
2014.05.30 04:12:27.874,0.85029,0.85038,1.29,1.50
2014.05.30 04:12:28.868,0.8503,0.85038,1.19,1.50
2014.05.30 04:12:30.496,0.8503,0.85038,1.19,1.50
2014.05.30 04:12:30.997,0.8503,0.85037,1.19,1.00
2014.05.30 04:12:33.975,0.8503,0.85038,1.19,1.00
2014.05.30 04:12:34.530,0.85031,0.85038,1.19,1.00
2014.05.30 04:12:36.509,0.8503,0.85038,1.19,1.50
2014.05.30 04:12:45.840,0.8503,0.85037,1.19,1.00
2014.05.30 04:12:46.372,0.85029,0.85037,1.29,1.00
2014.05.30 04:12:47.865,0.85028,0.85037,1.37,1.00
2014.05.30 04:12:48.858,0.85029,0.85037,1.29,1.00
2014.05.30 04:12:55.495,0.85029,0.8504,1.29,1.50
2014.05.30 04:12:56.254,0.85029,0.85039,1.29,1.00
2014.05.30 04:12:56.767,0.85029,0.85039,1.29,1.00
2014.05.30 04:13:00.170,0.8503,0.85039,1.19,1.00
2014.05.30 04:13:01.880,0.85031,0.85039,1.19,1.00
2014.05.30 04:13:04.225,0.8503,0.85039,1.19,1.00
2014.05.30 04:13:10.400,0.8503,0.85038,1.19,1.00
2014.05.30 04:13:10.905,0.85029,0.85039,1.19,1.50
2014.05.30 04:13:13.805,0.85029,0.85037,1.19,1.00
2014.05.30 04:13:14.409,0.85029,0.85036,1.19,1.00
2014.05.30 04:13:17.565,0.8503,0.85036,1.19,1.00
2014.05.30 04:13:18.755,0.85029,0.85038,1.19,1.00
2014.05.30 04:13:21.150,0.85029,0.85038,1.19,1.00
2014.05.30 04:13:21.966,0.85029,0.85036,1.19,1.00
2014.05.30 04:13:22.270,0.85026,0.85036,1.37,1.00
2014.05.30 04:13:22.788,0.85025,0.85035,1.37,1.00
2014.05.30 04:13:23.901,0.85025,0.85035,1.37,1.00
2014.05.30 04:13:24.053,0.85025,0.85033,1.29,1.00
2014.05.30 04:13:24.962,0.85023,0.85033,1.34,1.00
2014.05.30 04:13:25.467,0.85023,0.85034,1.27,1.00
2014.05.30 04:13:25.980,0.85021,0.85033,1.77,1.00
2014.05.30 04:13:27.115,0.85022,0.85034,1.19,1.50
2014.05.30 04:13:27.620,0.85022,0.85033,1.19,1.00
2014.05.30 04:13:28.154,0.85022,0.85034,1.19,1.50
2014.05.30 04:13:32.439,0.85022,0.85034,1.19,1.50
2014.05.30 04:13:33.428,0.85025,0.85035,1.25,1.00
2014.05.30 04:13:33.832,0.85026,0.85034,1.18,1.00
2014.05.30 04:13:39.877,0.85026,0.85034,1.37,1.00
2014.05.30 04:13:42.399,0.85024,0.85034,1.84,1.00
2014.05.30 04:13:42.918,0.85024,0.85034,1.34,1.00
2014.05.30 04:13:53.922,0.85025,0.85034,1.29,1.00
2014.05.30 04:13:54.821,0.85025,0.85034,1.29,1.00
2014.05.30 04:13:58.571,0.85025,0.85036,1.77,1.35
2014.05.30 04:14:04.514,0.85026,0.85036,1.33,1.35
2014.05.30 04:14:04.818,0.8503,0.85038,1.58,2.10
2014.05.30 04:14:04.869,0.85031,0.8504,1.29,1.00
2014.05.30 04:14:04.970,0.85033,0.85043,1.69,1.00
2014.05.30 04:14:05.375,0.85035,0.85043,1.33,1.00
2014.05.30 04:14:05.780,0.85035,0.85046,1.40,1.00
2014.05.30 04:14:07.683,0.85035,0.85046,1.77,1.00
2014.05.30 04:14:08.211,0.85035,0.85045,1.29,1.00
2014.05.30 04:14:08.864,0.85034,0.85044,1.84,1.00
2014.05.30 04:14:08.966,0.85034,0.85044,1.00,1.10
2014.05.30 04:14:09.477,0.85032,0.85043,1.19,1.00
2014.05.30 04:14:12.527,0.85031,0.85043,1.37,1.00
2014.05.30 04:14:13.033,0.8503,0.85042,1.77,1.00
2014.05.30 04:14:13.556,0.85029,0.85041,1.84,1.00
2014.05.30 04:14:14.062,0.85029,0.85042,2.59,1.25
2014.05.30 04:14:17.084,0.8503,0.85042,1.37,1.00
2014.05.30 04:14:18.556,0.85033,0.85042,1.19,1.00
2014.05.30 04:14:18.809,0.85035,0.85046,1.29,1.50
2014.05.30 04:14:25.149,0.85036,0.85047,1.19,1.00
2014.05.30 04:14:27.505,0.85036,0.85047,1.19,1.00
2014.05.30 04:14:48.809,0.85037,0.85046,1.19,1.00
2014.05.30 04:14:50.280,0.85037,0.85046,1.19,1.00
2014.05.30 04:14:55.493,0.85036,0.85047,1.29,1.00
2014.05.30 04:14:56.104,0.85036,0.85047,1.29,1.00
2014.05.30 04:14:57.821,0.85036,0.85047,1.29,1.00
2014.05.30 04:15:02.338,0.85036,0.85047,1.19,1.00
2014.05.30 04:15:06.474,0.85035,0.85046,1.19,1.00
2014.05.30 04:15:06.575,0.85033,0.85041,1.09,1.00
2014.05.30 04:15:06.677,0.85031,0.85041,1.77,1.00
2014.05.30 04:15:07.641,0.85029,0.85042,1.69,1.10
2014.05.30 04:15:08.390,0.85029,0.85042,1.69,1.18
2014.05.30 04:15:09.101,0.85029,0.85042,1.25,1.37
2014.05.30 04:15:09.693,0.85029,0.8504,1.00,1.19
2014.05.30 04:15:09.997,0.85028,0.8504,1.00,1.84
2014.05.30 04:15:10.057,0.85028,0.8504,1.00,1.84
2014.05.30 04:15:10.746,0.85026,0.85038,1.19,1.00
2014.05.30 04:15:11.261,0.85027,0.8504,1.25,1.37
2014.05.30 04:15:13.939,0.85026,0.85038,1.29,1.00
2014.05.30 04:15:18.935,0.85026,0.85038,1.77,1.00
2014.05.30 04:15:29.198,0.85026,0.85038,1.84,1.00
2014.05.30 04:15:30.207,0.85026,0.85038,1.84,1.00
2014.05.30 04:15:33.907,0.85026,0.85038,1.84,1.00
2014.05.30 04:15:44.078,0.85025,0.85037,1.84,1.00
2014.05.30 04:15:44.959,0.85025,0.85037,1.77,1.00
2014.05.30 04:15:45.505,0.85025,0.85036,1.69,1.00
2014.05.30 04:15:46.018,0.85025,0.85036,1.25,1.00
2014.05.30 04:15:49.512,0.85025,0.85037,1.25,2.07
2014.05.30 04:15:51.592,0.85025,0.85037,1.00,1.19
2014.05.30 04:15:54.801,0.85025,0.85037,1.25,1.25
2014.05.30 04:16:00.652,0.85025,0.85037,1.69,1.00
2014.05.30 04:16:01.640,0.85025,0.85037,1.69,1.00
2014.05.30 04:16:06.870,0.85028,0.85038,1.19,1.00
2014.05.30 04:16:07.501,0.85028,0.85038,1.34,1.00
2014.05.30 04:16:07.858,0.85029,0.8504,1.09,1.00
2014.05.30 04:16:08.010,0.8503,0.8504,1.34,1.00
2014.05.30 04:16:08.060,0.8503,0.85042,1.84,1.00
2014.05.30 04:16:09.046,0.85032,0.85044,1.02,1.54
2014.05.30 04:16:11.227,0.85031,0.85042,1.19,1.00
2014.05.30 04:16:15.998,0.85032,0.85042,1.19,1.00
2014.05.30 04:16:16.504,0.85032,0.85042,1.34,1.00
2014.05.30 04:16:17.304,0.85033,0.85043,1.37,1.00
2014.05.30 04:16:19.172,0.85033,0.85042,1.37,1.00
2014.05.30 04:16:19.746,0.85031,0.85043,1.84,1.00
2014.05.30 04:16:26.744,0.85032,0.85041,1.34,1.00
2014.05.30 04:16:27.300,0.85032,0.8504,1.34,1.00
2014.05.30 04:16:27.619,0.85032,0.85038,1.29,1.00
2014.05.30 04:16:27.835,0.85032,0.8504,1.29,1.00
2014.05.30 04:16:28.346,0.8503,0.8504,1.34,1.00
2014.05.30 04:16:35.238,0.8503,0.85041,1.84,1.00
2014.05.30 04:16:45.769,0.85031,0.85042,1.37,1.50
2014.05.30 04:16:46.274,0.85032,0.85041,1.37,1.00
2014.05.30 04:16:48.111,0.85032,0.85042,1.69,1.00
2014.05.30 04:16:49.194,0.85033,0.85042,1.19,1.00
2014.05.30 04:16:50.183,0.85032,0.85042,1.69,1.00
2014.05.30 04:16:53.799,0.85032,0.85042,1.00,1.00
2014.05.30 04:16:54.305,0.85031,0.85041,1.25,1.00
2014.05.30 04:16:54.889,0.8503,0.8504,1.69,1.00
2014.05.30 04:16:55.434,0.8503,0.85039,1.19,1.00
2014.05.30 04:17:02.615,0.85033,0.85039,1.19,1.00
2014.05.30 04:17:02.718,0.85033,0.85041,1.19,1.50
2014.05.30 04:17:03.173,0.85033,0.85043,1.69,1.00
2014.05.30 04:17:03.224,0.85035,0.85043,1.19,1.00
2014.05.30 04:17:03.729,0.85035,0.85045,1.69,2.25
2014.05.30 04:17:04.083,0.85036,0.85046,1.25,1.50
2014.05.30 04:17:04.668,0.85035,0.85045,1.69,1.00
2014.05.30 04:17:08.194,0.85034,0.85044,1.69,1.00
2014.05.30 04:17:10.629,0.85034,0.85042,1.19,1.00
2014.05.30 04:17:11.184,0.85033,0.85042,1.19,1.00
2014.05.30 04:17:15.833,0.85032,0.85042,1.69,1.50
2014.05.30 04:17:16.138,0.85032,0.85038,1.19,1.00
2014.05.30 04:17:16.400,0.85032,0.85041,1.19,1.50
2014.05.30 04:17:16.938,0.85031,0.8504,1.19,1.00
2014.05.30 04:17:17.461,0.85031,0.85041,1.69,1.00
2014.05.30 04:17:17.966,0.85031,0.8504,1.19,1.00
2014.05.30 04:17:20.709,0.85032,0.85041,1.25,1.00
2014.05.30 04:17:23.811,0.8503,0.85039,1.69,1.00
2014.05.30 04:17:24.339,0.85031,0.85042,1.19,1.50
2014.05.30 04:17:24.392,0.85033,0.85042,1.19,1.50
2014.05.30 04:17:24.696,0.85033,0.85044,1.69,1.00
2014.05.30 04:17:24.797,0.85033,0.85042,1.19,1.00
2014.05.30 04:17:25.303,0.85033,0.85043,1.19,1.00
2014.05.30 04:17:26.860,0.85033,0.85043,1.19,1.00
2014.05.30 04:17:27.898,0.85033,0.85043,1.19,1.00
2014.05.30 04:17:29.013,0.85034,0.85043,1.19,1.00
2014.05.30 04:17:31.470,0.85035,0.85046,1.25,1.00
2014.05.30 04:17:31.521,0.85037,0.85046,1.29,1.00
2014.05.30 04:17:32.030,0.85037,0.85047,1.37,1.35
2014.05.30 04:17:32.785,0.85038,0.85047,1.19,1.35
2014.05.30 04:17:36.473,0.85038,0.85049,1.77,1.50
2014.05.30 04:17:36.626,0.8504,0.85049,1.19,1.50
2014.05.30 04:17:37.092,0.85041,0.85052,1.25,1.00
2014.05.30 04:17:37.143,0.85043,0.85052,1.19,1.00
2014.05.30 04:17:37.194,0.85043,0.85055,1.19,1.45
2014.05.30 04:17:37.717,0.85043,0.85055,1.37,1.00
2014.05.30 04:17:38.257,0.85044,0.85055,1.19,1.10
2014.05.30 04:17:41.164,0.85044,0.85054,1.19,1.00
2014.05.30 04:17:41.366,0.85042,0.85054,1.19,1.18
2014.05.30 04:17:46.645,0.85042,0.85054,1.19,1.20
2014.05.30 04:17:56.040,0.85042,0.85055,1.69,1.84
2014.05.30 04:17:56.879,0.85042,0.85052,1.19,1.00
2014.05.30 04:17:57.426,0.85042,0.85052,1.19,1.18
2014.05.30 04:17:57.946,0.85039,0.85052,1.69,1.09
2014.05.30 04:17:58.728,0.85039,0.85048,1.19,1.00
2014.05.30 04:17:59.851,0.85037,0.85048,1.19,1.00
2014.05.30 04:18:00.718,0.85037,0.85049,1.19,1.10
2014.05.30 04:18:01.276,0.85037,0.8505,1.77,1.25
2014.05.30 04:18:01.811,0.85037,0.85049,1.29,1.00
2014.05.30 04:18:02.453,0.85037,0.85049,1.29,1.00
2014.05.30 04:18:06.141,0.85036,0.85049,1.84,1.25
2014.05.30 04:18:07.286,0.85036,0.85049,1.25,1.29
2014.05.30 04:18:07.539,0.85035,0.85046,1.19,1.00
2014.05.30 04:18:08.044,0.85035,0.85047,1.19,1.10
2014.05.30 04:18:09.727,0.85036,0.85048,1.25,1.02
2014.05.30 04:18:10.084,0.85035,0.85046,1.29,1.00
2014.05.30 04:18:11.742,0.85035,0.85048,1.69,1.47
2014.05.30 04:18:12.262,0.85035,0.85046,1.19,1.00
2014.05.30 04:18:12.767,0.85035,0.85047,1.19,1.10
2014.05.30 04:18:13.279,0.85034,0.85046,1.19,1.00
2014.05.30 04:18:14.240,0.85035,0.85047,1.25,1.09
2014.05.30 04:18:14.543,0.85033,0.85043,1.19,1.00
2014.05.30 04:18:15.149,0.85033,0.85044,1.19,1.10
2014.05.30 04:18:15.705,0.85032,0.85045,1.25,1.29
2014.05.30 04:18:16.563,0.85033,0.85045,1.00,2.22
2014.05.30 04:18:17.067,0.85031,0.85044,1.69,1.09
2014.05.30 04:18:17.623,0.85032,0.85044,1.25,1.40
2014.05.30 04:18:18.113,0.8503,0.85043,1.25,1.37
2014.05.30 04:18:18.615,0.85031,0.85044,1.18,1.69
2014.05.30 04:18:19.116,0.85031,0.85044,1.09,1.19
2014.05.30 04:18:22.335,0.85031,0.85044,1.37,1.25
2014.05.30 04:18:26.032,0.85031,0.85044,1.09,1.19
2014.05.30 04:18:27.236,0.85035,0.85044,1.25,1.00
2014.05.30 04:18:27.541,0.85037,0.85045,1.25,1.00
2014.05.30 04:18:29.315,0.85037,0.85043,1.25,1.00
2014.05.30 04:18:29.416,0.85037,0.85045,1.25,1.00
2014.05.30 04:18:29.769,0.85037,0.85047,1.25,1.00
2014.05.30 04:18:30.642,0.85039,0.85047,1.25,1.00
2014.05.30 04:18:31.548,0.85039,0.85048,1.25,1.35
2014.05.30 04:18:32.070,0.8504,0.85048,1.25,1.35
2014.05.30 04:18:32.946,0.8504,0.85047,1.25,1.00
2014.05.30 04:18:34.144,0.8504,0.85048,1.25,1.00
2014.05.30 04:18:34.804,0.85041,0.85048,1.25,1.00
2014.05.30 04:18:36.474,0.85041,0.85048,1.19,1.00
2014.05.30 04:18:37.030,0.85041,0.85047,1.19,1.00
2014.05.30 04:18:39.027,0.85042,0.85049,1.25,1.00
2014.05.30 04:18:39.078,0.85044,0.85049,1.25,1.00
2014.05.30 04:18:39.584,0.85044,0.85048,1.25,1.00
2014.05.30 04:18:40.089,0.85045,0.85049,1.25,1.00
2014.05.30 04:18:40.784,0.85047,0.85052,1.25,1.00
2014.05.30 04:18:41.190,0.8505,0.8506,1.25,2.33
2014.05.30 04:18:41.392,0.8505,0.85056,1.25,1.00
2014.05.30 04:18:41.494,0.85048,0.85053,1.58,1.00
2014.05.30 04:18:41.999,0.85048,0.85052,1.50,1.00
2014.05.30 04:18:42.100,0.85048,0.85052,1.25,1.00
2014.05.30 04:18:42.633,0.85046,0.85051,1.50,1.00
2014.05.30 04:18:44.097,0.85047,0.85051,1.25,1.00
2014.05.30 04:18:53.387,0.85045,0.8505,1.50,1.00
2014.05.30 04:18:53.892,0.85045,0.85049,1.50,1.00
2014.05.30 04:18:54.611,0.85045,0.85056,1.19,1.15
2014.05.30 04:18:57.752,0.85045,0.85049,1.25,1.00
2014.05.30 04:18:58.257,0.85045,0.8505,1.25,1.00
2014.05.30 04:18:58.308,0.85042,0.85048,1.50,1.00
2014.05.30 04:18:58.721,0.85043,0.85047,1.25,1.00
2014.05.30 04:18:59.229,0.85043,0.85048,1.25,1.00
2014.05.30 04:18:59.975,0.85043,0.85049,1.25,1.00
2014.05.30 04:19:14.691,0.85042,0.85048,1.19,1.00
2014.05.30 04:19:15.348,0.85042,0.85049,1.19,1.00
2014.05.30 04:19:15.851,0.85042,0.85048,1.19,1.00
2014.05.30 04:19:16.361,0.85042,0.85048,1.25,1.00
2014.05.30 04:19:22.492,0.85042,0.85047,1.25,1.00
2014.05.30 04:19:52.329,0.85041,0.85046,1.19,1.00
2014.05.30 04:19:53.042,0.85041,0.85046,1.25,1.00
2014.05.30 04:19:57.104,0.85042,0.85053,1.19,1.15
2014.05.30 04:19:57.616,0.85042,0.85048,1.19,1.00
2014.05.30 04:19:58.638,0.85042,0.85048,1.25,1.00
2014.05.30 04:20:00.926,0.85043,0.85048,1.25,1.00
2014.05.30 04:20:01.431,0.85043,0.85049,1.25,1.00
2014.05.30 04:20:01.966,0.85042,0.85048,1.19,1.00
2014.05.30 04:20:06.552,0.85043,0.85048,1.19,1.00
2014.05.30 04:20:07.668,0.85043,0.85048,1.25,1.00
2014.05.30 04:20:11.446,0.85043,0.8505,1.25,1.00
2014.05.30 04:20:11.597,0.85044,0.85048,1.25,1.00
2014.05.30 04:20:12.472,0.85043,0.85048,1.25,1.00
2014.05.30 04:20:12.683,0.85043,0.8505,1.25,1.00
2014.05.30 04:20:13.489,0.85043,0.8505,1.19,1.00
2014.05.30 04:20:14.212,0.85043,0.85049,1.19,1.00
2014.05.30 04:20:18.941,0.85044,0.85048,1.25,1.00
2014.05.30 04:20:20.094,0.85042,0.85048,1.25,1.00
2014.05.30 04:20:20.634,0.85042,0.85047,1.25,1.00
2014.05.30 04:20:21.310,0.85041,0.85047,1.25,1.00
2014.05.30 04:20:26.215,0.85039,0.85047,1.19,1.00
2014.05.30 04:20:30.086,0.85038,0.85047,1.19,1.00
2014.05.30 04:20:30.314,0.85038,0.85044,1.19,1.00
2014.05.30 04:20:30.993,0.85035,0.85044,1.69,1.00
2014.05.30 04:20:32.230,0.85035,0.85044,1.25,1.00
2014.05.30 04:20:35.216,0.85034,0.85044,1.25,1.00
2014.05.30 04:20:36.281,0.85034,0.85042,1.25,1.00
2014.05.30 04:21:04.367,0.85034,0.85044,1.00,1.00
2014.05.30 04:21:06.195,0.85034,0.85042,1.00,1.00
2014.05.30 04:21:11.841,0.85033,0.85042,1.25,1.00
2014.05.30 04:21:26.892,0.85033,0.85042,1.19,1.00
2014.05.30 04:21:27.471,0.85033,0.85043,1.19,1.00
2014.05.30 04:21:31.025,0.85032,0.85043,1.77,1.00
2014.05.30 04:21:32.022,0.85033,0.85043,1.19,1.00
2014.05.30 04:21:35.824,0.85032,0.85043,1.77,1.00
2014.05.30 04:21:38.095,0.85032,0.85042,1.77,1.00
2014.05.30 04:21:39.740,0.85033,0.85042,1.19,1.00
2014.05.30 04:21:45.173,0.85032,0.85042,1.77,1.00
2014.05.30 04:21:48.788,0.85033,0.85042,1.19,1.00
2014.05.30 04:21:51.944,0.85032,0.85042,1.77,1.00
2014.05.30 04:21:54.808,0.85033,0.85042,1.19,1.00
2014.05.30 04:21:55.545,0.85033,0.85043,1.69,1.00
2014.05.30 04:21:58.046,0.85034,0.85043,1.19,1.00
2014.05.30 04:22:00.725,0.85033,0.85043,1.69,1.00
2014.05.30 04:22:09.897,0.85033,0.85042,1.19,1.00
2014.05.30 04:22:19.075,0.85032,0.85042,1.69,1.00
2014.05.30 04:22:21.395,0.85033,0.85042,1.19,1.00
2014.05.30 04:22:22.081,0.85033,0.85041,1.19,1.00
2014.05.30 04:22:22.944,0.85032,0.85041,1.19,1.00
2014.05.30 04:22:23.270,0.85032,0.85039,1.19,1.00
2014.05.30 04:22:23.929,0.8503,0.85039,1.19,1.00
2014.05.30 04:22:24.593,0.8503,0.85038,1.19,1.00
2014.05.30 04:22:25.964,0.85029,0.85038,1.29,1.00
2014.05.30 04:22:29.012,0.8503,0.8504,1.25,1.00
2014.05.30 04:22:29.677,0.8503,0.8504,1.69,1.00
2014.05.30 04:22:30.787,0.8503,0.85039,1.19,1.00
2014.05.30 04:22:34.264,0.8503,0.8504,1.69,1.00
2014.05.30 04:22:34.795,0.85031,0.85041,1.25,1.00
2014.05.30 04:22:35.299,0.85031,0.85041,1.69,1.00
2014.05.30 04:22:37.667,0.85032,0.85041,1.19,1.00
2014.05.30 04:22:38.264,0.85032,0.85042,1.69,1.00
2014.05.30 04:22:38.772,0.85033,0.85042,1.19,1.00
2014.05.30 04:22:39.284,0.85033,0.85043,1.77,1.00
2014.05.30 04:22:40.007,0.85034,0.85043,1.19,1.00
2014.05.30 04:22:44.228,0.85035,0.85043,1.19,1.00
2014.05.30 04:22:49.029,0.85035,0.85044,1.19,1.00
2014.05.30 04:22:49.931,0.85034,0.85044,1.69,1.00
2014.05.30 04:22:51.108,0.85034,0.85043,1.19,1.00
2014.05.30 04:22:53.006,0.85034,0.85044,1.69,1.00
2014.05.30 04:22:55.342,0.85035,0.85044,1.19,1.00
2014.05.30 04:22:57.442,0.85036,0.85044,1.19,1.00
2014.05.30 04:22:58.548,0.85036,0.85044,1.25,1.00
2014.05.30 04:22:58.799,0.85036,0.85042,1.25,1.00
2014.05.30 04:23:01.446,0.85036,0.85044,1.25,1.00
2014.05.30 04:23:01.547,0.85036,0.85046,1.69,1.00
2014.05.30 04:23:02.360,0.85037,0.85046,1.19,1.00
2014.05.30 04:23:04.209,0.85038,0.85048,1.69,1.00
2014.05.30 04:23:04.418,0.85041,0.85048,1.25,1.00
2014.05.30 04:23:04.721,0.85043,0.85049,1.19,1.00
2014.05.30 04:23:05.075,0.85043,0.85052,1.19,1.00
2014.05.30 04:23:05.580,0.85045,0.85052,1.25,1.00
2014.05.30 04:23:08.557,0.85042,0.85052,1.25,1.00
2014.05.30 04:23:10.468,0.85041,0.85051,1.25,1.00
2014.05.30 04:23:32.884,0.85039,0.85049,1.69,1.00
2014.05.30 04:23:38.871,0.85039,0.85049,1.69,1.00
2014.05.30 04:23:39.023,0.85042,0.85052,1.00,1.00
2014.05.30 04:23:39.540,0.85043,0.85053,1.00,1.25
2014.05.30 04:23:41.744,0.85043,0.85053,1.69,1.00
2014.05.30 04:23:44.789,0.85043,0.85053,1.00,1.00
2014.05.30 04:23:46.960,0.85042,0.85052,1.25,1.00
2014.05.30 04:23:47.365,0.8504,0.8505,1.19,1.00
2014.05.30 04:23:48.192,0.8504,0.8505,1.00,1.00
2014.05.30 04:23:50.780,0.85041,0.85051,1.00,1.02
2014.05.30 04:23:53.667,0.8504,0.8505,1.25,1.00
2014.05.30 04:23:54.876,0.85039,0.85049,1.25,1.00
2014.05.30 04:23:59.903,0.8504,0.8505,1.00,1.25
2014.05.30 04:24:00.219,0.85041,0.85051,1.19,1.00
2014.05.30 04:24:00.740,0.85043,0.85052,1.19,1.00
2014.05.30 04:24:00.791,0.85044,0.85054,1.02,1.10
2014.05.30 04:24:01.296,0.85044,0.85054,1.25,1.18
2014.05.30 04:24:05.187,0.85043,0.85053,1.00,1.02
2014.05.30 04:24:05.955,0.85042,0.85052,1.00,1.00
2014.05.30 04:24:06.546,0.85043,0.85053,1.00,1.02
2014.05.30 04:24:15.963,0.85041,0.85051,1.25,1.00
2014.05.30 04:24:35.253,0.8504,0.8505,1.25,1.00
2014.05.30 04:24:36.074,0.85042,0.85052,1.00,1.25
2014.05.30 04:24:36.913,0.85041,0.85051,1.25,1.00
2014.05.30 04:24:43.971,0.85041,0.85052,1.00,1.02
2014.05.30 04:24:47.149,0.85042,0.85053,1.00,1.37
2014.05.30 04:24:50.903,0.85041,0.85052,1.00,1.02
2014.05.30 04:24:58.796,0.8504,0.85051,1.19,1.00
2014.05.30 04:24:59.321,0.8504,0.85051,1.00,1.25
2014.05.30 04:25:03.691,0.8504,0.85051,1.19,1.00
2014.05.30 04:25:04.995,0.8504,0.85051,1.25,1.00
2014.05.30 04:25:31.697,0.85041,0.85052,1.00,1.25
2014.05.30 04:25:32.215,0.85042,0.85053,1.02,1.00
2014.05.30 04:25:32.896,0.85043,0.85054,1.00,1.25
2014.05.30 04:25:36.326,0.85042,0.85053,1.29,1.00
2014.05.30 04:25:36.835,0.85042,0.85053,1.02,1.00
2014.05.30 04:25:37.345,0.85043,0.85054,1.00,1.25
2014.05.30 04:25:43.871,0.85042,0.85053,1.29,1.00
2014.05.30 04:25:45.088,0.85042,0.85053,1.02,1.00
2014.05.30 04:25:45.393,0.85044,0.85055,1.00,1.19
2014.05.30 04:25:46.913,0.85044,0.85055,1.00,1.25
2014.05.30 04:25:56.658,0.85042,0.85052,1.29,1.00
2014.05.30 04:25:57.170,0.85042,0.85053,1.77,1.00
2014.05.30 04:25:57.346,0.85042,0.85053,1.02,1.00
2014.05.30 04:26:01.940,0.85043,0.85054,1.00,1.02
2014.05.30 04:26:16.975,0.85043,0.85053,1.00,1.00
2014.05.30 04:26:31.824,0.85044,0.85053,1.00,1.00
2014.05.30 04:26:37.837,0.85044,0.85054,1.00,1.02
2014.05.30 04:26:48.783,0.85042,0.85052,1.25,1.00
2014.05.30 04:26:50.855,0.85041,0.85051,1.25,1.00
2014.05.30 04:26:57.349,0.85043,0.85053,1.00,2.59
2014.05.30 04:26:59.008,0.85044,0.85053,1.00,1.37
2014.05.30 04:27:00.067,0.85044,0.85054,1.00,2.59
2014.05.30 04:27:02.955,0.85043,0.85053,1.00,1.02
2014.05.30 04:27:03.664,0.85043,0.85053,1.00,1.29
2014.05.30 04:27:04.197,0.85043,0.85053,1.00,1.02
2014.05.30 04:27:10.925,0.85044,0.85054,1.00,2.59
2014.05.30 04:27:12.017,0.85044,0.85054,1.00,2.59
2014.05.30 04:27:13.009,0.85044,0.85054,1.00,2.59
2014.05.30 04:27:14.929,0.85044,0.85054,1.00,2.59
2014.05.30 04:27:15.928,0.85044,0.85054,1.00,2.59
2014.05.30 04:27:16.917,0.85044,0.85054,1.00,2.59
2014.05.30 04:27:19.515,0.85042,0.85052,1.00,1.25
2014.05.30 04:27:20.050,0.85043,0.85053,1.00,1.77
2014.05.30 04:27:26.877,0.85043,0.85053,1.00,1.02
2014.05.30 04:27:27.996,0.85044,0.85054,1.00,1.84
2014.05.30 04:27:29.954,0.85045,0.85054,1.00,1.37
2014.05.30 04:27:42.933,0.85043,0.85053,1.00,1.02
2014.05.30 04:27:44.121,0.85043,0.85053,1.00,1.29
2014.05.30 04:27:44.659,0.85044,0.85054,1.00,1.69
2014.05.30 04:27:45.143,0.85042,0.85049,1.00,1.00
2014.05.30 04:27:45.698,0.8504,0.85049,1.00,1.00
2014.05.30 04:27:47.135,0.8504,0.8505,1.00,1.00
2014.05.30 04:27:47.236,0.85043,0.85053,1.00,1.84
2014.05.30 04:27:48.054,0.85043,0.85053,1.00,1.37
2014.05.30 04:27:51.599,0.85043,0.85051,1.00,2.29
2014.05.30 04:27:51.852,0.85035,0.85045,1.25,1.69
2014.05.30 04:27:51.903,0.85035,0.85045,1.25,1.00
2014.05.30 04:27:52.206,0.85037,0.85042,1.00,1.00
2014.05.30 04:27:52.308,0.85035,0.85042,1.00,1.00
2014.05.30 04:27:52.460,0.85035,0.85045,1.00,1.00
2014.05.30 04:27:52.662,0.85037,0.85047,1.00,1.29
2014.05.30 04:27:53.189,0.85037,0.85047,1.00,1.25
2014.05.30 04:27:56.722,0.85036,0.85046,1.25,1.00
2014.05.30 04:27:57.784,0.85037,0.85047,1.00,1.00
2014.05.30 04:27:58.189,0.85038,0.85048,1.33,1.00
2014.05.30 04:27:58.239,0.85041,0.85051,1.25,1.00
2014.05.30 04:27:58.492,0.85044,0.85054,1.00,1.77
2014.05.30 04:27:59.194,0.85044,0.85054,1.00,1.02
2014.05.30 04:28:08.453,0.85047,0.85056,1.00,1.34
2014.05.30 04:28:08.605,0.85044,0.85054,1.00,1.10
2014.05.30 04:28:12.560,0.85043,0.85053,1.25,1.00
2014.05.30 04:28:15.311,0.85044,0.85054,1.00,1.00
2014.05.30 04:28:15.823,0.85045,0.85055,1.00,1.25
2014.05.30 04:28:20.921,0.85046,0.85056,1.00,1.00
2014.05.30 04:28:21.424,0.85044,0.85054,1.84,1.00
2014.05.30 04:28:22.325,0.85046,0.85056,1.25,1.00
2014.05.30 04:28:25.644,0.85047,0.85056,1.19,1.00
2014.05.30 04:28:28.962,0.85048,0.85056,1.19,1.00
2014.05.30 04:28:36.307,0.8505,0.85058,1.69,2.10
2014.05.30 04:28:36.358,0.8505,0.8506,1.69,1.00
2014.05.30 04:28:36.509,0.85052,0.85062,1.00,1.10
2014.05.30 04:28:36.863,0.85054,0.85064,1.00,1.00
2014.05.30 04:28:38.803,0.85054,0.85063,1.25,1.00
2014.05.30 04:28:39.411,0.85054,0.85063,1.19,1.00
2014.05.30 04:28:39.984,0.85053,0.85063,1.69,1.00
2014.05.30 04:28:40.035,0.85056,0.85066,1.00,1.62
2014.05.30 04:28:40.136,0.85054,0.85064,1.25,1.00
2014.05.30 04:28:40.703,0.85053,0.85063,1.69,1.00
2014.05.30 04:28:46.177,0.85054,0.85063,1.19,1.00
2014.05.30 04:28:49.420,0.85053,0.85063,1.69,1.00
2014.05.30 04:28:50.926,0.85053,0.85062,1.19,1.00
2014.05.30 04:28:51.782,0.85054,0.85064,1.25,1.00
2014.05.30 04:28:52.353,0.85053,0.85065,1.69,1.10
2014.05.30 04:28:57.816,0.85054,0.85065,1.19,1.10
2014.05.30 04:28:58.041,0.85053,0.85065,1.25,1.02
2014.05.30 04:28:58.608,0.85054,0.85066,1.00,1.69
2014.05.30 04:28:59.959,0.85054,0.85066,1.25,1.62
2014.05.30 04:29:00.606,0.85054,0.85066,1.25,1.69
2014.05.30 04:29:07.384,0.85052,0.85064,1.69,1.00
2014.05.30 04:29:08.267,0.85052,0.85064,1.25,1.25
2014.05.30 04:29:14.321,0.85052,0.85064,1.00,1.19
2014.05.30 04:29:16.414,0.85053,0.85064,1.00,1.29
2014.05.30 04:29:16.969,0.85052,0.85064,1.00,1.37
2014.05.30 04:29:18.417,0.85053,0.85065,1.00,2.59
2014.05.30 04:29:18.951,0.85051,0.85063,1.25,1.25
2014.05.30 04:29:19.456,0.85052,0.85062,1.00,1.10
2014.05.30 04:29:20.182,0.85054,0.85064,1.00,1.84
2014.05.30 04:29:20.769,0.85054,0.85064,1.00,1.77
2014.05.30 04:29:21.399,0.85054,0.85064,1.00,1.84
2014.05.30 04:29:22.088,0.85054,0.85064,1.00,1.77
2014.05.30 04:29:22.821,0.85054,0.85064,1.00,1.84
2014.05.30 04:29:23.439,0.85054,0.85064,1.00,1.84
2014.05.30 04:29:23.954,0.85054,0.85063,1.00,1.10
2014.05.30 04:29:31.276,0.85054,0.85062,1.00,1.00
2014.05.30 04:29:31.582,0.85044,0.8505,1.08,1.00
2014.05.30 04:29:31.835,0.8504,0.85049,2.25,1.00
2014.05.30 04:29:31.886,0.85039,0.85049,1.00,1.00
2014.05.30 04:29:32.390,0.85039,0.85047,1.00,1.00
2014.05.30 04:29:32.895,0.85039,0.85046,1.00,1.00
2014.05.30 04:29:33.047,0.85036,0.85046,1.63,1.00
2014.05.30 04:29:33.148,0.85036,0.85041,1.25,1.00
2014.05.30 04:29:33.249,0.85034,0.85043,1.25,1.00
2014.05.30 04:29:33.451,0.85034,0.85045,1.25,1.00
2014.05.30 04:29:33.704,0.85036,0.85047,1.00,2.52
2014.05.30 04:29:35.739,0.85036,0.85047,1.25,1.00
2014.05.30 04:29:36.249,0.85036,0.85048,1.25,1.69
2014.05.30 04:29:45.240,0.85036,0.85048,1.19,1.50
2014.05.30 04:29:47.870,0.85036,0.85048,1.25,1.25
2014.05.30 04:29:49.093,0.85036,0.85047,1.25,1.00
2014.05.30 04:29:49.595,0.85036,0.85048,1.25,1.25
2014.05.30 04:29:50.131,0.85036,0.85048,1.19,1.00
2014.05.30 04:29:57.578,0.85036,0.85048,1.84,1.00
2014.05.30 04:29:58.104,0.85039,0.85051,1.00,1.69
2014.05.30 04:29:58.608,0.85038,0.8505,1.02,1.25
2014.05.30 04:29:59.113,0.85038,0.8505,1.29,1.00
2014.05.30 04:30:03.349,0.85039,0.85051,1.25,1.25
2014.05.30 04:30:04.613,0.85039,0.85051,1.33,1.25
2014.05.30 04:30:06.323,0.85042,0.85054,1.69,1.58
2014.05.30 04:30:06.627,0.8505,0.85058,1.29,1.00
2014.05.30 04:30:06.789,0.8505,0.85062,1.77,1.00
2014.05.30 04:30:07.244,0.85052,0.85062,1.19,1.00
2014.05.30 04:30:07.295,0.85053,0.85065,1.19,2.10
2014.05.30 04:30:07.923,0.85055,0.85066,1.00,2.22
2014.05.30 04:30:08.434,0.85055,0.85066,1.09,2.03
2014.05.30 04:30:09.049,0.85055,0.85066,1.02,2.03
2014.05.30 04:30:10.310,0.85055,0.85065,1.25,1.00
2014.05.30 04:30:11.389,0.85054,0.85065,1.02,1.50
2014.05.30 04:30:16.464,0.85053,0.85065,1.25,1.69
2014.05.30 04:30:16.968,0.85053,0.85065,1.33,1.69
2014.05.30 04:30:17.492,0.85053,0.85065,1.25,1.69
2014.05.30 04:30:20.528,0.85053,0.85065,1.00,1.77
2014.05.30 04:30:21.788,0.85053,0.85065,1.25,1.69
2014.05.30 04:30:23.387,0.85053,0.85064,1.25,1.00
2014.05.30 04:30:24.330,0.85056,0.85064,1.13,1.00
2014.05.30 04:30:24.648,0.85057,0.85066,1.29,1.00
2014.05.30 04:30:24.901,0.85056,0.85066,2.63,1.47
2014.05.30 04:30:25.053,0.85055,0.85064,1.00,1.00
2014.05.30 04:30:25.570,0.85052,0.85064,1.25,1.69
2014.05.30 04:30:26.140,0.85052,0.85064,1.25,1.84
2014.05.30 04:30:26.443,0.8505,0.85062,1.02,1.25
2014.05.30 04:30:26.544,0.85049,0.85061,1.10,1.69
2014.05.30 04:30:26.855,0.85049,0.85057,1.00,2.59
2014.05.30 04:30:27.007,0.85042,0.85052,1.69,1.00
2014.05.30 04:30:27.108,0.85042,0.85052,1.00,1.00
2014.05.30 04:30:27.857,0.85042,0.85053,1.00,1.25
2014.05.30 04:30:28.386,0.85043,0.85052,1.00,1.25
2014.05.30 04:30:28.639,0.85045,0.85055,1.00,1.09
2014.05.30 04:30:28.942,0.85047,0.85056,1.00,1.29
2014.05.30 04:30:29.459,0.85046,0.85056,1.00,1.19
2014.05.30 04:30:29.968,0.85046,0.85056,1.00,1.25
2014.05.30 04:30:31.530,0.85048,0.85056,1.00,1.00
2014.05.30 04:30:31.833,0.85045,0.85057,1.69,1.00
2014.05.30 04:30:32.348,0.85045,0.85056,1.69,1.00
2014.05.30 04:30:33.106,0.85045,0.85056,1.25,1.00
2014.05.30 04:30:34.588,0.85045,0.85057,1.69,1.00
2014.05.30 04:30:34.790,0.85047,0.85056,1.18,1.00
2014.05.30 04:30:42.089,0.85052,0.85056,1.00,1.00
2014.05.30 04:30:42.191,0.85052,0.85061,1.25,1.00
2014.05.30 04:30:42.494,0.85055,0.85061,1.00,1.00
2014.05.30 04:30:43.007,0.85055,0.85062,1.00,1.00
2014.05.30 04:30:46.524,0.85056,0.85062,1.00,1.00
2014.05.30 04:30:46.575,0.85056,0.85064,1.00,1.10
2014.05.30 04:30:47.107,0.85056,0.85066,1.00,1.02
2014.05.30 04:30:57.166,0.85057,0.85066,1.00,1.00
2014.05.30 04:30:58.503,0.85056,0.85066,1.00,1.10
2014.05.30 04:30:58.908,0.85055,0.85064,1.00,1.00
2014.05.30 04:30:59.363,0.85055,0.85062,1.00,1.00
2014.05.30 04:30:59.740,0.85053,0.85061,1.25,1.00
2014.05.30 04:31:04.582,0.85053,0.85062,1.00,1.00
2014.05.30 04:31:05.637,0.85047,0.85056,2.03,1.00
2014.05.30 04:31:05.690,0.85049,0.85055,1.10,1.00
2014.05.30 04:31:05.792,0.85049,0.85054,1.10,1.19
2014.05.30 04:31:05.994,0.85046,0.85051,1.00,1.00
2014.05.30 04:31:06.095,0.85042,0.85051,1.48,1.00
2014.05.30 04:31:06.146,0.85042,0.85051,1.10,1.00
2014.05.30 04:31:06.348,0.8504,0.85048,1.19,1.00
2014.05.30 04:31:06.663,0.85039,0.85049,1.00,1.25
2014.05.30 04:31:06.977,0.85037,0.85048,1.25,1.00
2014.05.30 04:31:09.876,0.85037,0.8505,1.25,2.52
2014.05.30 04:31:11.797,0.85038,0.8505,1.00,1.19
2014.05.30 04:31:12.351,0.85039,0.85051,1.00,1.77
2014.05.30 04:31:23.057,0.85039,0.85051,1.00,1.29
2014.05.30 04:31:24.038,0.85041,0.85052,1.00,1.39
2014.05.30 04:31:24.241,0.85045,0.85057,1.00,3.34
2014.05.30 04:31:24.855,0.85044,0.85057,1.00,1.84
2014.05.30 04:31:25.367,0.85045,0.85058,1.25,1.34
2014.05.30 04:31:25.889,0.85043,0.85056,1.25,1.47
2014.05.30 04:31:25.990,0.85043,0.85056,1.25,1.47
2014.05.30 04:31:26.299,0.85043,0.85054,1.00,1.34
2014.05.30 04:31:26.501,0.85042,0.85054,1.00,1.77
2014.05.30 04:31:26.552,0.85045,0.85054,1.00,1.29
2014.05.30 04:31:27.108,0.85043,0.85054,1.10,1.19
2014.05.30 04:31:27.599,0.85043,0.85056,1.29,1.25
2014.05.30 04:31:28.409,0.85045,0.85057,1.00,1.77
2014.05.30 04:31:28.914,0.85045,0.85058,1.25,1.37
2014.05.30 04:31:29.431,0.85044,0.85056,1.19,1.10
2014.05.30 04:31:31.053,0.85044,0.85057,1.19,1.09
2014.05.30 04:31:31.609,0.85044,0.85057,1.19,1.09
2014.05.30 04:31:32.290,0.85044,0.85057,1.69,1.02
2014.05.30 04:31:34.790,0.85044,0.85056,1.19,1.00
2014.05.30 04:31:35.193,0.85044,0.85057,1.00,1.84
2014.05.30 04:31:35.446,0.85042,0.85054,1.00,1.29
2014.05.30 04:31:35.951,0.85041,0.85054,1.25,1.77
2014.05.30 04:31:41.185,0.85041,0.85054,1.00,1.77
2014.05.30 04:31:41.996,0.85042,0.85054,1.00,1.29
2014.05.30 04:31:42.530,0.85042,0.85054,1.00,1.29
2014.05.30 04:31:45.956,0.85044,0.85054,1.00,1.29
2014.05.30 04:31:46.108,0.85042,0.85054,1.00,1.29
2014.05.30 04:31:52.218,0.85042,0.85054,1.00,1.77
2014.05.30 04:31:55.578,0.8504,0.85053,1.25,1.29
2014.05.30 04:31:56.322,0.85043,0.85055,1.00,1.84
2014.05.30 04:31:56.626,0.85046,0.85056,1.00,1.34
2014.05.30 04:31:57.256,0.85045,0.85056,1.00,1.34
2014.05.30 04:32:05.414,0.85045,0.85057,1.00,1.84
2014.05.30 04:32:05.963,0.85044,0.85056,1.00,1.84
2014.05.30 04:32:06.496,0.85044,0.85056,1.00,1.84
2014.05.30 04:32:08.985,0.85045,0.85056,1.00,1.19
2014.05.30 04:32:09.540,0.85046,0.85056,1.00,1.19
2014.05.30 04:32:10.228,0.85046,0.85059,1.25,1.84
2014.05.30 04:32:11.833,0.85046,0.85059,1.00,1.84
2014.05.30 04:32:15.145,0.85046,0.85059,1.25,1.29
2014.05.30 04:32:21.941,0.85047,0.85058,1.50,1.25
2014.05.30 04:32:21.992,0.85047,0.85058,1.77,1.00
2014.05.30 04:32:22.043,0.8505,0.85061,1.02,1.00
2014.05.30 04:32:22.297,0.85053,0.85063,1.00,1.19
2014.05.30 04:32:22.601,0.8505,0.85063,1.09,1.69
2014.05.30 04:32:23.110,0.85051,0.85064,1.02,1.19
2014.05.30 04:32:26.180,0.85051,0.85064,1.77,1.00
2014.05.30 04:32:26.804,0.85051,0.85063,1.29,1.00
2014.05.30 04:32:27.158,0.8505,0.85063,1.69,1.02
2014.05.30 04:32:27.360,0.8505,0.85055,1.77,1.30
2014.05.30 04:32:27.461,0.85048,0.85055,1.00,1.80
2014.05.30 04:32:27.982,0.85041,0.85053,1.00,1.47
2014.05.30 04:32:28.493,0.8504,0.85053,1.25,2.22
2014.05.30 04:32:28.999,0.8504,0.85053,1.00,1.84
2014.05.30 04:32:32.352,0.8504,0.85053,1.08,1.77
2014.05.30 04:32:34.284,0.8504,0.85053,1.10,1.77
2014.05.30 04:32:38.012,0.8504,0.85051,1.00,1.19
2014.05.30 04:32:38.215,0.8504,0.85053,1.25,1.77
2014.05.30 04:32:38.368,0.85043,0.85053,1.00,1.29
2014.05.30 04:32:38.470,0.85043,0.85056,1.69,1.05
2014.05.30 04:32:38.622,0.85046,0.85058,1.00,1.63
2014.05.30 04:32:39.076,0.85048,0.85058,1.00,1.45
2014.05.30 04:32:40.271,0.85048,0.8506,1.00,1.59
2014.05.30 04:32:40.473,0.85048,0.8506,1.00,1.37
2014.05.30 04:32:43.527,0.85051,0.8506,2.10,1.37
2014.05.30 04:32:43.679,0.85055,0.85063,1.19,1.13
2014.05.30 04:32:43.789,0.85055,0.85066,1.37,1.00
2014.05.30 04:32:43.840,0.85057,0.85066,1.19,1.00
2014.05.30 04:32:44.147,0.85062,0.85072,1.00,1.37
2014.05.30 04:32:44.248,0.85062,0.85074,1.25,1.02
2014.05.30 04:32:44.758,0.85063,0.85075,1.00,1.47
2014.05.30 04:32:45.704,0.85063,0.85075,1.00,1.37
2014.05.30 04:32:46.226,0.85064,0.85075,1.00,1.29
2014.05.30 04:32:46.851,0.85064,0.85076,1.00,1.84
2014.05.30 04:32:55.975,0.85065,0.85075,1.00,1.25
2014.05.30 04:32:56.076,0.85063,0.85075,1.25,1.25
2014.05.30 04:33:05.977,0.85064,0.85075,1.00,1.25
2014.05.30 04:33:17.644,0.85064,0.85074,1.00,1.00
2014.05.30 04:33:21.343,0.85064,0.85072,1.00,1.00
2014.05.30 04:33:21.848,0.85063,0.85072,1.25,1.00
2014.05.30 04:33:22.915,0.85062,0.85072,1.25,1.00
2014.05.30 04:33:28.195,0.85062,0.85068,1.00,1.00
2014.05.30 04:33:28.725,0.8506,0.85068,1.19,1.00
2014.05.30 04:33:29.806,0.8506,0.8507,1.19,1.00
2014.05.30 04:33:30.310,0.85062,0.85071,1.00,1.00
2014.05.30 04:33:33.324,0.85062,0.8507,1.00,1.00
2014.05.30 04:33:33.829,0.85062,0.85071,1.00,1.00
2014.05.30 04:33:34.482,0.85061,0.85071,1.25,1.00
2014.05.30 04:33:35.821,0.85062,0.85071,1.00,1.00
2014.05.30 04:33:36.799,0.85063,0.85071,1.00,1.00
2014.05.30 04:33:36.850,0.85063,0.85073,1.00,1.25
2014.05.30 04:33:37.355,0.85064,0.85073,1.00,1.10
2014.05.30 04:33:39.028,0.85064,0.85074,1.00,1.02
2014.05.30 04:33:39.651,0.85064,0.85074,1.00,1.09
2014.05.30 04:33:41.388,0.85064,0.85072,1.00,1.00
2014.05.30 04:33:41.933,0.85063,0.85071,1.00,1.00
2014.05.30 04:33:44.955,0.85062,0.85071,1.00,1.00
2014.05.30 04:33:50.898,0.85061,0.85071,1.00,1.25
2014.05.30 04:33:57.881,0.85062,0.85073,1.00,1.77
2014.05.30 04:33:59.844,0.85062,0.85073,1.00,1.77
2014.05.30 04:34:03.922,0.85063,0.85073,1.00,1.29
2014.05.30 04:34:09.172,0.85063,0.85074,1.00,1.84
2014.05.30 04:34:12.915,0.85063,0.85074,1.00,1.84
2014.05.30 04:34:18.852,0.85061,0.85073,1.00,1.77
2014.05.30 04:34:20.604,0.85061,0.85073,1.00,1.77
2014.05.30 04:34:27.321,0.85061,0.85072,1.00,1.19
2014.05.30 04:34:29.126,0.85061,0.85073,1.00,1.77
2014.05.30 04:34:31.850,0.85063,0.85073,1.00,1.19
2014.05.30 04:34:33.876,0.85063,0.85074,1.00,1.02
2014.05.30 04:34:34.379,0.85064,0.85075,1.00,2.22
2014.05.30 04:34:35.219,0.85064,0.85075,1.00,1.39
2014.05.30 04:34:36.700,0.85064,0.85075,1.00,1.29
2014.05.30 04:34:42.797,0.85064,0.85075,1.00,1.77
2014.05.30 04:34:44.501,0.85064,0.85075,1.00,1.77
2014.05.30 04:34:46.784,0.85062,0.85074,1.25,1.25
2014.05.30 04:34:47.292,0.85063,0.85073,1.00,1.00
2014.05.30 04:34:59.876,0.85065,0.85075,1.00,1.84
2014.05.30 04:35:00.380,0.85065,0.85074,1.00,1.40
2014.05.30 04:35:00.862,0.85061,0.85073,1.19,2.33
2014.05.30 04:35:01.364,0.85064,0.85073,1.00,2.33
2014.05.30 04:35:02.289,0.85064,0.85073,1.00,1.34
2014.05.30 04:35:02.340,0.85064,0.85073,1.00,1.34
2014.05.30 04:35:02.872,0.85064,0.85073,1.00,1.34
2014.05.30 04:35:03.948,0.85064,0.85074,1.00,2.59
2014.05.30 04:35:04.684,0.85064,0.85074,1.00,2.59
2014.05.30 04:35:12.640,0.85063,0.85074,1.00,1.84
2014.05.30 04:35:13.194,0.85062,0.85073,1.25,1.15
2014.05.30 04:35:13.873,0.85061,0.85069,1.00,1.00
2014.05.30 04:35:13.975,0.85058,0.85069,1.19,3.08
2014.05.30 04:35:14.077,0.85059,0.85068,1.00,1.15
2014.05.30 04:35:14.329,0.85057,0.85068,1.25,3.83
2014.05.30 04:35:14.834,0.85057,0.85068,1.25,1.15
2014.05.30 04:35:15.584,0.85057,0.85068,1.00,3.27
2014.05.30 04:35:16.088,0.85057,0.85068,1.00,1.40
2014.05.30 04:35:19.854,0.85057,0.85067,1.00,1.34
2014.05.30 04:35:30.583,0.85058,0.85068,1.00,1.34
2014.05.30 04:35:39.077,0.85057,0.85067,1.00,1.34
2014.05.30 04:35:39.995,0.85057,0.85067,1.00,1.34
2014.05.30 04:35:40.506,0.85058,0.85067,1.00,1.34
2014.05.30 04:35:43.930,0.85057,0.85067,1.00,1.34
2014.05.30 04:35:44.692,0.85058,0.85069,1.00,1.84
2014.05.30 04:35:45.199,0.85058,0.85069,1.00,1.84
2014.05.30 04:36:04.825,0.85058,0.85069,1.00,1.84
2014.05.30 04:36:13.233,0.85058,0.85069,1.00,1.09
2014.05.30 04:36:16.003,0.85058,0.85069,1.00,1.40
2014.05.30 04:36:25.899,0.85058,0.85069,1.00,1.02
2014.05.30 04:36:27.798,0.85058,0.85069,1.00,1.33
2014.05.30 04:36:28.904,0.85058,0.85069,1.00,1.09
2014.05.30 04:36:29.792,0.85058,0.85069,1.00,1.09
2014.05.30 04:36:31.766,0.85058,0.85069,1.00,1.02
2014.05.30 04:36:32.274,0.85058,0.85069,1.00,1.09
2014.05.30 04:36:32.614,0.8506,0.85071,1.00,2.59
2014.05.30 04:36:33.142,0.8506,0.85071,1.00,2.59
2014.05.30 04:36:33.654,0.8506,0.85071,1.00,2.59
2014.05.30 04:36:40.027,0.8506,0.8507,1.00,1.34
2014.05.30 04:36:40.531,0.85059,0.8507,1.00,1.84
2014.05.30 04:36:40.935,0.85059,0.8507,1.00,1.84
2014.05.30 04:36:41.440,0.85059,0.8507,1.00,1.84
2014.05.30 04:36:43.858,0.85059,0.8507,1.00,1.84
2014.05.30 04:36:44.746,0.85059,0.8507,1.00,1.37
2014.05.30 04:36:45.949,0.8506,0.85071,1.00,2.59
2014.05.30 04:36:46.888,0.8506,0.85071,1.00,2.59
2014.05.30 04:36:47.516,0.8506,0.85071,1.00,2.59
2014.05.30 04:36:48.098,0.8506,0.85071,1.00,2.59
2014.05.30 04:36:48.837,0.8506,0.85071,1.00,2.59
2014.05.30 04:36:49.385,0.8506,0.85071,1.00,2.59
2014.05.30 04:36:50.090,0.8506,0.85071,1.00,2.59
2014.05.30 04:36:50.643,0.8506,0.8507,1.00,1.37
2014.05.30 04:36:51.151,0.8506,0.8507,1.00,1.37
2014.05.30 04:36:51.653,0.8506,0.8507,1.00,1.37
2014.05.30 04:36:52.467,0.8506,0.8507,1.00,1.37
2014.05.30 04:36:53.403,0.85058,0.85069,1.00,1.02
2014.05.30 04:36:54.868,0.85058,0.85069,1.00,1.37
2014.05.30 04:37:08.102,0.85058,0.85069,1.00,1.02
2014.05.30 04:37:08.608,0.85058,0.85069,1.00,1.09
2014.05.30 04:37:13.719,0.85057,0.85068,1.25,1.10
2014.05.30 04:37:13.770,0.85057,0.85068,1.25,1.15
2014.05.30 04:37:13.871,0.85055,0.85066,1.25,1.10
2014.05.30 04:37:14.073,0.85055,0.85065,1.00,1.19
2014.05.30 04:37:14.377,0.85053,0.85062,1.00,1.00
2014.05.30 04:37:14.883,0.85053,0.85063,1.00,1.58
2014.05.30 04:37:15.392,0.85051,0.85062,1.19,1.00
2014.05.30 04:37:15.943,0.85051,0.85062,1.25,1.00
2014.05.30 04:37:16.914,0.85051,0.85062,1.00,1.09
2014.05.30 04:37:17.239,0.85049,0.85059,1.19,2.63
2014.05.30 04:37:18.059,0.85048,0.85059,1.00,2.52
2014.05.30 04:37:18.110,0.85048,0.85059,1.00,2.52
2014.05.30 04:37:20.405,0.85047,0.85059,1.25,1.77
2014.05.30 04:37:20.657,0.85049,0.85059,1.00,1.77
2014.05.30 04:37:21.617,0.8505,0.85059,1.25,1.50
2014.05.30 04:37:21.668,0.8505,0.85062,1.25,2.03
2014.05.30 04:37:22.175,0.85049,0.85062,1.29,2.44
2014.05.30 04:37:22.710,0.85051,0.85062,1.25,1.50
2014.05.30 04:37:25.118,0.85051,0.85062,1.19,1.50
2014.05.30 04:37:29.334,0.85051,0.85062,1.25,1.50
2014.05.30 04:37:31.041,0.85051,0.85062,1.19,1.50
2014.05.30 04:37:33.503,0.85054,0.85064,1.00,1.05
2014.05.30 04:37:33.706,0.85055,0.85067,1.19,1.58
2014.05.30 04:37:34.060,0.85058,0.85069,1.00,1.62
2014.05.30 04:37:34.664,0.85058,0.8507,1.25,1.84
2014.05.30 04:37:36.068,0.85057,0.8507,1.19,2.59
2014.05.30 04:37:36.711,0.85057,0.8507,1.25,2.59
2014.05.30 04:37:39.704,0.85057,0.8507,1.19,1.40
2014.05.30 04:37:40.894,0.85057,0.8507,1.25,1.34
2014.05.30 04:37:44.207,0.85057,0.85068,1.00,1.29
2014.05.30 04:37:44.510,0.85053,0.85066,1.69,1.18
2014.05.30 04:37:44.612,0.85053,0.85063,1.00,1.18
2014.05.30 04:37:44.815,0.85049,0.85062,1.32,1.37
2014.05.30 04:37:45.270,0.85048,0.85061,1.69,1.77
2014.05.30 04:37:45.952,0.85048,0.8506,1.25,1.09
2014.05.30 04:37:50.179,0.85048,0.8506,1.25,1.02
2014.05.30 04:37:56.259,0.85048,0.8506,1.29,1.00
2014.05.30 04:37:57.267,0.85048,0.8506,1.25,1.25
2014.05.30 04:38:00.724,0.85048,0.8506,1.19,1.00
2014.05.30 04:38:02.109,0.85046,0.85054,1.18,2.10
2014.05.30 04:38:02.210,0.85042,0.8505,1.10,1.00
2014.05.30 04:38:02.412,0.85042,0.85054,1.00,1.27
2014.05.30 04:38:02.614,0.85042,0.85055,1.77,1.43
2014.05.30 04:38:02.917,0.85045,0.85058,1.69,1.33
2014.05.30 04:38:05.007,0.85045,0.85058,1.77,1.25
2014.05.30 04:38:05.513,0.85045,0.85058,1.84,1.25
2014.05.30 04:38:06.019,0.85047,0.85059,1.19,1.00
2014.05.30 04:38:06.484,0.85048,0.85061,1.33,1.77
2014.05.30 04:38:07.018,0.85049,0.85062,1.09,1.19
2014.05.30 04:38:07.524,0.85048,0.85061,1.77,1.25
2014.05.30 04:38:08.029,0.85047,0.8506,1.77,1.25
2014.05.30 04:38:11.837,0.85047,0.8506,1.25,1.29
2014.05.30 04:38:21.913,0.85047,0.8506,1.69,1.02
2014.05.30 04:38:22.368,0.85047,0.85058,1.69,1.00
2014.05.30 04:38:22.873,0.85047,0.85057,1.19,1.00
2014.05.30 04:38:23.125,0.85045,0.85057,1.84,1.00
2014.05.30 04:38:25.348,0.85046,0.85057,1.29,1.00
2014.05.30 04:38:28.627,0.85046,0.85057,1.02,1.00
2014.05.30 04:38:30.614,0.85046,0.85058,1.02,1.25
2014.05.30 04:38:38.194,0.85046,0.85059,1.19,1.09
2014.05.30 04:38:39.247,0.85046,0.85059,1.19,1.09
2014.05.30 04:38:40.253,0.85047,0.8506,1.25,3.53
2014.05.30 04:38:40.872,0.85047,0.8506,1.25,3.53
2014.05.30 04:38:41.946,0.85047,0.8506,1.25,3.53
2014.05.30 04:38:42.677,0.85046,0.85059,1.19,1.09
2014.05.30 04:38:43.240,0.85047,0.8506,1.25,1.84
2014.05.30 04:38:43.909,0.85047,0.8506,1.25,1.84
2014.05.30 04:38:44.441,0.85047,0.8506,1.25,1.84
2014.05.30 04:38:53.473,0.85046,0.85059,1.25,1.37
2014.05.30 04:38:58.783,0.85047,0.8506,1.00,1.84
2014.05.30 04:38:58.985,0.85047,0.8506,1.77,1.25
2014.05.30 04:38:59.848,0.85048,0.85061,1.19,1.09
2014.05.30 04:39:02.790,0.85048,0.85061,1.19,1.40
2014.05.30 04:39:03.312,0.85048,0.85061,1.19,1.40
2014.05.30 04:39:03.885,0.85048,0.85061,1.25,1.84
2014.05.30 04:39:05.669,0.85048,0.85061,1.25,2.03
2014.05.30 04:39:06.265,0.85048,0.85061,1.25,2.03
2014.05.30 04:39:08.085,0.85047,0.8506,1.19,1.09
2014.05.30 04:39:08.589,0.85047,0.8506,1.19,1.40
2014.05.30 04:39:09.910,0.85047,0.8506,1.19,1.09
2014.05.30 04:39:10.417,0.85047,0.8506,1.19,1.40
2014.05.30 04:39:12.033,0.85047,0.8506,1.19,1.09
2014.05.30 04:39:12.346,0.8505,0.85061,1.00,2.59
2014.05.30 04:39:12.498,0.8505,0.85061,1.00,2.44
2014.05.30 04:39:13.041,0.85051,0.85061,1.00,1.19
2014.05.30 04:39:13.413,0.85051,0.85063,1.25,1.09
2014.05.30 04:39:13.918,0.85051,0.85063,1.25,1.40
2014.05.30 04:39:14.902,0.85051,0.85063,1.25,1.40
2014.05.30 04:39:15.511,0.85051,0.85063,1.25,1.40
2014.05.30 04:39:16.058,0.85052,0.85064,1.25,2.03
2014.05.30 04:39:20.226,0.85052,0.85064,1.25,2.03
2014.05.30 04:39:20.932,0.85053,0.85065,1.00,2.59
2014.05.30 04:39:26.852,0.85052,0.85064,1.25,1.40
2014.05.30 04:39:33.682,0.85053,0.85065,1.00,1.84
2014.05.30 04:39:34.297,0.85053,0.85064,1.00,1.37
2014.05.30 04:39:45.331,0.85054,0.85064,1.00,2.03
2014.05.30 04:39:47.751,0.85055,0.85064,1.00,1.28
2014.05.30 04:39:51.491,0.85053,0.85063,1.00,1.10
2014.05.30 04:39:54.044,0.85053,0.85063,1.00,1.18
2014.05.30 04:39:54.705,0.85053,0.85063,1.00,1.18
2014.05.30 04:39:55.159,0.85051,0.85061,1.25,1.18
2014.05.30 04:39:55.680,0.8505,0.8506,1.19,1.18
2014.05.30 04:39:55.783,0.8505,0.8506,1.19,1.15
2014.05.30 04:39:56.288,0.8505,0.8506,1.00,1.40
2014.05.30 04:39:56.807,0.85049,0.85059,1.00,1.15
2014.05.30 04:40:01.246,0.85049,0.85059,1.00,1.15
2014.05.30 04:40:01.553,0.85051,0.85061,1.00,1.77
2014.05.30 04:40:01.704,0.85051,0.85061,1.00,1.25
2014.05.30 04:40:02.420,0.85052,0.85062,1.00,1.19
2014.05.30 04:40:02.952,0.85051,0.85061,1.00,1.00
2014.05.30 04:40:13.006,0.85053,0.85063,1.00,1.84
2014.05.30 04:40:13.549,0.85052,0.85062,1.00,1.02
2014.05.30 04:40:15.421,0.85053,0.85063,1.00,1.69
2014.05.30 04:40:15.624,0.85054,0.85064,1.00,1.25
2014.05.30 04:40:16.136,0.85055,0.85065,1.00,1.29
2014.05.30 04:40:16.186,0.85057,0.85066,1.00,1.37
2014.05.30 04:40:16.735,0.85057,0.85067,1.00,1.84
2014.05.30 04:40:18.433,0.85057,0.85066,1.00,1.37
2014.05.30 04:40:18.836,0.85055,0.85065,1.00,1.34
2014.05.30 04:40:20.524,0.85055,0.85065,1.00,1.84
2014.05.30 04:40:22.782,0.85053,0.85063,1.00,1.00
2014.05.30 04:40:35.887,0.85054,0.85064,1.00,1.29
2014.05.30 04:40:36.466,0.85055,0.85065,1.00,1.84
2014.05.30 04:40:46.644,0.85055,0.85065,1.00,1.84
2014.05.30 04:40:47.774,0.85055,0.85065,1.00,1.37
2014.05.30 04:40:48.280,0.85055,0.85065,1.00,1.37
2014.05.30 04:40:49.254,0.85055,0.85065,1.00,1.84
2014.05.30 04:40:50.008,0.85055,0.85065,1.00,1.84
2014.05.30 04:40:50.860,0.85053,0.85063,1.00,1.00
2014.05.30 04:41:03.811,0.85055,0.85065,1.00,1.84
2014.05.30 04:41:06.030,0.85056,0.85065,1.00,1.37
2014.05.30 04:41:09.971,0.85056,0.85066,1.00,1.84
2014.05.30 04:41:10.499,0.85055,0.85065,1.00,1.37
2014.05.30 04:41:11.160,0.85055,0.85065,1.00,1.84
2014.05.30 04:41:14.983,0.85055,0.85065,1.00,1.84
2014.05.30 04:41:18.882,0.85054,0.85064,1.00,1.02
2014.05.30 04:41:27.618,0.85054,0.85064,1.00,1.29
2014.05.30 04:41:28.936,0.85054,0.85064,1.00,1.77
2014.05.30 04:41:29.925,0.85054,0.85064,1.00,1.77
2014.05.30 04:41:30.591,0.85053,0.85063,1.00,1.25
2014.05.30 04:41:31.942,0.85055,0.85065,1.00,1.84
2014.05.30 04:41:41.898,0.85055,0.85065,1.00,1.18
2014.05.30 04:41:42.050,0.85056,0.85066,1.00,1.10
2014.05.30 04:41:42.851,0.85056,0.85066,1.00,1.08
2014.05.30 04:41:46.913,0.85054,0.85064,1.25,1.00
2014.05.30 04:41:56.774,0.85054,0.85064,1.00,1.19
2014.05.30 04:41:56.926,0.85052,0.85062,1.00,1.00
2014.05.30 04:41:57.460,0.85051,0.85061,1.25,1.00
2014.05.30 04:42:00.998,0.85051,0.85061,1.00,1.29
2014.05.30 04:42:08.235,0.85052,0.85062,1.00,1.77
2014.05.30 04:42:09.003,0.85052,0.85062,1.00,1.29
2014.05.30 04:42:09.997,0.85052,0.85062,1.00,1.02
2014.05.30 04:42:24.879,0.85052,0.85062,1.00,1.29
2014.05.30 04:42:27.886,0.85052,0.85062,1.00,1.25
2014.05.30 04:42:37.334,0.85053,0.85063,1.00,1.19
2014.05.30 04:42:38.646,0.85053,0.85064,1.00,1.69
2014.05.30 04:42:42.501,0.85053,0.85063,1.00,1.19
2014.05.30 04:42:45.263,0.85051,0.85062,1.00,1.25
2014.05.30 04:42:46.081,0.85051,0.85062,1.00,1.19
2014.05.30 04:42:58.901,0.8505,0.85061,1.00,1.25
2014.05.30 04:42:58.960,0.8505,0.85061,1.00,1.84
2014.05.30 04:43:01.816,0.85052,0.85061,1.00,1.84
2014.05.30 04:43:02.073,0.85055,0.85064,1.00,1.00
2014.05.30 04:43:02.578,0.85055,0.85066,1.00,1.84
2014.05.30 04:43:03.033,0.85055,0.85064,1.00,1.84
2014.05.30 04:43:03.689,0.85055,0.85064,1.00,1.84
2014.05.30 04:43:04.201,0.85055,0.85064,1.00,1.84
2014.05.30 04:43:22.537,0.85054,0.85064,1.00,1.84
2014.05.30 04:43:32.959,0.85055,0.85064,1.00,1.37
2014.05.30 04:43:33.536,0.85054,0.85064,1.00,1.37
2014.05.30 04:43:45.831,0.85054,0.85064,1.00,1.84
2014.05.30 04:43:46.817,0.85054,0.85065,1.00,1.84
2014.05.30 04:43:47.797,0.85054,0.85065,1.00,1.19
2014.05.30 04:43:51.119,0.85054,0.85065,1.00,1.02
2014.05.30 04:43:52.554,0.85053,0.85064,1.25,1.00
2014.05.30 04:44:02.089,0.85053,0.85064,1.18,1.25
2014.05.30 04:44:02.602,0.85055,0.85065,1.00,1.25
2014.05.30 04:44:09.974,0.85055,0.85065,1.00,1.19
2014.05.30 04:44:12.449,0.85054,0.85064,1.00,1.25
2014.05.30 04:44:13.187,0.85055,0.85065,1.00,1.19
2014.05.30 04:44:14.709,0.85056,0.85066,1.00,2.52
2014.05.30 04:44:14.759,0.85056,0.85066,1.00,1.58
2014.05.30 04:44:14.861,0.85057,0.85066,1.20,1.10
2014.05.30 04:44:15.291,0.85057,0.85067,2.03,1.00
2014.05.30 04:44:15.707,0.85057,0.85067,4.39,1.00
2014.05.30 04:44:16.217,0.85057,0.85067,2.22,1.00
2014.05.30 04:44:24.411,0.85057,0.85067,5.14,1.00
2014.05.30 04:44:24.846,0.85061,0.85071,1.18,1.00
2014.05.30 04:44:24.898,0.85064,0.85071,1.09,1.00
2014.05.30 04:44:24.949,0.85064,0.85074,1.84,1.50
2014.05.30 04:44:24.999,0.85064,0.85074,1.84,1.50
2014.05.30 04:44:25.504,0.85066,0.85076,1.18,1.69
2014.05.30 04:44:25.605,0.85065,0.85075,1.00,1.00
2014.05.30 04:44:26.059,0.85065,0.85073,1.00,1.00
2014.05.30 04:44:26.585,0.85064,0.85073,1.00,1.00
2014.05.30 04:44:29.260,0.85062,0.85072,1.02,1.00
2014.05.30 04:44:43.688,0.85062,0.85071,1.10,1.00
2014.05.30 04:44:49.144,0.85062,0.85072,1.10,1.50
2014.05.30 04:44:55.511,0.85062,0.85072,1.77,1.50
2014.05.30 04:44:55.663,0.85064,0.85074,1.10,1.00
2014.05.30 04:44:55.984,0.85064,0.85074,1.15,1.00
2014.05.30 04:44:56.236,0.85064,0.85073,1.10,1.00
2014.05.30 04:44:56.750,0.85063,0.85072,1.18,1.00
2014.05.30 04:45:15.543,0.85063,0.85071,1.18,1.00
2014.05.30 04:45:16.666,0.85063,0.8507,1.18,1.00
2014.05.30 04:45:16.991,0.85062,0.8507,1.25,1.00
2014.05.30 04:45:17.551,0.85062,0.85071,1.25,1.00
2014.05.30 04:45:46.046,0.85061,0.85071,1.00,1.69
2014.05.30 04:45:48.009,0.85061,0.85071,1.18,1.00
2014.05.30 04:45:48.525,0.85061,0.85071,1.10,1.00
2014.05.30 04:45:48.576,0.85061,0.85068,1.10,2.10
2014.05.30 04:45:49.088,0.8506,0.85068,1.00,2.85
2014.05.30 04:45:49.597,0.8506,0.85068,1.00,1.00
2014.05.30 04:45:49.648,0.85061,0.85071,1.00,1.50
2014.05.30 04:45:56.638,0.85061,0.85071,1.18,1.50
2014.05.30 04:45:57.140,0.85061,0.85071,1.00,1.50
2014.05.30 04:45:57.656,0.85062,0.85071,1.00,1.00
2014.05.30 04:46:18.136,0.85062,0.85072,1.00,2.29
2014.05.30 04:46:18.642,0.85063,0.85072,1.00,1.54
2014.05.30 04:46:19.579,0.85062,0.85071,1.00,1.00
2014.05.30 04:46:21.967,0.85063,0.85071,1.00,1.00
2014.05.30 04:46:22.596,0.85063,0.85072,1.00,1.54
2014.05.30 04:46:23.109,0.85062,0.85071,1.00,1.00
2014.05.30 04:46:23.614,0.85062,0.85072,1.00,2.29
2014.05.30 04:46:25.479,0.85063,0.85072,1.00,1.54
2014.05.30 04:46:30.559,0.85062,0.85072,1.00,2.29
2014.05.30 04:46:35.858,0.85062,0.8507,1.00,1.00
2014.05.30 04:46:36.185,0.85062,0.85072,1.00,2.10
2014.05.30 04:46:37.840,0.85061,0.85067,1.00,1.00
2014.05.30 04:46:41.094,0.85061,0.85071,1.00,3.42
2014.05.30 04:46:47.312,0.85061,0.85068,1.00,2.10
2014.05.30 04:46:47.616,0.85061,0.85065,1.00,1.00
2014.05.30 04:46:48.441,0.85061,0.85066,1.00,1.00
2014.05.30 04:46:53.209,0.85061,0.85068,1.00,2.10
2014.05.30 04:46:59.375,0.85061,0.85068,1.18,2.10
2014.05.30 04:46:59.887,0.85061,0.85068,1.00,2.10
2014.05.30 04:47:16.663,0.8506,0.85068,1.00,2.10
2014.05.30 04:47:17.192,0.85061,0.85068,1.00,2.10
2014.05.30 04:47:18.471,0.85061,0.85067,1.00,2.10
2014.05.30 04:47:19.097,0.8506,0.85067,1.00,2.10
2014.05.30 04:47:21.170,0.85061,0.85067,1.00,2.10
2014.05.30 04:47:23.821,0.8506,0.85067,1.00,2.10
2014.05.30 04:47:24.560,0.85061,0.85067,1.00,2.10
2014.05.30 04:47:30.503,0.85062,0.85067,1.00,2.10
2014.05.30 04:47:34.213,0.8506,0.85067,1.00,2.10
2014.05.30 04:47:45.744,0.85062,0.85067,1.00,2.10
2014.05.30 04:47:45.896,0.85065,0.85073,1.00,1.38
2014.05.30 04:47:45.997,0.85065,0.85075,1.00,1.69
2014.05.30 04:47:46.098,0.8507,0.85075,1.00,1.00
2014.05.30 04:47:46.158,0.8507,0.85078,1.00,3.04
2014.05.30 04:47:46.210,0.85067,0.85077,1.00,1.35
2014.05.30 04:47:48.396,0.85066,0.85076,1.02,1.00
2014.05.30 04:48:03.792,0.85066,0.85075,1.00,1.69
2014.05.30 04:48:03.893,0.85064,0.85073,1.00,1.05
2014.05.30 04:48:04.903,0.85064,0.85074,1.00,1.69
2014.05.30 04:48:05.913,0.85064,0.85073,1.00,1.25
2014.05.30 04:48:06.763,0.85065,0.85074,1.00,1.19
2014.05.30 04:48:07.269,0.85064,0.85074,1.00,1.69
2014.05.30 04:48:07.421,0.85066,0.85073,1.00,1.25
2014.05.30 04:48:07.976,0.85065,0.85073,1.00,1.25
2014.05.30 04:48:09.754,0.85065,0.85075,1.00,1.62
2014.05.30 04:48:10.264,0.85065,0.85075,1.00,3.04
2014.05.30 04:48:10.876,0.85065,0.85075,1.00,3.79
2014.05.30 04:48:12.775,0.85065,0.85074,1.00,1.05
2014.05.30 04:48:17.408,0.85063,0.85074,1.10,1.54
2014.05.30 04:48:17.950,0.85063,0.85074,1.10,2.29
2014.05.30 04:48:19.265,0.85063,0.85074,1.10,1.54
2014.05.30 04:48:20.733,0.85065,0.85076,1.00,3.04
2014.05.30 04:48:21.293,0.85065,0.85076,1.10,2.29
2014.05.30 04:48:21.804,0.85065,0.85076,1.18,3.79
2014.05.30 04:48:22.057,0.85064,0.85074,1.10,1.05
2014.05.30 04:48:22.576,0.85065,0.85075,1.10,1.60
2014.05.30 04:48:23.081,0.85065,0.85076,1.10,1.85
2014.05.30 04:48:23.590,0.85065,0.85076,1.00,4.54
2014.05.30 04:48:24.511,0.85064,0.85074,1.10,1.05
2014.05.30 04:48:25.528,0.85063,0.85074,1.00,1.54
2014.05.30 04:48:26.189,0.85066,0.85075,1.00,2.29
2014.05.30 04:48:26.340,0.85066,0.85075,1.00,1.00
2014.05.30 04:48:26.391,0.85069,0.85079,1.00,1.02
2014.05.30 04:48:26.493,0.85069,0.8508,2.44,1.10
2014.05.30 04:48:26.543,0.85071,0.8508,1.29,1.00
2014.05.30 04:48:26.746,0.85078,0.85088,1.00,1.00
2014.05.30 04:48:26.897,0.85078,0.85086,1.00,1.00
2014.05.30 04:48:27.654,0.85078,0.85085,1.00,1.00
2014.05.30 04:48:28.850,0.85078,0.85084,1.25,1.00
2014.05.30 04:48:33.572,0.85078,0.85085,1.25,1.00
2014.05.30 04:48:33.673,0.85076,0.85085,1.25,1.00
2014.05.30 04:48:33.976,0.85077,0.85086,1.19,1.00
2014.05.30 04:48:34.512,0.85078,0.85087,1.25,1.00
2014.05.30 04:48:36.164,0.85078,0.85087,1.69,1.00
2014.05.30 04:48:38.759,0.85078,0.85087,1.69,1.00
2014.05.30 04:48:47.080,0.85078,0.85087,1.19,1.00
2014.05.30 04:48:56.286,0.85079,0.85087,1.19,1.00
2014.05.30 04:48:56.809,0.85079,0.85086,1.19,1.00
2014.05.30 04:48:59.522,0.85078,0.85086,1.69,1.00
2014.05.30 04:49:00.671,0.85077,0.85084,1.69,1.00
2014.05.30 04:49:00.873,0.85077,0.85086,1.19,1.00
2014.05.30 04:49:03.462,0.85077,0.85086,1.25,1.00
2014.05.30 04:49:04.374,0.85077,0.85085,1.25,1.00
2014.05.30 04:49:04.896,0.85075,0.85087,1.69,1.18
2014.05.30 04:49:08.536,0.85077,0.85088,1.19,1.15
2014.05.30 04:49:08.900,0.85077,0.85084,1.19,1.00
2014.05.30 04:49:09.102,0.85077,0.85089,1.19,1.65
2014.05.30 04:49:09.356,0.85077,0.85084,1.19,1.00
2014.05.30 04:49:09.594,0.85077,0.85088,1.19,1.50
2014.05.30 04:49:10.307,0.85077,0.85088,1.25,1.15
2014.05.30 04:49:15.979,0.85075,0.85088,1.69,1.84
2014.05.30 04:49:16.240,0.85075,0.85083,1.69,1.00
2014.05.30 04:49:16.826,0.85075,0.85083,1.25,1.00
2014.05.30 04:49:17.379,0.85075,0.85088,1.25,1.77
2014.05.30 04:49:17.894,0.85075,0.85088,1.69,1.84
2014.05.30 04:49:18.358,0.85075,0.85084,1.69,1.00
2014.05.30 04:49:18.886,0.85075,0.85084,1.25,1.00
2014.05.30 04:49:19.430,0.85075,0.85087,1.25,1.02
2014.05.30 04:49:19.481,0.85081,0.85087,1.00,1.02
2014.05.30 04:49:19.784,0.85086,0.85093,1.09,1.00
2014.05.30 04:49:20.289,0.85086,0.85094,2.59,1.00
2014.05.30 04:49:21.533,0.85087,0.85094,1.37,1.00
2014.05.30 04:49:22.091,0.85087,0.85095,1.29,1.00
2014.05.30 04:49:22.624,0.85087,0.85099,1.29,1.00
2014.05.30 04:49:22.679,0.8509,0.85099,1.25,1.00
2014.05.30 04:49:22.930,0.8509,0.85102,1.09,1.69
2014.05.30 04:49:23.039,0.85092,0.85102,1.09,1.00
2014.05.30 04:49:23.547,0.85092,0.85103,1.09,1.00
2014.05.30 04:49:24.602,0.85091,0.85101,1.19,1.00
2014.05.30 04:49:25.364,0.8509,0.85101,2.52,1.00
2014.05.30 04:49:26.398,0.8509,0.85096,2.52,1.00
2014.05.30 04:49:26.945,0.8509,0.85095,1.69,1.00
2014.05.30 04:49:27.455,0.8509,0.85096,1.19,1.00
2014.05.30 04:49:28.002,0.85089,0.85095,1.19,1.00
2014.05.30 04:49:29.981,0.85089,0.85095,1.25,1.00
2014.05.30 04:49:32.107,0.85088,0.85097,1.69,1.00
2014.05.30 04:49:32.666,0.85089,0.85098,1.19,1.00
2014.05.30 04:49:33.252,0.8509,0.85098,1.19,1.00
2014.05.30 04:49:33.403,0.8509,0.85103,1.69,1.77
2014.05.30 04:49:33.909,0.85092,0.85104,1.10,1.19
2014.05.30 04:49:35.410,0.85092,0.85104,1.29,1.50
2014.05.30 04:49:36.845,0.85093,0.85104,1.19,1.50
2014.05.30 04:49:41.309,0.85092,0.85103,1.29,1.00
2014.05.30 04:49:41.541,0.85092,0.85101,1.19,1.00
2014.05.30 04:49:42.250,0.85092,0.851,1.19,1.00
2014.05.30 04:49:42.633,0.8509,0.851,1.84,1.00
2014.05.30 04:49:43.170,0.8509,0.85101,1.77,1.00
2014.05.30 04:49:43.714,0.85091,0.85102,1.19,1.50
2014.05.30 04:49:45.407,0.85092,0.85103,1.25,1.00
2014.05.30 04:49:45.593,0.85093,0.85104,1.29,1.00
2014.05.30 04:49:46.172,0.85093,0.85103,1.29,1.00
2014.05.30 04:49:46.697,0.85094,0.85104,1.19,1.00
2014.05.30 04:49:56.579,0.85093,0.85105,1.19,1.50
2014.05.30 04:49:57.092,0.85093,0.85104,1.77,1.00
2014.05.30 04:50:00.114,0.85093,0.85103,1.19,1.00
2014.05.30 04:50:01.056,0.85091,0.85103,1.69,1.00
2014.05.30 04:50:01.109,0.85091,0.85101,1.69,1.00
2014.05.30 04:50:02.170,0.85091,0.85101,1.25,1.00
2014.05.30 04:50:02.825,0.85091,0.851,1.25,1.00
2014.05.30 04:50:03.323,0.85091,0.85103,1.25,1.84
2014.05.30 04:50:03.856,0.85092,0.85104,1.25,1.84
2014.05.30 04:50:04.376,0.85092,0.85104,1.19,1.18
2014.05.30 04:50:06.689,0.85093,0.85105,1.19,1.65
2014.05.30 04:50:07.234,0.85094,0.85107,1.25,4.02
2014.05.30 04:50:07.739,0.85093,0.85106,1.69,1.40
2014.05.30 04:50:08.244,0.85094,0.85106,1.19,1.15
2014.05.30 04:50:08.906,0.85093,0.85104,1.19,1.18
2014.05.30 04:50:09.462,0.85093,0.85106,1.19,1.40
2014.05.30 04:50:10.005,0.85093,0.85106,1.19,1.40
2014.05.30 04:50:10.524,0.85092,0.85103,1.25,1.18
2014.05.30 04:50:11.029,0.85091,0.85101,1.69,1.00
2014.05.30 04:50:11.568,0.85091,0.85102,1.19,1.10
2014.05.30 04:50:12.090,0.85092,0.85104,1.25,1.02
2014.05.30 04:50:12.843,0.85092,0.85104,1.69,1.10
2014.05.30 04:50:14.848,0.85093,0.85105,1.19,1.18
2014.05.30 04:50:15.375,0.85093,0.85103,1.19,1.00
2014.05.30 04:50:15.628,0.85092,0.85105,1.69,1.20
2014.05.30 04:50:16.134,0.85094,0.85105,1.19,1.58
2014.05.30 04:50:17.357,0.85093,0.85105,1.19,1.58
2014.05.30 04:50:17.935,0.85093,0.85104,1.19,1.10
2014.05.30 04:50:18.359,0.85093,0.85102,1.19,1.00
2014.05.30 04:50:18.967,0.85092,0.85102,1.69,1.00
2014.05.30 04:50:19.427,0.85095,0.85103,1.10,1.00
2014.05.30 04:50:19.573,0.85096,0.85107,1.29,1.00
2014.05.30 04:50:20.079,0.85096,0.85108,1.34,1.00
2014.05.30 04:50:20.728,0.85096,0.85108,1.29,1.00
2014.05.30 04:50:22.333,0.85095,0.85106,1.29,1.00
2014.05.30 04:50:22.895,0.85095,0.85107,1.29,1.00
2014.05.30 04:50:23.401,0.85096,0.85108,1.19,1.00
2014.05.30 04:50:24.285,0.85096,0.85108,1.29,1.00
2014.05.30 04:50:24.750,0.85096,0.85106,1.29,1.00
2014.05.30 04:50:25.278,0.85096,0.85107,1.29,1.00
2014.05.30 04:50:25.581,0.85096,0.85105,1.19,1.00
2014.05.30 04:50:26.292,0.85094,0.85105,1.37,1.00
2014.05.30 04:50:27.002,0.85094,0.85104,1.37,1.00
2014.05.30 04:50:27.310,0.85096,0.85106,1.00,1.00
2014.05.30 04:50:27.815,0.85096,0.85107,1.10,1.25
2014.05.30 04:50:28.068,0.85097,0.85103,1.00,1.00
2014.05.30 04:50:28.169,0.85095,0.85103,1.25,1.35
2014.05.30 04:50:28.371,0.85095,0.85106,1.25,1.18
2014.05.30 04:50:28.422,0.85095,0.85106,1.84,1.00
2014.05.30 04:50:31.408,0.85096,0.85106,1.47,1.00
2014.05.30 04:50:32.373,0.85096,0.85107,1.47,1.00
2014.05.30 04:50:32.902,0.85097,0.85108,1.20,1.54
2014.05.30 04:50:33.941,0.85097,0.85108,1.17,1.35
2014.05.30 04:50:34.268,0.851,0.85108,2.44,1.35
2014.05.30 04:50:35.806,0.851,0.85109,2.52,1.00
2014.05.30 04:50:36.109,0.85105,0.85114,2.44,2.10
2014.05.30 04:50:36.614,0.85105,0.85115,2.67,1.00
2014.05.30 04:50:36.927,0.85105,0.85114,1.00,2.25
2014.05.30 04:50:36.979,0.85104,0.85114,1.00,2.52
2014.05.30 04:50:37.182,0.85104,0.85112,1.00,1.09
2014.05.30 04:50:37.328,0.85102,0.85112,1.00,1.09
2014.05.30 04:50:37.587,0.85104,0.85112,1.00,1.09
2014.05.30 04:50:38.446,0.85104,0.85112,1.00,1.02
2014.05.30 04:50:39.107,0.85104,0.85113,1.00,1.25
2014.05.30 04:50:39.410,0.85107,0.85113,1.00,1.25
2014.05.30 04:50:40.017,0.85106,0.85113,1.20,1.25
2014.05.30 04:50:40.270,0.85106,0.85115,1.20,1.25
2014.05.30 04:50:40.321,0.85108,0.85115,1.00,1.25
2014.05.30 04:50:41.577,0.85108,0.85116,1.00,1.25
2014.05.30 04:50:42.320,0.85109,0.85116,1.00,1.25
2014.05.30 04:50:43.982,0.8511,0.85116,1.00,1.25
2014.05.30 04:50:44.991,0.8511,0.85117,1.00,1.25
2014.05.30 04:50:47.785,0.8511,0.85117,1.00,1.19
2014.05.30 04:50:49.290,0.8511,0.85114,1.00,1.25
2014.05.30 04:50:49.341,0.85108,0.85114,1.00,2.29
2014.05.30 04:50:49.594,0.85106,0.85114,1.00,1.77
2014.05.30 04:50:50.099,0.85107,0.85114,1.00,1.25
2014.05.30 04:50:50.925,0.85107,0.85115,1.00,1.02
2014.05.30 04:50:51.637,0.85107,0.85115,1.00,1.09
2014.05.30 04:50:54.222,0.85107,0.85113,1.00,1.25
2014.05.30 04:50:55.337,0.85107,0.85114,1.00,1.02
2014.05.30 04:50:55.590,0.85107,0.85117,1.00,1.02
2014.05.30 04:50:55.741,0.8511,0.8512,1.00,1.34
2014.05.30 04:50:56.256,0.8511,0.8512,1.00,1.29
2014.05.30 04:50:57.372,0.8511,0.8512,1.50,1.34
2014.05.30 04:50:58.751,0.8511,0.85121,1.00,1.09
2014.05.30 04:50:58.801,0.85112,0.85121,1.00,1.09
2014.05.30 04:50:59.962,0.85112,0.85122,1.00,1.29
2014.05.30 04:51:00.852,0.85112,0.85122,1.00,1.25
2014.05.30 04:51:06.316,0.85111,0.85123,1.00,1.19
2014.05.30 04:51:07.080,0.85111,0.85121,1.00,1.25
2014.05.30 04:51:07.587,0.8511,0.85121,1.58,1.25
2014.05.30 04:51:08.230,0.8511,0.85121,1.50,1.19
2014.05.30 04:51:10.807,0.8511,0.85119,1.00,1.25
2014.05.30 04:51:13.846,0.8511,0.85119,1.00,1.19
2014.05.30 04:51:15.358,0.85111,0.85121,1.00,1.10
2014.05.30 04:51:15.863,0.85112,0.85123,1.00,1.29
2014.05.30 04:51:15.914,0.85114,0.85123,1.00,1.29
2014.05.30 04:51:16.434,0.85114,0.85125,1.00,1.40
2014.05.30 04:51:17.446,0.85118,0.85126,1.00,1.18
2014.05.30 04:51:17.598,0.85118,0.85128,1.69,1.00
2014.05.30 04:51:18.002,0.85115,0.85127,1.77,2.10
2014.05.30 04:51:18.103,0.85115,0.85127,1.69,2.25
2014.05.30 04:51:19.267,0.85115,0.85127,1.25,2.44
2014.05.30 04:51:20.650,0.85115,0.85126,1.25,1.15
2014.05.30 04:51:20.985,0.85113,0.85125,1.00,1.34
2014.05.30 04:51:21.087,0.85113,0.85125,1.00,1.29
2014.05.30 04:51:21.600,0.85113,0.85123,1.00,1.00
2014.05.30 04:51:34.412,0.85113,0.85121,1.00,1.00
2014.05.30 04:51:34.614,0.85111,0.8512,1.00,1.00
2014.05.30 04:51:34.715,0.85108,0.85118,1.19,1.00
2014.05.30 04:51:35.727,0.85107,0.85118,1.69,1.00
2014.05.30 04:51:42.364,0.85107,0.85118,1.00,1.69
2014.05.30 04:51:42.674,0.85105,0.85117,1.25,1.84
2014.05.30 04:51:42.998,0.85105,0.85117,1.25,4.20
2014.05.30 04:51:43.418,0.85103,0.85115,1.00,1.34
2014.05.30 04:51:43.621,0.85102,0.85113,1.00,1.18
2014.05.30 04:51:46.010,0.85102,0.85113,1.00,2.97
2014.05.30 04:51:47.787,0.85098,0.85106,1.29,1.00
2014.05.30 04:51:47.839,0.85099,0.85104,1.25,1.00
2014.05.30 04:51:47.993,0.85097,0.85103,1.00,1.35
2014.05.30 04:51:48.044,0.85095,0.85103,1.00,1.35
2014.05.30 04:51:48.297,0.85094,0.85105,1.00,1.05
2014.05.30 04:51:48.499,0.85096,0.85105,1.00,1.05
2014.05.30 04:51:50.695,0.85096,0.85106,1.19,2.10
2014.05.30 04:51:51.681,0.85096,0.85106,1.25,2.10
2014.05.30 04:51:53.599,0.85096,0.85103,1.00,2.10
2014.05.30 04:51:53.854,0.85093,0.85105,1.00,3.75
2014.05.30 04:51:54.359,0.85094,0.85105,1.00,2.74
2014.05.30 04:51:55.291,0.85094,0.85105,1.00,1.99
2014.05.30 04:51:55.819,0.85094,0.85104,1.00,1.00
2014.05.30 04:51:56.324,0.85094,0.85105,1.00,1.54
2014.05.30 04:51:56.537,0.85094,0.85102,1.00,2.10
2014.05.30 04:51:56.841,0.8509,0.85099,1.00,1.00
2014.05.30 04:52:02.554,0.85092,0.85099,1.00,1.00
2014.05.30 04:52:05.736,0.85089,0.85099,1.50,1.19
2014.05.30 04:52:05.787,0.85089,0.85099,1.58,2.28
2014.05.30 04:52:05.888,0.85084,0.85095,1.50,1.53
2014.05.30 04:52:05.989,0.85083,0.85095,1.69,3.48
2014.05.30 04:52:06.091,0.85082,0.85093,1.19,1.10
2014.05.30 04:52:06.192,0.8508,0.85091,2.27,1.25
2014.05.30 04:52:06.394,0.85082,0.85093,1.00,2.03
2014.05.30 04:52:06.900,0.85081,0.85093,1.00,4.20
2014.05.30 04:52:07.543,0.85083,0.85093,1.00,2.33
2014.05.30 04:52:08.896,0.85085,0.85094,1.00,1.42
2014.05.30 04:52:09.409,0.85085,0.85094,1.00,1.05
2014.05.30 04:52:11.098,0.85085,0.85095,1.00,3.87
2014.05.30 04:52:15.312,0.85085,0.85094,1.00,1.54
2014.05.30 04:52:16.434,0.85085,0.85095,1.00,3.19
2014.05.30 04:52:17.831,0.85085,0.85094,1.00,1.05
2014.05.30 04:52:19.892,0.85085,0.85096,1.00,1.37
2014.05.30 04:52:20.202,0.85087,0.85097,1.00,1.54
2014.05.30 04:52:20.758,0.85084,0.85096,1.00,1.19
2014.05.30 04:52:25.874,0.85084,0.85096,1.25,1.77
2014.05.30 04:52:26.562,0.85083,0.85095,1.19,1.10
2014.05.30 04:52:27.108,0.85083,0.85095,1.25,1.25
2014.05.30 04:52:27.310,0.85084,0.85096,1.29,1.00
2014.05.30 04:52:27.815,0.85084,0.85095,1.19,1.00
2014.05.30 04:52:28.118,0.85083,0.85092,1.19,1.00
2014.05.30 04:52:28.219,0.85079,0.85091,1.69,1.00
2014.05.30 04:52:28.372,0.85078,0.85089,1.39,1.00
2014.05.30 04:52:28.877,0.85076,0.85088,2.44,1.10
2014.05.30 04:52:29.485,0.85076,0.85088,1.69,1.10
2014.05.30 04:52:29.877,0.85074,0.85084,1.19,2.18
2014.05.30 04:52:29.928,0.85073,0.85083,1.25,1.35
2014.05.30 04:52:30.433,0.85073,0.85084,1.00,2.44
2014.05.30 04:52:31.113,0.85073,0.85083,1.00,1.05
2014.05.30 04:52:31.838,0.85073,0.8508,1.00,2.10
2014.05.30 04:52:31.889,0.85071,0.8508,1.25,2.10
2014.05.30 04:52:32.444,0.85073,0.8508,1.00,2.10
2014.05.30 04:52:32.646,0.85072,0.85083,1.00,1.57
2014.05.30 04:52:33.149,0.85072,0.85084,1.00,2.37
2014.05.30 04:52:34.831,0.85072,0.85084,1.00,1.62
2014.05.30 04:52:38.232,0.85073,0.85084,1.00,1.15
2014.05.30 04:52:39.413,0.85073,0.85084,1.00,1.62
2014.05.30 04:52:41.067,0.85073,0.85085,1.25,4.32
2014.05.30 04:52:41.219,0.85074,0.85085,1.08,2.07
2014.05.30 04:52:41.534,0.85073,0.85082,1.00,1.00
2014.05.30 04:52:42.043,0.85073,0.85083,1.00,1.15
2014.05.30 04:52:44.737,0.85075,0.85086,1.00,1.67
2014.05.30 04:52:45.806,0.85077,0.85088,1.00,1.99
2014.05.30 04:52:45.958,0.85075,0.85087,1.25,1.47
2014.05.30 04:52:46.059,0.85077,0.85087,1.00,1.47
2014.05.30 04:52:46.363,0.85077,0.85089,2.52,1.00
2014.05.30 04:52:46.817,0.85082,0.85092,1.00,1.37
2014.05.30 04:52:46.918,0.8508,0.85091,1.00,1.25
2014.05.30 04:52:47.312,0.8508,0.85087,1.00,2.44
2014.05.30 04:52:47.815,0.85078,0.85087,1.13,2.44
2014.05.30 04:52:48.118,0.85076,0.85087,1.10,2.44
2014.05.30 04:52:48.630,0.85076,0.85087,1.00,2.59
2014.05.30 04:52:48.937,0.85076,0.85084,1.00,1.25
2014.05.30 04:52:49.951,0.85076,0.85083,1.00,2.44
2014.05.30 04:52:51.754,0.85074,0.85082,1.00,2.44
2014.05.30 04:52:52.779,0.85074,0.85081,1.00,1.25
2014.05.30 04:52:56.683,0.85074,0.85081,1.00,2.44
2014.05.30 04:52:57.903,0.85074,0.85081,1.00,2.44
2014.05.30 04:52:58.425,0.85073,0.85081,1.00,2.44
2014.05.30 04:53:00.562,0.85073,0.85081,1.00,2.44
2014.05.30 04:53:02.005,0.85073,0.85081,1.00,2.44
2014.05.30 04:53:02.560,0.85071,0.85081,1.00,2.44
2014.05.30 04:53:02.712,0.85071,0.85078,1.00,1.25
2014.05.30 04:53:03.777,0.85071,0.85077,1.00,1.25
2014.05.30 04:53:04.888,0.85071,0.85078,1.00,2.44
2014.05.30 04:53:04.989,0.85069,0.85078,1.10,2.44
2014.05.30 04:53:05.091,0.85071,0.85078,1.00,2.44
2014.05.30 04:53:05.613,0.85072,0.85078,1.00,2.44
2014.05.30 04:53:08.931,0.85069,0.85077,1.18,1.25
2014.05.30 04:53:09.032,0.85072,0.85077,1.00,1.25
2014.05.30 04:53:09.902,0.85072,0.85078,1.00,2.44
2014.05.30 04:53:10.921,0.85072,0.85077,1.00,1.25
2014.05.30 04:53:11.455,0.85071,0.85077,1.00,1.25
2014.05.30 04:53:11.764,0.85072,0.85077,1.18,1.25
2014.05.30 04:53:12.447,0.85072,0.85078,1.18,1.25
2014.05.30 04:53:13.774,0.85072,0.85078,1.00,2.44
2014.05.30 04:53:14.960,0.8507,0.85077,1.00,1.25
2014.05.30 04:53:15.111,0.85072,0.85077,1.00,1.25
2014.05.30 04:53:15.313,0.85069,0.85077,1.00,1.25
2014.05.30 04:53:15.868,0.85069,0.85076,1.00,1.25
2014.05.30 04:53:16.954,0.85068,0.85076,1.00,1.25
2014.05.30 04:53:24.218,0.85068,0.85076,1.18,2.44
2014.05.30 04:53:24.746,0.85068,0.85076,1.00,2.44
2014.05.30 04:53:25.301,0.85068,0.85075,1.00,1.25
2014.05.30 04:53:25.452,0.8507,0.85075,1.00,1.25
2014.05.30 04:53:25.857,0.85068,0.85075,1.00,1.25
2014.05.30 04:53:26.424,0.85069,0.85075,1.00,1.25
2014.05.30 04:53:27.402,0.85071,0.85076,1.00,2.44
2014.05.30 04:53:28.432,0.85071,0.85076,1.00,2.44
2014.05.30 04:53:40.978,0.85071,0.85076,1.00,2.44
2014.05.30 04:53:41.029,0.85069,0.85076,1.00,2.44
2014.05.30 04:53:43.107,0.85067,0.85075,1.00,1.25
2014.05.30 04:53:43.259,0.8507,0.85075,1.00,1.25
2014.05.30 04:53:43.673,0.85068,0.85075,1.00,1.25
2014.05.30 04:53:43.901,0.8507,0.85075,1.00,1.25
2014.05.30 04:53:44.885,0.85068,0.85076,1.00,2.44
2014.05.30 04:53:45.391,0.85069,0.85076,1.00,2.44
2014.05.30 04:53:48.510,0.85067,0.85076,1.00,2.44
2014.05.30 04:53:48.611,0.85069,0.85076,1.00,2.44
2014.05.30 04:53:49.180,0.85069,0.85076,1.00,2.44
2014.05.30 04:53:51.811,0.85065,0.85072,1.30,1.54
2014.05.30 04:53:52.064,0.8506,0.85068,1.65,2.44
2014.05.30 04:53:52.165,0.85063,0.85072,1.00,2.44
2014.05.30 04:53:52.367,0.85063,0.85069,1.18,2.10
2014.05.30 04:53:52.468,0.85061,0.85068,1.00,3.04
2014.05.30 04:53:52.570,0.85059,0.85068,1.00,3.04
2014.05.30 04:53:53.024,0.85061,0.85068,1.00,2.44
2014.05.30 04:53:53.531,0.8506,0.85069,1.00,2.44
2014.05.30 04:53:55.005,0.85059,0.85069,1.00,2.44
2014.05.30 04:53:55.355,0.85059,0.85067,1.00,2.44
2014.05.30 04:53:58.536,0.85059,0.85068,1.00,1.25
2014.05.30 04:53:58.840,0.85063,0.85068,1.00,1.25
2014.05.30 04:53:59.242,0.85061,0.85068,1.00,1.25
2014.05.30 04:54:00.202,0.85062,0.85069,1.00,2.44
2014.05.30 04:54:00.733,0.85062,0.85069,1.00,2.44
2014.05.30 04:54:11.503,0.85062,0.85068,1.00,2.44
2014.05.30 04:54:12.191,0.85061,0.85068,1.00,2.44
2014.05.30 04:54:22.346,0.85061,0.85068,1.00,2.44
2014.05.30 04:54:24.786,0.85061,0.85069,1.00,2.44
2014.05.30 04:54:25.896,0.85056,0.85069,2.14,3.19
2014.05.30 04:54:28.225,0.85056,0.85068,2.14,2.44
2014.05.30 04:54:28.731,0.85056,0.85067,1.32,1.00
2014.05.30 04:54:28.832,0.85056,0.85067,1.32,1.38
2014.05.30 04:54:29.038,0.85056,0.85067,1.32,1.38
2014.05.30 04:54:31.801,0.85056,0.85066,1.00,2.44
2014.05.30 04:54:33.335,0.85055,0.85065,1.65,1.25
2014.05.30 04:54:35.357,0.85055,0.85064,1.20,2.44
2014.05.30 04:54:37.338,0.85055,0.85064,1.20,2.44
2014.05.30 04:54:39.548,0.85051,0.85061,1.20,2.44
2014.05.30 04:54:40.405,0.85049,0.85061,1.84,2.44
2014.05.30 04:54:40.922,0.85049,0.85061,1.40,2.44
2014.05.30 04:54:45.282,0.85049,0.85061,1.15,2.44
2014.05.30 04:54:46.355,0.85049,0.85061,1.40,2.44
2014.05.30 04:54:47.263,0.85052,0.85061,1.50,2.44
2014.05.30 04:54:47.365,0.85052,0.85061,2.40,2.44
2014.05.30 04:54:48.383,0.85052,0.85063,2.78,2.07
2014.05.30 04:54:48.687,0.85051,0.85063,1.09,2.07
2014.05.30 04:54:49.629,0.8505,0.85061,1.15,1.25
2014.05.30 04:54:59.457,0.8505,0.85061,1.18,2.44
2014.05.30 04:55:06.462,0.85049,0.85061,1.40,2.44
2014.05.30 04:55:09.384,0.85049,0.85061,1.15,2.44
2014.05.30 04:55:09.925,0.85049,0.85061,1.18,2.44
2014.05.30 04:55:10.431,0.85049,0.8506,1.10,1.25
2014.05.30 04:55:10.995,0.85049,0.8506,1.18,1.25
2014.05.30 04:55:12.266,0.85049,0.85061,1.10,2.44
2014.05.30 04:55:19.865,0.85049,0.85059,1.10,1.25
2014.05.30 04:55:24.663,0.85049,0.85059,1.18,1.25
2014.05.30 04:55:25.189,0.85049,0.85059,1.10,1.25
2014.05.30 04:55:30.710,0.85049,0.8506,1.10,2.44
2014.05.30 04:55:31.693,0.85049,0.8506,1.10,2.44
2014.05.30 04:55:35.699,0.85049,0.8506,1.18,2.44
2014.05.30 04:55:37.697,0.85049,0.8506,1.10,2.44
2014.05.30 04:55:39.075,0.85049,0.8506,1.65,1.19
2014.05.30 04:55:39.716,0.85049,0.85061,1.65,1.19
2014.05.30 04:55:52.936,0.85049,0.85061,1.15,1.19
2014.05.30 04:55:54.948,0.85049,0.85061,1.15,1.19
2014.05.30 04:55:55.533,0.85049,0.85061,1.15,1.19
2014.05.30 04:55:57.344,0.85049,0.85061,1.40,1.25
2014.05.30 04:55:59.516,0.85049,0.85061,1.15,1.19
2014.05.30 04:56:01.109,0.8505,0.85061,1.65,1.19
2014.05.30 04:56:02.241,0.8505,0.8506,1.65,1.25
2014.05.30 04:56:03.116,0.8505,0.8506,1.65,1.25
2014.05.30 04:56:05.460,0.8505,0.8506,1.65,1.25
2014.05.30 04:56:06.538,0.8505,0.85061,1.65,1.19
2014.05.30 04:56:09.922,0.8505,0.85061,1.65,1.19
2014.05.30 04:56:10.436,0.8505,0.85061,1.65,1.19
2014.05.30 04:56:17.600,0.8505,0.85059,1.65,1.25
2014.05.30 04:56:17.701,0.8505,0.85059,1.50,1.25
2014.05.30 04:56:19.136,0.8505,0.8506,1.88,1.25
2014.05.30 04:56:19.891,0.8505,0.8506,2.03,1.25
2014.05.30 04:56:26.095,0.8505,0.85061,1.65,1.25
2014.05.30 04:56:30.682,0.85051,0.85062,1.29,1.00
2014.05.30 04:56:31.420,0.85051,0.85063,1.37,1.00
2014.05.30 04:56:31.765,0.85055,0.85065,1.33,1.00
2014.05.30 04:56:32.068,0.85058,0.85068,1.19,1.00
2014.05.30 04:56:32.320,0.85058,0.8507,1.37,1.00
2014.05.30 04:56:32.724,0.85058,0.85067,1.37,1.00
2014.05.30 04:56:33.414,0.85056,0.85067,1.84,1.35
2014.05.30 04:56:33.725,0.85056,0.85064,1.19,1.00
2014.05.30 04:56:33.876,0.85052,0.85064,2.97,1.00
2014.05.30 04:56:34.484,0.85052,0.85063,1.39,1.00
2014.05.30 04:56:35.099,0.85052,0.85063,1.37,1.00
2014.05.30 04:56:37.287,0.85052,0.85063,1.02,1.00
2014.05.30 04:56:37.590,0.85053,0.85065,2.22,1.00
2014.05.30 04:56:37.893,0.85053,0.85062,1.57,1.00
2014.05.30 04:56:39.413,0.85052,0.85062,1.77,1.00
2014.05.30 04:56:39.666,0.85052,0.85065,3.34,1.00
2014.05.30 04:56:40.174,0.85052,0.85065,4.09,1.00
2014.05.30 04:56:43.309,0.85053,0.85063,1.32,1.00
2014.05.30 04:56:45.242,0.85053,0.85063,1.32,1.00
2014.05.30 04:56:58.188,0.85054,0.85063,1.19,1.00
2014.05.30 04:57:00.705,0.85053,0.85063,1.32,1.00
2014.05.30 04:57:10.030,0.85052,0.85063,2.97,1.00
2014.05.30 04:57:10.574,0.85052,0.85063,2.97,1.00
2014.05.30 04:57:11.205,0.85053,0.85063,1.47,1.00
2014.05.30 04:57:16.185,0.85053,0.85063,1.47,1.00
2014.05.30 04:57:18.075,0.85053,0.85062,1.37,1.35
2014.05.30 04:57:18.379,0.85056,0.85066,1.25,1.38
2014.05.30 04:57:18.430,0.85056,0.85066,1.33,1.38
2014.05.30 04:57:18.783,0.85057,0.85068,1.62,1.00
2014.05.30 04:57:18.986,0.85065,0.85075,2.33,2.55
2014.05.30 04:57:19.137,0.85066,0.85077,1.15,1.00
2014.05.30 04:57:19.196,0.85069,0.85077,1.19,1.00
2014.05.30 04:57:19.400,0.85069,0.8508,1.27,1.00
2014.05.30 04:57:19.919,0.8507,0.85081,1.54,1.00
2014.05.30 04:57:20.462,0.8507,0.85082,1.54,1.00
2014.05.30 04:57:20.967,0.8507,0.85081,1.84,1.00
2014.05.30 04:57:26.427,0.8507,0.85081,1.84,1.00
2014.05.30 04:57:28.345,0.8507,0.85081,1.84,1.00
2014.05.30 04:57:30.784,0.85071,0.85083,1.29,1.00
2014.05.30 04:57:30.991,0.8507,0.85081,1.84,1.00
2014.05.30 04:57:38.869,0.8507,0.85081,1.84,1.00
2014.05.30 04:57:39.388,0.8507,0.85081,1.84,1.00
2014.05.30 04:57:39.997,0.8507,0.85081,1.84,1.00
2014.05.30 04:57:40.607,0.8507,0.85081,1.84,1.00
2014.05.30 04:57:41.001,0.85071,0.85083,1.02,1.25
2014.05.30 04:57:41.105,0.8507,0.8508,1.37,1.00
2014.05.30 04:57:45.208,0.8507,0.8508,1.37,1.00
2014.05.30 04:57:46.504,0.85073,0.85085,1.00,2.29
2014.05.30 04:57:50.324,0.85073,0.85085,1.25,2.29
2014.05.30 04:57:50.375,0.85073,0.85083,1.25,1.00
2014.05.30 04:57:56.616,0.8507,0.8508,1.54,1.00
2014.05.30 04:57:57.470,0.8507,0.8508,1.37,1.00
2014.05.30 04:57:58.105,0.8507,0.8508,1.34,1.00
2014.05.30 04:58:01.495,0.85072,0.85083,1.10,1.69
2014.05.30 04:58:01.596,0.8507,0.85081,1.34,1.00
2014.05.30 04:58:11.883,0.8507,0.85081,1.84,1.00
2014.05.30 04:58:12.408,0.8507,0.8508,1.29,1.50
2014.05.30 04:58:12.711,0.8507,0.85077,1.29,1.00
2014.05.30 04:58:13.222,0.85069,0.85077,1.09,1.00
2014.05.30 04:58:15.895,0.85068,0.85076,1.84,1.00
2014.05.30 04:58:16.097,0.85069,0.85078,1.10,1.00
2014.05.30 04:58:16.653,0.85069,0.85078,1.18,1.00
2014.05.30 04:58:17.965,0.8507,0.85077,1.10,1.00
2014.05.30 04:58:21.621,0.8507,0.85078,1.00,1.00
2014.05.30 04:58:22.126,0.85069,0.85078,1.10,1.00
2014.05.30 04:58:23.344,0.85069,0.85078,1.33,1.00
2014.05.30 04:58:23.931,0.85069,0.85078,1.02,1.00
2014.05.30 04:58:26.473,0.85071,0.85078,1.00,1.00
2014.05.30 04:58:26.624,0.85069,0.85078,1.02,1.00
2014.05.30 04:58:30.401,0.85069,0.85077,1.02,1.00
2014.05.30 04:58:31.528,0.85069,0.85077,1.09,1.00
2014.05.30 04:58:32.145,0.85069,0.85078,1.09,1.00
2014.05.30 04:58:32.656,0.85069,0.85078,1.02,1.00
2014.05.30 04:58:36.410,0.85069,0.85078,1.09,1.00
2014.05.30 04:58:37.400,0.85069,0.85078,1.02,1.00
2014.05.30 04:58:38.570,0.85069,0.85078,1.09,1.00
2014.05.30 04:58:39.073,0.85069,0.85078,1.02,1.00
2014.05.30 04:58:42.650,0.85069,0.85078,1.33,1.00
2014.05.30 04:58:43.651,0.85069,0.85078,1.02,1.00
2014.05.30 04:58:44.274,0.85069,0.85078,1.09,1.00
2014.05.30 04:58:45.062,0.85069,0.85078,1.02,1.00
2014.05.30 04:58:45.567,0.85069,0.85079,1.40,1.00
2014.05.30 04:58:45.618,0.8507,0.85081,1.15,1.25
2014.05.30 04:58:46.079,0.85071,0.85083,1.99,1.00
2014.05.30 04:58:47.007,0.85072,0.85083,1.37,1.00
2014.05.30 04:58:54.028,0.85072,0.85083,1.57,1.00
2014.05.30 04:58:56.525,0.85071,0.85083,1.92,1.00
2014.05.30 04:59:00.933,0.8507,0.85081,2.37,1.00
2014.05.30 04:59:02.642,0.8507,0.85081,1.84,1.00
2014.05.30 04:59:04.069,0.8507,0.85081,1.84,1.00
2014.05.30 04:59:06.113,0.8507,0.85081,2.29,1.00
2014.05.30 04:59:13.415,0.8507,0.85081,1.25,1.00
2014.05.30 04:59:14.425,0.8507,0.85081,1.69,1.00
2014.05.30 04:59:17.847,0.85071,0.85081,1.19,1.00
2014.05.30 04:59:18.835,0.8507,0.85081,1.84,1.00
2014.05.30 04:59:19.872,0.85071,0.85081,1.19,1.00
2014.05.30 04:59:25.102,0.85071,0.85081,1.19,1.00
2014.05.30 04:59:25.404,0.85075,0.85081,1.19,1.00
2014.05.30 04:59:25.505,0.85075,0.85085,1.34,1.50
2014.05.30 04:59:25.606,0.85075,0.85083,1.34,1.00
2014.05.30 04:59:26.063,0.85075,0.85082,1.20,1.00
2014.05.30 04:59:26.570,0.85072,0.85082,1.39,1.00
2014.05.30 04:59:27.085,0.85072,0.85082,1.39,1.00
2014.05.30 04:59:37.039,0.85072,0.85082,1.39,1.00
2014.05.30 04:59:39.853,0.85071,0.85082,2.29,1.00
2014.05.30 04:59:45.607,0.85072,0.8508,1.49,1.00
2014.05.30 04:59:45.809,0.8507,0.8508,1.19,1.50
2014.05.30 04:59:46.062,0.8507,0.85082,1.92,1.00
2014.05.30 04:59:46.566,0.8507,0.85082,1.92,1.00
2014.05.30 04:59:47.070,0.85071,0.85082,1.47,1.00
2014.05.30 04:59:49.490,0.85071,0.85082,1.47,1.00
2014.05.30 04:59:52.021,0.85071,0.85082,1.47,1.00
2014.05.30 04:59:53.318,0.85071,0.85082,1.47,1.00
2014.05.30 04:59:53.369,0.85071,0.85079,1.47,1.00
2014.05.30 04:59:54.341,0.85069,0.85079,1.92,1.00
2014.05.30 04:59:58.606,0.8507,0.85078,1.19,1.00
2014.05.30 04:59:59.083,0.85068,0.85075,1.10,1.00
2014.05.30 04:59:59.184,0.85066,0.85075,1.13,1.00
2014.05.30 04:59:59.285,0.85064,0.85071,1.57,1.00
2014.05.30 04:59:59.488,0.85064,0.85073,1.84,1.00
2014.05.30 04:59:59.639,0.85064,0.85075,1.84,1.00
