2014.05.06 09:00:02.211,0.87249,0.8726,1.00,1.50
2014.05.06 09:00:02.312,0.87252,0.8726,1.00,1.00
2014.05.06 09:00:02.515,0.87252,0.87262,1.00,1.95
2014.05.06 09:00:02.566,0.87252,0.87262,1.00,1.95
2014.05.06 09:00:02.617,0.87249,0.8726,1.00,1.08
2014.05.06 09:00:03.127,0.87249,0.8726,1.00,1.10
2014.05.06 09:00:03.751,0.87247,0.87258,1.25,1.00
2014.05.06 09:00:05.545,0.87249,0.8726,1.00,1.00
2014.05.06 09:00:06.537,0.87249,0.8726,1.19,1.00
2014.05.06 09:00:07.641,0.87249,0.8726,1.19,1.10
2014.05.06 09:00:08.803,0.87249,0.8726,1.19,1.18
2014.05.06 09:00:09.325,0.87249,0.8726,1.19,1.10
2014.05.06 09:00:12.902,0.87247,0.87258,1.69,1.00
2014.05.06 09:00:15.964,0.87249,0.8726,1.19,1.58
2014.05.06 09:00:16.622,0.87249,0.8726,1.19,1.65
2014.05.06 09:00:17.134,0.87249,0.8726,1.19,1.00
2014.05.06 09:00:20.167,0.87249,0.8726,1.19,1.00
2014.05.06 09:00:20.889,0.87249,0.8726,1.19,1.08
2014.05.06 09:00:21.455,0.87249,0.8726,1.19,1.15
2014.05.06 09:00:21.961,0.87249,0.8726,1.19,1.18
2014.05.06 09:00:23.153,0.87249,0.8726,1.19,1.15
2014.05.06 09:00:23.668,0.87249,0.8726,1.19,1.18
2014.05.06 09:00:31.607,0.87249,0.8726,1.19,1.18
2014.05.06 09:00:32.156,0.87249,0.8726,1.19,1.15
2014.05.06 09:00:33.552,0.87249,0.8726,1.19,1.18
2014.05.06 09:00:34.505,0.87249,0.8726,1.19,1.15
2014.05.06 09:00:39.890,0.87249,0.8726,1.19,1.15
2014.05.06 09:00:42.791,0.87249,0.8726,1.19,1.15
2014.05.06 09:00:43.628,0.87249,0.8726,1.19,1.18
2014.05.06 09:00:44.131,0.87249,0.8726,1.19,1.15
2014.05.06 09:00:44.675,0.87249,0.8726,1.19,1.18
2014.05.06 09:00:45.221,0.87249,0.8726,1.19,1.10
2014.05.06 09:00:47.986,0.87249,0.8726,1.19,1.18
2014.05.06 09:00:48.498,0.87249,0.8726,1.19,1.08
2014.05.06 09:00:48.564,0.87249,0.8726,1.19,1.00
2014.05.06 09:00:59.098,0.87249,0.8726,1.19,1.00
2014.05.06 09:01:00.843,0.87249,0.8726,1.19,1.00
2014.05.06 09:01:07.884,0.87247,0.87259,1.37,1.00
2014.05.06 09:01:08.542,0.87249,0.87261,1.00,1.54
2014.05.06 09:01:09.686,0.87249,0.87261,1.19,1.25
2014.05.06 09:01:13.613,0.87247,0.87259,1.84,1.00
2014.05.06 09:01:13.715,0.87247,0.87259,1.29,1.00
2014.05.06 09:01:15.620,0.87249,0.87261,1.00,1.29
2014.05.06 09:01:16.209,0.87249,0.87261,1.19,1.10
2014.05.06 09:01:16.411,0.87248,0.8726,1.25,1.00
2014.05.06 09:01:17.624,0.87248,0.8726,1.29,1.00
2014.05.06 09:01:18.964,0.87248,0.8726,1.29,1.50
2014.05.06 09:01:21.933,0.87248,0.8726,1.77,1.00
2014.05.06 09:01:26.943,0.87249,0.87261,1.19,1.10
2014.05.06 09:01:27.513,0.87249,0.87261,1.00,1.10
2014.05.06 09:01:29.446,0.87249,0.87261,1.08,1.00
2014.05.06 09:01:29.952,0.87249,0.87261,1.00,1.00
2014.05.06 09:01:44.950,0.87248,0.8726,1.02,1.00
2014.05.06 09:01:45.102,0.8725,0.87262,1.00,1.78
2014.05.06 09:01:45.608,0.87249,0.87261,1.00,1.10
2014.05.06 09:01:48.625,0.87249,0.87261,1.19,1.10
2014.05.06 09:01:49.240,0.87249,0.87261,1.00,1.10
2014.05.06 09:01:53.908,0.87249,0.87259,1.00,1.00
2014.05.06 09:01:54.790,0.87249,0.87261,1.00,1.09
2014.05.06 09:01:55.333,0.87249,0.87261,1.00,1.15
2014.05.06 09:01:55.884,0.87249,0.87261,1.00,1.18
2014.05.06 09:02:01.218,0.87249,0.87261,1.18,1.00
2014.05.06 09:02:01.729,0.87249,0.87261,1.00,1.10
2014.05.06 09:02:06.952,0.87249,0.87261,1.00,1.08
2014.05.06 09:02:07.458,0.87249,0.87261,1.00,1.18
2014.05.06 09:02:14.680,0.87249,0.87261,1.19,1.09
2014.05.06 09:02:21.655,0.87249,0.87259,1.19,1.00
2014.05.06 09:02:22.179,0.87249,0.87258,1.19,1.00
2014.05.06 09:02:27.752,0.87249,0.87258,1.19,1.00
2014.05.06 09:02:35.893,0.87249,0.87256,1.19,1.00
2014.05.06 09:02:36.407,0.87249,0.87256,1.19,1.00
2014.05.06 09:02:40.752,0.87249,0.87256,1.19,1.00
2014.05.06 09:02:41.212,0.87249,0.87256,1.25,1.00
2014.05.06 09:02:41.315,0.87246,0.87251,1.50,1.00
2014.05.06 09:02:44.858,0.87245,0.87251,1.00,1.00
2014.05.06 09:02:45.399,0.87245,0.87251,1.19,1.00
2014.05.06 09:02:45.929,0.87243,0.87249,1.00,1.00
2014.05.06 09:02:46.083,0.87241,0.87249,1.19,1.00
2014.05.06 09:02:46.629,0.87242,0.8725,1.19,1.00
2014.05.06 09:02:47.140,0.87242,0.87249,1.25,1.00
2014.05.06 09:02:48.158,0.87241,0.87249,1.25,1.00
2014.05.06 09:02:48.665,0.87241,0.87248,1.25,1.00
2014.05.06 09:02:52.276,0.87241,0.87251,1.25,1.10
2014.05.06 09:02:52.786,0.87241,0.8725,1.25,1.00
2014.05.06 09:02:53.446,0.87241,0.87249,1.25,1.00
2014.05.06 09:02:54.963,0.87239,0.87249,1.00,1.00
2014.05.06 09:02:55.924,0.87239,0.87248,1.00,1.00
2014.05.06 09:02:56.431,0.87239,0.87247,1.00,1.00
2014.05.06 09:02:56.987,0.87239,0.87249,1.10,1.00
2014.05.06 09:02:57.517,0.87239,0.8725,1.10,1.25
2014.05.06 09:02:58.091,0.87239,0.8725,1.29,1.00
2014.05.06 09:03:00.686,0.87239,0.87248,1.29,1.00
2014.05.06 09:03:03.516,0.87239,0.87248,1.29,1.00
2014.05.06 09:03:06.882,0.87239,0.87248,1.10,1.00
2014.05.06 09:03:08.921,0.8724,0.87248,1.00,1.00
2014.05.06 09:03:12.686,0.8724,0.8725,1.00,1.00
2014.05.06 09:03:35.986,0.87242,0.8725,1.00,1.00
2014.05.06 09:03:36.492,0.87242,0.87249,1.00,1.00
2014.05.06 09:03:36.745,0.8724,0.8725,1.00,1.50
2014.05.06 09:03:48.449,0.87241,0.8725,1.00,1.00
2014.05.06 09:03:49.404,0.87241,0.87251,1.00,1.00
2014.05.06 09:03:49.922,0.87241,0.87252,1.00,1.02
2014.05.06 09:03:50.396,0.87241,0.8725,1.00,1.00
2014.05.06 09:03:50.650,0.87241,0.87252,1.00,1.10
2014.05.06 09:03:50.701,0.87241,0.8725,1.00,1.00
2014.05.06 09:04:03.728,0.87241,0.87251,1.00,1.50
2014.05.06 09:04:09.600,0.87241,0.87251,1.19,1.00
2014.05.06 09:04:13.285,0.87241,0.8725,1.25,1.00
2014.05.06 09:04:23.109,0.87241,0.87251,1.25,1.50
2014.05.06 09:04:23.642,0.87241,0.87251,1.19,1.00
2014.05.06 09:04:24.152,0.87241,0.87252,1.19,1.58
2014.05.06 09:04:24.507,0.87243,0.87254,1.00,1.50
2014.05.06 09:04:24.662,0.87246,0.87253,1.00,1.00
2014.05.06 09:04:24.713,0.87244,0.87255,1.00,2.25
2014.05.06 09:04:24.814,0.87246,0.87255,1.00,1.00
2014.05.06 09:04:26.177,0.87246,0.87255,1.19,1.00
2014.05.06 09:04:26.689,0.87246,0.87256,1.19,1.00
2014.05.06 09:05:03.433,0.87248,0.87256,1.19,1.00
2014.05.06 09:05:03.535,0.8725,0.87258,1.00,1.00
2014.05.06 09:05:13.756,0.87248,0.87258,1.19,1.00
2014.05.06 09:05:58.883,0.87249,0.87258,1.19,1.00
2014.05.06 09:06:11.491,0.87249,0.87258,1.25,1.00
2014.05.06 09:06:14.224,0.87251,0.87259,1.00,1.50
2014.05.06 09:06:14.528,0.8726,0.87266,1.00,1.00
2014.05.06 09:06:14.681,0.8726,0.87268,1.00,1.00
2014.05.06 09:06:15.962,0.8726,0.8727,1.25,1.00
2014.05.06 09:06:16.468,0.8726,0.87271,1.25,1.58
2014.05.06 09:06:16.636,0.8726,0.87269,1.25,1.00
2014.05.06 09:06:17.875,0.8726,0.87269,1.19,1.00
2014.05.06 09:06:18.390,0.8726,0.8727,1.19,1.00
2014.05.06 09:06:19.672,0.8726,0.87269,1.69,1.00
2014.05.06 09:06:20.179,0.8726,0.87268,1.25,1.00
2014.05.06 09:06:22.073,0.87259,0.87268,1.25,1.00
2014.05.06 09:06:23.059,0.87258,0.87268,1.69,1.00
2014.05.06 09:06:25.160,0.87258,0.87269,1.19,1.10
2014.05.06 09:06:25.463,0.87263,0.87273,2.25,1.19
2014.05.06 09:06:25.767,0.87262,0.8727,1.15,1.00
2014.05.06 09:06:26.071,0.8726,0.87268,3.12,1.00
2014.05.06 09:06:26.224,0.8726,0.87268,1.25,1.00
2014.05.06 09:06:29.826,0.8726,0.87268,1.19,1.00
2014.05.06 09:06:30.332,0.8726,0.87269,1.29,1.00
2014.05.06 09:06:30.866,0.8726,0.87268,1.19,1.00
2014.05.06 09:06:31.448,0.8726,0.87268,1.25,1.00
2014.05.06 09:06:36.127,0.87261,0.87269,1.08,1.00
2014.05.06 09:06:36.179,0.87263,0.87271,3.83,1.25
2014.05.06 09:06:36.230,0.87263,0.87272,3.83,1.19
2014.05.06 09:06:36.536,0.87263,0.8727,1.00,1.00
2014.05.06 09:06:37.061,0.87262,0.8727,1.25,1.00
2014.05.06 09:06:37.214,0.87258,0.87268,1.34,1.00
2014.05.06 09:06:38.923,0.87259,0.87267,1.19,1.00
2014.05.06 09:06:40.105,0.87259,0.87267,1.00,1.00
2014.05.06 09:06:42.216,0.87257,0.87267,1.02,1.13
2014.05.06 09:06:43.944,0.87257,0.87267,1.09,1.00
2014.05.06 09:06:44.487,0.87257,0.87267,1.02,1.00
2014.05.06 09:06:46.306,0.87257,0.87267,1.77,1.00
2014.05.06 09:06:53.958,0.87258,0.87267,1.00,1.00
2014.05.06 09:06:54.496,0.87257,0.87266,1.02,1.00
2014.05.06 09:06:56.353,0.87259,0.87266,1.00,1.00
2014.05.06 09:06:57.085,0.87259,0.87268,1.00,1.25
2014.05.06 09:06:58.463,0.87257,0.87267,1.19,1.00
2014.05.06 09:06:58.966,0.87257,0.87267,1.19,1.00
2014.05.06 09:06:59.972,0.87259,0.87267,1.00,1.00
2014.05.06 09:07:01.600,0.87259,0.87268,1.25,1.00
2014.05.06 09:07:03.506,0.87259,0.87268,1.19,1.00
2014.05.06 09:07:06.237,0.8726,0.87268,1.19,1.00
2014.05.06 09:07:06.745,0.8726,0.87268,1.25,1.00
2014.05.06 09:07:12.075,0.87259,0.87268,1.25,1.00
2014.05.06 09:07:12.628,0.87259,0.87267,1.25,1.00
2014.05.06 09:07:18.663,0.87259,0.87268,1.25,1.50
2014.05.06 09:07:19.400,0.87259,0.87268,1.19,1.00
2014.05.06 09:07:24.328,0.87259,0.87268,1.19,1.00
2014.05.06 09:07:24.836,0.87259,0.87269,1.19,1.00
2014.05.06 09:07:25.295,0.8726,0.87271,1.19,1.00
2014.05.06 09:07:29.668,0.8726,0.8727,1.19,1.00
2014.05.06 09:07:40.734,0.8726,0.87268,1.19,1.00
2014.05.06 09:08:14.184,0.8726,0.8727,1.19,1.00
2014.05.06 09:08:14.792,0.8726,0.87269,1.19,1.00
2014.05.06 09:08:24.362,0.87258,0.87269,1.10,1.00
2014.05.06 09:08:36.540,0.87258,0.87269,1.19,1.00
2014.05.06 09:08:39.925,0.87258,0.87269,1.69,1.00
2014.05.06 09:08:40.431,0.87258,0.8727,2.59,1.00
2014.05.06 09:08:50.067,0.87259,0.8727,1.29,1.00
2014.05.06 09:08:51.202,0.87258,0.8727,3.34,1.00
2014.05.06 09:08:51.505,0.87258,0.87267,1.77,1.00
2014.05.06 09:08:52.092,0.87258,0.87266,1.69,1.00
2014.05.06 09:08:53.335,0.87258,0.87266,1.19,1.00
2014.05.06 09:09:02.046,0.8726,0.87266,1.19,1.00
2014.05.06 09:09:02.582,0.8726,0.87267,1.19,1.00
2014.05.06 09:09:04.219,0.8726,0.87266,1.19,1.00
2014.05.06 09:09:17.904,0.8726,0.87266,1.25,1.00
2014.05.06 09:09:20.055,0.8726,0.87266,1.19,1.00
2014.05.06 09:09:27.671,0.8726,0.87266,1.25,1.00
2014.05.06 09:09:28.702,0.87258,0.87266,1.19,1.00
2014.05.06 09:09:29.974,0.87258,0.87267,1.19,1.50
2014.05.06 09:09:34.174,0.87259,0.87267,1.19,1.00
2014.05.06 09:09:34.696,0.87258,0.87269,1.19,1.50
2014.05.06 09:09:34.746,0.87258,0.87267,1.19,1.00
2014.05.06 09:09:35.295,0.87258,0.87266,1.19,1.00
2014.05.06 09:09:36.546,0.87257,0.87266,1.69,1.00
2014.05.06 09:09:43.819,0.87257,0.87268,1.69,1.00
2014.05.06 09:09:43.921,0.87257,0.87266,2.07,1.00
2014.05.06 09:09:46.096,0.87258,0.87266,1.19,1.00
2014.05.06 09:09:54.152,0.87257,0.87266,1.69,1.00
2014.05.06 09:10:00.176,0.87258,0.87266,1.19,1.00
2014.05.06 09:10:03.795,0.87257,0.87266,1.69,1.00
2014.05.06 09:10:08.181,0.87257,0.87269,2.44,1.50
2014.05.06 09:10:13.371,0.87259,0.87269,1.19,1.50
2014.05.06 09:10:13.877,0.8726,0.8727,1.19,1.50
2014.05.06 09:10:14.463,0.8726,0.8727,1.19,1.00
2014.05.06 09:10:15.086,0.8726,0.8727,1.37,1.00
2014.05.06 09:10:15.641,0.8726,0.8727,1.34,1.00
2014.05.06 09:10:16.145,0.8726,0.87271,2.59,1.00
2014.05.06 09:10:17.764,0.8726,0.87271,2.59,1.00
2014.05.06 09:10:23.287,0.87261,0.87271,1.29,1.00
2014.05.06 09:10:31.022,0.87261,0.87271,1.29,1.00
2014.05.06 09:10:44.878,0.87261,0.87271,1.19,1.50
2014.05.06 09:11:06.133,0.8726,0.87271,1.77,1.50
2014.05.06 09:11:07.561,0.8726,0.87271,1.29,1.50
2014.05.06 09:11:20.121,0.87259,0.87271,1.37,1.00
2014.05.06 09:11:32.185,0.87258,0.87272,1.29,1.02
2014.05.06 09:11:34.673,0.87259,0.8727,1.19,1.00
2014.05.06 09:11:35.407,0.8726,0.87271,1.19,1.10
2014.05.06 09:11:38.605,0.8726,0.87271,1.19,1.10
2014.05.06 09:11:43.505,0.8726,0.87271,1.00,1.10
2014.05.06 09:11:45.906,0.8726,0.87271,1.00,1.29
2014.05.06 09:11:46.448,0.8726,0.87271,1.25,1.00
2014.05.06 09:11:47.427,0.8726,0.87271,1.19,1.00
2014.05.06 09:11:48.851,0.8726,0.87271,1.19,1.00
2014.05.06 09:11:53.672,0.8726,0.87271,1.19,1.00
2014.05.06 09:11:58.786,0.8726,0.87271,1.19,1.00
2014.05.06 09:12:00.567,0.8726,0.87271,1.34,1.00
2014.05.06 09:12:01.116,0.87261,0.87272,1.37,1.00
2014.05.06 09:12:01.622,0.87261,0.87272,1.37,1.00
2014.05.06 09:12:13.053,0.87261,0.87272,1.19,1.08
2014.05.06 09:12:13.626,0.87261,0.87272,1.19,1.18
2014.05.06 09:12:15.206,0.87261,0.87272,1.19,1.10
2014.05.06 09:12:21.224,0.87263,0.87274,1.00,1.39
2014.05.06 09:12:21.730,0.87263,0.87274,1.02,1.05
2014.05.06 09:12:22.672,0.87263,0.87274,1.69,1.00
2014.05.06 09:12:23.026,0.87263,0.87273,1.19,1.18
2014.05.06 09:12:23.934,0.87262,0.87273,1.25,1.18
2014.05.06 09:12:34.026,0.87262,0.87273,1.00,1.37
2014.05.06 09:12:40.826,0.87262,0.87273,1.00,1.18
2014.05.06 09:12:41.863,0.87262,0.87273,1.00,1.18
2014.05.06 09:12:42.496,0.87262,0.87273,1.25,1.18
2014.05.06 09:12:54.559,0.87262,0.87273,1.00,1.84
2014.05.06 09:13:02.885,0.87262,0.87273,1.00,1.09
2014.05.06 09:13:04.468,0.87264,0.87276,1.00,3.64
2014.05.06 09:13:04.874,0.87264,0.87276,1.25,2.14
2014.05.06 09:13:05.412,0.87264,0.87276,1.25,1.77
2014.05.06 09:13:05.936,0.87264,0.87276,1.25,1.02
2014.05.06 09:13:06.494,0.87264,0.87276,1.19,1.10
2014.05.06 09:13:06.998,0.87266,0.87277,1.00,1.47
2014.05.06 09:13:16.578,0.87264,0.87276,1.69,1.10
2014.05.06 09:13:16.679,0.87263,0.87275,1.25,1.40
2014.05.06 09:13:28.321,0.87265,0.87273,1.00,1.10
2014.05.06 09:13:32.617,0.87267,0.87273,1.00,1.10
2014.05.06 09:13:33.131,0.87267,0.87277,1.00,1.84
2014.05.06 09:13:33.649,0.87268,0.87277,1.00,2.14
2014.05.06 09:13:33.953,0.87268,0.87277,1.00,1.32
2014.05.06 09:13:34.468,0.87268,0.87277,1.00,1.02
2014.05.06 09:13:35.597,0.8727,0.87277,1.00,1.02
2014.05.06 09:13:37.811,0.87267,0.87279,1.25,1.47
2014.05.06 09:13:43.097,0.87267,0.87279,1.25,1.39
2014.05.06 09:13:50.316,0.87267,0.87279,1.00,1.27
2014.05.06 09:13:50.620,0.87265,0.87277,1.00,1.25
2014.05.06 09:13:50.671,0.87262,0.87274,1.47,1.00
2014.05.06 09:13:51.240,0.87262,0.87274,1.32,1.18
2014.05.06 09:13:51.750,0.87262,0.87274,1.19,1.10
2014.05.06 09:14:00.193,0.87262,0.87274,1.19,1.02
2014.05.06 09:14:02.179,0.87262,0.87274,1.19,1.10
2014.05.06 09:14:07.133,0.87262,0.87274,1.19,1.02
2014.05.06 09:14:09.087,0.87262,0.87274,1.19,1.33
2014.05.06 09:14:09.817,0.87262,0.87274,1.19,1.02
2014.05.06 09:14:19.478,0.87263,0.87275,1.19,1.00
2014.05.06 09:14:19.800,0.87266,0.87278,1.00,1.37
2014.05.06 09:14:21.332,0.87266,0.87278,1.25,1.37
2014.05.06 09:14:26.714,0.87266,0.87278,1.00,1.37
2014.05.06 09:14:28.176,0.87266,0.87278,1.00,1.09
2014.05.06 09:14:30.722,0.87266,0.87278,1.00,1.47
2014.05.06 09:14:36.073,0.87266,0.87278,1.25,1.37
2014.05.06 09:14:37.122,0.8727,0.87281,1.00,2.78
2014.05.06 09:14:37.224,0.8727,0.87281,1.00,2.25
2014.05.06 09:14:37.736,0.87269,0.8728,1.00,1.13
2014.05.06 09:14:38.791,0.8727,0.87281,1.00,1.77
2014.05.06 09:14:39.909,0.8727,0.87281,1.25,1.02
2014.05.06 09:14:51.534,0.8727,0.87281,1.19,1.00
2014.05.06 09:14:52.713,0.8727,0.87281,1.25,1.25
2014.05.06 09:14:55.972,0.87272,0.87283,1.00,1.28
2014.05.06 09:14:56.648,0.87272,0.87283,1.00,1.20
2014.05.06 09:14:56.957,0.87272,0.87283,1.00,1.28
2014.05.06 09:14:58.700,0.87272,0.87283,1.00,1.47
2014.05.06 09:14:59.455,0.87271,0.87282,1.00,1.37
2014.05.06 09:15:06.694,0.87271,0.87282,1.25,1.02
2014.05.06 09:15:07.255,0.87271,0.87282,1.25,1.09
2014.05.06 09:15:12.678,0.87271,0.87282,1.00,1.34
2014.05.06 09:15:12.989,0.87271,0.87282,1.00,1.77
2014.05.06 09:15:14.319,0.87271,0.87282,1.00,1.37
2014.05.06 09:15:19.329,0.87271,0.87282,1.00,1.37
2014.05.06 09:15:21.231,0.87272,0.87283,1.00,1.34
2014.05.06 09:15:27.223,0.87272,0.87283,1.25,1.09
2014.05.06 09:15:27.842,0.87272,0.87283,1.25,1.09
2014.05.06 09:15:31.452,0.87272,0.87283,1.00,1.37
2014.05.06 09:15:32.202,0.87272,0.87283,1.00,1.37
2014.05.06 09:15:33.381,0.87269,0.8728,1.34,1.00
2014.05.06 09:15:36.414,0.87271,0.87282,1.25,1.25
2014.05.06 09:15:41.056,0.87271,0.87282,1.19,1.00
2014.05.06 09:15:47.711,0.87271,0.87282,1.19,1.00
2014.05.06 09:15:47.864,0.87273,0.87284,1.25,1.25
2014.05.06 09:15:48.738,0.87273,0.87284,1.19,1.00
2014.05.06 09:15:54.059,0.87273,0.87284,1.00,1.25
2014.05.06 09:15:55.947,0.87273,0.87284,1.00,1.19
2014.05.06 09:15:57.969,0.87273,0.87284,1.00,1.08
2014.05.06 09:15:58.019,0.8727,0.87281,1.00,1.58
2014.05.06 09:15:58.070,0.8727,0.87281,1.08,1.50
2014.05.06 09:15:58.766,0.87272,0.87283,1.10,1.00
2014.05.06 09:16:01.589,0.87272,0.87283,1.10,1.69
2014.05.06 09:16:07.126,0.87272,0.87283,1.10,1.19
2014.05.06 09:16:09.894,0.87274,0.87284,1.00,1.19
2014.05.06 09:16:11.281,0.87272,0.87283,1.10,1.19
2014.05.06 09:16:11.899,0.87273,0.87284,1.00,1.69
2014.05.06 09:16:12.630,0.87273,0.87284,1.00,1.19
2014.05.06 09:16:13.233,0.87273,0.87284,1.00,1.69
2014.05.06 09:16:19.755,0.87275,0.87284,1.00,1.19
2014.05.06 09:16:26.109,0.87275,0.87286,1.00,3.04
2014.05.06 09:16:28.911,0.87275,0.87285,1.00,1.19
2014.05.06 09:16:31.438,0.87274,0.87285,1.00,1.69
2014.05.06 09:16:31.943,0.87273,0.87284,1.10,1.19
2014.05.06 09:16:31.994,0.87275,0.87285,1.00,1.19
2014.05.06 09:16:33.063,0.87276,0.87285,1.00,1.32
2014.05.06 09:16:33.937,0.87276,0.87284,1.00,1.19
2014.05.06 09:16:38.140,0.87275,0.87284,1.00,1.19
2014.05.06 09:16:38.687,0.87276,0.87284,1.00,1.19
2014.05.06 09:16:41.571,0.87277,0.87284,1.00,1.19
2014.05.06 09:16:41.897,0.87275,0.87284,1.00,1.19
2014.05.06 09:16:42.457,0.87276,0.87284,1.00,1.19
2014.05.06 09:16:42.960,0.87276,0.87283,1.00,1.19
2014.05.06 09:16:47.048,0.87274,0.87283,1.00,1.19
2014.05.06 09:16:47.608,0.87275,0.87283,1.00,1.19
2014.05.06 09:16:48.243,0.87276,0.87283,1.00,1.19
2014.05.06 09:16:49.445,0.87276,0.87284,1.00,1.19
2014.05.06 09:16:51.415,0.87276,0.87285,1.00,1.19
2014.05.06 09:16:51.931,0.87277,0.87285,1.00,1.19
2014.05.06 09:16:52.567,0.87277,0.87284,1.00,1.19
2014.05.06 09:16:55.197,0.87277,0.87285,1.00,1.19
2014.05.06 09:16:58.591,0.87278,0.87286,1.00,1.62
2014.05.06 09:16:58.692,0.8728,0.87287,1.00,1.19
2014.05.06 09:16:58.794,0.8728,0.8729,1.00,1.19
2014.05.06 09:16:58.845,0.87282,0.8729,1.00,1.19
2014.05.06 09:16:59.097,0.87282,0.87292,1.00,1.84
2014.05.06 09:16:59.454,0.87282,0.87292,1.00,1.25
2014.05.06 09:16:59.505,0.87285,0.87292,1.00,1.25
2014.05.06 09:17:00.011,0.87286,0.87292,1.00,1.25
2014.05.06 09:17:14.177,0.87286,0.87294,1.00,1.99
2014.05.06 09:17:28.124,0.87286,0.87294,1.00,1.99
2014.05.06 09:17:29.606,0.87286,0.87294,1.00,1.99
2014.05.06 09:17:35.611,0.87286,0.87293,1.00,1.92
2014.05.06 09:17:35.865,0.87284,0.87292,1.50,1.00
2014.05.06 09:17:35.916,0.87287,0.87292,1.00,1.00
2014.05.06 09:17:36.068,0.87288,0.87297,1.00,1.69
2014.05.06 09:17:36.374,0.8729,0.87297,1.00,1.19
2014.05.06 09:17:36.730,0.87289,0.87297,1.50,2.07
2014.05.06 09:17:37.203,0.87287,0.87297,1.50,3.19
2014.05.06 09:17:40.181,0.87287,0.87297,1.50,3.19
2014.05.06 09:17:42.942,0.87288,0.87296,1.50,1.37
2014.05.06 09:17:43.506,0.8729,0.87296,1.00,1.37
2014.05.06 09:17:44.806,0.8729,0.87296,1.00,1.37
2014.05.06 09:17:47.952,0.87288,0.87296,1.50,1.37
2014.05.06 09:17:53.711,0.87286,0.87296,1.00,1.34
2014.05.06 09:17:54.016,0.87288,0.87297,1.50,1.37
2014.05.06 09:17:54.678,0.87288,0.87297,1.50,1.84
2014.05.06 09:18:07.343,0.87281,0.87288,1.13,1.00
2014.05.06 09:18:07.444,0.87282,0.87288,1.00,4.05
2014.05.06 09:18:07.647,0.87282,0.87286,1.00,1.10
2014.05.06 09:18:07.800,0.87282,0.87288,1.00,1.00
2014.05.06 09:18:07.851,0.87282,0.87286,1.00,1.35
2014.05.06 09:18:08.104,0.87278,0.87286,1.00,3.38
2014.05.06 09:18:10.311,0.87279,0.87286,1.00,2.07
2014.05.06 09:18:10.614,0.87279,0.87289,1.00,2.22
2014.05.06 09:18:11.412,0.8728,0.87289,1.00,2.22
2014.05.06 09:18:16.028,0.8728,0.87289,1.00,1.47
2014.05.06 09:18:21.381,0.8728,0.8729,1.00,2.82
2014.05.06 09:18:21.862,0.87274,0.87285,1.88,1.38
2014.05.06 09:18:21.963,0.87278,0.87285,1.00,1.48
2014.05.06 09:18:24.791,0.87278,0.87285,1.00,2.14
2014.05.06 09:18:26.897,0.87278,0.87286,1.00,2.97
2014.05.06 09:18:32.054,0.87278,0.87286,1.00,1.34
2014.05.06 09:18:32.599,0.87278,0.87287,1.00,1.37
2014.05.06 09:18:33.200,0.87279,0.87288,1.00,1.34
2014.05.06 09:18:33.961,0.87279,0.87288,1.00,1.34
2014.05.06 09:18:35.640,0.87281,0.87288,1.00,1.29
2014.05.06 09:18:36.247,0.87281,0.87291,1.00,1.84
2014.05.06 09:18:37.514,0.87282,0.87291,1.00,1.84
2014.05.06 09:18:40.450,0.87283,0.87291,1.00,1.34
2014.05.06 09:18:40.990,0.87282,0.87291,1.00,2.07
2014.05.06 09:18:41.091,0.87282,0.87291,1.00,4.24
2014.05.06 09:18:41.626,0.87281,0.8729,1.00,1.72
2014.05.06 09:18:43.805,0.87281,0.8729,1.00,1.72
2014.05.06 09:18:44.806,0.87281,0.8729,1.00,1.53
2014.05.06 09:18:45.110,0.87269,0.87276,1.00,3.15
2014.05.06 09:18:45.363,0.87274,0.87283,1.05,1.00
2014.05.06 09:18:45.465,0.87274,0.87285,1.05,4.02
2014.05.06 09:18:45.769,0.87271,0.87277,1.50,2.25
2014.05.06 09:18:45.870,0.87269,0.87277,1.00,2.78
2014.05.06 09:18:46.073,0.87269,0.8728,1.00,1.10
2014.05.06 09:18:46.225,0.87269,0.87278,1.00,1.27
2014.05.06 09:18:46.742,0.8727,0.87278,1.00,1.37
2014.05.06 09:18:47.290,0.8727,0.87279,1.00,1.34
2014.05.06 09:18:48.113,0.8727,0.8728,1.00,3.19
2014.05.06 09:18:48.628,0.87269,0.8728,1.00,2.44
2014.05.06 09:18:49.175,0.87269,0.8728,1.00,2.44
2014.05.06 09:18:49.810,0.8727,0.8728,1.00,2.44
2014.05.06 09:18:50.115,0.87272,0.87281,1.00,2.44
2014.05.06 09:18:50.627,0.87271,0.87281,1.00,2.44
2014.05.06 09:18:53.128,0.87271,0.87281,1.00,1.94
2014.05.06 09:18:57.339,0.87271,0.87281,1.00,2.44
2014.05.06 09:18:58.496,0.87271,0.87281,1.00,4.62
2014.05.06 09:18:59.052,0.87271,0.87281,1.00,3.19
2014.05.06 09:19:02.001,0.87272,0.87281,1.00,3.19
2014.05.06 09:19:02.507,0.87271,0.87281,1.00,1.94
2014.05.06 09:19:03.021,0.87272,0.87282,1.00,3.19
2014.05.06 09:19:03.590,0.8727,0.87282,1.00,3.94
2014.05.06 09:19:04.249,0.87271,0.87282,1.00,3.19
2014.05.06 09:19:07.104,0.87273,0.87281,1.00,1.94
2014.05.06 09:19:08.750,0.87271,0.87281,1.00,1.89
2014.05.06 09:19:09.293,0.87272,0.87281,1.00,1.89
2014.05.06 09:19:10.833,0.87272,0.8728,1.00,1.54
2014.05.06 09:19:12.029,0.87272,0.87282,1.00,3.12
2014.05.06 09:19:12.131,0.87274,0.87282,1.00,3.19
2014.05.06 09:19:15.952,0.87274,0.87282,1.00,2.37
2014.05.06 09:19:16.423,0.87272,0.8728,1.00,1.05
2014.05.06 09:19:17.096,0.87266,0.87275,1.28,1.00
2014.05.06 09:19:17.198,0.87267,0.87274,1.08,2.48
2014.05.06 09:19:17.553,0.87267,0.87274,1.00,3.23
2014.05.06 09:19:21.618,0.87261,0.87272,1.28,1.49
2014.05.06 09:19:23.794,0.87267,0.87273,1.00,1.17
2014.05.06 09:19:23.948,0.87268,0.87276,1.00,1.62
2014.05.06 09:19:24.202,0.87269,0.87279,1.00,1.32
2014.05.06 09:19:24.253,0.87272,0.8728,1.00,1.49
2014.05.06 09:19:31.150,0.87272,0.87281,1.00,1.79
2014.05.06 09:19:31.539,0.87274,0.87282,1.00,2.29
2014.05.06 09:19:38.424,0.87273,0.8728,1.00,1.05
2014.05.06 09:19:39.890,0.87273,0.87281,1.00,1.79
2014.05.06 09:19:41.525,0.87275,0.87281,1.00,1.60
2014.05.06 09:19:41.609,0.87273,0.87281,1.00,1.79
2014.05.06 09:19:42.068,0.87268,0.87276,1.28,1.00
2014.05.06 09:19:42.373,0.87268,0.87272,1.13,1.30
2014.05.06 09:19:42.625,0.87268,0.87274,2.13,2.25
2014.05.06 09:19:45.984,0.87269,0.87277,1.95,3.19
2014.05.06 09:19:46.136,0.87275,0.87281,1.00,2.10
2014.05.06 09:19:46.803,0.87275,0.87283,1.00,1.25
2014.05.06 09:19:46.955,0.87275,0.87283,1.00,1.19
2014.05.06 09:19:48.954,0.87275,0.87284,1.00,1.54
2014.05.06 09:19:50.239,0.87276,0.87284,1.00,1.54
2014.05.06 09:19:50.739,0.87274,0.87284,1.10,1.54
2014.05.06 09:19:51.158,0.87274,0.87284,1.10,1.05
2014.05.06 09:19:51.331,0.87274,0.87284,1.15,1.05
2014.05.06 09:19:53.303,0.87272,0.87279,1.40,1.50
2014.05.06 09:19:53.506,0.87267,0.87273,1.00,1.00
2014.05.06 09:19:53.709,0.87267,0.87275,1.88,1.00
2014.05.06 09:19:53.759,0.87267,0.87279,5.00,1.68
2014.05.06 09:19:53.912,0.87267,0.87279,2.15,1.00
2014.05.06 09:19:53.963,0.8727,0.87282,1.10,1.25
2014.05.06 09:19:54.165,0.8727,0.87282,1.18,1.25
2014.05.06 09:19:54.707,0.8727,0.87282,1.09,1.19
2014.05.06 09:19:55.789,0.87269,0.87281,1.34,1.25
2014.05.06 09:20:03.657,0.87269,0.87281,1.15,1.19
2014.05.06 09:20:03.708,0.87269,0.87281,1.15,1.19
2014.05.06 09:20:03.911,0.87269,0.87281,1.10,1.19
2014.05.06 09:20:09.974,0.87269,0.87281,1.09,1.19
2014.05.06 09:20:10.482,0.87269,0.87281,1.25,1.19
2014.05.06 09:20:11.005,0.87267,0.87279,1.29,1.25
2014.05.06 09:20:11.934,0.87267,0.87279,1.25,1.19
2014.05.06 09:20:17.360,0.87268,0.8728,1.00,1.29
2014.05.06 09:20:17.911,0.87267,0.87279,1.02,1.19
2014.05.06 09:20:19.252,0.87268,0.8728,1.00,1.19
2014.05.06 09:20:19.774,0.87268,0.8728,1.25,1.19
2014.05.06 09:20:20.286,0.87269,0.87281,1.00,1.62
2014.05.06 09:20:22.682,0.87268,0.8728,1.25,1.19
2014.05.06 09:20:23.676,0.8727,0.87282,1.00,3.87
2014.05.06 09:20:24.294,0.8727,0.87281,1.00,1.54
2014.05.06 09:20:25.974,0.87269,0.87281,1.00,2.44
2014.05.06 09:20:26.280,0.87269,0.87279,1.00,1.19
2014.05.06 09:20:28.241,0.87269,0.8728,1.00,1.39
2014.05.06 09:20:28.848,0.87271,0.8728,1.00,2.22
2014.05.06 09:20:34.299,0.8727,0.8728,1.00,1.34
2014.05.06 09:20:43.378,0.8727,0.87279,1.00,1.37
2014.05.06 09:20:54.196,0.8727,0.87281,1.00,2.44
2014.05.06 09:20:54.708,0.8727,0.87281,1.00,2.44
2014.05.06 09:20:55.246,0.8727,0.87281,1.00,2.44
2014.05.06 09:20:56.481,0.8727,0.87281,1.00,2.44
2014.05.06 09:20:56.992,0.87269,0.87281,1.00,2.82
2014.05.06 09:20:57.514,0.8727,0.87281,1.00,2.07
2014.05.06 09:20:58.569,0.87269,0.87281,1.00,3.19
2014.05.06 09:20:59.201,0.8727,0.87281,1.00,2.44
2014.05.06 09:20:59.819,0.8727,0.8728,1.00,1.37
2014.05.06 09:21:03.585,0.8727,0.87279,1.00,1.37
2014.05.06 09:21:04.780,0.8727,0.87278,1.00,1.19
2014.05.06 09:21:08.367,0.87271,0.87281,1.00,1.77
2014.05.06 09:21:08.621,0.87271,0.87283,1.00,1.37
2014.05.06 09:21:09.122,0.87272,0.87284,1.00,1.84
2014.05.06 09:21:10.094,0.87274,0.87284,1.00,1.27
2014.05.06 09:21:10.145,0.87274,0.87286,1.00,1.92
2014.05.06 09:21:11.167,0.87274,0.87286,1.00,1.84
2014.05.06 09:21:21.573,0.87273,0.87285,1.00,1.29
2014.05.06 09:21:22.105,0.87274,0.87286,1.00,1.84
2014.05.06 09:21:39.602,0.87276,0.87286,1.00,1.37
2014.05.06 09:21:45.973,0.87277,0.87286,1.00,1.37
2014.05.06 09:21:46.126,0.87281,0.87291,1.00,2.59
2014.05.06 09:21:46.278,0.87283,0.87292,1.10,1.19
2014.05.06 09:21:46.532,0.87285,0.87294,1.00,1.54
2014.05.06 09:21:46.735,0.87283,0.87294,1.50,2.29
2014.05.06 09:21:47.259,0.87284,0.87295,1.00,2.37
2014.05.06 09:21:47.773,0.87283,0.87294,1.00,1.54
2014.05.06 09:21:48.389,0.87281,0.87292,1.10,1.19
2014.05.06 09:21:48.924,0.87282,0.87293,1.00,1.19
2014.05.06 09:21:49.433,0.87283,0.87294,1.00,2.29
2014.05.06 09:21:49.535,0.87283,0.87292,1.00,1.19
2014.05.06 09:21:49.586,0.87281,0.87292,1.10,1.69
2014.05.06 09:21:50.093,0.8728,0.87291,1.00,1.19
2014.05.06 09:21:50.942,0.8728,0.87291,1.00,1.77
2014.05.06 09:21:51.043,0.8728,0.87291,1.00,1.29
2014.05.06 09:21:51.145,0.87284,0.87293,1.00,1.34
2014.05.06 09:21:51.582,0.87282,0.87293,1.00,1.69
2014.05.06 09:21:52.070,0.87281,0.87291,1.00,1.19
2014.05.06 09:21:54.201,0.8728,0.87291,1.10,1.69
2014.05.06 09:21:54.707,0.87281,0.87292,1.00,1.69
2014.05.06 09:21:55.213,0.87283,0.87292,1.00,1.29
2014.05.06 09:21:55.314,0.8728,0.87291,1.10,1.19
2014.05.06 09:21:55.567,0.87283,0.87292,1.00,1.19
2014.05.06 09:21:56.073,0.87281,0.87292,1.00,2.52
2014.05.06 09:21:56.637,0.87281,0.87292,1.00,1.77
2014.05.06 09:21:57.150,0.87281,0.87291,1.00,1.19
2014.05.06 09:21:58.093,0.87281,0.87289,1.00,1.19
2014.05.06 09:21:59.086,0.8728,0.87289,1.10,1.19
2014.05.06 09:21:59.187,0.87282,0.87293,1.00,1.69
2014.05.06 09:21:59.744,0.87281,0.87292,1.00,1.19
2014.05.06 09:22:00.179,0.87284,0.87292,1.00,1.19
2014.05.06 09:22:00.281,0.87281,0.87292,1.18,1.19
2014.05.06 09:22:00.384,0.87284,0.87292,1.00,1.19
2014.05.06 09:22:00.587,0.87282,0.87293,1.10,1.69
2014.05.06 09:22:01.093,0.87281,0.87292,1.20,1.69
2014.05.06 09:22:01.144,0.87284,0.87292,1.00,1.19
2014.05.06 09:22:01.397,0.87281,0.87292,1.00,1.19
2014.05.06 09:22:01.903,0.8728,0.87291,1.00,1.25
2014.05.06 09:22:02.195,0.8728,0.87291,1.00,1.69
2014.05.06 09:22:03.955,0.8728,0.8729,1.00,1.19
2014.05.06 09:22:09.337,0.8728,0.87291,1.00,1.77
2014.05.06 09:22:13.908,0.8728,0.8729,1.00,1.34
2014.05.06 09:22:14.888,0.87279,0.8729,1.00,1.84
2014.05.06 09:22:16.879,0.87279,0.87288,1.00,1.29
2014.05.06 09:22:17.899,0.87279,0.87288,1.00,1.29
2014.05.06 09:22:40.050,0.87279,0.87287,1.00,1.37
2014.05.06 09:22:40.152,0.87279,0.8729,1.00,3.34
2014.05.06 09:22:40.203,0.87282,0.8729,1.00,2.59
2014.05.06 09:22:40.709,0.87282,0.8729,1.00,1.34
2014.05.06 09:22:41.241,0.87283,0.87291,1.00,1.29
2014.05.06 09:22:41.545,0.87283,0.87294,1.00,2.37
2014.05.06 09:22:41.646,0.87285,0.87294,1.00,1.62
2014.05.06 09:22:42.522,0.87285,0.87295,1.00,1.97
2014.05.06 09:22:46.184,0.87285,0.87296,1.00,5.37
2014.05.06 09:22:50.181,0.87285,0.87295,1.00,1.89
2014.05.06 09:22:50.577,0.87286,0.87296,1.00,4.69
2014.05.06 09:22:51.089,0.87284,0.87295,1.50,1.60
2014.05.06 09:22:51.394,0.87285,0.87296,1.18,3.79
2014.05.06 09:22:51.699,0.87288,0.87296,1.00,1.25
2014.05.06 09:22:52.318,0.87289,0.87298,1.00,1.19
2014.05.06 09:22:52.471,0.8729,0.873,1.00,1.85
2014.05.06 09:22:52.877,0.87293,0.87301,1.00,2.29
2014.05.06 09:22:53.079,0.87293,0.87304,1.00,1.39
2014.05.06 09:22:53.181,0.87294,0.87305,1.00,2.37
2014.05.06 09:22:53.283,0.87294,0.87305,1.95,1.54
2014.05.06 09:22:53.594,0.873,0.87307,1.00,1.19
2014.05.06 09:22:55.094,0.873,0.87309,1.00,1.54
2014.05.06 09:22:56.137,0.873,0.87311,1.00,4.54
2014.05.06 09:22:56.188,0.87302,0.87311,1.00,3.79
2014.05.06 09:22:59.481,0.87301,0.87311,1.00,3.79
2014.05.06 09:23:00.156,0.87301,0.87309,1.00,1.05
2014.05.06 09:23:00.892,0.873,0.87309,1.00,1.05
2014.05.06 09:23:01.424,0.873,0.87311,1.00,3.79
2014.05.06 09:23:02.142,0.873,0.87311,1.00,3.04
2014.05.06 09:23:02.679,0.87301,0.87311,1.00,2.29
2014.05.06 09:23:03.348,0.87301,0.87311,1.00,3.04
2014.05.06 09:23:12.023,0.873,0.87311,1.00,4.17
2014.05.06 09:23:43.923,0.87299,0.87311,1.00,2.67
2014.05.06 09:23:44.657,0.873,0.87311,1.00,2.67
2014.05.06 09:23:55.874,0.873,0.87311,1.00,1.32
2014.05.06 09:23:56.561,0.87301,0.87312,1.10,1.69
2014.05.06 09:23:56.901,0.87301,0.87312,1.00,1.19
2014.05.06 09:24:04.831,0.87301,0.87312,1.18,1.19
2014.05.06 09:24:05.473,0.87301,0.87312,1.10,1.19
2014.05.06 09:24:09.381,0.87301,0.8731,1.10,1.00
2014.05.06 09:24:29.781,0.87301,0.8731,1.18,1.00
2014.05.06 09:24:30.337,0.87301,0.8731,1.10,1.00
2014.05.06 09:24:40.227,0.87301,0.8731,1.18,1.00
2014.05.06 09:24:40.732,0.87301,0.8731,1.10,1.00
2014.05.06 09:24:51.676,0.87301,0.87311,1.00,1.69
2014.05.06 09:25:01.699,0.87301,0.87312,1.29,1.00
2014.05.06 09:25:02.227,0.87302,0.87313,1.09,1.00
2014.05.06 09:25:04.580,0.87302,0.87313,1.34,1.00
2014.05.06 09:25:13.111,0.87302,0.87313,1.77,1.00
2014.05.06 09:25:13.687,0.87302,0.87313,1.77,1.00
2014.05.06 09:25:14.254,0.87302,0.87313,1.77,1.00
2014.05.06 09:25:14.759,0.87302,0.87313,1.77,1.00
2014.05.06 09:25:16.290,0.87302,0.87313,1.77,1.00
2014.05.06 09:25:17.349,0.87302,0.87313,1.77,1.00
2014.05.06 09:25:17.860,0.87303,0.87314,1.64,1.50
2014.05.06 09:25:20.692,0.87303,0.87314,1.70,1.25
2014.05.06 09:25:21.199,0.87303,0.87314,1.70,1.25
2014.05.06 09:25:22.931,0.87302,0.87313,1.34,1.00
2014.05.06 09:25:26.048,0.87302,0.87313,1.34,1.00
2014.05.06 09:25:26.596,0.87302,0.87313,1.34,1.00
2014.05.06 09:25:40.060,0.87302,0.87313,1.34,1.00
2014.05.06 09:25:41.608,0.87302,0.87313,1.34,1.00
2014.05.06 09:25:46.656,0.87302,0.87313,1.34,1.00
2014.05.06 09:25:47.195,0.87302,0.87313,1.34,1.00
2014.05.06 09:25:47.717,0.87303,0.87314,1.40,1.25
2014.05.06 09:26:08.158,0.87303,0.87314,1.37,1.00
2014.05.06 09:26:11.722,0.87303,0.87314,1.25,1.69
2014.05.06 09:26:16.526,0.87305,0.87314,1.00,1.69
2014.05.06 09:26:16.829,0.87308,0.87315,1.00,1.00
2014.05.06 09:26:16.931,0.87308,0.87318,1.00,1.19
2014.05.06 09:26:17.447,0.87309,0.87319,1.00,2.52
2014.05.06 09:26:17.548,0.87309,0.87319,1.00,1.58
2014.05.06 09:26:18.371,0.87309,0.87318,1.00,1.00
2014.05.06 09:26:18.898,0.87309,0.87319,1.00,1.58
2014.05.06 09:26:37.925,0.87309,0.87319,1.19,1.00
2014.05.06 09:26:44.863,0.87309,0.87319,1.00,1.02
2014.05.06 09:26:44.913,0.87309,0.87317,1.00,1.00
2014.05.06 09:26:45.015,0.87309,0.87319,1.00,1.02
2014.05.06 09:26:45.527,0.87309,0.87318,1.00,1.25
2014.05.06 09:26:47.502,0.87307,0.87318,1.69,1.25
2014.05.06 09:26:48.031,0.87307,0.87318,1.13,1.19
2014.05.06 09:26:49.162,0.87309,0.87318,1.00,1.19
2014.05.06 09:26:49.867,0.87309,0.87318,1.00,1.00
2014.05.06 09:27:20.452,0.87306,0.87318,1.48,1.50
2014.05.06 09:27:20.554,0.87306,0.87315,1.48,1.35
2014.05.06 09:27:20.857,0.87302,0.8731,1.00,1.00
2014.05.06 09:27:20.908,0.87302,0.87314,1.00,1.65
2014.05.06 09:27:20.960,0.87302,0.87314,1.08,1.58
2014.05.06 09:27:21.011,0.87304,0.87315,1.18,1.13
2014.05.06 09:27:21.884,0.87305,0.87316,1.10,1.57
2014.05.06 09:27:23.039,0.87305,0.87316,1.10,1.19
2014.05.06 09:27:24.351,0.87305,0.87316,1.39,1.00
2014.05.06 09:27:24.454,0.87306,0.87317,1.08,1.25
2014.05.06 09:27:24.860,0.87307,0.87319,1.15,1.50
2014.05.06 09:27:25.366,0.8731,0.8732,1.00,1.25
2014.05.06 09:27:25.783,0.87307,0.87319,1.10,1.50
2014.05.06 09:27:26.316,0.87307,0.87318,1.29,1.00
2014.05.06 09:27:29.611,0.87308,0.87318,1.19,1.00
2014.05.06 09:27:30.193,0.87308,0.87319,1.29,1.00
2014.05.06 09:27:49.184,0.87308,0.87319,1.02,1.25
2014.05.06 09:27:51.805,0.87307,0.87318,1.29,1.00
2014.05.06 09:28:00.657,0.87308,0.87319,1.19,1.50
2014.05.06 09:28:09.586,0.8731,0.87319,1.00,1.00
2014.05.06 09:28:11.163,0.87309,0.87319,1.25,1.00
2014.05.06 09:28:13.018,0.8731,0.8732,1.00,1.19
2014.05.06 09:28:14.221,0.87309,0.87319,1.02,1.00
2014.05.06 09:28:18.947,0.87311,0.87319,1.00,1.00
2014.05.06 09:28:19.926,0.87308,0.87319,1.37,1.50
2014.05.06 09:28:24.435,0.87308,0.87319,1.02,1.69
2014.05.06 09:28:24.992,0.87308,0.87319,1.33,1.69
2014.05.06 09:28:25.515,0.8731,0.87319,1.00,1.25
2014.05.06 09:28:26.040,0.8731,0.8732,1.00,1.00
2014.05.06 09:28:26.868,0.8731,0.8732,1.19,1.00
2014.05.06 09:28:35.097,0.8731,0.8732,1.19,1.00
2014.05.06 09:28:44.747,0.8731,0.8732,1.19,1.00
2014.05.06 09:28:53.440,0.8731,0.87319,1.19,1.00
2014.05.06 09:28:59.145,0.87309,0.87317,1.00,1.00
2014.05.06 09:28:59.710,0.87308,0.87316,1.00,1.00
2014.05.06 09:29:03.700,0.87308,0.87315,1.00,1.00
2014.05.06 09:29:04.366,0.87307,0.87315,1.00,1.00
2014.05.06 09:29:04.894,0.87307,0.87316,1.00,1.69
2014.05.06 09:29:05.396,0.87308,0.87317,1.00,1.19
2014.05.06 09:29:05.908,0.87309,0.87317,1.00,1.19
2014.05.06 09:29:06.451,0.87309,0.87317,1.00,1.00
2014.05.06 09:29:06.996,0.8731,0.87319,1.00,1.19
2014.05.06 09:29:07.665,0.8731,0.87319,1.00,1.25
2014.05.06 09:29:14.126,0.8731,0.87319,1.00,1.19
2014.05.06 09:29:18.015,0.8731,0.87319,1.00,1.25
2014.05.06 09:29:27.613,0.87309,0.87319,1.00,1.25
2014.05.06 09:29:28.135,0.8731,0.87319,1.00,1.25
2014.05.06 09:29:35.151,0.8731,0.87319,1.00,1.29
2014.05.06 09:29:37.980,0.8731,0.87319,1.00,1.25
2014.05.06 09:29:38.673,0.8731,0.87317,1.00,1.00
2014.05.06 09:29:40.184,0.8731,0.87318,1.00,1.00
2014.05.06 09:29:45.670,0.8731,0.87319,1.00,1.69
2014.05.06 09:29:46.195,0.87311,0.87318,1.00,1.00
2014.05.06 09:29:46.726,0.8731,0.87318,1.00,1.00
2014.05.06 09:30:15.574,0.8731,0.87317,1.00,1.00
2014.05.06 09:30:28.045,0.87311,0.87317,1.00,1.00
2014.05.06 09:30:30.520,0.87312,0.87317,1.00,1.00
2014.05.06 09:30:44.753,0.87312,0.87318,1.00,1.00
2014.05.06 09:30:45.270,0.87311,0.87319,1.00,1.00
2014.05.06 09:30:48.356,0.87312,0.87319,1.00,1.00
2014.05.06 09:30:49.048,0.87311,0.87319,1.00,1.00
2014.05.06 09:30:53.334,0.8731,0.87319,1.00,1.50
2014.05.06 09:30:53.637,0.87309,0.87317,1.00,1.00
2014.05.06 09:30:53.940,0.87305,0.87314,1.02,1.00
2014.05.06 09:30:54.396,0.87305,0.87312,1.25,1.00
2014.05.06 09:30:54.933,0.87305,0.87313,1.25,1.00
2014.05.06 09:30:56.243,0.87305,0.87313,1.19,1.00
2014.05.06 09:30:56.642,0.87305,0.87311,1.19,1.00
2014.05.06 09:30:58.914,0.87305,0.87311,1.25,1.00
2014.05.06 09:31:00.914,0.87305,0.8731,1.25,1.00
2014.05.06 09:31:02.390,0.87305,0.87311,1.00,1.00
2014.05.06 09:31:02.440,0.87306,0.87314,1.00,1.50
2014.05.06 09:31:02.954,0.87306,0.87313,1.00,1.00
2014.05.06 09:31:04.432,0.87305,0.87313,1.00,1.00
2014.05.06 09:31:04.715,0.87305,0.87311,1.00,1.00
2014.05.06 09:31:05.258,0.87304,0.8731,1.25,1.50
2014.05.06 09:31:05.805,0.87304,0.87309,1.25,1.00
2014.05.06 09:31:09.135,0.87305,0.87313,1.75,1.65
2014.05.06 09:31:09.186,0.87305,0.87313,1.75,2.40
2014.05.06 09:31:09.338,0.87307,0.87315,1.00,1.88
2014.05.06 09:31:09.440,0.87304,0.8731,1.08,1.00
2014.05.06 09:31:09.592,0.87304,0.87309,1.00,1.00
2014.05.06 09:31:10.098,0.87304,0.87308,1.00,1.00
2014.05.06 09:31:11.109,0.87304,0.87309,1.00,1.50
2014.05.06 09:31:12.661,0.87304,0.8731,1.00,1.00
2014.05.06 09:31:15.383,0.87303,0.8731,1.00,1.00
2014.05.06 09:31:35.934,0.87304,0.8731,1.00,1.00
2014.05.06 09:31:39.543,0.87302,0.8731,1.00,1.00
2014.05.06 09:31:51.763,0.87303,0.8731,1.00,1.00
2014.05.06 09:31:52.900,0.87303,0.87311,1.00,1.50
2014.05.06 09:31:53.427,0.87302,0.8731,1.19,1.00
2014.05.06 09:31:54.424,0.87302,0.8731,1.25,1.00
2014.05.06 09:32:00.689,0.87301,0.8731,1.00,1.00
2014.05.06 09:32:00.740,0.87301,0.87308,1.00,1.00
2014.05.06 09:32:00.993,0.87299,0.87308,1.25,1.00
2014.05.06 09:32:01.145,0.87299,0.87306,1.00,1.00
2014.05.06 09:32:01.449,0.87296,0.87302,1.29,1.00
2014.05.06 09:32:01.652,0.87296,0.87303,1.00,1.00
2014.05.06 09:32:01.956,0.87296,0.87305,1.00,1.50
2014.05.06 09:32:02.663,0.87297,0.87305,1.00,1.00
2014.05.06 09:32:03.866,0.87297,0.87307,1.10,1.25
2014.05.06 09:32:04.853,0.87297,0.87307,1.29,1.00
2014.05.06 09:32:04.958,0.873,0.87308,1.00,1.00
2014.05.06 09:32:21.397,0.873,0.87309,1.00,1.50
2014.05.06 09:32:33.594,0.873,0.87305,1.00,1.00
2014.05.06 09:32:33.899,0.87301,0.87308,1.00,1.50
2014.05.06 09:32:39.079,0.87303,0.87308,1.00,1.00
2014.05.06 09:32:43.760,0.87303,0.87307,1.00,1.00
2014.05.06 09:32:44.013,0.87301,0.87307,1.00,1.00
2014.05.06 09:32:44.115,0.87301,0.87305,1.00,1.00
2014.05.06 09:32:44.469,0.87295,0.87302,1.62,1.00
2014.05.06 09:32:45.016,0.87298,0.87302,1.00,1.00
2014.05.06 09:32:45.168,0.87298,0.87304,1.00,1.00
2014.05.06 09:32:45.674,0.87298,0.87305,1.00,1.35
2014.05.06 09:32:46.650,0.87298,0.87302,1.00,1.00
2014.05.06 09:32:47.875,0.87298,0.87303,1.00,1.00
2014.05.06 09:32:47.926,0.87298,0.87306,1.00,1.00
2014.05.06 09:32:47.977,0.87301,0.87306,1.00,1.50
2014.05.06 09:32:48.731,0.87302,0.87306,1.00,1.00
2014.05.06 09:32:49.099,0.87302,0.87308,1.00,1.00
2014.05.06 09:32:50.182,0.87301,0.87308,1.00,1.25
2014.05.06 09:32:50.735,0.87302,0.87308,1.00,1.25
2014.05.06 09:32:51.931,0.87303,0.87308,1.00,1.00
2014.05.06 09:33:04.194,0.87303,0.87309,1.00,1.50
2014.05.06 09:33:05.033,0.87304,0.87309,1.00,1.00
2014.05.06 09:33:05.560,0.87304,0.8731,1.00,1.00
2014.05.06 09:33:10.020,0.87305,0.87311,1.00,1.00
2014.05.06 09:33:10.589,0.87304,0.87311,1.00,1.00
2014.05.06 09:33:22.423,0.87309,0.87315,1.00,1.10
2014.05.06 09:33:22.929,0.87309,0.87316,1.00,1.25
2014.05.06 09:33:25.937,0.87309,0.87316,1.00,1.19
2014.05.06 09:33:27.367,0.87309,0.87316,1.00,1.25
2014.05.06 09:33:27.873,0.87308,0.87316,1.00,1.25
2014.05.06 09:33:28.701,0.87308,0.87316,1.00,1.19
2014.05.06 09:33:34.148,0.87308,0.87316,1.00,1.25
2014.05.06 09:33:35.834,0.87308,0.87316,1.00,1.19
2014.05.06 09:33:41.383,0.87308,0.87317,1.00,1.25
2014.05.06 09:33:42.561,0.87308,0.87317,1.00,1.19
2014.05.06 09:33:52.559,0.87308,0.87312,1.00,1.00
2014.05.06 09:33:52.660,0.87306,0.87312,1.00,1.00
2014.05.06 09:33:52.913,0.87306,0.87314,1.00,1.00
2014.05.06 09:34:01.092,0.87304,0.87314,1.00,1.25
2014.05.06 09:34:01.194,0.87304,0.87312,1.00,1.00
2014.05.06 09:34:01.743,0.87304,0.87313,1.00,1.00
2014.05.06 09:34:03.293,0.87306,0.87313,1.00,1.00
2014.05.06 09:34:03.445,0.87304,0.87313,1.00,1.00
2014.05.06 09:34:03.496,0.87304,0.87311,1.00,1.00
2014.05.06 09:34:04.418,0.87304,0.87312,1.00,1.00
2014.05.06 09:34:04.981,0.87306,0.8731,1.00,1.00
2014.05.06 09:34:05.083,0.87304,0.8731,1.00,1.00
2014.05.06 09:34:06.209,0.87304,0.87311,1.00,1.00
2014.05.06 09:34:06.809,0.87304,0.8731,1.00,1.00
2014.05.06 09:34:07.333,0.87304,0.87312,1.00,1.00
2014.05.06 09:34:07.384,0.87304,0.8731,1.00,1.00
2014.05.06 09:34:10.306,0.87304,0.87312,1.00,1.00
2014.05.06 09:34:10.820,0.87304,0.87313,1.00,1.00
2014.05.06 09:34:16.802,0.87304,0.87311,1.00,1.00
2014.05.06 09:34:17.319,0.87304,0.8731,1.00,1.00
2014.05.06 09:34:20.935,0.87302,0.8731,1.25,1.00
2014.05.06 09:34:22.894,0.87301,0.8731,1.25,1.00
2014.05.06 09:34:23.097,0.87303,0.87309,1.00,1.00
2014.05.06 09:35:23.201,0.87298,0.87309,1.39,1.00
2014.05.06 09:35:25.052,0.87298,0.8731,1.47,1.50
2014.05.06 09:35:25.154,0.87298,0.8731,3.64,1.00
2014.05.06 09:35:27.954,0.87298,0.8731,1.47,1.50
2014.05.06 09:35:28.599,0.87298,0.87309,1.47,1.00
2014.05.06 09:35:29.139,0.87298,0.87309,1.47,1.00
2014.05.06 09:35:32.932,0.87298,0.8731,1.47,1.00
2014.05.06 09:35:33.134,0.87299,0.87311,2.52,1.00
2014.05.06 09:35:33.589,0.87304,0.87314,1.15,1.19
2014.05.06 09:35:34.094,0.87304,0.87314,1.15,1.19
2014.05.06 09:35:34.246,0.87304,0.87314,1.15,1.25
2014.05.06 09:35:34.802,0.87304,0.87315,1.15,1.69
2014.05.06 09:35:35.513,0.87304,0.87314,1.15,1.25
2014.05.06 09:35:35.879,0.87304,0.87312,1.15,1.00
2014.05.06 09:35:35.981,0.87304,0.87315,1.15,1.69
2014.05.06 09:35:37.382,0.87304,0.87311,1.15,1.00
2014.05.06 09:35:37.848,0.87304,0.87313,1.15,1.00
2014.05.06 09:35:38.394,0.87304,0.87314,1.15,1.25
2014.05.06 09:35:38.900,0.87304,0.87314,1.15,1.25
2014.05.06 09:35:39.397,0.87304,0.87311,1.15,1.00
2014.05.06 09:35:39.500,0.87304,0.87313,1.18,1.00
2014.05.06 09:35:44.754,0.87304,0.87313,1.15,1.50
2014.05.06 09:35:44.805,0.87304,0.87315,1.15,1.50
2014.05.06 09:35:44.907,0.87304,0.87313,1.15,1.00
2014.05.06 09:35:45.211,0.87304,0.87315,1.15,1.50
2014.05.06 09:35:45.413,0.87304,0.87313,1.18,1.00
2014.05.06 09:35:45.928,0.87304,0.87313,1.15,1.00
2014.05.06 09:35:46.681,0.87304,0.87313,1.18,1.00
2014.05.06 09:35:47.182,0.87304,0.87313,1.15,1.00
2014.05.06 09:35:49.574,0.87304,0.87313,1.09,1.00
2014.05.06 09:35:50.079,0.87304,0.87315,1.40,1.69
2014.05.06 09:35:51.497,0.87306,0.87315,1.10,1.25
2014.05.06 09:35:52.005,0.87304,0.87315,1.15,1.19
2014.05.06 09:35:52.819,0.87306,0.87316,1.18,1.19
2014.05.06 09:35:53.821,0.87306,0.87316,1.18,1.19
2014.05.06 09:35:54.832,0.87306,0.87316,1.18,1.19
2014.05.06 09:35:56.025,0.87306,0.87316,1.18,1.19
2014.05.06 09:35:56.841,0.87306,0.87316,1.18,1.19
2014.05.06 09:35:58.835,0.87306,0.87316,1.18,1.25
2014.05.06 09:36:00.017,0.87306,0.87316,1.15,1.25
2014.05.06 09:36:00.120,0.87306,0.87316,1.15,1.25
2014.05.06 09:36:00.965,0.87306,0.87316,1.15,1.19
2014.05.06 09:36:03.038,0.87306,0.87316,1.15,1.19
2014.05.06 09:36:04.062,0.87306,0.87316,1.15,1.19
2014.05.06 09:36:06.063,0.87304,0.87315,1.15,1.19
2014.05.06 09:36:08.410,0.87305,0.87316,1.15,1.69
2014.05.06 09:36:08.924,0.87305,0.87316,1.15,1.69
2014.05.06 09:36:11.230,0.87305,0.87316,1.18,1.69
2014.05.06 09:36:11.887,0.87305,0.87316,1.15,1.69
2014.05.06 09:36:12.417,0.87305,0.87315,1.18,1.19
2014.05.06 09:36:12.923,0.87305,0.87316,1.18,1.19
2014.05.06 09:36:13.429,0.87304,0.87315,1.40,1.69
2014.05.06 09:36:13.937,0.87304,0.87315,1.40,1.69
2014.05.06 09:36:14.475,0.87305,0.87315,1.08,1.25
2014.05.06 09:36:14.981,0.87305,0.87315,1.18,1.25
2014.05.06 09:36:15.133,0.87304,0.87315,1.40,1.69
2014.05.06 09:36:15.487,0.87304,0.87315,1.15,1.69
2014.05.06 09:36:15.993,0.87305,0.87315,1.15,1.19
2014.05.06 09:36:16.145,0.87305,0.87315,1.10,1.19
2014.05.06 09:36:16.246,0.87305,0.87315,1.15,1.19
2014.05.06 09:36:16.704,0.87305,0.87316,1.10,1.69
2014.05.06 09:36:16.907,0.87304,0.87315,1.15,1.19
2014.05.06 09:36:17.362,0.87304,0.87315,1.18,1.19
2014.05.06 09:36:17.666,0.87304,0.87315,1.15,1.19
2014.05.06 09:36:18.097,0.87305,0.87316,1.15,1.19
2014.05.06 09:36:18.199,0.87305,0.87316,1.15,1.19
2014.05.06 09:36:18.718,0.87305,0.87316,1.15,1.19
2014.05.06 09:36:20.049,0.87305,0.87316,1.40,1.00
2014.05.06 09:36:20.100,0.87305,0.87316,2.22,1.00
2014.05.06 09:36:20.631,0.87305,0.87316,1.47,1.00
2014.05.06 09:36:23.942,0.87305,0.87316,1.15,1.19
2014.05.06 09:36:26.970,0.87305,0.87316,1.84,1.25
2014.05.06 09:36:35.474,0.87305,0.87316,1.84,1.25
2014.05.06 09:36:36.523,0.87306,0.87318,1.40,2.44
2014.05.06 09:36:37.073,0.87306,0.87318,1.40,1.69
2014.05.06 09:36:44.801,0.87306,0.87318,1.34,1.69
2014.05.06 09:36:48.629,0.87306,0.87318,1.84,1.50
2014.05.06 09:36:49.141,0.87306,0.87318,1.40,1.50
2014.05.06 09:36:49.719,0.87306,0.87318,1.40,1.50
2014.05.06 09:36:50.392,0.87306,0.87318,1.40,1.50
2014.05.06 09:36:50.915,0.87307,0.87318,1.40,1.25
2014.05.06 09:36:51.744,0.87307,0.87318,1.40,1.25
2014.05.06 09:36:52.280,0.87307,0.87318,1.40,1.25
2014.05.06 09:36:55.536,0.87307,0.87318,1.37,1.00
2014.05.06 09:36:56.056,0.87307,0.87318,1.34,1.00
2014.05.06 09:36:59.840,0.87307,0.87318,1.40,1.25
2014.05.06 09:37:00.413,0.87307,0.87318,1.40,1.25
2014.05.06 09:37:01.974,0.87307,0.87318,1.40,1.25
2014.05.06 09:37:02.480,0.87307,0.87318,1.15,1.19
2014.05.06 09:37:03.472,0.87307,0.87318,1.40,1.25
2014.05.06 09:37:04.480,0.87307,0.87318,1.15,1.19
2014.05.06 09:37:05.986,0.87307,0.87318,1.40,1.25
2014.05.06 09:37:10.695,0.87307,0.87317,1.34,1.00
2014.05.06 09:37:11.235,0.87307,0.87318,1.37,1.00
2014.05.06 09:37:11.757,0.87307,0.87318,1.34,1.00
2014.05.06 09:37:12.349,0.87307,0.87318,1.15,1.19
2014.05.06 09:37:13.008,0.87307,0.87318,1.18,1.19
2014.05.06 09:37:13.552,0.87307,0.87318,1.15,1.19
2014.05.06 09:37:16.404,0.87307,0.87318,1.40,1.25
2014.05.06 09:37:19.421,0.87308,0.87319,2.33,1.19
2014.05.06 09:37:19.674,0.87309,0.87321,1.65,1.69
2014.05.06 09:37:19.983,0.87314,0.87326,3.00,4.43
2014.05.06 09:37:20.135,0.87312,0.87324,1.15,1.25
2014.05.06 09:37:20.237,0.87312,0.87324,1.58,1.25
2014.05.06 09:37:20.922,0.87312,0.87324,3.08,1.25
2014.05.06 09:37:22.215,0.87312,0.87324,1.84,1.00
2014.05.06 09:37:22.710,0.87312,0.87322,1.69,1.00
2014.05.06 09:37:23.225,0.87312,0.87322,1.69,1.10
2014.05.06 09:37:23.532,0.8731,0.87318,1.25,1.18
2014.05.06 09:37:24.050,0.87309,0.87316,1.19,1.00
2014.05.06 09:37:24.152,0.87307,0.87315,1.00,1.00
2014.05.06 09:37:27.446,0.87307,0.87314,1.00,1.00
2014.05.06 09:37:28.932,0.87307,0.87312,1.00,1.00
2014.05.06 09:37:29.252,0.87305,0.87311,1.00,1.00
2014.05.06 09:37:30.092,0.87303,0.87311,1.19,1.00
2014.05.06 09:37:30.650,0.87303,0.87313,1.19,1.00
2014.05.06 09:37:31.522,0.87305,0.87313,1.00,1.00
2014.05.06 09:37:33.340,0.87305,0.87314,1.00,1.50
2014.05.06 09:37:47.908,0.87305,0.87314,1.19,1.00
2014.05.06 09:37:56.229,0.87306,0.87314,1.19,1.00
2014.05.06 09:37:57.586,0.87305,0.87314,1.69,1.00
2014.05.06 09:38:00.150,0.87305,0.87314,1.19,1.00
2014.05.06 09:38:02.058,0.87305,0.87314,1.19,1.00
2014.05.06 09:38:04.287,0.87305,0.87314,1.00,1.00
2014.05.06 09:38:04.825,0.87306,0.87314,1.00,1.00
2014.05.06 09:38:05.448,0.87304,0.87314,1.25,1.00
2014.05.06 09:38:06.532,0.87304,0.87314,1.19,1.00
2014.05.06 09:38:07.665,0.87304,0.87311,1.19,1.00
2014.05.06 09:38:08.175,0.87304,0.8731,1.19,1.00
2014.05.06 09:38:08.327,0.87304,0.87312,1.32,1.00
2014.05.06 09:38:08.479,0.87304,0.8731,1.32,1.00
2014.05.06 09:38:08.681,0.87304,0.87312,1.32,1.00
2014.05.06 09:38:14.378,0.87304,0.87313,1.32,1.50
2014.05.06 09:38:14.682,0.87304,0.87315,1.02,1.00
2014.05.06 09:38:14.784,0.87304,0.87313,1.02,1.00
2014.05.06 09:38:16.198,0.87304,0.87313,1.19,1.00
2014.05.06 09:38:17.995,0.87304,0.87313,1.25,1.00
2014.05.06 09:38:18.603,0.87304,0.87314,1.02,1.00
2014.05.06 09:38:19.113,0.87304,0.87314,1.29,1.00
2014.05.06 09:38:19.633,0.87306,0.87314,1.00,1.00
2014.05.06 09:38:20.647,0.87306,0.87313,1.25,1.00
2014.05.06 09:38:21.214,0.87306,0.87314,1.25,1.00
2014.05.06 09:38:21.469,0.87306,0.87316,1.19,1.50
2014.05.06 09:38:21.572,0.87306,0.87318,1.34,1.69
2014.05.06 09:38:21.724,0.8731,0.87319,1.00,1.00
2014.05.06 09:38:22.230,0.8731,0.8732,1.00,1.25
2014.05.06 09:38:22.534,0.87317,0.87326,1.00,3.75
2014.05.06 09:38:22.687,0.87318,0.87328,1.00,2.25
2014.05.06 09:38:22.839,0.87318,0.87328,1.15,1.50
2014.05.06 09:38:23.227,0.87319,0.87331,1.65,1.50
2014.05.06 09:38:23.278,0.87321,0.87331,1.08,1.00
2014.05.06 09:38:23.806,0.87322,0.87332,1.18,1.00
2014.05.06 09:38:29.235,0.87322,0.87332,1.25,1.00
2014.05.06 09:38:33.903,0.87322,0.87331,1.00,1.00
2014.05.06 09:38:34.055,0.8732,0.8733,1.00,1.00
2014.05.06 09:38:34.106,0.8732,0.87328,1.00,1.00
2014.05.06 09:38:34.409,0.8732,0.87326,1.00,1.00
2014.05.06 09:38:35.424,0.8732,0.87328,1.00,1.10
2014.05.06 09:38:36.928,0.8732,0.87327,1.00,1.00
2014.05.06 09:38:42.949,0.8732,0.87328,1.00,1.00
2014.05.06 09:38:44.436,0.8732,0.87326,1.00,1.00
2014.05.06 09:39:01.512,0.8732,0.87325,1.00,1.00
2014.05.06 09:39:04.001,0.87318,0.87323,1.19,1.00
2014.05.06 09:39:04.052,0.87318,0.87323,1.00,1.50
2014.05.06 09:39:04.103,0.87314,0.87319,1.13,1.13
2014.05.06 09:39:04.154,0.87312,0.87319,1.00,1.13
2014.05.06 09:39:04.204,0.87312,0.87316,1.00,1.00
2014.05.06 09:39:04.256,0.8731,0.87316,1.00,1.50
2014.05.06 09:39:04.357,0.87303,0.87312,1.24,1.00
2014.05.06 09:39:04.459,0.87309,0.87316,1.00,1.10
2014.05.06 09:39:04.510,0.87306,0.87316,1.00,1.10
2014.05.06 09:39:04.611,0.87308,0.87312,1.00,1.00
2014.05.06 09:39:05.379,0.87307,0.87312,1.00,1.00
2014.05.06 09:39:05.481,0.87305,0.87312,1.00,1.50
2014.05.06 09:39:05.532,0.87305,0.8731,1.00,1.00
2014.05.06 09:39:06.434,0.87305,0.87315,1.00,1.47
2014.05.06 09:39:09.695,0.87304,0.87316,1.00,3.19
2014.05.06 09:39:12.674,0.87304,0.87315,1.00,3.12
2014.05.06 09:39:21.174,0.87304,0.87315,1.00,2.29
2014.05.06 09:39:22.407,0.87304,0.87315,1.00,3.19
2014.05.06 09:39:35.945,0.87304,0.87315,1.00,1.34
2014.05.06 09:39:36.542,0.87306,0.87315,1.00,1.34
2014.05.06 09:39:37.170,0.87308,0.87316,1.00,1.29
2014.05.06 09:39:37.221,0.87308,0.87319,1.00,1.47
2014.05.06 09:39:37.727,0.87308,0.87319,1.00,1.39
2014.05.06 09:39:37.904,0.87308,0.87319,1.00,1.32
2014.05.06 09:39:38.411,0.87309,0.8732,1.00,1.00
2014.05.06 09:39:39.904,0.87309,0.8732,1.19,1.00
2014.05.06 09:39:43.616,0.87309,0.8732,1.25,1.25
2014.05.06 09:39:47.268,0.87309,0.8732,1.19,1.00
2014.05.06 09:39:47.927,0.87309,0.8732,1.19,1.18
2014.05.06 09:39:48.479,0.87309,0.8732,1.19,1.18
2014.05.06 09:39:49.965,0.87309,0.8732,1.19,1.10
2014.05.06 09:39:54.309,0.87309,0.8732,1.00,1.10
2014.05.06 09:39:54.361,0.87306,0.87317,1.10,1.00
2014.05.06 09:39:59.442,0.87306,0.87317,1.19,1.00
2014.05.06 09:40:02.013,0.87306,0.87317,1.19,1.00
2014.05.06 09:40:04.167,0.87306,0.87317,1.19,1.00
2014.05.06 09:40:07.782,0.87305,0.87315,1.19,1.00
2014.05.06 09:40:08.740,0.87304,0.87315,1.29,1.00
2014.05.06 09:40:11.072,0.87305,0.87315,1.19,1.00
2014.05.06 09:40:12.134,0.87304,0.87315,1.25,1.35
2014.05.06 09:40:12.187,0.87303,0.87312,1.00,1.00
2014.05.06 09:40:12.491,0.87297,0.87307,1.75,1.00
2014.05.06 09:40:12.592,0.87296,0.87307,1.25,1.00
2014.05.06 09:40:13.389,0.87296,0.87307,1.19,1.00
2014.05.06 09:40:15.543,0.87297,0.87308,1.25,1.02
2014.05.06 09:40:16.049,0.87297,0.87308,1.19,1.00
2014.05.06 09:40:16.718,0.87297,0.87308,1.00,1.25
2014.05.06 09:40:43.470,0.87297,0.87308,1.25,1.09
2014.05.06 09:40:43.622,0.87295,0.87306,1.15,1.00
2014.05.06 09:40:44.143,0.87295,0.87306,1.15,1.18
2014.05.06 09:40:44.716,0.87295,0.87306,1.15,1.10
2014.05.06 09:40:46.227,0.87295,0.87306,1.15,1.29
2014.05.06 09:40:47.574,0.87295,0.87306,1.05,1.02
2014.05.06 09:40:55.967,0.87295,0.87306,1.15,1.29
2014.05.06 09:40:57.559,0.87295,0.87306,1.33,1.19
2014.05.06 09:40:58.065,0.87295,0.87306,1.77,1.19
2014.05.06 09:40:58.615,0.87295,0.87306,1.95,1.00
2014.05.06 09:40:59.164,0.87295,0.87307,1.95,1.25
2014.05.06 09:41:00.248,0.87295,0.87307,1.95,1.25
2014.05.06 09:41:03.634,0.87296,0.87307,1.02,1.25
2014.05.06 09:41:04.195,0.87295,0.87307,1.77,1.19
2014.05.06 09:41:06.452,0.87295,0.87307,1.77,1.19
2014.05.06 09:41:09.791,0.87295,0.87307,1.84,1.25
2014.05.06 09:41:15.717,0.87295,0.87307,1.37,1.25
2014.05.06 09:41:16.239,0.87295,0.87307,1.40,1.19
2014.05.06 09:41:16.758,0.87295,0.87307,1.40,1.19
2014.05.06 09:41:17.339,0.87295,0.87307,1.09,1.19
2014.05.06 09:41:20.949,0.87295,0.87307,1.08,1.00
2014.05.06 09:41:21.050,0.87294,0.87306,1.10,1.00
2014.05.06 09:41:21.253,0.87293,0.87304,1.10,1.00
2014.05.06 09:41:21.759,0.87292,0.87303,1.00,1.00
2014.05.06 09:41:22.267,0.87291,0.87302,1.58,1.25
2014.05.06 09:41:24.633,0.87291,0.87302,1.10,1.32
2014.05.06 09:41:25.656,0.87291,0.87302,1.18,1.19
2014.05.06 09:41:26.151,0.87292,0.87304,1.15,1.19
2014.05.06 09:41:26.259,0.87292,0.87304,1.00,1.19
2014.05.06 09:41:28.840,0.87292,0.87304,1.25,1.19
2014.05.06 09:41:28.960,0.87292,0.87304,1.33,1.19
2014.05.06 09:41:34.108,0.87292,0.87304,1.15,1.19
2014.05.06 09:41:49.809,0.87292,0.87304,1.15,1.19
2014.05.06 09:41:57.597,0.87296,0.87304,1.00,1.00
2014.05.06 09:42:00.497,0.87293,0.87304,1.15,1.19
2014.05.06 09:42:00.751,0.87293,0.87302,1.50,1.00
2014.05.06 09:42:01.387,0.87294,0.87302,1.00,1.00
2014.05.06 09:42:02.381,0.87293,0.87304,3.00,1.19
2014.05.06 09:42:03.918,0.87293,0.87304,2.25,1.69
2014.05.06 09:42:05.123,0.87293,0.87304,1.50,1.19
2014.05.06 09:42:05.427,0.87293,0.87304,1.65,1.19
2014.05.06 09:42:05.731,0.87299,0.87305,1.00,1.45
2014.05.06 09:42:05.832,0.87296,0.87305,1.10,1.34
2014.05.06 09:42:06.206,0.87295,0.87307,1.50,1.92
2014.05.06 09:42:08.347,0.87295,0.87306,1.00,1.34
2014.05.06 09:42:17.006,0.87295,0.87307,1.00,1.99
2014.05.06 09:42:22.706,0.87295,0.87306,1.00,1.44
2014.05.06 09:42:25.022,0.87295,0.87305,1.00,1.34
2014.05.06 09:42:44.896,0.87295,0.87307,1.00,1.92
2014.05.06 09:42:47.602,0.87293,0.87305,1.77,1.34
2014.05.06 09:42:48.781,0.87293,0.87302,1.02,1.00
2014.05.06 09:42:51.627,0.87294,0.87302,1.00,1.00
2014.05.06 09:43:01.877,0.87295,0.87302,1.00,1.00
2014.05.06 09:43:02.469,0.87296,0.87302,1.00,1.00
2014.05.06 09:43:17.491,0.87296,0.87303,1.00,1.00
2014.05.06 09:43:47.089,0.87296,0.87306,1.00,1.32
2014.05.06 09:43:47.504,0.87298,0.87307,1.00,1.19
2014.05.06 09:43:48.054,0.87298,0.87307,1.00,1.19
2014.05.06 09:43:51.162,0.87298,0.87307,1.00,1.19
2014.05.06 09:43:54.125,0.87298,0.87307,1.00,1.19
2014.05.06 09:43:54.971,0.87297,0.87307,1.00,1.19
2014.05.06 09:43:55.274,0.87295,0.87306,1.00,1.69
2014.05.06 09:43:57.422,0.87294,0.87306,1.69,1.69
2014.05.06 09:43:57.962,0.87292,0.87304,2.44,1.18
2014.05.06 09:43:58.495,0.87292,0.87303,1.69,1.10
2014.05.06 09:44:03.015,0.87292,0.87303,1.69,1.18
2014.05.06 09:44:03.548,0.87292,0.87303,1.69,1.10
2014.05.06 09:44:04.460,0.87292,0.87301,1.19,1.00
2014.05.06 09:44:07.085,0.87292,0.87301,1.25,1.00
2014.05.06 09:44:24.419,0.87292,0.87303,1.25,1.84
2014.05.06 09:44:25.049,0.87292,0.87303,1.25,1.84
2014.05.06 09:44:26.220,0.87292,0.87303,1.25,1.77
2014.05.06 09:44:26.781,0.87292,0.87303,1.25,1.84
2014.05.06 09:44:27.316,0.87292,0.87303,1.25,1.77
2014.05.06 09:44:27.940,0.87292,0.87303,1.25,1.84
2014.05.06 09:44:29.798,0.87292,0.87303,1.25,1.77
2014.05.06 09:44:30.321,0.87292,0.87303,1.25,1.84
2014.05.06 09:44:31.182,0.87292,0.87303,1.25,1.77
2014.05.06 09:44:32.154,0.87292,0.87303,1.69,1.84
2014.05.06 09:44:36.287,0.87292,0.87303,1.69,1.77
2014.05.06 09:44:37.865,0.87292,0.87303,1.25,1.84
2014.05.06 09:44:39.852,0.87292,0.87303,1.25,1.77
2014.05.06 09:44:44.902,0.87292,0.87303,1.25,1.84
2014.05.06 09:44:45.419,0.87292,0.87303,1.25,1.77
2014.05.06 09:44:48.156,0.87292,0.87303,1.25,1.84
2014.05.06 09:44:49.337,0.87292,0.87303,1.25,1.77
2014.05.06 09:44:56.217,0.87292,0.87303,1.19,1.58
2014.05.06 09:45:00.652,0.87293,0.87303,1.25,1.08
2014.05.06 09:45:01.213,0.87293,0.873,1.00,1.00
2014.05.06 09:45:01.517,0.87287,0.87293,1.00,1.00
2014.05.06 09:45:01.856,0.87282,0.87289,1.00,1.35
2014.05.06 09:45:01.958,0.87282,0.87287,1.00,1.00
2014.05.06 09:45:02.363,0.8728,0.8729,1.00,1.62
2014.05.06 09:45:02.901,0.8728,0.87291,1.00,1.29
2014.05.06 09:45:03.651,0.87278,0.87291,1.19,1.20
2014.05.06 09:45:04.530,0.8728,0.87291,1.19,1.20
2014.05.06 09:45:05.036,0.87278,0.87291,1.19,1.18
2014.05.06 09:45:06.253,0.87277,0.87291,1.32,1.09
2014.05.06 09:45:06.759,0.87281,0.87291,1.00,1.02
2014.05.06 09:45:08.078,0.87277,0.87291,1.29,1.02
2014.05.06 09:45:09.476,0.87278,0.87291,1.19,1.29
2014.05.06 09:45:10.496,0.87282,0.87291,1.00,1.29
2014.05.06 09:45:12.044,0.87282,0.87291,1.00,1.10
2014.05.06 09:45:12.593,0.87278,0.87291,1.57,1.08
2014.05.06 09:45:14.296,0.8728,0.87291,1.25,1.09
2014.05.06 09:45:14.807,0.87282,0.87291,1.00,1.09
2014.05.06 09:45:17.651,0.87282,0.87292,1.00,1.09
2014.05.06 09:45:18.873,0.87283,0.87293,1.00,1.69
2014.05.06 09:45:19.934,0.87283,0.87293,1.00,1.62
2014.05.06 09:45:24.347,0.87283,0.87293,1.00,2.37
2014.05.06 09:45:24.652,0.87279,0.87285,1.00,1.43
2014.05.06 09:45:24.827,0.87272,0.87287,2.50,3.15
2014.05.06 09:45:24.929,0.87277,0.87288,1.00,1.53
2014.05.06 09:45:25.284,0.87275,0.87289,3.02,1.00
2014.05.06 09:45:26.078,0.87276,0.87289,1.29,1.00
2014.05.06 09:45:26.645,0.87277,0.87292,1.67,1.97
2014.05.06 09:45:27.743,0.87277,0.87291,2.14,1.15
2014.05.06 09:45:30.001,0.87278,0.87292,2.22,1.85
2014.05.06 09:45:31.112,0.87279,0.87292,1.29,1.60
2014.05.06 09:45:34.501,0.8728,0.87291,1.19,1.35
2014.05.06 09:45:39.107,0.8728,0.87291,1.19,1.35
2014.05.06 09:45:54.368,0.8728,0.87291,1.19,1.35
2014.05.06 09:45:59.106,0.8728,0.87291,1.00,1.00
2014.05.06 09:45:59.612,0.87279,0.8729,1.25,1.10
2014.05.06 09:46:01.607,0.87279,0.8729,1.19,1.00
2014.05.06 09:46:09.578,0.87281,0.87292,1.00,1.37
2014.05.06 09:46:15.195,0.87279,0.8729,1.19,1.00
2014.05.06 09:46:16.679,0.87279,0.8729,1.25,1.02
2014.05.06 09:46:18.133,0.87279,0.8729,1.19,1.00
2014.05.06 09:46:26.024,0.87279,0.8729,1.19,1.00
2014.05.06 09:46:53.226,0.87281,0.87292,1.25,1.09
2014.05.06 09:46:58.168,0.87281,0.87292,1.25,1.40
2014.05.06 09:46:58.484,0.87283,0.87294,1.00,1.99
2014.05.06 09:46:58.971,0.87281,0.87292,1.25,1.40
2014.05.06 09:46:59.277,0.87283,0.87294,1.00,2.37
2014.05.06 09:46:59.895,0.87283,0.87294,1.00,2.07
2014.05.06 09:47:00.485,0.87281,0.87292,1.25,1.09
2014.05.06 09:47:09.583,0.87281,0.87292,1.25,1.25
2014.05.06 09:47:17.668,0.87281,0.87292,1.25,1.09
2014.05.06 09:47:22.177,0.87281,0.87292,1.25,1.09
2014.05.06 09:47:22.833,0.87281,0.87292,1.25,1.40
2014.05.06 09:47:34.446,0.87281,0.87292,1.25,1.40
2014.05.06 09:47:34.989,0.87281,0.87292,1.25,1.09
2014.05.06 09:47:36.508,0.87281,0.87292,1.25,1.25
2014.05.06 09:47:36.559,0.87281,0.87292,1.00,1.19
2014.05.06 09:47:36.812,0.87279,0.87289,1.25,1.43
2014.05.06 09:47:42.561,0.87279,0.87289,1.00,1.69
2014.05.06 09:47:43.368,0.87279,0.87289,1.00,1.69
2014.05.06 09:47:44.061,0.87279,0.87289,1.00,1.62
2014.05.06 09:47:47.482,0.87278,0.87289,1.25,2.44
2014.05.06 09:47:55.569,0.87278,0.87287,1.00,1.00
2014.05.06 09:47:55.620,0.87278,0.87287,1.00,1.08
2014.05.06 09:47:56.639,0.87272,0.87286,1.25,2.33
2014.05.06 09:47:56.690,0.87278,0.87287,1.00,1.15
2014.05.06 09:47:56.741,0.87272,0.87283,1.69,1.10
2014.05.06 09:47:56.944,0.8727,0.8728,1.50,2.33
2014.05.06 09:47:57.147,0.87269,0.8728,1.00,1.15
2014.05.06 09:47:57.249,0.87268,0.87279,1.00,3.08
2014.05.06 09:47:57.364,0.8727,0.87279,1.00,1.18
2014.05.06 09:47:57.467,0.8727,0.87279,1.00,4.43
2014.05.06 09:47:57.620,0.87268,0.87279,1.00,5.18
2014.05.06 09:47:57.772,0.87268,0.87278,1.00,1.18
2014.05.06 09:47:58.469,0.87268,0.87278,1.00,1.18
2014.05.06 09:48:00.217,0.87262,0.87273,1.00,1.10
2014.05.06 09:48:00.370,0.87262,0.87273,1.00,1.50
2014.05.06 09:48:00.573,0.8726,0.87271,1.00,1.18
2014.05.06 09:48:01.108,0.8726,0.87271,1.00,1.00
2014.05.06 09:48:01.412,0.8726,0.87271,1.00,1.33
2014.05.06 09:48:04.309,0.8726,0.87271,1.00,1.84
2014.05.06 09:48:04.686,0.8726,0.87271,1.00,1.37
2014.05.06 09:48:06.919,0.8726,0.87271,1.00,1.37
2014.05.06 09:48:10.136,0.8726,0.87271,1.00,1.09
2014.05.06 09:48:14.469,0.8726,0.87271,1.00,1.37
2014.05.06 09:48:16.406,0.8726,0.87271,1.02,1.25
2014.05.06 09:48:21.143,0.87261,0.87273,1.00,2.29
2014.05.06 09:48:21.607,0.87261,0.87273,1.00,1.02
2014.05.06 09:48:22.804,0.87261,0.87273,1.25,1.19
2014.05.06 09:48:26.128,0.87261,0.87272,1.00,1.19
2014.05.06 09:48:26.917,0.87261,0.87272,1.00,1.19
2014.05.06 09:48:30.855,0.87261,0.87273,1.00,3.27
2014.05.06 09:48:32.985,0.8726,0.87272,1.00,1.19
2014.05.06 09:48:37.834,0.87262,0.87272,1.00,1.19
2014.05.06 09:48:38.341,0.87263,0.87272,1.00,1.19
2014.05.06 09:48:40.794,0.87264,0.87272,1.00,1.19
2014.05.06 09:48:40.844,0.87264,0.87272,1.00,1.25
2014.05.06 09:48:42.128,0.87265,0.87272,1.00,1.25
2014.05.06 09:48:42.536,0.87261,0.87272,1.25,1.25
2014.05.06 09:48:42.841,0.87261,0.8727,1.25,1.35
2014.05.06 09:48:43.194,0.8726,0.87272,1.00,1.25
2014.05.06 09:48:43.298,0.8726,0.8727,1.00,1.00
2014.05.06 09:48:43.848,0.8726,0.8727,1.00,1.60
2014.05.06 09:48:44.255,0.87258,0.87269,1.25,1.05
2014.05.06 09:48:44.569,0.8726,0.87269,1.00,1.05
2014.05.06 09:48:45.828,0.8726,0.87269,1.00,1.69
2014.05.06 09:48:46.133,0.87258,0.87269,1.00,1.69
2014.05.06 09:48:46.639,0.87258,0.87269,1.00,1.62
2014.05.06 09:48:47.364,0.87258,0.87265,1.00,1.35
2014.05.06 09:48:47.414,0.87256,0.87265,1.00,1.35
2014.05.06 09:48:47.466,0.87256,0.87265,1.00,1.50
2014.05.06 09:48:47.517,0.87252,0.87264,1.00,1.18
2014.05.06 09:48:47.619,0.8725,0.87262,1.00,1.00
2014.05.06 09:48:48.568,0.8725,0.87259,1.00,1.00
2014.05.06 09:48:48.871,0.8725,0.87262,1.00,1.88
2014.05.06 09:48:49.327,0.8725,0.87259,1.00,1.00
2014.05.06 09:48:49.638,0.8725,0.87262,1.00,1.38
2014.05.06 09:48:50.151,0.8725,0.87262,1.00,1.19
2014.05.06 09:48:51.600,0.8725,0.87262,1.25,1.19
2014.05.06 09:48:51.651,0.87252,0.87263,1.00,1.62
2014.05.06 09:48:56.563,0.87252,0.87262,1.50,2.29
2014.05.06 09:48:57.104,0.87252,0.87263,1.00,1.54
2014.05.06 09:48:57.629,0.87252,0.87263,1.00,1.54
2014.05.06 09:48:58.128,0.87252,0.87262,1.00,2.29
2014.05.06 09:48:58.331,0.87252,0.87263,1.00,2.14
2014.05.06 09:48:58.584,0.87252,0.87262,1.00,2.29
2014.05.06 09:49:30.047,0.8725,0.8726,1.00,1.05
2014.05.06 09:49:30.684,0.8725,0.87262,1.00,3.49
2014.05.06 09:50:23.567,0.8725,0.87261,1.19,2.10
2014.05.06 09:50:24.840,0.8725,0.87261,1.00,2.29
2014.05.06 09:50:34.814,0.8725,0.87261,1.00,2.44
2014.05.06 09:50:42.622,0.8725,0.87259,1.00,1.05
2014.05.06 09:50:59.828,0.8725,0.87259,1.00,1.23
2014.05.06 09:51:00.359,0.8725,0.87259,1.00,1.20
2014.05.06 09:51:00.512,0.8725,0.87259,1.00,1.20
2014.05.06 09:51:00.714,0.8725,0.87259,1.00,1.20
2014.05.06 09:51:01.190,0.8725,0.87259,1.00,1.15
2014.05.06 09:51:01.787,0.8725,0.8726,1.00,2.07
2014.05.06 09:51:03.331,0.8725,0.8726,1.00,2.07
2014.05.06 09:51:14.275,0.87249,0.8726,1.00,3.57
2014.05.06 09:51:14.781,0.87249,0.87259,1.00,1.19
2014.05.06 09:51:33.894,0.87249,0.8726,1.00,2.82
2014.05.06 09:51:39.595,0.87248,0.87259,1.00,1.89
2014.05.06 09:51:40.741,0.87248,0.87258,1.00,1.15
2014.05.06 09:51:55.108,0.87246,0.87257,1.19,1.00
2014.05.06 09:52:20.827,0.87246,0.87257,1.19,1.00
2014.05.06 09:52:24.155,0.87246,0.87257,1.25,1.25
2014.05.06 09:52:26.028,0.87246,0.87257,1.19,1.00
2014.05.06 09:52:29.739,0.87244,0.87255,1.84,1.00
2014.05.06 09:52:30.195,0.87243,0.87253,1.32,1.00
2014.05.06 09:52:30.796,0.87242,0.87253,2.59,1.00
2014.05.06 09:52:31.305,0.87243,0.87254,1.39,1.00
2014.05.06 09:52:39.850,0.87243,0.87254,1.19,1.00
2014.05.06 09:52:40.775,0.87242,0.87253,1.29,1.00
2014.05.06 09:52:41.714,0.87242,0.87253,1.77,1.00
2014.05.06 09:52:45.611,0.87243,0.87254,1.19,1.00
2014.05.06 09:52:45.712,0.87245,0.87256,1.25,1.25
2014.05.06 09:52:46.243,0.87245,0.87256,1.19,1.00
2014.05.06 09:52:47.676,0.87245,0.87256,1.25,1.55
2014.05.06 09:52:48.209,0.87243,0.87254,1.19,1.00
2014.05.06 09:52:59.914,0.87243,0.87254,1.19,1.00
2014.05.06 09:53:01.461,0.87243,0.87254,1.19,1.00
2014.05.06 09:53:04.834,0.87244,0.87255,1.19,1.05
2014.05.06 09:53:05.411,0.87244,0.87255,1.19,1.05
2014.05.06 09:53:11.011,0.87246,0.87257,1.25,1.09
2014.05.06 09:53:11.979,0.87246,0.87257,1.25,1.33
2014.05.06 09:53:13.054,0.87245,0.87256,1.25,1.39
2014.05.06 09:53:29.043,0.87246,0.87257,1.00,1.59
2014.05.06 09:53:29.347,0.8725,0.87261,5.25,3.00
2014.05.06 09:53:29.398,0.8725,0.87261,5.25,1.15
2014.05.06 09:53:29.499,0.87251,0.87262,1.50,1.00
2014.05.06 09:53:29.702,0.87253,0.87264,1.00,1.10
2014.05.06 09:53:30.005,0.87255,0.87266,1.00,1.32
2014.05.06 09:53:30.320,0.87257,0.87268,1.00,1.08
2014.05.06 09:53:30.421,0.87257,0.87268,1.13,1.00
2014.05.06 09:53:30.928,0.87258,0.87269,1.00,1.25
2014.05.06 09:53:31.434,0.87259,0.8727,1.00,1.37
2014.05.06 09:53:35.373,0.87259,0.8727,1.25,1.02
2014.05.06 09:53:37.148,0.87259,0.8727,1.69,1.00
2014.05.06 09:53:45.073,0.87259,0.8727,1.19,1.00
2014.05.06 09:53:53.615,0.87259,0.8727,1.25,1.25
2014.05.06 09:53:57.082,0.87259,0.8727,1.19,1.00
2014.05.06 09:54:00.785,0.87259,0.8727,1.19,1.00
2014.05.06 09:54:05.092,0.87259,0.8727,1.19,1.00
2014.05.06 09:54:09.402,0.87259,0.8727,1.19,1.00
2014.05.06 09:54:15.357,0.87262,0.87274,1.00,1.84
2014.05.06 09:54:15.459,0.87262,0.87274,1.10,1.25
2014.05.06 09:54:16.044,0.87261,0.87273,1.19,1.02
2014.05.06 09:54:23.925,0.87261,0.87273,1.00,1.29
2014.05.06 09:54:24.886,0.87261,0.87273,1.25,1.02
2014.05.06 09:54:26.092,0.87261,0.87273,1.19,1.02
2014.05.06 09:54:34.172,0.87261,0.87273,1.00,1.29
2014.05.06 09:54:35.963,0.87261,0.87273,1.00,1.29
2014.05.06 09:54:37.390,0.87261,0.87273,1.25,1.10
2014.05.06 09:54:38.591,0.87261,0.87273,1.19,1.10
2014.05.06 09:54:39.705,0.87261,0.87273,1.25,1.02
2014.05.06 09:54:41.185,0.87261,0.87273,1.25,1.29
2014.05.06 09:54:41.801,0.87259,0.87271,1.39,1.00
2014.05.06 09:54:48.993,0.87259,0.87271,1.39,1.25
2014.05.06 09:54:49.548,0.87259,0.87271,1.84,1.25
2014.05.06 09:54:50.126,0.8726,0.87272,1.37,1.00
2014.05.06 09:54:52.423,0.8726,0.87272,1.37,1.00
2014.05.06 09:54:58.576,0.8726,0.87272,1.69,1.00
2014.05.06 09:54:59.565,0.8726,0.87272,1.19,1.00
2014.05.06 09:55:02.996,0.8726,0.87272,1.69,1.00
2014.05.06 09:55:04.262,0.8726,0.87272,1.19,1.25
2014.05.06 09:55:09.464,0.8726,0.87272,1.00,1.19
2014.05.06 09:55:10.215,0.87261,0.87273,1.00,1.29
2014.05.06 09:55:10.726,0.87259,0.87271,1.37,1.25
2014.05.06 09:55:11.444,0.8726,0.87272,1.29,1.25
2014.05.06 09:55:18.207,0.87261,0.87273,1.00,1.19
2014.05.06 09:55:20.267,0.87259,0.87271,1.84,1.00
2014.05.06 09:55:21.817,0.8726,0.87271,1.29,1.00
2014.05.06 09:55:24.434,0.87259,0.87271,2.22,1.00
2014.05.06 09:55:26.240,0.87259,0.87271,1.47,1.00
2014.05.06 09:55:30.071,0.87259,0.87271,2.22,1.00
2014.05.06 09:55:30.581,0.87261,0.87273,1.25,1.00
2014.05.06 09:55:31.391,0.87261,0.87273,1.29,1.00
2014.05.06 09:55:39.377,0.87261,0.87273,1.77,1.50
2014.05.06 09:55:39.479,0.87261,0.87273,1.02,1.50
2014.05.06 09:55:39.986,0.8726,0.87272,1.37,1.00
2014.05.06 09:55:40.620,0.8726,0.87272,1.37,1.00
2014.05.06 09:55:49.054,0.8726,0.87272,1.25,1.25
2014.05.06 09:55:50.234,0.8726,0.87272,1.29,1.00
2014.05.06 09:55:51.402,0.8726,0.87272,1.29,1.00
2014.05.06 09:55:54.307,0.8726,0.87272,1.69,1.00
2014.05.06 09:55:54.952,0.87261,0.87273,1.19,1.10
2014.05.06 09:55:57.501,0.87261,0.87273,1.25,1.29
2014.05.06 09:56:10.178,0.87261,0.87273,1.19,1.10
2014.05.06 09:56:11.465,0.87261,0.87273,1.19,1.00
2014.05.06 09:56:15.786,0.87261,0.87273,1.69,1.10
2014.05.06 09:56:16.402,0.87261,0.87273,1.19,1.77
2014.05.06 09:56:21.760,0.87261,0.87273,1.25,1.77
2014.05.06 09:56:28.078,0.87261,0.87273,1.00,1.00
2014.05.06 09:56:28.433,0.87262,0.87274,1.18,1.05
2014.05.06 09:56:28.969,0.87262,0.87274,1.15,1.00
2014.05.06 09:56:29.704,0.87262,0.87274,1.77,1.24
2014.05.06 09:56:31.775,0.87262,0.87274,1.84,1.19
2014.05.06 09:56:32.319,0.87261,0.87273,1.37,1.25
2014.05.06 09:56:32.841,0.87261,0.87273,1.34,1.25
2014.05.06 09:56:35.366,0.87261,0.87273,1.37,1.25
2014.05.06 09:56:44.053,0.87261,0.87273,1.09,1.19
2014.05.06 09:56:51.994,0.87261,0.87273,1.37,1.25
2014.05.06 09:56:55.721,0.87261,0.87273,1.09,1.19
2014.05.06 09:56:57.437,0.87261,0.87273,1.34,1.25
2014.05.06 09:56:58.060,0.87261,0.87273,1.37,1.25
2014.05.06 09:56:58.562,0.87261,0.87273,1.34,1.25
2014.05.06 09:56:59.277,0.87261,0.87273,1.37,1.25
2014.05.06 09:56:59.778,0.87261,0.87273,1.34,1.25
2014.05.06 09:57:01.749,0.87261,0.87273,1.37,1.25
2014.05.06 09:57:02.424,0.87261,0.87273,1.34,1.25
2014.05.06 09:57:06.060,0.87261,0.87273,1.40,1.19
2014.05.06 09:57:09.879,0.87261,0.87273,1.18,1.69
2014.05.06 09:57:10.385,0.87261,0.87273,1.18,1.69
2014.05.06 09:57:10.910,0.87261,0.87273,1.18,1.19
2014.05.06 09:57:11.435,0.87261,0.87273,1.15,1.19
2014.05.06 09:57:11.949,0.87261,0.87273,1.18,1.19
2014.05.06 09:57:12.643,0.87261,0.87273,1.02,1.27
2014.05.06 09:57:13.148,0.87261,0.87273,1.09,1.19
2014.05.06 09:57:15.180,0.87261,0.87273,1.02,1.19
2014.05.06 09:57:15.933,0.87261,0.87273,1.33,1.19
2014.05.06 09:57:16.803,0.87261,0.87273,1.40,1.19
2014.05.06 09:57:17.341,0.87261,0.87273,1.25,1.19
2014.05.06 09:57:35.177,0.8726,0.87271,1.29,1.00
2014.05.06 09:57:39.555,0.8726,0.87271,1.40,1.25
2014.05.06 09:57:40.849,0.8726,0.87271,1.34,1.00
2014.05.06 09:57:41.524,0.8726,0.87271,1.34,1.00
2014.05.06 09:57:42.032,0.8726,0.87271,2.52,1.00
2014.05.06 09:57:42.577,0.8726,0.87271,2.52,1.00
2014.05.06 09:57:43.941,0.8726,0.87271,2.59,1.00
2014.05.06 09:57:50.786,0.8726,0.87271,2.52,1.00
2014.05.06 09:57:54.557,0.8726,0.87271,2.59,1.00
2014.05.06 09:57:59.724,0.87262,0.87273,1.10,1.19
2014.05.06 09:58:09.847,0.87262,0.87273,1.02,1.25
2014.05.06 09:58:11.028,0.87262,0.87273,1.10,1.19
2014.05.06 09:58:12.058,0.87262,0.87273,1.00,1.77
2014.05.06 09:58:13.432,0.87262,0.87273,1.00,2.52
2014.05.06 09:58:14.971,0.87262,0.87273,1.00,1.29
2014.05.06 09:58:31.443,0.87262,0.87273,1.00,1.19
2014.05.06 09:58:33.034,0.87262,0.87273,1.00,1.19
2014.05.06 09:58:47.449,0.8726,0.87272,1.02,1.19
2014.05.06 09:59:02.319,0.87258,0.8727,1.29,1.00
2014.05.06 09:59:05.127,0.87258,0.8727,1.29,1.25
2014.05.06 09:59:40.996,0.87259,0.87271,1.47,1.19
2014.05.06 09:59:44.175,0.87259,0.87271,1.47,1.19
2014.05.06 09:59:44.714,0.87259,0.87269,1.32,1.08
2014.05.06 09:59:45.230,0.87259,0.87269,1.32,1.10
2014.05.06 09:59:47.982,0.87258,0.87269,1.37,1.00
2014.05.06 09:59:48.488,0.87259,0.87271,2.59,1.19
2014.05.06 09:59:50.909,0.87259,0.87271,2.40,1.19
2014.05.06 09:59:52.289,0.87259,0.87271,1.40,1.19
2014.05.06 09:59:57.667,0.8726,0.87271,2.40,1.19
2014.05.06 09:59:59.455,0.87262,0.87271,1.65,1.19
