2007.12.21 10:00:02.369,0.76475,0.76505,0.30,20.80
2007.12.21 10:00:02.555,0.76475,0.76505,0.30,15.20
2007.12.21 10:00:02.867,0.76475,0.76505,0.30,20.80
2007.12.21 10:00:03.179,0.76475,0.765,0.30,0.50
2007.12.21 10:00:04.381,0.76475,0.765,0.30,0.50
2007.12.21 10:00:06.259,0.76475,0.76505,0.30,20.80
2007.12.21 10:00:06.527,0.76475,0.7649,0.30,4.80
2007.12.21 10:00:06.795,0.76475,0.7649,0.30,4.80
2007.12.21 10:00:07.053,0.76475,0.76495,0.30,0.90
2007.12.21 10:00:07.311,0.76475,0.765,0.30,0.90
2007.12.21 10:00:13.868,0.76475,0.76505,0.30,0.50
2007.12.21 10:00:14.062,0.76485,0.76505,0.80,4.00
2007.12.21 10:00:14.255,0.76485,0.76505,0.80,4.00
2007.12.21 10:00:14.449,0.76475,0.765,0.30,4.00
2007.12.21 10:00:14.658,0.76475,0.765,0.30,4.00
2007.12.21 10:00:14.847,0.76475,0.76495,0.30,0.70
2007.12.21 10:00:15.150,0.76475,0.76495,0.30,0.70
2007.12.21 10:00:15.454,0.76475,0.76495,0.30,0.70
2007.12.21 10:00:15.758,0.76475,0.76495,0.30,0.70
2007.12.21 10:00:16.060,0.76475,0.76495,0.30,0.70
2007.12.21 10:00:16.318,0.76475,0.76495,0.30,0.70
2007.12.21 10:00:16.576,0.76475,0.76505,0.30,4.00
2007.12.21 10:00:16.834,0.76475,0.76505,0.30,4.00
2007.12.21 10:00:17.073,0.76475,0.76505,0.30,4.00
2007.12.21 10:00:17.325,0.76485,0.76505,1.60,4.00
2007.12.21 10:00:17.564,0.76485,0.76505,4.80,4.00
2007.12.21 10:00:17.803,0.76485,0.7652,4.80,2.40
2007.12.21 10:00:18.080,0.7648,0.76505,6.40,3.20
2007.12.21 10:00:18.358,0.7648,0.76505,4.00,3.20
2007.12.21 10:00:18.636,0.76475,0.765,0.30,2.40
2007.12.21 10:00:19.004,0.76475,0.765,0.30,2.40
2007.12.21 10:00:19.213,0.76475,0.76515,0.30,0.80
2007.12.21 10:00:21.875,0.7648,0.76515,2.40,0.80
2007.12.21 10:00:22.083,0.76485,0.7652,6.60,2.40
2007.12.21 10:00:22.281,0.76485,0.7652,6.30,2.40
2007.12.21 10:00:22.479,0.76485,0.7652,1.60,2.40
2007.12.21 10:00:22.678,0.76485,0.7652,0.80,2.40
2007.12.21 10:00:22.877,0.7648,0.7652,4.00,2.40
2007.12.21 10:00:23.076,0.76475,0.76515,6.60,0.80
2007.12.21 10:00:23.410,0.76475,0.76515,0.30,0.80
2007.12.21 10:00:23.743,0.76485,0.76515,4.00,0.80
2007.12.21 10:00:27.167,0.76485,0.76515,4.00,0.80
2007.12.21 10:00:28.361,0.76485,0.76515,6.30,0.80
2007.12.21 10:00:28.574,0.76485,0.7652,9.50,2.40
2007.12.21 10:00:28.788,0.76485,0.7652,9.50,2.40
2007.12.21 10:00:29.002,0.76485,0.7652,9.50,2.40
2007.12.21 10:00:29.332,0.76485,0.76515,7.90,5.60
2007.12.21 10:00:29.576,0.76485,0.7651,4.00,2.40
2007.12.21 10:00:29.830,0.76485,0.7651,4.00,2.40
2007.12.21 10:00:30.074,0.76485,0.76515,4.00,0.80
2007.12.21 10:00:30.248,0.76485,0.76515,4.00,0.80
2007.12.21 10:00:34.639,0.76485,0.76515,4.00,0.80
2007.12.21 10:00:38.157,0.76485,0.76515,4.00,0.80
2007.12.21 10:00:38.432,0.76485,0.76515,6.40,0.80
2007.12.21 10:00:38.654,0.76485,0.7652,6.60,2.40
2007.12.21 10:00:38.887,0.76485,0.7652,6.30,2.40
2007.12.21 10:00:39.120,0.76485,0.7652,6.30,2.40
2007.12.21 10:00:39.354,0.76485,0.7652,5.50,2.40
2007.12.21 10:00:39.632,0.76495,0.7652,0.30,2.40
2007.12.21 10:00:40.553,0.76495,0.7652,0.30,2.40
2007.12.21 10:00:41.585,0.76495,0.7652,0.30,2.40
2007.12.21 10:00:41.870,0.76495,0.7652,0.30,2.40
2007.12.21 10:00:43.968,0.76495,0.7652,0.30,2.40
2007.12.21 10:00:44.178,0.76495,0.7652,0.30,2.40
2007.12.21 10:00:45.120,0.76485,0.7652,5.80,2.40
2007.12.21 10:00:45.356,0.76495,0.7652,0.30,2.40
2007.12.21 10:00:45.583,0.76485,0.7652,5.80,2.40
2007.12.21 10:00:46.941,0.76485,0.7652,1.10,2.40
2007.12.21 10:00:47.210,0.7648,0.7652,0.70,2.40
2007.12.21 10:00:47.609,0.76495,0.7652,0.30,2.40
2007.12.21 10:00:48.043,0.7648,0.7652,0.70,2.40
2007.12.21 10:00:49.382,0.76495,0.7652,0.30,2.40
2007.12.21 10:00:51.532,0.7648,0.7652,0.70,2.40
2007.12.21 10:00:53.892,0.76495,0.7652,0.30,2.40
2007.12.21 10:00:54.167,0.76495,0.7652,0.30,2.40
2007.12.21 10:00:54.440,0.76495,0.7652,0.30,2.40
2007.12.21 10:00:54.689,0.76495,0.7652,0.30,2.40
2007.12.21 10:00:54.917,0.76485,0.7652,8.20,2.40
2007.12.21 10:00:55.154,0.76495,0.7652,0.30,2.40
2007.12.21 10:00:59.406,0.76495,0.7652,0.30,2.40
2007.12.21 10:00:59.575,0.76495,0.7652,0.30,3.00
2007.12.21 10:00:59.774,0.76495,0.7652,0.30,3.50
2007.12.21 10:00:59.973,0.7649,0.7652,5.00,0.50
2007.12.21 10:01:00.171,0.76495,0.76525,0.50,1.10
2007.12.21 10:01:02.037,0.76485,0.7652,10.60,2.40
2007.12.21 10:01:02.093,0.76495,0.7652,0.30,2.40
2007.12.21 10:01:02.616,0.76485,0.7652,6.70,2.40
2007.12.21 10:01:03.378,0.76495,0.7652,0.30,2.40
2007.12.21 10:01:03.710,0.7649,0.7653,6.70,6.40
2007.12.21 10:01:04.043,0.76495,0.7653,0.30,6.40
2007.12.21 10:01:04.584,0.76495,0.7653,0.30,6.40
2007.12.21 10:01:06.340,0.7649,0.7653,6.70,2.40
2007.12.21 10:01:07.379,0.76495,0.7653,0.30,2.40
2007.12.21 10:01:09.931,0.7649,0.7653,6.70,3.00
2007.12.21 10:01:10.091,0.76495,0.7652,0.30,2.40
2007.12.21 10:01:10.296,0.76485,0.7652,6.70,2.40
2007.12.21 10:01:10.554,0.76495,0.7652,0.30,2.40
2007.12.21 10:01:10.813,0.76485,0.7652,6.70,2.40
2007.12.21 10:01:11.070,0.76495,0.7652,0.30,2.40
2007.12.21 10:01:15.071,0.76495,0.7652,0.30,2.40
2007.12.21 10:01:17.458,0.7649,0.7652,4.30,2.40
2007.12.21 10:01:17.793,0.76495,0.7653,0.50,2.40
2007.12.21 10:01:18.127,0.7648,0.76525,0.70,0.80
2007.12.21 10:01:18.461,0.76495,0.76525,0.30,0.80
2007.12.21 10:01:22.475,0.7649,0.76525,4.30,0.80
2007.12.21 10:01:22.638,0.7649,0.7653,9.00,2.40
2007.12.21 10:01:22.836,0.76495,0.7653,1.40,2.40
2007.12.21 10:01:25.941,0.7649,0.7653,9.00,2.40
2007.12.21 10:01:26.150,0.76495,0.7653,0.30,2.40
2007.12.21 10:01:26.359,0.7648,0.76525,0.70,0.80
2007.12.21 10:01:28.444,0.76495,0.7652,0.30,2.40
2007.12.21 10:01:28.634,0.7648,0.7652,0.70,2.40
2007.12.21 10:01:28.845,0.76495,0.7652,0.30,2.40
2007.12.21 10:01:47.903,0.76495,0.76515,0.30,4.00
2007.12.21 10:01:48.348,0.76495,0.76515,0.30,8.00
2007.12.21 10:01:48.599,0.7647,0.76515,2.70,8.00
2007.12.21 10:01:48.852,0.7647,0.76475,2.70,0.60
2007.12.21 10:01:49.105,0.76495,0.76515,0.50,4.00
2007.12.21 10:01:49.357,0.76495,0.76515,0.60,4.00
2007.12.21 10:01:49.571,0.76495,0.76515,0.60,4.00
2007.12.21 10:01:49.784,0.76495,0.76515,0.60,4.00
2007.12.21 10:01:49.996,0.76495,0.76515,0.60,4.00
2007.12.21 10:01:50.210,0.76495,0.76515,0.60,4.00
2007.12.21 10:01:50.422,0.76495,0.76515,0.60,4.00
2007.12.21 10:01:50.627,0.76495,0.76515,0.60,4.00
2007.12.21 10:01:53.579,0.76495,0.76515,0.60,4.00
2007.12.21 10:02:04.035,0.76495,0.76515,0.60,7.80
2007.12.21 10:02:04.234,0.76495,0.765,0.60,2.40
2007.12.21 10:02:04.432,0.76495,0.765,0.60,2.40
2007.12.21 10:02:05.386,0.76495,0.765,0.60,2.40
2007.12.21 10:02:06.109,0.76495,0.765,0.60,2.40
2007.12.21 10:02:06.407,0.76495,0.765,0.60,2.40
2007.12.21 10:02:08.070,0.76495,0.765,0.60,2.40
2007.12.21 10:02:08.167,0.76495,0.765,0.60,2.40
2007.12.21 10:02:10.357,0.76495,0.765,0.60,2.40
2007.12.21 10:02:29.988,0.76495,0.765,0.60,2.40
2007.12.21 10:02:30.196,0.76495,0.765,0.60,2.40
2007.12.21 10:02:38.220,0.76495,0.765,0.60,2.40
2007.12.21 10:02:40.325,0.76495,0.76505,0.60,0.50
2007.12.21 10:02:40.628,0.76495,0.76505,0.60,0.50
2007.12.21 10:02:43.324,0.76495,0.76505,0.60,0.50
2007.12.21 10:02:48.387,0.76495,0.76505,0.60,0.50
2007.12.21 10:02:48.768,0.76495,0.76505,0.60,0.50
2007.12.21 10:03:03.076,0.76495,0.76505,0.60,0.50
2007.12.21 10:03:04.110,0.76495,0.76515,0.60,4.40
2007.12.21 10:03:04.363,0.76495,0.76505,0.60,0.50
2007.12.21 10:03:06.632,0.765,0.76505,4.00,0.80
2007.12.21 10:03:06.912,0.76505,0.76535,6.80,3.20
2007.12.21 10:03:07.100,0.76505,0.76535,6.80,2.40
2007.12.21 10:03:07.311,0.76505,0.76535,6.80,2.40
2007.12.21 10:03:07.686,0.76505,0.7653,6.80,2.40
2007.12.21 10:03:07.874,0.76495,0.7653,0.60,2.40
2007.12.21 10:03:08.152,0.76495,0.7653,0.60,2.40
2007.12.21 10:03:08.434,0.76495,0.7653,0.60,2.40
2007.12.21 10:03:08.790,0.76495,0.7653,0.60,2.40
2007.12.21 10:03:09.265,0.76495,0.7653,0.60,2.40
2007.12.21 10:03:11.803,0.76495,0.7653,0.60,2.40
2007.12.21 10:03:12.112,0.76495,0.7653,0.60,2.40
2007.12.21 10:03:14.440,0.76495,0.7653,0.60,2.40
2007.12.21 10:03:15.129,0.76495,0.7653,0.60,2.40
2007.12.21 10:03:15.334,0.76495,0.7653,4.60,2.40
2007.12.21 10:03:15.632,0.76495,0.7653,4.60,2.40
2007.12.21 10:03:16.358,0.76495,0.7653,4.60,2.40
2007.12.21 10:03:17.615,0.76495,0.7653,0.60,2.40
2007.12.21 10:03:21.694,0.76495,0.76535,0.60,12.80
2007.12.21 10:03:21.950,0.76495,0.7655,4.60,6.40
2007.12.21 10:03:22.191,0.76495,0.7655,4.60,6.40
2007.12.21 10:03:29.322,0.76495,0.7655,4.60,0.50
2007.12.21 10:03:34.369,0.76495,0.7655,4.60,0.90
2007.12.21 10:03:34.542,0.76505,0.76555,4.00,18.40
2007.12.21 10:03:35.097,0.76505,0.7655,4.00,0.70
2007.12.21 10:03:35.312,0.76505,0.7655,4.00,0.50
2007.12.21 10:03:39.040,0.76505,0.76555,4.00,18.40
2007.12.21 10:03:44.612,0.76505,0.76555,4.00,18.40
2007.12.21 10:03:47.616,0.76505,0.76555,4.00,18.40
2007.12.21 10:03:49.596,0.76505,0.76555,4.00,18.40
2007.12.21 10:03:49.904,0.76505,0.7655,4.00,0.90
2007.12.21 10:03:50.347,0.76505,0.7655,4.00,0.90
2007.12.21 10:03:50.547,0.76505,0.7655,4.00,4.80
2007.12.21 10:03:50.804,0.76505,0.7655,4.00,4.80
2007.12.21 10:03:51.369,0.76505,0.7655,4.00,4.80
2007.12.21 10:03:53.373,0.76505,0.76545,0.90,0.80
2007.12.21 10:03:56.227,0.76495,0.76555,11.80,23.20
2007.12.21 10:03:56.325,0.76495,0.76555,11.80,23.20
2007.12.21 10:03:56.424,0.76495,0.7655,14.20,0.80
2007.12.21 10:03:56.634,0.76495,0.76555,14.20,20.80
2007.12.21 10:03:56.856,0.76495,0.76555,14.20,20.80
2007.12.21 10:03:58.077,0.76495,0.7655,18.20,4.00
2007.12.21 10:03:59.735,0.7651,0.7655,4.00,2.40
2007.12.21 10:03:59.898,0.7651,0.7655,4.00,2.40
2007.12.21 10:04:00.135,0.7651,0.7655,4.00,2.40
2007.12.21 10:04:02.264,0.7651,0.7655,4.00,2.40
2007.12.21 10:04:02.397,0.76495,0.7655,19.00,4.00
2007.12.21 10:04:02.541,0.76495,0.7655,19.00,4.00
2007.12.21 10:04:02.685,0.76495,0.7655,18.20,4.00
2007.12.21 10:04:03.067,0.76495,0.7655,18.20,4.00
2007.12.21 10:04:04.176,0.76495,0.7655,18.20,4.80
2007.12.21 10:04:04.418,0.76495,0.7655,18.20,4.80
2007.12.21 10:04:05.326,0.765,0.7655,2.40,4.80
2007.12.21 10:04:05.652,0.765,0.7655,2.40,4.80
2007.12.21 10:04:06.717,0.76505,0.7655,4.00,4.80
2007.12.21 10:04:06.841,0.7651,0.7655,4.00,3.20
2007.12.21 10:04:06.964,0.7651,0.7655,4.00,3.20
2007.12.21 10:04:07.087,0.7651,0.7655,4.00,3.20
2007.12.21 10:04:12.064,0.7651,0.7655,4.00,3.20
2007.12.21 10:04:13.827,0.7651,0.7655,4.00,3.20
2007.12.21 10:04:14.414,0.76505,0.7655,11.90,3.20
2007.12.21 10:04:14.877,0.76505,0.7655,11.90,3.20
2007.12.21 10:04:16.118,0.76505,0.7655,11.90,3.20
2007.12.21 10:04:16.334,0.76505,0.7655,11.90,3.20
2007.12.21 10:04:16.531,0.76505,0.7655,15.90,3.20
2007.12.21 10:04:17.371,0.7651,0.7655,8.00,3.20
2007.12.21 10:04:30.660,0.7651,0.7655,8.00,3.20
2007.12.21 10:04:43.346,0.76535,0.76555,2.30,2.90
2007.12.21 10:04:43.535,0.7654,0.76555,4.00,0.50
2007.12.21 10:04:43.735,0.7654,0.7658,4.00,3.20
2007.12.21 10:04:43.911,0.76525,0.76575,13.60,0.80
2007.12.21 10:04:44.209,0.76525,0.76575,0.80,4.80
2007.12.21 10:04:44.507,0.76525,0.76575,0.80,4.80
2007.12.21 10:04:44.806,0.76525,0.76575,0.80,4.80
2007.12.21 10:04:45.143,0.76525,0.76575,0.80,4.80
2007.12.21 10:04:46.088,0.76525,0.76575,0.80,4.80
2007.12.21 10:04:46.315,0.76525,0.7657,0.80,3.20
2007.12.21 10:04:46.531,0.7652,0.7657,2.40,3.20
2007.12.21 10:04:46.750,0.76515,0.7657,17.60,3.20
2007.12.21 10:04:48.604,0.7652,0.7657,2.40,3.20
2007.12.21 10:04:49.619,0.7652,0.7657,2.40,3.20
2007.12.21 10:04:51.311,0.7653,0.7657,4.00,3.20
2007.12.21 10:04:51.435,0.76535,0.7657,4.00,3.20
2007.12.21 10:04:51.559,0.76535,0.7657,5.50,3.20
2007.12.21 10:04:51.682,0.76535,0.7657,5.50,3.20
2007.12.21 10:04:51.970,0.76535,0.7657,5.50,3.20
2007.12.21 10:04:52.158,0.76535,0.7657,5.50,3.20
2007.12.21 10:04:53.630,0.76535,0.7657,5.50,3.20
2007.12.21 10:04:53.849,0.76535,0.7657,3.20,3.20
2007.12.21 10:04:54.068,0.7653,0.7657,2.40,3.20
2007.12.21 10:04:54.197,0.7652,0.7657,4.00,3.20
2007.12.21 10:04:54.325,0.7652,0.7657,4.00,3.20
2007.12.21 10:04:54.454,0.7652,0.7657,4.00,3.20
2007.12.21 10:04:54.581,0.7652,0.7657,6.40,3.20
2007.12.21 10:04:55.072,0.7652,0.7657,6.40,3.20
2007.12.21 10:04:58.125,0.7652,0.7657,4.00,3.20
2007.12.21 10:04:58.459,0.7652,0.7657,4.00,3.20
2007.12.21 10:04:58.792,0.7652,0.7657,4.00,5.60
2007.12.21 10:04:59.125,0.76515,0.7657,8.00,5.60
2007.12.21 10:04:59.877,0.76515,0.7657,8.00,5.60
2007.12.21 10:05:05.885,0.7652,0.7657,4.00,5.60
2007.12.21 10:05:06.119,0.76525,0.7657,3.20,3.20
2007.12.21 10:05:09.588,0.76525,0.7657,5.60,3.20
2007.12.21 10:05:14.543,0.7652,0.7657,9.60,3.20
2007.12.21 10:05:17.831,0.76535,0.7657,3.20,3.20
2007.12.21 10:05:17.939,0.76535,0.7657,4.00,3.20
2007.12.21 10:05:18.103,0.76535,0.7657,4.00,3.20
2007.12.21 10:05:18.343,0.76535,0.7657,3.20,3.20
2007.12.21 10:05:18.451,0.7653,0.7657,6.40,3.20
2007.12.21 10:05:18.560,0.7653,0.7657,2.40,3.20
2007.12.21 10:05:18.670,0.76525,0.7657,5.60,3.20
2007.12.21 10:05:19.663,0.76525,0.7657,5.60,3.20
2007.12.21 10:05:20.851,0.76525,0.7657,7.20,3.20
2007.12.21 10:05:21.024,0.7653,0.7657,4.00,3.20
2007.12.21 10:05:21.197,0.7653,0.7657,4.00,3.20
2007.12.21 10:05:21.372,0.7653,0.7657,4.00,3.20
2007.12.21 10:05:21.545,0.76525,0.7657,5.60,3.20
2007.12.21 10:05:21.718,0.76525,0.7657,5.60,3.20
2007.12.21 10:05:23.880,0.76525,0.7657,5.60,3.20
2007.12.21 10:05:26.654,0.76525,0.7657,5.60,3.20
2007.12.21 10:05:28.408,0.7653,0.7657,4.00,3.20
2007.12.21 10:05:28.647,0.76535,0.7657,5.50,3.20
2007.12.21 10:05:28.886,0.76535,0.7657,5.50,3.20
2007.12.21 10:05:29.125,0.76535,0.7657,4.00,3.20
2007.12.21 10:05:30.115,0.76535,0.7657,8.00,3.20
2007.12.21 10:05:30.937,0.76535,0.7657,8.00,3.20
2007.12.21 10:05:31.343,0.76535,0.7657,8.00,3.20
2007.12.21 10:05:32.074,0.76535,0.7657,8.00,3.20
2007.12.21 10:05:33.110,0.76535,0.7657,8.00,3.20
2007.12.21 10:05:33.375,0.76535,0.7657,8.00,3.20
2007.12.21 10:05:33.638,0.76535,0.7657,8.00,3.20
2007.12.21 10:05:34.153,0.76535,0.7657,8.00,3.20
2007.12.21 10:05:34.575,0.76535,0.7657,8.00,3.20
2007.12.21 10:05:35.094,0.76535,0.7657,8.00,3.20
2007.12.21 10:05:35.616,0.76535,0.7657,8.00,3.20
2007.12.21 10:05:36.733,0.76535,0.7657,8.00,3.20
2007.12.21 10:05:36.966,0.76535,0.7657,8.00,3.20
2007.12.21 10:05:37.200,0.76535,0.7657,8.00,3.20
2007.12.21 10:05:37.581,0.76535,0.7657,8.00,3.20
2007.12.21 10:05:37.898,0.76535,0.7657,8.00,3.20
2007.12.21 10:05:38.622,0.76535,0.7657,8.00,3.20
2007.12.21 10:05:39.147,0.76535,0.7657,8.00,3.20
2007.12.21 10:05:39.654,0.76535,0.7657,8.00,3.20
2007.12.21 10:05:39.904,0.76535,0.7657,8.00,3.20
2007.12.21 10:05:40.152,0.76535,0.7657,8.00,3.20
2007.12.21 10:05:40.605,0.76535,0.7657,8.00,3.20
2007.12.21 10:05:41.640,0.76535,0.7657,8.00,3.20
2007.12.21 10:05:47.778,0.76535,0.7657,8.00,3.20
2007.12.21 10:05:48.106,0.76535,0.7657,8.00,3.20
2007.12.21 10:05:48.426,0.76535,0.7657,8.00,3.20
2007.12.21 10:05:58.634,0.76535,0.76575,8.00,0.60
2007.12.21 10:06:07.158,0.76535,0.76575,8.00,0.60
2007.12.21 10:06:08.400,0.76535,0.76575,8.00,0.60
2007.12.21 10:06:13.760,0.76535,0.76575,8.00,0.60
2007.12.21 10:06:28.529,0.76545,0.7658,2.40,0.80
2007.12.21 10:06:28.695,0.76555,0.76575,4.70,0.60
2007.12.21 10:06:28.913,0.76555,0.76575,4.70,0.60
2007.12.21 10:06:29.068,0.7655,0.76575,4.00,0.60
2007.12.21 10:06:29.208,0.76545,0.76575,2.40,0.60
2007.12.21 10:06:29.354,0.76545,0.76575,2.40,0.60
2007.12.21 10:06:30.048,0.76545,0.76575,2.40,0.60
2007.12.21 10:06:32.992,0.76565,0.76575,3.20,0.60
2007.12.21 10:06:33.131,0.76565,0.76575,4.00,0.60
2007.12.21 10:06:33.270,0.76565,0.76575,4.00,0.60
2007.12.21 10:06:33.408,0.76565,0.76575,4.00,0.60
2007.12.21 10:06:33.546,0.76565,0.76575,0.80,0.60
2007.12.21 10:06:33.685,0.76545,0.76575,18.40,0.60
2007.12.21 10:06:33.823,0.76545,0.76595,10.40,4.00
2007.12.21 10:06:34.012,0.76545,0.76595,9.60,4.00
2007.12.21 10:06:34.200,0.76545,0.76595,5.60,4.00
2007.12.21 10:06:34.562,0.76545,0.76595,5.60,4.00
2007.12.21 10:06:34.919,0.76545,0.76595,5.60,4.00
2007.12.21 10:06:35.066,0.76545,0.76595,9.60,4.00
2007.12.21 10:06:40.499,0.7656,0.76595,4.00,4.00
2007.12.21 10:06:40.623,0.76565,0.766,5.50,7.20
2007.12.21 10:06:40.746,0.76565,0.766,5.50,3.20
2007.12.21 10:06:40.868,0.76565,0.766,5.50,3.20
2007.12.21 10:06:41.016,0.76565,0.766,5.50,3.20
2007.12.21 10:06:41.224,0.76555,0.766,4.00,3.20
2007.12.21 10:06:41.433,0.76555,0.766,4.00,3.20
2007.12.21 10:06:41.651,0.76555,0.766,4.00,3.20
2007.12.21 10:06:41.860,0.76555,0.766,4.00,3.20
2007.12.21 10:06:42.077,0.76555,0.766,8.00,3.20
2007.12.21 10:06:42.586,0.76555,0.766,8.00,3.20
2007.12.21 10:06:43.625,0.76555,0.766,8.00,3.20
2007.12.21 10:06:44.736,0.76555,0.766,4.00,3.20
2007.12.21 10:06:45.085,0.76545,0.766,9.60,3.20
2007.12.21 10:06:45.386,0.76545,0.766,9.60,3.20
2007.12.21 10:06:47.021,0.76555,0.766,4.00,3.20
2007.12.21 10:06:47.174,0.7656,0.766,4.00,3.20
2007.12.21 10:06:47.348,0.7656,0.766,4.00,3.20
2007.12.21 10:06:48.044,0.7656,0.766,4.00,3.20
2007.12.21 10:06:48.217,0.7656,0.766,4.00,3.20
2007.12.21 10:06:48.400,0.7656,0.766,4.00,3.20
2007.12.21 10:06:49.094,0.7656,0.766,4.00,3.20
2007.12.21 10:06:49.305,0.7656,0.766,4.00,3.20
2007.12.21 10:06:50.831,0.7656,0.766,1.90,3.20
2007.12.21 10:06:51.518,0.7655,0.766,23.10,3.20
2007.12.21 10:06:51.651,0.7655,0.7659,23.80,3.20
2007.12.21 10:06:51.785,0.7655,0.7659,23.80,3.20
2007.12.21 10:06:51.930,0.7655,0.7659,19.80,3.20
2007.12.21 10:06:54.592,0.7655,0.7659,18.20,3.20
2007.12.21 10:06:54.815,0.7655,0.7659,15.90,3.20
2007.12.21 10:06:55.547,0.76565,0.7659,1.20,3.20
2007.12.21 10:06:55.650,0.76555,0.7659,15.90,3.20
2007.12.21 10:06:55.761,0.76555,0.7659,19.90,3.20
2007.12.21 10:06:55.864,0.7656,0.766,8.70,3.20
2007.12.21 10:06:56.056,0.76565,0.766,1.60,3.20
2007.12.21 10:06:56.159,0.7655,0.7659,19.90,3.20
2007.12.21 10:06:56.262,0.7655,0.7659,15.90,3.20
2007.12.21 10:06:56.366,0.76555,0.7659,0.90,3.20
2007.12.21 10:06:56.589,0.76555,0.7659,4.40,3.20
2007.12.21 10:06:59.063,0.76565,0.7659,1.80,3.20
2007.12.21 10:06:59.275,0.7656,0.76595,8.70,0.60
2007.12.21 10:06:59.488,0.7656,0.76595,8.70,0.60
2007.12.21 10:06:59.672,0.76565,0.76595,1.90,0.60
2007.12.21 10:06:59.880,0.7656,0.76595,7.20,0.60
2007.12.21 10:07:00.073,0.76565,0.76595,0.60,0.60
2007.12.21 10:07:00.256,0.76555,0.7659,4.00,3.20
2007.12.21 10:07:00.439,0.7655,0.7659,12.70,3.20
2007.12.21 10:07:00.597,0.76555,0.7659,1.10,3.20
2007.12.21 10:07:00.750,0.76555,0.7659,1.80,3.20
2007.12.21 10:07:00.902,0.7655,0.7659,11.20,3.20
2007.12.21 10:07:01.097,0.7655,0.7659,11.20,3.20
2007.12.21 10:07:06.107,0.76555,0.7659,1.30,3.20
2007.12.21 10:07:06.316,0.76555,0.7659,2.00,3.20
2007.12.21 10:07:09.652,0.76555,0.7659,2.80,3.20
2007.12.21 10:07:13.154,0.7655,0.7659,16.20,3.20
2007.12.21 10:07:13.891,0.7655,0.7659,16.20,3.20
2007.12.21 10:07:14.110,0.7655,0.7659,13.60,3.20
2007.12.21 10:07:14.392,0.7655,0.7659,9.60,3.20
2007.12.21 10:07:14.600,0.7655,0.7659,7.20,3.20
2007.12.21 10:07:15.340,0.76555,0.7659,1.50,3.20
2007.12.21 10:07:15.628,0.76555,0.7659,1.40,4.00
2007.12.21 10:07:15.917,0.76555,0.7659,0.90,4.00
2007.12.21 10:07:16.177,0.76545,0.7658,13.60,4.00
2007.12.21 10:07:16.438,0.7654,0.7658,8.00,4.00
2007.12.21 10:07:16.696,0.7654,0.7658,8.00,4.00
2007.12.21 10:07:17.143,0.76545,0.7658,5.50,4.00
2007.12.21 10:07:17.385,0.76545,0.7659,2.30,4.00
2007.12.21 10:07:18.130,0.7654,0.7659,21.60,4.00
2007.12.21 10:07:19.647,0.7655,0.7659,4.00,4.00
2007.12.21 10:07:19.900,0.76555,0.7659,2.40,4.00
2007.12.21 10:07:25.880,0.76555,0.7659,2.40,4.00
2007.12.21 10:07:28.553,0.76555,0.7659,2.40,4.00
2007.12.21 10:07:30.024,0.76555,0.7659,2.40,4.00
2007.12.21 10:07:30.153,0.76555,0.7659,2.40,4.00
2007.12.21 10:07:30.311,0.76555,0.7659,2.40,4.00
2007.12.21 10:07:36.157,0.76555,0.7659,2.40,4.00
2007.12.21 10:07:36.658,0.76555,0.7659,4.70,4.00
2007.12.21 10:07:36.990,0.76555,0.7659,5.50,4.00
2007.12.21 10:07:37.294,0.76555,0.7659,5.50,4.00
2007.12.21 10:07:37.710,0.76555,0.7659,4.00,4.00
2007.12.21 10:07:37.939,0.76555,0.7659,4.00,4.00
2007.12.21 10:07:38.167,0.76555,0.7659,4.00,4.00
2007.12.21 10:07:41.139,0.76555,0.7659,3.20,4.00
2007.12.21 10:07:41.416,0.7655,0.7659,4.00,4.00
2007.12.21 10:07:41.672,0.76545,0.7659,19.90,4.00
2007.12.21 10:07:41.916,0.76545,0.7659,17.60,4.00
2007.12.21 10:07:42.176,0.76545,0.7659,17.60,4.00
2007.12.21 10:07:47.163,0.76555,0.7659,4.00,4.00
2007.12.21 10:07:47.392,0.76555,0.7659,5.50,4.00
2007.12.21 10:07:47.792,0.76555,0.7659,5.50,4.00
2007.12.21 10:07:52.340,0.76555,0.7659,5.50,4.00
2007.12.21 10:07:52.979,0.7655,0.7659,13.50,4.00
2007.12.21 10:07:53.358,0.7655,0.7659,13.50,4.00
2007.12.21 10:07:54.076,0.76555,0.7659,2.30,4.00
2007.12.21 10:07:55.128,0.7655,0.7659,13.50,4.00
2007.12.21 10:07:55.345,0.7655,0.7659,13.50,4.00
2007.12.21 10:07:56.066,0.7655,0.7659,13.50,4.00
2007.12.21 10:08:12.856,0.7655,0.7659,13.50,4.00
2007.12.21 10:08:13.656,0.7655,0.7659,13.50,4.00
2007.12.21 10:08:14.078,0.7655,0.7659,13.50,4.00
2007.12.21 10:08:14.393,0.7655,0.7659,13.50,4.00
2007.12.21 10:08:16.360,0.7655,0.7659,13.50,4.00
2007.12.21 10:08:29.600,0.7655,0.766,2.40,0.50
2007.12.21 10:08:30.332,0.7655,0.766,2.40,0.50
2007.12.21 10:08:30.521,0.76555,0.766,5.50,0.50
2007.12.21 10:08:30.802,0.76555,0.76595,0.80,2.40
2007.12.21 10:08:31.050,0.76545,0.7659,17.60,4.00
2007.12.21 10:08:32.655,0.76545,0.7659,17.60,4.00
2007.12.21 10:08:32.735,0.76545,0.7659,17.60,4.00
2007.12.21 10:08:34.088,0.76545,0.7659,17.60,4.00
2007.12.21 10:08:36.058,0.76545,0.7659,17.60,4.00
2007.12.21 10:08:36.761,0.7655,0.7659,4.00,4.00
2007.12.21 10:08:36.963,0.76555,0.7659,2.40,4.40
2007.12.21 10:08:37.187,0.76555,0.7659,2.40,4.80
2007.12.21 10:08:39.317,0.7655,0.7659,6.40,4.80
2007.12.21 10:08:39.494,0.76545,0.7658,17.00,4.00
2007.12.21 10:08:39.657,0.76545,0.7658,13.00,4.00
2007.12.21 10:08:46.681,0.7654,0.7658,17.00,4.00
2007.12.21 10:08:59.252,0.76545,0.7658,15.20,4.00
2007.12.21 10:09:00.003,0.76555,0.7658,1.30,4.00
2007.12.21 10:09:00.308,0.76545,0.7658,17.60,4.00
2007.12.21 10:09:00.622,0.76545,0.7658,19.20,4.00
2007.12.21 10:09:00.915,0.76555,0.76585,1.70,0.80
2007.12.21 10:09:01.209,0.76555,0.7659,3.90,4.80
2007.12.21 10:09:01.502,0.76555,0.7659,11.00,4.80
2007.12.21 10:09:01.743,0.76555,0.7659,11.00,4.80
2007.12.21 10:09:01.971,0.76555,0.7659,11.00,4.80
2007.12.21 10:09:02.200,0.76555,0.7659,11.00,4.80
2007.12.21 10:09:04.717,0.76555,0.76595,14.20,5.30
2007.12.21 10:09:05.400,0.76555,0.76595,11.00,5.30
2007.12.21 10:09:06.631,0.76565,0.7659,0.90,0.50
2007.12.21 10:09:10.340,0.76555,0.76595,4.00,11.60
2007.12.21 10:09:10.543,0.7655,0.76585,8.00,4.50
2007.12.21 10:09:10.747,0.76545,0.7658,0.70,0.70
2007.12.21 10:09:10.999,0.76545,0.76585,19.20,4.80
2007.12.21 10:09:11.306,0.76555,0.7658,0.60,0.90
2007.12.21 10:09:11.560,0.7655,0.7659,15.00,4.90
2007.12.21 10:09:11.813,0.76555,0.7658,0.50,0.80
2007.12.21 10:09:11.965,0.76545,0.7659,21.70,4.80
2007.12.21 10:09:12.119,0.76555,0.7658,0.80,0.90
2007.12.21 10:09:12.272,0.76545,0.7659,17.70,4.80
2007.12.21 10:09:12.426,0.76545,0.76585,17.70,4.50
2007.12.21 10:09:12.857,0.76555,0.7658,0.60,0.50
2007.12.21 10:09:13.104,0.76555,0.7658,0.80,0.60
2007.12.21 10:09:16.359,0.76555,0.76585,5.60,4.80
2007.12.21 10:09:21.330,0.76555,0.76585,5.60,4.80
2007.12.21 10:09:28.836,0.76555,0.76585,5.60,4.80
2007.12.21 10:09:29.146,0.76585,0.76615,3.20,0.70
2007.12.21 10:09:29.444,0.76575,0.7661,5.60,0.50
2007.12.21 10:09:29.656,0.76575,0.76615,0.80,13.20
2007.12.21 10:09:29.879,0.7657,0.7661,4.00,0.50
2007.12.21 10:09:30.077,0.76565,0.7661,2.40,8.40
2007.12.21 10:09:30.275,0.7656,0.7661,1.60,8.00
2007.12.21 10:09:30.468,0.7656,0.76605,1.60,0.80
2007.12.21 10:09:30.661,0.7656,0.7661,1.60,8.00
2007.12.21 10:09:30.886,0.7656,0.7661,1.60,8.00
2007.12.21 10:09:31.078,0.7656,0.7661,1.60,8.00
2007.12.21 10:09:31.594,0.7656,0.76605,1.60,0.70
2007.12.21 10:09:32.319,0.7656,0.7661,1.60,8.00
2007.12.21 10:09:33.659,0.7656,0.7661,1.60,8.00
2007.12.21 10:09:37.322,0.7656,0.76605,4.00,4.00
2007.12.21 10:09:37.631,0.7656,0.76605,4.00,4.00
2007.12.21 10:09:37.814,0.7656,0.76605,4.00,4.00
2007.12.21 10:09:37.948,0.7657,0.76605,4.00,4.00
2007.12.21 10:09:38.081,0.7657,0.7661,4.00,4.80
2007.12.21 10:09:38.227,0.7657,0.7661,4.00,4.80
2007.12.21 10:09:38.361,0.7657,0.7661,4.00,4.80
2007.12.21 10:09:38.527,0.76575,0.7661,1.60,4.80
2007.12.21 10:09:38.660,0.76575,0.7661,3.20,4.80
2007.12.21 10:09:39.141,0.76575,0.7661,3.20,4.80
2007.12.21 10:09:42.336,0.76575,0.7661,3.20,4.80
2007.12.21 10:09:42.879,0.7658,0.7661,4.00,0.80
2007.12.21 10:09:43.057,0.76585,0.7661,2.30,0.50
2007.12.21 10:09:43.235,0.76585,0.7662,2.30,4.80
2007.12.21 10:09:44.088,0.76585,0.7662,2.30,4.80
2007.12.21 10:09:45.894,0.76585,0.7662,2.30,4.80
2007.12.21 10:09:51.647,0.76585,0.7662,2.30,4.80
2007.12.21 10:09:51.866,0.7658,0.76615,4.00,8.00
2007.12.21 10:09:52.040,0.76575,0.7661,6.40,4.00
2007.12.21 10:09:52.222,0.7657,0.7661,4.00,4.00
2007.12.21 10:09:52.398,0.7657,0.7661,4.00,4.00
2007.12.21 10:09:52.581,0.7657,0.7661,4.00,4.00
2007.12.21 10:09:53.100,0.7657,0.7661,4.00,4.00
2007.12.21 10:09:53.436,0.7657,0.7661,4.00,4.00
2007.12.21 10:09:54.353,0.7657,0.76605,4.00,2.40
2007.12.21 10:09:54.529,0.7657,0.766,4.00,4.00
2007.12.21 10:09:54.693,0.7657,0.766,4.00,4.00
2007.12.21 10:09:54.830,0.7657,0.76605,4.00,7.20
2007.12.21 10:09:55.057,0.7657,0.766,4.00,0.60
2007.12.21 10:09:55.371,0.7657,0.76605,4.00,16.00
2007.12.21 10:09:55.519,0.7657,0.7659,4.00,0.70
2007.12.21 10:09:55.678,0.7656,0.7659,4.00,0.80
2007.12.21 10:09:55.880,0.7656,0.76595,4.00,5.30
2007.12.21 10:09:56.716,0.7656,0.7659,4.00,0.80
2007.12.21 10:09:58.891,0.7656,0.76595,4.00,4.90
2007.12.21 10:09:59.043,0.7656,0.76605,4.00,7.20
2007.12.21 10:09:59.197,0.76565,0.76605,4.00,7.20
2007.12.21 10:09:59.510,0.76565,0.76605,4.00,7.20
2007.12.21 10:09:59.673,0.76565,0.76605,4.00,7.20
2007.12.21 10:10:00.124,0.7657,0.766,4.00,0.90
2007.12.21 10:10:00.287,0.7657,0.76605,4.00,7.20
2007.12.21 10:10:01.137,0.76565,0.76605,4.00,7.20
2007.12.21 10:10:01.384,0.7658,0.76605,4.00,0.70
2007.12.21 10:10:01.533,0.76585,0.7662,9.20,8.80
2007.12.21 10:10:01.681,0.76585,0.76625,9.20,6.00
2007.12.21 10:10:01.829,0.76585,0.7662,9.20,0.80
2007.12.21 10:10:01.978,0.76585,0.76625,9.20,5.30
2007.12.21 10:10:02.604,0.76585,0.76625,9.20,5.30
2007.12.21 10:10:05.821,0.76585,0.76625,9.20,4.90
2007.12.21 10:10:05.978,0.76585,0.7662,9.20,0.90
2007.12.21 10:10:06.137,0.76585,0.7663,9.20,4.80
2007.12.21 10:10:06.937,0.76585,0.7663,9.20,4.00
2007.12.21 10:10:07.439,0.76585,0.7663,9.20,3.20
2007.12.21 10:10:07.553,0.76585,0.7662,9.20,0.60
2007.12.21 10:10:07.863,0.76585,0.7663,9.20,2.40
2007.12.21 10:10:07.977,0.76585,0.7663,9.20,2.40
2007.12.21 10:10:08.574,0.76585,0.7663,9.20,0.80
2007.12.21 10:10:09.189,0.76585,0.76635,9.20,21.60
2007.12.21 10:10:09.392,0.7661,0.76635,4.00,21.60
2007.12.21 10:10:09.526,0.76615,0.7664,4.00,8.40
2007.12.21 10:10:09.672,0.76615,0.76645,4.00,0.90
2007.12.21 10:10:09.806,0.76615,0.76655,4.00,0.60
2007.12.21 10:10:09.938,0.76615,0.76655,4.00,0.60
2007.12.21 10:10:10.071,0.76615,0.76665,4.00,14.20
2007.12.21 10:10:10.204,0.76615,0.76665,7.20,14.20
2007.12.21 10:10:10.380,0.76615,0.76655,7.20,0.50
2007.12.21 10:10:10.513,0.76625,0.76655,0.80,0.90
2007.12.21 10:10:10.673,0.76625,0.76655,0.80,0.60
2007.12.21 10:10:10.901,0.76625,0.76665,0.80,14.20
2007.12.21 10:10:11.059,0.76615,0.76665,6.40,12.60
2007.12.21 10:10:11.218,0.76615,0.76665,10.50,12.60
2007.12.21 10:10:11.402,0.76615,0.76655,10.50,0.60
2007.12.21 10:10:11.606,0.76615,0.76655,10.50,0.60
2007.12.21 10:10:11.854,0.76615,0.76665,10.50,12.60
2007.12.21 10:10:12.037,0.766,0.7666,2.40,15.80
2007.12.21 10:10:12.210,0.766,0.7666,2.40,15.80
2007.12.21 10:10:12.384,0.766,0.7666,2.40,15.80
2007.12.21 10:10:12.557,0.766,0.76655,2.40,0.60
2007.12.21 10:10:12.851,0.766,0.7666,2.40,15.80
2007.12.21 10:10:13.106,0.766,0.7666,2.40,15.80
2007.12.21 10:10:13.254,0.766,0.76655,2.40,0.50
2007.12.21 10:10:13.878,0.766,0.7666,2.40,15.80
2007.12.21 10:10:15.408,0.766,0.76655,2.40,15.80
2007.12.21 10:10:15.552,0.76595,0.76655,8.80,25.40
2007.12.21 10:10:15.690,0.76595,0.76645,10.40,0.80
2007.12.21 10:10:15.827,0.76605,0.76645,4.00,0.90
2007.12.21 10:10:15.966,0.76605,0.76655,4.00,19.00
2007.12.21 10:10:16.105,0.76605,0.76655,6.40,18.20
2007.12.21 10:10:16.494,0.76605,0.76655,8.00,18.20
2007.12.21 10:10:16.632,0.76605,0.76655,9.60,18.20
2007.12.21 10:10:16.804,0.76605,0.7665,9.60,0.70
2007.12.21 10:10:17.123,0.76605,0.76655,13.60,18.20
2007.12.21 10:10:18.158,0.76605,0.76655,13.60,18.20
2007.12.21 10:10:19.597,0.76605,0.76655,13.60,18.20
2007.12.21 10:10:21.932,0.76605,0.76655,12.00,17.40
2007.12.21 10:10:22.090,0.76605,0.76645,9.60,0.90
2007.12.21 10:10:22.261,0.76605,0.76655,8.00,25.40
2007.12.21 10:10:22.464,0.76605,0.76655,10.40,0.50
2007.12.21 10:10:22.623,0.76605,0.76655,10.40,18.20
2007.12.21 10:10:22.932,0.76605,0.7665,10.40,1.60
2007.12.21 10:10:23.191,0.76605,0.76645,8.00,3.20
2007.12.21 10:10:23.451,0.76605,0.76645,11.20,3.20
2007.12.21 10:10:23.710,0.76605,0.76645,12.90,3.20
2007.12.21 10:10:23.863,0.76605,0.76655,16.10,11.80
2007.12.21 10:10:24.023,0.76605,0.76645,16.10,0.80
2007.12.21 10:10:24.178,0.76605,0.76645,12.10,0.80
2007.12.21 10:10:24.331,0.76605,0.76645,11.30,0.80
2007.12.21 10:10:24.490,0.76605,0.76645,11.30,0.80
2007.12.21 10:10:24.643,0.76605,0.76645,11.30,0.80
2007.12.21 10:10:24.900,0.76605,0.76645,11.30,0.80
2007.12.21 10:10:25.138,0.76605,0.7664,11.30,0.80
2007.12.21 10:10:26.929,0.76605,0.7664,11.30,0.80
2007.12.21 10:10:27.128,0.76605,0.7664,12.10,0.80
2007.12.21 10:10:27.326,0.76605,0.7664,12.10,0.80
2007.12.21 10:10:27.525,0.76605,0.7664,12.10,0.80
2007.12.21 10:10:27.906,0.76605,0.7664,12.10,0.80
2007.12.21 10:10:28.109,0.76605,0.7664,12.10,0.80
2007.12.21 10:10:28.415,0.76605,0.7664,12.10,0.80
2007.12.21 10:10:28.589,0.76605,0.7664,7.20,0.80
2007.12.21 10:10:28.762,0.76605,0.7664,4.00,0.80
2007.12.21 10:10:28.916,0.76605,0.7664,4.00,0.80
2007.12.21 10:10:29.539,0.76605,0.7664,4.00,0.80
2007.12.21 10:10:29.692,0.76605,0.7664,4.00,0.80
2007.12.21 10:10:29.954,0.76605,0.7663,4.00,0.80
2007.12.21 10:10:30.152,0.76605,0.7663,4.00,0.80
2007.12.21 10:10:30.349,0.76605,0.7663,4.00,0.80
2007.12.21 10:10:30.548,0.76605,0.7663,4.00,0.80
2007.12.21 10:10:30.746,0.76605,0.7663,4.00,0.80
2007.12.21 10:10:30.889,0.76605,0.7663,4.00,0.80
2007.12.21 10:10:31.022,0.76605,0.7663,4.00,0.80
2007.12.21 10:10:31.167,0.76605,0.7663,4.00,0.80
2007.12.21 10:10:31.288,0.76605,0.7663,4.00,0.80
2007.12.21 10:10:31.422,0.76605,0.7663,4.00,0.80
2007.12.21 10:10:32.020,0.76605,0.7663,4.00,0.80
2007.12.21 10:10:32.163,0.76605,0.7663,4.00,0.80
2007.12.21 10:10:32.945,0.76605,0.7663,4.00,1.60
2007.12.21 10:10:36.417,0.76605,0.7664,4.00,1.60
2007.12.21 10:10:36.570,0.76605,0.7664,4.00,1.60
2007.12.21 10:10:36.724,0.76605,0.7664,4.00,1.60
2007.12.21 10:10:36.890,0.76605,0.7664,4.00,1.60
2007.12.21 10:10:37.443,0.76605,0.7664,4.00,1.60
2007.12.21 10:10:37.612,0.76605,0.7664,4.00,1.60
2007.12.21 10:10:38.402,0.76605,0.7664,4.00,1.60
2007.12.21 10:10:38.627,0.76605,0.7664,4.00,1.60
2007.12.21 10:10:40.956,0.76605,0.7664,4.00,2.40
2007.12.21 10:10:43.215,0.76605,0.7664,4.00,2.40
2007.12.21 10:10:43.819,0.76605,0.7664,4.00,2.40
2007.12.21 10:10:44.123,0.766,0.7664,4.00,2.40
2007.12.21 10:10:44.943,0.766,0.7664,4.00,0.70
2007.12.21 10:10:45.143,0.766,0.7664,4.00,0.90
2007.12.21 10:10:48.965,0.766,0.76645,4.00,7.00
2007.12.21 10:10:54.542,0.766,0.76645,4.00,11.00
2007.12.21 10:10:54.680,0.766,0.76645,4.00,11.00
2007.12.21 10:10:55.354,0.76595,0.76645,10.40,11.00
2007.12.21 10:10:55.543,0.76595,0.7664,6.40,0.90
2007.12.21 10:10:55.764,0.76595,0.7664,4.80,0.60
2007.12.21 10:10:55.953,0.76595,0.76645,4.80,11.00
2007.12.21 10:10:56.141,0.76595,0.7664,3.20,0.60
2007.12.21 10:10:56.914,0.76595,0.76645,3.20,11.80
2007.12.21 10:10:57.616,0.76595,0.76645,3.20,11.80
2007.12.21 10:11:00.766,0.76595,0.76645,7.20,11.80
2007.12.21 10:11:01.147,0.76595,0.7664,7.20,0.70
2007.12.21 10:11:02.076,0.766,0.7664,4.00,0.60
2007.12.21 10:11:02.387,0.766,0.7664,4.00,0.90
2007.12.21 10:11:03.482,0.766,0.76645,4.00,13.40
2007.12.21 10:11:03.661,0.76595,0.76645,4.80,21.40
2007.12.21 10:11:03.855,0.76595,0.7664,4.00,0.50
2007.12.21 10:11:04.048,0.76595,0.7664,4.00,8.00
2007.12.21 10:11:04.242,0.76595,0.7663,4.00,0.60
2007.12.21 10:11:04.434,0.76595,0.76635,4.00,6.40
2007.12.21 10:11:04.628,0.76595,0.7664,4.00,0.60
2007.12.21 10:11:04.836,0.76595,0.76645,4.00,20.60
2007.12.21 10:11:05.045,0.76595,0.76645,4.00,20.60
2007.12.21 10:11:05.267,0.76595,0.76645,4.00,20.60
2007.12.21 10:11:05.617,0.76595,0.7664,4.00,0.70
2007.12.21 10:11:09.543,0.76595,0.76645,4.00,19.00
2007.12.21 10:11:09.756,0.76595,0.76645,7.20,11.80
2007.12.21 10:11:09.930,0.76595,0.7664,7.20,0.70
2007.12.21 10:11:10.914,0.766,0.7664,4.00,0.80
2007.12.21 10:11:22.035,0.766,0.7664,4.00,4.00
2007.12.21 10:11:22.259,0.766,0.7664,4.00,4.00
2007.12.21 10:11:26.816,0.766,0.7664,4.00,4.00
2007.12.21 10:11:28.649,0.766,0.7664,4.00,4.00
2007.12.21 10:11:36.407,0.766,0.7664,4.00,4.00
2007.12.21 10:11:41.058,0.766,0.76625,4.00,0.80
2007.12.21 10:11:41.368,0.766,0.76625,4.00,0.80
2007.12.21 10:11:47.075,0.76595,0.76625,11.20,0.80
2007.12.21 10:11:57.609,0.766,0.76625,4.00,0.80
2007.12.21 10:11:57.837,0.766,0.76625,4.00,0.80
2007.12.21 10:11:58.065,0.76595,0.76625,4.00,0.80
2007.12.21 10:11:58.307,0.76595,0.76625,4.00,0.80
2007.12.21 10:11:58.552,0.76595,0.76625,4.00,0.80
2007.12.21 10:11:58.796,0.76595,0.76625,4.00,0.80
2007.12.21 10:11:59.055,0.76595,0.76625,4.00,0.80
2007.12.21 10:11:59.314,0.76595,0.76625,4.00,0.80
2007.12.21 10:11:59.572,0.76595,0.76625,4.00,0.80
2007.12.21 10:11:59.831,0.76595,0.76625,4.00,0.80
2007.12.21 10:12:00.350,0.76595,0.76625,4.00,0.80
2007.12.21 10:12:03.635,0.76595,0.76625,4.00,0.80
2007.12.21 10:12:04.770,0.76595,0.76625,4.00,0.80
2007.12.21 10:12:05.113,0.766,0.76625,4.00,0.80
2007.12.21 10:12:05.264,0.766,0.76625,4.00,0.80
2007.12.21 10:12:05.397,0.766,0.76625,4.00,0.80
2007.12.21 10:12:05.695,0.766,0.76625,4.00,0.80
2007.12.21 10:12:06.347,0.766,0.76625,4.00,0.80
2007.12.21 10:12:06.620,0.766,0.76625,8.00,0.80
2007.12.21 10:12:07.146,0.766,0.76625,8.00,0.80
2007.12.21 10:12:12.579,0.766,0.76625,8.00,0.80
2007.12.21 10:12:15.572,0.766,0.76625,8.00,0.80
2007.12.21 10:12:18.150,0.76595,0.76625,20.00,0.80
2007.12.21 10:12:20.118,0.76595,0.76625,16.00,0.80
2007.12.21 10:12:20.300,0.766,0.76625,0.90,0.80
2007.12.21 10:12:20.478,0.76585,0.76625,12.80,0.80
2007.12.21 10:12:20.670,0.76575,0.76625,8.00,0.80
2007.12.21 10:12:20.972,0.76595,0.76625,0.60,0.80
2007.12.21 10:12:21.286,0.76575,0.76625,6.40,0.80
2007.12.21 10:12:21.600,0.7657,0.76625,6.40,0.80
2007.12.21 10:12:21.813,0.7657,0.76625,6.40,0.80
2007.12.21 10:12:22.655,0.76595,0.76625,2.40,0.80
2007.12.21 10:12:28.004,0.7656,0.76625,4.00,0.80
2007.12.21 10:12:28.146,0.766,0.76625,1.80,0.80
2007.12.21 10:12:28.268,0.76605,0.76625,0.60,0.80
2007.12.21 10:12:28.392,0.766,0.76625,11.90,0.80
2007.12.21 10:12:28.514,0.76605,0.76625,2.10,0.80
2007.12.21 10:12:28.638,0.766,0.76625,10.30,0.80
2007.12.21 10:12:28.761,0.76595,0.76625,10.40,0.80
2007.12.21 10:12:28.885,0.76595,0.76625,6.40,0.80
2007.12.21 10:12:29.084,0.7657,0.76625,6.40,0.80
2007.12.21 10:12:29.282,0.7656,0.76625,4.00,0.80
2007.12.21 10:12:29.480,0.7656,0.76625,4.00,0.80
2007.12.21 10:12:29.876,0.7657,0.76625,0.50,0.80
2007.12.21 10:12:33.071,0.7656,0.76625,4.00,0.80
2007.12.21 10:12:33.289,0.76575,0.76625,0.70,0.80
2007.12.21 10:12:33.506,0.7657,0.76625,6.40,0.80
2007.12.21 10:12:34.663,0.76605,0.76625,1.80,0.80
2007.12.21 10:12:34.851,0.76605,0.76625,1.20,0.80
2007.12.21 10:12:35.038,0.766,0.76625,13.00,0.80
2007.12.21 10:12:35.192,0.76615,0.76625,0.70,0.80
2007.12.21 10:12:35.346,0.76615,0.76625,0.70,0.80
2007.12.21 10:12:35.663,0.76615,0.76625,0.70,0.80
2007.12.21 10:12:35.815,0.76615,0.76625,0.70,0.80
2007.12.21 10:12:35.969,0.76615,0.76625,0.70,0.80
2007.12.21 10:12:36.422,0.76615,0.76625,0.70,0.80
2007.12.21 10:12:37.877,0.7657,0.76625,6.40,0.80
2007.12.21 10:12:38.155,0.76575,0.76625,1.90,0.80
2007.12.21 10:12:39.105,0.7657,0.76625,10.40,0.80
2007.12.21 10:12:40.337,0.76575,0.76625,2.80,0.80
2007.12.21 10:12:40.650,0.76575,0.76625,2.70,0.80
2007.12.21 10:12:40.852,0.76575,0.76625,1.80,0.80
2007.12.21 10:12:41.889,0.7657,0.76625,10.40,0.80
2007.12.21 10:12:44.727,0.76585,0.76625,10.30,0.80
2007.12.21 10:12:44.960,0.76585,0.76625,18.30,0.80
2007.12.21 10:12:45.195,0.76585,0.76625,19.00,0.80
2007.12.21 10:12:45.413,0.76595,0.76625,1.00,0.80
2007.12.21 10:12:46.145,0.76595,0.76625,0.90,0.80
2007.12.21 10:12:46.790,0.76595,0.76625,7.90,0.80
2007.12.21 10:12:55.208,0.76595,0.76625,11.90,0.80
2007.12.21 10:12:55.382,0.76595,0.76625,11.90,0.80
2007.12.21 10:12:56.084,0.76595,0.76625,11.90,0.80
2007.12.21 10:12:57.110,0.766,0.76625,4.00,0.80
2007.12.21 10:13:03.236,0.766,0.7664,4.00,4.80
2007.12.21 10:13:40.841,0.766,0.7664,4.00,4.00
2007.12.21 10:13:41.053,0.76605,0.76625,6.60,0.80
2007.12.21 10:13:41.239,0.76615,0.76625,0.70,0.80
2007.12.21 10:13:48.815,0.76615,0.76625,0.70,0.80
2007.12.21 10:13:49.018,0.76615,0.76625,3.10,0.80
2007.12.21 10:13:49.236,0.76615,0.76625,3.10,0.80
2007.12.21 10:13:50.086,0.76615,0.76625,3.10,0.80
2007.12.21 10:13:52.339,0.76615,0.76625,3.10,0.80
2007.12.21 10:13:52.650,0.76615,0.76625,3.10,0.80
2007.12.21 10:13:55.378,0.76635,0.7665,3.20,4.00
2007.12.21 10:13:55.527,0.76645,0.76665,2.40,4.00
2007.12.21 10:13:55.676,0.76645,0.76675,2.40,4.00
2007.12.21 10:13:56.101,0.76645,0.76675,2.40,4.00
2007.12.21 10:13:56.396,0.76645,0.76675,2.40,4.00
2007.12.21 10:13:56.610,0.76645,0.76675,2.40,4.00
2007.12.21 10:13:57.321,0.76645,0.76675,2.40,4.00
2007.12.21 10:13:57.514,0.7664,0.7667,1.60,4.00
2007.12.21 10:13:57.627,0.76635,0.7667,11.60,4.00
2007.12.21 10:13:58.387,0.76635,0.7667,11.20,4.00
2007.12.21 10:14:00.297,0.7665,0.76675,4.00,4.00
2007.12.21 10:14:00.356,0.7665,0.7668,4.00,8.00
2007.12.21 10:14:00.426,0.76655,0.7668,0.80,8.00
2007.12.21 10:14:00.555,0.76655,0.76685,0.80,8.80
2007.12.21 10:14:00.683,0.76655,0.7669,0.80,13.60
2007.12.21 10:14:00.861,0.7665,0.76685,4.00,0.70
2007.12.21 10:14:00.990,0.76635,0.7667,10.30,0.60
2007.12.21 10:14:01.119,0.76635,0.7667,9.50,0.70
2007.12.21 10:14:01.246,0.76635,0.7667,9.50,0.80
2007.12.21 10:14:01.399,0.76635,0.76675,9.50,8.00
2007.12.21 10:14:01.605,0.76635,0.76675,9.50,8.00
2007.12.21 10:14:01.912,0.76635,0.76675,9.50,8.00
2007.12.21 10:14:02.115,0.76635,0.7667,9.50,0.90
2007.12.21 10:14:02.732,0.76635,0.76685,13.50,13.60
2007.12.21 10:14:02.846,0.76635,0.76685,8.70,13.60
2007.12.21 10:14:02.960,0.76635,0.76685,8.00,17.60
2007.12.21 10:14:03.142,0.76635,0.7667,8.00,0.90
2007.12.21 10:14:03.306,0.76635,0.76685,8.00,13.60
2007.12.21 10:14:03.420,0.76635,0.7666,7.20,0.90
2007.12.21 10:14:03.533,0.76635,0.7666,4.00,0.50
2007.12.21 10:14:03.732,0.76635,0.76665,4.00,7.20
2007.12.21 10:14:03.931,0.76635,0.7667,4.00,4.80
2007.12.21 10:14:04.130,0.76635,0.76675,4.00,7.20
2007.12.21 10:14:04.579,0.76635,0.76675,4.00,7.20
2007.12.21 10:14:05.091,0.76635,0.76675,4.00,7.20
2007.12.21 10:14:08.356,0.76635,0.7667,4.00,0.60
2007.12.21 10:14:08.545,0.76635,0.7667,4.00,0.60
2007.12.21 10:14:08.744,0.76635,0.7667,4.00,0.70
2007.12.21 10:14:13.921,0.76635,0.7666,4.00,0.80
2007.12.21 10:14:14.124,0.76635,0.76665,4.00,7.20
2007.12.21 10:14:14.338,0.7664,0.76665,4.00,7.20
2007.12.21 10:14:14.542,0.76645,0.7668,0.80,8.80
2007.12.21 10:14:14.745,0.76645,0.7668,0.80,6.40
2007.12.21 10:14:14.948,0.76635,0.76675,7.20,12.00
2007.12.21 10:14:15.142,0.7662,0.76675,1.60,12.80
2007.12.21 10:14:15.335,0.7662,0.76675,1.60,12.80
2007.12.21 10:14:15.529,0.76615,0.7665,6.40,0.90
2007.12.21 10:14:15.722,0.76615,0.76655,4.00,6.40
2007.12.21 10:14:16.115,0.76615,0.76655,4.00,6.40
2007.12.21 10:14:16.616,0.76615,0.76655,4.00,6.40
2007.12.21 10:14:17.883,0.7661,0.76655,5.60,7.20
2007.12.21 10:14:18.046,0.76605,0.76655,21.00,8.00
2007.12.21 10:14:18.209,0.76605,0.7664,17.00,0.60
2007.12.21 10:14:18.588,0.76605,0.7664,17.00,0.70
2007.12.21 10:14:18.895,0.76615,0.76655,3.20,12.80
2007.12.21 10:14:19.109,0.76615,0.7665,7.00,0.70
2007.12.21 10:14:19.403,0.76615,0.7665,7.00,0.80
2007.12.21 10:14:19.737,0.76615,0.76655,7.00,8.80
2007.12.21 10:14:20.155,0.76615,0.76655,7.00,8.80
2007.12.21 10:14:20.883,0.76615,0.76655,1.40,10.40
2007.12.21 10:14:21.111,0.76615,0.76655,4.00,12.00
2007.12.21 10:14:21.397,0.76615,0.76655,4.00,12.00
2007.12.21 10:14:21.623,0.76615,0.76655,4.00,11.20
2007.12.21 10:14:22.129,0.76615,0.7665,4.00,0.90
2007.12.21 10:14:23.862,0.7661,0.76655,4.00,12.00
2007.12.21 10:14:24.042,0.76605,0.7664,13.00,0.80
2007.12.21 10:14:24.235,0.76605,0.76655,13.00,13.60
2007.12.21 10:14:24.428,0.76605,0.7664,15.20,0.90
2007.12.21 10:14:24.621,0.76605,0.76655,15.20,13.60
2007.12.21 10:14:25.113,0.76605,0.7664,15.20,0.90
2007.12.21 10:14:26.409,0.76605,0.76655,15.20,15.20
2007.12.21 10:14:26.568,0.76605,0.76655,12.80,15.20
2007.12.21 10:14:30.343,0.7661,0.7665,4.00,0.90
2007.12.21 10:14:30.513,0.76615,0.7665,2.30,0.60
2007.12.21 10:14:30.680,0.76615,0.76655,2.30,13.60
2007.12.21 10:14:31.364,0.76615,0.7665,4.70,0.60
2007.12.21 10:14:31.546,0.76615,0.76655,9.50,8.80
2007.12.21 10:14:31.730,0.76615,0.76655,9.50,8.80
2007.12.21 10:14:31.914,0.76615,0.76655,7.20,8.80
2007.12.21 10:14:32.098,0.76615,0.76655,4.00,12.00
2007.12.21 10:14:32.383,0.76615,0.76655,4.00,12.00
2007.12.21 10:14:32.598,0.76615,0.7665,4.00,0.90
2007.12.21 10:14:36.388,0.7661,0.7665,4.00,0.50
2007.12.21 10:14:36.541,0.76605,0.7665,13.00,4.80
2007.12.21 10:14:36.695,0.76605,0.7665,10.60,5.60
2007.12.21 10:14:36.953,0.76605,0.7664,12.80,0.50
2007.12.21 10:14:37.131,0.76605,0.7665,12.80,5.60
2007.12.21 10:14:37.531,0.76605,0.7664,12.80,0.70
2007.12.21 10:14:48.428,0.76615,0.7664,6.40,4.00
2007.12.21 10:14:48.562,0.76615,0.7665,6.40,4.80
2007.12.21 10:14:48.694,0.76615,0.7665,6.40,4.00
2007.12.21 10:14:49.753,0.76615,0.7665,6.40,4.00
2007.12.21 10:14:49.886,0.76615,0.7665,6.40,4.00
2007.12.21 10:14:50.882,0.76615,0.7665,2.40,4.00
2007.12.21 10:14:51.006,0.7661,0.7665,4.00,4.80
2007.12.21 10:14:51.139,0.76605,0.7664,21.00,4.00
2007.12.21 10:14:51.262,0.76605,0.7664,17.00,4.00
2007.12.21 10:14:51.385,0.76605,0.7664,17.00,4.00
2007.12.21 10:14:51.472,0.76605,0.7664,17.00,0.70
2007.12.21 10:14:51.508,0.76615,0.7665,3.20,5.60
2007.12.21 10:14:51.630,0.76615,0.76655,7.00,7.20
2007.12.21 10:14:51.754,0.76615,0.76655,7.00,7.20
2007.12.21 10:14:52.570,0.76615,0.76655,7.00,7.20
2007.12.21 10:14:54.125,0.76615,0.7665,7.00,0.70
2007.12.21 10:14:54.233,0.76615,0.7664,7.00,0.60
2007.12.21 10:14:56.472,0.76615,0.76655,7.00,11.20
2007.12.21 10:14:56.580,0.76615,0.76655,11.80,5.60
2007.12.21 10:14:56.668,0.76615,0.76655,11.80,4.80
2007.12.21 10:14:56.848,0.76615,0.76655,11.80,4.80
2007.12.21 10:14:56.937,0.76615,0.76655,8.60,4.80
2007.12.21 10:14:57.037,0.76615,0.76655,4.00,12.00
2007.12.21 10:14:57.294,0.76615,0.7664,4.00,0.90
2007.12.21 10:14:57.563,0.76615,0.76655,4.00,12.80
2007.12.21 10:14:58.078,0.76615,0.76655,4.00,12.80
2007.12.21 10:14:58.552,0.76615,0.7664,4.00,0.80
2007.12.21 10:15:01.472,0.76615,0.7664,4.00,0.60
2007.12.21 10:15:01.615,0.76605,0.76645,10.40,9.60
2007.12.21 10:15:01.897,0.76605,0.76645,10.40,9.60
2007.12.21 10:15:02.106,0.76605,0.76645,8.00,9.60
2007.12.21 10:15:05.437,0.76605,0.7664,9.60,0.60
2007.12.21 10:15:05.605,0.76605,0.76655,17.50,12.80
2007.12.21 10:15:05.773,0.76605,0.7664,19.90,0.80
2007.12.21 10:15:05.942,0.76605,0.7664,19.90,0.50
2007.12.21 10:15:06.109,0.76605,0.76655,19.90,13.60
2007.12.21 10:15:10.091,0.76605,0.76655,15.90,13.60
2007.12.21 10:15:11.113,0.76605,0.76655,15.90,13.60
2007.12.21 10:15:12.247,0.76605,0.7664,15.90,0.70
2007.12.21 10:15:12.983,0.76605,0.76645,10.30,9.60
2007.12.21 10:15:13.157,0.76605,0.7664,4.00,0.80
2007.12.21 10:15:13.330,0.76595,0.76645,10.40,9.60
2007.12.21 10:15:13.504,0.76595,0.76645,9.60,9.60
2007.12.21 10:15:15.720,0.76595,0.76645,9.60,13.60
2007.12.21 10:15:17.120,0.76595,0.76645,9.60,17.60
2007.12.21 10:15:17.322,0.76595,0.76645,9.60,17.60
2007.12.21 10:15:24.973,0.76595,0.7665,9.60,17.60
2007.12.21 10:15:25.141,0.766,0.7665,2.40,12.00
2007.12.21 10:15:25.359,0.76605,0.76645,0.80,0.50
2007.12.21 10:15:25.846,0.76605,0.7665,0.80,12.00
2007.12.21 10:15:28.540,0.766,0.7665,2.40,17.60
2007.12.21 10:15:28.759,0.76595,0.7664,9.60,0.60
2007.12.21 10:15:30.518,0.766,0.7664,1.60,0.80
2007.12.21 10:15:30.671,0.76615,0.76655,12.40,12.00
2007.12.21 10:15:30.836,0.76615,0.76655,12.40,8.00
2007.12.21 10:15:31.124,0.76615,0.76655,12.40,8.80
2007.12.21 10:15:31.640,0.76615,0.7664,12.40,0.90
2007.12.21 10:15:35.552,0.76615,0.76655,12.40,8.80
2007.12.21 10:15:35.691,0.76625,0.76655,2.40,9.60
2007.12.21 10:15:35.871,0.76625,0.76655,2.40,8.80
2007.12.21 10:15:36.080,0.76625,0.76655,2.40,8.00
2007.12.21 10:15:36.218,0.76625,0.76655,2.40,8.00
2007.12.21 10:15:37.233,0.76625,0.7666,2.40,9.60
2007.12.21 10:15:37.802,0.76625,0.7666,2.40,9.60
2007.12.21 10:15:37.915,0.76625,0.7665,2.40,0.90
2007.12.21 10:15:38.121,0.76625,0.7665,2.40,4.00
2007.12.21 10:15:39.222,0.76625,0.7665,2.40,4.00
2007.12.21 10:15:42.088,0.76625,0.7665,2.40,4.00
2007.12.21 10:15:44.492,0.76625,0.7665,2.40,4.00
2007.12.21 10:15:44.755,0.76615,0.7664,10.00,4.00
2007.12.21 10:15:45.018,0.76615,0.7664,10.00,4.00
2007.12.21 10:15:45.625,0.76615,0.7664,10.00,4.00
2007.12.21 10:16:02.088,0.76615,0.7664,10.00,4.00
2007.12.21 10:16:02.399,0.76615,0.7664,10.00,4.00
2007.12.21 10:16:06.066,0.76615,0.7664,10.00,0.70
2007.12.21 10:16:10.032,0.76615,0.76655,10.00,7.20
2007.12.21 10:16:10.226,0.76615,0.76655,10.00,12.80
2007.12.21 10:16:10.429,0.76615,0.7664,9.20,0.50
2007.12.21 10:16:10.632,0.76615,0.7665,9.20,4.80
2007.12.21 10:16:11.057,0.76615,0.7664,9.20,0.50
2007.12.21 10:16:11.260,0.76615,0.7665,10.00,5.60
2007.12.21 10:16:11.453,0.76615,0.7665,10.00,4.80
2007.12.21 10:16:11.659,0.76615,0.7664,10.00,0.80
2007.12.21 10:16:27.663,0.76615,0.7664,10.00,0.60
2007.12.21 10:16:29.118,0.76615,0.7665,10.00,0.80
2007.12.21 10:16:29.416,0.76625,0.7665,2.40,0.50
2007.12.21 10:16:40.652,0.76625,0.7665,2.40,4.00
2007.12.21 10:16:40.882,0.76625,0.7665,5.50,4.00
2007.12.21 10:16:41.141,0.76625,0.7665,5.50,4.00
2007.12.21 10:16:41.314,0.76625,0.7665,2.40,4.00
2007.12.21 10:16:41.487,0.76625,0.7665,2.40,4.00
2007.12.21 10:16:41.660,0.76625,0.7665,4.00,4.00
2007.12.21 10:16:41.833,0.76625,0.7665,5.50,4.00
2007.12.21 10:16:42.006,0.76625,0.7665,5.50,4.00
2007.12.21 10:16:42.180,0.76625,0.7665,3.20,4.00
2007.12.21 10:16:42.373,0.76625,0.7665,2.40,4.00
2007.12.21 10:16:42.566,0.76625,0.7665,2.40,4.00
2007.12.21 10:16:42.759,0.76625,0.7665,5.50,4.00
2007.12.21 10:16:42.953,0.76625,0.7665,5.50,4.00
2007.12.21 10:16:43.147,0.76625,0.7665,5.50,4.00
2007.12.21 10:16:43.341,0.76625,0.7665,2.40,4.00
2007.12.21 10:16:43.489,0.76625,0.7665,2.40,4.00
2007.12.21 10:16:43.637,0.76625,0.7665,2.40,4.00
2007.12.21 10:16:43.786,0.76625,0.7665,2.40,4.00
2007.12.21 10:16:43.934,0.76625,0.7665,2.40,4.00
2007.12.21 10:16:44.082,0.76625,0.7665,2.40,4.00
2007.12.21 10:16:44.363,0.76625,0.7665,2.40,4.00
2007.12.21 10:16:45.078,0.76625,0.7665,2.40,4.00
2007.12.21 10:16:53.164,0.76625,0.7666,2.40,4.80
2007.12.21 10:16:53.175,0.76625,0.76655,2.40,4.80
2007.12.21 10:16:53.347,0.76615,0.7664,16.40,0.70
2007.12.21 10:16:53.521,0.76615,0.7664,12.40,0.70
2007.12.21 10:16:54.143,0.76615,0.76655,12.40,5.60
2007.12.21 10:16:54.281,0.76625,0.76655,3.20,0.80
2007.12.21 10:16:54.418,0.76625,0.7666,5.60,4.00
2007.12.21 10:16:54.726,0.76625,0.7666,3.20,4.00
2007.12.21 10:16:55.335,0.76625,0.7666,3.20,4.00
2007.12.21 10:16:56.117,0.76625,0.7666,3.20,4.00
2007.12.21 10:16:56.245,0.7662,0.7664,2.40,4.00
2007.12.21 10:16:56.374,0.76615,0.7664,12.40,4.00
2007.12.21 10:16:56.572,0.76615,0.7664,12.40,4.00
2007.12.21 10:16:56.740,0.76615,0.7664,12.40,4.00
2007.12.21 10:16:56.908,0.76615,0.7664,10.00,4.00
2007.12.21 10:16:57.384,0.76615,0.7664,10.00,4.00
2007.12.21 10:17:00.142,0.76615,0.7664,10.00,4.00
2007.12.21 10:17:00.349,0.76615,0.7664,10.00,4.00
2007.12.21 10:17:00.726,0.76625,0.7664,0.80,4.00
2007.12.21 10:17:00.904,0.76625,0.7666,3.20,6.40
2007.12.21 10:17:01.384,0.76625,0.7666,3.20,4.00
2007.12.21 10:17:01.896,0.76625,0.7666,3.20,4.00
2007.12.21 10:17:02.161,0.76625,0.7666,3.20,4.00
2007.12.21 10:17:02.385,0.7662,0.7664,2.40,4.00
2007.12.21 10:17:02.609,0.76615,0.7664,10.00,4.00
2007.12.21 10:17:02.832,0.76615,0.7664,10.00,4.00
2007.12.21 10:17:03.350,0.76615,0.7664,10.00,4.00
2007.12.21 10:17:03.817,0.76615,0.7664,10.00,4.00
2007.12.21 10:17:06.123,0.76615,0.7664,10.00,4.00
2007.12.21 10:17:07.042,0.76615,0.7664,10.00,4.00
2007.12.21 10:17:11.607,0.76615,0.7664,10.00,4.00
2007.12.21 10:17:11.800,0.76615,0.7664,10.00,4.00
2007.12.21 10:17:12.005,0.76615,0.7664,10.00,4.00
2007.12.21 10:17:12.755,0.76625,0.7664,2.30,4.00
2007.12.21 10:17:12.903,0.76625,0.7664,2.30,4.00
2007.12.21 10:17:13.051,0.76625,0.7665,2.30,4.00
2007.12.21 10:17:13.334,0.76615,0.7664,12.40,4.00
2007.12.21 10:17:13.618,0.76615,0.7664,10.00,4.00
2007.12.21 10:17:14.205,0.7661,0.7664,12.40,4.00
2007.12.21 10:17:14.319,0.76615,0.7664,3.40,4.00
2007.12.21 10:17:14.523,0.76615,0.7664,3.30,4.00
2007.12.21 10:17:20.098,0.76615,0.7664,10.00,4.00
2007.12.21 10:17:21.128,0.76615,0.7664,10.00,4.00
2007.12.21 10:17:25.094,0.76615,0.7664,10.00,4.00
2007.12.21 10:17:33.145,0.76615,0.7664,10.00,4.00
2007.12.21 10:17:34.061,0.76615,0.7664,10.00,4.00
2007.12.21 10:17:42.748,0.76625,0.7664,2.30,4.00
2007.12.21 10:17:42.891,0.76625,0.7665,2.30,4.00
2007.12.21 10:17:43.034,0.76625,0.7665,2.30,4.00
2007.12.21 10:17:43.173,0.76625,0.7665,2.30,4.00
2007.12.21 10:17:43.311,0.76625,0.7664,0.70,4.00
2007.12.21 10:17:43.450,0.76615,0.7664,14.00,4.00
2007.12.21 10:17:43.588,0.76615,0.7664,10.00,4.00
2007.12.21 10:17:43.727,0.76615,0.7664,10.00,4.00
2007.12.21 10:17:44.283,0.76615,0.7664,10.00,4.00
2007.12.21 10:17:44.639,0.76615,0.7664,6.40,4.00
2007.12.21 10:18:11.839,0.76615,0.7664,6.40,4.00
2007.12.21 10:18:11.958,0.76615,0.7664,6.40,4.00
2007.12.21 10:18:12.076,0.76615,0.7664,6.40,4.00
2007.12.21 10:18:12.327,0.76615,0.7664,6.40,4.00
2007.12.21 10:18:12.446,0.76625,0.7665,1.60,4.00
2007.12.21 10:18:12.564,0.76625,0.7665,1.60,4.00
2007.12.21 10:18:12.682,0.76625,0.7665,1.60,4.00
2007.12.21 10:18:12.846,0.76625,0.7665,1.60,4.00
2007.12.21 10:18:13.004,0.76615,0.7664,6.40,4.00
2007.12.21 10:18:13.163,0.76615,0.7664,6.40,4.00
2007.12.21 10:18:13.855,0.76615,0.7664,6.40,4.00
2007.12.21 10:18:13.983,0.76615,0.7664,6.40,4.00
2007.12.21 10:18:15.896,0.76615,0.7664,5.60,4.00
2007.12.21 10:18:16.014,0.76615,0.7664,5.60,4.00
2007.12.21 10:18:16.252,0.76615,0.7664,5.60,4.00
2007.12.21 10:18:16.370,0.76615,0.7664,5.60,4.00
2007.12.21 10:18:16.642,0.76615,0.7664,5.60,4.00
2007.12.21 10:18:16.840,0.76625,0.7664,0.80,4.00
2007.12.21 10:18:16.999,0.76625,0.7664,0.80,4.00
2007.12.21 10:18:17.161,0.76625,0.7664,0.80,4.00
2007.12.21 10:18:18.150,0.76625,0.7664,0.80,4.00
2007.12.21 10:18:20.312,0.76625,0.7664,0.80,4.00
2007.12.21 10:18:20.444,0.76615,0.7664,5.60,4.00
2007.12.21 10:18:20.577,0.76615,0.7664,5.60,4.00
2007.12.21 10:18:20.711,0.76615,0.7664,5.60,4.00
2007.12.21 10:18:20.867,0.76615,0.7664,5.60,4.00
2007.12.21 10:18:21.134,0.76615,0.7664,5.60,4.00
2007.12.21 10:18:21.645,0.76615,0.7664,5.60,4.00
2007.12.21 10:18:21.941,0.76615,0.7664,5.60,4.00
2007.12.21 10:18:23.362,0.76615,0.7664,5.60,4.00
2007.12.21 10:18:23.596,0.76615,0.7664,5.60,4.00
2007.12.21 10:18:23.830,0.76615,0.7664,5.60,4.00
2007.12.21 10:18:24.063,0.76615,0.7664,5.60,4.00
2007.12.21 10:18:25.468,0.76615,0.7664,5.60,4.00
2007.12.21 10:18:25.492,0.76615,0.7664,5.60,4.00
2007.12.21 10:18:26.886,0.76615,0.7664,5.60,4.00
2007.12.21 10:18:27.220,0.76615,0.7664,5.60,4.00
2007.12.21 10:18:28.078,0.76615,0.7664,5.60,4.00
2007.12.21 10:18:37.296,0.76615,0.7664,5.60,4.00
2007.12.21 10:18:37.470,0.76615,0.76635,3.20,3.20
2007.12.21 10:18:37.654,0.76615,0.76635,3.20,3.20
2007.12.21 10:18:37.868,0.76605,0.76645,3.20,12.80
2007.12.21 10:18:38.057,0.76605,0.7663,3.20,4.00
2007.12.21 10:18:38.246,0.76605,0.7663,3.20,4.00
2007.12.21 10:18:38.434,0.76605,0.7663,3.20,4.00
2007.12.21 10:18:38.658,0.76605,0.7663,3.20,4.00
2007.12.21 10:18:58.387,0.76605,0.7664,3.20,4.80
2007.12.21 10:18:58.531,0.76615,0.7664,5.60,4.80
2007.12.21 10:18:58.674,0.76615,0.7664,5.60,4.00
2007.12.21 10:18:58.817,0.76615,0.7664,5.60,4.00
2007.12.21 10:18:59.631,0.76615,0.7664,5.60,4.00
2007.12.21 10:19:02.164,0.76615,0.7664,5.60,4.00
2007.12.21 10:19:03.084,0.76615,0.7664,5.60,4.00
2007.12.21 10:19:04.121,0.76615,0.7664,5.60,4.00
2007.12.21 10:19:08.398,0.7662,0.7664,2.40,4.00
2007.12.21 10:19:10.483,0.7662,0.76655,2.40,5.60
2007.12.21 10:19:11.118,0.7662,0.7664,2.40,0.60
2007.12.21 10:19:11.272,0.7662,0.7664,2.40,0.70
2007.12.21 10:19:11.410,0.7662,0.76655,2.40,5.60
2007.12.21 10:19:14.919,0.7662,0.7664,2.40,0.90
2007.12.21 10:19:15.022,0.7662,0.7666,2.40,4.80
2007.12.21 10:19:15.132,0.7663,0.7666,2.40,0.50
2007.12.21 10:19:15.312,0.7663,0.76665,2.40,8.00
2007.12.21 10:19:15.790,0.7663,0.7666,2.40,0.50
2007.12.21 10:19:16.032,0.7663,0.7666,2.40,0.60
2007.12.21 10:19:16.342,0.7663,0.76675,2.40,16.80
2007.12.21 10:19:17.059,0.7663,0.7666,2.40,0.90
2007.12.21 10:19:21.277,0.7663,0.7666,2.40,0.50
2007.12.21 10:19:22.160,0.7663,0.76675,2.40,16.80
2007.12.21 10:19:22.423,0.7663,0.76665,2.40,9.60
2007.12.21 10:19:22.556,0.7663,0.76665,2.40,10.40
2007.12.21 10:19:22.789,0.7663,0.7666,2.40,4.80
2007.12.21 10:19:23.023,0.7663,0.7666,2.40,4.80
2007.12.21 10:19:23.595,0.7663,0.7665,2.40,0.90
2007.12.21 10:19:24.423,0.7663,0.7665,2.40,0.90
2007.12.21 10:19:24.550,0.7663,0.7664,2.40,0.90
2007.12.21 10:19:24.680,0.76625,0.76655,6.40,5.60
2007.12.21 10:19:24.807,0.76625,0.76655,2.40,5.60
2007.12.21 10:19:25.616,0.76625,0.76655,2.40,5.60
2007.12.21 10:19:26.944,0.7663,0.7664,2.40,0.50
2007.12.21 10:19:27.072,0.7663,0.7665,2.40,0.90
2007.12.21 10:19:27.201,0.7663,0.76655,2.40,4.80
2007.12.21 10:19:27.373,0.7663,0.7665,2.40,0.80
2007.12.21 10:19:28.094,0.7663,0.76655,2.40,4.80
2007.12.21 10:19:28.449,0.7663,0.76655,2.40,4.80
2007.12.21 10:19:28.713,0.76625,0.76655,2.40,5.60
2007.12.21 10:19:28.871,0.76625,0.7664,2.40,0.70
2007.12.21 10:19:29.643,0.76625,0.7664,2.40,0.60
2007.12.21 10:19:30.435,0.76625,0.76655,4.80,5.60
2007.12.21 10:19:30.603,0.7663,0.7665,2.40,0.60
2007.12.21 10:19:30.771,0.7663,0.7666,2.40,5.60
2007.12.21 10:19:30.954,0.7663,0.7666,2.40,5.60
2007.12.21 10:19:31.503,0.7663,0.7665,2.40,0.80
2007.12.21 10:19:31.686,0.76625,0.7666,10.40,4.80
2007.12.21 10:19:31.869,0.76625,0.7666,10.40,4.80
2007.12.21 10:19:32.130,0.76625,0.7666,6.40,4.80
2007.12.21 10:19:33.057,0.76625,0.7666,6.40,4.80
2007.12.21 10:19:35.018,0.76625,0.7666,6.40,4.80
2007.12.21 10:19:35.192,0.76625,0.7665,8.80,0.90
2007.12.21 10:19:35.365,0.76625,0.7665,8.80,0.80
2007.12.21 10:19:35.625,0.76625,0.7665,8.80,0.60
2007.12.21 10:19:35.798,0.7663,0.7665,2.40,0.50
2007.12.21 10:19:36.155,0.7663,0.7666,2.40,5.60
2007.12.21 10:19:36.394,0.7663,0.7665,2.40,0.90
2007.12.21 10:19:37.834,0.7663,0.7665,2.40,0.70
2007.12.21 10:19:39.425,0.7663,0.7665,2.40,4.00
2007.12.21 10:19:39.711,0.7663,0.7665,2.40,4.00
2007.12.21 10:19:39.972,0.7663,0.7665,2.40,4.00
2007.12.21 10:19:40.566,0.7663,0.7665,2.40,4.00
2007.12.21 10:19:43.296,0.7663,0.7665,2.40,4.00
2007.12.21 10:19:46.562,0.76625,0.7665,6.40,4.00
2007.12.21 10:19:50.021,0.76625,0.7665,6.40,4.00
2007.12.21 10:19:50.299,0.76625,0.7665,4.80,4.00
2007.12.21 10:19:50.578,0.76625,0.7665,4.80,4.00
2007.12.21 10:20:00.085,0.7662,0.7665,8.80,4.00
2007.12.21 10:20:00.392,0.76625,0.7665,0.90,4.00
2007.12.21 10:20:02.480,0.76625,0.7665,0.90,4.00
2007.12.21 10:20:02.592,0.7662,0.7665,8.80,4.00
2007.12.21 10:20:02.706,0.7661,0.7664,16.80,4.00
2007.12.21 10:20:02.900,0.7661,0.7664,16.00,4.00
2007.12.21 10:20:03.067,0.7661,0.7664,16.00,4.00
2007.12.21 10:20:03.433,0.7661,0.7664,12.00,4.00
2007.12.21 10:20:03.621,0.76615,0.7664,0.50,4.00
2007.12.21 10:20:04.137,0.7661,0.7664,12.00,4.00
2007.12.21 10:20:05.070,0.7661,0.7664,12.00,4.00
2007.12.21 10:20:11.314,0.7661,0.7664,12.00,4.00
2007.12.21 10:20:11.472,0.7661,0.7664,12.00,4.00
2007.12.21 10:20:11.631,0.76615,0.7664,1.70,4.00
2007.12.21 10:20:26.047,0.76615,0.7664,5.60,4.00
2007.12.21 10:20:26.221,0.76615,0.7664,5.60,4.00
2007.12.21 10:20:26.429,0.76615,0.7664,5.60,4.00
2007.12.21 10:20:36.149,0.76615,0.7665,5.60,0.80
2007.12.21 10:20:49.684,0.76615,0.7665,0.80,0.80
2007.12.21 10:20:50.114,0.76615,0.7665,5.60,0.80
2007.12.21 10:20:59.595,0.76615,0.7665,5.60,0.80
2007.12.21 10:20:59.798,0.76615,0.76655,9.60,0.80
2007.12.21 10:21:00.002,0.76615,0.76655,9.60,0.80
2007.12.21 10:21:00.685,0.76615,0.76655,13.60,0.80
2007.12.21 10:21:04.160,0.76615,0.76655,13.60,8.00
2007.12.21 10:21:04.313,0.76615,0.76655,9.60,8.00
2007.12.21 10:21:04.466,0.76615,0.7665,5.60,0.80
2007.12.21 10:21:07.704,0.76615,0.7665,5.60,0.80
2007.12.21 10:21:08.037,0.76615,0.76655,9.60,0.80
2007.12.21 10:21:08.870,0.76615,0.76655,13.60,0.80
2007.12.21 10:21:11.519,0.76615,0.76655,13.60,0.80
2007.12.21 10:21:11.657,0.76615,0.76655,13.60,0.80
2007.12.21 10:21:11.845,0.76615,0.76655,13.60,0.80
2007.12.21 10:21:34.672,0.76625,0.76655,0.80,0.80
2007.12.21 10:21:34.855,0.76625,0.7665,0.80,4.00
2007.12.21 10:21:35.039,0.76625,0.7665,0.80,4.00
2007.12.21 10:21:35.222,0.76625,0.7665,3.20,4.00
2007.12.21 10:21:35.404,0.76625,0.7665,3.20,4.00
2007.12.21 10:21:35.638,0.76625,0.7665,3.20,4.00
2007.12.21 10:21:48.677,0.76615,0.7665,22.50,4.00
2007.12.21 10:21:48.796,0.76615,0.7664,16.00,4.00
2007.12.21 10:21:48.915,0.76615,0.7664,13.60,4.00
2007.12.21 10:21:56.765,0.76615,0.7664,13.60,4.00
2007.12.21 10:21:56.944,0.76615,0.7664,9.60,4.00
2007.12.21 10:21:57.143,0.76615,0.7664,5.60,4.00
2007.12.21 10:21:57.341,0.76615,0.7664,5.60,4.00
2007.12.21 10:21:58.824,0.76615,0.7665,5.60,4.80
2007.12.21 10:22:07.796,0.76615,0.7665,5.60,4.80
2007.12.21 10:22:07.914,0.76615,0.76655,9.60,5.60
2007.12.21 10:22:08.171,0.76615,0.76655,9.60,5.60
2007.12.21 10:22:08.877,0.76615,0.76655,13.60,5.60
2007.12.21 10:22:11.730,0.76615,0.7664,13.60,0.70
2007.12.21 10:22:11.898,0.76615,0.76655,13.60,5.60
2007.12.21 10:22:12.041,0.76615,0.7664,13.60,0.70
2007.12.21 10:22:16.779,0.76615,0.76655,13.60,4.80
2007.12.21 10:22:17.611,0.76615,0.76655,9.60,4.80
2007.12.21 10:22:17.915,0.76615,0.7664,9.60,0.50
2007.12.21 10:22:21.394,0.76615,0.76655,9.60,4.00
2007.12.21 10:22:21.547,0.76615,0.7664,9.60,0.90
2007.12.21 10:22:22.211,0.76615,0.7664,9.60,0.60
2007.12.21 10:22:22.330,0.76615,0.76655,9.60,3.20
2007.12.21 10:22:23.042,0.76615,0.76655,9.60,2.40
2007.12.21 10:22:23.235,0.76615,0.76655,9.60,2.40
2007.12.21 10:22:27.899,0.76615,0.7664,4.40,0.80
2007.12.21 10:22:31.358,0.7661,0.7664,16.00,0.80
2007.12.21 10:22:35.677,0.7661,0.7664,16.00,1.60
2007.12.21 10:22:35.937,0.7661,0.7664,16.00,1.60
2007.12.21 10:22:43.699,0.7661,0.7664,1.00,2.40
2007.12.21 10:22:51.704,0.7661,0.7664,1.80,3.20
2007.12.21 10:22:57.315,0.76615,0.7664,5.60,3.20
2007.12.21 10:22:57.830,0.76615,0.7664,9.60,3.20
2007.12.21 10:22:59.747,0.76615,0.7664,9.60,4.00
2007.12.21 10:23:04.968,0.76615,0.76655,9.60,5.60
2007.12.21 10:23:07.920,0.76615,0.7664,9.60,0.60
2007.12.21 10:23:08.128,0.76615,0.76655,9.60,5.60
2007.12.21 10:23:08.356,0.76615,0.7666,9.60,4.80
2007.12.21 10:23:08.479,0.76625,0.76665,2.40,4.80
2007.12.21 10:23:08.603,0.76625,0.76675,2.40,27.20
2007.12.21 10:23:08.726,0.76625,0.76675,2.40,24.80
2007.12.21 10:23:18.334,0.76625,0.7666,2.40,0.70
2007.12.21 10:23:18.473,0.76625,0.7666,2.40,4.80
2007.12.21 10:23:18.612,0.76625,0.7666,2.40,5.60
2007.12.21 10:23:20.170,0.76625,0.7666,2.40,5.60
2007.12.21 10:23:20.393,0.76625,0.7664,2.40,0.90
2007.12.21 10:23:20.526,0.7662,0.7664,2.40,0.60
2007.12.21 10:23:20.675,0.76615,0.76655,9.60,4.80
2007.12.21 10:23:21.614,0.76615,0.76655,9.60,4.80
2007.12.21 10:23:25.739,0.76615,0.76655,5.60,4.80
2007.12.21 10:23:26.171,0.76615,0.76655,5.60,4.80
2007.12.21 10:23:29.165,0.76615,0.76655,5.60,4.80
2007.12.21 10:23:43.424,0.7663,0.7664,1.60,4.00
2007.12.21 10:23:43.588,0.76645,0.76655,3.20,0.80
2007.12.21 10:23:43.751,0.76645,0.7667,3.20,4.00
2007.12.21 10:23:43.915,0.76645,0.7667,3.20,4.00
2007.12.21 10:23:44.079,0.76635,0.7664,3.20,4.00
2007.12.21 10:23:44.271,0.76615,0.7664,16.00,4.00
2007.12.21 10:23:44.465,0.76615,0.7664,12.00,4.00
2007.12.21 10:23:45.015,0.76615,0.7664,12.00,4.00
2007.12.21 10:23:45.210,0.76615,0.7664,12.00,4.00
2007.12.21 10:23:45.881,0.76615,0.7664,12.00,4.00
2007.12.21 10:23:46.025,0.76615,0.7664,8.00,4.00
2007.12.21 10:23:46.167,0.76615,0.7664,8.00,4.00
2007.12.21 10:23:47.186,0.76615,0.7664,8.00,4.00
2007.12.21 10:23:50.416,0.76615,0.76655,8.00,1.60
2007.12.21 10:23:50.666,0.76625,0.7666,2.40,4.00
2007.12.21 10:23:51.657,0.76625,0.7666,2.40,4.00
2007.12.21 10:23:51.865,0.76625,0.7666,2.40,4.00
2007.12.21 10:23:52.179,0.76625,0.7666,2.40,4.00
2007.12.21 10:23:52.596,0.76625,0.7666,4.80,4.00
2007.12.21 10:23:53.470,0.76625,0.7666,4.80,4.00
2007.12.21 10:23:53.698,0.76635,0.7666,1.60,4.00
2007.12.21 10:23:53.927,0.76635,0.7666,1.60,4.00
2007.12.21 10:23:54.154,0.76645,0.76675,2.40,4.80
2007.12.21 10:23:54.383,0.76645,0.76675,2.40,4.00
2007.12.21 10:23:54.681,0.76645,0.76675,2.40,4.00
2007.12.21 10:23:55.214,0.76645,0.7668,2.40,4.00
2007.12.21 10:23:56.118,0.76645,0.7668,2.40,4.00
2007.12.21 10:23:56.468,0.76645,0.7668,2.40,4.00
2007.12.21 10:23:56.667,0.76645,0.7669,9.60,4.00
2007.12.21 10:23:57.073,0.76645,0.7669,4.10,4.00
2007.12.21 10:23:57.683,0.76635,0.7669,24.80,4.00
2007.12.21 10:23:58.623,0.76645,0.7669,9.60,4.00
2007.12.21 10:24:00.825,0.76665,0.7669,4.00,4.00
2007.12.21 10:24:01.422,0.76665,0.7669,4.00,4.00
2007.12.21 10:24:02.158,0.76665,0.7669,4.00,4.00
2007.12.21 10:24:02.396,0.76665,0.7669,4.00,4.00
2007.12.21 10:24:04.257,0.76645,0.7669,9.60,4.00
2007.12.21 10:24:04.950,0.76645,0.7669,9.60,4.80
2007.12.21 10:24:05.113,0.76645,0.7667,2.40,4.00
2007.12.21 10:24:05.276,0.76635,0.7667,20.00,4.00
2007.12.21 10:24:05.450,0.76635,0.7667,15.20,4.00
2007.12.21 10:24:05.613,0.76635,0.7667,13.60,4.00
2007.12.21 10:24:05.822,0.76635,0.7667,13.60,4.00
2007.12.21 10:24:06.188,0.76635,0.7667,13.60,4.00
2007.12.21 10:24:06.498,0.76635,0.7667,13.60,4.00
2007.12.21 10:24:07.635,0.76635,0.7667,13.60,4.00
2007.12.21 10:24:10.122,0.76635,0.7667,13.60,4.00
2007.12.21 10:24:12.151,0.76635,0.7667,13.60,4.00
2007.12.21 10:24:12.406,0.76635,0.7667,13.60,4.00
2007.12.21 10:24:12.573,0.76635,0.7667,13.60,4.00
2007.12.21 10:24:13.607,0.76635,0.76665,13.60,0.50
2007.12.21 10:24:13.850,0.76635,0.76665,13.60,0.50
2007.12.21 10:24:18.511,0.76635,0.7666,13.60,4.00
2007.12.21 10:24:18.809,0.76635,0.7666,2.40,4.00
2007.12.21 10:24:19.107,0.76635,0.7666,2.40,4.00
2007.12.21 10:24:19.589,0.76635,0.7666,2.40,4.00
2007.12.21 10:24:31.148,0.76635,0.7666,1.10,4.00
2007.12.21 10:24:32.110,0.76635,0.7666,1.40,4.00
2007.12.21 10:24:33.138,0.7663,0.7666,6.40,4.00
2007.12.21 10:24:40.054,0.7663,0.76645,6.40,5.60
2007.12.21 10:24:40.277,0.76625,0.7664,6.40,4.00
2007.12.21 10:24:40.501,0.76615,0.7664,3.50,4.00
2007.12.21 10:24:40.724,0.76625,0.7665,1.90,4.00
2007.12.21 10:24:40.978,0.76625,0.7665,0.60,4.00
2007.12.21 10:24:41.231,0.76625,0.76665,1.50,2.80
2007.12.21 10:24:41.497,0.76625,0.7665,0.70,2.40
2007.12.21 10:24:41.740,0.76625,0.7665,1.20,4.00
2007.12.21 10:24:42.014,0.766,0.7665,6.40,4.00
2007.12.21 10:24:42.288,0.766,0.7665,6.40,4.00
2007.12.21 10:24:42.615,0.766,0.7665,6.40,4.00
2007.12.21 10:24:44.514,0.766,0.7666,6.40,4.00
2007.12.21 10:24:44.862,0.766,0.7666,6.40,4.00
2007.12.21 10:24:45.165,0.76605,0.7666,6.40,4.00
2007.12.21 10:24:46.606,0.76605,0.7666,6.40,4.00
2007.12.21 10:24:46.914,0.76605,0.7666,6.40,4.00
2007.12.21 10:24:47.641,0.76605,0.7666,6.40,4.00
2007.12.21 10:24:47.778,0.76605,0.7666,6.40,4.00
2007.12.21 10:24:50.158,0.76605,0.7666,6.40,4.00
2007.12.21 10:24:50.305,0.76625,0.7666,1.30,4.00
2007.12.21 10:24:50.763,0.76625,0.7666,1.80,4.00
2007.12.21 10:24:50.911,0.76605,0.76665,6.40,0.50
2007.12.21 10:24:51.585,0.76625,0.76665,1.30,0.50
2007.12.21 10:24:51.739,0.76605,0.76665,6.40,0.50
2007.12.21 10:24:51.872,0.76615,0.76665,0.80,0.50
2007.12.21 10:24:53.059,0.76615,0.7666,2.10,4.00
2007.12.21 10:24:53.282,0.76615,0.7666,2.30,4.00
2007.12.21 10:24:53.506,0.76615,0.7666,1.90,4.00
2007.12.21 10:24:54.173,0.7661,0.7666,6.40,4.00
2007.12.21 10:24:54.402,0.76615,0.76665,1.20,0.50
2007.12.21 10:24:55.559,0.76615,0.76665,2.40,0.50
2007.12.21 10:24:57.607,0.76615,0.76665,8.00,0.50
2007.12.21 10:24:57.795,0.76635,0.76665,0.80,0.50
2007.12.21 10:24:57.982,0.7663,0.76665,3.20,0.50
2007.12.21 10:24:58.171,0.7663,0.76665,3.20,0.50
2007.12.21 10:24:58.209,0.7663,0.7667,4.00,4.50
2007.12.21 10:25:01.110,0.76635,0.76665,0.80,0.50
2007.12.21 10:25:01.329,0.76635,0.76675,7.20,11.70
2007.12.21 10:25:01.607,0.76635,0.76675,8.00,8.50
2007.12.21 10:25:03.108,0.76635,0.76675,4.00,8.50
2007.12.21 10:25:03.281,0.76635,0.7667,4.00,4.50
2007.12.21 10:25:03.534,0.76635,0.7667,3.20,4.50
2007.12.21 10:25:04.610,0.76635,0.7667,3.20,4.50
2007.12.21 10:25:04.918,0.76635,0.7667,3.20,4.50
2007.12.21 10:25:08.092,0.76635,0.7667,2.40,4.50
2007.12.21 10:25:12.663,0.76635,0.76665,2.40,0.50
2007.12.21 10:25:14.131,0.76635,0.7667,2.40,4.50
2007.12.21 10:25:15.154,0.76635,0.7667,2.40,4.50
2007.12.21 10:25:17.635,0.76635,0.76665,2.40,0.50
2007.12.21 10:25:17.838,0.76635,0.7667,2.40,4.50
2007.12.21 10:25:21.614,0.76635,0.76665,2.40,2.90
2007.12.21 10:25:21.949,0.76615,0.76655,12.00,12.80
2007.12.21 10:25:22.213,0.76615,0.76655,8.00,12.80
2007.12.21 10:25:22.846,0.76615,0.76655,8.00,12.80
2007.12.21 10:25:23.661,0.76615,0.76655,8.00,16.80
2007.12.21 10:25:28.590,0.76615,0.7665,8.00,4.00
2007.12.21 10:25:28.815,0.76615,0.7665,8.00,4.00
2007.12.21 10:25:29.016,0.76615,0.7665,8.00,4.00
2007.12.21 10:25:29.890,0.76615,0.7665,8.00,4.00
2007.12.21 10:25:30.606,0.76625,0.7665,4.80,4.00
2007.12.21 10:25:30.773,0.76625,0.7666,4.80,4.00
2007.12.21 10:25:30.942,0.76625,0.7666,4.80,4.00
2007.12.21 10:25:31.267,0.76625,0.7666,4.80,4.00
2007.12.21 10:25:31.293,0.7662,0.7666,7.20,4.00
2007.12.21 10:25:33.598,0.7662,0.7666,7.20,4.00
2007.12.21 10:25:33.920,0.76625,0.7666,1.10,4.00
2007.12.21 10:25:34.664,0.7662,0.7666,7.20,4.00
2007.12.21 10:25:36.101,0.76635,0.7666,0.80,4.00
2007.12.21 10:25:36.364,0.76625,0.76665,16.80,0.50
2007.12.21 10:25:36.577,0.7663,0.76665,5.60,0.50
2007.12.21 10:25:37.379,0.7663,0.76665,5.60,0.50
2007.12.21 10:25:43.098,0.76635,0.76665,0.50,0.50
2007.12.21 10:25:48.121,0.76635,0.76665,2.00,0.50
2007.12.21 10:25:49.169,0.7663,0.76665,5.60,0.50
2007.12.21 10:25:55.138,0.7663,0.76665,9.60,0.50
2007.12.21 10:25:55.350,0.76635,0.76665,3.70,0.50
2007.12.21 10:25:55.564,0.7663,0.76665,14.40,0.50
2007.12.21 10:25:58.853,0.76625,0.76665,29.60,0.50
2007.12.21 10:26:03.178,0.76635,0.76665,6.40,0.50
2007.12.21 10:26:03.482,0.76635,0.7666,3.20,4.00
2007.12.21 10:26:03.810,0.76635,0.7666,7.20,4.00
2007.12.21 10:26:04.402,0.76635,0.7666,7.20,4.00
2007.12.21 10:26:05.112,0.76635,0.7666,7.20,4.00
2007.12.21 10:26:09.160,0.76635,0.7666,7.20,4.00
2007.12.21 10:26:09.580,0.76635,0.7666,7.20,4.00
2007.12.21 10:26:12.876,0.76635,0.7666,7.20,4.00
2007.12.21 10:26:13.409,0.76635,0.7666,7.20,4.00
2007.12.21 10:26:14.435,0.76635,0.7666,7.20,4.00
2007.12.21 10:26:15.375,0.76635,0.7666,7.20,4.00
2007.12.21 10:26:16.416,0.76635,0.7666,7.20,4.00
2007.12.21 10:26:16.684,0.76635,0.7666,7.20,4.00
2007.12.21 10:26:18.739,0.76635,0.7666,11.20,4.00
2007.12.21 10:26:18.872,0.76635,0.76665,12.00,0.50
2007.12.21 10:26:19.005,0.76635,0.76665,14.40,0.50
2007.12.21 10:26:19.138,0.76635,0.76665,14.40,0.50
2007.12.21 10:26:19.926,0.76635,0.76665,18.40,0.50
2007.12.21 10:26:26.450,0.76635,0.76665,18.40,0.50
2007.12.21 10:26:30.877,0.76635,0.76665,18.40,0.50
2007.12.21 10:26:31.414,0.76635,0.76665,18.40,0.50
2007.12.21 10:26:43.820,0.76635,0.7667,14.40,4.50
2007.12.21 10:26:45.180,0.76635,0.7667,18.40,4.50
2007.12.21 10:26:52.235,0.76645,0.76675,4.00,1.20
2007.12.21 10:26:52.378,0.76645,0.76665,4.00,0.50
2007.12.21 10:26:53.148,0.76645,0.76675,4.00,1.20
2007.12.21 10:26:53.779,0.7664,0.76665,4.00,0.50
2007.12.21 10:26:54.130,0.76635,0.76665,18.40,0.50
2007.12.21 10:26:55.172,0.76635,0.76675,18.40,1.20
2007.12.21 10:26:59.802,0.76635,0.76665,12.80,0.50
2007.12.21 10:27:00.026,0.76635,0.76665,12.80,0.50
2007.12.21 10:27:00.250,0.76635,0.76665,12.80,0.50
2007.12.21 10:27:00.473,0.76635,0.76665,12.80,0.50
2007.12.21 10:27:02.096,0.76635,0.76665,8.80,0.50
2007.12.21 10:27:03.144,0.76635,0.76665,8.80,0.50
2007.12.21 10:27:03.327,0.76635,0.76665,4.80,0.50
2007.12.21 10:27:08.001,0.76635,0.76665,4.80,0.50
2007.12.21 10:27:08.103,0.76635,0.76665,4.80,0.50
2007.12.21 10:27:09.487,0.76635,0.76665,1.10,0.50
2007.12.21 10:27:11.785,0.76625,0.76665,16.00,0.50
2007.12.21 10:27:11.913,0.7662,0.7665,13.60,4.00
2007.12.21 10:27:12.041,0.7662,0.7665,8.80,4.00
2007.12.21 10:27:12.170,0.7662,0.7665,8.80,4.00
2007.12.21 10:27:12.470,0.7662,0.7665,8.80,4.00
2007.12.21 10:27:12.889,0.7662,0.7665,8.80,4.00
2007.12.21 10:27:18.900,0.7662,0.7665,8.80,4.00
2007.12.21 10:27:19.139,0.76625,0.7665,2.80,4.00
2007.12.21 10:27:20.147,0.76625,0.7665,1.30,4.00
2007.12.21 10:27:21.293,0.76635,0.7665,0.70,4.00
2007.12.21 10:27:21.447,0.76625,0.7666,6.40,4.00
2007.12.21 10:27:21.678,0.76635,0.7666,0.60,4.00
2007.12.21 10:27:22.606,0.76635,0.7666,0.90,4.00
2007.12.21 10:27:28.333,0.7662,0.7666,17.80,4.00
2007.12.21 10:27:28.512,0.76625,0.7665,1.00,4.00
2007.12.21 10:27:28.660,0.7662,0.7665,8.80,4.00
2007.12.21 10:27:29.642,0.7662,0.7665,8.80,4.00
2007.12.21 10:27:31.873,0.76625,0.7665,1.40,4.00
2007.12.21 10:27:31.961,0.7662,0.7665,4.00,4.00
2007.12.21 10:27:32.050,0.76605,0.7665,30.40,4.00
2007.12.21 10:27:32.147,0.76605,0.7665,30.40,4.00
2007.12.21 10:27:32.422,0.76615,0.7664,3.40,4.00
2007.12.21 10:27:32.743,0.76615,0.7664,1.60,4.00
2007.12.21 10:27:33.078,0.7659,0.7664,6.40,4.00
2007.12.21 10:27:33.411,0.76615,0.7664,2.40,4.00
2007.12.21 10:27:33.594,0.76615,0.7664,0.50,4.00
2007.12.21 10:27:34.104,0.76615,0.7664,2.00,4.00
2007.12.21 10:27:35.669,0.76615,0.7664,0.80,4.00
2007.12.21 10:27:36.398,0.76615,0.7664,1.60,4.00
2007.12.21 10:27:36.596,0.76615,0.7664,1.90,4.00
2007.12.21 10:27:36.839,0.76615,0.76645,1.40,2.40
2007.12.21 10:27:37.646,0.76615,0.76645,0.90,2.40
2007.12.21 10:27:38.902,0.76615,0.76645,1.00,2.40
2007.12.21 10:27:39.126,0.76615,0.76645,2.00,2.40
2007.12.21 10:27:44.106,0.76615,0.76645,0.50,2.40
2007.12.21 10:27:49.105,0.76565,0.76645,6.40,2.40
2007.12.21 10:27:49.344,0.7658,0.76645,0.60,2.40
2007.12.21 10:27:50.114,0.76565,0.76645,10.40,2.40
2007.12.21 10:27:54.159,0.7658,0.76645,0.70,2.40
2007.12.21 10:27:54.348,0.76585,0.76645,1.10,6.40
2007.12.21 10:27:54.535,0.7658,0.76645,6.40,10.40
2007.12.21 10:27:55.593,0.7658,0.7666,10.40,12.00
2007.12.21 10:27:58.611,0.76585,0.76645,4.00,10.40
2007.12.21 10:28:00.164,0.76585,0.76645,4.00,6.40
2007.12.21 10:28:04.955,0.76585,0.76635,4.00,0.50
2007.12.21 10:28:05.183,0.76595,0.7665,3.20,12.00
2007.12.21 10:28:05.561,0.76595,0.76645,3.20,0.80
2007.12.21 10:28:06.139,0.76595,0.7665,3.20,12.00
2007.12.21 10:28:06.932,0.76595,0.7665,7.20,12.00
2007.12.21 10:28:10.153,0.76595,0.7665,7.20,12.00
2007.12.21 10:28:12.630,0.76595,0.7665,7.20,12.00
2007.12.21 10:28:12.768,0.76595,0.7665,7.20,12.00
2007.12.21 10:28:13.919,0.76595,0.76645,7.20,0.70
2007.12.21 10:28:14.132,0.76595,0.76645,7.20,0.80
2007.12.21 10:28:15.111,0.766,0.76645,1.60,0.60
2007.12.21 10:28:15.209,0.766,0.76645,1.60,0.50
2007.12.21 10:28:15.407,0.766,0.76645,1.60,8.00
2007.12.21 10:28:15.505,0.766,0.76645,1.60,8.00
2007.12.21 10:28:15.669,0.766,0.76645,1.60,13.60
2007.12.21 10:28:15.969,0.76615,0.7664,3.20,0.90
2007.12.21 10:28:16.132,0.76615,0.7664,5.60,0.50
2007.12.21 10:28:16.295,0.76615,0.76655,5.60,15.20
2007.12.21 10:28:16.459,0.76615,0.76655,5.60,12.00
2007.12.21 10:28:17.089,0.76615,0.76655,5.60,12.00
2007.12.21 10:28:17.390,0.76615,0.7664,5.60,0.80
2007.12.21 10:28:17.603,0.76605,0.7663,4.00,0.90
2007.12.21 10:28:17.827,0.76595,0.76645,10.40,15.90
2007.12.21 10:28:18.050,0.76595,0.7663,10.40,0.70
2007.12.21 10:28:18.273,0.76595,0.76645,10.40,15.90
2007.12.21 10:28:18.656,0.76595,0.76645,10.40,15.90
2007.12.21 10:28:22.097,0.76595,0.7663,10.40,0.50
2007.12.21 10:28:22.430,0.76595,0.76645,10.40,13.50
2007.12.21 10:28:24.458,0.76605,0.7663,4.80,4.00
2007.12.21 10:28:24.711,0.76605,0.7663,7.20,4.00
2007.12.21 10:28:24.891,0.76605,0.7663,7.20,4.00
2007.12.21 10:28:25.626,0.76605,0.7663,7.20,4.00
2007.12.21 10:28:27.589,0.76605,0.7663,7.20,4.00
2007.12.21 10:28:28.614,0.76605,0.7663,7.20,4.00
2007.12.21 10:28:28.668,0.76605,0.7663,7.20,0.70
2007.12.21 10:28:42.610,0.76605,0.7663,7.20,0.90
2007.12.21 10:28:43.639,0.76605,0.76645,7.20,4.70
2007.12.21 10:28:45.913,0.76605,0.7663,7.20,0.80
2007.12.21 10:28:47.706,0.76605,0.7663,0.90,0.80
2007.12.21 10:29:01.572,0.76605,0.7664,0.50,4.00
2007.12.21 10:29:01.747,0.76615,0.7664,0.80,4.00
2007.12.21 10:29:01.920,0.76605,0.7664,9.60,4.00
2007.12.21 10:29:02.093,0.76605,0.7664,9.60,4.00
2007.12.21 10:29:02.514,0.76615,0.7664,0.80,4.00
2007.12.21 10:29:04.536,0.76625,0.7664,1.80,4.00
2007.12.21 10:29:04.640,0.76605,0.76645,16.80,0.70
2007.12.21 10:29:04.890,0.76625,0.76645,0.50,0.70
2007.12.21 10:29:05.590,0.7662,0.76645,8.00,0.70
2007.12.21 10:29:08.579,0.7662,0.76645,4.80,0.70
2007.12.21 10:29:08.668,0.76625,0.76645,1.60,0.70
2007.12.21 10:29:08.756,0.76615,0.7664,1.50,4.00
2007.12.21 10:29:08.953,0.7661,0.7664,7.20,4.00
2007.12.21 10:29:09.152,0.76615,0.76645,2.30,0.70
2007.12.21 10:29:09.351,0.76615,0.7665,2.90,4.00
2007.12.21 10:29:09.619,0.7661,0.7665,8.00,4.00
2007.12.21 10:29:09.816,0.7661,0.7665,8.00,4.00
2007.12.21 10:29:09.949,0.7661,0.7665,12.00,4.00
2007.12.21 10:29:10.071,0.7661,0.7665,12.00,4.00
2007.12.21 10:29:10.195,0.7661,0.7665,16.00,4.00
2007.12.21 10:29:10.364,0.7661,0.7665,16.00,4.00
2007.12.21 10:29:11.088,0.76615,0.7665,1.70,4.00
2007.12.21 10:29:12.640,0.76615,0.7665,0.80,4.00
2007.12.21 10:29:16.386,0.76615,0.7665,14.40,4.00
2007.12.21 10:29:19.884,0.76615,0.7665,14.40,4.00
2007.12.21 10:29:21.030,0.76615,0.7665,13.60,4.00
2007.12.21 10:29:25.181,0.76615,0.7665,13.60,4.00
2007.12.21 10:29:29.793,0.76615,0.76665,13.60,14.00
2007.12.21 10:29:33.692,0.76615,0.76665,13.60,14.00
2007.12.21 10:29:36.364,0.76615,0.76665,13.60,14.00
2007.12.21 10:29:39.592,0.76615,0.76665,13.60,0.50
2007.12.21 10:29:48.623,0.76615,0.76675,15.20,25.20
2007.12.21 10:29:48.911,0.76615,0.76665,16.00,0.60
2007.12.21 10:29:56.609,0.76615,0.76665,16.00,0.50
2007.12.21 10:29:56.702,0.76615,0.76665,16.00,14.80
2007.12.21 10:29:56.806,0.76615,0.76665,15.20,15.60
2007.12.21 10:29:56.910,0.76615,0.7664,15.20,0.80
2007.12.21 10:29:57.107,0.76615,0.7664,11.20,0.90
2007.12.21 10:29:57.853,0.7661,0.76665,12.80,19.60
2007.12.21 10:29:57.934,0.7661,0.76665,12.80,19.60
2007.12.21 10:30:01.672,0.7661,0.7664,4.00,4.00
2007.12.21 10:30:01.811,0.766,0.7664,11.20,4.00
2007.12.21 10:30:01.950,0.76605,0.7664,1.10,4.00
2007.12.21 10:30:02.215,0.76595,0.7664,22.40,4.00
2007.12.21 10:30:02.670,0.76605,0.7663,4.20,4.00
2007.12.21 10:30:02.823,0.76605,0.7663,2.70,4.00
2007.12.21 10:30:02.977,0.76605,0.7663,1.70,4.00
2007.12.21 10:30:03.871,0.766,0.7663,8.00,4.00
2007.12.21 10:30:04.170,0.76605,0.7662,1.10,4.00
2007.12.21 10:30:04.338,0.76595,0.7662,14.40,4.00
2007.12.21 10:30:04.506,0.76595,0.7662,0.60,4.00
2007.12.21 10:30:05.079,0.76595,0.7663,4.40,4.00
2007.12.21 10:30:05.202,0.7659,0.7663,16.00,4.00
2007.12.21 10:30:05.326,0.76605,0.7663,2.30,4.00
2007.12.21 10:30:06.095,0.76605,0.7662,0.80,4.00
2007.12.21 10:30:06.264,0.7659,0.7662,18.40,4.00
2007.12.21 10:30:06.476,0.76595,0.7662,4.20,4.00
2007.12.21 10:30:07.191,0.7659,0.7662,16.00,4.00
2007.12.21 10:30:07.418,0.7659,0.7662,16.00,4.00
2007.12.21 10:30:08.243,0.76585,0.7662,21.60,4.00
2007.12.21 10:30:08.412,0.76595,0.7662,3.40,4.00
2007.12.21 10:30:10.192,0.76595,0.7662,0.50,4.00
2007.12.21 10:30:10.396,0.7659,0.7662,18.40,4.00
2007.12.21 10:30:11.136,0.7659,0.7662,17.60,4.00
2007.12.21 10:30:11.415,0.76595,0.7662,5.60,4.00
2007.12.21 10:30:11.692,0.7659,0.7662,13.60,4.00
2007.12.21 10:30:11.982,0.7659,0.7662,13.60,4.00
2007.12.21 10:30:12.800,0.7659,0.7662,13.60,4.00
2007.12.21 10:30:12.988,0.76595,0.7662,5.20,4.00
2007.12.21 10:30:13.177,0.7659,0.7662,13.60,4.00
2007.12.21 10:30:13.622,0.7659,0.7662,13.60,4.00
2007.12.21 10:30:13.871,0.7659,0.7662,10.40,4.00
2007.12.21 10:30:14.118,0.76585,0.7662,19.20,4.00
2007.12.21 10:30:14.451,0.76595,0.7662,1.20,4.00
2007.12.21 10:30:14.655,0.76585,0.7662,19.20,4.00
2007.12.21 10:30:14.812,0.76595,0.7662,0.90,4.00
2007.12.21 10:30:14.971,0.76595,0.7662,1.00,4.00
2007.12.21 10:30:15.169,0.7658,0.7662,20.80,4.00
2007.12.21 10:30:16.112,0.7658,0.7662,20.80,4.00
2007.12.21 10:30:17.162,0.7658,0.7662,20.80,4.00
2007.12.21 10:30:19.433,0.7658,0.7662,16.80,4.00
2007.12.21 10:30:24.098,0.7658,0.7662,16.80,4.00
2007.12.21 10:30:25.135,0.7658,0.7662,20.80,4.00
2007.12.21 10:30:36.761,0.76585,0.7662,20.00,4.00
2007.12.21 10:30:37.044,0.76585,0.7662,20.00,4.00
2007.12.21 10:30:39.416,0.76585,0.7662,20.00,4.00
2007.12.21 10:30:39.712,0.76585,0.7663,20.00,4.00
2007.12.21 10:30:39.976,0.76595,0.7663,8.80,4.00
2007.12.21 10:30:40.238,0.76595,0.7663,13.60,4.00
2007.12.21 10:30:40.502,0.76595,0.7663,14.40,4.00
2007.12.21 10:30:40.765,0.76595,0.7663,14.40,4.00
2007.12.21 10:30:40.879,0.76595,0.7663,14.40,4.00
2007.12.21 10:30:41.203,0.76595,0.7663,13.60,4.00
2007.12.21 10:30:41.316,0.76595,0.7663,13.60,4.00
2007.12.21 10:30:41.431,0.76595,0.7663,6.40,4.00
2007.12.21 10:30:41.691,0.76595,0.7663,6.40,4.00
2007.12.21 10:30:44.226,0.76595,0.7663,6.40,4.00
2007.12.21 10:30:44.395,0.76595,0.7663,6.40,4.00
2007.12.21 10:30:44.562,0.76595,0.7663,6.40,4.00
2007.12.21 10:30:44.732,0.76595,0.7662,2.40,4.00
2007.12.21 10:30:45.357,0.76595,0.7662,2.40,4.00
2007.12.21 10:30:45.674,0.76595,0.7662,2.40,4.00
2007.12.21 10:30:46.180,0.76595,0.7662,2.40,4.00
2007.12.21 10:30:46.697,0.76595,0.7662,4.00,4.00
2007.12.21 10:30:46.895,0.76595,0.7662,4.00,4.00
2007.12.21 10:30:46.948,0.76595,0.7662,0.60,4.00
2007.12.21 10:30:47.073,0.76595,0.7662,4.00,4.00
2007.12.21 10:30:47.251,0.76595,0.7662,4.00,4.00
2007.12.21 10:31:01.915,0.76595,0.7662,4.00,4.00
2007.12.21 10:31:02.727,0.76595,0.7662,4.00,4.00
2007.12.21 10:31:02.855,0.76595,0.7662,3.20,4.00
2007.12.21 10:31:02.984,0.76595,0.7662,3.20,4.00
2007.12.21 10:31:03.145,0.76595,0.7662,3.20,4.00
2007.12.21 10:31:03.709,0.76595,0.7662,3.20,4.00
2007.12.21 10:31:03.967,0.76595,0.7662,2.40,4.00
2007.12.21 10:31:04.224,0.76595,0.7662,2.40,4.00
2007.12.21 10:31:04.682,0.76595,0.7662,2.40,4.00
2007.12.21 10:31:10.425,0.76595,0.7662,2.40,4.00
2007.12.21 10:31:10.789,0.76595,0.76615,2.40,8.00
2007.12.21 10:31:11.063,0.76575,0.76615,9.60,10.40
2007.12.21 10:31:11.336,0.76585,0.76615,0.80,2.40
2007.12.21 10:31:11.610,0.76585,0.7662,6.40,4.00
2007.12.21 10:31:11.883,0.76585,0.7662,2.40,4.00
2007.12.21 10:31:12.391,0.76585,0.7662,2.40,4.00
2007.12.21 10:31:12.618,0.76585,0.7662,2.40,4.00
2007.12.21 10:31:13.790,0.76585,0.7662,4.80,4.00
2007.12.21 10:31:13.961,0.76595,0.7662,2.40,4.00
2007.12.21 10:31:14.135,0.76595,0.7662,2.40,4.00
2007.12.21 10:31:14.321,0.76595,0.7662,2.40,4.00
2007.12.21 10:31:14.853,0.76595,0.7662,2.40,4.00
2007.12.21 10:31:16.423,0.76595,0.7662,2.40,4.00
2007.12.21 10:31:16.628,0.76595,0.7662,2.40,4.00
2007.12.21 10:31:17.144,0.76595,0.7662,2.40,4.00
2007.12.21 10:31:17.457,0.76595,0.7662,2.40,4.00
2007.12.21 10:31:18.182,0.76595,0.7662,2.40,4.00
2007.12.21 10:31:43.115,0.76595,0.7662,2.40,4.00
2007.12.21 10:31:45.440,0.7659,0.76635,2.40,0.80
2007.12.21 10:31:45.852,0.76595,0.76635,2.40,6.40
2007.12.21 10:31:46.361,0.76595,0.76635,2.40,6.40
2007.12.21 10:32:11.869,0.76595,0.76635,2.40,6.40
2007.12.21 10:32:13.808,0.76595,0.76635,2.40,5.60
2007.12.21 10:32:14.120,0.76595,0.76635,2.40,6.40
2007.12.21 10:32:15.074,0.76595,0.76635,2.40,6.40
2007.12.21 10:32:16.609,0.76585,0.76635,6.40,0.80
2007.12.21 10:32:17.407,0.76595,0.76635,3.20,0.80
2007.12.21 10:32:17.641,0.76595,0.7664,3.20,0.80
2007.12.21 10:32:18.047,0.76595,0.7664,3.20,0.80
2007.12.21 10:32:27.889,0.76595,0.7664,4.00,0.80
2007.12.21 10:32:28.140,0.76595,0.7664,4.00,0.80
2007.12.21 10:32:28.374,0.76595,0.7664,4.00,0.80
2007.12.21 10:32:28.617,0.76595,0.7664,3.20,0.80
2007.12.21 10:32:28.840,0.76595,0.7664,3.20,0.80
2007.12.21 10:32:29.073,0.76595,0.7664,3.20,0.80
2007.12.21 10:32:43.380,0.76595,0.7662,3.20,4.00
2007.12.21 10:32:43.558,0.76605,0.7663,1.60,4.00
2007.12.21 10:32:43.737,0.76605,0.7663,1.60,4.00
2007.12.21 10:32:43.917,0.76605,0.7663,1.60,4.00
2007.12.21 10:32:47.110,0.76605,0.7663,1.60,4.00
2007.12.21 10:32:47.433,0.76605,0.7663,1.60,4.00
2007.12.21 10:32:47.624,0.76605,0.7663,1.60,4.00
2007.12.21 10:32:47.920,0.76605,0.7663,1.60,4.00
2007.12.21 10:32:48.078,0.76605,0.7663,2.40,4.00
2007.12.21 10:32:48.235,0.76605,0.7663,2.40,4.00
2007.12.21 10:32:48.394,0.76605,0.7663,2.40,4.00
2007.12.21 10:32:48.533,0.76605,0.7663,2.40,4.00
2007.12.21 10:32:49.367,0.76605,0.7663,2.40,4.00
2007.12.21 10:32:50.910,0.76605,0.7663,2.40,4.00
2007.12.21 10:32:51.043,0.76605,0.7663,4.80,4.00
2007.12.21 10:32:51.176,0.76605,0.7663,7.20,4.00
2007.12.21 10:32:51.575,0.76605,0.7663,7.20,4.00
2007.12.21 10:32:51.926,0.76605,0.7663,6.40,4.00
2007.12.21 10:32:52.201,0.76605,0.7663,4.00,4.00
2007.12.21 10:32:52.606,0.76605,0.7663,4.00,4.00
2007.12.21 10:32:53.128,0.76605,0.7663,4.00,4.00
2007.12.21 10:32:54.660,0.76605,0.7663,4.00,4.00
2007.12.21 10:32:55.078,0.76605,0.7663,4.00,4.00
2007.12.21 10:32:55.586,0.76605,0.7663,4.00,4.00
2007.12.21 10:32:55.845,0.76605,0.7663,4.00,4.00
2007.12.21 10:32:56.628,0.76605,0.7663,4.00,4.00
2007.12.21 10:32:57.223,0.76605,0.7665,4.00,9.60
2007.12.21 10:33:07.370,0.76605,0.7663,4.00,0.90
2007.12.21 10:33:08.098,0.76605,0.7665,4.00,9.60
2007.12.21 10:33:09.116,0.76605,0.7665,4.00,9.60
2007.12.21 10:33:12.475,0.76605,0.7665,4.00,9.60
2007.12.21 10:33:12.679,0.76605,0.7665,4.00,9.60
2007.12.21 10:33:14.135,0.76605,0.7663,4.00,0.90
2007.12.21 10:33:16.487,0.76605,0.7665,4.00,9.60
2007.12.21 10:33:19.030,0.76605,0.7663,2.40,0.50
2007.12.21 10:33:19.224,0.766,0.76635,2.40,9.60
2007.12.21 10:33:19.417,0.76585,0.76635,17.60,9.60
2007.12.21 10:33:19.671,0.76585,0.7663,4.00,0.70
2007.12.21 10:33:19.925,0.76585,0.76635,4.00,9.60
2007.12.21 10:33:25.334,0.76585,0.7663,4.00,4.00
2007.12.21 10:33:25.973,0.76585,0.7663,5.60,4.00
2007.12.21 10:33:26.126,0.76595,0.7663,2.40,4.00
2007.12.21 10:33:26.279,0.76595,0.7663,2.40,4.00
2007.12.21 10:33:26.433,0.76595,0.7663,2.40,4.00
2007.12.21 10:33:26.586,0.76595,0.7663,2.40,4.00
2007.12.21 10:33:27.079,0.76595,0.7663,2.40,4.00
2007.12.21 10:33:27.398,0.76595,0.7663,2.40,4.00
2007.12.21 10:33:35.059,0.76595,0.7663,2.40,4.00
2007.12.21 10:33:35.383,0.76595,0.7663,2.40,4.00
2007.12.21 10:33:39.517,0.766,0.76645,6.40,20.80
2007.12.21 10:33:39.620,0.76625,0.76645,4.80,4.00
2007.12.21 10:33:39.724,0.76625,0.76645,4.80,4.00
2007.12.21 10:33:39.828,0.76625,0.7665,4.80,4.00
2007.12.21 10:33:40.043,0.76625,0.7665,2.40,4.00
2007.12.21 10:33:40.247,0.7662,0.76645,2.40,12.80
2007.12.21 10:33:40.451,0.76605,0.76645,4.00,12.80
2007.12.21 10:33:40.656,0.766,0.76645,1.60,6.40
2007.12.21 10:33:40.858,0.766,0.76645,1.60,4.00
2007.12.21 10:33:41.171,0.766,0.76645,4.00,4.00
2007.12.21 10:33:41.484,0.766,0.76635,4.00,4.00
2007.12.21 10:33:43.093,0.766,0.76635,4.00,4.00
2007.12.21 10:33:43.291,0.766,0.76635,4.00,4.00
2007.12.21 10:33:43.489,0.766,0.76635,1.60,4.00
2007.12.21 10:33:43.688,0.76585,0.7663,12.80,4.00
2007.12.21 10:33:43.886,0.76585,0.7663,4.80,4.00
2007.12.21 10:33:44.044,0.76585,0.7663,4.00,4.00
2007.12.21 10:33:44.202,0.76585,0.7663,4.00,4.00
2007.12.21 10:33:44.359,0.76585,0.7663,4.00,4.00
2007.12.21 10:33:44.872,0.76585,0.7663,4.00,8.00
2007.12.21 10:33:47.897,0.76585,0.7663,4.00,8.00
2007.12.21 10:33:49.657,0.76585,0.7663,4.00,8.00
2007.12.21 10:33:52.126,0.76585,0.7663,4.00,8.00
2007.12.21 10:33:53.343,0.76585,0.7663,4.00,0.50
2007.12.21 10:33:56.894,0.7658,0.7663,2.40,8.00
2007.12.21 10:33:57.079,0.7659,0.7663,4.80,4.00
2007.12.21 10:33:57.258,0.76615,0.7664,4.00,8.00
2007.12.21 10:33:57.426,0.76615,0.7664,4.00,8.00
2007.12.21 10:33:57.594,0.76615,0.7663,4.00,4.00
2007.12.21 10:33:57.763,0.7661,0.7663,2.40,4.00
2007.12.21 10:33:57.932,0.76595,0.7663,12.00,4.00
2007.12.21 10:33:58.100,0.7658,0.7663,2.40,4.00
2007.12.21 10:33:58.268,0.7658,0.7663,2.40,4.00
2007.12.21 10:33:58.501,0.7658,0.7663,2.40,4.00
2007.12.21 10:33:58.918,0.7658,0.7663,2.40,4.00
2007.12.21 10:33:59.163,0.7658,0.7663,2.40,4.00
2007.12.21 10:34:00.609,0.7658,0.76615,2.40,5.60
2007.12.21 10:34:00.734,0.7658,0.7661,2.40,4.00
2007.12.21 10:34:00.860,0.76575,0.7661,4.00,4.00
2007.12.21 10:34:01.109,0.76575,0.7661,4.80,4.00
2007.12.21 10:34:01.237,0.7658,0.7661,1.60,4.00
2007.12.21 10:34:01.380,0.7658,0.7661,1.60,4.00
2007.12.21 10:34:01.878,0.7658,0.7661,1.60,4.00
2007.12.21 10:34:02.045,0.7658,0.7661,1.60,4.00
2007.12.21 10:34:02.203,0.7658,0.7661,1.60,4.00
2007.12.21 10:34:03.090,0.76585,0.7661,4.00,4.00
2007.12.21 10:34:04.941,0.76585,0.7661,4.00,4.00
2007.12.21 10:34:05.343,0.76585,0.7661,4.00,4.00
2007.12.21 10:34:08.574,0.76585,0.7661,4.00,4.00
2007.12.21 10:34:08.764,0.76585,0.76625,7.20,4.00
2007.12.21 10:34:08.951,0.7659,0.76635,2.40,4.00
2007.12.21 10:34:09.140,0.76595,0.76635,4.00,4.00
2007.12.21 10:34:09.328,0.76595,0.76635,7.20,4.00
2007.12.21 10:34:09.517,0.76595,0.76635,9.60,4.00
2007.12.21 10:34:09.761,0.76595,0.76635,9.60,4.00
2007.12.21 10:34:09.960,0.76595,0.76635,9.60,4.00
2007.12.21 10:34:10.158,0.76605,0.76635,0.80,4.00
2007.12.21 10:34:10.368,0.76605,0.7664,6.40,4.00
2007.12.21 10:34:10.641,0.76605,0.7664,6.40,4.00
2007.12.21 10:34:10.839,0.76605,0.7664,6.40,4.00
2007.12.21 10:34:11.376,0.76605,0.7664,6.40,4.00
2007.12.21 10:34:12.630,0.76605,0.7664,6.40,4.00
2007.12.21 10:34:12.831,0.76605,0.7664,6.40,4.00
2007.12.21 10:34:15.110,0.76605,0.7664,6.40,4.00
2007.12.21 10:34:18.278,0.76605,0.7664,10.40,4.00
2007.12.21 10:34:18.825,0.76605,0.7664,10.40,4.00
2007.12.21 10:34:19.347,0.76605,0.7664,10.40,4.00
2007.12.21 10:34:20.164,0.76605,0.7664,10.40,4.00
2007.12.21 10:34:21.081,0.76615,0.7664,5.60,4.00
2007.12.21 10:34:21.401,0.76615,0.7664,5.60,4.00
2007.12.21 10:34:22.121,0.76615,0.7664,5.60,4.00
2007.12.21 10:34:22.332,0.76615,0.7664,5.60,4.00
2007.12.21 10:34:36.141,0.76635,0.7664,1.60,4.00
2007.12.21 10:34:36.330,0.76635,0.76655,1.60,1.60
2007.12.21 10:34:36.543,0.76635,0.7666,1.60,4.00
2007.12.21 10:34:36.757,0.76625,0.7665,6.40,4.00
2007.12.21 10:34:36.970,0.76625,0.7665,0.80,4.00
2007.12.21 10:34:37.183,0.76615,0.7665,12.80,4.00
2007.12.21 10:34:37.397,0.76615,0.7664,8.00,4.00
2007.12.21 10:34:37.570,0.76615,0.7664,8.00,4.00
2007.12.21 10:34:37.882,0.76615,0.7664,8.00,4.00
2007.12.21 10:34:41.142,0.76615,0.7664,6.40,4.00
2007.12.21 10:34:41.367,0.76615,0.7664,4.00,4.00
2007.12.21 10:34:42.111,0.76615,0.7666,4.00,5.60
2007.12.21 10:34:42.255,0.76635,0.7666,3.20,5.60
2007.12.21 10:34:42.398,0.76635,0.7666,3.20,5.60
2007.12.21 10:34:42.541,0.76635,0.7666,3.20,5.60
2007.12.21 10:34:42.834,0.76635,0.7666,3.20,4.00
2007.12.21 10:34:43.387,0.76635,0.7666,3.20,4.00
2007.12.21 10:34:48.645,0.76635,0.7666,3.20,4.00
2007.12.21 10:34:48.887,0.76635,0.7666,3.20,4.00
2007.12.21 10:34:55.477,0.7663,0.7666,5.60,4.00
2007.12.21 10:35:01.108,0.76635,0.7666,1.10,4.00
2007.12.21 10:35:12.873,0.7663,0.7667,5.60,0.80
2007.12.21 10:35:13.085,0.7663,0.7667,5.60,0.80
2007.12.21 10:35:13.218,0.7663,0.7667,5.60,0.80
2007.12.21 10:35:24.512,0.7663,0.7667,5.60,0.80
2007.12.21 10:35:25.740,0.76645,0.7667,0.80,0.80
2007.12.21 10:35:25.973,0.76645,0.7667,0.80,4.00
2007.12.21 10:35:26.206,0.76645,0.7667,0.80,4.00
2007.12.21 10:35:26.439,0.76635,0.7666,5.60,4.00
2007.12.21 10:35:26.672,0.76635,0.7666,5.60,4.00
2007.12.21 10:35:26.903,0.76635,0.7666,5.60,4.00
2007.12.21 10:35:31.553,0.76635,0.76675,5.60,5.60
2007.12.21 10:35:31.734,0.76645,0.7666,2.40,0.60
2007.12.21 10:35:31.933,0.76645,0.7667,2.40,0.80
2007.12.21 10:35:32.130,0.76645,0.76675,2.40,4.80
2007.12.21 10:35:32.328,0.76645,0.7667,2.40,0.50
2007.12.21 10:35:32.825,0.76645,0.76675,2.40,4.80
2007.12.21 10:35:37.589,0.76645,0.76675,2.40,4.80
2007.12.21 10:35:37.790,0.76645,0.7667,3.20,0.80
2007.12.21 10:35:38.057,0.76645,0.76695,8.00,25.60
2007.12.21 10:35:38.325,0.76645,0.76695,8.00,25.60
2007.12.21 10:35:38.840,0.76645,0.76695,8.00,25.60
2007.12.21 10:35:39.353,0.76645,0.7668,8.00,0.70
2007.12.21 10:35:43.215,0.76645,0.7668,8.00,0.70
2007.12.21 10:35:43.425,0.76645,0.7667,4.80,0.60
2007.12.21 10:35:43.634,0.76645,0.7667,4.80,0.70
2007.12.21 10:35:45.782,0.76645,0.76685,4.80,11.20
2007.12.21 10:35:45.986,0.76655,0.7669,4.00,7.20
2007.12.21 10:35:46.191,0.76655,0.7669,4.00,7.20
2007.12.21 10:35:46.354,0.76655,0.7669,4.00,7.20
2007.12.21 10:35:46.634,0.76655,0.7668,4.00,0.80
2007.12.21 10:35:46.864,0.76655,0.7669,4.00,7.20
2007.12.21 10:35:47.580,0.76655,0.7668,4.00,0.60
2007.12.21 10:35:48.106,0.76655,0.7669,4.00,11.20
2007.12.21 10:35:51.735,0.76655,0.7669,4.00,9.60
2007.12.21 10:35:51.878,0.76655,0.76695,6.40,20.00
2007.12.21 10:35:52.022,0.76665,0.76695,1.60,9.60
2007.12.21 10:35:52.165,0.76665,0.7669,1.60,0.70
2007.12.21 10:35:52.309,0.76665,0.7669,1.60,0.60
2007.12.21 10:35:52.467,0.76655,0.76695,4.00,12.80
2007.12.21 10:35:52.654,0.76655,0.7668,4.00,0.70
2007.12.21 10:35:52.812,0.76655,0.76695,3.20,12.00
2007.12.21 10:35:52.971,0.76655,0.76695,3.20,12.00
2007.12.21 10:35:53.180,0.76655,0.76695,3.20,12.00
2007.12.21 10:35:53.374,0.76655,0.7669,3.20,8.00
2007.12.21 10:35:53.802,0.76655,0.7669,3.20,8.00
2007.12.21 10:35:53.981,0.76655,0.7668,3.20,0.70
2007.12.21 10:35:54.159,0.76655,0.767,3.20,9.60
2007.12.21 10:36:02.621,0.76655,0.767,3.20,13.60
2007.12.21 10:36:02.817,0.76655,0.76695,2.40,9.60
2007.12.21 10:36:02.976,0.76645,0.76695,16.00,12.80
2007.12.21 10:36:03.150,0.76645,0.76695,16.00,13.60
2007.12.21 10:36:05.101,0.76645,0.76695,16.00,13.60
2007.12.21 10:36:05.420,0.76645,0.7668,16.00,0.80
2007.12.21 10:36:06.131,0.76645,0.76695,16.00,17.60
2007.12.21 10:36:07.310,0.76645,0.7668,16.00,0.90
2007.12.21 10:36:17.299,0.76645,0.76695,16.00,17.60
2007.12.21 10:36:17.453,0.76645,0.7668,9.60,0.60
2007.12.21 10:36:17.607,0.76645,0.7668,8.80,0.80
2007.12.21 10:36:17.781,0.76645,0.76695,6.40,21.60
2007.12.21 10:36:17.933,0.76645,0.76695,6.40,21.60
2007.12.21 10:36:18.655,0.76645,0.7668,0.70,0.50
2007.12.21 10:36:32.838,0.76645,0.7668,1.30,4.00
2007.12.21 10:36:33.113,0.7664,0.7668,4.80,4.00
2007.12.21 10:36:34.140,0.7664,0.7668,4.80,4.00
2007.12.21 10:36:44.107,0.7664,0.7668,4.80,4.00
2007.12.21 10:36:45.638,0.7664,0.7668,4.80,4.00
2007.12.21 10:36:47.375,0.76645,0.76685,2.40,9.60
2007.12.21 10:36:47.623,0.76645,0.7667,2.40,4.00
2007.12.21 10:37:00.747,0.76645,0.7667,1.20,4.00
2007.12.21 10:37:02.438,0.7664,0.7668,4.80,4.00
2007.12.21 10:37:02.583,0.76645,0.7668,0.90,4.00
2007.12.21 10:37:02.727,0.76645,0.7668,1.10,4.00
2007.12.21 10:37:02.871,0.76645,0.7668,1.60,4.00
2007.12.21 10:37:03.874,0.7664,0.7667,4.80,4.00
2007.12.21 10:37:04.146,0.7664,0.7667,4.80,4.00
2007.12.21 10:37:05.016,0.7664,0.7667,4.80,4.00
2007.12.21 10:37:09.623,0.76645,0.7667,0.70,2.40
2007.12.21 10:37:09.791,0.7664,0.7667,4.80,1.60
2007.12.21 10:37:09.960,0.7664,0.7667,4.80,1.60
2007.12.21 10:37:10.239,0.7664,0.7667,4.80,0.80
2007.12.21 10:37:10.408,0.76645,0.7667,1.50,0.80
2007.12.21 10:37:10.677,0.7664,0.7668,4.80,0.80
2007.12.21 10:37:10.945,0.7664,0.7668,4.80,1.60
2007.12.21 10:37:14.885,0.76645,0.7668,0.80,1.60
2007.12.21 10:37:15.023,0.7664,0.76685,4.80,4.00
2007.12.21 10:37:15.162,0.76645,0.76685,0.70,4.00
2007.12.21 10:37:21.957,0.76645,0.76685,2.00,4.00
2007.12.21 10:37:22.161,0.7664,0.7669,9.60,4.00
2007.12.21 10:37:22.432,0.7665,0.7669,0.60,4.00
2007.12.21 10:37:22.635,0.76645,0.7669,9.60,4.00
2007.12.21 10:37:23.676,0.76645,0.7669,2.90,4.00
2007.12.21 10:37:23.890,0.76635,0.7669,32.00,4.00
2007.12.21 10:37:25.483,0.76655,0.7669,1.10,4.00
2007.12.21 10:37:25.721,0.7666,0.767,5.60,5.60
2007.12.21 10:37:25.960,0.7666,0.767,5.60,6.40
2007.12.21 10:37:26.113,0.7666,0.767,5.60,6.40
2007.12.21 10:37:26.687,0.76665,0.767,1.70,6.40
2007.12.21 10:37:31.108,0.76665,0.767,3.20,2.40
2007.12.21 10:37:31.417,0.76665,0.767,3.20,2.40
2007.12.21 10:37:31.930,0.76665,0.767,3.20,2.40
2007.12.21 10:37:32.237,0.76685,0.7672,5.60,4.00
2007.12.21 10:37:32.359,0.76685,0.7672,5.60,4.00
2007.12.21 10:37:32.736,0.76685,0.7672,5.60,4.00
2007.12.21 10:37:32.855,0.76685,0.7672,5.60,2.40
2007.12.21 10:37:33.099,0.76685,0.7672,5.60,2.40
2007.12.21 10:37:33.701,0.76685,0.7672,5.60,3.20
2007.12.21 10:37:34.125,0.76685,0.7672,5.60,3.20
2007.12.21 10:37:35.948,0.76685,0.7672,5.60,3.20
2007.12.21 10:37:36.077,0.76685,0.7672,5.60,3.20
2007.12.21 10:37:36.185,0.76685,0.7672,5.60,3.20
2007.12.21 10:37:36.358,0.76685,0.7672,5.60,3.80
2007.12.21 10:37:36.531,0.76685,0.7672,5.60,4.30
2007.12.21 10:37:36.707,0.76685,0.7672,5.60,3.70
2007.12.21 10:37:36.880,0.76685,0.7672,5.60,3.70
2007.12.21 10:37:37.053,0.76685,0.7672,5.60,3.20
2007.12.21 10:37:37.226,0.76685,0.7672,5.60,3.20
2007.12.21 10:37:40.481,0.76685,0.7672,5.60,3.20
2007.12.21 10:37:40.580,0.76675,0.76715,14.20,2.90
2007.12.21 10:37:40.678,0.76675,0.7671,10.20,3.20
2007.12.21 10:37:40.777,0.7667,0.7671,4.00,3.20
2007.12.21 10:37:40.922,0.7667,0.7671,4.00,3.20
2007.12.21 10:37:41.041,0.7667,0.7671,4.00,3.20
2007.12.21 10:37:41.389,0.7667,0.7671,4.00,3.20
2007.12.21 10:37:41.722,0.7667,0.7671,4.00,3.20
2007.12.21 10:37:41.829,0.7667,0.76715,4.00,6.70
2007.12.21 10:37:42.057,0.7667,0.76715,4.00,7.50
2007.12.21 10:37:49.136,0.76665,0.76715,13.60,7.50
2007.12.21 10:37:55.130,0.76665,0.76715,13.60,7.50
2007.12.21 10:37:59.100,0.76665,0.7671,13.60,0.80
2007.12.21 10:38:01.062,0.76675,0.7671,4.80,0.80
2007.12.21 10:38:01.185,0.76675,0.7671,7.20,0.80
2007.12.21 10:38:01.361,0.76675,0.7671,7.20,0.60
2007.12.21 10:38:02.394,0.76675,0.76715,7.20,4.60
2007.12.21 10:38:03.880,0.76675,0.76715,7.20,4.60
2007.12.21 10:38:04.203,0.76675,0.7671,7.20,0.90
2007.12.21 10:38:05.424,0.76675,0.76715,7.20,4.60
2007.12.21 10:38:06.534,0.76675,0.7671,7.20,0.60
2007.12.21 10:38:06.672,0.7667,0.76715,4.00,6.90
2007.12.21 10:38:06.865,0.7667,0.76715,4.00,6.90
2007.12.21 10:38:07.003,0.7667,0.76715,4.00,6.90
2007.12.21 10:38:07.189,0.7667,0.76715,4.00,6.90
2007.12.21 10:38:12.066,0.76675,0.7671,3.20,4.00
2007.12.21 10:38:12.320,0.76675,0.7671,5.60,4.00
2007.12.21 10:38:12.543,0.76675,0.7671,5.60,4.00
2007.12.21 10:38:13.087,0.76675,0.7671,5.60,4.00
2007.12.21 10:38:13.518,0.76675,0.7671,5.60,4.00
2007.12.21 10:38:13.652,0.76675,0.7671,5.60,4.00
2007.12.21 10:38:13.794,0.76675,0.7671,5.60,4.00
2007.12.21 10:38:15.484,0.76675,0.7671,2.40,4.00
2007.12.21 10:38:15.621,0.76675,0.7671,2.40,4.00
2007.12.21 10:38:15.760,0.76675,0.7671,2.40,4.00
2007.12.21 10:38:15.897,0.76675,0.7671,2.40,4.00
2007.12.21 10:38:17.216,0.76675,0.7671,2.40,4.00
2007.12.21 10:38:17.419,0.76675,0.7671,2.40,4.00
2007.12.21 10:38:17.592,0.76675,0.7671,5.60,4.00
2007.12.21 10:38:17.716,0.76675,0.7671,5.60,4.00
2007.12.21 10:38:17.841,0.76675,0.7671,5.60,4.00
2007.12.21 10:38:17.907,0.76675,0.7672,5.60,5.10
2007.12.21 10:38:22.568,0.76675,0.7671,2.40,0.90
2007.12.21 10:38:44.074,0.76675,0.7671,2.40,0.50
2007.12.21 10:38:44.254,0.7667,0.7671,2.40,0.60
2007.12.21 10:38:44.482,0.76665,0.7671,13.60,0.70
2007.12.21 10:38:46.343,0.76665,0.7671,13.60,4.00
2007.12.21 10:38:47.380,0.76665,0.7671,13.60,4.00
2007.12.21 10:38:48.086,0.76665,0.7671,13.60,4.00
2007.12.21 10:38:49.115,0.76665,0.7671,13.60,4.00
2007.12.21 10:38:49.643,0.76665,0.7671,13.60,4.00
2007.12.21 10:38:53.985,0.7666,0.7671,19.20,4.00
2007.12.21 10:38:56.055,0.76665,0.7671,13.60,4.00
2007.12.21 10:39:07.566,0.76665,0.7671,13.60,4.00
2007.12.21 10:39:08.598,0.76665,0.7671,13.60,4.00
2007.12.21 10:39:09.105,0.76665,0.7671,13.60,4.00
2007.12.21 10:39:14.307,0.76665,0.7672,2.40,4.50
2007.12.21 10:39:15.335,0.76665,0.76715,2.40,4.00
2007.12.21 10:39:17.835,0.76665,0.76715,2.40,4.00
2007.12.21 10:39:18.200,0.76665,0.76715,9.60,7.20
2007.12.21 10:39:18.353,0.76665,0.767,8.00,4.00
2007.12.21 10:39:18.541,0.76665,0.767,5.60,4.00
2007.12.21 10:39:18.728,0.76665,0.767,5.60,4.00
2007.12.21 10:39:21.209,0.76665,0.767,5.60,4.00
2007.12.21 10:39:21.357,0.76675,0.7671,3.20,4.00
2007.12.21 10:39:21.537,0.76675,0.7671,3.20,4.00
2007.12.21 10:39:21.845,0.76675,0.7671,3.20,4.00
2007.12.21 10:39:22.756,0.76675,0.7671,3.20,4.00
2007.12.21 10:39:23.025,0.76675,0.7671,3.20,4.00
2007.12.21 10:39:24.050,0.76675,0.76705,3.20,4.00
2007.12.21 10:39:28.136,0.76665,0.76705,12.80,4.00
2007.12.21 10:39:28.299,0.76665,0.767,5.60,4.00
2007.12.21 10:39:28.462,0.76665,0.767,5.60,4.00
2007.12.21 10:39:28.606,0.76665,0.767,5.60,4.00
2007.12.21 10:39:29.344,0.76665,0.767,5.60,4.00
2007.12.21 10:39:34.402,0.76665,0.767,5.60,4.00
2007.12.21 10:39:35.156,0.76665,0.767,5.60,8.00
2007.12.21 10:39:45.089,0.76665,0.767,0.80,8.00
2007.12.21 10:40:05.741,0.7666,0.7671,20.00,12.60
2007.12.21 10:40:05.909,0.7666,0.767,8.00,4.00
2007.12.21 10:40:13.926,0.76665,0.767,5.60,4.00
2007.12.21 10:40:14.259,0.76665,0.767,5.60,4.00
2007.12.21 10:40:21.887,0.76665,0.767,5.60,4.00
2007.12.21 10:40:27.897,0.76665,0.767,5.60,4.00
2007.12.21 10:40:28.357,0.76665,0.767,5.60,4.00
2007.12.21 10:40:28.686,0.76665,0.767,5.60,4.00
2007.12.21 10:40:29.132,0.76665,0.767,5.60,4.00
2007.12.21 10:40:32.058,0.76665,0.767,5.60,4.00
2007.12.21 10:40:32.832,0.76665,0.767,2.40,4.00
2007.12.21 10:40:33.091,0.76655,0.767,12.80,8.00
2007.12.21 10:40:33.189,0.76655,0.76705,12.80,15.50
2007.12.21 10:40:34.101,0.76655,0.767,12.80,8.00
2007.12.21 10:40:35.037,0.76655,0.767,12.80,4.00
2007.12.21 10:40:35.318,0.76655,0.767,12.80,4.00
2007.12.21 10:40:35.546,0.76665,0.767,5.60,4.00
2007.12.21 10:40:35.774,0.76665,0.767,5.60,4.00
2007.12.21 10:40:39.057,0.76665,0.767,5.60,4.00
2007.12.21 10:40:39.326,0.76665,0.767,5.60,4.00
2007.12.21 10:40:39.514,0.7666,0.767,2.40,4.60
2007.12.21 10:40:39.712,0.76655,0.767,16.80,5.10
2007.12.21 10:40:44.857,0.76665,0.767,5.60,5.10
2007.12.21 10:40:45.045,0.76665,0.767,5.60,4.50
2007.12.21 10:40:45.213,0.76665,0.767,5.60,4.00
2007.12.21 10:40:55.229,0.7666,0.767,8.00,4.00
2007.12.21 10:40:55.543,0.76665,0.767,1.30,4.00
2007.12.21 10:41:00.814,0.7666,0.767,8.00,4.00
2007.12.21 10:41:00.957,0.76655,0.767,16.80,4.60
2007.12.21 10:41:01.100,0.7666,0.767,1.20,5.10
2007.12.21 10:41:01.337,0.7665,0.767,22.40,5.10
2007.12.21 10:41:04.899,0.76655,0.767,22.40,5.10
2007.12.21 10:41:05.053,0.76665,0.767,0.70,4.60
2007.12.21 10:41:05.206,0.76665,0.767,1.00,4.00
2007.12.21 10:41:10.884,0.76665,0.767,1.60,4.00
2007.12.21 10:41:10.977,0.7666,0.767,4.80,4.00
2007.12.21 10:41:11.071,0.7665,0.767,22.40,5.10
2007.12.21 10:41:11.347,0.7665,0.767,22.40,5.10
2007.12.21 10:41:13.200,0.7665,0.767,22.40,5.10
2007.12.21 10:41:13.364,0.76655,0.767,7.60,5.10
2007.12.21 10:41:13.498,0.7665,0.767,22.40,5.10
2007.12.21 10:41:16.927,0.76655,0.767,5.80,5.10
2007.12.21 10:41:17.111,0.7666,0.767,8.00,4.00
2007.12.21 10:41:17.368,0.7666,0.767,8.00,4.00
2007.12.21 10:41:17.782,0.7666,0.767,8.00,4.00
2007.12.21 10:41:19.370,0.76665,0.767,3.20,4.00
2007.12.21 10:41:19.584,0.7666,0.767,8.00,4.00
2007.12.21 10:41:20.318,0.7666,0.767,8.00,4.00
2007.12.21 10:41:21.049,0.7666,0.767,8.00,4.00
2007.12.21 10:41:23.872,0.76665,0.767,5.60,4.00
2007.12.21 10:42:00.995,0.7665,0.767,5.60,4.00
2007.12.21 10:42:01.245,0.76655,0.767,16.80,5.10
2007.12.21 10:42:01.403,0.76655,0.767,16.80,5.10
2007.12.21 10:42:02.046,0.76655,0.767,16.80,9.10
2007.12.21 10:42:13.380,0.76655,0.767,16.80,9.10
2007.12.21 10:42:13.523,0.76655,0.767,16.80,9.10
2007.12.21 10:42:13.700,0.76655,0.767,16.80,9.10
2007.12.21 10:42:14.284,0.76655,0.767,16.80,9.10
2007.12.21 10:42:14.597,0.76655,0.767,16.80,9.10
2007.12.21 10:42:16.922,0.76655,0.767,16.80,8.50
2007.12.21 10:42:17.150,0.76655,0.767,16.80,9.10
2007.12.21 10:42:27.050,0.76655,0.767,16.80,9.10
2007.12.21 10:42:28.426,0.76655,0.76705,16.80,12.10
2007.12.21 10:42:52.094,0.76655,0.767,2.40,0.70
2007.12.21 10:43:01.045,0.76655,0.767,12.80,4.50
2007.12.21 10:43:01.205,0.76655,0.767,12.80,4.00
2007.12.21 10:43:01.529,0.76655,0.767,12.80,4.50
2007.12.21 10:43:09.626,0.76655,0.767,12.80,4.50
2007.12.21 10:43:13.566,0.76655,0.767,12.80,4.50
2007.12.21 10:43:13.883,0.76655,0.767,12.80,4.50
2007.12.21 10:43:15.321,0.76655,0.767,12.80,4.50
2007.12.21 10:43:17.173,0.76655,0.767,12.80,8.50
2007.12.21 10:43:17.375,0.76655,0.767,12.80,9.10
2007.12.21 10:43:28.557,0.76655,0.76705,12.80,12.10
2007.12.21 10:43:32.167,0.76655,0.76705,9.60,17.70
2007.12.21 10:43:32.300,0.76655,0.767,3.20,0.90
2007.12.21 10:43:32.434,0.76645,0.767,10.40,0.90
2007.12.21 10:43:32.586,0.76645,0.76705,9.60,21.30
2007.12.21 10:43:32.814,0.76645,0.767,9.60,0.70
2007.12.21 10:43:37.654,0.76645,0.767,9.60,0.70
2007.12.21 10:43:37.863,0.76655,0.767,2.40,0.50
2007.12.21 10:43:38.093,0.76655,0.767,2.40,0.60
2007.12.21 10:43:38.302,0.76655,0.767,2.40,0.70
2007.12.21 10:43:38.816,0.76655,0.76695,2.40,0.50
2007.12.21 10:43:43.528,0.76655,0.767,2.40,8.00
2007.12.21 10:43:54.706,0.7665,0.767,2.40,8.00
2007.12.21 10:43:54.827,0.76645,0.767,9.60,0.70
2007.12.21 10:43:55.099,0.76645,0.76705,9.60,20.80
2007.12.21 10:43:55.827,0.76645,0.767,9.60,8.00
2007.12.21 10:44:24.283,0.76645,0.767,9.60,8.00
2007.12.21 10:44:24.502,0.76655,0.767,2.40,8.00
2007.12.21 10:44:24.719,0.76655,0.76695,2.40,4.00
2007.12.21 10:44:24.937,0.76655,0.76695,2.40,4.00
2007.12.21 10:44:25.527,0.76655,0.76695,2.40,4.00
2007.12.21 10:44:33.772,0.76655,0.7669,2.40,4.00
2007.12.21 10:44:34.006,0.7665,0.7669,2.40,4.00
2007.12.21 10:44:34.240,0.76645,0.7669,14.40,4.00
2007.12.21 10:44:37.324,0.76645,0.7669,14.40,4.00
2007.12.21 10:44:37.517,0.76645,0.7669,14.40,4.00
2007.12.21 10:44:38.542,0.76645,0.7669,14.40,8.00
2007.12.21 10:44:38.783,0.76645,0.7669,9.60,8.00
2007.12.21 10:44:38.967,0.76645,0.7669,4.80,8.00
2007.12.21 10:44:39.150,0.76645,0.7669,2.40,8.00
2007.12.21 10:44:39.790,0.76645,0.7669,2.40,8.00
2007.12.21 10:44:50.865,0.76645,0.7669,2.40,8.00
2007.12.21 10:44:51.114,0.76645,0.7669,2.40,8.00
2007.12.21 10:44:56.748,0.7664,0.7669,4.80,8.00
2007.12.21 10:45:00.830,0.76645,0.7669,2.40,8.00
2007.12.21 10:45:00.958,0.76645,0.7669,3.20,8.00
2007.12.21 10:45:01.088,0.76645,0.7669,14.40,8.00
2007.12.21 10:45:01.353,0.76645,0.7669,14.40,8.00
2007.12.21 10:45:01.506,0.76645,0.7669,14.40,8.00
2007.12.21 10:45:01.958,0.76645,0.7669,14.40,8.00
2007.12.21 10:45:02.112,0.76645,0.7669,14.40,8.00
2007.12.21 10:45:02.269,0.76645,0.7669,14.40,8.00
2007.12.21 10:45:11.862,0.76645,0.76685,10.40,0.60
2007.12.21 10:45:12.121,0.76645,0.7668,3.20,5.10
2007.12.21 10:45:13.094,0.76645,0.7668,3.20,5.10
2007.12.21 10:45:13.282,0.76645,0.7668,3.20,5.10
2007.12.21 10:45:13.471,0.76645,0.7668,3.20,5.10
2007.12.21 10:45:13.730,0.76645,0.7668,3.20,5.10
2007.12.21 10:45:14.331,0.76645,0.7668,3.20,5.10
2007.12.21 10:45:17.780,0.76645,0.76685,3.20,9.70
2007.12.21 10:45:29.101,0.76645,0.7668,3.20,5.10
2007.12.21 10:45:35.898,0.76645,0.7668,3.20,5.10
2007.12.21 10:45:36.871,0.76645,0.7668,2.40,5.10
2007.12.21 10:45:37.200,0.76645,0.7668,2.40,5.10
2007.12.21 10:45:37.360,0.76645,0.7668,2.40,5.10
2007.12.21 10:45:38.049,0.76645,0.7668,2.40,5.10
2007.12.21 10:45:39.807,0.76645,0.7668,2.40,5.10
2007.12.21 10:45:43.324,0.76645,0.7668,2.40,5.10
2007.12.21 10:45:52.876,0.76645,0.7668,2.40,5.10
2007.12.21 10:45:53.099,0.76635,0.7665,4.00,4.60
2007.12.21 10:45:53.334,0.76625,0.7664,4.00,4.00
2007.12.21 10:45:53.557,0.76625,0.7664,4.00,4.00
2007.12.21 10:45:53.791,0.76615,0.7664,7.20,4.00
2007.12.21 10:45:54.232,0.76615,0.7664,7.20,4.00
2007.12.21 10:45:54.466,0.76615,0.7664,7.20,4.00
2007.12.21 10:45:55.964,0.7661,0.7664,5.60,4.00
2007.12.21 10:45:56.166,0.76605,0.7664,4.00,4.00
2007.12.21 10:45:56.371,0.76605,0.7664,4.00,4.00
2007.12.21 10:45:56.574,0.76585,0.7664,2.40,4.00
2007.12.21 10:45:56.778,0.76585,0.7664,2.40,4.00
2007.12.21 10:45:57.024,0.76585,0.7664,2.40,8.00
2007.12.21 10:45:57.336,0.76585,0.7664,2.40,8.00
2007.12.21 10:45:58.450,0.76605,0.7664,0.80,8.00
2007.12.21 10:45:58.703,0.76605,0.7664,8.00,4.00
2007.12.21 10:45:58.981,0.76605,0.7664,8.00,4.00
2007.12.21 10:45:59.469,0.76605,0.7664,8.00,4.00
2007.12.21 10:45:59.746,0.76605,0.7664,8.00,4.00
2007.12.21 10:46:00.086,0.76605,0.7664,8.00,4.00
2007.12.21 10:46:00.403,0.76615,0.7664,4.00,4.00
2007.12.21 10:46:02.917,0.76615,0.7664,4.00,4.00
2007.12.21 10:46:03.122,0.76605,0.7663,4.00,4.00
2007.12.21 10:46:03.324,0.76595,0.7663,12.80,4.00
2007.12.21 10:46:03.528,0.7658,0.7663,4.00,4.00
2007.12.21 10:46:03.744,0.7658,0.7663,4.00,4.00
2007.12.21 10:46:03.935,0.7658,0.7663,4.00,4.00
2007.12.21 10:46:04.280,0.7658,0.7663,4.00,4.00
2007.12.21 10:46:05.401,0.7658,0.7661,4.00,4.00
2007.12.21 10:46:05.549,0.7658,0.7661,4.00,4.00
2007.12.21 10:46:05.698,0.7658,0.7661,1.60,4.00
2007.12.21 10:46:05.846,0.7658,0.7661,1.60,4.00
2007.12.21 10:46:06.453,0.7658,0.7661,1.60,4.00
2007.12.21 10:46:06.705,0.7658,0.7661,1.60,4.00
2007.12.21 10:46:07.811,0.7658,0.7661,1.60,4.00
2007.12.21 10:46:08.895,0.7658,0.7662,1.60,8.00
2007.12.21 10:46:09.051,0.7658,0.7661,1.60,4.00
2007.12.21 10:46:11.552,0.7658,0.7661,1.60,4.00
2007.12.21 10:46:12.557,0.7658,0.7661,1.60,4.00
2007.12.21 10:46:13.931,0.76585,0.7661,0.80,4.00
2007.12.21 10:46:14.115,0.76585,0.7661,7.20,4.00
2007.12.21 10:46:14.321,0.76585,0.7661,7.20,4.00
2007.12.21 10:46:14.564,0.76585,0.7661,7.20,4.00
2007.12.21 10:46:15.028,0.76585,0.7661,7.20,4.00
2007.12.21 10:46:15.196,0.76585,0.7661,7.20,4.00
2007.12.21 10:46:15.363,0.76585,0.7661,7.20,4.00
2007.12.21 10:46:15.533,0.76585,0.7661,7.20,4.00
2007.12.21 10:46:18.964,0.76585,0.7659,7.20,4.00
2007.12.21 10:46:19.201,0.7658,0.7659,2.40,4.00
2007.12.21 10:46:19.310,0.76575,0.7659,4.00,4.00
2007.12.21 10:46:19.418,0.76565,0.7659,7.20,4.00
2007.12.21 10:46:19.996,0.76565,0.7659,7.20,4.00
2007.12.21 10:46:20.104,0.76565,0.7659,7.20,4.00
2007.12.21 10:46:20.311,0.76565,0.7659,7.20,4.00
2007.12.21 10:46:20.918,0.76565,0.7659,7.20,4.00
2007.12.21 10:46:21.127,0.76555,0.7659,13.60,4.00
2007.12.21 10:46:21.335,0.76555,0.7659,8.80,4.00
2007.12.21 10:46:21.484,0.76555,0.7659,4.80,4.00
2007.12.21 10:46:21.613,0.76555,0.7659,4.80,4.00
2007.12.21 10:46:22.353,0.76555,0.7659,4.80,4.00
2007.12.21 10:46:23.587,0.76555,0.7659,4.80,4.00
2007.12.21 10:46:24.009,0.76555,0.7659,4.80,4.00
2007.12.21 10:46:27.507,0.76555,0.7659,2.40,4.00
2007.12.21 10:46:27.647,0.76545,0.7658,12.00,4.00
2007.12.21 10:46:27.785,0.76545,0.7658,12.00,4.00
2007.12.21 10:46:28.291,0.76545,0.7658,12.00,4.00
2007.12.21 10:46:28.516,0.76545,0.7658,12.00,4.00
2007.12.21 10:46:28.840,0.76545,0.7658,12.00,4.00
2007.12.21 10:46:29.164,0.76545,0.7657,8.80,4.00
2007.12.21 10:46:29.488,0.76545,0.7657,8.80,4.00
2007.12.21 10:46:29.811,0.76545,0.7657,8.80,4.00
2007.12.21 10:46:30.284,0.76545,0.7657,8.80,4.00
2007.12.21 10:46:31.020,0.76545,0.7658,8.80,4.00
2007.12.21 10:46:31.210,0.76555,0.7658,0.80,4.00
2007.12.21 10:46:31.399,0.76555,0.7658,0.80,4.00
2007.12.21 10:46:31.587,0.76555,0.7658,0.80,4.00
2007.12.21 10:46:32.339,0.76555,0.7658,0.80,4.00
2007.12.21 10:46:33.499,0.76555,0.7658,0.80,4.00
2007.12.21 10:46:33.693,0.76545,0.7657,4.80,4.00
2007.12.21 10:46:33.896,0.76545,0.7657,4.80,4.00
2007.12.21 10:46:34.812,0.76545,0.7657,4.80,4.00
2007.12.21 10:46:37.520,0.76545,0.7657,4.80,4.00
2007.12.21 10:46:38.516,0.76545,0.7657,4.00,4.00
2007.12.21 10:46:38.780,0.76545,0.7657,4.00,4.00
2007.12.21 10:46:45.456,0.76545,0.7657,4.00,4.00
2007.12.21 10:46:45.629,0.76545,0.7658,4.00,4.00
2007.12.21 10:46:52.084,0.7654,0.76575,2.40,5.60
2007.12.21 10:46:52.243,0.7654,0.7657,2.40,4.00
2007.12.21 10:46:52.401,0.76535,0.7657,4.80,4.00
2007.12.21 10:46:52.684,0.76535,0.7658,14.40,4.00
2007.12.21 10:46:52.979,0.76535,0.7658,10.40,4.00
2007.12.21 10:46:53.362,0.76535,0.76575,10.40,4.00
2007.12.21 10:46:53.784,0.76535,0.76575,10.40,4.00
2007.12.21 10:46:55.362,0.76535,0.7658,10.40,8.00
2007.12.21 10:46:55.565,0.76535,0.7658,11.20,8.00
2007.12.21 10:46:55.767,0.76535,0.7658,11.20,8.00
2007.12.21 10:46:56.808,0.76535,0.7658,11.20,8.00
2007.12.21 10:46:58.538,0.76535,0.7658,8.80,8.00
2007.12.21 10:46:58.698,0.76535,0.7657,4.00,4.00
2007.12.21 10:46:58.856,0.76535,0.7657,4.00,4.00
2007.12.21 10:46:59.070,0.76535,0.7657,4.00,4.00
2007.12.21 10:46:59.666,0.76535,0.7657,4.00,4.00
2007.12.21 10:47:03.116,0.76535,0.7657,2.40,4.00
2007.12.21 10:47:03.244,0.76535,0.7657,2.40,4.00
2007.12.21 10:47:03.372,0.76535,0.7657,2.40,4.00
2007.12.21 10:47:03.625,0.76525,0.7657,2.40,4.00
2007.12.21 10:47:04.239,0.76525,0.7657,2.40,8.00
2007.12.21 10:47:07.027,0.7652,0.7657,4.80,8.00
2007.12.21 10:47:07.576,0.7652,0.7657,4.80,8.00
2007.12.21 10:47:22.498,0.76525,0.7657,1.30,8.00
2007.12.21 10:47:22.740,0.7652,0.7657,4.80,8.00
2007.12.21 10:47:23.567,0.7652,0.7657,10.40,8.00
2007.12.21 10:47:23.846,0.76525,0.7657,15.10,4.00
2007.12.21 10:47:24.124,0.76525,0.7657,15.10,4.00
2007.12.21 10:47:24.342,0.76525,0.7657,15.10,4.00
2007.12.21 10:47:24.560,0.7653,0.7657,6.40,4.00
2007.12.21 10:47:24.782,0.7653,0.7657,6.40,4.00
2007.12.21 10:47:25.885,0.76535,0.7657,1.40,4.00
2007.12.21 10:47:26.150,0.7653,0.7657,6.40,4.00
2007.12.21 10:47:26.561,0.76535,0.7657,1.70,4.00
2007.12.21 10:47:26.837,0.76535,0.7657,1.50,4.00
2007.12.21 10:47:32.081,0.7653,0.7657,5.60,4.00
2007.12.21 10:47:32.286,0.7653,0.7657,1.60,4.00
2007.12.21 10:47:32.500,0.7652,0.7657,8.80,4.00
2007.12.21 10:47:32.637,0.7652,0.7657,4.80,4.00
2007.12.21 10:47:32.843,0.7652,0.7657,4.80,4.00
2007.12.21 10:47:33.363,0.76525,0.7657,1.30,8.00
2007.12.21 10:47:35.581,0.76525,0.7657,1.10,9.60
2007.12.21 10:47:35.750,0.7652,0.7657,1.50,9.60
2007.12.21 10:47:35.918,0.76495,0.7657,27.20,12.00
2007.12.21 10:47:36.087,0.76495,0.7657,19.20,12.00
2007.12.21 10:47:36.256,0.76505,0.7657,2.40,12.00
2007.12.21 10:47:36.769,0.76505,0.76565,2.40,4.00
2007.12.21 10:47:37.644,0.7652,0.76565,4.00,4.00
2007.12.21 10:47:37.851,0.76535,0.7657,4.80,4.00
2007.12.21 10:47:38.070,0.76535,0.7657,4.80,4.00
2007.12.21 10:47:38.288,0.7653,0.7657,2.40,4.00
2007.12.21 10:47:38.506,0.76515,0.7657,5.60,4.00
2007.12.21 10:47:38.740,0.76515,0.7657,2.40,5.60
2007.12.21 10:47:38.973,0.76505,0.7657,10.40,8.00
2007.12.21 10:47:39.208,0.76505,0.7657,2.40,8.00
2007.12.21 10:47:39.442,0.76505,0.7657,2.40,12.00
2007.12.21 10:47:39.669,0.76515,0.7657,6.40,10.40
2007.12.21 10:47:39.898,0.76525,0.7657,2.40,8.00
2007.12.21 10:47:40.125,0.76525,0.7657,2.40,8.00
2007.12.21 10:47:40.353,0.76525,0.7657,2.40,8.00
2007.12.21 10:47:40.581,0.76525,0.7657,2.40,8.00
2007.12.21 10:47:40.844,0.76525,0.7657,2.40,8.00
2007.12.21 10:47:43.081,0.76525,0.7657,2.40,8.00
2007.12.21 10:47:43.219,0.76525,0.7657,4.80,8.00
2007.12.21 10:47:43.357,0.76525,0.7657,12.00,4.00
2007.12.21 10:47:43.524,0.76525,0.7657,12.00,4.00
2007.12.21 10:47:43.689,0.76525,0.7657,12.00,4.00
2007.12.21 10:47:43.907,0.76525,0.7657,12.00,4.00
2007.12.21 10:47:44.345,0.76525,0.7657,12.00,4.00
2007.12.21 10:47:44.591,0.76525,0.76565,8.00,0.80
2007.12.21 10:47:44.810,0.76525,0.7656,4.80,4.00
2007.12.21 10:47:45.242,0.76525,0.7656,4.80,4.00
2007.12.21 10:47:45.798,0.76525,0.7656,4.80,4.00
2007.12.21 10:47:47.115,0.76525,0.7656,4.80,4.00
2007.12.21 10:47:47.419,0.76535,0.7656,4.00,4.00
2007.12.21 10:47:47.724,0.76535,0.7657,4.00,4.00
2007.12.21 10:47:48.063,0.76535,0.7657,4.00,4.00
2007.12.21 10:47:48.301,0.76535,0.7657,4.00,4.00
2007.12.21 10:47:51.514,0.76535,0.7657,4.00,4.00
2007.12.21 10:48:02.583,0.76535,0.7657,4.00,4.00
2007.12.21 10:48:04.631,0.76535,0.7657,3.20,4.00
2007.12.21 10:48:04.845,0.76535,0.7657,3.20,4.00
2007.12.21 10:48:05.053,0.76535,0.7657,3.20,4.00
2007.12.21 10:48:08.160,0.76535,0.7657,3.20,0.90
2007.12.21 10:48:21.211,0.76535,0.7658,3.20,8.00
2007.12.21 10:48:21.355,0.76545,0.76585,2.40,13.60
2007.12.21 10:48:21.546,0.76545,0.76585,2.40,13.60
2007.12.21 10:48:21.833,0.76545,0.76585,2.40,13.60
2007.12.21 10:48:22.270,0.76545,0.7658,2.40,0.90
2007.12.21 10:48:25.249,0.76545,0.76585,2.40,9.60
2007.12.21 10:48:25.458,0.76545,0.7659,4.80,8.00
2007.12.21 10:48:25.666,0.76545,0.7659,4.80,8.00
2007.12.21 10:48:26.291,0.76545,0.7658,4.80,0.80
2007.12.21 10:48:31.704,0.76545,0.76585,2.40,5.60
2007.12.21 10:48:31.898,0.76535,0.7657,10.40,0.60
2007.12.21 10:48:32.086,0.76535,0.76585,6.40,22.40
2007.12.21 10:48:32.278,0.76535,0.76585,2.40,15.20
2007.12.21 10:48:32.465,0.76535,0.76585,2.40,11.20
2007.12.21 10:48:32.653,0.76535,0.76585,2.40,11.20
2007.12.21 10:48:32.841,0.76535,0.76585,2.40,15.20
2007.12.21 10:48:33.546,0.76535,0.76585,2.40,15.20
2007.12.21 10:48:39.030,0.76535,0.7658,2.40,8.00
2007.12.21 10:49:01.777,0.76535,0.7658,4.80,8.00
2007.12.21 10:49:01.980,0.76535,0.7658,9.60,4.00
2007.12.21 10:49:02.184,0.76535,0.7659,9.60,8.00
2007.12.21 10:49:02.510,0.76535,0.7659,9.60,8.00
2007.12.21 10:49:06.755,0.76535,0.7659,9.60,8.00
2007.12.21 10:49:07.070,0.76545,0.7659,2.40,8.00
2007.12.21 10:49:07.459,0.76545,0.7659,2.40,8.00
2007.12.21 10:49:07.999,0.76545,0.7659,2.40,8.00
2007.12.21 10:49:14.309,0.76545,0.7659,1.10,8.00
2007.12.21 10:49:16.834,0.76545,0.7659,1.00,8.00
2007.12.21 10:49:21.319,0.7654,0.7659,4.80,8.00
2007.12.21 10:49:21.437,0.7654,0.7659,4.80,8.00
2007.12.21 10:49:21.576,0.76535,0.7659,16.80,8.00
2007.12.21 10:49:21.773,0.76535,0.7659,16.80,8.00
2007.12.21 10:49:21.921,0.76525,0.7659,44.70,8.00
2007.12.21 10:49:22.244,0.76525,0.7658,44.70,4.00
2007.12.21 10:49:22.437,0.76535,0.7658,0.70,4.00
2007.12.21 10:49:22.573,0.76525,0.7658,26.40,4.00
2007.12.21 10:49:23.540,0.76535,0.7658,1.50,4.00
2007.12.21 10:49:28.126,0.7653,0.7658,4.80,4.00
2007.12.21 10:49:28.744,0.7653,0.7658,4.80,4.00
2007.12.21 10:49:29.063,0.7653,0.7658,4.80,8.00
2007.12.21 10:49:29.777,0.76535,0.76575,1.50,4.00
2007.12.21 10:49:30.499,0.76525,0.76575,26.40,4.00
2007.12.21 10:49:39.360,0.76525,0.7658,31.20,8.00
2007.12.21 10:49:46.827,0.76535,0.7658,4.80,8.00
2007.12.21 10:49:47.047,0.76545,0.76575,4.00,0.90
2007.12.21 10:49:47.222,0.76545,0.76595,4.00,16.80
2007.12.21 10:49:47.406,0.76545,0.76595,4.00,16.80
2007.12.21 10:49:47.569,0.76545,0.7658,4.00,0.60
2007.12.21 10:49:48.006,0.76545,0.76595,4.00,16.80
2007.12.21 10:49:55.353,0.76545,0.76595,4.00,16.80
2007.12.21 10:49:55.567,0.76545,0.76595,4.00,16.80
2007.12.21 10:50:09.830,0.76545,0.7658,4.00,4.00
2007.12.21 10:50:10.050,0.76545,0.7658,4.00,4.00
2007.12.21 10:50:24.871,0.7654,0.7658,6.40,4.00
2007.12.21 10:50:25.065,0.76545,0.7659,10.40,8.00
2007.12.21 10:50:25.258,0.76545,0.7659,11.20,8.00
2007.12.21 10:50:25.451,0.76545,0.7659,11.20,8.00
2007.12.21 10:50:26.041,0.76545,0.7659,11.20,8.00
2007.12.21 10:50:26.934,0.76545,0.7658,11.20,4.00
2007.12.21 10:50:27.127,0.76545,0.7658,4.00,4.00
2007.12.21 10:50:27.321,0.76545,0.7658,4.00,4.00
2007.12.21 10:50:34.504,0.7654,0.7658,4.00,4.00
2007.12.21 10:50:34.702,0.76535,0.7658,8.80,4.00
2007.12.21 10:50:34.914,0.76535,0.7658,8.80,4.00
2007.12.21 10:50:35.111,0.76535,0.7658,4.80,4.00
2007.12.21 10:50:36.796,0.76535,0.7658,4.80,4.00
2007.12.21 10:50:37.482,0.76525,0.7658,17.60,4.00
2007.12.21 10:50:37.531,0.76525,0.7658,17.60,4.00
2007.12.21 10:50:38.434,0.7654,0.76585,0.80,11.20
2007.12.21 10:50:38.693,0.76555,0.7659,0.80,8.00
2007.12.21 10:50:38.952,0.76555,0.7659,0.80,8.00
2007.12.21 10:50:39.210,0.76555,0.7659,0.80,8.00
2007.12.21 10:50:39.475,0.76555,0.7659,0.80,8.00
2007.12.21 10:50:39.797,0.76555,0.7659,0.80,8.00
2007.12.21 10:50:40.924,0.76545,0.76585,9.60,0.80
2007.12.21 10:50:41.187,0.76535,0.7657,11.20,4.00
2007.12.21 10:50:41.450,0.76535,0.7657,6.40,4.00
2007.12.21 10:50:42.299,0.76535,0.7657,6.40,4.00
2007.12.21 10:50:42.960,0.76535,0.7658,6.40,8.00
2007.12.21 10:50:43.209,0.76535,0.7658,8.80,8.00
2007.12.21 10:50:43.457,0.76535,0.7658,8.80,8.00
2007.12.21 10:50:43.690,0.76535,0.7658,8.80,4.00
2007.12.21 10:50:44.286,0.76535,0.7658,8.80,4.00
2007.12.21 10:50:44.523,0.7654,0.7658,2.40,4.00
2007.12.21 10:50:44.761,0.76545,0.7658,3.20,4.00
2007.12.21 10:50:45.000,0.76545,0.7658,3.20,4.00
2007.12.21 10:50:45.238,0.76545,0.7658,3.20,4.00
2007.12.21 10:50:45.723,0.76545,0.7658,3.20,4.00
2007.12.21 10:50:50.814,0.76545,0.7658,3.20,4.00
2007.12.21 10:50:58.534,0.7654,0.7658,4.00,4.00
2007.12.21 10:50:58.672,0.7654,0.7658,1.60,4.00
2007.12.21 10:50:58.810,0.76535,0.7658,12.80,4.00
2007.12.21 10:50:59.077,0.76535,0.7658,8.80,4.00
2007.12.21 10:50:59.316,0.76535,0.7658,8.80,4.00
2007.12.21 10:51:00.034,0.76545,0.7658,2.40,4.00
2007.12.21 10:51:00.367,0.76555,0.7659,3.20,8.00
2007.12.21 10:51:00.700,0.76555,0.7659,3.20,8.00
2007.12.21 10:51:01.059,0.76555,0.7659,3.20,8.00
2007.12.21 10:51:01.279,0.76555,0.7659,3.20,8.00
2007.12.21 10:51:02.500,0.76555,0.7659,3.20,8.00
2007.12.21 10:51:02.763,0.76535,0.7658,13.60,4.00
2007.12.21 10:51:02.896,0.76535,0.7658,12.80,4.00
2007.12.21 10:51:03.030,0.76535,0.7658,8.80,4.00
2007.12.21 10:51:08.545,0.76535,0.7658,8.80,0.80
2007.12.21 10:51:16.525,0.76535,0.76585,8.80,7.20
2007.12.21 10:51:49.128,0.7653,0.7659,1.60,4.00
2007.12.21 10:51:49.332,0.76535,0.7659,9.60,8.00
2007.12.21 10:51:51.537,0.76535,0.7659,9.60,8.00
2007.12.21 10:51:51.660,0.7654,0.7659,1.60,8.00
2007.12.21 10:51:51.955,0.76575,0.76615,2.40,4.00
2007.12.21 10:51:52.260,0.76575,0.76615,2.40,4.00
2007.12.21 10:51:52.542,0.76575,0.76615,2.40,4.00
2007.12.21 10:51:53.297,0.76575,0.76615,2.40,4.00
2007.12.21 10:51:53.826,0.7657,0.76615,2.40,4.00
2007.12.21 10:51:54.957,0.7657,0.76615,2.40,4.00
2007.12.21 10:51:59.071,0.7657,0.76615,2.40,4.00
2007.12.21 10:51:59.292,0.76545,0.76595,2.40,0.80
2007.12.21 10:51:59.498,0.76545,0.76595,2.40,0.80
2007.12.21 10:51:59.707,0.76545,0.76595,2.40,0.80
2007.12.21 10:52:00.301,0.76555,0.76595,2.40,0.80
2007.12.21 10:52:00.517,0.76555,0.76595,2.40,0.80
2007.12.21 10:52:01.279,0.76555,0.76595,2.40,0.80
2007.12.21 10:52:01.576,0.76555,0.76595,2.40,0.80
2007.12.21 10:52:02.813,0.7655,0.76595,2.40,0.80
2007.12.21 10:52:03.856,0.7655,0.76595,2.40,0.80
2007.12.21 10:52:04.144,0.7655,0.7659,2.40,4.00
2007.12.21 10:52:04.337,0.7655,0.7659,2.40,4.00
2007.12.21 10:52:04.602,0.7655,0.7659,2.40,4.00
2007.12.21 10:52:05.113,0.7655,0.7659,2.40,4.00
2007.12.21 10:52:05.845,0.7655,0.7659,2.40,4.00
2007.12.21 10:52:06.093,0.7655,0.7659,2.40,4.00
2007.12.21 10:52:07.267,0.7655,0.7659,2.40,4.00
2007.12.21 10:52:07.595,0.7655,0.7659,2.40,4.00
2007.12.21 10:52:08.299,0.7655,0.7659,2.40,4.00
2007.12.21 10:52:08.848,0.7655,0.7659,2.40,4.00
2007.12.21 10:52:09.053,0.7655,0.7659,2.40,4.00
2007.12.21 10:52:09.228,0.7655,0.76595,2.40,12.80
2007.12.21 10:52:09.414,0.76555,0.76595,2.40,0.80
2007.12.21 10:52:10.303,0.76555,0.76595,2.40,0.80
2007.12.21 10:52:13.282,0.7655,0.76595,2.40,0.80
2007.12.21 10:52:17.547,0.7655,0.76595,2.40,0.80
2007.12.21 10:52:41.715,0.7655,0.76595,2.40,0.80
2007.12.21 10:52:42.033,0.76595,0.76615,1.60,8.80
2007.12.21 10:52:42.351,0.7658,0.76595,2.40,0.80
2007.12.21 10:52:42.589,0.7658,0.76595,2.40,0.80
2007.12.21 10:52:42.828,0.7658,0.7661,2.40,4.00
2007.12.21 10:52:43.066,0.76555,0.7661,2.40,4.00
2007.12.21 10:52:43.305,0.76555,0.7661,2.40,4.00
2007.12.21 10:52:43.578,0.76555,0.7661,2.40,4.00
2007.12.21 10:52:43.852,0.76555,0.7661,2.40,4.00
2007.12.21 10:52:44.252,0.76555,0.7661,2.40,4.00
2007.12.21 10:52:44.501,0.76555,0.7661,2.40,4.00
2007.12.21 10:52:44.748,0.76555,0.7661,2.40,4.00
2007.12.21 10:52:45.304,0.76555,0.7661,2.40,4.00
2007.12.21 10:52:48.315,0.76555,0.7661,2.40,4.00
2007.12.21 10:52:50.716,0.76555,0.7661,2.40,4.00
2007.12.21 10:52:50.874,0.7656,0.76605,2.40,0.80
2007.12.21 10:52:51.092,0.7656,0.76605,2.40,0.80
2007.12.21 10:52:52.128,0.7656,0.76605,2.40,0.80
2007.12.21 10:52:56.280,0.7656,0.76605,2.40,0.80
2007.12.21 10:52:56.579,0.76545,0.76555,16.80,4.80
2007.12.21 10:52:56.757,0.76545,0.76555,0.80,4.80
2007.12.21 10:52:56.935,0.7656,0.766,2.40,0.80
2007.12.21 10:52:57.114,0.7656,0.766,2.40,0.80
2007.12.21 10:52:57.292,0.76535,0.76555,12.80,2.80
2007.12.21 10:52:57.470,0.76555,0.766,2.40,0.80
2007.12.21 10:52:57.638,0.76555,0.766,2.40,0.80
2007.12.21 10:52:57.807,0.76535,0.76555,0.80,3.00
2007.12.21 10:52:57.974,0.76535,0.7655,0.80,0.40
2007.12.21 10:52:58.156,0.7653,0.7655,2.40,0.40
2007.12.21 10:52:58.323,0.7653,0.7655,2.40,0.40
2007.12.21 10:52:58.492,0.7653,0.7655,2.40,0.40
2007.12.21 10:52:59.058,0.7653,0.7655,2.40,0.40
2007.12.21 10:53:02.183,0.76525,0.7655,4.00,0.40
2007.12.21 10:53:02.426,0.76525,0.7655,4.00,0.40
2007.12.21 10:53:02.670,0.76525,0.7655,4.00,0.40
2007.12.21 10:53:03.347,0.76525,0.7655,4.00,0.40
2007.12.21 10:53:07.048,0.76525,0.7655,4.00,0.40
2007.12.21 10:53:18.822,0.7652,0.7655,8.00,0.40
2007.12.21 10:53:52.759,0.7652,0.7655,2.40,0.40
2007.12.21 10:53:53.265,0.7652,0.7655,2.40,0.40
2007.12.21 10:54:15.861,0.76525,0.7655,4.00,0.40
2007.12.21 10:54:16.078,0.76525,0.7655,4.00,0.40
2007.12.21 10:54:16.592,0.76525,0.7655,4.00,0.40
2007.12.21 10:54:17.959,0.7652,0.7655,6.40,0.40
2007.12.21 10:54:26.332,0.76525,0.7655,1.30,0.40
2007.12.21 10:54:31.883,0.76525,0.7655,1.40,0.40
2007.12.21 10:54:32.168,0.76515,0.7655,1.20,0.40
2007.12.21 10:54:32.427,0.76505,0.7655,14.40,0.40
2007.12.21 10:54:32.687,0.765,0.7655,11.20,0.40
2007.12.21 10:54:33.055,0.76505,0.7655,3.30,0.40
2007.12.21 10:54:34.094,0.765,0.7655,11.20,0.40
2007.12.21 10:54:38.855,0.765,0.7655,11.20,0.40
2007.12.21 10:54:45.394,0.76525,0.7655,2.40,0.40
2007.12.21 10:54:45.657,0.76525,0.7655,2.40,0.40
2007.12.21 10:54:45.850,0.76525,0.7655,2.40,0.40
2007.12.21 10:54:46.055,0.76525,0.7655,2.40,0.40
2007.12.21 10:54:46.526,0.76525,0.7655,2.40,0.40
2007.12.21 10:54:50.894,0.76525,0.7655,2.40,0.40
2007.12.21 10:54:51.070,0.76525,0.7655,2.40,0.40
2007.12.21 10:54:51.202,0.76525,0.7655,2.40,0.40
2007.12.21 10:54:52.141,0.76525,0.7655,2.40,0.40
2007.12.21 10:54:53.372,0.76525,0.7655,2.40,0.40
2007.12.21 10:55:25.421,0.7651,0.7656,5.60,4.00
2007.12.21 10:55:25.651,0.76525,0.7655,2.40,5.10
2007.12.21 10:55:25.880,0.76525,0.7655,2.40,5.10
2007.12.21 10:55:26.009,0.76515,0.7655,2.40,5.10
2007.12.21 10:55:27.473,0.76515,0.7655,2.40,5.10
2007.12.21 10:55:27.667,0.76505,0.7655,10.40,5.10
2007.12.21 10:55:27.860,0.76505,0.7655,10.40,5.10
2007.12.21 10:55:28.038,0.76505,0.7655,6.40,5.10
2007.12.21 10:55:28.206,0.76505,0.7655,6.40,4.30
2007.12.21 10:55:28.496,0.76505,0.7655,6.40,0.40
2007.12.21 10:55:28.665,0.76505,0.7655,9.60,0.40
2007.12.21 10:55:28.959,0.76505,0.7655,9.60,0.40
2007.12.21 10:55:29.282,0.76505,0.7655,9.60,0.40
2007.12.21 10:55:29.593,0.76505,0.7655,9.60,0.40
2007.12.21 10:55:45.578,0.76505,0.7655,9.60,0.40
2007.12.21 10:55:45.826,0.76505,0.76555,9.60,1.60
2007.12.21 10:55:46.470,0.76505,0.76555,9.60,1.60
2007.12.21 10:55:47.317,0.76505,0.76555,9.60,1.60
2007.12.21 10:55:53.177,0.76505,0.76555,9.60,0.80
2007.12.21 10:56:01.460,0.76545,0.7656,1.60,4.00
2007.12.21 10:56:01.585,0.76545,0.7656,1.60,3.20
2007.12.21 10:56:01.770,0.76545,0.7656,1.60,3.20
2007.12.21 10:56:02.078,0.76545,0.7656,1.60,3.20
2007.12.21 10:56:02.292,0.76545,0.7656,1.60,3.20
2007.12.21 10:56:02.522,0.76545,0.76565,1.60,12.80
2007.12.21 10:56:02.666,0.76545,0.7657,1.60,2.40
2007.12.21 10:56:02.819,0.76545,0.7658,1.60,3.20
2007.12.21 10:56:03.003,0.76545,0.7658,1.60,3.20
2007.12.21 10:56:03.156,0.76545,0.7658,1.60,3.20
2007.12.21 10:56:03.520,0.76545,0.7658,1.60,3.20
2007.12.21 10:56:03.739,0.76545,0.76595,1.60,4.80
2007.12.21 10:56:03.957,0.76545,0.766,1.60,2.40
2007.12.21 10:56:04.552,0.76545,0.766,1.60,2.40
2007.12.21 10:56:04.745,0.76545,0.766,1.60,2.40
2007.12.21 10:56:04.937,0.76545,0.76605,4.00,4.00
2007.12.21 10:56:05.131,0.76545,0.76605,4.00,4.00
2007.12.21 10:56:05.365,0.76555,0.76605,2.40,4.00
2007.12.21 10:56:05.635,0.7656,0.76605,2.40,4.00
2007.12.21 10:56:06.049,0.7656,0.76605,2.40,4.00
2007.12.21 10:56:06.282,0.7656,0.76605,2.40,4.00
2007.12.21 10:56:06.505,0.7657,0.76605,2.40,4.00
2007.12.21 10:56:06.769,0.7657,0.76605,2.40,4.00
2007.12.21 10:56:07.288,0.7657,0.76605,2.40,4.00
2007.12.21 10:56:22.566,0.7657,0.76605,2.40,4.00
2007.12.21 10:56:22.794,0.76585,0.76605,2.40,4.00
2007.12.21 10:56:22.921,0.76585,0.76605,2.40,4.00
2007.12.21 10:56:23.096,0.76585,0.76605,2.40,4.00
2007.12.21 10:56:23.301,0.7659,0.76605,2.40,4.00
2007.12.21 10:56:23.429,0.7659,0.76605,2.40,4.00
2007.12.21 10:56:23.609,0.7659,0.76605,2.40,4.00
2007.12.21 10:56:23.876,0.7659,0.76605,2.40,4.00
2007.12.21 10:56:31.158,0.7659,0.76645,2.40,2.40
2007.12.21 10:56:31.397,0.7656,0.76625,2.40,2.40
2007.12.21 10:56:31.635,0.7656,0.76625,2.40,2.40
2007.12.21 10:56:31.872,0.7656,0.76625,2.40,2.40
2007.12.21 10:56:32.361,0.7656,0.76625,2.40,2.40
2007.12.21 10:56:33.137,0.7656,0.76625,2.40,2.40
2007.12.21 10:56:35.332,0.7656,0.76625,2.40,2.40
2007.12.21 10:56:36.616,0.7656,0.76625,2.40,2.40
2007.12.21 10:56:36.745,0.7656,0.76625,2.40,2.40
2007.12.21 10:56:38.155,0.7656,0.76625,2.40,2.40
2007.12.21 10:56:38.313,0.7656,0.76625,2.40,2.40
2007.12.21 10:56:39.243,0.7656,0.76625,2.40,2.40
2007.12.21 10:56:39.421,0.7656,0.76625,2.40,2.40
2007.12.21 10:56:39.741,0.7656,0.76625,2.40,2.40
2007.12.21 10:56:39.914,0.7656,0.76625,2.40,2.40
2007.12.21 10:56:40.756,0.7656,0.76625,2.40,2.40
2007.12.21 10:56:40.879,0.7656,0.76625,2.40,2.40
2007.12.21 10:56:50.294,0.76545,0.76625,8.00,2.40
2007.12.21 10:56:50.654,0.7656,0.76625,1.60,2.40
2007.12.21 10:56:50.772,0.7656,0.766,1.60,3.20
2007.12.21 10:56:50.891,0.76545,0.76595,1.20,0.80
2007.12.21 10:56:51.312,0.76545,0.76595,0.60,0.80
2007.12.21 10:56:52.022,0.7654,0.76595,4.00,0.80
2007.12.21 10:56:56.307,0.7654,0.76595,4.00,0.80
2007.12.21 10:56:57.229,0.7654,0.766,4.00,3.20
2007.12.21 10:56:57.562,0.76545,0.7659,0.90,3.20
2007.12.21 10:56:58.384,0.76545,0.7659,0.50,3.20
2007.12.21 10:56:59.327,0.76535,0.7659,8.00,3.20
2007.12.21 10:56:59.844,0.76535,0.7659,8.00,3.20
2007.12.21 10:57:03.614,0.76545,0.7658,0.60,3.20
2007.12.21 10:57:03.853,0.76535,0.76575,4.00,0.80
2007.12.21 10:57:04.107,0.76545,0.76575,1.20,0.80
2007.12.21 10:57:04.620,0.7653,0.76575,5.60,0.80
2007.12.21 10:57:04.828,0.7653,0.76575,5.60,0.80
2007.12.21 10:57:19.815,0.76545,0.76575,1.60,0.80
2007.12.21 10:57:20.027,0.76545,0.76575,1.60,0.80
2007.12.21 10:57:20.851,0.76545,0.76575,1.60,0.80
2007.12.21 10:57:28.353,0.7653,0.76575,4.00,0.80
2007.12.21 10:57:28.383,0.76525,0.76575,4.70,0.80
2007.12.21 10:57:28.536,0.7652,0.76575,6.70,0.80
2007.12.21 10:57:28.719,0.76515,0.76575,15.20,0.80
2007.12.21 10:57:28.939,0.76515,0.7658,1.60,7.20
2007.12.21 10:57:29.157,0.76515,0.7658,1.30,7.20
2007.12.21 10:57:29.374,0.76515,0.7658,1.40,7.20
2007.12.21 10:57:29.851,0.76505,0.7658,15.60,7.20
2007.12.21 10:57:30.061,0.76505,0.7658,15.60,7.20
2007.12.21 10:57:33.370,0.76505,0.7658,15.60,7.20
2007.12.21 10:57:33.571,0.76515,0.7658,1.10,7.20
2007.12.21 10:57:44.581,0.76505,0.7658,15.60,7.20
2007.12.21 10:57:46.327,0.76505,0.7658,15.20,7.20
2007.12.21 10:57:46.562,0.76505,0.7658,15.20,7.20
2007.12.21 10:57:47.580,0.76515,0.7658,1.00,7.20
2007.12.21 10:57:47.799,0.76515,0.7658,0.60,7.20
2007.12.21 10:57:51.826,0.76505,0.7658,15.20,7.20
2007.12.21 10:57:52.148,0.76505,0.7658,15.20,7.20
2007.12.21 10:57:53.072,0.76515,0.7658,0.60,7.20
2007.12.21 10:58:03.456,0.76515,0.76585,0.60,23.60
2007.12.21 10:58:07.784,0.76565,0.76585,3.20,18.40
2007.12.21 10:58:08.022,0.76565,0.76595,12.40,4.80
2007.12.21 10:58:08.260,0.76565,0.76595,12.80,0.80
2007.12.21 10:58:08.498,0.76565,0.7658,4.40,0.70
2007.12.21 10:58:08.737,0.7654,0.76585,4.80,5.60
2007.12.21 10:58:08.950,0.7654,0.76585,4.80,5.60
2007.12.21 10:58:09.228,0.7654,0.76585,0.80,5.60
2007.12.21 10:58:09.442,0.76525,0.7658,12.80,0.50
2007.12.21 10:58:09.655,0.76525,0.76585,4.00,13.60
2007.12.21 10:58:09.834,0.7652,0.7658,4.00,0.90
2007.12.21 10:58:10.012,0.76515,0.7658,2.40,0.50
2007.12.21 10:58:10.191,0.7652,0.76585,2.40,5.60
2007.12.21 10:58:10.369,0.7652,0.76585,2.40,5.60
2007.12.21 10:58:10.618,0.7652,0.76585,2.40,5.60
2007.12.21 10:58:11.115,0.7652,0.76585,2.40,5.60
2007.12.21 10:58:15.554,0.7652,0.76585,2.40,5.60
2007.12.21 10:58:18.036,0.7652,0.76585,2.40,5.60
2007.12.21 10:58:18.216,0.7652,0.7658,2.40,0.50
2007.12.21 10:58:35.940,0.7652,0.76585,2.40,2.40
2007.12.21 10:58:43.093,0.7652,0.76585,2.40,2.40
2007.12.21 10:58:43.336,0.7652,0.76585,2.40,2.40
2007.12.21 10:58:52.330,0.7652,0.76585,2.40,2.40
2007.12.21 10:58:52.551,0.7652,0.76585,0.80,2.40
2007.12.21 10:58:52.574,0.76525,0.7659,1.40,2.40
2007.12.21 10:58:52.817,0.7652,0.7659,4.00,2.40
2007.12.21 10:58:52.976,0.7652,0.7659,4.00,2.40
2007.12.21 10:58:53.591,0.76525,0.7659,1.30,2.40
2007.12.21 10:58:56.820,0.76525,0.7659,6.40,2.40
2007.12.21 10:58:56.974,0.76535,0.76595,4.00,16.00
2007.12.21 10:58:57.127,0.76535,0.76595,7.20,12.80
2007.12.21 10:58:57.280,0.76535,0.76595,7.70,12.80
2007.12.21 10:58:57.433,0.7654,0.76595,0.60,12.80
2007.12.21 10:58:57.953,0.7654,0.76595,0.50,12.80
2007.12.21 10:58:58.115,0.7654,0.76595,1.20,12.80
2007.12.21 10:58:58.459,0.76535,0.76595,7.70,12.80
2007.12.21 10:58:58.964,0.76535,0.76595,11.70,12.80
2007.12.21 10:59:05.376,0.76535,0.76595,15.70,12.80
2007.12.21 10:59:05.520,0.76545,0.76595,2.80,3.20
2007.12.21 10:59:05.663,0.7654,0.76595,14.40,3.20
2007.12.21 10:59:05.807,0.76545,0.76595,1.20,3.20
2007.12.21 10:59:05.951,0.76545,0.76565,2.70,0.80
2007.12.21 10:59:06.095,0.76535,0.76565,9.30,0.80
2007.12.21 10:59:06.299,0.76525,0.76565,8.50,0.80
2007.12.21 10:59:06.502,0.7653,0.7658,13.30,2.40
2007.12.21 10:59:06.708,0.7654,0.76585,0.80,4.00
2007.12.21 10:59:06.953,0.7654,0.76595,0.70,0.80
2007.12.21 10:59:07.572,0.76535,0.76595,11.70,0.80
2007.12.21 10:59:08.434,0.76535,0.76595,15.70,0.80
2007.12.21 10:59:13.551,0.7654,0.76595,1.20,0.80
2007.12.21 10:59:13.733,0.76535,0.76595,15.70,0.80
2007.12.21 10:59:15.872,0.7654,0.76595,1.20,0.80
2007.12.21 10:59:21.206,0.7654,0.76595,2.40,0.80
2007.12.21 10:59:21.385,0.7654,0.76595,2.40,0.80
2007.12.21 10:59:21.553,0.7654,0.76605,4.00,2.40
2007.12.21 10:59:21.722,0.7656,0.76615,2.40,8.00
2007.12.21 10:59:21.890,0.7656,0.76625,2.40,6.40
2007.12.21 10:59:22.058,0.7656,0.76625,2.40,2.40
2007.12.21 10:59:22.557,0.7656,0.76625,2.40,2.40
2007.12.21 10:59:22.861,0.7656,0.76625,2.40,2.40
2007.12.21 10:59:26.138,0.7656,0.76625,2.40,2.40
2007.12.21 10:59:26.376,0.7656,0.76625,2.40,2.40
2007.12.21 10:59:31.260,0.7656,0.76625,2.40,2.40
2007.12.21 10:59:31.428,0.76545,0.76605,4.00,2.40
2007.12.21 10:59:31.597,0.7654,0.76595,2.40,0.80
2007.12.21 10:59:31.890,0.7654,0.76595,2.40,0.80
2007.12.21 10:59:32.059,0.7654,0.76595,2.40,0.80
2007.12.21 10:59:32.228,0.7654,0.76595,2.40,0.80
2007.12.21 10:59:32.630,0.7654,0.76595,2.40,0.80
2007.12.21 10:59:35.045,0.7654,0.76595,2.40,0.80
2007.12.21 10:59:35.934,0.7654,0.76595,2.40,0.80
2007.12.21 10:59:36.087,0.7656,0.76595,2.40,0.80
2007.12.21 10:59:36.241,0.7656,0.76615,2.40,8.80
2007.12.21 10:59:36.398,0.7656,0.76615,2.40,8.80
2007.12.21 10:59:36.550,0.7656,0.76625,2.40,6.40
2007.12.21 10:59:36.702,0.7656,0.76625,2.40,2.40
2007.12.21 10:59:37.072,0.7656,0.76625,2.40,2.40
2007.12.21 10:59:37.356,0.7656,0.76625,2.40,2.40
2007.12.21 10:59:40.656,0.7656,0.7664,2.40,4.00
2007.12.21 10:59:41.141,0.7656,0.7664,2.40,4.00
2007.12.21 10:59:42.909,0.7656,0.76625,6.40,0.50
2007.12.21 10:59:43.065,0.76565,0.76635,5.60,2.90
2007.12.21 10:59:43.218,0.76575,0.76635,2.40,0.50
2007.12.21 10:59:43.372,0.76575,0.76635,2.40,0.50
2007.12.21 10:59:43.806,0.76575,0.7664,2.40,4.50
2007.12.21 10:59:44.027,0.76575,0.76645,2.40,15.40
2007.12.21 10:59:44.195,0.76575,0.76645,2.40,15.40
2007.12.21 10:59:44.441,0.76575,0.7664,2.40,0.90
2007.12.21 10:59:44.609,0.76565,0.7664,0.80,4.00
2007.12.21 10:59:44.777,0.76565,0.7664,0.80,4.00
2007.12.21 10:59:44.946,0.7656,0.76625,2.40,0.60
2007.12.21 10:59:45.129,0.7656,0.7664,2.40,4.00
2007.12.21 10:59:51.169,0.7656,0.7664,2.40,4.00
2007.12.21 10:59:54.510,0.7656,0.76625,2.40,0.50
2007.12.21 10:59:54.828,0.76575,0.7664,2.40,4.50
2007.12.21 10:59:55.146,0.76575,0.76635,2.40,0.50
2007.12.21 10:59:55.576,0.76575,0.76635,2.40,0.50
2007.12.21 10:59:55.883,0.76575,0.7664,2.40,4.50
2007.12.21 10:59:56.471,0.76575,0.7664,2.40,4.50
2007.12.21 10:59:56.995,0.76575,0.7664,2.40,4.50
2007.12.21 10:59:57.270,0.76575,0.76645,2.40,10.10
2007.12.21 10:59:57.439,0.7656,0.7664,2.40,4.00
2007.12.21 10:59:57.656,0.7656,0.7664,2.40,4.00
2007.12.21 10:59:57.813,0.7656,0.76625,2.40,0.70
2007.12.21 10:59:57.981,0.7656,0.76625,2.40,0.50
2007.12.21 10:59:58.368,0.7656,0.76625,2.40,0.60
