2008.03.03 09:00:00.972,0.7964,0.79675,0.50,0.20
2008.03.03 09:00:01.025,0.7961,0.7967,4.00,0.20
2008.03.03 09:00:01.343,0.79609,0.79669,0.30,5.60
2008.03.03 09:00:01.698,0.79608,0.79668,0.30,0.40
2008.03.03 09:00:02.024,0.79608,0.79668,0.30,0.20
2008.03.03 09:00:02.339,0.79609,0.79669,2.40,2.40
2008.03.03 09:00:02.547,0.7964,0.79675,0.50,0.20
2008.03.03 09:00:02.687,0.79608,0.79668,4.00,0.20
2008.03.03 09:00:02.734,0.7964,0.7968,0.50,4.30
2008.03.03 09:00:03.008,0.79608,0.79668,0.30,0.20
2008.03.03 09:00:03.351,0.79609,0.79669,0.30,0.20
2008.03.03 09:00:03.674,0.79608,0.79668,0.30,0.20
2008.03.03 09:00:03.993,0.79608,0.79668,0.30,0.20
2008.03.03 09:00:04.228,0.79608,0.79668,2.40,2.40
2008.03.03 09:00:04.319,0.7964,0.7968,0.50,5.90
2008.03.03 09:00:04.546,0.79608,0.79668,4.80,0.20
2008.03.03 09:00:04.587,0.7964,0.79675,0.50,0.20
2008.03.03 09:00:04.877,0.79608,0.79668,8.00,4.00
2008.03.03 09:00:05.218,0.79608,0.79668,2.40,2.40
2008.03.03 09:00:05.554,0.79608,0.79668,1.00,0.20
2008.03.03 09:00:05.983,0.79609,0.79669,2.80,2.70
2008.03.03 09:00:06.036,0.7964,0.79675,0.50,0.20
2008.03.03 09:00:06.306,0.79609,0.79669,2.60,9.60
2008.03.03 09:00:06.642,0.79608,0.79668,7.20,2.40
2008.03.03 09:00:06.953,0.79608,0.79668,0.30,0.20
2008.03.03 09:00:07.312,0.79609,0.79669,0.30,0.20
2008.03.03 09:00:07.634,0.79608,0.79668,4.20,6.40
2008.03.03 09:00:07.961,0.79609,0.79669,0.60,0.20
2008.03.03 09:00:08.280,0.79608,0.79668,0.30,0.20
2008.03.03 09:00:08.623,0.79609,0.79669,2.40,2.40
2008.03.03 09:00:08.949,0.79609,0.79669,0.60,0.20
2008.03.03 09:00:09.282,0.79609,0.79669,0.30,0.40
2008.03.03 09:00:09.609,0.79609,0.79669,4.00,2.40
2008.03.03 09:00:09.850,0.79609,0.79669,1.00,0.20
2008.03.03 09:00:10.089,0.79608,0.79668,0.30,4.80
2008.03.03 09:00:10.423,0.7961,0.79665,0.30,0.20
2008.03.03 09:00:10.759,0.7961,0.7966,0.30,4.00
2008.03.03 09:00:11.073,0.7964,0.79675,0.50,0.20
2008.03.03 09:00:11.093,0.79612,0.79657,1.00,4.00
2008.03.03 09:00:11.393,0.79613,0.79658,0.30,4.00
2008.03.03 09:00:11.692,0.79615,0.7966,0.30,0.20
2008.03.03 09:00:12.011,0.79616,0.79661,0.60,0.20
2008.03.03 09:00:12.369,0.79615,0.7966,4.00,0.20
2008.03.03 09:00:12.690,0.79615,0.7966,0.30,0.40
2008.03.03 09:00:12.893,0.7964,0.79675,0.50,0.20
2008.03.03 09:00:13.028,0.79615,0.7966,0.30,4.00
2008.03.03 09:00:13.030,0.7964,0.7967,0.50,4.00
2008.03.03 09:00:13.293,0.7964,0.7967,0.50,4.10
2008.03.03 09:00:13.432,0.7964,0.7967,0.50,0.20
2008.03.03 09:00:13.450,0.79613,0.79658,0.30,0.20
2008.03.03 09:00:13.571,0.7964,0.7968,0.50,4.30
2008.03.03 09:00:13.783,0.79612,0.79657,2.60,4.10
2008.03.03 09:00:13.813,0.7964,0.7967,0.50,4.00
2008.03.03 09:00:14.108,0.7964,0.7967,0.50,4.00
2008.03.03 09:00:14.116,0.79611,0.79656,2.60,2.50
2008.03.03 09:00:14.169,0.79612,0.79657,0.20,0.20
2008.03.03 09:00:14.343,0.79614,0.79659,0.30,0.20
2008.03.03 09:00:14.418,0.7964,0.7967,0.50,0.20
2008.03.03 09:00:14.647,0.79615,0.7966,0.60,0.20
2008.03.03 09:00:14.696,0.7964,0.7968,0.50,4.30
2008.03.03 09:00:14.893,0.79618,0.79663,4.00,0.40
2008.03.03 09:00:15.094,0.7964,0.7968,0.50,4.30
2008.03.03 09:00:15.101,0.79619,0.79664,0.30,0.20
2008.03.03 09:00:15.552,0.79617,0.79662,0.30,0.20
2008.03.03 09:00:15.987,0.79615,0.7966,0.30,0.20
2008.03.03 09:00:16.071,0.7964,0.7968,0.50,4.30
2008.03.03 09:00:16.284,0.7964,0.7968,0.50,4.30
2008.03.03 09:00:16.321,0.79614,0.79659,2.40,2.40
2008.03.03 09:00:16.463,0.7964,0.7966,0.50,4.00
2008.03.03 09:00:16.641,0.7964,0.7966,0.50,4.00
2008.03.03 09:00:16.766,0.79614,0.79659,0.30,0.20
2008.03.03 09:00:16.821,0.7964,0.7966,0.50,4.10
2008.03.03 09:00:17.199,0.79614,0.79659,1.60,5.60
2008.03.03 09:00:17.329,0.7964,0.7966,0.50,4.10
2008.03.03 09:00:17.531,0.79613,0.79658,2.80,2.70
2008.03.03 09:00:17.863,0.79611,0.79656,2.60,2.50
2008.03.03 09:00:18.193,0.79613,0.79658,6.40,2.40
2008.03.03 09:00:18.538,0.79613,0.79658,0.30,0.20
2008.03.03 09:00:18.862,0.79612,0.79657,2.40,0.20
2008.03.03 09:00:19.185,0.79612,0.79657,0.30,0.20
2008.03.03 09:00:19.407,0.79614,0.79659,0.30,4.10
2008.03.03 09:00:19.629,0.79615,0.7966,0.30,4.10
2008.03.03 09:00:19.848,0.79615,0.7966,8.00,0.20
2008.03.03 09:00:20.067,0.79616,0.79661,2.40,0.50
2008.03.03 09:00:20.482,0.79617,0.79662,0.10,0.20
2008.03.03 09:00:20.937,0.79618,0.79663,0.30,0.40
2008.03.03 09:00:21.095,0.7964,0.7966,0.50,4.10
2008.03.03 09:00:21.370,0.79617,0.79662,0.30,0.80
2008.03.03 09:00:21.699,0.79619,0.79664,2.40,0.40
2008.03.03 09:00:21.976,0.79618,0.79663,0.30,2.40
2008.03.03 09:00:22.268,0.79616,0.79661,8.20,9.70
2008.03.03 09:00:22.590,0.79615,0.7966,5.60,0.10
2008.03.03 09:00:22.928,0.79613,0.79658,0.30,2.50
2008.03.03 09:00:23.248,0.79612,0.79657,0.30,0.20
2008.03.03 09:00:23.571,0.79614,0.79659,0.60,0.20
2008.03.03 09:00:23.912,0.79616,0.79661,0.30,4.00
2008.03.03 09:00:24.243,0.79616,0.79661,0.30,4.00
2008.03.03 09:00:24.519,0.79613,0.79658,0.30,6.40
2008.03.03 09:00:24.795,0.79612,0.79657,0.30,0.20
2008.03.03 09:00:25.107,0.79612,0.79657,0.30,8.80
2008.03.03 09:00:25.448,0.79614,0.79659,4.80,0.20
2008.03.03 09:00:25.796,0.7964,0.7966,0.50,4.10
2008.03.03 09:00:25.878,0.79617,0.79662,0.30,0.20
2008.03.03 09:00:25.999,0.7964,0.7966,0.50,0.20
2008.03.03 09:00:26.224,0.79618,0.79663,2.40,4.80
2008.03.03 09:00:26.647,0.79617,0.79662,4.00,0.20
2008.03.03 09:00:26.978,0.79614,0.79659,2.40,2.40
2008.03.03 09:00:27.319,0.79612,0.79657,2.60,8.10
2008.03.03 09:00:27.638,0.79614,0.79659,4.00,2.40
2008.03.03 09:00:27.873,0.79614,0.79659,1.60,2.40
2008.03.03 09:00:28.191,0.79615,0.7966,3.20,0.80
2008.03.03 09:00:28.520,0.79614,0.79659,2.40,0.20
2008.03.03 09:00:28.872,0.79614,0.79659,0.30,0.20
2008.03.03 09:00:29.178,0.79614,0.79659,0.30,4.10
2008.03.03 09:00:29.510,0.79614,0.79659,0.60,0.40
2008.03.03 09:00:29.851,0.79614,0.79659,4.00,0.20
2008.03.03 09:00:30.154,0.79615,0.7966,0.30,2.40
2008.03.03 09:00:30.412,0.79615,0.7966,8.00,0.60
2008.03.03 09:00:30.505,0.79615,0.7966,5.60,0.20
2008.03.03 09:00:30.955,0.79616,0.79661,2.40,4.10
2008.03.03 09:00:31.165,0.7964,0.7966,0.50,0.20
2008.03.03 09:00:31.294,0.79616,0.79661,0.30,0.20
2008.03.03 09:00:31.608,0.79616,0.79661,0.30,0.20
2008.03.03 09:00:31.936,0.79616,0.79661,2.60,2.50
2008.03.03 09:00:32.260,0.79616,0.79661,2.40,2.40
2008.03.03 09:00:32.584,0.79617,0.79662,2.60,2.40
2008.03.03 09:00:32.935,0.79616,0.79661,4.20,2.40
2008.03.03 09:00:33.256,0.79616,0.79661,4.00,0.20
2008.03.03 09:00:33.313,0.7964,0.7966,0.50,0.20
2008.03.03 09:00:33.453,0.7964,0.79675,0.60,1.60
2008.03.03 09:00:33.585,0.79615,0.7966,0.30,1.70
2008.03.03 09:00:33.762,0.7964,0.7968,0.60,4.30
2008.03.03 09:00:33.925,0.79615,0.7966,4.20,2.40
2008.03.03 09:00:34.249,0.79614,0.79659,0.30,0.20
2008.03.03 09:00:34.549,0.7964,0.7968,0.60,4.30
2008.03.03 09:00:34.576,0.79615,0.7966,8.00,2.40
2008.03.03 09:00:34.863,0.7964,0.7967,0.60,4.00
2008.03.03 09:00:34.913,0.79615,0.7966,0.60,0.40
2008.03.03 09:00:35.125,0.7964,0.7967,0.60,4.00
2008.03.03 09:00:35.238,0.79615,0.7966,0.30,4.00
2008.03.03 09:00:35.370,0.7964,0.7967,0.60,4.10
2008.03.03 09:00:35.676,0.79616,0.79661,0.30,2.90
2008.03.03 09:00:36.077,0.7964,0.7967,0.60,4.10
2008.03.03 09:00:36.113,0.79615,0.7966,0.30,4.00
2008.03.03 09:00:36.306,0.7964,0.7967,0.60,4.10
2008.03.03 09:00:36.447,0.79616,0.79661,1.00,4.00
2008.03.03 09:00:36.771,0.79616,0.79661,0.30,4.00
2008.03.03 09:00:37.095,0.79616,0.79661,0.30,0.40
2008.03.03 09:00:37.414,0.79616,0.79661,2.60,0.20
2008.03.03 09:00:37.765,0.79615,0.7966,0.30,2.50
2008.03.03 09:00:38.099,0.79615,0.7966,0.30,0.20
2008.03.03 09:00:38.342,0.79615,0.7966,6.40,0.20
2008.03.03 09:00:38.677,0.79616,0.79661,0.60,0.40
2008.03.03 09:00:39.087,0.79619,0.79664,4.00,0.20
2008.03.03 09:00:39.521,0.79619,0.79664,0.30,0.20
2008.03.03 09:00:39.751,0.79619,0.79664,0.30,0.20
2008.03.03 09:00:40.064,0.79618,0.79663,0.30,0.40
2008.03.03 09:00:40.294,0.79619,0.79664,0.30,0.20
2008.03.03 09:00:40.624,0.79619,0.79664,0.30,4.00
2008.03.03 09:00:41.056,0.79617,0.79662,0.30,0.20
2008.03.03 09:00:41.212,0.7964,0.7967,0.60,4.10
2008.03.03 09:00:41.397,0.79619,0.79664,0.30,0.20
2008.03.03 09:00:41.555,0.7964,0.7967,0.60,4.10
2008.03.03 09:00:41.728,0.7962,0.79665,0.60,0.20
2008.03.03 09:00:42.025,0.79619,0.79664,4.20,4.00
2008.03.03 09:00:42.309,0.79618,0.79663,0.30,2.90
2008.03.03 09:00:42.588,0.79617,0.79662,2.40,4.10
2008.03.03 09:00:42.831,0.79618,0.79663,0.30,0.20
2008.03.03 09:00:43.130,0.79619,0.79664,4.80,4.00
2008.03.03 09:00:43.375,0.7962,0.79665,2.40,2.40
2008.03.03 09:00:43.633,0.79621,0.79666,4.20,2.40
2008.03.03 09:00:43.932,0.7962,0.79665,0.60,0.40
2008.03.03 09:00:44.040,0.7964,0.7967,0.60,4.10
2008.03.03 09:00:44.231,0.79618,0.79663,4.00,0.20
2008.03.03 09:00:44.529,0.79617,0.79662,0.30,4.00
2008.03.03 09:00:44.753,0.79615,0.7966,0.30,4.00
2008.03.03 09:00:44.979,0.79614,0.79659,4.00,0.20
2008.03.03 09:00:45.201,0.79614,0.79659,2.60,2.50
2008.03.03 09:00:45.444,0.79609,0.79664,0.30,6.40
2008.03.03 09:00:45.791,0.7964,0.7967,0.60,4.10
2008.03.03 09:00:45.903,0.7961,0.79665,0.30,0.50
2008.03.03 09:00:46.245,0.7964,0.7967,0.60,4.10
2008.03.03 09:00:46.332,0.79611,0.79666,2.60,2.50
2008.03.03 09:00:46.676,0.79612,0.79667,0.30,4.00
2008.03.03 09:00:46.815,0.7964,0.7967,0.60,4.10
2008.03.03 09:00:47.010,0.79612,0.79667,0.30,0.20
2008.03.03 09:00:47.343,0.79612,0.79667,2.60,4.00
2008.03.03 09:00:47.525,0.7964,0.7967,0.30,4.10
2008.03.03 09:00:47.673,0.79612,0.79667,2.40,2.40
2008.03.03 09:00:47.889,0.79611,0.79666,0.30,0.20
2008.03.03 09:00:48.103,0.79612,0.79667,0.30,4.00
2008.03.03 09:00:48.433,0.79611,0.79666,9.60,0.20
2008.03.03 09:00:48.647,0.79612,0.79662,0.30,2.50
2008.03.03 09:00:49.022,0.79611,0.79661,0.30,0.40
2008.03.03 09:00:49.351,0.79613,0.79663,4.00,0.20
2008.03.03 09:00:49.681,0.79623,0.79653,4.00,0.20
2008.03.03 09:00:49.869,0.79624,0.79654,4.00,0.20
2008.03.03 09:00:50.098,0.79624,0.79654,0.60,4.00
2008.03.03 09:00:50.308,0.79626,0.79656,4.00,0.40
2008.03.03 09:00:50.517,0.79628,0.79658,0.30,0.40
2008.03.03 09:00:50.726,0.79631,0.79661,0.60,0.20
2008.03.03 09:00:51.059,0.79631,0.79661,2.60,2.50
2008.03.03 09:00:51.293,0.7964,0.7967,0.30,4.10
2008.03.03 09:00:51.393,0.79624,0.79659,0.80,4.00
2008.03.03 09:00:51.494,0.7964,0.7967,0.30,4.10
2008.03.03 09:00:51.727,0.7962,0.79655,4.00,0.20
2008.03.03 09:00:52.010,0.7964,0.7967,0.30,4.10
2008.03.03 09:00:52.041,0.79618,0.79653,2.40,2.40
2008.03.03 09:00:52.286,0.79617,0.79652,0.30,0.20
2008.03.03 09:00:52.386,0.7964,0.7967,0.60,4.10
2008.03.03 09:00:52.568,0.7962,0.79655,0.30,2.40
2008.03.03 09:00:52.696,0.7964,0.7968,0.80,4.10
2008.03.03 09:00:52.801,0.79623,0.79658,4.00,0.20
2008.03.03 09:00:53.003,0.7964,0.7968,0.80,4.10
2008.03.03 09:00:53.194,0.79625,0.7966,0.30,0.20
2008.03.03 09:00:53.400,0.7964,0.7968,0.60,4.00
2008.03.03 09:00:53.468,0.79625,0.7966,1.00,0.20
2008.03.03 09:00:53.573,0.7964,0.7969,0.50,6.70
2008.03.03 09:00:53.742,0.79625,0.79655,4.00,9.60
2008.03.03 09:00:53.748,0.7964,0.7969,0.50,6.70
2008.03.03 09:00:53.998,0.7964,0.7969,0.50,6.70
2008.03.03 09:00:54.021,0.7962,0.7966,0.30,0.20
2008.03.03 09:00:54.171,0.7963,0.7968,0.30,2.40
2008.03.03 09:00:54.282,0.7962,0.7966,0.30,0.20
2008.03.03 09:00:54.599,0.79617,0.79657,0.30,0.20
2008.03.03 09:00:54.921,0.79613,0.79653,2.60,2.50
2008.03.03 09:00:55.256,0.79612,0.79652,2.60,2.70
2008.03.03 09:00:55.542,0.79614,0.79654,0.30,2.40
2008.03.03 09:00:55.902,0.79614,0.79654,4.00,0.20
2008.03.03 09:00:56.232,0.79615,0.7965,0.30,0.80
2008.03.03 09:00:56.332,0.7963,0.7968,0.30,2.40
2008.03.03 09:00:56.561,0.79617,0.79652,0.30,0.40
2008.03.03 09:00:56.895,0.79614,0.79659,0.50,0.60
2008.03.03 09:00:57.239,0.79615,0.7966,0.30,0.10
2008.03.03 09:00:57.348,0.79616,0.79661,2.60,2.40
2008.03.03 09:00:57.660,0.79616,0.79661,0.30,0.20
2008.03.03 09:00:57.999,0.79619,0.79664,2.40,0.20
2008.03.03 09:00:58.329,0.79619,0.79664,4.00,0.40
2008.03.03 09:00:58.669,0.79618,0.79663,0.30,0.20
2008.03.03 09:00:58.998,0.79615,0.7966,0.60,0.40
2008.03.03 09:00:59.419,0.79612,0.79657,0.60,2.50
2008.03.03 09:00:59.841,0.7963,0.7968,0.60,2.40
2008.03.03 09:00:59.868,0.7961,0.79656,0.30,0.20
2008.03.03 09:01:00.162,0.79607,0.79653,1.60,0.20
2008.03.03 09:01:00.459,0.7963,0.7968,0.60,2.40
2008.03.03 09:01:00.518,0.79607,0.79652,2.60,6.40
2008.03.03 09:01:00.597,0.7963,0.7968,0.80,6.40
2008.03.03 09:01:00.807,0.7963,0.7968,0.80,6.40
2008.03.03 09:01:00.858,0.79607,0.79652,0.50,0.40
2008.03.03 09:01:01.007,0.7963,0.7968,3.20,4.10
2008.03.03 09:01:01.113,0.79607,0.79652,2.40,0.20
2008.03.03 09:01:01.367,0.79604,0.79654,2.80,2.80
2008.03.03 09:01:01.528,0.7963,0.7968,3.20,4.10
2008.03.03 09:01:01.621,0.79599,0.79659,9.60,0.20
2008.03.03 09:01:01.747,0.7963,0.7968,3.20,4.10
2008.03.03 09:01:01.941,0.79599,0.79659,0.30,0.20
2008.03.03 09:01:02.031,0.7963,0.7968,3.20,4.10
2008.03.03 09:01:02.250,0.7963,0.7968,3.20,4.10
2008.03.03 09:01:02.281,0.79599,0.79659,0.30,2.40
2008.03.03 09:01:02.609,0.79599,0.79659,0.30,0.20
2008.03.03 09:01:02.682,0.7963,0.7968,3.20,4.10
2008.03.03 09:01:02.941,0.79599,0.79659,0.30,0.20
2008.03.03 09:01:03.124,0.7963,0.7968,3.20,4.10
2008.03.03 09:01:03.248,0.79599,0.79659,4.00,0.20
2008.03.03 09:01:03.572,0.79599,0.79659,0.30,4.00
2008.03.03 09:01:03.581,0.7963,0.7968,3.20,4.10
2008.03.03 09:01:03.821,0.79599,0.79659,0.60,0.20
2008.03.03 09:01:03.888,0.7963,0.7968,3.20,4.10
2008.03.03 09:01:04.124,0.7963,0.7968,3.20,4.10
2008.03.03 09:01:04.157,0.79599,0.79659,0.50,0.60
2008.03.03 09:01:04.436,0.7963,0.7968,3.20,4.10
2008.03.03 09:01:04.468,0.79599,0.79659,12.40,12.10
2008.03.03 09:01:04.760,0.7963,0.7968,3.20,4.10
2008.03.03 09:01:04.800,0.79599,0.79659,0.60,0.40
2008.03.03 09:01:05.094,0.7963,0.7968,3.20,4.10
2008.03.03 09:01:05.237,0.79599,0.79659,0.30,4.00
2008.03.03 09:01:05.440,0.7963,0.7968,3.20,4.10
2008.03.03 09:01:05.659,0.79599,0.79659,4.00,0.20
2008.03.03 09:01:05.763,0.7963,0.7968,3.20,4.10
2008.03.03 09:01:05.993,0.79599,0.79659,0.50,1.90
2008.03.03 09:01:06.094,0.7963,0.7968,3.20,4.10
2008.03.03 09:01:06.208,0.79602,0.79657,0.60,0.20
2008.03.03 09:01:06.414,0.7963,0.7968,3.20,4.10
2008.03.03 09:01:06.442,0.79607,0.79652,0.30,0.20
2008.03.03 09:01:06.680,0.79607,0.79652,0.80,0.20
2008.03.03 09:01:06.755,0.7963,0.7968,3.20,4.10
2008.03.03 09:01:06.988,0.79607,0.79652,0.10,0.40
2008.03.03 09:01:07.100,0.7963,0.7968,3.20,4.10
2008.03.03 09:01:07.434,0.7963,0.7968,3.20,4.10
2008.03.03 09:01:07.447,0.79607,0.79652,0.30,2.50
2008.03.03 09:01:07.846,0.7963,0.7968,3.20,4.10
2008.03.03 09:01:07.887,0.79607,0.79652,0.30,0.20
2008.03.03 09:01:08.198,0.7963,0.7966,3.00,4.10
2008.03.03 09:01:08.219,0.79607,0.79652,12.00,0.20
2008.03.03 09:01:08.514,0.7963,0.7966,0.60,4.10
2008.03.03 09:01:08.518,0.79607,0.79652,2.60,9.60
2008.03.03 09:01:08.740,0.7963,0.7966,0.60,4.10
2008.03.03 09:01:08.766,0.79607,0.79652,0.30,0.50
2008.03.03 09:01:08.955,0.7963,0.7966,0.60,4.10
2008.03.03 09:01:08.981,0.79607,0.79652,4.00,0.50
2008.03.03 09:01:09.168,0.7963,0.7966,0.60,4.10
2008.03.03 09:01:09.211,0.79607,0.79652,4.00,1.70
2008.03.03 09:01:09.382,0.7963,0.7966,0.60,4.10
2008.03.03 09:01:09.646,0.79607,0.79652,3.20,0.40
2008.03.03 09:01:09.713,0.7963,0.7966,0.60,4.10
2008.03.03 09:01:10.052,0.7963,0.7966,0.60,4.10
2008.03.03 09:01:10.085,0.79607,0.79652,4.00,0.20
2008.03.03 09:01:10.389,0.7963,0.7966,0.60,4.10
2008.03.03 09:01:10.407,0.79607,0.79652,9.60,1.70
2008.03.03 09:01:10.613,0.7963,0.7966,0.60,4.10
2008.03.03 09:01:10.750,0.79607,0.79652,0.30,0.20
2008.03.03 09:01:10.939,0.7963,0.7966,0.60,4.10
2008.03.03 09:01:11.076,0.79607,0.79652,3.40,0.20
2008.03.03 09:01:11.145,0.7963,0.7966,0.60,4.10
2008.03.03 09:01:11.366,0.7963,0.7966,0.60,4.10
2008.03.03 09:01:11.412,0.79607,0.79652,4.00,0.20
2008.03.03 09:01:11.670,0.79607,0.79652,0.30,0.10
2008.03.03 09:01:11.705,0.7963,0.7966,0.60,4.10
2008.03.03 09:01:11.956,0.79607,0.79652,0.30,0.20
2008.03.03 09:01:12.051,0.7963,0.7966,0.60,4.10
2008.03.03 09:01:12.377,0.7963,0.7966,0.60,0.20
2008.03.03 09:01:12.392,0.79607,0.79652,1.00,9.60
2008.03.03 09:01:12.703,0.7963,0.7967,0.60,4.30
2008.03.03 09:01:12.716,0.79607,0.79652,0.30,4.00
2008.03.03 09:01:13.039,0.7963,0.79675,3.20,0.20
2008.03.03 09:01:13.049,0.79607,0.79652,0.30,0.20
2008.03.03 09:01:13.363,0.7963,0.7968,3.20,4.10
2008.03.03 09:01:13.377,0.79607,0.79652,0.40,0.20
2008.03.03 09:01:13.595,0.79607,0.79652,4.00,0.20
2008.03.03 09:01:13.616,0.7963,0.7964,2.80,0.50
2008.03.03 09:01:13.817,0.79607,0.79652,0.30,0.20
2008.03.03 09:01:13.825,0.7963,0.7964,2.80,0.50
2008.03.03 09:01:14.036,0.79607,0.79652,0.30,4.00
2008.03.03 09:01:14.063,0.7963,0.7964,2.60,0.50
2008.03.03 09:01:14.244,0.7963,0.7964,2.60,0.50
2008.03.03 09:01:14.453,0.79635,0.7964,2.40,0.50
2008.03.03 09:01:14.474,0.79607,0.79652,2.60,2.70
2008.03.03 09:01:14.772,0.79635,0.7964,2.40,0.50
2008.03.03 09:01:14.811,0.79607,0.79652,0.30,4.00
2008.03.03 09:01:15.091,0.7963,0.7964,2.80,0.50
2008.03.03 09:01:15.245,0.79607,0.79652,4.00,0.20
2008.03.03 09:01:15.453,0.7963,0.7964,2.80,0.50
2008.03.03 09:01:15.592,0.79607,0.79652,0.30,0.20
2008.03.03 09:01:15.771,0.7963,0.7968,2.80,4.30
2008.03.03 09:01:15.944,0.79607,0.79652,0.30,4.00
2008.03.03 09:01:16.031,0.7963,0.7968,2.80,4.30
2008.03.03 09:01:16.241,0.79607,0.79652,0.30,0.20
2008.03.03 09:01:16.290,0.7963,0.7968,2.80,4.30
2008.03.03 09:01:16.555,0.79607,0.79652,1.80,2.50
2008.03.03 09:01:16.556,0.7963,0.7968,2.80,4.30
2008.03.03 09:01:16.820,0.7963,0.7968,2.60,4.30
2008.03.03 09:01:16.903,0.79607,0.79652,7.20,0.20
2008.03.03 09:01:17.096,0.7963,0.7968,2.60,4.30
2008.03.03 09:01:17.234,0.79607,0.79652,9.60,0.20
2008.03.03 09:01:17.428,0.7963,0.7968,2.60,4.30
2008.03.03 09:01:17.666,0.79607,0.79652,0.30,0.20
2008.03.03 09:01:17.751,0.7963,0.7968,2.60,4.30
2008.03.03 09:01:18.001,0.79607,0.79652,3.60,2.40
2008.03.03 09:01:18.103,0.7963,0.7967,2.80,4.10
2008.03.03 09:01:18.341,0.79607,0.79652,2.40,2.40
2008.03.03 09:01:18.436,0.7963,0.7967,0.60,4.30
2008.03.03 09:01:18.655,0.79607,0.79652,0.30,0.20
2008.03.03 09:01:18.773,0.7963,0.7967,0.60,4.30
2008.03.03 09:01:18.884,0.79607,0.79652,0.30,0.20
2008.03.03 09:01:19.079,0.7963,0.7967,0.60,4.30
2008.03.03 09:01:19.101,0.79607,0.79652,0.30,4.00
2008.03.03 09:01:19.412,0.7963,0.7967,0.60,4.30
2008.03.03 09:01:19.415,0.79607,0.79652,4.00,0.20
2008.03.03 09:01:19.728,0.7963,0.7967,0.60,4.30
2008.03.03 09:01:19.750,0.79604,0.79654,0.30,2.50
2008.03.03 09:01:20.063,0.7963,0.7967,0.60,4.30
2008.03.03 09:01:20.084,0.79604,0.79654,0.20,0.20
2008.03.03 09:01:20.407,0.7963,0.7967,0.60,4.30
2008.03.03 09:01:20.440,0.79604,0.79654,4.00,0.20
2008.03.03 09:01:20.717,0.79612,0.79647,2.40,0.05
2008.03.03 09:01:20.735,0.7963,0.7967,0.60,4.30
2008.03.03 09:01:20.988,0.79612,0.79647,4.00,0.30
2008.03.03 09:01:21.056,0.7963,0.7967,0.60,4.30
2008.03.03 09:01:21.258,0.79615,0.79645,0.30,8.00
2008.03.03 09:01:21.386,0.7963,0.7967,0.60,4.30
2008.03.03 09:01:21.532,0.79614,0.79644,0.30,0.20
2008.03.03 09:01:21.717,0.7963,0.7967,0.60,4.30
2008.03.03 09:01:21.805,0.79614,0.79644,0.30,4.00
2008.03.03 09:01:22.049,0.79615,0.79645,2.60,2.50
2008.03.03 09:01:22.082,0.7963,0.7967,0.60,4.30
2008.03.03 09:01:22.292,0.79616,0.79646,4.00,0.20
2008.03.03 09:01:22.405,0.7963,0.7967,0.60,4.30
2008.03.03 09:01:22.706,0.7963,0.7967,0.60,4.30
2008.03.03 09:01:22.744,0.79617,0.79647,13.60,0.20
2008.03.03 09:01:23.046,0.7963,0.7967,0.60,4.30
2008.03.03 09:01:23.158,0.79617,0.79647,0.60,0.20
2008.03.03 09:01:23.490,0.7963,0.7967,0.60,4.30
2008.03.03 09:01:23.492,0.79615,0.79645,9.60,0.20
2008.03.03 09:01:23.720,0.79614,0.79644,0.30,0.20
2008.03.03 09:01:23.931,0.7963,0.7967,0.60,4.30
2008.03.03 09:01:23.948,0.79614,0.79644,0.30,0.20
2008.03.03 09:01:24.253,0.7963,0.7967,0.60,4.30
2008.03.03 09:01:24.267,0.79614,0.79644,0.30,0.20
2008.03.03 09:01:24.498,0.79613,0.79643,4.00,0.20
2008.03.03 09:01:24.578,0.7963,0.7967,0.60,4.30
2008.03.03 09:01:24.908,0.7963,0.7967,0.60,4.30
2008.03.03 09:01:24.925,0.79612,0.79642,2.80,2.70
2008.03.03 09:01:25.256,0.7963,0.7967,0.60,4.30
2008.03.03 09:01:25.366,0.79612,0.79642,0.30,0.20
2008.03.03 09:01:25.584,0.7963,0.7967,0.60,4.30
2008.03.03 09:01:25.708,0.79611,0.79641,1.80,0.20
2008.03.03 09:01:25.910,0.7963,0.7967,0.60,4.30
2008.03.03 09:01:26.132,0.79612,0.79642,4.00,0.20
2008.03.03 09:01:26.235,0.7963,0.7967,0.60,4.30
2008.03.03 09:01:26.469,0.79614,0.79644,1.10,0.20
2008.03.03 09:01:26.567,0.7963,0.7967,0.60,4.30
2008.03.03 09:01:26.809,0.79616,0.79646,4.80,0.20
2008.03.03 09:01:26.898,0.7963,0.7967,0.60,4.30
2008.03.03 09:01:27.124,0.79614,0.79644,6.00,0.20
2008.03.03 09:01:27.225,0.7963,0.7967,0.60,4.30
2008.03.03 09:01:27.454,0.79616,0.79646,2.40,2.40
2008.03.03 09:01:27.551,0.7963,0.7967,0.60,4.30
2008.03.03 09:01:27.683,0.79614,0.79644,0.30,0.20
2008.03.03 09:01:27.873,0.7963,0.7967,0.60,4.30
2008.03.03 09:01:28.010,0.79614,0.79644,1.80,2.50
2008.03.03 09:01:28.215,0.7963,0.7967,0.60,4.30
2008.03.03 09:01:28.332,0.79612,0.79642,0.80,0.20
2008.03.03 09:01:28.664,0.7963,0.7967,0.60,4.30
2008.03.03 09:01:28.667,0.79614,0.79644,0.30,0.20
2008.03.03 09:01:29.004,0.79615,0.79645,0.30,0.20
2008.03.03 09:01:29.095,0.7963,0.7967,0.60,4.30
2008.03.03 09:01:29.313,0.7963,0.7967,0.60,4.30
2008.03.03 09:01:29.326,0.79616,0.79646,0.30,4.00
2008.03.03 09:01:29.554,0.79616,0.79646,0.30,2.40
2008.03.03 09:01:29.651,0.7963,0.7967,0.60,4.30
2008.03.03 09:01:29.879,0.79615,0.79645,2.40,2.60
2008.03.03 09:01:29.887,0.7963,0.7967,0.60,4.30
2008.03.03 09:01:30.215,0.79614,0.79644,1.00,9.60
2008.03.03 09:01:30.303,0.7963,0.7967,0.60,4.30
2008.03.03 09:01:30.541,0.79614,0.79644,7.20,0.20
2008.03.03 09:01:30.629,0.7963,0.7967,0.60,4.30
2008.03.03 09:01:30.876,0.79613,0.79643,2.40,0.20
2008.03.03 09:01:30.977,0.7963,0.7967,0.60,4.30
2008.03.03 09:01:31.183,0.7963,0.7967,0.60,4.30
2008.03.03 09:01:31.303,0.79614,0.79644,2.80,2.50
2008.03.03 09:01:31.516,0.7963,0.7967,0.60,4.30
2008.03.03 09:01:31.651,0.79616,0.79646,0.30,4.00
2008.03.03 09:01:31.769,0.7963,0.7967,0.60,4.30
2008.03.03 09:01:31.973,0.79615,0.79645,0.30,0.20
2008.03.03 09:01:32.064,0.7963,0.7967,0.60,4.30
2008.03.03 09:01:32.294,0.79614,0.79644,4.80,6.40
2008.03.03 09:01:32.406,0.7963,0.7967,0.60,4.30
2008.03.03 09:01:32.623,0.79617,0.79647,2.40,2.40
2008.03.03 09:01:32.744,0.7963,0.7967,0.60,4.30
2008.03.03 09:01:32.952,0.79617,0.79647,4.00,0.20
2008.03.03 09:01:33.077,0.7963,0.7967,0.60,4.30
2008.03.03 09:01:33.386,0.79619,0.79649,0.30,0.20
2008.03.03 09:01:33.512,0.7963,0.7967,0.60,4.30
2008.03.03 09:01:33.830,0.79617,0.79647,0.60,0.20
2008.03.03 09:01:33.980,0.7963,0.7967,0.60,4.30
2008.03.03 09:01:34.064,0.79615,0.79645,0.30,4.00
2008.03.03 09:01:34.165,0.7963,0.7967,0.60,4.30
2008.03.03 09:01:34.379,0.79612,0.79642,0.30,0.80
2008.03.03 09:01:34.392,0.7963,0.7967,0.60,4.30
2008.03.03 09:01:34.606,0.7963,0.7967,0.60,4.30
2008.03.03 09:01:34.711,0.79612,0.79642,0.30,0.20
2008.03.03 09:01:34.828,0.7963,0.7967,0.60,4.30
2008.03.03 09:01:35.040,0.7963,0.7967,0.60,4.30
2008.03.03 09:01:35.050,0.79614,0.79644,0.30,0.20
2008.03.03 09:01:35.480,0.7963,0.7967,0.60,4.30
2008.03.03 09:01:35.481,0.79616,0.79646,0.30,0.20
2008.03.03 09:01:35.917,0.79615,0.79645,0.40,0.20
2008.03.03 09:01:35.919,0.7963,0.7967,0.60,4.30
2008.03.03 09:01:36.143,0.7963,0.7967,0.60,4.30
2008.03.03 09:01:36.286,0.79616,0.79646,0.30,0.20
2008.03.03 09:01:36.358,0.7963,0.7967,0.60,4.30
2008.03.03 09:01:36.585,0.79614,0.79644,6.40,4.00
2008.03.03 09:01:36.590,0.7963,0.7967,0.60,4.30
2008.03.03 09:01:36.809,0.7963,0.7967,0.60,4.30
2008.03.03 09:01:36.912,0.79614,0.79644,0.30,0.20
2008.03.03 09:01:37.026,0.7963,0.7967,0.60,4.30
2008.03.03 09:01:37.149,0.79612,0.79642,0.30,0.20
2008.03.03 09:01:37.362,0.7963,0.7967,0.60,4.30
2008.03.03 09:01:37.469,0.79612,0.79642,2.40,4.00
2008.03.03 09:01:37.695,0.7963,0.7967,0.60,4.30
2008.03.03 09:01:37.795,0.79611,0.79641,0.60,0.20
2008.03.03 09:01:38.035,0.7963,0.7967,0.60,4.30
2008.03.03 09:01:38.128,0.79612,0.79642,0.30,0.20
2008.03.03 09:01:38.347,0.7963,0.7967,0.60,4.30
2008.03.03 09:01:38.457,0.79613,0.79643,0.05,4.00
2008.03.03 09:01:38.599,0.7963,0.7967,0.60,4.30
2008.03.03 09:01:38.782,0.79613,0.79643,0.30,0.40
2008.03.03 09:01:38.904,0.7963,0.7967,0.60,4.30
2008.03.03 09:01:39.119,0.79611,0.79641,2.60,2.40
2008.03.03 09:01:39.222,0.7963,0.7967,0.60,4.30
2008.03.03 09:01:39.399,0.79611,0.79641,0.30,0.40
2008.03.03 09:01:39.565,0.7963,0.7967,0.60,4.30
2008.03.03 09:01:39.624,0.79612,0.79637,6.40,0.20
2008.03.03 09:01:39.848,0.79614,0.79639,0.30,0.20
2008.03.03 09:01:40.014,0.7963,0.7967,0.60,4.30
2008.03.03 09:01:40.194,0.79616,0.79641,4.80,0.20
2008.03.03 09:01:40.325,0.7963,0.7967,0.60,4.30
2008.03.03 09:01:40.528,0.79617,0.79642,5.60,0.10
2008.03.03 09:01:40.683,0.7963,0.7967,0.60,4.30
2008.03.03 09:01:40.863,0.79616,0.79641,0.30,0.20
2008.03.03 09:01:40.981,0.7963,0.7967,0.60,4.30
2008.03.03 09:01:41.172,0.79617,0.79642,4.80,0.20
2008.03.03 09:01:41.332,0.7963,0.7967,0.60,4.30
2008.03.03 09:01:41.482,0.79617,0.79642,0.30,0.40
2008.03.03 09:01:41.662,0.7963,0.7967,0.60,4.30
2008.03.03 09:01:41.791,0.79619,0.79644,0.60,0.20
2008.03.03 09:01:42.095,0.7963,0.7967,0.60,4.30
2008.03.03 09:01:42.102,0.79615,0.79645,0.30,0.20
2008.03.03 09:01:42.350,0.79612,0.79642,0.30,2.40
2008.03.03 09:01:42.535,0.7963,0.7967,0.60,4.30
2008.03.03 09:01:42.599,0.79611,0.79641,0.50,0.40
2008.03.03 09:01:42.848,0.7961,0.7964,0.30,0.10
2008.03.03 09:01:42.963,0.7963,0.7967,0.60,4.30
2008.03.03 09:01:43.098,0.79614,0.79639,0.30,0.20
2008.03.03 09:01:43.320,0.7963,0.7967,0.60,4.30
2008.03.03 09:01:43.417,0.79617,0.79642,0.30,4.00
2008.03.03 09:01:43.527,0.7963,0.7967,0.60,4.30
2008.03.03 09:01:43.736,0.79615,0.79645,0.30,0.40
2008.03.03 09:01:43.855,0.7963,0.7967,0.60,4.30
2008.03.03 09:01:44.056,0.79614,0.79644,0.30,0.20
2008.03.03 09:01:44.170,0.7963,0.7967,0.60,4.30
2008.03.03 09:01:44.280,0.79613,0.79643,9.60,2.40
2008.03.03 09:01:44.504,0.79614,0.79639,0.30,0.20
2008.03.03 09:01:44.522,0.7963,0.7967,0.60,4.30
2008.03.03 09:01:44.729,0.79613,0.79638,0.50,0.20
2008.03.03 09:01:44.953,0.7963,0.7967,0.60,4.30
2008.03.03 09:01:44.954,0.79615,0.79635,0.30,0.20
2008.03.03 09:01:45.289,0.79612,0.79642,0.30,0.40
2008.03.03 09:01:45.401,0.7963,0.7967,0.60,4.30
2008.03.03 09:01:45.623,0.79617,0.79637,4.40,0.20
2008.03.03 09:01:45.730,0.7963,0.7967,0.60,4.30
2008.03.03 09:01:45.957,0.79616,0.79636,0.30,0.40
2008.03.03 09:01:46.046,0.7963,0.7967,0.60,4.30
2008.03.03 09:01:46.196,0.79611,0.79641,0.30,4.00
2008.03.03 09:01:46.386,0.7963,0.7967,0.60,4.30
2008.03.03 09:01:46.436,0.79614,0.79639,0.30,0.80
2008.03.03 09:01:46.674,0.79612,0.79637,0.30,0.20
2008.03.03 09:01:46.822,0.7963,0.7967,0.60,4.30
2008.03.03 09:01:46.913,0.79613,0.79638,2.40,2.40
2008.03.03 09:01:47.247,0.79615,0.7964,0.30,0.20
2008.03.03 09:01:47.265,0.7963,0.7967,0.60,4.30
2008.03.03 09:01:47.580,0.79616,0.79641,5.60,2.80
2008.03.03 09:01:47.600,0.7963,0.7967,0.60,4.30
2008.03.03 09:01:47.923,0.7963,0.7967,0.60,4.30
2008.03.03 09:01:48.030,0.79616,0.79641,0.30,0.20
2008.03.03 09:01:48.249,0.7963,0.7967,0.60,4.30
2008.03.03 09:01:48.250,0.79614,0.79639,0.30,0.20
2008.03.03 09:01:48.472,0.79613,0.79638,1.80,0.50
2008.03.03 09:01:48.571,0.7963,0.7967,0.60,4.30
2008.03.03 09:01:48.706,0.79612,0.79637,5.60,0.20
2008.03.03 09:01:48.919,0.7963,0.7967,0.60,4.30
2008.03.03 09:01:48.921,0.79612,0.79637,1.80,2.50
2008.03.03 09:01:49.136,0.79614,0.79639,2.40,0.20
2008.03.03 09:01:49.235,0.7963,0.7967,0.60,4.30
2008.03.03 09:01:49.557,0.79618,0.79643,5.60,2.40
2008.03.03 09:01:49.574,0.7963,0.7967,0.60,4.30
2008.03.03 09:01:49.892,0.79623,0.79643,0.60,0.20
2008.03.03 09:01:50.221,0.7963,0.7967,0.60,4.30
2008.03.03 09:01:50.226,0.7962,0.79645,0.50,1.90
2008.03.03 09:01:50.505,0.79619,0.79644,0.30,0.40
2008.03.03 09:01:50.564,0.7963,0.7967,0.60,4.30
2008.03.03 09:01:50.766,0.79619,0.79644,3.10,9.60
2008.03.03 09:01:50.895,0.7963,0.7967,0.60,4.30
2008.03.03 09:01:51.081,0.79617,0.79642,9.60,0.20
2008.03.03 09:01:51.235,0.7963,0.7967,0.60,4.30
2008.03.03 09:01:51.447,0.79619,0.79644,4.00,0.20
2008.03.03 09:01:51.560,0.7963,0.7967,0.60,4.30
2008.03.03 09:01:51.732,0.79617,0.79642,0.30,0.40
2008.03.03 09:01:51.889,0.7963,0.7967,0.60,4.30
2008.03.03 09:01:51.980,0.79619,0.79644,4.50,4.00
2008.03.03 09:01:52.221,0.7963,0.7967,0.60,4.30
2008.03.03 09:01:52.332,0.79618,0.79643,0.30,0.20
2008.03.03 09:01:52.550,0.7963,0.7967,0.60,4.30
2008.03.03 09:01:52.651,0.79617,0.79642,0.30,0.20
2008.03.03 09:01:52.988,0.7963,0.7967,0.60,4.30
2008.03.03 09:01:53.051,0.79617,0.79642,4.80,0.20
2008.03.03 09:01:53.370,0.79617,0.79642,0.30,0.20
2008.03.03 09:01:53.435,0.7963,0.7967,0.60,4.30
2008.03.03 09:01:53.585,0.79617,0.79642,0.10,2.40
2008.03.03 09:01:53.759,0.7963,0.7967,0.60,4.30
2008.03.03 09:01:53.798,0.79617,0.79637,6.40,0.20
2008.03.03 09:01:53.978,0.7963,0.7967,0.60,4.30
2008.03.03 09:01:54.013,0.79618,0.79638,2.60,8.10
2008.03.03 09:01:54.196,0.7963,0.7967,0.60,4.30
2008.03.03 09:01:54.228,0.7962,0.7964,0.30,0.20
2008.03.03 09:01:54.530,0.7963,0.7967,0.60,4.30
2008.03.03 09:01:54.582,0.79623,0.79638,6.40,2.40
2008.03.03 09:01:54.865,0.7963,0.7967,0.60,4.30
2008.03.03 09:01:54.950,0.79616,0.79641,0.30,2.40
2008.03.03 09:01:55.197,0.7963,0.7967,0.60,4.30
2008.03.03 09:01:55.284,0.79616,0.79641,4.00,4.70
2008.03.03 09:01:55.525,0.7963,0.7967,0.60,4.30
2008.03.03 09:01:55.603,0.79617,0.79642,0.10,0.20
2008.03.03 09:01:55.859,0.7963,0.7967,0.60,4.30
2008.03.03 09:01:55.950,0.79617,0.79642,0.30,4.00
2008.03.03 09:01:56.185,0.7963,0.7967,0.60,4.30
2008.03.03 09:01:56.256,0.79616,0.79641,0.30,0.20
2008.03.03 09:01:56.503,0.7963,0.7967,0.60,4.30
2008.03.03 09:01:56.604,0.79614,0.79639,0.60,4.00
2008.03.03 09:01:56.837,0.7963,0.7967,0.60,4.30
2008.03.03 09:01:56.928,0.79612,0.79637,7.20,0.20
2008.03.03 09:01:57.161,0.7963,0.7967,0.60,4.30
2008.03.03 09:01:57.245,0.79613,0.79638,0.30,0.50
2008.03.03 09:01:57.507,0.7963,0.7967,0.60,4.30
2008.03.03 09:01:57.628,0.79616,0.79641,9.60,2.40
2008.03.03 09:01:57.840,0.7963,0.7967,0.60,4.30
2008.03.03 09:01:57.942,0.79617,0.79642,6.40,0.20
2008.03.03 09:01:58.255,0.79617,0.79642,0.30,0.20
2008.03.03 09:01:58.259,0.7963,0.7967,0.60,4.30
2008.03.03 09:01:58.578,0.79617,0.79642,4.00,2.00
2008.03.03 09:01:58.600,0.7963,0.7967,0.60,4.30
2008.03.03 09:01:58.903,0.79617,0.79642,3.20,0.20
2008.03.03 09:01:58.930,0.7963,0.7967,0.60,4.30
2008.03.03 09:01:59.143,0.79617,0.79642,0.30,0.20
2008.03.03 09:01:59.257,0.7963,0.7967,0.60,4.30
2008.03.03 09:01:59.457,0.79618,0.79643,2.60,2.70
2008.03.03 09:01:59.581,0.7963,0.7967,0.60,4.30
2008.03.03 09:01:59.895,0.79617,0.79643,0.30,0.20
2008.03.03 09:01:59.915,0.7963,0.7967,0.60,4.30
2008.03.03 09:02:00.245,0.7963,0.7967,0.60,4.30
2008.03.03 09:02:00.283,0.79617,0.79643,4.00,0.20
2008.03.03 09:02:00.552,0.79617,0.79643,0.30,0.20
2008.03.03 09:02:00.581,0.7963,0.7967,0.60,4.30
2008.03.03 09:02:00.907,0.7963,0.7967,0.60,4.30
2008.03.03 09:02:00.925,0.79617,0.79643,4.00,2.40
2008.03.03 09:02:01.200,0.79617,0.79643,4.00,2.80
2008.03.03 09:02:01.233,0.7963,0.7967,0.60,4.30
2008.03.03 09:02:01.445,0.7962,0.7964,0.30,2.40
2008.03.03 09:02:01.559,0.7963,0.7967,0.60,4.30
2008.03.03 09:02:01.711,0.79622,0.79638,0.30,0.20
2008.03.03 09:02:01.914,0.7963,0.7967,0.60,4.30
2008.03.03 09:02:01.992,0.79622,0.79638,0.30,0.20
2008.03.03 09:02:02.231,0.7963,0.7967,0.60,4.30
2008.03.03 09:02:02.286,0.79617,0.79643,2.40,4.00
2008.03.03 09:02:02.514,0.7963,0.7967,0.60,4.30
2008.03.03 09:02:02.586,0.79617,0.79643,4.80,0.20
2008.03.03 09:02:02.880,0.79617,0.79643,4.00,0.20
2008.03.03 09:02:02.886,0.7963,0.7967,0.60,4.30
2008.03.03 09:02:03.174,0.79617,0.79643,0.30,0.20
2008.03.03 09:02:03.354,0.7963,0.7967,0.60,4.30
2008.03.03 09:02:03.418,0.79617,0.79643,2.80,2.70
2008.03.03 09:02:03.674,0.79617,0.79643,0.30,4.00
2008.03.03 09:02:03.765,0.7963,0.7967,0.60,4.30
2008.03.03 09:02:03.979,0.7963,0.7967,0.60,4.30
2008.03.03 09:02:04.005,0.79617,0.79643,0.30,4.00
2008.03.03 09:02:04.195,0.7963,0.7967,0.60,4.30
2008.03.03 09:02:04.415,0.7963,0.7967,0.60,4.30
2008.03.03 09:02:04.452,0.79617,0.79643,2.60,0.50
2008.03.03 09:02:04.643,0.7963,0.7967,0.60,4.30
2008.03.03 09:02:04.884,0.79617,0.79643,0.30,4.00
2008.03.03 09:02:05.095,0.7963,0.7967,0.60,4.30
2008.03.03 09:02:05.328,0.79617,0.79643,0.30,0.20
2008.03.03 09:02:05.514,0.7963,0.7967,0.60,4.30
2008.03.03 09:02:05.653,0.79617,0.79643,8.00,0.10
2008.03.03 09:02:05.967,0.7963,0.7967,0.60,4.30
2008.03.03 09:02:06.009,0.79617,0.79643,0.20,0.20
2008.03.03 09:02:06.290,0.7963,0.7967,0.60,4.30
2008.03.03 09:02:06.305,0.79617,0.79643,4.00,2.40
2008.03.03 09:02:06.620,0.7963,0.7967,0.60,4.30
2008.03.03 09:02:06.658,0.79617,0.79643,0.30,4.00
2008.03.03 09:02:06.963,0.7963,0.7967,0.60,4.30
2008.03.03 09:02:06.984,0.79617,0.79643,0.30,0.20
2008.03.03 09:02:07.296,0.7963,0.7967,0.60,4.30
2008.03.03 09:02:07.303,0.79617,0.79643,0.10,0.20
2008.03.03 09:02:07.644,0.79617,0.79643,0.30,3.80
2008.03.03 09:02:07.735,0.7963,0.7967,0.60,4.30
2008.03.03 09:02:07.966,0.79617,0.79643,0.30,0.50
2008.03.03 09:02:08.068,0.7963,0.7967,0.60,4.30
2008.03.03 09:02:08.297,0.79617,0.79643,0.30,0.20
2008.03.03 09:02:08.497,0.7963,0.7967,0.60,4.30
2008.03.03 09:02:08.639,0.79617,0.79643,8.00,0.20
2008.03.03 09:02:08.832,0.7963,0.7967,0.60,4.30
2008.03.03 09:02:08.961,0.79617,0.79643,5.60,2.40
2008.03.03 09:02:09.054,0.7963,0.7967,0.60,4.30
2008.03.03 09:02:09.279,0.7963,0.7967,0.60,4.30
2008.03.03 09:02:09.286,0.79617,0.79643,2.40,0.20
2008.03.03 09:02:09.516,0.7963,0.7967,0.60,4.30
2008.03.03 09:02:09.733,0.79617,0.79643,9.60,9.60
2008.03.03 09:02:09.823,0.7963,0.7967,0.60,4.30
2008.03.03 09:02:10.163,0.79617,0.79643,4.00,0.20
2008.03.03 09:02:10.252,0.7963,0.7967,0.60,4.30
2008.03.03 09:02:10.499,0.79617,0.79643,0.20,0.20
2008.03.03 09:02:10.644,0.79617,0.79643,4.00,0.20
2008.03.03 09:02:10.703,0.7963,0.7967,0.60,4.30
2008.03.03 09:02:10.893,0.79617,0.79643,0.30,0.20
2008.03.03 09:02:11.029,0.7963,0.7967,0.60,4.30
2008.03.03 09:02:11.247,0.7963,0.7967,0.60,4.30
2008.03.03 09:02:11.270,0.79617,0.79643,0.30,0.20
2008.03.03 09:02:11.574,0.7963,0.7967,0.60,4.30
2008.03.03 09:02:11.606,0.79617,0.79643,0.30,0.20
2008.03.03 09:02:11.802,0.7963,0.7967,0.60,4.30
2008.03.03 09:02:11.909,0.79617,0.79643,9.60,4.10
2008.03.03 09:02:12.134,0.79617,0.79643,0.30,0.40
2008.03.03 09:02:12.144,0.7963,0.7967,0.60,4.30
2008.03.03 09:02:12.564,0.7963,0.7967,0.60,4.30
2008.03.03 09:02:12.584,0.79617,0.79643,0.50,1.90
2008.03.03 09:02:12.892,0.7963,0.7967,0.60,4.30
2008.03.03 09:02:13.037,0.79617,0.79643,0.10,0.20
2008.03.03 09:02:13.245,0.7963,0.7967,0.60,4.30
2008.03.03 09:02:13.461,0.79617,0.79643,0.30,4.00
2008.03.03 09:02:13.666,0.7963,0.7967,0.60,4.30
2008.03.03 09:02:13.678,0.79617,0.79643,0.30,0.20
2008.03.03 09:02:13.907,0.79617,0.79643,2.60,2.50
2008.03.03 09:02:13.987,0.7963,0.7967,0.60,4.30
2008.03.03 09:02:14.142,0.79617,0.79643,0.60,0.20
2008.03.03 09:02:14.324,0.7963,0.7967,0.60,4.30
2008.03.03 09:02:14.359,0.79617,0.79643,8.20,0.20
2008.03.03 09:02:14.653,0.7963,0.7967,0.60,4.30
2008.03.03 09:02:14.786,0.79617,0.79643,0.60,0.20
2008.03.03 09:02:14.986,0.7963,0.7967,0.60,4.30
2008.03.03 09:02:15.226,0.79617,0.79643,1.60,9.60
2008.03.03 09:02:15.321,0.7963,0.7967,0.60,4.30
2008.03.03 09:02:15.647,0.7963,0.7967,0.60,4.30
2008.03.03 09:02:15.670,0.79617,0.79643,4.00,2.70
2008.03.03 09:02:16.022,0.79617,0.79643,2.40,2.40
2008.03.03 09:02:16.084,0.7963,0.7967,0.60,4.30
2008.03.03 09:02:16.323,0.7963,0.7967,0.60,4.30
2008.03.03 09:02:16.443,0.79617,0.79643,0.30,2.40
2008.03.03 09:02:16.631,0.7963,0.7967,0.60,4.30
2008.03.03 09:02:16.649,0.79617,0.79643,4.20,2.40
2008.03.03 09:02:16.774,0.79617,0.79643,0.30,4.00
2008.03.03 09:02:16.884,0.79617,0.79643,8.00,0.20
2008.03.03 09:02:16.967,0.7963,0.7967,0.60,4.30
2008.03.03 09:02:16.989,0.79617,0.79643,4.00,0.20
2008.03.03 09:02:17.196,0.79617,0.79643,0.30,0.20
2008.03.03 09:02:17.283,0.7963,0.7967,0.60,4.30
2008.03.03 09:02:17.313,0.79617,0.79643,0.30,0.20
2008.03.03 09:02:17.437,0.79617,0.79643,0.30,0.20
2008.03.03 09:02:17.536,0.79617,0.79643,0.30,4.00
2008.03.03 09:02:17.583,0.79617,0.79643,0.30,0.80
2008.03.03 09:02:17.638,0.7963,0.7967,0.60,4.30
2008.03.03 09:02:17.959,0.7963,0.7967,0.60,4.30
2008.03.03 09:02:18.292,0.7963,0.7967,0.60,4.30
2008.03.03 09:02:18.626,0.7963,0.7967,0.60,4.30
2008.03.03 09:02:18.957,0.79617,0.79643,0.30,0.20
2008.03.03 09:02:19.056,0.7963,0.7967,0.60,4.30
2008.03.03 09:02:19.198,0.79617,0.79643,0.60,2.40
2008.03.03 09:02:19.269,0.7963,0.7967,0.60,4.30
2008.03.03 09:02:19.478,0.7963,0.7967,0.60,4.30
2008.03.03 09:02:19.600,0.79617,0.79643,0.30,0.20
2008.03.03 09:02:19.686,0.7963,0.7967,0.60,4.30
2008.03.03 09:02:19.931,0.7963,0.7967,0.60,4.30
2008.03.03 09:02:19.934,0.79617,0.79643,2.40,2.40
2008.03.03 09:02:20.254,0.7963,0.7967,0.60,4.30
2008.03.03 09:02:20.267,0.79617,0.79643,2.40,4.10
2008.03.03 09:02:20.530,0.7961,0.7965,0.30,0.20
2008.03.03 09:02:20.585,0.7963,0.7967,0.60,4.30
2008.03.03 09:02:20.795,0.79602,0.79658,0.30,4.00
2008.03.03 09:02:20.914,0.7963,0.7967,0.60,4.30
2008.03.03 09:02:21.058,0.79602,0.79658,0.30,0.20
2008.03.03 09:02:21.258,0.7963,0.7967,0.60,4.30
2008.03.03 09:02:21.378,0.79602,0.79658,2.40,2.40
2008.03.03 09:02:21.581,0.7963,0.7967,0.60,4.30
2008.03.03 09:02:21.727,0.79602,0.79658,0.30,0.20
2008.03.03 09:02:21.928,0.7963,0.7967,0.60,4.30
2008.03.03 09:02:22.041,0.79602,0.79658,0.30,0.20
2008.03.03 09:02:22.242,0.7963,0.7967,0.60,4.30
2008.03.03 09:02:22.383,0.79602,0.79658,4.00,0.20
2008.03.03 09:02:22.566,0.7963,0.7967,0.60,4.30
2008.03.03 09:02:22.694,0.79602,0.79658,0.30,0.20
2008.03.03 09:02:22.916,0.7963,0.7967,0.60,4.30
2008.03.03 09:02:23.031,0.79602,0.79658,4.00,2.40
2008.03.03 09:02:23.238,0.7963,0.7967,0.60,4.30
2008.03.03 09:02:23.357,0.79602,0.79658,0.60,2.40
2008.03.03 09:02:23.673,0.7963,0.7967,0.60,4.30
2008.03.03 09:02:23.685,0.79602,0.79658,4.00,2.40
2008.03.03 09:02:23.987,0.79602,0.79658,0.50,0.20
2008.03.03 09:02:24.100,0.7963,0.7967,0.60,4.30
2008.03.03 09:02:24.246,0.796,0.7966,0.30,0.20
2008.03.03 09:02:24.325,0.7963,0.7967,0.60,4.30
2008.03.03 09:02:24.558,0.7963,0.7967,0.60,4.30
2008.03.03 09:02:24.681,0.796,0.7966,0.30,0.20
2008.03.03 09:02:24.885,0.7963,0.7967,0.60,4.30
2008.03.03 09:02:25.025,0.796,0.7966,0.30,0.20
2008.03.03 09:02:25.216,0.7963,0.7967,0.60,4.30
2008.03.03 09:02:25.396,0.796,0.7966,0.60,0.20
2008.03.03 09:02:25.652,0.7963,0.7967,0.60,4.30
2008.03.03 09:02:25.679,0.796,0.7966,0.20,0.20
2008.03.03 09:02:26.041,0.796,0.7966,0.30,0.20
2008.03.03 09:02:26.099,0.7963,0.7967,0.60,4.30
2008.03.03 09:02:26.344,0.796,0.7966,2.60,2.70
2008.03.03 09:02:26.421,0.7963,0.7967,0.60,4.30
2008.03.03 09:02:26.642,0.7963,0.7967,0.60,4.30
2008.03.03 09:02:26.649,0.796,0.7966,4.80,8.30
2008.03.03 09:02:26.861,0.7963,0.7967,0.60,4.30
2008.03.03 09:02:27.005,0.796,0.7966,0.30,0.20
2008.03.03 09:02:27.088,0.7963,0.7967,0.60,4.30
2008.03.03 09:02:27.337,0.796,0.7966,2.40,0.50
2008.03.03 09:02:27.411,0.7963,0.7967,0.60,4.30
2008.03.03 09:02:27.658,0.796,0.7966,4.20,9.60
2008.03.03 09:02:27.734,0.7963,0.7967,0.60,4.30
2008.03.03 09:02:27.983,0.796,0.7966,0.30,0.20
2008.03.03 09:02:28.079,0.7963,0.7967,0.60,4.30
2008.03.03 09:02:28.308,0.796,0.7966,0.30,4.00
2008.03.03 09:02:28.505,0.7963,0.7967,0.60,4.30
2008.03.03 09:02:28.647,0.796,0.7966,2.40,2.40
2008.03.03 09:02:28.949,0.7963,0.7967,0.60,4.30
2008.03.03 09:02:28.963,0.796,0.7966,2.40,4.10
2008.03.03 09:02:29.191,0.796,0.7966,2.80,2.50
2008.03.03 09:02:29.379,0.7963,0.7967,0.60,4.30
2008.03.03 09:02:29.604,0.7963,0.7967,0.60,4.30
2008.03.03 09:02:29.608,0.796,0.7966,0.30,0.20
2008.03.03 09:02:29.834,0.7963,0.7967,0.60,4.30
2008.03.03 09:02:29.938,0.796,0.7966,0.30,3.30
2008.03.03 09:02:30.165,0.7963,0.7967,0.60,4.30
2008.03.03 09:02:30.303,0.79597,0.79663,11.40,2.50
2008.03.03 09:02:30.487,0.7963,0.7967,0.60,4.30
2008.03.03 09:02:30.618,0.79597,0.79663,0.80,0.20
2008.03.03 09:02:30.822,0.7963,0.7967,0.60,4.30
2008.03.03 09:02:30.953,0.79597,0.79663,0.30,1.70
2008.03.03 09:02:31.141,0.7963,0.7967,0.60,4.30
2008.03.03 09:02:31.263,0.79597,0.79663,0.30,2.50
2008.03.03 09:02:31.481,0.7963,0.7967,0.60,4.30
2008.03.03 09:02:31.627,0.79597,0.79663,2.60,0.70
2008.03.03 09:02:31.815,0.7963,0.7967,0.60,4.30
2008.03.03 09:02:31.948,0.79597,0.79663,0.30,0.20
2008.03.03 09:02:32.144,0.7963,0.7967,0.60,4.30
2008.03.03 09:02:32.274,0.79597,0.79663,0.30,0.20
2008.03.03 09:02:32.469,0.7963,0.7967,0.60,4.30
2008.03.03 09:02:32.519,0.79597,0.79663,0.30,0.20
2008.03.03 09:02:32.803,0.7963,0.7967,0.60,4.30
2008.03.03 09:02:32.834,0.79607,0.79653,0.30,0.20
2008.03.03 09:02:33.118,0.7963,0.7967,0.60,4.30
2008.03.03 09:02:33.149,0.79607,0.79653,4.00,0.20
2008.03.03 09:02:33.457,0.79607,0.79653,0.30,2.90
2008.03.03 09:02:33.460,0.7963,0.7967,0.60,4.30
2008.03.03 09:02:33.819,0.79607,0.79653,0.30,4.00
2008.03.03 09:02:33.902,0.7963,0.7967,0.60,4.30
2008.03.03 09:02:34.145,0.79607,0.79653,0.30,0.20
2008.03.03 09:02:34.234,0.7963,0.7967,0.60,4.30
2008.03.03 09:02:34.464,0.79607,0.79653,2.40,2.40
2008.03.03 09:02:34.556,0.7963,0.7967,0.60,4.30
2008.03.03 09:02:34.786,0.7963,0.7967,0.60,4.30
2008.03.03 09:02:34.926,0.79607,0.79653,0.60,0.20
2008.03.03 09:02:35.101,0.7963,0.7967,0.60,4.30
2008.03.03 09:02:35.331,0.7963,0.7967,0.60,4.30
2008.03.03 09:02:35.340,0.79607,0.79653,2.40,2.40
2008.03.03 09:02:35.657,0.7963,0.7967,0.60,4.30
2008.03.03 09:02:35.692,0.79607,0.79653,0.30,4.00
2008.03.03 09:02:35.986,0.7963,0.7967,0.60,4.30
2008.03.03 09:02:36.013,0.79607,0.79653,0.30,0.20
2008.03.03 09:02:36.340,0.79607,0.79653,0.60,0.20
2008.03.03 09:02:36.428,0.7963,0.7967,0.60,4.30
2008.03.03 09:02:36.669,0.7963,0.7967,0.60,4.30
2008.03.03 09:02:36.672,0.79607,0.79653,0.30,2.50
2008.03.03 09:02:36.979,0.79607,0.79653,0.30,0.20
2008.03.03 09:02:36.996,0.7963,0.7967,0.60,4.30
2008.03.03 09:02:37.218,0.79607,0.79653,0.70,0.20
2008.03.03 09:02:37.332,0.7963,0.7967,0.60,4.30
2008.03.03 09:02:37.557,0.79607,0.79653,0.30,0.20
2008.03.03 09:02:37.751,0.7963,0.7967,0.60,4.30
2008.03.03 09:02:37.881,0.79607,0.79653,0.60,0.80
2008.03.03 09:02:38.094,0.7963,0.7967,0.60,4.30
2008.03.03 09:02:38.212,0.79607,0.79653,4.00,0.20
2008.03.03 09:02:38.525,0.7963,0.7967,0.60,4.30
2008.03.03 09:02:38.535,0.79607,0.79653,0.70,4.00
2008.03.03 09:02:38.754,0.79612,0.79648,0.30,0.20
2008.03.03 09:02:38.850,0.7963,0.7967,0.60,4.30
2008.03.03 09:02:38.973,0.79615,0.79645,0.30,0.40
2008.03.03 09:02:39.181,0.7963,0.7967,0.60,4.30
2008.03.03 09:02:39.194,0.79615,0.79645,0.60,0.40
2008.03.03 09:02:39.414,0.79612,0.79648,4.00,0.20
2008.03.03 09:02:39.517,0.7963,0.7967,0.60,4.30
2008.03.03 09:02:39.633,0.79612,0.79648,0.30,0.20
2008.03.03 09:02:39.846,0.7963,0.7967,0.60,4.30
2008.03.03 09:02:39.969,0.7962,0.7964,2.40,2.40
2008.03.03 09:02:40.174,0.7963,0.7967,0.60,4.30
2008.03.03 09:02:40.304,0.79628,0.79632,11.20,0.20
2008.03.03 09:02:40.506,0.7963,0.7967,0.60,4.30
2008.03.03 09:02:40.638,0.79612,0.79648,13.60,0.20
2008.03.03 09:02:40.971,0.79612,0.79648,0.60,4.00
2008.03.03 09:02:41.052,0.7963,0.7967,0.60,4.30
2008.03.03 09:02:41.292,0.79612,0.79648,2.80,2.50
2008.03.03 09:02:41.378,0.7963,0.7967,0.60,4.30
2008.03.03 09:02:41.606,0.79612,0.79648,0.30,0.20
2008.03.03 09:02:41.840,0.79612,0.79648,9.60,0.20
2008.03.03 09:02:42.073,0.79612,0.79648,2.60,2.50
2008.03.03 09:02:42.307,0.79612,0.79648,0.30,0.20
2008.03.03 09:02:42.621,0.79597,0.79663,2.80,2.40
2008.03.03 09:02:42.843,0.7963,0.7967,0.60,4.30
2008.03.03 09:02:42.932,0.7963,0.7967,0.60,4.30
2008.03.03 09:02:42.954,0.79597,0.79663,2.40,2.40
2008.03.03 09:02:43.027,0.7963,0.7967,0.60,4.30
2008.03.03 09:02:43.145,0.7963,0.7967,0.60,4.30
2008.03.03 09:02:43.254,0.7963,0.7967,0.60,4.30
2008.03.03 09:02:43.354,0.79597,0.79663,0.60,0.20
2008.03.03 09:02:43.403,0.7963,0.7967,0.60,4.30
2008.03.03 09:02:43.483,0.7963,0.7967,2.80,3.50
2008.03.03 09:02:43.593,0.7963,0.7967,2.80,3.50
2008.03.03 09:02:43.699,0.7963,0.7967,2.80,3.50
2008.03.03 09:02:43.707,0.79597,0.79663,4.00,0.20
2008.03.03 09:02:43.824,0.7963,0.7967,2.80,3.50
2008.03.03 09:02:44.030,0.79597,0.79663,2.40,2.40
2008.03.03 09:02:44.236,0.7963,0.7967,2.80,3.50
2008.03.03 09:02:44.244,0.79597,0.79663,1.80,2.50
2008.03.03 09:02:44.459,0.79597,0.79663,4.00,0.20
2008.03.03 09:02:44.573,0.7963,0.7967,2.80,3.50
2008.03.03 09:02:44.805,0.79597,0.79663,0.30,0.40
2008.03.03 09:02:45.013,0.7963,0.7967,2.80,3.50
2008.03.03 09:02:45.247,0.79597,0.79663,0.30,0.20
2008.03.03 09:02:45.343,0.7963,0.7967,2.80,3.50
2008.03.03 09:02:45.586,0.79597,0.79663,4.00,0.20
2008.03.03 09:02:45.678,0.7963,0.7967,2.80,3.50
2008.03.03 09:02:45.898,0.7963,0.7967,2.80,3.50
2008.03.03 09:02:45.960,0.79597,0.79663,4.80,0.20
2008.03.03 09:02:46.275,0.79597,0.79663,4.00,0.20
2008.03.03 09:02:46.344,0.7963,0.7967,2.80,3.50
2008.03.03 09:02:46.589,0.79597,0.79663,0.50,10.50
2008.03.03 09:02:46.671,0.7963,0.7967,2.80,3.50
2008.03.03 09:02:46.903,0.79602,0.79658,0.30,0.20
2008.03.03 09:02:47.011,0.7963,0.7967,2.80,3.50
2008.03.03 09:02:47.127,0.79602,0.79658,0.30,0.20
2008.03.03 09:02:47.326,0.7963,0.7967,2.80,3.50
2008.03.03 09:02:47.351,0.79602,0.79658,0.30,0.20
2008.03.03 09:02:47.539,0.7963,0.7967,2.80,3.50
2008.03.03 09:02:47.573,0.79597,0.79663,8.00,0.20
2008.03.03 09:02:47.769,0.7963,0.7967,2.80,3.50
2008.03.03 09:02:47.986,0.7963,0.7967,2.80,3.50
2008.03.03 09:02:47.993,0.79597,0.79663,1.80,4.00
2008.03.03 09:02:48.325,0.79597,0.79663,0.30,0.20
2008.03.03 09:02:48.430,0.7963,0.7967,2.80,3.50
2008.03.03 09:02:48.758,0.79597,0.79663,0.30,0.20
2008.03.03 09:02:48.767,0.7963,0.7967,2.80,3.50
2008.03.03 09:02:48.977,0.79597,0.79663,2.40,2.40
2008.03.03 09:02:49.190,0.7963,0.7967,2.80,3.50
2008.03.03 09:02:49.205,0.79597,0.79663,0.30,4.00
2008.03.03 09:02:49.416,0.7963,0.7967,2.80,3.50
2008.03.03 09:02:49.536,0.79597,0.79663,0.30,0.20
2008.03.03 09:02:49.748,0.79597,0.79663,0.30,0.20
2008.03.03 09:02:49.749,0.7963,0.7967,2.80,3.50
2008.03.03 09:02:49.967,0.7963,0.7967,2.80,3.50
2008.03.03 09:02:50.189,0.7963,0.7967,2.80,3.50
2008.03.03 09:02:50.194,0.79597,0.79663,0.30,0.20
2008.03.03 09:02:50.518,0.7963,0.7967,2.80,3.50
2008.03.03 09:02:50.531,0.79597,0.79663,4.00,0.20
2008.03.03 09:02:50.865,0.7963,0.7967,2.80,3.50
2008.03.03 09:02:50.870,0.79597,0.79663,0.30,2.40
2008.03.03 09:02:51.185,0.79597,0.79663,2.40,0.40
2008.03.03 09:02:51.294,0.7963,0.7967,2.80,3.50
2008.03.03 09:02:51.516,0.7963,0.7967,2.80,3.50
2008.03.03 09:02:51.524,0.79597,0.79663,2.40,2.40
2008.03.03 09:02:51.803,0.79597,0.79663,6.40,0.40
2008.03.03 09:02:51.845,0.7963,0.7967,2.80,3.50
2008.03.03 09:02:52.079,0.7963,0.7967,2.80,3.50
2008.03.03 09:02:52.114,0.796,0.7966,2.60,2.70
2008.03.03 09:02:52.402,0.7963,0.7967,2.80,3.50
2008.03.03 09:02:52.443,0.79602,0.79658,0.30,0.40
2008.03.03 09:02:52.723,0.7963,0.7967,2.80,3.50
2008.03.03 09:02:52.753,0.79607,0.79653,2.60,2.70
2008.03.03 09:02:53.042,0.7963,0.7967,2.80,3.50
2008.03.03 09:02:53.062,0.79607,0.79653,0.60,2.40
2008.03.03 09:02:53.379,0.7963,0.7967,0.60,0.40
2008.03.03 09:02:53.384,0.79607,0.79653,1.60,2.40
2008.03.03 09:02:53.732,0.79607,0.79653,0.30,0.20
2008.03.03 09:02:53.806,0.7963,0.7967,0.60,0.40
2008.03.03 09:02:54.046,0.79607,0.79653,0.60,2.50
2008.03.03 09:02:54.148,0.7963,0.7967,0.60,0.40
2008.03.03 09:02:54.459,0.79607,0.79653,8.00,0.20
2008.03.03 09:02:54.583,0.7963,0.7967,0.60,0.40
2008.03.03 09:02:54.794,0.79607,0.79653,8.00,0.20
2008.03.03 09:02:55.017,0.7963,0.7967,0.60,0.40
2008.03.03 09:02:55.145,0.79607,0.79653,0.80,0.20
2008.03.03 09:02:55.354,0.7963,0.7967,0.60,0.40
2008.03.03 09:02:55.582,0.79607,0.79653,0.30,0.20
2008.03.03 09:02:55.673,0.7963,0.7967,0.60,0.40
2008.03.03 09:02:55.927,0.79607,0.79653,0.30,4.00
2008.03.03 09:02:56.023,0.7963,0.7967,0.60,0.40
2008.03.03 09:02:56.249,0.79607,0.79653,0.30,0.20
2008.03.03 09:02:56.332,0.7963,0.7967,0.60,0.40
2008.03.03 09:02:56.525,0.79607,0.79653,5.60,2.40
2008.03.03 09:02:56.676,0.7963,0.7967,0.60,0.40
2008.03.03 09:02:56.759,0.79607,0.79653,0.30,4.00
2008.03.03 09:02:56.993,0.79607,0.79653,2.40,4.00
2008.03.03 09:02:57.029,0.7963,0.7967,0.60,0.40
2008.03.03 09:02:57.343,0.7963,0.7967,0.60,0.40
2008.03.03 09:02:57.348,0.79607,0.79653,0.30,0.20
2008.03.03 09:02:57.684,0.79607,0.79653,2.60,2.50
2008.03.03 09:02:57.801,0.7963,0.7967,0.60,0.40
2008.03.03 09:02:58.014,0.79607,0.79653,0.30,0.20
2008.03.03 09:02:58.210,0.7963,0.7967,0.60,0.40
2008.03.03 09:02:58.345,0.79607,0.79653,0.30,0.20
2008.03.03 09:02:58.545,0.7963,0.7967,0.60,0.40
2008.03.03 09:02:58.625,0.79607,0.79653,0.30,6.40
2008.03.03 09:02:58.871,0.7963,0.7967,0.60,0.40
2008.03.03 09:02:58.979,0.79607,0.79653,6.40,4.80
2008.03.03 09:02:59.204,0.7963,0.7967,0.60,0.40
2008.03.03 09:02:59.314,0.79607,0.79653,0.30,0.20
2008.03.03 09:02:59.531,0.7963,0.7967,0.60,0.40
2008.03.03 09:02:59.650,0.79607,0.79653,8.20,2.50
2008.03.03 09:02:59.860,0.7963,0.7967,0.60,0.40
2008.03.03 09:03:00.202,0.7963,0.7967,0.60,0.40
2008.03.03 09:03:00.479,0.79607,0.79653,9.60,0.20
2008.03.03 09:03:00.521,0.7963,0.7967,0.60,0.40
2008.03.03 09:03:00.783,0.79607,0.79653,10.00,8.10
2008.03.03 09:03:00.846,0.7963,0.7967,0.60,0.40
2008.03.03 09:03:01.087,0.79615,0.7965,0.30,0.40
2008.03.03 09:03:01.177,0.7963,0.7967,0.60,0.40
2008.03.03 09:03:01.392,0.79622,0.79647,2.40,0.50
2008.03.03 09:03:01.509,0.7963,0.7967,0.60,0.40
2008.03.03 09:03:01.701,0.79622,0.79647,0.30,0.90
2008.03.03 09:03:01.830,0.7963,0.7967,0.60,0.40
2008.03.03 09:03:02.017,0.79621,0.79646,4.00,0.20
2008.03.03 09:03:02.166,0.7963,0.7967,0.60,0.40
2008.03.03 09:03:02.359,0.7962,0.79645,4.00,2.50
2008.03.03 09:03:02.492,0.7963,0.7967,0.60,0.40
2008.03.03 09:03:02.721,0.79621,0.79646,0.30,0.20
2008.03.03 09:03:02.830,0.7963,0.7967,0.60,0.40
2008.03.03 09:03:03.055,0.79621,0.79646,0.30,4.00
2008.03.03 09:03:03.280,0.7963,0.7967,0.60,0.40
2008.03.03 09:03:03.389,0.79621,0.79646,2.40,8.00
2008.03.03 09:03:03.710,0.7963,0.7967,0.60,0.40
2008.03.03 09:03:03.723,0.79621,0.79646,0.30,0.20
2008.03.03 09:03:03.953,0.79617,0.79647,0.30,4.00
2008.03.03 09:03:04.047,0.7963,0.7967,0.60,0.40
2008.03.03 09:03:04.182,0.79616,0.79646,2.40,2.40
2008.03.03 09:03:04.411,0.79614,0.79644,4.00,0.20
2008.03.03 09:03:04.477,0.7963,0.7967,0.60,0.40
2008.03.03 09:03:04.641,0.79616,0.79641,0.30,0.80
2008.03.03 09:03:04.708,0.7963,0.7967,0.60,0.40
2008.03.03 09:03:04.975,0.79612,0.79642,4.40,0.20
2008.03.03 09:03:05.033,0.7963,0.7967,0.60,0.40
2008.03.03 09:03:05.260,0.7963,0.7967,0.60,0.40
2008.03.03 09:03:05.309,0.79614,0.79639,0.30,0.20
2008.03.03 09:03:05.573,0.7963,0.7967,0.60,0.40
2008.03.03 09:03:05.643,0.79612,0.79637,0.30,0.20
2008.03.03 09:03:05.877,0.7963,0.7967,0.60,0.40
2008.03.03 09:03:05.879,0.79612,0.79637,0.30,0.20
2008.03.03 09:03:06.151,0.79615,0.7964,12.00,4.10
2008.03.03 09:03:06.165,0.7963,0.7967,0.60,0.20
2008.03.03 09:03:06.407,0.79614,0.79644,0.30,0.20
2008.03.03 09:03:06.460,0.7963,0.7967,0.60,0.20
2008.03.03 09:03:06.661,0.79615,0.79645,3.20,0.20
2008.03.03 09:03:06.784,0.7963,0.7967,0.60,0.20
2008.03.03 09:03:06.941,0.79616,0.79641,0.30,0.20
2008.03.03 09:03:07.126,0.7963,0.7967,0.60,0.20
2008.03.03 09:03:07.219,0.79614,0.79639,5.60,4.30
2008.03.03 09:03:07.475,0.7963,0.7967,0.60,0.20
2008.03.03 09:03:07.499,0.79612,0.79642,0.30,0.20
2008.03.03 09:03:07.788,0.79615,0.79645,0.30,2.40
2008.03.03 09:03:07.886,0.7963,0.7967,0.60,0.20
2008.03.03 09:03:08.077,0.7962,0.79645,0.30,0.20
2008.03.03 09:03:08.224,0.7963,0.7967,0.60,0.20
2008.03.03 09:03:08.405,0.79621,0.79646,0.30,4.00
2008.03.03 09:03:08.662,0.7963,0.7967,0.60,0.20
2008.03.03 09:03:08.738,0.79619,0.79644,0.70,0.40
2008.03.03 09:03:09.041,0.79617,0.79642,2.00,2.50
2008.03.03 09:03:09.042,0.7963,0.7967,0.30,0.20
2008.03.03 09:03:09.285,0.79619,0.79644,0.30,6.40
2008.03.03 09:03:09.426,0.7963,0.7967,0.30,0.20
2008.03.03 09:03:09.591,0.79619,0.79644,0.30,0.20
2008.03.03 09:03:09.769,0.7963,0.7967,0.30,0.20
2008.03.03 09:03:09.925,0.79618,0.79643,2.40,2.40
2008.03.03 09:03:10.096,0.7963,0.7967,0.30,0.20
2008.03.03 09:03:10.258,0.79617,0.79642,1.00,4.00
2008.03.03 09:03:10.316,0.79625,0.7967,2.60,0.40
2008.03.03 09:03:10.712,0.79616,0.79641,0.30,0.20
2008.03.03 09:03:10.745,0.79625,0.7967,2.60,0.40
2008.03.03 09:03:11.047,0.79614,0.79639,2.40,0.20
2008.03.03 09:03:11.079,0.79625,0.7967,2.60,0.40
2008.03.03 09:03:11.368,0.79614,0.79639,4.00,0.20
2008.03.03 09:03:11.515,0.79625,0.7967,2.60,0.40
2008.03.03 09:03:11.687,0.79616,0.79641,4.00,0.20
2008.03.03 09:03:11.743,0.79625,0.7967,2.60,0.40
2008.03.03 09:03:11.925,0.79617,0.79642,0.30,0.20
2008.03.03 09:03:12.059,0.79625,0.7967,2.60,0.40
2008.03.03 09:03:12.220,0.79619,0.79644,0.30,0.20
2008.03.03 09:03:12.302,0.79625,0.7967,2.60,0.40
2008.03.03 09:03:12.458,0.7962,0.79645,0.60,0.20
2008.03.03 09:03:12.621,0.79625,0.7967,2.60,0.40
2008.03.03 09:03:12.698,0.79621,0.79646,4.00,0.20
2008.03.03 09:03:13.028,0.79609,0.79655,6.40,0.20
2008.03.03 09:03:13.057,0.79625,0.7967,2.60,0.40
2008.03.03 09:03:13.358,0.79607,0.79653,0.30,0.20
2008.03.03 09:03:13.395,0.79625,0.7967,2.60,0.40
2008.03.03 09:03:13.690,0.79607,0.79653,2.40,4.00
2008.03.03 09:03:13.827,0.79625,0.7967,2.60,0.40
2008.03.03 09:03:14.003,0.79607,0.79653,0.30,0.20
2008.03.03 09:03:14.160,0.79625,0.7967,2.60,0.40
2008.03.03 09:03:14.240,0.79607,0.79653,1.00,0.20
2008.03.03 09:03:14.488,0.79625,0.7967,2.60,0.40
2008.03.03 09:03:14.556,0.79607,0.79653,2.60,6.40
2008.03.03 09:03:14.716,0.79625,0.7967,2.60,0.40
2008.03.03 09:03:14.983,0.79607,0.79653,1.60,5.60
2008.03.03 09:03:15.040,0.79625,0.7967,2.60,0.40
2008.03.03 09:03:15.254,0.79625,0.7967,2.60,0.40
2008.03.03 09:03:15.317,0.79607,0.79653,0.30,0.20
2008.03.03 09:03:15.478,0.79625,0.7967,2.60,0.40
2008.03.03 09:03:15.667,0.79607,0.79653,0.30,0.20
2008.03.03 09:03:15.802,0.7963,0.7967,0.30,0.40
2008.03.03 09:03:16.094,0.79607,0.79653,0.30,4.00
2008.03.03 09:03:16.141,0.7963,0.7967,0.30,0.40
2008.03.03 09:03:16.429,0.79607,0.79653,4.00,0.20
2008.03.03 09:03:16.463,0.7963,0.7967,0.30,0.40
2008.03.03 09:03:16.799,0.7963,0.7967,0.30,0.40
2008.03.03 09:03:16.874,0.79607,0.79653,2.40,0.20
2008.03.03 09:03:17.079,0.7963,0.7967,0.30,0.40
2008.03.03 09:03:17.107,0.79607,0.79653,0.30,0.20
2008.03.03 09:03:17.315,0.79607,0.79653,0.30,0.20
2008.03.03 09:03:17.344,0.7963,0.7967,0.30,0.40
2008.03.03 09:03:17.563,0.7963,0.7967,0.30,0.40
2008.03.03 09:03:17.586,0.79608,0.79654,2.60,2.50
2008.03.03 09:03:17.795,0.79615,0.7965,0.30,0.20
2008.03.03 09:03:17.899,0.7963,0.7967,0.30,0.40
2008.03.03 09:03:18.133,0.79615,0.7965,0.30,4.00
2008.03.03 09:03:18.341,0.7963,0.7967,0.30,0.40
2008.03.03 09:03:18.490,0.79619,0.79649,0.20,0.20
2008.03.03 09:03:18.783,0.7963,0.7967,0.30,0.40
2008.03.03 09:03:18.829,0.79626,0.79641,0.30,0.20
2008.03.03 09:03:19.049,0.79617,0.79647,4.00,0.20
2008.03.03 09:03:19.107,0.7963,0.7967,0.30,0.40
2008.03.03 09:03:19.267,0.79616,0.79646,0.30,0.20
2008.03.03 09:03:19.440,0.7963,0.7967,0.30,0.40
2008.03.03 09:03:19.486,0.79615,0.79645,0.30,0.20
2008.03.03 09:03:19.706,0.79616,0.79646,0.60,0.20
2008.03.03 09:03:19.875,0.7963,0.7967,0.30,0.40
2008.03.03 09:03:19.924,0.79617,0.79647,4.10,0.20
2008.03.03 09:03:20.095,0.7963,0.7967,0.30,0.40
2008.03.03 09:03:20.258,0.7962,0.79645,0.30,0.20
2008.03.03 09:03:20.327,0.7963,0.7967,0.30,0.40
2008.03.03 09:03:20.535,0.7963,0.7967,0.30,0.40
2008.03.03 09:03:20.595,0.79623,0.79643,4.00,0.20
2008.03.03 09:03:20.844,0.7963,0.7967,0.30,0.20
2008.03.03 09:03:20.933,0.79619,0.79649,0.30,0.20
2008.03.03 09:03:21.195,0.7963,0.7967,0.30,0.20
2008.03.03 09:03:21.266,0.79626,0.79641,2.00,0.20
2008.03.03 09:03:21.514,0.7963,0.7967,0.30,0.20
2008.03.03 09:03:21.625,0.79624,0.79639,9.60,0.20
2008.03.03 09:03:21.866,0.7963,0.7967,0.30,0.20
2008.03.03 09:03:21.926,0.79623,0.79638,0.30,0.20
2008.03.03 09:03:22.178,0.7963,0.7967,0.30,0.20
2008.03.03 09:03:22.255,0.79623,0.79638,0.30,4.00
2008.03.03 09:03:22.514,0.7963,0.7967,0.30,0.20
2008.03.03 09:03:22.589,0.7962,0.79635,8.20,0.20
2008.03.03 09:03:22.798,0.7963,0.7967,0.30,0.20
2008.03.03 09:03:22.915,0.79617,0.79632,1.60,5.60
2008.03.03 09:03:23.175,0.7963,0.7967,0.30,0.20
2008.03.03 09:03:23.284,0.79616,0.79631,2.40,2.40
2008.03.03 09:03:23.588,0.79614,0.79629,0.30,4.00
2008.03.03 09:03:23.616,0.7963,0.7967,0.30,0.20
2008.03.03 09:03:23.910,0.79616,0.79631,0.30,0.20
2008.03.03 09:03:23.945,0.7963,0.7967,0.30,0.20
2008.03.03 09:03:24.237,0.79618,0.79633,0.30,0.80
2008.03.03 09:03:24.274,0.7963,0.7967,0.30,0.20
2008.03.03 09:03:24.547,0.79621,0.79636,0.30,0.40
2008.03.03 09:03:24.612,0.7963,0.7967,0.30,0.20
2008.03.03 09:03:24.786,0.79622,0.79637,0.30,0.20
2008.03.03 09:03:24.929,0.7963,0.7967,0.30,0.20
2008.03.03 09:03:25.152,0.7963,0.7967,0.30,0.20
2008.03.03 09:03:25.225,0.79623,0.79638,10.40,0.20
2008.03.03 09:03:25.375,0.7963,0.7967,0.30,0.90
2008.03.03 09:03:25.599,0.7963,0.7967,0.30,0.90
2008.03.03 09:03:25.659,0.79623,0.79638,4.00,0.20
2008.03.03 09:03:25.908,0.7963,0.7966,2.80,0.20
2008.03.03 09:03:25.993,0.79621,0.79636,0.30,4.00
2008.03.03 09:03:26.218,0.7963,0.7966,2.60,0.20
2008.03.03 09:03:26.311,0.79623,0.79638,4.00,2.40
2008.03.03 09:03:26.527,0.7963,0.7966,2.60,0.20
2008.03.03 09:03:26.631,0.79625,0.7964,1.00,0.20
2008.03.03 09:03:26.921,0.7963,0.7966,2.60,0.20
2008.03.03 09:03:26.951,0.79623,0.79638,0.30,0.20
2008.03.03 09:03:27.190,0.79621,0.79636,0.60,4.00
2008.03.03 09:03:27.245,0.7963,0.7966,2.60,0.20
2008.03.03 09:03:27.429,0.79612,0.79647,0.30,0.40
2008.03.03 09:03:27.479,0.7963,0.7966,2.60,0.20
2008.03.03 09:03:27.713,0.7963,0.7966,0.30,3.30
2008.03.03 09:03:27.749,0.79613,0.79648,0.30,0.20
2008.03.03 09:03:28.047,0.7963,0.7966,0.30,3.30
2008.03.03 09:03:28.090,0.79614,0.79649,0.30,0.20
2008.03.03 09:03:28.425,0.79613,0.79648,0.30,0.20
2008.03.03 09:03:28.445,0.7963,0.7966,0.30,3.30
2008.03.03 09:03:28.786,0.7963,0.7966,0.30,3.20
2008.03.03 09:03:28.851,0.79612,0.79647,0.60,0.20
2008.03.03 09:03:29.037,0.7963,0.7967,2.60,4.30
2008.03.03 09:03:29.179,0.79612,0.79647,2.40,2.40
2008.03.03 09:03:29.271,0.7963,0.7967,2.60,3.30
2008.03.03 09:03:29.403,0.79614,0.79649,0.30,0.20
2008.03.03 09:03:29.506,0.7963,0.7967,2.60,3.30
2008.03.03 09:03:29.619,0.79612,0.79647,0.30,0.20
2008.03.03 09:03:29.750,0.7963,0.7967,2.60,3.50
2008.03.03 09:03:29.850,0.79612,0.79647,2.60,0.30
2008.03.03 09:03:30.039,0.7963,0.7967,2.60,3.50
2008.03.03 09:03:30.066,0.79614,0.79649,0.30,0.20
2008.03.03 09:03:30.445,0.7963,0.7967,2.60,3.50
2008.03.03 09:03:30.495,0.79613,0.79648,0.30,0.20
2008.03.03 09:03:30.781,0.7963,0.7967,2.60,3.50
2008.03.03 09:03:30.948,0.79613,0.79648,0.60,0.20
2008.03.03 09:03:31.101,0.7963,0.7967,2.60,3.50
2008.03.03 09:03:31.280,0.79614,0.79649,2.40,2.40
2008.03.03 09:03:31.461,0.7963,0.7967,2.60,3.50
2008.03.03 09:03:31.592,0.79615,0.7965,0.30,4.40
2008.03.03 09:03:31.759,0.7963,0.7967,2.60,3.50
2008.03.03 09:03:31.925,0.79615,0.7965,0.30,0.20
2008.03.03 09:03:32.273,0.79615,0.7965,0.30,2.50
2008.03.03 09:03:32.600,0.79614,0.79649,4.00,0.20
2008.03.03 09:03:32.921,0.79612,0.79647,0.60,0.50
2008.03.03 09:03:33.253,0.79614,0.79649,2.40,0.10
2008.03.03 09:03:33.432,0.7963,0.7967,2.60,3.50
2008.03.03 09:03:33.475,0.7963,0.7966,0.30,3.20
2008.03.03 09:03:33.537,0.7963,0.7966,0.30,3.20
2008.03.03 09:03:33.582,0.79613,0.79648,0.50,2.70
2008.03.03 09:03:33.641,0.7963,0.7966,0.30,3.20
2008.03.03 09:03:33.731,0.7963,0.7966,0.30,3.30
2008.03.03 09:03:33.855,0.7963,0.7966,0.30,3.30
2008.03.03 09:03:33.919,0.79612,0.79647,0.30,1.60
2008.03.03 09:03:33.975,0.7963,0.7966,0.30,3.30
2008.03.03 09:03:34.078,0.7963,0.7966,0.30,3.30
2008.03.03 09:03:34.188,0.7963,0.7966,0.30,3.30
2008.03.03 09:03:34.243,0.79612,0.79647,2.40,0.20
2008.03.03 09:03:34.291,0.7963,0.7966,0.30,3.30
2008.03.03 09:03:34.438,0.7963,0.7966,0.30,3.30
2008.03.03 09:03:34.568,0.79614,0.79649,0.30,4.00
2008.03.03 09:03:34.790,0.7963,0.79665,2.60,0.20
2008.03.03 09:03:34.905,0.79612,0.79647,0.30,0.20
2008.03.03 09:03:35.141,0.7963,0.7967,2.60,3.50
2008.03.03 09:03:35.317,0.79612,0.79647,0.30,0.20
2008.03.03 09:03:35.492,0.7963,0.7967,2.60,3.50
2008.03.03 09:03:35.733,0.7963,0.7967,2.60,3.50
2008.03.03 09:03:35.789,0.79612,0.79647,2.40,0.20
2008.03.03 09:03:36.058,0.7963,0.7967,2.60,3.50
2008.03.03 09:03:36.223,0.79614,0.79649,0.60,0.20
2008.03.03 09:03:36.384,0.7963,0.7967,2.60,3.50
2008.03.03 09:03:36.522,0.79614,0.79649,0.30,0.40
2008.03.03 09:03:36.720,0.7963,0.7967,2.60,3.50
2008.03.03 09:03:36.785,0.79614,0.79649,0.50,2.00
2008.03.03 09:03:37.039,0.7963,0.7967,2.60,3.50
2008.03.03 09:03:37.141,0.79614,0.79649,0.30,0.20
2008.03.03 09:03:37.349,0.7963,0.79655,0.30,0.80
2008.03.03 09:03:37.410,0.79612,0.79647,0.30,0.20
2008.03.03 09:03:37.657,0.7963,0.79655,0.30,1.60
2008.03.03 09:03:37.680,0.79611,0.79646,0.30,0.20
2008.03.03 09:03:37.948,0.79615,0.7964,0.30,0.20
2008.03.03 09:03:37.991,0.7963,0.79655,2.60,0.80
2008.03.03 09:03:38.217,0.79617,0.79642,0.30,0.20
2008.03.03 09:03:38.324,0.7963,0.7967,2.60,3.30
2008.03.03 09:03:38.536,0.79619,0.79644,0.30,1.90
2008.03.03 09:03:38.686,0.7963,0.7967,2.60,3.30
2008.03.03 09:03:38.873,0.79619,0.79644,0.60,2.50
2008.03.03 09:03:38.921,0.7963,0.7967,2.60,3.50
2008.03.03 09:03:39.154,0.7963,0.7967,2.60,3.50
2008.03.03 09:03:39.194,0.79608,0.79654,4.00,5.60
2008.03.03 09:03:39.460,0.7963,0.7967,2.60,3.50
2008.03.03 09:03:39.514,0.79607,0.79653,0.30,0.10
2008.03.03 09:03:39.721,0.7963,0.79665,2.60,0.20
2008.03.03 09:03:39.846,0.79607,0.79653,2.40,2.40
2008.03.03 09:03:40.000,0.7963,0.79655,0.30,0.80
2008.03.03 09:03:40.074,0.79607,0.79653,0.30,0.20
2008.03.03 09:03:40.278,0.7963,0.79655,0.30,1.60
2008.03.03 09:03:40.505,0.79607,0.79653,2.60,2.50
2008.03.03 09:03:40.558,0.7963,0.79655,0.30,0.80
2008.03.03 09:03:40.847,0.7963,0.79655,0.30,0.80
2008.03.03 09:03:40.945,0.79607,0.79653,0.30,0.20
2008.03.03 09:03:41.132,0.7963,0.79655,0.30,1.70
2008.03.03 09:03:41.283,0.79607,0.79653,0.30,0.20
2008.03.03 09:03:41.384,0.7962,0.7965,5.00,0.20
2008.03.03 09:03:41.604,0.79607,0.79653,2.40,8.00
2008.03.03 09:03:41.653,0.7962,0.7965,5.00,0.20
2008.03.03 09:03:41.906,0.7962,0.7965,5.00,0.20
2008.03.03 09:03:41.937,0.79607,0.79653,0.30,0.20
2008.03.03 09:03:42.209,0.7962,0.7965,5.00,0.20
2008.03.03 09:03:42.280,0.79607,0.79653,10.20,2.50
2008.03.03 09:03:42.463,0.7962,0.7965,5.00,0.20
2008.03.03 09:03:42.604,0.79607,0.79653,6.40,0.20
2008.03.03 09:03:42.759,0.7962,0.7965,5.00,0.20
2008.03.03 09:03:42.941,0.79607,0.79653,0.30,0.40
2008.03.03 09:03:43.097,0.7962,0.7965,5.00,0.20
2008.03.03 09:03:43.252,0.79607,0.79653,0.30,0.40
2008.03.03 09:03:43.523,0.7962,0.7965,5.00,0.20
2008.03.03 09:03:43.583,0.79607,0.79653,2.60,2.50
2008.03.03 09:03:43.861,0.7962,0.7965,5.00,0.20
2008.03.03 09:03:43.917,0.79607,0.79653,0.30,0.20
2008.03.03 09:03:44.093,0.7962,0.7965,5.00,0.20
2008.03.03 09:03:44.253,0.79607,0.79653,2.60,2.50
2008.03.03 09:03:44.328,0.7962,0.7965,5.00,0.20
2008.03.03 09:03:44.585,0.79607,0.79653,0.30,0.20
2008.03.03 09:03:44.635,0.7962,0.7965,5.00,0.20
2008.03.03 09:03:44.878,0.7962,0.7965,5.00,0.20
2008.03.03 09:03:44.910,0.79607,0.79653,1.00,0.20
2008.03.03 09:03:45.186,0.7962,0.7965,5.00,0.20
2008.03.03 09:03:45.187,0.79607,0.79653,4.00,0.20
2008.03.03 09:03:45.448,0.79607,0.79653,0.70,0.20
2008.03.03 09:03:45.516,0.7962,0.7965,5.00,0.20
2008.03.03 09:03:45.788,0.79607,0.79653,0.60,4.10
2008.03.03 09:03:45.833,0.7962,0.7965,5.00,0.20
2008.03.03 09:03:46.144,0.79607,0.79653,0.30,4.00
2008.03.03 09:03:46.162,0.7962,0.7965,5.00,0.20
2008.03.03 09:03:46.430,0.7962,0.7965,5.00,0.20
2008.03.03 09:03:46.506,0.79605,0.79655,4.00,0.20
2008.03.03 09:03:46.697,0.7962,0.7965,5.00,0.20
2008.03.03 09:03:46.710,0.79605,0.79655,1.00,4.00
2008.03.03 09:03:46.916,0.79616,0.79646,2.40,0.20
2008.03.03 09:03:47.040,0.7962,0.7965,5.00,0.20
2008.03.03 09:03:47.119,0.7962,0.79645,0.30,0.20
2008.03.03 09:03:47.330,0.79624,0.79649,3.80,2.40
2008.03.03 09:03:47.372,0.7962,0.7965,5.00,0.20
2008.03.03 09:03:47.548,0.79624,0.79649,0.80,4.00
2008.03.03 09:03:47.703,0.7962,0.7965,5.00,0.20
2008.03.03 09:03:47.928,0.79622,0.79647,2.40,0.20
2008.03.03 09:03:47.957,0.7962,0.7965,5.20,0.20
2008.03.03 09:03:48.294,0.7962,0.7965,5.20,0.20
2008.03.03 09:03:48.311,0.79621,0.79646,0.30,0.20
2008.03.03 09:03:48.628,0.7962,0.7965,5.20,0.20
2008.03.03 09:03:48.641,0.79619,0.79644,0.60,0.20
2008.03.03 09:03:48.863,0.79617,0.79642,0.30,0.20
2008.03.03 09:03:49.035,0.7962,0.7965,5.20,0.20
2008.03.03 09:03:49.091,0.79619,0.79644,0.30,0.40
2008.03.03 09:03:49.263,0.7962,0.7965,5.20,0.20
2008.03.03 09:03:49.398,0.79619,0.79644,0.30,0.20
2008.03.03 09:03:49.492,0.7962,0.7965,5.20,0.20
2008.03.03 09:03:49.638,0.7962,0.79645,0.30,0.20
2008.03.03 09:03:49.810,0.7962,0.7965,5.20,0.20
2008.03.03 09:03:49.971,0.79619,0.79644,0.30,2.70
2008.03.03 09:03:50.136,0.7962,0.7965,5.20,0.20
2008.03.03 09:03:50.390,0.79619,0.79644,8.00,8.00
2008.03.03 09:03:50.450,0.7962,0.7965,5.20,0.20
2008.03.03 09:03:50.746,0.79619,0.79644,1.80,0.20
2008.03.03 09:03:50.779,0.7962,0.7965,5.20,0.20
2008.03.03 09:03:51.071,0.7962,0.79645,2.40,4.00
2008.03.03 09:03:51.127,0.7962,0.7965,5.20,0.20
2008.03.03 09:03:51.394,0.79619,0.79644,6.60,0.20
2008.03.03 09:03:51.460,0.7962,0.7965,5.20,0.20
2008.03.03 09:03:51.695,0.7962,0.7965,5.20,0.20
2008.03.03 09:03:51.722,0.79617,0.79642,12.40,12.10
2008.03.03 09:03:51.994,0.7962,0.7965,5.20,0.20
2008.03.03 09:03:52.061,0.79617,0.79642,0.80,2.50
2008.03.03 09:03:52.346,0.7962,0.7965,5.20,0.20
2008.03.03 09:03:52.391,0.79616,0.79641,0.30,0.20
2008.03.03 09:03:52.770,0.7962,0.7965,5.20,0.20
2008.03.03 09:03:52.839,0.79615,0.7964,0.30,0.20
2008.03.03 09:03:53.097,0.7962,0.7965,5.20,0.20
2008.03.03 09:03:53.271,0.79614,0.79639,0.30,0.60
2008.03.03 09:03:53.532,0.7962,0.7965,5.20,0.20
2008.03.03 09:03:53.611,0.79616,0.79641,0.30,0.20
2008.03.03 09:03:53.874,0.7962,0.7965,5.20,0.20
2008.03.03 09:03:53.921,0.79617,0.79642,0.60,0.20
2008.03.03 09:03:54.211,0.7962,0.7965,5.20,0.20
2008.03.03 09:03:54.260,0.79618,0.79643,4.80,0.20
2008.03.03 09:03:54.530,0.7962,0.7965,5.20,0.20
2008.03.03 09:03:54.590,0.79619,0.79644,4.00,0.40
2008.03.03 09:03:54.772,0.7962,0.7965,2.80,3.30
2008.03.03 09:03:54.926,0.79619,0.79644,0.30,0.20
2008.03.03 09:03:55.017,0.7962,0.79645,0.30,0.80
2008.03.03 09:03:55.257,0.79616,0.79641,2.40,0.20
2008.03.03 09:03:55.261,0.7962,0.79645,2.60,1.60
2008.03.03 09:03:55.589,0.79615,0.7964,4.00,0.20
2008.03.03 09:03:55.592,0.7962,0.7965,2.80,0.20
2008.03.03 09:03:55.913,0.79617,0.79642,0.30,0.20
2008.03.03 09:03:55.922,0.7962,0.7965,2.80,0.20
2008.03.03 09:03:56.234,0.79619,0.79644,4.00,0.20
2008.03.03 09:03:56.249,0.7962,0.7965,2.80,0.20
2008.03.03 09:03:56.508,0.7962,0.7965,2.80,0.20
2008.03.03 09:03:56.564,0.79616,0.79641,0.30,0.20
2008.03.03 09:03:56.737,0.7962,0.7965,2.80,0.20
2008.03.03 09:03:56.889,0.79615,0.7964,0.30,4.80
2008.03.03 09:03:57.046,0.7962,0.7965,2.80,0.20
2008.03.03 09:03:57.231,0.79616,0.79641,0.30,0.90
2008.03.03 09:03:57.391,0.7962,0.7965,2.80,0.20
2008.03.03 09:03:57.549,0.79617,0.79642,0.30,4.00
2008.03.03 09:03:57.727,0.7962,0.7965,2.80,0.20
2008.03.03 09:03:57.885,0.79616,0.79641,0.30,4.00
2008.03.03 09:03:58.040,0.7962,0.7965,2.80,0.20
2008.03.03 09:03:58.183,0.79614,0.79639,6.40,2.40
2008.03.03 09:03:58.384,0.7962,0.7965,2.80,0.20
2008.03.03 09:03:58.476,0.79616,0.79641,0.30,0.20
2008.03.03 09:03:58.770,0.79619,0.79644,0.30,4.00
2008.03.03 09:03:58.819,0.7962,0.7965,2.80,0.20
2008.03.03 09:03:59.107,0.7962,0.79645,0.30,0.20
2008.03.03 09:03:59.259,0.7962,0.7965,2.80,0.20
2008.03.03 09:03:59.386,0.79619,0.79644,2.80,2.70
2008.03.03 09:03:59.476,0.7962,0.7965,2.80,0.20
2008.03.03 09:03:59.625,0.79615,0.7964,0.30,0.20
2008.03.03 09:03:59.698,0.7962,0.7965,2.80,0.20
2008.03.03 09:03:59.919,0.7962,0.7965,2.80,0.20
2008.03.03 09:03:59.960,0.79612,0.79636,2.40,4.00
2008.03.03 09:04:00.144,0.7962,0.7965,2.80,0.20
2008.03.03 09:04:00.243,0.79597,0.79633,0.30,0.20
2008.03.03 09:04:00.476,0.7962,0.7965,2.80,0.20
2008.03.03 09:04:00.533,0.79594,0.79629,0.30,0.40
2008.03.03 09:04:00.821,0.79591,0.79626,4.00,0.40
2008.03.03 09:04:00.912,0.7962,0.7965,2.80,0.20
2008.03.03 09:04:01.110,0.7959,0.79625,0.30,0.20
2008.03.03 09:04:01.244,0.7962,0.7965,2.80,0.20
2008.03.03 09:04:01.368,0.7959,0.79625,2.40,9.60
2008.03.03 09:04:01.584,0.7962,0.7965,2.80,0.20
2008.03.03 09:04:01.627,0.79589,0.79629,2.40,4.00
2008.03.03 09:04:01.888,0.79599,0.79619,9.60,0.20
2008.03.03 09:04:01.919,0.7962,0.7965,2.80,0.20
2008.03.03 09:04:02.180,0.7962,0.7965,2.80,0.20
2008.03.03 09:04:02.214,0.79596,0.79616,4.20,0.80
2008.03.03 09:04:02.449,0.7962,0.7965,2.80,0.20
2008.03.03 09:04:02.532,0.79594,0.79614,0.30,0.20
2008.03.03 09:04:02.770,0.7962,0.7965,2.80,0.20
2008.03.03 09:04:02.872,0.79592,0.79612,2.60,2.50
2008.03.03 09:04:03.113,0.7962,0.7965,2.80,0.20
2008.03.03 09:04:03.178,0.79591,0.79611,8.00,4.00
2008.03.03 09:04:03.406,0.7959,0.7961,2.60,0.20
2008.03.03 09:04:03.437,0.7962,0.7965,2.80,0.20
2008.03.03 09:04:03.614,0.79594,0.79609,9.60,2.50
2008.03.03 09:04:03.769,0.7962,0.7965,2.80,0.20
2008.03.03 09:04:03.866,0.7959,0.79615,4.20,0.20
2008.03.03 09:04:04.099,0.7962,0.7965,2.80,0.20
2008.03.03 09:04:04.305,0.79592,0.79617,4.00,0.20
2008.03.03 09:04:04.418,0.7962,0.7965,2.80,0.20
2008.03.03 09:04:04.654,0.7962,0.7965,2.80,0.20
2008.03.03 09:04:04.744,0.7959,0.79615,6.40,0.20
2008.03.03 09:04:04.973,0.7962,0.7965,2.80,0.20
2008.03.03 09:04:05.080,0.79592,0.79617,0.30,0.20
2008.03.03 09:04:05.234,0.7962,0.79645,0.60,0.80
2008.03.03 09:04:05.416,0.7959,0.79615,0.30,0.20
2008.03.03 09:04:05.457,0.7962,0.79645,0.30,0.80
2008.03.03 09:04:05.749,0.79589,0.79614,2.40,5.60
2008.03.03 09:04:05.767,0.7962,0.79645,0.30,0.80
2008.03.03 09:04:06.069,0.79587,0.79612,2.60,2.50
2008.03.03 09:04:06.192,0.7962,0.79645,0.30,0.80
2008.03.03 09:04:06.402,0.79586,0.79611,4.00,2.50
2008.03.03 09:04:06.517,0.79625,0.7965,0.80,3.30
2008.03.03 09:04:06.727,0.79585,0.7961,4.00,0.20
2008.03.03 09:04:06.747,0.79625,0.7964,0.80,0.20
2008.03.03 09:04:06.991,0.7961,0.7964,2.40,3.30
2008.03.03 09:04:07.055,0.79586,0.79611,1.00,0.20
2008.03.03 09:04:07.235,0.796,0.7964,2.40,3.30
2008.03.03 09:04:07.393,0.79587,0.79612,0.30,0.20
2008.03.03 09:04:07.479,0.796,0.7964,2.40,3.30
2008.03.03 09:04:07.712,0.79589,0.79614,0.30,0.20
2008.03.03 09:04:07.813,0.796,0.7964,2.40,0.20
2008.03.03 09:04:08.047,0.7959,0.79615,4.80,0.20
2008.03.03 09:04:08.147,0.79605,0.7965,2.40,5.70
2008.03.03 09:04:08.373,0.79592,0.79617,0.30,4.00
2008.03.03 09:04:08.482,0.79605,0.7966,2.40,2.70
2008.03.03 09:04:08.701,0.79605,0.7966,2.40,2.70
2008.03.03 09:04:08.707,0.79594,0.79619,0.30,0.20
2008.03.03 09:04:08.939,0.79605,0.7966,2.40,2.70
2008.03.03 09:04:09.028,0.79592,0.79617,0.30,0.20
2008.03.03 09:04:09.254,0.79605,0.7966,2.40,2.70
2008.03.03 09:04:09.475,0.79592,0.79617,0.30,0.20
2008.03.03 09:04:09.512,0.79605,0.7966,2.40,2.70
2008.03.03 09:04:09.914,0.79592,0.79617,4.00,2.50
2008.03.03 09:04:09.929,0.79605,0.7966,2.40,2.70
2008.03.03 09:04:10.248,0.79595,0.7962,0.50,2.40
2008.03.03 09:04:10.257,0.79605,0.7966,2.40,2.70
2008.03.03 09:04:10.576,0.79605,0.7966,2.40,2.70
2008.03.03 09:04:10.583,0.79597,0.79622,10.60,0.20
2008.03.03 09:04:10.816,0.79605,0.7965,2.40,5.60
2008.03.03 09:04:10.910,0.79599,0.79624,5.60,0.20
2008.03.03 09:04:11.054,0.79605,0.7965,2.40,5.60
2008.03.03 09:04:11.099,0.79594,0.79629,4.00,0.20
2008.03.03 09:04:11.231,0.796,0.79625,0.30,4.00
2008.03.03 09:04:11.337,0.79605,0.7965,2.40,5.60
2008.03.03 09:04:11.561,0.79597,0.79622,0.30,0.20
2008.03.03 09:04:11.576,0.79605,0.7965,2.40,5.70
2008.03.03 09:04:11.906,0.79605,0.7965,2.40,5.70
2008.03.03 09:04:11.910,0.7959,0.79615,0.30,0.20
2008.03.03 09:04:12.227,0.79605,0.7965,2.40,5.70
2008.03.03 09:04:12.237,0.79583,0.79608,0.30,0.40
2008.03.03 09:04:12.511,0.79605,0.7965,2.40,5.70
2008.03.03 09:04:12.560,0.79579,0.79604,0.60,0.40
2008.03.03 09:04:12.846,0.79605,0.7965,2.40,5.70
2008.03.03 09:04:12.894,0.79578,0.79603,4.00,0.20
2008.03.03 09:04:13.212,0.7958,0.79605,0.30,0.20
2008.03.03 09:04:13.216,0.79605,0.7965,2.40,5.70
2008.03.03 09:04:13.532,0.7958,0.79605,0.70,4.00
2008.03.03 09:04:13.554,0.79605,0.7965,2.40,5.70
2008.03.03 09:04:13.775,0.79605,0.7965,2.40,5.70
2008.03.03 09:04:13.900,0.79581,0.79606,0.60,0.20
2008.03.03 09:04:13.991,0.79605,0.7965,2.40,5.70
2008.03.03 09:04:14.211,0.79605,0.7965,2.40,5.70
2008.03.03 09:04:14.218,0.7958,0.79605,0.30,0.40
2008.03.03 09:04:14.430,0.79605,0.7965,2.40,5.70
2008.03.03 09:04:14.637,0.79581,0.79606,0.30,0.20
2008.03.03 09:04:14.660,0.79605,0.7965,2.40,5.70
2008.03.03 09:04:14.955,0.79582,0.79607,2.60,2.50
2008.03.03 09:04:15.010,0.79605,0.7965,2.40,5.70
2008.03.03 09:04:15.307,0.79584,0.79609,0.30,0.10
2008.03.03 09:04:15.425,0.79605,0.7965,2.40,5.70
2008.03.03 09:04:15.736,0.79589,0.79614,0.30,0.20
2008.03.03 09:04:15.862,0.79605,0.7965,2.40,5.70
2008.03.03 09:04:16.184,0.79592,0.79617,0.30,0.20
2008.03.03 09:04:16.192,0.79605,0.7965,2.40,5.70
2008.03.03 09:04:16.510,0.79595,0.7962,0.30,0.20
2008.03.03 09:04:16.530,0.79605,0.7965,2.40,5.70
2008.03.03 09:04:16.830,0.79597,0.79622,2.40,2.40
2008.03.03 09:04:16.865,0.79605,0.7965,2.40,5.70
2008.03.03 09:04:17.063,0.79597,0.79622,0.30,1.90
2008.03.03 09:04:17.216,0.79605,0.7965,2.40,5.70
2008.03.03 09:04:17.417,0.79599,0.79624,0.30,0.20
2008.03.03 09:04:17.511,0.79605,0.7965,2.40,5.70
2008.03.03 09:04:17.751,0.79597,0.79622,0.30,0.40
2008.03.03 09:04:17.837,0.79605,0.7965,2.40,5.70
2008.03.03 09:04:18.084,0.79595,0.7962,0.30,4.00
2008.03.03 09:04:18.287,0.79605,0.7965,2.40,5.70
2008.03.03 09:04:18.418,0.79594,0.79619,0.60,0.20
2008.03.03 09:04:18.623,0.79605,0.7965,2.40,5.70
2008.03.03 09:04:18.626,0.79592,0.79617,0.30,0.20
2008.03.03 09:04:18.836,0.79582,0.79627,2.40,2.40
2008.03.03 09:04:18.951,0.79605,0.7965,2.40,5.70
2008.03.03 09:04:19.056,0.79581,0.79626,2.40,2.40
2008.03.03 09:04:19.172,0.79605,0.7965,2.40,5.70
2008.03.03 09:04:19.276,0.79583,0.79628,0.30,0.20
2008.03.03 09:04:19.486,0.79588,0.79633,0.30,0.20
2008.03.03 09:04:19.499,0.79605,0.7965,2.40,5.70
2008.03.03 09:04:19.719,0.79605,0.7965,2.40,5.70
2008.03.03 09:04:19.925,0.79593,0.79638,0.60,2.40
2008.03.03 09:04:20.038,0.79605,0.7965,2.40,5.70
2008.03.03 09:04:20.376,0.79594,0.7964,0.30,0.50
2008.03.03 09:04:20.382,0.79605,0.7965,2.40,5.70
2008.03.03 09:04:20.577,0.79589,0.79634,0.30,0.20
2008.03.03 09:04:20.703,0.79605,0.7965,2.40,5.70
2008.03.03 09:04:20.803,0.79586,0.79631,1.00,9.60
2008.03.03 09:04:21.005,0.79585,0.7963,0.30,4.00
2008.03.03 09:04:21.037,0.79605,0.7965,2.40,5.70
2008.03.03 09:04:21.131,0.79585,0.7963,1.80,2.50
2008.03.03 09:04:21.247,0.79585,0.7963,0.30,0.20
2008.03.03 09:04:21.355,0.79583,0.79628,0.30,0.20
2008.03.03 09:04:21.373,0.79605,0.7965,2.40,5.70
2008.03.03 09:04:21.489,0.79582,0.79627,0.60,0.40
2008.03.03 09:04:21.694,0.79605,0.7965,2.40,5.70
2008.03.03 09:04:22.032,0.79605,0.7965,2.40,5.70
2008.03.03 09:04:22.362,0.79605,0.7965,2.40,5.70
2008.03.03 09:04:22.375,0.79592,0.79617,0.30,0.20
2008.03.03 09:04:22.688,0.79605,0.7965,2.40,5.70
2008.03.03 09:04:23.148,0.79605,0.7965,2.40,5.70
2008.03.03 09:04:23.227,0.79582,0.79627,0.30,0.20
2008.03.03 09:04:23.483,0.79605,0.7965,2.40,0.20
2008.03.03 09:04:23.550,0.79583,0.79628,5.50,0.20
2008.03.03 09:04:23.785,0.79586,0.79631,2.40,2.40
2008.03.03 09:04:23.800,0.79605,0.7965,2.40,2.50
2008.03.03 09:04:24.064,0.79605,0.7965,2.40,2.50
2008.03.03 09:04:24.210,0.79589,0.79634,0.30,0.20
2008.03.03 09:04:24.333,0.79605,0.7965,2.40,2.50
2008.03.03 09:04:24.554,0.79589,0.79634,0.60,0.20
2008.03.03 09:04:24.673,0.79605,0.7965,2.40,2.50
2008.03.03 09:04:24.980,0.79591,0.79636,2.40,2.40
2008.03.03 09:04:25.001,0.79605,0.7965,2.40,2.50
2008.03.03 09:04:25.202,0.79589,0.79634,0.30,4.00
2008.03.03 09:04:25.331,0.79605,0.7965,2.40,2.50
2008.03.03 09:04:25.537,0.79588,0.79633,0.10,4.00
2008.03.03 09:04:25.651,0.79605,0.7965,2.40,2.50
2008.03.03 09:04:25.765,0.79586,0.79631,2.40,2.40
2008.03.03 09:04:25.973,0.79605,0.7965,2.40,2.50
2008.03.03 09:04:26.001,0.79582,0.79627,0.30,4.00
2008.03.03 09:04:26.309,0.79605,0.7965,2.40,2.50
2008.03.03 09:04:26.411,0.7958,0.79625,2.80,2.40
2008.03.03 09:04:26.644,0.79605,0.7965,2.40,2.50
2008.03.03 09:04:26.747,0.79579,0.79624,0.30,0.20
2008.03.03 09:04:26.971,0.79605,0.7965,2.40,2.50
2008.03.03 09:04:27.072,0.79581,0.79626,2.40,0.20
2008.03.03 09:04:27.290,0.79605,0.7965,2.40,2.50
2008.03.03 09:04:27.417,0.79583,0.79628,0.30,0.20
2008.03.03 09:04:27.570,0.79605,0.7965,2.40,0.20
2008.03.03 09:04:27.740,0.79585,0.7963,4.00,0.20
2008.03.03 09:04:27.965,0.79605,0.7965,2.40,0.20
2008.03.03 09:04:28.086,0.79585,0.7963,6.40,4.80
2008.03.03 09:04:28.142,0.79583,0.79628,2.40,0.20
2008.03.03 09:04:28.405,0.79605,0.7965,2.40,0.20
2008.03.03 09:04:28.766,0.79605,0.7965,2.40,2.50
2008.03.03 09:04:28.975,0.79605,0.7965,2.40,6.50
2008.03.03 09:04:29.184,0.79605,0.7965,2.40,6.50
2008.03.03 09:04:29.394,0.79605,0.7965,2.40,6.50
2008.03.03 09:04:29.611,0.79605,0.7965,2.40,6.50
2008.03.03 09:04:29.803,0.7958,0.79625,0.30,0.20
2008.03.03 09:04:29.836,0.79605,0.7965,2.40,6.50
2008.03.03 09:04:29.863,0.7958,0.79625,0.50,0.20
2008.03.03 09:04:30.004,0.79578,0.79623,0.30,0.20
2008.03.03 09:04:30.263,0.79605,0.7965,2.40,6.50
2008.03.03 09:04:30.701,0.79605,0.7965,2.40,6.50
2008.03.03 09:04:31.047,0.79605,0.7965,2.40,6.50
2008.03.03 09:04:31.371,0.79605,0.7965,2.40,6.50
2008.03.03 09:04:31.603,0.79605,0.7965,2.40,6.50
2008.03.03 09:04:31.819,0.79576,0.79626,0.30,0.40
2008.03.03 09:04:31.921,0.79605,0.7965,2.40,6.50
2008.03.03 09:04:32.076,0.79579,0.79629,4.00,0.20
2008.03.03 09:04:32.248,0.79605,0.7965,2.40,6.50
2008.03.03 09:04:32.330,0.79596,0.79621,0.30,0.20
2008.03.03 09:04:32.573,0.79597,0.79622,4.00,0.20
2008.03.03 09:04:32.588,0.79605,0.7965,2.40,6.50
2008.03.03 09:04:32.900,0.7961,0.7965,2.40,4.10
2008.03.03 09:04:32.903,0.79597,0.79622,0.80,4.00
2008.03.03 09:04:33.234,0.7961,0.79645,2.40,0.20
2008.03.03 09:04:33.340,0.79594,0.79619,0.30,0.80
2008.03.03 09:04:33.570,0.7961,0.79645,2.60,0.20
2008.03.03 09:04:33.672,0.79588,0.79613,4.00,0.20
2008.03.03 09:04:33.904,0.7961,0.79645,2.60,0.20
2008.03.03 09:04:34.015,0.79585,0.7961,2.40,2.40
2008.03.03 09:04:34.124,0.7961,0.7965,2.60,4.30
2008.03.03 09:04:34.315,0.79584,0.79609,0.30,0.20
2008.03.03 09:04:34.349,0.7961,0.7965,2.60,4.30
2008.03.03 09:04:34.669,0.7961,0.7965,2.60,4.30
2008.03.03 09:04:34.767,0.79585,0.7961,3.20,2.40
2008.03.03 09:04:34.888,0.7961,0.7965,2.60,4.30
2008.03.03 09:04:35.117,0.7961,0.7965,2.60,4.30
2008.03.03 09:04:35.218,0.79585,0.7961,0.30,0.20
2008.03.03 09:04:35.435,0.7961,0.7965,2.60,4.30
2008.03.03 09:04:35.654,0.79586,0.79611,0.50,0.20
2008.03.03 09:04:35.778,0.7961,0.7965,2.60,4.30
2008.03.03 09:04:35.970,0.79587,0.79612,0.30,0.20
2008.03.03 09:04:36.102,0.7961,0.7965,2.60,4.30
2008.03.03 09:04:36.308,0.79588,0.79613,2.40,2.40
2008.03.03 09:04:36.421,0.7961,0.7965,2.60,4.30
2008.03.03 09:04:36.644,0.79584,0.79609,0.60,4.00
2008.03.03 09:04:36.757,0.7961,0.7965,2.60,4.30
2008.03.03 09:04:36.978,0.79579,0.79604,2.60,2.70
2008.03.03 09:04:37.077,0.7961,0.7965,2.60,4.30
2008.03.03 09:04:37.285,0.7957,0.79595,0.10,0.20
2008.03.03 09:04:37.412,0.7961,0.7965,2.60,4.30
2008.03.03 09:04:37.737,0.79568,0.79594,0.30,0.20
2008.03.03 09:04:37.756,0.7961,0.7965,2.60,4.30
2008.03.03 09:04:38.072,0.7961,0.7965,2.60,4.30
2008.03.03 09:04:38.073,0.79575,0.796,4.00,0.20
2008.03.03 09:04:38.417,0.7961,0.7965,2.60,4.30
2008.03.03 09:04:38.501,0.79583,0.79608,9.60,0.40
2008.03.03 09:04:38.729,0.79589,0.79614,0.30,0.20
2008.03.03 09:04:38.851,0.7961,0.7965,2.60,4.30
2008.03.03 09:04:38.949,0.79595,0.7962,0.60,4.00
2008.03.03 09:04:39.165,0.79598,0.79623,2.80,2.40
2008.03.03 09:04:39.293,0.7961,0.7965,2.60,4.30
2008.03.03 09:04:39.391,0.79597,0.79622,4.00,0.20
2008.03.03 09:04:39.617,0.7961,0.7965,2.60,4.30
2008.03.03 09:04:39.821,0.79594,0.79619,0.30,4.00
2008.03.03 09:04:39.847,0.7961,0.7965,2.60,4.30
2008.03.03 09:04:40.155,0.79591,0.79616,0.30,0.20
2008.03.03 09:04:40.160,0.7961,0.7965,2.60,4.30
2008.03.03 09:04:40.490,0.7961,0.7965,2.60,4.30
2008.03.03 09:04:40.494,0.79589,0.79614,4.00,0.20
2008.03.03 09:04:40.815,0.79589,0.79614,0.30,4.00
2008.03.03 09:04:41.139,0.7961,0.7965,2.60,6.70
2008.03.03 09:04:41.153,0.79587,0.79612,2.60,2.40
2008.03.03 09:04:41.362,0.7961,0.7963,0.30,4.00
2008.03.03 09:04:41.478,0.79587,0.79612,0.30,0.20
2008.03.03 09:04:41.587,0.7961,0.7963,0.30,4.00
2008.03.03 09:04:41.810,0.7961,0.7963,0.30,4.00
2008.03.03 09:04:41.820,0.79588,0.79613,0.30,0.20
2008.03.03 09:04:42.034,0.79605,0.7963,1.60,4.10
2008.03.03 09:04:42.141,0.79591,0.79616,0.60,0.20
2008.03.03 09:04:42.368,0.7961,0.79635,2.60,0.20
2008.03.03 09:04:42.447,0.79592,0.79617,4.00,9.60
2008.03.03 09:04:42.702,0.7961,0.79645,2.60,2.40
2008.03.03 09:04:42.707,0.79591,0.79616,2.60,0.50
2008.03.03 09:04:43.017,0.79589,0.79609,0.50,0.20
2008.03.03 09:04:43.036,0.7961,0.79645,2.40,2.40
2008.03.03 09:04:43.344,0.79586,0.79606,0.30,7.20
2008.03.03 09:04:43.370,0.796,0.7965,2.40,6.50
2008.03.03 09:04:43.668,0.79584,0.79604,0.10,0.20
2008.03.03 09:04:43.703,0.796,0.7965,2.40,6.50
2008.03.03 09:04:44.010,0.79584,0.79604,0.30,0.20
2008.03.03 09:04:44.054,0.796,0.7965,2.40,6.50
2008.03.03 09:04:44.242,0.79587,0.79607,0.30,2.50
2008.03.03 09:04:44.282,0.796,0.7965,2.40,6.50
2008.03.03 09:04:44.550,0.796,0.7965,2.40,6.50
2008.03.03 09:04:44.554,0.79591,0.79611,0.40,0.20
2008.03.03 09:04:44.783,0.796,0.7965,2.40,6.50
2008.03.03 09:04:44.971,0.79596,0.79616,1.80,0.20
2008.03.03 09:04:45.012,0.796,0.7965,2.40,6.50
2008.03.03 09:04:45.336,0.796,0.7965,2.40,6.50
2008.03.03 09:04:45.440,0.79601,0.79621,4.00,0.40
2008.03.03 09:04:45.668,0.796,0.7965,2.40,6.50
2008.03.03 09:04:45.773,0.79605,0.79625,4.00,0.20
2008.03.03 09:04:46.026,0.796,0.7965,2.40,6.50
2008.03.03 09:04:46.186,0.79608,0.79628,0.60,2.50
2008.03.03 09:04:46.338,0.796,0.7965,2.40,6.50
2008.03.03 09:04:46.513,0.79608,0.79628,6.40,0.20
2008.03.03 09:04:46.602,0.79585,0.7963,0.30,4.00
2008.03.03 09:04:46.867,0.79585,0.7963,0.30,4.10
2008.03.03 09:04:46.874,0.79605,0.79625,0.30,0.20
2008.03.03 09:04:47.131,0.79585,0.7963,0.30,4.10
2008.03.03 09:04:47.154,0.796,0.7962,0.50,0.20
2008.03.03 09:04:47.400,0.7959,0.7963,2.40,4.10
2008.03.03 09:04:47.411,0.79595,0.79615,0.60,4.10
2008.03.03 09:04:47.670,0.7959,0.7963,2.60,4.10
2008.03.03 09:04:47.737,0.79594,0.79614,0.30,1.70
2008.03.03 09:04:47.943,0.79585,0.7962,4.00,0.20
2008.03.03 09:04:48.082,0.7959,0.7961,0.30,4.00
2008.03.03 09:04:48.213,0.79585,0.7962,1.60,4.10
2008.03.03 09:04:48.413,0.79586,0.79606,0.30,0.20
2008.03.03 09:04:48.548,0.7958,0.7962,2.60,4.10
2008.03.03 09:04:48.742,0.79584,0.79604,0.30,4.00
2008.03.03 09:04:48.882,0.7958,0.7962,2.60,4.30
2008.03.03 09:04:49.028,0.79585,0.79605,2.40,0.20
2008.03.03 09:04:49.215,0.7958,0.7962,2.60,4.30
2008.03.03 09:04:49.260,0.79588,0.79608,2.40,2.40
2008.03.03 09:04:49.430,0.7961,0.7962,0.80,0.40
2008.03.03 09:04:49.495,0.79592,0.79612,0.30,0.20
2008.03.03 09:04:49.643,0.7961,0.7962,1.60,0.20
2008.03.03 09:04:49.729,0.79596,0.79611,6.40,0.20
2008.03.03 09:04:49.859,0.7961,0.7962,1.60,0.20
2008.03.03 09:04:50.065,0.79577,0.79632,2.60,2.70
2008.03.03 09:04:50.088,0.7958,0.7963,5.00,4.30
2008.03.03 09:04:50.319,0.7958,0.7963,5.00,4.30
2008.03.03 09:04:50.491,0.79579,0.79634,6.40,4.00
2008.03.03 09:04:50.638,0.79615,0.7963,1.60,0.20
2008.03.03 09:04:50.931,0.79581,0.79636,0.30,0.20
2008.03.03 09:04:50.973,0.79615,0.7963,0.80,4.10
2008.03.03 09:04:51.166,0.79582,0.79637,0.30,0.20
2008.03.03 09:04:51.307,0.7958,0.7963,5.20,4.10
2008.03.03 09:04:51.489,0.79583,0.79638,2.60,2.50
2008.03.03 09:04:51.526,0.7958,0.7963,5.20,4.10
2008.03.03 09:04:51.745,0.79585,0.7963,0.30,4.10
2008.03.03 09:04:51.810,0.79583,0.79638,2.60,2.50
2008.03.03 09:04:52.016,0.79585,0.7963,0.30,4.10
2008.03.03 09:04:52.154,0.79582,0.79637,2.40,2.40
2008.03.03 09:04:52.254,0.79585,0.7963,0.30,4.10
2008.03.03 09:04:52.572,0.7959,0.7963,0.30,4.10
2008.03.03 09:04:52.591,0.7958,0.79635,0.10,0.20
2008.03.03 09:04:52.891,0.7959,0.7963,0.60,4.10
2008.03.03 09:04:52.929,0.79577,0.79632,0.80,4.00
2008.03.03 09:04:53.214,0.79576,0.79631,0.30,0.20
2008.03.03 09:04:53.263,0.7959,0.7963,0.60,4.10
2008.03.03 09:04:53.582,0.7959,0.7963,0.30,4.10
2008.03.03 09:04:53.587,0.79575,0.7963,2.60,1.70
2008.03.03 09:04:53.807,0.79572,0.79627,4.00,0.40
2008.03.03 09:04:53.916,0.7958,0.7963,2.60,4.10
2008.03.03 09:04:54.238,0.79568,0.79623,0.30,0.20
2008.03.03 09:04:54.251,0.7957,0.7963,2.80,4.10
2008.03.03 09:04:54.586,0.7959,0.7963,4.00,4.30
2008.03.03 09:04:54.674,0.79567,0.79622,2.40,2.40
2008.03.03 09:04:54.828,0.7959,0.7963,4.00,4.30
2008.03.03 09:04:55.009,0.79567,0.79622,0.20,0.20
2008.03.03 09:04:55.061,0.796,0.7963,0.30,4.30
2008.03.03 09:04:55.221,0.79568,0.79623,0.60,0.20
2008.03.03 09:04:55.337,0.796,0.7963,0.30,4.30
2008.03.03 09:04:55.446,0.79571,0.79626,6.40,0.20
2008.03.03 09:04:55.647,0.796,0.7963,0.30,4.10
2008.03.03 09:04:55.670,0.79574,0.79629,0.30,4.80
2008.03.03 09:04:55.896,0.79576,0.79631,4.00,0.20
2008.03.03 09:04:55.958,0.796,0.7963,0.30,4.10
2008.03.03 09:04:56.001,0.79576,0.79631,0.30,4.00
2008.03.03 09:04:56.252,0.796,0.7963,0.30,4.10
2008.03.03 09:04:56.559,0.796,0.7963,0.30,4.10
2008.03.03 09:04:56.833,0.796,0.7963,0.30,4.10
2008.03.03 09:04:57.092,0.796,0.7963,0.30,4.10
2008.03.03 09:04:57.170,0.79575,0.7963,0.30,2.40
2008.03.03 09:04:57.373,0.796,0.7963,0.30,4.10
2008.03.03 09:04:57.459,0.79571,0.79631,0.30,0.20
2008.03.03 09:04:57.748,0.79571,0.79631,0.30,4.00
2008.03.03 09:04:57.779,0.796,0.7963,0.30,4.10
2008.03.03 09:04:58.078,0.79571,0.79631,0.30,0.20
2008.03.03 09:04:58.114,0.796,0.7963,0.30,4.10
2008.03.03 09:04:58.310,0.79572,0.79632,0.30,4.00
2008.03.03 09:04:58.527,0.796,0.7963,0.30,4.10
2008.03.03 09:04:58.633,0.79572,0.79632,0.30,0.20
2008.03.03 09:04:58.762,0.796,0.7963,0.30,4.10
2008.03.03 09:04:58.869,0.79571,0.79631,0.30,4.00
2008.03.03 09:04:59.086,0.796,0.7963,0.30,4.10
2008.03.03 09:04:59.283,0.79571,0.79631,0.30,0.20
2008.03.03 09:04:59.304,0.796,0.7963,0.30,4.10
2008.03.03 09:04:59.521,0.796,0.7963,0.30,4.10
2008.03.03 09:04:59.853,0.796,0.7963,0.30,4.10
2008.03.03 09:05:00.180,0.796,0.7963,0.30,4.10
2008.03.03 09:05:00.517,0.796,0.7963,0.30,4.10
2008.03.03 09:05:00.862,0.796,0.7963,0.30,4.10
2008.03.03 09:05:01.138,0.7957,0.7963,0.30,4.00
2008.03.03 09:05:01.192,0.796,0.7963,0.30,4.10
2008.03.03 09:05:01.439,0.796,0.7963,0.60,4.10
2008.03.03 09:05:01.566,0.7957,0.7963,0.30,9.60
2008.03.03 09:05:01.849,0.796,0.7963,0.60,4.10
2008.03.03 09:05:01.904,0.7957,0.7963,0.30,2.50
2008.03.03 09:05:02.178,0.796,0.7963,0.60,4.10
2008.03.03 09:05:02.232,0.7957,0.7963,4.80,0.20
2008.03.03 09:05:02.511,0.796,0.7963,0.60,4.10
2008.03.03 09:05:02.542,0.7957,0.7963,0.30,0.40
2008.03.03 09:05:02.845,0.796,0.7963,0.30,4.10
2008.03.03 09:05:02.886,0.7957,0.7963,2.60,9.60
2008.03.03 09:05:03.217,0.7957,0.7963,0.30,0.20
2008.03.03 09:05:03.278,0.796,0.7963,0.30,4.10
2008.03.03 09:05:03.550,0.7957,0.7963,0.10,0.20
2008.03.03 09:05:03.611,0.796,0.7963,0.30,4.10
2008.03.03 09:05:03.694,0.79585,0.79615,4.40,0.20
2008.03.03 09:05:03.888,0.7957,0.7963,2.80,0.50
2008.03.03 09:05:03.938,0.796,0.7963,0.30,4.10
2008.03.03 09:05:04.150,0.796,0.7963,0.30,4.10
2008.03.03 09:05:04.203,0.7957,0.7963,9.60,0.20
2008.03.03 09:05:04.477,0.796,0.7963,0.30,4.10
2008.03.03 09:05:04.544,0.7957,0.7963,0.30,0.20
2008.03.03 09:05:04.757,0.7957,0.7963,2.40,2.40
2008.03.03 09:05:04.814,0.796,0.7963,0.30,4.10
2008.03.03 09:05:04.967,0.7957,0.7963,0.30,0.20
2008.03.03 09:05:05.123,0.796,0.7963,0.30,4.10
2008.03.03 09:05:05.198,0.7957,0.7963,0.30,0.20
2008.03.03 09:05:05.417,0.7957,0.7963,0.30,0.20
2008.03.03 09:05:05.432,0.796,0.7963,0.30,4.10
2008.03.03 09:05:05.637,0.7957,0.7963,0.30,4.00
2008.03.03 09:05:05.799,0.796,0.7963,0.30,4.10
2008.03.03 09:05:06.073,0.7957,0.7963,0.60,0.40
2008.03.03 09:05:06.125,0.796,0.7963,0.30,4.10
2008.03.03 09:05:06.365,0.796,0.7963,0.30,4.10
2008.03.03 09:05:06.421,0.7957,0.7963,0.50,0.60
2008.03.03 09:05:06.604,0.796,0.7963,0.30,4.10
2008.03.03 09:05:06.796,0.7957,0.7963,0.30,0.40
2008.03.03 09:05:06.901,0.796,0.7963,0.30,4.10
2008.03.03 09:05:07.130,0.79573,0.79628,0.30,0.20
2008.03.03 09:05:07.232,0.796,0.7963,0.30,4.10
2008.03.03 09:05:07.466,0.79573,0.79628,0.30,0.10
2008.03.03 09:05:07.565,0.796,0.7963,0.30,4.10
2008.03.03 09:05:07.705,0.79575,0.79625,0.50,10.50
2008.03.03 09:05:07.945,0.79578,0.79623,0.30,4.00
2008.03.03 09:05:07.999,0.796,0.7963,0.30,4.10
2008.03.03 09:05:08.275,0.79578,0.79623,0.30,0.20
2008.03.03 09:05:08.334,0.796,0.7963,0.30,4.10
2008.03.03 09:05:08.545,0.79578,0.79623,7.20,0.20
2008.03.03 09:05:08.669,0.796,0.7963,0.30,4.10
2008.03.03 09:05:08.859,0.79578,0.79623,0.20,0.20
2008.03.03 09:05:08.992,0.796,0.7963,0.30,4.10
2008.03.03 09:05:09.172,0.79578,0.79623,0.30,0.20
2008.03.03 09:05:09.335,0.796,0.7963,0.30,4.10
2008.03.03 09:05:09.486,0.79585,0.79615,0.30,0.20
2008.03.03 09:05:09.620,0.796,0.7963,0.30,4.10
2008.03.03 09:05:09.819,0.79585,0.79615,0.30,0.20
2008.03.03 09:05:09.985,0.796,0.7963,0.30,4.10
2008.03.03 09:05:10.141,0.79585,0.79615,0.30,0.20
2008.03.03 09:05:10.315,0.796,0.7963,0.30,4.10
2008.03.03 09:05:10.377,0.79585,0.79615,0.30,0.20
2008.03.03 09:05:10.645,0.796,0.7963,0.30,4.10
2008.03.03 09:05:10.699,0.79585,0.79615,4.00,0.20
2008.03.03 09:05:10.968,0.796,0.7963,0.30,4.10
2008.03.03 09:05:11.131,0.79585,0.79615,0.30,0.20
2008.03.03 09:05:11.313,0.796,0.7963,0.30,4.10
2008.03.03 09:05:11.571,0.79585,0.79615,1.80,2.50
2008.03.03 09:05:11.633,0.796,0.7963,0.30,4.10
2008.03.03 09:05:11.917,0.79585,0.79615,2.30,2.40
2008.03.03 09:05:11.951,0.796,0.7963,0.30,4.10
2008.03.03 09:05:12.243,0.79585,0.79615,4.20,0.20
2008.03.03 09:05:12.284,0.796,0.7963,0.30,4.10
2008.03.03 09:05:12.581,0.79585,0.79615,4.00,0.20
2008.03.03 09:05:12.620,0.796,0.7963,0.30,4.10
2008.03.03 09:05:12.893,0.79585,0.79615,6.40,0.20
2008.03.03 09:05:12.954,0.796,0.7963,0.30,4.10
2008.03.03 09:05:12.963,0.79585,0.79615,0.30,4.40
2008.03.03 09:05:13.174,0.79585,0.79615,0.30,0.40
2008.03.03 09:05:13.385,0.796,0.7963,0.30,4.10
2008.03.03 09:05:13.418,0.79585,0.79615,0.30,0.20
2008.03.03 09:05:13.660,0.79585,0.79615,0.30,0.20
2008.03.03 09:05:13.718,0.796,0.7963,0.30,4.10
2008.03.03 09:05:13.941,0.79585,0.79615,15.20,12.00
2008.03.03 09:05:13.942,0.796,0.7963,1.20,0.20
2008.03.03 09:05:14.066,0.79585,0.79615,0.30,0.20
2008.03.03 09:05:14.166,0.796,0.7963,2.00,0.20
2008.03.03 09:05:14.375,0.79585,0.79615,2.40,6.40
2008.03.03 09:05:14.391,0.796,0.7963,2.00,0.20
2008.03.03 09:05:14.685,0.79585,0.79615,0.30,0.20
2008.03.03 09:05:14.719,0.796,0.7963,2.00,0.20
2008.03.03 09:05:14.919,0.7958,0.7962,0.30,0.50
2008.03.03 09:05:15.049,0.796,0.7963,0.30,4.10
2008.03.03 09:05:15.153,0.7958,0.7962,0.30,0.20
2008.03.03 09:05:15.379,0.796,0.7963,0.30,4.30
2008.03.03 09:05:15.388,0.7958,0.7962,0.30,2.50
2008.03.03 09:05:15.635,0.7957,0.7963,0.10,0.20
2008.03.03 09:05:15.802,0.796,0.7963,0.30,4.30
2008.03.03 09:05:15.978,0.7957,0.7963,9.60,0.20
2008.03.03 09:05:16.004,0.796,0.7963,0.30,4.30
2008.03.03 09:05:16.198,0.796,0.7963,0.30,4.30
2008.03.03 09:05:16.393,0.796,0.7963,0.30,4.30
2008.03.03 09:05:16.408,0.7957,0.7963,2.40,2.40
2008.03.03 09:05:16.589,0.796,0.7963,0.30,4.30
2008.03.03 09:05:16.755,0.7957,0.7963,0.30,0.20
2008.03.03 09:05:16.783,0.796,0.7963,0.30,4.30
2008.03.03 09:05:17.063,0.7957,0.7963,0.30,0.20
2008.03.03 09:05:17.144,0.796,0.7963,0.30,4.30
2008.03.03 09:05:17.396,0.7957,0.7963,2.40,2.40
2008.03.03 09:05:17.568,0.796,0.7963,0.30,4.30
2008.03.03 09:05:17.730,0.7957,0.7963,0.60,0.20
2008.03.03 09:05:17.908,0.796,0.7963,0.30,4.30
2008.03.03 09:05:18.000,0.7957,0.7963,0.30,0.20
2008.03.03 09:05:18.238,0.796,0.7963,0.30,4.30
2008.03.03 09:05:18.269,0.7957,0.7963,2.40,2.40
2008.03.03 09:05:18.520,0.7957,0.7963,0.30,4.00
2008.03.03 09:05:18.683,0.796,0.7963,0.30,4.30
2008.03.03 09:05:18.806,0.7957,0.7963,4.00,2.40
2008.03.03 09:05:19.105,0.79573,0.79628,4.00,0.40
2008.03.03 09:05:19.115,0.796,0.7963,0.30,4.30
2008.03.03 09:05:19.404,0.79575,0.79625,0.30,4.00
2008.03.03 09:05:19.438,0.796,0.7963,0.30,4.30
2008.03.03 09:05:19.703,0.79578,0.79623,0.30,0.20
2008.03.03 09:05:19.779,0.796,0.7963,0.30,4.30
2008.03.03 09:05:19.938,0.79588,0.79612,0.30,9.60
2008.03.03 09:05:20.103,0.796,0.7963,0.30,4.30
2008.03.03 09:05:20.248,0.79588,0.79612,0.30,4.00
2008.03.03 09:05:20.427,0.796,0.7963,0.30,4.30
2008.03.03 09:05:20.482,0.79588,0.79612,8.00,0.20
2008.03.03 09:05:20.715,0.79588,0.79612,2.60,2.40
2008.03.03 09:05:20.770,0.796,0.7963,0.30,4.30
2008.03.03 09:05:21.077,0.79588,0.79612,2.40,0.20
2008.03.03 09:05:21.102,0.796,0.7963,0.30,4.30
2008.03.03 09:05:21.329,0.796,0.7963,0.30,4.30
2008.03.03 09:05:21.412,0.79588,0.79612,2.40,2.40
2008.03.03 09:05:21.637,0.796,0.7963,0.30,4.30
2008.03.03 09:05:21.746,0.79588,0.79612,0.10,0.20
2008.03.03 09:05:21.864,0.796,0.7963,0.30,4.30
2008.03.03 09:05:22.025,0.7959,0.7961,2.60,2.50
2008.03.03 09:05:22.206,0.796,0.7963,0.30,4.30
2008.03.03 09:05:22.304,0.7959,0.7961,0.30,0.20
2008.03.03 09:05:22.582,0.79588,0.79612,6.40,0.20
2008.03.03 09:05:22.632,0.796,0.7963,0.30,4.30
2008.03.03 09:05:22.863,0.79595,0.79605,0.30,0.20
2008.03.03 09:05:22.966,0.796,0.7963,0.30,4.30
2008.03.03 09:05:23.132,0.79588,0.79612,0.60,4.00
2008.03.03 09:05:23.300,0.796,0.7963,0.30,4.30
2008.03.03 09:05:23.466,0.79588,0.79612,0.30,4.00
2008.03.03 09:05:23.636,0.796,0.7963,0.30,4.30
2008.03.03 09:05:23.799,0.79588,0.79612,0.30,4.00
2008.03.03 09:05:24.030,0.796,0.7963,0.30,4.30
2008.03.03 09:05:24.136,0.79588,0.79612,0.30,4.00
2008.03.03 09:05:24.289,0.796,0.7963,0.30,4.30
2008.03.03 09:05:24.455,0.79588,0.79612,0.50,0.60
2008.03.03 09:05:24.522,0.796,0.7963,0.30,4.30
2008.03.03 09:05:24.755,0.796,0.7963,0.30,4.30
2008.03.03 09:05:24.779,0.79588,0.79612,0.10,9.60
2008.03.03 09:05:25.062,0.796,0.7963,0.30,4.30
2008.03.03 09:05:25.125,0.79588,0.79612,0.50,0.20
2008.03.03 09:05:25.387,0.796,0.7963,0.30,4.30
2008.03.03 09:05:25.440,0.79588,0.79612,0.30,1.90
2008.03.03 09:05:25.691,0.796,0.7963,0.30,4.30
2008.03.03 09:05:25.758,0.79588,0.79612,0.30,0.20
2008.03.03 09:05:26.046,0.796,0.7963,0.30,4.30
2008.03.03 09:05:26.092,0.79588,0.79612,1.00,0.20
2008.03.03 09:05:26.394,0.796,0.7963,0.30,4.30
2008.03.03 09:05:26.552,0.79588,0.79612,2.40,2.50
2008.03.03 09:05:26.707,0.796,0.7963,0.30,4.30
2008.03.03 09:05:26.969,0.79588,0.79612,0.30,0.20
2008.03.03 09:05:27.046,0.796,0.7963,0.30,4.30
2008.03.03 09:05:27.305,0.79588,0.79612,0.30,0.20
2008.03.03 09:05:27.360,0.796,0.7963,0.30,4.30
2008.03.03 09:05:27.670,0.79588,0.79612,0.30,4.00
2008.03.03 09:05:27.692,0.796,0.7963,0.30,4.30
2008.03.03 09:05:27.978,0.79588,0.79612,0.30,0.20
2008.03.03 09:05:28.035,0.796,0.7963,0.30,4.30
2008.03.03 09:05:28.252,0.79588,0.79612,0.30,0.40
2008.03.03 09:05:28.465,0.796,0.7963,0.30,4.30
2008.03.03 09:05:28.506,0.79588,0.79612,0.70,4.00
2008.03.03 09:05:28.760,0.79588,0.79612,2.40,2.40
2008.03.03 09:05:28.805,0.796,0.7963,0.30,4.30
2008.03.03 09:05:29.068,0.79588,0.79612,2.40,2.40
2008.03.03 09:05:29.243,0.796,0.7963,0.30,4.30
2008.03.03 09:05:29.404,0.79588,0.79612,2.40,2.40
2008.03.03 09:05:29.557,0.796,0.7963,0.30,4.30
2008.03.03 09:05:29.723,0.79588,0.79612,0.30,0.20
2008.03.03 09:05:29.784,0.796,0.7963,0.30,4.30
2008.03.03 09:05:30.003,0.796,0.7963,0.30,4.30
2008.03.03 09:05:30.032,0.79588,0.79612,8.00,2.40
2008.03.03 09:05:30.261,0.79588,0.79612,13.60,2.50
2008.03.03 09:05:30.327,0.796,0.7963,0.30,4.30
2008.03.03 09:05:30.490,0.7959,0.7961,0.10,0.20
2008.03.03 09:05:30.659,0.796,0.7963,0.30,4.30
2008.03.03 09:05:30.719,0.7959,0.7961,0.60,0.20
2008.03.03 09:05:30.948,0.7959,0.7961,0.30,0.20
2008.03.03 09:05:30.988,0.796,0.7963,0.30,4.30
2008.03.03 09:05:31.228,0.796,0.7963,0.30,4.30
2008.03.03 09:05:31.283,0.7959,0.7961,0.30,0.20
2008.03.03 09:05:31.538,0.796,0.7963,0.30,4.30
2008.03.03 09:05:31.618,0.79588,0.79612,0.30,4.00
2008.03.03 09:05:31.883,0.796,0.7963,0.30,4.30
2008.03.03 09:05:31.952,0.79588,0.79612,0.30,4.00
2008.03.03 09:05:32.197,0.796,0.7963,0.30,4.30
2008.03.03 09:05:32.200,0.79588,0.79612,8.00,1.70
2008.03.03 09:05:32.449,0.79588,0.79612,1.80,0.20
2008.03.03 09:05:32.562,0.796,0.7963,0.30,4.30
2008.03.03 09:05:32.699,0.79588,0.79612,2.80,2.40
2008.03.03 09:05:32.860,0.796,0.7963,0.30,4.30
2008.03.03 09:05:33.033,0.79588,0.79612,2.40,2.40
2008.03.03 09:05:33.212,0.796,0.7963,0.30,4.30
2008.03.03 09:05:33.357,0.79588,0.79612,0.30,0.20
2008.03.03 09:05:33.634,0.796,0.7963,0.30,4.30
2008.03.03 09:05:33.685,0.79588,0.79612,2.60,0.20
2008.03.03 09:05:34.008,0.79588,0.79612,7.20,0.20
2008.03.03 09:05:34.075,0.796,0.7963,0.30,4.30
2008.03.03 09:05:34.301,0.796,0.7963,0.30,4.30
2008.03.03 09:05:34.344,0.79588,0.79612,3.40,7.30
2008.03.03 09:05:34.526,0.796,0.7963,0.30,4.30
2008.03.03 09:05:34.682,0.79588,0.79612,2.60,2.50
2008.03.03 09:05:34.850,0.796,0.7963,0.30,4.30
2008.03.03 09:05:35.003,0.79588,0.79612,0.30,0.20
2008.03.03 09:05:35.066,0.796,0.7963,0.30,4.30
2008.03.03 09:05:35.293,0.796,0.7963,0.30,4.30
2008.03.03 09:05:35.344,0.79588,0.79612,0.30,0.20
2008.03.03 09:05:35.665,0.79588,0.79612,0.30,0.20
2008.03.03 09:05:35.714,0.796,0.7963,0.30,4.30
2008.03.03 09:05:36.002,0.79588,0.79612,2.60,2.50
2008.03.03 09:05:36.068,0.796,0.7963,0.30,4.30
2008.03.03 09:05:36.441,0.79588,0.79612,0.30,0.20
2008.03.03 09:05:36.496,0.796,0.7963,0.30,4.30
2008.03.03 09:05:36.839,0.796,0.7963,0.30,4.30
2008.03.03 09:05:36.884,0.79588,0.79612,2.40,2.40
2008.03.03 09:05:37.147,0.796,0.7963,0.30,4.30
2008.03.03 09:05:37.317,0.79588,0.79612,8.00,0.40
2008.03.03 09:05:37.476,0.796,0.7963,0.30,4.30
2008.03.03 09:05:37.651,0.79588,0.79612,2.60,2.40
2008.03.03 09:05:37.824,0.796,0.7963,0.30,4.30
2008.03.03 09:05:37.986,0.79588,0.79612,4.00,0.20
2008.03.03 09:05:38.251,0.796,0.7963,0.30,4.30
2008.03.03 09:05:38.316,0.79588,0.79612,0.30,0.60
2008.03.03 09:05:38.541,0.79588,0.79612,2.40,2.40
2008.03.03 09:05:38.704,0.796,0.7963,0.30,4.30
2008.03.03 09:05:38.853,0.79588,0.79612,0.30,0.20
2008.03.03 09:05:39.130,0.796,0.7963,0.30,4.30
2008.03.03 09:05:39.181,0.79588,0.79612,0.40,0.40
2008.03.03 09:05:39.372,0.796,0.7963,0.30,4.30
2008.03.03 09:05:39.528,0.79588,0.79612,4.00,0.20
2008.03.03 09:05:39.675,0.796,0.7963,0.30,4.30
2008.03.03 09:05:39.900,0.796,0.7963,0.30,4.30
2008.03.03 09:05:39.932,0.79588,0.79612,0.30,0.20
2008.03.03 09:05:40.116,0.796,0.7963,0.30,4.30
2008.03.03 09:05:40.291,0.79588,0.79612,0.30,0.40
2008.03.03 09:05:40.473,0.796,0.7963,0.30,4.30
2008.03.03 09:05:40.519,0.79588,0.79612,12.00,2.40
2008.03.03 09:05:40.833,0.79588,0.79612,2.40,2.40
2008.03.03 09:05:40.905,0.796,0.7963,0.30,4.30
2008.03.03 09:05:41.161,0.79588,0.79612,0.30,0.20
2008.03.03 09:05:41.329,0.796,0.7963,0.30,4.30
2008.03.03 09:05:41.605,0.79588,0.79612,0.30,0.20
2008.03.03 09:05:41.668,0.796,0.7963,0.30,4.30
2008.03.03 09:05:41.892,0.796,0.7963,0.30,4.30
2008.03.03 09:05:42.050,0.79588,0.79612,2.60,2.50
2008.03.03 09:05:42.217,0.796,0.7963,0.30,4.30
2008.03.03 09:05:42.379,0.79588,0.79612,0.30,0.20
2008.03.03 09:05:42.680,0.796,0.7963,0.30,4.30
2008.03.03 09:05:42.719,0.79588,0.79612,0.30,2.40
2008.03.03 09:05:43.046,0.79588,0.79612,0.30,0.60
2008.03.03 09:05:43.084,0.796,0.7963,0.30,4.30
2008.03.03 09:05:43.352,0.79588,0.79612,0.30,0.40
2008.03.03 09:05:43.431,0.796,0.7963,0.30,4.30
2008.03.03 09:05:43.708,0.79588,0.79612,2.40,2.40
2008.03.03 09:05:43.745,0.796,0.7963,0.30,4.30
2008.03.03 09:05:44.027,0.79588,0.79612,2.60,2.70
2008.03.03 09:05:44.078,0.796,0.7963,0.30,4.30
2008.03.03 09:05:44.370,0.79588,0.79612,0.10,0.20
2008.03.03 09:05:44.404,0.796,0.7963,0.30,4.30
2008.03.03 09:05:44.690,0.79588,0.79612,6.40,0.20
2008.03.03 09:05:44.738,0.796,0.7963,0.30,4.30
2008.03.03 09:05:45.019,0.79588,0.79612,0.30,4.00
2008.03.03 09:05:45.074,0.796,0.7963,0.30,4.30
2008.03.03 09:05:45.340,0.79588,0.79612,0.80,0.20
2008.03.03 09:05:45.397,0.796,0.7963,0.30,4.30
2008.03.03 09:05:45.678,0.79588,0.79612,0.30,0.20
2008.03.03 09:05:45.721,0.796,0.7963,0.30,4.30
2008.03.03 09:05:46.003,0.79588,0.79612,2.40,2.40
2008.03.03 09:05:46.056,0.796,0.7963,0.30,4.30
2008.03.03 09:05:46.400,0.796,0.7963,0.30,4.30
2008.03.03 09:05:46.443,0.79588,0.79612,0.30,0.20
2008.03.03 09:05:46.719,0.796,0.7963,0.30,4.30
2008.03.03 09:05:46.883,0.79588,0.79612,4.00,0.40
2008.03.03 09:05:47.050,0.796,0.7963,0.30,4.30
2008.03.03 09:05:47.216,0.79588,0.79612,0.50,0.20
2008.03.03 09:05:47.351,0.796,0.7963,0.30,4.30
2008.03.03 09:05:47.535,0.79588,0.79612,0.80,5.60
2008.03.03 09:05:47.607,0.796,0.7963,0.30,4.30
2008.03.03 09:05:47.868,0.79588,0.79612,0.30,0.20
2008.03.03 09:05:47.935,0.796,0.7963,0.30,4.30
2008.03.03 09:05:48.218,0.79588,0.79612,4.00,0.50
2008.03.03 09:05:48.255,0.796,0.7963,0.30,4.30
2008.03.03 09:05:48.547,0.79588,0.79612,0.30,8.00
2008.03.03 09:05:48.581,0.796,0.7963,0.30,4.30
2008.03.03 09:05:48.905,0.79588,0.79612,8.20,2.40
2008.03.03 09:05:48.920,0.796,0.7963,0.30,4.30
2008.03.03 09:05:49.242,0.79588,0.79612,0.60,0.20
2008.03.03 09:05:49.284,0.796,0.7963,0.30,4.30
2008.03.03 09:05:49.525,0.79588,0.79612,0.50,0.60
2008.03.03 09:05:49.574,0.796,0.7963,0.30,4.30
2008.03.03 09:05:49.864,0.79588,0.79612,0.30,4.00
2008.03.03 09:05:49.906,0.796,0.7963,0.30,4.30
2008.03.03 09:05:50.174,0.79588,0.79612,0.60,0.20
2008.03.03 09:05:50.248,0.796,0.7963,0.30,4.30
2008.03.03 09:05:50.508,0.79588,0.79612,0.30,0.20
2008.03.03 09:05:50.561,0.796,0.7963,0.30,4.30
2008.03.03 09:05:50.745,0.79588,0.79612,0.30,0.20
2008.03.03 09:05:50.902,0.796,0.7963,0.30,4.30
2008.03.03 09:05:51.057,0.79588,0.79612,0.30,0.20
2008.03.03 09:05:51.241,0.796,0.7963,0.30,4.30
2008.03.03 09:05:51.507,0.796,0.7963,0.30,4.30
2008.03.03 09:05:51.509,0.79588,0.79612,0.80,0.50
2008.03.03 09:05:51.808,0.796,0.7963,0.30,4.30
2008.03.03 09:05:51.949,0.79588,0.79612,0.30,0.20
2008.03.03 09:05:52.122,0.796,0.7963,0.30,4.30
2008.03.03 09:05:52.386,0.79588,0.79612,0.30,0.20
2008.03.03 09:05:52.447,0.796,0.7963,0.30,4.30
2008.03.03 09:05:52.716,0.79588,0.79612,0.60,0.40
2008.03.03 09:05:52.881,0.796,0.7963,0.30,4.30
2008.03.03 09:05:53.064,0.79588,0.79612,2.60,2.50
2008.03.03 09:05:53.327,0.796,0.7963,0.30,4.30
2008.03.03 09:05:53.338,0.79588,0.79612,2.40,2.40
2008.03.03 09:05:53.577,0.79585,0.79615,2.60,2.50
2008.03.03 09:05:53.782,0.796,0.7963,0.30,4.30
2008.03.03 09:05:53.815,0.79585,0.79615,2.40,2.40
2008.03.03 09:05:54.086,0.796,0.7963,0.30,4.30
2008.03.03 09:05:54.139,0.79585,0.79615,0.30,2.40
2008.03.03 09:05:54.411,0.796,0.7963,0.30,4.30
2008.03.03 09:05:54.473,0.79585,0.79615,0.30,0.20
2008.03.03 09:05:54.741,0.796,0.7963,0.30,4.30
2008.03.03 09:05:54.815,0.79585,0.79615,0.30,0.20
2008.03.03 09:05:55.085,0.796,0.7963,0.30,4.30
2008.03.03 09:05:55.141,0.79585,0.79615,0.30,0.20
2008.03.03 09:05:55.399,0.796,0.7963,0.30,4.30
2008.03.03 09:05:55.469,0.79585,0.79615,2.40,4.00
2008.03.03 09:05:55.729,0.796,0.7963,0.30,4.30
2008.03.03 09:05:55.792,0.79585,0.79615,2.40,2.50
2008.03.03 09:05:56.068,0.796,0.7963,0.30,4.30
2008.03.03 09:05:56.124,0.79585,0.79615,0.30,0.20
2008.03.03 09:05:56.388,0.796,0.7963,0.30,4.30
2008.03.03 09:05:56.452,0.79585,0.79615,0.30,2.40
2008.03.03 09:05:56.740,0.796,0.7963,0.30,4.30
2008.03.03 09:05:56.896,0.79585,0.79615,0.30,0.20
2008.03.03 09:05:57.067,0.796,0.7963,0.30,4.30
2008.03.03 09:05:57.230,0.79585,0.79615,0.30,0.20
2008.03.03 09:05:57.348,0.796,0.7963,0.30,4.30
2008.03.03 09:05:57.564,0.79585,0.79615,8.00,0.20
2008.03.03 09:05:57.712,0.796,0.7963,0.30,4.30
2008.03.03 09:05:57.868,0.79585,0.79615,2.40,2.40
2008.03.03 09:05:58.164,0.796,0.7963,0.30,4.30
2008.03.03 09:05:58.198,0.79585,0.79615,0.30,0.40
2008.03.03 09:05:58.605,0.796,0.7963,0.30,4.30
2008.03.03 09:05:58.650,0.79585,0.79615,4.40,0.20
2008.03.03 09:05:58.838,0.796,0.7963,0.30,4.30
2008.03.03 09:05:58.985,0.79585,0.79615,4.00,0.40
2008.03.03 09:05:59.156,0.796,0.7963,0.30,4.30
2008.03.03 09:05:59.313,0.79585,0.79615,2.40,0.20
2008.03.03 09:05:59.395,0.796,0.7963,0.30,4.30
2008.03.03 09:05:59.643,0.79585,0.79615,0.30,0.20
2008.03.03 09:05:59.696,0.796,0.7963,0.30,4.30
2008.03.03 09:05:59.983,0.79585,0.79615,0.40,0.20
2008.03.03 09:06:00.029,0.796,0.7963,0.30,4.30
2008.03.03 09:06:00.357,0.796,0.7963,0.30,4.30
2008.03.03 09:06:00.472,0.79572,0.79602,0.30,4.00
2008.03.03 09:06:00.688,0.796,0.7963,0.30,4.30
2008.03.03 09:06:00.809,0.79561,0.79591,0.30,0.20
2008.03.03 09:06:01.028,0.796,0.7963,0.30,4.30
2008.03.03 09:06:01.073,0.79555,0.79585,0.30,12.80
2008.03.03 09:06:01.339,0.79553,0.79583,0.30,0.90
2008.03.03 09:06:01.356,0.796,0.7963,0.30,4.30
2008.03.03 09:06:01.622,0.79555,0.79585,0.30,4.50
2008.03.03 09:06:01.685,0.796,0.7963,0.30,4.30
2008.03.03 09:06:01.887,0.79554,0.79584,0.30,0.20
2008.03.03 09:06:02.011,0.796,0.7963,0.30,4.30
2008.03.03 09:06:02.151,0.79558,0.79588,0.30,4.00
2008.03.03 09:06:02.371,0.796,0.7963,0.30,4.30
2008.03.03 09:06:02.416,0.7956,0.7959,4.80,0.20
2008.03.03 09:06:02.680,0.79558,0.79588,0.30,5.60
2008.03.03 09:06:02.784,0.796,0.7963,0.30,4.30
2008.03.03 09:06:02.943,0.79558,0.79588,1.00,0.20
2008.03.03 09:06:03.226,0.796,0.7963,0.30,4.30
2008.03.03 09:06:03.252,0.7956,0.79585,4.00,0.20
2008.03.03 09:06:03.560,0.79559,0.79584,4.00,0.20
2008.03.03 09:06:03.650,0.796,0.7963,0.30,4.30
2008.03.03 09:06:03.870,0.79558,0.79583,0.10,0.20
2008.03.03 09:06:03.878,0.796,0.7963,0.30,4.30
2008.03.03 09:06:04.103,0.79561,0.79586,4.00,0.20
2008.03.03 09:06:04.197,0.796,0.7963,0.30,4.30
2008.03.03 09:06:04.337,0.79564,0.79589,1.00,9.60
2008.03.03 09:06:04.543,0.796,0.7963,0.30,4.30
2008.03.03 09:06:04.570,0.79565,0.7959,0.30,0.20
2008.03.03 09:06:04.804,0.79556,0.79591,0.30,4.00
2008.03.03 09:06:04.868,0.796,0.7963,0.30,4.30
2008.03.03 09:06:05.202,0.796,0.7963,0.30,4.30
2008.03.03 09:06:05.244,0.79555,0.7959,0.30,4.00
2008.03.03 09:06:05.538,0.796,0.7963,0.30,4.30
2008.03.03 09:06:05.649,0.7956,0.79595,4.00,0.20
2008.03.03 09:06:05.868,0.796,0.7963,0.30,4.30
2008.03.03 09:06:06.019,0.79565,0.796,0.30,0.20
2008.03.03 09:06:06.129,0.79595,0.7962,0.80,0.20
2008.03.03 09:06:06.332,0.79563,0.79598,2.40,2.40
2008.03.03 09:06:06.408,0.79575,0.7962,2.40,0.20
2008.03.03 09:06:06.669,0.79575,0.7962,2.40,4.30
2008.03.03 09:06:06.671,0.79562,0.79597,0.30,0.20
2008.03.03 09:06:06.940,0.7957,0.7962,2.40,4.30
2008.03.03 09:06:07.013,0.79566,0.79601,4.00,0.50
2008.03.03 09:06:07.218,0.7957,0.7962,2.40,4.10
2008.03.03 09:06:07.331,0.79569,0.79604,0.20,0.20
2008.03.03 09:06:07.470,0.79575,0.7962,2.40,4.30
2008.03.03 09:06:07.673,0.79563,0.79598,2.60,2.50
2008.03.03 09:06:07.737,0.79575,0.7962,2.40,4.30
2008.03.03 09:06:08.003,0.79558,0.79593,11.20,2.40
2008.03.03 09:06:08.076,0.79575,0.7962,2.40,4.30
2008.03.03 09:06:08.310,0.79556,0.79591,2.40,2.40
2008.03.03 09:06:08.488,0.79575,0.7962,2.40,4.30
2008.03.03 09:06:08.650,0.79556,0.79591,0.30,0.20
2008.03.03 09:06:08.822,0.79575,0.7962,2.40,4.30
2008.03.03 09:06:08.979,0.79555,0.7959,0.30,0.20
2008.03.03 09:06:09.164,0.79575,0.7962,2.40,4.30
2008.03.03 09:06:09.200,0.79555,0.7959,0.60,0.20
2008.03.03 09:06:09.419,0.79556,0.79591,8.00,0.20
2008.03.03 09:06:09.488,0.79575,0.7962,2.40,4.30
2008.03.03 09:06:09.639,0.79559,0.79594,0.30,0.20
2008.03.03 09:06:09.815,0.79575,0.7962,2.40,4.30
2008.03.03 09:06:09.919,0.79562,0.79597,0.30,0.20
2008.03.03 09:06:10.146,0.79575,0.7962,2.40,4.30
2008.03.03 09:06:10.269,0.7956,0.796,2.40,2.40
2008.03.03 09:06:10.469,0.79575,0.7962,2.40,4.30
2008.03.03 09:06:10.605,0.79558,0.79598,0.60,0.20
2008.03.03 09:06:10.800,0.79575,0.7962,2.40,4.30
2008.03.03 09:06:10.939,0.79555,0.796,0.30,0.20
2008.03.03 09:06:11.083,0.79575,0.7962,2.40,4.30
2008.03.03 09:06:11.234,0.79555,0.796,2.80,2.40
2008.03.03 09:06:11.333,0.79575,0.7962,2.40,4.30
2008.03.03 09:06:11.527,0.79557,0.79602,0.80,0.20
2008.03.03 09:06:11.572,0.79575,0.7962,2.40,4.30
2008.03.03 09:06:11.811,0.79575,0.79615,2.40,0.20
2008.03.03 09:06:11.841,0.79556,0.79601,0.60,4.00
2008.03.03 09:06:12.080,0.7958,0.79615,0.30,0.20
2008.03.03 09:06:12.162,0.79555,0.796,10.00,8.10
2008.03.03 09:06:12.349,0.7958,0.79615,0.30,0.20
2008.03.03 09:06:12.466,0.79555,0.796,2.60,8.10
2008.03.03 09:06:12.683,0.7958,0.79615,0.30,0.20
2008.03.03 09:06:12.727,0.79554,0.79599,4.00,0.40
2008.03.03 09:06:12.952,0.7958,0.79615,0.30,0.20
2008.03.03 09:06:13.076,0.79552,0.79597,0.30,0.20
2008.03.03 09:06:13.324,0.7958,0.79615,0.30,0.20
2008.03.03 09:06:13.395,0.79548,0.79598,0.80,0.20
2008.03.03 09:06:13.659,0.7958,0.79615,0.30,0.20
2008.03.03 09:06:13.714,0.79549,0.79599,4.00,0.20
2008.03.03 09:06:14.000,0.7958,0.79615,0.30,0.20
2008.03.03 09:06:14.033,0.79546,0.79606,0.20,2.70
2008.03.03 09:06:14.243,0.7958,0.79615,0.30,0.20
2008.03.03 09:06:14.267,0.79547,0.79607,0.30,0.20
2008.03.03 09:06:14.544,0.7958,0.79615,0.30,0.20
2008.03.03 09:06:14.594,0.79548,0.79608,4.00,0.20
2008.03.03 09:06:14.758,0.7958,0.79615,0.30,0.20
2008.03.03 09:06:14.918,0.79549,0.79609,2.40,2.40
2008.03.03 09:06:15.000,0.7958,0.79615,0.30,0.20
2008.03.03 09:06:15.259,0.79549,0.79609,0.30,4.00
2008.03.03 09:06:15.455,0.7958,0.79615,0.30,0.20
2008.03.03 09:06:15.593,0.79548,0.79608,4.00,0.20
2008.03.03 09:06:15.863,0.7958,0.79615,0.30,0.20
2008.03.03 09:06:16.019,0.79547,0.79607,2.40,0.20
2008.03.03 09:06:16.082,0.7958,0.7961,0.30,4.10
2008.03.03 09:06:16.315,0.7958,0.7961,0.30,4.10
2008.03.03 09:06:16.357,0.79546,0.79606,4.00,0.20
2008.03.03 09:06:16.533,0.7958,0.7961,0.30,0.20
2008.03.03 09:06:16.718,0.79547,0.79607,0.60,4.00
2008.03.03 09:06:16.752,0.7958,0.79615,0.30,0.20
2008.03.03 09:06:17.040,0.79549,0.79609,0.30,0.20
2008.03.03 09:06:17.065,0.7958,0.79615,0.30,0.20
2008.03.03 09:06:17.284,0.79547,0.79607,2.40,2.40
2008.03.03 09:06:17.411,0.7958,0.79615,0.30,0.20
2008.03.03 09:06:17.527,0.79547,0.79607,0.60,4.80
2008.03.03 09:06:17.764,0.7958,0.79615,0.30,0.20
2008.03.03 09:06:17.771,0.79546,0.79606,4.00,0.20
2008.03.03 09:06:18.015,0.79545,0.79605,4.00,0.20
2008.03.03 09:06:18.067,0.7958,0.79615,0.30,0.20
2008.03.03 09:06:18.258,0.79543,0.79603,0.30,0.20
2008.03.03 09:06:18.498,0.7958,0.79615,0.30,0.20
2008.03.03 09:06:18.593,0.79552,0.79592,0.70,4.00
2008.03.03 09:06:18.832,0.7958,0.79615,0.30,0.20
2008.03.03 09:06:18.927,0.79566,0.79581,0.60,0.40
2008.03.03 09:06:19.163,0.7958,0.79615,0.30,0.20
2008.03.03 09:06:19.261,0.79558,0.79598,0.20,0.20
2008.03.03 09:06:19.482,0.7958,0.79615,0.30,0.20
2008.03.03 09:06:19.497,0.79552,0.79602,0.30,4.00
2008.03.03 09:06:19.727,0.79561,0.79591,0.30,0.20
2008.03.03 09:06:19.832,0.7958,0.79615,0.30,0.20
2008.03.03 09:06:19.957,0.79563,0.79593,2.40,2.40
2008.03.03 09:06:20.158,0.7958,0.79615,0.30,0.20
2008.03.03 09:06:20.187,0.79567,0.79592,2.40,2.40
2008.03.03 09:06:20.540,0.79556,0.79591,2.40,2.40
2008.03.03 09:06:20.597,0.7958,0.79615,0.30,0.20
2008.03.03 09:06:20.876,0.79553,0.79583,1.60,0.20
2008.03.03 09:06:21.042,0.7958,0.79615,0.30,0.20
2008.03.03 09:06:21.210,0.7956,0.79575,0.30,0.20
2008.03.03 09:06:21.362,0.7958,0.79615,0.30,0.20
2008.03.03 09:06:21.474,0.79543,0.79598,0.80,2.40
2008.03.03 09:06:21.696,0.7958,0.79615,0.30,0.20
2008.03.03 09:06:21.738,0.79547,0.79602,0.30,0.60
2008.03.03 09:06:22.019,0.7958,0.79615,0.30,0.20
2008.03.03 09:06:22.066,0.79549,0.79604,0.60,0.20
2008.03.03 09:06:22.348,0.79549,0.79604,4.00,0.60
2008.03.03 09:06:22.362,0.7958,0.79615,0.30,0.20
2008.03.03 09:06:22.618,0.7956,0.79595,0.30,0.20
2008.03.03 09:06:22.680,0.7958,0.79615,0.30,0.20
2008.03.03 09:06:22.886,0.79561,0.79596,0.30,0.20
2008.03.03 09:06:23.010,0.7958,0.79615,0.30,0.20
2008.03.03 09:06:23.155,0.79558,0.79598,4.40,6.50
2008.03.03 09:06:23.348,0.7958,0.79615,0.30,0.20
2008.03.03 09:06:23.429,0.79556,0.79596,2.60,2.50
2008.03.03 09:06:23.723,0.79548,0.79608,5.60,0.10
2008.03.03 09:06:23.787,0.7958,0.79615,0.30,0.20
2008.03.03 09:06:24.061,0.79547,0.79607,1.60,0.20
2008.03.03 09:06:24.225,0.7958,0.79615,0.30,0.20
2008.03.03 09:06:24.387,0.79548,0.79608,0.30,0.20
2008.03.03 09:06:24.552,0.7958,0.79615,0.30,0.20
2008.03.03 09:06:24.714,0.79549,0.79609,0.30,6.50
2008.03.03 09:06:24.888,0.7958,0.79615,0.30,0.20
2008.03.03 09:06:25.042,0.79548,0.79608,4.00,0.20
2008.03.03 09:06:25.212,0.7958,0.79615,0.30,0.20
2008.03.03 09:06:25.472,0.79546,0.79606,2.80,2.50
2008.03.03 09:06:25.533,0.7958,0.79615,0.30,0.20
2008.03.03 09:06:25.870,0.7958,0.79615,0.30,0.20
2008.03.03 09:06:25.925,0.79546,0.79606,0.30,0.20
2008.03.03 09:06:26.211,0.7958,0.79615,0.30,0.20
2008.03.03 09:06:26.356,0.79546,0.79606,0.30,0.20
2008.03.03 09:06:26.526,0.7958,0.79615,0.30,0.20
2008.03.03 09:06:26.703,0.79546,0.79606,0.30,0.20
2008.03.03 09:06:26.855,0.7958,0.79615,0.30,0.20
2008.03.03 09:06:27.027,0.79546,0.79606,4.20,2.40
2008.03.03 09:06:27.200,0.7958,0.79615,0.30,0.20
2008.03.03 09:06:27.344,0.79547,0.79607,2.40,2.40
2008.03.03 09:06:27.519,0.7958,0.79615,0.30,0.20
2008.03.03 09:06:27.676,0.79547,0.79607,0.30,0.40
2008.03.03 09:06:27.846,0.7958,0.79615,0.30,0.20
2008.03.03 09:06:28.008,0.79547,0.79607,4.00,0.20
2008.03.03 09:06:28.116,0.7958,0.79615,0.30,0.20
2008.03.03 09:06:28.340,0.79547,0.79607,8.00,0.20
2008.03.03 09:06:28.518,0.7958,0.79615,0.30,0.20
2008.03.03 09:06:28.669,0.79546,0.79606,4.80,0.20
2008.03.03 09:06:28.946,0.7958,0.79615,0.30,0.20
2008.03.03 09:06:29.091,0.79546,0.79606,8.00,1.70
2008.03.03 09:06:29.385,0.7958,0.79615,0.30,0.20
2008.03.03 09:06:29.404,0.79546,0.79606,0.30,0.20
2008.03.03 09:06:29.637,0.79547,0.79607,2.40,2.40
2008.03.03 09:06:29.711,0.7958,0.79615,0.30,0.20
2008.03.03 09:06:29.872,0.79547,0.79607,0.30,0.20
2008.03.03 09:06:29.942,0.7958,0.79615,0.30,0.20
2008.03.03 09:06:30.106,0.79547,0.79607,0.50,0.20
2008.03.03 09:06:30.273,0.7958,0.79615,0.30,0.20
2008.03.03 09:06:30.415,0.79549,0.79609,0.70,4.00
2008.03.03 09:06:30.717,0.7958,0.79615,0.30,0.20
2008.03.03 09:06:30.873,0.79549,0.79609,0.30,4.00
2008.03.03 09:06:31.145,0.7958,0.79615,0.30,0.20
2008.03.03 09:06:31.314,0.79548,0.79608,0.30,0.20
2008.03.03 09:06:31.481,0.7958,0.79615,0.30,0.20
2008.03.03 09:06:31.652,0.79548,0.79608,0.60,4.40
2008.03.03 09:06:31.809,0.7958,0.79615,0.30,0.20
2008.03.03 09:06:31.952,0.79547,0.79607,0.50,0.20
2008.03.03 09:06:32.142,0.7958,0.79615,0.30,0.20
2008.03.03 09:06:32.319,0.79547,0.79607,0.50,0.20
2008.03.03 09:06:32.464,0.7958,0.79615,0.30,0.20
2008.03.03 09:06:32.614,0.79548,0.79608,2.40,0.20
2008.03.03 09:06:32.803,0.7958,0.79615,0.30,0.20
2008.03.03 09:06:32.957,0.79549,0.79609,0.30,0.20
2008.03.03 09:06:33.142,0.7958,0.79615,0.30,0.20
2008.03.03 09:06:33.271,0.79549,0.79609,2.40,2.40
2008.03.03 09:06:33.529,0.7955,0.7961,4.80,0.20
2008.03.03 09:06:33.568,0.7958,0.79615,0.30,0.20
2008.03.03 09:06:33.844,0.79551,0.79611,2.60,2.50
2008.03.03 09:06:33.905,0.7958,0.79615,0.30,0.20
2008.03.03 09:06:34.194,0.79551,0.79611,1.10,6.40
2008.03.03 09:06:34.345,0.7958,0.79615,0.30,0.20
2008.03.03 09:06:34.508,0.79551,0.79611,2.40,2.40
2008.03.03 09:06:34.675,0.7958,0.79615,0.30,0.20
2008.03.03 09:06:34.837,0.7955,0.7961,0.40,2.40
2008.03.03 09:06:34.991,0.7958,0.79615,0.30,0.20
2008.03.03 09:06:35.152,0.79549,0.79609,0.30,0.20
2008.03.03 09:06:35.339,0.7958,0.79615,0.30,0.20
2008.03.03 09:06:35.489,0.79548,0.79608,0.30,0.20
2008.03.03 09:06:35.661,0.7958,0.79615,0.30,0.20
2008.03.03 09:06:35.830,0.79547,0.79607,0.30,0.20
2008.03.03 09:06:35.993,0.7958,0.79615,0.30,0.20
2008.03.03 09:06:36.256,0.79547,0.79607,4.00,0.60
2008.03.03 09:06:36.323,0.7958,0.79615,0.30,0.20
2008.03.03 09:06:36.661,0.7958,0.79615,0.30,0.20
2008.03.03 09:06:36.698,0.79547,0.79607,0.30,0.20
2008.03.03 09:06:36.978,0.7958,0.79615,0.30,0.20
2008.03.03 09:06:37.027,0.79549,0.79609,2.40,4.10
2008.03.03 09:06:37.314,0.7958,0.79615,0.30,0.20
2008.03.03 09:06:37.369,0.79547,0.79607,9.80,4.10
2008.03.03 09:06:37.635,0.7958,0.79615,0.30,0.20
2008.03.03 09:06:37.682,0.79548,0.79608,9.60,0.20
2008.03.03 09:06:37.860,0.7958,0.79615,0.30,0.20
2008.03.03 09:06:38.011,0.79546,0.79606,5.60,0.20
2008.03.03 09:06:38.087,0.7958,0.79615,0.30,0.20
2008.03.03 09:06:38.342,0.79545,0.79605,0.30,0.40
2008.03.03 09:06:38.419,0.7958,0.79615,0.30,0.20
2008.03.03 09:06:38.689,0.79544,0.79604,2.40,2.40
2008.03.03 09:06:38.853,0.7958,0.79615,0.30,0.20
2008.03.03 09:06:39.021,0.79546,0.79606,0.60,0.20
2008.03.03 09:06:39.305,0.7958,0.79615,0.30,0.20
2008.03.03 09:06:39.307,0.79546,0.79606,4.00,0.20
2008.03.03 09:06:39.612,0.79548,0.79608,2.60,2.40
2008.03.03 09:06:39.636,0.7958,0.79615,0.30,0.20
2008.03.03 09:06:39.876,0.7955,0.7961,0.30,0.20
2008.03.03 09:06:39.949,0.7958,0.79615,0.30,0.20
2008.03.03 09:06:40.165,0.7958,0.79615,0.30,0.20
2008.03.03 09:06:40.219,0.79551,0.79611,2.60,2.50
2008.03.03 09:06:40.385,0.7958,0.79615,0.30,0.20
2008.03.03 09:06:40.548,0.79553,0.79613,4.00,0.40
2008.03.03 09:06:40.833,0.7958,0.79615,0.30,0.20
2008.03.03 09:06:40.881,0.7955,0.7961,2.40,0.20
2008.03.03 09:06:41.272,0.7958,0.79615,0.30,0.20
2008.03.03 09:06:41.321,0.79548,0.79608,8.00,0.20
2008.03.03 09:06:41.567,0.7958,0.79615,0.30,0.20
2008.03.03 09:06:41.761,0.79544,0.79604,2.80,2.50
2008.03.03 09:06:41.782,0.7958,0.7962,0.30,4.30
2008.03.03 09:06:41.912,0.79561,0.79586,0.30,0.20
2008.03.03 09:06:42.037,0.7958,0.7962,0.30,4.30
2008.03.03 09:06:42.088,0.79545,0.79605,0.30,0.20
2008.03.03 09:06:42.253,0.7958,0.7962,0.30,4.30
2008.03.03 09:06:42.413,0.79545,0.79605,0.30,0.20
2008.03.03 09:06:42.703,0.7958,0.7962,0.30,4.30
2008.03.03 09:06:42.752,0.79546,0.79606,0.30,0.20
2008.03.03 09:06:43.036,0.7958,0.7962,0.30,4.30
2008.03.03 09:06:43.056,0.79547,0.79607,0.30,0.20
2008.03.03 09:06:43.415,0.79546,0.79606,15.40,2.50
2008.03.03 09:06:43.474,0.7958,0.7962,0.30,4.30
2008.03.03 09:06:43.738,0.79548,0.79608,4.00,2.40
2008.03.03 09:06:43.909,0.7958,0.7962,0.30,4.30
2008.03.03 09:06:44.080,0.79549,0.79609,2.40,0.40
2008.03.03 09:06:44.248,0.7958,0.7962,0.30,4.30
2008.03.03 09:06:44.396,0.7955,0.7961,0.30,0.20
2008.03.03 09:06:44.676,0.7958,0.7962,0.30,4.30
2008.03.03 09:06:44.739,0.79549,0.79609,0.30,0.20
2008.03.03 09:06:44.998,0.7958,0.7962,0.30,4.30
2008.03.03 09:06:45.051,0.79548,0.79608,2.40,0.40
2008.03.03 09:06:45.345,0.7958,0.7962,0.30,4.30
2008.03.03 09:06:45.393,0.79549,0.79609,0.30,0.20
2008.03.03 09:06:45.700,0.79549,0.79609,0.60,2.50
2008.03.03 09:06:45.780,0.7958,0.7962,0.30,4.30
2008.03.03 09:06:46.036,0.79549,0.79609,8.00,2.80
2008.03.03 09:06:46.105,0.7958,0.7962,0.30,4.30
2008.03.03 09:06:46.370,0.79548,0.79608,2.60,7.30
2008.03.03 09:06:46.443,0.7958,0.7962,0.30,4.30
2008.03.03 09:06:46.705,0.79547,0.79607,0.30,0.20
2008.03.03 09:06:46.765,0.7958,0.7962,0.30,4.30
2008.03.03 09:06:47.013,0.79548,0.79608,0.30,0.20
2008.03.03 09:06:47.098,0.7958,0.7962,0.30,4.30
2008.03.03 09:06:47.322,0.79548,0.79608,0.60,0.30
2008.03.03 09:06:47.418,0.7958,0.7962,0.30,4.30
2008.03.03 09:06:47.632,0.79547,0.79607,0.30,0.20
2008.03.03 09:06:47.763,0.7958,0.7962,0.30,4.30
2008.03.03 09:06:47.872,0.79549,0.79609,8.00,4.00
2008.03.03 09:06:48.110,0.79549,0.79609,0.30,5.90
2008.03.03 09:06:48.111,0.7958,0.7962,0.30,4.30
2008.03.03 09:06:48.349,0.7955,0.7961,1.00,0.20
2008.03.03 09:06:48.428,0.7958,0.7962,0.30,4.30
2008.03.03 09:06:48.667,0.79549,0.79609,0.30,0.20
2008.03.03 09:06:48.845,0.7958,0.7962,0.30,4.30
2008.03.03 09:06:49.001,0.79548,0.79608,4.00,0.20
2008.03.03 09:06:49.301,0.7958,0.7962,0.30,4.30
2008.03.03 09:06:49.434,0.79548,0.79608,0.30,4.00
2008.03.03 09:06:49.734,0.7958,0.7962,0.30,4.30
2008.03.03 09:06:49.767,0.7955,0.7961,0.30,0.20
2008.03.03 09:06:49.997,0.7955,0.7961,0.30,0.20
2008.03.03 09:06:50.060,0.7958,0.7962,0.30,4.30
2008.03.03 09:06:50.227,0.79549,0.79609,0.30,4.00
2008.03.03 09:06:50.420,0.7958,0.7962,0.30,4.30
2008.03.03 09:06:50.456,0.79547,0.79607,0.30,0.20
2008.03.03 09:06:50.734,0.79546,0.79606,10.00,8.50
2008.03.03 09:06:50.738,0.7958,0.7962,0.30,4.30
2008.03.03 09:06:51.050,0.7958,0.7962,0.30,4.30
2008.03.03 09:06:51.067,0.79546,0.79606,0.30,0.20
2008.03.03 09:06:51.382,0.7958,0.7962,0.30,4.30
2008.03.03 09:06:51.403,0.79545,0.79605,1.80,4.00
2008.03.03 09:06:51.716,0.7958,0.7962,0.30,4.30
2008.03.03 09:06:51.737,0.79546,0.79606,0.30,0.40
2008.03.03 09:06:51.976,0.79546,0.79606,0.30,0.40
2008.03.03 09:06:52.066,0.7958,0.7962,0.30,4.30
2008.03.03 09:06:52.303,0.79545,0.79605,0.30,0.20
2008.03.03 09:06:52.392,0.7958,0.7962,0.30,4.30
2008.03.03 09:06:52.649,0.79544,0.79604,0.30,4.00
2008.03.03 09:06:52.705,0.7958,0.7962,0.30,4.30
2008.03.03 09:06:52.978,0.79545,0.79605,0.30,0.20
2008.03.03 09:06:53.039,0.7958,0.7962,0.30,4.30
2008.03.03 09:06:53.297,0.79546,0.79606,0.60,0.20
2008.03.03 09:06:53.364,0.7958,0.7962,0.30,4.30
2008.03.03 09:06:53.635,0.79544,0.79604,0.30,0.20
2008.03.03 09:06:53.704,0.7958,0.7962,0.30,4.30
2008.03.03 09:06:53.968,0.79546,0.79606,4.80,0.20
2008.03.03 09:06:54.141,0.7958,0.7962,0.30,4.30
2008.03.03 09:06:54.272,0.79547,0.79607,0.30,0.20
2008.03.03 09:06:54.556,0.79547,0.79607,0.30,0.20
2008.03.03 09:06:54.574,0.7958,0.7962,0.30,4.30
2008.03.03 09:06:54.865,0.79552,0.79602,0.30,0.20
2008.03.03 09:06:54.912,0.7958,0.7962,0.30,4.30
2008.03.03 09:06:55.128,0.79551,0.79601,0.30,0.20
2008.03.03 09:06:55.234,0.7958,0.7962,0.30,4.30
2008.03.03 09:06:55.385,0.79553,0.79598,0.30,4.00
2008.03.03 09:06:55.457,0.7958,0.7962,0.30,4.30
2008.03.03 09:06:55.643,0.7955,0.79595,1.80,2.50
2008.03.03 09:06:55.795,0.7958,0.7962,0.30,4.30
2008.03.03 09:06:55.887,0.7955,0.79595,0.30,0.20
2008.03.03 09:06:56.117,0.7958,0.7962,0.30,4.30
2008.03.03 09:06:56.220,0.79554,0.79599,0.30,0.20
2008.03.03 09:06:56.440,0.7958,0.7962,0.30,4.30
2008.03.03 09:06:56.555,0.79562,0.79597,2.60,2.70
2008.03.03 09:06:56.776,0.7958,0.7962,0.30,4.30
2008.03.03 09:06:56.891,0.79565,0.79595,6.40,0.20
2008.03.03 09:06:57.094,0.79559,0.79589,0.30,0.20
2008.03.03 09:06:57.311,0.79557,0.79577,0.30,0.50
2008.03.03 09:06:57.332,0.7958,0.7962,0.30,4.30
2008.03.03 09:06:57.554,0.79554,0.79584,2.60,2.50
2008.03.03 09:06:57.652,0.7958,0.7962,0.30,4.30
2008.03.03 09:06:57.775,0.79558,0.79588,4.00,0.20
2008.03.03 09:06:57.985,0.7958,0.7962,0.30,4.30
2008.03.03 09:06:58.129,0.79557,0.79587,0.30,0.20
2008.03.03 09:06:58.303,0.7958,0.7962,0.30,4.30
2008.03.03 09:06:58.471,0.79559,0.79584,3.20,0.20
2008.03.03 09:06:58.644,0.7958,0.7962,0.30,4.30
2008.03.03 09:06:58.897,0.7956,0.79585,0.30,0.20
2008.03.03 09:06:58.982,0.7958,0.7962,0.30,4.30
2008.03.03 09:06:59.117,0.79562,0.79587,0.60,4.00
2008.03.03 09:06:59.318,0.79562,0.79587,0.30,4.00
2008.03.03 09:06:59.413,0.7958,0.7962,0.30,0.40
2008.03.03 09:06:59.554,0.79559,0.79589,0.30,0.20
2008.03.03 09:06:59.793,0.79564,0.79589,4.00,0.20
2008.03.03 09:06:59.864,0.7958,0.7962,0.30,0.40
2008.03.03 09:07:00.298,0.7958,0.7962,0.30,0.40
2008.03.03 09:07:00.633,0.7958,0.7962,0.30,0.40
2008.03.03 09:07:00.852,0.7958,0.7962,0.30,0.40
2008.03.03 09:07:01.067,0.7958,0.7962,0.30,0.40
2008.03.03 09:07:01.110,0.79564,0.79594,0.30,0.20
2008.03.03 09:07:01.299,0.7958,0.7962,0.30,0.40
2008.03.03 09:07:01.486,0.79563,0.79593,0.30,0.20
2008.03.03 09:07:01.504,0.7958,0.7962,0.30,0.40
2008.03.03 09:07:01.726,0.7958,0.7962,0.30,0.40
2008.03.03 09:07:01.819,0.79562,0.79592,0.30,4.00
2008.03.03 09:07:02.062,0.7958,0.7962,0.30,0.40
2008.03.03 09:07:02.088,0.79563,0.79588,0.30,0.20
2008.03.03 09:07:02.433,0.79564,0.79589,4.80,0.20
2008.03.03 09:07:02.488,0.7958,0.7962,0.30,0.40
2008.03.03 09:07:02.754,0.79566,0.79591,1.10,6.40
2008.03.03 09:07:02.826,0.7958,0.7962,0.30,0.40
2008.03.03 09:07:03.091,0.79569,0.79594,0.30,4.10
2008.03.03 09:07:03.264,0.7958,0.7962,0.30,0.40
2008.03.03 09:07:03.410,0.7957,0.79595,0.60,0.20
2008.03.03 09:07:03.702,0.7958,0.7962,0.30,0.40
2008.03.03 09:07:03.772,0.79569,0.79594,2.40,2.40
2008.03.03 09:07:04.040,0.7958,0.7962,0.30,0.40
2008.03.03 09:07:04.086,0.79565,0.7959,4.00,0.20
2008.03.03 09:07:04.423,0.79565,0.7959,4.00,0.40
2008.03.03 09:07:04.475,0.7958,0.7962,0.30,0.40
2008.03.03 09:07:04.738,0.79566,0.79591,2.40,4.00
2008.03.03 09:07:04.921,0.7958,0.7962,0.30,0.40
2008.03.03 09:07:04.952,0.79568,0.79593,0.60,0.20
2008.03.03 09:07:05.158,0.7958,0.7962,0.30,0.40
2008.03.03 09:07:05.167,0.79568,0.79598,2.40,2.40
2008.03.03 09:07:05.382,0.79571,0.79596,0.30,0.40
2008.03.03 09:07:05.462,0.7958,0.7962,0.30,0.40
2008.03.03 09:07:05.597,0.79572,0.79597,0.40,0.20
2008.03.03 09:07:05.795,0.7958,0.7962,0.30,0.40
2008.03.03 09:07:05.827,0.79573,0.79598,0.30,1.60
2008.03.03 09:07:06.064,0.7958,0.7962,0.30,0.40
2008.03.03 09:07:06.160,0.79566,0.79601,3.10,9.60
2008.03.03 09:07:06.340,0.7958,0.7962,0.30,0.40
2008.03.03 09:07:06.497,0.79565,0.796,11.20,0.20
2008.03.03 09:07:06.666,0.7958,0.7962,0.30,0.40
2008.03.03 09:07:06.930,0.79565,0.796,10.60,14.10
2008.03.03 09:07:06.991,0.7958,0.7962,0.30,0.40
2008.03.03 09:07:07.264,0.79566,0.79601,4.00,0.20
2008.03.03 09:07:07.340,0.7958,0.7962,0.30,0.40
2008.03.03 09:07:07.595,0.79569,0.79604,4.00,0.20
2008.03.03 09:07:07.654,0.7958,0.7962,0.30,0.40
2008.03.03 09:07:07.935,0.79572,0.79607,2.40,2.40
2008.03.03 09:07:07.992,0.7958,0.7962,0.30,0.40
2008.03.03 09:07:08.259,0.79574,0.79609,0.30,0.20
2008.03.03 09:07:08.332,0.7958,0.7962,0.30,0.40
2008.03.03 09:07:08.431,0.79573,0.79608,0.30,0.40
2008.03.03 09:07:08.579,0.79573,0.79608,0.30,9.60
2008.03.03 09:07:08.754,0.7958,0.7962,0.30,0.40
2008.03.03 09:07:08.920,0.79574,0.79609,0.80,0.20
2008.03.03 09:07:09.211,0.7958,0.7962,0.30,0.40
2008.03.03 09:07:09.240,0.79571,0.79606,9.60,0.20
2008.03.03 09:07:09.581,0.79566,0.79601,2.40,2.40
2008.03.03 09:07:09.646,0.7958,0.7962,0.30,0.40
2008.03.03 09:07:09.898,0.7956,0.79595,0.30,2.70
2008.03.03 09:07:10.074,0.7958,0.7962,0.30,0.40
2008.03.03 09:07:10.125,0.79556,0.79591,8.00,0.40
2008.03.03 09:07:10.302,0.7958,0.7962,0.30,0.40
2008.03.03 09:07:10.454,0.79555,0.7959,2.60,2.70
2008.03.03 09:07:10.527,0.7958,0.7962,0.30,0.40
2008.03.03 09:07:10.768,0.79558,0.79593,0.30,2.40
2008.03.03 09:07:10.846,0.7958,0.7962,0.30,0.40
2008.03.03 09:07:11.189,0.7958,0.7962,0.30,0.40
2008.03.03 09:07:11.222,0.79563,0.79598,0.30,0.20
2008.03.03 09:07:11.512,0.7958,0.7962,0.30,0.40
2008.03.03 09:07:11.558,0.79568,0.79603,0.30,0.20
2008.03.03 09:07:11.819,0.7958,0.7962,0.30,0.40
2008.03.03 09:07:11.865,0.7957,0.79605,0.30,0.20
2008.03.03 09:07:11.986,0.79571,0.79606,2.40,2.40
2008.03.03 09:07:12.172,0.7958,0.7962,0.30,0.40
2008.03.03 09:07:12.320,0.7957,0.79605,0.30,0.20
2008.03.03 09:07:12.515,0.7958,0.7962,0.30,0.40
2008.03.03 09:07:12.651,0.79569,0.79604,2.40,2.40
2008.03.03 09:07:12.760,0.7958,0.79615,0.30,0.20
2008.03.03 09:07:12.984,0.79567,0.79602,9.60,0.20
2008.03.03 09:07:13.152,0.7958,0.79615,0.30,0.20
2008.03.03 09:07:13.312,0.79563,0.79598,2.40,0.20
2008.03.03 09:07:13.595,0.7958,0.79615,0.30,0.20
2008.03.03 09:07:13.642,0.79561,0.79596,0.30,2.90
2008.03.03 09:07:13.871,0.79562,0.79597,0.30,0.40
2008.03.03 09:07:13.941,0.7958,0.79615,0.30,0.20
2008.03.03 09:07:14.301,0.79564,0.79599,4.00,0.20
2008.03.03 09:07:14.370,0.7958,0.79615,0.30,0.20
2008.03.03 09:07:14.716,0.79568,0.79603,0.30,0.20
2008.03.03 09:07:14.810,0.7958,0.79615,0.30,0.20
2008.03.03 09:07:15.041,0.79571,0.79606,0.30,0.20
2008.03.03 09:07:15.148,0.7958,0.79615,0.30,0.20
2008.03.03 09:07:15.282,0.79573,0.79613,0.30,0.20
2008.03.03 09:07:15.465,0.7958,0.79615,0.30,0.20
2008.03.03 09:07:15.507,0.79574,0.79614,0.30,4.00
2008.03.03 09:07:15.687,0.7958,0.79615,0.30,0.20
2008.03.03 09:07:15.730,0.79577,0.79612,2.60,2.50
2008.03.03 09:07:15.914,0.7958,0.79615,0.30,0.20
2008.03.03 09:07:16.057,0.79576,0.79611,0.30,4.00
2008.03.03 09:07:16.227,0.7958,0.79615,0.30,0.20
2008.03.03 09:07:16.495,0.79574,0.79609,4.00,0.20
2008.03.03 09:07:16.541,0.7958,0.79615,0.30,0.20
2008.03.03 09:07:16.901,0.7958,0.79615,0.30,0.20
2008.03.03 09:07:16.939,0.79573,0.79608,0.60,2.50
2008.03.03 09:07:17.154,0.7958,0.79615,0.30,0.20
2008.03.03 09:07:17.245,0.79576,0.79611,0.70,4.00
2008.03.03 09:07:17.451,0.7958,0.79615,0.30,0.20
2008.03.03 09:07:17.563,0.79579,0.79614,0.30,0.20
2008.03.03 09:07:17.789,0.7958,0.79615,0.30,0.20
2008.03.03 09:07:17.816,0.79581,0.79616,4.00,2.40
2008.03.03 09:07:18.152,0.7958,0.79615,2.60,8.10
2008.03.03 09:07:18.234,0.7958,0.79615,0.30,0.20
2008.03.03 09:07:18.500,0.79578,0.79613,2.60,2.50
2008.03.03 09:07:18.666,0.7958,0.79615,0.30,0.20
2008.03.03 09:07:18.773,0.79574,0.79609,4.00,0.20
2008.03.03 09:07:19.027,0.79569,0.79604,4.00,0.20
2008.03.03 09:07:19.100,0.7958,0.79615,0.30,0.20
2008.03.03 09:07:19.346,0.79564,0.79599,9.60,0.20
2008.03.03 09:07:19.532,0.7958,0.79615,0.30,0.20
2008.03.03 09:07:19.666,0.79558,0.79593,4.00,0.40
2008.03.03 09:07:19.865,0.7958,0.79615,0.30,0.20
2008.03.03 09:07:19.986,0.7956,0.79585,0.30,0.20
2008.03.03 09:07:20.193,0.7958,0.79615,0.30,0.20
2008.03.03 09:07:20.230,0.79553,0.79588,4.80,0.20
2008.03.03 09:07:20.420,0.7958,0.79615,0.30,0.20
2008.03.03 09:07:20.576,0.79551,0.79586,0.30,0.20
2008.03.03 09:07:20.645,0.7958,0.79615,0.30,0.20
2008.03.03 09:07:20.900,0.79553,0.79588,2.60,2.40
2008.03.03 09:07:20.962,0.7958,0.79615,0.30,0.20
2008.03.03 09:07:21.204,0.79554,0.79589,2.60,2.40
2008.03.03 09:07:21.308,0.7958,0.79615,0.30,0.20
2008.03.03 09:07:21.557,0.79555,0.7959,2.40,0.20
2008.03.03 09:07:21.749,0.79555,0.7959,0.30,4.00
2008.03.03 09:07:21.979,0.79558,0.79593,2.40,0.40
2008.03.03 09:07:22.181,0.7958,0.79615,0.30,0.20
2008.03.03 09:07:22.281,0.7956,0.79595,0.30,2.50
2008.03.03 09:07:22.513,0.7958,0.79615,0.30,0.20
2008.03.03 09:07:22.581,0.79562,0.79597,0.30,4.00
2008.03.03 09:07:22.842,0.7958,0.79615,0.30,0.20
2008.03.03 09:07:22.879,0.79564,0.79599,4.20,0.20
2008.03.03 09:07:23.179,0.79566,0.79601,0.30,0.40
2008.03.03 09:07:23.273,0.7958,0.79615,0.30,0.20
2008.03.03 09:07:23.422,0.79568,0.79603,4.00,0.20
2008.03.03 09:07:23.726,0.7957,0.79605,1.10,0.20
2008.03.03 09:07:23.728,0.7958,0.79615,0.30,0.20
2008.03.03 09:07:23.969,0.79571,0.79606,0.60,0.20
2008.03.03 09:07:24.159,0.7958,0.79615,0.30,0.20
2008.03.03 09:07:24.235,0.79575,0.796,0.60,0.20
2008.03.03 09:07:24.555,0.79571,0.79601,2.40,2.40
2008.03.03 09:07:24.595,0.7958,0.79615,0.30,0.20
2008.03.03 09:07:24.874,0.79563,0.79603,0.30,0.20
2008.03.03 09:07:24.932,0.7958,0.79615,0.30,0.20
2008.03.03 09:07:25.159,0.7958,0.79615,0.30,0.20
2008.03.03 09:07:25.193,0.79558,0.79603,0.30,0.20
2008.03.03 09:07:25.366,0.7958,0.79615,0.30,0.20
2008.03.03 09:07:25.477,0.79556,0.79601,4.00,0.30
2008.03.03 09:07:25.586,0.7958,0.79615,0.30,0.20
2008.03.03 09:07:25.690,0.79556,0.79601,0.30,0.20
2008.03.03 09:07:25.807,0.7958,0.79615,0.30,0.20
2008.03.03 09:07:25.924,0.79561,0.79601,8.20,2.50
2008.03.03 09:07:26.023,0.7958,0.79615,0.30,0.20
2008.03.03 09:07:26.165,0.79565,0.79605,2.40,4.10
2008.03.03 09:07:26.464,0.7958,0.79615,0.30,0.20
2008.03.03 09:07:26.500,0.79571,0.79606,9.70,0.20
2008.03.03 09:07:26.798,0.7958,0.79615,0.30,0.20
2008.03.03 09:07:26.907,0.79572,0.79607,0.30,0.20
2008.03.03 09:07:27.239,0.7958,0.79615,0.30,0.20
2008.03.03 09:07:27.288,0.79571,0.79606,6.40,0.20
2008.03.03 09:07:27.525,0.7958,0.79615,0.30,0.20
2008.03.03 09:07:27.585,0.79568,0.79603,0.30,0.20
2008.03.03 09:07:27.791,0.7958,0.79615,0.30,0.20
2008.03.03 09:07:27.854,0.79565,0.796,0.30,4.00
2008.03.03 09:07:28.047,0.7958,0.79615,0.30,0.20
2008.03.03 09:07:28.123,0.79564,0.79599,0.30,4.00
2008.03.03 09:07:28.392,0.79559,0.79604,0.30,2.40
2008.03.03 09:07:28.444,0.7958,0.79615,0.30,0.20
2008.03.03 09:07:28.722,0.79558,0.79603,0.30,4.00
2008.03.03 09:07:28.784,0.7958,0.79615,0.30,0.20
2008.03.03 09:07:29.048,0.79557,0.79602,0.30,0.20
2008.03.03 09:07:29.224,0.7958,0.79615,0.30,0.20
2008.03.03 09:07:29.371,0.79561,0.79606,0.30,2.70
2008.03.03 09:07:29.654,0.7958,0.79615,0.30,0.20
2008.03.03 09:07:29.694,0.79569,0.79614,0.30,0.20
2008.03.03 09:07:29.994,0.7958,0.79615,0.30,0.20
2008.03.03 09:07:30.029,0.79575,0.7962,0.30,0.20
2008.03.03 09:07:30.222,0.7958,0.79615,0.30,0.20
2008.03.03 09:07:30.371,0.79573,0.79618,0.40,4.00
2008.03.03 09:07:30.430,0.7958,0.79615,0.30,0.20
2008.03.03 09:07:30.648,0.7958,0.79615,0.30,0.20
2008.03.03 09:07:30.689,0.79569,0.79614,0.30,0.80
2008.03.03 09:07:30.870,0.7958,0.79615,0.30,0.20
2008.03.03 09:07:31.031,0.79561,0.79606,0.40,2.40
2008.03.03 09:07:31.084,0.7958,0.79615,0.30,0.20
2008.03.03 09:07:31.423,0.7958,0.79615,0.30,0.20
2008.03.03 09:07:31.456,0.79558,0.79603,0.30,0.20
2008.03.03 09:07:31.765,0.7958,0.79615,0.30,0.20
2008.03.03 09:07:31.904,0.79558,0.79603,4.00,0.20
2008.03.03 09:07:32.087,0.7958,0.79615,0.30,0.20
2008.03.03 09:07:32.306,0.79585,0.7962,1.60,4.10
2008.03.03 09:07:32.338,0.7956,0.79605,2.80,2.50
2008.03.03 09:07:32.571,0.79585,0.7962,1.60,4.10
2008.03.03 09:07:32.662,0.79564,0.79609,2.80,0.10
2008.03.03 09:07:32.791,0.7959,0.7962,0.30,4.10
2008.03.03 09:07:32.999,0.79567,0.79612,0.30,0.20
2008.03.03 09:07:33.073,0.7959,0.7962,0.30,4.10
2008.03.03 09:07:33.293,0.7959,0.7961,0.30,4.00
2008.03.03 09:07:33.324,0.79567,0.79612,8.20,2.50
2008.03.03 09:07:33.580,0.79565,0.7961,0.30,0.20
2008.03.03 09:07:33.626,0.79585,0.7961,1.60,4.10
2008.03.03 09:07:33.874,0.79561,0.79606,2.80,4.40
2008.03.03 09:07:34.058,0.79585,0.7961,1.60,4.10
2008.03.03 09:07:34.198,0.79558,0.79603,0.30,0.20
2008.03.03 09:07:34.398,0.79585,0.7961,1.60,4.10
2008.03.03 09:07:34.439,0.79554,0.79599,2.40,2.40
2008.03.03 09:07:34.647,0.79585,0.7961,1.60,4.10
2008.03.03 09:07:34.762,0.79553,0.79598,0.60,0.20
2008.03.03 09:07:34.925,0.79585,0.7961,1.60,4.10
2008.03.03 09:07:35.085,0.79554,0.79599,10.90,4.80
2008.03.03 09:07:35.170,0.79585,0.7961,1.60,4.10
2008.03.03 09:07:35.372,0.79585,0.7961,1.60,4.10
2008.03.03 09:07:35.456,0.79555,0.796,0.30,0.20
2008.03.03 09:07:35.685,0.79554,0.79599,8.20,9.70
2008.03.03 09:07:35.701,0.79585,0.7961,1.60,0.20
2008.03.03 09:07:35.914,0.79554,0.79594,0.30,0.20
2008.03.03 09:07:36.030,0.79585,0.7961,1.60,0.20
2008.03.03 09:07:36.144,0.79553,0.79588,0.30,0.20
2008.03.03 09:07:36.359,0.7959,0.7962,0.30,4.10
2008.03.03 09:07:36.402,0.79551,0.79586,0.30,4.10
2008.03.03 09:07:36.573,0.7959,0.7962,0.30,4.10
2008.03.03 09:07:36.813,0.7959,0.7962,0.30,4.10
2008.03.03 09:07:36.845,0.79552,0.79587,2.60,2.50
2008.03.03 09:07:37.036,0.7959,0.7962,0.30,4.10
2008.03.03 09:07:37.183,0.79554,0.79589,4.00,0.20
2008.03.03 09:07:37.243,0.7959,0.7962,0.30,4.10
2008.03.03 09:07:37.464,0.7959,0.7962,0.30,4.10
2008.03.03 09:07:37.506,0.79556,0.79591,4.00,0.40
2008.03.03 09:07:37.787,0.7959,0.7962,0.30,4.10
2008.03.03 09:07:37.841,0.79555,0.7959,0.30,0.40
2008.03.03 09:07:38.120,0.7959,0.7962,0.30,4.10
2008.03.03 09:07:38.172,0.79553,0.79588,0.30,0.50
2008.03.03 09:07:38.450,0.7959,0.7962,0.30,4.10
2008.03.03 09:07:38.497,0.7955,0.79585,4.00,0.20
2008.03.03 09:07:38.783,0.7959,0.7962,0.30,4.10
2008.03.03 09:07:38.819,0.79551,0.79586,0.30,0.20
2008.03.03 09:07:39.117,0.7959,0.7962,0.30,4.10
2008.03.03 09:07:39.152,0.79552,0.79587,0.30,4.00
2008.03.03 09:07:39.450,0.79585,0.7961,1.60,0.20
2008.03.03 09:07:39.490,0.79554,0.79589,0.30,4.00
2008.03.03 09:07:39.776,0.79585,0.7961,1.60,0.20
2008.03.03 09:07:39.823,0.79555,0.7959,0.30,4.00
2008.03.03 09:07:40.004,0.79585,0.7961,1.60,0.20
2008.03.03 09:07:40.138,0.79553,0.79588,0.30,4.80
2008.03.03 09:07:40.215,0.79585,0.7961,1.60,0.20
2008.03.03 09:07:40.430,0.79585,0.7961,1.60,0.20
2008.03.03 09:07:40.473,0.79553,0.79588,4.00,2.40
2008.03.03 09:07:40.763,0.79585,0.7961,1.60,0.20
2008.03.03 09:07:40.798,0.79552,0.79587,8.00,2.40
2008.03.03 09:07:41.039,0.79556,0.79591,0.30,4.00
2008.03.03 09:07:41.098,0.79585,0.7961,1.60,0.20
2008.03.03 09:07:41.347,0.79562,0.79597,0.30,0.20
2008.03.03 09:07:41.540,0.79585,0.7961,1.60,0.20
2008.03.03 09:07:41.570,0.79569,0.79599,0.30,4.90
2008.03.03 09:07:41.865,0.79585,0.7961,1.60,0.20
2008.03.03 09:07:41.903,0.79571,0.79596,3.60,2.40
2008.03.03 09:07:42.201,0.79585,0.7961,1.60,0.20
2008.03.03 09:07:42.242,0.79566,0.79591,2.60,2.70
2008.03.03 09:07:42.525,0.79585,0.7961,1.60,0.20
2008.03.03 09:07:42.681,0.79561,0.79586,2.40,2.40
2008.03.03 09:07:42.858,0.79585,0.7961,1.60,0.20
2008.03.03 09:07:43.121,0.7956,0.79585,4.00,0.50
2008.03.03 09:07:43.316,0.79585,0.7961,1.60,0.20
2008.03.03 09:07:43.548,0.79561,0.79586,0.30,0.20
2008.03.03 09:07:43.667,0.79585,0.7961,1.60,0.20
2008.03.03 09:07:43.768,0.79563,0.79588,0.50,0.10
2008.03.03 09:07:43.986,0.79564,0.79589,2.40,2.40
2008.03.03 09:07:44.070,0.79585,0.7961,1.60,0.20
2008.03.03 09:07:44.324,0.79563,0.79588,0.30,0.20
2008.03.03 09:07:44.403,0.79585,0.7961,1.60,0.20
2008.03.03 09:07:44.761,0.79561,0.79586,2.40,0.20
2008.03.03 09:07:44.811,0.79585,0.7961,1.60,0.20
2008.03.03 09:07:45.070,0.79585,0.7961,1.60,0.20
2008.03.03 09:07:45.193,0.7956,0.79585,0.30,2.40
2008.03.03 09:07:45.394,0.79585,0.7961,1.60,0.20
2008.03.03 09:07:45.542,0.79559,0.79584,4.00,0.20
2008.03.03 09:07:45.709,0.79585,0.7961,1.60,0.20
2008.03.03 09:07:45.837,0.79555,0.7958,16.00,6.40
2008.03.03 09:07:46.035,0.79585,0.7961,1.60,0.20
2008.03.03 09:07:46.091,0.79551,0.79576,4.00,0.40
2008.03.03 09:07:46.297,0.7955,0.79575,0.30,4.00
2008.03.03 09:07:46.329,0.7958,0.7961,0.30,2.50
2008.03.03 09:07:46.522,0.7955,0.79575,0.60,4.00
2008.03.03 09:07:46.622,0.7958,0.7961,0.30,2.50
2008.03.03 09:07:46.860,0.79553,0.79578,0.30,4.00
2008.03.03 09:07:46.883,0.7958,0.7962,2.60,2.70
2008.03.03 09:07:47.141,0.7958,0.7962,2.60,2.70
2008.03.03 09:07:47.296,0.79562,0.79587,1.00,0.20
2008.03.03 09:07:47.400,0.7958,0.7962,2.60,2.70
2008.03.03 09:07:47.666,0.79569,0.79594,0.30,0.20
2008.03.03 09:07:47.686,0.7958,0.7962,2.60,2.70
2008.03.03 09:07:47.964,0.79577,0.79602,0.60,0.20
2008.03.03 09:07:48.019,0.7958,0.7962,2.60,2.70
2008.03.03 09:07:48.293,0.7958,0.79605,0.60,0.40
2008.03.03 09:07:48.353,0.79585,0.7962,1.60,2.50
2008.03.03 09:07:48.623,0.7958,0.79605,0.60,6.50
2008.03.03 09:07:48.687,0.79585,0.7962,1.60,2.50
2008.03.03 09:07:48.917,0.79576,0.79601,0.30,0.20
2008.03.03 09:07:48.921,0.7959,0.7962,0.30,2.50
2008.03.03 09:07:49.154,0.7959,0.7962,0.30,2.50
2008.03.03 09:07:49.276,0.79572,0.79597,0.30,0.20
2008.03.03 09:07:49.388,0.7959,0.7962,0.30,2.50
2008.03.03 09:07:49.606,0.79567,0.79592,4.80,6.40
2008.03.03 09:07:49.675,0.7959,0.7962,0.30,2.50
2008.03.03 09:07:49.931,0.79564,0.79589,8.00,0.20
2008.03.03 09:07:49.977,0.7959,0.7962,0.30,2.50
2008.03.03 09:07:50.267,0.79564,0.79589,0.30,0.20
2008.03.03 09:07:50.298,0.7959,0.7962,0.30,2.50
2008.03.03 09:07:50.584,0.7959,0.7962,0.30,2.50
2008.03.03 09:07:50.588,0.79564,0.79589,0.30,0.20
2008.03.03 09:07:50.814,0.79564,0.79589,4.00,0.40
2008.03.03 09:07:51.003,0.7959,0.7962,0.30,2.50
2008.03.03 09:07:51.132,0.79562,0.79587,4.00,0.20
2008.03.03 09:07:51.258,0.7959,0.7962,2.60,0.20
2008.03.03 09:07:51.467,0.79561,0.79586,0.30,0.20
2008.03.03 09:07:51.481,0.79605,0.7962,0.80,0.20
2008.03.03 09:07:51.722,0.79605,0.7962,1.60,0.20
2008.03.03 09:07:51.810,0.7956,0.79585,0.30,0.20
2008.03.03 09:07:52.006,0.79605,0.7963,1.60,2.50
2008.03.03 09:07:52.241,0.79561,0.79586,2.40,2.40
2008.03.03 09:07:52.291,0.79605,0.7963,1.60,2.50
2008.03.03 09:07:52.584,0.79563,0.79588,4.00,0.20
2008.03.03 09:07:52.898,0.79563,0.79588,4.80,0.20
2008.03.03 09:07:53.131,0.79561,0.79586,2.60,4.10
2008.03.03 09:07:53.462,0.79562,0.79587,0.30,4.00
2008.03.03 09:07:53.767,0.79565,0.7959,0.30,0.20
2008.03.03 09:07:54.111,0.79569,0.79594,4.00,0.20
2008.03.03 09:07:54.452,0.79573,0.79598,0.30,0.20
2008.03.03 09:07:54.644,0.79605,0.7963,1.60,2.50
2008.03.03 09:07:54.648,0.79605,0.7962,1.60,0.20
2008.03.03 09:07:54.676,0.79605,0.7962,1.60,0.20
2008.03.03 09:07:54.723,0.79605,0.7962,1.60,0.20
2008.03.03 09:07:54.756,0.79573,0.79598,0.30,4.10
2008.03.03 09:07:54.828,0.79605,0.7962,0.80,0.20
2008.03.03 09:07:54.876,0.7958,0.7962,5.20,2.50
2008.03.03 09:07:54.994,0.79572,0.79597,4.80,0.20
2008.03.03 09:07:55.325,0.79569,0.79594,2.60,9.60
2008.03.03 09:07:55.552,0.79564,0.79589,0.30,2.50
2008.03.03 09:07:55.774,0.79559,0.79584,13.60,2.50
2008.03.03 09:07:56.200,0.79552,0.79577,2.40,0.20
2008.03.03 09:07:56.385,0.7959,0.79615,2.40,2.40
2008.03.03 09:07:56.420,0.7959,0.79615,2.40,2.40
2008.03.03 09:07:56.535,0.79549,0.79574,4.00,0.20
2008.03.03 09:07:56.680,0.796,0.79625,0.30,1.60
2008.03.03 09:07:56.869,0.79548,0.79573,0.30,0.20
2008.03.03 09:07:56.965,0.796,0.79625,0.30,1.60
2008.03.03 09:07:57.186,0.79551,0.79576,2.40,0.20
2008.03.03 09:07:57.245,0.7959,0.7962,2.40,2.50
2008.03.03 09:07:57.524,0.79555,0.7958,2.40,5.60
2008.03.03 09:07:57.529,0.7958,0.7962,2.40,2.70
2008.03.03 09:07:57.838,0.79558,0.79583,0.60,0.20
2008.03.03 09:07:57.866,0.7958,0.79615,2.40,0.20
2008.03.03 09:07:58.090,0.7956,0.79585,2.40,2.40
2008.03.03 09:07:58.209,0.7957,0.79615,2.40,0.20
2008.03.03 09:07:58.318,0.79567,0.79582,0.30,0.20
2008.03.03 09:07:58.547,0.7957,0.79585,0.30,2.40
2008.03.03 09:07:58.558,0.7957,0.79615,2.40,0.20
2008.03.03 09:07:58.777,0.79567,0.79592,0.30,0.20
2008.03.03 09:07:58.883,0.7958,0.79615,2.40,0.20
2008.03.03 09:07:59.082,0.79561,0.79591,0.60,0.20
2008.03.03 09:07:59.225,0.7956,0.79605,2.60,2.40
2008.03.03 09:07:59.386,0.79549,0.79584,0.30,4.00
2008.03.03 09:07:59.577,0.7955,0.796,2.60,2.40
2008.03.03 09:07:59.721,0.79542,0.79576,8.00,0.20
2008.03.03 09:07:59.797,0.7955,0.796,2.60,2.40
2008.03.03 09:08:00.108,0.7955,0.796,2.60,2.40
2008.03.03 09:08:00.445,0.7955,0.796,2.60,2.40
2008.03.03 09:08:00.469,0.79536,0.7957,0.60,0.20
2008.03.03 09:08:00.687,0.7955,0.796,2.60,2.40
2008.03.03 09:08:00.918,0.7954,0.79575,0.30,0.20
2008.03.03 09:08:00.990,0.7955,0.796,2.60,2.40
2008.03.03 09:08:01.331,0.79546,0.79581,4.00,0.20
2008.03.03 09:08:01.332,0.7955,0.796,2.60,2.40
2008.03.03 09:08:01.579,0.7955,0.79585,0.30,0.20
2008.03.03 09:08:01.657,0.7955,0.796,2.60,2.40
2008.03.03 09:08:01.884,0.79554,0.79589,0.30,6.50
2008.03.03 09:08:01.985,0.7955,0.796,2.60,2.40
2008.03.03 09:08:02.122,0.79556,0.79591,0.30,0.20
2008.03.03 09:08:02.312,0.7955,0.796,2.60,2.40
2008.03.03 09:08:02.348,0.79558,0.79593,2.60,2.40
2008.03.03 09:08:02.642,0.79558,0.79593,5.00,4.10
2008.03.03 09:08:02.650,0.7955,0.796,2.60,2.40
2008.03.03 09:08:02.916,0.79559,0.79594,0.30,0.20
2008.03.03 09:08:02.974,0.7955,0.796,2.60,2.40
2008.03.03 09:08:03.195,0.79566,0.79591,2.40,0.20
2008.03.03 09:08:03.318,0.7955,0.796,2.60,2.40
2008.03.03 09:08:03.471,0.79567,0.79592,0.30,0.20
2008.03.03 09:08:03.656,0.7955,0.796,2.60,2.40
2008.03.03 09:08:03.786,0.79568,0.79593,0.30,0.20
2008.03.03 09:08:03.991,0.7956,0.796,2.40,2.40
2008.03.03 09:08:04.109,0.79564,0.79599,6.40,0.20
2008.03.03 09:08:04.326,0.7956,0.79605,2.60,2.40
2008.03.03 09:08:04.423,0.79563,0.79598,3.20,0.20
2008.03.03 09:08:04.748,0.7956,0.79605,2.60,2.40
2008.03.03 09:08:04.761,0.7956,0.79595,2.60,2.50
2008.03.03 09:08:05.004,0.7956,0.79605,2.60,2.40
2008.03.03 09:08:05.086,0.79557,0.79592,0.30,4.00
2008.03.03 09:08:05.286,0.7956,0.79605,2.60,2.40
2008.03.03 09:08:05.417,0.79556,0.79591,0.30,0.20
2008.03.03 09:08:05.625,0.7956,0.79605,2.60,2.40
2008.03.03 09:08:05.759,0.79557,0.79592,0.30,0.20
2008.03.03 09:08:05.948,0.7956,0.79605,2.60,2.40
2008.03.03 09:08:06.191,0.79558,0.79593,0.30,0.20
2008.03.03 09:08:06.269,0.7956,0.79605,2.60,2.40
2008.03.03 09:08:06.528,0.79556,0.79591,0.30,0.20
2008.03.03 09:08:06.611,0.7956,0.79605,2.60,2.40
2008.03.03 09:08:06.846,0.79554,0.79589,0.30,0.20
2008.03.03 09:08:06.934,0.7956,0.79605,2.60,2.40
2008.03.03 09:08:07.179,0.79553,0.79588,0.30,0.20
2008.03.03 09:08:07.268,0.7956,0.79605,2.60,2.40
2008.03.03 09:08:07.558,0.79553,0.79588,0.30,0.20
2008.03.03 09:08:07.597,0.7956,0.79605,2.60,2.40
2008.03.03 09:08:07.787,0.79552,0.79587,8.00,0.20
2008.03.03 09:08:07.935,0.7956,0.79605,2.60,2.40
2008.03.03 09:08:08.052,0.79554,0.79589,0.30,4.00
2008.03.03 09:08:08.249,0.7956,0.79605,2.60,2.40
2008.03.03 09:08:08.368,0.79555,0.7959,0.30,8.00
2008.03.03 09:08:08.590,0.7956,0.79605,2.60,2.40
2008.03.03 09:08:08.701,0.79555,0.7959,0.30,4.00
2008.03.03 09:08:08.924,0.7956,0.79605,2.60,2.40
2008.03.03 09:08:09.035,0.79554,0.79589,0.30,0.20
2008.03.03 09:08:09.333,0.7956,0.79605,2.60,2.40
2008.03.03 09:08:09.369,0.79558,0.79583,0.80,0.20
2008.03.03 09:08:09.668,0.7957,0.79615,4.80,0.20
2008.03.03 09:08:09.705,0.79558,0.79583,0.80,0.20
2008.03.03 09:08:09.902,0.7957,0.79615,2.40,0.20
2008.03.03 09:08:09.935,0.7956,0.79585,0.60,0.20
2008.03.03 09:08:10.136,0.7956,0.79605,2.60,2.40
2008.03.03 09:08:10.262,0.7956,0.79585,8.00,4.30
2008.03.03 09:08:10.370,0.7956,0.796,2.60,4.00
2008.03.03 09:08:10.604,0.7956,0.796,2.80,4.00
2008.03.03 09:08:10.670,0.7956,0.79585,0.30,0.20
2008.03.03 09:08:10.839,0.7956,0.796,2.80,4.10
2008.03.03 09:08:11.133,0.79565,0.796,0.30,4.10
2008.03.03 09:08:11.136,0.79557,0.79582,0.30,0.20
2008.03.03 09:08:11.428,0.7957,0.796,0.30,4.10
2008.03.03 09:08:11.475,0.79555,0.7958,0.30,0.30
2008.03.03 09:08:11.726,0.7957,0.796,0.30,4.10
2008.03.03 09:08:11.749,0.79554,0.79579,4.00,0.20
2008.03.03 09:08:12.006,0.7957,0.796,0.30,4.10
2008.03.03 09:08:12.023,0.79557,0.79582,2.40,2.40
2008.03.03 09:08:12.276,0.7957,0.796,0.30,4.10
2008.03.03 09:08:12.296,0.7956,0.79585,2.40,2.40
2008.03.03 09:08:12.513,0.7956,0.796,5.20,4.10
2008.03.03 09:08:12.619,0.79563,0.79588,4.00,0.20
2008.03.03 09:08:12.784,0.7956,0.796,2.80,4.10
2008.03.03 09:08:12.883,0.79564,0.79589,2.60,2.70
2008.03.03 09:08:13.111,0.7956,0.796,2.80,4.10
2008.03.03 09:08:13.148,0.79564,0.79589,0.30,0.80
2008.03.03 09:08:13.411,0.79563,0.79588,2.60,2.40
2008.03.03 09:08:13.448,0.79565,0.796,0.30,4.10
2008.03.03 09:08:13.675,0.79556,0.79591,0.30,0.20
2008.03.03 09:08:13.782,0.79565,0.796,0.30,4.10
2008.03.03 09:08:13.993,0.79555,0.7959,0.40,2.70
2008.03.03 09:08:14.027,0.79575,0.796,1.60,0.20
2008.03.03 09:08:14.273,0.79575,0.796,1.60,0.20
2008.03.03 09:08:14.325,0.79554,0.79589,0.60,0.20
2008.03.03 09:08:14.517,0.79575,0.796,1.60,4.10
2008.03.03 09:08:14.647,0.79553,0.79588,2.40,2.40
2008.03.03 09:08:14.761,0.79575,0.796,1.60,4.10
2008.03.03 09:08:14.986,0.79551,0.79586,2.60,2.50
2008.03.03 09:08:15.081,0.79575,0.796,1.60,4.10
2008.03.03 09:08:15.310,0.79553,0.79588,2.40,2.40
2008.03.03 09:08:15.416,0.79575,0.796,0.80,0.20
2008.03.03 09:08:15.643,0.79551,0.79586,4.80,0.20
2008.03.03 09:08:15.741,0.7957,0.796,2.60,0.20
2008.03.03 09:08:16.060,0.7957,0.796,0.30,4.10
2008.03.03 09:08:16.067,0.7955,0.79585,4.00,0.20
2008.03.03 09:08:16.404,0.7957,0.796,0.30,4.10
2008.03.03 09:08:16.519,0.79551,0.79586,0.30,6.40
2008.03.03 09:08:16.657,0.7957,0.796,0.30,4.10
2008.03.03 09:08:16.860,0.79553,0.79588,4.00,0.20
2008.03.03 09:08:16.946,0.7957,0.796,0.30,4.10
2008.03.03 09:08:17.193,0.79555,0.7959,0.30,0.20
2008.03.03 09:08:17.214,0.7957,0.796,0.30,4.10
2008.03.03 09:08:17.516,0.79558,0.79593,0.30,0.20
2008.03.03 09:08:17.797,0.7957,0.796,2.60,0.20
2008.03.03 09:08:17.842,0.79559,0.79594,2.40,8.00
2008.03.03 09:08:18.131,0.79575,0.796,1.60,0.20
2008.03.03 09:08:18.186,0.7956,0.79595,0.30,4.00
2008.03.03 09:08:18.465,0.79575,0.796,1.60,0.20
2008.03.03 09:08:18.498,0.79559,0.79594,0.30,0.20
2008.03.03 09:08:18.816,0.79575,0.796,1.60,0.20
2008.03.03 09:08:18.828,0.79558,0.79593,6.40,0.40
2008.03.03 09:08:19.154,0.79575,0.796,1.60,0.20
2008.03.03 09:08:19.172,0.79554,0.79589,0.30,0.40
2008.03.03 09:08:19.484,0.79575,0.796,1.60,0.20
2008.03.03 09:08:19.496,0.79551,0.79586,2.40,2.40
2008.03.03 09:08:19.712,0.79575,0.796,1.60,0.20
2008.03.03 09:08:19.854,0.79551,0.79586,0.30,0.40
2008.03.03 09:08:19.947,0.79575,0.796,1.60,0.20
2008.03.03 09:08:20.136,0.7955,0.79585,4.20,2.40
2008.03.03 09:08:20.267,0.79575,0.796,1.60,0.20
2008.03.03 09:08:20.428,0.79548,0.79583,4.00,0.20
2008.03.03 09:08:20.594,0.79575,0.796,1.60,0.20
2008.03.03 09:08:20.666,0.79548,0.79583,0.30,2.50
2008.03.03 09:08:20.904,0.79548,0.79583,0.30,0.40
2008.03.03 09:08:20.919,0.79575,0.796,1.60,0.20
2008.03.03 09:08:21.142,0.79545,0.7959,2.40,2.40
2008.03.03 09:08:21.244,0.79575,0.796,1.60,0.20
2008.03.03 09:08:21.484,0.79547,0.79592,0.30,4.00
2008.03.03 09:08:21.492,0.79575,0.796,1.60,0.20
2008.03.03 09:08:21.784,0.79575,0.796,1.60,0.20
2008.03.03 09:08:21.906,0.79549,0.79594,4.00,0.20
2008.03.03 09:08:22.034,0.79575,0.796,1.60,0.20
2008.03.03 09:08:22.235,0.7955,0.79595,2.40,2.40
2008.03.03 09:08:22.343,0.79575,0.796,1.60,0.20
2008.03.03 09:08:22.564,0.79552,0.79597,2.40,5.60
2008.03.03 09:08:22.681,0.79575,0.796,1.60,0.20
2008.03.03 09:08:22.892,0.79552,0.79597,0.30,0.20
2008.03.03 09:08:22.995,0.79575,0.796,1.60,0.20
2008.03.03 09:08:23.223,0.79558,0.79593,0.30,0.20
2008.03.03 09:08:23.325,0.79575,0.796,1.60,0.20
2008.03.03 09:08:23.451,0.79558,0.79593,4.00,0.20
2008.03.03 09:08:23.669,0.79575,0.796,1.60,0.20
2008.03.03 09:08:23.699,0.79559,0.79594,4.00,0.20
2008.03.03 09:08:23.929,0.79557,0.79597,0.50,0.20
2008.03.03 09:08:24.106,0.79575,0.796,1.60,0.20
2008.03.03 09:08:24.243,0.7956,0.7959,0.30,0.20
2008.03.03 09:08:24.438,0.79575,0.796,1.60,0.20
2008.03.03 09:08:24.557,0.79559,0.79589,2.60,2.50
2008.03.03 09:08:24.769,0.79575,0.796,1.60,0.20
2008.03.03 09:08:24.874,0.79565,0.7958,0.30,4.00
2008.03.03 09:08:25.002,0.79575,0.796,1.60,0.20
2008.03.03 09:08:25.211,0.79566,0.79581,4.00,2.40
2008.03.03 09:08:25.311,0.79575,0.796,1.60,0.20
2008.03.03 09:08:25.444,0.79567,0.79582,0.30,2.40
2008.03.03 09:08:25.643,0.79575,0.796,1.60,0.20
2008.03.03 09:08:25.758,0.79568,0.79583,0.30,0.40
2008.03.03 09:08:25.969,0.7957,0.79585,0.30,0.20
2008.03.03 09:08:26.094,0.79575,0.796,1.60,0.20
2008.03.03 09:08:26.211,0.79571,0.79586,0.30,0.20
2008.03.03 09:08:26.418,0.79575,0.796,1.60,0.20
2008.03.03 09:08:26.625,0.79572,0.79587,2.60,2.50
2008.03.03 09:08:26.733,0.79575,0.796,1.60,0.20
2008.03.03 09:08:27.083,0.79575,0.796,1.60,0.20
2008.03.03 09:08:27.084,0.79572,0.79587,0.30,0.20
2008.03.03 09:08:27.356,0.79573,0.79588,2.40,2.40
2008.03.03 09:08:27.417,0.79575,0.796,1.60,0.20
2008.03.03 09:08:27.641,0.79572,0.79587,0.30,0.20
2008.03.03 09:08:27.729,0.79575,0.796,1.60,0.20
2008.03.03 09:08:27.964,0.7957,0.79585,0.30,0.20
2008.03.03 09:08:28.067,0.79575,0.796,1.60,0.20
2008.03.03 09:08:28.292,0.79569,0.79584,8.00,0.20
2008.03.03 09:08:28.507,0.79575,0.796,1.60,0.20
2008.03.03 09:08:28.628,0.79565,0.7958,0.60,0.20
2008.03.03 09:08:28.948,0.79575,0.796,1.60,0.20
2008.03.03 09:08:28.950,0.79562,0.79577,0.30,0.20
2008.03.03 09:08:29.288,0.79563,0.79578,9.60,4.00
2008.03.03 09:08:29.394,0.79575,0.796,1.60,0.20
2008.03.03 09:08:29.613,0.79564,0.79579,0.30,6.50
2008.03.03 09:08:29.705,0.79575,0.796,1.60,0.20
2008.03.03 09:08:29.944,0.79568,0.79583,0.40,0.20
2008.03.03 09:08:30.042,0.79575,0.796,1.60,0.20
2008.03.03 09:08:30.377,0.79569,0.79584,2.40,2.40
2008.03.03 09:08:30.391,0.79575,0.796,1.60,0.20
2008.03.03 09:08:30.697,0.79575,0.796,1.60,0.20
2008.03.03 09:08:30.813,0.79568,0.79583,4.00,0.20
2008.03.03 09:08:31.036,0.79575,0.796,1.60,0.20
2008.03.03 09:08:31.261,0.79566,0.79581,7.20,0.20
2008.03.03 09:08:31.352,0.79575,0.796,1.60,0.20
2008.03.03 09:08:31.603,0.79565,0.7958,2.40,2.40
2008.03.03 09:08:31.688,0.79575,0.796,1.60,0.20
2008.03.03 09:08:32.001,0.79566,0.79581,5.60,9.60
2008.03.03 09:08:32.011,0.79575,0.796,1.60,0.20
2008.03.03 09:08:32.342,0.79567,0.79582,1.80,5.60
2008.03.03 09:08:32.350,0.79575,0.796,1.60,0.20
2008.03.03 09:08:32.686,0.79567,0.79582,4.20,0.20
2008.03.03 09:08:32.710,0.79575,0.796,1.60,0.20
2008.03.03 09:08:33.018,0.79575,0.796,1.60,0.20
2008.03.03 09:08:33.024,0.79565,0.7958,16.20,0.80
2008.03.03 09:08:33.302,0.79575,0.796,1.60,0.20
2008.03.03 09:08:33.347,0.79564,0.79579,0.30,0.20
2008.03.03 09:08:33.565,0.79558,0.79583,8.20,0.20
2008.03.03 09:08:33.662,0.79575,0.796,1.60,0.20
2008.03.03 09:08:33.669,0.79565,0.7958,4.00,0.20
2008.03.03 09:08:34.000,0.79575,0.796,1.60,0.20
2008.03.03 09:08:34.008,0.79565,0.7958,2.40,2.40
2008.03.03 09:08:34.349,0.79565,0.7958,0.30,4.00
2008.03.03 09:08:34.449,0.79575,0.796,1.60,0.20
2008.03.03 09:08:34.566,0.79564,0.79579,0.30,6.40
2008.03.03 09:08:34.761,0.79575,0.796,1.60,0.20
2008.03.03 09:08:34.771,0.79562,0.79577,0.60,4.00
2008.03.03 09:08:34.999,0.79575,0.796,1.60,0.20
2008.03.03 09:08:35.004,0.79559,0.79574,0.30,0.20
2008.03.03 09:08:35.307,0.7958,0.796,2.40,0.20
2008.03.03 09:08:35.438,0.79558,0.79573,4.20,0.50
2008.03.03 09:08:35.537,0.7958,0.7962,2.60,2.70
2008.03.03 09:08:35.772,0.7956,0.79575,0.30,0.20
2008.03.03 09:08:35.831,0.7958,0.7962,2.60,2.70
2008.03.03 09:08:36.129,0.7956,0.79575,2.40,4.00
2008.03.03 09:08:36.197,0.7958,0.7962,2.60,2.70
2008.03.03 09:08:36.438,0.7956,0.79575,0.30,0.20
2008.03.03 09:08:36.523,0.7958,0.7962,2.60,2.70
2008.03.03 09:08:36.747,0.7956,0.79575,0.30,4.00
2008.03.03 09:08:36.776,0.7958,0.7962,2.60,2.70
2008.03.03 09:08:37.057,0.79558,0.79573,0.80,4.00
2008.03.03 09:08:37.081,0.7958,0.7962,2.60,2.70
2008.03.03 09:08:37.366,0.79551,0.79586,4.80,2.40
2008.03.03 09:08:37.416,0.7958,0.7962,2.60,2.70
2008.03.03 09:08:37.637,0.79553,0.79588,0.30,2.70
2008.03.03 09:08:37.750,0.7958,0.7962,2.60,2.70
2008.03.03 09:08:37.962,0.79554,0.79589,2.60,0.20
2008.03.03 09:08:38.043,0.79585,0.7961,1.60,2.40
2008.03.03 09:08:38.192,0.79555,0.7959,0.30,0.20
2008.03.03 09:08:38.350,0.79585,0.7961,1.60,2.50
2008.03.03 09:08:38.625,0.79556,0.79591,8.20,2.50
2008.03.03 09:08:38.738,0.79585,0.7961,1.60,2.50
2008.03.03 09:08:38.963,0.79555,0.7959,4.00,0.40
2008.03.03 09:08:39.073,0.7958,0.7962,2.80,2.70
2008.03.03 09:08:39.404,0.79554,0.79589,0.30,0.20
2008.03.03 09:08:39.407,0.7958,0.7962,2.80,2.50
2008.03.03 09:08:39.627,0.79554,0.79589,4.00,0.20
2008.03.03 09:08:39.642,0.7958,0.7962,2.80,2.70
2008.03.03 09:08:39.848,0.79555,0.7959,10.40,0.20
2008.03.03 09:08:39.937,0.7958,0.7962,2.80,2.70
2008.03.03 09:08:40.140,0.79557,0.79592,0.30,4.00
2008.03.03 09:08:40.167,0.7958,0.7962,2.80,2.70
2008.03.03 09:08:40.367,0.79559,0.79594,3.20,2.80
2008.03.03 09:08:40.498,0.7958,0.7962,2.80,2.70
2008.03.03 09:08:40.701,0.79558,0.79593,0.60,0.20
2008.03.03 09:08:40.823,0.7958,0.7962,2.80,2.70
2008.03.03 09:08:41.035,0.79559,0.79589,0.50,0.60
2008.03.03 09:08:41.147,0.7958,0.7962,2.80,2.70
2008.03.03 09:08:41.369,0.79557,0.79582,0.30,0.20
2008.03.03 09:08:41.461,0.7958,0.7961,0.30,2.40
2008.03.03 09:08:41.702,0.79553,0.79578,0.30,0.20
2008.03.03 09:08:41.709,0.7958,0.7961,0.30,2.40
2008.03.03 09:08:41.959,0.79585,0.7961,0.80,0.20
2008.03.03 09:08:42.023,0.7955,0.79575,0.30,0.20
2008.03.03 09:08:42.208,0.79585,0.7961,1.60,0.20
2008.03.03 09:08:42.362,0.79548,0.79573,0.30,0.20
2008.03.03 09:08:42.457,0.79585,0.7961,0.80,2.50
2008.03.03 09:08:42.705,0.79548,0.79573,0.30,0.20
2008.03.03 09:08:42.751,0.7958,0.7961,0.30,2.50
2008.03.03 09:08:43.045,0.7958,0.7961,0.30,2.50
2008.03.03 09:08:43.079,0.79548,0.79573,0.30,4.00
2008.03.03 09:08:43.338,0.7958,0.7961,0.30,2.50
2008.03.03 09:08:43.357,0.7955,0.79575,0.30,0.20
2008.03.03 09:08:43.636,0.79551,0.79576,0.30,0.20
2008.03.03 09:08:43.640,0.7958,0.7961,0.30,2.50
2008.03.03 09:08:43.918,0.79553,0.79578,0.30,0.50
2008.03.03 09:08:44.006,0.7958,0.7961,0.30,2.50
2008.03.03 09:08:44.239,0.79554,0.79579,0.20,0.20
2008.03.03 09:08:44.342,0.7958,0.7961,0.30,2.50
2008.03.03 09:08:44.573,0.79556,0.79581,2.40,4.00
2008.03.03 09:08:44.768,0.7958,0.7961,0.30,2.50
2008.03.03 09:08:44.895,0.79558,0.79583,0.30,4.10
2008.03.03 09:08:44.999,0.7958,0.7961,0.30,2.50
2008.03.03 09:08:45.125,0.7956,0.79585,0.30,0.20
2008.03.03 09:08:45.213,0.7958,0.7961,0.30,2.50
2008.03.03 09:08:45.430,0.7958,0.7961,0.30,2.50
2008.03.03 09:08:45.444,0.7956,0.79585,0.60,0.20
2008.03.03 09:08:45.663,0.7958,0.7961,0.30,2.50
2008.03.03 09:08:45.786,0.7956,0.79585,0.60,4.00
2008.03.03 09:08:45.958,0.79595,0.7961,0.80,0.20
2008.03.03 09:08:46.214,0.79559,0.79584,0.30,0.20
2008.03.03 09:08:46.252,0.79595,0.7961,1.60,0.20
2008.03.03 09:08:46.548,0.79595,0.7962,1.60,2.50
2008.03.03 09:08:46.556,0.79556,0.79581,4.80,4.00
2008.03.03 09:08:46.828,0.79595,0.7962,1.60,2.50
2008.03.03 09:08:46.874,0.79551,0.79576,0.60,0.40
2008.03.03 09:08:47.200,0.79595,0.7962,1.60,2.50
2008.03.03 09:08:47.261,0.79548,0.79573,10.20,4.50
2008.03.03 09:08:47.479,0.79595,0.7962,1.60,2.50
2008.03.03 09:08:47.538,0.79549,0.79574,2.40,2.40
2008.03.03 09:08:47.752,0.79595,0.7962,1.60,2.50
2008.03.03 09:08:47.853,0.79552,0.79577,2.60,2.70
2008.03.03 09:08:48.061,0.79595,0.7962,1.60,2.50
2008.03.03 09:08:48.095,0.79557,0.79582,0.50,0.20
2008.03.03 09:08:48.404,0.79561,0.79586,0.30,0.20
2008.03.03 09:08:48.419,0.79595,0.7962,1.60,2.50
2008.03.03 09:08:48.745,0.79595,0.7962,1.60,2.50
2008.03.03 09:08:48.862,0.79562,0.79587,0.30,0.20
2008.03.03 09:08:49.187,0.79595,0.7962,1.60,2.50
2008.03.03 09:08:49.294,0.79562,0.79587,0.30,0.20
2008.03.03 09:08:49.609,0.79595,0.7962,1.60,2.50
2008.03.03 09:08:49.733,0.79559,0.79584,4.80,0.20
2008.03.03 09:08:49.828,0.79595,0.7962,1.60,2.50
2008.03.03 09:08:49.958,0.79555,0.7958,0.30,0.20
2008.03.03 09:08:50.053,0.79595,0.7962,1.60,2.50
2008.03.03 09:08:50.184,0.79551,0.79576,2.00,0.20
2008.03.03 09:08:50.396,0.79595,0.7962,1.60,2.50
2008.03.03 09:08:50.483,0.7955,0.79575,0.30,7.20
2008.03.03 09:08:50.725,0.79595,0.7962,1.60,2.50
2008.03.03 09:08:50.844,0.79549,0.79574,0.30,0.20
2008.03.03 09:08:51.161,0.79595,0.7962,1.60,2.50
2008.03.03 09:08:51.274,0.7955,0.79575,4.00,0.20
2008.03.03 09:08:51.605,0.79595,0.7962,1.60,2.50
2008.03.03 09:08:51.728,0.7955,0.79575,4.00,0.20
2008.03.03 09:08:51.831,0.79595,0.7962,1.60,2.50
2008.03.03 09:08:52.032,0.79595,0.7962,1.60,2.50
2008.03.03 09:08:52.053,0.7955,0.79575,0.30,0.20
2008.03.03 09:08:52.285,0.79595,0.7962,1.60,2.50
2008.03.03 09:08:52.380,0.79551,0.79576,0.60,0.40
2008.03.03 09:08:52.483,0.79595,0.7962,1.60,2.50
2008.03.03 09:08:52.688,0.79595,0.7962,1.60,2.50
2008.03.03 09:08:52.699,0.79554,0.79579,4.20,0.20
2008.03.03 09:08:53.025,0.79558,0.79583,0.30,0.08
2008.03.03 09:08:53.027,0.79595,0.7962,1.60,2.50
2008.03.03 09:08:53.360,0.79565,0.7959,0.30,0.20
2008.03.03 09:08:53.367,0.79595,0.7962,1.60,2.50
2008.03.03 09:08:53.696,0.79567,0.79592,0.30,0.20
2008.03.03 09:08:53.792,0.79595,0.7962,1.60,2.50
2008.03.03 09:08:54.026,0.79565,0.7959,2.60,2.50
2008.03.03 09:08:54.129,0.79595,0.7962,1.60,2.50
2008.03.03 09:08:54.368,0.79561,0.79586,0.30,0.20
2008.03.03 09:08:54.461,0.79595,0.7962,1.60,2.50
2008.03.03 09:08:54.752,0.7956,0.79585,2.40,0.20
2008.03.03 09:08:54.890,0.79595,0.7962,1.60,2.50
2008.03.03 09:08:55.028,0.7956,0.79585,4.00,0.20
2008.03.03 09:08:55.123,0.79595,0.7962,1.60,2.50
2008.03.03 09:08:55.327,0.79561,0.79586,0.30,0.20
2008.03.03 09:08:55.447,0.79595,0.7962,1.60,2.50
2008.03.03 09:08:55.565,0.79562,0.79587,6.40,2.40
2008.03.03 09:08:55.781,0.79595,0.7962,1.60,2.50
2008.03.03 09:08:55.884,0.79561,0.79586,0.30,0.20
2008.03.03 09:08:56.099,0.79595,0.7962,1.60,2.50
2008.03.03 09:08:56.334,0.7956,0.79585,0.60,0.20
2008.03.03 09:08:56.441,0.79595,0.7962,1.60,2.50
2008.03.03 09:08:56.757,0.79595,0.7962,1.60,2.50
2008.03.03 09:08:56.777,0.79561,0.79586,0.30,4.00
2008.03.03 09:08:56.997,0.79562,0.79587,1.60,9.60
2008.03.03 09:08:57.096,0.79595,0.7962,1.60,2.50
2008.03.03 09:08:57.213,0.79561,0.79586,9.60,2.40
2008.03.03 09:08:57.437,0.7956,0.79585,4.00,0.20
2008.03.03 09:08:57.439,0.79595,0.7962,1.60,2.50
2008.03.03 09:08:57.664,0.79561,0.79586,0.30,0.20
2008.03.03 09:08:57.704,0.79595,0.7962,1.60,2.50
2008.03.03 09:08:57.914,0.79561,0.79586,4.00,0.20
2008.03.03 09:08:58.094,0.79595,0.7962,1.60,2.50
2008.03.03 09:08:58.198,0.79561,0.79586,2.40,2.40
2008.03.03 09:08:58.515,0.79595,0.7962,1.60,2.50
2008.03.03 09:08:58.544,0.7956,0.79585,0.30,1.90
2008.03.03 09:08:58.856,0.79595,0.7962,1.60,2.50
2008.03.03 09:08:58.870,0.79561,0.79586,0.30,4.00
2008.03.03 09:08:59.202,0.79566,0.79591,2.40,0.40
2008.03.03 09:08:59.284,0.79595,0.7962,1.60,2.50
2008.03.03 09:08:59.557,0.79572,0.79597,0.30,0.20
2008.03.03 09:08:59.634,0.79595,0.7962,1.60,2.50
2008.03.03 09:08:59.856,0.79578,0.79603,0.30,0.20
2008.03.03 09:09:00.058,0.79595,0.7962,1.60,2.50
2008.03.03 09:09:00.289,0.79595,0.7962,1.60,2.50
2008.03.03 09:09:00.405,0.79581,0.79606,2.60,0.30
2008.03.03 09:09:00.502,0.79595,0.7962,1.60,2.50
2008.03.03 09:09:00.639,0.79578,0.79603,0.30,0.20
2008.03.03 09:09:00.727,0.79595,0.7962,1.60,2.50
2008.03.03 09:09:00.873,0.79576,0.79601,8.00,0.20
2008.03.03 09:09:01.183,0.79595,0.7962,1.60,2.50
2008.03.03 09:09:01.303,0.79572,0.79597,0.30,4.00
2008.03.03 09:09:01.615,0.79595,0.7962,1.60,2.50
2008.03.03 09:09:01.666,0.79572,0.79597,0.30,0.20
2008.03.03 09:09:02.000,0.79573,0.79598,4.00,0.20
2008.03.03 09:09:02.037,0.79595,0.7962,1.60,2.50
2008.03.03 09:09:02.288,0.79574,0.79599,4.00,0.20
2008.03.03 09:09:02.363,0.79595,0.7962,1.60,2.50
2008.03.03 09:09:02.608,0.79575,0.796,0.30,0.20
2008.03.03 09:09:02.696,0.79595,0.7962,1.60,2.50
2008.03.03 09:09:02.912,0.79577,0.79602,0.60,0.20
2008.03.03 09:09:03.039,0.79595,0.7962,1.60,2.50
2008.03.03 09:09:03.182,0.79578,0.79603,0.30,0.20
2008.03.03 09:09:03.426,0.79595,0.7962,1.60,2.50
2008.03.03 09:09:03.451,0.79578,0.79603,2.40,2.40
2008.03.03 09:09:03.715,0.79578,0.79603,2.40,2.40
2008.03.03 09:09:03.780,0.7959,0.7962,0.30,2.70
2008.03.03 09:09:03.961,0.79577,0.79602,2.40,2.40
2008.03.03 09:09:04.020,0.7958,0.7961,0.30,2.50
2008.03.03 09:09:04.206,0.79577,0.79602,0.30,0.20
2008.03.03 09:09:04.260,0.7958,0.7961,0.30,2.50
2008.03.03 09:09:04.521,0.79578,0.79603,4.80,0.20
2008.03.03 09:09:04.577,0.7958,0.7961,0.30,2.50
2008.03.03 09:09:04.833,0.7958,0.7961,0.30,2.50
2008.03.03 09:09:04.834,0.79579,0.79604,1.80,0.50
2008.03.03 09:09:05.162,0.79577,0.79602,0.30,0.20
2008.03.03 09:09:05.238,0.7958,0.7961,0.30,2.50
2008.03.03 09:09:05.430,0.79575,0.796,0.30,0.20
2008.03.03 09:09:05.565,0.7958,0.7961,0.30,2.50
2008.03.03 09:09:05.674,0.79573,0.79598,0.30,0.20
2008.03.03 09:09:05.900,0.7958,0.7961,0.30,2.50
2008.03.03 09:09:05.904,0.79572,0.79597,4.00,0.20
2008.03.03 09:09:06.216,0.7958,0.7961,0.30,2.50
2008.03.03 09:09:06.374,0.79572,0.79597,8.00,0.20
2008.03.03 09:09:06.550,0.7958,0.7961,0.30,2.50
2008.03.03 09:09:06.707,0.7957,0.79595,0.30,4.00
2008.03.03 09:09:06.901,0.7958,0.7961,0.30,2.50
2008.03.03 09:09:07.129,0.7957,0.79595,0.30,0.20
2008.03.03 09:09:07.218,0.7958,0.7961,0.30,2.50
2008.03.03 09:09:07.513,0.79572,0.79597,0.80,0.20
2008.03.03 09:09:07.535,0.7958,0.7961,0.30,2.50
2008.03.03 09:09:07.792,0.79573,0.79598,0.30,0.20
2008.03.03 09:09:07.865,0.7958,0.7961,0.30,2.50
2008.03.03 09:09:08.127,0.79575,0.796,1.80,2.50
2008.03.03 09:09:08.202,0.7958,0.7961,0.30,2.50
2008.03.03 09:09:08.448,0.79575,0.796,0.40,2.40
2008.03.03 09:09:08.646,0.7958,0.7961,0.30,2.50
2008.03.03 09:09:08.793,0.79575,0.796,0.30,0.20
2008.03.03 09:09:09.092,0.7958,0.7961,0.30,2.50
2008.03.03 09:09:09.104,0.79575,0.796,0.30,1.90
2008.03.03 09:09:09.406,0.7958,0.7961,0.30,2.50
2008.03.03 09:09:09.447,0.79576,0.79601,0.30,2.50
2008.03.03 09:09:09.632,0.7958,0.7961,0.30,2.50
2008.03.03 09:09:09.782,0.79575,0.796,0.30,4.00
2008.03.03 09:09:09.860,0.7958,0.7961,0.30,2.50
2008.03.03 09:09:10.095,0.79573,0.79598,0.30,4.00
2008.03.03 09:09:10.176,0.7958,0.7961,0.30,2.50
2008.03.03 09:09:10.425,0.79573,0.79598,4.00,2.40
2008.03.03 09:09:10.513,0.7958,0.7961,0.30,2.50
2008.03.03 09:09:10.663,0.79573,0.79598,0.30,0.20
2008.03.03 09:09:10.841,0.7958,0.7961,0.30,2.50
2008.03.03 09:09:10.981,0.79572,0.79597,0.30,4.00
2008.03.03 09:09:11.173,0.7958,0.7961,0.30,2.50
2008.03.03 09:09:11.426,0.79572,0.79597,8.20,2.50
2008.03.03 09:09:11.511,0.7958,0.7961,0.30,2.50
2008.03.03 09:09:11.760,0.79573,0.79598,4.00,9.60
2008.03.03 09:09:11.838,0.7958,0.7961,0.30,2.50
2008.03.03 09:09:12.150,0.7958,0.7961,0.30,2.50
2008.03.03 09:09:12.192,0.79575,0.796,8.00,0.20
2008.03.03 09:09:12.434,0.79573,0.79598,2.40,2.40
2008.03.03 09:09:12.489,0.7958,0.7961,0.30,2.50
2008.03.03 09:09:12.746,0.79573,0.79598,2.60,2.50
2008.03.03 09:09:12.788,0.7958,0.7961,0.30,2.50
2008.03.03 09:09:13.068,0.79573,0.79598,0.30,0.20
2008.03.03 09:09:13.087,0.7958,0.7961,0.30,2.50
2008.03.03 09:09:13.398,0.79575,0.796,0.30,0.20
2008.03.03 09:09:13.471,0.7958,0.7961,0.30,2.50
2008.03.03 09:09:13.742,0.79575,0.796,0.30,4.00
2008.03.03 09:09:13.819,0.7958,0.7961,0.30,2.50
2008.03.03 09:09:14.066,0.79573,0.79598,0.80,4.00
2008.03.03 09:09:14.154,0.79585,0.7961,0.80,0.20
2008.03.03 09:09:14.378,0.79585,0.7961,1.60,0.20
2008.03.03 09:09:14.386,0.79574,0.79599,0.30,2.40
2008.03.03 09:09:14.687,0.79585,0.7961,1.60,0.20
2008.03.03 09:09:14.725,0.79575,0.796,0.30,4.00
2008.03.03 09:09:15.015,0.79585,0.7961,1.60,0.20
2008.03.03 09:09:15.052,0.79576,0.79601,1.80,4.00
2008.03.03 09:09:15.239,0.79585,0.7961,1.60,0.20
2008.03.03 09:09:15.341,0.79574,0.79599,0.30,0.20
2008.03.03 09:09:15.579,0.79585,0.7961,1.60,0.20
2008.03.03 09:09:15.704,0.79573,0.79598,0.30,0.20
2008.03.03 09:09:15.909,0.79585,0.7961,1.60,0.20
2008.03.03 09:09:16.048,0.79573,0.79598,2.80,2.50
2008.03.03 09:09:16.227,0.79585,0.7961,1.60,0.20
2008.03.03 09:09:16.237,0.79579,0.79594,8.00,7.20
2008.03.03 09:09:16.408,0.79575,0.796,2.40,0.20
2008.03.03 09:09:16.562,0.79585,0.7961,1.60,0.20
2008.03.03 09:09:16.661,0.79575,0.796,0.60,2.50
2008.03.03 09:09:16.892,0.79585,0.7961,1.60,0.20
2008.03.03 09:09:16.916,0.79574,0.79599,8.00,0.20
2008.03.03 09:09:17.214,0.79585,0.7961,1.60,0.20
2008.03.03 09:09:17.254,0.79573,0.79598,2.40,2.40
2008.03.03 09:09:17.573,0.79572,0.79597,0.80,8.00
2008.03.03 09:09:17.578,0.79585,0.7961,1.60,0.20
2008.03.03 09:09:17.883,0.79585,0.7961,1.60,0.20
2008.03.03 09:09:17.911,0.79571,0.79596,4.80,0.20
2008.03.03 09:09:18.202,0.79585,0.7961,1.60,0.20
2008.03.03 09:09:18.295,0.79571,0.79596,0.70,4.00
2008.03.03 09:09:18.544,0.79585,0.7961,1.60,0.20
2008.03.03 09:09:18.600,0.79573,0.79598,0.30,0.20
2008.03.03 09:09:18.904,0.79573,0.79598,6.40,0.20
2008.03.03 09:09:18.982,0.79585,0.7961,1.60,0.20
2008.03.03 09:09:19.224,0.79575,0.796,4.00,0.20
2008.03.03 09:09:19.336,0.79585,0.7961,1.60,0.20
2008.03.03 09:09:19.542,0.79575,0.796,0.80,4.00
2008.03.03 09:09:19.637,0.79585,0.7961,1.60,0.20
2008.03.03 09:09:19.781,0.79575,0.796,6.60,2.50
2008.03.03 09:09:19.970,0.79585,0.7961,1.60,0.20
2008.03.03 09:09:20.019,0.79573,0.79598,0.30,0.20
2008.03.03 09:09:20.275,0.79573,0.79598,0.30,0.50
2008.03.03 09:09:20.299,0.79585,0.7961,1.60,0.20
2008.03.03 09:09:20.536,0.79573,0.79598,0.30,9.60
2008.03.03 09:09:20.625,0.79585,0.7961,1.60,0.20
2008.03.03 09:09:20.886,0.79571,0.79596,0.80,4.00
2008.03.03 09:09:20.952,0.79585,0.7961,1.60,0.20
2008.03.03 09:09:21.219,0.7957,0.79595,2.40,2.50
2008.03.03 09:09:21.282,0.79585,0.7961,1.60,0.20
2008.03.03 09:09:21.553,0.79571,0.79596,0.30,0.20
2008.03.03 09:09:21.639,0.79585,0.7961,1.60,0.20
2008.03.03 09:09:21.867,0.79573,0.79598,4.80,0.20
2008.03.03 09:09:21.976,0.79585,0.7961,1.60,0.20
2008.03.03 09:09:22.204,0.79575,0.796,0.60,0.20
2008.03.03 09:09:22.277,0.79585,0.7961,1.60,0.20
2008.03.03 09:09:22.523,0.79575,0.796,0.30,0.20
2008.03.03 09:09:22.546,0.79585,0.7961,1.60,0.20
2008.03.03 09:09:22.753,0.79575,0.796,2.60,2.70
2008.03.03 09:09:22.784,0.79585,0.7961,1.60,0.20
2008.03.03 09:09:23.046,0.79585,0.7961,1.60,0.20
2008.03.03 09:09:23.078,0.79576,0.79601,0.30,0.20
2008.03.03 09:09:23.380,0.79585,0.7961,1.60,0.20
2008.03.03 09:09:23.411,0.79576,0.79601,2.40,2.40
2008.03.03 09:09:23.719,0.79585,0.7961,1.60,0.20
2008.03.03 09:09:23.734,0.79575,0.796,0.30,4.00
2008.03.03 09:09:24.081,0.79577,0.79602,2.40,0.20
2008.03.03 09:09:24.156,0.79585,0.7961,1.60,0.20
2008.03.03 09:09:24.483,0.79575,0.796,0.30,2.40
2008.03.03 09:09:24.608,0.79585,0.7961,1.60,0.20
2008.03.03 09:09:24.725,0.79575,0.796,0.40,0.20
2008.03.03 09:09:24.916,0.79585,0.7961,1.60,0.20
2008.03.03 09:09:25.062,0.79573,0.79598,0.30,0.80
2008.03.03 09:09:25.249,0.79585,0.7961,1.60,0.20
2008.03.03 09:09:25.410,0.79574,0.79599,0.30,0.20
2008.03.03 09:09:25.588,0.79585,0.7961,1.60,0.20
2008.03.03 09:09:25.744,0.79575,0.796,4.00,0.20
2008.03.03 09:09:25.907,0.79585,0.7961,1.60,0.20
2008.03.03 09:09:26.106,0.79576,0.79601,13.60,2.50
2008.03.03 09:09:26.237,0.79585,0.7961,1.60,0.20
2008.03.03 09:09:26.440,0.79574,0.79599,0.30,0.20
2008.03.03 09:09:26.574,0.79585,0.7961,1.60,0.20
2008.03.03 09:09:26.714,0.79572,0.79597,0.30,4.00
2008.03.03 09:09:26.889,0.79585,0.7961,1.60,0.20
2008.03.03 09:09:27.030,0.79572,0.79597,0.30,0.20
2008.03.03 09:09:27.222,0.79585,0.7961,1.60,0.20
2008.03.03 09:09:27.303,0.79575,0.7959,2.40,0.40
2008.03.03 09:09:27.562,0.79585,0.7961,1.60,0.20
2008.03.03 09:09:27.577,0.79577,0.79592,2.60,0.20
2008.03.03 09:09:27.815,0.79578,0.79593,4.00,0.20
2008.03.03 09:09:27.891,0.79585,0.7961,1.60,0.20
2008.03.03 09:09:28.146,0.7958,0.79595,4.00,0.20
2008.03.03 09:09:28.215,0.79585,0.7961,1.60,0.20
2008.03.03 09:09:28.430,0.79583,0.79598,0.30,4.00
2008.03.03 09:09:28.556,0.79585,0.7961,1.60,0.20
2008.03.03 09:09:28.740,0.79585,0.796,0.30,0.20
2008.03.03 09:09:28.989,0.79585,0.7961,1.60,0.20
2008.03.03 09:09:29.050,0.79586,0.79601,1.80,2.50
2008.03.03 09:09:29.359,0.79586,0.79601,8.00,0.20
2008.03.03 09:09:29.419,0.79585,0.7961,1.60,0.20
2008.03.03 09:09:29.691,0.79584,0.79599,2.80,2.40
2008.03.03 09:09:29.773,0.79585,0.7961,1.60,0.20
2008.03.03 09:09:30.002,0.79582,0.79597,0.30,0.20
2008.03.03 09:09:30.094,0.79585,0.7961,1.60,0.20
2008.03.03 09:09:30.225,0.7958,0.79595,0.30,0.20
2008.03.03 09:09:30.313,0.79585,0.7961,1.60,0.20
2008.03.03 09:09:30.528,0.7958,0.79595,0.30,0.80
2008.03.03 09:09:30.552,0.79585,0.7961,1.60,0.20
2008.03.03 09:09:30.895,0.7958,0.79595,0.30,0.20
2008.03.03 09:09:30.979,0.79585,0.7961,1.60,0.20
2008.03.03 09:09:31.297,0.79582,0.79597,0.30,0.80
2008.03.03 09:09:31.417,0.79585,0.7961,1.60,0.20
2008.03.03 09:09:31.631,0.79583,0.79598,0.30,0.20
2008.03.03 09:09:31.847,0.79585,0.7961,1.60,0.20
2008.03.03 09:09:31.875,0.79584,0.79599,0.60,0.20
2008.03.03 09:09:32.068,0.79585,0.7961,1.60,0.20
2008.03.03 09:09:32.203,0.79585,0.796,3.20,2.80
2008.03.03 09:09:32.287,0.79585,0.7961,1.60,0.20
2008.03.03 09:09:32.503,0.79585,0.7961,1.60,0.20
2008.03.03 09:09:32.550,0.79582,0.79597,1.80,2.50
2008.03.03 09:09:32.740,0.79585,0.7961,1.60,0.20
2008.03.03 09:09:32.871,0.7958,0.79595,0.30,0.20
2008.03.03 09:09:33.061,0.79585,0.7961,1.60,0.20
2008.03.03 09:09:33.194,0.79578,0.79593,2.60,2.50
2008.03.03 09:09:33.397,0.79585,0.7961,1.60,0.20
2008.03.03 09:09:33.523,0.79577,0.79592,0.30,0.20
2008.03.03 09:09:33.825,0.79585,0.7961,1.60,0.20
2008.03.03 09:09:33.844,0.79576,0.79591,0.60,4.00
2008.03.03 09:09:34.176,0.79577,0.79592,0.30,0.20
2008.03.03 09:09:34.178,0.79585,0.7961,1.60,0.20
2008.03.03 09:09:34.516,0.79578,0.79593,0.80,0.20
2008.03.03 09:09:34.604,0.79585,0.7961,1.60,0.20
2008.03.03 09:09:34.846,0.79578,0.79593,0.60,2.50
2008.03.03 09:09:35.032,0.79585,0.7961,1.60,0.20
2008.03.03 09:09:35.177,0.7958,0.79595,0.60,0.20
2008.03.03 09:09:35.359,0.79585,0.7961,1.60,0.20
2008.03.03 09:09:35.521,0.79582,0.79597,0.60,0.20
2008.03.03 09:09:35.696,0.79585,0.7961,1.60,0.20
2008.03.03 09:09:35.927,0.79582,0.79597,0.30,0.20
2008.03.03 09:09:36.037,0.79585,0.7961,1.60,0.20
2008.03.03 09:09:36.364,0.79585,0.7961,1.60,0.20
2008.03.03 09:09:36.389,0.79583,0.79598,2.60,11.70
2008.03.03 09:09:36.676,0.79585,0.7961,1.60,0.20
2008.03.03 09:09:36.832,0.79582,0.79597,4.00,0.20
2008.03.03 09:09:37.027,0.79585,0.7961,1.60,0.20
2008.03.03 09:09:37.260,0.79581,0.79596,0.30,0.20
2008.03.03 09:09:37.347,0.79585,0.7961,1.60,0.20
2008.03.03 09:09:37.674,0.79585,0.7961,1.60,0.20
2008.03.03 09:09:37.696,0.7958,0.79595,0.80,0.20
2008.03.03 09:09:37.921,0.79582,0.79597,2.40,2.40
2008.03.03 09:09:38.003,0.79585,0.7961,1.60,0.20
2008.03.03 09:09:38.252,0.79583,0.79598,2.40,2.40
2008.03.03 09:09:38.338,0.79585,0.7961,1.60,0.20
2008.03.03 09:09:38.482,0.79582,0.79597,0.30,4.00
2008.03.03 09:09:38.662,0.79585,0.7961,1.60,0.20
2008.03.03 09:09:38.807,0.79581,0.79596,2.60,2.40
2008.03.03 09:09:38.993,0.79585,0.7961,1.60,0.20
2008.03.03 09:09:39.254,0.7958,0.79595,2.60,2.50
2008.03.03 09:09:39.426,0.79585,0.7961,1.60,0.20
2008.03.03 09:09:39.694,0.79581,0.79596,2.00,0.40
2008.03.03 09:09:39.884,0.79585,0.7961,1.60,0.20
2008.03.03 09:09:40.008,0.7958,0.79595,2.40,2.40
2008.03.03 09:09:40.229,0.79579,0.79594,2.40,5.60
2008.03.03 09:09:40.234,0.79585,0.7961,1.60,0.20
2008.03.03 09:09:40.459,0.79578,0.79593,8.00,0.20
2008.03.03 09:09:40.544,0.79585,0.7961,1.60,0.20
2008.03.03 09:09:40.773,0.79585,0.7961,1.60,0.20
2008.03.03 09:09:40.794,0.79578,0.79593,4.00,0.20
2008.03.03 09:09:41.083,0.79585,0.7961,1.60,0.20
2008.03.03 09:09:41.228,0.7958,0.79595,0.10,0.20
2008.03.03 09:09:41.408,0.79585,0.7961,1.60,0.20
2008.03.03 09:09:41.557,0.79582,0.79597,0.30,0.20
2008.03.03 09:09:41.746,0.79585,0.7961,1.60,0.20
2008.03.03 09:09:41.894,0.79583,0.79598,0.50,0.60
2008.03.03 09:09:42.074,0.79585,0.7961,1.60,0.20
2008.03.03 09:09:42.217,0.79581,0.79596,0.30,2.40
2008.03.03 09:09:42.398,0.79585,0.7961,1.60,0.20
2008.03.03 09:09:42.542,0.7958,0.79595,0.30,0.20
2008.03.03 09:09:42.739,0.79585,0.7961,1.60,0.20
2008.03.03 09:09:42.863,0.7958,0.79595,4.00,0.20
2008.03.03 09:09:43.003,0.79595,0.7961,0.80,0.20
2008.03.03 09:09:43.203,0.79584,0.79599,0.30,0.20
2008.03.03 09:09:43.257,0.79595,0.7961,1.60,0.20
2008.03.03 09:09:43.512,0.79595,0.7962,1.60,2.50
2008.03.03 09:09:43.524,0.79585,0.796,0.30,0.20
2008.03.03 09:09:43.823,0.79595,0.7962,1.60,2.50
2008.03.03 09:09:43.879,0.79585,0.796,0.30,0.20
2008.03.03 09:09:44.157,0.7959,0.7962,0.30,2.50
2008.03.03 09:09:44.201,0.79581,0.79596,0.30,0.40
2008.03.03 09:09:44.490,0.7959,0.7962,0.30,2.70
2008.03.03 09:09:44.519,0.79579,0.79594,2.80,2.50
2008.03.03 09:09:44.824,0.7959,0.7962,0.30,2.70
2008.03.03 09:09:44.853,0.79578,0.79593,0.30,4.00
2008.03.03 09:09:45.037,0.7959,0.7962,0.30,2.70
2008.03.03 09:09:45.189,0.79578,0.79593,2.40,2.40
2008.03.03 09:09:45.253,0.7959,0.7962,0.30,2.70
2008.03.03 09:09:45.467,0.7959,0.7962,0.30,2.70
2008.03.03 09:09:45.513,0.79578,0.79593,0.30,0.20
2008.03.03 09:09:45.694,0.7959,0.7962,0.30,2.70
2008.03.03 09:09:45.736,0.7958,0.79595,9.60,2.50
2008.03.03 09:09:45.914,0.7959,0.7962,0.30,2.70
2008.03.03 09:09:46.061,0.7958,0.79595,4.00,0.20
2008.03.03 09:09:46.256,0.7959,0.7962,0.30,2.70
2008.03.03 09:09:46.395,0.79579,0.79594,2.40,0.40
2008.03.03 09:09:46.592,0.7959,0.7962,0.30,2.70
2008.03.03 09:09:46.841,0.79577,0.79592,0.60,2.40
2008.03.03 09:09:47.033,0.7959,0.7962,0.30,2.70
2008.03.03 09:09:47.185,0.79577,0.79592,0.30,0.90
2008.03.03 09:09:47.272,0.7959,0.7962,0.30,2.70
2008.03.03 09:09:47.469,0.79578,0.79593,4.00,0.20
2008.03.03 09:09:47.473,0.7959,0.7962,0.30,2.70
2008.03.03 09:09:47.687,0.7959,0.7962,0.30,2.70
2008.03.03 09:09:47.753,0.79579,0.79594,4.00,0.40
2008.03.03 09:09:47.922,0.7959,0.7962,0.30,2.70
2008.03.03 09:09:48.036,0.79581,0.79596,4.00,0.20
2008.03.03 09:09:48.335,0.7959,0.7962,0.30,2.70
2008.03.03 09:09:48.384,0.79582,0.79597,0.30,2.50
2008.03.03 09:09:48.715,0.79583,0.79598,9.80,4.10
2008.03.03 09:09:48.787,0.7959,0.7962,0.30,2.70
2008.03.03 09:09:49.076,0.79585,0.796,0.60,4.00
2008.03.03 09:09:49.215,0.7959,0.7962,0.30,2.70
2008.03.03 09:09:49.375,0.79583,0.79598,0.30,0.80
2008.03.03 09:09:49.437,0.7959,0.7962,0.30,2.70
2008.03.03 09:09:49.670,0.7959,0.7962,0.30,2.70
2008.03.03 09:09:49.699,0.79581,0.79596,2.40,2.40
2008.03.03 09:09:50.001,0.7959,0.7962,0.30,2.70
2008.03.03 09:09:50.018,0.7958,0.79595,0.30,0.20
2008.03.03 09:09:50.329,0.7959,0.7962,0.30,2.70
2008.03.03 09:09:50.346,0.79579,0.79594,8.00,1.70
2008.03.03 09:09:50.655,0.7959,0.7962,0.30,2.70
2008.03.03 09:09:50.677,0.7958,0.79595,0.30,9.60
2008.03.03 09:09:50.972,0.7959,0.7962,0.30,2.70
2008.03.03 09:09:51.108,0.79583,0.79598,2.80,2.50
2008.03.03 09:09:51.309,0.7959,0.7962,0.30,2.70
2008.03.03 09:09:51.564,0.79583,0.79598,0.30,4.00
2008.03.03 09:09:51.643,0.7959,0.7962,0.30,2.70
2008.03.03 09:09:51.967,0.7959,0.7962,0.30,2.70
2008.03.03 09:09:52.011,0.79585,0.796,0.50,0.20
2008.03.03 09:09:52.305,0.7959,0.7962,0.30,2.70
2008.03.03 09:09:52.338,0.79585,0.796,0.30,0.20
2008.03.03 09:09:52.641,0.7959,0.7962,0.30,2.70
2008.03.03 09:09:52.670,0.79583,0.79598,0.30,4.00
2008.03.03 09:09:52.976,0.7959,0.7962,0.30,2.70
2008.03.03 09:09:52.988,0.79583,0.79598,4.00,0.20
2008.03.03 09:09:53.319,0.79583,0.79598,0.30,1.10
2008.03.03 09:09:53.400,0.7959,0.7962,0.30,2.70
2008.03.03 09:09:53.653,0.79583,0.79598,0.30,0.40
2008.03.03 09:09:53.844,0.7959,0.7962,0.30,2.70
2008.03.03 09:09:53.995,0.79582,0.79597,4.00,2.50
2008.03.03 09:09:54.180,0.7959,0.7962,0.30,2.70
2008.03.03 09:09:54.324,0.7958,0.79595,0.30,0.20
2008.03.03 09:09:54.505,0.7959,0.7962,0.30,2.70
2008.03.03 09:09:54.654,0.79578,0.79593,2.40,4.00
2008.03.03 09:09:54.843,0.7959,0.7962,0.30,2.70
2008.03.03 09:09:54.981,0.79578,0.79593,4.00,0.20
2008.03.03 09:09:55.160,0.7959,0.7962,0.30,2.70
2008.03.03 09:09:55.284,0.79578,0.79593,0.30,0.40
2008.03.03 09:09:55.490,0.7959,0.7962,0.30,2.70
2008.03.03 09:09:55.516,0.79579,0.79594,2.40,2.40
2008.03.03 09:09:55.820,0.7959,0.7962,0.30,2.70
2008.03.03 09:09:55.843,0.79577,0.79592,0.30,0.20
2008.03.03 09:09:56.108,0.79585,0.7961,1.60,0.20
2008.03.03 09:09:56.301,0.79576,0.79591,0.30,0.30
2008.03.03 09:09:56.364,0.79585,0.7961,1.60,0.20
2008.03.03 09:09:56.696,0.79585,0.7961,1.60,0.20
2008.03.03 09:09:56.735,0.79575,0.7959,0.30,0.20
2008.03.03 09:09:57.041,0.79585,0.7961,1.60,0.20
2008.03.03 09:09:57.169,0.79576,0.79591,0.30,0.20
2008.03.03 09:09:57.368,0.79585,0.7961,1.60,0.20
2008.03.03 09:09:57.502,0.79577,0.79592,0.30,4.00
2008.03.03 09:09:57.694,0.79585,0.7961,1.60,0.20
2008.03.03 09:09:57.840,0.79578,0.79593,0.30,4.10
2008.03.03 09:09:58.027,0.79585,0.7961,1.60,0.20
2008.03.03 09:09:58.174,0.79577,0.79592,2.60,2.50
2008.03.03 09:09:58.340,0.79585,0.7961,1.60,0.20
2008.03.03 09:09:58.391,0.79578,0.79593,0.10,0.20
2008.03.03 09:09:58.613,0.79578,0.79593,0.60,2.40
2008.03.03 09:09:58.688,0.79585,0.7961,1.60,0.20
2008.03.03 09:09:58.823,0.79578,0.79593,2.60,2.50
2008.03.03 09:09:59.035,0.79579,0.79594,0.80,0.20
2008.03.03 09:09:59.121,0.79585,0.7961,1.60,0.20
2008.03.03 09:09:59.366,0.79585,0.7961,1.60,0.20
2008.03.03 09:09:59.377,0.79579,0.79594,9.60,0.20
2008.03.03 09:09:59.670,0.79585,0.7961,1.60,0.20
2008.03.03 09:09:59.809,0.79578,0.79593,2.60,2.50
2008.03.03 09:09:59.882,0.79585,0.7961,1.60,0.20
2008.03.03 09:10:00.104,0.79585,0.7961,1.60,0.20
2008.03.03 09:10:00.165,0.7958,0.79595,2.60,2.40
2008.03.03 09:10:00.386,0.79584,0.79599,8.00,0.20
2008.03.03 09:10:00.439,0.79585,0.7961,1.60,0.20
2008.03.03 09:10:00.714,0.79588,0.79603,0.60,2.40
2008.03.03 09:10:00.777,0.79585,0.7961,1.60,0.20
2008.03.03 09:10:01.048,0.79591,0.79606,0.30,0.20
2008.03.03 09:10:01.214,0.79585,0.7961,1.60,0.20
2008.03.03 09:10:01.479,0.79595,0.7961,2.40,4.00
2008.03.03 09:10:01.552,0.79585,0.7961,1.60,0.20
2008.03.03 09:10:01.869,0.79585,0.7961,1.60,0.20
2008.03.03 09:10:01.905,0.79598,0.79613,0.30,4.00
2008.03.03 09:10:02.198,0.79585,0.7961,1.60,0.20
2008.03.03 09:10:02.241,0.796,0.79615,0.30,0.20
2008.03.03 09:10:02.527,0.79585,0.7961,1.60,0.20
2008.03.03 09:10:02.577,0.79604,0.79619,0.70,0.50
2008.03.03 09:10:02.862,0.79585,0.7961,1.60,0.20
2008.03.03 09:10:02.907,0.79607,0.79622,4.00,0.20
2008.03.03 09:10:03.190,0.79585,0.7961,1.60,0.20
2008.03.03 09:10:03.233,0.79607,0.79622,0.50,1.60
2008.03.03 09:10:03.527,0.79585,0.7961,1.60,0.20
2008.03.03 09:10:03.575,0.79606,0.79621,0.30,4.40
2008.03.03 09:10:03.897,0.79603,0.79618,0.30,0.40
2008.03.03 09:10:03.961,0.79585,0.7961,1.60,0.20
2008.03.03 09:10:04.182,0.79602,0.79617,2.40,0.40
2008.03.03 09:10:04.300,0.79585,0.7961,1.60,0.20
2008.03.03 09:10:04.436,0.796,0.79615,6.40,4.80
2008.03.03 09:10:04.632,0.79585,0.7961,1.60,0.20
2008.03.03 09:10:04.778,0.79602,0.79617,0.30,2.40
2008.03.03 09:10:04.958,0.79585,0.7961,1.60,0.20
2008.03.03 09:10:05.145,0.79604,0.79619,1.80,9.60
2008.03.03 09:10:05.280,0.79585,0.7961,1.60,0.20
2008.03.03 09:10:05.459,0.79605,0.7962,2.80,0.50
2008.03.03 09:10:05.599,0.79585,0.7961,1.60,0.20
2008.03.03 09:10:05.772,0.79605,0.7962,0.30,0.20
2008.03.03 09:10:05.931,0.79585,0.7961,1.60,0.20
2008.03.03 09:10:06.087,0.79604,0.79619,0.30,0.20
2008.03.03 09:10:06.272,0.79585,0.7961,1.60,0.20
2008.03.03 09:10:06.540,0.79602,0.79617,0.30,0.20
2008.03.03 09:10:06.596,0.79585,0.7961,1.60,0.20
2008.03.03 09:10:06.928,0.79585,0.7961,1.60,0.20
2008.03.03 09:10:06.973,0.796,0.79615,4.00,0.90
2008.03.03 09:10:07.258,0.79585,0.7961,1.60,0.20
2008.03.03 09:10:07.305,0.79599,0.79614,0.30,0.20
2008.03.03 09:10:07.592,0.79585,0.7961,1.60,0.20
2008.03.03 09:10:07.624,0.79597,0.79612,0.30,0.20
2008.03.03 09:10:07.854,0.79597,0.79612,0.30,2.50
2008.03.03 09:10:07.926,0.79585,0.7961,1.60,0.20
2008.03.03 09:10:08.184,0.79598,0.79613,2.40,2.40
2008.03.03 09:10:08.249,0.79585,0.7961,1.60,0.20
2008.03.03 09:10:08.509,0.79599,0.79614,0.60,4.00
2008.03.03 09:10:08.612,0.79585,0.7961,1.60,0.20
2008.03.03 09:10:08.849,0.796,0.79615,0.30,0.20
2008.03.03 09:10:09.028,0.79585,0.7961,1.60,0.20
2008.03.03 09:10:09.169,0.796,0.79615,0.30,4.00
2008.03.03 09:10:09.367,0.79585,0.7961,1.60,0.20
2008.03.03 09:10:09.385,0.79602,0.79617,0.30,0.20
2008.03.03 09:10:09.691,0.79585,0.7961,1.60,0.20
2008.03.03 09:10:09.717,0.79604,0.79619,0.30,0.20
2008.03.03 09:10:09.941,0.79604,0.79619,3.20,0.20
2008.03.03 09:10:10.042,0.79585,0.7961,1.60,0.20
2008.03.03 09:10:10.348,0.79585,0.7961,1.60,0.20
2008.03.03 09:10:10.381,0.79602,0.79617,0.30,0.20
2008.03.03 09:10:10.682,0.79585,0.7961,1.60,0.20
2008.03.03 09:10:10.830,0.79601,0.79616,2.40,2.40
2008.03.03 09:10:11.121,0.79585,0.7961,1.60,0.20
2008.03.03 09:10:11.173,0.79598,0.79613,0.60,4.00
2008.03.03 09:10:11.448,0.79585,0.7961,1.60,0.20
2008.03.03 09:10:11.489,0.79595,0.7961,4.00,5.60
2008.03.03 09:10:11.787,0.79585,0.7961,1.60,0.20
2008.03.03 09:10:11.828,0.79595,0.7961,0.30,0.20
2008.03.03 09:10:12.099,0.79585,0.7961,1.60,0.20
2008.03.03 09:10:12.226,0.79594,0.79609,0.30,0.20
2008.03.03 09:10:12.427,0.79585,0.7961,1.60,0.20
2008.03.03 09:10:12.474,0.79594,0.79609,0.30,0.20
2008.03.03 09:10:12.705,0.79594,0.79609,0.30,0.10
2008.03.03 09:10:12.769,0.79585,0.7961,1.60,0.20
2008.03.03 09:10:13.026,0.79595,0.7961,0.30,2.40
2008.03.03 09:10:13.254,0.79594,0.79609,0.30,0.20
2008.03.03 09:10:13.680,0.79595,0.7961,2.40,0.50
2008.03.03 09:10:14.020,0.79597,0.79612,0.30,0.40
2008.03.03 09:10:14.346,0.79599,0.79614,0.30,4.00
2008.03.03 09:10:14.568,0.79603,0.79618,2.40,2.40
2008.03.03 09:10:14.886,0.79604,0.79619,0.30,0.20
2008.03.03 09:10:14.948,0.7959,0.7962,0.30,2.50
2008.03.03 09:10:15.073,0.79595,0.7962,1.60,0.20
2008.03.03 09:10:15.185,0.79595,0.7962,1.60,0.20
2008.03.03 09:10:15.199,0.79604,0.79619,0.30,2.50
2008.03.03 09:10:15.307,0.79595,0.7962,1.60,0.20
2008.03.03 09:10:15.415,0.79595,0.7962,1.60,0.20
2008.03.03 09:10:15.524,0.79595,0.7962,1.60,0.20
2008.03.03 09:10:15.541,0.79604,0.79619,4.00,0.20
2008.03.03 09:10:15.739,0.79595,0.7962,1.60,0.20
2008.03.03 09:10:15.874,0.79604,0.79619,4.00,0.20
2008.03.03 09:10:15.966,0.79595,0.7962,1.60,0.20
2008.03.03 09:10:16.326,0.79605,0.7962,2.60,2.50
2008.03.03 09:10:16.396,0.79595,0.7962,1.60,0.20
2008.03.03 09:10:16.674,0.79606,0.79621,0.30,0.20
2008.03.03 09:10:16.852,0.79595,0.7962,1.60,0.20
2008.03.03 09:10:16.988,0.79606,0.79621,0.60,0.20
2008.03.03 09:10:17.190,0.79595,0.7962,1.60,0.20
2008.03.03 09:10:17.327,0.79606,0.79621,1.00,0.20
2008.03.03 09:10:17.489,0.79595,0.7962,1.60,0.20
2008.03.03 09:10:17.658,0.79604,0.79619,0.60,0.20
2008.03.03 09:10:17.841,0.79595,0.7962,1.60,0.20
2008.03.03 09:10:17.981,0.79603,0.79618,4.00,0.20
2008.03.03 09:10:18.049,0.79595,0.7962,1.60,0.20
2008.03.03 09:10:18.297,0.79601,0.79616,2.40,2.40
2008.03.03 09:10:18.492,0.79595,0.7962,1.60,0.20
2008.03.03 09:10:18.620,0.79599,0.79614,4.00,0.20
2008.03.03 09:10:18.922,0.79595,0.7962,1.60,0.20
2008.03.03 09:10:18.946,0.79597,0.79612,0.30,4.00
2008.03.03 09:10:19.260,0.79595,0.7962,1.60,0.20
2008.03.03 09:10:19.305,0.79599,0.79614,0.30,4.00
2008.03.03 09:10:19.486,0.79595,0.7962,1.60,0.20
2008.03.03 09:10:19.549,0.79599,0.79614,2.60,2.50
2008.03.03 09:10:19.817,0.79595,0.7962,1.60,0.20
2008.03.03 09:10:19.856,0.79599,0.79614,6.40,0.20
2008.03.03 09:10:20.128,0.79595,0.7962,1.60,0.20
2008.03.03 09:10:20.157,0.79598,0.79613,6.40,0.20
2008.03.03 09:10:20.396,0.79599,0.79614,0.30,0.90
2008.03.03 09:10:20.467,0.79595,0.7962,1.60,0.20
2008.03.03 09:10:20.794,0.79595,0.7962,1.60,0.20
2008.03.03 09:10:20.832,0.796,0.79615,0.10,0.20
2008.03.03 09:10:21.122,0.79595,0.7962,1.60,0.20
2008.03.03 09:10:21.183,0.79604,0.79619,0.10,0.20
2008.03.03 09:10:21.463,0.79595,0.7962,1.60,0.20
2008.03.03 09:10:21.517,0.79606,0.79621,0.30,0.20
2008.03.03 09:10:21.806,0.79595,0.7962,1.60,0.20
2008.03.03 09:10:21.832,0.79607,0.79622,1.80,4.00
2008.03.03 09:10:22.114,0.79595,0.7962,1.60,0.20
2008.03.03 09:10:22.262,0.79607,0.79622,2.40,2.40
2008.03.03 09:10:22.439,0.79595,0.7962,1.60,0.20
2008.03.03 09:10:22.602,0.79605,0.7962,2.40,2.40
2008.03.03 09:10:22.782,0.79595,0.7962,1.60,0.20
2008.03.03 09:10:22.936,0.79604,0.79619,3.20,0.80
2008.03.03 09:10:23.118,0.79595,0.7962,1.60,0.20
2008.03.03 09:10:23.231,0.79602,0.79617,0.30,0.20
2008.03.03 09:10:23.487,0.79602,0.79617,1.00,0.20
2008.03.03 09:10:23.549,0.79595,0.7962,1.60,0.20
2008.03.03 09:10:23.815,0.79602,0.79617,0.30,0.20
2008.03.03 09:10:23.980,0.79595,0.7962,1.60,0.20
2008.03.03 09:10:24.247,0.79602,0.79617,5.60,0.20
2008.03.03 09:10:24.427,0.79595,0.7962,1.60,0.20
2008.03.03 09:10:24.574,0.79599,0.79614,2.40,2.40
2008.03.03 09:10:24.758,0.79595,0.7962,1.60,0.20
2008.03.03 09:10:24.882,0.79598,0.79613,0.50,2.40
2008.03.03 09:10:25.080,0.79595,0.7962,1.60,0.20
2008.03.03 09:10:25.120,0.79594,0.79609,2.40,2.40
2008.03.03 09:10:25.346,0.79594,0.79609,4.00,2.40
2008.03.03 09:10:25.405,0.79595,0.7962,1.60,0.20
2008.03.03 09:10:25.751,0.79595,0.7962,1.60,0.20
2008.03.03 09:10:25.791,0.79592,0.79607,0.30,0.20
2008.03.03 09:10:26.080,0.79595,0.7962,1.60,0.20
2008.03.03 09:10:26.125,0.7959,0.79605,2.40,0.40
2008.03.03 09:10:26.405,0.79595,0.7962,1.60,0.20
2008.03.03 09:10:26.557,0.79589,0.79604,0.30,0.20
2008.03.03 09:10:26.728,0.79595,0.7962,1.60,0.20
2008.03.03 09:10:26.895,0.79589,0.79604,2.40,4.10
2008.03.03 09:10:27.080,0.79595,0.7962,1.60,0.20
2008.03.03 09:10:27.254,0.7959,0.79605,0.60,0.40
2008.03.03 09:10:27.404,0.79595,0.7962,1.60,0.20
2008.03.03 09:10:27.606,0.7959,0.79605,8.00,0.20
2008.03.03 09:10:27.727,0.79592,0.79607,0.30,4.00
2008.03.03 09:10:27.735,0.79595,0.7962,1.60,0.20
2008.03.03 09:10:27.774,0.79593,0.79608,0.30,4.90
2008.03.03 09:10:27.838,0.79595,0.7961,0.30,0.20
2008.03.03 09:10:27.898,0.79598,0.79613,0.30,0.20
2008.03.03 09:10:28.005,0.79601,0.79616,4.00,0.40
2008.03.03 09:10:28.057,0.79595,0.7962,1.60,0.20
2008.03.03 09:10:28.064,0.79602,0.79617,4.00,0.20
2008.03.03 09:10:28.123,0.79604,0.79619,0.30,0.20
2008.03.03 09:10:28.166,0.79602,0.79617,6.40,2.40
2008.03.03 09:10:28.245,0.79599,0.79614,0.30,0.20
2008.03.03 09:10:28.304,0.79598,0.79613,0.30,0.20
2008.03.03 09:10:28.353,0.79597,0.79612,0.30,0.20
2008.03.03 09:10:28.389,0.79595,0.7962,1.60,0.20
2008.03.03 09:10:28.427,0.79595,0.7961,4.00,0.20
2008.03.03 09:10:28.542,0.79597,0.79612,0.30,0.20
2008.03.03 09:10:28.617,0.79599,0.79614,4.80,0.20
2008.03.03 09:10:28.826,0.79595,0.7962,1.60,0.20
2008.03.03 09:10:29.287,0.79595,0.7962,1.60,0.20
2008.03.03 09:10:29.590,0.79595,0.7962,1.60,0.20
2008.03.03 09:10:29.914,0.79595,0.7962,1.60,0.20
2008.03.03 09:10:30.261,0.79595,0.7962,1.60,0.20
2008.03.03 09:10:30.583,0.79595,0.7962,1.60,0.20
2008.03.03 09:10:30.593,0.796,0.79615,0.30,4.00
2008.03.03 09:10:30.921,0.79595,0.7962,1.60,0.20
2008.03.03 09:10:30.946,0.79596,0.79621,4.00,2.40
2008.03.03 09:10:31.243,0.79595,0.7962,1.60,0.20
2008.03.03 09:10:31.295,0.79597,0.79622,0.30,0.20
2008.03.03 09:10:31.579,0.79595,0.7962,1.60,0.20
2008.03.03 09:10:31.614,0.79599,0.79624,9.60,0.20
2008.03.03 09:10:31.909,0.79595,0.7962,1.60,0.20
2008.03.03 09:10:31.928,0.79602,0.79627,0.30,0.20
2008.03.03 09:10:32.232,0.79595,0.7962,1.60,0.20
2008.03.03 09:10:32.241,0.79606,0.79631,0.30,0.20
2008.03.03 09:10:32.501,0.79606,0.79632,0.30,0.20
2008.03.03 09:10:32.554,0.79595,0.7962,1.60,0.20
2008.03.03 09:10:32.830,0.79604,0.79629,0.30,0.20
2008.03.03 09:10:32.889,0.79595,0.7962,1.60,0.20
2008.03.03 09:10:33.151,0.796,0.79625,4.00,0.20
2008.03.03 09:10:33.228,0.79595,0.7962,1.60,0.20
2008.03.03 09:10:33.595,0.796,0.79625,0.30,4.00
2008.03.03 09:10:33.673,0.79595,0.7962,1.60,0.20
2008.03.03 09:10:33.928,0.79599,0.79624,13.60,2.40
2008.03.03 09:10:34.112,0.79595,0.7962,1.60,0.20
2008.03.03 09:10:34.264,0.79599,0.79624,4.00,0.20
2008.03.03 09:10:34.473,0.796,0.79625,0.60,0.20
2008.03.03 09:10:34.555,0.79595,0.7962,1.60,0.20
2008.03.03 09:10:34.704,0.79602,0.79627,6.40,2.40
2008.03.03 09:10:34.774,0.79605,0.7962,0.80,0.20
2008.03.03 09:10:34.913,0.796,0.79625,0.60,4.00
2008.03.03 09:10:34.993,0.79605,0.7962,1.60,0.20
2008.03.03 09:10:35.129,0.79599,0.79624,0.30,4.00
2008.03.03 09:10:35.213,0.79605,0.7962,0.80,0.20
2008.03.03 09:10:35.345,0.79598,0.79623,0.30,0.20
2008.03.03 09:10:35.521,0.79595,0.7962,1.60,0.20
2008.03.03 09:10:35.802,0.79597,0.79622,1.80,2.50
2008.03.03 09:10:35.830,0.79595,0.7962,1.60,0.20
2008.03.03 09:10:36.137,0.79595,0.7962,0.30,0.20
2008.03.03 09:10:36.138,0.79595,0.7962,1.60,0.20
2008.03.03 09:10:36.448,0.79605,0.7962,1.60,0.20
2008.03.03 09:10:36.460,0.79594,0.79619,0.30,2.70
2008.03.03 09:10:36.713,0.79605,0.7963,1.60,2.50
2008.03.03 09:10:36.816,0.79592,0.79617,0.30,0.20
2008.03.03 09:10:37.086,0.79605,0.7963,1.60,2.50
2008.03.03 09:10:37.130,0.79592,0.79617,0.60,0.20
2008.03.03 09:10:37.351,0.79605,0.7963,1.60,2.50
2008.03.03 09:10:37.428,0.7959,0.79615,0.60,9.60
2008.03.03 09:10:37.640,0.79605,0.7963,1.60,2.50
2008.03.03 09:10:37.773,0.7959,0.79615,0.30,4.00
2008.03.03 09:10:37.951,0.79605,0.7963,1.60,2.50
2008.03.03 09:10:38.111,0.7959,0.79615,0.50,4.00
2008.03.03 09:10:38.290,0.79605,0.7963,1.60,2.50
2008.03.03 09:10:38.441,0.79593,0.79618,0.30,0.20
2008.03.03 09:10:38.622,0.79605,0.7963,1.60,2.50
2008.03.03 09:10:38.868,0.79595,0.7962,2.40,2.40
2008.03.03 09:10:39.053,0.79605,0.7963,1.60,2.50
2008.03.03 09:10:39.315,0.79597,0.79622,4.00,0.20
2008.03.03 09:10:39.412,0.79605,0.7963,1.60,2.50
2008.03.03 09:10:39.549,0.79597,0.79622,0.30,0.20
2008.03.03 09:10:39.712,0.79605,0.7963,1.60,2.50
2008.03.03 09:10:39.873,0.79595,0.7962,0.30,0.20
2008.03.03 09:10:40.052,0.79605,0.7963,1.60,2.50
2008.03.03 09:10:40.198,0.79592,0.79617,0.30,0.20
2008.03.03 09:10:40.291,0.79605,0.7963,1.60,0.20
2008.03.03 09:10:40.531,0.79605,0.7963,1.60,0.20
2008.03.03 09:10:40.538,0.79592,0.79617,0.50,0.20
2008.03.03 09:10:40.934,0.79605,0.7963,1.60,0.20
2008.03.03 09:10:40.961,0.79592,0.79617,4.00,5.60
2008.03.03 09:10:41.258,0.79605,0.7963,1.60,0.20
2008.03.03 09:10:41.398,0.79594,0.79619,0.60,2.40
2008.03.03 09:10:41.582,0.79605,0.7963,1.60,0.20
2008.03.03 09:10:41.752,0.79599,0.79624,0.30,0.20
2008.03.03 09:10:41.820,0.796,0.7963,0.30,2.50
2008.03.03 09:10:42.071,0.79599,0.79624,2.40,4.10
2008.03.03 09:10:42.073,0.796,0.7963,0.30,2.50
2008.03.03 09:10:42.312,0.796,0.7963,0.30,2.50
2008.03.03 09:10:42.395,0.796,0.79625,0.60,2.50
2008.03.03 09:10:42.577,0.796,0.7963,0.30,2.50
2008.03.03 09:10:42.691,0.79599,0.79624,0.30,2.40
2008.03.03 09:10:42.919,0.796,0.7963,0.30,2.50
2008.03.03 09:10:42.925,0.79599,0.79624,0.60,0.40
2008.03.03 09:10:43.159,0.79597,0.79622,2.60,2.50
2008.03.03 09:10:43.244,0.796,0.7963,0.30,2.50
2008.03.03 09:10:43.392,0.79599,0.79624,0.30,0.20
2008.03.03 09:10:43.542,0.79605,0.7963,1.60,2.50
2008.03.03 09:10:43.727,0.79605,0.7962,1.00,9.60
2008.03.03 09:10:43.891,0.79605,0.7963,1.60,2.50
2008.03.03 09:10:44.118,0.79605,0.7962,0.60,2.40
2008.03.03 09:10:44.241,0.79605,0.7963,1.60,2.50
2008.03.03 09:10:44.462,0.79604,0.79619,0.30,4.00
2008.03.03 09:10:44.687,0.79605,0.7963,1.60,2.50
2008.03.03 09:10:44.708,0.79599,0.79624,0.30,0.20
2008.03.03 09:10:45.010,0.79605,0.7963,1.60,2.50
2008.03.03 09:10:45.031,0.79597,0.79622,0.30,0.20
2008.03.03 09:10:45.334,0.79605,0.7963,1.60,2.50
2008.03.03 09:10:45.357,0.79595,0.7962,0.30,0.20
2008.03.03 09:10:45.559,0.79605,0.7963,1.60,2.50
2008.03.03 09:10:45.797,0.79597,0.79622,0.30,0.20
2008.03.03 09:10:45.863,0.7961,0.7964,0.30,2.50
2008.03.03 09:10:46.179,0.79615,0.7964,0.80,2.50
2008.03.03 09:10:46.244,0.79597,0.79622,0.60,2.40
2008.03.03 09:10:46.499,0.79615,0.7964,1.60,2.50
2008.03.03 09:10:46.684,0.79596,0.79621,2.80,2.50
2008.03.03 09:10:46.734,0.7962,0.7966,2.80,2.40
2008.03.03 09:10:46.967,0.7962,0.7967,5.20,4.80
2008.03.03 09:10:47.025,0.79595,0.7962,0.30,0.20
2008.03.03 09:10:47.202,0.7962,0.7967,5.20,4.80
2008.03.03 09:10:47.450,0.79594,0.79619,0.30,0.40
2008.03.03 09:10:47.527,0.7962,0.7967,5.20,4.80
2008.03.03 09:10:47.568,0.79595,0.7962,0.80,0.20
2008.03.03 09:10:47.651,0.79595,0.7962,6.60,0.20
2008.03.03 09:10:47.783,0.79594,0.79619,4.20,2.40
2008.03.03 09:10:47.830,0.7962,0.7967,5.20,4.80
2008.03.03 09:10:47.892,0.79593,0.79618,2.60,0.20
2008.03.03 09:10:47.978,0.79592,0.79617,4.00,0.20
2008.03.03 09:10:48.112,0.79592,0.79617,4.00,0.20
2008.03.03 09:10:48.188,0.7962,0.7967,5.20,4.80
2008.03.03 09:10:48.228,0.79594,0.79619,2.60,2.50
2008.03.03 09:10:48.331,0.79595,0.7962,0.30,0.20
2008.03.03 09:10:48.436,0.79595,0.7962,2.60,2.40
2008.03.03 09:10:48.481,0.79597,0.79622,2.40,0.20
2008.03.03 09:10:48.522,0.7962,0.7967,5.20,4.80
2008.03.03 09:10:48.845,0.7962,0.7967,5.20,4.80
2008.03.03 09:10:49.173,0.7962,0.7967,5.20,4.80
2008.03.03 09:10:49.500,0.7962,0.7967,5.20,4.80
2008.03.03 09:10:49.743,0.7962,0.7965,2.80,2.40
2008.03.03 09:10:49.960,0.7962,0.7965,0.60,2.40
2008.03.03 09:10:50.180,0.7962,0.7965,0.60,2.50
2008.03.03 09:10:50.507,0.79602,0.79617,0.30,0.05
2008.03.03 09:10:50.516,0.7962,0.7965,0.60,2.50
2008.03.03 09:10:50.743,0.79597,0.79622,4.00,0.20
2008.03.03 09:10:50.838,0.7962,0.7965,0.60,2.50
2008.03.03 09:10:51.077,0.79598,0.79623,4.00,0.20
2008.03.03 09:10:51.151,0.7962,0.7965,0.60,2.50
2008.03.03 09:10:51.412,0.79602,0.79617,4.00,0.20
2008.03.03 09:10:51.477,0.7962,0.7965,0.60,2.50
2008.03.03 09:10:51.748,0.796,0.79615,4.00,0.20
2008.03.03 09:10:51.820,0.7962,0.7965,0.60,2.50
2008.03.03 09:10:52.044,0.7962,0.7965,0.60,2.50
2008.03.03 09:10:52.073,0.796,0.79615,8.00,9.60
2008.03.03 09:10:52.263,0.7962,0.7965,0.30,2.50
2008.03.03 09:10:52.404,0.79599,0.79614,0.30,0.20
2008.03.03 09:10:52.482,0.7962,0.7965,0.30,2.50
2008.03.03 09:10:52.701,0.79625,0.7965,0.80,2.50
2008.03.03 09:10:52.743,0.79597,0.79612,0.30,0.20
2008.03.03 09:10:53.021,0.79625,0.7965,1.60,2.50
2008.03.03 09:10:53.053,0.79595,0.7961,4.00,4.70
2008.03.03 09:10:53.340,0.7962,0.7965,0.30,2.50
2008.03.03 09:10:53.394,0.79595,0.7961,2.40,2.40
2008.03.03 09:10:53.658,0.7962,0.7965,0.30,2.50
2008.03.03 09:10:53.726,0.79596,0.79611,0.30,0.20
2008.03.03 09:10:53.986,0.7962,0.7965,0.30,2.50
2008.03.03 09:10:54.097,0.79598,0.79613,8.80,4.00
2008.03.03 09:10:54.314,0.7962,0.7965,0.30,2.50
2008.03.03 09:10:54.387,0.796,0.79615,0.30,0.20
2008.03.03 09:10:54.666,0.7962,0.7965,0.30,2.50
2008.03.03 09:10:54.765,0.79603,0.79618,4.20,0.50
2008.03.03 09:10:54.896,0.7962,0.7965,0.30,2.50
2008.03.03 09:10:55.053,0.79605,0.7962,2.40,0.20
2008.03.03 09:10:55.144,0.7962,0.7965,0.30,2.50
2008.03.03 09:10:55.355,0.79606,0.79621,0.30,0.20
2008.03.03 09:10:55.374,0.7962,0.7965,0.30,2.50
2008.03.03 09:10:55.604,0.79606,0.79621,2.40,2.40
2008.03.03 09:10:55.612,0.7962,0.7965,0.30,2.50
2008.03.03 09:10:55.844,0.79607,0.79622,2.60,2.70
2008.03.03 09:10:55.885,0.7962,0.7965,0.30,2.50
2008.03.03 09:10:56.200,0.79604,0.79629,0.30,0.20
2008.03.03 09:10:56.219,0.7962,0.7965,0.30,2.50
2008.03.03 09:10:56.539,0.7962,0.7965,0.60,2.50
2008.03.03 09:10:56.552,0.79605,0.7963,2.00,0.10
2008.03.03 09:10:56.875,0.7962,0.7965,0.60,2.50
2008.03.03 09:10:56.905,0.79604,0.79629,4.00,0.20
2008.03.03 09:10:57.168,0.796,0.7963,0.30,0.20
2008.03.03 09:10:57.197,0.7962,0.7965,0.60,2.50
2008.03.03 09:10:57.415,0.79599,0.79629,0.30,0.20
2008.03.03 09:10:57.533,0.7962,0.7965,0.60,2.50
2008.03.03 09:10:57.691,0.79598,0.79628,11.40,2.40
2008.03.03 09:10:57.862,0.7962,0.7965,0.60,2.50
2008.03.03 09:10:58.011,0.79597,0.79627,0.30,8.00
2008.03.03 09:10:58.193,0.7962,0.7965,0.60,2.50
2008.03.03 09:10:58.340,0.79597,0.79627,0.30,4.00
2008.03.03 09:10:58.472,0.7962,0.7965,0.60,2.50
2008.03.03 09:10:58.647,0.79595,0.79625,4.00,0.20
2008.03.03 09:10:58.752,0.7962,0.7965,0.60,2.50
2008.03.03 09:10:58.984,0.79597,0.79627,0.30,0.40
2008.03.03 09:10:59.183,0.7962,0.7965,0.60,2.50
2008.03.03 09:10:59.327,0.79598,0.79628,0.30,4.00
2008.03.03 09:10:59.524,0.7962,0.7965,0.60,2.50
2008.03.03 09:10:59.663,0.79598,0.79628,2.40,2.40
2008.03.03 09:10:59.872,0.79615,0.7965,0.30,2.50
2008.03.03 09:10:59.983,0.79599,0.79629,0.30,0.80
2008.03.03 09:11:00.140,0.79625,0.7965,0.80,2.50
2008.03.03 09:11:00.276,0.79614,0.79644,0.30,0.20
2008.03.03 09:11:00.354,0.7965,0.79675,0.30,0.20
2008.03.03 09:11:00.495,0.79619,0.79649,4.00,0.20
2008.03.03 09:11:00.568,0.7965,0.79675,0.30,0.20
2008.03.03 09:11:00.708,0.79626,0.79656,2.40,2.40
2008.03.03 09:11:00.782,0.7965,0.79675,0.30,0.20
2008.03.03 09:11:00.940,0.79633,0.79663,2.60,2.50
2008.03.03 09:11:01.160,0.7965,0.79675,0.30,0.20
2008.03.03 09:11:01.354,0.79636,0.79666,0.30,0.20
2008.03.03 09:11:01.488,0.7965,0.79675,0.30,0.20
2008.03.03 09:11:01.809,0.79636,0.79666,0.30,0.20
2008.03.03 09:11:01.821,0.7965,0.79675,0.30,0.20
2008.03.03 09:11:02.136,0.79637,0.79667,0.80,0.20
2008.03.03 09:11:02.155,0.7965,0.79675,0.30,0.20
2008.03.03 09:11:02.463,0.79638,0.79668,4.00,0.20
2008.03.03 09:11:02.474,0.7965,0.79675,0.30,0.20
2008.03.03 09:11:02.709,0.7965,0.79675,0.30,0.20
2008.03.03 09:11:02.795,0.79639,0.79669,4.80,0.10
2008.03.03 09:11:03.040,0.7965,0.79675,0.30,0.20
2008.03.03 09:11:03.123,0.79641,0.79671,2.60,2.40
2008.03.03 09:11:03.366,0.7965,0.79675,0.30,0.20
2008.03.03 09:11:03.457,0.79638,0.79668,0.30,0.40
2008.03.03 09:11:03.692,0.7965,0.79675,0.30,0.20
2008.03.03 09:11:03.895,0.79637,0.79667,4.80,0.20
2008.03.03 09:11:03.986,0.7965,0.79675,0.30,0.20
2008.03.03 09:11:04.228,0.79636,0.79666,4.00,0.20
2008.03.03 09:11:04.363,0.7965,0.79675,0.30,0.20
2008.03.03 09:11:04.450,0.79634,0.79664,8.00,1.70
2008.03.03 09:11:04.774,0.79634,0.79664,0.30,0.20
2008.03.03 09:11:04.795,0.7965,0.79675,0.30,0.20
2008.03.03 09:11:05.024,0.7965,0.79675,0.30,0.20
2008.03.03 09:11:05.088,0.79636,0.79666,0.30,4.00
2008.03.03 09:11:05.324,0.79638,0.79668,8.00,0.20
2008.03.03 09:11:05.345,0.7965,0.79675,0.30,0.20
2008.03.03 09:11:05.657,0.79641,0.79671,0.30,0.20
2008.03.03 09:11:05.675,0.7965,0.79675,0.30,0.20
2008.03.03 09:11:06.007,0.7965,0.79675,0.30,0.20
2008.03.03 09:11:06.087,0.79641,0.79671,0.30,4.00
2008.03.03 09:11:06.344,0.7965,0.79675,0.30,0.20
2008.03.03 09:11:06.439,0.79638,0.79668,0.30,0.20
2008.03.03 09:11:06.661,0.7965,0.79675,0.30,0.20
2008.03.03 09:11:06.744,0.79634,0.79664,4.80,8.80
2008.03.03 09:11:06.987,0.7965,0.79675,0.30,0.20
2008.03.03 09:11:07.085,0.79633,0.79663,0.30,0.20
2008.03.03 09:11:07.316,0.7965,0.79675,0.30,0.20
2008.03.03 09:11:07.364,0.79636,0.79666,1.80,0.20
2008.03.03 09:11:07.643,0.79643,0.79673,4.00,0.20
2008.03.03 09:11:07.653,0.7965,0.79675,0.30,0.20
2008.03.03 09:11:07.926,0.7965,0.79675,0.30,0.20
2008.03.03 09:11:07.969,0.7965,0.7968,0.30,0.20
2008.03.03 09:11:08.289,0.79656,0.79686,0.30,0.20
2008.03.03 09:11:08.303,0.7965,0.79675,0.30,0.20
2008.03.03 09:11:08.629,0.79655,0.79685,9.60,2.50
2008.03.03 09:11:08.645,0.7965,0.79675,0.30,0.20
2008.03.03 09:11:08.931,0.7965,0.7968,4.00,2.50
2008.03.03 09:11:08.971,0.7965,0.79675,0.30,0.20
2008.03.03 09:11:09.292,0.79644,0.79674,6.40,0.20
2008.03.03 09:11:09.311,0.7965,0.79675,0.30,0.20
2008.03.03 09:11:09.491,0.79638,0.79668,0.30,0.20
2008.03.03 09:11:09.723,0.79634,0.79664,0.30,0.20
2008.03.03 09:11:09.738,0.7965,0.79675,0.30,0.20
2008.03.03 09:11:09.948,0.79633,0.79663,8.00,0.20
2008.03.03 09:11:10.077,0.7965,0.79675,0.30,0.20
2008.03.03 09:11:10.162,0.79631,0.79661,2.40,2.40
2008.03.03 09:11:10.393,0.79631,0.79661,0.30,0.40
2008.03.03 09:11:10.407,0.7965,0.79675,0.30,0.20
2008.03.03 09:11:10.634,0.7965,0.79675,0.30,0.20
2008.03.03 09:11:10.825,0.79633,0.79663,2.40,2.40
2008.03.03 09:11:10.960,0.7965,0.79675,0.30,0.20
2008.03.03 09:11:11.168,0.79633,0.79663,0.30,6.40
2008.03.03 09:11:11.280,0.7965,0.79675,0.30,0.20
2008.03.03 09:11:11.485,0.79633,0.79663,0.30,0.20
2008.03.03 09:11:11.613,0.7965,0.79675,0.30,0.20
2008.03.03 09:11:11.829,0.79632,0.79662,0.30,0.20
2008.03.03 09:11:11.935,0.7965,0.79675,0.30,0.20
2008.03.03 09:11:12.147,0.7963,0.7966,6.40,4.80
2008.03.03 09:11:12.173,0.7967,0.79675,2.40,0.20
2008.03.03 09:11:12.412,0.7967,0.79695,2.40,2.40
2008.03.03 09:11:12.481,0.79627,0.79657,0.30,0.20
2008.03.03 09:11:12.651,0.7967,0.7971,2.60,4.90
2008.03.03 09:11:12.773,0.79626,0.79656,0.30,0.20
2008.03.03 09:11:12.891,0.7967,0.797,0.30,2.40
2008.03.03 09:11:13.023,0.79626,0.79656,0.30,0.20
2008.03.03 09:11:13.174,0.7967,0.797,0.30,2.50
2008.03.03 09:11:13.361,0.79628,0.79658,2.40,2.50
2008.03.03 09:11:13.459,0.7967,0.797,0.30,2.50
2008.03.03 09:11:13.713,0.79631,0.79661,4.20,0.20
2008.03.03 09:11:13.742,0.7967,0.797,0.30,2.50
2008.03.03 09:11:14.013,0.79635,0.79665,0.30,4.00
2008.03.03 09:11:14.037,0.7967,0.797,0.30,2.50
2008.03.03 09:11:14.352,0.7964,0.7967,0.30,2.50
2008.03.03 09:11:14.371,0.7967,0.797,2.00,2.50
2008.03.03 09:11:14.680,0.79645,0.79675,0.30,0.40
2008.03.03 09:11:14.705,0.7967,0.797,4.20,0.20
2008.03.03 09:11:14.910,0.79647,0.79677,0.30,4.00
2008.03.03 09:11:15.038,0.7968,0.7971,0.30,2.50
2008.03.03 09:11:15.237,0.79647,0.79677,0.30,2.50
2008.03.03 09:11:15.268,0.7968,0.7971,0.30,2.50
2008.03.03 09:11:15.512,0.7968,0.7971,0.30,2.50
2008.03.03 09:11:15.661,0.79646,0.79676,4.00,0.20
2008.03.03 09:11:15.760,0.7968,0.7971,0.30,2.50
2008.03.03 09:11:16.031,0.7968,0.7971,0.30,2.50
2008.03.03 09:11:16.110,0.79645,0.79675,2.40,0.20
2008.03.03 09:11:16.332,0.7968,0.797,0.30,2.40
2008.03.03 09:11:16.543,0.79643,0.79673,0.30,9.60
2008.03.03 09:11:16.634,0.7968,0.797,0.30,2.40
2008.03.03 09:11:16.879,0.79642,0.79672,0.30,0.40
2008.03.03 09:11:16.937,0.7967,0.797,0.60,2.50
2008.03.03 09:11:17.212,0.7964,0.7967,0.30,0.20
2008.03.03 09:11:17.240,0.7967,0.797,0.60,2.50
2008.03.03 09:11:17.540,0.79635,0.79665,0.70,4.00
2008.03.03 09:11:17.548,0.7967,0.797,0.60,2.50
2008.03.03 09:11:17.808,0.7967,0.797,0.60,2.50
2008.03.03 09:11:17.858,0.79632,0.79662,0.30,0.20
2008.03.03 09:11:18.065,0.7967,0.797,0.30,2.50
2008.03.03 09:11:18.194,0.79631,0.79661,0.50,0.20
2008.03.03 09:11:18.446,0.7967,0.797,0.30,2.50
2008.03.03 09:11:18.514,0.79633,0.79663,1.80,0.20
2008.03.03 09:11:18.783,0.7967,0.797,0.60,2.50
2008.03.03 09:11:18.853,0.79634,0.79664,0.60,4.00
2008.03.03 09:11:19.133,0.7967,0.797,0.60,2.50
2008.03.03 09:11:19.183,0.79636,0.79666,0.30,0.20
2008.03.03 09:11:19.418,0.7967,0.797,0.60,2.50
2008.03.03 09:11:19.525,0.79636,0.79666,2.60,2.40
2008.03.03 09:11:19.668,0.7967,0.797,0.60,2.50
2008.03.03 09:11:19.837,0.79635,0.79665,2.40,0.40
2008.03.03 09:11:19.971,0.7967,0.797,0.60,2.50
2008.03.03 09:11:20.186,0.79634,0.79664,0.30,0.40
2008.03.03 09:11:20.295,0.7967,0.797,0.60,2.50
2008.03.03 09:11:20.508,0.79636,0.79666,0.30,0.20
2008.03.03 09:11:20.622,0.7967,0.797,0.60,2.50
2008.03.03 09:11:20.941,0.79643,0.79673,0.30,0.20
2008.03.03 09:11:20.954,0.7967,0.797,0.60,2.50
2008.03.03 09:11:21.289,0.7967,0.797,0.60,2.50
2008.03.03 09:11:21.381,0.79653,0.79683,0.30,0.20
2008.03.03 09:11:21.619,0.7967,0.797,0.60,2.50
2008.03.03 09:11:21.728,0.79662,0.79692,4.00,0.20
2008.03.03 09:11:21.944,0.7967,0.797,0.60,2.50
2008.03.03 09:11:22.065,0.79662,0.79692,0.30,0.40
2008.03.03 09:11:22.198,0.7968,0.7971,0.60,2.50
2008.03.03 09:11:22.364,0.79653,0.79683,2.60,2.40
2008.03.03 09:11:22.464,0.7968,0.7971,0.60,2.50
2008.03.03 09:11:22.697,0.79645,0.79675,4.20,2.50
2008.03.03 09:11:22.728,0.7968,0.7971,0.30,2.50
2008.03.03 09:11:22.993,0.7968,0.7971,0.30,2.50
2008.03.03 09:11:23.037,0.7964,0.7967,4.00,0.20
2008.03.03 09:11:23.257,0.7968,0.7971,0.60,2.50
2008.03.03 09:11:23.378,0.79636,0.79666,4.00,2.80
2008.03.03 09:11:23.591,0.7968,0.7971,0.60,2.50
2008.03.03 09:11:23.698,0.79636,0.79666,0.60,0.40
2008.03.03 09:11:23.934,0.7968,0.7971,0.60,2.50
2008.03.03 09:11:24.132,0.79635,0.79665,0.30,2.40
2008.03.03 09:11:24.370,0.7968,0.7971,0.60,2.50
2008.03.03 09:11:24.460,0.79637,0.79667,0.30,0.20
2008.03.03 09:11:24.590,0.7968,0.7971,0.60,2.50
2008.03.03 09:11:24.803,0.7964,0.7967,0.40,4.00
2008.03.03 09:11:24.827,0.7968,0.7971,0.60,2.50
2008.03.03 09:11:25.132,0.79643,0.79673,0.30,0.20
2008.03.03 09:11:25.144,0.7968,0.7971,0.60,2.50
2008.03.03 09:11:25.460,0.79645,0.79675,0.30,0.40
2008.03.03 09:11:25.479,0.7968,0.7971,0.60,2.50
2008.03.03 09:11:25.818,0.7968,0.7971,0.60,2.50
2008.03.03 09:11:25.873,0.79647,0.79677,0.60,0.20
2008.03.03 09:11:26.207,0.79649,0.79679,2.60,2.50
2008.03.03 09:11:26.233,0.7968,0.7971,0.60,2.50
2008.03.03 09:11:26.540,0.79655,0.7968,4.00,0.20
2008.03.03 09:11:26.564,0.7968,0.7971,0.60,2.50
2008.03.03 09:11:26.786,0.7968,0.7971,0.60,2.50
2008.03.03 09:11:26.875,0.79654,0.79679,8.00,0.20
2008.03.03 09:11:27.006,0.7968,0.7971,0.60,2.50
2008.03.03 09:11:27.119,0.79649,0.79674,2.40,0.20
2008.03.03 09:11:27.343,0.7968,0.7971,0.60,2.50
2008.03.03 09:11:27.363,0.7964,0.7967,0.30,9.60
2008.03.03 09:11:27.606,0.79637,0.79662,2.60,8.10
2008.03.03 09:11:27.680,0.7968,0.7971,0.60,2.50
2008.03.03 09:11:27.851,0.79633,0.79658,0.30,0.20
2008.03.03 09:11:28.102,0.7968,0.7971,0.60,2.50
2008.03.03 09:11:28.134,0.79631,0.79656,0.30,0.20
2008.03.03 09:11:28.419,0.79629,0.79654,0.30,2.50
2008.03.03 09:11:28.434,0.7968,0.7971,0.60,2.50
2008.03.03 09:11:28.748,0.79631,0.79656,2.40,2.40
2008.03.03 09:11:28.878,0.7968,0.7971,0.60,2.50
2008.03.03 09:11:29.096,0.79629,0.79654,0.30,0.20
2008.03.03 09:11:29.213,0.7968,0.7971,0.60,2.50
2008.03.03 09:11:29.424,0.79628,0.79653,4.00,0.20
2008.03.03 09:11:29.660,0.7968,0.7971,0.60,2.50
2008.03.03 09:11:29.751,0.7963,0.79655,4.80,6.40
2008.03.03 09:11:29.877,0.7968,0.7971,0.60,2.50
2008.03.03 09:11:30.075,0.79632,0.79657,0.30,0.50
2008.03.03 09:11:30.100,0.7968,0.7971,0.60,2.50
2008.03.03 09:11:30.335,0.7968,0.7971,0.60,2.50
2008.03.03 09:11:30.399,0.79636,0.79661,0.30,0.20
2008.03.03 09:11:30.734,0.7964,0.79665,0.80,0.20
2008.03.03 09:11:30.770,0.7968,0.7971,0.60,2.50
2008.03.03 09:11:31.088,0.7968,0.7971,0.60,2.50
2008.03.03 09:11:31.174,0.79645,0.7967,0.30,0.20
2008.03.03 09:11:31.407,0.7968,0.7971,0.60,2.50
2008.03.03 09:11:31.611,0.79647,0.79672,0.60,0.20
2008.03.03 09:11:31.747,0.7968,0.7971,0.60,2.50
2008.03.03 09:11:31.927,0.79645,0.79675,2.40,4.00
2008.03.03 09:11:32.070,0.7968,0.7971,0.60,2.50
2008.03.03 09:11:32.269,0.79643,0.79673,0.30,2.50
2008.03.03 09:11:32.399,0.7968,0.7971,0.60,2.50
2008.03.03 09:11:32.606,0.79643,0.79673,2.60,2.50
2008.03.03 09:11:32.729,0.7968,0.7971,0.60,2.50
2008.03.03 09:11:32.940,0.79645,0.79675,0.30,0.20
2008.03.03 09:11:33.057,0.7968,0.7971,0.60,2.50
2008.03.03 09:11:33.256,0.7965,0.7968,0.30,0.10
2008.03.03 09:11:33.388,0.7968,0.7971,0.60,2.50
2008.03.03 09:11:33.574,0.79653,0.79683,0.30,0.20
2008.03.03 09:11:33.837,0.7968,0.7971,0.60,2.50
2008.03.03 09:11:34.037,0.79655,0.79685,9.60,1.70
2008.03.03 09:11:34.172,0.7968,0.7971,0.60,2.50
2008.03.03 09:11:34.374,0.79655,0.79685,0.60,0.20
2008.03.03 09:11:34.506,0.7968,0.7971,0.60,2.50
2008.03.03 09:11:34.788,0.79653,0.79683,0.30,0.10
2008.03.03 09:11:34.826,0.7968,0.7971,0.60,2.50
2008.03.03 09:11:35.024,0.7965,0.7968,0.30,0.20
2008.03.03 09:11:35.163,0.7968,0.7971,0.60,2.50
2008.03.03 09:11:35.243,0.79646,0.79676,0.60,0.20
2008.03.03 09:11:35.477,0.7968,0.7971,0.60,2.50
2008.03.03 09:11:35.548,0.79643,0.79673,2.40,2.40
2008.03.03 09:11:35.797,0.79641,0.79671,0.60,4.00
2008.03.03 09:11:35.801,0.7969,0.7972,0.30,2.50
2008.03.03 09:11:36.125,0.7969,0.7972,0.30,2.50
2008.03.03 09:11:36.231,0.79643,0.79673,0.30,0.20
2008.03.03 09:11:36.486,0.7969,0.7972,0.30,2.50
2008.03.03 09:11:36.673,0.79647,0.79677,0.30,0.90
2008.03.03 09:11:36.700,0.7969,0.7971,0.30,2.40
2008.03.03 09:11:36.914,0.7968,0.7971,0.30,2.50
2008.03.03 09:11:37.107,0.79649,0.79679,0.10,0.20
2008.03.03 09:11:37.137,0.7968,0.7971,0.30,2.50
2008.03.03 09:11:37.351,0.7968,0.7971,0.30,2.50
2008.03.03 09:11:37.552,0.7965,0.7968,0.30,4.00
2008.03.03 09:11:37.581,0.7968,0.7971,0.30,2.50
2008.03.03 09:11:37.914,0.7968,0.7971,0.30,2.50
2008.03.03 09:11:37.994,0.79651,0.79681,0.30,0.20
2008.03.03 09:11:38.215,0.79651,0.79681,4.00,0.20
2008.03.03 09:11:38.349,0.7968,0.7971,0.30,2.50
2008.03.03 09:11:38.433,0.7965,0.7968,0.60,0.20
2008.03.03 09:11:38.659,0.79648,0.79678,0.30,0.20
2008.03.03 09:11:38.681,0.7968,0.7971,0.30,2.50
2008.03.03 09:11:38.864,0.79644,0.79674,2.60,6.40
2008.03.03 09:11:39.121,0.7968,0.7971,0.30,2.50
2008.03.03 09:11:39.202,0.79639,0.79669,6.40,0.20
2008.03.03 09:11:39.566,0.7968,0.7971,0.30,2.50
2008.03.03 09:11:39.634,0.79635,0.79665,4.00,0.20
2008.03.03 09:11:39.890,0.7968,0.7971,0.30,2.50
2008.03.03 09:11:40.088,0.79634,0.79664,2.40,5.60
2008.03.03 09:11:40.120,0.7968,0.7971,0.30,2.50
2008.03.03 09:11:40.310,0.79634,0.79664,0.30,0.20
2008.03.03 09:11:40.456,0.7968,0.7971,0.30,2.50
2008.03.03 09:11:40.617,0.79636,0.79666,0.30,0.20
2008.03.03 09:11:40.770,0.7968,0.7971,0.30,2.50
2008.03.03 09:11:40.851,0.79641,0.79671,0.30,0.20
2008.03.03 09:11:41.067,0.79646,0.79676,2.40,0.20
2008.03.03 09:11:41.212,0.7968,0.7971,0.30,2.50
2008.03.03 09:11:41.409,0.7965,0.7968,0.30,4.00
2008.03.03 09:11:41.644,0.7968,0.7971,0.30,2.50
2008.03.03 09:11:41.765,0.79653,0.79683,0.30,4.00
2008.03.03 09:11:41.859,0.7968,0.7971,0.30,2.50
2008.03.03 09:11:42.093,0.7968,0.7971,0.30,2.50
2008.03.03 09:11:42.099,0.79654,0.79684,2.40,4.00
2008.03.03 09:11:42.416,0.79656,0.79681,2.40,0.40
2008.03.03 09:11:42.417,0.7968,0.7971,0.30,2.50
2008.03.03 09:11:42.633,0.7968,0.7971,0.30,2.50
2008.03.03 09:11:42.731,0.79653,0.79678,0.30,0.20
2008.03.03 09:11:42.996,0.7968,0.7971,0.30,2.50
2008.03.03 09:11:43.046,0.79652,0.79667,1.80,2.40
2008.03.03 09:11:43.265,0.79645,0.7966,4.00,0.20
2008.03.03 09:11:43.424,0.7968,0.7971,0.30,2.50
2008.03.03 09:11:43.485,0.79647,0.79652,0.30,0.20
2008.03.03 09:11:43.687,0.79646,0.79651,11.40,2.50
2008.03.03 09:11:43.857,0.7968,0.7971,0.30,2.50
2008.03.03 09:11:43.924,0.79648,0.79653,1.80,0.20
2008.03.03 09:11:44.198,0.7968,0.7971,0.30,2.50
2008.03.03 09:11:44.264,0.7965,0.79655,2.40,2.40
2008.03.03 09:11:44.523,0.7968,0.7971,0.30,2.50
2008.03.03 09:11:44.695,0.7965,0.79665,4.80,0.20
2008.03.03 09:11:44.847,0.7968,0.7971,0.30,2.50
2008.03.03 09:11:45.036,0.79653,0.79668,8.60,2.40
2008.03.03 09:11:45.066,0.7968,0.7971,0.30,2.50
2008.03.03 09:11:45.276,0.7965,0.79665,0.30,0.20
2008.03.03 09:11:45.303,0.7968,0.7971,0.30,2.50
2008.03.03 09:11:45.479,0.79646,0.79661,0.30,0.20
2008.03.03 09:11:45.514,0.7968,0.7971,0.30,2.50
2008.03.03 09:11:45.692,0.79641,0.79656,0.30,2.40
2008.03.03 09:11:45.738,0.7968,0.7971,0.30,2.50
2008.03.03 09:11:45.903,0.79637,0.79652,5.60,2.80
2008.03.03 09:11:46.127,0.79636,0.79651,0.30,0.60
2008.03.03 09:11:46.178,0.7968,0.7971,0.30,2.50
2008.03.03 09:11:46.463,0.79638,0.79653,2.40,0.20
2008.03.03 09:11:46.516,0.7968,0.7971,0.30,2.50
2008.03.03 09:11:46.798,0.79637,0.79662,4.00,0.20
2008.03.03 09:11:46.936,0.7968,0.7971,0.30,2.50
2008.03.03 09:11:47.140,0.79644,0.79669,6.60,4.80
2008.03.03 09:11:47.174,0.7968,0.7971,0.30,2.50
2008.03.03 09:11:47.443,0.79649,0.79674,2.40,0.50
2008.03.03 09:11:47.487,0.7968,0.7971,0.30,2.50
2008.03.03 09:11:47.715,0.7968,0.7971,0.30,2.50
2008.03.03 09:11:47.775,0.79652,0.79677,0.30,0.20
2008.03.03 09:11:47.993,0.7968,0.7971,0.30,2.50
2008.03.03 09:11:48.113,0.79652,0.79677,2.40,2.40
2008.03.03 09:11:48.386,0.7968,0.7971,0.30,2.50
2008.03.03 09:11:48.436,0.7965,0.79675,2.40,2.40
2008.03.03 09:11:48.766,0.79647,0.79672,4.00,0.20
2008.03.03 09:11:48.818,0.7968,0.7971,0.30,2.50
2008.03.03 09:11:49.107,0.79647,0.79672,0.30,0.20
2008.03.03 09:11:49.141,0.7968,0.7971,0.30,2.50
2008.03.03 09:11:49.424,0.79647,0.79672,2.40,0.20
2008.03.03 09:11:49.481,0.7968,0.7971,0.30,2.50
2008.03.03 09:11:49.771,0.79648,0.79673,0.30,0.20
2008.03.03 09:11:49.800,0.7968,0.7971,0.30,2.50
2008.03.03 09:11:50.086,0.79649,0.79674,0.30,0.20
2008.03.03 09:11:50.133,0.7968,0.7971,0.30,2.50
2008.03.03 09:11:50.413,0.79651,0.79676,0.30,0.20
2008.03.03 09:11:50.469,0.7968,0.7971,0.30,2.50
2008.03.03 09:11:50.740,0.79653,0.79678,0.30,2.40
2008.03.03 09:11:50.804,0.7968,0.7971,0.30,2.50
2008.03.03 09:11:51.071,0.79651,0.79676,0.30,2.40
2008.03.03 09:11:51.133,0.7968,0.7971,0.30,2.50
2008.03.03 09:11:51.351,0.7965,0.79675,0.30,12.00
2008.03.03 09:11:51.455,0.7968,0.7971,0.30,2.50
2008.03.03 09:11:51.685,0.7965,0.79675,0.30,2.40
2008.03.03 09:11:51.778,0.7968,0.7971,0.30,2.50
2008.03.03 09:11:52.019,0.79648,0.79673,4.00,0.20
2008.03.03 09:11:52.114,0.7968,0.7971,0.30,2.50
2008.03.03 09:11:52.353,0.79649,0.79674,8.00,2.40
2008.03.03 09:11:52.442,0.7968,0.7971,0.30,2.50
2008.03.03 09:11:52.645,0.79648,0.79673,3.40,0.40
2008.03.03 09:11:52.771,0.7968,0.7971,0.30,2.50
2008.03.03 09:11:52.940,0.79646,0.79671,0.50,0.40
2008.03.03 09:11:53.112,0.7968,0.7971,0.30,2.50
2008.03.03 09:11:53.235,0.79645,0.7967,4.00,0.20
2008.03.03 09:11:53.435,0.7968,0.7971,0.30,2.50
2008.03.03 09:11:53.534,0.79642,0.79667,0.30,0.20
2008.03.03 09:11:53.774,0.7968,0.7971,0.30,2.50
2008.03.03 09:11:53.834,0.79636,0.79671,0.80,4.00
2008.03.03 09:11:54.098,0.7968,0.7971,0.30,2.50
2008.03.03 09:11:54.204,0.79632,0.79667,0.30,0.20
2008.03.03 09:11:54.449,0.79631,0.79666,0.30,0.20
2008.03.03 09:11:54.531,0.7968,0.7971,0.30,2.50
2008.03.03 09:11:54.693,0.79629,0.79664,9.60,0.20
2008.03.03 09:11:54.864,0.7968,0.7971,0.30,2.50
2008.03.03 09:11:55.022,0.79628,0.79663,0.30,0.40
2008.03.03 09:11:55.267,0.79627,0.79662,2.40,2.50
2008.03.03 09:11:55.303,0.7968,0.7971,0.30,2.50
2008.03.03 09:11:55.601,0.79629,0.79664,2.80,2.70
2008.03.03 09:11:55.640,0.7968,0.7971,0.30,2.50
2008.03.03 09:11:55.935,0.7963,0.7967,0.30,0.20
2008.03.03 09:11:55.952,0.7968,0.7971,0.30,2.50
2008.03.03 09:11:56.181,0.7968,0.7971,0.30,2.50
2008.03.03 09:11:56.271,0.79635,0.79675,4.00,0.20
2008.03.03 09:11:56.518,0.7968,0.7971,0.30,2.50
2008.03.03 09:11:56.571,0.79633,0.79683,0.30,1.60
2008.03.03 09:11:56.903,0.79634,0.79684,0.30,0.20
2008.03.03 09:11:56.952,0.7968,0.7971,0.30,2.50
2008.03.03 09:11:57.237,0.79634,0.79684,0.30,0.20
2008.03.03 09:11:57.398,0.7968,0.7971,0.30,2.50
2008.03.03 09:11:57.570,0.79633,0.79683,2.40,0.20
2008.03.03 09:11:57.684,0.7968,0.7971,0.30,2.50
2008.03.03 09:11:57.892,0.79633,0.79683,2.40,0.40
2008.03.03 09:11:57.938,0.7968,0.7971,0.30,2.50
2008.03.03 09:11:58.236,0.79633,0.79683,0.30,1.90
2008.03.03 09:11:58.273,0.7968,0.7971,0.30,2.50
2008.03.03 09:11:58.598,0.7968,0.7971,0.30,2.50
2008.03.03 09:11:58.602,0.79632,0.79682,4.00,0.20
2008.03.03 09:11:58.865,0.7968,0.7971,0.30,2.50
2008.03.03 09:11:58.906,0.79631,0.79681,0.30,0.20
2008.03.03 09:11:59.154,0.7968,0.7971,0.30,2.50
2008.03.03 09:11:59.210,0.79629,0.79679,2.40,2.40
2008.03.03 09:11:59.487,0.7968,0.797,0.30,2.40
2008.03.03 09:11:59.541,0.79633,0.79683,0.30,0.20
2008.03.03 09:11:59.763,0.79637,0.79687,0.30,1.10
2008.03.03 09:11:59.821,0.7967,0.797,0.60,2.50
2008.03.03 09:11:59.969,0.7964,0.7969,2.40,2.40
2008.03.03 09:12:00.155,0.7967,0.797,0.60,2.50
2008.03.03 09:12:00.472,0.7967,0.797,0.60,2.50
2008.03.03 09:12:00.782,0.79643,0.79693,4.00,0.20
2008.03.03 09:12:00.799,0.7967,0.797,0.60,2.50
2008.03.03 09:12:01.039,0.7967,0.797,0.60,2.50
2008.03.03 09:12:01.083,0.7964,0.7969,0.30,0.20
2008.03.03 09:12:01.358,0.7967,0.797,0.60,2.50
2008.03.03 09:12:01.417,0.7964,0.79685,0.30,4.00
2008.03.03 09:12:01.751,0.79641,0.79681,0.30,0.20
2008.03.03 09:12:01.792,0.7967,0.797,0.60,2.50
2008.03.03 09:12:02.084,0.79636,0.79686,0.30,0.20
2008.03.03 09:12:02.133,0.7967,0.797,0.60,2.50
2008.03.03 09:12:02.433,0.79634,0.79684,2.40,2.40
2008.03.03 09:12:02.468,0.7967,0.797,0.60,2.50
2008.03.03 09:12:02.740,0.7967,0.797,2.80,0.20
2008.03.03 09:12:02.759,0.79633,0.79683,0.80,0.20
2008.03.03 09:12:02.970,0.7968,0.7971,0.30,2.50
2008.03.03 09:12:03.080,0.79632,0.79682,0.30,4.00
2008.03.03 09:12:03.198,0.7968,0.7971,0.30,2.50
2008.03.03 09:12:03.420,0.79633,0.79683,0.80,0.20
2008.03.03 09:12:03.550,0.7968,0.7971,0.30,2.50
2008.03.03 09:12:03.747,0.79633,0.79683,4.00,0.20
2008.03.03 09:12:03.889,0.7968,0.7971,0.30,2.50
2008.03.03 09:12:04.063,0.79635,0.79685,8.00,0.20
2008.03.03 09:12:04.226,0.7968,0.7971,0.30,2.50
2008.03.03 09:12:04.412,0.79635,0.79685,4.00,0.20
2008.03.03 09:12:04.455,0.7968,0.7971,0.30,2.50
2008.03.03 09:12:04.724,0.79633,0.79683,1.00,0.20
2008.03.03 09:12:04.783,0.7968,0.7971,0.30,2.50
2008.03.03 09:12:05.052,0.79635,0.79685,4.20,2.40
2008.03.03 09:12:05.095,0.7968,0.7971,0.30,2.50
2008.03.03 09:12:05.393,0.79636,0.79686,2.60,2.50
2008.03.03 09:12:05.424,0.7968,0.7971,0.30,2.50
2008.03.03 09:12:05.717,0.79634,0.79684,0.30,0.20
2008.03.03 09:12:05.756,0.7968,0.7971,0.30,2.50
2008.03.03 09:12:06.084,0.7968,0.7971,0.30,2.50
2008.03.03 09:12:06.163,0.79633,0.79683,0.30,0.40
2008.03.03 09:12:06.412,0.7968,0.7971,0.30,2.50
2008.03.03 09:12:06.602,0.79632,0.79682,2.40,0.20
2008.03.03 09:12:06.741,0.7968,0.7971,0.30,2.50
2008.03.03 09:12:07.044,0.79632,0.79682,2.40,2.40
2008.03.03 09:12:07.079,0.7968,0.7971,0.30,2.50
2008.03.03 09:12:07.338,0.7968,0.797,0.30,2.40
2008.03.03 09:12:07.370,0.79634,0.79684,0.30,0.20
2008.03.03 09:12:07.612,0.7968,0.797,0.30,2.40
2008.03.03 09:12:07.650,0.79636,0.79686,0.30,0.20
2008.03.03 09:12:07.886,0.7967,0.797,0.30,2.50
2008.03.03 09:12:07.930,0.79636,0.79686,12.40,12.10
2008.03.03 09:12:08.187,0.7967,0.797,0.30,2.50
2008.03.03 09:12:08.249,0.79637,0.79687,0.30,4.00
2008.03.03 09:12:08.509,0.7967,0.797,0.30,2.50
2008.03.03 09:12:08.573,0.79637,0.79687,0.30,4.00
2008.03.03 09:12:08.870,0.79636,0.79686,5.00,4.00
2008.03.03 09:12:08.938,0.7967,0.797,0.30,2.50
2008.03.03 09:12:09.147,0.79635,0.79685,2.60,2.50
2008.03.03 09:12:09.291,0.7967,0.797,0.30,2.50
2008.03.03 09:12:09.455,0.79628,0.79688,0.30,0.50
2008.03.03 09:12:09.721,0.7967,0.797,0.30,2.50
2008.03.03 09:12:09.795,0.79629,0.79689,0.30,0.20
2008.03.03 09:12:10.050,0.7967,0.797,0.30,2.50
2008.03.03 09:12:10.116,0.7963,0.7969,8.00,0.20
2008.03.03 09:12:10.387,0.7967,0.797,0.30,2.50
2008.03.03 09:12:10.455,0.79631,0.79691,5.60,8.10
2008.03.03 09:12:10.710,0.7967,0.797,0.30,2.50
2008.03.03 09:12:10.782,0.79629,0.79689,0.30,4.00
2008.03.03 09:12:11.039,0.7967,0.797,0.30,2.50
2008.03.03 09:12:11.096,0.7963,0.7969,2.60,2.50
2008.03.03 09:12:11.372,0.7967,0.797,0.30,2.50
2008.03.03 09:12:11.429,0.7963,0.7969,2.40,0.20
2008.03.03 09:12:11.699,0.7967,0.797,0.30,2.50
2008.03.03 09:12:11.777,0.79631,0.79691,0.80,0.20
2008.03.03 09:12:11.978,0.7968,0.7971,0.30,2.50
2008.03.03 09:12:12.201,0.79629,0.79689,2.40,2.40
2008.03.03 09:12:12.257,0.7968,0.7971,0.30,2.50
2008.03.03 09:12:12.537,0.7968,0.7971,0.30,2.50
2008.03.03 09:12:12.540,0.79629,0.79689,0.30,0.20
2008.03.03 09:12:12.785,0.7968,0.7971,0.30,2.50
2008.03.03 09:12:12.871,0.79629,0.79689,0.30,0.20
2008.03.03 09:12:13.045,0.7968,0.797,0.30,2.40
2008.03.03 09:12:13.192,0.7963,0.7969,0.30,1.70
2008.03.03 09:12:13.293,0.7968,0.7971,0.30,2.50
2008.03.03 09:12:13.537,0.79631,0.79691,0.30,0.20
2008.03.03 09:12:13.542,0.7968,0.7971,0.30,2.50
2008.03.03 09:12:13.836,0.7963,0.7969,4.00,0.20
2008.03.03 09:12:13.876,0.7968,0.7971,0.30,2.50
2008.03.03 09:12:14.222,0.7968,0.7971,0.30,2.50
2008.03.03 09:12:14.296,0.79629,0.79689,4.00,0.20
2008.03.03 09:12:14.573,0.7968,0.797,0.30,2.40
2008.03.03 09:12:14.632,0.79629,0.79689,0.30,0.20
2008.03.03 09:12:14.779,0.7967,0.797,0.30,2.50
2008.03.03 09:12:15.003,0.7967,0.797,0.30,2.50
2008.03.03 09:12:15.063,0.7963,0.7969,0.30,0.20
2008.03.03 09:12:15.227,0.7967,0.797,0.30,2.50
2008.03.03 09:12:15.397,0.79631,0.79691,8.00,0.40
2008.03.03 09:12:15.450,0.7967,0.797,0.30,2.50
2008.03.03 09:12:15.614,0.79629,0.79689,4.00,2.40
2008.03.03 09:12:15.774,0.7967,0.797,0.30,2.50
2008.03.03 09:12:15.938,0.79629,0.79689,0.30,0.20
2008.03.03 09:12:16.097,0.7967,0.797,0.30,2.50
2008.03.03 09:12:16.283,0.7963,0.7969,2.40,4.00
2008.03.03 09:12:16.421,0.7967,0.797,0.30,2.50
2008.03.03 09:12:16.695,0.7963,0.7969,0.30,0.20
2008.03.03 09:12:16.754,0.7967,0.797,0.30,2.50
2008.03.03 09:12:16.984,0.7967,0.797,0.30,2.50
2008.03.03 09:12:17.087,0.79632,0.79692,0.30,0.05
2008.03.03 09:12:17.303,0.7967,0.797,0.30,2.50
2008.03.03 09:12:17.380,0.7963,0.7969,0.30,0.20
2008.03.03 09:12:17.632,0.7967,0.797,0.30,2.50
2008.03.03 09:12:17.674,0.7963,0.7969,0.60,0.20
2008.03.03 09:12:17.968,0.79639,0.79684,2.60,2.50
2008.03.03 09:12:17.971,0.7967,0.797,0.30,2.50
2008.03.03 09:12:18.262,0.79638,0.79683,2.40,0.20
2008.03.03 09:12:18.292,0.7967,0.797,0.30,2.50
2008.03.03 09:12:18.565,0.79637,0.79682,3.40,0.20
2008.03.03 09:12:18.623,0.7967,0.797,0.30,2.50
2008.03.03 09:12:18.818,0.79637,0.79682,2.40,0.20
2008.03.03 09:12:19.073,0.79642,0.79677,2.40,2.40
2008.03.03 09:12:19.080,0.7967,0.797,0.30,2.50
2008.03.03 09:12:19.327,0.79646,0.79671,4.00,0.20
2008.03.03 09:12:19.431,0.7966,0.7969,0.30,2.50
2008.03.03 09:12:19.632,0.7965,0.79665,2.40,2.50
2008.03.03 09:12:19.770,0.7965,0.7969,2.80,2.50
2008.03.03 09:12:19.936,0.79643,0.79668,0.60,2.40
2008.03.03 09:12:20.006,0.7965,0.7969,2.60,2.70
2008.03.03 09:12:20.250,0.79643,0.79668,0.30,0.20
2008.03.03 09:12:20.469,0.79642,0.79667,8.00,2.40
2008.03.03 09:12:20.496,0.7965,0.7969,2.60,2.70
2008.03.03 09:12:20.788,0.7965,0.7969,2.60,2.70
2008.03.03 09:12:20.796,0.79641,0.79666,16.00,2.40
2008.03.03 09:12:21.018,0.79639,0.79664,4.00,0.50
2008.03.03 09:12:21.152,0.7965,0.7969,2.60,2.70
2008.03.03 09:12:21.346,0.7964,0.79665,7.20,4.00
2008.03.03 09:12:21.477,0.7965,0.7969,2.60,2.70
2008.03.03 09:12:21.679,0.79642,0.79667,0.60,2.50
2008.03.03 09:12:21.825,0.7965,0.7969,2.60,2.70
2008.03.03 09:12:22.118,0.79642,0.79667,4.00,0.20
2008.03.03 09:12:22.171,0.7965,0.7969,2.60,2.70
2008.03.03 09:12:22.459,0.79642,0.79667,0.60,0.20
2008.03.03 09:12:22.491,0.7965,0.7969,2.60,2.70
2008.03.03 09:12:22.800,0.7965,0.7969,2.60,2.70
2008.03.03 09:12:22.880,0.79641,0.79666,0.30,0.70
2008.03.03 09:12:23.080,0.7965,0.7969,2.60,2.70
2008.03.03 09:12:23.208,0.79641,0.79666,2.40,2.40
2008.03.03 09:12:23.352,0.7965,0.7969,2.60,2.70
2008.03.03 09:12:23.541,0.79641,0.79666,0.30,0.20
2008.03.03 09:12:23.696,0.7965,0.7969,2.60,2.70
2008.03.03 09:12:23.770,0.79643,0.79668,0.30,0.20
2008.03.03 09:12:24.089,0.79647,0.79672,5.80,0.20
2008.03.03 09:12:24.132,0.7965,0.7969,2.60,2.70
2008.03.03 09:12:24.325,0.79647,0.79672,2.40,2.40
2008.03.03 09:12:24.581,0.7965,0.7969,2.60,2.70
2008.03.03 09:12:24.653,0.79648,0.79673,0.30,0.20
2008.03.03 09:12:24.898,0.7965,0.7969,2.60,2.70
2008.03.03 09:12:24.979,0.79647,0.79672,0.60,0.20
2008.03.03 09:12:25.229,0.7965,0.7969,2.60,2.70
2008.03.03 09:12:25.400,0.79648,0.79673,0.30,0.20
2008.03.03 09:12:25.458,0.7965,0.7968,0.30,2.40
2008.03.03 09:12:25.637,0.7965,0.79675,0.30,0.20
2008.03.03 09:12:25.687,0.7965,0.7968,0.30,2.40
2008.03.03 09:12:25.858,0.7965,0.79675,2.40,2.40
2008.03.03 09:12:26.008,0.7965,0.7968,0.30,2.50
2008.03.03 09:12:26.076,0.7965,0.79675,0.30,0.40
2008.03.03 09:12:26.299,0.79648,0.79673,4.00,0.20
2008.03.03 09:12:26.446,0.7965,0.7968,0.30,2.50
2008.03.03 09:12:26.634,0.79646,0.79671,4.00,0.20
2008.03.03 09:12:26.767,0.7965,0.7968,0.30,2.50
2008.03.03 09:12:27.066,0.79645,0.7967,0.30,0.20
2008.03.03 09:12:27.090,0.7965,0.7968,0.30,2.50
2008.03.03 09:12:27.317,0.7965,0.7968,0.30,2.50
2008.03.03 09:12:27.403,0.79642,0.79667,4.00,0.20
2008.03.03 09:12:27.477,0.79639,0.79664,0.30,0.40
2008.03.03 09:12:27.635,0.7965,0.7968,0.30,2.50
2008.03.03 09:12:27.713,0.79638,0.79663,0.30,0.20
2008.03.03 09:12:27.967,0.7965,0.7968,0.30,2.50
2008.03.03 09:12:28.081,0.7964,0.79665,4.00,0.20
2008.03.03 09:12:28.295,0.7965,0.7968,0.30,2.50
2008.03.03 09:12:28.386,0.79642,0.79667,0.30,1.70
2008.03.03 09:12:28.626,0.7965,0.7968,0.30,2.50
2008.03.03 09:12:28.713,0.79643,0.79668,0.30,2.40
2008.03.03 09:12:28.973,0.7965,0.7968,0.30,2.50
2008.03.03 09:12:29.053,0.79645,0.7967,0.30,9.60
2008.03.03 09:12:29.376,0.79645,0.7967,0.30,0.20
2008.03.03 09:12:29.393,0.7965,0.7968,0.30,2.50
2008.03.03 09:12:29.708,0.79647,0.79672,4.00,0.20
2008.03.03 09:12:29.734,0.7965,0.7968,0.30,2.50
2008.03.03 09:12:30.037,0.79651,0.79676,0.50,0.20
2008.03.03 09:12:30.065,0.7965,0.7968,0.30,2.50
2008.03.03 09:12:30.291,0.7965,0.7968,0.30,2.50
2008.03.03 09:12:30.365,0.79654,0.79679,2.60,2.50
2008.03.03 09:12:30.616,0.7965,0.7968,0.30,2.50
2008.03.03 09:12:30.687,0.79654,0.79679,0.30,0.20
2008.03.03 09:12:30.913,0.79652,0.79677,2.40,2.40
2008.03.03 09:12:30.954,0.7965,0.7968,0.30,2.50
2008.03.03 09:12:31.139,0.79647,0.79672,2.80,2.40
2008.03.03 09:12:31.267,0.7965,0.7968,0.30,2.50
2008.03.03 09:12:31.446,0.79644,0.79669,4.00,0.20
2008.03.03 09:12:31.604,0.7965,0.7968,0.30,2.50
2008.03.03 09:12:31.785,0.7964,0.79665,0.30,0.20
2008.03.03 09:12:31.946,0.7965,0.7968,0.30,2.50
2008.03.03 09:12:32.130,0.79641,0.79666,2.60,2.70
2008.03.03 09:12:32.269,0.7965,0.7968,0.30,2.50
2008.03.03 09:12:32.555,0.79642,0.79667,2.40,2.40
2008.03.03 09:12:32.593,0.7965,0.7968,0.30,2.50
2008.03.03 09:12:32.895,0.79646,0.79671,2.80,2.50
2008.03.03 09:12:32.928,0.7965,0.7968,0.30,2.50
2008.03.03 09:12:33.236,0.79648,0.79673,0.30,1.90
2008.03.03 09:12:33.258,0.7965,0.7968,0.30,2.50
2008.03.03 09:12:33.551,0.79648,0.79673,10.40,0.20
2008.03.03 09:12:33.583,0.7965,0.7968,0.30,2.50
2008.03.03 09:12:33.891,0.79648,0.79673,0.30,0.40
2008.03.03 09:12:33.909,0.7965,0.7968,0.30,2.50
2008.03.03 09:12:34.214,0.79649,0.79674,2.40,2.50
2008.03.03 09:12:34.361,0.7965,0.7968,0.30,2.50
2008.03.03 09:12:34.538,0.79652,0.79677,2.40,2.40
2008.03.03 09:12:34.798,0.7965,0.7968,0.30,2.50
2008.03.03 09:12:34.872,0.79657,0.79682,2.40,2.40
2008.03.03 09:12:35.007,0.7965,0.7968,0.30,2.50
2008.03.03 09:12:35.205,0.7966,0.79685,1.80,2.40
2008.03.03 09:12:35.240,0.7965,0.7968,0.30,2.50
2008.03.03 09:12:35.479,0.7965,0.7968,0.30,2.50
2008.03.03 09:12:35.643,0.79656,0.79681,2.40,2.40
2008.03.03 09:12:35.789,0.7965,0.7968,0.30,2.50
2008.03.03 09:12:35.918,0.79651,0.79676,0.30,4.00
2008.03.03 09:12:36.138,0.79649,0.79674,6.40,0.20
2008.03.03 09:12:36.219,0.7965,0.7968,0.30,2.50
2008.03.03 09:12:36.407,0.79646,0.79671,5.60,0.10
2008.03.03 09:12:36.557,0.7965,0.7968,0.30,2.50
2008.03.03 09:12:36.636,0.79645,0.7967,0.30,0.20
2008.03.03 09:12:36.987,0.7965,0.7968,0.30,2.50
2008.03.03 09:12:37.064,0.79644,0.79669,0.30,0.20
2008.03.03 09:12:37.321,0.7965,0.7968,0.30,2.50
2008.03.03 09:12:37.397,0.79643,0.79668,4.00,0.20
2008.03.03 09:12:37.648,0.7965,0.7968,0.30,2.50
2008.03.03 09:12:37.743,0.79645,0.7967,0.30,9.60
2008.03.03 09:12:37.972,0.7965,0.7968,0.30,2.50
2008.03.03 09:12:38.094,0.79644,0.79669,0.30,0.20
2008.03.03 09:12:38.318,0.7965,0.7968,0.30,2.50
2008.03.03 09:12:38.384,0.79646,0.79671,0.30,0.20
2008.03.03 09:12:38.637,0.7965,0.7968,0.30,2.50
2008.03.03 09:12:38.710,0.79647,0.79672,0.30,0.20
2008.03.03 09:12:38.980,0.7965,0.7968,0.30,2.50
2008.03.03 09:12:39.064,0.79648,0.79673,2.60,8.10
2008.03.03 09:12:39.345,0.7965,0.7968,0.30,2.50
2008.03.03 09:12:39.382,0.79648,0.79673,0.30,0.40
2008.03.03 09:12:39.680,0.7965,0.7968,0.30,2.50
2008.03.03 09:12:39.700,0.79647,0.79672,0.30,4.00
2008.03.03 09:12:40.041,0.79645,0.7967,4.00,0.20
2008.03.03 09:12:40.065,0.7965,0.7968,0.30,2.50
2008.03.03 09:12:40.284,0.7965,0.7968,0.30,2.50
2008.03.03 09:12:40.369,0.79643,0.79668,0.30,2.40
2008.03.03 09:12:40.502,0.7965,0.7968,0.30,2.50
2008.03.03 09:12:40.694,0.79642,0.79667,9.60,1.70
2008.03.03 09:12:40.737,0.7965,0.7968,0.30,2.50
2008.03.03 09:12:40.959,0.7965,0.7968,0.30,2.50
2008.03.03 09:12:41.032,0.79641,0.79666,4.20,0.20
2008.03.03 09:12:41.273,0.7965,0.7968,0.30,2.50
2008.03.03 09:12:41.371,0.79642,0.79667,0.30,6.40
2008.03.03 09:12:41.617,0.7965,0.7968,0.30,2.50
2008.03.03 09:12:41.684,0.79642,0.79667,0.30,0.20
2008.03.03 09:12:41.905,0.79643,0.79668,4.00,0.20
2008.03.03 09:12:41.938,0.7965,0.7968,0.30,2.50
2008.03.03 09:12:42.253,0.79643,0.79668,0.30,0.40
2008.03.03 09:12:42.277,0.7965,0.7968,0.30,2.50
2008.03.03 09:12:42.602,0.7965,0.7968,0.30,2.50
2008.03.03 09:12:42.676,0.79642,0.79667,4.00,0.90
2008.03.03 09:12:42.936,0.7965,0.7968,0.30,2.50
2008.03.03 09:12:43.001,0.79643,0.79668,0.30,0.20
2008.03.03 09:12:43.252,0.7965,0.7968,0.30,2.50
2008.03.03 09:12:43.336,0.79643,0.79668,0.30,0.20
2008.03.03 09:12:43.592,0.7965,0.7968,0.30,2.50
2008.03.03 09:12:43.668,0.79645,0.7967,0.50,2.40
2008.03.03 09:12:43.934,0.7965,0.7968,0.30,2.50
2008.03.03 09:12:44.112,0.79643,0.79668,2.40,2.40
2008.03.03 09:12:44.292,0.7967,0.7968,0.30,2.40
2008.03.03 09:12:44.449,0.79643,0.79668,0.60,0.20
2008.03.03 09:12:44.626,0.7967,0.797,0.30,2.50
2008.03.03 09:12:44.876,0.79642,0.79667,4.00,2.40
2008.03.03 09:12:44.961,0.7966,0.7968,2.40,2.50
2008.03.03 09:12:44.990,0.79644,0.79669,0.30,4.00
2008.03.03 09:12:45.085,0.79646,0.79671,1.00,0.40
2008.03.03 09:12:45.185,0.7965,0.7968,0.30,2.50
2008.03.03 09:12:45.212,0.79648,0.79673,4.00,0.20
2008.03.03 09:12:45.283,0.7965,0.79675,4.00,0.20
2008.03.03 09:12:45.408,0.79647,0.79672,2.40,4.00
2008.03.03 09:12:45.409,0.7965,0.7968,0.30,2.50
2008.03.03 09:12:45.458,0.79646,0.79671,0.30,0.20
2008.03.03 09:12:45.576,0.79646,0.79671,4.80,0.20
2008.03.03 09:12:45.634,0.79648,0.79673,0.30,0.20
2008.03.03 09:12:45.681,0.7965,0.7968,0.30,2.50
2008.03.03 09:12:45.690,0.79651,0.79676,2.40,4.10
2008.03.03 09:12:45.753,0.79652,0.79677,2.40,2.40
2008.03.03 09:12:45.828,0.79653,0.79678,8.00,0.20
2008.03.03 09:12:45.888,0.79653,0.79678,0.30,4.00
2008.03.03 09:12:45.948,0.79651,0.79676,0.30,0.20
2008.03.03 09:12:46.021,0.7965,0.7968,0.30,2.50
2008.03.03 09:12:46.335,0.7965,0.7968,0.30,2.50
2008.03.03 09:12:46.557,0.7965,0.79675,3.20,2.80
2008.03.03 09:12:46.670,0.7965,0.7968,0.30,2.50
2008.03.03 09:12:47.005,0.7965,0.7968,0.30,2.50
2008.03.03 09:12:47.274,0.7965,0.7966,0.30,2.40
2008.03.03 09:12:47.508,0.7964,0.7966,2.40,2.50
2008.03.03 09:12:47.764,0.7964,0.7966,2.40,2.50
2008.03.03 09:12:47.978,0.7964,0.7967,2.60,0.20
2008.03.03 09:12:48.157,0.7965,0.79675,0.60,0.20
2008.03.03 09:12:48.273,0.7964,0.7968,2.80,2.50
2008.03.03 09:12:48.401,0.79648,0.79673,0.30,0.20
2008.03.03 09:12:48.649,0.7964,0.7968,2.80,2.50
2008.03.03 09:12:48.728,0.79648,0.79673,0.30,0.20
2008.03.03 09:12:48.942,0.7964,0.7968,2.80,2.50
2008.03.03 09:12:49.054,0.7965,0.79675,0.30,4.30
2008.03.03 09:12:49.237,0.7964,0.7968,2.80,2.50
2008.03.03 09:12:49.395,0.7965,0.79675,8.00,1.70
2008.03.03 09:12:49.633,0.7964,0.7968,2.80,2.50
2008.03.03 09:12:49.713,0.7965,0.79675,0.70,4.00
2008.03.03 09:12:49.968,0.7964,0.7968,2.80,2.50
2008.03.03 09:12:50.043,0.79648,0.79673,9.60,3.10
2008.03.03 09:12:50.301,0.7964,0.7968,5.20,2.50
2008.03.03 09:12:50.373,0.7965,0.79675,0.60,0.20
2008.03.03 09:12:50.521,0.7965,0.7968,2.80,0.20
2008.03.03 09:12:50.612,0.7965,0.79675,0.60,0.20
2008.03.03 09:12:50.740,0.7965,0.7968,2.80,0.20
2008.03.03 09:12:50.932,0.79651,0.79676,0.30,0.20
2008.03.03 09:12:50.959,0.7966,0.7969,0.30,2.70
2008.03.03 09:12:51.177,0.7966,0.7969,0.30,2.70
2008.03.03 09:12:51.350,0.79653,0.79678,2.40,0.20
2008.03.03 09:12:51.501,0.7966,0.7969,0.30,2.70
2008.03.03 09:12:51.810,0.79654,0.79679,2.40,2.40
2008.03.03 09:12:51.836,0.7966,0.7969,0.30,2.70
2008.03.03 09:12:52.176,0.7966,0.7969,0.30,2.70
2008.03.03 09:12:52.251,0.79652,0.79677,0.30,0.20
2008.03.03 09:12:52.504,0.7966,0.7969,0.30,2.70
2008.03.03 09:12:52.579,0.79648,0.79673,0.30,2.40
2008.03.03 09:12:52.842,0.7966,0.7969,0.30,2.70
2008.03.03 09:12:52.888,0.79644,0.79669,2.40,2.40
2008.03.03 09:12:53.114,0.7966,0.7969,0.30,2.70
2008.03.03 09:12:53.249,0.79643,0.79668,2.40,2.40
2008.03.03 09:12:53.489,0.7966,0.7969,0.30,2.70
2008.03.03 09:12:53.573,0.79643,0.79668,0.30,0.20
2008.03.03 09:12:53.829,0.7966,0.7969,0.30,2.70
2008.03.03 09:12:53.890,0.79644,0.79669,0.30,0.40
2008.03.03 09:12:54.164,0.7966,0.7969,0.30,2.70
2008.03.03 09:12:54.232,0.79646,0.79671,2.60,2.70
2008.03.03 09:12:54.515,0.7966,0.7969,0.30,2.70
2008.03.03 09:12:54.542,0.79648,0.79673,0.30,0.20
2008.03.03 09:12:54.841,0.7966,0.79685,0.30,0.20
2008.03.03 09:12:54.894,0.79649,0.79674,2.40,2.40
2008.03.03 09:12:55.132,0.7966,0.79685,0.30,0.20
2008.03.03 09:12:55.208,0.7965,0.79675,0.70,0.40
2008.03.03 09:12:55.472,0.7966,0.79685,0.30,0.20
2008.03.03 09:12:55.543,0.79649,0.79674,4.00,0.20
2008.03.03 09:12:55.796,0.7966,0.79685,0.30,0.20
2008.03.03 09:12:55.877,0.79646,0.79671,0.30,0.20
2008.03.03 09:12:56.047,0.7966,0.79685,0.30,0.20
2008.03.03 09:12:56.099,0.79643,0.79668,0.30,4.00
2008.03.03 09:12:56.346,0.7966,0.79685,0.30,0.20
2008.03.03 09:12:56.530,0.7964,0.79665,4.00,0.20
2008.03.03 09:12:56.671,0.7966,0.79685,0.30,0.20
2008.03.03 09:12:56.867,0.79639,0.79664,0.30,8.00
2008.03.03 09:12:57.008,0.7966,0.79685,0.30,0.20
2008.03.03 09:12:57.307,0.79642,0.79667,0.30,0.20
2008.03.03 09:12:57.319,0.79645,0.7968,4.20,4.10
2008.03.03 09:12:57.557,0.79645,0.7967,0.30,4.00
2008.03.03 09:12:57.648,0.79644,0.79669,0.30,0.20
2008.03.03 09:12:57.811,0.7964,0.7967,0.30,4.00
2008.03.03 09:12:57.968,0.79648,0.79673,4.00,0.20
2008.03.03 09:12:58.064,0.7964,0.7967,0.30,4.00
2008.03.03 09:12:58.297,0.79648,0.79673,0.30,4.00
2008.03.03 09:12:58.333,0.7964,0.7967,0.30,4.00
2008.03.03 09:12:58.602,0.79649,0.79674,0.30,0.40
2008.03.03 09:12:58.667,0.7964,0.7967,0.60,4.00
2008.03.03 09:12:58.962,0.79647,0.79672,0.30,0.20
2008.03.03 09:12:59.001,0.7964,0.7967,0.60,4.00
2008.03.03 09:12:59.290,0.79642,0.79667,0.30,2.50
2008.03.03 09:12:59.420,0.7964,0.7967,0.60,4.00
2008.03.03 09:12:59.615,0.79636,0.79661,2.40,2.40
2008.03.03 09:12:59.635,0.7964,0.7967,0.60,4.00
2008.03.03 09:12:59.865,0.7964,0.7967,0.60,4.00
2008.03.03 09:12:59.957,0.79632,0.79658,8.00,0.20
2008.03.03 09:13:00.196,0.7964,0.7967,0.60,4.00
2008.03.03 09:13:00.416,0.7964,0.7967,0.60,4.00
2008.03.03 09:13:00.750,0.79645,0.7967,0.30,4.00
2008.03.03 09:13:00.888,0.79629,0.79655,0.30,0.20
2008.03.03 09:13:01.101,0.79632,0.79657,4.00,5.60
2008.03.03 09:13:01.196,0.79645,0.7967,0.30,4.00
2008.03.03 09:13:01.341,0.79635,0.7966,0.30,9.60
2008.03.03 09:13:01.635,0.79645,0.7967,0.30,4.00
2008.03.03 09:13:01.764,0.79636,0.79661,0.60,0.20
2008.03.03 09:13:01.853,0.79645,0.7967,0.30,4.00
2008.03.03 09:13:02.081,0.79645,0.7967,0.30,4.00
2008.03.03 09:13:02.101,0.79636,0.79661,0.30,4.00
2008.03.03 09:13:02.297,0.79645,0.7967,0.30,4.00
2008.03.03 09:13:02.522,0.79645,0.7967,0.30,4.00
2008.03.03 09:13:02.539,0.79636,0.79661,0.30,0.20
2008.03.03 09:13:02.867,0.79637,0.79662,0.30,0.20
2008.03.03 09:13:02.869,0.79645,0.7967,0.30,4.00
2008.03.03 09:13:03.203,0.79645,0.7967,0.30,4.00
2008.03.03 09:13:03.206,0.79636,0.79661,0.30,0.20
2008.03.03 09:13:03.512,0.79634,0.79659,2.80,0.70
2008.03.03 09:13:03.537,0.7965,0.7967,0.30,4.00
2008.03.03 09:13:03.870,0.79634,0.79659,1.00,1.60
2008.03.03 09:13:03.939,0.7965,0.7967,0.30,4.00
2008.03.03 09:13:04.200,0.79636,0.79661,0.60,4.10
2008.03.03 09:13:04.273,0.7965,0.7967,0.30,4.00
2008.03.03 09:13:04.526,0.79636,0.79661,0.30,0.30
2008.03.03 09:13:04.726,0.7965,0.7967,0.30,4.00
2008.03.03 09:13:04.846,0.79637,0.79662,4.00,0.20
2008.03.03 09:13:05.030,0.7965,0.7967,0.30,4.00
2008.03.03 09:13:05.173,0.79638,0.79663,0.60,0.20
2008.03.03 09:13:05.376,0.7965,0.7967,0.30,4.00
2008.03.03 09:13:05.511,0.79638,0.79663,2.40,2.40
2008.03.03 09:13:05.688,0.7965,0.7967,0.30,4.00
2008.03.03 09:13:05.846,0.79637,0.79662,0.30,4.00
2008.03.03 09:13:06.017,0.7965,0.7967,0.30,4.00
2008.03.03 09:13:06.069,0.79637,0.79662,4.00,0.20
2008.03.03 09:13:06.290,0.79638,0.79663,2.40,2.40
2008.03.03 09:13:06.355,0.7965,0.7967,0.30,4.00
2008.03.03 09:13:06.690,0.7965,0.7967,0.30,4.00
2008.03.03 09:13:06.724,0.79638,0.79663,4.40,5.60
2008.03.03 09:13:07.005,0.7965,0.7967,0.30,4.00
2008.03.03 09:13:07.160,0.79637,0.79662,0.50,0.40
2008.03.03 09:13:07.242,0.7965,0.7967,0.30,4.00
2008.03.03 09:13:07.568,0.7965,0.7967,0.30,4.00
2008.03.03 09:13:07.584,0.79635,0.7966,0.20,0.20
2008.03.03 09:13:07.828,0.79633,0.79658,0.30,0.20
2008.03.03 09:13:08.006,0.7965,0.7967,0.30,4.00
2008.03.03 09:13:08.153,0.79633,0.79658,2.60,2.50
2008.03.03 09:13:08.476,0.7965,0.7967,0.30,4.00
2008.03.03 09:13:08.483,0.79633,0.79658,0.30,0.40
2008.03.03 09:13:08.783,0.79633,0.79658,0.30,0.40
2008.03.03 09:13:08.887,0.7965,0.7967,0.30,4.00
2008.03.03 09:13:09.146,0.79634,0.79659,0.30,0.20
2008.03.03 09:13:09.294,0.7965,0.7967,0.30,4.00
2008.03.03 09:13:09.475,0.79636,0.79661,0.30,0.20
2008.03.03 09:13:09.630,0.7964,0.7967,0.60,4.00
2008.03.03 09:13:09.801,0.79636,0.79661,0.30,0.20
2008.03.03 09:13:09.858,0.7964,0.7967,0.60,4.00
2008.03.03 09:13:10.097,0.7964,0.7967,0.60,4.00
2008.03.03 09:13:10.137,0.79637,0.79662,2.40,0.20
2008.03.03 09:13:10.420,0.7964,0.7967,0.60,4.00
2008.03.03 09:13:10.464,0.79636,0.79661,0.80,0.20
2008.03.03 09:13:10.746,0.7964,0.7967,0.60,4.00
2008.03.03 09:13:10.780,0.79635,0.7966,2.40,2.40
2008.03.03 09:13:11.087,0.7964,0.7967,0.60,4.00
2008.03.03 09:13:11.111,0.79634,0.79659,4.00,5.60
2008.03.03 09:13:11.336,0.79636,0.79661,0.30,0.20
2008.03.03 09:13:11.411,0.7964,0.7967,0.60,4.00
2008.03.03 09:13:11.699,0.7964,0.7967,0.60,4.00
2008.03.03 09:13:11.772,0.79637,0.79662,2.00,4.00
2008.03.03 09:13:11.968,0.7964,0.7967,0.60,4.00
2008.03.03 09:13:12.117,0.79638,0.79663,4.00,0.40
2008.03.03 09:13:12.302,0.7964,0.7967,0.60,4.00
2008.03.03 09:13:12.537,0.79639,0.79664,0.50,2.00
2008.03.03 09:13:12.633,0.7964,0.7967,0.60,4.00
2008.03.03 09:13:12.765,0.79638,0.79663,8.20,2.50
2008.03.03 09:13:12.945,0.7964,0.7967,0.60,4.00
2008.03.03 09:13:13.096,0.79637,0.79662,0.30,0.20
2008.03.03 09:13:13.290,0.7964,0.7967,0.60,4.00
2008.03.03 09:13:13.429,0.79638,0.79663,0.30,0.20
2008.03.03 09:13:13.617,0.7964,0.7967,0.60,4.00
2008.03.03 09:13:13.862,0.79639,0.79664,0.30,0.20
2008.03.03 09:13:13.955,0.7964,0.7967,0.60,4.00
2008.03.03 09:13:14.314,0.79638,0.79663,0.30,0.20
2008.03.03 09:13:14.377,0.7964,0.7967,0.60,4.00
2008.03.03 09:13:14.720,0.7964,0.7967,0.60,4.00
2008.03.03 09:13:14.723,0.79637,0.79662,4.00,0.20
2008.03.03 09:13:14.851,0.79634,0.79659,0.30,0.90
2008.03.03 09:13:14.962,0.79633,0.79658,0.30,4.00
2008.03.03 09:13:15.041,0.7964,0.7967,0.60,4.00
2008.03.03 09:13:15.046,0.79633,0.79658,2.40,2.40
2008.03.03 09:13:15.165,0.79633,0.79658,0.30,0.20
2008.03.03 09:13:15.246,0.79634,0.79659,1.90,0.20
2008.03.03 09:13:15.366,0.79636,0.79661,0.60,0.20
2008.03.03 09:13:15.386,0.79636,0.79661,0.30,0.20
2008.03.03 09:13:15.390,0.7964,0.7967,0.60,4.00
2008.03.03 09:13:15.443,0.79637,0.79662,0.30,0.20
2008.03.03 09:13:15.488,0.79636,0.79661,0.30,0.20
2008.03.03 09:13:15.541,0.79636,0.79661,4.00,0.20
2008.03.03 09:13:15.595,0.79637,0.79662,0.30,0.80
2008.03.03 09:13:15.678,0.79638,0.79663,13.60,0.20
2008.03.03 09:13:15.709,0.7964,0.7967,0.60,4.00
2008.03.03 09:13:15.724,0.79642,0.79657,0.30,0.20
2008.03.03 09:13:16.029,0.7964,0.7967,0.60,4.00
2008.03.03 09:13:16.357,0.7964,0.7967,0.60,4.00
2008.03.03 09:13:16.693,0.7964,0.7967,0.60,4.00
2008.03.03 09:13:17.025,0.7964,0.7967,0.60,4.00
2008.03.03 09:13:17.351,0.7964,0.7967,0.60,4.00
2008.03.03 09:13:17.693,0.7964,0.7967,0.60,4.00
2008.03.03 09:13:17.929,0.79638,0.79658,0.30,0.40
2008.03.03 09:13:18.018,0.7964,0.7967,0.60,4.00
2008.03.03 09:13:18.338,0.7964,0.7967,0.60,4.00
2008.03.03 09:13:18.345,0.79636,0.79656,0.30,9.60
2008.03.03 09:13:18.622,0.79645,0.7967,0.30,4.00
2008.03.03 09:13:18.708,0.79634,0.79654,1.00,9.60
2008.03.03 09:13:18.956,0.7964,0.7967,2.80,4.00
2008.03.03 09:13:19.026,0.79634,0.79654,0.30,2.40
2008.03.03 09:13:19.291,0.7964,0.7967,0.60,4.00
2008.03.03 09:13:19.357,0.79636,0.79656,4.80,0.20
2008.03.03 09:13:19.583,0.79637,0.79657,0.30,0.20
2008.03.03 09:13:19.625,0.79645,0.7967,0.30,4.00
2008.03.03 09:13:19.810,0.79637,0.79657,2.40,2.40
2008.03.03 09:13:19.854,0.79645,0.7967,0.30,4.00
2008.03.03 09:13:20.101,0.79645,0.7967,0.30,4.00
2008.03.03 09:13:20.240,0.79637,0.79657,0.30,0.40
2008.03.03 09:13:20.332,0.79645,0.7967,0.30,4.00
2008.03.03 09:13:20.576,0.79638,0.79658,0.50,0.40
2008.03.03 09:13:20.653,0.79645,0.7967,0.30,4.00
2008.03.03 09:13:20.990,0.79639,0.79659,2.60,2.50
2008.03.03 09:13:21.001,0.79645,0.7967,0.30,4.00
2008.03.03 09:13:21.101,0.79638,0.79658,2.60,2.40
2008.03.03 09:13:21.230,0.79637,0.79657,0.50,0.40
2008.03.03 09:13:21.331,0.79636,0.79656,0.30,0.20
2008.03.03 09:13:21.415,0.79645,0.7967,0.30,4.00
2008.03.03 09:13:21.453,0.79636,0.79656,1.00,9.60
2008.03.03 09:13:21.561,0.79636,0.79656,1.80,2.50
2008.03.03 09:13:21.673,0.79636,0.79656,2.40,1.60
2008.03.03 09:13:21.750,0.79645,0.7967,0.30,4.00
2008.03.03 09:13:21.786,0.79638,0.79658,0.20,0.20
2008.03.03 09:13:21.944,0.79638,0.79658,0.30,0.20
2008.03.03 09:13:22.023,0.79638,0.79658,0.30,0.20
2008.03.03 09:13:22.074,0.79645,0.7967,0.30,4.00
2008.03.03 09:13:22.303,0.79645,0.7967,0.30,4.00
2008.03.03 09:13:22.532,0.7964,0.7967,0.60,4.00
2008.03.03 09:13:22.761,0.7964,0.7967,0.60,4.00
2008.03.03 09:13:23.154,0.7964,0.7967,0.60,4.00
2008.03.03 09:13:23.520,0.7964,0.7967,0.60,4.00
2008.03.03 09:13:23.541,0.79639,0.79659,0.30,4.00
2008.03.03 09:13:23.849,0.7964,0.7967,0.60,4.00
2008.03.03 09:13:23.875,0.79641,0.79661,2.40,4.00
2008.03.03 09:13:24.208,0.79642,0.79662,0.30,0.40
2008.03.03 09:13:24.288,0.7964,0.7967,0.60,4.00
2008.03.03 09:13:24.541,0.79641,0.79661,4.20,2.40
2008.03.03 09:13:24.722,0.7964,0.7967,0.60,4.00
2008.03.03 09:13:24.872,0.79641,0.79661,0.30,0.40
2008.03.03 09:13:25.061,0.7964,0.7967,0.60,4.00
2008.03.03 09:13:25.203,0.79639,0.79659,8.00,0.20
2008.03.03 09:13:25.374,0.7964,0.7967,0.60,4.00
2008.03.03 09:13:25.523,0.79634,0.79654,1.80,0.50
2008.03.03 09:13:25.713,0.7964,0.7967,0.60,4.00
2008.03.03 09:13:25.860,0.79633,0.79653,0.30,4.00
2008.03.03 09:13:26.034,0.7964,0.7967,0.60,4.00
2008.03.03 09:13:26.181,0.79633,0.79653,0.30,0.20
2008.03.03 09:13:26.362,0.7964,0.7967,0.60,4.00
2008.03.03 09:13:26.512,0.79633,0.79653,0.30,0.20
2008.03.03 09:13:26.689,0.7964,0.7967,0.60,4.00
2008.03.03 09:13:26.837,0.79634,0.79654,0.30,0.20
2008.03.03 09:13:27.043,0.7964,0.7967,0.60,4.00
2008.03.03 09:13:27.276,0.79636,0.79656,4.00,0.20
2008.03.03 09:13:27.352,0.7964,0.7967,0.60,4.00
2008.03.03 09:13:27.626,0.79634,0.79654,0.30,4.00
2008.03.03 09:13:27.689,0.7964,0.7967,0.60,4.00
2008.03.03 09:13:28.012,0.7964,0.7967,0.60,4.00
2008.03.03 09:13:28.065,0.79636,0.79656,0.30,0.10
2008.03.03 09:13:28.353,0.7964,0.7967,0.60,4.00
2008.03.03 09:13:28.384,0.79635,0.79655,0.60,0.40
2008.03.03 09:13:28.467,0.79636,0.79651,0.30,4.00
2008.03.03 09:13:28.676,0.7964,0.7967,0.60,4.00
2008.03.03 09:13:28.709,0.79633,0.79653,1.60,9.60
2008.03.03 09:13:29.010,0.7964,0.7967,0.60,4.00
2008.03.03 09:13:29.038,0.79634,0.79654,0.30,0.20
2008.03.03 09:13:29.346,0.7964,0.7967,0.60,4.00
2008.03.03 09:13:29.379,0.79634,0.79654,0.30,2.40
2008.03.03 09:13:29.701,0.79636,0.79656,0.30,1.70
2008.03.03 09:13:29.779,0.7964,0.7967,0.60,4.00
2008.03.03 09:13:29.792,0.79639,0.79654,2.80,2.70
2008.03.03 09:13:30.021,0.79638,0.79658,1.80,4.00
2008.03.03 09:13:30.210,0.7964,0.7967,0.60,4.00
2008.03.03 09:13:30.358,0.79639,0.79659,2.60,2.40
2008.03.03 09:13:30.439,0.7964,0.7967,0.60,4.00
2008.03.03 09:13:30.668,0.7964,0.7967,0.60,4.00
2008.03.03 09:13:30.683,0.79639,0.79659,4.80,4.00
2008.03.03 09:13:30.897,0.7964,0.7967,2.80,4.00
2008.03.03 09:13:31.024,0.79638,0.79658,0.30,0.20
2008.03.03 09:13:31.207,0.7965,0.7967,0.30,4.00
2008.03.03 09:13:31.358,0.79636,0.79656,0.30,0.20
2008.03.03 09:13:31.529,0.7965,0.7967,0.30,4.00
2008.03.03 09:13:31.679,0.79636,0.79656,0.30,0.20
2008.03.03 09:13:31.837,0.7965,0.7967,0.30,4.00
2008.03.03 09:13:32.006,0.79636,0.79656,0.80,0.20
2008.03.03 09:13:32.222,0.7965,0.7967,0.30,4.00
2008.03.03 09:13:32.349,0.79638,0.79658,2.40,0.50
2008.03.03 09:13:32.534,0.7965,0.7967,0.30,4.00
2008.03.03 09:13:32.778,0.79639,0.79659,4.00,2.40
2008.03.03 09:13:32.850,0.7965,0.7967,0.30,4.00
2008.03.03 09:13:33.176,0.7965,0.7967,0.30,4.00
2008.03.03 09:13:33.196,0.7964,0.7966,4.00,0.40
2008.03.03 09:13:33.521,0.7965,0.7967,0.30,4.00
2008.03.03 09:13:33.553,0.79638,0.79658,4.00,0.20
2008.03.03 09:13:33.841,0.7965,0.7967,0.30,4.00
2008.03.03 09:13:33.870,0.79636,0.79656,0.30,0.50
2008.03.03 09:13:34.187,0.7965,0.7967,0.30,4.00
2008.03.03 09:13:34.211,0.79635,0.79655,4.00,0.20
2008.03.03 09:13:34.524,0.79635,0.79655,0.30,0.20
2008.03.03 09:13:34.624,0.7965,0.7967,0.30,4.00
2008.03.03 09:13:34.864,0.79636,0.79656,0.30,0.20
2008.03.03 09:13:34.963,0.7965,0.7967,0.30,4.00
2008.03.03 09:13:35.126,0.79636,0.79656,0.30,0.20
2008.03.03 09:13:35.289,0.7965,0.7967,0.30,4.00
2008.03.03 09:13:35.431,0.79636,0.79656,0.60,0.20
2008.03.03 09:13:35.508,0.7965,0.7967,0.30,4.00
2008.03.03 09:13:35.751,0.79637,0.79657,0.30,0.20
2008.03.03 09:13:35.839,0.7965,0.7967,0.30,4.00
2008.03.03 09:13:36.053,0.7965,0.7967,0.30,4.00
2008.03.03 09:13:36.091,0.79639,0.79659,2.40,4.00
2008.03.03 09:13:36.387,0.7965,0.7967,0.30,4.00
2008.03.03 09:13:36.407,0.79641,0.79661,0.30,0.40
2008.03.03 09:13:36.625,0.79641,0.79661,4.00,0.20
2008.03.03 09:13:36.721,0.7965,0.7967,0.30,4.00
2008.03.03 09:13:36.846,0.79643,0.79658,9.60,2.40
2008.03.03 09:13:37.056,0.7965,0.7967,0.30,4.00
2008.03.03 09:13:37.293,0.79643,0.79658,0.30,0.20
2008.03.03 09:13:37.297,0.7965,0.7967,0.30,4.00
2008.03.03 09:13:37.529,0.7965,0.7967,0.30,4.00
2008.03.03 09:13:37.626,0.79643,0.79658,0.30,0.20
2008.03.03 09:13:37.777,0.7965,0.7967,0.30,4.00
2008.03.03 09:13:37.960,0.79643,0.79658,0.50,4.00
2008.03.03 09:13:37.988,0.7965,0.7967,0.30,4.00
2008.03.03 09:13:38.261,0.7965,0.7967,0.30,4.00
2008.03.03 09:13:38.284,0.79641,0.79656,0.30,0.20
2008.03.03 09:13:38.585,0.7965,0.7967,0.30,4.00
2008.03.03 09:13:38.620,0.79638,0.79653,2.40,2.40
2008.03.03 09:13:39.003,0.79638,0.79653,4.00,0.20
2008.03.03 09:13:39.026,0.7965,0.7967,0.30,4.00
2008.03.03 09:13:39.271,0.79637,0.79652,4.00,0.40
2008.03.03 09:13:39.374,0.7965,0.7967,0.30,4.00
2008.03.03 09:13:39.612,0.79639,0.79654,2.40,2.40
2008.03.03 09:13:39.709,0.7965,0.7967,0.30,4.00
2008.03.03 09:13:39.920,0.79642,0.79657,0.60,0.20
2008.03.03 09:13:40.044,0.7966,0.7968,0.30,4.10
2008.03.03 09:13:40.255,0.79643,0.79658,1.00,0.20
2008.03.03 09:13:40.271,0.7966,0.7968,0.30,4.00
2008.03.03 09:13:40.500,0.7966,0.7968,0.30,4.00
2008.03.03 09:13:40.598,0.79643,0.79658,0.30,0.20
2008.03.03 09:13:40.780,0.7966,0.7968,0.30,4.00
2008.03.03 09:13:40.956,0.79643,0.79658,4.00,0.20
2008.03.03 09:13:41.009,0.7966,0.7968,0.30,4.00
2008.03.03 09:13:41.260,0.79644,0.79659,0.30,0.20
2008.03.03 09:13:41.334,0.7966,0.7968,0.30,4.00
2008.03.03 09:13:41.553,0.79644,0.79659,0.30,0.20
2008.03.03 09:13:41.628,0.7966,0.7968,0.30,4.00
2008.03.03 09:13:41.791,0.79643,0.79658,0.30,0.20
2008.03.03 09:13:41.923,0.7966,0.7968,0.30,4.00
2008.03.03 09:13:42.110,0.79641,0.79656,0.30,0.20
2008.03.03 09:13:42.315,0.7966,0.7968,0.30,4.00
2008.03.03 09:13:42.458,0.79641,0.79656,0.30,0.20
2008.03.03 09:13:42.572,0.7966,0.7968,0.30,4.00
2008.03.03 09:13:42.793,0.79641,0.79656,0.30,0.20
2008.03.03 09:13:42.867,0.7966,0.7968,0.30,4.00
2008.03.03 09:13:43.122,0.7966,0.7968,0.30,4.00
2008.03.03 09:13:43.222,0.79644,0.79659,0.30,0.20
2008.03.03 09:13:43.407,0.7966,0.7968,0.30,4.00
2008.03.03 09:13:43.550,0.79645,0.7966,0.30,0.40
2008.03.03 09:13:43.752,0.7966,0.7968,0.30,4.00
2008.03.03 09:13:43.882,0.79646,0.79661,0.30,0.20
2008.03.03 09:13:44.011,0.7966,0.7968,0.30,4.00
2008.03.03 09:13:44.223,0.79643,0.79658,0.30,0.40
2008.03.03 09:13:44.295,0.7966,0.7968,0.30,4.00
2008.03.03 09:13:44.559,0.79643,0.79658,0.30,0.80
2008.03.03 09:13:44.734,0.7966,0.7968,0.30,4.00
2008.03.03 09:13:44.876,0.79641,0.79656,0.30,0.80
2008.03.03 09:13:45.194,0.7966,0.7968,0.30,4.00
2008.03.03 09:13:45.201,0.79638,0.79653,4.00,0.20
2008.03.03 09:13:45.508,0.7966,0.7968,0.30,4.00
2008.03.03 09:13:45.573,0.79638,0.79653,4.00,0.20
2008.03.03 09:13:45.759,0.7966,0.7968,0.30,4.00
2008.03.03 09:13:45.862,0.7964,0.79655,0.30,4.00
2008.03.03 09:13:46.052,0.7966,0.7968,0.30,4.00
2008.03.03 09:13:46.204,0.79642,0.79657,0.30,0.70
2008.03.03 09:13:46.281,0.7966,0.7968,0.30,4.00
2008.03.03 09:13:46.534,0.79644,0.79659,0.30,4.00
2008.03.03 09:13:46.608,0.7966,0.7968,0.30,4.00
2008.03.03 09:13:46.855,0.79644,0.79659,0.30,0.20
2008.03.03 09:13:46.947,0.7966,0.7968,0.30,4.00
2008.03.03 09:13:47.164,0.79643,0.79658,0.30,4.00
2008.03.03 09:13:47.270,0.7966,0.7968,0.30,4.00
2008.03.03 09:13:47.499,0.7964,0.79655,0.30,0.20
2008.03.03 09:13:47.601,0.7966,0.7968,0.30,4.00
2008.03.03 09:13:47.931,0.7966,0.7968,0.30,4.00
2008.03.03 09:13:47.958,0.79638,0.79653,0.30,0.20
2008.03.03 09:13:48.197,0.7966,0.7968,0.30,4.00
2008.03.03 09:13:48.374,0.79639,0.79654,2.80,2.70
2008.03.03 09:13:48.472,0.7966,0.7968,0.30,4.00
2008.03.03 09:13:48.698,0.79641,0.79656,0.30,0.20
2008.03.03 09:13:48.794,0.7966,0.7968,0.30,4.00
2008.03.03 09:13:48.956,0.79644,0.79659,2.60,2.70
2008.03.03 09:13:49.139,0.7966,0.7968,0.30,4.00
2008.03.03 09:13:49.271,0.79645,0.7966,2.80,2.70
2008.03.03 09:13:49.473,0.7966,0.7968,0.30,4.00
2008.03.03 09:13:49.611,0.79646,0.79661,9.60,2.40
2008.03.03 09:13:49.915,0.7966,0.7968,0.30,4.00
2008.03.03 09:13:49.939,0.79643,0.79658,0.30,0.20
2008.03.03 09:13:50.330,0.79642,0.79657,2.40,2.40
2008.03.03 09:13:50.351,0.7966,0.7968,0.30,4.00
2008.03.03 09:13:50.555,0.7966,0.7968,0.30,4.00
2008.03.03 09:13:50.582,0.79641,0.79656,2.40,2.40
2008.03.03 09:13:50.785,0.7966,0.7968,0.30,4.00
2008.03.03 09:13:50.914,0.79641,0.79656,0.30,0.20
2008.03.03 09:13:50.993,0.7966,0.7968,0.30,4.00
2008.03.03 09:13:51.144,0.79641,0.79656,8.00,0.20
2008.03.03 09:13:51.231,0.7966,0.7968,0.30,4.00
2008.03.03 09:13:51.460,0.79643,0.79658,4.00,0.20
2008.03.03 09:13:51.554,0.7966,0.7968,0.30,4.00
2008.03.03 09:13:51.892,0.7966,0.7968,0.30,4.00
2008.03.03 09:13:51.920,0.79643,0.79658,0.70,4.00
2008.03.03 09:13:52.191,0.79643,0.79658,0.50,0.60
2008.03.03 09:13:52.257,0.79642,0.79657,2.90,2.40
2008.03.03 09:13:52.318,0.7966,0.7968,0.30,4.00
2008.03.03 09:13:52.583,0.7964,0.79655,2.40,2.40
2008.03.03 09:13:52.654,0.7966,0.7968,0.30,4.00
2008.03.03 09:13:52.906,0.79638,0.79653,0.30,4.00
2008.03.03 09:13:52.987,0.7966,0.7968,0.30,4.00
2008.03.03 09:13:53.219,0.7966,0.7968,0.30,4.00
2008.03.03 09:13:53.242,0.79636,0.79651,0.30,4.00
2008.03.03 09:13:53.541,0.7966,0.7968,0.30,4.00
2008.03.03 09:13:53.566,0.79637,0.79652,4.80,0.20
2008.03.03 09:13:53.891,0.79638,0.79653,0.30,0.20
2008.03.03 09:13:53.966,0.7966,0.7968,0.30,4.00
2008.03.03 09:13:54.226,0.79638,0.79653,0.30,0.20
2008.03.03 09:13:54.412,0.7966,0.7968,0.30,4.00
2008.03.03 09:13:54.667,0.79639,0.79654,0.30,0.40
2008.03.03 09:13:54.748,0.7966,0.7968,0.30,4.00
2008.03.03 09:13:54.996,0.79642,0.79657,0.30,4.00
2008.03.03 09:13:55.089,0.7966,0.7968,0.30,4.00
2008.03.03 09:13:55.309,0.79644,0.79659,2.80,4.00
2008.03.03 09:13:55.403,0.7966,0.7968,0.30,4.00
2008.03.03 09:13:55.657,0.79645,0.7966,2.80,0.40
2008.03.03 09:13:55.733,0.7966,0.7968,0.30,4.00
2008.03.03 09:13:55.973,0.79644,0.79659,0.30,0.20
2008.03.03 09:13:56.052,0.7966,0.7968,0.30,4.00
2008.03.03 09:13:56.193,0.79646,0.79661,0.30,0.20
2008.03.03 09:13:56.399,0.7966,0.7968,0.30,4.00
2008.03.03 09:13:56.413,0.79646,0.79661,6.40,0.40
2008.03.03 09:13:56.726,0.7966,0.7968,0.30,4.00
2008.03.03 09:13:56.857,0.79645,0.7966,0.30,0.40
2008.03.03 09:13:57.059,0.7966,0.7968,0.30,4.00
2008.03.03 09:13:57.194,0.79643,0.79658,0.30,0.20
2008.03.03 09:13:57.381,0.7966,0.7968,0.30,4.00
2008.03.03 09:13:57.640,0.7964,0.79655,0.40,0.20
2008.03.03 09:13:57.714,0.7966,0.7968,0.30,4.00
2008.03.03 09:13:58.050,0.7966,0.7968,0.30,4.00
2008.03.03 09:13:58.077,0.79639,0.79654,0.30,0.20
2008.03.03 09:13:58.379,0.7966,0.7968,0.30,4.00
2008.03.03 09:13:58.515,0.79641,0.79656,0.30,0.20
2008.03.03 09:13:58.742,0.79641,0.79656,0.60,0.20
2008.03.03 09:13:58.807,0.7966,0.7968,0.30,4.00
2008.03.03 09:13:58.959,0.7964,0.79655,2.40,0.20
2008.03.03 09:13:59.149,0.7966,0.7968,0.30,4.00
2008.03.03 09:13:59.275,0.79641,0.79656,0.30,0.10
2008.03.03 09:13:59.481,0.7966,0.7968,0.30,4.00
2008.03.03 09:13:59.507,0.79645,0.7966,0.30,0.20
2008.03.03 09:13:59.719,0.7966,0.7968,0.60,4.00
2008.03.03 09:13:59.943,0.79647,0.79663,0.30,9.60
2008.03.03 09:13:59.958,0.7966,0.7968,0.60,4.00
2008.03.03 09:14:00.000,0.79657,0.79673,0.30,0.20
2008.03.03 09:14:00.197,0.7966,0.7968,0.30,4.00
2008.03.03 09:14:00.236,0.79663,0.79678,0.10,0.20
2008.03.03 09:14:00.455,0.7966,0.7968,0.30,4.00
2008.03.03 09:14:00.461,0.79667,0.79682,1.00,0.20
2008.03.03 09:14:00.904,0.7966,0.7968,0.30,4.00
2008.03.03 09:14:00.905,0.79672,0.79687,0.30,0.20
2008.03.03 09:14:01.237,0.79677,0.79692,4.00,0.40
2008.03.03 09:14:01.333,0.7966,0.7968,0.30,4.00
2008.03.03 09:14:01.671,0.7966,0.7968,0.30,4.00
2008.03.03 09:14:01.680,0.79679,0.79694,0.30,0.20
2008.03.03 09:14:02.011,0.7966,0.7968,0.30,4.00
2008.03.03 09:14:02.014,0.7968,0.79695,0.30,0.50
2008.03.03 09:14:02.328,0.7966,0.7968,0.30,4.00
2008.03.03 09:14:02.456,0.79681,0.79696,0.30,0.40
2008.03.03 09:14:02.553,0.7966,0.7968,0.30,4.00
2008.03.03 09:14:02.778,0.7968,0.79695,0.30,0.20
2008.03.03 09:14:02.892,0.7966,0.7968,0.30,4.00
2008.03.03 09:14:03.101,0.79681,0.79696,2.40,0.20
2008.03.03 09:14:03.215,0.7966,0.7968,0.30,4.00
2008.03.03 09:14:03.435,0.79679,0.79694,0.30,0.20
2008.03.03 09:14:03.543,0.7966,0.7968,0.30,4.00
2008.03.03 09:14:03.711,0.79675,0.7969,2.40,2.40
2008.03.03 09:14:03.979,0.7966,0.7968,0.30,4.00
2008.03.03 09:14:04.426,0.7966,0.7968,0.30,4.00
2008.03.03 09:14:04.875,0.7966,0.7968,0.30,4.00
2008.03.03 09:14:05.081,0.7966,0.7968,0.30,4.00
2008.03.03 09:14:05.427,0.7966,0.7968,0.30,4.00
2008.03.03 09:14:05.529,0.79673,0.79688,2.60,2.50
2008.03.03 09:14:05.754,0.7966,0.7968,0.30,4.00
2008.03.03 09:14:06.076,0.7966,0.7968,0.30,4.00
2008.03.03 09:14:06.427,0.7966,0.7968,0.30,4.00
2008.03.03 09:14:06.728,0.7966,0.7968,0.30,4.00
2008.03.03 09:14:07.069,0.7966,0.7968,0.30,4.00
2008.03.03 09:14:07.380,0.7966,0.7968,0.30,4.00
2008.03.03 09:14:07.631,0.79664,0.79699,1.80,2.50
2008.03.03 09:14:07.728,0.7966,0.7968,0.30,4.00
2008.03.03 09:14:07.947,0.79664,0.79699,1.80,2.50
2008.03.03 09:14:08.047,0.7966,0.7968,0.30,4.00
2008.03.03 09:14:08.285,0.79665,0.797,0.30,0.20
2008.03.03 09:14:08.397,0.7966,0.7968,0.30,4.00
2008.03.03 09:14:08.618,0.79665,0.797,0.30,0.20
2008.03.03 09:14:08.708,0.7966,0.7968,0.30,4.00
2008.03.03 09:14:08.928,0.79664,0.79699,0.30,0.20
2008.03.03 09:14:09.151,0.7966,0.7968,0.30,4.00
2008.03.03 09:14:09.272,0.79664,0.79699,0.30,4.00
2008.03.03 09:14:09.487,0.7966,0.7968,0.30,4.00
2008.03.03 09:14:09.591,0.79665,0.797,2.40,0.20
2008.03.03 09:14:09.935,0.79665,0.797,0.30,0.20
2008.03.03 09:14:09.941,0.7966,0.7968,0.30,4.00
2008.03.03 09:14:10.250,0.79664,0.79699,2.40,5.60
2008.03.03 09:14:10.257,0.7966,0.7968,0.30,4.00
2008.03.03 09:14:10.485,0.7966,0.7968,0.30,4.00
2008.03.03 09:14:10.697,0.79664,0.79699,4.00,0.30
2008.03.03 09:14:10.792,0.7966,0.7968,0.30,4.00
2008.03.03 09:14:11.119,0.7966,0.7968,0.30,4.00
2008.03.03 09:14:11.145,0.79665,0.797,0.60,0.40
2008.03.03 09:14:11.454,0.7966,0.7968,0.30,4.00
2008.03.03 09:14:11.467,0.79667,0.79702,2.40,0.50
2008.03.03 09:14:11.781,0.7966,0.7968,0.30,4.00
2008.03.03 09:14:11.803,0.7967,0.79705,0.30,4.00
2008.03.03 09:14:12.129,0.79671,0.79706,8.00,0.20
2008.03.03 09:14:12.439,0.79672,0.79707,2.40,0.05
2008.03.03 09:14:12.440,0.7966,0.7968,0.30,4.00
2008.03.03 09:14:12.688,0.7966,0.7968,0.30,4.00
2008.03.03 09:14:12.790,0.79671,0.79706,0.30,0.20
2008.03.03 09:14:12.991,0.7966,0.7968,0.30,4.00
2008.03.03 09:14:13.120,0.7967,0.79705,0.10,0.20
2008.03.03 09:14:13.349,0.7966,0.7968,0.30,4.00
2008.03.03 09:14:13.452,0.79668,0.79703,0.30,4.00
2008.03.03 09:14:13.677,0.7966,0.7968,0.30,4.00
2008.03.03 09:14:13.796,0.7967,0.79705,2.40,0.40
2008.03.03 09:14:14.102,0.7966,0.7968,0.30,4.00
2008.03.03 09:14:14.104,0.7967,0.79705,0.60,0.20
2008.03.03 09:14:14.428,0.79668,0.79703,4.00,0.20
2008.03.03 09:14:14.528,0.7966,0.7968,0.30,4.00
2008.03.03 09:14:14.663,0.79667,0.79702,0.60,0.40
2008.03.03 09:14:14.874,0.7966,0.7968,0.30,4.00
2008.03.03 09:14:14.882,0.79667,0.79702,0.30,0.20
2008.03.03 09:14:15.204,0.79667,0.79702,0.30,0.20
2008.03.03 09:14:15.206,0.7966,0.7968,0.30,4.00
2008.03.03 09:14:15.542,0.7966,0.7968,0.30,4.00
2008.03.03 09:14:15.550,0.79667,0.79702,0.30,0.40
2008.03.03 09:14:15.854,0.7966,0.7968,0.30,4.00
2008.03.03 09:14:15.981,0.79668,0.79703,2.60,2.70
2008.03.03 09:14:16.190,0.7966,0.7968,0.30,4.00
2008.03.03 09:14:16.418,0.79668,0.79703,0.20,2.40
2008.03.03 09:14:16.507,0.7966,0.7968,0.30,4.00
2008.03.03 09:14:16.751,0.79667,0.79702,0.30,0.20
2008.03.03 09:14:16.855,0.7966,0.7968,0.30,4.00
2008.03.03 09:14:17.088,0.79665,0.797,2.60,2.50
2008.03.03 09:14:17.173,0.7966,0.7968,0.30,4.00
2008.03.03 09:14:17.396,0.79664,0.79699,0.30,0.20
2008.03.03 09:14:17.507,0.7966,0.7968,0.30,4.00
2008.03.03 09:14:17.633,0.79663,0.79698,0.30,4.00
2008.03.03 09:14:17.836,0.7966,0.7968,0.30,4.00
2008.03.03 09:14:17.951,0.79663,0.79698,2.40,0.20
2008.03.03 09:14:18.171,0.7966,0.7968,0.30,4.00
2008.03.03 09:14:18.189,0.79661,0.79696,1.00,0.20
2008.03.03 09:14:18.508,0.79663,0.79698,2.80,0.70
2008.03.03 09:14:18.518,0.7966,0.7968,0.30,4.00
2008.03.03 09:14:18.821,0.7966,0.7968,0.30,4.00
2008.03.03 09:14:18.943,0.79663,0.79698,2.40,2.40
2008.03.03 09:14:19.161,0.7966,0.7968,0.30,4.00
2008.03.03 09:14:19.355,0.79663,0.79698,0.30,0.20
2008.03.03 09:14:19.598,0.7966,0.7968,0.30,4.00
2008.03.03 09:14:19.617,0.79664,0.79699,8.00,0.20
2008.03.03 09:14:19.826,0.79665,0.797,0.30,3.20
2008.03.03 09:14:20.038,0.7966,0.7968,0.30,4.00
2008.03.03 09:14:20.069,0.79665,0.797,8.20,0.20
2008.03.03 09:14:20.272,0.79664,0.79699,0.70,4.00
2008.03.03 09:14:20.282,0.7966,0.7968,0.30,4.00
2008.03.03 09:14:20.484,0.79665,0.797,2.40,2.40
2008.03.03 09:14:20.599,0.7966,0.7968,0.30,4.00
2008.03.03 09:14:20.808,0.7966,0.7968,0.30,4.00
2008.03.03 09:14:20.929,0.79665,0.797,4.80,0.20
2008.03.03 09:14:21.146,0.7966,0.7968,0.30,4.00
2008.03.03 09:14:21.367,0.79666,0.79701,0.30,0.40
2008.03.03 09:14:21.472,0.7966,0.7968,0.30,4.00
2008.03.03 09:14:21.699,0.79667,0.79702,5.60,2.50
2008.03.03 09:14:21.806,0.7966,0.7968,0.30,4.00
2008.03.03 09:14:22.014,0.79667,0.79702,9.60,0.20
2008.03.03 09:14:22.116,0.7966,0.7968,0.30,4.00
2008.03.03 09:14:22.351,0.79665,0.797,4.00,0.20
2008.03.03 09:14:22.464,0.7966,0.7968,0.30,4.00
2008.03.03 09:14:22.698,0.79665,0.797,0.60,0.20
2008.03.03 09:14:22.782,0.7966,0.7968,0.30,4.00
2008.03.03 09:14:23.112,0.7966,0.7968,0.30,4.00
2008.03.03 09:14:23.129,0.79664,0.79699,0.30,0.20
2008.03.03 09:14:23.441,0.7966,0.7968,0.30,4.00
2008.03.03 09:14:23.525,0.79664,0.79699,8.00,8.00
2008.03.03 09:14:23.672,0.79665,0.797,0.30,4.00
2008.03.03 09:14:23.803,0.7966,0.7968,0.30,4.00
2008.03.03 09:14:23.905,0.79667,0.79702,0.30,2.50
2008.03.03 09:14:24.106,0.79664,0.79699,0.30,0.20
2008.03.03 09:14:24.217,0.7966,0.7968,0.30,4.00
2008.03.03 09:14:24.330,0.79663,0.79698,9.60,0.20
2008.03.03 09:14:24.495,0.79663,0.79698,9.60,1.70
2008.03.03 09:14:24.622,0.79664,0.79699,4.20,2.40
2008.03.03 09:14:24.662,0.7966,0.7968,0.30,4.00
2008.03.03 09:14:25.107,0.7966,0.7968,0.30,4.00
2008.03.03 09:14:25.433,0.7966,0.7968,0.30,4.00
2008.03.03 09:14:25.765,0.7966,0.7968,0.30,4.00
2008.03.03 09:14:26.086,0.7966,0.7968,0.30,4.00
2008.03.03 09:14:26.414,0.7966,0.7968,0.30,4.00
2008.03.03 09:14:26.651,0.79664,0.79699,9.60,4.70
2008.03.03 09:14:26.739,0.7966,0.7968,0.30,4.00
2008.03.03 09:14:26.981,0.79665,0.797,0.30,1.70
2008.03.03 09:14:27.082,0.7966,0.7968,0.30,4.00
2008.03.03 09:14:27.308,0.79665,0.797,0.10,0.20
2008.03.03 09:14:27.410,0.7966,0.7968,0.30,4.00
2008.03.03 09:14:27.636,0.79666,0.79701,8.00,0.20
2008.03.03 09:14:27.679,0.7966,0.7968,0.60,4.00
2008.03.03 09:14:27.959,0.7966,0.7968,0.60,4.00
2008.03.03 09:14:27.969,0.79668,0.79703,0.60,0.20
2008.03.03 09:14:28.263,0.7966,0.7968,0.60,4.00
2008.03.03 09:14:28.289,0.79669,0.79704,0.60,4.00
2008.03.03 09:14:28.619,0.7966,0.7968,0.60,4.00
2008.03.03 09:14:28.632,0.7967,0.79705,2.40,2.40
2008.03.03 09:14:28.939,0.7966,0.7968,0.60,4.00
2008.03.03 09:14:28.948,0.79668,0.79703,4.00,0.20
2008.03.03 09:14:29.336,0.79668,0.79703,0.30,4.00
2008.03.03 09:14:29.392,0.7966,0.7968,0.60,4.00
2008.03.03 09:14:29.576,0.79668,0.79703,1.80,0.20
2008.03.03 09:14:29.827,0.79667,0.79702,2.60,2.50
2008.03.03 09:14:29.830,0.7966,0.7968,0.60,4.00
2008.03.03 09:14:30.151,0.79665,0.797,13.80,0.50
2008.03.03 09:14:30.165,0.7966,0.7968,0.60,4.00
2008.03.03 09:14:30.380,0.79662,0.79702,4.00,0.20
2008.03.03 09:14:30.500,0.7966,0.7968,0.60,4.00
2008.03.03 09:14:30.716,0.79661,0.79706,0.30,4.00
2008.03.03 09:14:30.813,0.7966,0.7968,0.60,4.00
2008.03.03 09:14:31.141,0.7966,0.7968,0.60,4.00
2008.03.03 09:14:31.154,0.79662,0.79707,0.30,0.20
2008.03.03 09:14:31.468,0.7966,0.7968,0.60,4.00
2008.03.03 09:14:31.596,0.79661,0.79706,0.30,0.20
2008.03.03 09:14:31.812,0.7966,0.7968,0.60,4.00
2008.03.03 09:14:32.023,0.7966,0.79705,0.30,0.20
2008.03.03 09:14:32.137,0.7966,0.7968,0.60,4.00
2008.03.03 09:14:32.360,0.79659,0.79704,2.40,2.40
2008.03.03 09:14:32.458,0.7966,0.7968,0.60,4.00
2008.03.03 09:14:32.686,0.79659,0.79704,2.40,2.40
2008.03.03 09:14:32.803,0.7966,0.7968,0.60,4.00
2008.03.03 09:14:32.915,0.79659,0.79704,0.30,4.00
2008.03.03 09:14:33.069,0.7966,0.7968,0.60,4.00
2008.03.03 09:14:33.240,0.79659,0.79704,4.00,0.20
2008.03.03 09:14:33.364,0.7967,0.7969,0.30,4.00
2008.03.03 09:14:33.577,0.79658,0.79703,0.30,0.20
2008.03.03 09:14:33.680,0.7967,0.7969,0.30,4.00
2008.03.03 09:14:34.009,0.7967,0.7969,0.30,4.00
2008.03.03 09:14:34.013,0.79657,0.79702,2.40,0.30
2008.03.03 09:14:34.344,0.7967,0.7969,0.30,4.00
2008.03.03 09:14:34.449,0.79658,0.79703,4.00,0.20
2008.03.03 09:14:34.708,0.7967,0.7969,0.30,4.00
2008.03.03 09:14:34.777,0.79659,0.79704,2.40,4.00
2008.03.03 09:14:35.041,0.7966,0.79705,0.30,0.20
2008.03.03 09:14:35.061,0.7967,0.7969,0.30,4.00
2008.03.03 09:14:35.259,0.79661,0.79706,0.30,0.20
2008.03.03 09:14:35.330,0.7967,0.7969,0.30,4.00
2008.03.03 09:14:35.536,0.79661,0.79706,2.40,0.20
2008.03.03 09:14:35.653,0.7967,0.7969,0.30,4.00
2008.03.03 09:14:35.890,0.79662,0.79707,0.60,0.40
2008.03.03 09:14:35.985,0.7967,0.7969,0.30,4.00
2008.03.03 09:14:36.224,0.7967,0.7969,0.30,4.00
2008.03.03 09:14:36.320,0.79661,0.79706,4.00,0.20
2008.03.03 09:14:36.545,0.7967,0.7969,0.30,4.00
2008.03.03 09:14:36.769,0.79661,0.79706,0.30,6.40
2008.03.03 09:14:36.867,0.7967,0.7969,0.30,4.00
2008.03.03 09:14:37.103,0.79663,0.79703,0.60,4.00
2008.03.03 09:14:37.185,0.7967,0.7969,0.30,4.00
2008.03.03 09:14:37.519,0.79662,0.79702,2.40,0.20
2008.03.03 09:14:37.531,0.7967,0.7969,0.30,4.00
2008.03.03 09:14:37.752,0.79658,0.79703,0.30,0.20
2008.03.03 09:14:37.854,0.7967,0.7969,0.30,4.00
2008.03.03 09:14:38.092,0.79657,0.79702,2.60,2.50
2008.03.03 09:14:38.193,0.7967,0.7969,0.30,4.00
2008.03.03 09:14:38.327,0.79658,0.79703,0.60,2.40
2008.03.03 09:14:38.525,0.7967,0.7969,0.30,4.00
2008.03.03 09:14:38.645,0.79658,0.79703,0.20,0.20
2008.03.03 09:14:38.847,0.7967,0.7969,0.30,4.00
2008.03.03 09:14:38.995,0.79658,0.79703,0.30,0.20
2008.03.03 09:14:39.201,0.7967,0.7969,0.30,4.00
2008.03.03 09:14:39.314,0.79659,0.79704,0.30,4.00
2008.03.03 09:14:39.605,0.7967,0.7969,0.30,4.00
2008.03.03 09:14:39.633,0.79658,0.79703,0.30,0.20
2008.03.03 09:14:39.852,0.79658,0.79703,0.20,0.20
2008.03.03 09:14:39.954,0.7967,0.7969,0.30,4.00
2008.03.03 09:14:40.075,0.79654,0.79709,0.30,0.20
2008.03.03 09:14:40.390,0.79654,0.79709,2.60,2.50
2008.03.03 09:14:40.401,0.7967,0.7969,0.30,4.00
2008.03.03 09:14:40.711,0.7967,0.7969,0.30,4.00
2008.03.03 09:14:40.829,0.79655,0.7971,2.60,2.50
2008.03.03 09:14:41.050,0.7967,0.7969,0.30,4.00
2008.03.03 09:14:41.266,0.79655,0.7971,2.80,4.00
2008.03.03 09:14:41.362,0.7967,0.7969,0.30,4.00
2008.03.03 09:14:41.599,0.79655,0.7971,0.30,0.20
2008.03.03 09:14:41.655,0.7967,0.7969,0.30,4.00
2008.03.03 09:14:41.919,0.79655,0.7971,2.40,2.40
2008.03.03 09:14:41.950,0.7967,0.7969,0.30,4.00
2008.03.03 09:14:42.262,0.79654,0.79709,4.00,0.20
2008.03.03 09:14:42.269,0.7967,0.7969,0.30,4.00
2008.03.03 09:14:42.590,0.7967,0.7969,0.30,4.00
2008.03.03 09:14:42.594,0.79654,0.79709,2.00,0.10
2008.03.03 09:14:42.879,0.79654,0.79709,0.50,0.20
2008.03.03 09:14:42.940,0.7967,0.7969,0.30,4.00
2008.03.03 09:14:43.142,0.79655,0.7971,0.30,0.20
2008.03.03 09:14:43.261,0.7967,0.7969,0.30,4.00
2008.03.03 09:14:43.500,0.79656,0.79711,4.00,0.20
2008.03.03 09:14:43.582,0.7967,0.7969,0.30,4.00
2008.03.03 09:14:43.794,0.79656,0.79711,4.00,0.20
2008.03.03 09:14:43.917,0.7967,0.7969,0.30,4.00
2008.03.03 09:14:44.121,0.79656,0.79711,0.30,4.00
2008.03.03 09:14:44.247,0.7967,0.7969,0.30,4.00
2008.03.03 09:14:44.464,0.79655,0.7971,0.30,4.00
2008.03.03 09:14:44.673,0.7967,0.7969,0.30,4.00
2008.03.03 09:14:44.799,0.79655,0.7971,2.40,2.40
2008.03.03 09:14:45.018,0.7967,0.7969,0.30,4.00
2008.03.03 09:14:45.128,0.79656,0.79711,2.40,4.00
2008.03.03 09:14:45.446,0.79655,0.7971,0.30,0.20
2008.03.03 09:14:45.461,0.7967,0.7969,0.30,4.00
2008.03.03 09:14:45.681,0.7967,0.7969,0.30,4.00
2008.03.03 09:14:45.753,0.79654,0.79709,2.80,0.70
2008.03.03 09:14:46.012,0.7967,0.7969,0.30,4.00
2008.03.03 09:14:46.090,0.79654,0.79709,0.60,8.90
2008.03.03 09:14:46.338,0.7967,0.7969,0.30,4.00
2008.03.03 09:14:46.423,0.79655,0.7971,0.60,0.20
2008.03.03 09:14:46.669,0.7967,0.7969,0.30,4.00
2008.03.03 09:14:46.757,0.79656,0.79711,4.00,0.60
2008.03.03 09:14:46.983,0.7967,0.7969,0.30,4.00
2008.03.03 09:14:47.031,0.79655,0.7971,0.30,0.20
2008.03.03 09:14:47.304,0.7966,0.79705,2.80,2.50
2008.03.03 09:14:47.347,0.7967,0.7969,0.30,4.00
2008.03.03 09:14:47.587,0.79661,0.79706,8.00,0.20
2008.03.03 09:14:47.651,0.7967,0.7969,0.30,4.00
2008.03.03 09:14:47.826,0.79659,0.79704,0.30,0.20
2008.03.03 09:14:47.970,0.7967,0.7969,0.30,4.00
2008.03.03 09:14:48.083,0.79653,0.79708,0.80,0.20
2008.03.03 09:14:48.306,0.7967,0.7969,0.30,4.00
2008.03.03 09:14:48.322,0.79658,0.79703,0.60,0.20
2008.03.03 09:14:48.561,0.79674,0.79684,0.30,4.00
2008.03.03 09:14:48.630,0.7967,0.7969,0.30,4.00
2008.03.03 09:14:48.880,0.79676,0.79686,4.00,0.20
2008.03.03 09:14:48.975,0.7967,0.7969,0.30,4.00
2008.03.03 09:14:49.202,0.79672,0.79692,1.60,2.40
2008.03.03 09:14:49.291,0.7967,0.7969,0.30,4.00
2008.03.03 09:14:49.521,0.79673,0.79698,2.40,2.40
2008.03.03 09:14:49.640,0.7967,0.7969,0.30,4.00
2008.03.03 09:14:49.844,0.79674,0.79699,0.30,0.20
2008.03.03 09:14:50.072,0.7967,0.7969,0.30,4.00
2008.03.03 09:14:50.190,0.79675,0.797,2.40,0.20
2008.03.03 09:14:50.510,0.79677,0.79702,4.00,0.20
2008.03.03 09:14:50.519,0.7967,0.7969,0.30,4.00
2008.03.03 09:14:50.838,0.7967,0.7969,0.30,4.00
2008.03.03 09:14:50.845,0.79675,0.797,0.30,4.00
2008.03.03 09:14:51.068,0.7967,0.7969,0.30,4.00
2008.03.03 09:14:51.180,0.79672,0.79697,0.30,0.40
2008.03.03 09:14:51.288,0.7967,0.7969,0.30,4.00
2008.03.03 09:14:51.505,0.7967,0.7969,0.30,4.00
2008.03.03 09:14:51.601,0.79671,0.79696,2.60,2.50
2008.03.03 09:14:51.945,0.79673,0.79698,0.30,4.00
2008.03.03 09:14:51.949,0.7967,0.7969,0.30,4.00
2008.03.03 09:14:52.278,0.79675,0.797,0.30,0.20
2008.03.03 09:14:52.407,0.7967,0.7969,0.30,4.00
2008.03.03 09:14:52.596,0.79678,0.79703,2.60,8.10
2008.03.03 09:14:52.705,0.7967,0.7969,0.30,4.00
2008.03.03 09:14:52.865,0.79678,0.79703,0.40,0.20
2008.03.03 09:14:53.039,0.7967,0.7969,0.30,4.00
2008.03.03 09:14:53.161,0.79676,0.79701,1.80,0.50
2008.03.03 09:14:53.266,0.7967,0.7969,0.30,4.00
2008.03.03 09:14:53.454,0.79674,0.79699,0.30,0.20
2008.03.03 09:14:53.582,0.7967,0.7969,0.30,4.00
2008.03.03 09:14:53.748,0.79671,0.79696,8.20,2.40
2008.03.03 09:14:53.919,0.7967,0.7969,0.30,4.00
2008.03.03 09:14:54.027,0.7967,0.79695,0.30,4.00
2008.03.03 09:14:54.253,0.7967,0.797,0.60,4.10
2008.03.03 09:14:54.346,0.79671,0.79696,13.60,0.20
2008.03.03 09:14:54.587,0.7967,0.7969,0.60,4.00
2008.03.03 09:14:54.689,0.79672,0.79697,0.30,0.20
2008.03.03 09:14:54.802,0.7967,0.7969,0.60,4.00
2008.03.03 09:14:55.015,0.7967,0.7969,0.60,4.00
2008.03.03 09:14:55.030,0.7967,0.79695,0.30,0.20
2008.03.03 09:14:55.229,0.79675,0.797,0.30,4.10
2008.03.03 09:14:55.352,0.7967,0.79695,2.60,2.50
2008.03.03 09:14:55.462,0.7967,0.797,0.60,4.10
2008.03.03 09:14:55.678,0.79671,0.79696,0.10,0.20
2008.03.03 09:14:55.805,0.7967,0.797,0.60,4.10
2008.03.03 09:14:56.010,0.79672,0.79697,0.60,0.20
2008.03.03 09:14:56.126,0.7967,0.797,0.60,4.10
2008.03.03 09:14:56.443,0.79672,0.79697,4.00,0.20
2008.03.03 09:14:56.469,0.7967,0.797,2.00,4.10
2008.03.03 09:14:56.793,0.797,0.7973,0.60,4.00
2008.03.03 09:14:56.881,0.7967,0.79695,0.30,0.30
2008.03.03 09:14:57.017,0.797,0.7973,0.60,4.00
2008.03.03 09:14:57.208,0.79669,0.79694,0.30,0.20
2008.03.03 09:14:57.240,0.797,0.7972,0.60,4.00
2008.03.03 09:14:57.464,0.797,0.7972,0.60,4.00
2008.03.03 09:14:57.651,0.79665,0.7969,4.00,0.80
2008.03.03 09:14:57.701,0.797,0.7972,0.60,4.00
2008.03.03 09:14:57.996,0.79664,0.79689,0.30,0.20
2008.03.03 09:14:58.045,0.797,0.7972,0.60,4.00
2008.03.03 09:14:58.307,0.79664,0.79689,4.00,0.20
2008.03.03 09:14:58.380,0.797,0.7972,0.60,4.00
2008.03.03 09:14:58.641,0.79665,0.7969,0.30,0.20
2008.03.03 09:14:58.758,0.797,0.7972,0.60,4.00
2008.03.03 09:14:58.979,0.79667,0.79692,0.30,0.20
2008.03.03 09:14:59.094,0.797,0.7972,0.60,4.00
2008.03.03 09:14:59.309,0.79676,0.79701,0.30,0.20
2008.03.03 09:14:59.535,0.797,0.7972,0.60,4.00
2008.03.03 09:14:59.624,0.79681,0.79706,4.00,0.20
2008.03.03 09:14:59.860,0.797,0.7972,0.60,4.00
2008.03.03 09:15:00.109,0.79693,0.79718,0.60,4.00
2008.03.03 09:15:00.182,0.797,0.7972,0.60,4.00
2008.03.03 09:15:00.419,0.79697,0.79722,8.00,0.20
2008.03.03 09:15:00.523,0.797,0.7972,0.60,4.00
2008.03.03 09:15:00.752,0.79705,0.7973,0.30,4.10
2008.03.03 09:15:00.766,0.79701,0.79726,1.60,2.40
2008.03.03 09:15:01.037,0.79705,0.7973,0.30,4.10
2008.03.03 09:15:01.094,0.79705,0.7973,0.30,0.20
2008.03.03 09:15:01.389,0.79705,0.7973,0.30,4.10
2008.03.03 09:15:01.422,0.79709,0.79734,2.60,2.70
2008.03.03 09:15:01.734,0.79705,0.7973,0.30,4.10
2008.03.03 09:15:01.781,0.79712,0.79737,0.30,0.10
2008.03.03 09:15:01.988,0.79705,0.7973,0.30,4.10
2008.03.03 09:15:02.101,0.79711,0.79736,8.00,2.40
2008.03.03 09:15:02.243,0.7971,0.79755,0.60,2.40
2008.03.03 09:15:02.418,0.79711,0.79736,0.30,4.00
2008.03.03 09:15:02.497,0.7971,0.79755,0.60,2.40
2008.03.03 09:15:02.718,0.79709,0.79734,7.20,0.20
2008.03.03 09:15:02.752,0.79715,0.7975,0.30,6.40
2008.03.03 09:15:02.942,0.79712,0.79737,0.30,0.20
2008.03.03 09:15:03.046,0.79715,0.7977,0.30,2.70
2008.03.03 09:15:03.166,0.79711,0.79741,0.30,0.20
2008.03.03 09:15:03.342,0.7971,0.7975,0.30,2.40
2008.03.03 09:15:03.390,0.79712,0.79742,2.40,2.40
2008.03.03 09:15:03.636,0.7971,0.7975,0.30,2.40
2008.03.03 09:15:03.833,0.79712,0.79742,0.80,4.00
2008.03.03 09:15:03.970,0.7971,0.7975,0.60,2.40
2008.03.03 09:15:04.168,0.79711,0.79741,1.00,9.60
2008.03.03 09:15:04.305,0.7971,0.7975,0.60,2.40
2008.03.03 09:15:04.605,0.79708,0.79738,0.30,0.20
2008.03.03 09:15:04.686,0.7971,0.7975,0.60,2.40
2008.03.03 09:15:04.820,0.79707,0.79737,6.40,4.00
2008.03.03 09:15:04.925,0.7971,0.7975,0.60,2.40
2008.03.03 09:15:05.040,0.79707,0.79737,0.30,4.00
2008.03.03 09:15:05.251,0.7971,0.7975,0.60,2.40
2008.03.03 09:15:05.366,0.79709,0.79739,0.30,0.20
2008.03.03 09:15:05.587,0.79713,0.79743,0.30,0.40
2008.03.03 09:15:05.589,0.7971,0.7975,0.60,2.40
2008.03.03 09:15:05.897,0.7971,0.7975,0.60,2.40
2008.03.03 09:15:06.030,0.79716,0.79746,0.30,0.20
2008.03.03 09:15:06.227,0.7971,0.7975,0.60,2.40
2008.03.03 09:15:06.371,0.79719,0.79749,0.30,0.20
2008.03.03 09:15:06.560,0.7971,0.7975,0.60,2.40
2008.03.03 09:15:06.702,0.79719,0.79749,2.60,0.20
2008.03.03 09:15:06.906,0.7971,0.7975,0.60,2.40
2008.03.03 09:15:07.031,0.7972,0.7975,2.40,2.40
2008.03.03 09:15:07.232,0.7971,0.7975,0.60,2.40
2008.03.03 09:15:07.349,0.7972,0.7975,0.30,0.20
2008.03.03 09:15:07.540,0.7972,0.7975,4.00,2.40
2008.03.03 09:15:07.669,0.79719,0.79749,4.00,0.20
2008.03.03 09:15:07.816,0.79745,0.7975,1.00,2.40
2008.03.03 09:15:07.914,0.79718,0.79748,4.00,0.20
2008.03.03 09:15:08.117,0.7975,0.7977,2.40,4.00
2008.03.03 09:15:08.243,0.79716,0.79746,0.30,0.20
2008.03.03 09:15:08.383,0.7975,0.7977,2.40,4.00
2008.03.03 09:15:08.570,0.79712,0.79742,0.30,0.20
2008.03.03 09:15:08.667,0.79735,0.7978,2.40,2.40
2008.03.03 09:15:08.867,0.79709,0.79739,0.30,0.20
2008.03.03 09:15:09.001,0.79735,0.7979,2.40,2.50
2008.03.03 09:15:09.156,0.79708,0.79738,0.30,0.20
2008.03.03 09:15:09.335,0.79735,0.7979,2.40,2.50
2008.03.03 09:15:09.444,0.79707,0.79737,0.30,2.40
2008.03.03 09:15:09.760,0.79704,0.79734,2.60,2.40
2008.03.03 09:15:09.762,0.79735,0.7979,2.40,2.50
2008.03.03 09:15:10.085,0.79735,0.7979,2.40,2.50
2008.03.03 09:15:10.099,0.79703,0.79733,0.30,0.70
2008.03.03 09:15:10.304,0.79735,0.7979,2.40,2.50
2008.03.03 09:15:10.426,0.79702,0.79732,0.30,0.20
2008.03.03 09:15:10.522,0.79735,0.7979,2.40,2.50
2008.03.03 09:15:10.747,0.79735,0.7979,2.40,2.50
2008.03.03 09:15:10.869,0.79702,0.79732,0.30,0.40
2008.03.03 09:15:11.070,0.79735,0.7979,2.40,2.50
2008.03.03 09:15:11.306,0.79703,0.79733,0.30,0.20
2008.03.03 09:15:11.513,0.79735,0.7979,2.40,2.50
2008.03.03 09:15:11.656,0.79703,0.79733,0.30,0.20
2008.03.03 09:15:11.837,0.79735,0.7979,2.40,2.50
2008.03.03 09:15:11.980,0.79704,0.79734,0.30,4.00
2008.03.03 09:15:12.071,0.79735,0.7979,2.40,2.50
2008.03.03 09:15:12.325,0.79703,0.79733,0.30,0.80
2008.03.03 09:15:12.387,0.79735,0.7979,2.40,2.50
2008.03.03 09:15:12.644,0.79702,0.79732,2.40,2.40
2008.03.03 09:15:12.728,0.79735,0.7979,2.40,2.50
2008.03.03 09:15:12.967,0.79701,0.79731,0.30,0.20
2008.03.03 09:15:13.056,0.79735,0.7979,2.40,2.50
2008.03.03 09:15:13.212,0.79699,0.79734,0.30,0.20
2008.03.03 09:15:13.364,0.79735,0.7979,2.40,2.50
2008.03.03 09:15:13.455,0.797,0.79735,0.30,0.20
2008.03.03 09:15:13.576,0.79707,0.79732,0.30,0.40
2008.03.03 09:15:13.706,0.79735,0.7979,2.40,2.50
2008.03.03 09:15:13.789,0.79703,0.79743,1.60,0.20
2008.03.03 09:15:14.034,0.79735,0.7979,2.40,2.50
2008.03.03 09:15:14.144,0.79703,0.79743,0.20,0.20
2008.03.03 09:15:14.373,0.79735,0.7979,2.40,2.50
2008.03.03 09:15:14.508,0.79704,0.79744,0.60,0.40
2008.03.03 09:15:14.713,0.79735,0.7979,2.40,2.50
2008.03.03 09:15:14.719,0.79707,0.79747,0.30,0.80
2008.03.03 09:15:14.947,0.79708,0.79748,0.60,0.40
2008.03.03 09:15:15.043,0.79735,0.7979,2.40,2.50
2008.03.03 09:15:15.173,0.79708,0.79748,2.40,0.20
2008.03.03 09:15:15.366,0.79735,0.7979,2.40,2.50
2008.03.03 09:15:15.383,0.79709,0.79749,0.30,0.40
2008.03.03 09:15:15.581,0.79735,0.7979,2.40,2.50
2008.03.03 09:15:15.593,0.79708,0.79748,0.30,0.20
2008.03.03 09:15:15.904,0.79735,0.7979,2.40,2.50
2008.03.03 09:15:15.926,0.79706,0.79746,2.40,0.20
2008.03.03 09:15:16.239,0.79735,0.7979,2.40,2.50
2008.03.03 09:15:16.261,0.79707,0.79742,2.60,2.50
2008.03.03 09:15:16.578,0.79735,0.7979,2.40,2.50
2008.03.03 09:15:16.596,0.7971,0.79735,1.80,2.50
2008.03.03 09:15:16.876,0.79709,0.79734,1.00,9.60
2008.03.03 09:15:16.896,0.79735,0.7979,2.40,2.50
2008.03.03 09:15:17.153,0.79709,0.79734,0.30,0.20
2008.03.03 09:15:17.242,0.79735,0.7979,2.40,2.50
2008.03.03 09:15:17.477,0.7971,0.79735,0.50,0.20
2008.03.03 09:15:17.565,0.79735,0.7979,2.40,2.50
2008.03.03 09:15:17.814,0.79713,0.79738,9.60,0.20
2008.03.03 09:15:17.900,0.79735,0.7979,2.40,2.50
2008.03.03 09:15:18.141,0.79717,0.79742,4.00,2.50
2008.03.03 09:15:18.248,0.79735,0.7979,2.40,2.50
2008.03.03 09:15:18.475,0.79717,0.79742,0.30,0.20
2008.03.03 09:15:18.548,0.79735,0.7979,2.40,2.50
2008.03.03 09:15:18.784,0.79715,0.7974,4.00,0.40
2008.03.03 09:15:18.823,0.79735,0.7978,2.40,4.00
2008.03.03 09:15:19.113,0.79709,0.79734,4.20,0.40
2008.03.03 09:15:19.157,0.79735,0.7979,2.40,2.50
2008.03.03 09:15:19.456,0.79702,0.79727,4.00,0.20
2008.03.03 09:15:19.502,0.79735,0.7979,2.40,2.50
2008.03.03 09:15:19.785,0.79699,0.79724,0.10,0.20
2008.03.03 09:15:19.867,0.79735,0.7979,2.40,2.50
2008.03.03 09:15:20.088,0.79735,0.7979,2.40,2.50
2008.03.03 09:15:20.098,0.79697,0.79722,0.30,0.20
2008.03.03 09:15:20.305,0.79735,0.7979,2.40,2.50
2008.03.03 09:15:20.451,0.79697,0.79722,0.30,0.20
2008.03.03 09:15:20.532,0.79735,0.7979,2.40,2.50
2008.03.03 09:15:20.756,0.79735,0.7979,2.40,2.50
2008.03.03 09:15:20.880,0.79702,0.79727,4.00,0.60
2008.03.03 09:15:21.086,0.79735,0.7979,2.40,2.50
2008.03.03 09:15:21.318,0.7971,0.79735,1.00,9.60
2008.03.03 09:15:21.413,0.79735,0.7979,2.40,2.50
2008.03.03 09:15:21.744,0.79735,0.7979,2.40,2.50
2008.03.03 09:15:21.763,0.79721,0.79746,1.60,9.60
2008.03.03 09:15:22.071,0.79735,0.7979,2.40,2.50
2008.03.03 09:15:22.084,0.79723,0.79749,0.30,0.40
2008.03.03 09:15:22.425,0.79716,0.79741,0.30,0.20
2008.03.03 09:15:22.426,0.79735,0.7979,2.40,2.50
2008.03.03 09:15:22.732,0.79735,0.7979,2.40,2.50
2008.03.03 09:15:22.759,0.79711,0.79736,4.00,2.70
2008.03.03 09:15:23.062,0.79735,0.7979,2.40,2.50
2008.03.03 09:15:23.084,0.7971,0.79735,0.30,0.20
2008.03.03 09:15:23.393,0.79735,0.7979,2.40,2.50
2008.03.03 09:15:23.415,0.79712,0.79737,4.00,0.20
2008.03.03 09:15:23.729,0.79735,0.7979,2.40,2.50
2008.03.03 09:15:23.743,0.79712,0.79737,0.30,0.20
2008.03.03 09:15:24.046,0.79735,0.7979,2.40,2.50
2008.03.03 09:15:24.075,0.79714,0.79739,0.30,4.00
2008.03.03 09:15:24.385,0.79735,0.7979,2.40,2.50
2008.03.03 09:15:24.403,0.79714,0.79739,0.30,4.00
2008.03.03 09:15:24.738,0.79714,0.79739,0.30,4.00
2008.03.03 09:15:24.826,0.79735,0.7979,2.40,2.50
2008.03.03 09:15:25.054,0.79716,0.79741,2.40,4.80
2008.03.03 09:15:25.258,0.79735,0.7979,2.40,2.50
2008.03.03 09:15:25.502,0.79714,0.79739,0.30,0.20
2008.03.03 09:15:25.597,0.79735,0.7979,2.40,2.50
2008.03.03 09:15:25.912,0.79735,0.7979,2.40,2.50
2008.03.03 09:15:25.953,0.79714,0.79739,4.00,0.30
2008.03.03 09:15:26.259,0.79735,0.7979,2.40,2.50
2008.03.03 09:15:26.378,0.79714,0.79739,0.60,0.20
2008.03.03 09:15:26.574,0.79735,0.7979,2.40,2.50
2008.03.03 09:15:26.719,0.79714,0.79739,2.40,2.40
2008.03.03 09:15:26.910,0.79735,0.7979,2.40,2.50
2008.03.03 09:15:27.037,0.79713,0.79738,1.00,0.20
2008.03.03 09:15:27.234,0.79735,0.7979,2.40,2.50
2008.03.03 09:15:27.271,0.79712,0.79737,0.30,4.10
2008.03.03 09:15:27.562,0.79712,0.79737,0.60,0.20
2008.03.03 09:15:27.565,0.79735,0.7978,2.40,4.00
2008.03.03 09:15:27.823,0.79735,0.7978,2.40,4.00
2008.03.03 09:15:27.932,0.79713,0.79738,8.00,0.20
2008.03.03 09:15:28.078,0.79735,0.7978,2.40,4.00
2008.03.03 09:15:28.254,0.79714,0.79739,2.40,2.40
2008.03.03 09:15:28.460,0.79735,0.7978,2.40,4.00
2008.03.03 09:15:28.583,0.79714,0.79739,6.40,0.20
2008.03.03 09:15:28.754,0.79735,0.7978,2.40,4.00
2008.03.03 09:15:29.005,0.79714,0.79739,0.30,2.50
2008.03.03 09:15:29.048,0.79735,0.7979,2.40,2.50
2008.03.03 09:15:29.346,0.79735,0.7979,2.40,2.50
2008.03.03 09:15:29.352,0.79714,0.79739,4.00,0.20
2008.03.03 09:15:29.686,0.79735,0.79775,2.40,8.00
2008.03.03 09:15:29.687,0.79713,0.79738,0.20,0.20
2008.03.03 09:15:30.021,0.79715,0.7975,0.30,4.00
2008.03.03 09:15:30.131,0.7971,0.79735,9.70,0.20
2008.03.03 09:15:30.355,0.79725,0.7975,0.30,4.00
2008.03.03 09:15:30.424,0.79706,0.79731,0.30,0.20
2008.03.03 09:15:30.534,0.79705,0.7973,0.30,0.40
2008.03.03 09:15:30.583,0.79725,0.7975,0.30,4.00
2008.03.03 09:15:30.812,0.79725,0.7975,0.30,4.00
2008.03.03 09:15:30.993,0.79707,0.79732,0.30,9.60
2008.03.03 09:15:31.099,0.79725,0.7975,0.30,4.00
2008.03.03 09:15:31.342,0.79711,0.79736,0.30,0.20
2008.03.03 09:15:31.412,0.79725,0.7975,0.30,4.00
2008.03.03 09:15:31.662,0.79716,0.79741,0.30,0.20
2008.03.03 09:15:31.725,0.79725,0.7975,0.30,4.00
2008.03.03 09:15:32.074,0.79719,0.79744,1.80,2.50
2008.03.03 09:15:32.082,0.79725,0.7975,0.30,4.00
2008.03.03 09:15:32.399,0.79725,0.7975,0.30,4.00
2008.03.03 09:15:32.425,0.7972,0.79745,0.30,4.90
2008.03.03 09:15:32.658,0.79718,0.79743,0.30,0.20
2008.03.03 09:15:32.739,0.79725,0.7975,0.30,4.00
2008.03.03 09:15:32.983,0.79713,0.79738,0.30,6.40
2008.03.03 09:15:33.072,0.79725,0.7975,0.30,4.00
2008.03.03 09:15:33.317,0.7971,0.79735,0.30,0.20
2008.03.03 09:15:33.373,0.79725,0.7975,0.30,4.00
2008.03.03 09:15:33.648,0.79706,0.79731,0.30,0.20
2008.03.03 09:15:33.730,0.79725,0.7975,0.30,4.00
2008.03.03 09:15:33.953,0.79704,0.79729,0.80,4.00
2008.03.03 09:15:34.064,0.79725,0.7975,0.30,4.00
2008.03.03 09:15:34.191,0.79704,0.79729,2.40,2.40
2008.03.03 09:15:34.384,0.79725,0.7975,0.30,4.00
2008.03.03 09:15:34.514,0.79703,0.79728,4.00,0.20
2008.03.03 09:15:34.814,0.79704,0.79729,9.20,2.40
2008.03.03 09:15:34.837,0.79725,0.7975,0.30,4.00
2008.03.03 09:15:35.053,0.79706,0.79731,3.20,4.00
2008.03.03 09:15:35.271,0.79725,0.7975,0.30,4.00
2008.03.03 09:15:35.387,0.79707,0.79737,2.80,2.40
2008.03.03 09:15:35.606,0.79725,0.7975,0.30,4.00
2008.03.03 09:15:35.722,0.79711,0.79741,0.30,0.20
2008.03.03 09:15:35.947,0.79725,0.7975,0.30,4.00
2008.03.03 09:15:36.056,0.79715,0.79745,2.40,2.40
2008.03.03 09:15:36.265,0.79725,0.7975,0.30,4.00
2008.03.03 09:15:36.379,0.79716,0.79746,4.00,0.20
2008.03.03 09:15:36.589,0.79725,0.7975,0.30,4.00
2008.03.03 09:15:36.726,0.79714,0.79744,2.60,2.40
2008.03.03 09:15:36.921,0.79725,0.7975,0.30,4.00
2008.03.03 09:15:37.025,0.7971,0.7974,2.40,2.40
2008.03.03 09:15:37.241,0.79725,0.7975,0.30,4.00
2008.03.03 09:15:37.381,0.79705,0.79735,0.30,0.20
2008.03.03 09:15:37.575,0.79725,0.7975,0.30,4.00
2008.03.03 09:15:37.716,0.79703,0.79733,0.30,0.20
2008.03.03 09:15:37.908,0.79725,0.7975,0.30,4.00
2008.03.03 09:15:38.035,0.79703,0.79733,0.30,4.00
2008.03.03 09:15:38.247,0.79725,0.7975,0.30,4.00
2008.03.03 09:15:38.370,0.79704,0.79734,0.30,4.00
2008.03.03 09:15:38.577,0.79725,0.7975,0.30,4.00
2008.03.03 09:15:38.700,0.79705,0.79735,4.00,0.20
2008.03.03 09:15:38.919,0.79725,0.7975,0.30,4.00
2008.03.03 09:15:39.049,0.79706,0.79736,4.00,0.40
2008.03.03 09:15:39.237,0.79725,0.7975,0.30,4.00
2008.03.03 09:15:39.262,0.79707,0.79737,0.60,0.20
2008.03.03 09:15:39.476,0.79707,0.79737,0.30,0.20
2008.03.03 09:15:39.559,0.79725,0.7975,0.30,4.00
2008.03.03 09:15:39.771,0.79705,0.79735,0.30,0.20
2008.03.03 09:15:39.896,0.79725,0.7975,0.30,4.00
2008.03.03 09:15:39.968,0.79707,0.79737,4.00,0.20
2008.03.03 09:15:40.290,0.79705,0.79735,2.40,2.40
2008.03.03 09:15:40.333,0.79725,0.7975,0.30,4.00
2008.03.03 09:15:40.546,0.79725,0.7975,0.30,4.00
2008.03.03 09:15:40.655,0.79707,0.79732,4.80,0.10
2008.03.03 09:15:40.763,0.79725,0.7975,0.30,4.00
2008.03.03 09:15:40.984,0.79725,0.7975,0.30,4.00
2008.03.03 09:15:40.989,0.79706,0.79731,0.30,0.80
2008.03.03 09:15:41.209,0.79725,0.7975,0.30,4.00
2008.03.03 09:15:41.279,0.79702,0.79732,0.60,0.20
2008.03.03 09:15:41.436,0.79725,0.7975,0.30,4.00
2008.03.03 09:15:41.567,0.79702,0.79732,0.30,10.50
2008.03.03 09:15:41.866,0.79725,0.7975,0.30,4.00
2008.03.03 09:15:41.873,0.79704,0.79734,0.60,2.40
2008.03.03 09:15:42.203,0.79706,0.79736,5.60,0.10
2008.03.03 09:15:42.316,0.79725,0.7975,0.30,4.00
2008.03.03 09:15:42.553,0.79708,0.79738,8.00,2.70
2008.03.03 09:15:42.756,0.79725,0.7975,0.30,4.00
2008.03.03 09:15:42.869,0.79709,0.79739,0.50,0.20
2008.03.03 09:15:43.077,0.79725,0.7975,0.30,4.00
2008.03.03 09:15:43.288,0.79713,0.79743,2.40,2.40
2008.03.03 09:15:43.293,0.79725,0.7975,0.30,4.00
2008.03.03 09:15:43.514,0.79725,0.7975,0.30,4.00
2008.03.03 09:15:43.633,0.79717,0.79747,5.60,2.40
2008.03.03 09:15:43.962,0.79725,0.7975,0.30,4.00
2008.03.03 09:15:43.988,0.79717,0.79747,0.30,0.20
2008.03.03 09:15:44.306,0.79716,0.79746,0.30,0.20
2008.03.03 09:15:44.416,0.79725,0.7975,0.30,4.00
2008.03.03 09:15:44.632,0.79715,0.79745,0.30,0.20
2008.03.03 09:15:44.838,0.79725,0.7975,0.30,4.00
2008.03.03 09:15:44.868,0.79711,0.79741,0.30,6.40
2008.03.03 09:15:45.054,0.79725,0.7975,0.30,4.00
2008.03.03 09:15:45.181,0.79708,0.79738,2.40,0.20
2008.03.03 09:15:45.292,0.79725,0.7975,0.30,4.00
2008.03.03 09:15:45.521,0.79725,0.7975,0.30,4.00
2008.03.03 09:15:45.622,0.79706,0.79736,0.30,0.20
2008.03.03 09:15:45.929,0.79725,0.7975,0.30,4.00
2008.03.03 09:15:46.063,0.79704,0.79734,0.30,0.20
2008.03.03 09:15:46.264,0.79725,0.7975,0.30,4.00
2008.03.03 09:15:46.397,0.79706,0.79736,10.40,2.40
2008.03.03 09:15:46.598,0.7972,0.7975,0.60,4.00
2008.03.03 09:15:46.720,0.79708,0.79738,4.00,2.40
2008.03.03 09:15:46.818,0.79715,0.7975,2.40,4.00
2008.03.03 09:15:47.036,0.7971,0.7975,2.80,4.00
2008.03.03 09:15:47.056,0.79709,0.79739,0.30,0.40
2008.03.03 09:15:47.254,0.79715,0.7975,0.30,4.00
2008.03.03 09:15:47.388,0.79713,0.79743,13.60,0.20
2008.03.03 09:15:47.588,0.79715,0.7975,0.30,4.00
2008.03.03 09:15:47.714,0.79715,0.79745,9.60,0.20
2008.03.03 09:15:47.921,0.79715,0.7974,0.30,4.00
2008.03.03 09:15:48.053,0.79715,0.79745,8.00,0.20
2008.03.03 09:15:48.255,0.79715,0.7974,0.30,4.00
2008.03.03 09:15:48.378,0.79714,0.79744,0.30,0.20
2008.03.03 09:15:48.605,0.79715,0.7974,0.30,4.00
2008.03.03 09:15:48.684,0.79712,0.79742,5.60,0.50
2008.03.03 09:15:48.940,0.79715,0.7974,0.30,4.00
2008.03.03 09:15:48.963,0.79714,0.79744,8.00,0.20
2008.03.03 09:15:49.241,0.79715,0.79745,0.30,0.20
2008.03.03 09:15:49.347,0.79715,0.7974,0.30,4.00
2008.03.03 09:15:49.464,0.79714,0.79744,0.90,0.40
2008.03.03 09:15:49.706,0.79712,0.79742,0.30,0.20
2008.03.03 09:15:49.782,0.79715,0.7974,0.30,4.00
2008.03.03 09:15:50.024,0.79709,0.79739,0.30,0.20
2008.03.03 09:15:50.109,0.79715,0.7974,0.30,4.00
2008.03.03 09:15:50.442,0.79715,0.7974,0.30,4.00
2008.03.03 09:15:50.468,0.79707,0.79737,0.40,0.40
2008.03.03 09:15:50.778,0.79715,0.7974,0.30,4.00
2008.03.03 09:15:50.898,0.79706,0.79736,4.80,0.20
2008.03.03 09:15:51.104,0.79715,0.7974,0.30,4.00
2008.03.03 09:15:51.337,0.79708,0.79738,4.20,4.80
2008.03.03 09:15:51.436,0.79715,0.7974,0.30,4.00
2008.03.03 09:15:51.686,0.7971,0.7974,4.00,0.60
2008.03.03 09:15:51.758,0.79715,0.7974,0.30,4.00
2008.03.03 09:15:51.997,0.79711,0.79741,2.40,0.20
2008.03.03 09:15:52.118,0.79715,0.7974,0.30,4.00
2008.03.03 09:15:52.343,0.79712,0.79742,0.60,2.50
2008.03.03 09:15:52.418,0.79715,0.7974,0.30,4.00
2008.03.03 09:15:52.645,0.79713,0.79743,4.00,0.20
2008.03.03 09:15:52.758,0.79715,0.7974,0.30,4.00
2008.03.03 09:15:52.884,0.79715,0.79745,0.10,0.20
2008.03.03 09:15:53.082,0.79715,0.7974,0.30,4.00
2008.03.03 09:15:53.223,0.79719,0.79749,0.30,4.00
2008.03.03 09:15:53.393,0.79715,0.7976,0.30,4.00
2008.03.03 09:15:53.536,0.7972,0.7975,0.60,0.40
2008.03.03 09:15:53.686,0.7971,0.7976,2.80,4.00
2008.03.03 09:15:53.870,0.79719,0.79749,0.30,0.20
2008.03.03 09:15:54.067,0.7971,0.7976,2.80,4.00
2008.03.03 09:15:54.204,0.79719,0.79749,12.40,12.10
2008.03.03 09:15:54.519,0.7971,0.7976,2.80,4.00
2008.03.03 09:15:54.536,0.79717,0.79747,6.40,0.20
2008.03.03 09:15:54.809,0.79716,0.79746,0.30,0.20
2008.03.03 09:15:54.958,0.7971,0.7976,2.80,4.00
2008.03.03 09:15:55.013,0.79714,0.79744,0.30,0.20
2008.03.03 09:15:55.183,0.7971,0.7976,2.80,4.00
2008.03.03 09:15:55.217,0.79712,0.79747,0.30,0.20
2008.03.03 09:15:55.405,0.7971,0.7976,2.80,4.00
2008.03.03 09:15:55.422,0.79703,0.79753,0.30,0.20
2008.03.03 09:15:55.621,0.7971,0.7976,2.80,4.00
2008.03.03 09:15:55.836,0.79715,0.7975,0.30,4.00
2008.03.03 09:15:55.855,0.79701,0.79751,8.20,2.50
2008.03.03 09:15:56.161,0.79715,0.7975,0.30,4.00
2008.03.03 09:15:56.192,0.797,0.7975,0.30,2.50
2008.03.03 09:15:56.503,0.79715,0.7975,0.30,4.00
2008.03.03 09:15:56.615,0.79699,0.79749,0.30,0.40
2008.03.03 09:15:56.843,0.79715,0.7975,0.30,4.00
2008.03.03 09:15:57.062,0.79699,0.79749,2.40,2.40
2008.03.03 09:15:57.166,0.79715,0.7975,0.30,4.00
2008.03.03 09:15:57.396,0.797,0.7975,0.30,8.00
2008.03.03 09:15:57.475,0.79715,0.7975,0.30,4.00
2008.03.03 09:15:57.729,0.79715,0.7975,0.30,4.00
2008.03.03 09:15:57.733,0.79701,0.79751,0.30,4.00
2008.03.03 09:15:57.981,0.79714,0.79739,0.30,0.40
2008.03.03 09:15:58.048,0.797,0.7975,0.30,0.20
2008.03.03 09:15:58.050,0.79715,0.7975,0.30,4.00
2008.03.03 09:15:58.281,0.79698,0.79748,2.40,2.40
2008.03.03 09:15:58.372,0.79715,0.7975,0.30,4.00
2008.03.03 09:15:58.595,0.79694,0.79744,0.30,0.50
2008.03.03 09:15:58.685,0.79715,0.7975,0.30,4.00
2008.03.03 09:15:58.934,0.79692,0.79742,1.80,2.50
2008.03.03 09:15:59.023,0.79715,0.7975,0.30,4.00
2008.03.03 09:15:59.454,0.79715,0.7975,0.30,4.00
2008.03.03 09:15:59.793,0.79715,0.7975,0.30,4.00
2008.03.03 09:16:00.133,0.79715,0.7975,0.30,4.00
2008.03.03 09:16:00.354,0.7972,0.7975,0.30,4.00
2008.03.03 09:16:00.572,0.7972,0.7975,0.30,4.00
2008.03.03 09:16:00.809,0.7972,0.7975,0.60,4.00
2008.03.03 09:16:00.999,0.79688,0.79738,4.00,0.20
2008.03.03 09:16:01.119,0.7972,0.7975,0.60,4.00
2008.03.03 09:16:01.328,0.79685,0.79735,0.60,0.20
2008.03.03 09:16:01.408,0.7972,0.7975,0.60,4.00
2008.03.03 09:16:01.552,0.79681,0.79731,0.30,0.20
2008.03.03 09:16:01.696,0.7972,0.7975,0.60,4.00
2008.03.03 09:16:01.870,0.79679,0.79729,0.60,0.40
2008.03.03 09:16:01.996,0.7972,0.7975,0.60,4.00
2008.03.03 09:16:02.202,0.79675,0.79725,0.30,4.00
2008.03.03 09:16:02.317,0.7972,0.7975,0.60,4.00
2008.03.03 09:16:02.629,0.79674,0.79724,4.00,0.20
2008.03.03 09:16:02.643,0.7972,0.7975,0.60,4.00
2008.03.03 09:16:02.963,0.79674,0.79724,1.80,0.20
2008.03.03 09:16:02.993,0.7972,0.7975,0.60,4.00
2008.03.03 09:16:03.305,0.7972,0.7975,0.60,4.00
2008.03.03 09:16:03.352,0.79675,0.79725,0.30,0.20
2008.03.03 09:16:03.631,0.79673,0.79723,4.20,4.80
2008.03.03 09:16:03.641,0.7972,0.7975,0.60,4.00
2008.03.03 09:16:03.951,0.79675,0.79725,0.30,0.20
2008.03.03 09:16:03.978,0.7972,0.7975,0.60,4.00
2008.03.03 09:16:04.210,0.79677,0.79727,0.30,11.20
2008.03.03 09:16:04.418,0.7972,0.7975,0.60,4.00
2008.03.03 09:16:04.469,0.79679,0.79729,0.30,0.20
2008.03.03 09:16:04.711,0.79672,0.79732,4.00,0.20
2008.03.03 09:16:04.853,0.7972,0.7975,0.60,4.00
2008.03.03 09:16:05.052,0.79669,0.79729,0.30,0.20
2008.03.03 09:16:05.079,0.7972,0.7975,0.60,4.00
2008.03.03 09:16:05.294,0.7972,0.7975,0.60,4.00
2008.03.03 09:16:05.310,0.79668,0.79728,0.30,0.10
2008.03.03 09:16:05.517,0.7972,0.7975,0.60,4.00
2008.03.03 09:16:05.628,0.7967,0.7973,4.00,0.20
2008.03.03 09:16:05.849,0.7972,0.7975,0.60,4.00
2008.03.03 09:16:05.947,0.79677,0.79732,1.00,9.60
2008.03.03 09:16:06.184,0.7972,0.7975,0.60,4.00
2008.03.03 09:16:06.317,0.79678,0.79733,0.30,0.20
2008.03.03 09:16:06.503,0.7972,0.7975,0.60,4.00
2008.03.03 09:16:06.514,0.79679,0.79734,4.00,0.20
2008.03.03 09:16:06.752,0.79682,0.79737,4.80,0.20
2008.03.03 09:16:06.823,0.7972,0.7975,0.60,4.00
2008.03.03 09:16:06.994,0.79686,0.79741,0.60,4.00
2008.03.03 09:16:07.052,0.7972,0.7975,0.60,4.00
2008.03.03 09:16:07.231,0.79686,0.79746,1.80,0.50
2008.03.03 09:16:07.384,0.7972,0.7975,0.60,4.00
2008.03.03 09:16:07.568,0.797,0.7973,0.30,0.20
2008.03.03 09:16:07.636,0.7972,0.7975,0.60,4.00
2008.03.03 09:16:07.861,0.79715,0.7975,2.40,4.00
2008.03.03 09:16:07.902,0.79696,0.79726,8.00,0.20
2008.03.03 09:16:08.165,0.7971,0.7975,2.80,4.00
2008.03.03 09:16:08.255,0.79678,0.79738,3.20,2.40
2008.03.03 09:16:08.482,0.7971,0.7975,2.80,4.00
2008.03.03 09:16:08.584,0.79674,0.79734,0.30,0.20
2008.03.03 09:16:08.800,0.7971,0.7975,2.80,4.00
2008.03.03 09:16:08.892,0.79672,0.79732,2.60,2.50
2008.03.03 09:16:09.137,0.7971,0.7975,2.80,4.00
2008.03.03 09:16:09.241,0.79673,0.79733,0.30,0.20
2008.03.03 09:16:09.320,0.79689,0.79719,0.30,0.90
2008.03.03 09:16:09.471,0.7971,0.7975,2.80,4.00
2008.03.03 09:16:09.572,0.79675,0.79735,0.30,6.40
2008.03.03 09:16:09.909,0.79673,0.79733,4.80,0.20
2008.03.03 09:16:09.925,0.7971,0.7975,2.80,4.00
2008.03.03 09:16:10.221,0.79672,0.79732,0.50,0.20
2008.03.03 09:16:10.243,0.7971,0.7975,2.80,4.00
2008.03.03 09:16:10.453,0.79672,0.79732,4.00,0.20
2008.03.03 09:16:10.459,0.7971,0.7975,2.80,4.00
2008.03.03 09:16:10.684,0.7971,0.7975,2.80,4.00
2008.03.03 09:16:10.772,0.79671,0.79731,2.40,2.40
2008.03.03 09:16:10.912,0.7971,0.7975,2.80,4.00
2008.03.03 09:16:11.210,0.79671,0.79731,4.00,0.60
2008.03.03 09:16:11.337,0.7971,0.7975,2.80,4.00
2008.03.03 09:16:11.549,0.79672,0.79732,0.30,4.00
2008.03.03 09:16:11.772,0.7971,0.7975,2.80,4.00
2008.03.03 09:16:11.869,0.79673,0.79733,0.30,4.00
2008.03.03 09:16:12.109,0.7971,0.7975,2.80,4.00
2008.03.03 09:16:12.199,0.79671,0.79731,4.00,0.60
2008.03.03 09:16:12.434,0.7971,0.7975,2.80,4.00
2008.03.03 09:16:12.649,0.79668,0.79728,0.30,0.20
2008.03.03 09:16:12.777,0.7971,0.7975,2.80,4.00
2008.03.03 09:16:13.088,0.79667,0.79727,8.20,2.50
2008.03.03 09:16:13.093,0.7971,0.7975,2.80,4.00
2008.03.03 09:16:13.419,0.7971,0.7975,2.80,4.00
2008.03.03 09:16:13.503,0.79668,0.79728,0.30,0.20
2008.03.03 09:16:13.770,0.7971,0.7975,2.80,4.00
2008.03.03 09:16:13.842,0.79668,0.79728,0.30,0.20
2008.03.03 09:16:14.033,0.79685,0.79715,0.30,4.80
2008.03.03 09:16:14.086,0.7971,0.7975,2.80,4.00
2008.03.03 09:16:14.087,0.79672,0.79732,4.00,0.20
2008.03.03 09:16:14.384,0.79672,0.79732,0.30,0.40
2008.03.03 09:16:14.420,0.7971,0.7975,2.80,8.00
2008.03.03 09:16:14.630,0.79672,0.79732,0.30,4.00
2008.03.03 09:16:14.753,0.7971,0.7975,2.80,8.00
2008.03.03 09:16:15.055,0.79671,0.79731,0.30,0.20
2008.03.03 09:16:15.088,0.7971,0.7975,2.60,8.00
2008.03.03 09:16:15.390,0.79669,0.79729,0.30,4.00
2008.03.03 09:16:15.414,0.7971,0.7975,2.60,8.00
2008.03.03 09:16:15.725,0.79669,0.79729,0.30,0.20
2008.03.03 09:16:15.738,0.7971,0.7975,2.60,8.00
2008.03.03 09:16:15.947,0.79671,0.79731,0.30,0.20
2008.03.03 09:16:15.967,0.7971,0.7975,2.60,8.00
2008.03.03 09:16:16.277,0.79672,0.79732,0.30,0.20
2008.03.03 09:16:16.283,0.7971,0.7975,2.60,8.00
2008.03.03 09:16:16.507,0.79675,0.79735,0.30,0.20
2008.03.03 09:16:16.620,0.7971,0.7975,2.60,8.00
2008.03.03 09:16:16.931,0.79676,0.79736,4.00,0.20
2008.03.03 09:16:17.065,0.7971,0.7975,2.60,8.00
2008.03.03 09:16:17.289,0.7971,0.7975,2.60,8.00
2008.03.03 09:16:17.369,0.79677,0.79737,4.00,0.20
2008.03.03 09:16:17.608,0.7971,0.7975,2.60,8.00
2008.03.03 09:16:17.733,0.79676,0.79736,0.30,0.20
2008.03.03 09:16:17.833,0.7971,0.7975,2.60,8.00
2008.03.03 09:16:17.991,0.79675,0.79735,2.60,2.40
2008.03.03 09:16:18.168,0.7971,0.7975,2.60,8.00
2008.03.03 09:16:18.235,0.79673,0.79733,0.30,0.20
2008.03.03 09:16:18.479,0.79674,0.79734,0.30,0.20
2008.03.03 09:16:18.488,0.7971,0.7975,2.60,8.00
2008.03.03 09:16:18.723,0.79677,0.79737,0.30,2.40
2008.03.03 09:16:18.818,0.7971,0.7975,2.60,8.00
2008.03.03 09:16:19.020,0.79676,0.79736,0.30,0.20
2008.03.03 09:16:19.146,0.7971,0.7975,2.60,8.00
2008.03.03 09:16:19.368,0.79675,0.79735,1.60,9.60
2008.03.03 09:16:19.486,0.7971,0.7975,2.60,8.00
2008.03.03 09:16:19.690,0.79674,0.79734,4.00,0.20
2008.03.03 09:16:19.915,0.7971,0.7975,2.60,8.00
2008.03.03 09:16:20.007,0.79673,0.79733,1.00,4.00
2008.03.03 09:16:20.257,0.7971,0.7975,2.60,8.00
2008.03.03 09:16:20.326,0.79674,0.79734,0.30,0.60
2008.03.03 09:16:20.476,0.7971,0.7975,2.60,8.00
2008.03.03 09:16:20.684,0.79672,0.79732,0.70,4.00
2008.03.03 09:16:20.700,0.7971,0.7975,2.60,8.00
2008.03.03 09:16:20.927,0.7971,0.7975,2.60,8.00
2008.03.03 09:16:21.012,0.7967,0.7973,0.30,0.20
2008.03.03 09:16:21.241,0.7971,0.7975,2.60,8.00
2008.03.03 09:16:21.331,0.79669,0.79729,0.30,0.20
2008.03.03 09:16:21.567,0.7971,0.7975,2.60,8.00
2008.03.03 09:16:21.777,0.7967,0.7973,0.30,0.20
2008.03.03 09:16:21.904,0.7971,0.7975,2.60,8.00
2008.03.03 09:16:22.219,0.79668,0.79728,0.30,0.20
2008.03.03 09:16:22.338,0.7971,0.7975,2.60,8.00
2008.03.03 09:16:22.554,0.79667,0.79727,4.20,2.40
2008.03.03 09:16:22.660,0.7971,0.7975,2.60,8.00
2008.03.03 09:16:22.871,0.79667,0.79727,0.30,0.20
2008.03.03 09:16:22.988,0.7971,0.7975,2.60,8.00
2008.03.03 09:16:23.216,0.79668,0.79728,2.60,2.50
2008.03.03 09:16:23.319,0.7971,0.7975,2.60,8.00
2008.03.03 09:16:23.530,0.7967,0.7973,0.30,0.40
2008.03.03 09:16:23.653,0.7971,0.7975,2.60,8.00
2008.03.03 09:16:23.845,0.7967,0.7973,0.60,2.50
2008.03.03 09:16:23.991,0.7971,0.7975,2.60,8.00
2008.03.03 09:16:24.190,0.79671,0.79731,0.30,0.40
2008.03.03 09:16:24.311,0.7971,0.7975,2.60,8.00
2008.03.03 09:16:24.531,0.79672,0.79732,0.30,0.40
2008.03.03 09:16:24.651,0.7971,0.7975,2.60,8.00
2008.03.03 09:16:24.949,0.79671,0.79731,0.50,0.20
2008.03.03 09:16:25.094,0.7971,0.7975,2.60,8.00
2008.03.03 09:16:25.306,0.79669,0.79729,2.80,2.50
2008.03.03 09:16:25.537,0.7971,0.7975,2.60,8.00
2008.03.03 09:16:25.638,0.79667,0.79727,6.40,4.80
2008.03.03 09:16:25.771,0.7971,0.7974,2.60,4.00
2008.03.03 09:16:25.949,0.79667,0.79727,4.00,0.20
2008.03.03 09:16:26.005,0.7971,0.7974,0.60,8.00
2008.03.03 09:16:26.285,0.79667,0.79727,4.00,6.40
2008.03.03 09:16:26.297,0.7971,0.7974,0.60,8.00
2008.03.03 09:16:26.507,0.79669,0.79729,2.40,2.40
2008.03.03 09:16:26.571,0.7971,0.7974,0.60,8.00
2008.03.03 09:16:26.815,0.79677,0.79737,0.30,0.20
2008.03.03 09:16:26.846,0.7971,0.7974,0.60,8.00
2008.03.03 09:16:27.120,0.7971,0.7974,0.60,8.00
2008.03.03 09:16:27.158,0.79682,0.79742,2.80,2.50
2008.03.03 09:16:27.394,0.7971,0.7974,0.30,8.00
2008.03.03 09:16:27.605,0.79681,0.79741,4.00,0.20
2008.03.03 09:16:27.726,0.7971,0.7974,0.30,8.00
2008.03.03 09:16:27.937,0.79678,0.79738,0.30,0.20
2008.03.03 09:16:28.047,0.7971,0.7974,0.30,8.00
2008.03.03 09:16:28.274,0.79676,0.79736,0.80,0.40
2008.03.03 09:16:28.382,0.7971,0.7974,0.30,8.00
2008.03.03 09:16:28.595,0.79675,0.79735,6.10,0.70
2008.03.03 09:16:28.712,0.7971,0.7974,0.30,8.00
2008.03.03 09:16:28.926,0.79672,0.79732,0.30,0.20
2008.03.03 09:16:29.055,0.7971,0.7974,0.30,8.00
2008.03.03 09:16:29.262,0.79672,0.79732,13.60,0.20
2008.03.03 09:16:29.379,0.7971,0.7974,0.30,8.00
2008.03.03 09:16:29.591,0.79674,0.79734,0.30,4.00
2008.03.03 09:16:29.815,0.7971,0.7974,0.30,8.00
2008.03.03 09:16:29.910,0.79676,0.79736,0.30,0.20
2008.03.03 09:16:30.152,0.7971,0.7974,0.30,8.00
2008.03.03 09:16:30.245,0.79676,0.79736,0.30,4.00
2008.03.03 09:16:30.581,0.79676,0.79736,0.30,2.50
2008.03.03 09:16:30.599,0.7971,0.7974,0.30,8.00
2008.03.03 09:16:30.905,0.79675,0.79735,0.30,0.20
2008.03.03 09:16:30.922,0.7971,0.7974,0.30,8.00
2008.03.03 09:16:31.128,0.79676,0.79736,0.30,0.20
2008.03.03 09:16:31.253,0.7971,0.7974,0.30,8.00
2008.03.03 09:16:31.451,0.79675,0.79735,0.30,0.20
2008.03.03 09:16:31.570,0.7971,0.7974,0.30,8.00
2008.03.03 09:16:31.678,0.79671,0.79731,0.30,4.00
2008.03.03 09:16:31.900,0.7971,0.7974,0.30,8.00
2008.03.03 09:16:31.926,0.79666,0.79726,0.60,0.20
2008.03.03 09:16:32.058,0.79679,0.79709,0.30,0.10
2008.03.03 09:16:32.242,0.7971,0.7974,0.30,8.00
2008.03.03 09:16:32.260,0.79666,0.79726,1.00,0.20
2008.03.03 09:16:32.575,0.7971,0.7974,0.30,8.00
2008.03.03 09:16:32.594,0.7967,0.7973,0.30,0.20
2008.03.03 09:16:32.888,0.7971,0.7974,0.30,8.00
2008.03.03 09:16:33.005,0.79672,0.79732,0.30,0.20
2008.03.03 09:16:33.213,0.7971,0.7974,0.30,8.00
2008.03.03 09:16:33.315,0.79673,0.79733,0.60,4.40
2008.03.03 09:16:33.559,0.7971,0.7974,0.30,8.00
2008.03.03 09:16:33.734,0.79673,0.79733,0.30,0.40
2008.03.03 09:16:33.881,0.7971,0.7974,0.30,8.00
2008.03.03 09:16:34.100,0.79675,0.79735,4.00,0.05
2008.03.03 09:16:34.217,0.7971,0.7974,0.30,8.00
2008.03.03 09:16:34.432,0.79672,0.79732,5.60,0.40
2008.03.03 09:16:34.536,0.7971,0.7974,0.30,8.00
2008.03.03 09:16:34.756,0.7967,0.7973,4.00,0.20
2008.03.03 09:16:34.986,0.7971,0.7974,0.30,8.00
2008.03.03 09:16:35.084,0.79669,0.79729,4.00,0.20
2008.03.03 09:16:35.409,0.79671,0.79731,0.30,0.20
2008.03.03 09:16:35.427,0.7971,0.7974,0.30,8.00
2008.03.03 09:16:35.746,0.79672,0.79732,0.30,0.20
2008.03.03 09:16:35.777,0.7971,0.7974,0.30,8.00
2008.03.03 09:16:35.986,0.7971,0.7974,0.30,8.00
2008.03.03 09:16:36.075,0.79675,0.79735,0.30,2.40
2008.03.03 09:16:36.210,0.7971,0.7974,0.30,8.00
2008.03.03 09:16:36.404,0.79678,0.79738,0.30,2.40
2008.03.03 09:16:36.434,0.79705,0.7974,2.40,8.00
2008.03.03 09:16:36.658,0.797,0.7974,2.60,8.00
2008.03.03 09:16:36.701,0.79682,0.79742,0.30,0.20
2008.03.03 09:16:36.958,0.79682,0.79742,0.50,4.00
2008.03.03 09:16:37.073,0.797,0.7974,2.60,8.00
2008.03.03 09:16:37.391,0.79683,0.79743,0.30,4.00
2008.03.03 09:16:37.394,0.797,0.7974,2.60,8.00
2008.03.03 09:16:37.708,0.797,0.7974,2.60,8.00
2008.03.03 09:16:37.726,0.7968,0.7974,2.40,2.40
2008.03.03 09:16:37.948,0.797,0.7974,2.60,8.00
2008.03.03 09:16:38.066,0.79676,0.79736,2.60,2.50
2008.03.03 09:16:38.308,0.797,0.7974,2.60,8.00
2008.03.03 09:16:38.376,0.79672,0.79732,0.60,0.20
2008.03.03 09:16:38.620,0.797,0.7974,2.60,8.00
2008.03.03 09:16:38.663,0.7967,0.7973,0.30,0.20
2008.03.03 09:16:38.935,0.79673,0.79723,0.30,4.00
2008.03.03 09:16:39.061,0.797,0.7974,2.60,8.00
2008.03.03 09:16:39.315,0.79671,0.79721,4.00,0.20
2008.03.03 09:16:39.485,0.797,0.7974,2.60,8.00
2008.03.03 09:16:39.604,0.79671,0.79721,0.30,0.20
2008.03.03 09:16:39.822,0.797,0.7974,2.60,8.00
2008.03.03 09:16:39.880,0.79674,0.79724,2.60,0.40
2008.03.03 09:16:40.159,0.797,0.7974,2.60,8.00
2008.03.03 09:16:40.197,0.79675,0.79725,0.30,8.00
2008.03.03 09:16:40.492,0.797,0.7974,2.60,8.00
2008.03.03 09:16:40.496,0.79673,0.79723,4.00,0.20
2008.03.03 09:16:40.731,0.797,0.7972,2.60,4.00
2008.03.03 09:16:40.797,0.79682,0.79722,0.30,4.00
2008.03.03 09:16:41.021,0.797,0.7972,0.30,8.00
2008.03.03 09:16:41.096,0.79695,0.79725,1.80,0.20
2008.03.03 09:16:41.311,0.797,0.7972,0.30,8.00
2008.03.03 09:16:41.323,0.79702,0.79732,0.20,0.20
2008.03.03 09:16:41.529,0.79707,0.79737,2.60,2.70
2008.03.03 09:16:41.684,0.797,0.7972,0.30,8.00
2008.03.03 09:16:41.772,0.79707,0.79737,4.80,0.20
2008.03.03 09:16:42.006,0.79705,0.79735,0.30,0.20
2008.03.03 09:16:42.026,0.797,0.7972,0.30,8.00
2008.03.03 09:16:42.268,0.797,0.7972,0.30,8.00
2008.03.03 09:16:42.385,0.79702,0.79732,4.00,0.20
2008.03.03 09:16:42.578,0.797,0.7972,0.30,8.00
2008.03.03 09:16:42.719,0.79701,0.79731,2.40,2.40
2008.03.03 09:16:42.894,0.797,0.7972,0.30,8.00
2008.03.03 09:16:43.053,0.797,0.7973,2.60,2.50
2008.03.03 09:16:43.232,0.797,0.7972,0.30,8.00
2008.03.03 09:16:43.342,0.79698,0.79728,0.30,0.20
2008.03.03 09:16:43.554,0.797,0.7972,0.30,8.00
2008.03.03 09:16:43.671,0.79694,0.79724,4.00,0.20
2008.03.03 09:16:43.899,0.797,0.7972,0.30,8.00
2008.03.03 09:16:44.058,0.79689,0.79719,2.60,2.50
2008.03.03 09:16:44.301,0.797,0.7972,0.30,8.00
2008.03.03 09:16:44.328,0.79683,0.79713,2.60,2.70
2008.03.03 09:16:44.636,0.797,0.7972,0.30,8.00
2008.03.03 09:16:44.659,0.79681,0.79711,0.30,0.20
2008.03.03 09:16:44.870,0.797,0.7972,0.30,8.00
2008.03.03 09:16:44.990,0.7968,0.7971,0.30,0.20
2008.03.03 09:16:45.105,0.7969,0.7972,0.30,8.00
2008.03.03 09:16:45.304,0.79678,0.79708,0.60,2.50
2008.03.03 09:16:45.340,0.7969,0.7972,0.30,8.00
2008.03.03 09:16:45.574,0.7969,0.7972,0.30,8.00
2008.03.03 09:16:45.639,0.79676,0.79706,2.80,2.50
2008.03.03 09:16:45.870,0.7969,0.7972,0.30,8.00
2008.03.03 09:16:45.975,0.79674,0.79704,2.80,0.70
2008.03.03 09:16:46.208,0.7969,0.7972,0.30,8.00
2008.03.03 09:16:46.304,0.79676,0.79706,4.00,0.20
2008.03.03 09:16:46.523,0.7969,0.7972,0.30,8.00
2008.03.03 09:16:46.629,0.79681,0.79711,13.60,0.20
2008.03.03 09:16:46.872,0.7969,0.7972,0.30,8.00
2008.03.03 09:16:46.938,0.79689,0.79719,0.30,0.20
2008.03.03 09:16:47.132,0.7969,0.7972,0.30,8.00
2008.03.03 09:16:47.401,0.79695,0.79725,0.30,0.20
2008.03.03 09:16:47.406,0.7969,0.7972,0.30,8.00
2008.03.03 09:16:47.759,0.7969,0.7972,0.30,8.00
2008.03.03 09:16:47.822,0.79699,0.79729,0.30,0.40
2008.03.03 09:16:48.078,0.7969,0.7972,0.30,8.00
2008.03.03 09:16:48.175,0.79702,0.79732,0.30,0.20
2008.03.03 09:16:48.400,0.7969,0.7972,0.30,8.00
2008.03.03 09:16:48.482,0.79705,0.79735,4.00,0.20
2008.03.03 09:16:48.727,0.7969,0.7972,0.30,8.00
2008.03.03 09:16:48.774,0.79706,0.79736,8.00,0.20
2008.03.03 09:16:49.047,0.79701,0.79731,4.20,2.40
2008.03.03 09:16:49.166,0.7969,0.7972,0.30,8.00
2008.03.03 09:16:49.390,0.79694,0.79724,0.30,0.20
2008.03.03 09:16:49.506,0.7969,0.7972,0.30,8.00
2008.03.03 09:16:49.711,0.79685,0.79715,0.30,0.20
2008.03.03 09:16:49.952,0.7969,0.7972,0.30,8.00
2008.03.03 09:16:50.035,0.79678,0.79708,2.40,2.40
2008.03.03 09:16:50.280,0.7969,0.7972,0.30,8.00
2008.03.03 09:16:50.370,0.79677,0.79707,4.80,4.00
2008.03.03 09:16:50.609,0.7969,0.7972,0.30,8.00
2008.03.03 09:16:50.706,0.79678,0.79708,4.00,0.20
2008.03.03 09:16:50.849,0.7969,0.7971,0.30,4.00
2008.03.03 09:16:51.034,0.79681,0.79711,0.30,0.40
2008.03.03 09:16:51.157,0.7969,0.7971,0.30,8.00
2008.03.03 09:16:51.353,0.79683,0.79713,10.40,0.20
2008.03.03 09:16:51.466,0.7969,0.7971,0.30,8.00
2008.03.03 09:16:51.688,0.79681,0.79711,0.30,6.40
2008.03.03 09:16:51.775,0.7969,0.7971,0.30,8.00
2008.03.03 09:16:51.937,0.79679,0.79709,0.50,2.40
2008.03.03 09:16:52.023,0.7969,0.7971,0.30,8.00
2008.03.03 09:16:52.187,0.79681,0.79711,0.30,4.00
2008.03.03 09:16:52.271,0.7969,0.7971,0.30,8.00
2008.03.03 09:16:52.436,0.79684,0.79714,1.80,0.20
2008.03.03 09:16:52.520,0.7969,0.797,0.30,4.00
2008.03.03 09:16:52.770,0.79685,0.7972,0.30,0.20
2008.03.03 09:16:53.058,0.7969,0.7971,0.30,8.00
2008.03.03 09:16:53.104,0.79689,0.79724,0.30,0.20
2008.03.03 09:16:53.348,0.79675,0.7971,3.20,4.00
2008.03.03 09:16:53.437,0.79689,0.79724,0.20,0.20
2008.03.03 09:16:53.637,0.7967,0.79725,0.30,2.40
2008.03.03 09:16:53.767,0.79687,0.79722,0.30,0.20
2008.03.03 09:16:53.925,0.7967,0.79725,0.30,2.40
2008.03.03 09:16:54.097,0.79689,0.79719,4.00,0.20
2008.03.03 09:16:54.260,0.7967,0.79725,0.30,2.40
2008.03.03 09:16:54.426,0.79689,0.79719,0.30,0.20
2008.03.03 09:16:54.594,0.7967,0.79725,0.30,2.40
2008.03.03 09:16:54.652,0.79691,0.79721,0.30,0.20
2008.03.03 09:16:54.876,0.79689,0.79719,4.00,0.20
2008.03.03 09:16:54.929,0.7967,0.79725,0.30,2.40
2008.03.03 09:16:55.101,0.79685,0.79715,0.70,0.20
2008.03.03 09:16:55.219,0.7967,0.79725,0.30,2.40
2008.03.03 09:16:55.325,0.79683,0.79713,0.60,0.20
2008.03.03 09:16:55.549,0.7967,0.79725,0.30,2.40
2008.03.03 09:16:55.660,0.79685,0.79715,0.30,0.20
2008.03.03 09:16:55.894,0.7967,0.79725,0.30,2.40
2008.03.03 09:16:56.061,0.79688,0.79718,0.30,0.20
2008.03.03 09:16:56.208,0.7967,0.79725,0.30,2.40
2008.03.03 09:16:56.409,0.79685,0.79715,0.30,0.20
2008.03.03 09:16:56.530,0.7967,0.79725,0.30,2.40
2008.03.03 09:16:56.634,0.79682,0.79712,4.00,0.20
2008.03.03 09:16:56.867,0.7967,0.79725,0.30,2.40
2008.03.03 09:16:56.964,0.79681,0.79711,9.60,0.20
2008.03.03 09:16:57.191,0.79683,0.79713,0.30,0.20
2008.03.03 09:16:57.204,0.7967,0.79725,0.30,2.40
2008.03.03 09:16:57.526,0.7967,0.79725,0.30,2.40
2008.03.03 09:16:57.622,0.79685,0.79715,4.00,0.20
2008.03.03 09:16:57.853,0.7967,0.79725,0.30,2.40
2008.03.03 09:16:58.068,0.79685,0.79715,0.30,4.00
2008.03.03 09:16:58.183,0.7967,0.79725,0.30,2.40
2008.03.03 09:16:58.497,0.7967,0.79725,0.30,2.40
2008.03.03 09:16:58.500,0.79683,0.79713,8.00,1.70
2008.03.03 09:16:58.745,0.7967,0.79725,0.30,2.40
2008.03.03 09:16:58.838,0.79685,0.79715,0.30,0.20
2008.03.03 09:16:59.063,0.7967,0.79725,0.30,2.40
2008.03.03 09:16:59.174,0.79681,0.79711,0.30,2.40
2008.03.03 09:16:59.399,0.7967,0.79725,0.30,2.40
2008.03.03 09:16:59.507,0.79672,0.79702,0.30,0.20
2008.03.03 09:16:59.833,0.79664,0.79694,0.30,0.40
2008.03.03 09:16:59.842,0.7967,0.79725,0.30,2.40
2008.03.03 09:17:00.069,0.7967,0.79725,0.30,2.40
2008.03.03 09:17:00.274,0.7967,0.79725,0.30,2.40
2008.03.03 09:17:00.478,0.7967,0.7972,0.30,0.20
2008.03.03 09:17:00.681,0.7967,0.7971,0.30,8.00
2008.03.03 09:17:00.886,0.7967,0.7971,2.60,8.00
2008.03.03 09:17:01.179,0.79655,0.79685,2.40,4.00
2008.03.03 09:17:01.259,0.7967,0.7971,2.60,8.00
2008.03.03 09:17:01.496,0.79653,0.79683,0.30,2.50
2008.03.03 09:17:01.592,0.7967,0.7971,2.60,8.00
2008.03.03 09:17:01.732,0.79654,0.79684,0.30,4.00
2008.03.03 09:17:01.926,0.7967,0.7971,2.60,8.00
2008.03.03 09:17:01.951,0.79654,0.79684,4.00,0.20
2008.03.03 09:17:02.266,0.7967,0.7971,2.60,8.00
2008.03.03 09:17:02.272,0.79653,0.79683,0.30,0.20
2008.03.03 09:17:02.494,0.79652,0.79682,0.60,0.20
2008.03.03 09:17:02.586,0.7967,0.7971,2.60,8.00
2008.03.03 09:17:02.922,0.7967,0.7971,2.60,8.00
2008.03.03 09:17:02.924,0.79652,0.79682,0.30,0.40
2008.03.03 09:17:03.258,0.7965,0.7968,0.30,0.20
2008.03.03 09:17:03.381,0.7967,0.7971,2.60,8.00
2008.03.03 09:17:03.597,0.7965,0.7968,0.60,0.20
2008.03.03 09:17:03.796,0.7967,0.7971,2.60,8.00
2008.03.03 09:17:03.931,0.79648,0.79678,0.60,1.60
2008.03.03 09:17:04.237,0.7967,0.7971,2.60,8.00
2008.03.03 09:17:04.252,0.7965,0.7968,13.80,2.40
2008.03.03 09:17:04.589,0.79651,0.79681,0.30,0.20
2008.03.03 09:17:04.679,0.7967,0.7971,2.60,8.00
2008.03.03 09:17:04.904,0.7965,0.7968,0.30,0.20
2008.03.03 09:17:05.111,0.7967,0.7971,2.60,8.00
2008.03.03 09:17:05.240,0.79649,0.79679,2.60,2.40
2008.03.03 09:17:05.462,0.7967,0.7971,2.60,8.00
2008.03.03 09:17:05.472,0.79648,0.79678,2.40,2.40
2008.03.03 09:17:05.770,0.7967,0.7971,2.60,8.00
2008.03.03 09:17:05.798,0.79649,0.79679,0.30,0.20
2008.03.03 09:17:06.102,0.7967,0.7971,2.60,8.00
2008.03.03 09:17:06.222,0.7965,0.7968,0.30,0.20
2008.03.03 09:17:06.447,0.7967,0.7971,2.60,8.00
2008.03.03 09:17:06.562,0.7965,0.7968,0.30,0.20
2008.03.03 09:17:06.870,0.7967,0.7971,2.60,8.00
2008.03.03 09:17:06.881,0.7965,0.7968,9.60,0.20
2008.03.03 09:17:07.108,0.7965,0.7968,0.30,0.20
2008.03.03 09:17:07.207,0.7967,0.7971,2.60,8.00
2008.03.03 09:17:07.257,0.7965,0.7968,2.40,2.40
2008.03.03 09:17:07.325,0.79648,0.79678,0.30,2.40
2008.03.03 09:17:07.529,0.7967,0.7971,2.60,8.00
2008.03.03 09:17:07.766,0.79648,0.79678,0.30,0.20
2008.03.03 09:17:07.873,0.7967,0.7971,2.60,8.00
2008.03.03 09:17:08.102,0.7965,0.7968,1.60,0.10
2008.03.03 09:17:08.197,0.7965,0.7968,0.30,0.20
2008.03.03 09:17:08.201,0.7967,0.7971,2.60,8.00
2008.03.03 09:17:08.274,0.7965,0.7968,2.40,2.40
2008.03.03 09:17:08.511,0.79648,0.79678,0.30,0.20
2008.03.03 09:17:08.534,0.7967,0.7971,2.60,8.00
2008.03.03 09:17:08.869,0.79647,0.79677,0.20,1.60
2008.03.03 09:17:08.872,0.7967,0.7971,2.60,8.00
2008.03.03 09:17:09.178,0.7967,0.7971,2.60,8.00
2008.03.03 09:17:09.200,0.79648,0.79678,4.00,6.40
2008.03.03 09:17:09.524,0.7967,0.7971,2.60,8.00
2008.03.03 09:17:09.526,0.79648,0.79678,0.30,0.20
2008.03.03 09:17:09.858,0.7967,0.7971,2.60,8.00
2008.03.03 09:17:09.862,0.7965,0.7968,0.30,4.00
2008.03.03 09:17:10.162,0.7965,0.7968,0.30,2.40
2008.03.03 09:17:10.246,0.7967,0.797,2.60,4.00
2008.03.03 09:17:10.415,0.7965,0.7968,2.40,2.40
2008.03.03 09:17:10.465,0.7967,0.797,2.60,8.00
2008.03.03 09:17:10.696,0.7967,0.797,0.30,8.00
2008.03.03 09:17:10.737,0.79651,0.79681,0.30,4.00
2008.03.03 09:17:10.931,0.7967,0.797,0.30,8.00
2008.03.03 09:17:11.063,0.7965,0.7968,0.30,0.20
2008.03.03 09:17:11.149,0.7967,0.797,0.30,8.00
2008.03.03 09:17:11.393,0.79649,0.79679,0.30,0.10
2008.03.03 09:17:11.482,0.7967,0.797,0.30,8.00
2008.03.03 09:17:11.731,0.79648,0.79678,0.30,4.00
2008.03.03 09:17:11.815,0.7967,0.797,0.30,8.00
2008.03.03 09:17:12.067,0.7965,0.7968,0.30,0.40
2008.03.03 09:17:12.267,0.7967,0.797,0.30,8.00
2008.03.03 09:17:12.379,0.79651,0.79681,0.30,3.20
2008.03.03 09:17:12.598,0.7967,0.797,0.30,8.00
2008.03.03 09:17:12.728,0.79651,0.79681,2.80,2.40
2008.03.03 09:17:12.930,0.7967,0.797,0.30,8.00
2008.03.03 09:17:13.065,0.79652,0.79682,0.60,4.20
2008.03.03 09:17:13.266,0.7967,0.797,0.30,8.00
2008.03.03 09:17:13.399,0.79651,0.79681,0.30,4.00
2008.03.03 09:17:13.584,0.7967,0.797,0.30,8.00
2008.03.03 09:17:13.738,0.79651,0.79681,0.30,0.20
2008.03.03 09:17:13.931,0.7967,0.797,0.30,8.00
2008.03.03 09:17:13.942,0.79651,0.79681,0.30,0.20
2008.03.03 09:17:14.146,0.79652,0.79682,14.00,10.90
2008.03.03 09:17:14.249,0.7967,0.797,0.30,8.00
2008.03.03 09:17:14.380,0.79651,0.79681,8.00,4.00
2008.03.03 09:17:14.585,0.7967,0.797,0.30,8.00
2008.03.03 09:17:14.609,0.7965,0.7968,0.30,0.20
2008.03.03 09:17:14.813,0.7965,0.7968,2.40,2.40
2008.03.03 09:17:15.011,0.7967,0.797,0.30,8.00
2008.03.03 09:17:15.229,0.79649,0.79679,2.60,2.70
2008.03.03 09:17:15.349,0.7967,0.797,0.30,8.00
2008.03.03 09:17:15.569,0.7967,0.797,0.30,8.00
2008.03.03 09:17:15.678,0.79648,0.79678,2.60,2.50
2008.03.03 09:17:15.892,0.79648,0.79678,0.30,0.05
2008.03.03 09:17:15.912,0.7967,0.797,0.30,8.00
2008.03.03 09:17:16.115,0.7967,0.797,0.30,8.00
2008.03.03 09:17:16.236,0.79648,0.79678,0.30,0.20
2008.03.03 09:17:16.452,0.7967,0.797,0.30,8.00
2008.03.03 09:17:16.560,0.7965,0.7968,0.30,0.20
2008.03.03 09:17:16.791,0.7967,0.797,0.30,8.00
2008.03.03 09:17:16.894,0.7965,0.7968,4.00,0.20
2008.03.03 09:17:17.096,0.7967,0.797,0.30,8.00
2008.03.03 09:17:17.230,0.79651,0.79681,1.00,0.20
2008.03.03 09:17:17.391,0.7967,0.7969,0.30,4.00
2008.03.03 09:17:17.562,0.79651,0.79681,0.30,0.20
2008.03.03 09:17:17.689,0.7967,0.7969,0.30,8.00
2008.03.03 09:17:17.860,0.7965,0.7968,0.30,0.20
2008.03.03 09:17:17.948,0.7967,0.7969,0.30,8.00
2008.03.03 09:17:18.179,0.79651,0.79681,0.30,0.20
2008.03.03 09:17:18.230,0.7967,0.7969,0.30,8.00
2008.03.03 09:17:18.456,0.7965,0.7968,0.30,0.20
2008.03.03 09:17:18.541,0.7967,0.7969,0.30,8.00
2008.03.03 09:17:18.768,0.79648,0.79678,0.30,0.20
2008.03.03 09:17:18.865,0.7967,0.7969,0.30,8.00
2008.03.03 09:17:19.050,0.7965,0.7968,0.30,0.50
2008.03.03 09:17:19.133,0.7967,0.7969,0.30,8.00
2008.03.03 09:17:19.334,0.79651,0.79676,0.30,0.20
2008.03.03 09:17:19.468,0.7967,0.7969,0.30,8.00
2008.03.03 09:17:19.606,0.7965,0.7968,9.60,0.20
2008.03.03 09:17:19.849,0.7967,0.7969,0.30,8.00
2008.03.03 09:17:19.874,0.79651,0.79681,2.40,2.40
2008.03.03 09:17:20.186,0.79651,0.79681,0.30,0.50
2008.03.03 09:17:20.290,0.7967,0.7969,0.30,8.00
2008.03.03 09:17:20.520,0.7965,0.7968,2.40,2.40
2008.03.03 09:17:20.622,0.7967,0.7969,0.30,8.00
2008.03.03 09:17:20.828,0.7965,0.7968,0.60,0.20
2008.03.03 09:17:20.949,0.7967,0.7969,0.30,8.00
2008.03.03 09:17:21.072,0.7965,0.7968,2.40,2.40
2008.03.03 09:17:21.294,0.7967,0.7969,0.30,8.00
2008.03.03 09:17:21.413,0.79651,0.79681,2.40,2.40
2008.03.03 09:17:21.714,0.7967,0.7969,0.30,8.00
2008.03.03 09:17:21.742,0.79651,0.79681,4.00,0.20
2008.03.03 09:17:22.053,0.7967,0.7969,0.30,8.00
2008.03.03 09:17:22.168,0.79651,0.79681,2.40,2.50
2008.03.03 09:17:22.374,0.7967,0.7969,0.30,8.00
2008.03.03 09:17:22.509,0.7965,0.7968,0.30,2.50
2008.03.03 09:17:22.704,0.7967,0.7969,0.30,8.00
2008.03.03 09:17:22.844,0.7965,0.7968,0.30,4.00
2008.03.03 09:17:23.047,0.7967,0.7969,0.30,8.00
2008.03.03 09:17:23.167,0.79648,0.79678,0.30,0.20
2008.03.03 09:17:23.370,0.7967,0.7969,0.30,8.00
2008.03.03 09:17:23.481,0.79649,0.79679,0.30,0.20
2008.03.03 09:17:23.696,0.7967,0.7969,0.30,8.00
2008.03.03 09:17:23.908,0.79649,0.79679,0.30,0.20
2008.03.03 09:17:24.041,0.7967,0.7969,0.30,8.00
2008.03.03 09:17:24.142,0.79647,0.79682,8.00,2.40
2008.03.03 09:17:24.372,0.7967,0.7969,0.30,8.00
2008.03.03 09:17:24.376,0.79652,0.79677,2.60,2.50
2008.03.03 09:17:24.612,0.79649,0.79679,0.30,4.00
2008.03.03 09:17:24.800,0.7967,0.7969,0.30,8.00
2008.03.03 09:17:24.846,0.79648,0.79683,2.80,2.50
2008.03.03 09:17:25.138,0.7967,0.7969,0.30,8.00
2008.03.03 09:17:25.162,0.79645,0.79685,4.00,0.20
2008.03.03 09:17:25.477,0.79642,0.79688,2.40,2.40
2008.03.03 09:17:25.566,0.7967,0.7969,0.30,8.00
2008.03.03 09:17:25.785,0.7967,0.7969,0.30,8.00
2008.03.03 09:17:25.798,0.79642,0.79688,8.00,0.20
2008.03.03 09:17:26.010,0.7967,0.7969,0.30,8.00
2008.03.03 09:17:26.137,0.79642,0.79688,0.30,0.20
2008.03.03 09:17:26.233,0.7967,0.7969,0.30,8.00
2008.03.03 09:17:26.366,0.79642,0.79688,0.30,0.50
2008.03.03 09:17:26.572,0.7967,0.7969,0.30,8.00
2008.03.03 09:17:26.666,0.79642,0.79688,0.30,0.20
2008.03.03 09:17:26.896,0.7967,0.7969,0.30,8.00
2008.03.03 09:17:26.918,0.79642,0.79688,0.30,0.20
2008.03.03 09:17:27.211,0.7966,0.7969,2.60,8.00
2008.03.03 09:17:27.342,0.79642,0.79688,0.50,0.20
2008.03.03 09:17:27.546,0.7966,0.7969,2.60,8.00
2008.03.03 09:17:27.677,0.79642,0.79688,4.00,0.20
2008.03.03 09:17:27.877,0.7966,0.7969,2.60,8.00
2008.03.03 09:17:28.011,0.79642,0.79688,2.40,2.40
2008.03.03 09:17:28.109,0.7966,0.7969,2.60,8.00
2008.03.03 09:17:28.286,0.79647,0.79682,6.40,0.30
2008.03.03 09:17:28.430,0.7966,0.7969,2.60,8.00
2008.03.03 09:17:28.577,0.79647,0.79682,0.50,0.60
2008.03.03 09:17:28.762,0.7966,0.7969,2.60,8.00
2008.03.03 09:17:28.888,0.79647,0.79682,2.60,6.40
2008.03.03 09:17:29.094,0.7966,0.7969,2.60,8.00
2008.03.03 09:17:29.208,0.79648,0.79683,0.30,0.40
2008.03.03 09:17:29.423,0.7966,0.7969,2.60,8.00
2008.03.03 09:17:29.529,0.79648,0.79683,0.30,0.20
2008.03.03 09:17:29.860,0.7966,0.7969,2.60,8.00
2008.03.03 09:17:29.877,0.79648,0.79683,0.10,0.20
2008.03.03 09:17:30.195,0.79648,0.79683,0.80,0.20
2008.03.03 09:17:30.306,0.7966,0.7969,2.60,8.00
2008.03.03 09:17:30.480,0.79645,0.79685,0.30,0.20
2008.03.03 09:17:30.748,0.7966,0.7969,2.60,8.00
2008.03.03 09:17:30.764,0.79645,0.79685,0.30,2.80
2008.03.03 09:17:30.963,0.7966,0.7969,2.60,8.00
2008.03.03 09:17:31.080,0.79645,0.79685,0.30,2.90
2008.03.03 09:17:31.193,0.7966,0.7969,2.60,8.00
2008.03.03 09:17:31.407,0.79645,0.79685,6.40,2.40
2008.03.03 09:17:31.427,0.7966,0.7969,2.60,8.00
2008.03.03 09:17:31.738,0.79645,0.79685,0.30,0.20
2008.03.03 09:17:31.836,0.7966,0.7969,2.60,8.00
2008.03.03 09:17:32.083,0.79645,0.79685,0.30,0.20
2008.03.03 09:17:32.163,0.7966,0.7969,2.60,8.00
2008.03.03 09:17:32.504,0.79645,0.79685,0.30,4.00
2008.03.03 09:17:32.506,0.7966,0.7969,2.60,8.00
2008.03.03 09:17:32.828,0.7966,0.7969,2.60,8.00
2008.03.03 09:17:32.940,0.79645,0.79685,0.30,4.00
2008.03.03 09:17:33.156,0.7966,0.7969,2.60,8.00
2008.03.03 09:17:33.293,0.79645,0.79685,0.30,0.40
2008.03.03 09:17:33.487,0.7966,0.7969,2.60,8.00
2008.03.03 09:17:33.648,0.79645,0.79685,2.80,2.50
2008.03.03 09:17:33.822,0.7966,0.7969,2.60,8.00
2008.03.03 09:17:33.938,0.79645,0.79685,0.30,0.20
2008.03.03 09:17:34.080,0.7966,0.7969,2.60,8.00
2008.03.03 09:17:34.271,0.79645,0.79685,0.30,4.00
2008.03.03 09:17:34.362,0.7966,0.7969,2.60,8.00
2008.03.03 09:17:34.598,0.79645,0.79685,0.30,0.20
2008.03.03 09:17:34.620,0.7966,0.7969,2.80,8.00
2008.03.03 09:17:34.873,0.79645,0.79685,0.30,4.00
2008.03.03 09:17:35.021,0.7966,0.7969,2.80,8.00
2008.03.03 09:17:35.182,0.79645,0.79685,0.60,0.40
2008.03.03 09:17:35.469,0.7966,0.7969,2.80,8.00
2008.03.03 09:17:35.491,0.79645,0.79685,0.80,4.00
2008.03.03 09:17:35.697,0.7966,0.7969,2.80,8.00
2008.03.03 09:17:35.801,0.79645,0.79685,0.30,2.50
2008.03.03 09:17:36.008,0.7966,0.7969,2.80,8.00
2008.03.03 09:17:36.133,0.79646,0.79686,4.00,0.20
2008.03.03 09:17:36.348,0.7966,0.7969,2.80,8.00
2008.03.03 09:17:36.374,0.79649,0.79679,9.60,9.60
2008.03.03 09:17:36.574,0.7966,0.7969,2.80,8.00
2008.03.03 09:17:36.614,0.79648,0.79678,3.80,2.40
2008.03.03 09:17:36.855,0.79651,0.79676,0.30,0.20
2008.03.03 09:17:36.907,0.7966,0.7969,2.80,8.00
2008.03.03 09:17:37.094,0.79653,0.79678,3.20,2.80
2008.03.03 09:17:37.233,0.7966,0.7969,2.80,8.00
2008.03.03 09:17:37.429,0.79651,0.79681,4.00,0.20
2008.03.03 09:17:37.554,0.7966,0.7969,2.80,8.00
2008.03.03 09:17:37.763,0.79653,0.79683,0.30,4.00
2008.03.03 09:17:37.888,0.7966,0.7969,2.80,8.00
2008.03.03 09:17:38.117,0.79651,0.79681,0.40,0.20
2008.03.03 09:17:38.229,0.7966,0.7969,2.80,8.00
2008.03.03 09:17:38.457,0.7965,0.7968,0.30,0.20
2008.03.03 09:17:38.560,0.7966,0.7969,2.80,8.00
2008.03.03 09:17:38.773,0.7965,0.7968,0.60,0.20
2008.03.03 09:17:38.873,0.7966,0.7969,2.80,8.00
2008.03.03 09:17:39.122,0.79648,0.79678,0.30,4.00
2008.03.03 09:17:39.209,0.7966,0.7969,2.80,8.00
2008.03.03 09:17:39.442,0.7965,0.7968,0.30,2.50
2008.03.03 09:17:39.542,0.7966,0.7969,2.80,8.00
2008.03.03 09:17:39.767,0.7965,0.7968,0.30,0.10
2008.03.03 09:17:39.877,0.7966,0.7969,2.80,8.00
2008.03.03 09:17:40.109,0.79648,0.79678,0.30,2.50
2008.03.03 09:17:40.298,0.7966,0.7969,2.80,8.00
2008.03.03 09:17:40.441,0.79649,0.79679,0.50,0.20
2008.03.03 09:17:40.635,0.7966,0.7969,2.80,8.00
2008.03.03 09:17:40.761,0.79649,0.79679,0.30,0.40
2008.03.03 09:17:40.854,0.7966,0.7969,2.80,8.00
2008.03.03 09:17:41.084,0.7966,0.7969,2.80,8.00
2008.03.03 09:17:41.089,0.79649,0.79679,0.10,0.20
2008.03.03 09:17:41.412,0.7966,0.7969,2.80,8.00
2008.03.03 09:17:41.414,0.79648,0.79678,5.60,2.40
2008.03.03 09:17:41.628,0.7966,0.7969,2.80,8.00
2008.03.03 09:17:41.650,0.7965,0.7968,0.30,0.40
2008.03.03 09:17:41.962,0.7966,0.7969,2.80,8.00
2008.03.03 09:17:41.966,0.7965,0.7968,0.30,4.00
2008.03.03 09:17:42.290,0.7965,0.7968,4.00,2.40
2008.03.03 09:17:42.297,0.7966,0.7969,2.80,8.00
2008.03.03 09:17:42.624,0.7965,0.7968,0.60,0.20
2008.03.03 09:17:42.631,0.7966,0.7969,2.60,8.00
2008.03.03 09:17:42.958,0.7966,0.7969,2.60,8.00
2008.03.03 09:17:42.973,0.7965,0.7968,2.80,2.50
2008.03.03 09:17:43.272,0.7966,0.7969,2.60,8.00
2008.03.03 09:17:43.393,0.79651,0.79681,0.30,4.00
2008.03.03 09:17:43.501,0.7966,0.7969,2.60,8.00
2008.03.03 09:17:43.733,0.79652,0.79682,4.00,0.20
2008.03.03 09:17:43.820,0.7966,0.7969,2.60,8.00
2008.03.03 09:17:44.073,0.79651,0.79681,4.80,0.20
2008.03.03 09:17:44.270,0.7966,0.7969,2.60,8.00
2008.03.03 09:17:44.395,0.7965,0.7968,0.30,0.20
2008.03.03 09:17:44.587,0.7966,0.7969,0.30,8.00
2008.03.03 09:17:44.655,0.7965,0.7968,6.40,0.20
2008.03.03 09:17:44.922,0.7966,0.7969,0.30,8.10
2008.03.03 09:17:44.932,0.79649,0.79679,2.60,2.70
2008.03.03 09:17:45.147,0.7966,0.7969,0.30,8.10
2008.03.03 09:17:45.171,0.79649,0.79679,0.30,0.20
2008.03.03 09:17:45.485,0.7966,0.7969,0.30,8.10
2008.03.03 09:17:45.500,0.7965,0.7968,0.30,2.40
2008.03.03 09:17:45.801,0.7966,0.7969,0.30,8.10
2008.03.03 09:17:45.909,0.79651,0.79681,0.60,0.20
2008.03.03 09:17:46.144,0.7966,0.7969,0.30,8.10
2008.03.03 09:17:46.238,0.7965,0.7968,0.50,0.40
2008.03.03 09:17:46.468,0.7965,0.7968,4.20,0.20
2008.03.03 09:17:46.484,0.7966,0.7969,0.30,8.10
2008.03.03 09:17:46.759,0.7966,0.7969,0.30,8.10
2008.03.03 09:17:46.782,0.79651,0.79681,4.00,0.20
2008.03.03 09:17:47.011,0.79651,0.79681,0.30,0.20
2008.03.03 09:17:47.128,0.7966,0.7969,0.30,8.10
2008.03.03 09:17:47.241,0.79651,0.79681,0.60,4.00
2008.03.03 09:17:47.464,0.7966,0.7969,0.30,8.10
2008.03.03 09:17:47.574,0.79651,0.79681,8.20,2.40
2008.03.03 09:17:47.794,0.7966,0.7969,0.30,8.10
2008.03.03 09:17:47.915,0.7965,0.7968,0.50,0.20
2008.03.03 09:17:48.353,0.7965,0.7968,8.00,0.20
2008.03.03 09:17:48.677,0.7965,0.7968,0.60,0.40
2008.03.03 09:17:49.016,0.79648,0.79678,0.30,3.80
2008.03.03 09:17:49.395,0.7966,0.7969,0.30,8.10
2008.03.03 09:17:49.431,0.79647,0.79677,4.80,6.40
2008.03.03 09:17:49.579,0.7966,0.7969,0.30,8.10
2008.03.03 09:17:49.675,0.7966,0.7969,0.30,8.10
2008.03.03 09:17:49.776,0.79648,0.79678,0.30,4.00
2008.03.03 09:17:49.794,0.7966,0.7969,0.30,8.10
2008.03.03 09:17:49.904,0.7966,0.7969,0.30,8.10
2008.03.03 09:17:50.024,0.7966,0.7969,0.30,8.10
2008.03.03 09:17:50.112,0.7966,0.7969,0.30,8.10
2008.03.03 09:17:50.121,0.79648,0.79678,0.30,4.00
2008.03.03 09:17:50.244,0.7966,0.7969,0.30,8.10
2008.03.03 09:17:50.345,0.7966,0.7969,0.30,8.10
2008.03.03 09:17:50.434,0.79649,0.79679,0.30,4.00
2008.03.03 09:17:50.749,0.7966,0.7969,0.30,8.10
2008.03.03 09:17:50.878,0.7965,0.7968,0.70,0.20
2008.03.03 09:17:51.083,0.7966,0.7969,0.30,8.10
2008.03.03 09:17:51.323,0.79649,0.79679,0.80,4.00
2008.03.03 09:17:51.425,0.7966,0.7969,0.30,8.10
2008.03.03 09:17:51.650,0.79649,0.79679,0.30,4.00
2008.03.03 09:17:51.749,0.7966,0.7969,0.30,8.10
2008.03.03 09:17:51.958,0.7966,0.7969,0.30,8.10
2008.03.03 09:17:51.965,0.79649,0.79679,0.70,4.00
2008.03.03 09:17:52.195,0.7966,0.7969,0.30,8.10
2008.03.03 09:17:52.315,0.79649,0.79679,0.30,0.20
2008.03.03 09:17:52.405,0.7967,0.7969,0.30,8.00
2008.03.03 09:17:52.663,0.7965,0.7968,0.50,0.60
2008.03.03 09:17:52.728,0.7967,0.7969,0.30,8.00
2008.03.03 09:17:53.053,0.7967,0.7969,0.30,8.00
2008.03.03 09:17:53.080,0.7965,0.7968,6.40,0.20
2008.03.03 09:17:53.376,0.7967,0.7969,0.30,8.00
2008.03.03 09:17:53.418,0.7965,0.7968,0.30,0.50
2008.03.03 09:17:53.701,0.7967,0.7969,0.30,8.00
2008.03.03 09:17:53.735,0.79651,0.79681,0.30,4.00
2008.03.03 09:17:53.930,0.7967,0.7969,0.30,8.00
2008.03.03 09:17:54.063,0.79652,0.79682,0.30,4.00
2008.03.03 09:17:54.160,0.7966,0.7969,0.30,8.00
2008.03.03 09:17:54.388,0.7966,0.7969,0.30,8.00
2008.03.03 09:17:54.391,0.79653,0.79683,4.00,0.20
2008.03.03 09:17:54.705,0.79651,0.79681,2.60,0.20
2008.03.03 09:17:54.828,0.7966,0.7969,0.30,8.00
2008.03.03 09:17:55.103,0.79651,0.79681,0.30,4.10
2008.03.03 09:17:55.274,0.7966,0.7969,0.30,8.00
2008.03.03 09:17:55.397,0.79651,0.79681,0.30,2.40
2008.03.03 09:17:55.716,0.7966,0.7969,0.30,8.00
2008.03.03 09:17:55.722,0.7965,0.7968,0.80,0.20
2008.03.03 09:17:55.925,0.7966,0.7969,0.30,8.00
2008.03.03 09:17:56.059,0.79648,0.79678,2.40,0.50
2008.03.03 09:17:56.153,0.7966,0.7969,0.30,8.00
2008.03.03 09:17:56.456,0.79647,0.79677,1.80,2.50
2008.03.03 09:17:56.499,0.7966,0.7969,0.30,8.00
2008.03.03 09:17:56.689,0.79648,0.79678,3.80,2.40
2008.03.03 09:17:56.800,0.7966,0.7969,0.30,8.00
2008.03.03 09:17:56.923,0.79648,0.79678,4.00,0.20
2008.03.03 09:17:57.089,0.7966,0.7968,0.30,8.00
2008.03.03 09:17:57.250,0.79648,0.79678,0.60,0.40
2008.03.03 09:17:57.380,0.7966,0.7968,0.30,8.00
2008.03.03 09:17:57.591,0.79647,0.79677,0.30,0.20
2008.03.03 09:17:57.638,0.7966,0.7968,0.30,8.00
2008.03.03 09:17:57.912,0.7966,0.7968,0.30,8.00
2008.03.03 09:17:58.027,0.79648,0.79678,1.00,0.20
2008.03.03 09:17:58.186,0.7966,0.7968,0.30,8.00
2008.03.03 09:17:58.459,0.79648,0.79678,0.30,0.20
2008.03.03 09:17:58.539,0.7966,0.7968,0.30,8.00
2008.03.03 09:17:58.798,0.79648,0.79678,2.60,2.50
2008.03.03 09:17:58.891,0.7966,0.7968,0.30,8.00
2008.03.03 09:17:59.134,0.7965,0.7968,0.30,4.00
2008.03.03 09:17:59.160,0.7966,0.7968,0.30,8.00
2008.03.03 09:17:59.450,0.7966,0.7968,0.30,8.00
2008.03.03 09:17:59.560,0.79648,0.79678,2.40,0.60
2008.03.03 09:17:59.718,0.7966,0.7968,0.30,8.00
2008.03.03 09:17:59.891,0.79647,0.79677,8.00,2.40
2008.03.03 09:18:00.098,0.7966,0.7968,0.30,8.00
2008.03.03 09:18:00.432,0.7966,0.7968,0.30,8.00
2008.03.03 09:18:00.536,0.7964,0.7967,0.30,0.20
2008.03.03 09:18:00.767,0.7966,0.7968,0.30,8.00
2008.03.03 09:18:00.990,0.7966,0.7968,0.30,8.00
2008.03.03 09:18:01.001,0.79636,0.79666,0.30,2.50
2008.03.03 09:18:01.215,0.7966,0.7968,0.30,8.00
2008.03.03 09:18:01.321,0.79632,0.79662,0.30,0.20
2008.03.03 09:18:01.440,0.7966,0.7968,0.30,8.00
2008.03.03 09:18:01.549,0.7963,0.7966,0.30,0.20
2008.03.03 09:18:01.665,0.7966,0.7968,0.30,8.00
2008.03.03 09:18:01.861,0.79627,0.79657,0.30,0.20
2008.03.03 09:18:01.983,0.7966,0.7968,0.30,8.00
2008.03.03 09:18:02.101,0.79624,0.79654,0.30,0.20
2008.03.03 09:18:02.352,0.7966,0.7968,0.30,8.00
2008.03.03 09:18:02.488,0.79621,0.79651,0.30,4.00
2008.03.03 09:18:02.671,0.7966,0.7968,0.30,8.00
2008.03.03 09:18:02.821,0.79622,0.79652,0.80,0.20
2008.03.03 09:18:02.912,0.7966,0.7968,0.30,8.00
2008.03.03 09:18:03.179,0.7966,0.7968,0.30,8.00
2008.03.03 09:18:03.199,0.79625,0.79655,2.40,0.20
2008.03.03 09:18:03.507,0.7966,0.7968,0.30,8.00
2008.03.03 09:18:03.541,0.79627,0.79657,0.20,0.80
2008.03.03 09:18:03.835,0.7966,0.7968,0.30,8.00
2008.03.03 09:18:03.857,0.79628,0.79658,4.00,0.20
2008.03.03 09:18:04.172,0.7966,0.7968,0.30,8.00
2008.03.03 09:18:04.194,0.79627,0.79657,2.40,4.00
2008.03.03 09:18:04.499,0.7966,0.7968,0.30,8.00
2008.03.03 09:18:04.531,0.79625,0.79655,2.40,2.40
2008.03.03 09:18:04.825,0.7966,0.7968,0.30,8.00
2008.03.03 09:18:04.841,0.79624,0.79654,0.30,0.20
2008.03.03 09:18:05.167,0.7966,0.7968,0.30,8.00
2008.03.03 09:18:05.184,0.79624,0.79654,8.00,0.20
2008.03.03 09:18:05.503,0.7966,0.7968,0.30,8.00
2008.03.03 09:18:05.508,0.79625,0.79655,2.40,0.20
2008.03.03 09:18:05.738,0.79628,0.79658,2.80,2.70
2008.03.03 09:18:05.854,0.7966,0.7968,0.30,8.00
2008.03.03 09:18:06.057,0.7966,0.7968,0.30,8.00
2008.03.03 09:18:06.066,0.79632,0.79662,4.00,0.20
2008.03.03 09:18:06.262,0.7966,0.7968,0.30,8.00
2008.03.03 09:18:06.466,0.7966,0.7968,0.30,8.00
2008.03.03 09:18:06.501,0.79633,0.79663,0.30,0.20
2008.03.03 09:18:06.670,0.7966,0.7968,0.30,8.00
2008.03.03 09:18:06.737,0.79633,0.79663,0.10,0.20
2008.03.03 09:18:06.931,0.79633,0.79663,0.30,0.40
2008.03.03 09:18:07.004,0.7966,0.7968,0.30,8.00
2008.03.03 09:18:07.365,0.7966,0.7968,0.30,8.00
2008.03.03 09:18:07.369,0.79632,0.79662,4.00,0.20
2008.03.03 09:18:07.708,0.79629,0.79659,0.30,0.20
2008.03.03 09:18:07.801,0.7966,0.7968,0.30,8.00
2008.03.03 09:18:08.033,0.7966,0.7968,0.30,8.00
2008.03.03 09:18:08.043,0.79626,0.79656,0.30,0.20
2008.03.03 09:18:08.288,0.7966,0.7968,0.30,8.00
2008.03.03 09:18:08.381,0.79625,0.79655,4.00,0.20
2008.03.03 09:18:08.589,0.7966,0.7968,0.30,8.00
2008.03.03 09:18:08.698,0.79623,0.79653,0.30,0.20
2008.03.03 09:18:08.910,0.7966,0.7968,0.30,8.00
2008.03.03 09:18:09.032,0.79622,0.79652,0.30,0.20
2008.03.03 09:18:09.342,0.7966,0.7968,0.30,8.00
2008.03.03 09:18:09.352,0.79621,0.79651,0.30,4.00
2008.03.03 09:18:09.716,0.79622,0.79652,2.40,0.50
2008.03.03 09:18:09.777,0.7966,0.7968,0.30,8.00
2008.03.03 09:18:09.976,0.7966,0.7968,0.30,8.00
2008.03.03 09:18:10.031,0.79624,0.79654,0.50,2.40
2008.03.03 09:18:10.231,0.7966,0.7968,0.30,8.00
2008.03.03 09:18:10.344,0.79624,0.79654,6.40,0.50
2008.03.03 09:18:10.443,0.7966,0.7968,0.30,8.00
2008.03.03 09:18:10.662,0.7966,0.7968,0.30,8.00
2008.03.03 09:18:10.674,0.79625,0.79655,0.30,9.60
2008.03.03 09:18:10.876,0.7966,0.7968,0.30,8.00
2008.03.03 09:18:10.902,0.79626,0.79656,2.00,2.40
2008.03.03 09:18:11.216,0.79625,0.79655,0.30,0.20
2008.03.03 09:18:11.331,0.7966,0.7968,0.30,8.00
2008.03.03 09:18:11.446,0.79624,0.79654,0.50,0.20
2008.03.03 09:18:11.771,0.7966,0.7968,0.30,8.00
2008.03.03 09:18:11.782,0.79621,0.79651,0.30,0.20
2008.03.03 09:18:12.090,0.7966,0.7968,0.30,8.00
2008.03.03 09:18:12.115,0.79621,0.79651,0.30,0.20
2008.03.03 09:18:12.321,0.7966,0.7968,0.30,8.00
2008.03.03 09:18:12.539,0.79621,0.79651,0.30,0.40
2008.03.03 09:18:12.652,0.7966,0.7968,0.30,8.00
2008.03.03 09:18:12.858,0.79623,0.79653,0.30,0.20
2008.03.03 09:18:12.867,0.7966,0.7968,0.30,8.00
2008.03.03 09:18:13.201,0.7966,0.7968,0.30,8.00
2008.03.03 09:18:13.211,0.79622,0.79652,0.30,4.00
2008.03.03 09:18:13.496,0.79621,0.79651,6.40,0.20
2008.03.03 09:18:13.567,0.7966,0.7968,0.30,8.00
2008.03.03 09:18:13.762,0.79621,0.79651,0.30,0.20
2008.03.03 09:18:13.897,0.7966,0.7967,0.30,4.00
2008.03.03 09:18:14.080,0.79622,0.79652,0.30,0.20
2008.03.03 09:18:14.226,0.79645,0.7967,3.20,8.00
2008.03.03 09:18:14.423,0.79621,0.79651,0.30,0.20
2008.03.03 09:18:14.554,0.7964,0.7967,2.80,8.00
2008.03.03 09:18:14.759,0.79619,0.79649,2.60,2.70
2008.03.03 09:18:14.884,0.7964,0.7967,2.60,8.00
2008.03.03 09:18:15.071,0.79616,0.79646,0.30,0.20
2008.03.03 09:18:15.087,0.7964,0.7967,2.60,8.00
2008.03.03 09:18:15.291,0.7964,0.7967,2.60,8.00
2008.03.03 09:18:15.419,0.79615,0.79645,0.30,0.20
2008.03.03 09:18:15.520,0.7964,0.7967,0.30,8.00
2008.03.03 09:18:15.727,0.79614,0.79644,0.30,0.20
2008.03.03 09:18:15.833,0.7964,0.7967,0.30,8.00
2008.03.03 09:18:16.067,0.79614,0.79644,2.60,8.10
2008.03.03 09:18:16.157,0.7964,0.7967,0.30,8.00
2008.03.03 09:18:16.402,0.79616,0.79646,0.10,0.20
2008.03.03 09:18:16.497,0.7964,0.7967,0.30,8.00
2008.03.03 09:18:16.820,0.7964,0.7967,0.30,8.00
2008.03.03 09:18:16.837,0.79618,0.79648,4.00,0.40
2008.03.03 09:18:17.148,0.7964,0.7967,0.30,8.00
2008.03.03 09:18:17.245,0.7962,0.7965,0.30,0.40
2008.03.03 09:18:17.490,0.7964,0.7967,0.30,8.00
2008.03.03 09:18:17.599,0.79621,0.79651,0.60,2.40
2008.03.03 09:18:17.814,0.7964,0.7967,0.30,8.00
2008.03.03 09:18:17.946,0.79621,0.79651,4.00,0.20
2008.03.03 09:18:18.127,0.7964,0.7967,0.30,8.00
2008.03.03 09:18:18.268,0.79622,0.79652,0.30,2.50
2008.03.03 09:18:18.568,0.7964,0.7967,0.30,8.00
2008.03.03 09:18:18.592,0.79625,0.79655,0.30,0.20
2008.03.03 09:18:18.913,0.7964,0.7967,0.30,8.00
2008.03.03 09:18:18.921,0.79628,0.79658,4.00,0.20
2008.03.03 09:18:19.243,0.7964,0.7967,0.30,8.00
2008.03.03 09:18:19.264,0.79631,0.79661,2.40,5.60
2008.03.03 09:18:19.572,0.7963,0.7966,4.00,0.20
2008.03.03 09:18:19.591,0.7964,0.7967,0.30,8.00
2008.03.03 09:18:19.900,0.7964,0.7967,0.30,8.00
2008.03.03 09:18:19.926,0.79628,0.79658,4.00,2.40
2008.03.03 09:18:20.228,0.79628,0.79658,0.30,0.20
2008.03.03 09:18:20.236,0.7964,0.7967,0.30,8.00
2008.03.03 09:18:20.517,0.79628,0.79658,0.30,0.20
2008.03.03 09:18:20.561,0.7964,0.7967,0.30,8.00
2008.03.03 09:18:20.794,0.79628,0.79658,0.30,4.00
2008.03.03 09:18:20.882,0.7964,0.7967,0.30,8.00
2008.03.03 09:18:21.123,0.79625,0.79655,0.30,0.20
2008.03.03 09:18:21.219,0.7964,0.7967,0.30,8.00
2008.03.03 09:18:21.460,0.79625,0.79655,2.40,2.40
2008.03.03 09:18:21.539,0.7964,0.7967,0.30,8.00
2008.03.03 09:18:21.869,0.7964,0.7967,0.30,8.00
2008.03.03 09:18:21.889,0.79626,0.79656,0.30,0.20
2008.03.03 09:18:22.215,0.7964,0.7967,0.30,8.00
2008.03.03 09:18:22.223,0.79628,0.79658,0.60,0.40
2008.03.03 09:18:22.483,0.7964,0.7966,0.30,4.00
2008.03.03 09:18:22.653,0.7963,0.7966,4.00,0.20
2008.03.03 09:18:22.753,0.7964,0.7966,0.30,8.00
2008.03.03 09:18:22.993,0.79628,0.79658,8.20,2.50
2008.03.03 09:18:23.023,0.7964,0.7967,0.30,8.00
2008.03.03 09:18:23.277,0.7964,0.7967,0.30,8.00
2008.03.03 09:18:23.326,0.79626,0.79656,0.30,0.30
2008.03.03 09:18:23.531,0.7964,0.7967,0.30,8.00
2008.03.03 09:18:23.634,0.79623,0.79653,2.40,9.60
2008.03.03 09:18:23.865,0.7964,0.7967,0.30,8.00
2008.03.03 09:18:23.989,0.79621,0.79651,0.30,2.50
2008.03.03 09:18:24.123,0.7964,0.7967,0.30,8.00
2008.03.03 09:18:24.323,0.79621,0.79651,0.30,0.20
2008.03.03 09:18:24.458,0.7964,0.7967,0.30,8.00
2008.03.03 09:18:24.747,0.79622,0.79652,4.00,0.80
2008.03.03 09:18:24.865,0.7964,0.7967,0.30,8.00
2008.03.03 09:18:25.075,0.79625,0.79655,0.30,0.20
2008.03.03 09:18:25.181,0.7964,0.7967,0.30,8.00
2008.03.03 09:18:25.434,0.7964,0.7967,0.30,8.00
2008.03.03 09:18:25.533,0.79626,0.79656,8.00,0.20
2008.03.03 09:18:25.726,0.7964,0.7967,0.30,8.00
2008.03.03 09:18:25.850,0.79628,0.79658,2.40,2.40
2008.03.03 09:18:26.056,0.7964,0.7967,0.30,8.00
2008.03.03 09:18:26.187,0.7963,0.7966,2.60,2.50
2008.03.03 09:18:26.372,0.7964,0.7966,0.30,0.10
2008.03.03 09:18:26.500,0.79629,0.79659,0.30,0.05
2008.03.03 09:18:26.687,0.7964,0.7966,0.30,4.00
2008.03.03 09:18:26.839,0.79627,0.79657,0.80,0.20
2008.03.03 09:18:26.970,0.7964,0.7966,0.30,8.00
2008.03.03 09:18:27.176,0.79623,0.79653,0.30,0.20
2008.03.03 09:18:27.225,0.7964,0.7966,0.30,0.10
2008.03.03 09:18:27.480,0.7964,0.7966,0.30,0.10
2008.03.03 09:18:27.511,0.79621,0.79651,0.30,0.40
2008.03.03 09:18:27.821,0.7964,0.7966,0.30,0.10
2008.03.03 09:18:27.842,0.79617,0.79647,13.60,2.50
2008.03.03 09:18:28.076,0.79635,0.7966,2.40,0.10
2008.03.03 09:18:28.198,0.79615,0.79645,4.20,0.20
2008.03.03 09:18:28.371,0.7962,0.7966,0.30,0.10
2008.03.03 09:18:28.451,0.79612,0.79642,2.40,2.40
2008.03.03 09:18:28.669,0.79615,0.7966,2.60,0.10
2008.03.03 09:18:28.705,0.79609,0.79639,0.30,0.20
2008.03.03 09:18:28.962,0.79615,0.7966,2.40,0.10
2008.03.03 09:18:29.039,0.79609,0.79639,2.40,0.50
2008.03.03 09:18:29.256,0.79615,0.7966,2.40,0.10
2008.03.03 09:18:29.344,0.79615,0.79645,2.40,2.40
2008.03.03 09:18:29.648,0.79617,0.79647,4.20,0.20
2008.03.03 09:18:29.686,0.79615,0.7966,2.40,0.10
2008.03.03 09:18:29.898,0.79619,0.79649,0.30,2.40
2008.03.03 09:18:30.021,0.79615,0.7966,7.20,0.10
2008.03.03 09:18:30.147,0.79619,0.79649,0.30,0.20
2008.03.03 09:18:30.250,0.7963,0.7966,2.40,0.10
2008.03.03 09:18:30.397,0.79617,0.79652,0.60,0.20
2008.03.03 09:18:30.499,0.7963,0.7966,2.60,0.10
2008.03.03 09:18:30.646,0.7962,0.79655,3.20,2.80
2008.03.03 09:18:30.786,0.7963,0.7966,2.60,0.10
2008.03.03 09:18:30.915,0.79623,0.79658,2.40,2.40
2008.03.03 09:18:31.015,0.7963,0.7965,2.60,4.00
2008.03.03 09:18:31.187,0.79626,0.79661,0.30,0.20
2008.03.03 09:18:31.315,0.7963,0.7965,0.30,8.00
2008.03.03 09:18:31.456,0.79627,0.79662,0.30,0.20
2008.03.03 09:18:31.623,0.7963,0.7965,0.30,8.00
2008.03.03 09:18:31.726,0.79623,0.79663,10.40,8.10
2008.03.03 09:18:31.994,0.7963,0.7965,0.30,8.00
2008.03.03 09:18:32.021,0.79626,0.79656,0.30,0.20
2008.03.03 09:18:32.293,0.7963,0.7965,0.30,8.00
2008.03.03 09:18:32.355,0.79625,0.79655,0.30,0.20
2008.03.03 09:18:32.656,0.7963,0.7965,0.30,8.00
2008.03.03 09:18:32.669,0.79625,0.79655,0.30,4.90
2008.03.03 09:18:32.986,0.7963,0.7965,0.30,8.00
2008.03.03 09:18:33.003,0.79624,0.79654,2.40,2.40
2008.03.03 09:18:33.316,0.7963,0.7965,0.30,8.00
2008.03.03 09:18:33.339,0.79622,0.79652,4.40,5.60
2008.03.03 09:18:33.589,0.7963,0.7965,0.30,8.00
2008.03.03 09:18:33.762,0.79618,0.79648,0.30,4.00
2008.03.03 09:18:33.866,0.7963,0.7965,0.30,8.00
2008.03.03 09:18:34.108,0.79617,0.79647,2.60,2.40
2008.03.03 09:18:34.138,0.7963,0.7965,0.30,8.00
2008.03.03 09:18:34.431,0.79617,0.79647,0.30,0.20
2008.03.03 09:18:34.519,0.7963,0.7965,0.30,8.00
2008.03.03 09:18:34.654,0.79618,0.79648,4.00,2.40
2008.03.03 09:18:34.860,0.7963,0.7965,0.30,8.00
2008.03.03 09:18:34.984,0.7962,0.7965,0.60,2.40
2008.03.03 09:18:35.300,0.7963,0.7965,0.30,4.00
2008.03.03 09:18:35.304,0.79621,0.79651,2.60,2.50
2008.03.03 09:18:35.511,0.7966,0.79665,0.30,0.20
2008.03.03 09:18:35.643,0.79621,0.79651,0.10,0.20
2008.03.03 09:18:35.721,0.7966,0.7968,0.30,6.40
2008.03.03 09:18:35.930,0.79645,0.7965,2.50,4.00
2008.03.03 09:18:35.970,0.79622,0.79652,0.30,4.00
2008.03.03 09:18:36.140,0.7965,0.7966,0.80,0.30
2008.03.03 09:18:36.294,0.79621,0.79651,0.30,4.00
2008.03.03 09:18:36.349,0.7965,0.7966,0.80,0.30
2008.03.03 09:18:36.602,0.7962,0.7965,0.30,4.30
2008.03.03 09:18:36.684,0.7963,0.7966,0.30,0.10
2008.03.03 09:18:36.836,0.79619,0.79649,0.30,4.00
2008.03.03 09:18:37.017,0.7963,0.7966,2.60,0.10
2008.03.03 09:18:37.070,0.7962,0.7965,0.30,0.40
2008.03.03 09:18:37.351,0.7963,0.7966,2.80,0.10
2008.03.03 09:18:37.432,0.79622,0.79652,4.00,0.20
2008.03.03 09:18:37.576,0.7963,0.7965,2.60,4.00
2008.03.03 09:18:37.766,0.79624,0.79654,10.00,8.10
2008.03.03 09:18:37.808,0.7963,0.7965,2.60,4.00
2008.03.03 09:18:38.050,0.7963,0.7965,0.30,4.00
2008.03.03 09:18:38.100,0.79625,0.79655,2.40,4.00
2008.03.03 09:18:38.255,0.7963,0.7965,0.30,4.00
2008.03.03 09:18:38.414,0.79624,0.79654,0.20,0.20
2008.03.03 09:18:38.584,0.7963,0.7965,1.20,4.80
2008.03.03 09:18:38.727,0.7962,0.7965,2.60,2.50
2008.03.03 09:18:38.915,0.7963,0.7965,2.00,4.80
2008.03.03 09:18:39.043,0.79617,0.79647,0.30,4.10
2008.03.03 09:18:39.245,0.7964,0.7965,0.30,4.80
2008.03.03 09:18:39.288,0.79615,0.79645,2.80,2.50
2008.03.03 09:18:39.531,0.79616,0.79646,4.00,0.90
2008.03.03 09:18:39.597,0.7963,0.7965,0.30,4.80
2008.03.03 09:18:39.776,0.7962,0.7965,8.00,1.70
2008.03.03 09:18:39.947,0.7963,0.7965,0.30,4.80
2008.03.03 09:18:40.019,0.79621,0.79656,0.30,0.20
2008.03.03 09:18:40.343,0.7963,0.7965,0.30,4.80
2008.03.03 09:18:40.354,0.79625,0.79655,0.50,0.40
2008.03.03 09:18:40.552,0.7963,0.7965,0.30,4.80
2008.03.03 09:18:40.689,0.79626,0.79656,2.40,2.50
2008.03.03 09:18:40.791,0.7963,0.7965,0.30,4.80
2008.03.03 09:18:41.003,0.7963,0.7965,0.30,4.80
2008.03.03 09:18:41.022,0.79632,0.79657,0.30,0.20
2008.03.03 09:18:41.233,0.7963,0.7965,0.30,4.80
2008.03.03 09:18:41.366,0.79636,0.79661,0.30,0.20
2008.03.03 09:18:41.568,0.7963,0.7965,1.00,4.80
2008.03.03 09:18:41.697,0.79637,0.79662,4.20,4.00
2008.03.03 09:18:41.902,0.7963,0.7965,1.80,4.80
2008.03.03 09:18:42.006,0.79635,0.7966,4.00,0.60
2008.03.03 09:18:42.236,0.7963,0.7965,1.80,4.80
2008.03.03 09:18:42.341,0.7963,0.79655,2.40,0.20
2008.03.03 09:18:42.482,0.7963,0.7965,1.80,4.80
2008.03.03 09:18:42.680,0.79627,0.79652,2.60,4.10
2008.03.03 09:18:42.687,0.7963,0.7965,0.30,4.80
2008.03.03 09:18:43.004,0.7963,0.7965,0.30,4.80
2008.03.03 09:18:43.021,0.79623,0.79648,0.30,0.20
2008.03.03 09:18:43.330,0.79621,0.79646,0.60,2.50
2008.03.03 09:18:43.331,0.7963,0.7965,0.30,4.80
2008.03.03 09:18:43.662,0.7963,0.7965,0.30,4.80
2008.03.03 09:18:43.701,0.7962,0.79645,0.30,0.20
2008.03.03 09:18:43.980,0.7963,0.7965,0.30,4.80
2008.03.03 09:18:43.995,0.79622,0.79652,0.30,0.20
2008.03.03 09:18:44.296,0.79625,0.79655,0.30,0.40
2008.03.03 09:18:44.319,0.7963,0.7965,0.30,4.80
2008.03.03 09:18:44.633,0.79626,0.79656,0.60,0.20
2008.03.03 09:18:44.658,0.7963,0.7965,0.30,4.00
2008.03.03 09:18:44.982,0.79624,0.79654,0.30,6.40
2008.03.03 09:18:45.085,0.7963,0.7965,0.30,4.00
2008.03.03 09:18:45.316,0.79621,0.79651,0.30,8.00
2008.03.03 09:18:45.486,0.7963,0.7965,0.30,4.00
2008.03.03 09:18:45.651,0.79618,0.79648,0.30,0.20
2008.03.03 09:18:45.736,0.7963,0.7965,0.30,4.00
2008.03.03 09:18:46.082,0.79619,0.79649,2.40,0.20
2008.03.03 09:18:46.085,0.7963,0.7965,0.30,4.00
2008.03.03 09:18:46.303,0.7963,0.7965,0.30,4.00
2008.03.03 09:18:46.416,0.79621,0.79651,0.30,4.40
2008.03.03 09:18:46.724,0.79622,0.79652,0.30,0.20
2008.03.03 09:18:46.734,0.7963,0.7965,0.30,4.00
2008.03.03 09:18:46.964,0.79624,0.79654,0.30,0.20
2008.03.03 09:18:47.049,0.79635,0.7965,0.30,4.00
2008.03.03 09:18:47.304,0.79625,0.79655,5.60,2.40
2008.03.03 09:18:47.362,0.79635,0.7965,0.30,0.10
2008.03.03 09:18:47.617,0.79635,0.7965,0.30,0.10
2008.03.03 09:18:47.639,0.79625,0.79655,0.30,0.50
2008.03.03 09:18:47.869,0.79635,0.7965,0.30,0.10
2008.03.03 09:18:48.076,0.79624,0.79654,1.60,2.40
2008.03.03 09:18:48.164,0.79635,0.7965,0.30,0.10
2008.03.03 09:18:48.391,0.79622,0.79652,2.40,2.40
2008.03.03 09:18:48.418,0.79635,0.7965,0.30,0.10
2008.03.03 09:18:48.716,0.79635,0.7965,0.30,0.10
2008.03.03 09:18:48.737,0.79622,0.79652,0.30,0.20
2008.03.03 09:18:48.991,0.79635,0.7965,0.30,0.10
2008.03.03 09:18:49.050,0.79623,0.79653,0.30,4.00
2008.03.03 09:18:49.381,0.79635,0.7965,0.30,0.10
2008.03.03 09:18:49.391,0.79623,0.79653,0.30,0.20
2008.03.03 09:18:49.680,0.79625,0.79655,4.00,0.40
2008.03.03 09:18:49.702,0.79635,0.7965,0.30,0.10
2008.03.03 09:18:49.926,0.79628,0.79658,4.20,0.20
2008.03.03 09:18:50.036,0.7963,0.7965,0.60,4.00
2008.03.03 09:18:50.278,0.7963,0.7966,0.30,4.00
2008.03.03 09:18:50.370,0.7963,0.7965,0.60,4.00
2008.03.03 09:18:50.599,0.79629,0.79659,9.60,3.10
2008.03.03 09:18:50.792,0.7963,0.7965,0.60,4.00
2008.03.03 09:18:50.926,0.79625,0.79655,2.40,2.40
2008.03.03 09:18:51.022,0.7963,0.7965,0.60,4.00
2008.03.03 09:18:51.238,0.7963,0.7965,0.60,4.00
2008.03.03 09:18:51.259,0.79622,0.79652,8.00,0.20
2008.03.03 09:18:51.466,0.7963,0.7965,0.60,4.00
2008.03.03 09:18:51.587,0.79619,0.79649,4.00,0.20
2008.03.03 09:18:51.671,0.7963,0.7965,0.60,4.00
2008.03.03 09:18:51.925,0.7962,0.7965,4.00,0.20
2008.03.03 09:18:52.009,0.7963,0.7965,0.60,4.00
2008.03.03 09:18:52.242,0.79625,0.79655,0.30,4.10
2008.03.03 09:18:52.341,0.7963,0.7965,0.60,4.00
2008.03.03 09:18:52.582,0.79628,0.79658,4.00,0.20
2008.03.03 09:18:52.781,0.7963,0.7965,0.60,4.00
2008.03.03 09:18:53.024,0.79628,0.79658,4.00,0.20
2008.03.03 09:18:53.113,0.7963,0.7965,0.60,4.00
2008.03.03 09:18:53.345,0.79627,0.79657,4.00,0.40
2008.03.03 09:18:53.442,0.7963,0.7965,0.60,4.00
2008.03.03 09:18:53.682,0.79625,0.79655,0.30,0.20
2008.03.03 09:18:53.710,0.7963,0.7965,0.60,4.00
2008.03.03 09:18:54.016,0.79626,0.79656,2.60,2.50
2008.03.03 09:18:54.100,0.7963,0.7965,0.60,4.00
2008.03.03 09:18:54.286,0.79629,0.79659,4.00,0.40
2008.03.03 09:18:54.431,0.7963,0.7965,0.60,4.00
2008.03.03 09:18:54.558,0.7963,0.7966,0.60,0.20
2008.03.03 09:18:54.760,0.7963,0.7965,0.60,4.00
2008.03.03 09:18:54.895,0.79629,0.79659,0.60,0.20
2008.03.03 09:18:55.095,0.7963,0.7965,0.60,4.00
2008.03.03 09:18:55.225,0.79625,0.79655,2.40,2.40
2008.03.03 09:18:55.526,0.7963,0.7965,0.60,4.00
2008.03.03 09:18:55.541,0.79623,0.79653,5.60,0.20
2008.03.03 09:18:55.864,0.7963,0.7965,0.60,4.00
2008.03.03 09:18:55.872,0.79622,0.79652,5.60,0.10
2008.03.03 09:18:56.183,0.7963,0.7965,0.60,4.00
2008.03.03 09:18:56.208,0.79622,0.79652,4.80,4.00
2008.03.03 09:18:56.524,0.7963,0.7965,0.60,4.00
2008.03.03 09:18:56.545,0.79621,0.79651,4.00,0.20
2008.03.03 09:18:56.842,0.7963,0.7965,0.60,4.00
2008.03.03 09:18:56.846,0.79621,0.79651,9.60,0.20
2008.03.03 09:18:57.087,0.79622,0.79652,0.30,0.40
2008.03.03 09:18:57.181,0.7963,0.7965,0.60,4.00
2008.03.03 09:18:57.510,0.7963,0.7965,0.60,4.00
2008.03.03 09:18:57.521,0.79621,0.79651,4.40,5.60
2008.03.03 09:18:57.857,0.79622,0.79652,0.30,3.30
2008.03.03 09:18:57.862,0.7963,0.7965,0.60,4.00
2008.03.03 09:18:58.166,0.7963,0.7965,0.60,4.00
2008.03.03 09:18:58.192,0.79625,0.79655,0.30,0.20
2008.03.03 09:18:58.499,0.7963,0.7965,0.60,4.00
2008.03.03 09:18:58.512,0.79628,0.79658,0.60,0.40
2008.03.03 09:18:58.828,0.7963,0.7965,0.60,4.00
2008.03.03 09:18:58.841,0.79629,0.79659,0.30,0.20
2008.03.03 09:18:59.157,0.7963,0.7965,0.60,4.00
2008.03.03 09:18:59.181,0.79629,0.79659,6.40,0.40
2008.03.03 09:18:59.489,0.7963,0.7965,0.60,4.00
2008.03.03 09:18:59.516,0.79627,0.79657,0.30,0.20
2008.03.03 09:18:59.825,0.7963,0.7965,0.60,4.00
2008.03.03 09:18:59.831,0.79622,0.79652,0.10,0.20
2008.03.03 09:18:59.901,0.79618,0.79648,0.30,0.20
2008.03.03 09:19:00.067,0.79616,0.79646,0.30,4.00
2008.03.03 09:19:00.257,0.7963,0.7965,0.60,4.00
2008.03.03 09:19:00.286,0.79618,0.79648,0.30,0.20
2008.03.03 09:19:00.591,0.7963,0.7965,0.60,4.00
2008.03.03 09:19:00.620,0.7962,0.7965,0.30,0.20
2008.03.03 09:19:00.927,0.7963,0.7965,0.60,4.00
2008.03.03 09:19:00.955,0.79621,0.79651,4.00,0.20
2008.03.03 09:19:01.139,0.7963,0.7965,0.60,4.00
2008.03.03 09:19:01.361,0.79623,0.79653,0.30,0.20
2008.03.03 09:19:01.372,0.7963,0.7965,0.60,4.00
2008.03.03 09:19:01.654,0.79624,0.79654,0.30,4.00
2008.03.03 09:19:01.687,0.7963,0.7965,0.60,4.00
2008.03.03 09:19:01.948,0.79626,0.79656,4.00,0.20
2008.03.03 09:19:02.010,0.7963,0.7965,0.60,4.00
2008.03.03 09:19:02.268,0.79628,0.79658,4.80,0.20
2008.03.03 09:19:02.341,0.7963,0.7965,0.60,4.00
2008.03.03 09:19:02.591,0.79628,0.79658,0.60,4.00
2008.03.03 09:19:02.691,0.7963,0.7965,0.60,4.00
2008.03.03 09:19:02.926,0.79627,0.79657,3.20,4.00
2008.03.03 09:19:03.000,0.7963,0.7965,0.60,4.00
2008.03.03 09:19:03.242,0.7963,0.7965,0.60,4.00
2008.03.03 09:19:03.290,0.79626,0.79656,0.30,2.50
2008.03.03 09:19:03.565,0.7963,0.7965,0.60,4.00
2008.03.03 09:19:03.579,0.79627,0.79657,1.80,2.40
2008.03.03 09:19:03.892,0.7963,0.7965,0.60,4.00
2008.03.03 09:19:03.907,0.79626,0.79656,8.00,0.20
2008.03.03 09:19:04.225,0.7963,0.7965,0.60,4.00
2008.03.03 09:19:04.251,0.79625,0.79655,4.00,0.20
2008.03.03 09:19:04.581,0.79624,0.79654,0.30,0.20
2008.03.03 09:19:04.654,0.7963,0.7965,0.60,4.00
2008.03.03 09:19:04.877,0.79623,0.79653,4.00,0.20
2008.03.03 09:19:04.997,0.7963,0.7965,0.60,4.00
2008.03.03 09:19:05.116,0.79622,0.79652,0.30,0.20
2008.03.03 09:19:05.327,0.7963,0.7965,0.60,4.00
2008.03.03 09:19:05.459,0.79625,0.79655,3.00,2.50
2008.03.03 09:19:05.760,0.7963,0.7965,0.60,4.00
2008.03.03 09:19:05.791,0.79625,0.79655,0.30,0.20
2008.03.03 09:19:06.083,0.7963,0.7965,0.60,4.00
2008.03.03 09:19:06.118,0.79625,0.79655,0.30,0.20
2008.03.03 09:19:06.427,0.7963,0.7965,0.60,4.00
2008.03.03 09:19:06.449,0.79625,0.79655,0.30,0.20
2008.03.03 09:19:06.769,0.7963,0.7965,0.60,4.00
2008.03.03 09:19:06.888,0.79624,0.79654,0.30,0.20
2008.03.03 09:19:07.043,0.7963,0.7965,0.60,4.00
2008.03.03 09:19:07.316,0.79625,0.79655,8.00,1.70
2008.03.03 09:19:07.329,0.7963,0.7965,0.30,4.00
2008.03.03 09:19:07.554,0.79625,0.79655,9.80,8.10
2008.03.03 09:19:07.602,0.7963,0.7965,0.30,4.00
2008.03.03 09:19:07.867,0.79625,0.79655,2.60,8.10
2008.03.03 09:19:07.958,0.7963,0.7965,0.30,4.00
2008.03.03 09:19:08.104,0.79626,0.79656,6.40,0.20
2008.03.03 09:19:08.292,0.7963,0.7965,0.30,4.00
2008.03.03 09:19:08.426,0.79627,0.79657,2.40,2.40
2008.03.03 09:19:08.613,0.7963,0.7965,0.30,4.00
2008.03.03 09:19:08.840,0.79625,0.79655,2.40,2.90
2008.03.03 09:19:08.944,0.7963,0.7965,0.30,4.00
2008.03.03 09:19:09.202,0.79623,0.79653,2.40,2.40
2008.03.03 09:19:09.279,0.7963,0.7965,0.30,4.00
2008.03.03 09:19:09.525,0.79622,0.79652,4.00,0.50
2008.03.03 09:19:09.634,0.7963,0.7965,0.30,4.00
2008.03.03 09:19:09.847,0.79624,0.79654,0.30,0.40
2008.03.03 09:19:09.935,0.7963,0.7965,0.30,4.00
2008.03.03 09:19:10.083,0.79626,0.79656,0.10,0.20
2008.03.03 09:19:10.274,0.7963,0.7965,0.30,4.00
2008.03.03 09:19:10.506,0.79626,0.79656,4.00,0.20
2008.03.03 09:19:10.598,0.7963,0.7965,0.30,4.00
2008.03.03 09:19:10.824,0.79628,0.79658,0.30,2.40
2008.03.03 09:19:10.921,0.7963,0.7965,0.30,4.00
2008.03.03 09:19:11.258,0.7963,0.7965,0.30,4.00
2008.03.03 09:19:11.279,0.79628,0.79658,4.00,0.20
2008.03.03 09:19:11.593,0.7963,0.7965,0.30,4.00
2008.03.03 09:19:11.616,0.79626,0.79656,0.30,0.20
2008.03.03 09:19:11.912,0.7963,0.7965,0.30,4.00
2008.03.03 09:19:11.945,0.79626,0.79656,0.60,0.90
2008.03.03 09:19:12.237,0.7963,0.7965,0.30,4.00
2008.03.03 09:19:12.264,0.79626,0.79656,0.30,0.20
2008.03.03 09:19:12.570,0.7963,0.7965,0.30,4.00
2008.03.03 09:19:12.606,0.79626,0.79656,2.60,2.40
2008.03.03 09:19:12.916,0.7963,0.7965,0.30,4.00
2008.03.03 09:19:12.934,0.79624,0.79654,6.40,0.20
2008.03.03 09:19:13.229,0.7963,0.7965,0.30,4.00
2008.03.03 09:19:13.262,0.79623,0.79653,0.30,4.00
2008.03.03 09:19:13.572,0.7963,0.7965,0.30,4.00
2008.03.03 09:19:13.596,0.79621,0.79651,6.40,0.20
2008.03.03 09:19:13.895,0.7963,0.7965,0.30,4.00
2008.03.03 09:19:13.924,0.79622,0.79652,0.30,0.20
2008.03.03 09:19:14.250,0.79624,0.79654,5.60,9.60
2008.03.03 09:19:14.341,0.7963,0.7965,0.30,4.00
2008.03.03 09:19:14.585,0.79625,0.79655,1.60,2.80
2008.03.03 09:19:14.779,0.7963,0.7965,0.30,4.00
2008.03.03 09:19:14.893,0.79626,0.79656,0.30,4.00
2008.03.03 09:19:15.233,0.7963,0.7965,0.30,4.00
2008.03.03 09:19:15.242,0.79627,0.79657,0.30,0.20
2008.03.03 09:19:15.570,0.7963,0.7965,0.30,4.00
2008.03.03 09:19:15.685,0.79626,0.79656,8.00,0.20
2008.03.03 09:19:15.876,0.7963,0.7965,0.30,4.00
2008.03.03 09:19:16.108,0.79628,0.79658,2.40,0.20
2008.03.03 09:19:16.195,0.7963,0.7965,0.30,4.00
2008.03.03 09:19:16.526,0.7963,0.7965,0.30,4.00
2008.03.03 09:19:16.566,0.79626,0.79656,0.30,0.40
2008.03.03 09:19:16.855,0.7963,0.7965,0.30,4.00
2008.03.03 09:19:17.001,0.79625,0.79655,4.00,0.20
2008.03.03 09:19:17.187,0.79622,0.79652,0.70,0.20
2008.03.03 09:19:17.189,0.7963,0.7965,0.30,4.00
2008.03.03 09:19:17.370,0.79621,0.79651,9.60,0.20
2008.03.03 09:19:17.527,0.7963,0.7965,0.30,4.00
2008.03.03 09:19:17.663,0.79622,0.79652,1.00,0.20
2008.03.03 09:19:17.870,0.7963,0.7965,0.30,4.00
2008.03.03 09:19:17.987,0.79623,0.79653,4.00,2.70
2008.03.03 09:19:18.201,0.7963,0.7965,0.30,4.00
2008.03.03 09:19:18.318,0.79623,0.79653,4.20,0.20
2008.03.03 09:19:18.535,0.7963,0.7965,0.30,4.00
2008.03.03 09:19:18.668,0.79623,0.79653,4.00,0.20
2008.03.03 09:19:18.843,0.7963,0.7965,0.30,4.00
2008.03.03 09:19:18.985,0.79623,0.79653,0.30,2.40
2008.03.03 09:19:19.172,0.7963,0.7965,0.30,4.00
2008.03.03 09:19:19.310,0.79624,0.79654,0.50,0.20
2008.03.03 09:19:19.511,0.7963,0.7965,0.30,4.00
2008.03.03 09:19:19.641,0.79624,0.79654,4.80,0.20
2008.03.03 09:19:19.939,0.7963,0.7965,0.30,4.00
2008.03.03 09:19:19.978,0.79625,0.79655,4.00,0.20
2008.03.03 09:19:20.162,0.7963,0.7965,0.30,4.00
2008.03.03 09:19:20.303,0.79625,0.79655,0.60,0.20
2008.03.03 09:19:20.385,0.7963,0.7965,0.30,4.00
2008.03.03 09:19:20.617,0.7963,0.7965,0.30,4.00
2008.03.03 09:19:20.634,0.79624,0.79654,6.40,0.20
2008.03.03 09:19:20.929,0.7963,0.7965,0.30,4.00
2008.03.03 09:19:20.971,0.79623,0.79653,4.80,0.20
2008.03.03 09:19:21.138,0.79622,0.79652,0.30,0.20
2008.03.03 09:19:21.263,0.7963,0.7965,0.30,4.00
2008.03.03 09:19:21.409,0.79624,0.79654,2.60,0.50
2008.03.03 09:19:21.560,0.7963,0.7965,0.60,4.00
2008.03.03 09:19:21.728,0.79624,0.79654,0.30,0.20
2008.03.03 09:19:21.929,0.7963,0.7965,0.60,4.00
2008.03.03 09:19:22.070,0.79625,0.79655,0.30,0.20
2008.03.03 09:19:22.267,0.7963,0.7965,0.60,4.00
2008.03.03 09:19:22.372,0.79625,0.79655,2.60,2.50
2008.03.03 09:19:22.584,0.7963,0.7965,0.60,4.00
2008.03.03 09:19:22.725,0.79626,0.79656,2.40,4.10
2008.03.03 09:19:22.916,0.7963,0.7965,0.60,4.00
2008.03.03 09:19:23.049,0.79626,0.79656,0.30,0.20
2008.03.03 09:19:23.243,0.7963,0.7965,0.60,4.00
2008.03.03 09:19:23.383,0.79625,0.79655,2.40,2.40
2008.03.03 09:19:23.581,0.7963,0.7965,0.60,4.00
2008.03.03 09:19:23.716,0.79624,0.79654,0.60,4.00
2008.03.03 09:19:23.895,0.7963,0.7965,0.60,4.00
2008.03.03 09:19:24.033,0.79624,0.79654,0.30,4.00
2008.03.03 09:19:24.232,0.7963,0.7965,0.60,4.00
2008.03.03 09:19:24.357,0.79624,0.79654,2.80,2.50
2008.03.03 09:19:24.672,0.7963,0.7965,0.60,4.00
2008.03.03 09:19:24.704,0.79624,0.79654,8.80,0.20
2008.03.03 09:19:25.027,0.79623,0.79653,0.30,2.50
2008.03.03 09:19:25.121,0.7963,0.7965,0.60,4.00
2008.03.03 09:19:25.341,0.7963,0.7965,0.60,4.00
2008.03.03 09:19:25.352,0.79623,0.79653,4.80,0.20
2008.03.03 09:19:25.562,0.7963,0.7965,0.60,4.00
2008.03.03 09:19:25.690,0.79623,0.79653,0.30,0.20
2008.03.03 09:19:25.777,0.7963,0.7965,0.60,4.00
2008.03.03 09:19:25.988,0.7963,0.7965,0.60,4.00
2008.03.03 09:19:26.031,0.79624,0.79654,0.30,0.20
2008.03.03 09:19:26.224,0.7963,0.7965,0.60,4.00
2008.03.03 09:19:26.456,0.79625,0.79655,2.40,0.20
2008.03.03 09:19:26.651,0.7963,0.7965,0.60,4.00
2008.03.03 09:19:26.776,0.79625,0.79655,0.30,2.50
2008.03.03 09:19:27.093,0.7963,0.7965,0.60,4.00
2008.03.03 09:19:27.120,0.79624,0.79654,0.30,0.20
2008.03.03 09:19:27.309,0.7963,0.7965,0.60,4.00
2008.03.03 09:19:27.435,0.79623,0.79653,0.30,0.20
2008.03.03 09:19:27.530,0.7963,0.7965,0.60,4.00
2008.03.03 09:19:27.764,0.7963,0.7965,0.60,4.00
2008.03.03 09:19:27.781,0.79621,0.79651,13.60,2.40
2008.03.03 09:19:27.986,0.7963,0.7965,0.60,4.00
2008.03.03 09:19:28.128,0.79623,0.79653,0.30,0.20
2008.03.03 09:19:28.206,0.7963,0.7965,0.60,4.00
2008.03.03 09:19:28.397,0.79622,0.79652,0.30,0.20
2008.03.03 09:19:28.640,0.7963,0.7965,0.60,4.00
2008.03.03 09:19:28.666,0.79621,0.79651,0.90,0.20
2008.03.03 09:19:28.999,0.7962,0.7965,0.30,0.80
2008.03.03 09:19:29.076,0.7963,0.7965,0.60,4.00
2008.03.03 09:19:29.318,0.7962,0.7965,0.30,0.08
2008.03.03 09:19:29.520,0.7963,0.7965,0.60,4.00
2008.03.03 09:19:29.612,0.79622,0.79652,0.30,0.20
2008.03.03 09:19:29.842,0.79624,0.79654,0.50,0.20
2008.03.03 09:19:29.852,0.7963,0.7965,0.60,4.00
2008.03.03 09:19:30.091,0.79624,0.79654,0.30,0.20
2008.03.03 09:19:30.283,0.7963,0.7965,0.60,4.00
2008.03.03 09:19:30.416,0.79622,0.79652,4.80,0.20
2008.03.03 09:19:30.609,0.7963,0.7965,0.60,4.00
2008.03.03 09:19:30.754,0.79623,0.79653,0.30,0.20
2008.03.03 09:19:30.934,0.7963,0.7965,0.60,4.00
2008.03.03 09:19:31.182,0.79622,0.79652,4.80,0.20
2008.03.03 09:19:31.275,0.7963,0.7965,0.60,4.00
2008.03.03 09:19:31.606,0.7963,0.7965,0.60,4.00
2008.03.03 09:19:31.629,0.79624,0.79654,4.00,0.20
2008.03.03 09:19:31.924,0.7963,0.7965,0.60,4.00
2008.03.03 09:19:31.968,0.79623,0.79653,2.60,8.10
2008.03.03 09:19:32.261,0.7963,0.7965,0.60,4.00
2008.03.03 09:19:32.294,0.7962,0.7965,0.30,4.00
2008.03.03 09:19:32.593,0.7963,0.7965,0.60,4.00
2008.03.03 09:19:32.630,0.7962,0.7965,0.30,0.20
2008.03.03 09:19:32.931,0.7963,0.7965,0.60,4.00
2008.03.03 09:19:32.957,0.7962,0.7965,8.00,0.20
2008.03.03 09:19:33.264,0.7963,0.7965,0.60,4.00
2008.03.03 09:19:33.273,0.79621,0.79651,0.30,0.20
2008.03.03 09:19:33.573,0.7963,0.7965,0.60,4.00
2008.03.03 09:19:33.600,0.79622,0.79652,0.60,2.40
2008.03.03 09:19:33.902,0.7963,0.7965,0.60,4.00
2008.03.03 09:19:33.949,0.79623,0.79653,0.30,4.00
2008.03.03 09:19:34.250,0.7963,0.7965,0.60,4.00
2008.03.03 09:19:34.361,0.79621,0.79651,0.30,0.70
2008.03.03 09:19:34.570,0.7963,0.7965,0.60,4.00
2008.03.03 09:19:34.685,0.79624,0.79654,1.60,9.60
2008.03.03 09:19:35.006,0.7963,0.7965,0.60,4.00
2008.03.03 09:19:35.041,0.79625,0.79655,0.30,0.20
2008.03.03 09:19:35.270,0.79625,0.79655,2.40,3.20
2008.03.03 09:19:35.347,0.7963,0.7965,0.60,4.00
2008.03.03 09:19:35.565,0.79626,0.79656,0.30,0.20
2008.03.03 09:19:35.790,0.7963,0.7965,0.60,4.00
2008.03.03 09:19:36.005,0.7963,0.7965,0.60,4.00
2008.03.03 09:19:36.022,0.79625,0.79655,0.30,0.20
2008.03.03 09:19:36.320,0.7963,0.7965,0.60,4.00
2008.03.03 09:19:36.359,0.79624,0.79654,0.30,0.20
2008.03.03 09:19:36.542,0.7963,0.7965,0.60,4.00
2008.03.03 09:19:36.695,0.79623,0.79653,0.30,0.20
2008.03.03 09:19:36.880,0.7963,0.7965,0.60,4.00
2008.03.03 09:19:37.007,0.79621,0.79651,4.00,0.20
2008.03.03 09:19:37.286,0.79621,0.79651,2.40,0.50
2008.03.03 09:19:37.320,0.7963,0.7965,0.60,4.00
2008.03.03 09:19:37.565,0.79621,0.79651,0.30,4.00
2008.03.03 09:19:37.761,0.7963,0.7965,0.60,4.00
2008.03.03 09:19:37.904,0.7962,0.7965,0.30,4.00
2008.03.03 09:19:37.990,0.7963,0.7965,0.60,4.00
2008.03.03 09:19:38.224,0.79622,0.79652,0.30,0.20
2008.03.03 09:19:38.301,0.7963,0.7965,0.60,4.00
2008.03.03 09:19:38.527,0.7963,0.7965,0.60,4.00
2008.03.03 09:19:38.540,0.79623,0.79653,2.40,0.20
2008.03.03 09:19:38.851,0.79624,0.79654,0.70,4.00
2008.03.03 09:19:38.870,0.7963,0.7965,0.60,4.00
2008.03.03 09:19:39.199,0.7963,0.7965,0.60,4.00
2008.03.03 09:19:39.216,0.79622,0.79652,2.40,2.40
2008.03.03 09:19:39.523,0.79622,0.79652,4.00,0.20
2008.03.03 09:19:39.530,0.7963,0.7965,0.60,4.00
2008.03.03 09:19:39.876,0.79621,0.79651,0.30,0.20
2008.03.03 09:19:39.976,0.7963,0.7965,0.60,4.00
2008.03.03 09:19:40.211,0.79622,0.79652,2.40,2.40
2008.03.03 09:19:40.294,0.7963,0.7965,0.60,4.00
2008.03.03 09:19:40.487,0.79624,0.79654,0.30,0.20
2008.03.03 09:19:40.718,0.7963,0.7965,0.60,4.00
2008.03.03 09:19:40.719,0.79624,0.79654,0.30,1.70
2008.03.03 09:19:40.952,0.7963,0.7965,0.60,4.00
2008.03.03 09:19:40.953,0.79617,0.79657,4.00,0.20
2008.03.03 09:19:41.171,0.7963,0.7965,0.60,4.00
2008.03.03 09:19:41.398,0.7963,0.7965,0.60,4.00
2008.03.03 09:19:41.416,0.79619,0.79659,4.00,0.20
2008.03.03 09:19:41.609,0.7963,0.7965,0.60,4.00
2008.03.03 09:19:41.752,0.7962,0.7966,0.70,4.00
2008.03.03 09:19:41.936,0.7963,0.7965,0.60,4.00
2008.03.03 09:19:42.069,0.7962,0.7966,2.80,2.40
2008.03.03 09:19:42.258,0.7963,0.7965,0.60,4.00
2008.03.03 09:19:42.409,0.7962,0.7966,0.30,4.00
2008.03.03 09:19:42.604,0.7963,0.7965,0.60,4.00
2008.03.03 09:19:42.738,0.79619,0.79659,0.30,4.00
2008.03.03 09:19:42.922,0.7963,0.7965,0.60,4.00
2008.03.03 09:19:43.078,0.79619,0.79659,1.00,4.00
2008.03.03 09:19:43.265,0.7963,0.7965,0.60,4.00
2008.03.03 09:19:43.389,0.79618,0.79658,4.40,0.20
2008.03.03 09:19:43.587,0.7963,0.7965,0.60,4.00
2008.03.03 09:19:43.716,0.79619,0.79659,0.30,0.20
2008.03.03 09:19:43.928,0.7963,0.7965,0.60,4.00
2008.03.03 09:19:44.051,0.7962,0.7966,0.30,4.00
2008.03.03 09:19:44.249,0.7963,0.7965,0.60,4.00
2008.03.03 09:19:44.503,0.7962,0.7966,0.60,4.00
2008.03.03 09:19:44.594,0.7963,0.7965,0.60,4.00
2008.03.03 09:19:44.936,0.7962,0.7966,8.00,0.20
2008.03.03 09:19:45.025,0.7963,0.7965,0.60,4.00
2008.03.03 09:19:45.264,0.79619,0.79659,2.40,2.40
2008.03.03 09:19:45.461,0.7963,0.7965,0.60,4.00
2008.03.03 09:19:45.518,0.79618,0.79658,0.30,4.00
2008.03.03 09:19:45.747,0.79618,0.79658,0.30,0.20
2008.03.03 09:19:45.796,0.7963,0.7965,0.60,4.00
2008.03.03 09:19:45.977,0.79619,0.79659,0.30,9.60
2008.03.03 09:19:46.128,0.7963,0.7965,0.60,4.00
2008.03.03 09:19:46.311,0.79618,0.79658,2.60,2.70
2008.03.03 09:19:46.352,0.7963,0.7965,0.30,4.00
2008.03.03 09:19:46.646,0.79616,0.79656,0.30,0.20
2008.03.03 09:19:46.659,0.7963,0.7965,0.30,4.00
2008.03.03 09:19:46.980,0.79618,0.79658,4.00,0.20
2008.03.03 09:19:47.010,0.7963,0.7965,0.30,4.00
2008.03.03 09:19:47.276,0.79616,0.79661,1.80,0.80
2008.03.03 09:19:47.331,0.7963,0.7965,0.30,4.00
2008.03.03 09:19:47.570,0.79618,0.79658,1.80,0.20
2008.03.03 09:19:47.663,0.7963,0.7965,0.30,4.00
2008.03.03 09:19:47.865,0.79619,0.79659,0.30,0.20
2008.03.03 09:19:47.881,0.7963,0.7965,0.30,4.00
2008.03.03 09:19:48.160,0.79622,0.79657,4.00,0.20
2008.03.03 09:19:48.213,0.7963,0.7965,0.30,4.00
2008.03.03 09:19:48.404,0.79616,0.79661,4.00,0.20
2008.03.03 09:19:48.431,0.7963,0.7965,0.30,4.00
2008.03.03 09:19:48.650,0.79616,0.79661,2.40,2.40
2008.03.03 09:19:48.894,0.79616,0.79661,8.00,2.40
2008.03.03 09:19:49.092,0.7963,0.7965,0.30,4.00
2008.03.03 09:19:49.230,0.79616,0.79661,0.30,0.20
2008.03.03 09:19:49.425,0.7963,0.7965,0.30,4.00
2008.03.03 09:19:49.663,0.79616,0.79661,0.60,0.50
2008.03.03 09:19:49.881,0.7963,0.7965,0.30,4.00
2008.03.03 09:19:50.001,0.79616,0.79661,0.30,0.20
2008.03.03 09:19:50.223,0.79616,0.79661,2.60,2.50
2008.03.03 09:19:50.304,0.7963,0.7965,0.30,4.00
2008.03.03 09:19:50.440,0.79616,0.79661,0.30,0.20
2008.03.03 09:19:50.633,0.7963,0.7965,0.30,4.00
2008.03.03 09:19:50.659,0.79616,0.79661,2.60,2.50
2008.03.03 09:19:50.885,0.79616,0.79661,2.40,2.40
2008.03.03 09:19:51.065,0.7963,0.7965,0.30,4.00
2008.03.03 09:19:51.197,0.79616,0.79661,0.60,0.20
2008.03.03 09:19:51.278,0.7963,0.7965,0.30,4.00
2008.03.03 09:19:51.504,0.7963,0.7965,0.30,4.00
2008.03.03 09:19:51.543,0.79616,0.79661,0.30,0.20
2008.03.03 09:19:51.721,0.7963,0.7965,0.30,4.00
2008.03.03 09:19:51.949,0.7963,0.7965,0.30,4.00
2008.03.03 09:19:51.977,0.79616,0.79661,0.30,8.00
2008.03.03 09:19:52.278,0.79616,0.79661,0.30,4.80
2008.03.03 09:19:52.396,0.7963,0.7965,0.30,4.00
2008.03.03 09:19:52.567,0.79616,0.79661,2.60,2.50
2008.03.03 09:19:52.848,0.7963,0.7965,0.30,4.00
2008.03.03 09:19:52.856,0.79616,0.79661,0.80,0.20
2008.03.03 09:19:53.153,0.7963,0.7965,0.30,4.00
2008.03.03 09:19:53.167,0.79616,0.79661,2.60,2.70
2008.03.03 09:19:53.398,0.7963,0.7965,0.30,4.00
2008.03.03 09:19:53.509,0.79616,0.79661,0.30,0.40
2008.03.03 09:19:53.599,0.7963,0.7965,0.30,4.00
2008.03.03 09:19:53.815,0.79616,0.79661,2.40,2.40
2008.03.03 09:19:53.818,0.7963,0.7965,0.30,4.00
2008.03.03 09:19:54.151,0.7963,0.7965,0.30,4.00
2008.03.03 09:19:54.176,0.79616,0.79661,0.30,0.20
2008.03.03 09:19:54.474,0.7963,0.7965,0.30,4.00
2008.03.03 09:19:54.506,0.79616,0.79661,0.30,4.00
2008.03.03 09:19:54.815,0.7963,0.7965,0.30,4.00
2008.03.03 09:19:54.832,0.79616,0.79661,2.60,2.70
2008.03.03 09:19:55.130,0.7963,0.7965,0.30,4.00
2008.03.03 09:19:55.165,0.79616,0.79661,2.60,2.50
2008.03.03 09:19:55.466,0.7963,0.7965,0.30,4.00
2008.03.03 09:19:55.495,0.79616,0.79661,4.00,2.40
2008.03.03 09:19:55.789,0.79616,0.79661,2.40,2.40
2008.03.03 09:19:55.807,0.7963,0.7965,0.30,4.00
2008.03.03 09:19:56.042,0.79616,0.79661,0.30,9.60
2008.03.03 09:19:56.165,0.7963,0.7965,1.20,0.10
2008.03.03 09:19:56.369,0.7963,0.7965,2.00,0.10
2008.03.03 09:19:56.487,0.79616,0.79661,2.40,0.20
2008.03.03 09:19:56.668,0.7964,0.7965,0.30,0.10
2008.03.03 09:19:56.909,0.79616,0.79661,4.00,0.20
2008.03.03 09:19:57.024,0.7964,0.7965,0.30,0.10
2008.03.03 09:19:57.244,0.79616,0.79661,2.60,2.50
2008.03.03 09:19:57.323,0.7964,0.7965,0.30,0.10
2008.03.03 09:19:57.572,0.79616,0.79661,0.30,4.00
2008.03.03 09:19:57.636,0.7964,0.7965,0.30,0.10
2008.03.03 09:19:57.914,0.79616,0.79661,2.60,8.10
2008.03.03 09:19:58.001,0.7964,0.7965,0.30,0.10
2008.03.03 09:19:58.223,0.7964,0.7965,0.30,0.10
2008.03.03 09:19:58.239,0.79616,0.79661,4.00,0.20
2008.03.03 09:19:58.442,0.7964,0.7965,0.30,0.10
2008.03.03 09:19:58.581,0.79616,0.79661,0.30,4.40
2008.03.03 09:19:58.666,0.7964,0.7965,0.30,0.10
2008.03.03 09:19:58.906,0.79616,0.79661,0.30,0.90
2008.03.03 09:19:59.005,0.7964,0.7965,0.30,0.10
2008.03.03 09:19:59.254,0.79618,0.79662,0.30,0.20
2008.03.03 09:19:59.419,0.7964,0.7965,0.30,0.10
2008.03.03 09:19:59.756,0.7964,0.7965,0.30,0.10
2008.03.03 09:20:00.006,0.79618,0.79662,2.40,4.00
2008.03.03 09:20:00.094,0.7964,0.7965,0.30,0.10
2008.03.03 09:20:00.329,0.79616,0.79661,2.00,2.50
2008.03.03 09:20:00.414,0.7964,0.7965,0.30,0.10
2008.03.03 09:20:00.739,0.7964,0.7965,0.30,0.10
2008.03.03 09:20:00.766,0.79615,0.7966,0.30,0.20
2008.03.03 09:20:00.972,0.7964,0.7965,0.30,0.10
2008.03.03 09:20:01.150,0.79615,0.7966,0.30,1.90
2008.03.03 09:20:01.303,0.7964,0.7965,0.30,0.10
2008.03.03 09:20:01.485,0.79614,0.79659,2.60,2.50
2008.03.03 09:20:01.646,0.7964,0.7965,0.30,0.10
2008.03.03 09:20:01.764,0.79614,0.79659,0.30,9.60
2008.03.03 09:20:01.971,0.7964,0.7965,0.30,0.10
2008.03.03 09:20:02.083,0.79614,0.79659,8.20,9.70
2008.03.03 09:20:02.290,0.7964,0.7965,0.30,0.10
2008.03.03 09:20:02.404,0.79614,0.79659,0.60,0.20
2008.03.03 09:20:02.620,0.7964,0.7965,0.30,0.10
2008.03.03 09:20:02.755,0.79615,0.7966,0.30,0.20
2008.03.03 09:20:02.942,0.7964,0.7965,0.30,0.10
2008.03.03 09:20:03.076,0.79616,0.79661,4.00,0.20
2008.03.03 09:20:03.269,0.7964,0.7965,0.30,0.10
2008.03.03 09:20:03.371,0.79616,0.79661,0.30,0.20
2008.03.03 09:20:03.601,0.7964,0.7965,0.30,0.10
2008.03.03 09:20:03.670,0.79615,0.7966,0.30,0.20
2008.03.03 09:20:03.886,0.7963,0.7965,0.30,4.00
2008.03.03 09:20:03.969,0.79614,0.79659,0.80,2.50
2008.03.03 09:20:04.169,0.7963,0.7965,0.30,4.00
2008.03.03 09:20:04.269,0.79614,0.79659,4.00,0.20
2008.03.03 09:20:04.568,0.79615,0.7966,0.30,4.00
2008.03.03 09:20:04.592,0.7963,0.7965,0.30,4.00
2008.03.03 09:20:04.833,0.79614,0.79659,2.40,2.40
2008.03.03 09:20:04.933,0.7963,0.7965,0.30,4.00
2008.03.03 09:20:05.181,0.79614,0.79659,0.30,0.20
2008.03.03 09:20:05.356,0.7963,0.7965,0.30,4.00
2008.03.03 09:20:05.504,0.79615,0.7966,9.60,9.60
2008.03.03 09:20:05.700,0.7963,0.7965,0.30,4.00
2008.03.03 09:20:05.839,0.79614,0.79659,0.30,4.00
2008.03.03 09:20:05.947,0.7963,0.7965,0.30,4.00
2008.03.03 09:20:06.252,0.7963,0.7965,0.30,4.00
2008.03.03 09:20:06.255,0.79615,0.7966,0.30,0.20
2008.03.03 09:20:06.570,0.7963,0.7965,0.30,4.00
2008.03.03 09:20:06.631,0.79614,0.79659,4.20,0.50
2008.03.03 09:20:06.902,0.7963,0.7965,0.30,4.00
2008.03.03 09:20:06.926,0.79614,0.79659,0.30,0.20
2008.03.03 09:20:07.224,0.7963,0.7965,0.30,4.00
2008.03.03 09:20:07.270,0.79614,0.79659,4.00,0.20
2008.03.03 09:20:07.558,0.7963,0.7965,0.30,4.00
2008.03.03 09:20:07.631,0.79615,0.7966,0.30,0.40
2008.03.03 09:20:07.883,0.7963,0.7965,0.30,4.00
2008.03.03 09:20:07.930,0.79615,0.7966,6.40,0.20
2008.03.03 09:20:08.229,0.7963,0.7965,0.30,4.00
2008.03.03 09:20:08.257,0.79616,0.79661,0.10,0.20
2008.03.03 09:20:08.518,0.79615,0.7966,0.30,4.00
2008.03.03 09:20:08.544,0.7963,0.7965,0.30,4.00
2008.03.03 09:20:08.821,0.79614,0.79659,4.00,2.40
2008.03.03 09:20:08.823,0.7963,0.7965,0.30,4.00
2008.03.03 09:20:09.106,0.7963,0.7965,0.30,4.00
2008.03.03 09:20:09.131,0.79614,0.79659,0.30,0.20
2008.03.03 09:20:09.444,0.7963,0.7965,0.30,4.00
2008.03.03 09:20:09.461,0.79613,0.79658,0.30,0.40
2008.03.03 09:20:09.793,0.79614,0.79659,0.30,0.20
2008.03.03 09:20:09.866,0.7963,0.7965,0.30,4.00
2008.03.03 09:20:10.125,0.79615,0.7966,4.00,0.50
2008.03.03 09:20:10.208,0.7963,0.7965,0.30,4.00
2008.03.03 09:20:10.452,0.79615,0.7966,4.00,0.40
2008.03.03 09:20:10.640,0.7963,0.7965,0.30,4.00
2008.03.03 09:20:10.860,0.7963,0.7965,0.30,4.00
2008.03.03 09:20:10.900,0.79615,0.7966,2.40,0.20
2008.03.03 09:20:11.191,0.7963,0.7965,0.30,4.00
2008.03.03 09:20:11.311,0.79614,0.79659,2.40,0.40
2008.03.03 09:20:11.418,0.7963,0.7965,0.30,4.00
2008.03.03 09:20:11.675,0.79614,0.79659,3.20,2.50
2008.03.03 09:20:11.861,0.7963,0.7965,0.30,4.00
2008.03.03 09:20:11.998,0.79615,0.7966,0.60,8.00
2008.03.03 09:20:12.195,0.7963,0.7965,0.30,4.00
2008.03.03 09:20:12.423,0.79615,0.7966,3.20,0.20
2008.03.03 09:20:12.626,0.7963,0.7965,0.30,4.00
2008.03.03 09:20:12.760,0.79614,0.79659,0.30,0.20
2008.03.03 09:20:12.951,0.7963,0.7965,0.30,4.00
2008.03.03 09:20:13.097,0.79614,0.79659,2.80,2.50
2008.03.03 09:20:13.296,0.7963,0.7965,0.30,4.00
2008.03.03 09:20:13.408,0.79615,0.7966,0.30,0.20
2008.03.03 09:20:13.614,0.7963,0.7965,0.30,4.00
2008.03.03 09:20:13.851,0.79615,0.7966,0.30,0.20
2008.03.03 09:20:13.933,0.7963,0.7965,0.30,4.00
2008.03.03 09:20:14.208,0.7963,0.7965,0.30,4.00
2008.03.03 09:20:14.294,0.79614,0.79659,0.30,0.20
2008.03.03 09:20:14.498,0.7963,0.7965,0.30,4.00
2008.03.03 09:20:14.743,0.79614,0.79659,0.10,0.20
2008.03.03 09:20:14.921,0.7963,0.7965,0.30,4.00
2008.03.03 09:20:15.041,0.79614,0.79659,4.00,0.20
2008.03.03 09:20:15.269,0.79615,0.7966,0.30,0.20
2008.03.03 09:20:15.374,0.7963,0.7965,0.30,4.00
2008.03.03 09:20:15.608,0.79615,0.7966,4.00,2.70
2008.03.03 09:20:15.709,0.7963,0.7965,0.30,0.10
2008.03.03 09:20:15.929,0.7963,0.7965,0.30,0.10
2008.03.03 09:20:15.957,0.79614,0.79659,0.30,0.40
2008.03.03 09:20:16.148,0.7963,0.7965,2.60,0.10
2008.03.03 09:20:16.367,0.7963,0.7965,2.80,0.10
2008.03.03 09:20:16.384,0.79614,0.79659,0.10,0.20
2008.03.03 09:20:16.586,0.7963,0.7965,2.80,0.10
2008.03.03 09:20:16.826,0.79614,0.79659,0.30,1.60
2008.03.03 09:20:16.921,0.7964,0.7965,2.40,0.10
2008.03.03 09:20:17.168,0.79614,0.79659,0.30,0.20
2008.03.03 09:20:17.256,0.7964,0.7965,2.60,0.10
2008.03.03 09:20:17.487,0.79615,0.7966,0.30,4.00
2008.03.03 09:20:17.590,0.7964,0.7965,2.80,0.10
2008.03.03 09:20:17.822,0.79615,0.7966,1.60,5.60
2008.03.03 09:20:17.911,0.7964,0.7965,2.80,0.10
2008.03.03 09:20:18.106,0.79615,0.7966,0.30,0.20
2008.03.03 09:20:18.140,0.7964,0.7965,2.80,0.10
2008.03.03 09:20:18.337,0.79614,0.79659,0.30,0.20
2008.03.03 09:20:18.445,0.7964,0.7965,2.80,0.10
2008.03.03 09:20:18.588,0.79615,0.7966,0.30,0.20
2008.03.03 09:20:18.771,0.7964,0.7965,2.80,0.10
2008.03.03 09:20:18.940,0.79615,0.7966,2.60,2.50
2008.03.03 09:20:19.246,0.7964,0.7965,2.80,0.10
2008.03.03 09:20:19.264,0.79615,0.7966,4.00,0.20
2008.03.03 09:20:19.588,0.79614,0.79659,0.30,0.20
2008.03.03 09:20:19.654,0.7964,0.7965,2.80,0.10
2008.03.03 09:20:19.913,0.79614,0.79659,0.60,0.20
2008.03.03 09:20:19.974,0.7964,0.7965,2.40,0.10
2008.03.03 09:20:20.137,0.79613,0.79658,0.40,2.40
2008.03.03 09:20:20.313,0.7964,0.7965,2.40,4.00
2008.03.03 09:20:20.459,0.79614,0.79659,0.30,0.20
2008.03.03 09:20:20.632,0.7963,0.7965,0.60,4.00
2008.03.03 09:20:20.761,0.79615,0.7966,8.00,0.20
2008.03.03 09:20:20.861,0.7963,0.7965,0.60,4.00
2008.03.03 09:20:21.091,0.7963,0.7965,0.60,4.00
2008.03.03 09:20:21.097,0.79615,0.7966,0.30,0.40
2008.03.03 09:20:21.319,0.7963,0.7965,0.60,4.00
2008.03.03 09:20:21.431,0.79615,0.7966,4.00,0.20
2008.03.03 09:20:21.645,0.7963,0.7965,0.60,4.00
2008.03.03 09:20:21.778,0.79615,0.7966,2.40,2.40
2008.03.03 09:20:21.967,0.7963,0.7965,0.60,4.00
2008.03.03 09:20:22.072,0.79614,0.79659,0.30,0.90
2008.03.03 09:20:22.262,0.7963,0.7965,0.60,4.00
2008.03.03 09:20:22.366,0.79617,0.79652,0.30,2.50
2008.03.03 09:20:22.627,0.7963,0.7965,0.60,4.00
2008.03.03 09:20:22.660,0.79625,0.7965,0.30,0.20
2008.03.03 09:20:22.952,0.7963,0.7965,0.60,4.00
2008.03.03 09:20:22.987,0.79624,0.79649,4.80,0.20
2008.03.03 09:20:23.279,0.7963,0.7965,0.60,4.00
2008.03.03 09:20:23.311,0.79623,0.79648,0.30,0.20
2008.03.03 09:20:23.556,0.7963,0.7965,0.60,4.00
2008.03.03 09:20:23.645,0.79623,0.79648,2.40,0.20
2008.03.03 09:20:23.829,0.7963,0.7965,0.60,4.00
2008.03.03 09:20:23.989,0.79625,0.7965,0.60,0.40
2008.03.03 09:20:24.152,0.79616,0.79661,2.40,2.40
2008.03.03 09:20:24.164,0.7963,0.7965,0.60,4.00
2008.03.03 09:20:24.304,0.79625,0.7965,0.10,2.40
2008.03.03 09:20:24.510,0.7963,0.7965,0.60,4.00
2008.03.03 09:20:24.666,0.79624,0.79649,0.30,0.20
2008.03.03 09:20:24.836,0.7963,0.7965,0.60,4.00
2008.03.03 09:20:24.975,0.79621,0.79646,0.60,0.20
2008.03.03 09:20:25.263,0.7963,0.7965,0.60,4.00
2008.03.03 09:20:25.308,0.79619,0.79644,0.30,0.20
2008.03.03 09:20:25.628,0.79619,0.79644,2.40,4.00
2008.03.03 09:20:26.069,0.79621,0.79646,2.40,2.40
2008.03.03 09:20:26.403,0.79625,0.7965,0.30,4.00
2008.03.03 09:20:26.841,0.79628,0.79653,0.30,0.20
2008.03.03 09:20:26.898,0.7963,0.7965,0.60,4.00
2008.03.03 09:20:27.021,0.7963,0.7965,0.60,4.00
2008.03.03 09:20:27.147,0.7963,0.7965,0.60,4.00
2008.03.03 09:20:27.149,0.79629,0.79654,4.80,0.20
2008.03.03 09:20:27.359,0.7963,0.7965,0.60,4.00
2008.03.03 09:20:27.482,0.7963,0.7965,0.60,4.00
2008.03.03 09:20:27.500,0.79629,0.79654,0.30,0.20
2008.03.03 09:20:27.691,0.7963,0.7965,0.60,4.00
2008.03.03 09:20:27.789,0.7963,0.7965,2.00,4.00
2008.03.03 09:20:27.828,0.79627,0.79652,0.30,0.20
2008.03.03 09:20:27.903,0.7963,0.7965,2.00,4.00
2008.03.03 09:20:28.158,0.79625,0.7965,0.30,0.20
2008.03.03 09:20:28.255,0.7964,0.7965,0.30,0.10
2008.03.03 09:20:28.482,0.79622,0.79647,4.00,2.70
2008.03.03 09:20:28.657,0.7964,0.7965,0.30,0.10
2008.03.03 09:20:28.801,0.79622,0.79647,0.30,2.50
2008.03.03 09:20:28.990,0.7964,0.7965,0.30,0.10
2008.03.03 09:20:29.114,0.79623,0.79648,2.40,0.50
2008.03.03 09:20:29.325,0.7963,0.7965,0.60,4.00
2008.03.03 09:20:29.480,0.79622,0.79647,0.30,0.20
2008.03.03 09:20:29.659,0.7963,0.7965,0.60,4.00
2008.03.03 09:20:29.891,0.79624,0.79649,0.30,0.20
2008.03.03 09:20:30.114,0.7963,0.7965,0.60,4.00
2008.03.03 09:20:30.240,0.79624,0.79649,0.30,0.20
2008.03.03 09:20:30.328,0.7963,0.7965,0.60,4.00
2008.03.03 09:20:30.544,0.7963,0.7965,0.60,4.00
2008.03.03 09:20:30.569,0.79624,0.79649,0.30,4.90
2008.03.03 09:20:30.763,0.7963,0.7965,0.60,4.00
2008.03.03 09:20:30.808,0.79624,0.79649,0.30,0.20
2008.03.03 09:20:30.987,0.7963,0.7965,0.60,4.00
2008.03.03 09:20:31.124,0.79626,0.79651,0.30,0.20
2008.03.03 09:20:31.310,0.7963,0.7965,0.60,4.00
2008.03.03 09:20:31.460,0.79627,0.79652,0.30,0.10
2008.03.03 09:20:31.651,0.7963,0.7965,0.60,4.00
2008.03.03 09:20:31.899,0.79627,0.79652,0.30,0.20
2008.03.03 09:20:32.091,0.7963,0.7965,0.60,4.00
2008.03.03 09:20:32.240,0.79628,0.79653,2.60,4.00
2008.03.03 09:20:32.427,0.7963,0.7965,0.60,4.00
2008.03.03 09:20:32.536,0.79625,0.7965,0.30,0.20
2008.03.03 09:20:32.690,0.7963,0.7965,0.60,4.00
2008.03.03 09:20:32.893,0.79625,0.7965,0.30,0.20
2008.03.03 09:20:32.929,0.7963,0.7965,2.00,0.10
2008.03.03 09:20:33.168,0.7963,0.7965,2.00,0.10
2008.03.03 09:20:33.208,0.79625,0.7965,0.30,0.20
2008.03.03 09:20:33.493,0.7964,0.7965,0.30,0.10
2008.03.03 09:20:33.554,0.79626,0.79651,0.30,0.80
2008.03.03 09:20:33.817,0.7964,0.7965,0.30,0.10
2008.03.03 09:20:33.847,0.79627,0.79652,0.60,2.40
2008.03.03 09:20:34.171,0.7964,0.7965,0.30,0.10
2008.03.03 09:20:34.314,0.79628,0.79653,6.40,0.20
2008.03.03 09:20:34.504,0.7964,0.7965,0.30,0.10
2008.03.03 09:20:34.657,0.79629,0.79654,0.30,0.20
2008.03.03 09:20:34.861,0.7964,0.7965,0.30,0.10
2008.03.03 09:20:35.082,0.79628,0.79653,2.40,2.40
2008.03.03 09:20:35.285,0.7964,0.7965,0.30,0.10
2008.03.03 09:20:35.384,0.79626,0.79651,0.30,4.00
2008.03.03 09:20:35.602,0.7964,0.7965,0.30,0.10
2008.03.03 09:20:35.737,0.79626,0.79651,0.30,8.00
2008.03.03 09:20:35.944,0.7964,0.7965,0.30,0.10
2008.03.03 09:20:35.976,0.79627,0.79652,2.80,2.70
2008.03.03 09:20:36.265,0.7964,0.7965,0.30,0.10
2008.03.03 09:20:36.395,0.79629,0.79654,4.00,0.20
2008.03.03 09:20:36.590,0.7964,0.7965,0.30,0.10
2008.03.03 09:20:36.838,0.7963,0.79655,2.40,2.40
2008.03.03 09:20:36.928,0.7964,0.7965,0.30,0.10
2008.03.03 09:20:37.173,0.79629,0.79654,0.30,4.00
2008.03.03 09:20:37.259,0.7964,0.7965,0.30,0.10
2008.03.03 09:20:37.511,0.79627,0.79652,0.30,0.20
2008.03.03 09:20:37.581,0.7964,0.7965,0.30,0.10
2008.03.03 09:20:37.835,0.79626,0.79651,6.60,0.20
2008.03.03 09:20:37.850,0.7964,0.7965,0.30,0.10
2008.03.03 09:20:38.156,0.79625,0.7965,0.30,0.20
2008.03.03 09:20:38.439,0.79626,0.79651,4.00,0.20
2008.03.03 09:20:38.709,0.79625,0.7965,2.40,4.00
2008.03.03 09:20:39.038,0.79626,0.79651,0.30,0.20
2008.03.03 09:20:39.318,0.79628,0.79653,0.30,0.20
2008.03.03 09:20:39.601,0.79626,0.79651,2.80,4.40
2008.03.03 09:20:39.832,0.7964,0.7965,0.30,0.10
2008.03.03 09:20:39.889,0.7963,0.7965,2.60,0.10
2008.03.03 09:20:39.927,0.79626,0.79651,4.00,2.40
2008.03.03 09:20:40.015,0.7963,0.7965,2.60,0.10
2008.03.03 09:20:40.143,0.7963,0.7965,2.60,0.10
2008.03.03 09:20:40.211,0.79623,0.79653,4.00,0.20
2008.03.03 09:20:40.224,0.7963,0.7965,2.60,0.10
2008.03.03 09:20:40.345,0.7963,0.7965,2.60,0.10
2008.03.03 09:20:40.450,0.79621,0.79651,4.40,6.50
2008.03.03 09:20:40.565,0.7963,0.7965,2.60,0.10
2008.03.03 09:20:40.671,0.7963,0.7965,2.60,0.10
2008.03.03 09:20:40.690,0.79621,0.79651,9.80,8.10
2008.03.03 09:20:40.777,0.7963,0.7965,0.30,0.10
2008.03.03 09:20:41.016,0.79621,0.79651,2.60,2.50
2008.03.03 09:20:41.111,0.7963,0.7965,0.60,0.10
2008.03.03 09:20:41.356,0.79622,0.79652,5.60,0.10
2008.03.03 09:20:41.447,0.7963,0.7965,0.60,0.10
2008.03.03 09:20:41.781,0.7963,0.7965,0.60,0.10
2008.03.03 09:20:41.786,0.79623,0.79653,0.30,0.50
2008.03.03 09:20:42.011,0.7963,0.7965,0.60,0.10
2008.03.03 09:20:42.120,0.79622,0.79652,8.00,0.20
2008.03.03 09:20:42.257,0.7963,0.7965,0.60,0.10
2008.03.03 09:20:42.463,0.7962,0.7965,0.30,0.20
2008.03.03 09:20:42.535,0.7963,0.7965,0.60,0.10
2008.03.03 09:20:42.785,0.7963,0.7965,0.60,0.10
2008.03.03 09:20:42.881,0.7962,0.7965,0.30,0.20
2008.03.03 09:20:43.074,0.7963,0.7965,0.60,0.10
2008.03.03 09:20:43.221,0.7962,0.7965,2.40,4.00
2008.03.03 09:20:43.408,0.7963,0.7965,0.60,0.10
2008.03.03 09:20:43.547,0.79622,0.79652,0.30,4.00
2008.03.03 09:20:43.742,0.7963,0.7965,0.30,0.10
2008.03.03 09:20:43.871,0.79623,0.79653,0.60,0.20
2008.03.03 09:20:44.110,0.79618,0.79653,2.60,2.50
2008.03.03 09:20:44.188,0.7963,0.7965,0.30,0.10
2008.03.03 09:20:44.514,0.7963,0.7965,0.30,0.10
2008.03.03 09:20:44.533,0.79617,0.79652,0.30,0.20
2008.03.03 09:20:44.845,0.7963,0.7965,0.30,0.10
2008.03.03 09:20:44.974,0.79616,0.79651,6.40,0.40
2008.03.03 09:20:45.180,0.7963,0.7965,0.30,0.10
2008.03.03 09:20:45.313,0.79617,0.79652,0.30,0.40
2008.03.03 09:20:45.535,0.7962,0.79655,0.30,4.00
2008.03.03 09:20:45.620,0.7963,0.7965,0.30,0.10
2008.03.03 09:20:45.753,0.79621,0.79656,2.40,2.40
2008.03.03 09:20:45.973,0.79621,0.79656,4.00,0.20
2008.03.03 09:20:46.057,0.7963,0.7965,0.30,0.10
2008.03.03 09:20:46.194,0.7962,0.79655,0.30,2.40
2008.03.03 09:20:46.281,0.7963,0.7965,0.30,0.10
2008.03.03 09:20:46.413,0.7962,0.79655,2.60,0.20
2008.03.03 09:20:46.506,0.7963,0.7965,0.60,0.10
2008.03.03 09:20:46.769,0.7963,0.7965,0.60,0.10
2008.03.03 09:20:46.850,0.79619,0.79654,4.00,2.50
2008.03.03 09:20:47.044,0.7963,0.7965,0.60,0.10
2008.03.03 09:20:47.293,0.79617,0.79652,1.80,5.60
2008.03.03 09:20:47.367,0.7963,0.7965,0.30,0.10
2008.03.03 09:20:47.624,0.79619,0.79654,0.60,0.20
2008.03.03 09:20:47.691,0.7963,0.7965,0.30,0.10
2008.03.03 09:20:47.957,0.79619,0.79654,0.30,0.20
2008.03.03 09:20:48.040,0.7963,0.7965,0.30,0.10
2008.03.03 09:20:48.264,0.7963,0.7965,0.30,0.10
2008.03.03 09:20:48.288,0.7962,0.79655,0.30,0.20
2008.03.03 09:20:48.487,0.7963,0.7965,0.30,0.10
2008.03.03 09:20:48.593,0.79619,0.79654,1.80,0.20
2008.03.03 09:20:48.726,0.7963,0.7965,0.30,0.10
2008.03.03 09:20:48.951,0.79618,0.79653,2.40,0.20
2008.03.03 09:20:49.276,0.7962,0.79655,2.60,0.30
2008.03.03 09:20:49.353,0.7963,0.7965,0.30,0.10
2008.03.03 09:20:49.607,0.7962,0.79655,2.40,0.40
2008.03.03 09:20:49.691,0.7963,0.7965,0.30,0.10
2008.03.03 09:20:49.933,0.79621,0.79656,0.30,0.20
2008.03.03 09:20:50.005,0.7963,0.7965,0.30,0.10
2008.03.03 09:20:50.266,0.79623,0.79658,4.00,0.20
2008.03.03 09:20:50.340,0.7963,0.7965,0.30,4.00
2008.03.03 09:20:50.576,0.79621,0.79656,0.30,0.20
2008.03.03 09:20:50.673,0.7963,0.7965,0.30,4.00
2008.03.03 09:20:50.908,0.7962,0.79655,2.60,2.50
2008.03.03 09:20:51.006,0.7963,0.7965,0.30,4.00
2008.03.03 09:20:51.240,0.7963,0.7965,0.30,4.00
2008.03.03 09:20:51.263,0.7962,0.79655,1.80,4.00
2008.03.03 09:20:51.474,0.7963,0.7965,0.30,4.00
2008.03.03 09:20:51.683,0.7962,0.79655,0.10,0.20
2008.03.03 09:20:51.708,0.7963,0.7965,0.30,0.10
2008.03.03 09:20:51.994,0.7963,0.7965,0.30,0.10
2008.03.03 09:20:52.106,0.7962,0.79655,0.30,9.60
2008.03.03 09:20:52.316,0.7963,0.7965,0.30,0.10
2008.03.03 09:20:52.456,0.79621,0.79656,0.30,0.20
2008.03.03 09:20:52.599,0.7963,0.7965,0.30,0.10
2008.03.03 09:20:52.800,0.79619,0.79654,4.00,4.10
2008.03.03 09:20:52.983,0.7963,0.7965,0.30,0.10
2008.03.03 09:20:53.130,0.79618,0.79653,0.30,0.20
2008.03.03 09:20:53.324,0.7963,0.7965,0.30,0.10
2008.03.03 09:20:53.550,0.79617,0.79652,0.30,0.20
2008.03.03 09:20:53.661,0.7963,0.7965,0.30,0.10
2008.03.03 09:20:53.791,0.79616,0.79651,4.00,0.20
2008.03.03 09:20:53.978,0.7963,0.7965,0.30,0.10
2008.03.03 09:20:54.111,0.79617,0.79652,0.30,2.40
2008.03.03 09:20:54.428,0.7963,0.7965,0.30,0.10
2008.03.03 09:20:54.445,0.79619,0.79654,4.00,0.20
2008.03.03 09:20:54.768,0.7962,0.79655,4.00,0.40
2008.03.03 09:20:54.809,0.7963,0.7965,0.30,0.10
2008.03.03 09:20:55.097,0.79621,0.79656,0.30,0.20
2008.03.03 09:20:55.146,0.7963,0.7965,0.60,0.10
2008.03.03 09:20:55.385,0.7963,0.7965,0.30,4.00
2008.03.03 09:20:55.431,0.79621,0.79656,8.00,0.20
2008.03.03 09:20:55.625,0.7963,0.7965,0.30,4.00
2008.03.03 09:20:55.648,0.7962,0.79655,2.60,2.50
2008.03.03 09:20:55.864,0.7963,0.7965,0.30,4.00
2008.03.03 09:20:55.880,0.79619,0.79654,16.00,2.40
2008.03.03 09:20:56.104,0.7963,0.7965,0.30,4.00
2008.03.03 09:20:56.197,0.79618,0.79653,1.60,9.60
2008.03.03 09:20:56.432,0.7963,0.7965,0.30,4.00
2008.03.03 09:20:56.637,0.79618,0.79653,0.60,0.20
2008.03.03 09:20:56.834,0.7963,0.7965,0.30,4.00
2008.03.03 09:20:56.974,0.7962,0.79655,0.60,4.00
2008.03.03 09:20:57.163,0.7963,0.7965,0.30,4.00
2008.03.03 09:20:57.418,0.79621,0.79656,0.30,0.20
2008.03.03 09:20:57.509,0.7963,0.7965,0.30,4.00
2008.03.03 09:20:57.687,0.7962,0.79655,0.60,0.20
2008.03.03 09:20:57.832,0.7963,0.7965,0.30,4.00
2008.03.03 09:20:57.970,0.79619,0.79654,2.60,5.60
2008.03.03 09:20:58.060,0.7963,0.7965,0.30,4.00
2008.03.03 09:20:58.284,0.79616,0.79651,0.30,1.70
2008.03.03 09:20:58.384,0.7963,0.7965,0.30,4.00
2008.03.03 09:20:58.627,0.79615,0.7965,0.30,0.20
2008.03.03 09:20:58.715,0.7963,0.7965,0.30,4.00
2008.03.03 09:20:58.944,0.79614,0.79649,9.60,0.20
2008.03.03 09:20:59.036,0.7963,0.7965,0.30,4.00
2008.03.03 09:20:59.342,0.79612,0.79648,2.40,2.40
2008.03.03 09:20:59.382,0.7963,0.7965,0.30,4.00
2008.03.03 09:20:59.806,0.7963,0.7965,0.30,4.00
2008.03.03 09:21:00.012,0.79614,0.79644,2.40,2.40
2008.03.03 09:21:00.150,0.7963,0.7965,0.30,4.00
2008.03.03 09:21:00.342,0.79614,0.79644,0.30,4.10
2008.03.03 09:21:00.478,0.7963,0.7965,0.30,4.00
2008.03.03 09:21:00.797,0.79615,0.79645,4.00,0.40
2008.03.03 09:21:01.013,0.7963,0.7965,0.30,4.00
2008.03.03 09:21:01.201,0.79615,0.79645,4.00,2.70
2008.03.03 09:21:01.239,0.7963,0.7965,0.30,4.00
2008.03.03 09:21:01.540,0.79614,0.79644,0.30,2.50
2008.03.03 09:21:01.577,0.7963,0.7965,0.30,4.00
2008.03.03 09:21:01.836,0.79614,0.79644,0.10,4.00
2008.03.03 09:21:02.030,0.7963,0.7965,0.30,4.00
2008.03.03 09:21:02.130,0.79616,0.79646,8.00,4.10
2008.03.03 09:21:02.350,0.7963,0.7965,0.30,4.00
2008.03.03 09:21:02.409,0.79616,0.79646,2.60,8.00
2008.03.03 09:21:02.661,0.7963,0.7965,0.30,4.00
2008.03.03 09:21:02.689,0.79617,0.79647,0.30,0.80
2008.03.03 09:21:02.989,0.7963,0.7965,0.30,4.00
2008.03.03 09:21:02.994,0.79616,0.79646,2.40,2.40
2008.03.03 09:21:03.263,0.79614,0.79644,0.30,0.20
2008.03.03 09:21:03.334,0.7963,0.7965,0.30,4.00
2008.03.03 09:21:03.532,0.7961,0.7964,2.60,2.50
2008.03.03 09:21:03.657,0.7963,0.7965,0.30,4.00
2008.03.03 09:21:03.837,0.79607,0.79637,4.00,0.20
2008.03.03 09:21:03.998,0.7963,0.7965,0.30,4.00
2008.03.03 09:21:04.142,0.79611,0.79641,0.30,0.20
2008.03.03 09:21:04.442,0.7963,0.7965,0.30,4.00
2008.03.03 09:21:04.446,0.79614,0.79644,4.00,0.20
2008.03.03 09:21:04.751,0.79613,0.79648,17.80,2.40
2008.03.03 09:21:04.859,0.7963,0.7965,0.30,4.00
2008.03.03 09:21:05.079,0.79612,0.79647,8.00,1.70
2008.03.03 09:21:05.194,0.7963,0.7965,0.30,4.00
2008.03.03 09:21:05.395,0.79612,0.79647,0.30,0.20
2008.03.03 09:21:05.534,0.7963,0.7965,0.30,4.00
2008.03.03 09:21:05.732,0.79611,0.79646,0.30,4.00
2008.03.03 09:21:05.874,0.7963,0.7965,0.30,4.00
2008.03.03 09:21:06.065,0.7961,0.79645,0.30,0.20
2008.03.03 09:21:06.193,0.7963,0.7965,0.30,4.00
2008.03.03 09:21:06.484,0.79613,0.79648,1.00,9.60
2008.03.03 09:21:06.509,0.7963,0.7965,0.30,4.00
2008.03.03 09:21:06.845,0.7963,0.7965,0.30,4.00
2008.03.03 09:21:06.886,0.79617,0.79652,0.30,0.20
2008.03.03 09:21:07.170,0.79619,0.79654,0.30,0.20
2008.03.03 09:21:07.179,0.7963,0.7965,0.30,4.00
2008.03.03 09:21:07.494,0.79617,0.79652,2.40,2.40
2008.03.03 09:21:07.507,0.7963,0.7965,0.30,4.00
2008.03.03 09:21:07.808,0.79613,0.79648,0.30,0.20
2008.03.03 09:21:07.837,0.7963,0.7965,0.30,4.00
2008.03.03 09:21:08.156,0.7961,0.79645,1.00,9.60
2008.03.03 09:21:08.159,0.7963,0.7965,0.30,4.00
2008.03.03 09:21:08.479,0.79606,0.79641,0.30,0.20
2008.03.03 09:21:08.502,0.7963,0.7965,0.30,4.00
2008.03.03 09:21:08.797,0.79605,0.7964,0.30,0.20
2008.03.03 09:21:08.823,0.7963,0.7965,0.30,4.00
2008.03.03 09:21:09.128,0.79603,0.79638,2.60,2.50
2008.03.03 09:21:09.167,0.7963,0.7965,0.30,4.00
2008.03.03 09:21:09.455,0.7963,0.7965,0.30,4.00
2008.03.03 09:21:09.464,0.79602,0.79637,2.40,1.60
2008.03.03 09:21:09.789,0.7963,0.7965,0.30,4.00
2008.03.03 09:21:09.804,0.79602,0.79637,0.30,0.20
2008.03.03 09:21:10.124,0.7963,0.7965,0.30,4.00
2008.03.03 09:21:10.136,0.79602,0.79637,0.30,0.20
2008.03.03 09:21:10.459,0.7963,0.7965,0.30,4.00
2008.03.03 09:21:10.463,0.79604,0.79639,2.80,4.00
2008.03.03 09:21:10.685,0.7963,0.7965,0.30,4.00
2008.03.03 09:21:10.895,0.7963,0.7965,0.30,4.00
2008.03.03 09:21:10.915,0.79605,0.7964,0.30,4.00
2008.03.03 09:21:11.126,0.7963,0.7965,0.30,4.00
2008.03.03 09:21:11.340,0.79609,0.79644,0.30,0.20
2008.03.03 09:21:11.346,0.7963,0.7965,0.30,4.00
2008.03.03 09:21:11.682,0.79611,0.79646,0.30,4.00
2008.03.03 09:21:11.697,0.7963,0.7965,0.30,4.00
2008.03.03 09:21:12.007,0.79612,0.79647,2.40,2.40
2008.03.03 09:21:12.012,0.7963,0.7965,0.30,0.10
2008.03.03 09:21:12.328,0.7963,0.7965,0.30,0.10
2008.03.03 09:21:12.336,0.79616,0.79651,2.40,4.00
2008.03.03 09:21:12.587,0.7963,0.7965,0.30,0.10
2008.03.03 09:21:12.654,0.7962,0.79655,0.30,8.00
2008.03.03 09:21:12.896,0.7963,0.7965,0.30,0.10
2008.03.03 09:21:12.964,0.7962,0.79655,4.00,0.20
2008.03.03 09:21:13.155,0.7963,0.7965,0.30,0.10
2008.03.03 09:21:13.223,0.79619,0.79654,0.30,0.20
2008.03.03 09:21:13.414,0.7963,0.7965,0.30,0.10
2008.03.03 09:21:13.547,0.79616,0.79651,0.30,0.20
2008.03.03 09:21:13.620,0.79613,0.79643,0.30,4.00
2008.03.03 09:21:13.770,0.7963,0.7965,0.30,0.10
2008.03.03 09:21:13.801,0.79604,0.79639,12.40,12.10
2008.03.03 09:21:14.114,0.7963,0.7965,0.30,0.10
2008.03.03 09:21:14.115,0.79602,0.79638,2.40,2.40
2008.03.03 09:21:14.429,0.7963,0.7965,0.30,0.10
2008.03.03 09:21:14.430,0.79605,0.7964,4.00,0.40
2008.03.03 09:21:14.750,0.79605,0.7964,2.80,2.40
2008.03.03 09:21:14.770,0.7963,0.7965,0.30,0.10
2008.03.03 09:21:15.097,0.79607,0.79642,0.30,2.40
2008.03.03 09:21:15.206,0.7963,0.7965,0.30,0.10
2008.03.03 09:21:15.420,0.79611,0.79646,0.30,0.40
2008.03.03 09:21:15.541,0.7963,0.7964,0.30,4.00
2008.03.03 09:21:15.734,0.79613,0.79648,0.30,0.20
2008.03.03 09:21:16.175,0.79611,0.79646,2.40,0.40
2008.03.03 09:21:16.524,0.79609,0.79644,0.30,0.20
2008.03.03 09:21:16.923,0.79609,0.79644,0.30,0.70
2008.03.03 09:21:17.122,0.7963,0.7964,0.30,4.00
2008.03.03 09:21:17.177,0.79611,0.79646,4.40,0.20
2008.03.03 09:21:17.185,0.7963,0.7965,0.60,0.10
2008.03.03 09:21:17.238,0.7963,0.7965,0.60,0.10
2008.03.03 09:21:17.297,0.7963,0.7965,0.60,0.10
2008.03.03 09:21:17.421,0.7963,0.7965,0.60,0.10
2008.03.03 09:21:17.484,0.7963,0.7965,0.60,0.10
2008.03.03 09:21:17.513,0.79614,0.79649,12.40,2.40
2008.03.03 09:21:17.635,0.7963,0.7965,0.60,0.10
2008.03.03 09:21:17.751,0.7963,0.7965,0.60,0.10
2008.03.03 09:21:17.822,0.7963,0.7965,0.60,0.10
2008.03.03 09:21:17.850,0.79616,0.79651,0.30,0.20
2008.03.03 09:21:17.993,0.7963,0.7965,0.60,0.10
2008.03.03 09:21:18.067,0.7963,0.7965,0.60,0.10
2008.03.03 09:21:18.151,0.79617,0.79652,1.80,2.50
2008.03.03 09:21:18.176,0.7963,0.7965,0.60,0.10
2008.03.03 09:21:18.498,0.79615,0.7965,2.40,2.40
2008.03.03 09:21:18.625,0.7963,0.7965,0.60,0.10
2008.03.03 09:21:18.853,0.79616,0.79651,4.00,0.20
2008.03.03 09:21:19.057,0.7963,0.7965,0.60,0.10
2008.03.03 09:21:19.136,0.79617,0.79652,4.20,6.40
2008.03.03 09:21:19.392,0.7963,0.7965,0.60,0.10
2008.03.03 09:21:19.421,0.79619,0.79654,4.00,0.40
2008.03.03 09:21:19.704,0.7962,0.79655,1.60,5.60
2008.03.03 09:21:19.818,0.7963,0.7965,0.60,0.10
2008.03.03 09:21:19.988,0.79618,0.79653,5.60,2.40
2008.03.03 09:21:20.155,0.7963,0.7965,0.60,0.10
2008.03.03 09:21:20.223,0.79615,0.7965,4.00,0.20
2008.03.03 09:21:20.475,0.79606,0.79651,0.30,0.20
2008.03.03 09:21:20.478,0.7963,0.7965,0.60,0.10
2008.03.03 09:21:20.707,0.7963,0.7965,0.60,0.10
2008.03.03 09:21:20.805,0.79603,0.79648,0.30,0.80
2008.03.03 09:21:21.037,0.7963,0.7965,0.60,0.10
2008.03.03 09:21:21.126,0.79602,0.79647,4.00,0.20
2008.03.03 09:21:21.568,0.79604,0.79649,0.30,0.20
2008.03.03 09:21:22.015,0.79609,0.79654,0.30,0.20
2008.03.03 09:21:22.349,0.79612,0.79657,0.05,4.00
2008.03.03 09:21:22.675,0.79612,0.79657,6.40,0.20
2008.03.03 09:21:22.998,0.7961,0.79655,0.30,0.20
2008.03.03 09:21:23.244,0.7963,0.7965,0.60,0.10
2008.03.03 09:21:23.269,0.7963,0.7965,0.60,0.10
2008.03.03 09:21:23.324,0.7963,0.7965,0.60,0.10
2008.03.03 09:21:23.329,0.79609,0.79654,16.20,0.80
2008.03.03 09:21:23.381,0.7963,0.7965,0.60,0.10
2008.03.03 09:21:23.451,0.7963,0.7965,0.60,0.10
2008.03.03 09:21:23.515,0.7963,0.7965,0.60,0.10
2008.03.03 09:21:23.548,0.7963,0.7965,0.60,0.10
2008.03.03 09:21:23.569,0.7963,0.7965,0.60,0.10
2008.03.03 09:21:23.606,0.7963,0.7965,0.60,0.10
2008.03.03 09:21:23.661,0.79608,0.79653,0.20,0.20
2008.03.03 09:21:23.707,0.7963,0.7965,0.60,0.10
2008.03.03 09:21:23.734,0.7963,0.7965,0.60,0.10
2008.03.03 09:21:23.796,0.7963,0.7965,0.60,0.10
2008.03.03 09:21:23.912,0.7963,0.7965,0.60,0.10
2008.03.03 09:21:23.955,0.7963,0.7965,0.60,0.10
2008.03.03 09:21:24.000,0.79609,0.79654,0.30,0.20
2008.03.03 09:21:24.039,0.7963,0.7965,0.60,0.10
2008.03.03 09:21:24.157,0.7963,0.7965,0.60,0.10
2008.03.03 09:21:24.231,0.7963,0.7965,0.60,0.10
2008.03.03 09:21:24.330,0.7961,0.79655,0.30,0.20
2008.03.03 09:21:24.658,0.79611,0.79656,0.30,0.20
2008.03.03 09:21:24.678,0.7963,0.7965,0.60,0.10
2008.03.03 09:21:24.993,0.7961,0.79655,4.00,0.20
2008.03.03 09:21:25.117,0.7963,0.7965,0.60,0.10
2008.03.03 09:21:25.307,0.7961,0.79655,0.30,2.50
2008.03.03 09:21:25.434,0.7963,0.7965,0.60,0.10
2008.03.03 09:21:25.639,0.7961,0.79655,0.30,0.20
2008.03.03 09:21:25.763,0.7963,0.7965,0.60,0.10
2008.03.03 09:21:25.967,0.7961,0.79655,0.30,0.20
2008.03.03 09:21:26.085,0.7963,0.7965,0.60,0.10
2008.03.03 09:21:26.314,0.7963,0.7965,0.60,0.10
2008.03.03 09:21:26.397,0.7961,0.79655,0.30,0.20
2008.03.03 09:21:26.644,0.7963,0.7965,0.60,0.10
2008.03.03 09:21:26.737,0.79612,0.79657,0.30,4.00
2008.03.03 09:21:26.979,0.7963,0.7965,0.60,0.10
2008.03.03 09:21:27.171,0.79613,0.79658,0.30,2.50
2008.03.03 09:21:27.302,0.7963,0.7965,0.60,0.10
2008.03.03 09:21:27.506,0.79613,0.79658,4.00,0.20
2008.03.03 09:21:27.539,0.7963,0.7965,0.30,0.10
2008.03.03 09:21:27.741,0.7963,0.7965,0.30,0.10
2008.03.03 09:21:27.837,0.79611,0.79656,0.30,0.50
2008.03.03 09:21:27.960,0.7963,0.7965,0.30,0.10
2008.03.03 09:21:28.167,0.7961,0.79655,2.40,2.40
2008.03.03 09:21:28.183,0.7963,0.7965,0.30,0.10
2008.03.03 09:21:28.503,0.79609,0.79654,6.40,2.40
2008.03.03 09:21:28.504,0.7963,0.7965,0.30,0.10
2008.03.03 09:21:28.814,0.7963,0.7965,0.30,0.10
2008.03.03 09:21:28.822,0.79608,0.79653,0.60,0.40
2008.03.03 09:21:29.155,0.79609,0.79654,12.40,12.10
2008.03.03 09:21:29.176,0.7963,0.7965,0.30,0.10
2008.03.03 09:21:29.503,0.7963,0.7965,0.30,0.10
2008.03.03 09:21:29.551,0.7961,0.79655,0.60,0.20
2008.03.03 09:21:29.849,0.7961,0.79655,0.30,1.60
2008.03.03 09:21:29.969,0.7963,0.7965,0.30,0.10
2008.03.03 09:21:30.148,0.79611,0.79656,0.30,4.00
2008.03.03 09:21:30.372,0.7963,0.7965,0.30,0.10
2008.03.03 09:21:30.402,0.79609,0.79654,0.30,2.40
2008.03.03 09:21:30.641,0.79606,0.79651,2.40,0.40
2008.03.03 09:21:30.713,0.7963,0.7965,0.30,0.10
2008.03.03 09:21:30.881,0.79608,0.79643,0.30,0.20
2008.03.03 09:21:30.938,0.7963,0.7965,0.30,0.10
2008.03.03 09:21:31.120,0.79606,0.79646,8.00,0.20
2008.03.03 09:21:31.162,0.7963,0.7965,0.60,0.10
2008.03.03 09:21:31.386,0.7963,0.7965,0.60,0.10
2008.03.03 09:21:31.454,0.79609,0.79654,4.00,0.20
2008.03.03 09:21:31.705,0.7963,0.7965,0.30,0.10
2008.03.03 09:21:31.788,0.79614,0.79654,0.30,2.40
2008.03.03 09:21:32.122,0.79615,0.79655,0.30,0.20
2008.03.03 09:21:32.153,0.7963,0.7965,0.30,0.10
2008.03.03 09:21:32.500,0.79614,0.79654,8.20,4.00
2008.03.03 09:21:32.572,0.7963,0.7965,0.30,0.10
2008.03.03 09:21:32.805,0.7963,0.7965,0.30,0.10
2008.03.03 09:21:32.814,0.79613,0.79653,2.40,2.40
2008.03.03 09:21:33.009,0.7963,0.7965,0.60,0.10
2008.03.03 09:21:33.148,0.79614,0.79654,4.20,2.40
2008.03.03 09:21:33.214,0.7963,0.7965,0.60,0.10
2008.03.03 09:21:33.418,0.79611,0.79656,0.60,0.20
2008.03.03 09:21:33.623,0.7963,0.7965,0.30,4.00
2008.03.03 09:21:33.676,0.7961,0.79655,0.30,0.20
2008.03.03 09:21:33.914,0.79607,0.79652,4.20,2.40
2008.03.03 09:21:33.956,0.7963,0.7965,0.30,4.00
2008.03.03 09:21:34.192,0.79609,0.79649,0.30,0.20
2008.03.03 09:21:34.290,0.7963,0.7965,0.30,4.00
2008.03.03 09:21:34.471,0.79609,0.79654,0.30,4.00
2008.03.03 09:21:34.630,0.7963,0.7965,0.30,4.00
2008.03.03 09:21:34.789,0.79611,0.79656,9.70,0.20
2008.03.03 09:21:34.964,0.7963,0.7965,0.30,4.00
2008.03.03 09:21:35.155,0.79613,0.79658,0.30,0.20
2008.03.03 09:21:35.341,0.7963,0.7965,0.30,4.00
2008.03.03 09:21:35.474,0.79612,0.79657,0.30,4.00
2008.03.03 09:21:35.708,0.79613,0.79658,0.60,0.20
2008.03.03 09:21:35.760,0.7963,0.7965,0.30,4.00
2008.03.03 09:21:35.942,0.79615,0.79655,2.40,4.00
2008.03.03 09:21:35.997,0.7963,0.7965,0.30,4.00
2008.03.03 09:21:36.177,0.79613,0.79653,7.20,0.40
2008.03.03 09:21:36.201,0.7963,0.7965,0.30,4.00
2008.03.03 09:21:36.411,0.79609,0.79654,0.30,4.00
2008.03.03 09:21:36.448,0.7963,0.7965,0.30,4.00
2008.03.03 09:21:36.651,0.7963,0.7965,0.30,4.00
2008.03.03 09:21:36.752,0.7961,0.79655,2.40,2.40
2008.03.03 09:21:36.985,0.79615,0.7963,1.60,4.00
2008.03.03 09:21:37.081,0.79609,0.79659,4.00,0.20
2008.03.03 09:21:37.320,0.7962,0.7965,0.30,6.40
2008.03.03 09:21:37.410,0.79604,0.79664,0.30,0.20
2008.03.03 09:21:37.655,0.7962,0.7965,0.30,4.00
2008.03.03 09:21:37.846,0.79603,0.79663,0.30,0.20
2008.03.03 09:21:37.880,0.7962,0.7965,0.30,4.00
2008.03.03 09:21:38.210,0.7962,0.7965,0.30,4.00
2008.03.03 09:21:38.281,0.79603,0.79663,0.30,4.00
2008.03.03 09:21:38.529,0.7962,0.7965,0.30,4.00
2008.03.03 09:21:38.613,0.79601,0.79661,0.30,0.20
2008.03.03 09:21:38.837,0.7962,0.7965,0.30,0.10
2008.03.03 09:21:38.942,0.796,0.7966,4.00,2.50
2008.03.03 09:21:39.147,0.79635,0.7965,1.60,0.10
2008.03.03 09:21:39.177,0.79602,0.79662,0.30,0.20
2008.03.03 09:21:39.455,0.7964,0.7965,0.30,0.10
2008.03.03 09:21:39.491,0.79602,0.79662,0.30,0.20
2008.03.03 09:21:39.789,0.7964,0.7965,0.30,0.10
2008.03.03 09:21:39.933,0.796,0.7966,2.60,0.80
2008.03.03 09:21:40.123,0.7964,0.7965,0.30,0.10
2008.03.03 09:21:40.376,0.79603,0.79663,0.30,2.40
2008.03.03 09:21:40.458,0.7964,0.7965,0.30,0.10
2008.03.03 09:21:40.691,0.79605,0.79665,1.00,0.20
2008.03.03 09:21:40.792,0.7964,0.7965,0.30,0.10
2008.03.03 09:21:41.032,0.79606,0.79666,0.30,0.20
2008.03.03 09:21:41.059,0.7964,0.7965,0.30,0.10
2008.03.03 09:21:41.251,0.79606,0.79666,0.30,0.20
2008.03.03 09:21:41.284,0.7964,0.7965,0.30,0.10
2008.03.03 09:21:41.508,0.7964,0.7965,0.30,0.10
2008.03.03 09:21:41.579,0.79605,0.79665,0.30,0.30
2008.03.03 09:21:41.833,0.7964,0.7965,0.30,0.10
2008.03.03 09:21:41.914,0.79603,0.79663,0.30,4.00
2008.03.03 09:21:42.168,0.7964,0.7965,0.30,0.10
2008.03.03 09:21:42.343,0.79601,0.79661,2.40,2.40
2008.03.03 09:21:42.610,0.7964,0.7965,0.30,0.10
2008.03.03 09:21:42.689,0.79601,0.79661,0.30,4.00
2008.03.03 09:21:42.838,0.7964,0.7965,0.30,0.10
2008.03.03 09:21:43.004,0.79603,0.79663,6.40,0.20
2008.03.03 09:21:43.068,0.7964,0.7965,0.30,0.10
2008.03.03 09:21:43.358,0.79605,0.79665,2.60,0.20
2008.03.03 09:21:43.370,0.7964,0.7965,0.30,0.10
2008.03.03 09:21:43.679,0.79604,0.79664,0.30,4.00
2008.03.03 09:21:43.692,0.7964,0.7965,0.30,0.10
2008.03.03 09:21:44.017,0.79602,0.79662,4.00,0.40
2008.03.03 09:21:44.040,0.7964,0.7965,0.30,0.10
2008.03.03 09:21:44.343,0.79599,0.79659,0.30,2.40
2008.03.03 09:21:44.468,0.7964,0.7965,0.30,0.10
2008.03.03 09:21:44.658,0.79599,0.79659,0.30,0.20
2008.03.03 09:21:44.913,0.7964,0.7965,0.30,0.10
2008.03.03 09:21:44.992,0.79598,0.79658,0.30,4.00
2008.03.03 09:21:45.324,0.79599,0.79659,2.00,0.20
2008.03.03 09:21:45.346,0.7964,0.7965,0.30,0.10
2008.03.03 09:21:45.664,0.796,0.7966,0.30,0.80
2008.03.03 09:21:45.788,0.7964,0.7965,0.30,0.10
2008.03.03 09:21:45.986,0.79599,0.79659,0.30,0.20
2008.03.03 09:21:46.005,0.7964,0.7965,0.30,0.10
2008.03.03 09:21:46.239,0.7964,0.7965,0.30,0.10
2008.03.03 09:21:46.321,0.796,0.7966,0.30,0.40
2008.03.03 09:21:46.473,0.7964,0.7965,0.30,0.10
2008.03.03 09:21:46.642,0.79601,0.79661,6.40,0.20
2008.03.03 09:21:46.775,0.7964,0.7965,0.30,0.10
2008.03.03 09:21:47.087,0.79603,0.79663,0.30,4.00
2008.03.03 09:21:47.120,0.7964,0.7965,0.30,0.10
2008.03.03 09:21:47.419,0.7963,0.7965,0.30,4.00
2008.03.03 09:21:47.527,0.79603,0.79663,4.00,0.20
2008.03.03 09:21:47.732,0.7963,0.7965,0.30,4.00
2008.03.03 09:21:47.857,0.79601,0.79661,0.30,2.40
2008.03.03 09:21:47.976,0.7962,0.7965,0.60,4.00
2008.03.03 09:21:48.198,0.79602,0.79662,0.60,2.40
2008.03.03 09:21:48.220,0.7962,0.7965,0.60,4.00
2008.03.03 09:21:48.464,0.7962,0.7965,0.60,4.00
2008.03.03 09:21:48.471,0.79603,0.79663,11.40,2.50
2008.03.03 09:21:48.707,0.7962,0.7965,0.60,4.00
2008.03.03 09:21:48.746,0.79604,0.79664,2.40,0.20
2008.03.03 09:21:48.983,0.7961,0.7964,0.60,4.00
2008.03.03 09:21:49.068,0.79603,0.79663,0.30,4.00
2008.03.03 09:21:49.257,0.7961,0.7964,0.60,4.00
2008.03.03 09:21:49.396,0.79604,0.79664,0.30,0.20
2008.03.03 09:21:49.531,0.7961,0.7964,0.60,4.00
2008.03.03 09:21:49.726,0.79605,0.79665,0.30,0.20
2008.03.03 09:21:49.858,0.7961,0.7964,0.60,4.00
2008.03.03 09:21:50.056,0.79605,0.79665,8.20,2.40
2008.03.03 09:21:50.192,0.7961,0.7964,0.60,4.00
2008.03.03 09:21:50.390,0.79606,0.79666,0.30,0.20
2008.03.03 09:21:50.621,0.7961,0.7964,0.60,4.00
2008.03.03 09:21:50.715,0.79606,0.79666,0.30,2.50
2008.03.03 09:21:50.852,0.7961,0.7964,0.60,4.00
2008.03.03 09:21:51.147,0.79605,0.79665,0.30,0.20
2008.03.03 09:21:51.170,0.7961,0.7964,0.60,4.00
2008.03.03 09:21:51.398,0.7961,0.7964,0.60,4.00
2008.03.03 09:21:51.561,0.79604,0.79664,2.40,2.40
2008.03.03 09:21:51.627,0.79615,0.7964,1.80,4.00
2008.03.03 09:21:51.895,0.79604,0.79664,9.60,0.20
2008.03.03 09:21:51.942,0.7962,0.7964,0.30,4.00
2008.03.03 09:21:52.145,0.79603,0.79663,4.00,0.40
2008.03.03 09:21:52.255,0.7962,0.7964,0.30,4.00
2008.03.03 09:21:52.375,0.79601,0.79661,4.00,0.20
2008.03.03 09:21:52.568,0.7962,0.7964,0.30,4.00
2008.03.03 09:21:52.701,0.796,0.7966,2.40,2.40
2008.03.03 09:21:52.881,0.7962,0.7964,0.30,4.00
2008.03.03 09:21:53.023,0.79601,0.79661,0.10,0.20
2008.03.03 09:21:53.132,0.7962,0.7964,0.30,4.00
2008.03.03 09:21:53.347,0.79603,0.79663,4.00,0.20
2008.03.03 09:21:53.480,0.7962,0.7964,0.30,4.00
2008.03.03 09:21:53.728,0.79602,0.79662,1.80,2.50
2008.03.03 09:21:53.815,0.7962,0.7964,0.30,4.00
2008.03.03 09:21:54.011,0.796,0.7966,0.10,0.20
2008.03.03 09:21:54.084,0.7962,0.7964,0.30,4.00
2008.03.03 09:21:54.335,0.79599,0.79659,4.80,6.40
2008.03.03 09:21:54.357,0.7962,0.7964,0.30,4.00
2008.03.03 09:21:54.690,0.7962,0.7964,0.30,4.00
2008.03.03 09:21:54.738,0.796,0.7966,0.20,0.20
2008.03.03 09:21:54.978,0.79601,0.79661,0.30,0.20
2008.03.03 09:21:55.023,0.7962,0.7964,0.30,4.00
2008.03.03 09:21:55.331,0.79603,0.79663,0.30,0.20
2008.03.03 09:21:55.357,0.7962,0.7964,0.30,4.00
2008.03.03 09:21:55.662,0.79601,0.79661,4.00,0.40
2008.03.03 09:21:55.690,0.7962,0.7964,0.30,4.00
2008.03.03 09:21:55.991,0.79601,0.79661,0.60,2.50
2008.03.03 09:21:56.026,0.7962,0.7964,0.30,4.00
2008.03.03 09:21:56.240,0.7962,0.7964,0.30,4.00
2008.03.03 09:21:56.313,0.796,0.7966,0.30,0.20
2008.03.03 09:21:56.474,0.7962,0.7964,0.30,4.00
2008.03.03 09:21:56.761,0.79602,0.79662,0.30,0.20
2008.03.03 09:21:56.789,0.7962,0.7964,0.30,4.00
2008.03.03 09:21:57.092,0.7962,0.7964,0.30,4.00
2008.03.03 09:21:57.214,0.79603,0.79663,0.20,0.40
2008.03.03 09:21:57.452,0.7962,0.7964,0.30,4.00
2008.03.03 09:21:57.642,0.79604,0.79664,0.30,0.20
2008.03.03 09:21:57.783,0.7962,0.7964,0.30,4.00
2008.03.03 09:21:57.999,0.79603,0.79663,0.30,0.20
2008.03.03 09:21:58.015,0.7962,0.7964,0.30,4.00
2008.03.03 09:21:58.204,0.79603,0.79663,0.30,0.20
2008.03.03 09:21:58.322,0.7962,0.7964,0.30,4.00
2008.03.03 09:21:58.408,0.79601,0.79661,0.30,2.50
2008.03.03 09:21:58.643,0.79601,0.79661,0.30,0.20
2008.03.03 09:21:58.655,0.7962,0.7964,0.30,4.00
2008.03.03 09:21:58.860,0.79596,0.79656,0.05,0.20
2008.03.03 09:21:58.909,0.7962,0.7964,0.30,4.00
2008.03.03 09:21:59.215,0.7962,0.7964,0.30,4.00
2008.03.03 09:21:59.289,0.79594,0.79654,0.30,0.40
2008.03.03 09:21:59.544,0.7962,0.7964,0.30,4.00
2008.03.03 09:21:59.855,0.7962,0.7964,0.30,4.00
2008.03.03 09:22:00.132,0.79595,0.79655,2.40,0.50
2008.03.03 09:22:00.188,0.7962,0.7964,0.30,4.00
2008.03.03 09:22:00.346,0.79599,0.79659,6.40,0.20
2008.03.03 09:22:00.537,0.7962,0.7964,0.30,4.00
2008.03.03 09:22:00.562,0.79601,0.79661,0.30,0.40
2008.03.03 09:22:00.795,0.79602,0.79662,2.60,4.00
2008.03.03 09:22:00.968,0.7962,0.7964,0.30,4.00
2008.03.03 09:22:01.019,0.79601,0.79661,5.60,4.00
2008.03.03 09:22:01.301,0.7962,0.7964,0.30,4.00
2008.03.03 09:22:01.387,0.796,0.7966,2.40,0.20
2008.03.03 09:22:01.514,0.7962,0.7964,0.30,4.00
2008.03.03 09:22:01.721,0.79599,0.79659,0.50,0.20
2008.03.03 09:22:01.864,0.7962,0.7964,0.30,4.00
2008.03.03 09:22:02.054,0.79606,0.79656,0.20,1.60
2008.03.03 09:22:02.174,0.7962,0.7964,0.30,4.00
2008.03.03 09:22:02.309,0.79605,0.7966,4.00,0.20
2008.03.03 09:22:02.497,0.7962,0.7964,0.30,4.00
2008.03.03 09:22:02.562,0.79606,0.79666,0.30,0.40
2008.03.03 09:22:02.816,0.7962,0.79655,0.70,4.00
2008.03.03 09:22:02.824,0.7962,0.7964,0.30,4.00
2008.03.03 09:22:03.070,0.7962,0.79655,0.30,4.00
2008.03.03 09:22:03.167,0.7962,0.7964,0.30,4.00
2008.03.03 09:22:03.334,0.79624,0.79654,2.60,4.00
2008.03.03 09:22:03.393,0.79608,0.79668,6.40,0.20
2008.03.03 09:22:03.599,0.79634,0.79639,0.30,0.20
2008.03.03 09:22:03.864,0.79618,0.79658,0.30,0.20
2008.03.03 09:22:04.206,0.79616,0.79656,0.30,0.20
2008.03.03 09:22:04.525,0.79615,0.79655,0.30,0.20
2008.03.03 09:22:04.845,0.79614,0.79654,0.50,0.20
2008.03.03 09:22:05.184,0.79613,0.79653,0.30,0.60
2008.03.03 09:22:05.338,0.7962,0.7964,0.30,4.00
2008.03.03 09:22:05.418,0.7962,0.7964,0.30,4.00
2008.03.03 09:22:05.521,0.79614,0.79654,8.00,0.20
2008.03.03 09:22:05.599,0.7962,0.7964,0.30,4.00
2008.03.03 09:22:05.695,0.7962,0.7964,0.30,4.00
2008.03.03 09:22:05.793,0.7962,0.7964,0.30,4.00
2008.03.03 09:22:05.860,0.79614,0.79654,0.30,0.20
2008.03.03 09:22:05.915,0.7962,0.7964,0.30,4.00
2008.03.03 09:22:06.028,0.7962,0.7964,0.30,4.00
2008.03.03 09:22:06.147,0.7962,0.7964,0.30,4.00
2008.03.03 09:22:06.173,0.79612,0.79652,0.30,0.20
2008.03.03 09:22:06.258,0.7962,0.7964,0.30,4.00
2008.03.03 09:22:06.385,0.7962,0.7964,0.30,4.00
2008.03.03 09:22:06.511,0.7961,0.7965,0.50,2.40
2008.03.03 09:22:06.787,0.7962,0.7964,0.30,4.00
2008.03.03 09:22:06.942,0.79609,0.79649,2.60,2.40
2008.03.03 09:22:07.234,0.7962,0.7964,0.30,4.00
2008.03.03 09:22:07.273,0.79607,0.79647,2.40,2.40
2008.03.03 09:22:07.609,0.79603,0.79643,4.00,0.20
2008.03.03 09:22:07.705,0.7962,0.7964,0.30,4.00
2008.03.03 09:22:07.901,0.7962,0.7964,0.30,4.00
2008.03.03 09:22:07.946,0.79601,0.79641,0.30,0.20
2008.03.03 09:22:08.233,0.7962,0.7964,0.30,4.00
2008.03.03 09:22:08.272,0.79599,0.79639,2.40,2.40
2008.03.03 09:22:08.467,0.7962,0.7964,0.30,4.00
2008.03.03 09:22:08.599,0.79601,0.79641,2.40,2.40
2008.03.03 09:22:08.887,0.7962,0.7964,0.30,4.00
2008.03.03 09:22:08.927,0.79606,0.79646,0.20,0.20
2008.03.03 09:22:09.206,0.7962,0.7964,0.30,4.00
2008.03.03 09:22:09.261,0.79612,0.79652,0.30,0.20
2008.03.03 09:22:09.535,0.7962,0.7964,0.30,4.00
2008.03.03 09:22:09.579,0.79617,0.79657,0.30,0.20
2008.03.03 09:22:09.907,0.7962,0.7966,0.30,0.20
2008.03.03 09:22:09.987,0.7962,0.7964,0.30,4.00
2008.03.03 09:22:10.253,0.7962,0.7966,0.30,0.20
2008.03.03 09:22:10.425,0.7962,0.7964,0.30,4.00
2008.03.03 09:22:10.582,0.7962,0.7966,2.40,2.40
2008.03.03 09:22:10.864,0.7962,0.7964,0.30,4.00
2008.03.03 09:22:10.918,0.79621,0.79661,0.60,0.20
2008.03.03 09:22:11.079,0.7962,0.7964,0.30,4.00
2008.03.03 09:22:11.341,0.79621,0.79661,0.30,0.20
2008.03.03 09:22:11.403,0.7962,0.7964,0.30,4.00
2008.03.03 09:22:11.634,0.7962,0.7964,0.30,4.00
2008.03.03 09:22:11.687,0.79622,0.79662,0.30,2.40
2008.03.03 09:22:11.969,0.7962,0.7964,0.30,4.00
2008.03.03 09:22:12.115,0.79617,0.79657,0.30,0.20
2008.03.03 09:22:12.218,0.79599,0.79659,0.40,0.50
2008.03.03 09:22:12.281,0.7962,0.7964,0.30,4.00
2008.03.03 09:22:12.449,0.79603,0.79643,0.50,0.40
2008.03.03 09:22:12.630,0.7962,0.7964,0.30,4.00
2008.03.03 09:22:12.767,0.796,0.7964,0.30,0.20
2008.03.03 09:22:12.961,0.7962,0.7964,0.30,4.00
2008.03.03 09:22:13.096,0.79604,0.79644,2.40,2.40
2008.03.03 09:22:13.292,0.7962,0.7964,0.30,4.00
2008.03.03 09:22:13.426,0.79607,0.79647,2.40,1.60
2008.03.03 09:22:13.628,0.7962,0.7964,0.30,4.00
2008.03.03 09:22:13.760,0.7961,0.7965,0.30,0.20
2008.03.03 09:22:13.932,0.7962,0.7964,0.30,4.00
2008.03.03 09:22:14.101,0.79612,0.79652,0.30,0.20
2008.03.03 09:22:14.278,0.7962,0.7964,0.30,4.00
2008.03.03 09:22:14.525,0.79616,0.79656,0.30,0.20
2008.03.03 09:22:14.602,0.7962,0.7964,0.30,4.00
2008.03.03 09:22:14.860,0.79621,0.79661,2.60,2.50
2008.03.03 09:22:15.053,0.7962,0.7964,0.30,4.00
2008.03.03 09:22:15.203,0.79621,0.79661,4.40,0.20
2008.03.03 09:22:15.416,0.79619,0.79659,0.30,0.05
2008.03.03 09:22:15.486,0.7962,0.7964,0.30,4.00
2008.03.03 09:22:15.628,0.7962,0.7966,0.30,4.00
2008.03.03 09:22:15.855,0.79622,0.79662,0.30,0.20
2008.03.03 09:22:15.915,0.7962,0.7964,0.30,4.00
2008.03.03 09:22:16.085,0.79621,0.79661,0.30,0.20
2008.03.03 09:22:16.140,0.7962,0.7964,0.30,4.00
2008.03.03 09:22:16.476,0.7962,0.7964,0.30,4.00
2008.03.03 09:22:16.487,0.79617,0.79657,2.40,0.20
2008.03.03 09:22:16.798,0.7962,0.7964,0.30,4.00
2008.03.03 09:22:16.954,0.79612,0.79652,0.30,0.20
2008.03.03 09:22:17.150,0.7962,0.7964,0.30,4.00
2008.03.03 09:22:17.290,0.7961,0.7965,4.00,0.20
2008.03.03 09:22:17.439,0.7962,0.7965,0.30,0.10
2008.03.03 09:22:17.618,0.79608,0.79648,4.00,6.40
2008.03.03 09:22:17.729,0.79635,0.7965,1.60,0.10
2008.03.03 09:22:17.942,0.79606,0.79646,0.30,0.20
2008.03.03 09:22:17.999,0.7964,0.7965,0.30,0.10
2008.03.03 09:22:18.283,0.79607,0.79647,2.40,2.40
2008.03.03 09:22:18.344,0.7964,0.7965,0.30,0.10
2008.03.03 09:22:18.613,0.7964,0.7965,0.30,0.10
2008.03.03 09:22:18.616,0.79609,0.79649,0.10,0.20
2008.03.03 09:22:18.857,0.7964,0.7965,0.30,0.10
2008.03.03 09:22:18.890,0.79609,0.79649,2.60,2.50
2008.03.03 09:22:19.112,0.7964,0.7965,0.30,0.10
2008.03.03 09:22:19.146,0.79609,0.79649,2.40,2.40
2008.03.03 09:22:19.447,0.7964,0.7965,0.30,0.10
2008.03.03 09:22:19.485,0.79608,0.79648,2.80,2.50
2008.03.03 09:22:19.691,0.7964,0.7965,0.30,0.10
2008.03.03 09:22:19.810,0.79609,0.79649,0.30,0.20
2008.03.03 09:22:20.089,0.7964,0.7965,0.30,0.10
2008.03.03 09:22:20.138,0.79608,0.79648,6.40,0.20
2008.03.03 09:22:20.425,0.7964,0.7965,0.30,0.10
2008.03.03 09:22:20.485,0.7961,0.7965,2.40,2.40
2008.03.03 09:22:20.807,0.79611,0.79651,4.00,0.20
2008.03.03 09:22:20.868,0.7964,0.7965,0.30,0.10
2008.03.03 09:22:21.092,0.7964,0.7965,0.30,0.10
2008.03.03 09:22:21.125,0.79614,0.79654,0.30,2.40
2008.03.03 09:22:21.420,0.7964,0.7965,0.30,0.10
2008.03.03 09:22:21.573,0.79615,0.79655,2.40,4.10
2008.03.03 09:22:21.637,0.7964,0.7965,0.30,0.10
2008.03.03 09:22:21.978,0.7964,0.7965,0.30,0.10
2008.03.03 09:22:22.006,0.79616,0.79656,0.60,0.20
2008.03.03 09:22:22.302,0.7964,0.7965,0.30,0.10
2008.03.03 09:22:22.340,0.79615,0.79655,6.40,0.20
2008.03.03 09:22:22.601,0.79614,0.79654,2.40,2.50
2008.03.03 09:22:22.626,0.7964,0.7965,0.30,0.10
2008.03.03 09:22:22.901,0.79614,0.79654,2.40,0.20
2008.03.03 09:22:22.967,0.7964,0.7965,0.30,0.10
2008.03.03 09:22:23.220,0.79614,0.79654,4.00,0.20
2008.03.03 09:22:23.285,0.7964,0.7965,0.30,0.10
2008.03.03 09:22:23.517,0.79612,0.79652,4.00,0.40
2008.03.03 09:22:23.614,0.7964,0.7965,0.30,0.10
2008.03.03 09:22:23.807,0.79608,0.79648,4.00,0.20
2008.03.03 09:22:23.865,0.7964,0.7965,0.30,0.10
2008.03.03 09:22:24.096,0.79604,0.79644,2.40,2.40
2008.03.03 09:22:24.161,0.7964,0.7965,0.30,0.10
2008.03.03 09:22:24.408,0.79602,0.79642,4.40,6.50
2008.03.03 09:22:24.455,0.7964,0.7965,0.30,0.10
2008.03.03 09:22:24.749,0.7964,0.7965,0.30,0.10
2008.03.03 09:22:24.810,0.79604,0.79644,0.30,0.40
2008.03.03 09:22:25.083,0.79645,0.7965,1.60,0.10
2008.03.03 09:22:25.095,0.79609,0.79649,0.30,0.20
2008.03.03 09:22:25.417,0.79645,0.7968,1.60,4.30
2008.03.03 09:22:25.425,0.79612,0.79652,0.30,0.50
2008.03.03 09:22:25.751,0.7965,0.7968,0.30,4.30
2008.03.03 09:22:25.755,0.79613,0.79653,11.20,0.20
2008.03.03 09:22:25.976,0.79645,0.7968,1.60,4.30
2008.03.03 09:22:26.091,0.79609,0.79649,5.60,4.00
2008.03.03 09:22:26.200,0.7963,0.7968,0.30,4.30
2008.03.03 09:22:26.411,0.79606,0.79646,2.60,2.50
2008.03.03 09:22:26.425,0.7963,0.7968,4.20,4.30
2008.03.03 09:22:26.650,0.79635,0.79675,1.00,0.20
2008.03.03 09:22:26.855,0.79603,0.79643,2.40,2.40
2008.03.03 09:22:26.891,0.79635,0.79675,1.80,0.20
2008.03.03 09:22:27.214,0.7964,0.79675,0.30,0.20
2008.03.03 09:22:27.295,0.79603,0.79643,0.30,4.80
2008.03.03 09:22:27.522,0.7964,0.79675,0.30,0.20
2008.03.03 09:22:27.598,0.79603,0.79643,0.30,0.20
2008.03.03 09:22:27.847,0.7964,0.7968,0.30,4.30
2008.03.03 09:22:27.953,0.79605,0.79645,0.60,2.50
2008.03.03 09:22:28.125,0.7964,0.7968,0.30,4.30
2008.03.03 09:22:28.288,0.79608,0.79648,0.30,0.20
2008.03.03 09:22:28.454,0.7964,0.7968,0.30,4.30
2008.03.03 09:22:28.615,0.79613,0.79653,0.30,4.00
2008.03.03 09:22:28.783,0.7964,0.7968,0.30,4.30
2008.03.03 09:22:28.940,0.79616,0.79656,0.30,0.20
2008.03.03 09:22:29.047,0.7964,0.7967,0.30,4.00
2008.03.03 09:22:29.202,0.79615,0.79655,0.30,4.00
2008.03.03 09:22:29.311,0.7964,0.7967,0.30,4.00
2008.03.03 09:22:29.441,0.79613,0.79653,0.10,0.20
2008.03.03 09:22:29.673,0.7964,0.7967,0.30,4.00
2008.03.03 09:22:29.775,0.79611,0.79651,2.40,2.40
2008.03.03 09:22:29.989,0.7964,0.7967,0.30,4.00
2008.03.03 09:22:30.109,0.7961,0.7965,2.60,2.50
2008.03.03 09:22:30.328,0.7964,0.7967,0.30,4.00
2008.03.03 09:22:30.479,0.7961,0.7965,0.30,0.20
2008.03.03 09:22:30.698,0.7961,0.7965,0.30,0.20
2008.03.03 09:22:30.758,0.7964,0.7967,0.30,4.00
2008.03.03 09:22:30.917,0.79613,0.79648,0.30,4.00
2008.03.03 09:22:31.136,0.79615,0.7965,2.40,0.20
2008.03.03 09:22:31.203,0.7964,0.7967,0.30,4.00
2008.03.03 09:22:31.355,0.79605,0.79665,4.00,0.20
2008.03.03 09:22:31.432,0.7964,0.7967,0.30,4.00
2008.03.03 09:22:31.694,0.79606,0.79666,0.60,0.20
2008.03.03 09:22:31.761,0.7964,0.7967,0.30,4.00
2008.03.03 09:22:32.033,0.79607,0.79667,0.30,0.20
2008.03.03 09:22:32.097,0.7964,0.7967,0.30,4.00
2008.03.03 09:22:32.408,0.79607,0.79667,0.50,2.70
2008.03.03 09:22:32.531,0.7964,0.7967,0.30,4.00
2008.03.03 09:22:32.681,0.79609,0.79669,0.30,4.00
2008.03.03 09:22:32.974,0.79606,0.79666,0.30,0.40
2008.03.03 09:22:32.976,0.7964,0.7967,0.30,4.00
2008.03.03 09:22:33.247,0.79605,0.79665,0.30,4.10
2008.03.03 09:22:33.287,0.7964,0.7967,0.30,4.00
2008.03.03 09:22:33.506,0.79645,0.7968,1.60,4.30
2008.03.03 09:22:33.521,0.79597,0.79667,0.30,4.00
2008.03.03 09:22:33.725,0.79645,0.7968,1.60,4.10
2008.03.03 09:22:33.785,0.79601,0.79661,0.30,0.20
2008.03.03 09:22:33.944,0.79645,0.7968,1.60,4.10
2008.03.03 09:22:34.107,0.79602,0.79662,0.30,0.20
2008.03.03 09:22:34.268,0.7965,0.7968,0.30,4.10
2008.03.03 09:22:34.449,0.79603,0.79663,2.60,2.50
2008.03.03 09:22:34.612,0.7965,0.7968,0.30,4.10
2008.03.03 09:22:34.782,0.79604,0.79664,0.30,0.20
2008.03.03 09:22:34.936,0.7965,0.7968,0.30,4.30
2008.03.03 09:22:35.109,0.79604,0.79664,4.00,0.20
2008.03.03 09:22:35.274,0.7965,0.7968,0.30,4.30
2008.03.03 09:22:35.410,0.79604,0.79664,0.80,0.20
2008.03.03 09:22:35.609,0.7965,0.7968,0.30,4.30
2008.03.03 09:22:35.770,0.79605,0.79665,0.30,0.20
2008.03.03 09:22:36.039,0.7965,0.7968,0.30,4.30
2008.03.03 09:22:36.083,0.79605,0.79665,0.60,1.90
2008.03.03 09:22:36.322,0.79605,0.79665,0.30,2.50
2008.03.03 09:22:36.380,0.7965,0.7968,0.30,4.30
2008.03.03 09:22:36.596,0.79605,0.79665,0.30,0.20
2008.03.03 09:22:36.700,0.7965,0.7968,0.30,4.30
2008.03.03 09:22:36.932,0.79604,0.79664,8.00,0.20
2008.03.03 09:22:37.045,0.7965,0.7968,0.30,4.30
2008.03.03 09:22:37.267,0.79603,0.79663,0.60,0.20
2008.03.03 09:22:37.357,0.7965,0.7968,0.30,4.30
2008.03.03 09:22:37.601,0.79601,0.79661,0.30,0.20
2008.03.03 09:22:37.723,0.7965,0.7968,0.30,4.30
2008.03.03 09:22:37.889,0.79603,0.79663,4.00,0.20
2008.03.03 09:22:38.016,0.7965,0.7968,0.30,4.30
2008.03.03 09:22:38.159,0.79609,0.79659,0.50,2.00
2008.03.03 09:22:38.225,0.7965,0.7968,0.30,4.30
2008.03.03 09:22:38.428,0.79603,0.79663,0.30,0.20
2008.03.03 09:22:38.457,0.7965,0.7968,0.30,4.30
2008.03.03 09:22:38.666,0.7965,0.7968,0.30,4.30
2008.03.03 09:22:38.699,0.79604,0.79664,0.30,0.40
2008.03.03 09:22:38.875,0.7965,0.7968,0.30,4.30
2008.03.03 09:22:38.991,0.79604,0.79664,2.40,2.40
2008.03.03 09:22:39.129,0.7965,0.7968,0.30,4.30
2008.03.03 09:22:39.284,0.79606,0.79661,1.80,0.20
2008.03.03 09:22:39.561,0.7965,0.7968,0.30,4.30
2008.03.03 09:22:39.574,0.79606,0.79661,0.30,2.40
2008.03.03 09:22:39.829,0.79606,0.79656,2.40,2.40
2008.03.03 09:22:39.901,0.7965,0.7968,0.30,4.30
2008.03.03 09:22:40.151,0.79606,0.79656,0.30,0.20
2008.03.03 09:22:40.350,0.7965,0.7968,0.30,4.30
2008.03.03 09:22:40.482,0.79606,0.79656,0.60,0.40
2008.03.03 09:22:40.780,0.7965,0.7968,0.30,4.30
2008.03.03 09:22:40.821,0.79605,0.79655,0.30,4.00
2008.03.03 09:22:41.127,0.7965,0.7968,0.30,4.30
2008.03.03 09:22:41.243,0.79604,0.79654,0.30,0.20
2008.03.03 09:22:41.346,0.7965,0.7968,0.30,4.30
2008.03.03 09:22:41.563,0.7965,0.7968,0.30,4.30
2008.03.03 09:22:41.577,0.79602,0.79652,0.50,0.60
2008.03.03 09:22:41.782,0.7965,0.7968,0.30,4.30
2008.03.03 09:22:41.928,0.796,0.7965,0.30,0.20
2008.03.03 09:22:41.993,0.7965,0.7968,0.30,4.30
2008.03.03 09:22:42.219,0.7965,0.7968,0.30,4.30
2008.03.03 09:22:42.253,0.79603,0.79653,1.00,0.20
2008.03.03 09:22:42.588,0.79608,0.79658,0.60,4.00
2008.03.03 09:22:42.660,0.7965,0.7968,0.30,4.30
2008.03.03 09:22:42.912,0.79613,0.79663,0.30,0.20
2008.03.03 09:22:43.104,0.7965,0.7968,0.30,4.30
2008.03.03 09:22:43.239,0.79614,0.79664,2.60,2.50
2008.03.03 09:22:43.525,0.7965,0.7968,0.30,4.30
2008.03.03 09:22:43.579,0.79615,0.79665,2.40,0.20
2008.03.03 09:22:43.761,0.7965,0.7968,0.30,4.30
2008.03.03 09:22:43.982,0.7965,0.7968,0.30,4.30
2008.03.03 09:22:44.002,0.79614,0.79664,0.30,2.50
2008.03.03 09:22:44.314,0.7965,0.7968,0.30,4.30
2008.03.03 09:22:44.450,0.79615,0.79665,0.30,0.20
2008.03.03 09:22:44.744,0.7965,0.7968,0.30,4.30
2008.03.03 09:22:44.791,0.79613,0.79663,4.20,2.50
2008.03.03 09:22:45.049,0.79611,0.79661,2.60,2.50
2008.03.03 09:22:45.202,0.7965,0.7968,0.30,4.30
2008.03.03 09:22:45.320,0.7961,0.7966,0.30,0.20
2008.03.03 09:22:45.625,0.7965,0.7968,0.30,4.30
2008.03.03 09:22:45.660,0.7961,0.7966,0.30,0.20
2008.03.03 09:22:45.961,0.7965,0.7968,0.30,4.30
2008.03.03 09:22:46.083,0.79613,0.79663,0.30,1.70
2008.03.03 09:22:46.287,0.7965,0.7968,0.30,4.30
2008.03.03 09:22:46.418,0.79616,0.79666,0.30,0.20
2008.03.03 09:22:46.605,0.7965,0.7968,0.30,4.30
2008.03.03 09:22:46.767,0.79618,0.79668,0.30,0.20
2008.03.03 09:22:46.948,0.7965,0.7968,0.30,4.30
2008.03.03 09:22:47.090,0.79619,0.79669,0.60,4.00
2008.03.03 09:22:47.263,0.7965,0.7968,0.30,4.30
2008.03.03 09:22:47.416,0.7962,0.7967,0.60,0.20
2008.03.03 09:22:47.596,0.7965,0.7968,0.30,4.30
2008.03.03 09:22:47.743,0.79619,0.79669,0.30,0.40
2008.03.03 09:22:47.933,0.7965,0.7968,0.30,4.30
2008.03.03 09:22:48.002,0.79618,0.79668,2.40,0.20
2008.03.03 09:22:48.261,0.79618,0.79668,0.30,4.00
2008.03.03 09:22:48.265,0.7965,0.7968,0.30,4.30
2008.03.03 09:22:48.519,0.79617,0.79667,1.00,0.20
2008.03.03 09:22:48.604,0.7965,0.7968,0.30,4.30
2008.03.03 09:22:48.842,0.79616,0.79666,2.40,2.40
2008.03.03 09:22:48.943,0.7965,0.7968,0.30,4.30
2008.03.03 09:22:49.173,0.79615,0.79665,2.40,0.20
2008.03.03 09:22:49.256,0.7965,0.7968,0.30,4.30
2008.03.03 09:22:49.503,0.79614,0.79664,2.40,4.00
2008.03.03 09:22:49.699,0.7965,0.7968,0.30,4.30
2008.03.03 09:22:49.844,0.79612,0.79662,0.40,2.40
2008.03.03 09:22:50.068,0.79608,0.79658,0.30,3.20
2008.03.03 09:22:50.130,0.7965,0.7968,0.30,4.30
2008.03.03 09:22:50.375,0.79605,0.79655,8.00,0.20
2008.03.03 09:22:50.473,0.7965,0.7968,0.30,4.30
2008.03.03 09:22:50.720,0.79605,0.79655,0.30,0.20
2008.03.03 09:22:50.796,0.7965,0.7968,0.30,4.30
2008.03.03 09:22:51.017,0.7965,0.7968,0.30,4.30
2008.03.03 09:22:51.160,0.79605,0.79655,2.60,2.50
2008.03.03 09:22:51.240,0.7965,0.7968,0.30,4.30
2008.03.03 09:22:51.499,0.79606,0.79656,6.60,0.20
2008.03.03 09:22:51.573,0.7965,0.7968,0.30,4.30
2008.03.03 09:22:51.895,0.79606,0.79656,0.30,0.20
2008.03.03 09:22:52.009,0.7965,0.7968,0.30,4.30
2008.03.03 09:22:52.183,0.79608,0.79658,0.60,0.40
2008.03.03 09:22:52.451,0.7965,0.7968,0.30,4.30
2008.03.03 09:22:52.477,0.79611,0.79661,2.40,2.40
2008.03.03 09:22:52.660,0.7965,0.7968,0.30,4.30
2008.03.03 09:22:52.773,0.79612,0.79662,0.30,0.20
2008.03.03 09:22:52.874,0.7965,0.7968,0.30,4.30
2008.03.03 09:22:53.097,0.7965,0.7968,0.30,4.30
2008.03.03 09:22:53.135,0.79613,0.79663,0.30,0.20
2008.03.03 09:22:53.318,0.7965,0.7968,0.30,4.30
2008.03.03 09:22:53.472,0.79614,0.79664,2.80,2.50
2008.03.03 09:22:53.555,0.7965,0.7968,0.30,4.30
2008.03.03 09:22:53.789,0.79614,0.79664,0.30,0.20
2008.03.03 09:22:53.981,0.7965,0.7968,0.30,4.30
2008.03.03 09:22:54.226,0.7961,0.7966,2.40,2.40
2008.03.03 09:22:54.320,0.7965,0.7968,0.30,4.30
2008.03.03 09:22:54.568,0.79607,0.79657,0.30,0.40
2008.03.03 09:22:54.759,0.7965,0.7968,0.30,4.30
2008.03.03 09:22:55.007,0.79606,0.79656,0.30,0.20
2008.03.03 09:22:55.183,0.7965,0.7968,0.30,4.30
2008.03.03 09:22:55.232,0.79607,0.79657,4.40,5.60
2008.03.03 09:22:55.458,0.7961,0.7966,4.00,0.40
2008.03.03 09:22:55.517,0.7965,0.7968,0.30,4.30
2008.03.03 09:22:55.765,0.79612,0.79662,0.30,0.20
2008.03.03 09:22:55.842,0.7965,0.7968,0.30,4.30
2008.03.03 09:22:56.069,0.7965,0.7968,0.30,4.30
2008.03.03 09:22:56.101,0.7961,0.7966,4.80,0.40
2008.03.03 09:22:56.316,0.7965,0.7968,0.30,4.30
2008.03.03 09:22:56.435,0.79609,0.79659,0.30,0.20
2008.03.03 09:22:56.622,0.7965,0.7968,0.30,4.30
2008.03.03 09:22:56.878,0.79607,0.79657,1.80,0.20
2008.03.03 09:22:56.943,0.7965,0.7968,0.30,4.30
2008.03.03 09:22:57.189,0.79608,0.79658,0.30,0.20
2008.03.03 09:22:57.273,0.7965,0.7968,0.30,4.30
2008.03.03 09:22:57.547,0.79606,0.79656,2.60,2.50
2008.03.03 09:22:57.619,0.7965,0.7968,0.30,4.30
2008.03.03 09:22:57.862,0.79605,0.79655,2.60,2.50
2008.03.03 09:22:57.940,0.7965,0.7968,0.30,4.30
2008.03.03 09:22:58.179,0.79603,0.79653,0.30,4.00
2008.03.03 09:22:58.275,0.7965,0.7968,0.30,4.30
2008.03.03 09:22:58.530,0.79606,0.79656,0.60,0.20
2008.03.03 09:22:58.592,0.7965,0.7968,0.30,4.30
2008.03.03 09:22:58.856,0.79612,0.79662,4.80,0.20
2008.03.03 09:22:58.939,0.7965,0.7968,0.30,4.30
2008.03.03 09:22:59.265,0.7965,0.7968,0.30,4.30
2008.03.03 09:22:59.276,0.79618,0.79668,2.40,2.40
2008.03.03 09:22:59.594,0.7965,0.7968,0.30,4.30
2008.03.03 09:23:00.055,0.7965,0.7968,0.30,4.30
2008.03.03 09:23:00.120,0.79622,0.79672,3.20,0.20
2008.03.03 09:23:00.483,0.7965,0.7968,0.30,4.30
2008.03.03 09:23:00.554,0.7962,0.7967,2.60,2.50
2008.03.03 09:23:00.862,0.79618,0.79668,4.00,0.20
2008.03.03 09:23:00.903,0.7965,0.7968,0.30,4.30
2008.03.03 09:23:01.119,0.79614,0.79664,0.30,0.20
2008.03.03 09:23:01.134,0.7965,0.7968,0.30,4.30
2008.03.03 09:23:01.374,0.79612,0.79662,0.30,0.20
2008.03.03 09:23:01.452,0.7965,0.7968,0.30,4.30
2008.03.03 09:23:01.669,0.79613,0.79663,2.80,2.70
2008.03.03 09:23:01.682,0.7965,0.7968,0.30,4.30
2008.03.03 09:23:02.007,0.79611,0.79661,0.30,0.20
2008.03.03 09:23:02.014,0.7965,0.7968,0.30,4.30
2008.03.03 09:23:02.348,0.7965,0.7968,0.30,4.30
2008.03.03 09:23:02.433,0.79607,0.79657,2.60,2.50
2008.03.03 09:23:02.671,0.7965,0.7968,0.30,4.30
2008.03.03 09:23:02.766,0.79606,0.79656,4.00,2.40
2008.03.03 09:23:02.913,0.7965,0.7968,0.30,4.30
2008.03.03 09:23:03.093,0.79606,0.79656,2.40,2.40
2008.03.03 09:23:03.150,0.7964,0.7967,0.30,4.00
2008.03.03 09:23:03.383,0.7964,0.7967,0.30,4.00
2008.03.03 09:23:03.431,0.7961,0.7966,0.30,0.20
2008.03.03 09:23:03.618,0.7964,0.7967,0.30,4.00
2008.03.03 09:23:03.765,0.79611,0.79661,0.30,0.20
2008.03.03 09:23:03.932,0.7964,0.7967,0.30,4.00
2008.03.03 09:23:04.066,0.79611,0.79661,0.30,0.20
2008.03.03 09:23:04.319,0.79613,0.79663,0.30,4.00
2008.03.03 09:23:04.617,0.79645,0.7968,0.80,4.10
2008.03.03 09:23:04.669,0.79612,0.79662,0.30,0.40
2008.03.03 09:23:04.952,0.79645,0.7967,1.60,4.00
2008.03.03 09:23:04.974,0.79609,0.79664,0.60,0.20
2008.03.03 09:23:05.278,0.79606,0.79666,8.00,0.20
2008.03.03 09:23:05.286,0.79645,0.7967,1.60,4.00
2008.03.03 09:23:05.582,0.79614,0.79664,2.60,2.70
2008.03.03 09:23:05.620,0.79645,0.7967,0.80,4.00
2008.03.03 09:23:05.842,0.79627,0.79662,0.80,0.20
2008.03.03 09:23:05.953,0.7964,0.7967,0.30,4.00
2008.03.03 09:23:06.174,0.7963,0.79665,0.60,0.20
2008.03.03 09:23:06.178,0.7964,0.7967,0.30,4.00
2008.03.03 09:23:06.407,0.79631,0.79666,2.60,0.20
2008.03.03 09:23:06.409,0.7964,0.7967,0.30,4.00
2008.03.03 09:23:06.618,0.7964,0.7967,0.30,4.00
2008.03.03 09:23:06.720,0.7963,0.79665,0.30,0.20
2008.03.03 09:23:06.848,0.7964,0.7967,0.30,4.00
2008.03.03 09:23:07.123,0.79628,0.79663,2.40,2.40
2008.03.03 09:23:07.188,0.7964,0.7967,0.30,4.00
2008.03.03 09:23:07.457,0.79628,0.79663,0.60,4.00
2008.03.03 09:23:07.516,0.7964,0.7967,0.30,4.00
2008.03.03 09:23:07.781,0.79628,0.79663,4.00,1.70
2008.03.03 09:23:07.850,0.7964,0.7967,0.30,4.00
2008.03.03 09:23:08.104,0.79626,0.79661,0.30,0.20
2008.03.03 09:23:08.178,0.7964,0.7967,0.30,4.00
2008.03.03 09:23:08.429,0.79621,0.79661,1.80,4.00
2008.03.03 09:23:08.505,0.7964,0.7967,0.30,4.00
2008.03.03 09:23:08.753,0.79621,0.79661,2.60,2.50
2008.03.03 09:23:08.821,0.7964,0.7967,0.30,4.00
2008.03.03 09:23:08.997,0.79615,0.79665,0.30,4.80
2008.03.03 09:23:09.121,0.7964,0.7967,0.30,4.00
2008.03.03 09:23:09.237,0.79614,0.79664,0.30,0.20
2008.03.03 09:23:09.475,0.79613,0.79663,0.30,9.60
2008.03.03 09:23:09.487,0.7964,0.7967,0.30,4.00
2008.03.03 09:23:09.811,0.79611,0.79661,3.20,2.80
2008.03.03 09:23:09.817,0.7964,0.7967,0.30,4.00
2008.03.03 09:23:10.147,0.79612,0.79662,0.30,0.20
2008.03.03 09:23:10.267,0.7964,0.7967,0.30,4.00
2008.03.03 09:23:10.573,0.79613,0.79663,4.00,0.20
2008.03.03 09:23:10.699,0.7964,0.7967,0.30,4.00
2008.03.03 09:23:10.859,0.79614,0.79664,14.00,10.90
2008.03.03 09:23:11.081,0.79613,0.79663,0.30,4.00
2008.03.03 09:23:11.153,0.7964,0.7967,0.30,4.00
2008.03.03 09:23:11.320,0.79614,0.79664,2.40,4.00
2008.03.03 09:23:11.478,0.7964,0.7967,0.30,4.00
2008.03.03 09:23:11.670,0.79616,0.79666,0.30,5.70
2008.03.03 09:23:11.801,0.7964,0.7967,0.30,4.00
2008.03.03 09:23:12.002,0.79616,0.79666,0.30,0.40
2008.03.03 09:23:12.235,0.7964,0.7967,0.30,4.00
2008.03.03 09:23:12.339,0.7961,0.7967,0.30,0.40
2008.03.03 09:23:12.668,0.7964,0.7967,0.30,4.00
2008.03.03 09:23:12.759,0.79608,0.79668,1.00,9.60
2008.03.03 09:23:13.016,0.7964,0.7967,0.30,4.00
2008.03.03 09:23:13.115,0.79609,0.79669,0.30,0.40
2008.03.03 09:23:13.330,0.7964,0.7967,0.30,4.00
2008.03.03 09:23:13.431,0.79609,0.79669,1.00,0.20
2008.03.03 09:23:13.675,0.7964,0.7967,0.30,4.00
2008.03.03 09:23:13.768,0.79608,0.79668,0.30,0.20
2008.03.03 09:23:13.940,0.7964,0.7967,0.30,4.00
2008.03.03 09:23:14.043,0.79608,0.79668,0.80,0.20
2008.03.03 09:23:14.249,0.7964,0.7967,0.30,4.00
2008.03.03 09:23:14.316,0.79609,0.79669,2.80,2.50
2008.03.03 09:23:14.557,0.7964,0.7967,0.30,4.10
2008.03.03 09:23:14.656,0.79608,0.79668,1.60,2.40
2008.03.03 09:23:14.867,0.7964,0.7967,0.30,4.10
2008.03.03 09:23:14.970,0.79609,0.79669,0.10,0.20
2008.03.03 09:23:15.212,0.7964,0.7967,0.30,4.10
2008.03.03 09:23:15.310,0.79607,0.79667,0.10,0.20
2008.03.03 09:23:15.626,0.79606,0.79666,5.60,0.20
2008.03.03 09:23:15.649,0.7964,0.7967,0.30,4.10
2008.03.03 09:23:15.962,0.79605,0.79665,0.30,0.20
2008.03.03 09:23:16.095,0.7964,0.7967,0.30,4.10
2008.03.03 09:23:16.196,0.79606,0.79666,0.40,0.20
2008.03.03 09:23:16.418,0.7964,0.7967,0.30,4.10
2008.03.03 09:23:16.518,0.79607,0.79667,0.30,0.20
2008.03.03 09:23:16.640,0.7964,0.7967,0.30,4.10
2008.03.03 09:23:16.855,0.7964,0.7967,0.30,4.10
2008.03.03 09:23:16.967,0.79608,0.79668,0.30,0.20
2008.03.03 09:23:17.180,0.7964,0.7967,0.30,4.10
2008.03.03 09:23:17.390,0.79608,0.79668,2.40,2.40
2008.03.03 09:23:17.503,0.7964,0.7967,0.30,4.10
2008.03.03 09:23:17.726,0.79609,0.79669,0.40,4.00
2008.03.03 09:23:17.827,0.7964,0.7967,0.30,4.00
2008.03.03 09:23:18.062,0.7961,0.7967,0.30,4.00
2008.03.03 09:23:18.164,0.7964,0.7967,0.30,4.00
2008.03.03 09:23:18.413,0.7964,0.7967,0.30,4.00
2008.03.03 09:23:18.469,0.7961,0.7967,2.40,0.40
2008.03.03 09:23:18.725,0.7964,0.7967,0.30,4.00
2008.03.03 09:23:18.927,0.79608,0.79668,0.30,2.40
2008.03.03 09:23:19.055,0.7964,0.7967,0.30,4.00
2008.03.03 09:23:19.148,0.79607,0.79667,4.80,0.20
2008.03.03 09:23:19.474,0.79606,0.79666,2.40,2.40
2008.03.03 09:23:19.491,0.7964,0.7967,0.30,4.00
2008.03.03 09:23:19.705,0.79607,0.79667,2.40,2.40
2008.03.03 09:23:19.832,0.7964,0.7967,0.30,4.00
2008.03.03 09:23:20.035,0.79608,0.79668,0.30,0.20
2008.03.03 09:23:20.269,0.7964,0.7967,0.30,4.00
2008.03.03 09:23:20.466,0.79607,0.79667,4.00,0.20
2008.03.03 09:23:20.723,0.7964,0.7967,0.30,4.00
2008.03.03 09:23:20.907,0.79607,0.79667,0.30,0.20
2008.03.03 09:23:21.137,0.7964,0.7967,0.30,4.00
2008.03.03 09:23:21.243,0.79606,0.79666,0.30,0.20
2008.03.03 09:23:21.366,0.7964,0.7967,0.30,4.00
2008.03.03 09:23:21.472,0.79605,0.79665,4.00,0.40
2008.03.03 09:23:21.684,0.7964,0.7967,0.30,4.00
2008.03.03 09:23:21.775,0.79604,0.79664,4.00,0.20
2008.03.03 09:23:21.905,0.7964,0.7967,0.30,4.00
2008.03.03 09:23:22.226,0.79604,0.79664,0.30,0.20
2008.03.03 09:23:22.245,0.7964,0.7967,0.30,4.00
2008.03.03 09:23:22.570,0.79604,0.79664,4.00,0.20
2008.03.03 09:23:22.579,0.7964,0.7967,0.30,4.00
2008.03.03 09:23:23.011,0.79606,0.79666,4.80,0.20
2008.03.03 09:23:23.015,0.7964,0.7967,0.30,4.00
2008.03.03 09:23:23.341,0.7964,0.7967,0.30,4.00
2008.03.03 09:23:23.363,0.79607,0.79667,0.30,4.00
2008.03.03 09:23:23.665,0.7964,0.7967,0.30,4.00
2008.03.03 09:23:23.669,0.79606,0.79666,0.30,0.20
2008.03.03 09:23:23.998,0.7964,0.7967,0.30,4.00
2008.03.03 09:23:23.999,0.79605,0.79665,0.30,2.40
2008.03.03 09:23:24.320,0.79605,0.79665,0.30,0.20
2008.03.03 09:23:24.354,0.7964,0.7967,0.30,4.00
2008.03.03 09:23:24.633,0.79606,0.79666,0.30,0.20
2008.03.03 09:23:24.678,0.7964,0.7967,0.30,4.00
2008.03.03 09:23:24.974,0.79606,0.79666,2.40,2.40
2008.03.03 09:23:24.991,0.7964,0.7967,0.30,4.00
2008.03.03 09:23:25.324,0.79606,0.79666,0.30,0.20
2008.03.03 09:23:25.332,0.7964,0.7967,0.30,4.00
2008.03.03 09:23:25.646,0.79606,0.79666,0.60,0.20
2008.03.03 09:23:25.772,0.7964,0.7967,0.30,4.00
2008.03.03 09:23:25.970,0.79607,0.79667,2.40,6.40
2008.03.03 09:23:26.208,0.7964,0.7967,0.30,4.00
2008.03.03 09:23:26.297,0.79606,0.79666,3.20,0.10
2008.03.03 09:23:26.434,0.7964,0.7967,0.30,4.00
2008.03.03 09:23:26.534,0.79605,0.79665,0.50,0.20
2008.03.03 09:23:26.652,0.7964,0.7967,0.30,4.00
2008.03.03 09:23:26.860,0.79607,0.79667,0.30,0.20
2008.03.03 09:23:26.866,0.7964,0.7967,0.30,4.00
2008.03.03 09:23:27.092,0.7964,0.7967,0.30,4.00
2008.03.03 09:23:27.266,0.79608,0.79668,9.60,0.20
2008.03.03 09:23:27.420,0.7964,0.7967,0.30,4.00
2008.03.03 09:23:27.599,0.7961,0.7967,0.30,0.20
2008.03.03 09:23:27.743,0.7964,0.7967,0.30,4.00
2008.03.03 09:23:27.963,0.7961,0.7967,1.80,2.50
2008.03.03 09:23:28.068,0.7964,0.7967,0.30,4.00
2008.03.03 09:23:28.284,0.79609,0.79669,0.30,0.20
2008.03.03 09:23:28.402,0.7964,0.7967,0.30,4.00
2008.03.03 09:23:28.608,0.79608,0.79668,0.30,0.40
2008.03.03 09:23:28.744,0.7964,0.7967,0.30,4.00
2008.03.03 09:23:28.951,0.79609,0.79669,0.30,0.20
2008.03.03 09:23:29.070,0.7964,0.7967,0.30,4.00
2008.03.03 09:23:29.274,0.79606,0.79666,0.30,0.20
2008.03.03 09:23:29.397,0.7964,0.7967,0.30,4.00
2008.03.03 09:23:29.593,0.79605,0.79665,0.70,4.00
2008.03.03 09:23:29.739,0.7964,0.7967,0.30,4.00
2008.03.03 09:23:29.944,0.79604,0.79664,4.00,0.20
2008.03.03 09:23:30.047,0.7964,0.7967,0.30,4.00
2008.03.03 09:23:30.357,0.79605,0.79665,5.60,0.20
2008.03.03 09:23:30.389,0.7964,0.7967,0.30,4.00
2008.03.03 09:23:30.702,0.79605,0.79665,0.30,2.40
2008.03.03 09:23:30.829,0.7964,0.7967,0.30,4.00
2008.03.03 09:23:31.122,0.79607,0.79667,0.10,0.20
2008.03.03 09:23:31.273,0.7964,0.7967,0.30,4.00
2008.03.03 09:23:31.370,0.79607,0.79667,1.00,0.20
2008.03.03 09:23:31.586,0.7964,0.7967,0.30,4.00
2008.03.03 09:23:31.688,0.79608,0.79668,0.30,0.20
2008.03.03 09:23:31.816,0.7964,0.7967,0.30,4.00
2008.03.03 09:23:32.022,0.79609,0.79669,0.30,0.20
2008.03.03 09:23:32.154,0.7964,0.7967,0.30,4.00
2008.03.03 09:23:32.458,0.79607,0.79667,8.00,0.20
2008.03.03 09:23:32.469,0.7964,0.7967,0.30,4.00
2008.03.03 09:23:32.753,0.79645,0.7967,1.60,4.00
2008.03.03 09:23:32.800,0.79606,0.79666,4.00,0.20
2008.03.03 09:23:33.045,0.7965,0.7967,0.30,4.00
2008.03.03 09:23:33.211,0.79604,0.79664,0.50,4.00
2008.03.03 09:23:33.319,0.7965,0.7967,0.30,4.00
2008.03.03 09:23:33.555,0.79604,0.79664,0.30,4.00
2008.03.03 09:23:33.594,0.79645,0.7967,1.60,4.10
2008.03.03 09:23:33.887,0.79605,0.79665,0.30,0.20
2008.03.03 09:23:33.912,0.79645,0.7967,1.60,4.10
2008.03.03 09:23:34.184,0.79645,0.7967,1.60,4.10
2008.03.03 09:23:34.221,0.79605,0.79665,0.30,0.20
2008.03.03 09:23:34.445,0.79645,0.7967,1.60,4.10
2008.03.03 09:23:34.556,0.79606,0.79666,2.40,2.40
2008.03.03 09:23:34.794,0.79645,0.7967,1.60,4.10
2008.03.03 09:23:34.881,0.79607,0.79667,0.30,0.20
2008.03.03 09:23:35.114,0.79645,0.7967,1.60,4.10
2008.03.03 09:23:35.319,0.79606,0.79666,0.30,4.00
2008.03.03 09:23:35.543,0.79645,0.7967,1.60,4.10
2008.03.03 09:23:35.757,0.79605,0.79665,4.20,0.20
2008.03.03 09:23:35.886,0.79645,0.7967,1.60,4.10
2008.03.03 09:23:36.186,0.79605,0.79665,4.00,0.20
2008.03.03 09:23:36.327,0.79645,0.7967,1.60,4.10
2008.03.03 09:23:36.540,0.79606,0.79666,2.60,2.70
2008.03.03 09:23:36.541,0.79645,0.7967,0.80,4.10
2008.03.03 09:23:36.755,0.79645,0.7967,0.80,4.30
2008.03.03 09:23:36.843,0.79608,0.79668,0.30,0.40
2008.03.03 09:23:36.969,0.7964,0.7967,0.30,4.30
2008.03.03 09:23:37.183,0.7964,0.7967,0.30,4.10
2008.03.03 09:23:37.185,0.7961,0.7967,0.30,0.20
2008.03.03 09:23:37.497,0.7964,0.7967,0.30,4.10
2008.03.03 09:23:37.626,0.79611,0.79671,0.60,0.20
2008.03.03 09:23:37.811,0.7964,0.7967,0.30,4.10
2008.03.03 09:23:38.060,0.7961,0.7967,2.40,2.40
2008.03.03 09:23:38.192,0.7964,0.7967,0.30,4.10
2008.03.03 09:23:38.395,0.79608,0.79668,4.40,5.60
2008.03.03 09:23:38.450,0.7964,0.7967,0.30,4.10
2008.03.03 09:23:38.727,0.79607,0.79667,4.20,2.40
2008.03.03 09:23:38.746,0.7964,0.7967,0.30,4.10
2008.03.03 09:23:39.004,0.7964,0.7967,0.30,4.10
2008.03.03 09:23:39.052,0.79607,0.79667,0.30,0.20
2008.03.03 09:23:39.262,0.7964,0.7967,0.30,4.10
2008.03.03 09:23:39.499,0.79607,0.79667,0.30,0.20
2008.03.03 09:23:39.506,0.7964,0.7967,0.30,4.10
2008.03.03 09:23:39.841,0.7964,0.7967,0.30,4.10
2008.03.03 09:23:39.933,0.79606,0.79666,0.30,0.20
2008.03.03 09:23:40.162,0.7964,0.7967,0.30,4.10
2008.03.03 09:23:40.271,0.79606,0.79666,0.30,0.20
2008.03.03 09:23:40.490,0.79607,0.79667,0.30,0.20
2008.03.03 09:23:40.505,0.7964,0.7967,0.30,4.10
2008.03.03 09:23:40.709,0.79607,0.79667,0.30,2.50
2008.03.03 09:23:40.928,0.79607,0.79667,0.30,0.20
2008.03.03 09:23:40.940,0.7964,0.7967,0.30,4.10
2008.03.03 09:23:41.251,0.79606,0.79666,9.60,0.20
2008.03.03 09:23:41.383,0.7964,0.7967,0.30,4.10
2008.03.03 09:23:41.597,0.79606,0.79666,0.60,0.20
2008.03.03 09:23:41.604,0.7964,0.7967,0.30,4.10
2008.03.03 09:23:41.818,0.7964,0.7967,0.30,4.10
2008.03.03 09:23:42.031,0.7964,0.7967,0.30,4.10
2008.03.03 09:23:42.034,0.79607,0.79667,0.60,4.00
2008.03.03 09:23:42.257,0.7964,0.7967,0.30,4.10
2008.03.03 09:23:42.370,0.79608,0.79668,3.20,2.50
2008.03.03 09:23:42.591,0.7964,0.7967,0.30,4.10
2008.03.03 09:23:42.651,0.7961,0.7967,0.30,0.20
2008.03.03 09:23:42.914,0.79609,0.79669,0.30,0.20
2008.03.03 09:23:42.940,0.7964,0.7967,0.30,4.10
2008.03.03 09:23:43.256,0.79608,0.79668,0.60,4.40
2008.03.03 09:23:43.354,0.7964,0.7967,0.30,4.10
2008.03.03 09:23:43.520,0.79605,0.79665,0.30,4.00
2008.03.03 09:23:43.684,0.7964,0.7967,0.30,4.10
2008.03.03 09:23:43.784,0.79605,0.79665,1.00,9.60
2008.03.03 09:23:44.020,0.7964,0.7967,0.30,4.10
2008.03.03 09:23:44.048,0.79605,0.79665,0.30,0.20
2008.03.03 09:23:44.312,0.79606,0.79666,1.80,0.20
2008.03.03 09:23:44.351,0.7964,0.7967,0.30,4.10
2008.03.03 09:23:44.601,0.79606,0.79666,0.60,2.40
2008.03.03 09:23:44.680,0.7964,0.7967,0.30,4.10
2008.03.03 09:23:44.873,0.79606,0.79666,4.00,0.20
2008.03.03 09:23:45.002,0.7964,0.7967,0.30,4.10
2008.03.03 09:23:45.230,0.79607,0.79667,2.60,2.50
2008.03.03 09:23:45.360,0.7964,0.7967,0.30,4.10
2008.03.03 09:23:45.559,0.79609,0.79669,0.50,0.40
2008.03.03 09:23:45.775,0.7964,0.7967,0.30,4.10
2008.03.03 09:23:45.794,0.79609,0.79669,0.30,0.20
2008.03.03 09:23:46.030,0.79608,0.79668,4.80,0.20
2008.03.03 09:23:46.120,0.7964,0.7967,0.30,4.10
2008.03.03 09:23:46.264,0.7961,0.7967,0.60,0.20
2008.03.03 09:23:46.550,0.7964,0.7967,0.30,4.10
2008.03.03 09:23:46.599,0.7961,0.79665,2.40,4.10
2008.03.03 09:23:46.882,0.7964,0.7967,0.30,4.10
2008.03.03 09:23:46.933,0.79606,0.79666,0.30,2.50
2008.03.03 09:23:47.095,0.7964,0.7967,0.30,4.10
2008.03.03 09:23:47.269,0.79606,0.79666,4.00,0.20
2008.03.03 09:23:47.319,0.7964,0.7967,0.30,4.10
2008.03.03 09:23:47.585,0.79607,0.79662,2.40,0.20
2008.03.03 09:23:47.646,0.7964,0.7967,0.30,4.10
2008.03.03 09:23:47.884,0.79605,0.79665,0.80,0.20
2008.03.03 09:23:47.970,0.7964,0.7967,0.30,4.10
2008.03.03 09:23:48.183,0.79607,0.79667,0.30,0.20
2008.03.03 09:23:48.273,0.7964,0.7967,0.30,4.10
2008.03.03 09:23:48.520,0.79609,0.79669,0.30,0.20
2008.03.03 09:23:48.587,0.7964,0.7967,0.30,4.10
2008.03.03 09:23:48.842,0.79607,0.79667,2.80,2.40
2008.03.03 09:23:48.861,0.7964,0.7967,0.30,4.10
2008.03.03 09:23:49.160,0.79607,0.79667,0.30,0.20
2008.03.03 09:23:49.179,0.7964,0.7967,0.30,4.10
2008.03.03 09:23:49.399,0.79608,0.79668,0.30,0.20
2008.03.03 09:23:49.503,0.79635,0.7967,1.60,4.10
2008.03.03 09:23:49.837,0.79607,0.79667,0.30,5.70
2008.03.03 09:23:49.838,0.79635,0.7966,0.80,4.00
2008.03.03 09:23:50.172,0.7963,0.7966,0.30,4.00
2008.03.03 09:23:50.271,0.79608,0.79668,0.30,0.20
2008.03.03 09:23:50.506,0.7963,0.7966,0.30,4.00
2008.03.03 09:23:50.606,0.79608,0.79668,4.00,0.20
2008.03.03 09:23:50.774,0.7963,0.7966,0.30,4.00
2008.03.03 09:23:50.936,0.79609,0.79669,0.30,0.20
2008.03.03 09:23:51.053,0.7963,0.7966,0.30,4.00
2008.03.03 09:23:51.269,0.79607,0.79667,0.30,0.20
2008.03.03 09:23:51.395,0.7963,0.7966,0.30,4.00
2008.03.03 09:23:51.608,0.79607,0.79667,0.60,0.20
2008.03.03 09:23:51.739,0.7963,0.7966,0.30,4.00
2008.03.03 09:23:52.037,0.79608,0.79668,0.30,4.00
2008.03.03 09:23:52.059,0.7963,0.7966,0.30,4.00
2008.03.03 09:23:52.370,0.7963,0.7966,0.30,4.00
2008.03.03 09:23:52.376,0.79609,0.79669,0.30,0.40
2008.03.03 09:23:52.705,0.7963,0.7966,0.30,4.00
2008.03.03 09:23:52.706,0.79608,0.79668,0.30,4.00
2008.03.03 09:23:53.029,0.7963,0.7966,0.30,4.00
2008.03.03 09:23:53.035,0.79607,0.79667,2.60,8.10
2008.03.03 09:23:53.352,0.79607,0.79667,0.30,0.20
2008.03.03 09:23:53.379,0.7963,0.7966,0.30,4.00
2008.03.03 09:23:53.682,0.79607,0.79667,0.60,0.20
2008.03.03 09:23:53.701,0.7963,0.7966,0.30,4.00
2008.03.03 09:23:54.020,0.79607,0.79667,0.30,0.40
2008.03.03 09:23:54.029,0.7963,0.7966,0.30,4.00
2008.03.03 09:23:54.347,0.79607,0.79667,0.60,0.20
2008.03.03 09:23:54.357,0.7963,0.7966,0.30,4.00
2008.03.03 09:23:54.696,0.79606,0.79666,0.60,0.40
2008.03.03 09:23:54.789,0.7963,0.7966,0.30,4.00
2008.03.03 09:23:54.995,0.79605,0.79665,0.30,2.50
2008.03.03 09:23:55.135,0.7963,0.7966,0.30,4.00
2008.03.03 09:23:55.364,0.79606,0.79666,2.60,2.70
2008.03.03 09:23:55.568,0.7963,0.7966,0.30,4.00
2008.03.03 09:23:55.682,0.79605,0.79665,0.30,0.20
2008.03.03 09:23:55.795,0.7963,0.7966,0.30,4.00
2008.03.03 09:23:55.934,0.79606,0.79666,0.30,5.60
2008.03.03 09:23:56.124,0.7963,0.7966,0.30,4.00
2008.03.03 09:23:56.184,0.79607,0.79667,2.40,2.40
2008.03.03 09:23:56.417,0.79607,0.79667,0.30,0.20
2008.03.03 09:23:56.448,0.7963,0.7966,0.30,4.00
2008.03.03 09:23:56.662,0.79606,0.79666,0.30,4.00
2008.03.03 09:23:56.769,0.7963,0.7966,0.30,4.00
2008.03.03 09:23:57.087,0.79605,0.79665,0.30,4.00
2008.03.03 09:23:57.108,0.7963,0.7966,0.30,4.00
2008.03.03 09:23:57.448,0.7963,0.7966,0.30,4.00
2008.03.03 09:23:57.532,0.79606,0.79666,0.30,0.20
2008.03.03 09:23:57.756,0.7963,0.7966,0.30,4.00
2008.03.03 09:23:57.873,0.79607,0.79667,4.80,0.20
2008.03.03 09:23:58.092,0.7963,0.7966,0.30,4.00
2008.03.03 09:23:58.200,0.79608,0.79668,0.30,0.20
2008.03.03 09:23:58.444,0.7963,0.7966,0.30,4.00
2008.03.03 09:23:58.534,0.79608,0.79668,2.60,2.50
2008.03.03 09:23:58.747,0.7963,0.7966,0.30,4.00
2008.03.03 09:23:58.850,0.79607,0.79667,4.00,0.50
2008.03.03 09:23:59.089,0.7963,0.7966,0.30,4.00
2008.03.03 09:23:59.188,0.79608,0.79668,4.00,2.40
2008.03.03 09:23:59.424,0.7963,0.7966,0.30,4.00
2008.03.03 09:23:59.516,0.79606,0.79666,0.30,4.00
2008.03.03 09:23:59.757,0.7963,0.7966,0.30,4.00
2008.03.03 09:23:59.844,0.79603,0.79663,2.40,0.20
2008.03.03 09:24:00.196,0.7963,0.7966,0.30,4.00
2008.03.03 09:24:00.218,0.79601,0.79661,4.00,0.20
2008.03.03 09:24:00.550,0.79602,0.79662,9.60,0.20
2008.03.03 09:24:00.618,0.7963,0.7966,0.30,4.00
2008.03.03 09:24:00.851,0.7963,0.7966,0.30,4.00
2008.03.03 09:24:00.869,0.79603,0.79663,2.40,0.20
2008.03.03 09:24:01.065,0.7963,0.7966,0.30,4.00
2008.03.03 09:24:01.199,0.79604,0.79664,2.60,2.50
2008.03.03 09:24:01.289,0.7963,0.7966,0.30,4.00
2008.03.03 09:24:01.500,0.7963,0.7966,0.30,4.00
2008.03.03 09:24:01.640,0.79605,0.79665,2.40,2.40
2008.03.03 09:24:01.733,0.7963,0.7966,0.30,4.00
2008.03.03 09:24:02.085,0.79605,0.79665,0.30,4.00
2008.03.03 09:24:02.154,0.7963,0.7966,0.30,4.00
2008.03.03 09:24:02.415,0.79604,0.79664,8.00,0.20
2008.03.03 09:24:02.507,0.7963,0.7967,0.30,4.10
2008.03.03 09:24:02.749,0.79603,0.79663,0.60,0.20
2008.03.03 09:24:02.843,0.7963,0.7967,0.30,4.10
2008.03.03 09:24:03.051,0.79603,0.79663,0.30,0.20
2008.03.03 09:24:03.151,0.7963,0.7967,0.30,4.10
2008.03.03 09:24:03.299,0.79603,0.79663,0.60,0.20
2008.03.03 09:24:03.375,0.7963,0.7967,0.30,4.10
2008.03.03 09:24:03.636,0.79604,0.79664,4.00,0.20
2008.03.03 09:24:03.712,0.7963,0.7967,0.30,4.10
2008.03.03 09:24:03.938,0.79605,0.79665,0.30,0.20
2008.03.03 09:24:04.044,0.7963,0.7967,0.30,4.10
2008.03.03 09:24:04.285,0.79604,0.79664,4.00,0.20
2008.03.03 09:24:04.367,0.7963,0.7967,0.30,4.10
2008.03.03 09:24:04.611,0.79603,0.79663,11.20,0.20
2008.03.03 09:24:04.685,0.7963,0.7967,0.30,4.10
2008.03.03 09:24:04.727,0.796,0.7966,0.60,0.40
2008.03.03 09:24:04.946,0.796,0.7966,4.00,0.20
2008.03.03 09:24:05.033,0.7963,0.7967,0.30,4.10
2008.03.03 09:24:05.274,0.796,0.7966,0.30,0.20
2008.03.03 09:24:05.465,0.7963,0.7967,0.30,4.10
2008.03.03 09:24:05.609,0.79602,0.79662,0.30,0.20
2008.03.03 09:24:05.799,0.7963,0.7966,0.30,4.00
2008.03.03 09:24:05.946,0.79604,0.79664,0.30,3.20
2008.03.03 09:24:06.090,0.7963,0.7966,0.30,4.00
2008.03.03 09:24:06.333,0.7963,0.7966,0.30,4.10
2008.03.03 09:24:06.378,0.79605,0.79665,8.20,4.00
2008.03.03 09:24:06.675,0.7963,0.7966,0.30,4.10
2008.03.03 09:24:06.817,0.79608,0.79668,0.30,4.00
2008.03.03 09:24:07.030,0.7963,0.7966,0.30,4.10
2008.03.03 09:24:07.170,0.7961,0.7967,2.60,2.40
2008.03.03 09:24:07.349,0.7963,0.7966,0.30,4.10
2008.03.03 09:24:07.498,0.7961,0.7967,0.30,3.80
2008.03.03 09:24:07.659,0.7963,0.7966,0.30,4.10
2008.03.03 09:24:07.820,0.79609,0.79669,0.30,0.20
2008.03.03 09:24:08.001,0.7963,0.7966,0.30,4.10
2008.03.03 09:24:08.141,0.79609,0.79669,2.40,0.20
2008.03.03 09:24:08.331,0.7963,0.7966,0.30,4.10
2008.03.03 09:24:08.466,0.79606,0.79666,0.30,0.20
2008.03.03 09:24:08.654,0.7963,0.7966,0.30,4.10
2008.03.03 09:24:08.759,0.79605,0.79665,6.40,0.20
2008.03.03 09:24:08.988,0.7963,0.7966,0.30,4.10
2008.03.03 09:24:09.026,0.79605,0.79665,9.60,0.20
2008.03.03 09:24:09.257,0.7966,0.79675,0.30,2.40
2008.03.03 09:24:09.350,0.79606,0.79666,0.30,4.00
2008.03.03 09:24:09.525,0.7966,0.7968,0.30,4.00
2008.03.03 09:24:09.717,0.79607,0.79667,0.30,0.20
2008.03.03 09:24:09.794,0.7966,0.7968,0.30,4.00
2008.03.03 09:24:09.901,0.79606,0.79666,0.30,0.40
2008.03.03 09:24:10.048,0.79605,0.79665,2.60,2.40
2008.03.03 09:24:10.130,0.7966,0.7969,0.30,4.30
2008.03.03 09:24:10.358,0.79603,0.79663,0.30,0.20
2008.03.03 09:24:10.463,0.7966,0.7969,0.30,4.10
2008.03.03 09:24:10.603,0.79601,0.79661,9.60,0.20
2008.03.03 09:24:10.796,0.7966,0.7968,0.30,4.00
2008.03.03 09:24:10.847,0.79603,0.79663,2.60,2.50
2008.03.03 09:24:11.020,0.7966,0.7969,0.30,4.30
2008.03.03 09:24:11.116,0.79602,0.79662,0.30,0.20
2008.03.03 09:24:11.245,0.7966,0.7969,0.30,4.30
2008.03.03 09:24:11.468,0.7966,0.7969,0.30,4.30
2008.03.03 09:24:11.527,0.796,0.7966,4.00,2.40
2008.03.03 09:24:11.692,0.7966,0.7969,0.30,4.30
2008.03.03 09:24:11.976,0.79599,0.79659,0.30,2.70
2008.03.03 09:24:11.989,0.7966,0.7969,0.30,4.30
2008.03.03 09:24:12.296,0.7966,0.7968,0.30,4.00
2008.03.03 09:24:12.316,0.796,0.7966,1.60,0.20
2008.03.03 09:24:12.566,0.7966,0.7968,0.30,4.00
2008.03.03 09:24:12.639,0.79602,0.79662,4.00,0.20
2008.03.03 09:24:12.855,0.79655,0.7968,1.60,4.10
2008.03.03 09:24:12.971,0.79603,0.79663,1.00,4.00
2008.03.03 09:24:13.189,0.79655,0.7968,1.60,4.10
2008.03.03 09:24:13.303,0.79605,0.79665,0.30,0.20
2008.03.03 09:24:13.508,0.79655,0.7968,1.60,4.10
2008.03.03 09:24:13.633,0.79606,0.79666,0.30,0.40
2008.03.03 09:24:13.840,0.79655,0.7968,1.60,4.10
2008.03.03 09:24:13.904,0.79606,0.79666,0.30,0.20
2008.03.03 09:24:14.158,0.79607,0.79667,0.30,0.20
2008.03.03 09:24:14.182,0.79655,0.7968,1.60,4.10
2008.03.03 09:24:14.413,0.79605,0.79665,2.40,0.40
2008.03.03 09:24:14.498,0.79655,0.7968,1.60,4.10
2008.03.03 09:24:14.733,0.79601,0.79661,2.40,2.40
2008.03.03 09:24:14.840,0.79655,0.7968,1.60,4.10
2008.03.03 09:24:15.074,0.79596,0.79656,0.30,9.60
2008.03.03 09:24:15.174,0.79655,0.7968,1.60,4.10
2008.03.03 09:24:15.398,0.796,0.7966,0.30,4.00
2008.03.03 09:24:15.507,0.79655,0.7968,1.60,4.10
2008.03.03 09:24:15.639,0.79603,0.79663,0.60,0.20
2008.03.03 09:24:15.842,0.7965,0.7967,0.30,4.10
2008.03.03 09:24:15.917,0.79606,0.79666,2.40,0.40
2008.03.03 09:24:16.088,0.7963,0.7966,0.30,4.00
2008.03.03 09:24:16.146,0.79607,0.79667,0.90,0.40
2008.03.03 09:24:16.314,0.7963,0.7966,0.30,4.00
2008.03.03 09:24:16.375,0.79607,0.79667,0.30,0.20
2008.03.03 09:24:16.559,0.7963,0.7966,0.30,4.00
2008.03.03 09:24:16.710,0.79608,0.79668,2.60,0.20
2008.03.03 09:24:16.783,0.7963,0.7966,0.30,4.00
2008.03.03 09:24:17.024,0.7963,0.7966,0.30,4.00
2008.03.03 09:24:17.045,0.7961,0.7967,2.60,2.50
2008.03.03 09:24:17.342,0.7963,0.7966,0.30,4.00
2008.03.03 09:24:17.380,0.79608,0.79668,0.30,0.20
2008.03.03 09:24:17.709,0.79606,0.79666,2.40,4.10
2008.03.03 09:24:17.723,0.7963,0.7966,0.30,4.00
2008.03.03 09:24:18.027,0.7963,0.7966,0.30,4.00
2008.03.03 09:24:18.030,0.79604,0.79664,9.80,8.10
2008.03.03 09:24:18.355,0.79601,0.79661,4.00,5.60
2008.03.03 09:24:18.362,0.7963,0.7966,0.30,4.00
2008.03.03 09:24:18.682,0.7963,0.7966,0.30,4.00
2008.03.03 09:24:18.781,0.79599,0.79659,4.00,2.40
2008.03.03 09:24:19.010,0.7963,0.7966,0.30,4.00
2008.03.03 09:24:19.110,0.79599,0.79659,0.30,2.50
2008.03.03 09:24:19.344,0.7963,0.7966,0.30,4.00
2008.03.03 09:24:19.405,0.79598,0.79658,0.30,0.20
2008.03.03 09:24:19.685,0.79597,0.79657,0.60,0.20
2008.03.03 09:24:19.696,0.7963,0.7966,0.30,4.00
2008.03.03 09:24:20.067,0.79594,0.79654,16.00,0.80
2008.03.03 09:24:20.122,0.7963,0.7966,0.30,4.00
2008.03.03 09:24:20.346,0.79594,0.79654,2.40,2.50
2008.03.03 09:24:20.455,0.7963,0.7966,0.30,4.00
2008.03.03 09:24:20.682,0.79594,0.79654,8.00,0.40
2008.03.03 09:24:20.870,0.7963,0.7966,0.30,4.00
2008.03.03 09:24:21.007,0.79595,0.79655,2.40,2.40
2008.03.03 09:24:21.324,0.7963,0.7966,0.30,4.00
2008.03.03 09:24:21.337,0.79599,0.79659,0.20,9.60
2008.03.03 09:24:21.554,0.7963,0.7966,0.30,4.00
2008.03.03 09:24:21.766,0.79601,0.79661,0.30,0.20
2008.03.03 09:24:21.875,0.7963,0.7966,0.30,4.00
2008.03.03 09:24:22.087,0.7963,0.7966,0.30,4.00
2008.03.03 09:24:22.107,0.79603,0.79663,0.60,0.40
2008.03.03 09:24:22.319,0.7963,0.7966,0.30,4.00
2008.03.03 09:24:22.440,0.79603,0.79663,0.30,2.40
2008.03.03 09:24:22.638,0.7963,0.7966,0.30,4.00
2008.03.03 09:24:22.756,0.79604,0.79664,3.40,4.10
2008.03.03 09:24:22.963,0.7963,0.7966,0.30,4.00
2008.03.03 09:24:23.098,0.79604,0.79664,2.40,2.40
2008.03.03 09:24:23.301,0.7963,0.7966,0.30,4.00
2008.03.03 09:24:23.504,0.79605,0.79665,0.60,0.20
2008.03.03 09:24:23.644,0.7963,0.7966,0.30,4.00
2008.03.03 09:24:23.723,0.79603,0.79663,0.10,0.20
2008.03.03 09:24:23.966,0.7963,0.7966,0.30,4.00
2008.03.03 09:24:23.972,0.79601,0.79661,4.00,0.20
2008.03.03 09:24:24.209,0.79598,0.79658,4.00,0.20
2008.03.03 09:24:24.248,0.7963,0.7966,0.30,4.00
2008.03.03 09:24:24.515,0.79596,0.79656,0.30,2.50
2008.03.03 09:24:24.616,0.7963,0.7966,0.30,4.00
2008.03.03 09:24:24.962,0.79596,0.79656,0.30,0.20
2008.03.03 09:24:24.968,0.7963,0.7966,0.30,4.00
2008.03.03 09:24:25.275,0.7963,0.7966,0.30,4.00
2008.03.03 09:24:25.387,0.79599,0.79659,0.30,0.20
2008.03.03 09:24:25.621,0.79601,0.79661,8.00,0.20
2008.03.03 09:24:25.632,0.7963,0.7966,0.30,4.00
2008.03.03 09:24:25.935,0.79605,0.79665,4.00,2.40
2008.03.03 09:24:26.040,0.7963,0.7966,0.30,4.00
2008.03.03 09:24:26.169,0.79607,0.79667,4.00,0.20
2008.03.03 09:24:26.386,0.7963,0.7966,0.30,4.00
2008.03.03 09:24:26.403,0.79609,0.79669,0.30,2.40
2008.03.03 09:24:26.715,0.7963,0.7966,0.30,4.00
2008.03.03 09:24:26.841,0.79607,0.79667,0.30,0.20
2008.03.03 09:24:27.046,0.7963,0.7966,0.30,4.00
2008.03.03 09:24:27.265,0.79605,0.79665,0.30,4.00
2008.03.03 09:24:27.380,0.7963,0.7966,0.30,4.00
2008.03.03 09:24:27.599,0.79604,0.79664,0.10,0.20
2008.03.03 09:24:27.707,0.7963,0.7966,0.30,4.00
2008.03.03 09:24:27.919,0.79603,0.79663,0.60,0.20
2008.03.03 09:24:28.021,0.7963,0.7966,0.30,4.00
2008.03.03 09:24:28.240,0.79603,0.79663,2.40,0.20
2008.03.03 09:24:28.351,0.7963,0.7966,0.30,4.00
2008.03.03 09:24:28.559,0.79607,0.79662,0.30,0.20
2008.03.03 09:24:28.680,0.7963,0.7966,0.60,4.00
2008.03.03 09:24:28.804,0.79612,0.79662,4.00,0.20
2008.03.03 09:24:28.919,0.7963,0.7966,0.60,4.00
2008.03.03 09:24:29.048,0.7962,0.79655,4.00,0.20
2008.03.03 09:24:29.230,0.7963,0.7966,0.60,4.00
2008.03.03 09:24:29.292,0.79622,0.79652,9.80,0.50
2008.03.03 09:24:29.556,0.7962,0.7965,0.90,0.20
2008.03.03 09:24:29.577,0.7963,0.7966,0.60,4.00
2008.03.03 09:24:29.890,0.7962,0.7965,10.00,8.10
2008.03.03 09:24:29.900,0.7963,0.7966,0.60,4.00
2008.03.03 09:24:30.225,0.79631,0.79636,0.60,0.20
2008.03.03 09:24:30.231,0.7963,0.7966,0.60,4.00
2008.03.03 09:24:30.558,0.7963,0.7966,0.60,4.00
2008.03.03 09:24:30.559,0.79612,0.79657,0.30,0.20
2008.03.03 09:24:30.891,0.7963,0.7966,0.60,4.00
2008.03.03 09:24:30.893,0.79613,0.79658,8.00,0.20
2008.03.03 09:24:31.225,0.79612,0.79657,13.60,0.20
2008.03.03 09:24:31.317,0.7963,0.7966,0.60,4.00
2008.03.03 09:24:31.453,0.79611,0.79656,0.30,4.00
2008.03.03 09:24:31.544,0.7963,0.7966,0.60,4.00
2008.03.03 09:24:31.680,0.7961,0.79655,0.30,9.60
2008.03.03 09:24:31.792,0.7963,0.7966,0.60,4.00
2008.03.03 09:24:32.099,0.7963,0.7966,0.60,4.00
2008.03.03 09:24:32.111,0.79609,0.79654,0.30,9.60
2008.03.03 09:24:32.325,0.7963,0.7966,0.60,4.00
2008.03.03 09:24:32.523,0.7961,0.79655,0.30,0.20
2008.03.03 09:24:32.656,0.7963,0.7966,0.60,4.00
2008.03.03 09:24:32.757,0.79614,0.79659,4.00,2.40
2008.03.03 09:24:32.991,0.79613,0.79663,0.30,0.20
2008.03.03 09:24:33.093,0.7963,0.7966,0.60,4.00
2008.03.03 09:24:33.323,0.79613,0.79663,13.60,2.50
2008.03.03 09:24:33.429,0.7963,0.7966,0.60,4.00
2008.03.03 09:24:33.740,0.7963,0.7966,0.60,4.00
2008.03.03 09:24:33.749,0.7961,0.7966,0.30,1.90
2008.03.03 09:24:33.969,0.7963,0.7966,0.60,4.00
2008.03.03 09:24:34.190,0.79607,0.79657,0.30,4.00
2008.03.03 09:24:34.269,0.7963,0.7966,0.60,4.00
2008.03.03 09:24:34.528,0.79605,0.79655,0.30,0.20
2008.03.03 09:24:34.852,0.79608,0.79658,2.40,0.40
2008.03.03 09:24:35.185,0.7961,0.7966,0.30,0.20
2008.03.03 09:24:35.408,0.79611,0.79661,0.60,0.20
2008.03.03 09:24:35.730,0.79611,0.79661,2.40,0.05
2008.03.03 09:24:36.124,0.79612,0.79662,2.80,2.40
2008.03.03 09:24:36.304,0.7963,0.7966,0.60,4.00
2008.03.03 09:24:36.452,0.7963,0.7966,0.60,4.00
2008.03.03 09:24:36.459,0.79613,0.79663,0.30,0.20
2008.03.03 09:24:36.715,0.7963,0.7966,0.60,4.00
2008.03.03 09:24:36.793,0.79616,0.79661,0.30,0.40
2008.03.03 09:24:36.868,0.7963,0.7966,0.80,4.00
2008.03.03 09:24:37.055,0.7963,0.7966,0.80,4.00
2008.03.03 09:24:37.062,0.79617,0.79662,0.30,0.20
2008.03.03 09:24:37.274,0.7963,0.7966,0.80,4.00
2008.03.03 09:24:37.332,0.79617,0.79652,4.00,0.40
2008.03.03 09:24:37.494,0.7963,0.7966,0.80,4.00
2008.03.03 09:24:37.602,0.79612,0.79647,2.40,2.40
2008.03.03 09:24:37.925,0.7963,0.7966,0.80,4.00
2008.03.03 09:24:37.950,0.7961,0.79645,4.00,0.20
2008.03.03 09:24:38.280,0.79609,0.79644,0.30,4.00
2008.03.03 09:24:38.369,0.7963,0.7966,0.80,4.00
2008.03.03 09:24:38.601,0.79611,0.79646,0.60,0.40
2008.03.03 09:24:38.704,0.7963,0.7966,0.80,4.00
2008.03.03 09:24:38.939,0.7961,0.79645,16.20,0.80
2008.03.03 09:24:39.028,0.7963,0.7966,0.80,4.00
2008.03.03 09:24:39.248,0.79611,0.79646,1.80,5.60
2008.03.03 09:24:39.273,0.7963,0.7966,0.80,4.00
2008.03.03 09:24:39.580,0.7963,0.7966,0.80,4.00
2008.03.03 09:24:39.613,0.79614,0.79649,0.30,0.20
2008.03.03 09:24:39.912,0.79622,0.79662,0.30,4.00
2008.03.03 09:24:40.021,0.7963,0.7966,0.80,4.00
2008.03.03 09:24:40.246,0.79623,0.79663,0.30,0.20
2008.03.03 09:24:40.453,0.7963,0.7966,0.80,4.00
2008.03.03 09:24:40.581,0.79613,0.79653,0.60,0.20
2008.03.03 09:24:40.686,0.7963,0.7966,0.80,4.00
2008.03.03 09:24:40.899,0.79606,0.79646,0.30,0.20
2008.03.03 09:24:40.998,0.7963,0.7966,0.80,4.00
2008.03.03 09:24:41.234,0.7963,0.7966,0.80,4.00
2008.03.03 09:24:41.354,0.79603,0.79643,1.00,0.20
2008.03.03 09:24:41.558,0.7963,0.7966,0.80,4.00
2008.03.03 09:24:41.745,0.79603,0.79643,1.80,2.50
2008.03.03 09:24:41.875,0.7963,0.7966,0.80,4.00
2008.03.03 09:24:42.031,0.79604,0.79644,0.30,0.20
2008.03.03 09:24:42.210,0.7963,0.7966,0.80,4.00
2008.03.03 09:24:42.317,0.79605,0.79645,0.30,1.70
2008.03.03 09:24:42.542,0.7963,0.7966,0.80,4.00
2008.03.03 09:24:42.618,0.79608,0.79643,0.30,0.40
2008.03.03 09:24:42.881,0.7963,0.7966,0.80,4.00
2008.03.03 09:24:42.903,0.79607,0.79652,0.30,4.00
2008.03.03 09:24:43.184,0.79613,0.79658,0.30,0.40
2008.03.03 09:24:43.207,0.7963,0.7966,0.80,4.00
2008.03.03 09:24:43.445,0.79617,0.79662,0.30,0.20
2008.03.03 09:24:43.542,0.7963,0.7966,0.80,4.00
2008.03.03 09:24:43.704,0.79622,0.79662,0.30,4.00
2008.03.03 09:24:43.820,0.7963,0.7966,0.80,4.00
2008.03.03 09:24:43.966,0.79624,0.79664,0.30,4.00
2008.03.03 09:24:44.098,0.7963,0.7966,0.60,4.00
2008.03.03 09:24:44.252,0.79628,0.79658,0.30,2.40
2008.03.03 09:24:44.412,0.7963,0.7966,0.60,4.00
2008.03.03 09:24:44.540,0.79624,0.79654,2.80,2.70
2008.03.03 09:24:44.735,0.7963,0.7966,0.60,4.00
2008.03.03 09:24:44.829,0.79612,0.79652,2.60,2.70
2008.03.03 09:24:45.080,0.7961,0.7965,0.30,4.00
2008.03.03 09:24:45.193,0.7963,0.7966,0.60,4.00
2008.03.03 09:24:45.317,0.79612,0.79652,0.60,0.40
2008.03.03 09:24:45.551,0.79613,0.79658,0.30,0.20
2008.03.03 09:24:45.621,0.7963,0.7966,0.60,4.00
2008.03.03 09:24:45.786,0.79615,0.7965,0.50,0.20
2008.03.03 09:24:45.848,0.7963,0.7966,0.60,4.00
2008.03.03 09:24:46.066,0.7963,0.7966,0.60,4.00
2008.03.03 09:24:46.121,0.79616,0.79646,2.40,8.00
2008.03.03 09:24:46.282,0.7963,0.7966,0.60,4.00
2008.03.03 09:24:46.456,0.79619,0.79649,0.30,0.40
2008.03.03 09:24:46.520,0.7963,0.7966,0.60,4.00
2008.03.03 09:24:46.789,0.79628,0.79653,1.70,2.40
2008.03.03 09:24:46.936,0.7963,0.7966,0.60,4.00
2008.03.03 09:24:47.079,0.79628,0.79658,0.30,2.40
2008.03.03 09:24:47.271,0.7963,0.7966,0.30,4.00
2008.03.03 09:24:47.369,0.79625,0.79655,0.30,0.20
2008.03.03 09:24:47.605,0.7963,0.7966,0.30,4.00
2008.03.03 09:24:47.658,0.79622,0.79652,4.00,0.20
2008.03.03 09:24:47.851,0.79655,0.7968,1.60,4.30
2008.03.03 09:24:47.947,0.79617,0.79647,0.30,0.20
2008.03.03 09:24:48.105,0.79655,0.7968,1.60,4.30
2008.03.03 09:24:48.276,0.79615,0.79645,0.70,0.20
2008.03.03 09:24:48.367,0.79635,0.7966,2.40,4.10
2008.03.03 09:24:48.583,0.79615,0.79645,0.30,0.20
2008.03.03 09:24:48.611,0.7963,0.7966,0.30,4.10
2008.03.03 09:24:48.800,0.7962,0.7965,0.30,0.20
2008.03.03 09:24:48.909,0.7963,0.7966,0.30,4.10
2008.03.03 09:24:49.150,0.79622,0.79652,0.30,0.20
2008.03.03 09:24:49.209,0.7963,0.7967,0.30,4.30
2008.03.03 09:24:49.485,0.79623,0.79653,0.30,10.50
2008.03.03 09:24:49.508,0.7963,0.7967,0.30,4.30
2008.03.03 09:24:49.807,0.7963,0.7967,0.30,4.30
2008.03.03 09:24:49.923,0.79618,0.79648,4.00,0.20
2008.03.03 09:24:50.143,0.7963,0.7966,0.30,4.00
2008.03.03 09:24:50.239,0.79613,0.79643,0.60,0.20
2008.03.03 09:24:50.467,0.79611,0.79641,4.00,0.80
2008.03.03 09:24:50.476,0.79625,0.7966,0.30,4.10
2008.03.03 09:24:50.804,0.7961,0.7964,0.30,0.20
2008.03.03 09:24:50.810,0.79625,0.7966,0.30,4.10
2008.03.03 09:24:51.122,0.79625,0.7966,0.30,4.10
2008.03.03 09:24:51.143,0.7961,0.7964,4.00,2.40
2008.03.03 09:24:51.455,0.79625,0.7966,0.30,4.10
2008.03.03 09:24:51.578,0.79616,0.79646,0.30,4.00
2008.03.03 09:24:51.814,0.79625,0.7966,0.30,4.10
2008.03.03 09:24:51.929,0.79624,0.79654,0.30,0.20
2008.03.03 09:24:52.059,0.79625,0.7966,0.30,4.10
2008.03.03 09:24:52.249,0.79626,0.79656,0.30,0.20
2008.03.03 09:24:52.338,0.79625,0.7966,0.30,4.10
2008.03.03 09:24:52.568,0.79623,0.79653,0.30,0.50
2008.03.03 09:24:52.665,0.79625,0.7966,0.30,4.10
2008.03.03 09:24:52.911,0.79618,0.79648,4.00,2.50
2008.03.03 09:24:53.003,0.79625,0.7966,0.30,4.10
2008.03.03 09:24:53.217,0.79616,0.79646,4.00,0.20
2008.03.03 09:24:53.256,0.79625,0.7967,0.30,6.70
2008.03.03 09:24:53.447,0.79615,0.79645,2.40,2.40
2008.03.03 09:24:53.510,0.7962,0.7967,2.80,6.50
2008.03.03 09:24:53.764,0.7962,0.7967,2.80,4.10
2008.03.03 09:24:53.767,0.79618,0.79648,2.80,2.40
2008.03.03 09:24:54.096,0.7962,0.7967,2.80,4.10
2008.03.03 09:24:54.202,0.79623,0.79653,0.80,0.20
2008.03.03 09:24:54.428,0.7962,0.7967,2.80,4.10
2008.03.03 09:24:54.536,0.7963,0.7966,0.30,2.50
2008.03.03 09:24:54.745,0.7962,0.7967,2.80,4.10
2008.03.03 09:24:54.885,0.79632,0.79662,0.80,0.20
2008.03.03 09:24:55.097,0.7962,0.7967,2.80,4.10
2008.03.03 09:24:55.201,0.79633,0.79663,6.40,4.00
2008.03.03 09:24:55.519,0.79634,0.79664,2.00,0.20
2008.03.03 09:24:55.753,0.79636,0.79666,0.30,0.20
2008.03.03 09:24:55.855,0.79625,0.7966,0.30,4.00
2008.03.03 09:24:55.981,0.79638,0.79668,0.30,0.40
2008.03.03 09:24:56.090,0.79625,0.7966,0.30,4.00
2008.03.03 09:24:56.317,0.7964,0.7967,0.30,0.20
2008.03.03 09:24:56.323,0.79625,0.7966,0.30,4.10
2008.03.03 09:24:56.631,0.79625,0.7966,0.30,4.10
2008.03.03 09:24:56.736,0.79637,0.79667,0.30,0.20
2008.03.03 09:24:56.867,0.79625,0.7966,0.30,4.10
2008.03.03 09:24:57.072,0.79628,0.79658,0.30,0.40
2008.03.03 09:24:57.288,0.79625,0.7966,0.30,4.10
2008.03.03 09:24:57.383,0.79618,0.79648,0.30,0.20
2008.03.03 09:24:57.608,0.79625,0.7966,0.30,4.10
2008.03.03 09:24:57.722,0.79614,0.79644,4.00,0.20
2008.03.03 09:24:57.948,0.79625,0.7966,0.30,4.10
2008.03.03 09:24:58.064,0.79611,0.79641,0.30,0.20
2008.03.03 09:24:58.263,0.79625,0.7966,0.30,4.10
2008.03.03 09:24:58.386,0.79611,0.79641,2.40,2.40
2008.03.03 09:24:58.595,0.79625,0.7966,0.30,4.10
2008.03.03 09:24:58.723,0.79609,0.79639,4.00,2.70
2008.03.03 09:24:58.924,0.79625,0.7966,0.30,4.10
2008.03.03 09:24:59.044,0.7961,0.7964,10.00,8.10
2008.03.03 09:24:59.264,0.79625,0.7966,0.30,4.10
2008.03.03 09:24:59.585,0.79625,0.7966,0.30,4.10
2008.03.03 09:24:59.919,0.79625,0.7966,0.30,4.10
2008.03.03 09:25:00.252,0.79625,0.7966,0.30,4.10
2008.03.03 09:25:00.586,0.79625,0.7966,0.30,4.00
2008.03.03 09:25:01.011,0.79625,0.7966,0.30,4.00
2008.03.03 09:25:01.084,0.79611,0.79641,6.40,2.40
2008.03.03 09:25:01.382,0.79625,0.7966,0.30,4.00
2008.03.03 09:25:01.447,0.79612,0.79642,0.30,0.20
2008.03.03 09:25:01.686,0.79625,0.7966,0.30,4.00
2008.03.03 09:25:01.803,0.79611,0.79641,0.30,0.20
2008.03.03 09:25:02.022,0.79625,0.7966,0.30,4.00
2008.03.03 09:25:02.033,0.79611,0.79641,1.80,0.20
2008.03.03 09:25:02.263,0.79609,0.79639,0.40,2.40
2008.03.03 09:25:02.306,0.79625,0.7966,0.30,4.00
2008.03.03 09:25:02.492,0.79608,0.79638,4.80,0.20
2008.03.03 09:25:02.591,0.79625,0.7966,1.60,4.00
2008.03.03 09:25:02.723,0.79607,0.79637,4.00,0.20
2008.03.03 09:25:02.875,0.7963,0.7966,0.30,4.00
2008.03.03 09:25:03.174,0.79608,0.79638,0.60,0.20
2008.03.03 09:25:03.218,0.7963,0.7966,0.30,4.00
2008.03.03 09:25:03.491,0.7963,0.7966,0.30,4.10
2008.03.03 09:25:03.508,0.7961,0.7964,0.30,4.00
2008.03.03 09:25:03.773,0.7963,0.7966,0.30,4.10
2008.03.03 09:25:03.842,0.79617,0.79637,0.30,0.20
2008.03.03 09:25:04.036,0.7963,0.7966,0.30,4.10
2008.03.03 09:25:04.161,0.79613,0.79643,0.30,4.00
2008.03.03 09:25:04.323,0.7963,0.7966,0.30,4.10
2008.03.03 09:25:04.480,0.79611,0.79641,0.30,2.40
2008.03.03 09:25:04.651,0.7963,0.7966,0.30,4.10
2008.03.03 09:25:04.799,0.79611,0.79641,0.30,0.20
2008.03.03 09:25:04.926,0.7962,0.7965,0.30,4.00
2008.03.03 09:25:05.039,0.79612,0.79637,4.00,0.20
2008.03.03 09:25:05.260,0.7962,0.7965,0.30,4.00
2008.03.03 09:25:05.279,0.79614,0.79639,0.30,9.60
2008.03.03 09:25:05.518,0.79612,0.79637,2.40,2.40
2008.03.03 09:25:05.594,0.7962,0.7965,0.30,4.00
2008.03.03 09:25:05.757,0.79612,0.79637,0.30,4.00
2008.03.03 09:25:05.928,0.79625,0.7966,1.60,4.00
2008.03.03 09:25:05.996,0.79613,0.79638,2.40,2.40
2008.03.03 09:25:06.157,0.79625,0.7966,1.60,4.00
2008.03.03 09:25:06.315,0.7961,0.7964,2.40,2.40
2008.03.03 09:25:06.386,0.79625,0.7966,1.60,4.10
2008.03.03 09:25:06.633,0.79625,0.7966,1.60,4.10
2008.03.03 09:25:06.635,0.79612,0.79637,0.80,0.20
2008.03.03 09:25:06.863,0.7962,0.7965,0.30,4.00
2008.03.03 09:25:06.954,0.79613,0.79638,2.60,0.20
2008.03.03 09:25:07.208,0.7962,0.7965,0.30,4.00
2008.03.03 09:25:07.211,0.79609,0.79639,0.30,4.00
2008.03.03 09:25:07.468,0.79607,0.79637,4.00,0.20
2008.03.03 09:25:07.624,0.7962,0.7965,0.30,4.00
2008.03.03 09:25:07.708,0.79607,0.79637,0.30,0.20
2008.03.03 09:25:07.948,0.79609,0.79639,2.60,2.50
2008.03.03 09:25:07.952,0.7962,0.7965,0.30,4.00
2008.03.03 09:25:08.186,0.7962,0.7965,0.60,4.00
2008.03.03 09:25:08.283,0.79609,0.79639,0.50,0.20
2008.03.03 09:25:08.495,0.7962,0.7965,0.60,4.00
2008.03.03 09:25:08.616,0.79609,0.79639,2.60,2.40
2008.03.03 09:25:08.822,0.7962,0.7965,0.60,4.00
2008.03.03 09:25:08.951,0.79611,0.79641,0.30,0.20
2008.03.03 09:25:09.168,0.7962,0.7965,0.60,4.00
2008.03.03 09:25:09.246,0.79609,0.79639,0.30,2.50
2008.03.03 09:25:09.471,0.7962,0.7965,0.60,4.00
2008.03.03 09:25:09.539,0.79609,0.79639,1.50,2.40
2008.03.03 09:25:09.775,0.79625,0.7965,0.80,4.00
2008.03.03 09:25:09.881,0.7961,0.7964,0.30,0.20
2008.03.03 09:25:10.079,0.7963,0.7965,0.50,4.00
2008.03.03 09:25:10.203,0.7961,0.7964,15.40,2.50
2008.03.03 09:25:10.414,0.7963,0.7965,0.50,4.00
2008.03.03 09:25:10.522,0.79611,0.79641,0.10,0.20
2008.03.03 09:25:10.749,0.7963,0.7965,0.50,4.00
2008.03.03 09:25:10.865,0.7961,0.7964,0.30,4.10
2008.03.03 09:25:11.083,0.7962,0.7965,0.30,4.00
2008.03.03 09:25:11.188,0.7961,0.7964,2.40,0.20
2008.03.03 09:25:11.364,0.7962,0.7965,0.30,4.00
2008.03.03 09:25:11.563,0.79611,0.79641,0.60,11.20
2008.03.03 09:25:11.682,0.7962,0.7965,0.30,4.00
2008.03.03 09:25:11.853,0.79611,0.79641,0.30,0.20
2008.03.03 09:25:12.018,0.7962,0.7965,0.30,4.00
2008.03.03 09:25:12.199,0.79611,0.79641,0.30,4.00
2008.03.03 09:25:12.339,0.7962,0.7965,0.30,4.00
2008.03.03 09:25:12.463,0.79609,0.79639,0.60,4.10
2008.03.03 09:25:12.678,0.7962,0.7965,0.30,4.00
2008.03.03 09:25:12.711,0.79609,0.79639,0.30,0.20
2008.03.03 09:25:12.955,0.79609,0.79639,5.60,2.40
2008.03.03 09:25:12.998,0.7962,0.7965,0.30,4.00
2008.03.03 09:25:13.290,0.79609,0.79639,6.40,0.20
2008.03.03 09:25:13.337,0.7962,0.7965,0.30,4.00
2008.03.03 09:25:13.519,0.7961,0.7964,0.30,0.20
2008.03.03 09:25:13.625,0.79612,0.79637,2.40,0.20
2008.03.03 09:25:13.666,0.7962,0.7965,0.30,4.00
2008.03.03 09:25:13.976,0.79614,0.79639,0.30,4.00
2008.03.03 09:25:13.998,0.7962,0.7965,0.30,4.00
2008.03.03 09:25:14.280,0.79614,0.79639,2.60,2.70
2008.03.03 09:25:14.282,0.7962,0.7965,0.30,4.00
2008.03.03 09:25:14.566,0.7962,0.7965,0.30,4.00
2008.03.03 09:25:14.604,0.79614,0.79639,4.00,0.20
2008.03.03 09:25:14.875,0.7962,0.7965,0.30,4.00
2008.03.03 09:25:14.932,0.79613,0.79638,4.00,0.40
2008.03.03 09:25:15.208,0.7962,0.7965,0.30,4.00
2008.03.03 09:25:15.243,0.79611,0.79636,0.30,12.00
2008.03.03 09:25:15.482,0.79611,0.79636,4.00,0.20
2008.03.03 09:25:15.548,0.7962,0.7965,0.30,4.00
2008.03.03 09:25:15.804,0.79612,0.79637,1.60,5.60
2008.03.03 09:25:15.969,0.7962,0.7965,0.30,4.00
2008.03.03 09:25:16.177,0.79612,0.79637,2.60,4.00
2008.03.03 09:25:16.329,0.7962,0.7965,0.30,4.00
2008.03.03 09:25:16.491,0.79609,0.79639,2.40,9.60
2008.03.03 09:25:16.560,0.7962,0.7965,0.30,4.00
2008.03.03 09:25:16.806,0.7961,0.7964,0.30,0.40
2008.03.03 09:25:16.848,0.7962,0.7965,0.30,4.00
2008.03.03 09:25:17.138,0.79609,0.79639,0.80,4.00
2008.03.03 09:25:17.189,0.7962,0.7965,0.30,4.00
2008.03.03 09:25:17.475,0.79611,0.79641,0.30,9.60
2008.03.03 09:25:17.526,0.7962,0.7965,0.30,4.00
2008.03.03 09:25:17.806,0.79609,0.79639,2.60,6.40
2008.03.03 09:25:17.846,0.7962,0.7965,0.30,4.00
2008.03.03 09:25:18.129,0.79609,0.79639,2.60,2.50
2008.03.03 09:25:18.178,0.7962,0.7965,0.30,4.00
2008.03.03 09:25:18.505,0.7962,0.7965,0.30,4.00
2008.03.03 09:25:18.558,0.79609,0.79639,0.30,0.20
2008.03.03 09:25:18.743,0.7962,0.7965,0.30,4.00
2008.03.03 09:25:18.891,0.79611,0.79641,4.00,0.80
2008.03.03 09:25:18.982,0.7962,0.7965,0.30,4.00
2008.03.03 09:25:19.221,0.7962,0.7965,0.30,4.00
2008.03.03 09:25:19.228,0.79611,0.79641,0.30,4.00
2008.03.03 09:25:19.507,0.7962,0.7965,0.30,4.00
2008.03.03 09:25:19.565,0.79611,0.79641,0.60,0.40
2008.03.03 09:25:19.789,0.7962,0.7965,0.30,4.00
2008.03.03 09:25:19.850,0.7961,0.7964,6.40,0.20
2008.03.03 09:25:20.079,0.79611,0.79641,0.30,0.20
2008.03.03 09:25:20.158,0.7962,0.7965,0.30,4.00
2008.03.03 09:25:20.462,0.7961,0.7964,0.30,0.20
2008.03.03 09:25:20.604,0.7962,0.7965,0.30,4.00
2008.03.03 09:25:20.752,0.7961,0.7964,0.30,0.20
2008.03.03 09:25:21.043,0.79611,0.79641,4.00,0.20
2008.03.03 09:25:21.048,0.7962,0.7965,0.30,4.00
2008.03.03 09:25:21.333,0.79609,0.79639,10.00,9.70
2008.03.03 09:25:21.484,0.7962,0.7965,0.30,4.00
2008.03.03 09:25:21.621,0.79618,0.79633,4.00,0.20
2008.03.03 09:25:21.797,0.7962,0.7965,0.30,4.00
2008.03.03 09:25:21.912,0.79619,0.79634,0.30,0.20
2008.03.03 09:25:22.144,0.7962,0.7965,0.30,4.00
2008.03.03 09:25:22.203,0.79611,0.79641,9.60,0.20
2008.03.03 09:25:22.474,0.7962,0.7965,0.30,4.00
2008.03.03 09:25:22.529,0.79612,0.79642,0.30,4.00
2008.03.03 09:25:22.801,0.7962,0.7965,0.30,4.00
2008.03.03 09:25:22.866,0.79614,0.79644,8.00,0.20
2008.03.03 09:25:23.128,0.7962,0.7965,0.30,4.00
2008.03.03 09:25:23.293,0.79613,0.79643,0.30,0.20
2008.03.03 09:25:23.461,0.7962,0.7965,0.30,4.00
2008.03.03 09:25:23.737,0.79612,0.79642,0.80,0.20
2008.03.03 09:25:23.792,0.7962,0.7965,0.30,4.00
2008.03.03 09:25:24.105,0.7962,0.7965,0.30,4.00
2008.03.03 09:25:24.182,0.79612,0.79642,2.60,2.50
2008.03.03 09:25:24.456,0.7962,0.7965,0.30,4.00
2008.03.03 09:25:24.515,0.79612,0.79642,2.40,4.00
2008.03.03 09:25:24.745,0.7962,0.7965,0.30,4.00
2008.03.03 09:25:24.850,0.79614,0.79644,0.30,0.20
2008.03.03 09:25:25.098,0.7962,0.7965,0.30,4.00
2008.03.03 09:25:25.171,0.79612,0.79642,2.40,2.40
2008.03.03 09:25:25.387,0.79612,0.79642,12.00,0.20
2008.03.03 09:25:25.435,0.7962,0.7965,0.30,4.00
2008.03.03 09:25:25.496,0.79611,0.79641,2.00,0.20
2008.03.03 09:25:25.827,0.7961,0.7964,0.30,4.00
2008.03.03 09:25:25.888,0.7962,0.7965,0.30,4.00
2008.03.03 09:25:26.118,0.7961,0.7964,0.30,4.00
2008.03.03 09:25:26.308,0.7962,0.7965,0.30,4.00
2008.03.03 09:25:26.478,0.7961,0.7964,0.60,0.20
2008.03.03 09:25:26.525,0.7962,0.7965,0.30,4.00
2008.03.03 09:25:26.754,0.7962,0.7965,0.30,4.00
2008.03.03 09:25:26.816,0.79609,0.79639,0.30,0.20
2008.03.03 09:25:26.974,0.7962,0.7965,0.30,4.00
2008.03.03 09:25:27.192,0.7962,0.7965,0.30,4.00
2008.03.03 09:25:27.250,0.79607,0.79637,0.30,0.20
2008.03.03 09:25:27.533,0.7962,0.7965,0.30,4.00
2008.03.03 09:25:27.568,0.79608,0.79638,9.60,0.20
2008.03.03 09:25:27.785,0.79607,0.79637,2.60,2.50
2008.03.03 09:25:27.848,0.7962,0.7965,0.30,4.00
2008.03.03 09:25:28.027,0.79607,0.79637,2.80,2.50
2008.03.03 09:25:28.186,0.7962,0.7965,0.30,4.00
2008.03.03 09:25:28.253,0.79609,0.79639,2.40,2.40
2008.03.03 09:25:28.520,0.7962,0.7965,0.30,4.00
2008.03.03 09:25:28.682,0.79609,0.79639,0.30,4.00
2008.03.03 09:25:28.834,0.7962,0.7965,0.30,4.00
2008.03.03 09:25:29.014,0.79609,0.79639,2.60,2.50
2008.03.03 09:25:29.177,0.7962,0.7965,0.30,4.00
2008.03.03 09:25:29.352,0.79609,0.79639,3.20,4.00
2008.03.03 09:25:29.504,0.7962,0.7965,0.30,4.00
2008.03.03 09:25:29.781,0.79607,0.79637,0.30,0.20
2008.03.03 09:25:29.837,0.7962,0.7965,0.30,4.00
2008.03.03 09:25:30.155,0.7962,0.7965,0.30,4.00
2008.03.03 09:25:30.215,0.79609,0.79639,0.30,2.40
2008.03.03 09:25:30.444,0.79611,0.79641,2.40,3.20
2008.03.03 09:25:30.496,0.7962,0.7965,0.30,4.00
2008.03.03 09:25:30.655,0.79611,0.79641,2.40,2.40
2008.03.03 09:25:30.891,0.79611,0.79641,0.30,0.20
2008.03.03 09:25:30.961,0.7962,0.7965,0.30,4.00
2008.03.03 09:25:31.111,0.7961,0.7964,0.60,0.20
2008.03.03 09:25:31.322,0.79609,0.79639,0.30,0.40
2008.03.03 09:25:31.372,0.7962,0.7965,0.30,4.00
2008.03.03 09:25:31.595,0.7962,0.7965,0.30,4.00
2008.03.03 09:25:31.640,0.79607,0.79637,4.00,0.20
2008.03.03 09:25:31.834,0.7962,0.7965,0.30,4.00
2008.03.03 09:25:31.987,0.79608,0.79638,6.40,0.20
2008.03.03 09:25:32.135,0.7962,0.7965,0.30,4.00
2008.03.03 09:25:32.314,0.79608,0.79638,4.20,5.60
2008.03.03 09:25:32.373,0.7962,0.7965,0.30,4.00
2008.03.03 09:25:32.535,0.79609,0.79639,4.00,0.20
2008.03.03 09:25:32.701,0.7962,0.7965,0.30,4.00
2008.03.03 09:25:32.853,0.79611,0.79641,0.30,0.20
2008.03.03 09:25:33.022,0.7962,0.7965,0.30,4.00
2008.03.03 09:25:33.187,0.7961,0.7964,6.60,4.80
2008.03.03 09:25:33.350,0.7962,0.7965,0.30,4.00
2008.03.03 09:25:33.523,0.79611,0.79641,0.30,0.20
2008.03.03 09:25:33.680,0.7962,0.7965,0.30,4.00
2008.03.03 09:25:33.961,0.79609,0.79639,0.60,0.20
2008.03.03 09:25:34.015,0.7962,0.7965,0.30,4.00
2008.03.03 09:25:34.357,0.7962,0.7965,0.30,4.00
2008.03.03 09:25:34.400,0.79609,0.79639,2.40,2.40
2008.03.03 09:25:34.669,0.79607,0.79637,0.30,2.40
2008.03.03 09:25:34.789,0.7962,0.7965,0.30,4.00
2008.03.03 09:25:34.959,0.79607,0.79637,0.30,2.40
2008.03.03 09:25:35.120,0.7962,0.7965,0.30,4.00
2008.03.03 09:25:35.285,0.79609,0.79639,0.30,5.60
2008.03.03 09:25:35.454,0.7962,0.7965,0.30,4.00
2008.03.03 09:25:35.611,0.79609,0.79639,4.00,2.40
2008.03.03 09:25:35.893,0.7962,0.7965,0.30,4.00
2008.03.03 09:25:35.940,0.79609,0.79639,0.30,0.20
2008.03.03 09:25:36.301,0.79608,0.79638,0.30,0.20
2008.03.03 09:25:36.329,0.7962,0.7965,0.30,4.00
2008.03.03 09:25:36.537,0.7962,0.7965,0.30,4.00
2008.03.03 09:25:36.605,0.79609,0.79639,0.30,0.20
2008.03.03 09:25:36.760,0.7962,0.7965,0.30,4.00
2008.03.03 09:25:36.926,0.79611,0.79641,0.50,0.20
2008.03.03 09:25:36.976,0.7962,0.7965,0.30,4.00
2008.03.03 09:25:37.216,0.7962,0.7965,0.30,4.00
2008.03.03 09:25:37.230,0.79612,0.79642,0.20,0.20
2008.03.03 09:25:37.515,0.79612,0.79642,0.30,0.20
2008.03.03 09:25:37.537,0.7962,0.7965,0.30,4.00
2008.03.03 09:25:37.769,0.79609,0.79644,0.30,4.90
2008.03.03 09:25:37.870,0.7962,0.7965,0.30,4.00
2008.03.03 09:25:38.005,0.79606,0.79646,1.00,4.00
2008.03.03 09:25:38.201,0.7962,0.7965,0.30,4.00
2008.03.03 09:25:38.239,0.79605,0.79645,4.00,0.90
2008.03.03 09:25:38.534,0.7962,0.7965,0.30,4.00
2008.03.03 09:25:38.573,0.79604,0.79644,0.60,4.00
2008.03.03 09:25:38.850,0.7962,0.7965,0.30,4.00
2008.03.03 09:25:38.891,0.79609,0.79639,0.30,0.20
2008.03.03 09:25:39.074,0.7962,0.7965,0.30,4.00
2008.03.03 09:25:39.245,0.79609,0.79639,16.20,0.80
2008.03.03 09:25:39.310,0.7962,0.7965,0.30,4.00
2008.03.03 09:25:39.575,0.79611,0.79641,0.60,2.40
2008.03.03 09:25:39.677,0.7962,0.7965,0.30,4.00
2008.03.03 09:25:39.909,0.79611,0.79641,0.30,0.20
2008.03.03 09:25:39.983,0.79625,0.7965,0.80,4.00
2008.03.03 09:25:40.230,0.7961,0.7964,0.30,0.20
2008.03.03 09:25:40.287,0.7963,0.7965,0.30,4.00
2008.03.03 09:25:40.562,0.79609,0.79639,0.30,4.00
2008.03.03 09:25:40.592,0.7963,0.7965,0.30,4.00
2008.03.03 09:25:40.889,0.79608,0.79638,2.60,0.20
2008.03.03 09:25:40.944,0.7963,0.7965,0.30,4.00
2008.03.03 09:25:41.209,0.79609,0.79639,1.80,0.20
2008.03.03 09:25:41.296,0.7963,0.7965,0.30,4.00
2008.03.03 09:25:41.534,0.79609,0.79639,0.30,4.00
2008.03.03 09:25:41.722,0.7963,0.7965,0.30,4.00
2008.03.03 09:25:41.780,0.79608,0.79638,0.30,0.20
2008.03.03 09:25:42.004,0.79609,0.79639,5.60,2.40
2008.03.03 09:25:42.031,0.7963,0.7965,0.30,4.00
2008.03.03 09:25:42.274,0.7963,0.7965,0.30,4.00
2008.03.03 09:25:42.317,0.79611,0.79641,0.30,1.90
2008.03.03 09:25:42.595,0.7963,0.7965,0.30,4.00
2008.03.03 09:25:42.658,0.7961,0.7964,2.40,0.20
2008.03.03 09:25:42.889,0.7962,0.7965,0.30,4.00
2008.03.03 09:25:43.091,0.79609,0.79639,0.30,0.20
2008.03.03 09:25:43.184,0.7962,0.7965,0.60,4.00
2008.03.03 09:25:43.478,0.7962,0.7965,0.60,4.00
2008.03.03 09:25:43.534,0.7961,0.7964,4.00,0.20
2008.03.03 09:25:43.790,0.7962,0.7965,0.60,4.00
2008.03.03 09:25:43.838,0.79609,0.79639,0.30,2.40
2008.03.03 09:25:44.122,0.79608,0.79643,0.30,4.00
2008.03.03 09:25:44.126,0.7962,0.7965,0.60,4.00
2008.03.03 09:25:44.365,0.7962,0.7965,0.60,4.00
2008.03.03 09:25:44.400,0.79609,0.79644,0.30,4.10
2008.03.03 09:25:44.687,0.7962,0.7965,0.60,4.00
2008.03.03 09:25:44.688,0.79605,0.79645,0.60,9.70
2008.03.03 09:25:44.959,0.79605,0.79645,0.50,1.90
2008.03.03 09:25:45.017,0.7962,0.7965,0.60,4.00
2008.03.03 09:25:45.287,0.79605,0.79645,0.30,0.20
2008.03.03 09:25:45.347,0.7962,0.7965,0.60,4.00
2008.03.03 09:25:45.663,0.7962,0.7965,0.60,4.00
2008.03.03 09:25:45.721,0.79605,0.79645,2.80,0.70
2008.03.03 09:25:46.010,0.7962,0.7965,0.60,4.00
2008.03.03 09:25:46.055,0.79605,0.79645,0.30,0.20
2008.03.03 09:25:46.389,0.79605,0.79645,0.60,0.20
2008.03.03 09:25:46.431,0.7962,0.7965,0.60,4.00
2008.03.03 09:25:46.652,0.7962,0.7965,0.60,4.00
2008.03.03 09:25:46.718,0.79605,0.79645,0.30,0.20
2008.03.03 09:25:46.876,0.7962,0.7965,0.60,4.00
2008.03.03 09:25:47.051,0.79605,0.79645,0.30,0.20
2008.03.03 09:25:47.102,0.7962,0.7965,0.60,4.00
2008.03.03 09:25:47.271,0.79605,0.79645,2.40,2.40
2008.03.03 09:25:47.314,0.7962,0.7965,0.60,4.00
2008.03.03 09:25:47.489,0.79605,0.79645,0.30,0.20
2008.03.03 09:25:47.547,0.7962,0.7965,0.60,4.00
2008.03.03 09:25:47.879,0.7962,0.7965,0.60,4.00
2008.03.03 09:25:47.922,0.79605,0.79645,2.40,2.40
2008.03.03 09:25:48.202,0.7962,0.7965,0.30,4.00
2008.03.03 09:25:48.361,0.79605,0.79645,4.20,2.40
2008.03.03 09:25:48.531,0.7962,0.7965,0.30,4.00
2008.03.03 09:25:48.695,0.79605,0.79645,4.00,2.70
2008.03.03 09:25:48.882,0.7962,0.7965,0.30,4.00
2008.03.03 09:25:49.081,0.79605,0.79645,2.80,2.50
2008.03.03 09:25:49.201,0.7962,0.7965,0.30,4.00
2008.03.03 09:25:49.380,0.79605,0.79645,6.40,4.00
2008.03.03 09:25:49.527,0.7962,0.7965,0.30,4.00
2008.03.03 09:25:49.679,0.79607,0.79642,0.30,0.40
2008.03.03 09:25:49.908,0.79607,0.79642,9.60,2.50
2008.03.03 09:25:49.949,0.7962,0.7965,0.30,4.00
2008.03.03 09:25:50.236,0.79607,0.79642,6.40,0.40
2008.03.03 09:25:50.300,0.7962,0.7965,0.30,4.00
2008.03.03 09:25:50.477,0.79606,0.79641,0.30,2.50
2008.03.03 09:25:50.561,0.79608,0.79638,0.30,0.20
2008.03.03 09:25:50.738,0.7962,0.7965,0.30,4.00
2008.03.03 09:25:50.796,0.79607,0.79642,0.20,0.80
2008.03.03 09:25:51.062,0.7962,0.7965,0.30,4.00
2008.03.03 09:25:51.222,0.79607,0.79642,0.60,4.00
2008.03.03 09:25:51.280,0.7962,0.7965,0.30,4.00
2008.03.03 09:25:51.518,0.7962,0.7965,0.30,4.00
2008.03.03 09:25:51.565,0.79608,0.79643,0.30,4.00
2008.03.03 09:25:51.841,0.7962,0.7965,0.30,4.00
2008.03.03 09:25:51.884,0.79608,0.79643,2.60,6.50
2008.03.03 09:25:52.102,0.79608,0.79643,2.40,2.40
2008.03.03 09:25:52.151,0.7962,0.7965,0.30,4.00
2008.03.03 09:25:52.440,0.79608,0.79643,13.60,2.50
2008.03.03 09:25:52.496,0.7962,0.7965,0.30,4.00
2008.03.03 09:25:52.655,0.79607,0.79642,1.00,9.60
2008.03.03 09:25:52.846,0.7962,0.7965,0.30,4.00
2008.03.03 09:25:53.111,0.79607,0.79642,2.80,2.50
2008.03.03 09:25:53.156,0.7962,0.7965,0.30,4.00
2008.03.03 09:25:53.488,0.7962,0.7965,0.30,4.00
2008.03.03 09:25:53.541,0.79607,0.79642,0.30,2.40
2008.03.03 09:25:53.769,0.7962,0.7965,0.30,4.00
2008.03.03 09:25:53.870,0.79607,0.79642,0.30,4.00
2008.03.03 09:25:54.036,0.7962,0.7965,0.60,4.00
2008.03.03 09:25:54.173,0.79609,0.79644,0.30,0.20
2008.03.03 09:25:54.355,0.7962,0.7965,0.60,4.00
2008.03.03 09:25:54.541,0.79608,0.79643,12.40,12.10
2008.03.03 09:25:54.667,0.7961,0.7964,3.20,0.20
2008.03.03 09:25:54.690,0.7962,0.7965,0.60,4.00
2008.03.03 09:25:54.864,0.79609,0.79644,9.60,0.20
2008.03.03 09:25:55.133,0.7962,0.7965,0.60,4.00
2008.03.03 09:25:55.182,0.79608,0.79643,4.00,0.20
2008.03.03 09:25:55.523,0.79607,0.79642,0.60,0.20
2008.03.03 09:25:55.570,0.7962,0.7965,0.60,4.00
2008.03.03 09:25:55.761,0.79607,0.79642,0.30,0.20
2008.03.03 09:25:56.009,0.7962,0.7965,0.60,4.00
2008.03.03 09:25:56.075,0.79606,0.79646,0.30,0.20
2008.03.03 09:25:56.225,0.7962,0.7965,0.60,4.00
2008.03.03 09:25:56.389,0.79611,0.79641,2.60,2.50
2008.03.03 09:25:56.440,0.7962,0.7965,0.60,4.00
2008.03.03 09:25:56.673,0.7962,0.7965,0.60,4.00
2008.03.03 09:25:56.729,0.79611,0.79641,4.80,0.20
2008.03.03 09:25:56.896,0.7962,0.7965,0.60,4.00
2008.03.03 09:25:56.957,0.79611,0.79641,0.30,0.20
2008.03.03 09:25:57.172,0.79611,0.79641,4.00,2.40
2008.03.03 09:25:57.339,0.7962,0.7965,0.60,4.00
2008.03.03 09:25:57.395,0.79609,0.79639,0.30,9.60
2008.03.03 09:25:57.618,0.79611,0.79641,0.30,0.40
2008.03.03 09:25:57.773,0.7962,0.7965,0.60,4.00
2008.03.03 09:25:57.832,0.79611,0.79641,0.60,0.20
2008.03.03 09:25:58.088,0.7962,0.7965,0.60,4.00
2008.03.03 09:25:58.261,0.79611,0.79641,0.30,0.20
2008.03.03 09:25:58.317,0.7962,0.7965,0.60,4.00
2008.03.03 09:25:58.650,0.7962,0.7965,0.60,4.00
2008.03.03 09:25:58.694,0.79609,0.79639,0.30,0.20
2008.03.03 09:25:58.981,0.7962,0.7965,0.60,4.00
2008.03.03 09:25:59.032,0.79607,0.79637,2.40,4.10
2008.03.03 09:25:59.319,0.7962,0.7965,0.60,4.00
2008.03.03 09:25:59.398,0.79607,0.79637,4.00,0.20
2008.03.03 09:25:59.726,0.79606,0.79636,0.30,12.00
2008.03.03 09:25:59.748,0.7962,0.7965,0.60,4.00
2008.03.03 09:26:00.064,0.79607,0.79637,5.60,9.60
2008.03.03 09:26:00.206,0.7962,0.7965,0.60,4.00
2008.03.03 09:26:00.395,0.79609,0.79639,2.80,2.50
2008.03.03 09:26:00.547,0.7962,0.7965,0.60,4.00
2008.03.03 09:26:00.714,0.79612,0.79642,0.30,0.40
2008.03.03 09:26:00.951,0.79612,0.79642,0.30,0.20
2008.03.03 09:26:00.962,0.7962,0.7965,0.60,4.00
2008.03.03 09:26:01.164,0.79614,0.79644,0.30,0.40
2008.03.03 09:26:01.254,0.7962,0.7965,0.60,4.00
2008.03.03 09:26:01.380,0.79612,0.79642,0.30,4.00
2008.03.03 09:26:01.510,0.7962,0.7965,0.60,4.00
2008.03.03 09:26:01.598,0.79611,0.79641,0.30,0.20
2008.03.03 09:26:01.739,0.7962,0.7965,0.60,4.00
2008.03.03 09:26:02.037,0.79609,0.79639,0.60,0.20
2008.03.03 09:26:02.058,0.7962,0.7965,0.60,4.00
2008.03.03 09:26:02.373,0.79609,0.79639,0.30,2.40
2008.03.03 09:26:02.390,0.7962,0.7965,0.60,4.00
2008.03.03 09:26:02.711,0.7961,0.7964,2.40,2.60
2008.03.03 09:26:02.726,0.7962,0.7965,0.60,4.00
2008.03.03 09:26:03.032,0.79612,0.79642,2.40,2.40
2008.03.03 09:26:03.037,0.7962,0.7965,0.60,4.00
2008.03.03 09:26:03.362,0.79614,0.79644,0.30,0.20
2008.03.03 09:26:03.384,0.7962,0.7965,0.60,4.00
2008.03.03 09:26:03.693,0.79613,0.79643,0.80,0.20
2008.03.03 09:26:03.701,0.7962,0.7965,0.60,4.00
2008.03.03 09:26:04.014,0.79614,0.79644,0.30,4.00
2008.03.03 09:26:04.029,0.7962,0.7965,0.60,4.00
2008.03.03 09:26:04.320,0.79612,0.79642,0.80,0.20
2008.03.03 09:26:04.359,0.7962,0.7965,0.60,4.00
2008.03.03 09:26:04.564,0.79612,0.79642,0.30,0.20
2008.03.03 09:26:04.696,0.7962,0.7965,0.60,4.00
2008.03.03 09:26:04.893,0.79613,0.79643,4.00,0.70
2008.03.03 09:26:05.016,0.7962,0.7965,0.60,4.00
2008.03.03 09:26:05.229,0.79611,0.79641,0.30,0.20
2008.03.03 09:26:05.475,0.7962,0.7965,0.60,4.00
2008.03.03 09:26:05.567,0.7961,0.7964,2.40,2.40
2008.03.03 09:26:05.893,0.79609,0.79639,8.00,2.40
2008.03.03 09:26:05.905,0.7962,0.7965,0.60,4.00
2008.03.03 09:26:06.123,0.79611,0.79641,2.40,0.40
2008.03.03 09:26:06.231,0.7962,0.7965,0.60,4.00
2008.03.03 09:26:06.307,0.7961,0.7964,0.30,0.20
2008.03.03 09:26:06.552,0.79611,0.79641,2.40,0.20
2008.03.03 09:26:06.566,0.7962,0.7965,0.60,4.00
2008.03.03 09:26:06.889,0.79609,0.79639,0.30,0.20
2008.03.03 09:26:06.897,0.7962,0.7965,0.60,4.00
2008.03.03 09:26:07.215,0.7962,0.7965,0.60,4.00
2008.03.03 09:26:07.319,0.79609,0.79639,6.40,0.20
2008.03.03 09:26:07.556,0.7962,0.7965,0.60,4.00
2008.03.03 09:26:07.757,0.79609,0.79639,0.30,0.20
2008.03.03 09:26:07.876,0.7962,0.7965,0.60,4.00
2008.03.03 09:26:08.098,0.79609,0.79639,0.30,9.60
2008.03.03 09:26:08.210,0.7962,0.7965,0.60,4.00
2008.03.03 09:26:08.409,0.79609,0.79639,4.00,0.20
2008.03.03 09:26:08.540,0.7962,0.7965,0.60,4.00
2008.03.03 09:26:08.752,0.7961,0.7964,4.00,0.40
2008.03.03 09:26:08.873,0.7962,0.7965,0.60,4.00
2008.03.03 09:26:09.073,0.79611,0.79641,0.60,0.40
2008.03.03 09:26:09.213,0.7962,0.7965,0.60,4.00
2008.03.03 09:26:09.387,0.79611,0.79641,0.30,0.20
2008.03.03 09:26:09.532,0.7962,0.7965,0.60,4.00
2008.03.03 09:26:09.715,0.79611,0.79641,0.30,0.20
2008.03.03 09:26:09.858,0.7962,0.7965,0.60,4.00
2008.03.03 09:26:10.100,0.79611,0.79641,0.30,0.20
2008.03.03 09:26:10.195,0.7962,0.7965,0.60,4.00
2008.03.03 09:26:10.409,0.79611,0.79641,0.30,0.20
2008.03.03 09:26:10.529,0.7962,0.7965,0.60,4.00
2008.03.03 09:26:10.697,0.79611,0.79641,0.30,5.60
2008.03.03 09:26:10.862,0.7963,0.7965,0.50,4.00
2008.03.03 09:26:10.951,0.79612,0.79642,4.00,0.20
2008.03.03 09:26:11.187,0.79612,0.79642,0.60,0.20
2008.03.03 09:26:11.300,0.7963,0.7965,0.50,4.00
2008.03.03 09:26:11.416,0.79611,0.79641,0.30,0.20
2008.03.03 09:26:11.513,0.7963,0.7965,0.50,4.00
2008.03.03 09:26:11.645,0.79608,0.79643,0.30,0.20
2008.03.03 09:26:11.739,0.7963,0.7965,0.50,4.00
2008.03.03 09:26:11.874,0.79607,0.79642,0.30,0.50
2008.03.03 09:26:11.949,0.7963,0.7966,0.50,4.10
2008.03.03 09:26:12.208,0.79608,0.79643,4.00,0.05
2008.03.03 09:26:12.256,0.7963,0.7966,0.50,4.00
2008.03.03 09:26:12.542,0.79609,0.79639,4.00,0.40
2008.03.03 09:26:12.560,0.7963,0.7966,0.60,4.00
2008.03.03 09:26:12.875,0.79609,0.79639,2.40,2.40
2008.03.03 09:26:12.953,0.7963,0.7966,0.60,4.00
2008.03.03 09:26:13.150,0.79607,0.79642,2.40,0.20
2008.03.03 09:26:13.228,0.7963,0.7966,0.60,4.00
2008.03.03 09:26:13.450,0.79607,0.79642,0.30,0.20
2008.03.03 09:26:13.594,0.7963,0.7966,0.60,4.00
2008.03.03 09:26:13.724,0.79608,0.79643,4.00,2.80
2008.03.03 09:26:13.867,0.7963,0.7966,0.60,4.00
2008.03.03 09:26:13.999,0.79612,0.79642,2.40,2.40
2008.03.03 09:26:14.163,0.7963,0.7966,0.60,4.00
2008.03.03 09:26:14.258,0.79611,0.79641,0.30,2.70
2008.03.03 09:26:14.382,0.7963,0.7966,0.60,4.10
2008.03.03 09:26:14.517,0.79611,0.79641,9.60,1.70
2008.03.03 09:26:14.641,0.7963,0.7966,0.60,4.10
2008.03.03 09:26:14.776,0.7961,0.79645,0.30,0.20
2008.03.03 09:26:14.879,0.7963,0.7966,0.60,4.10
2008.03.03 09:26:15.093,0.79611,0.79641,2.40,1.60
2008.03.03 09:26:15.119,0.7963,0.7966,0.60,4.00
2008.03.03 09:26:15.406,0.79611,0.79641,0.30,0.20
2008.03.03 09:26:15.465,0.7963,0.7966,0.60,4.00
2008.03.03 09:26:15.722,0.79611,0.79641,4.00,2.40
2008.03.03 09:26:15.803,0.7963,0.7966,0.60,4.00
2008.03.03 09:26:16.037,0.79611,0.79641,2.40,2.40
2008.03.03 09:26:16.137,0.7963,0.7966,0.30,4.00
2008.03.03 09:26:16.344,0.79611,0.79641,0.30,0.20
2008.03.03 09:26:16.376,0.7963,0.7966,0.30,4.00
2008.03.03 09:26:16.615,0.7963,0.7966,0.30,4.10
2008.03.03 09:26:16.659,0.79612,0.79642,0.30,4.00
2008.03.03 09:26:16.897,0.7963,0.7966,0.30,4.10
2008.03.03 09:26:17.100,0.79611,0.79641,2.40,2.40
2008.03.03 09:26:17.233,0.7963,0.7966,0.30,4.10
2008.03.03 09:26:17.441,0.7961,0.7964,0.30,6.50
2008.03.03 09:26:17.559,0.7963,0.7965,0.30,4.00
2008.03.03 09:26:17.874,0.79611,0.79641,0.30,0.20
2008.03.03 09:26:17.882,0.7963,0.7965,0.30,4.00
2008.03.03 09:26:18.202,0.79612,0.79642,4.80,0.20
2008.03.03 09:26:18.229,0.7963,0.7965,0.30,4.00
2008.03.03 09:26:18.480,0.79625,0.7965,0.80,4.00
2008.03.03 09:26:18.587,0.79614,0.79644,0.30,0.20
2008.03.03 09:26:18.746,0.7962,0.7965,0.30,4.00
2008.03.03 09:26:18.964,0.79612,0.79642,0.50,0.20
2008.03.03 09:26:18.996,0.7962,0.7965,0.60,4.00
2008.03.03 09:26:19.245,0.7962,0.7965,0.30,4.00
2008.03.03 09:26:19.300,0.79612,0.79642,5.60,2.40
2008.03.03 09:26:19.533,0.7962,0.7965,0.60,4.00
2008.03.03 09:26:19.537,0.79612,0.79642,0.30,4.00
2008.03.03 09:26:19.848,0.79611,0.79641,0.30,0.20
2008.03.03 09:26:19.872,0.7962,0.7965,0.60,4.00
2008.03.03 09:26:20.094,0.79611,0.79641,0.30,4.80
2008.03.03 09:26:20.203,0.7962,0.7965,0.60,4.00
2008.03.03 09:26:20.414,0.79611,0.79641,2.80,2.50
2008.03.03 09:26:20.642,0.7962,0.7965,0.60,4.00
2008.03.03 09:26:20.740,0.79611,0.79641,0.30,4.00
2008.03.03 09:26:20.981,0.7962,0.7965,0.60,4.00
2008.03.03 09:26:21.152,0.79609,0.79639,0.30,0.20
2008.03.03 09:26:21.371,0.79611,0.79641,0.60,4.00
2008.03.03 09:26:21.426,0.7962,0.7965,0.60,4.00
2008.03.03 09:26:21.572,0.79609,0.79644,0.50,0.20
2008.03.03 09:26:21.622,0.7962,0.7965,0.60,4.00
2008.03.03 09:26:21.808,0.79607,0.79642,0.60,0.20
2008.03.03 09:26:21.846,0.7962,0.7965,0.30,4.00
2008.03.03 09:26:22.063,0.7962,0.7965,0.30,4.00
2008.03.03 09:26:22.160,0.79608,0.79643,0.30,2.90
2008.03.03 09:26:22.290,0.7962,0.7965,0.30,4.00
2008.03.03 09:26:22.504,0.79608,0.79643,0.50,0.40
2008.03.03 09:26:22.643,0.7962,0.7965,0.30,4.00
2008.03.03 09:26:22.938,0.79609,0.79644,12.40,12.10
2008.03.03 09:26:22.958,0.7962,0.7965,0.30,4.00
2008.03.03 09:26:23.265,0.79609,0.79644,0.30,0.20
2008.03.03 09:26:23.294,0.7962,0.7965,0.30,4.00
2008.03.03 09:26:23.590,0.79607,0.79642,0.30,0.50
2008.03.03 09:26:23.621,0.7962,0.7965,0.30,4.00
2008.03.03 09:26:23.914,0.79608,0.79643,0.30,2.40
2008.03.03 09:26:23.951,0.7962,0.7965,0.30,4.00
2008.03.03 09:26:24.234,0.79607,0.79642,0.30,0.20
2008.03.03 09:26:24.282,0.7962,0.7965,0.30,4.00
2008.03.03 09:26:24.596,0.79606,0.79641,5.50,0.20
2008.03.03 09:26:24.607,0.7962,0.7965,0.30,4.00
2008.03.03 09:26:24.906,0.79607,0.79642,2.60,6.40
2008.03.03 09:26:24.935,0.7962,0.7965,0.30,4.00
2008.03.03 09:26:25.190,0.79607,0.79642,0.60,0.20
2008.03.03 09:26:25.262,0.7962,0.7965,0.30,4.00
2008.03.03 09:26:25.503,0.79608,0.79643,0.30,2.50
2008.03.03 09:26:25.706,0.7962,0.7965,0.30,4.00
2008.03.03 09:26:25.817,0.79609,0.79644,0.30,0.20
2008.03.03 09:26:26.039,0.7962,0.7965,0.30,4.00
2008.03.03 09:26:26.131,0.79609,0.79644,0.50,0.20
2008.03.03 09:26:26.349,0.79612,0.79642,0.30,0.20
2008.03.03 09:26:26.479,0.7962,0.7965,0.30,4.00
2008.03.03 09:26:26.576,0.79612,0.79642,0.30,0.40
2008.03.03 09:26:26.696,0.7962,0.7965,0.30,4.00
2008.03.03 09:26:26.890,0.79612,0.79642,0.30,0.20
2008.03.03 09:26:26.920,0.7962,0.7965,0.30,4.00
2008.03.03 09:26:27.140,0.7962,0.7965,0.30,4.00
2008.03.03 09:26:27.315,0.79611,0.79641,8.00,0.20
2008.03.03 09:26:27.448,0.7962,0.7965,0.30,4.00
2008.03.03 09:26:27.644,0.79611,0.79641,0.30,0.20
2008.03.03 09:26:27.792,0.7962,0.7965,0.30,4.00
2008.03.03 09:26:27.973,0.79611,0.79641,0.60,0.20
2008.03.03 09:26:28.127,0.7962,0.7965,0.30,4.00
2008.03.03 09:26:28.306,0.79612,0.79642,0.30,4.10
2008.03.03 09:26:28.454,0.7962,0.7965,0.30,4.00
2008.03.03 09:26:28.761,0.79612,0.79642,4.00,0.20
2008.03.03 09:26:28.772,0.7962,0.7965,0.30,4.00
2008.03.03 09:26:29.105,0.7962,0.7965,0.30,4.00
2008.03.03 09:26:29.200,0.79611,0.79641,2.40,2.40
2008.03.03 09:26:29.435,0.7962,0.7965,0.30,4.00
2008.03.03 09:26:29.536,0.79611,0.79641,4.20,2.40
2008.03.03 09:26:29.665,0.7962,0.7965,0.30,4.00
2008.03.03 09:26:29.870,0.79611,0.79641,0.60,0.20
2008.03.03 09:26:29.990,0.7962,0.7965,0.30,4.00
2008.03.03 09:26:30.191,0.79611,0.79641,0.30,0.20
2008.03.03 09:26:30.312,0.7962,0.7965,0.30,4.00
2008.03.03 09:26:30.527,0.7961,0.7964,0.10,0.20
2008.03.03 09:26:30.657,0.7962,0.7965,0.30,4.00
2008.03.03 09:26:30.960,0.79611,0.79641,0.30,9.60
2008.03.03 09:26:31.091,0.7962,0.7965,0.30,4.00
2008.03.03 09:26:31.293,0.7961,0.7964,13.60,0.20
2008.03.03 09:26:31.510,0.79609,0.79639,0.30,4.00
2008.03.03 09:26:31.543,0.7962,0.7965,0.30,4.00
2008.03.03 09:26:31.842,0.79607,0.79637,0.30,0.20
2008.03.03 09:26:31.863,0.7962,0.7965,0.30,4.00
2008.03.03 09:26:32.065,0.79608,0.79638,0.30,0.20
2008.03.03 09:26:32.184,0.7962,0.7965,0.30,4.00
2008.03.03 09:26:32.398,0.79609,0.79639,6.40,0.20
2008.03.03 09:26:32.510,0.7962,0.7965,0.30,4.00
2008.03.03 09:26:32.825,0.79609,0.79639,4.00,0.20
2008.03.03 09:26:32.868,0.7962,0.7965,0.30,4.00
2008.03.03 09:26:33.168,0.7961,0.7964,2.40,2.40
2008.03.03 09:26:33.179,0.7962,0.7965,0.30,4.00
2008.03.03 09:26:33.499,0.79611,0.79641,4.00,0.20
2008.03.03 09:26:33.509,0.7962,0.7965,0.30,4.00
2008.03.03 09:26:33.773,0.79612,0.79642,0.30,0.40
2008.03.03 09:26:33.838,0.7962,0.7965,0.30,4.00
2008.03.03 09:26:34.047,0.79611,0.79641,0.30,0.20
2008.03.03 09:26:34.081,0.7962,0.7965,0.30,4.00
2008.03.03 09:26:34.323,0.79611,0.79641,0.30,0.40
2008.03.03 09:26:34.389,0.7962,0.7965,0.30,4.00
2008.03.03 09:26:34.567,0.79611,0.79641,0.30,0.20
2008.03.03 09:26:34.727,0.7962,0.7965,0.30,4.00
2008.03.03 09:26:34.811,0.79614,0.79639,0.30,0.20
2008.03.03 09:26:35.026,0.7962,0.7965,0.30,4.00
2008.03.03 09:26:35.123,0.79615,0.7964,1.80,0.20
2008.03.03 09:26:35.366,0.79613,0.79638,2.40,2.40
2008.03.03 09:26:35.383,0.7962,0.7965,0.30,4.00
2008.03.03 09:26:35.799,0.79612,0.79637,0.30,2.50
2008.03.03 09:26:35.825,0.7962,0.7965,0.30,4.00
2008.03.03 09:26:36.133,0.79611,0.79636,0.30,0.20
2008.03.03 09:26:36.263,0.7962,0.7965,0.30,4.00
2008.03.03 09:26:36.466,0.79609,0.79634,4.00,0.20
2008.03.03 09:26:36.492,0.7962,0.7965,0.30,4.00
2008.03.03 09:26:36.791,0.79609,0.79634,2.40,0.20
2008.03.03 09:26:36.810,0.7962,0.7965,0.30,4.00
2008.03.03 09:26:37.026,0.7962,0.7965,0.30,4.00
2008.03.03 09:26:37.127,0.79611,0.79636,0.30,0.20
2008.03.03 09:26:37.365,0.7962,0.7965,0.30,4.00
2008.03.03 09:26:37.442,0.79613,0.79638,2.60,2.50
2008.03.03 09:26:37.690,0.7962,0.7965,0.30,4.00
2008.03.03 09:26:37.776,0.79611,0.79641,4.00,2.50
2008.03.03 09:26:38.039,0.7962,0.7965,0.30,4.00
2008.03.03 09:26:38.109,0.79611,0.79641,4.00,0.20
2008.03.03 09:26:38.349,0.7962,0.7965,0.30,4.00
2008.03.03 09:26:38.450,0.7961,0.7964,2.40,0.50
2008.03.03 09:26:38.587,0.7962,0.7965,0.30,4.00
2008.03.03 09:26:38.654,0.79609,0.79639,4.00,0.20
2008.03.03 09:26:38.883,0.79611,0.79641,0.30,0.20
2008.03.03 09:26:38.894,0.7962,0.7965,0.30,4.00
2008.03.03 09:26:39.111,0.79611,0.79641,0.30,4.00
2008.03.03 09:26:39.219,0.7962,0.7965,0.30,4.00
2008.03.03 09:26:39.367,0.7961,0.7964,2.40,2.40
2008.03.03 09:26:39.483,0.7962,0.7965,0.30,4.00
2008.03.03 09:26:39.764,0.79609,0.79639,0.30,0.20
2008.03.03 09:26:39.778,0.7962,0.7965,0.30,4.00
2008.03.03 09:26:40.093,0.79611,0.79641,0.30,4.20
2008.03.03 09:26:40.133,0.7962,0.7965,0.30,4.00
2008.03.03 09:26:40.456,0.7962,0.7965,0.30,4.00
2008.03.03 09:26:40.540,0.79609,0.79639,0.30,0.20
2008.03.03 09:26:40.784,0.79609,0.79639,0.30,0.20
2008.03.03 09:26:40.872,0.7962,0.7965,0.30,4.00
2008.03.03 09:26:40.987,0.79606,0.79641,4.00,2.40
2008.03.03 09:26:41.195,0.79609,0.79634,2.40,0.50
2008.03.03 09:26:41.322,0.7962,0.7965,0.30,4.00
2008.03.03 09:26:41.399,0.79609,0.79634,0.60,0.20
2008.03.03 09:26:41.604,0.79607,0.79637,2.60,2.50
2008.03.03 09:26:41.759,0.7962,0.7965,0.30,4.00
2008.03.03 09:26:41.939,0.79618,0.79628,8.00,0.20
2008.03.03 09:26:42.106,0.7962,0.7965,0.30,4.00
2008.03.03 09:26:42.273,0.7962,0.7963,0.30,4.00
2008.03.03 09:26:42.420,0.7962,0.7965,0.30,4.00
2008.03.03 09:26:42.608,0.79621,0.79631,6.40,0.40
2008.03.03 09:26:42.745,0.7962,0.7965,0.30,4.00
2008.03.03 09:26:42.847,0.79617,0.79637,0.30,0.20
2008.03.03 09:26:43.043,0.7962,0.7965,0.30,4.00
2008.03.03 09:26:43.087,0.79626,0.79636,2.60,2.70
2008.03.03 09:26:43.327,0.79629,0.79639,0.30,0.20
2008.03.03 09:26:43.417,0.7962,0.7965,0.30,4.00
2008.03.03 09:26:43.585,0.79631,0.79641,0.80,0.20
2008.03.03 09:26:43.735,0.7962,0.7965,0.30,4.00
2008.03.03 09:26:43.859,0.79629,0.79639,2.40,0.20
2008.03.03 09:26:44.069,0.7962,0.7965,0.30,4.00
2008.03.03 09:26:44.134,0.79625,0.79635,0.30,0.20
2008.03.03 09:26:44.393,0.79611,0.79646,3.20,2.80
2008.03.03 09:26:44.397,0.7962,0.7965,0.30,4.00
2008.03.03 09:26:44.723,0.79609,0.79644,1.80,0.20
2008.03.03 09:26:44.750,0.7962,0.7965,0.30,4.00
2008.03.03 09:26:45.051,0.79608,0.79643,0.30,0.20
2008.03.03 09:26:45.060,0.7962,0.7965,0.30,4.00
2008.03.03 09:26:45.375,0.79608,0.79643,5.60,0.10
2008.03.03 09:26:45.394,0.7962,0.7965,0.30,4.00
2008.03.03 09:26:45.724,0.79607,0.79642,0.30,4.00
2008.03.03 09:26:45.825,0.7962,0.7965,0.30,4.00
2008.03.03 09:26:46.039,0.79606,0.79641,0.30,0.20
2008.03.03 09:26:46.278,0.7962,0.7965,0.30,4.00
2008.03.03 09:26:46.357,0.79607,0.79642,0.30,0.40
2008.03.03 09:26:46.680,0.79607,0.79642,11.20,0.20
2008.03.03 09:26:46.705,0.7962,0.7965,0.30,4.00
2008.03.03 09:26:47.024,0.7962,0.7965,0.30,4.00
2008.03.03 09:26:47.131,0.79607,0.79642,0.30,0.20
2008.03.03 09:26:47.251,0.7962,0.7965,0.30,4.00
2008.03.03 09:26:47.470,0.79608,0.79643,0.30,0.50
2008.03.03 09:26:47.593,0.7962,0.7965,0.30,4.00
2008.03.03 09:26:47.806,0.79609,0.79644,0.30,0.20
2008.03.03 09:26:47.935,0.7962,0.7965,0.30,4.00
2008.03.03 09:26:48.137,0.79607,0.79642,4.00,0.20
2008.03.03 09:26:48.365,0.7962,0.7965,0.30,4.00
2008.03.03 09:26:48.464,0.79607,0.79642,4.00,0.40
2008.03.03 09:26:48.779,0.79609,0.79644,5.60,2.40
2008.03.03 09:26:48.796,0.7962,0.7965,0.30,4.00
2008.03.03 09:26:49.019,0.7962,0.7965,0.30,4.00
2008.03.03 09:26:49.156,0.79607,0.79642,0.30,4.00
2008.03.03 09:26:49.340,0.7962,0.7965,0.30,4.00
2008.03.03 09:26:49.414,0.79606,0.79641,0.30,4.00
2008.03.03 09:26:49.565,0.7962,0.7965,0.30,4.00
2008.03.03 09:26:49.675,0.79606,0.79641,4.80,6.40
2008.03.03 09:26:49.894,0.7962,0.7965,0.30,4.00
2008.03.03 09:26:50.060,0.79606,0.79641,4.40,0.20
2008.03.03 09:26:50.225,0.7962,0.7965,0.30,4.00
2008.03.03 09:26:50.369,0.79607,0.79642,0.60,0.20
2008.03.03 09:26:50.550,0.7962,0.7965,0.30,4.00
2008.03.03 09:26:50.679,0.79605,0.79645,0.30,1.60
2008.03.03 09:26:50.897,0.7962,0.7965,0.30,4.00
2008.03.03 09:26:50.980,0.79605,0.79645,0.30,0.20
2008.03.03 09:26:51.217,0.79605,0.79645,0.30,0.20
2008.03.03 09:26:51.315,0.7962,0.7965,0.30,4.00
2008.03.03 09:26:51.536,0.79605,0.79645,0.30,2.50
2008.03.03 09:26:51.656,0.7962,0.7965,0.30,4.00
2008.03.03 09:26:51.762,0.79605,0.79645,0.30,0.20
2008.03.03 09:26:52.000,0.7962,0.7965,0.30,4.00
2008.03.03 09:26:52.197,0.79605,0.79645,0.60,0.20
2008.03.03 09:26:52.324,0.7962,0.7965,0.30,4.00
2008.03.03 09:26:52.540,0.79605,0.79645,0.30,2.80
2008.03.03 09:26:52.644,0.7962,0.7965,0.30,4.00
2008.03.03 09:26:52.856,0.79605,0.79645,0.60,0.40
2008.03.03 09:26:52.968,0.7962,0.7965,0.30,4.00
2008.03.03 09:26:53.188,0.79605,0.79645,0.50,0.20
2008.03.03 09:26:53.300,0.7962,0.7965,0.30,4.00
2008.03.03 09:26:53.526,0.79605,0.79645,4.20,2.40
2008.03.03 09:26:53.630,0.7962,0.7965,0.30,4.00
2008.03.03 09:26:53.860,0.79605,0.79645,0.30,0.20
2008.03.03 09:26:53.958,0.7962,0.7965,0.30,4.00
2008.03.03 09:26:54.188,0.79605,0.79645,0.60,0.20
2008.03.03 09:26:54.478,0.79605,0.79645,0.30,0.20
2008.03.03 09:26:54.721,0.79605,0.79645,0.30,0.20
2008.03.03 09:26:55.045,0.79605,0.79645,0.30,4.00
2008.03.03 09:26:55.302,0.7962,0.7965,0.30,4.00
2008.03.03 09:26:55.353,0.79605,0.79645,0.80,0.20
2008.03.03 09:26:55.397,0.7962,0.7965,0.30,4.00
2008.03.03 09:26:55.540,0.7962,0.7965,0.30,4.00
2008.03.03 09:26:55.664,0.79609,0.79639,0.30,0.20
2008.03.03 09:26:55.723,0.7962,0.7965,0.30,4.00
2008.03.03 09:26:55.846,0.7962,0.7965,0.30,4.00
2008.03.03 09:26:55.938,0.79611,0.79641,0.30,0.20
2008.03.03 09:26:55.944,0.7962,0.7965,0.30,4.00
2008.03.03 09:26:56.060,0.7962,0.7965,0.30,4.00
2008.03.03 09:26:56.164,0.7962,0.7965,0.30,4.00
2008.03.03 09:26:56.167,0.79605,0.79645,2.60,4.00
2008.03.03 09:26:56.274,0.7962,0.7965,0.30,4.00
2008.03.03 09:26:56.394,0.79605,0.79645,4.00,0.20
2008.03.03 09:26:56.399,0.7962,0.7965,0.30,4.00
2008.03.03 09:26:56.660,0.79605,0.79645,0.30,0.20
2008.03.03 09:26:56.823,0.7962,0.7965,0.30,4.00
2008.03.03 09:26:56.854,0.79605,0.79645,2.40,2.40
2008.03.03 09:26:57.163,0.7962,0.7965,0.30,4.00
2008.03.03 09:26:57.225,0.79605,0.79645,0.30,9.60
2008.03.03 09:26:57.559,0.79605,0.79645,0.30,4.00
2008.03.03 09:26:57.893,0.79605,0.79645,0.30,4.00
2008.03.03 09:26:58.147,0.79605,0.79645,2.40,4.10
2008.03.03 09:26:58.401,0.79605,0.79645,0.30,0.20
2008.03.03 09:26:58.654,0.79605,0.79645,0.60,4.00
2008.03.03 09:26:58.793,0.7962,0.7965,0.30,4.00
2008.03.03 09:26:58.909,0.79604,0.79644,0.30,0.20
2008.03.03 09:26:59.232,0.79603,0.79643,0.30,4.00
2008.03.03 09:26:59.569,0.79602,0.79642,4.00,2.40
2008.03.03 09:27:00.351,0.7962,0.7965,0.30,4.00
2008.03.03 09:27:00.388,0.796,0.7964,0.30,0.20
2008.03.03 09:27:00.571,0.7962,0.7965,0.30,4.00
2008.03.03 09:27:00.692,0.79601,0.79641,0.30,4.00
2008.03.03 09:27:00.788,0.7962,0.7965,0.30,4.00
2008.03.03 09:27:00.996,0.79601,0.79641,4.00,0.20
2008.03.03 09:27:01.009,0.7962,0.7965,0.30,4.00
2008.03.03 09:27:01.232,0.7962,0.7965,0.30,4.00
2008.03.03 09:27:01.300,0.79602,0.79642,0.30,0.20
2008.03.03 09:27:01.451,0.7962,0.7965,0.30,4.00
2008.03.03 09:27:01.625,0.79602,0.79642,2.60,0.20
2008.03.03 09:27:01.851,0.79602,0.79642,0.30,0.20
2008.03.03 09:27:01.891,0.7962,0.7965,0.30,4.00
2008.03.03 09:27:02.178,0.79601,0.79641,4.80,0.20
2008.03.03 09:27:02.334,0.7962,0.7965,0.30,4.00
2008.03.03 09:27:02.415,0.79602,0.79642,4.80,0.20
2008.03.03 09:27:02.749,0.79602,0.79642,2.60,2.40
2008.03.03 09:27:02.761,0.7962,0.7965,0.30,4.00
2008.03.03 09:27:02.992,0.7962,0.7965,0.30,4.00
2008.03.03 09:27:03.083,0.79603,0.79643,2.40,2.40
2008.03.03 09:27:03.314,0.7962,0.7965,0.30,4.00
2008.03.03 09:27:03.418,0.79601,0.79645,0.50,0.60
2008.03.03 09:27:03.718,0.79601,0.79645,4.00,0.20
2008.03.03 09:27:03.956,0.7962,0.7965,0.30,4.00
2008.03.03 09:27:04.040,0.79598,0.79648,2.60,0.20
2008.03.03 09:27:04.195,0.7962,0.7965,0.30,4.00
2008.03.03 09:27:04.369,0.79598,0.79648,2.80,2.40
2008.03.03 09:27:04.533,0.7962,0.7965,0.30,4.00
2008.03.03 09:27:04.593,0.79598,0.79648,0.30,4.00
2008.03.03 09:27:04.756,0.7962,0.7965,0.30,4.00
2008.03.03 09:27:04.912,0.79598,0.79648,0.30,4.00
2008.03.03 09:27:05.081,0.7962,0.7965,0.30,4.00
2008.03.03 09:27:05.118,0.79598,0.79648,0.30,4.00
2008.03.03 09:27:05.461,0.79598,0.79648,4.00,0.20
2008.03.03 09:27:05.472,0.7962,0.7965,0.30,4.00
2008.03.03 09:27:05.795,0.79598,0.79648,0.30,0.20
2008.03.03 09:27:05.807,0.7962,0.7965,0.30,4.00
2008.03.03 09:27:06.129,0.79595,0.79651,1.60,0.20
2008.03.03 09:27:06.140,0.7962,0.7965,0.30,4.00
2008.03.03 09:27:06.362,0.7963,0.7965,0.50,4.00
2008.03.03 09:27:06.461,0.79593,0.79653,9.60,0.20
2008.03.03 09:27:06.603,0.7963,0.7965,0.50,4.00
2008.03.03 09:27:06.795,0.79593,0.79653,0.30,0.20
2008.03.03 09:27:06.942,0.7963,0.7965,0.50,4.00
2008.03.03 09:27:07.021,0.79593,0.79653,4.80,0.20
2008.03.03 09:27:07.161,0.7963,0.7965,0.50,4.00
2008.03.03 09:27:07.235,0.79593,0.79653,2.40,5.60
2008.03.03 09:27:07.400,0.7963,0.7966,0.50,4.10
2008.03.03 09:27:07.449,0.79593,0.79653,2.40,2.40
2008.03.03 09:27:07.735,0.7963,0.7966,0.50,4.00
2008.03.03 09:27:07.782,0.79595,0.79651,0.50,0.40
2008.03.03 09:27:08.069,0.7963,0.7966,0.60,4.00
2008.03.03 09:27:08.213,0.79595,0.79651,4.00,0.20
2008.03.03 09:27:08.405,0.7963,0.7966,0.60,4.00
2008.03.03 09:27:08.561,0.79595,0.79651,0.30,0.20
2008.03.03 09:27:08.709,0.7963,0.7966,0.60,4.00
2008.03.03 09:27:08.886,0.79595,0.79651,2.60,2.50
2008.03.03 09:27:08.937,0.7963,0.7966,0.60,4.00
2008.03.03 09:27:09.219,0.79595,0.79651,4.00,5.60
2008.03.03 09:27:09.253,0.7963,0.7966,0.60,4.00
2008.03.03 09:27:09.517,0.79595,0.79651,2.40,4.00
2008.03.03 09:27:09.567,0.7963,0.7965,0.50,4.00
2008.03.03 09:27:09.875,0.79595,0.79651,4.00,0.20
2008.03.03 09:27:09.898,0.7963,0.7965,0.50,4.00
2008.03.03 09:27:10.193,0.79595,0.79651,1.00,9.60
2008.03.03 09:27:10.196,0.7963,0.7965,0.50,4.00
2008.03.03 09:27:10.532,0.79595,0.79651,0.30,0.20
2008.03.03 09:27:10.537,0.7963,0.7965,0.50,4.00
2008.03.03 09:27:10.870,0.7963,0.7965,0.50,4.00
2008.03.03 09:27:10.871,0.79595,0.79651,0.30,0.30
2008.03.03 09:27:11.199,0.79594,0.7965,0.30,0.20
2008.03.03 09:27:11.242,0.7963,0.7965,0.50,4.00
2008.03.03 09:27:11.353,0.79607,0.79637,2.40,2.40
2008.03.03 09:27:11.559,0.7963,0.7965,0.50,4.00
2008.03.03 09:27:11.587,0.79595,0.79651,0.60,0.50
2008.03.03 09:27:11.823,0.79593,0.79653,0.30,2.40
2008.03.03 09:27:11.882,0.7963,0.7965,0.50,4.00
2008.03.03 09:27:12.062,0.79593,0.79653,0.30,0.20
2008.03.03 09:27:12.235,0.7963,0.7965,0.50,4.00
2008.03.03 09:27:12.398,0.79593,0.79653,0.30,0.20
2008.03.03 09:27:12.556,0.7963,0.7965,0.50,4.00
2008.03.03 09:27:12.734,0.79593,0.79653,0.30,0.20
2008.03.03 09:27:12.989,0.7963,0.7965,0.50,4.00
2008.03.03 09:27:13.168,0.79593,0.79653,0.30,0.20
2008.03.03 09:27:13.318,0.7963,0.7965,0.50,4.00
2008.03.03 09:27:13.609,0.79593,0.79653,0.30,0.20
2008.03.03 09:27:13.656,0.7963,0.7965,0.50,4.00
2008.03.03 09:27:13.949,0.79593,0.79653,0.30,0.20
2008.03.03 09:27:13.972,0.7963,0.7965,0.50,4.00
2008.03.03 09:27:14.248,0.79593,0.79653,2.60,2.40
2008.03.03 09:27:14.310,0.7963,0.7965,0.50,4.00
2008.03.03 09:27:14.604,0.79593,0.79653,0.30,4.00
2008.03.03 09:27:14.643,0.7963,0.7965,0.50,4.00
2008.03.03 09:27:14.923,0.79593,0.79653,2.40,2.40
2008.03.03 09:27:14.962,0.7963,0.7965,0.50,4.00
2008.03.03 09:27:15.223,0.79593,0.79653,4.20,0.20
2008.03.03 09:27:15.293,0.7963,0.7965,0.50,4.00
2008.03.03 09:27:15.505,0.79593,0.79653,0.30,2.40
2008.03.03 09:27:15.631,0.7963,0.7965,0.50,4.00
2008.03.03 09:27:15.803,0.79595,0.79651,8.00,0.40
2008.03.03 09:27:16.062,0.7963,0.7965,0.50,4.00
2008.03.03 09:27:16.143,0.79595,0.79651,0.30,0.90
2008.03.03 09:27:16.465,0.79595,0.79651,2.60,2.40
2008.03.03 09:27:16.499,0.7963,0.7965,0.50,4.00
2008.03.03 09:27:16.725,0.7963,0.7965,0.50,4.00
2008.03.03 09:27:16.805,0.79595,0.79651,2.60,2.50
2008.03.03 09:27:16.943,0.7963,0.7965,0.50,4.00
2008.03.03 09:27:17.130,0.79595,0.79651,1.00,0.20
2008.03.03 09:27:17.455,0.79595,0.79651,0.30,0.20
2008.03.03 09:27:17.890,0.79595,0.79651,0.30,8.00
2008.03.03 09:27:18.224,0.79593,0.79653,0.70,4.00
2008.03.03 09:27:18.562,0.79593,0.79653,2.40,4.00
2008.03.03 09:27:18.893,0.79593,0.79653,9.80,0.50
2008.03.03 09:27:19.212,0.79593,0.79653,0.10,0.20
2008.03.03 09:27:19.234,0.7963,0.7965,0.50,4.00
2008.03.03 09:27:19.311,0.7963,0.7965,0.50,4.00
2008.03.03 09:27:19.486,0.7963,0.7965,0.50,4.00
2008.03.03 09:27:19.549,0.79593,0.79653,4.00,0.60
2008.03.03 09:27:19.859,0.79593,0.79653,4.00,0.20
2008.03.03 09:27:20.103,0.79593,0.79653,0.30,0.40
2008.03.03 09:27:20.424,0.79593,0.79653,0.30,0.20
2008.03.03 09:27:20.655,0.79593,0.79653,0.30,0.20
2008.03.03 09:27:20.980,0.79593,0.79653,2.60,9.60
2008.03.03 09:27:21.267,0.7963,0.7965,0.50,4.00
2008.03.03 09:27:21.303,0.79593,0.79653,2.60,2.70
2008.03.03 09:27:21.573,0.7963,0.7965,0.50,4.00
2008.03.03 09:27:21.642,0.79593,0.79653,8.20,2.50
2008.03.03 09:27:21.786,0.7963,0.7965,0.50,4.00
2008.03.03 09:27:21.871,0.79593,0.79653,0.30,0.20
2008.03.03 09:27:22.015,0.7963,0.7965,0.50,4.00
2008.03.03 09:27:22.101,0.79593,0.79653,0.30,0.20
2008.03.03 09:27:22.240,0.7963,0.7965,0.50,4.00
2008.03.03 09:27:22.329,0.79593,0.79653,2.40,2.40
2008.03.03 09:27:22.430,0.7963,0.7966,0.50,4.10
2008.03.03 09:27:22.557,0.79593,0.79653,0.30,4.00
2008.03.03 09:27:22.765,0.7963,0.7966,0.50,4.10
2008.03.03 09:27:22.890,0.79593,0.79653,4.00,0.20
2008.03.03 09:27:23.099,0.7963,0.7966,0.60,4.10
2008.03.03 09:27:23.224,0.79593,0.79653,1.00,4.00
2008.03.03 09:27:23.555,0.7963,0.7966,0.60,4.10
2008.03.03 09:27:23.557,0.79595,0.79651,2.40,2.40
2008.03.03 09:27:23.842,0.79595,0.79651,0.30,1.70
2008.03.03 09:27:23.887,0.7963,0.7966,0.60,4.10
2008.03.03 09:27:24.205,0.79595,0.79651,0.30,0.20
2008.03.03 09:27:24.214,0.7963,0.7966,0.60,4.10
2008.03.03 09:27:24.489,0.79595,0.79651,0.60,0.40
2008.03.03 09:27:24.548,0.7963,0.7966,0.60,4.10
2008.03.03 09:27:24.828,0.79595,0.79651,0.30,2.50
2008.03.03 09:27:24.858,0.7963,0.7966,0.60,4.10
2008.03.03 09:27:25.151,0.79595,0.79651,2.40,2.40
2008.03.03 09:27:25.193,0.7963,0.7966,0.60,4.10
2008.03.03 09:27:25.438,0.79595,0.79651,0.30,0.20
2008.03.03 09:27:25.533,0.7963,0.7966,0.60,4.10
2008.03.03 09:27:25.710,0.79593,0.79653,0.30,2.40
2008.03.03 09:27:25.971,0.7963,0.7966,0.60,4.10
2008.03.03 09:27:26.047,0.79593,0.79653,0.30,0.20
2008.03.03 09:27:26.371,0.79593,0.79653,0.30,0.20
2008.03.03 09:27:26.418,0.7963,0.7966,0.60,4.10
2008.03.03 09:27:26.689,0.79593,0.79653,8.80,4.00
2008.03.03 09:27:26.740,0.7963,0.7966,0.60,4.10
2008.03.03 09:27:27.034,0.79593,0.79653,0.30,0.20
2008.03.03 09:27:27.062,0.7963,0.7966,0.60,4.10
2008.03.03 09:27:27.263,0.79592,0.79652,0.60,0.20
2008.03.03 09:27:27.395,0.7963,0.7966,0.60,4.10
2008.03.03 09:27:27.490,0.79603,0.79638,2.40,2.40
2008.03.03 09:27:27.729,0.7963,0.7966,0.60,4.10
2008.03.03 09:27:27.741,0.79602,0.79642,0.30,0.20
2008.03.03 09:27:28.062,0.7963,0.7966,0.60,4.10
2008.03.03 09:27:28.085,0.79602,0.79646,4.00,2.40
2008.03.03 09:27:28.390,0.7963,0.7966,0.60,4.10
2008.03.03 09:27:28.419,0.79603,0.79647,0.30,4.00
2008.03.03 09:27:28.706,0.7963,0.7966,0.60,4.10
2008.03.03 09:27:28.754,0.79609,0.79644,0.50,1.90
2008.03.03 09:27:29.038,0.7963,0.7966,0.60,4.10
2008.03.03 09:27:29.069,0.79624,0.79629,0.30,0.20
2008.03.03 09:27:29.382,0.79611,0.79641,0.30,0.20
2008.03.03 09:27:29.709,0.7963,0.7966,0.60,4.10
2008.03.03 09:27:29.715,0.79611,0.79641,0.30,0.20
2008.03.03 09:27:29.950,0.79613,0.79638,8.00,0.20
2008.03.03 09:27:30.039,0.7963,0.7966,0.60,4.10
2008.03.03 09:27:30.184,0.79613,0.79638,0.30,0.20
2008.03.03 09:27:30.374,0.7963,0.7966,0.60,4.10
2008.03.03 09:27:30.418,0.79614,0.79639,0.60,0.20
2008.03.03 09:27:30.652,0.79614,0.79639,0.30,4.00
2008.03.03 09:27:30.696,0.7963,0.7966,0.60,4.10
2008.03.03 09:27:30.989,0.79613,0.79638,0.30,0.20
2008.03.03 09:27:31.144,0.7963,0.7966,0.60,4.10
2008.03.03 09:27:31.421,0.79611,0.79636,0.60,0.20
2008.03.03 09:27:31.579,0.7963,0.7966,0.60,4.10
2008.03.03 09:27:31.859,0.79611,0.79636,0.30,4.00
2008.03.03 09:27:31.906,0.7963,0.7966,0.60,4.10
2008.03.03 09:27:32.122,0.7963,0.7966,0.50,4.10
2008.03.03 09:27:32.199,0.79611,0.79636,4.00,0.20
2008.03.03 09:27:32.335,0.7963,0.7965,0.50,4.00
2008.03.03 09:27:32.526,0.79609,0.79634,2.40,0.20
2008.03.03 09:27:32.549,0.7963,0.7965,0.50,4.00
2008.03.03 09:27:32.888,0.7963,0.7965,0.50,4.00
2008.03.03 09:27:32.972,0.79609,0.79634,9.80,2.50
2008.03.03 09:27:33.338,0.7963,0.7965,0.50,4.00
2008.03.03 09:27:33.402,0.79609,0.79634,0.30,0.40
2008.03.03 09:27:33.736,0.79612,0.79637,0.30,0.20
2008.03.03 09:27:33.777,0.7963,0.7965,0.50,4.00
2008.03.03 09:27:34.001,0.7963,0.7965,0.50,4.00
2008.03.03 09:27:34.066,0.79613,0.79638,0.30,9.60
2008.03.03 09:27:34.333,0.7963,0.7965,0.50,4.00
2008.03.03 09:27:34.386,0.79612,0.79637,0.30,0.20
2008.03.03 09:27:34.604,0.7963,0.7965,0.50,4.00
2008.03.03 09:27:34.744,0.79612,0.79637,0.10,0.20
2008.03.03 09:27:34.999,0.7963,0.7965,0.50,4.00
2008.03.03 09:27:35.063,0.79612,0.79637,4.00,0.50
2008.03.03 09:27:35.341,0.7963,0.7965,0.50,4.00
2008.03.03 09:27:35.384,0.79611,0.79636,0.30,0.20
2008.03.03 09:27:35.644,0.7963,0.7965,0.50,4.00
2008.03.03 09:27:35.710,0.79609,0.79634,2.40,2.40
2008.03.03 09:27:35.978,0.7963,0.7965,0.50,4.00
2008.03.03 09:27:36.040,0.79609,0.79634,2.40,2.40
2008.03.03 09:27:36.372,0.79607,0.79632,1.80,0.50
2008.03.03 09:27:36.412,0.7963,0.7965,0.50,4.00
2008.03.03 09:27:36.699,0.79606,0.79631,4.00,0.40
2008.03.03 09:27:36.863,0.7963,0.7965,0.50,4.00
2008.03.03 09:27:37.031,0.79606,0.79631,6.40,0.20
2008.03.03 09:27:37.189,0.7963,0.7965,0.50,4.00
2008.03.03 09:27:37.354,0.79607,0.79632,0.30,4.10
2008.03.03 09:27:37.413,0.7963,0.7965,0.50,4.00
2008.03.03 09:27:37.594,0.79608,0.79633,0.60,0.20
2008.03.03 09:27:37.628,0.7963,0.7965,0.50,4.00
2008.03.03 09:27:37.891,0.79607,0.79632,0.30,0.20
2008.03.03 09:27:38.075,0.7963,0.7965,0.50,4.00
2008.03.03 09:27:38.255,0.79607,0.79632,0.30,0.20
2008.03.03 09:27:38.508,0.7963,0.7965,0.50,4.00
2008.03.03 09:27:38.683,0.79608,0.79633,4.00,0.20
2008.03.03 09:27:38.859,0.7963,0.7965,0.50,4.00
2008.03.03 09:27:39.017,0.79611,0.79636,0.30,0.20
2008.03.03 09:27:39.156,0.7963,0.7965,0.50,4.00
2008.03.03 09:27:39.347,0.79611,0.79636,0.30,4.00
2008.03.03 09:27:39.394,0.7963,0.7965,0.50,4.00
2008.03.03 09:27:39.615,0.7963,0.7965,0.50,4.00
2008.03.03 09:27:39.675,0.79611,0.79636,0.30,0.20
2008.03.03 09:27:40.006,0.79608,0.79633,0.30,0.20
2008.03.03 09:27:40.033,0.7963,0.7965,0.50,4.00
2008.03.03 09:27:40.338,0.79609,0.79634,0.30,0.20
2008.03.03 09:27:40.363,0.7963,0.7965,0.50,4.00
2008.03.03 09:27:40.665,0.79611,0.79636,0.30,0.20
2008.03.03 09:27:40.697,0.7963,0.7965,0.50,4.00
2008.03.03 09:27:41.044,0.7963,0.7965,0.50,4.00
2008.03.03 09:27:41.101,0.79612,0.79637,2.40,2.40
2008.03.03 09:27:41.432,0.79611,0.79636,0.30,0.20
2008.03.03 09:27:41.484,0.7963,0.7965,0.50,4.00
2008.03.03 09:27:41.763,0.7961,0.79635,0.30,4.00
2008.03.03 09:27:41.819,0.7963,0.7965,0.50,4.00
2008.03.03 09:27:42.031,0.7963,0.7965,0.50,4.00
2008.03.03 09:27:42.087,0.79609,0.79634,0.30,4.00
2008.03.03 09:27:42.242,0.7963,0.7965,0.50,4.00
2008.03.03 09:27:42.304,0.79608,0.79633,0.20,9.60
2008.03.03 09:27:42.451,0.7963,0.7965,0.50,4.00
2008.03.03 09:27:42.543,0.79607,0.79632,0.30,0.20
2008.03.03 09:27:42.678,0.7963,0.7965,0.50,4.00
2008.03.03 09:27:42.780,0.79606,0.79631,12.00,0.20
2008.03.03 09:27:42.905,0.7963,0.7965,0.50,4.00
2008.03.03 09:27:43.062,0.79605,0.7963,2.40,2.40
2008.03.03 09:27:43.237,0.7963,0.7965,0.50,4.00
2008.03.03 09:27:43.528,0.79606,0.79631,0.30,4.00
2008.03.03 09:27:43.568,0.7963,0.7965,0.50,4.00
2008.03.03 09:27:43.892,0.7963,0.7965,0.50,4.00
2008.03.03 09:27:43.959,0.79606,0.79631,0.30,5.60
2008.03.03 09:27:44.216,0.7963,0.7965,0.50,4.00
2008.03.03 09:27:44.302,0.79607,0.79632,13.60,2.50
2008.03.03 09:27:44.560,0.7963,0.7965,0.50,4.00
2008.03.03 09:27:44.610,0.79608,0.79633,1.80,2.50
2008.03.03 09:27:44.880,0.7963,0.7965,0.50,4.00
2008.03.03 09:27:44.953,0.79611,0.79636,0.30,0.20
2008.03.03 09:27:45.272,0.79611,0.79636,0.30,4.00
2008.03.03 09:27:45.319,0.7963,0.7965,0.50,4.00
2008.03.03 09:27:45.612,0.79611,0.79636,0.30,0.20
2008.03.03 09:27:45.660,0.7963,0.7965,0.50,4.00
2008.03.03 09:27:45.943,0.79609,0.79634,0.30,0.20
2008.03.03 09:27:46.082,0.7963,0.7965,0.50,4.00
2008.03.03 09:27:46.267,0.79608,0.79633,0.30,0.20
2008.03.03 09:27:46.310,0.7963,0.7965,0.50,4.00
2008.03.03 09:27:46.542,0.7963,0.7965,0.50,4.00
2008.03.03 09:27:46.589,0.79609,0.79634,0.30,0.20
2008.03.03 09:27:46.827,0.79611,0.79636,0.30,4.00
2008.03.03 09:27:46.877,0.7963,0.7965,0.50,4.00
2008.03.03 09:27:47.188,0.7963,0.7965,0.50,4.00
2008.03.03 09:27:47.260,0.7961,0.79635,2.40,2.40
2008.03.03 09:27:47.511,0.7963,0.7965,0.50,4.00
2008.03.03 09:27:47.697,0.79608,0.79633,2.60,2.50
2008.03.03 09:27:47.851,0.7963,0.7965,0.50,4.00
2008.03.03 09:27:48.031,0.79607,0.79632,2.60,0.30
2008.03.03 09:27:48.174,0.7963,0.7965,0.50,4.00
2008.03.03 09:27:48.252,0.79607,0.79632,4.00,0.40
2008.03.03 09:27:48.471,0.79609,0.79634,0.30,0.20
2008.03.03 09:27:48.529,0.7963,0.7965,0.50,4.00
2008.03.03 09:27:48.701,0.7961,0.79635,0.30,0.20
2008.03.03 09:27:48.851,0.7963,0.7965,0.50,4.00
2008.03.03 09:27:48.921,0.79609,0.79634,4.80,6.40
2008.03.03 09:27:49.141,0.7961,0.79635,2.40,2.40
2008.03.03 09:27:49.177,0.7963,0.7965,0.50,4.00
2008.03.03 09:27:49.395,0.7963,0.7965,0.50,4.00
2008.03.03 09:27:49.459,0.79609,0.79634,0.30,4.00
2008.03.03 09:27:49.710,0.7963,0.7965,0.50,4.00
2008.03.03 09:27:49.783,0.79609,0.79634,0.30,0.20
2008.03.03 09:27:49.944,0.7963,0.7965,0.50,4.00
2008.03.03 09:27:50.130,0.79612,0.79637,0.30,0.20
2008.03.03 09:27:50.386,0.7963,0.7965,0.50,4.00
2008.03.03 09:27:50.454,0.79612,0.79637,9.90,2.50
2008.03.03 09:27:50.720,0.7963,0.7965,0.50,4.00
2008.03.03 09:27:50.784,0.79611,0.79636,2.40,0.50
2008.03.03 09:27:51.105,0.79607,0.79632,0.30,4.00
2008.03.03 09:27:51.146,0.7963,0.7965,0.50,4.00
2008.03.03 09:27:51.371,0.7963,0.7965,0.50,4.00
2008.03.03 09:27:51.546,0.79605,0.7963,0.30,2.40
2008.03.03 09:27:51.587,0.7963,0.7965,0.50,4.00
2008.03.03 09:27:51.813,0.7963,0.7965,0.50,4.00
2008.03.03 09:27:51.885,0.79607,0.79632,4.00,0.20
2008.03.03 09:27:52.042,0.7963,0.7965,0.50,4.00
2008.03.03 09:27:52.297,0.7961,0.79635,0.30,0.40
2008.03.03 09:27:52.422,0.79612,0.79637,0.60,0.40
2008.03.03 09:27:52.464,0.7963,0.7965,0.50,4.00
2008.03.03 09:27:52.532,0.79612,0.79637,0.30,2.40
2008.03.03 09:27:52.641,0.7961,0.79635,0.40,0.20
2008.03.03 09:27:52.756,0.79608,0.79633,0.30,4.00
2008.03.03 09:27:52.794,0.7963,0.7966,0.10,4.10
2008.03.03 09:27:52.860,0.79608,0.79633,0.30,0.20
2008.03.03 09:27:52.979,0.7961,0.79635,4.00,2.40
2008.03.03 09:27:53.062,0.79611,0.79636,4.00,0.20
2008.03.03 09:27:53.123,0.7963,0.7966,0.40,4.10
2008.03.03 09:27:53.193,0.79611,0.79636,0.30,0.20
2008.03.03 09:27:53.309,0.79608,0.79633,0.30,0.20
2008.03.03 09:27:53.459,0.7963,0.7966,0.40,4.10
2008.03.03 09:27:53.788,0.7963,0.7966,0.40,4.10
2008.03.03 09:27:54.128,0.7963,0.7966,0.40,4.10
2008.03.03 09:27:54.443,0.7963,0.7966,0.40,4.10
2008.03.03 09:27:54.708,0.7963,0.7965,0.10,4.00
2008.03.03 09:27:54.907,0.79606,0.79636,0.30,0.20
2008.03.03 09:27:54.972,0.7963,0.7965,0.10,4.00
2008.03.03 09:27:55.191,0.79609,0.79634,0.30,0.20
2008.03.03 09:27:55.326,0.7963,0.7965,0.10,4.00
2008.03.03 09:27:55.551,0.79609,0.79634,0.70,4.00
2008.03.03 09:27:55.764,0.7963,0.7965,0.10,4.00
2008.03.03 09:27:55.877,0.79608,0.79633,4.00,0.20
2008.03.03 09:27:56.099,0.7963,0.7965,0.10,4.00
2008.03.03 09:27:56.187,0.79607,0.79632,2.40,2.40
2008.03.03 09:27:56.438,0.7963,0.7965,0.10,4.00
2008.03.03 09:27:56.495,0.79604,0.79634,4.00,0.80
2008.03.03 09:27:56.724,0.79606,0.79636,3.20,2.50
2008.03.03 09:27:56.776,0.7963,0.7965,0.10,4.00
2008.03.03 09:27:56.943,0.79606,0.79636,0.30,0.20
2008.03.03 09:27:57.086,0.7963,0.7965,0.10,4.00
2008.03.03 09:27:57.269,0.79607,0.79637,0.30,0.20
2008.03.03 09:27:57.327,0.7963,0.7965,0.10,4.00
2008.03.03 09:27:57.702,0.79608,0.79638,0.30,0.20
2008.03.03 09:27:57.761,0.7963,0.7965,0.10,4.00
2008.03.03 09:27:58.141,0.79607,0.79637,0.30,0.20
2008.03.03 09:27:58.198,0.7963,0.7965,0.10,4.00
2008.03.03 09:27:58.518,0.7963,0.7965,0.10,4.00
2008.03.03 09:27:58.591,0.79607,0.79637,2.40,0.20
2008.03.03 09:27:58.743,0.7963,0.7965,0.10,4.00
2008.03.03 09:27:58.962,0.7963,0.7965,0.10,4.00
2008.03.03 09:27:59.034,0.79608,0.79638,0.30,0.20
2008.03.03 09:27:59.297,0.7963,0.7965,0.10,4.00
2008.03.03 09:27:59.458,0.7961,0.7964,0.30,4.00
2008.03.03 09:27:59.632,0.7963,0.7965,0.10,4.00
2008.03.03 09:27:59.687,0.79612,0.79642,0.30,0.20
2008.03.03 09:28:00.058,0.7963,0.7965,0.10,4.00
2008.03.03 09:28:00.133,0.79617,0.79643,4.00,0.20
2008.03.03 09:28:00.467,0.79618,0.79643,0.50,0.20
2008.03.03 09:28:00.515,0.7963,0.7965,0.10,4.00
2008.03.03 09:28:00.796,0.79617,0.79642,0.30,4.00
2008.03.03 09:28:00.936,0.7963,0.7965,0.10,4.00
2008.03.03 09:28:01.015,0.79619,0.79644,2.40,2.40
2008.03.03 09:28:01.236,0.79622,0.79647,4.00,0.20
2008.03.03 09:28:01.388,0.7963,0.7965,0.10,4.00
2008.03.03 09:28:01.561,0.79623,0.79648,1.80,0.20
2008.03.03 09:28:01.594,0.7963,0.7965,0.10,4.00
2008.03.03 09:28:01.813,0.7963,0.7965,0.10,4.00
2008.03.03 09:28:02.002,0.79624,0.79649,0.30,4.00
2008.03.03 09:28:02.038,0.7963,0.7965,0.10,4.00
2008.03.03 09:28:02.247,0.7963,0.7965,0.10,4.00
2008.03.03 09:28:02.341,0.79624,0.79649,0.30,8.00
2008.03.03 09:28:02.505,0.7963,0.7965,0.10,4.00
2008.03.03 09:28:02.782,0.79621,0.79646,8.00,0.20
2008.03.03 09:28:02.952,0.7963,0.7965,0.10,4.00
2008.03.03 09:28:03.115,0.79618,0.79643,0.30,0.20
2008.03.03 09:28:03.358,0.7963,0.7965,0.10,4.00
2008.03.03 09:28:03.541,0.79616,0.79641,2.40,2.40
2008.03.03 09:28:03.686,0.7963,0.7965,0.10,4.00
2008.03.03 09:28:03.883,0.79614,0.79639,2.80,2.50
2008.03.03 09:28:04.027,0.7963,0.7965,0.10,4.00
2008.03.03 09:28:04.209,0.79611,0.79636,8.00,0.20
2008.03.03 09:28:04.351,0.7963,0.7965,0.10,4.00
2008.03.03 09:28:04.528,0.79611,0.79636,0.30,4.00
2008.03.03 09:28:04.793,0.79613,0.79638,0.30,0.20
2008.03.03 09:28:05.107,0.79616,0.79641,2.60,1.70
2008.03.03 09:28:05.420,0.79617,0.79642,0.30,0.20
2008.03.03 09:28:05.839,0.79619,0.79644,0.70,0.20
2008.03.03 09:28:06.178,0.79619,0.79644,4.00,0.20
2008.03.03 09:28:06.411,0.79621,0.79646,0.30,0.20
2008.03.03 09:28:06.728,0.7963,0.7965,0.10,4.00
2008.03.03 09:28:06.737,0.79619,0.79644,4.00,0.20
2008.03.03 09:28:07.111,0.7963,0.7965,0.10,4.00
2008.03.03 09:28:07.166,0.79619,0.79644,0.30,0.20
2008.03.03 09:28:07.217,0.7963,0.7965,0.10,4.00
2008.03.03 09:28:07.365,0.7963,0.7965,0.10,4.00
2008.03.03 09:28:07.450,0.7963,0.7965,0.10,4.00
2008.03.03 09:28:07.515,0.79621,0.79646,0.30,2.40
2008.03.03 09:28:07.554,0.7963,0.7965,0.10,4.00
2008.03.03 09:28:07.701,0.7963,0.7965,0.10,4.00
2008.03.03 09:28:07.774,0.7963,0.7965,0.10,4.00
2008.03.03 09:28:07.946,0.79621,0.79646,0.30,0.20
2008.03.03 09:28:08.185,0.7963,0.7965,0.10,4.00
2008.03.03 09:28:08.267,0.79619,0.79644,8.00,1.70
2008.03.03 09:28:08.534,0.7963,0.7965,0.10,4.00
2008.03.03 09:28:08.603,0.79619,0.79644,4.00,0.90
2008.03.03 09:28:08.955,0.79622,0.79647,2.80,0.70
2008.03.03 09:28:09.188,0.7963,0.7965,0.10,4.00
2008.03.03 09:28:09.246,0.79624,0.79649,4.00,0.20
2008.03.03 09:28:09.532,0.7963,0.7965,0.10,4.00
2008.03.03 09:28:09.595,0.79625,0.7965,0.30,4.00
2008.03.03 09:28:09.852,0.7963,0.7965,0.10,4.00
2008.03.03 09:28:09.924,0.79624,0.79649,2.40,2.40
2008.03.03 09:28:10.260,0.79623,0.79648,0.30,0.80
2008.03.03 09:28:10.291,0.7963,0.7965,0.10,4.00
2008.03.03 09:28:10.597,0.79622,0.79647,4.00,0.40
2008.03.03 09:28:10.724,0.7963,0.7965,0.10,4.00
2008.03.03 09:28:10.911,0.79623,0.79648,0.30,0.20
2008.03.03 09:28:11.131,0.79623,0.79648,0.30,0.20
2008.03.03 09:28:11.172,0.7963,0.7965,0.10,4.00
2008.03.03 09:28:11.350,0.79623,0.79648,4.20,0.50
2008.03.03 09:28:11.497,0.7963,0.7965,0.10,4.00
2008.03.03 09:28:11.683,0.79624,0.79649,0.30,0.20
2008.03.03 09:28:11.714,0.7963,0.7965,0.10,4.00
2008.03.03 09:28:11.940,0.7963,0.7965,0.10,4.00
2008.03.03 09:28:12.011,0.79625,0.7965,0.30,0.20
2008.03.03 09:28:12.384,0.7963,0.7965,0.10,4.00
2008.03.03 09:28:12.435,0.79626,0.79651,0.30,0.20
2008.03.03 09:28:12.848,0.7963,0.7965,0.10,4.00
2008.03.03 09:28:12.895,0.79625,0.7965,0.60,0.20
2008.03.03 09:28:13.215,0.79624,0.79649,0.30,0.20
2008.03.03 09:28:13.244,0.7963,0.7965,0.10,4.00
2008.03.03 09:28:13.545,0.79622,0.79647,0.30,0.20
2008.03.03 09:28:13.589,0.7963,0.7965,0.10,4.00
2008.03.03 09:28:13.879,0.79622,0.79647,4.00,0.20
2008.03.03 09:28:13.911,0.7963,0.7965,0.10,4.00
2008.03.03 09:28:14.213,0.79621,0.79646,4.00,0.20
2008.03.03 09:28:14.249,0.7963,0.7965,0.10,4.00
2008.03.03 09:28:14.543,0.79622,0.79647,0.30,0.50
2008.03.03 09:28:14.661,0.7963,0.7965,0.10,4.00
2008.03.03 09:28:14.874,0.79624,0.79649,0.30,0.20
2008.03.03 09:28:15.019,0.7963,0.7965,0.10,4.00
2008.03.03 09:28:15.195,0.79624,0.79649,0.30,0.20
2008.03.03 09:28:15.452,0.7963,0.7965,0.10,4.00
2008.03.03 09:28:15.509,0.79623,0.79648,4.00,2.50
2008.03.03 09:28:15.787,0.7962,0.7965,0.30,4.00
2008.03.03 09:28:15.844,0.79624,0.79649,0.60,4.00
2008.03.03 09:28:16.176,0.79625,0.7965,2.40,2.40
2008.03.03 09:28:16.220,0.7962,0.7965,0.30,4.00
2008.03.03 09:28:16.449,0.7962,0.7965,0.30,4.00
2008.03.03 09:28:16.519,0.79627,0.79652,0.30,0.20
2008.03.03 09:28:16.668,0.7962,0.7965,0.30,4.00
2008.03.03 09:28:16.847,0.79626,0.79651,2.40,2.40
2008.03.03 09:28:16.884,0.7962,0.7965,0.30,4.00
2008.03.03 09:28:17.120,0.7962,0.7965,0.30,4.00
2008.03.03 09:28:17.288,0.79622,0.79647,0.30,0.20
2008.03.03 09:28:17.455,0.7962,0.7965,0.30,4.00
2008.03.03 09:28:17.623,0.79618,0.79643,0.30,0.20
2008.03.03 09:28:17.772,0.7962,0.7965,0.30,4.00
2008.03.03 09:28:17.958,0.79617,0.79642,4.00,0.40
2008.03.03 09:28:18.087,0.7962,0.7965,0.30,4.00
2008.03.03 09:28:18.282,0.79617,0.79642,4.00,0.20
2008.03.03 09:28:18.416,0.7962,0.7965,0.30,4.00
2008.03.03 09:28:18.714,0.79618,0.79643,0.60,8.00
2008.03.03 09:28:18.750,0.7962,0.7965,0.30,4.00
2008.03.03 09:28:19.063,0.79617,0.79642,0.30,0.20
2008.03.03 09:28:19.089,0.7962,0.7965,0.30,4.00
2008.03.03 09:28:19.283,0.79618,0.79643,0.30,0.20
2008.03.03 09:28:19.409,0.7962,0.7965,0.30,4.00
2008.03.03 09:28:19.492,0.79619,0.79644,0.30,0.80
2008.03.03 09:28:19.571,0.79619,0.79644,0.30,0.20
2008.03.03 09:28:19.712,0.79617,0.79642,0.30,2.40
2008.03.03 09:28:19.749,0.7962,0.7965,0.30,4.00
2008.03.03 09:28:20.011,0.79617,0.79642,7.20,0.20
2008.03.03 09:28:20.082,0.7962,0.7965,0.30,4.00
2008.03.03 09:28:20.261,0.79618,0.79643,0.30,0.40
2008.03.03 09:28:20.509,0.7962,0.7965,0.30,4.00
2008.03.03 09:28:20.590,0.79619,0.79644,0.30,0.20
2008.03.03 09:28:20.848,0.7962,0.7965,0.30,4.00
2008.03.03 09:28:20.922,0.79618,0.79643,0.30,4.00
2008.03.03 09:28:21.180,0.7962,0.7965,0.30,4.00
2008.03.03 09:28:21.244,0.79615,0.7964,4.00,3.60
2008.03.03 09:28:21.473,0.79612,0.79638,0.30,4.00
2008.03.03 09:28:21.494,0.7962,0.7965,0.30,4.00
2008.03.03 09:28:21.678,0.79614,0.79639,0.20,0.20
2008.03.03 09:28:21.718,0.7962,0.7965,0.30,4.00
2008.03.03 09:28:21.916,0.79617,0.79642,2.40,2.40
2008.03.03 09:28:21.937,0.7962,0.7965,0.30,4.00
2008.03.03 09:28:22.181,0.7962,0.7965,0.30,4.00
2008.03.03 09:28:22.359,0.79619,0.79644,0.30,4.00
2008.03.03 09:28:22.482,0.79625,0.7966,0.80,4.10
2008.03.03 09:28:22.786,0.79622,0.79647,4.00,0.20
2008.03.03 09:28:22.787,0.79625,0.7966,1.60,4.10
2008.03.03 09:28:23.114,0.7963,0.7966,0.30,4.10
2008.03.03 09:28:23.133,0.79624,0.79649,0.30,10.40
2008.03.03 09:28:23.377,0.7963,0.7966,0.30,4.10
2008.03.03 09:28:23.458,0.79623,0.79648,9.60,4.00
2008.03.03 09:28:23.702,0.7963,0.7966,0.30,4.10
2008.03.03 09:28:23.782,0.7962,0.79645,0.50,0.20
2008.03.03 09:28:24.040,0.7963,0.7966,0.30,4.10
2008.03.03 09:28:24.112,0.79615,0.7964,4.00,0.20
2008.03.03 09:28:24.363,0.7963,0.7966,0.30,4.10
2008.03.03 09:28:24.431,0.79614,0.79639,4.00,2.40
2008.03.03 09:28:24.675,0.7963,0.7965,0.30,4.00
2008.03.03 09:28:24.770,0.79616,0.79641,4.00,0.20
2008.03.03 09:28:24.984,0.7962,0.7965,0.30,4.00
2008.03.03 09:28:25.096,0.79617,0.79642,0.30,0.05
2008.03.03 09:28:25.293,0.7962,0.7965,0.30,4.00
2008.03.03 09:28:25.328,0.79617,0.79642,4.20,0.20
2008.03.03 09:28:25.622,0.7962,0.7965,0.30,4.00
2008.03.03 09:28:25.755,0.79616,0.79641,0.30,0.20
2008.03.03 09:28:26.019,0.7962,0.7965,0.30,4.00
2008.03.03 09:28:26.198,0.79615,0.7964,0.80,0.20
2008.03.03 09:28:26.420,0.79615,0.7964,0.50,0.20
2008.03.03 09:28:26.736,0.79616,0.79641,0.30,0.20
2008.03.03 09:28:26.961,0.79617,0.79642,0.30,0.20
2008.03.03 09:28:27.191,0.79616,0.79641,4.00,2.50
2008.03.03 09:28:27.632,0.79617,0.79642,0.60,0.20
2008.03.03 09:28:28.062,0.79618,0.79643,0.30,4.00
2008.03.03 09:28:28.395,0.79619,0.79644,0.30,0.20
2008.03.03 09:28:28.477,0.7962,0.7965,0.30,4.00
2008.03.03 09:28:28.736,0.79619,0.79644,0.50,0.20
2008.03.03 09:28:29.048,0.79621,0.79646,0.30,4.00
2008.03.03 09:28:29.297,0.79621,0.79646,0.30,4.00
2008.03.03 09:28:29.572,0.7962,0.79645,0.30,0.40
2008.03.03 09:28:29.845,0.79617,0.79642,0.30,2.40
2008.03.03 09:28:29.875,0.7962,0.7965,0.30,4.00
2008.03.03 09:28:29.946,0.7962,0.7965,0.30,4.00
2008.03.03 09:28:30.099,0.79615,0.7964,0.30,8.00
2008.03.03 09:28:30.370,0.79614,0.79639,0.30,0.20
2008.03.03 09:28:30.689,0.79616,0.79641,10.60,0.60
2008.03.03 09:28:31.019,0.79617,0.79642,0.30,4.00
2008.03.03 09:28:31.373,0.79618,0.79643,0.30,0.20
2008.03.03 09:28:31.677,0.79623,0.79648,2.40,2.40
2008.03.03 09:28:31.920,0.79624,0.79649,3.20,2.50
2008.03.03 09:28:32.243,0.79624,0.79649,0.30,0.20
2008.03.03 09:28:32.552,0.79624,0.79649,0.30,5.70
2008.03.03 09:28:32.890,0.79622,0.79647,2.60,2.50
2008.03.03 09:28:33.224,0.79623,0.79648,0.60,0.20
2008.03.03 09:28:33.673,0.79624,0.79649,9.20,0.20
2008.03.03 09:28:34.008,0.79622,0.79647,0.30,0.20
2008.03.03 09:28:34.447,0.7962,0.79645,0.30,0.20
2008.03.03 09:28:34.782,0.79616,0.79641,4.00,0.20
2008.03.03 09:28:34.996,0.79614,0.79639,8.00,0.20
2008.03.03 09:28:35.222,0.79612,0.79637,6.40,0.20
2008.03.03 09:28:35.669,0.79615,0.7964,2.40,2.40
2008.03.03 09:28:36.093,0.79617,0.79642,4.00,0.20
2008.03.03 09:28:36.435,0.79619,0.79644,9.60,0.20
2008.03.03 09:28:36.659,0.7962,0.79645,2.40,2.40
2008.03.03 09:28:36.870,0.7962,0.79645,4.20,0.20
2008.03.03 09:28:37.132,0.79621,0.79646,2.60,2.40
2008.03.03 09:28:37.340,0.79621,0.79646,0.60,0.20
2008.03.03 09:28:37.550,0.79619,0.79644,0.30,0.40
2008.03.03 09:28:37.892,0.79617,0.79642,0.30,0.20
2008.03.03 09:28:38.227,0.79613,0.79643,1.80,2.50
2008.03.03 09:28:38.562,0.79615,0.79645,9.60,0.20
2008.03.03 09:28:38.835,0.79617,0.79647,2.80,0.50
2008.03.03 09:28:39.155,0.79619,0.79649,0.50,0.40
2008.03.03 09:28:39.504,0.7962,0.7965,2.40,0.20
2008.03.03 09:28:39.844,0.7962,0.7965,0.30,4.90
2008.03.03 09:28:40.179,0.79621,0.79651,0.30,0.20
2008.03.03 09:28:40.502,0.79623,0.79653,0.30,0.20
2008.03.03 09:28:40.825,0.79622,0.79652,4.00,0.20
2008.03.03 09:28:41.151,0.79622,0.79652,0.30,0.20
2008.03.03 09:28:41.484,0.7962,0.7965,0.60,2.40
2008.03.03 09:28:41.927,0.79619,0.79649,0.30,0.20
2008.03.03 09:28:42.359,0.79619,0.79649,9.80,4.10
2008.03.03 09:28:42.699,0.79617,0.79647,0.30,4.00
2008.03.03 09:28:43.019,0.79616,0.79646,2.60,9.60
2008.03.03 09:28:43.256,0.79615,0.79645,0.30,0.20
2008.03.03 09:28:43.569,0.79616,0.79646,0.30,0.20
2008.03.03 09:28:43.915,0.79617,0.79647,8.20,0.20
2008.03.03 09:28:44.249,0.79617,0.79647,0.50,0.60
2008.03.03 09:28:44.585,0.79616,0.79646,0.30,4.00
2008.03.03 09:28:44.895,0.79615,0.79645,0.30,0.20
2008.03.03 09:28:45.243,0.79616,0.79646,12.00,2.50
2008.03.03 09:28:45.551,0.79617,0.79647,0.30,4.00
2008.03.03 09:28:45.887,0.79617,0.79647,0.30,0.20
2008.03.03 09:28:46.201,0.79617,0.79647,0.30,0.40
2008.03.03 09:28:46.437,0.79616,0.79646,0.30,0.20
2008.03.03 09:28:46.744,0.79617,0.79647,2.40,0.20
2008.03.03 09:28:47.085,0.79619,0.79649,0.30,4.00
2008.03.03 09:28:47.422,0.79617,0.79647,0.30,4.00
2008.03.03 09:28:47.755,0.79614,0.79644,2.80,2.40
2008.03.03 09:28:47.870,0.79613,0.79643,0.30,4.00
2008.03.03 09:28:47.981,0.79613,0.79643,0.30,4.00
2008.03.03 09:28:48.073,0.79614,0.79644,0.30,0.20
2008.03.03 09:28:48.197,0.79616,0.79646,2.40,2.40
2008.03.03 09:28:48.310,0.79616,0.79646,0.30,0.20
2008.03.03 09:28:48.399,0.79616,0.79646,4.00,0.20
2008.03.03 09:28:48.569,0.79616,0.79646,4.00,0.20
2008.03.03 09:28:48.638,0.79614,0.79644,0.30,0.40
2008.03.03 09:28:48.713,0.79614,0.79639,0.30,0.20
2008.03.03 09:28:48.789,0.79612,0.79637,0.30,0.20
2008.03.03 09:28:51.076,0.79611,0.79636,0.30,0.20
2008.03.03 09:28:51.384,0.7961,0.79635,0.30,4.00
2008.03.03 09:28:51.605,0.79612,0.79637,4.00,0.50
2008.03.03 09:28:51.831,0.79613,0.79638,0.60,0.20
2008.03.03 09:28:52.053,0.79616,0.79641,0.30,0.80
2008.03.03 09:28:52.272,0.79618,0.79643,0.30,0.20
2008.03.03 09:28:52.699,0.79621,0.79646,0.30,0.20
2008.03.03 09:28:53.121,0.79623,0.79648,4.00,0.40
2008.03.03 09:28:53.459,0.79624,0.79649,2.40,0.20
2008.03.03 09:28:53.817,0.79622,0.79647,2.60,2.50
2008.03.03 09:28:54.134,0.79622,0.79647,0.30,0.20
2008.03.03 09:28:54.464,0.79622,0.79647,0.30,0.20
2008.03.03 09:28:54.902,0.79621,0.79646,0.30,0.20
2008.03.03 09:28:55.234,0.79619,0.79644,0.30,3.80
2008.03.03 09:28:55.614,0.7962,0.79645,0.20,0.20
2008.03.03 09:28:56.755,0.79613,0.79653,0.30,0.20
2008.03.03 09:28:56.857,0.79613,0.79653,0.30,0.08
2008.03.03 09:28:56.943,0.79613,0.79653,0.30,0.20
2008.03.03 09:28:57.060,0.79613,0.79653,0.30,0.20
2008.03.03 09:28:57.144,0.79611,0.79651,0.20,0.40
2008.03.03 09:28:57.188,0.7961,0.7965,0.30,4.00
2008.03.03 09:28:57.251,0.79611,0.79651,2.00,4.00
2008.03.03 09:28:57.381,0.79612,0.79652,0.30,0.20
2008.03.03 09:28:58.148,0.7964,0.7967,0.30,0.20
2008.03.03 09:28:59.188,0.79616,0.79656,0.30,0.20
2008.03.03 09:28:59.511,0.79618,0.79658,4.20,0.50
2008.03.03 09:29:00.098,0.79616,0.79662,4.00,0.20
2008.03.03 09:29:00.405,0.79616,0.79661,2.40,0.20
2008.03.03 09:29:00.709,0.79622,0.79657,0.30,2.40
2008.03.03 09:29:01.032,0.7962,0.7966,2.80,2.40
2008.03.03 09:29:01.363,0.79621,0.79661,0.30,0.20
2008.03.03 09:29:01.600,0.7962,0.7966,2.40,0.20
2008.03.03 09:29:01.910,0.79622,0.79662,0.30,4.00
2008.03.03 09:29:02.243,0.79624,0.79664,0.60,0.40
2008.03.03 09:29:02.586,0.79625,0.79665,0.30,0.20
2008.03.03 09:29:02.921,0.79624,0.79664,0.60,0.20
2008.03.03 09:29:03.173,0.7964,0.7967,0.30,0.20
2008.03.03 09:29:03.243,0.79624,0.79664,2.00,0.20
2008.03.03 09:29:03.647,0.79624,0.79664,0.30,0.20
2008.03.03 09:29:03.923,0.79623,0.79663,8.00,0.20
2008.03.03 09:29:04.216,0.79623,0.79663,0.30,2.40
2008.03.03 09:29:04.560,0.79622,0.79662,4.00,0.20
2008.03.03 09:29:04.890,0.79624,0.79664,8.00,0.20
2008.03.03 09:29:04.992,0.7964,0.7967,0.30,0.20
2008.03.03 09:29:05.061,0.7964,0.7967,0.30,0.20
2008.03.03 09:29:05.167,0.7964,0.7967,0.30,0.20
2008.03.03 09:29:05.231,0.79622,0.79662,1.80,5.60
2008.03.03 09:29:05.286,0.7964,0.7967,0.30,0.20
2008.03.03 09:29:05.388,0.7964,0.7967,0.30,0.20
2008.03.03 09:29:05.500,0.7964,0.7967,0.30,0.20
2008.03.03 09:29:05.543,0.79623,0.79663,0.30,0.20
2008.03.03 09:29:05.603,0.7964,0.7967,0.30,0.20
2008.03.03 09:29:05.726,0.7964,0.7967,0.30,0.20
2008.03.03 09:29:05.818,0.7964,0.7967,0.30,0.20
2008.03.03 09:29:05.883,0.79622,0.79662,2.40,0.60
2008.03.03 09:29:05.972,0.7964,0.7967,0.30,0.20
2008.03.03 09:29:06.067,0.7964,0.7967,0.30,0.20
2008.03.03 09:29:06.199,0.7962,0.7966,6.40,4.00
2008.03.03 09:29:06.473,0.7964,0.7967,0.30,0.20
2008.03.03 09:29:06.523,0.7962,0.7966,4.00,0.20
2008.03.03 09:29:06.861,0.79619,0.79659,5.20,4.00
2008.03.03 09:29:06.922,0.7964,0.7967,0.30,0.20
2008.03.03 09:29:07.258,0.7964,0.7967,0.30,0.20
2008.03.03 09:29:07.301,0.7962,0.7966,0.30,0.40
2008.03.03 09:29:07.485,0.7964,0.7967,0.30,0.20
2008.03.03 09:29:07.704,0.7964,0.7967,0.30,0.20
2008.03.03 09:29:07.739,0.7962,0.7966,9.60,2.40
2008.03.03 09:29:08.016,0.7964,0.7967,0.30,0.20
2008.03.03 09:29:08.075,0.79621,0.79661,0.30,0.20
2008.03.03 09:29:08.248,0.7964,0.7967,0.30,0.20
2008.03.03 09:29:08.414,0.79623,0.79663,1.00,0.20
2008.03.03 09:29:08.535,0.79622,0.79667,2.60,2.50
2008.03.03 09:29:08.688,0.7964,0.7967,0.30,0.20
2008.03.03 09:29:08.742,0.79624,0.79664,0.30,2.50
2008.03.03 09:29:09.074,0.79622,0.79662,0.30,4.00
2008.03.03 09:29:09.131,0.7964,0.7967,0.30,0.20
2008.03.03 09:29:09.340,0.7964,0.7967,0.60,0.20
2008.03.03 09:29:09.388,0.79623,0.79663,2.40,2.40
2008.03.03 09:29:09.570,0.7964,0.7967,0.60,0.20
2008.03.03 09:29:09.732,0.79623,0.79663,4.00,0.40
2008.03.03 09:29:09.794,0.7964,0.7967,0.60,0.20
2008.03.03 09:29:10.053,0.79622,0.79662,0.80,0.20
2008.03.03 09:29:10.121,0.7964,0.7967,0.60,0.20
2008.03.03 09:29:10.499,0.7962,0.7966,0.30,0.40
2008.03.03 09:29:10.551,0.7964,0.7967,0.60,0.20
2008.03.03 09:29:10.888,0.7964,0.7967,0.60,0.20
2008.03.03 09:29:10.929,0.7962,0.7966,1.00,4.00
2008.03.03 09:29:11.270,0.7962,0.7966,2.40,2.40
2008.03.03 09:29:11.315,0.7964,0.7967,0.60,0.20
2008.03.03 09:29:11.498,0.79621,0.79661,0.70,4.00
2008.03.03 09:29:11.640,0.7964,0.7967,0.60,0.20
2008.03.03 09:29:11.715,0.79624,0.79664,4.00,0.40
2008.03.03 09:29:11.972,0.7964,0.7967,0.60,0.20
2008.03.03 09:29:12.020,0.79624,0.79664,8.00,1.70
2008.03.03 09:29:12.209,0.7964,0.7967,0.60,0.20
2008.03.03 09:29:12.254,0.79624,0.79664,0.30,0.20
2008.03.03 09:29:12.508,0.7964,0.79665,0.60,0.20
2008.03.03 09:29:12.690,0.79622,0.79662,4.00,0.20
2008.03.03 09:29:12.864,0.7964,0.79665,0.60,0.20
2008.03.03 09:29:13.131,0.79624,0.79664,0.30,0.20
2008.03.03 09:29:13.181,0.7964,0.79665,0.60,0.20
2008.03.03 09:29:13.449,0.7964,0.79665,0.60,0.20
2008.03.03 09:29:13.457,0.79623,0.79663,4.40,5.60
2008.03.03 09:29:13.737,0.7964,0.79665,0.60,0.20
2008.03.03 09:29:13.792,0.79622,0.79662,0.30,9.60
2008.03.03 09:29:14.005,0.7964,0.79665,0.60,0.20
2008.03.03 09:29:14.135,0.79625,0.79665,4.00,0.80
2008.03.03 09:29:14.274,0.7964,0.79665,0.60,0.20
2008.03.03 09:29:14.461,0.79625,0.79665,8.00,2.40
2008.03.03 09:29:14.548,0.7964,0.79665,0.60,0.20
2008.03.03 09:29:14.783,0.79624,0.79664,0.30,0.20
2008.03.03 09:29:14.821,0.7964,0.79665,0.60,0.20
2008.03.03 09:29:15.096,0.7964,0.79665,0.30,0.20
2008.03.03 09:29:15.110,0.79623,0.79663,0.30,4.00
2008.03.03 09:29:15.386,0.7964,0.79665,0.30,0.20
2008.03.03 09:29:15.455,0.79623,0.79663,9.60,2.50
2008.03.03 09:29:15.774,0.79623,0.79663,0.30,0.20
2008.03.03 09:29:15.828,0.7964,0.79665,0.30,0.20
2008.03.03 09:29:16.112,0.79622,0.79662,9.80,8.10
2008.03.03 09:29:16.162,0.7964,0.79665,0.30,0.20
2008.03.03 09:29:16.432,0.79621,0.79661,0.30,0.20
2008.03.03 09:29:16.496,0.7964,0.79665,0.30,0.20
2008.03.03 09:29:16.694,0.7964,0.79665,0.30,0.20
2008.03.03 09:29:16.765,0.7962,0.7966,0.30,0.20
2008.03.03 09:29:16.908,0.7964,0.79665,0.30,0.20
2008.03.03 09:29:17.105,0.79622,0.79662,0.30,0.20
2008.03.03 09:29:17.107,0.7964,0.79665,0.30,0.20
2008.03.03 09:29:17.388,0.7964,0.79665,0.30,0.20
2008.03.03 09:29:17.536,0.79624,0.79664,4.00,0.40
2008.03.03 09:29:17.753,0.7964,0.79665,0.30,0.20
2008.03.03 09:29:17.974,0.79626,0.79666,2.40,0.40
2008.03.03 09:29:18.134,0.7964,0.79665,0.30,0.20
2008.03.03 09:29:18.412,0.79626,0.79666,5.60,8.10
2008.03.03 09:29:18.467,0.7964,0.79665,0.30,0.20
2008.03.03 09:29:18.690,0.7964,0.79665,0.30,0.20
2008.03.03 09:29:18.812,0.79624,0.79664,4.00,0.20
2008.03.03 09:29:18.914,0.7964,0.79665,0.30,0.20
2008.03.03 09:29:19.136,0.7964,0.79665,0.30,0.20
2008.03.03 09:29:19.166,0.79623,0.79663,0.60,4.00
2008.03.03 09:29:19.354,0.7964,0.79665,0.30,0.20
2008.03.03 09:29:19.509,0.79621,0.79661,0.60,0.20
2008.03.03 09:29:19.667,0.7964,0.79665,0.30,0.20
2008.03.03 09:29:19.845,0.79621,0.79661,0.90,0.40
2008.03.03 09:29:19.981,0.7964,0.79665,0.30,0.20
2008.03.03 09:29:20.167,0.79624,0.79664,0.30,0.20
2008.03.03 09:29:20.295,0.79635,0.7966,0.80,0.40
2008.03.03 09:29:20.505,0.79626,0.79666,2.60,8.10
2008.03.03 09:29:20.671,0.79635,0.7966,0.80,0.40
2008.03.03 09:29:20.943,0.79626,0.79666,2.60,8.10
2008.03.03 09:29:21.004,0.79635,0.7966,0.80,0.40
2008.03.03 09:29:21.359,0.7964,0.7966,0.30,0.20
2008.03.03 09:29:21.375,0.79626,0.79666,0.60,0.40
2008.03.03 09:29:21.576,0.7964,0.7967,0.30,4.10
2008.03.03 09:29:21.701,0.79626,0.79666,0.30,0.20
2008.03.03 09:29:21.794,0.7964,0.7967,0.30,4.10
2008.03.03 09:29:21.940,0.79625,0.79665,11.20,2.40
2008.03.03 09:29:22.099,0.7964,0.7967,0.30,4.10
2008.03.03 09:29:22.254,0.79624,0.79664,0.30,0.20
2008.03.03 09:29:22.313,0.7964,0.7967,0.30,4.10
2008.03.03 09:29:22.596,0.79623,0.79663,0.30,0.40
2008.03.03 09:29:22.616,0.7964,0.7966,0.30,4.00
2008.03.03 09:29:22.921,0.7964,0.7966,0.30,4.10
2008.03.03 09:29:23.032,0.79623,0.79663,0.30,0.20
2008.03.03 09:29:23.230,0.7965,0.7966,0.10,4.10
2008.03.03 09:29:23.459,0.79624,0.79664,8.00,2.40
2008.03.03 09:29:23.533,0.7964,0.7966,0.30,4.10
2008.03.03 09:29:23.693,0.79624,0.79664,0.30,4.00
2008.03.03 09:29:23.763,0.7965,0.7966,0.10,4.10
2008.03.03 09:29:23.991,0.7965,0.7966,0.10,4.00
2008.03.03 09:29:24.012,0.79624,0.79664,4.00,0.20
2008.03.03 09:29:24.221,0.7964,0.7966,0.30,4.00
2008.03.03 09:29:24.351,0.79624,0.79664,2.60,2.50
2008.03.03 09:29:24.450,0.7964,0.7966,0.30,4.00
2008.03.03 09:29:24.678,0.79624,0.79664,0.30,0.20
2008.03.03 09:29:24.765,0.7964,0.7966,0.30,4.00
2008.03.03 09:29:25.008,0.79623,0.79663,0.30,2.50
2008.03.03 09:29:25.078,0.7964,0.7966,0.30,4.00
2008.03.03 09:29:25.334,0.79621,0.79661,2.60,0.20
2008.03.03 09:29:25.392,0.7964,0.7966,0.30,4.00
2008.03.03 09:29:25.659,0.79621,0.79661,4.00,0.20
2008.03.03 09:29:25.726,0.7964,0.7966,0.30,4.00
2008.03.03 09:29:25.976,0.79621,0.79661,0.30,0.40
2008.03.03 09:29:26.157,0.7964,0.7966,0.30,4.00
2008.03.03 09:29:26.336,0.79622,0.79662,0.30,0.20
2008.03.03 09:29:26.490,0.7964,0.7967,0.30,4.10
2008.03.03 09:29:26.662,0.79623,0.79663,0.30,0.20
2008.03.03 09:29:26.700,0.7964,0.7967,0.30,4.10
2008.03.03 09:29:26.909,0.7964,0.7967,0.30,4.10
2008.03.03 09:29:26.991,0.79624,0.79664,0.30,0.20
2008.03.03 09:29:27.154,0.7964,0.7967,0.30,4.10
2008.03.03 09:29:27.330,0.79624,0.79664,2.40,2.40
2008.03.03 09:29:27.362,0.7964,0.7967,0.30,4.10
2008.03.03 09:29:27.619,0.7964,0.7967,0.30,4.10
2008.03.03 09:29:27.650,0.79622,0.79662,4.80,0.20
2008.03.03 09:29:28.028,0.7964,0.7967,0.30,4.10
2008.03.03 09:29:28.073,0.79623,0.79663,8.00,0.20
2008.03.03 09:29:28.360,0.7964,0.7967,0.30,4.10
2008.03.03 09:29:28.395,0.79624,0.79664,0.30,4.00
2008.03.03 09:29:28.712,0.7964,0.7967,0.30,4.10
2008.03.03 09:29:28.753,0.79623,0.79663,4.00,0.20
2008.03.03 09:29:29.021,0.7964,0.7967,0.30,4.10
2008.03.03 09:29:29.089,0.79624,0.79664,2.00,2.50
2008.03.03 09:29:29.259,0.7964,0.7967,0.30,4.10
2008.03.03 09:29:29.408,0.79624,0.79664,0.30,0.20
2008.03.03 09:29:29.578,0.7964,0.7967,0.30,4.10
2008.03.03 09:29:29.732,0.79623,0.79663,0.30,2.50
2008.03.03 09:29:30.023,0.7964,0.7967,0.30,4.10
2008.03.03 09:29:30.062,0.79621,0.79661,0.30,0.20
2008.03.03 09:29:30.372,0.7964,0.7967,0.30,4.10
2008.03.03 09:29:30.383,0.79621,0.79661,0.20,0.20
2008.03.03 09:29:30.612,0.79622,0.79662,0.30,4.00
2008.03.03 09:29:30.787,0.7964,0.7967,0.30,4.10
2008.03.03 09:29:31.072,0.79623,0.79663,8.00,0.20
2008.03.03 09:29:31.128,0.7964,0.7967,0.30,4.10
2008.03.03 09:29:31.462,0.7964,0.7967,0.30,4.10
2008.03.03 09:29:31.507,0.79621,0.79661,4.00,0.20
2008.03.03 09:29:31.827,0.79621,0.79661,2.40,2.40
2008.03.03 09:29:31.896,0.7964,0.7967,0.30,4.10
2008.03.03 09:29:32.158,0.79621,0.79661,4.00,0.20
2008.03.03 09:29:32.231,0.7964,0.7967,0.30,4.10
2008.03.03 09:29:32.485,0.79622,0.79662,4.00,0.20
2008.03.03 09:29:32.578,0.7964,0.7967,0.30,4.10
2008.03.03 09:29:32.893,0.7964,0.7967,0.30,4.10
2008.03.03 09:29:32.923,0.79623,0.79663,9.90,2.50
2008.03.03 09:29:33.212,0.7964,0.7967,0.30,4.10
2008.03.03 09:29:33.271,0.79621,0.79661,4.00,0.20
2008.03.03 09:29:33.537,0.7965,0.7967,0.10,4.10
2008.03.03 09:29:33.679,0.79621,0.79661,0.30,0.20
2008.03.03 09:29:33.810,0.7964,0.7967,0.30,4.10
2008.03.03 09:29:34.033,0.7962,0.7966,2.80,2.50
2008.03.03 09:29:34.100,0.7964,0.7967,0.30,4.10
2008.03.03 09:29:34.352,0.79622,0.79662,0.30,0.20
2008.03.03 09:29:34.379,0.7964,0.7967,0.30,4.10
2008.03.03 09:29:34.658,0.7964,0.7967,0.30,4.10
2008.03.03 09:29:34.698,0.79624,0.79664,0.30,0.20
2008.03.03 09:29:34.996,0.7964,0.7967,0.30,4.10
2008.03.03 09:29:35.018,0.79625,0.79665,0.30,2.50
2008.03.03 09:29:35.307,0.7964,0.7967,0.30,4.10
2008.03.03 09:29:35.342,0.79624,0.79664,0.20,0.80
2008.03.03 09:29:35.633,0.7964,0.7967,0.30,4.10
2008.03.03 09:29:35.688,0.79622,0.79662,0.30,0.20
2008.03.03 09:29:35.911,0.79622,0.79662,4.80,0.20
2008.03.03 09:29:36.075,0.7964,0.7967,0.30,4.10
2008.03.03 09:29:36.229,0.79622,0.79662,4.00,0.20
2008.03.03 09:29:36.409,0.7964,0.7967,0.30,4.10
2008.03.03 09:29:36.454,0.79621,0.79661,4.00,0.20
2008.03.03 09:29:36.773,0.79621,0.79661,0.30,0.20
2008.03.03 09:29:36.850,0.7964,0.7967,0.30,4.10
2008.03.03 09:29:37.073,0.7964,0.7967,0.30,4.10
2008.03.03 09:29:37.112,0.79623,0.79663,0.30,0.20
2008.03.03 09:29:37.391,0.7964,0.7967,0.30,4.10
2008.03.03 09:29:37.551,0.79624,0.79664,0.30,0.20
2008.03.03 09:29:37.729,0.7964,0.7967,0.30,4.10
2008.03.03 09:29:37.880,0.79624,0.79664,2.60,0.30
2008.03.03 09:29:38.055,0.7964,0.7967,0.30,4.10
2008.03.03 09:29:38.187,0.79623,0.79663,2.40,2.40
2008.03.03 09:29:38.493,0.7964,0.7967,0.30,4.10
2008.03.03 09:29:38.534,0.79624,0.79664,2.80,2.70
2008.03.03 09:29:38.825,0.7964,0.7967,0.30,4.10
2008.03.03 09:29:38.865,0.79624,0.79664,0.30,0.20
2008.03.03 09:29:39.079,0.7964,0.7967,0.30,4.10
2008.03.03 09:29:39.203,0.79623,0.79663,1.00,4.00
2008.03.03 09:29:39.384,0.7964,0.7967,0.30,4.10
2008.03.03 09:29:39.538,0.7962,0.7966,8.20,2.50
2008.03.03 09:29:39.704,0.7964,0.7967,0.30,4.10
2008.03.03 09:29:39.863,0.7962,0.7966,8.80,4.00
2008.03.03 09:29:39.983,0.7964,0.7967,0.30,4.10
2008.03.03 09:29:40.196,0.7962,0.7966,4.80,0.20
2008.03.03 09:29:40.263,0.7964,0.7967,0.30,4.10
2008.03.03 09:29:40.521,0.79621,0.79661,1.60,2.40
2008.03.03 09:29:40.600,0.7964,0.7967,0.30,4.10
2008.03.03 09:29:40.859,0.79622,0.79662,0.30,0.20
2008.03.03 09:29:40.922,0.7964,0.7967,0.30,4.10
2008.03.03 09:29:41.166,0.79623,0.79663,0.30,0.20
2008.03.03 09:29:41.355,0.7964,0.7967,0.30,4.10
2008.03.03 09:29:41.509,0.79624,0.79664,0.30,0.20
2008.03.03 09:29:41.689,0.7964,0.7967,0.30,4.10
2008.03.03 09:29:41.899,0.79645,0.7967,1.60,0.20
2008.03.03 09:29:41.956,0.79624,0.79664,0.30,0.20
2008.03.03 09:29:42.107,0.79645,0.7967,1.60,0.20
2008.03.03 09:29:42.364,0.79645,0.7967,1.60,0.20
2008.03.03 09:29:42.381,0.79624,0.79664,2.40,0.20
2008.03.03 09:29:42.599,0.79645,0.7967,1.60,0.20
2008.03.03 09:29:42.808,0.79645,0.7967,1.60,0.20
2008.03.03 09:29:42.833,0.79623,0.79663,4.00,0.20
2008.03.03 09:29:43.155,0.79622,0.79662,0.80,0.20
2008.03.03 09:29:43.230,0.79645,0.7967,1.60,0.20
2008.03.03 09:29:43.490,0.79622,0.79662,0.30,4.00
2008.03.03 09:29:43.576,0.79645,0.7967,1.60,0.20
2008.03.03 09:29:43.844,0.7962,0.7966,0.30,0.20
2008.03.03 09:29:43.921,0.79645,0.7967,1.60,0.20
2008.03.03 09:29:44.151,0.79619,0.79659,0.30,0.20
2008.03.03 09:29:44.228,0.79645,0.7967,1.60,0.20
2008.03.03 09:29:44.475,0.79619,0.79659,0.60,0.20
2008.03.03 09:29:44.543,0.79645,0.7967,1.60,0.20
2008.03.03 09:29:44.787,0.79645,0.7967,1.60,0.20
2008.03.03 09:29:44.820,0.79617,0.79657,9.60,4.80
2008.03.03 09:29:45.105,0.79645,0.7967,1.60,0.20
2008.03.03 09:29:45.126,0.79618,0.79658,0.60,4.00
2008.03.03 09:29:45.437,0.79645,0.7967,1.60,0.20
2008.03.03 09:29:45.467,0.79619,0.79659,0.30,0.20
2008.03.03 09:29:45.778,0.79645,0.7967,1.60,0.20
2008.03.03 09:29:45.796,0.7962,0.7966,1.60,9.60
2008.03.03 09:29:46.137,0.7962,0.7966,0.30,0.20
2008.03.03 09:29:46.212,0.79645,0.7967,1.60,0.20
2008.03.03 09:29:46.455,0.7962,0.7966,0.60,0.20
2008.03.03 09:29:46.656,0.79645,0.7967,1.60,0.20
2008.03.03 09:29:46.686,0.79619,0.79659,0.30,0.20
2008.03.03 09:29:46.992,0.79645,0.7967,1.60,0.20
2008.03.03 09:29:47.109,0.79618,0.79658,4.00,4.80
2008.03.03 09:29:47.301,0.79645,0.7967,1.60,0.20
2008.03.03 09:29:47.449,0.7962,0.7966,4.00,0.20
2008.03.03 09:29:47.536,0.79645,0.7967,1.60,0.20
2008.03.03 09:29:47.761,0.79645,0.7967,1.60,0.20
2008.03.03 09:29:47.888,0.79622,0.79662,2.40,2.50
2008.03.03 09:29:48.082,0.79645,0.7967,1.60,0.20
2008.03.03 09:29:48.212,0.79624,0.79664,0.60,2.50
2008.03.03 09:29:48.413,0.79645,0.7967,1.60,0.20
2008.03.03 09:29:48.559,0.79625,0.79665,0.30,0.50
2008.03.03 09:29:48.749,0.79645,0.7967,1.60,0.20
2008.03.03 09:29:48.890,0.79624,0.79664,0.30,2.50
2008.03.03 09:29:49.067,0.79645,0.7967,1.60,0.20
2008.03.03 09:29:49.197,0.79622,0.79662,0.30,0.20
2008.03.03 09:29:49.399,0.79645,0.7967,1.60,0.20
2008.03.03 09:29:49.426,0.79621,0.79661,0.30,0.20
2008.03.03 09:29:49.731,0.79645,0.7967,1.60,0.20
2008.03.03 09:29:49.748,0.79621,0.79661,2.60,2.40
2008.03.03 09:29:50.068,0.79645,0.7967,1.60,0.20
2008.03.03 09:29:50.083,0.79623,0.79663,2.60,2.50
2008.03.03 09:29:50.398,0.79645,0.7967,1.60,0.20
2008.03.03 09:29:50.408,0.79623,0.79663,1.60,2.40
2008.03.03 09:29:50.712,0.79645,0.7967,1.60,0.20
2008.03.03 09:29:50.755,0.79621,0.79661,0.30,0.20
2008.03.03 09:29:51.041,0.79645,0.7967,1.60,0.20
2008.03.03 09:29:51.087,0.79621,0.79661,0.80,0.20
2008.03.03 09:29:51.397,0.79621,0.79661,0.30,9.60
2008.03.03 09:29:51.487,0.79645,0.7967,1.60,0.20
2008.03.03 09:29:51.730,0.79621,0.79661,0.30,0.20
2008.03.03 09:29:51.924,0.79645,0.7967,1.60,0.20
2008.03.03 09:29:51.968,0.79623,0.79663,2.80,2.40
2008.03.03 09:29:52.155,0.79645,0.7967,1.60,0.20
2008.03.03 09:29:52.377,0.79624,0.79664,0.30,0.50
2008.03.03 09:29:52.477,0.79645,0.7967,1.60,0.20
2008.03.03 09:29:52.730,0.79625,0.79665,0.30,0.20
2008.03.03 09:29:52.815,0.79645,0.7967,1.60,0.20
2008.03.03 09:29:53.068,0.79625,0.79665,0.30,0.50
2008.03.03 09:29:53.141,0.79645,0.7967,1.60,0.20
2008.03.03 09:29:53.381,0.79625,0.79665,1.00,2.70
2008.03.03 09:29:53.464,0.79645,0.7967,1.60,0.20
2008.03.03 09:29:53.723,0.79624,0.79664,0.30,0.80
2008.03.03 09:29:53.799,0.79645,0.7967,1.60,0.20
2008.03.03 09:29:54.045,0.79623,0.79663,0.30,0.20
2008.03.03 09:29:54.129,0.79645,0.7967,1.60,0.20
2008.03.03 09:29:54.349,0.79624,0.79664,0.30,0.20
2008.03.03 09:29:54.465,0.79645,0.7967,1.60,0.20
2008.03.03 09:29:54.709,0.79625,0.79665,0.30,4.00
2008.03.03 09:29:54.797,0.79645,0.7967,1.60,0.20
2008.03.03 09:29:55.031,0.79624,0.79664,4.20,0.40
2008.03.03 09:29:55.114,0.79645,0.7967,1.60,0.20
2008.03.03 09:29:55.368,0.79624,0.79664,2.40,8.00
2008.03.03 09:29:55.452,0.79645,0.7967,1.60,0.20
2008.03.03 09:29:55.696,0.79624,0.79664,0.50,0.40
2008.03.03 09:29:55.897,0.79645,0.7967,1.60,0.20
2008.03.03 09:29:56.023,0.79623,0.79663,0.30,4.00
2008.03.03 09:29:56.123,0.79645,0.7967,1.60,0.20
2008.03.03 09:29:56.358,0.79622,0.79662,2.60,2.50
2008.03.03 09:29:56.441,0.79645,0.7967,1.60,0.20
2008.03.03 09:29:56.682,0.79621,0.79661,2.60,2.50
2008.03.03 09:29:56.773,0.79645,0.7967,1.60,0.20
2008.03.03 09:29:56.998,0.79645,0.7967,1.60,0.20
2008.03.03 09:29:57.009,0.7962,0.7966,1.00,0.20
2008.03.03 09:29:57.332,0.79645,0.7967,1.60,0.20
2008.03.03 09:29:57.457,0.7962,0.7966,0.30,0.40
2008.03.03 09:29:57.647,0.79645,0.7967,1.60,0.20
2008.03.03 09:29:57.791,0.7962,0.7966,0.30,9.60
2008.03.03 09:29:57.975,0.79645,0.7967,1.60,0.20
2008.03.03 09:29:58.115,0.79621,0.79661,0.30,0.20
2008.03.03 09:29:58.311,0.79645,0.7967,1.60,0.20
2008.03.03 09:29:58.452,0.79622,0.79662,0.10,0.20
2008.03.03 09:29:58.646,0.79645,0.7967,1.60,0.20
2008.03.03 09:29:58.763,0.79624,0.79664,0.30,2.50
2008.03.03 09:29:58.963,0.79645,0.7967,1.60,0.20
2008.03.03 09:29:59.099,0.79624,0.79664,2.60,0.20
2008.03.03 09:29:59.300,0.79645,0.7967,1.60,0.20
2008.03.03 09:29:59.428,0.79625,0.79665,2.40,2.40
2008.03.03 09:29:59.629,0.79645,0.7967,1.60,0.20
2008.03.03 09:29:59.953,0.79645,0.7967,1.60,0.20
2008.03.03 09:30:00.186,0.79625,0.79665,0.30,0.20
2008.03.03 09:30:00.280,0.79645,0.7967,1.60,0.20
2008.03.03 09:30:00.518,0.79626,0.79666,0.30,0.20
2008.03.03 09:30:00.614,0.79645,0.7967,1.60,0.20
2008.03.03 09:30:00.865,0.79626,0.79666,0.50,0.20
2008.03.03 09:30:01.069,0.79645,0.7967,1.60,0.20
2008.03.03 09:30:01.190,0.79626,0.79666,0.30,4.00
2008.03.03 09:30:01.395,0.79645,0.7967,1.60,0.20
2008.03.03 09:30:01.515,0.79625,0.79665,0.10,0.20
2008.03.03 09:30:01.620,0.79645,0.7967,1.60,0.20
2008.03.03 09:30:01.852,0.79624,0.79664,0.30,0.40
2008.03.03 09:30:01.931,0.79645,0.7967,1.60,0.20
2008.03.03 09:30:02.152,0.79645,0.7967,1.60,0.20
2008.03.03 09:30:02.176,0.79625,0.79665,0.60,2.50
2008.03.03 09:30:02.489,0.79645,0.7967,1.60,0.20
2008.03.03 09:30:02.609,0.79625,0.79665,0.30,0.20
2008.03.03 09:30:02.818,0.79645,0.7967,1.60,0.20
2008.03.03 09:30:03.051,0.79624,0.79664,8.00,2.40
2008.03.03 09:30:03.145,0.79645,0.7967,1.60,0.20
2008.03.03 09:30:03.481,0.79645,0.7967,1.60,0.20
2008.03.03 09:30:03.489,0.79624,0.79664,0.30,0.20
2008.03.03 09:30:03.808,0.79645,0.7967,1.60,0.20
2008.03.03 09:30:03.813,0.79625,0.79665,8.00,0.20
2008.03.03 09:30:04.138,0.79626,0.79666,0.30,0.20
2008.03.03 09:30:04.141,0.79645,0.7967,1.60,0.20
2008.03.03 09:30:04.467,0.79645,0.7967,1.60,0.20
2008.03.03 09:30:04.483,0.79626,0.79666,6.40,4.10
2008.03.03 09:30:04.801,0.79645,0.7967,1.60,0.20
2008.03.03 09:30:04.807,0.79626,0.79666,0.50,0.20
2008.03.03 09:30:05.124,0.79645,0.7967,1.60,0.20
2008.03.03 09:30:05.153,0.79626,0.79666,4.00,0.20
2008.03.03 09:30:05.483,0.79626,0.79666,4.00,0.20
2008.03.03 09:30:05.578,0.79645,0.7967,1.60,0.20
2008.03.03 09:30:05.793,0.79627,0.79667,9.60,0.20
2008.03.03 09:30:05.911,0.7965,0.7967,0.50,0.20
2008.03.03 09:30:06.133,0.79627,0.79667,0.30,0.20
2008.03.03 09:30:06.338,0.7965,0.7967,0.50,0.20
2008.03.03 09:30:06.460,0.79626,0.79666,0.30,0.20
2008.03.03 09:30:06.562,0.7965,0.7967,0.50,0.20
2008.03.03 09:30:06.805,0.79625,0.79665,4.00,0.20
2008.03.03 09:30:06.890,0.7965,0.7967,0.50,0.20
2008.03.03 09:30:07.122,0.79625,0.79665,4.00,0.50
2008.03.03 09:30:07.206,0.7965,0.7967,0.50,0.20
2008.03.03 09:30:07.436,0.7965,0.7967,0.50,0.20
2008.03.03 09:30:07.442,0.79626,0.79666,0.30,0.20
2008.03.03 09:30:07.770,0.7965,0.7967,0.50,0.20
2008.03.03 09:30:07.889,0.79627,0.79667,0.30,4.00
2008.03.03 09:30:08.098,0.7965,0.7967,0.50,0.20
2008.03.03 09:30:08.330,0.79627,0.79667,2.80,2.50
2008.03.03 09:30:08.424,0.7965,0.7967,0.50,0.20
2008.03.03 09:30:08.663,0.7965,0.7967,0.50,0.20
2008.03.03 09:30:08.667,0.79626,0.79666,0.30,2.40
2008.03.03 09:30:08.968,0.7965,0.7967,0.50,0.20
2008.03.03 09:30:08.999,0.79625,0.79665,0.30,0.40
2008.03.03 09:30:09.201,0.7965,0.7967,0.50,0.20
2008.03.03 09:30:09.323,0.79624,0.79664,0.30,4.00
2008.03.03 09:30:09.536,0.7965,0.7967,0.50,0.20
2008.03.03 09:30:09.657,0.79625,0.79665,0.30,0.20
2008.03.03 09:30:09.960,0.7965,0.7967,0.50,0.20
2008.03.03 09:30:09.993,0.79625,0.79665,2.40,2.40
2008.03.03 09:30:10.301,0.7965,0.7967,0.50,0.20
2008.03.03 09:30:10.312,0.79625,0.79665,0.30,0.20
2008.03.03 09:30:10.651,0.79625,0.79665,2.40,3.20
2008.03.03 09:30:10.723,0.7965,0.7967,0.50,0.20
2008.03.03 09:30:10.966,0.79625,0.79665,0.20,9.60
2008.03.03 09:30:11.057,0.7964,0.7967,0.30,4.10
2008.03.03 09:30:11.307,0.79626,0.79666,0.30,0.20
2008.03.03 09:30:11.391,0.7964,0.7967,0.30,4.10
2008.03.03 09:30:11.643,0.79626,0.79666,4.00,0.20
2008.03.03 09:30:11.719,0.7964,0.7967,0.30,4.10
2008.03.03 09:30:11.939,0.79626,0.79666,0.30,0.20
2008.03.03 09:30:12.052,0.7964,0.7967,0.30,4.10
2008.03.03 09:30:12.300,0.79627,0.79667,8.00,0.20
2008.03.03 09:30:12.395,0.7964,0.7967,0.30,4.10
2008.03.03 09:30:12.722,0.7964,0.7967,0.30,4.10
2008.03.03 09:30:12.737,0.79627,0.79667,0.30,0.20
2008.03.03 09:30:13.027,0.7964,0.7967,0.30,4.10
2008.03.03 09:30:13.175,0.79627,0.79667,0.30,4.00
2008.03.03 09:30:13.373,0.7964,0.7967,0.30,4.10
2008.03.03 09:30:13.509,0.79626,0.79666,2.40,2.40
2008.03.03 09:30:13.700,0.7964,0.7967,0.30,4.10
2008.03.03 09:30:13.826,0.79626,0.79666,0.40,0.20
2008.03.03 09:30:14.041,0.7964,0.7967,0.30,4.10
2008.03.03 09:30:14.163,0.79626,0.79666,0.30,4.00
2008.03.03 09:30:14.365,0.7964,0.7967,0.30,4.10
2008.03.03 09:30:14.475,0.79625,0.79665,0.30,0.20
2008.03.03 09:30:14.694,0.7964,0.7967,0.30,4.10
2008.03.03 09:30:14.804,0.79624,0.79664,0.30,9.60
2008.03.03 09:30:15.034,0.7964,0.7967,0.30,4.10
2008.03.03 09:30:15.127,0.79624,0.79664,1.80,2.50
2008.03.03 09:30:15.358,0.7964,0.7967,0.30,4.10
2008.03.03 09:30:15.489,0.79626,0.79666,0.30,0.90
2008.03.03 09:30:15.811,0.79626,0.79666,4.00,0.20
2008.03.03 09:30:16.134,0.79627,0.79667,4.00,2.50
2008.03.03 09:30:16.238,0.7964,0.7967,0.30,4.10
2008.03.03 09:30:16.474,0.79628,0.79668,0.50,0.20
2008.03.03 09:30:16.678,0.7964,0.7967,0.30,4.10
2008.03.03 09:30:16.797,0.79626,0.79666,0.30,0.20
2008.03.03 09:30:17.000,0.7964,0.7967,0.30,4.10
2008.03.03 09:30:17.132,0.79625,0.79665,10.40,8.10
2008.03.03 09:30:17.234,0.7964,0.7967,0.30,4.10
2008.03.03 09:30:17.469,0.79625,0.79665,0.30,0.20
2008.03.03 09:30:17.554,0.7964,0.7967,0.30,4.10
2008.03.03 09:30:17.884,0.7964,0.7967,0.30,4.10
2008.03.03 09:30:17.902,0.79624,0.79664,0.50,0.20
2008.03.03 09:30:18.215,0.7964,0.7967,0.30,4.10
2008.03.03 09:30:18.323,0.79624,0.79664,0.30,0.20
2008.03.03 09:30:18.553,0.7964,0.7967,0.30,4.10
2008.03.03 09:30:18.688,0.79625,0.79665,0.30,1.60
2008.03.03 09:30:18.868,0.7964,0.7967,0.30,4.10
2008.03.03 09:30:19.012,0.79626,0.79666,4.00,2.40
2008.03.03 09:30:19.214,0.7964,0.7967,0.30,4.10
2008.03.03 09:30:19.417,0.79626,0.79666,0.30,4.00
2008.03.03 09:30:19.539,0.7964,0.7967,0.30,4.10
2008.03.03 09:30:19.776,0.79625,0.79665,2.40,4.00
2008.03.03 09:30:19.862,0.7964,0.7967,0.30,4.10
2008.03.03 09:30:20.115,0.79624,0.79664,4.00,0.20
2008.03.03 09:30:20.216,0.7964,0.7967,0.30,4.10
2008.03.03 09:30:20.437,0.79625,0.79665,9.60,0.20
2008.03.03 09:30:20.531,0.7964,0.7967,0.30,4.10
2008.03.03 09:30:20.741,0.79625,0.79665,0.30,8.00
2008.03.03 09:30:20.970,0.7964,0.7967,0.30,4.10
2008.03.03 09:30:21.097,0.79625,0.79665,0.30,0.20
2008.03.03 09:30:21.304,0.7964,0.7967,0.60,4.10
2008.03.03 09:30:21.423,0.79624,0.79664,0.30,0.20
2008.03.03 09:30:21.743,0.7964,0.7967,0.60,4.10
2008.03.03 09:30:21.763,0.79625,0.79665,4.00,0.20
2008.03.03 09:30:22.074,0.7964,0.7967,0.60,4.10
2008.03.03 09:30:22.091,0.79625,0.79665,12.00,2.50
2008.03.03 09:30:22.303,0.7964,0.7967,0.60,4.10
2008.03.03 09:30:22.421,0.79625,0.79665,9.60,4.80
2008.03.03 09:30:22.485,0.79625,0.79665,0.30,4.00
2008.03.03 09:30:22.534,0.7964,0.7967,0.60,4.10
2008.03.03 09:30:22.858,0.79625,0.79665,0.30,0.20
2008.03.03 09:30:22.947,0.7964,0.7967,0.60,4.10
2008.03.03 09:30:23.282,0.7964,0.7967,0.60,4.10
2008.03.03 09:30:23.292,0.79624,0.79664,0.30,4.00
2008.03.03 09:30:23.603,0.7964,0.7967,0.60,4.10
2008.03.03 09:30:23.737,0.79625,0.79665,2.40,4.00
2008.03.03 09:30:23.939,0.7964,0.7967,0.60,4.10
2008.03.03 09:30:24.064,0.79626,0.79666,0.30,4.40
2008.03.03 09:30:24.254,0.7964,0.7967,0.60,4.10
2008.03.03 09:30:24.392,0.79625,0.79665,0.30,0.20
2008.03.03 09:30:24.592,0.7964,0.7967,0.60,4.10
2008.03.03 09:30:24.721,0.79625,0.79665,2.60,2.50
2008.03.03 09:30:24.923,0.7964,0.7967,0.60,4.10
2008.03.03 09:30:25.056,0.79624,0.79664,2.40,1.60
2008.03.03 09:30:25.251,0.7964,0.7967,0.60,4.10
2008.03.03 09:30:25.397,0.79624,0.79664,0.30,0.20
2008.03.03 09:30:25.588,0.7964,0.7967,0.60,4.10
2008.03.03 09:30:25.728,0.79625,0.79665,0.60,0.20
2008.03.03 09:30:25.926,0.7964,0.7967,0.60,4.10
2008.03.03 09:30:26.046,0.79626,0.79666,9.60,0.20
2008.03.03 09:30:26.363,0.7964,0.7967,0.60,4.10
2008.03.03 09:30:26.381,0.79626,0.79666,4.00,0.20
2008.03.03 09:30:26.707,0.79626,0.79666,0.30,0.20
2008.03.03 09:30:26.807,0.7964,0.7967,0.60,4.10
2008.03.03 09:30:27.016,0.79627,0.79667,0.60,0.20
2008.03.03 09:30:27.052,0.7964,0.7967,0.60,4.10
2008.03.03 09:30:27.247,0.79626,0.79666,0.30,0.20
2008.03.03 09:30:27.335,0.7964,0.7967,0.60,4.10
2008.03.03 09:30:27.479,0.79626,0.79666,0.30,4.00
2008.03.03 09:30:27.676,0.7964,0.7967,0.60,4.10
2008.03.03 09:30:27.813,0.79625,0.79665,0.60,2.40
2008.03.03 09:30:28.121,0.7964,0.7967,0.60,4.10
2008.03.03 09:30:28.149,0.79626,0.79666,4.00,5.60
2008.03.03 09:30:28.544,0.7964,0.7967,0.60,4.10
2008.03.03 09:30:28.580,0.79626,0.79666,0.30,2.50
2008.03.03 09:30:28.879,0.7964,0.7967,0.60,4.10
2008.03.03 09:30:28.918,0.79625,0.79665,0.30,0.20
2008.03.03 09:30:29.223,0.7964,0.7967,0.60,4.10
2008.03.03 09:30:29.246,0.79624,0.79664,2.60,2.50
2008.03.03 09:30:29.540,0.7964,0.7967,0.60,4.10
2008.03.03 09:30:29.568,0.79625,0.79665,0.30,9.60
2008.03.03 09:30:29.871,0.79625,0.79665,0.30,0.20
2008.03.03 09:30:29.889,0.7964,0.7967,0.60,4.10
2008.03.03 09:30:30.203,0.7964,0.7967,0.60,4.10
2008.03.03 09:30:30.223,0.79625,0.79665,0.30,0.40
2008.03.03 09:30:30.538,0.7964,0.7967,0.60,4.10
2008.03.03 09:30:30.563,0.79624,0.79664,0.30,0.20
2008.03.03 09:30:30.884,0.79624,0.79664,0.30,0.20
2008.03.03 09:30:30.969,0.7964,0.7967,0.60,4.10
2008.03.03 09:30:31.227,0.79622,0.79662,2.40,0.20
2008.03.03 09:30:31.308,0.7964,0.7967,0.60,4.10
2008.03.03 09:30:31.537,0.79624,0.79664,0.30,0.40
2008.03.03 09:30:31.735,0.7964,0.7967,0.60,4.10
2008.03.03 09:30:31.876,0.79625,0.79665,1.80,4.00
2008.03.03 09:30:31.966,0.7964,0.7967,0.60,4.10
2008.03.03 09:30:32.193,0.79624,0.79664,0.30,0.20
2008.03.03 09:30:32.299,0.7964,0.7967,0.60,4.10
2008.03.03 09:30:32.546,0.79624,0.79664,0.30,4.00
2008.03.03 09:30:32.647,0.7964,0.7967,0.60,4.10
2008.03.03 09:30:32.973,0.79622,0.79662,0.30,0.20
2008.03.03 09:30:33.061,0.7964,0.7967,0.60,4.10
2008.03.03 09:30:33.417,0.79624,0.79664,2.40,0.20
2008.03.03 09:30:33.505,0.7964,0.7967,0.60,4.10
2008.03.03 09:30:33.858,0.79624,0.79664,4.00,0.40
2008.03.03 09:30:33.961,0.7964,0.7967,0.60,4.10
2008.03.03 09:30:34.174,0.7964,0.7967,0.60,4.10
2008.03.03 09:30:34.196,0.79624,0.79664,0.30,0.20
2008.03.03 09:30:34.488,0.7964,0.7967,0.60,4.10
2008.03.03 09:30:34.515,0.79624,0.79664,4.00,0.20
2008.03.03 09:30:34.711,0.7964,0.7967,0.60,4.10
2008.03.03 09:30:34.855,0.79625,0.79665,8.00,0.20
2008.03.03 09:30:35.153,0.7964,0.7967,0.60,4.10
2008.03.03 09:30:35.176,0.79625,0.79665,4.00,0.20
2008.03.03 09:30:35.516,0.79626,0.79666,12.00,4.10
2008.03.03 09:30:35.581,0.7964,0.7967,0.60,4.10
2008.03.03 09:30:35.832,0.79625,0.79665,0.30,0.40
2008.03.03 09:30:35.924,0.7964,0.7967,0.60,4.10
2008.03.03 09:30:36.159,0.79625,0.79665,0.30,0.20
2008.03.03 09:30:36.260,0.7964,0.7967,0.60,4.10
2008.03.03 09:30:36.505,0.79625,0.79665,4.00,0.20
2008.03.03 09:30:36.594,0.7964,0.7967,0.60,4.10
2008.03.03 09:30:36.927,0.7964,0.7967,0.60,4.10
2008.03.03 09:30:36.931,0.79625,0.79665,2.40,2.40
2008.03.03 09:30:37.250,0.7964,0.7967,0.60,4.10
2008.03.03 09:30:37.263,0.79625,0.79665,2.60,2.40
2008.03.03 09:30:37.568,0.7964,0.7967,0.60,4.10
2008.03.03 09:30:37.597,0.79626,0.79666,9.60,2.40
2008.03.03 09:30:37.903,0.7964,0.7967,0.60,4.10
2008.03.03 09:30:37.919,0.79626,0.79666,0.20,0.20
2008.03.03 09:30:38.234,0.7964,0.7967,0.60,4.10
2008.03.03 09:30:38.237,0.79626,0.79666,0.30,0.20
2008.03.03 09:30:38.569,0.7964,0.7967,0.60,4.10
2008.03.03 09:30:38.663,0.79625,0.79665,0.30,0.90
2008.03.03 09:30:38.900,0.7964,0.7967,0.60,4.10
2008.03.03 09:30:39.021,0.79624,0.79664,2.40,2.40
2008.03.03 09:30:39.227,0.7964,0.7967,0.60,4.10
2008.03.03 09:30:39.349,0.79625,0.79665,0.30,0.05
2008.03.03 09:30:39.559,0.7964,0.7967,0.60,4.10
2008.03.03 09:30:39.682,0.79625,0.79665,0.30,4.00
2008.03.03 09:30:39.896,0.7964,0.7967,0.60,4.10
2008.03.03 09:30:40.019,0.79625,0.79665,4.00,2.50
2008.03.03 09:30:40.211,0.7964,0.7967,0.60,4.10
2008.03.03 09:30:40.347,0.79624,0.79664,4.00,0.20
2008.03.03 09:30:40.547,0.7964,0.7967,0.60,4.10
2008.03.03 09:30:40.667,0.79623,0.79663,0.30,4.00
2008.03.03 09:30:40.875,0.7964,0.7967,0.60,4.10
2008.03.03 09:30:40.902,0.79624,0.79664,2.40,2.40
2008.03.03 09:30:41.328,0.79624,0.79664,0.30,0.20
2008.03.03 09:30:41.334,0.7964,0.7967,0.60,4.10
2008.03.03 09:30:41.759,0.7964,0.7967,0.60,4.10
2008.03.03 09:30:41.773,0.79625,0.79665,0.30,0.20
2008.03.03 09:30:42.116,0.79626,0.79666,6.40,4.80
2008.03.03 09:30:42.192,0.7964,0.7967,0.60,4.10
2008.03.03 09:30:42.330,0.79626,0.79666,0.30,0.20
2008.03.03 09:30:42.517,0.7964,0.7967,0.60,4.10
2008.03.03 09:30:42.556,0.79626,0.79666,2.40,0.20
2008.03.03 09:30:42.776,0.79626,0.79666,0.30,2.50
2008.03.03 09:30:42.848,0.7964,0.7967,0.60,4.10
2008.03.03 09:30:43.072,0.7964,0.7967,0.60,4.10
2008.03.03 09:30:43.197,0.79625,0.79665,2.60,2.50
2008.03.03 09:30:43.408,0.7964,0.7967,0.60,4.10
2008.03.03 09:30:43.539,0.79625,0.79665,2.40,2.40
2008.03.03 09:30:43.729,0.7964,0.7967,0.60,4.10
2008.03.03 09:30:43.876,0.79624,0.79664,2.60,0.10
2008.03.03 09:30:44.047,0.7964,0.7967,0.60,4.10
2008.03.03 09:30:44.199,0.79625,0.79665,0.30,0.20
2008.03.03 09:30:44.389,0.7964,0.7967,0.60,4.10
2008.03.03 09:30:44.522,0.79625,0.79665,2.60,4.00
2008.03.03 09:30:44.730,0.7964,0.7967,0.60,4.10
2008.03.03 09:30:44.856,0.79626,0.79666,0.30,3.20
2008.03.03 09:30:45.049,0.7964,0.7967,0.60,4.10
2008.03.03 09:30:45.196,0.79625,0.79665,0.30,4.00
2008.03.03 09:30:45.491,0.7964,0.7967,0.60,4.10
2008.03.03 09:30:45.514,0.79624,0.79664,2.40,2.40
2008.03.03 09:30:45.842,0.79624,0.79664,16.20,0.80
2008.03.03 09:30:45.936,0.7964,0.7967,0.60,4.10
2008.03.03 09:30:46.156,0.7964,0.7967,0.60,4.10
2008.03.03 09:30:46.267,0.79623,0.79663,0.30,2.40
2008.03.03 09:30:46.377,0.7964,0.7967,0.60,4.10
2008.03.03 09:30:46.577,0.7964,0.7967,0.60,4.10
2008.03.03 09:30:46.726,0.79623,0.79663,2.40,2.40
2008.03.03 09:30:46.809,0.7964,0.7967,0.60,4.10
2008.03.03 09:30:47.036,0.7964,0.7967,0.60,4.10
2008.03.03 09:30:47.163,0.79624,0.79664,0.30,2.50
2008.03.03 09:30:47.471,0.7964,0.7967,0.60,4.10
2008.03.03 09:30:47.495,0.79625,0.79665,0.30,0.20
2008.03.03 09:30:47.714,0.79624,0.79664,0.30,0.20
2008.03.03 09:30:47.902,0.7964,0.7967,0.60,4.10
2008.03.03 09:30:48.034,0.79622,0.79662,0.30,0.20
2008.03.03 09:30:48.264,0.79624,0.79664,2.40,2.40
2008.03.03 09:30:48.345,0.7964,0.7967,0.60,4.10
2008.03.03 09:30:48.684,0.7964,0.7967,0.60,4.10
2008.03.03 09:30:48.701,0.79625,0.79665,4.00,0.20
2008.03.03 09:30:49.008,0.7964,0.7967,0.60,4.10
2008.03.03 09:30:49.041,0.79624,0.79664,13.60,0.20
2008.03.03 09:30:49.337,0.7964,0.7967,0.60,4.10
2008.03.03 09:30:49.388,0.79625,0.79665,0.30,0.40
2008.03.03 09:30:49.666,0.7964,0.7967,0.60,4.10
2008.03.03 09:30:49.686,0.79625,0.79665,0.30,6.40
2008.03.03 09:30:50.025,0.7964,0.7967,0.60,4.10
2008.03.03 09:30:50.033,0.79624,0.79664,2.40,2.40
2008.03.03 09:30:50.338,0.79623,0.79663,0.20,0.20
2008.03.03 09:30:50.446,0.7964,0.7967,0.60,4.10
2008.03.03 09:30:50.693,0.79622,0.79662,4.00,0.20
2008.03.03 09:30:50.780,0.7964,0.7967,0.60,4.10
2008.03.03 09:30:51.003,0.79624,0.79664,0.50,0.20
2008.03.03 09:30:51.205,0.7964,0.7967,0.60,4.10
2008.03.03 09:30:51.335,0.79625,0.79665,0.60,0.20
2008.03.03 09:30:51.437,0.7964,0.7967,0.60,4.10
2008.03.03 09:30:51.663,0.79625,0.79665,2.40,0.20
2008.03.03 09:30:51.695,0.7964,0.7967,0.60,4.10
2008.03.03 09:30:51.919,0.7964,0.7967,0.60,4.10
2008.03.03 09:30:52.002,0.79625,0.79665,0.30,0.20
2008.03.03 09:30:52.186,0.7964,0.7967,0.60,4.10
2008.03.03 09:30:52.435,0.79624,0.79664,2.80,2.50
2008.03.03 09:30:52.520,0.7964,0.7967,0.60,4.10
2008.03.03 09:30:52.831,0.7964,0.7967,0.60,4.10
2008.03.03 09:30:52.870,0.79625,0.79665,0.30,0.80
2008.03.03 09:30:53.127,0.7964,0.7966,0.30,4.00
2008.03.03 09:30:53.204,0.79625,0.79665,2.40,2.40
2008.03.03 09:30:53.389,0.7964,0.7967,0.30,4.10
2008.03.03 09:30:53.519,0.79626,0.79666,0.30,0.20
2008.03.03 09:30:53.615,0.7964,0.7967,0.30,4.10
2008.03.03 09:30:53.835,0.79625,0.79665,0.30,4.00
2008.03.03 09:30:53.859,0.79645,0.7967,0.80,0.20
2008.03.03 09:30:54.104,0.79645,0.7967,1.60,0.20
2008.03.03 09:30:54.209,0.79626,0.79666,2.40,0.20
2008.03.03 09:30:54.398,0.7965,0.7968,0.30,4.30
2008.03.03 09:30:54.535,0.79627,0.79667,0.50,2.50
2008.03.03 09:30:54.692,0.7965,0.7968,0.30,4.30
2008.03.03 09:30:54.868,0.79626,0.79666,2.40,2.40
2008.03.03 09:30:55.045,0.7965,0.7968,0.30,4.30
2008.03.03 09:30:55.183,0.79625,0.79665,8.20,9.70
2008.03.03 09:30:55.338,0.7965,0.7968,0.30,4.30
2008.03.03 09:30:55.525,0.79625,0.79665,0.30,0.20
2008.03.03 09:30:55.714,0.7965,0.7968,0.30,4.30
2008.03.03 09:30:55.848,0.79626,0.79666,4.80,0.20
2008.03.03 09:30:56.164,0.7965,0.7968,0.30,4.30
2008.03.03 09:30:56.275,0.79625,0.79665,0.30,0.20
2008.03.03 09:30:56.383,0.7965,0.7967,0.30,4.00
2008.03.03 09:30:56.603,0.7964,0.7967,0.30,4.10
2008.03.03 09:30:56.607,0.79625,0.79665,0.30,0.08
2008.03.03 09:30:56.820,0.79625,0.79665,0.30,0.20
2008.03.03 09:30:56.926,0.7964,0.7967,0.30,4.10
2008.03.03 09:30:57.061,0.79625,0.79665,0.30,0.20
2008.03.03 09:30:57.149,0.7964,0.7967,0.30,4.10
2008.03.03 09:30:57.364,0.79624,0.79664,0.30,0.20
2008.03.03 09:30:57.475,0.7964,0.7967,0.30,4.10
2008.03.03 09:30:57.721,0.79623,0.79663,4.80,4.00
2008.03.03 09:30:57.810,0.7964,0.7967,0.30,4.10
2008.03.03 09:30:58.159,0.79625,0.79665,0.30,0.20
2008.03.03 09:30:58.161,0.7964,0.7967,0.30,4.10
2008.03.03 09:30:58.461,0.7964,0.7967,0.30,4.10
2008.03.03 09:30:58.496,0.79626,0.79666,8.00,0.20
2008.03.03 09:30:58.799,0.7964,0.7967,0.30,4.10
2008.03.03 09:30:58.828,0.79626,0.79666,0.60,0.40
2008.03.03 09:30:59.119,0.7964,0.7967,0.30,4.10
2008.03.03 09:30:59.154,0.79625,0.79665,0.30,4.00
2008.03.03 09:30:59.449,0.7964,0.7967,0.30,4.10
2008.03.03 09:30:59.472,0.79624,0.79664,0.30,0.20
2008.03.03 09:30:59.794,0.7964,0.7967,0.30,4.10
2008.03.03 09:30:59.814,0.79623,0.79663,0.20,0.20
2008.03.03 09:31:00.068,0.7964,0.7967,0.30,4.10
2008.03.03 09:31:00.327,0.79614,0.79654,0.30,6.40
2008.03.03 09:31:00.356,0.7964,0.7967,0.30,4.10
2008.03.03 09:31:00.550,0.79608,0.79648,0.30,0.20
2008.03.03 09:31:00.767,0.7964,0.7967,0.30,4.10
2008.03.03 09:31:00.769,0.79605,0.79645,0.30,0.40
2008.03.03 09:31:00.976,0.79606,0.79646,2.40,2.40
2008.03.03 09:31:01.102,0.7964,0.7967,0.30,4.10
2008.03.03 09:31:01.177,0.79603,0.79643,0.70,4.00
2008.03.03 09:31:01.416,0.79601,0.79641,4.20,2.40
2008.03.03 09:31:01.438,0.7964,0.7967,0.30,4.10
2008.03.03 09:31:01.788,0.7964,0.7967,0.30,4.10
2008.03.03 09:31:01.852,0.79599,0.79639,0.30,0.20
2008.03.03 09:31:02.103,0.7964,0.7967,0.30,4.10
2008.03.03 09:31:02.252,0.796,0.7964,2.60,1.60
2008.03.03 09:31:02.425,0.7964,0.7967,0.30,4.10
2008.03.03 09:31:02.522,0.79602,0.79642,4.00,0.20
2008.03.03 09:31:02.756,0.7964,0.7967,0.30,4.10
2008.03.03 09:31:02.757,0.79603,0.79643,0.30,0.20
2008.03.03 09:31:02.844,0.79605,0.79645,0.20,2.40
2008.03.03 09:31:03.093,0.7964,0.7967,0.30,4.10
2008.03.03 09:31:03.180,0.79607,0.79647,2.60,2.40
2008.03.03 09:31:03.406,0.7964,0.7967,0.30,4.10
2008.03.03 09:31:03.498,0.79609,0.79649,0.30,0.20
2008.03.03 09:31:03.733,0.7964,0.7967,0.30,4.10
2008.03.03 09:31:03.833,0.7961,0.7965,6.40,0.20
2008.03.03 09:31:04.070,0.7964,0.7967,0.30,4.10
2008.03.03 09:31:04.167,0.79611,0.79651,0.30,0.20
2008.03.03 09:31:04.412,0.7964,0.7967,0.30,4.10
2008.03.03 09:31:04.490,0.79612,0.79652,2.60,2.50
2008.03.03 09:31:04.741,0.7964,0.7967,0.30,4.10
2008.03.03 09:31:04.834,0.79611,0.79651,2.40,2.40
2008.03.03 09:31:05.061,0.7964,0.7967,0.30,4.10
2008.03.03 09:31:05.160,0.79606,0.79646,0.80,0.20
2008.03.03 09:31:05.386,0.7964,0.7967,0.30,4.10
2008.03.03 09:31:05.500,0.79601,0.79641,2.40,2.40
2008.03.03 09:31:05.828,0.79597,0.79637,4.00,0.20
2008.03.03 09:31:05.838,0.7964,0.7967,0.30,4.10
2008.03.03 09:31:06.159,0.79597,0.79637,0.30,0.20
2008.03.03 09:31:06.282,0.7964,0.7967,0.30,4.10
2008.03.03 09:31:06.484,0.79597,0.79637,0.30,2.50
2008.03.03 09:31:06.708,0.7964,0.7967,0.30,4.10
2008.03.03 09:31:06.921,0.796,0.7964,4.00,0.20
2008.03.03 09:31:06.933,0.7964,0.7967,0.30,4.10
2008.03.03 09:31:07.254,0.7964,0.7967,0.30,4.10
2008.03.03 09:31:07.349,0.79603,0.79643,0.30,0.20
2008.03.03 09:31:07.591,0.7964,0.7967,0.30,4.10
2008.03.03 09:31:07.688,0.79606,0.79646,2.40,2.40
2008.03.03 09:31:07.914,0.7964,0.7967,0.30,4.10
2008.03.03 09:31:08.016,0.79607,0.79647,0.30,0.40
2008.03.03 09:31:08.261,0.7964,0.7967,0.30,4.10
2008.03.03 09:31:08.455,0.79606,0.79646,2.60,2.50
2008.03.03 09:31:08.578,0.7964,0.7967,0.30,4.10
2008.03.03 09:31:08.766,0.79606,0.79646,0.30,4.10
2008.03.03 09:31:08.918,0.7964,0.7967,0.30,4.10
2008.03.03 09:31:09.116,0.79604,0.79644,0.30,2.40
2008.03.03 09:31:09.249,0.7964,0.7967,0.30,4.10
2008.03.03 09:31:09.341,0.79605,0.79645,1.60,4.00
2008.03.03 09:31:09.579,0.7964,0.7967,0.30,4.10
2008.03.03 09:31:09.778,0.79606,0.79646,0.30,0.80
2008.03.03 09:31:09.912,0.7964,0.7967,0.30,4.10
2008.03.03 09:31:10.116,0.79604,0.79644,0.30,0.20
2008.03.03 09:31:10.222,0.7964,0.7967,0.30,4.10
2008.03.03 09:31:10.539,0.79604,0.79644,0.30,0.20
2008.03.03 09:31:10.565,0.7964,0.7967,0.30,4.10
2008.03.03 09:31:10.777,0.79604,0.79644,0.30,0.20
2008.03.03 09:31:10.900,0.7964,0.7967,0.30,4.10
2008.03.03 09:31:11.094,0.79604,0.79644,9.60,0.20
2008.03.03 09:31:11.350,0.7964,0.7967,0.30,4.10
2008.03.03 09:31:11.432,0.79606,0.79646,2.40,8.10
2008.03.03 09:31:11.762,0.7964,0.7967,0.30,4.10
2008.03.03 09:31:11.857,0.79607,0.79647,2.40,2.40
2008.03.03 09:31:12.098,0.7964,0.7967,0.30,4.10
2008.03.03 09:31:12.195,0.79609,0.79649,0.30,4.00
2008.03.03 09:31:12.425,0.7964,0.7967,0.30,4.10
2008.03.03 09:31:12.568,0.7961,0.7965,2.40,2.40
2008.03.03 09:31:12.752,0.7964,0.7967,0.30,4.10
2008.03.03 09:31:12.833,0.7961,0.7965,0.30,0.40
2008.03.03 09:31:13.072,0.79609,0.79649,2.60,2.50
2008.03.03 09:31:13.094,0.7964,0.7967,0.30,4.10
2008.03.03 09:31:13.353,0.79606,0.79646,0.50,0.20
2008.03.03 09:31:13.412,0.7964,0.7967,0.30,4.10
2008.03.03 09:31:13.632,0.79605,0.79645,0.30,0.20
2008.03.03 09:31:13.741,0.7964,0.7967,0.30,4.10
2008.03.03 09:31:13.955,0.79607,0.79647,0.30,0.20
2008.03.03 09:31:14.071,0.7964,0.7967,0.30,4.10
2008.03.03 09:31:14.294,0.79607,0.79647,2.60,0.60
2008.03.03 09:31:14.316,0.7964,0.7967,0.30,4.10
2008.03.03 09:31:14.620,0.79609,0.79649,0.30,0.20
2008.03.03 09:31:14.633,0.7964,0.7967,0.30,4.10
2008.03.03 09:31:14.939,0.7961,0.7965,4.80,6.40
2008.03.03 09:31:14.945,0.7964,0.7967,0.30,4.10
2008.03.03 09:31:15.269,0.79609,0.79649,0.30,1.10
2008.03.03 09:31:15.290,0.7964,0.7967,0.30,4.10
2008.03.03 09:31:15.606,0.7961,0.7965,6.40,4.80
2008.03.03 09:31:15.627,0.7964,0.7967,0.30,4.10
2008.03.03 09:31:15.938,0.79609,0.79649,4.00,0.20
2008.03.03 09:31:16.059,0.7964,0.7967,0.30,4.10
2008.03.03 09:31:16.262,0.79609,0.79649,0.30,0.40
2008.03.03 09:31:16.603,0.7961,0.7965,0.30,4.00
2008.03.03 09:31:16.937,0.7961,0.7965,4.00,0.30
2008.03.03 09:31:17.068,0.79635,0.7965,0.80,4.00
2008.03.03 09:31:17.204,0.7963,0.7965,0.30,4.00
2008.03.03 09:31:17.253,0.7961,0.7965,0.30,1.70
2008.03.03 09:31:17.343,0.7963,0.7965,0.30,4.00
2008.03.03 09:31:17.483,0.7963,0.7966,0.30,4.10
2008.03.03 09:31:17.584,0.79609,0.79649,1.20,0.20
2008.03.03 09:31:17.623,0.79615,0.7966,0.50,4.00
2008.03.03 09:31:17.763,0.79615,0.7966,0.50,4.00
2008.03.03 09:31:17.903,0.79615,0.7966,0.50,4.00
2008.03.03 09:31:18.017,0.79606,0.79646,2.40,2.40
2008.03.03 09:31:18.042,0.79615,0.7966,0.50,4.10
2008.03.03 09:31:18.242,0.79615,0.7966,0.50,4.10
2008.03.03 09:31:18.450,0.79606,0.79646,0.30,0.50
2008.03.03 09:31:18.577,0.7961,0.7966,0.80,4.10
2008.03.03 09:31:18.797,0.79606,0.79646,0.30,0.20
2008.03.03 09:31:18.915,0.7961,0.7966,0.80,4.10
2008.03.03 09:31:19.115,0.79606,0.79646,0.30,9.60
2008.03.03 09:31:19.248,0.7961,0.7966,0.80,4.10
2008.03.03 09:31:19.331,0.79607,0.79647,0.10,0.20
2008.03.03 09:31:19.477,0.7961,0.7966,0.80,4.10
2008.03.03 09:31:19.653,0.79607,0.79647,4.00,0.20
2008.03.03 09:31:19.766,0.7961,0.7966,0.80,4.10
2008.03.03 09:31:19.983,0.79605,0.79645,0.30,0.20
2008.03.03 09:31:20.009,0.7961,0.7966,0.80,4.00
2008.03.03 09:31:20.238,0.7961,0.7966,0.60,4.00
2008.03.03 09:31:20.319,0.79603,0.79643,0.30,0.20
2008.03.03 09:31:20.572,0.7961,0.7966,0.60,4.00
2008.03.03 09:31:20.644,0.79602,0.79642,1.80,2.50
2008.03.03 09:31:20.880,0.79602,0.79642,0.60,4.00
2008.03.03 09:31:20.906,0.7961,0.7966,0.60,4.00
2008.03.03 09:31:21.117,0.79601,0.79641,0.50,0.60
2008.03.03 09:31:21.241,0.79625,0.7966,1.60,4.00
2008.03.03 09:31:21.425,0.79599,0.79639,4.00,0.20
2008.03.03 09:31:21.486,0.7963,0.7966,0.60,4.00
2008.03.03 09:31:21.730,0.7963,0.7966,0.60,4.00
2008.03.03 09:31:21.768,0.796,0.7964,0.30,4.00
2008.03.03 09:31:21.995,0.7963,0.7966,0.60,4.00
2008.03.03 09:31:22.186,0.79603,0.79643,0.30,4.00
2008.03.03 09:31:22.255,0.7963,0.7966,0.60,4.00
2008.03.03 09:31:22.523,0.79607,0.79647,6.40,0.20
2008.03.03 09:31:22.557,0.7963,0.7966,0.30,4.00
2008.03.03 09:31:22.860,0.7961,0.7965,0.30,0.20
2008.03.03 09:31:22.886,0.7963,0.7966,0.30,4.00
2008.03.03 09:31:23.186,0.7963,0.7966,0.30,4.00
2008.03.03 09:31:23.192,0.79609,0.79649,0.30,0.20
2008.03.03 09:31:23.449,0.7963,0.79665,0.30,0.20
2008.03.03 09:31:23.535,0.79606,0.79646,4.00,0.40
2008.03.03 09:31:23.674,0.7963,0.7967,0.30,4.30
2008.03.03 09:31:23.864,0.79602,0.79642,0.30,0.20
2008.03.03 09:31:23.919,0.7963,0.7967,0.30,4.30
2008.03.03 09:31:24.163,0.7963,0.7967,0.60,4.10
2008.03.03 09:31:24.195,0.79601,0.79641,2.40,0.20
2008.03.03 09:31:24.504,0.79599,0.79639,0.30,0.20
2008.03.03 09:31:24.534,0.7963,0.7967,0.60,4.10
2008.03.03 09:31:24.851,0.79599,0.79639,5.60,8.10
2008.03.03 09:31:24.879,0.7963,0.7967,0.60,4.10
2008.03.03 09:31:25.175,0.79602,0.79642,4.00,0.20
2008.03.03 09:31:25.186,0.7963,0.7967,0.60,4.10
2008.03.03 09:31:25.503,0.79604,0.79644,0.30,0.20
2008.03.03 09:31:25.621,0.7963,0.7967,0.60,4.10
2008.03.03 09:31:25.830,0.79606,0.79646,0.40,2.40
2008.03.03 09:31:26.069,0.7963,0.7967,0.60,4.10
2008.03.03 09:31:26.156,0.79607,0.79647,0.30,0.20
2008.03.03 09:31:26.505,0.79609,0.79649,2.40,2.40
2008.03.03 09:31:26.517,0.7963,0.7967,0.60,4.10
2008.03.03 09:31:26.838,0.7963,0.7967,0.60,4.10
2008.03.03 09:31:26.934,0.79611,0.79651,0.60,0.20
2008.03.03 09:31:27.174,0.7963,0.7967,0.60,4.10
2008.03.03 09:31:27.365,0.79612,0.79652,0.30,0.20
2008.03.03 09:31:27.496,0.7963,0.7967,0.60,4.10
2008.03.03 09:31:27.808,0.79614,0.79654,0.60,4.00
2008.03.03 09:31:27.837,0.7963,0.7967,0.60,4.10
2008.03.03 09:31:28.123,0.7963,0.7967,0.60,4.10
2008.03.03 09:31:28.149,0.79612,0.79652,0.30,0.20
2008.03.03 09:31:28.471,0.7961,0.7965,1.80,2.50
2008.03.03 09:31:28.478,0.7963,0.7967,0.60,4.10
2008.03.03 09:31:28.806,0.7961,0.7965,2.40,2.40
2008.03.03 09:31:28.817,0.7963,0.7967,0.60,4.10
2008.03.03 09:31:29.075,0.7963,0.7967,0.60,4.10
2008.03.03 09:31:29.143,0.7961,0.7965,0.30,0.20
2008.03.03 09:31:29.334,0.7963,0.7967,0.80,4.10
2008.03.03 09:31:29.439,0.79611,0.79651,2.40,2.40
2008.03.03 09:31:29.680,0.7961,0.7965,0.50,0.40
2008.03.03 09:31:29.695,0.7963,0.7967,0.80,4.10
2008.03.03 09:31:30.009,0.79609,0.79649,0.30,0.20
2008.03.03 09:31:30.028,0.7963,0.7967,0.80,4.10
2008.03.03 09:31:30.306,0.7963,0.7967,0.60,4.10
2008.03.03 09:31:30.352,0.79608,0.79648,0.30,0.20
2008.03.03 09:31:30.687,0.7963,0.7967,0.60,4.10
2008.03.03 09:31:30.774,0.79607,0.79647,0.30,0.20
2008.03.03 09:31:30.998,0.79607,0.79647,0.60,4.00
2008.03.03 09:31:31.126,0.7963,0.7967,0.60,4.10
2008.03.03 09:31:31.221,0.79606,0.79646,0.30,2.50
2008.03.03 09:31:31.460,0.7963,0.7967,0.80,4.10
2008.03.03 09:31:31.560,0.79605,0.79645,0.30,0.20
2008.03.03 09:31:31.789,0.7963,0.7967,0.80,4.10
2008.03.03 09:31:31.988,0.79604,0.79644,0.30,0.80
2008.03.03 09:31:32.014,0.7963,0.7967,0.80,4.10
2008.03.03 09:31:32.337,0.7963,0.7967,0.80,4.10
2008.03.03 09:31:32.431,0.79606,0.79646,0.30,4.00
2008.03.03 09:31:32.555,0.7963,0.7967,0.60,4.10
2008.03.03 09:31:32.769,0.79607,0.79647,0.30,0.20
2008.03.03 09:31:32.997,0.7963,0.7967,0.60,4.10
2008.03.03 09:31:33.083,0.79607,0.79647,5.60,2.90
2008.03.03 09:31:33.325,0.7963,0.7967,0.60,4.10
2008.03.03 09:31:33.436,0.79605,0.79645,2.60,2.40
2008.03.03 09:31:33.655,0.7964,0.7967,0.50,4.10
2008.03.03 09:31:33.762,0.79604,0.79644,0.30,2.80
2008.03.03 09:31:33.872,0.7964,0.7967,0.50,4.10
2008.03.03 09:31:34.076,0.79605,0.79645,4.80,0.20
2008.03.03 09:31:34.085,0.7964,0.7967,0.50,4.10
2008.03.03 09:31:34.324,0.7964,0.7967,0.50,4.10
2008.03.03 09:31:34.422,0.79607,0.79647,2.60,0.20
2008.03.03 09:31:34.635,0.7964,0.7967,0.50,4.10
2008.03.03 09:31:34.734,0.79606,0.79646,0.60,0.20
2008.03.03 09:31:34.969,0.7964,0.7967,0.50,4.10
2008.03.03 09:31:35.066,0.79602,0.79642,0.30,0.80
2008.03.03 09:31:35.308,0.7964,0.7967,0.50,4.10
2008.03.03 09:31:35.410,0.79599,0.79639,2.40,2.40
2008.03.03 09:31:35.644,0.7964,0.7967,0.50,4.10
2008.03.03 09:31:35.712,0.79603,0.79643,0.30,0.20
2008.03.03 09:31:36.065,0.79604,0.79644,0.30,1.90
2008.03.03 09:31:36.073,0.7964,0.7967,0.50,4.10
2008.03.03 09:31:36.343,0.79607,0.79647,0.50,2.00
2008.03.03 09:31:36.408,0.7964,0.7967,0.50,4.10
2008.03.03 09:31:36.606,0.79608,0.79648,0.30,0.20
2008.03.03 09:31:36.739,0.7964,0.7967,0.50,4.10
2008.03.03 09:31:37.046,0.79607,0.79647,2.40,2.40
2008.03.03 09:31:37.061,0.7964,0.7967,0.50,4.10
2008.03.03 09:31:37.404,0.7964,0.7967,0.50,4.10
2008.03.03 09:31:37.474,0.79607,0.79647,0.30,0.20
2008.03.03 09:31:37.718,0.7964,0.7967,0.50,4.10
2008.03.03 09:31:37.823,0.7961,0.7965,2.60,2.70
2008.03.03 09:31:38.046,0.7964,0.7967,0.50,4.10
2008.03.03 09:31:38.161,0.7961,0.7965,2.60,2.50
2008.03.03 09:31:38.397,0.7964,0.7967,0.50,4.10
2008.03.03 09:31:38.481,0.79611,0.79651,2.60,2.70
2008.03.03 09:31:38.719,0.7964,0.7967,0.50,4.10
2008.03.03 09:31:38.807,0.7961,0.7965,2.60,2.40
2008.03.03 09:31:39.050,0.7964,0.7967,0.50,4.10
2008.03.03 09:31:39.134,0.7961,0.7965,0.30,0.20
2008.03.03 09:31:39.397,0.7964,0.7967,0.50,4.10
2008.03.03 09:31:39.471,0.79609,0.79649,0.30,4.00
2008.03.03 09:31:39.633,0.79609,0.79649,0.30,0.20
2008.03.03 09:31:39.711,0.7964,0.7967,0.50,4.10
2008.03.03 09:31:39.810,0.79609,0.79649,0.30,0.20
2008.03.03 09:31:40.034,0.7964,0.7967,0.50,4.10
2008.03.03 09:31:40.132,0.79606,0.79646,4.00,0.20
2008.03.03 09:31:40.361,0.7964,0.7967,0.50,4.10
2008.03.03 09:31:40.462,0.79604,0.79644,0.20,9.60
2008.03.03 09:31:40.697,0.7964,0.7967,0.50,4.10
2008.03.03 09:31:40.784,0.79604,0.79644,0.30,4.00
2008.03.03 09:31:41.118,0.79605,0.79645,2.40,2.40
2008.03.03 09:31:41.124,0.7964,0.7967,0.50,4.10
2008.03.03 09:31:41.358,0.79606,0.79646,0.30,4.00
2008.03.03 09:31:41.458,0.7964,0.7967,0.50,4.10
2008.03.03 09:31:41.682,0.79606,0.79646,0.30,4.00
2008.03.03 09:31:41.708,0.7964,0.7967,0.50,4.10
2008.03.03 09:31:42.016,0.7964,0.7967,0.50,4.10
2008.03.03 09:31:42.111,0.79604,0.79644,0.30,0.20
2008.03.03 09:31:42.234,0.7964,0.7967,0.50,4.10
2008.03.03 09:31:42.453,0.7964,0.7967,0.50,4.10
2008.03.03 09:31:42.554,0.79602,0.79642,0.30,0.40
2008.03.03 09:31:42.777,0.7964,0.7967,0.50,4.10
2008.03.03 09:31:42.888,0.79602,0.79642,0.60,2.40
2008.03.03 09:31:43.108,0.7964,0.7967,0.50,4.10
2008.03.03 09:31:43.219,0.79601,0.79641,2.40,2.40
2008.03.03 09:31:43.454,0.7964,0.7967,0.50,4.10
2008.03.03 09:31:43.543,0.79602,0.79642,0.30,0.20
2008.03.03 09:31:43.684,0.7964,0.7967,0.50,4.10
2008.03.03 09:31:43.873,0.79604,0.79644,8.00,0.20
2008.03.03 09:31:43.986,0.7964,0.7967,0.50,4.10
2008.03.03 09:31:44.191,0.79604,0.79644,2.40,2.40
2008.03.03 09:31:44.217,0.7964,0.7967,0.50,4.10
2008.03.03 09:31:44.514,0.79606,0.79646,2.40,4.10
2008.03.03 09:31:44.549,0.7964,0.7967,0.50,4.10
2008.03.03 09:31:44.860,0.79606,0.79646,0.30,0.20
2008.03.03 09:31:44.880,0.7964,0.7967,0.50,4.10
2008.03.03 09:31:45.188,0.79606,0.79646,4.00,2.40
2008.03.03 09:31:45.214,0.7964,0.7967,0.50,4.10
2008.03.03 09:31:45.509,0.79605,0.79645,0.30,0.20
2008.03.03 09:31:45.531,0.7964,0.7967,0.50,4.10
2008.03.03 09:31:45.856,0.79601,0.79641,0.30,0.20
2008.03.03 09:31:45.861,0.7964,0.7967,0.50,4.10
2008.03.03 09:31:46.169,0.79597,0.79637,0.30,0.40
2008.03.03 09:31:46.201,0.7964,0.7967,0.50,4.10
2008.03.03 09:31:46.396,0.79598,0.79638,0.30,0.20
2008.03.03 09:31:46.635,0.7964,0.7967,0.50,4.10
2008.03.03 09:31:46.724,0.79603,0.79643,0.30,0.50
2008.03.03 09:31:46.965,0.7964,0.7967,0.50,4.10
2008.03.03 09:31:47.069,0.79607,0.79647,0.30,4.00
2008.03.03 09:31:47.188,0.7964,0.7967,0.50,4.10
2008.03.03 09:31:47.493,0.7961,0.7965,0.30,0.20
2008.03.03 09:31:47.523,0.7964,0.7967,0.50,4.10
2008.03.03 09:31:47.744,0.7964,0.7967,0.50,4.10
2008.03.03 09:31:47.836,0.7961,0.7965,2.60,0.20
2008.03.03 09:31:48.068,0.7964,0.7967,0.50,4.10
2008.03.03 09:31:48.151,0.7961,0.7965,0.30,0.20
2008.03.03 09:31:48.383,0.7964,0.7967,0.50,4.10
2008.03.03 09:31:48.489,0.7961,0.7965,4.00,0.20
2008.03.03 09:31:48.722,0.7964,0.7967,0.50,4.10
2008.03.03 09:31:48.819,0.7961,0.7965,0.30,0.40
2008.03.03 09:31:49.052,0.7964,0.7967,0.50,4.10
2008.03.03 09:31:49.152,0.79609,0.79649,0.50,0.20
2008.03.03 09:31:49.387,0.7964,0.7967,0.50,4.10
2008.03.03 09:31:49.482,0.79607,0.79647,0.30,4.00
2008.03.03 09:31:49.712,0.7964,0.7967,0.50,4.10
2008.03.03 09:31:49.813,0.79608,0.79648,4.00,0.20
2008.03.03 09:31:50.011,0.7964,0.7967,0.50,4.10
2008.03.03 09:31:50.245,0.79607,0.79647,0.30,4.10
2008.03.03 09:31:50.310,0.7964,0.7967,0.10,4.10
2008.03.03 09:31:50.592,0.7964,0.7967,0.10,4.10
2008.03.03 09:31:50.679,0.79607,0.79647,0.60,0.40
2008.03.03 09:31:50.916,0.7964,0.7967,0.10,4.10
2008.03.03 09:31:51.015,0.79609,0.79649,9.60,4.70
2008.03.03 09:31:51.228,0.79607,0.79647,0.30,0.20
2008.03.03 09:31:51.259,0.7964,0.7967,0.10,4.10
2008.03.03 09:31:51.451,0.79605,0.79645,4.00,0.20
2008.03.03 09:31:51.687,0.79603,0.79643,0.30,2.40
2008.03.03 09:31:51.902,0.79603,0.79643,4.00,0.40
2008.03.03 09:31:52.130,0.7964,0.7967,0.10,4.10
2008.03.03 09:31:52.201,0.79604,0.79644,0.30,2.50
2008.03.03 09:31:52.353,0.7964,0.7967,0.10,4.10
2008.03.03 09:31:52.577,0.7964,0.7967,0.10,4.10
2008.03.03 09:31:52.670,0.79606,0.79646,0.10,2.40
2008.03.03 09:31:52.915,0.7964,0.7967,0.10,4.10
2008.03.03 09:31:53.116,0.79607,0.79647,8.20,2.50
2008.03.03 09:31:53.339,0.7964,0.7967,0.10,4.10
2008.03.03 09:31:53.463,0.79609,0.79649,0.30,0.20
2008.03.03 09:31:53.677,0.7964,0.7967,0.10,4.10
2008.03.03 09:31:53.853,0.79609,0.79649,0.30,0.20
2008.03.03 09:31:54.113,0.7964,0.7967,0.10,4.10
2008.03.03 09:31:54.195,0.7961,0.7965,4.00,2.40
2008.03.03 09:31:54.336,0.7964,0.7967,0.10,4.10
2008.03.03 09:31:54.528,0.79609,0.79649,4.00,0.20
2008.03.03 09:31:54.662,0.7964,0.7967,0.10,4.10
2008.03.03 09:31:54.873,0.79608,0.79648,0.30,0.10
2008.03.03 09:31:54.891,0.7964,0.7967,0.10,4.10
2008.03.03 09:31:55.211,0.7964,0.7967,0.10,4.10
2008.03.03 09:31:55.282,0.79607,0.79647,0.30,0.20
2008.03.03 09:31:55.539,0.7964,0.7967,0.10,4.10
2008.03.03 09:31:55.720,0.79607,0.79647,0.30,0.20
2008.03.03 09:31:55.881,0.7964,0.7967,0.10,4.10
2008.03.03 09:31:56.070,0.79607,0.79647,0.30,0.20
2008.03.03 09:31:56.295,0.79608,0.79648,0.30,0.20
2008.03.03 09:31:56.301,0.7964,0.7967,0.10,4.10
2008.03.03 09:31:56.526,0.79608,0.79648,4.00,0.20
2008.03.03 09:31:56.635,0.7963,0.7967,0.60,4.10
2008.03.03 09:31:56.742,0.79609,0.79649,4.80,0.20
2008.03.03 09:31:56.959,0.79607,0.79647,0.30,4.00
2008.03.03 09:31:56.971,0.7963,0.7967,0.60,4.10
2008.03.03 09:31:57.305,0.7963,0.7967,0.60,4.10
2008.03.03 09:31:57.399,0.79606,0.79646,0.30,0.20
2008.03.03 09:31:57.534,0.7963,0.7967,0.80,4.10
2008.03.03 09:31:57.838,0.79607,0.79647,2.40,2.40
2008.03.03 09:31:57.845,0.7963,0.7967,0.80,4.10
2008.03.03 09:31:58.142,0.7963,0.7967,0.80,4.10
2008.03.03 09:31:58.172,0.79609,0.79649,0.30,0.20
2008.03.03 09:31:58.450,0.7963,0.7967,0.60,4.10
2008.03.03 09:31:58.496,0.7961,0.7965,0.30,0.20
2008.03.03 09:31:58.760,0.7963,0.7967,0.80,4.10
2008.03.03 09:31:58.821,0.7961,0.7965,0.30,0.20
2008.03.03 09:31:59.177,0.7963,0.7967,0.80,4.10
2008.03.03 09:31:59.411,0.7963,0.7967,0.80,4.10
2008.03.03 09:31:59.644,0.7963,0.7967,0.60,4.10
2008.03.03 09:31:59.942,0.7963,0.7967,0.60,4.10
2008.03.03 09:32:00.234,0.7963,0.7967,0.60,4.10
2008.03.03 09:32:00.454,0.79615,0.79655,4.00,0.20
2008.03.03 09:32:00.523,0.7963,0.7967,0.80,4.10
2008.03.03 09:32:00.782,0.79619,0.79659,0.30,0.20
2008.03.03 09:32:00.829,0.7963,0.7967,0.80,4.10
2008.03.03 09:32:01.110,0.79622,0.79662,4.80,6.40
2008.03.03 09:32:01.154,0.7963,0.7967,0.80,4.10
2008.03.03 09:32:01.438,0.79624,0.79664,0.30,9.60
2008.03.03 09:32:01.584,0.7963,0.7967,0.80,4.10
2008.03.03 09:32:01.770,0.79625,0.79665,0.60,0.20
2008.03.03 09:32:02.027,0.7963,0.7967,0.80,4.10
2008.03.03 09:32:02.181,0.79625,0.79665,0.30,0.20
2008.03.03 09:32:02.470,0.7963,0.7967,0.80,4.10
2008.03.03 09:32:02.512,0.79626,0.79666,3.20,2.40
2008.03.03 09:32:02.802,0.7963,0.7967,0.80,4.10
2008.03.03 09:32:02.862,0.79625,0.79665,0.30,0.20
2008.03.03 09:32:03.026,0.7963,0.7967,0.80,4.10
2008.03.03 09:32:03.199,0.79624,0.79664,0.30,0.20
2008.03.03 09:32:03.350,0.7963,0.7967,0.80,4.10
2008.03.03 09:32:03.524,0.79623,0.79663,0.30,4.00
2008.03.03 09:32:03.681,0.7963,0.7967,0.80,4.10
2008.03.03 09:32:03.865,0.79621,0.79661,0.30,4.00
2008.03.03 09:32:04.006,0.7963,0.7967,0.80,4.10
2008.03.03 09:32:04.276,0.7962,0.7966,0.30,4.00
2008.03.03 09:32:04.327,0.7963,0.7967,0.80,4.10
2008.03.03 09:32:04.639,0.7962,0.7966,8.20,9.70
2008.03.03 09:32:04.663,0.7963,0.7967,0.80,4.10
2008.03.03 09:32:04.971,0.79621,0.79661,0.30,0.20
2008.03.03 09:32:05.004,0.7963,0.7967,0.80,4.10
2008.03.03 09:32:05.244,0.79622,0.79662,0.60,0.20
2008.03.03 09:32:05.337,0.7963,0.7967,0.80,4.10
2008.03.03 09:32:05.512,0.79622,0.79662,0.30,4.10
2008.03.03 09:32:05.766,0.7963,0.7967,0.80,4.10
2008.03.03 09:32:05.839,0.79625,0.79665,2.60,2.50
2008.03.03 09:32:06.157,0.79627,0.79667,0.20,0.20
2008.03.03 09:32:06.206,0.7963,0.7967,0.80,4.10
2008.03.03 09:32:06.485,0.79627,0.79667,2.40,2.40
2008.03.03 09:32:06.548,0.7963,0.7967,0.80,4.10
2008.03.03 09:32:06.830,0.79628,0.79668,0.30,0.20
2008.03.03 09:32:06.863,0.7963,0.7967,0.80,4.10
2008.03.03 09:32:07.168,0.79627,0.79667,0.60,2.40
2008.03.03 09:32:07.202,0.7963,0.7967,0.80,4.10
2008.03.03 09:32:07.479,0.79627,0.79667,0.30,0.20
2008.03.03 09:32:07.522,0.7963,0.7967,0.80,4.10
2008.03.03 09:32:07.816,0.7963,0.7967,0.80,4.10
2008.03.03 09:32:07.825,0.79626,0.79666,0.30,0.20
2008.03.03 09:32:08.195,0.7963,0.7967,0.80,4.10
2008.03.03 09:32:08.263,0.79627,0.79667,2.40,2.40
2008.03.03 09:32:08.523,0.7963,0.7967,0.80,4.10
2008.03.03 09:32:08.671,0.79627,0.79667,4.00,0.20
2008.03.03 09:32:08.844,0.7963,0.7967,0.80,4.10
2008.03.03 09:32:09.066,0.79625,0.79665,0.60,4.00
2008.03.03 09:32:09.175,0.7963,0.7967,0.80,4.10
2008.03.03 09:32:09.371,0.79628,0.79658,4.00,0.40
2008.03.03 09:32:09.499,0.7963,0.7967,0.80,4.10
2008.03.03 09:32:09.676,0.79627,0.79657,2.40,2.40
2008.03.03 09:32:09.826,0.7963,0.7967,0.80,4.10
2008.03.03 09:32:09.912,0.79628,0.79658,0.30,8.00
2008.03.03 09:32:10.106,0.7963,0.7966,0.80,4.00
2008.03.03 09:32:10.138,0.79629,0.79659,0.30,4.10
2008.03.03 09:32:10.386,0.7963,0.7966,0.60,4.00
2008.03.03 09:32:10.457,0.79631,0.79661,4.00,0.20
2008.03.03 09:32:10.720,0.7963,0.7966,0.30,4.00
2008.03.03 09:32:10.892,0.79631,0.79661,2.60,6.40
2008.03.03 09:32:11.163,0.7963,0.7966,0.30,4.00
2008.03.03 09:32:11.226,0.79633,0.79663,2.40,0.40
2008.03.03 09:32:11.496,0.7963,0.7966,0.30,4.00
2008.03.03 09:32:11.566,0.79634,0.79664,2.40,2.40
2008.03.03 09:32:11.730,0.7963,0.7966,0.30,4.00
2008.03.03 09:32:11.862,0.79633,0.79663,4.00,0.20
2008.03.03 09:32:12.027,0.7963,0.7966,0.30,4.00
2008.03.03 09:32:12.210,0.79633,0.79663,2.40,2.40
2008.03.03 09:32:12.377,0.7963,0.7966,0.30,4.00
2008.03.03 09:32:12.547,0.79631,0.79661,0.60,0.20
2008.03.03 09:32:12.706,0.7963,0.7966,0.30,4.00
2008.03.03 09:32:12.766,0.7963,0.7966,0.80,4.00
2008.03.03 09:32:13.033,0.7963,0.7966,0.30,4.00
2008.03.03 09:32:13.201,0.79629,0.79659,0.30,2.40
2008.03.03 09:32:13.313,0.7963,0.7966,0.60,4.00
2008.03.03 09:32:13.583,0.7963,0.7966,0.60,4.00
2008.03.03 09:32:13.646,0.79629,0.79659,0.30,0.20
2008.03.03 09:32:13.913,0.7963,0.7966,0.60,4.00
2008.03.03 09:32:13.985,0.79628,0.79658,2.40,2.40
2008.03.03 09:32:14.232,0.7963,0.7966,0.60,4.00
2008.03.03 09:32:14.413,0.79629,0.79659,0.30,0.20
2008.03.03 09:32:14.571,0.7963,0.7966,0.60,4.00
2008.03.03 09:32:14.753,0.79632,0.79662,0.30,2.40
2008.03.03 09:32:14.901,0.7963,0.7966,0.60,4.00
2008.03.03 09:32:14.972,0.79634,0.79664,8.00,0.20
2008.03.03 09:32:15.225,0.7963,0.7966,0.60,4.00
2008.03.03 09:32:15.298,0.79634,0.79664,11.40,2.40
2008.03.03 09:32:15.512,0.79636,0.79666,0.30,0.20
2008.03.03 09:32:15.663,0.7963,0.7966,0.60,4.00
2008.03.03 09:32:15.954,0.79634,0.79664,0.30,0.20
2008.03.03 09:32:16.107,0.7963,0.7966,0.60,4.00
2008.03.03 09:32:16.295,0.79632,0.79662,8.00,0.20
2008.03.03 09:32:16.446,0.7963,0.7966,0.60,4.00
2008.03.03 09:32:16.659,0.7963,0.7966,0.60,4.00
2008.03.03 09:32:16.726,0.79631,0.79661,4.00,0.20
2008.03.03 09:32:16.880,0.7963,0.7966,0.60,4.00
2008.03.03 09:32:16.954,0.7963,0.7966,8.00,0.20
2008.03.03 09:32:17.089,0.79635,0.7966,0.10,4.00
2008.03.03 09:32:17.167,0.79631,0.79661,4.00,0.50
2008.03.03 09:32:17.298,0.7963,0.7966,0.60,4.00
2008.03.03 09:32:17.389,0.79631,0.79661,4.00,0.40
2008.03.03 09:32:17.608,0.79632,0.79662,0.30,0.20
2008.03.03 09:32:17.645,0.7963,0.7966,0.60,4.00
2008.03.03 09:32:17.824,0.79632,0.79662,0.30,8.00
2008.03.03 09:32:18.088,0.7963,0.7966,0.60,4.00
2008.03.03 09:32:18.266,0.7963,0.7966,0.30,2.50
2008.03.03 09:32:18.432,0.7963,0.7966,0.60,4.00
2008.03.03 09:32:18.712,0.79628,0.79658,2.40,2.40
2008.03.03 09:32:18.745,0.7963,0.7966,0.60,4.00
2008.03.03 09:32:18.974,0.7963,0.7966,0.60,4.00
2008.03.03 09:32:19.152,0.79628,0.79658,0.60,10.40
2008.03.03 09:32:19.203,0.7963,0.7967,0.60,4.10
2008.03.03 09:32:19.431,0.7964,0.7967,0.10,4.10
2008.03.03 09:32:19.583,0.79625,0.79655,0.30,11.20
2008.03.03 09:32:19.720,0.7964,0.7967,0.10,4.10
2008.03.03 09:32:20.006,0.79624,0.79654,4.20,2.40
2008.03.03 09:32:20.008,0.7964,0.7967,0.10,4.10
2008.03.03 09:32:20.124,0.79623,0.79653,0.30,0.20
2008.03.03 09:32:20.343,0.79622,0.79652,0.50,0.20
2008.03.03 09:32:20.398,0.7964,0.7967,0.10,4.10
2008.03.03 09:32:20.558,0.79625,0.79655,1.80,2.50
2008.03.03 09:32:20.680,0.79628,0.79658,0.30,0.20
2008.03.03 09:32:20.842,0.7963,0.7966,0.30,4.00
2008.03.03 09:32:20.844,0.7964,0.7967,0.10,4.10
2008.03.03 09:32:20.960,0.79628,0.79658,0.30,0.40
2008.03.03 09:32:21.078,0.79621,0.79661,2.80,2.50
2008.03.03 09:32:21.178,0.7964,0.7967,0.10,4.10
2008.03.03 09:32:21.613,0.7964,0.7967,0.10,4.10
2008.03.03 09:32:21.930,0.7964,0.7967,0.10,4.10
2008.03.03 09:32:22.151,0.7964,0.7967,0.10,4.10
2008.03.03 09:32:22.397,0.7964,0.7967,0.10,4.10
2008.03.03 09:32:22.713,0.7964,0.7967,0.10,4.10
2008.03.03 09:32:22.971,0.79619,0.79659,0.30,0.20
2008.03.03 09:32:23.135,0.7964,0.7967,0.10,4.10
2008.03.03 09:32:23.201,0.79619,0.79659,0.30,0.20
2008.03.03 09:32:23.433,0.79618,0.79658,0.30,0.20
2008.03.03 09:32:23.478,0.7964,0.7967,0.10,4.10
2008.03.03 09:32:23.765,0.7962,0.7966,9.70,0.20
2008.03.03 09:32:23.806,0.7964,0.7967,0.10,4.10
2008.03.03 09:32:24.044,0.7964,0.7967,0.10,4.10
2008.03.03 09:32:24.102,0.79624,0.79664,4.80,2.40
2008.03.03 09:32:24.365,0.7964,0.7967,0.10,4.10
2008.03.03 09:32:24.435,0.79627,0.79667,4.00,3.60
2008.03.03 09:32:24.686,0.7964,0.7967,0.10,4.10
2008.03.03 09:32:24.762,0.79623,0.79663,0.30,0.20
2008.03.03 09:32:25.011,0.7964,0.7967,0.10,4.10
2008.03.03 09:32:25.071,0.79622,0.79662,8.00,2.40
2008.03.03 09:32:25.345,0.7964,0.7967,0.10,4.10
2008.03.03 09:32:25.422,0.79624,0.79664,0.30,4.00
2008.03.03 09:32:25.683,0.7964,0.7967,0.10,4.10
2008.03.03 09:32:25.745,0.79625,0.79665,4.20,0.20
2008.03.03 09:32:26.065,0.79626,0.79666,0.30,0.20
2008.03.03 09:32:26.112,0.7964,0.7967,0.10,4.10
2008.03.03 09:32:26.412,0.79626,0.79666,1.00,0.20
2008.03.03 09:32:26.450,0.7964,0.7967,0.10,4.10
2008.03.03 09:32:26.671,0.7964,0.7967,0.10,4.10
2008.03.03 09:32:26.731,0.79625,0.79665,0.30,0.20
2008.03.03 09:32:26.996,0.79624,0.79664,0.80,0.20
2008.03.03 09:32:27.011,0.7964,0.7967,0.10,4.10
2008.03.03 09:32:27.255,0.79623,0.79663,4.00,0.40
2008.03.03 09:32:27.344,0.7964,0.7967,0.10,4.10
2008.03.03 09:32:27.514,0.79624,0.79664,0.30,4.00
2008.03.03 09:32:27.653,0.7964,0.7967,0.10,4.10
2008.03.03 09:32:27.832,0.79624,0.79664,4.20,2.40
2008.03.03 09:32:27.951,0.7964,0.7967,0.10,4.10
2008.03.03 09:32:28.210,0.79624,0.79664,0.60,4.00
2008.03.03 09:32:28.308,0.7964,0.7967,0.10,4.10
2008.03.03 09:32:28.478,0.79624,0.79664,0.60,0.20
2008.03.03 09:32:28.650,0.7964,0.7967,0.10,4.10
2008.03.03 09:32:28.812,0.79622,0.79662,2.40,2.40
2008.03.03 09:32:28.884,0.7964,0.7967,0.10,4.10
2008.03.03 09:32:29.146,0.79621,0.79661,0.50,0.20
2008.03.03 09:32:29.193,0.7964,0.7967,0.10,4.10
2008.03.03 09:32:29.490,0.7962,0.7966,0.30,4.00
2008.03.03 09:32:29.534,0.7964,0.7967,0.10,4.10
2008.03.03 09:32:29.823,0.79619,0.79659,6.40,0.20
2008.03.03 09:32:29.955,0.7964,0.7967,0.10,4.10
2008.03.03 09:32:30.155,0.79619,0.79659,4.00,0.40
2008.03.03 09:32:30.300,0.7964,0.7967,0.10,4.10
2008.03.03 09:32:30.470,0.79622,0.79662,0.30,0.20
2008.03.03 09:32:30.619,0.7964,0.7967,0.10,4.10
2008.03.03 09:32:30.795,0.79625,0.79665,0.30,0.20
2008.03.03 09:32:30.957,0.7964,0.7967,0.10,4.10
2008.03.03 09:32:31.125,0.79628,0.79668,11.20,0.20
2008.03.03 09:32:31.390,0.7964,0.7967,0.10,4.10
2008.03.03 09:32:31.456,0.79629,0.79669,0.30,0.20
2008.03.03 09:32:31.783,0.79627,0.79667,4.00,0.20
2008.03.03 09:32:31.829,0.7964,0.7967,0.10,4.10
2008.03.03 09:32:32.114,0.79626,0.79666,2.60,2.50
2008.03.03 09:32:32.161,0.7964,0.7967,0.10,4.10
2008.03.03 09:32:32.460,0.79625,0.79665,0.30,0.20
2008.03.03 09:32:32.494,0.7964,0.7967,0.10,4.10
2008.03.03 09:32:32.817,0.7964,0.7967,0.10,4.10
2008.03.03 09:32:32.885,0.79625,0.79665,0.30,0.40
2008.03.03 09:32:33.162,0.7964,0.7967,0.10,4.10
2008.03.03 09:32:33.219,0.79625,0.79665,0.30,2.40
2008.03.03 09:32:33.498,0.7964,0.7967,0.10,4.10
2008.03.03 09:32:33.557,0.79625,0.79665,0.30,2.40
2008.03.03 09:32:33.815,0.7964,0.7967,0.10,4.10
2008.03.03 09:32:33.984,0.79626,0.79666,4.00,0.20
2008.03.03 09:32:34.142,0.7964,0.7967,0.10,4.10
2008.03.03 09:32:34.328,0.79626,0.79666,2.40,0.20
2008.03.03 09:32:34.486,0.7964,0.7967,0.10,4.10
2008.03.03 09:32:34.737,0.79625,0.79665,0.30,0.20
2008.03.03 09:32:34.798,0.7964,0.7967,0.10,4.10
2008.03.03 09:32:34.988,0.79626,0.79666,2.60,2.40
2008.03.03 09:32:35.080,0.7964,0.7967,0.10,4.10
2008.03.03 09:32:35.192,0.79627,0.79667,1.00,0.20
2008.03.03 09:32:35.349,0.7964,0.7967,0.10,4.10
2008.03.03 09:32:35.414,0.79627,0.79667,0.30,0.20
2008.03.03 09:32:35.651,0.79627,0.79667,6.40,0.20
2008.03.03 09:32:35.688,0.7964,0.7967,0.10,4.10
2008.03.03 09:32:35.866,0.79626,0.79666,8.80,4.00
2008.03.03 09:32:36.127,0.7964,0.7967,0.10,4.10
2008.03.03 09:32:36.307,0.79626,0.79666,0.30,0.20
2008.03.03 09:32:36.461,0.79655,0.7967,0.80,4.10
2008.03.03 09:32:36.718,0.79626,0.79666,0.30,0.20
2008.03.03 09:32:36.795,0.79655,0.7967,0.80,4.10
2008.03.03 09:32:36.930,0.79624,0.79664,4.80,0.20
2008.03.03 09:32:37.022,0.79655,0.7967,0.80,4.10
2008.03.03 09:32:37.074,0.79621,0.79661,0.30,4.00
2008.03.03 09:32:37.237,0.79655,0.7968,0.80,6.70
2008.03.03 09:32:37.400,0.7962,0.7966,4.00,0.20
2008.03.03 09:32:37.451,0.79655,0.7968,0.80,4.30
2008.03.03 09:32:37.666,0.7963,0.7966,0.60,4.00
2008.03.03 09:32:37.715,0.7962,0.7966,2.00,5.60
2008.03.03 09:32:37.795,0.79622,0.79662,0.30,0.20
2008.03.03 09:32:37.881,0.7963,0.7966,0.60,4.00
2008.03.03 09:32:37.945,0.79623,0.79663,2.40,2.50
2008.03.03 09:32:38.216,0.7963,0.79675,0.30,2.40
2008.03.03 09:32:38.281,0.79624,0.79664,0.30,0.20
2008.03.03 09:32:38.551,0.7963,0.7968,0.60,4.10
2008.03.03 09:32:38.714,0.79621,0.79661,9.80,8.10
2008.03.03 09:32:38.886,0.7963,0.7968,0.30,4.30
2008.03.03 09:32:39.049,0.7962,0.7966,0.30,0.20
2008.03.03 09:32:39.193,0.7963,0.7968,0.30,4.30
2008.03.03 09:32:39.484,0.7962,0.7966,0.10,0.20
2008.03.03 09:32:39.531,0.7963,0.7968,0.30,4.30
2008.03.03 09:32:39.759,0.7963,0.7968,0.60,4.30
2008.03.03 09:32:39.929,0.7962,0.7966,4.80,0.20
2008.03.03 09:32:40.033,0.79619,0.79659,0.60,2.40
2008.03.03 09:32:40.083,0.7963,0.7968,0.60,4.30
2008.03.03 09:32:40.132,0.79619,0.79659,2.40,4.10
2008.03.03 09:32:40.243,0.7962,0.7966,0.30,4.00
2008.03.03 09:32:40.359,0.79622,0.79662,2.40,0.20
2008.03.03 09:32:40.418,0.7963,0.7968,0.60,4.30
2008.03.03 09:32:40.463,0.79624,0.79664,0.30,4.00
2008.03.03 09:32:40.605,0.79626,0.79666,0.30,6.40
2008.03.03 09:32:40.647,0.79628,0.79668,2.40,2.40
2008.03.03 09:32:40.704,0.79627,0.79667,0.70,4.00
2008.03.03 09:32:40.728,0.79635,0.7968,0.80,4.30
2008.03.03 09:32:40.771,0.79625,0.79665,0.50,2.50
2008.03.03 09:32:40.832,0.79621,0.79661,2.40,4.00
2008.03.03 09:32:40.895,0.7962,0.7966,4.00,0.90
2008.03.03 09:32:40.972,0.7962,0.7966,0.30,4.10
2008.03.03 09:32:41.038,0.79635,0.7967,1.60,4.00
2008.03.03 09:32:41.373,0.7964,0.7967,0.30,4.00
2008.03.03 09:32:41.707,0.7964,0.7967,0.30,4.00
2008.03.03 09:32:42.041,0.79635,0.7967,0.30,4.00
2008.03.03 09:32:42.287,0.7963,0.7967,0.60,4.00
2008.03.03 09:32:42.530,0.7963,0.7966,0.60,4.00
2008.03.03 09:32:42.774,0.7963,0.7966,0.30,4.00
2008.03.03 09:32:43.050,0.7963,0.7966,0.30,4.00
2008.03.03 09:32:43.318,0.7963,0.7966,0.60,4.00
2008.03.03 09:32:43.593,0.7963,0.7966,0.60,4.00
2008.03.03 09:32:43.928,0.7963,0.7966,0.60,4.00
2008.03.03 09:32:44.227,0.7962,0.7966,0.30,4.00
2008.03.03 09:32:44.266,0.7963,0.7966,0.60,4.00
2008.03.03 09:32:44.597,0.7963,0.7966,0.60,4.00
2008.03.03 09:32:44.920,0.7963,0.7966,0.60,4.00
2008.03.03 09:32:45.209,0.79635,0.7967,0.80,4.00
2008.03.03 09:32:45.499,0.7964,0.7967,0.60,4.00
2008.03.03 09:32:45.789,0.7964,0.7967,0.60,4.00
2008.03.03 09:32:46.079,0.7964,0.7967,0.60,4.10
2008.03.03 09:32:46.300,0.79621,0.79661,2.60,4.00
2008.03.03 09:32:46.415,0.7964,0.7967,0.60,4.10
2008.03.03 09:32:46.613,0.79622,0.79662,0.30,0.20
2008.03.03 09:32:46.790,0.7964,0.7967,0.60,4.10
2008.03.03 09:32:46.969,0.79624,0.79664,0.30,0.20
2008.03.03 09:32:47.231,0.7964,0.7967,0.60,4.10
2008.03.03 09:32:47.302,0.79625,0.79665,0.30,4.00
2008.03.03 09:32:47.585,0.7964,0.7967,0.60,4.10
2008.03.03 09:32:47.640,0.79625,0.79665,2.00,4.10
2008.03.03 09:32:47.887,0.7964,0.7967,0.60,4.10
2008.03.03 09:32:47.952,0.79624,0.79664,8.00,0.20
2008.03.03 09:32:48.210,0.7964,0.7967,0.60,4.10
2008.03.03 09:32:48.297,0.79621,0.79661,0.30,0.20
2008.03.03 09:32:48.547,0.7964,0.7967,0.60,4.10
2008.03.03 09:32:48.609,0.7962,0.7966,4.00,0.20
2008.03.03 09:32:48.880,0.7964,0.7967,0.60,4.10
2008.03.03 09:32:49.052,0.7962,0.7966,0.30,0.20
2008.03.03 09:32:49.218,0.7964,0.7967,0.60,4.10
2008.03.03 09:32:49.501,0.7962,0.7966,0.30,0.80
2008.03.03 09:32:49.536,0.7964,0.7967,0.60,4.10
2008.03.03 09:32:49.820,0.79621,0.79661,4.00,0.20
2008.03.03 09:32:49.875,0.7964,0.7967,0.60,4.10
2008.03.03 09:32:50.123,0.7964,0.7967,0.60,4.10
2008.03.03 09:32:50.133,0.7962,0.7966,0.30,0.40
2008.03.03 09:32:50.491,0.79619,0.79659,0.30,0.20
2008.03.03 09:32:50.524,0.7964,0.7967,0.60,4.10
2008.03.03 09:32:50.821,0.7962,0.7966,2.40,2.40
2008.03.03 09:32:50.849,0.7964,0.7967,0.60,4.10
2008.03.03 09:32:51.153,0.7962,0.7966,2.60,0.20
2008.03.03 09:32:51.185,0.7964,0.7967,0.60,4.10
2008.03.03 09:32:51.488,0.7962,0.7966,0.30,0.20
2008.03.03 09:32:51.631,0.7964,0.7967,0.60,4.10
2008.03.03 09:32:51.804,0.7962,0.7966,4.20,0.20
2008.03.03 09:32:52.074,0.7964,0.7967,0.60,4.10
2008.03.03 09:32:52.132,0.79621,0.79661,0.30,0.20
2008.03.03 09:32:52.406,0.7964,0.7967,0.60,4.10
2008.03.03 09:32:52.456,0.79619,0.79659,0.30,0.20
2008.03.03 09:32:52.648,0.7964,0.7966,0.50,4.00
2008.03.03 09:32:52.809,0.79619,0.79659,4.00,0.40
2008.03.03 09:32:52.866,0.7964,0.7966,0.50,4.00
2008.03.03 09:32:53.135,0.79617,0.79657,0.60,0.20
2008.03.03 09:32:53.182,0.7964,0.7966,0.50,4.00
2008.03.03 09:32:53.456,0.79618,0.79658,1.60,4.00
2008.03.03 09:32:53.502,0.7964,0.7966,0.50,4.00
2008.03.03 09:32:53.782,0.79621,0.79661,9.60,0.20
2008.03.03 09:32:53.804,0.7964,0.7966,0.50,4.00
2008.03.03 09:32:54.120,0.79623,0.79663,0.50,0.20
2008.03.03 09:32:54.146,0.7964,0.7966,0.50,4.00
2008.03.03 09:32:54.494,0.7964,0.7966,0.50,4.00
2008.03.03 09:32:54.555,0.79624,0.79664,0.30,0.40
2008.03.03 09:32:54.811,0.7964,0.7966,0.50,4.00
2008.03.03 09:32:54.888,0.79621,0.79661,5.60,0.20
2008.03.03 09:32:55.120,0.7964,0.7966,0.50,4.00
2008.03.03 09:32:55.214,0.79621,0.79661,0.60,0.20
2008.03.03 09:32:55.484,0.7964,0.7966,0.50,4.00
2008.03.03 09:32:55.580,0.7962,0.7966,6.40,0.20
2008.03.03 09:32:55.796,0.7964,0.7966,0.50,4.00
2008.03.03 09:32:55.890,0.79619,0.79659,2.40,2.40
2008.03.03 09:32:56.146,0.7964,0.7966,0.50,4.00
2008.03.03 09:32:56.199,0.79617,0.79657,0.30,0.80
2008.03.03 09:32:56.544,0.79619,0.79659,0.30,0.40
2008.03.03 09:32:56.591,0.7964,0.7966,0.50,4.00
2008.03.03 09:32:56.851,0.7962,0.7966,0.30,0.40
2008.03.03 09:32:57.010,0.7964,0.7966,0.50,4.00
2008.03.03 09:32:57.187,0.79621,0.79661,4.00,0.20
2008.03.03 09:32:57.249,0.7964,0.7966,0.50,4.00
2008.03.03 09:32:57.457,0.7964,0.7966,0.50,4.00
2008.03.03 09:32:57.518,0.79622,0.79662,0.30,0.20
2008.03.03 09:32:57.665,0.7964,0.7967,0.50,4.00
2008.03.03 09:32:57.875,0.7964,0.7967,0.50,4.00
2008.03.03 09:32:57.965,0.79622,0.79662,1.00,9.60
2008.03.03 09:32:58.120,0.7964,0.7967,0.60,4.00
2008.03.03 09:32:58.404,0.79622,0.79662,0.60,2.50
2008.03.03 09:32:58.454,0.7964,0.7967,0.60,4.10
2008.03.03 09:32:58.741,0.79624,0.79664,2.60,2.50
2008.03.03 09:32:58.807,0.7964,0.7967,0.60,4.10
2008.03.03 09:32:59.074,0.79623,0.79663,0.50,0.20
2008.03.03 09:32:59.143,0.7964,0.7967,0.60,4.10
2008.03.03 09:32:59.399,0.79622,0.79662,0.30,0.30
2008.03.03 09:32:59.439,0.7964,0.7967,0.60,4.10
2008.03.03 09:32:59.735,0.79621,0.79661,0.30,0.40
2008.03.03 09:32:59.769,0.7964,0.7967,0.60,4.10
2008.03.03 09:33:00.064,0.7964,0.7967,0.60,4.10
2008.03.03 09:33:00.310,0.7964,0.7967,0.60,4.10
2008.03.03 09:33:00.647,0.7964,0.7967,0.60,4.10
2008.03.03 09:33:00.764,0.79622,0.79662,1.60,0.20
2008.03.03 09:33:00.968,0.7964,0.7967,0.60,4.10
2008.03.03 09:33:01.089,0.79624,0.79664,8.00,0.20
2008.03.03 09:33:01.299,0.7964,0.7967,0.60,4.10
2008.03.03 09:33:01.440,0.79625,0.79665,0.30,0.20
2008.03.03 09:33:01.745,0.7964,0.7967,0.60,4.10
2008.03.03 09:33:01.749,0.79625,0.79665,0.30,0.20
2008.03.03 09:33:02.086,0.79626,0.79666,4.00,2.40
2008.03.03 09:33:02.186,0.7964,0.7967,0.60,4.10
2008.03.03 09:33:02.408,0.79625,0.79665,0.30,0.20
2008.03.03 09:33:02.512,0.7964,0.7967,0.60,4.10
2008.03.03 09:33:02.728,0.79624,0.79664,4.80,0.50
2008.03.03 09:33:02.845,0.7964,0.7967,0.60,4.10
2008.03.03 09:33:03.165,0.7964,0.7967,0.60,4.10
2008.03.03 09:33:03.186,0.79625,0.79665,0.30,4.00
2008.03.03 09:33:03.514,0.7964,0.7967,0.60,4.10
2008.03.03 09:33:03.613,0.79626,0.79666,0.60,0.20
2008.03.03 09:33:03.818,0.7964,0.7967,0.60,4.10
2008.03.03 09:33:03.949,0.79627,0.79667,0.30,2.40
2008.03.03 09:33:04.157,0.7964,0.7967,0.60,4.10
2008.03.03 09:33:04.315,0.79626,0.79666,0.30,0.20
2008.03.03 09:33:04.488,0.7964,0.7967,0.60,4.10
2008.03.03 09:33:04.609,0.79627,0.79667,0.30,0.20
2008.03.03 09:33:04.817,0.7964,0.7967,0.60,4.10
2008.03.03 09:33:04.951,0.79628,0.79668,0.50,2.40
2008.03.03 09:33:05.138,0.7964,0.7967,0.60,4.10
2008.03.03 09:33:05.268,0.79629,0.79669,0.30,0.20
2008.03.03 09:33:05.480,0.7964,0.7967,0.60,4.10
2008.03.03 09:33:05.610,0.79628,0.79668,0.30,0.20
2008.03.03 09:33:05.923,0.7964,0.7967,0.60,4.10
2008.03.03 09:33:05.928,0.79627,0.79667,0.60,8.00
2008.03.03 09:33:06.365,0.7964,0.7967,0.60,4.10
2008.03.03 09:33:06.366,0.79626,0.79666,2.40,2.40
2008.03.03 09:33:06.694,0.7964,0.7967,0.60,4.10
2008.03.03 09:33:06.709,0.79626,0.79666,4.80,0.10
2008.03.03 09:33:07.023,0.7964,0.7967,0.60,4.10
2008.03.03 09:33:07.037,0.79626,0.79666,2.40,2.40
2008.03.03 09:33:07.251,0.79625,0.79665,2.40,2.40
2008.03.03 09:33:07.357,0.7964,0.7967,0.60,4.10
2008.03.03 09:33:07.465,0.79626,0.79666,0.60,0.20
2008.03.03 09:33:07.684,0.7964,0.7967,0.60,4.10
2008.03.03 09:33:07.689,0.79626,0.79666,0.60,0.40
2008.03.03 09:33:08.004,0.79627,0.79667,0.30,0.20
2008.03.03 09:33:08.007,0.7964,0.7967,0.60,4.10
2008.03.03 09:33:08.338,0.7964,0.7967,0.60,4.10
2008.03.03 09:33:08.453,0.79628,0.79668,0.30,4.00
2008.03.03 09:33:08.691,0.7964,0.7967,0.60,4.10
2008.03.03 09:33:08.895,0.79627,0.79667,0.30,4.00
2008.03.03 09:33:09.008,0.7964,0.7967,0.60,4.10
2008.03.03 09:33:09.230,0.79627,0.79667,4.80,4.00
2008.03.03 09:33:09.343,0.7964,0.7967,0.60,4.10
2008.03.03 09:33:09.562,0.79626,0.79666,0.30,0.20
2008.03.03 09:33:09.658,0.7964,0.7967,0.60,4.10
2008.03.03 09:33:09.895,0.79626,0.79666,4.00,0.20
2008.03.03 09:33:09.987,0.7964,0.7967,0.60,4.10
2008.03.03 09:33:10.207,0.79627,0.79667,0.30,0.40
2008.03.03 09:33:10.330,0.7964,0.7967,0.60,4.10
2008.03.03 09:33:10.446,0.79628,0.79668,0.30,0.20
2008.03.03 09:33:10.755,0.7964,0.7967,0.60,4.10
2008.03.03 09:33:10.761,0.79628,0.79668,0.30,4.00
2008.03.03 09:33:11.093,0.79628,0.79668,4.20,2.40
2008.03.03 09:33:11.209,0.7964,0.7967,0.60,4.10
2008.03.03 09:33:11.425,0.79627,0.79667,6.40,0.60
2008.03.03 09:33:11.633,0.7964,0.7967,0.60,4.10
2008.03.03 09:33:11.756,0.79626,0.79666,2.40,2.40
2008.03.03 09:33:11.870,0.7964,0.7967,0.60,4.10
2008.03.03 09:33:12.091,0.79626,0.79666,2.40,2.40
2008.03.03 09:33:12.193,0.7964,0.7967,0.60,4.10
2008.03.03 09:33:12.306,0.79626,0.79666,0.30,0.20
2008.03.03 09:33:12.523,0.7964,0.7967,0.60,4.10
2008.03.03 09:33:12.528,0.79626,0.79666,0.60,0.20
2008.03.03 09:33:12.744,0.79627,0.79667,5.60,2.90
2008.03.03 09:33:12.855,0.7964,0.7967,0.60,4.10
2008.03.03 09:33:12.966,0.79627,0.79667,0.30,0.20
2008.03.03 09:33:13.172,0.7964,0.7967,0.60,4.10
2008.03.03 09:33:13.408,0.79626,0.79666,2.40,0.40
2008.03.03 09:33:13.518,0.7964,0.7967,0.60,4.10
2008.03.03 09:33:13.841,0.7964,0.7967,0.60,4.10
2008.03.03 09:33:13.848,0.79626,0.79666,0.30,0.20
2008.03.03 09:33:14.175,0.7964,0.7967,0.60,4.10
2008.03.03 09:33:14.294,0.79626,0.79666,2.80,0.70
2008.03.03 09:33:14.504,0.7964,0.7967,0.60,4.10
2008.03.03 09:33:14.626,0.79626,0.79666,0.30,4.00
2008.03.03 09:33:14.843,0.7964,0.7967,0.60,4.10
2008.03.03 09:33:14.932,0.79625,0.79665,0.30,0.20
2008.03.03 09:33:15.167,0.7964,0.7967,0.60,4.10
2008.03.03 09:33:15.274,0.79626,0.79666,0.30,0.20
2008.03.03 09:33:15.488,0.7964,0.7967,0.60,4.10
2008.03.03 09:33:15.615,0.79626,0.79666,0.30,0.20
2008.03.03 09:33:15.927,0.79627,0.79667,0.30,0.20
2008.03.03 09:33:15.942,0.7964,0.7967,0.60,4.10
2008.03.03 09:33:16.254,0.79628,0.79668,0.30,4.00
2008.03.03 09:33:16.384,0.7964,0.7967,0.60,4.10
2008.03.03 09:33:16.597,0.79627,0.79667,1.60,2.40
2008.03.03 09:33:16.813,0.7964,0.7967,0.60,4.10
2008.03.03 09:33:16.929,0.79626,0.79666,6.40,2.40
2008.03.03 09:33:17.151,0.7964,0.7967,0.60,4.10
2008.03.03 09:33:17.264,0.79625,0.79665,0.30,0.20
2008.03.03 09:33:17.468,0.79626,0.79666,2.60,2.50
2008.03.03 09:33:17.487,0.7964,0.7967,0.60,4.10
2008.03.03 09:33:17.707,0.79626,0.79666,0.30,0.20
2008.03.03 09:33:17.808,0.7964,0.7967,0.60,4.10
2008.03.03 09:33:17.919,0.79625,0.79665,0.30,0.20
2008.03.03 09:33:18.141,0.79624,0.79664,4.00,0.20
2008.03.03 09:33:18.148,0.7964,0.7967,0.60,4.10
2008.03.03 09:33:18.360,0.79623,0.79663,0.30,0.20
2008.03.03 09:33:18.464,0.7964,0.7967,0.60,4.10
2008.03.03 09:33:18.800,0.7964,0.7967,0.60,4.10
2008.03.03 09:33:18.807,0.79624,0.79664,4.00,0.20
2008.03.03 09:33:19.157,0.7964,0.7967,0.60,4.10
2008.03.03 09:33:19.230,0.79623,0.79663,4.20,0.20
2008.03.03 09:33:19.467,0.7964,0.7967,0.60,4.10
2008.03.03 09:33:19.554,0.79623,0.79663,2.40,2.40
2008.03.03 09:33:19.794,0.7964,0.7967,0.60,4.10
2008.03.03 09:33:19.898,0.79624,0.79664,8.00,0.20
2008.03.03 09:33:20.112,0.7964,0.7967,0.60,4.10
2008.03.03 09:33:20.235,0.79626,0.79666,0.30,0.40
2008.03.03 09:33:20.450,0.7964,0.7967,0.60,4.10
2008.03.03 09:33:20.547,0.79626,0.79666,0.30,0.20
2008.03.03 09:33:20.771,0.7964,0.7967,0.60,4.10
2008.03.03 09:33:20.882,0.79627,0.79667,0.50,0.20
2008.03.03 09:33:21.103,0.7964,0.7967,0.60,4.10
2008.03.03 09:33:21.219,0.79628,0.79668,0.60,0.20
2008.03.03 09:33:21.438,0.7964,0.7967,0.60,4.10
2008.03.03 09:33:21.632,0.79628,0.79668,0.30,0.20
2008.03.03 09:33:21.885,0.7964,0.7967,0.60,4.10
2008.03.03 09:33:21.957,0.79627,0.79667,2.40,0.20
2008.03.03 09:33:22.108,0.7964,0.7967,0.60,4.10
2008.03.03 09:33:22.300,0.79626,0.79666,0.30,1.10
2008.03.03 09:33:22.333,0.7964,0.7967,0.60,4.00
2008.03.03 09:33:22.534,0.79626,0.79666,4.00,0.20
2008.03.03 09:33:22.651,0.7964,0.7967,0.60,4.00
2008.03.03 09:33:22.766,0.79625,0.79665,2.00,4.00
2008.03.03 09:33:22.975,0.7964,0.7967,0.60,4.00
2008.03.03 09:33:23.090,0.79624,0.79664,4.00,0.20
2008.03.03 09:33:23.305,0.7964,0.7967,0.60,4.00
2008.03.03 09:33:23.356,0.79624,0.79664,0.30,0.20
2008.03.03 09:33:23.636,0.7964,0.7967,0.60,4.00
2008.03.03 09:33:23.690,0.79623,0.79663,0.30,0.20
2008.03.03 09:33:23.896,0.7964,0.7967,0.60,4.00
2008.03.03 09:33:24.024,0.79626,0.79661,4.00,2.40
2008.03.03 09:33:24.198,0.7964,0.7967,0.60,4.00
2008.03.03 09:33:24.358,0.79628,0.79658,8.20,0.20
2008.03.03 09:33:24.507,0.7965,0.7967,0.50,4.00
2008.03.03 09:33:24.643,0.79629,0.79654,0.30,0.20
2008.03.03 09:33:24.858,0.7965,0.7967,0.50,4.00
2008.03.03 09:33:24.927,0.79633,0.79658,9.60,0.20
2008.03.03 09:33:25.175,0.7965,0.7967,0.50,4.00
2008.03.03 09:33:25.212,0.79635,0.79665,0.30,0.20
2008.03.03 09:33:25.497,0.79638,0.79664,0.30,0.20
2008.03.03 09:33:25.500,0.7965,0.7967,0.50,4.00
2008.03.03 09:33:25.726,0.79633,0.79663,0.30,0.20
2008.03.03 09:33:25.815,0.7965,0.7967,0.50,4.00
2008.03.03 09:33:26.046,0.79633,0.79663,2.60,8.10
2008.03.03 09:33:26.168,0.7965,0.7967,0.50,4.00
2008.03.03 09:33:26.375,0.79631,0.79661,4.00,0.50
2008.03.03 09:33:26.608,0.7965,0.7967,0.50,4.00
2008.03.03 09:33:26.754,0.79629,0.79659,2.40,2.40
2008.03.03 09:33:26.946,0.7965,0.7967,0.50,4.00
2008.03.03 09:33:27.069,0.79629,0.79659,0.50,0.40
2008.03.03 09:33:27.167,0.7965,0.7967,0.50,4.00
2008.03.03 09:33:27.385,0.7965,0.7967,0.50,4.00
2008.03.03 09:33:27.476,0.79631,0.79661,2.00,2.50
2008.03.03 09:33:27.604,0.7965,0.7967,0.50,4.00
2008.03.03 09:33:27.707,0.79633,0.79663,0.50,0.20
2008.03.03 09:33:27.823,0.7965,0.7967,0.50,4.00
2008.03.03 09:33:27.935,0.79633,0.79663,2.40,2.40
2008.03.03 09:33:28.145,0.7965,0.7967,0.50,4.00
2008.03.03 09:33:28.238,0.79632,0.79662,0.30,0.20
2008.03.03 09:33:28.473,0.7965,0.7967,0.50,4.00
2008.03.03 09:33:28.571,0.79631,0.79661,4.00,0.30
2008.03.03 09:33:28.783,0.7965,0.7967,0.50,4.00
2008.03.03 09:33:29.026,0.79631,0.79661,4.80,0.20
2008.03.03 09:33:29.141,0.7965,0.7967,0.50,4.00
2008.03.03 09:33:29.421,0.79633,0.79663,2.40,4.00
2008.03.03 09:33:29.459,0.7965,0.7967,0.50,4.00
2008.03.03 09:33:29.691,0.79634,0.79664,0.30,4.00
2008.03.03 09:33:29.699,0.7965,0.7967,0.50,4.00
2008.03.03 09:33:30.015,0.7965,0.7967,0.50,4.00
2008.03.03 09:33:30.019,0.79632,0.79662,0.30,0.20
2008.03.03 09:33:30.324,0.79631,0.79661,0.30,0.40
2008.03.03 09:33:30.369,0.7965,0.7967,0.50,4.00
2008.03.03 09:33:30.574,0.79629,0.79659,0.30,0.20
2008.03.03 09:33:30.672,0.7965,0.7967,0.50,4.00
2008.03.03 09:33:30.850,0.79631,0.79661,4.00,4.00
2008.03.03 09:33:31.009,0.7965,0.7967,0.50,4.00
2008.03.03 09:33:31.098,0.79631,0.79661,4.80,6.40
2008.03.03 09:33:31.344,0.7965,0.7967,0.50,4.00
2008.03.03 09:33:31.347,0.79629,0.79659,0.30,2.50
2008.03.03 09:33:31.638,0.79631,0.79656,2.40,0.50
2008.03.03 09:33:31.764,0.7965,0.7967,0.50,4.00
2008.03.03 09:33:31.951,0.79632,0.79657,0.30,5.70
2008.03.03 09:33:31.990,0.7965,0.7967,0.50,4.00
2008.03.03 09:33:32.213,0.7965,0.7967,0.50,4.00
2008.03.03 09:33:32.241,0.79633,0.79658,0.30,0.20
2008.03.03 09:33:32.548,0.79632,0.79657,2.60,0.60
2008.03.03 09:33:32.552,0.7965,0.7967,0.50,4.00
2008.03.03 09:33:32.776,0.79629,0.79654,4.00,0.20
2008.03.03 09:33:32.871,0.7965,0.7967,0.50,4.00
2008.03.03 09:33:33.084,0.79628,0.79653,9.60,0.20
2008.03.03 09:33:33.205,0.7965,0.7967,0.50,4.00
2008.03.03 09:33:33.422,0.79627,0.79652,3.80,2.40
2008.03.03 09:33:33.530,0.7965,0.7967,0.50,4.00
2008.03.03 09:33:33.854,0.79625,0.7965,2.60,2.70
2008.03.03 09:33:33.856,0.7965,0.7967,0.50,4.00
2008.03.03 09:33:34.208,0.7965,0.7967,0.50,4.00
2008.03.03 09:33:34.307,0.79625,0.7965,0.30,0.20
2008.03.03 09:33:34.524,0.7965,0.7967,0.50,4.00
2008.03.03 09:33:34.639,0.79625,0.7965,0.70,4.00
2008.03.03 09:33:34.866,0.7965,0.7967,0.50,4.00
2008.03.03 09:33:35.007,0.79626,0.79651,0.30,4.00
2008.03.03 09:33:35.185,0.7965,0.7967,0.50,4.00
2008.03.03 09:33:35.287,0.79629,0.79654,0.30,0.20
2008.03.03 09:33:35.527,0.7965,0.7967,0.50,4.00
2008.03.03 09:33:35.616,0.79633,0.79658,0.30,0.20
2008.03.03 09:33:35.851,0.7965,0.7967,0.50,4.00
2008.03.03 09:33:35.958,0.79634,0.79659,0.80,0.20
2008.03.03 09:33:36.186,0.7965,0.7967,0.50,4.00
2008.03.03 09:33:36.284,0.79633,0.79658,0.30,0.20
2008.03.03 09:33:36.521,0.7965,0.7967,0.50,4.00
2008.03.03 09:33:36.620,0.79631,0.79656,0.30,0.50
2008.03.03 09:33:36.953,0.79629,0.79654,2.40,2.40
2008.03.03 09:33:37.271,0.79629,0.79654,0.30,0.20
2008.03.03 09:33:37.284,0.7965,0.7967,0.50,4.00
2008.03.03 09:33:37.517,0.7965,0.79675,0.50,4.10
2008.03.03 09:33:37.597,0.79631,0.79656,0.30,0.20
2008.03.03 09:33:37.816,0.79633,0.79658,0.30,4.00
2008.03.03 09:33:37.835,0.7965,0.79675,0.50,4.10
2008.03.03 09:33:38.034,0.79633,0.79658,0.30,0.20
2008.03.03 09:33:38.260,0.7965,0.79675,0.50,4.10
2008.03.03 09:33:38.367,0.79634,0.79659,0.30,1.70
2008.03.03 09:33:38.706,0.7965,0.79675,0.50,4.10
2008.03.03 09:33:38.805,0.79634,0.79659,2.40,2.40
2008.03.03 09:33:39.035,0.7965,0.79675,0.50,4.00
2008.03.03 09:33:39.253,0.79634,0.79659,0.30,0.40
2008.03.03 09:33:39.269,0.7965,0.79675,0.50,4.00
2008.03.03 09:33:39.583,0.7965,0.79675,0.50,4.00
2008.03.03 09:33:39.693,0.79632,0.79657,2.40,2.60
2008.03.03 09:33:39.909,0.7965,0.79675,0.50,4.00
2008.03.03 09:33:40.026,0.79629,0.79654,0.30,4.00
2008.03.03 09:33:40.262,0.7965,0.79675,0.50,4.00
2008.03.03 09:33:40.379,0.79628,0.79653,4.00,0.20
2008.03.03 09:33:40.571,0.7965,0.79675,0.50,4.00
2008.03.03 09:33:40.678,0.79626,0.79651,5.60,0.20
2008.03.03 09:33:40.879,0.7964,0.79675,0.30,4.00
2008.03.03 09:33:40.960,0.79628,0.79653,2.40,2.40
2008.03.03 09:33:41.024,0.79628,0.79653,0.10,0.20
2008.03.03 09:33:41.239,0.7964,0.79675,0.30,4.00
2008.03.03 09:33:41.344,0.79627,0.79652,0.30,0.20
2008.03.03 09:33:41.663,0.79627,0.79652,0.20,0.20
2008.03.03 09:33:41.677,0.7964,0.79675,0.30,4.00
2008.03.03 09:33:42.101,0.79629,0.79654,10.20,4.50
2008.03.03 09:33:42.115,0.7964,0.79675,0.30,4.00
2008.03.03 09:33:42.368,0.7964,0.79675,0.30,4.00
2008.03.03 09:33:42.434,0.79631,0.79656,0.30,0.20
2008.03.03 09:33:42.657,0.7964,0.79675,0.30,4.00
2008.03.03 09:33:42.774,0.79631,0.79656,2.60,6.40
2008.03.03 09:33:42.890,0.7964,0.79675,0.30,4.00
2008.03.03 09:33:42.999,0.79633,0.79658,0.30,0.20
2008.03.03 09:33:43.111,0.7964,0.79675,0.30,4.00
2008.03.03 09:33:43.312,0.79633,0.79658,0.30,0.10
2008.03.03 09:33:43.537,0.7964,0.79675,0.30,4.00
2008.03.03 09:33:43.759,0.79632,0.79657,12.00,0.20
2008.03.03 09:33:43.873,0.7965,0.7968,0.50,0.40
2008.03.03 09:33:44.115,0.79632,0.79657,1.00,9.60
2008.03.03 09:33:44.206,0.79645,0.7968,0.80,0.40
2008.03.03 09:33:44.426,0.7965,0.7968,0.60,0.40
2008.03.03 09:33:44.533,0.79632,0.79657,8.00,0.20
2008.03.03 09:33:44.646,0.7965,0.79675,0.30,4.00
2008.03.03 09:33:44.865,0.7964,0.79675,0.30,4.00
2008.03.03 09:33:44.873,0.79634,0.79659,0.30,0.20
2008.03.03 09:33:45.084,0.7965,0.79675,0.50,4.00
2008.03.03 09:33:45.173,0.79638,0.79663,0.60,0.40
2008.03.03 09:33:45.303,0.7964,0.79675,0.30,4.00
2008.03.03 09:33:45.519,0.79638,0.79663,2.40,4.00
2008.03.03 09:33:45.642,0.7964,0.7968,0.30,0.40
2008.03.03 09:33:45.854,0.79635,0.7966,0.30,0.20
2008.03.03 09:33:45.973,0.79645,0.7968,0.80,0.40
2008.03.03 09:33:46.209,0.79634,0.79659,0.60,0.20
2008.03.03 09:33:46.303,0.7966,0.79675,0.10,4.00
2008.03.03 09:33:46.508,0.79634,0.79659,0.30,2.50
2008.03.03 09:33:46.637,0.7966,0.79675,0.10,4.00
2008.03.03 09:33:46.843,0.79636,0.79661,0.30,0.20
2008.03.03 09:33:46.972,0.79645,0.7968,0.80,0.20
2008.03.03 09:33:47.173,0.79635,0.7966,0.30,0.20
2008.03.03 09:33:47.305,0.79645,0.79675,0.80,4.00
2008.03.03 09:33:47.493,0.79637,0.79662,2.40,2.40
2008.03.03 09:33:47.534,0.7964,0.79675,0.30,4.00
2008.03.03 09:33:47.763,0.7964,0.79675,0.30,4.00
2008.03.03 09:33:47.821,0.79638,0.79663,2.40,2.40
2008.03.03 09:33:48.055,0.7964,0.79675,0.30,4.00
2008.03.03 09:33:48.162,0.79639,0.79664,4.20,2.40
2008.03.03 09:33:48.289,0.7964,0.79675,0.30,4.00
2008.03.03 09:33:48.502,0.79637,0.79662,4.80,8.70
2008.03.03 09:33:48.622,0.7964,0.79675,0.30,4.00
2008.03.03 09:33:48.923,0.79636,0.79661,2.40,2.40
2008.03.03 09:33:49.035,0.7964,0.79675,0.30,4.00
2008.03.03 09:33:49.264,0.79634,0.79659,8.00,0.20
2008.03.03 09:33:49.386,0.7964,0.79675,0.30,4.00
2008.03.03 09:33:49.598,0.79632,0.79657,0.30,0.20
2008.03.03 09:33:49.624,0.7964,0.79675,0.30,4.00
2008.03.03 09:33:49.916,0.79631,0.79656,2.40,0.50
2008.03.03 09:33:49.944,0.7964,0.79675,0.30,4.00
2008.03.03 09:33:50.235,0.7964,0.79675,0.30,4.00
2008.03.03 09:33:50.251,0.79631,0.79656,0.30,4.00
2008.03.03 09:33:50.523,0.7964,0.79675,0.30,4.00
2008.03.03 09:33:50.578,0.79631,0.79656,0.30,9.60
2008.03.03 09:33:50.911,0.7964,0.79675,0.30,4.00
2008.03.03 09:33:50.921,0.79633,0.79658,0.50,0.20
2008.03.03 09:33:51.243,0.79631,0.79656,1.00,9.60
2008.03.03 09:33:51.247,0.7964,0.79675,0.30,4.00
2008.03.03 09:33:51.573,0.79632,0.79657,0.60,0.20
2008.03.03 09:33:51.691,0.7964,0.79675,0.30,4.00
2008.03.03 09:33:51.907,0.79633,0.79658,2.00,4.00
2008.03.03 09:33:52.131,0.7964,0.79675,0.30,4.00
2008.03.03 09:33:52.332,0.79631,0.79656,0.30,0.20
2008.03.03 09:33:52.557,0.7964,0.79675,0.30,4.00
2008.03.03 09:33:52.773,0.7963,0.79655,4.00,0.20
2008.03.03 09:33:52.787,0.7964,0.79675,0.30,4.00
2008.03.03 09:33:53.001,0.7963,0.79655,4.00,0.20
2008.03.03 09:33:53.007,0.7964,0.79675,0.30,4.00
2008.03.03 09:33:53.326,0.79633,0.79658,4.00,0.20
2008.03.03 09:33:53.332,0.7964,0.79675,0.30,4.00
2008.03.03 09:33:53.662,0.79636,0.79661,0.30,0.20
2008.03.03 09:33:53.664,0.7964,0.79675,0.30,4.00
2008.03.03 09:33:53.986,0.7964,0.79675,0.30,4.00
2008.03.03 09:33:54.096,0.79633,0.79658,0.30,0.20
2008.03.03 09:33:54.312,0.7964,0.79675,0.30,4.00
2008.03.03 09:33:54.433,0.79632,0.79657,1.60,0.20
2008.03.03 09:33:54.651,0.7964,0.79675,0.30,4.00
2008.03.03 09:33:54.874,0.79631,0.79656,9.60,2.40
2008.03.03 09:33:54.992,0.7964,0.79675,0.30,4.00
2008.03.03 09:33:55.098,0.79631,0.79656,0.30,2.40
2008.03.03 09:33:55.333,0.7964,0.79675,0.30,4.00
2008.03.03 09:33:55.408,0.79631,0.79656,3.20,0.20
2008.03.03 09:33:55.743,0.7964,0.79675,0.30,4.00
2008.03.03 09:33:55.744,0.79633,0.79658,2.60,2.50
2008.03.03 09:33:55.963,0.79633,0.79658,0.30,0.20
2008.03.03 09:33:56.093,0.7964,0.79675,0.30,4.00
2008.03.03 09:33:56.300,0.79631,0.79656,16.20,0.80
2008.03.03 09:33:56.530,0.7964,0.79675,0.30,4.00
2008.03.03 09:33:56.625,0.79629,0.79654,0.30,4.10
2008.03.03 09:33:56.845,0.7964,0.79675,0.30,4.00
2008.03.03 09:33:56.952,0.79629,0.79654,0.30,0.40
2008.03.03 09:33:57.180,0.79631,0.79656,0.30,4.00
2008.03.03 09:33:57.188,0.7964,0.79675,0.30,4.00
2008.03.03 09:33:57.399,0.79632,0.79657,0.30,0.20
2008.03.03 09:33:57.502,0.7964,0.79675,0.30,4.00
2008.03.03 09:33:57.627,0.79633,0.79658,2.40,4.00
2008.03.03 09:33:57.836,0.7964,0.79675,0.30,4.00
2008.03.03 09:33:58.063,0.79634,0.79659,2.60,2.50
2008.03.03 09:33:58.167,0.79645,0.79675,0.50,4.00
2008.03.03 09:33:58.489,0.79633,0.79658,9.60,4.00
2008.03.03 09:33:58.726,0.79645,0.79675,0.50,4.00
2008.03.03 09:33:58.930,0.79632,0.79657,4.00,0.20
2008.03.03 09:33:59.058,0.79645,0.79675,0.50,4.00
2008.03.03 09:33:59.267,0.7963,0.79655,9.60,0.20
2008.03.03 09:33:59.389,0.79645,0.79675,0.50,4.00
2008.03.03 09:33:59.592,0.7963,0.79655,0.30,0.20
2008.03.03 09:33:59.719,0.79645,0.79675,0.50,4.00
2008.03.03 09:33:59.923,0.79631,0.79657,0.40,0.50
2008.03.03 09:34:00.032,0.79645,0.79675,0.50,4.00
2008.03.03 09:34:00.381,0.79645,0.79675,0.50,4.00
2008.03.03 09:34:00.695,0.79645,0.79675,0.50,4.00
2008.03.03 09:34:00.814,0.79635,0.79661,0.30,0.20
2008.03.03 09:34:01.133,0.7964,0.79665,0.30,0.20
2008.03.03 09:34:01.150,0.79645,0.79675,0.50,4.00
2008.03.03 09:34:01.475,0.79641,0.79666,0.30,0.40
2008.03.03 09:34:01.582,0.79645,0.79675,0.50,4.00
2008.03.03 09:34:01.805,0.79641,0.79666,0.30,4.00
2008.03.03 09:34:01.923,0.79645,0.79675,0.50,4.00
2008.03.03 09:34:02.134,0.79639,0.79664,4.00,0.20
2008.03.03 09:34:02.239,0.79645,0.79675,0.50,4.00
2008.03.03 09:34:02.448,0.7964,0.79665,2.40,2.40
2008.03.03 09:34:02.581,0.79645,0.79675,0.50,4.00
2008.03.03 09:34:02.678,0.79643,0.79668,0.30,0.20
2008.03.03 09:34:02.902,0.79645,0.79675,0.50,4.00
2008.03.03 09:34:02.991,0.79646,0.79671,4.00,0.20
2008.03.03 09:34:03.231,0.79645,0.79675,0.50,4.00
2008.03.03 09:34:03.453,0.79646,0.79671,0.30,0.80
2008.03.03 09:34:03.550,0.79645,0.79675,0.50,4.00
2008.03.03 09:34:03.882,0.79646,0.79671,0.60,2.50
2008.03.03 09:34:03.892,0.79645,0.79675,0.50,4.00
2008.03.03 09:34:04.223,0.79645,0.79675,0.50,4.00
2008.03.03 09:34:04.325,0.79643,0.79668,2.40,0.20
2008.03.03 09:34:04.565,0.79645,0.79675,0.50,4.00
2008.03.03 09:34:04.641,0.79642,0.79667,0.30,0.20
2008.03.03 09:34:04.842,0.79645,0.79675,0.50,4.00
2008.03.03 09:34:04.986,0.79642,0.79667,0.30,0.20
2008.03.03 09:34:05.126,0.79645,0.79675,0.50,4.00
2008.03.03 09:34:05.236,0.79643,0.79668,4.00,0.20
2008.03.03 09:34:05.434,0.79645,0.79675,0.50,4.00
2008.03.03 09:34:05.542,0.79643,0.79668,0.30,0.20
2008.03.03 09:34:05.758,0.79645,0.79675,0.50,4.00
2008.03.03 09:34:05.876,0.79644,0.79669,12.00,0.20
2008.03.03 09:34:05.981,0.7964,0.7967,0.30,0.40
2008.03.03 09:34:06.195,0.7964,0.79665,0.30,0.80
2008.03.03 09:34:06.197,0.79645,0.79675,0.50,4.00
2008.03.03 09:34:06.525,0.79638,0.79663,0.30,1.60
2008.03.03 09:34:06.632,0.79645,0.79675,0.50,4.00
2008.03.03 09:34:06.857,0.79638,0.79663,4.00,0.20
2008.03.03 09:34:06.869,0.79645,0.79675,0.50,4.00
2008.03.03 09:34:07.180,0.79637,0.79662,0.30,8.00
2008.03.03 09:34:07.198,0.79645,0.79675,0.50,4.00
2008.03.03 09:34:07.513,0.79639,0.79664,0.30,0.20
2008.03.03 09:34:07.516,0.79645,0.79675,0.50,4.00
2008.03.03 09:34:07.740,0.79641,0.79666,0.30,0.20
2008.03.03 09:34:07.858,0.79645,0.79675,0.50,4.00
2008.03.03 09:34:08.058,0.79641,0.79666,0.30,0.20
2008.03.03 09:34:08.179,0.79645,0.79675,0.50,4.00
2008.03.03 09:34:08.277,0.7964,0.79665,0.50,0.20
2008.03.03 09:34:08.507,0.79638,0.79663,0.30,0.20
2008.03.03 09:34:08.526,0.79645,0.79675,0.50,4.00
2008.03.03 09:34:08.835,0.79645,0.79675,0.50,4.00
2008.03.03 09:34:08.946,0.79638,0.79663,0.30,0.20
2008.03.03 09:34:09.172,0.79645,0.79675,0.50,4.00
2008.03.03 09:34:09.385,0.79638,0.79663,4.00,5.60
2008.03.03 09:34:09.494,0.79645,0.79675,0.50,4.00
2008.03.03 09:34:09.710,0.79639,0.79664,0.30,4.00
2008.03.03 09:34:09.828,0.79645,0.79675,0.50,4.00
2008.03.03 09:34:10.050,0.79639,0.79664,0.30,9.60
2008.03.03 09:34:10.166,0.79645,0.79675,0.50,4.00
2008.03.03 09:34:10.379,0.79638,0.79663,9.60,4.70
2008.03.03 09:34:10.493,0.79645,0.79675,0.50,4.00
2008.03.03 09:34:10.700,0.79637,0.79662,2.60,2.50
2008.03.03 09:34:10.811,0.79645,0.79675,0.50,4.00
2008.03.03 09:34:11.037,0.79639,0.79664,4.00,0.20
2008.03.03 09:34:11.264,0.79645,0.79675,0.50,4.00
2008.03.03 09:34:11.362,0.7964,0.79665,8.00,0.20
2008.03.03 09:34:11.686,0.79642,0.79667,2.40,0.80
2008.03.03 09:34:11.711,0.79645,0.79675,0.50,4.00
2008.03.03 09:34:12.028,0.79645,0.79675,0.50,4.00
2008.03.03 09:34:12.035,0.79642,0.79667,8.00,0.20
2008.03.03 09:34:12.349,0.79641,0.79666,0.30,0.20
2008.03.03 09:34:12.364,0.79645,0.79675,0.50,4.00
2008.03.03 09:34:12.688,0.79641,0.79666,0.30,0.20
2008.03.03 09:34:12.692,0.79645,0.79675,0.50,4.00
2008.03.03 09:34:13.005,0.79641,0.79666,4.00,0.40
2008.03.03 09:34:13.018,0.79645,0.79675,0.50,4.00
2008.03.03 09:34:13.229,0.7964,0.79665,0.30,0.20
2008.03.03 09:34:13.352,0.79645,0.79675,0.50,4.00
2008.03.03 09:34:13.453,0.79638,0.79668,2.60,2.40
2008.03.03 09:34:13.672,0.79645,0.79675,0.50,4.00
2008.03.03 09:34:13.793,0.79639,0.79669,6.40,0.20
2008.03.03 09:34:14.008,0.79645,0.79675,0.50,4.00
2008.03.03 09:34:14.042,0.79638,0.79668,0.30,0.20
2008.03.03 09:34:14.219,0.79637,0.79667,6.60,0.20
2008.03.03 09:34:14.337,0.79645,0.79675,0.50,4.00
2008.03.03 09:34:14.658,0.79638,0.79668,0.30,1.90
2008.03.03 09:34:14.667,0.79645,0.79675,0.50,4.00
2008.03.03 09:34:14.989,0.79639,0.79669,0.30,0.20
2008.03.03 09:34:14.992,0.79645,0.79675,0.50,4.00
2008.03.03 09:34:15.325,0.79645,0.79675,0.50,4.00
2008.03.03 09:34:15.438,0.7964,0.7967,3.20,0.20
2008.03.03 09:34:15.676,0.79645,0.79675,0.50,4.00
2008.03.03 09:34:15.764,0.79639,0.79669,0.60,2.40
2008.03.03 09:34:16.086,0.79638,0.79668,0.30,0.20
2008.03.03 09:34:16.087,0.79645,0.79675,0.50,4.00
2008.03.03 09:34:16.419,0.7964,0.7967,0.30,4.00
2008.03.03 09:34:16.444,0.79645,0.79675,0.50,4.00
2008.03.03 09:34:16.647,0.7964,0.7967,2.60,2.50
2008.03.03 09:34:16.873,0.79645,0.79675,0.50,4.00
2008.03.03 09:34:17.077,0.79639,0.79669,6.40,0.20
2008.03.03 09:34:17.198,0.79645,0.79675,0.50,4.00
2008.03.03 09:34:17.426,0.79645,0.79675,0.50,4.00
2008.03.03 09:34:17.522,0.79638,0.79668,0.30,0.20
2008.03.03 09:34:17.766,0.79645,0.79675,0.50,4.00
2008.03.03 09:34:17.826,0.79637,0.79667,4.00,0.20
2008.03.03 09:34:18.065,0.79636,0.79666,0.30,0.20
2008.03.03 09:34:18.078,0.79645,0.79675,0.50,4.00
2008.03.03 09:34:18.399,0.79645,0.79675,0.50,4.00
2008.03.03 09:34:18.400,0.79637,0.79667,2.40,2.40
2008.03.03 09:34:18.726,0.79637,0.79667,2.40,4.00
2008.03.03 09:34:18.739,0.79645,0.79675,0.50,4.00
2008.03.03 09:34:18.993,0.79645,0.79675,0.50,4.00
2008.03.03 09:34:19.179,0.79636,0.79666,0.30,0.20
2008.03.03 09:34:19.252,0.79645,0.79675,0.50,4.00
2008.03.03 09:34:19.608,0.79636,0.79666,4.00,0.20
2008.03.03 09:34:19.610,0.79645,0.79675,0.50,4.00
2008.03.03 09:34:19.947,0.79645,0.79675,0.50,4.00
2008.03.03 09:34:19.951,0.79637,0.79667,2.40,8.00
2008.03.03 09:34:20.269,0.79645,0.79675,0.50,4.00
2008.03.03 09:34:20.379,0.79638,0.79668,4.00,0.20
2008.03.03 09:34:20.532,0.79645,0.79675,0.50,4.00
2008.03.03 09:34:20.715,0.79638,0.79668,0.30,0.20
2008.03.03 09:34:20.796,0.79645,0.79675,0.50,4.00
2008.03.03 09:34:21.042,0.79638,0.79668,2.60,4.80
2008.03.03 09:34:21.165,0.79645,0.79675,0.50,4.00
2008.03.03 09:34:21.374,0.79637,0.79667,0.30,0.20
2008.03.03 09:34:21.598,0.79645,0.79675,0.50,4.00
2008.03.03 09:34:21.804,0.79637,0.79667,0.30,0.20
2008.03.03 09:34:22.047,0.79645,0.79675,0.50,4.00
2008.03.03 09:34:22.154,0.79638,0.79668,2.60,2.70
2008.03.03 09:34:22.262,0.79645,0.79675,0.50,4.00
2008.03.03 09:34:22.566,0.79638,0.79668,0.30,4.00
2008.03.03 09:34:22.589,0.79645,0.79675,0.50,4.00
2008.03.03 09:34:22.816,0.79645,0.79675,0.50,4.00
2008.03.03 09:34:22.905,0.79636,0.79666,0.60,4.00
2008.03.03 09:34:23.241,0.79636,0.79666,4.80,0.20
2008.03.03 09:34:23.244,0.79645,0.79675,0.50,4.00
2008.03.03 09:34:23.575,0.79638,0.79668,2.60,2.50
2008.03.03 09:34:23.576,0.79645,0.79675,0.50,4.00
2008.03.03 09:34:23.904,0.79645,0.79675,0.50,4.00
2008.03.03 09:34:24.008,0.79638,0.79668,2.80,2.50
2008.03.03 09:34:24.232,0.79645,0.79675,0.50,4.00
2008.03.03 09:34:24.343,0.7964,0.7967,2.40,0.50
2008.03.03 09:34:24.554,0.79645,0.79675,0.50,4.00
2008.03.03 09:34:24.778,0.79638,0.79668,2.60,2.70
2008.03.03 09:34:24.895,0.79645,0.79675,0.50,4.00
2008.03.03 09:34:25.109,0.79636,0.79666,4.20,6.70
2008.03.03 09:34:25.231,0.79645,0.79675,0.50,4.00
2008.03.03 09:34:25.446,0.79636,0.79666,2.80,4.00
2008.03.03 09:34:25.674,0.79645,0.79675,0.50,4.00
2008.03.03 09:34:25.781,0.79637,0.79667,0.20,0.20
2008.03.03 09:34:25.990,0.79645,0.79675,0.50,4.00
2008.03.03 09:34:26.100,0.79637,0.79667,4.80,0.20
2008.03.03 09:34:26.342,0.79645,0.79675,0.50,4.00
2008.03.03 09:34:26.440,0.79637,0.79667,2.60,2.40
2008.03.03 09:34:26.765,0.79638,0.79668,0.30,0.20
2008.03.03 09:34:26.769,0.79645,0.79675,0.50,4.00
2008.03.03 09:34:27.093,0.7964,0.7967,2.40,8.00
2008.03.03 09:34:27.099,0.79645,0.79675,0.50,4.00
2008.03.03 09:34:27.423,0.79639,0.79669,0.30,4.00
2008.03.03 09:34:27.434,0.79645,0.79675,0.50,4.00
2008.03.03 09:34:27.745,0.7964,0.7967,2.40,0.80
2008.03.03 09:34:27.751,0.79645,0.79675,0.50,4.00
2008.03.03 09:34:27.976,0.79638,0.79668,0.20,0.20
2008.03.03 09:34:28.083,0.79645,0.79675,0.50,4.00
2008.03.03 09:34:28.292,0.79639,0.79669,0.30,0.20
2008.03.03 09:34:28.437,0.79645,0.79675,0.50,4.00
2008.03.03 09:34:28.626,0.7964,0.7967,0.30,0.20
2008.03.03 09:34:28.760,0.79645,0.79675,0.50,4.00
2008.03.03 09:34:28.964,0.7964,0.7967,0.50,0.20
2008.03.03 09:34:29.074,0.79645,0.79675,0.50,4.00
2008.03.03 09:34:29.403,0.79638,0.79668,0.60,2.50
2008.03.03 09:34:29.409,0.79645,0.79675,0.50,4.00
2008.03.03 09:34:29.741,0.79645,0.79675,0.50,4.00
2008.03.03 09:34:29.831,0.79638,0.79668,0.30,4.00
2008.03.03 09:34:30.056,0.79645,0.79675,0.50,4.00
2008.03.03 09:34:30.177,0.79639,0.79669,7.20,0.40
2008.03.03 09:34:30.393,0.79645,0.79675,0.50,4.00
2008.03.03 09:34:30.490,0.79638,0.79668,0.30,0.20
2008.03.03 09:34:30.731,0.79645,0.79675,0.50,4.00
2008.03.03 09:34:30.820,0.79637,0.79667,0.30,0.20
2008.03.03 09:34:31.057,0.79645,0.79675,0.50,4.00
2008.03.03 09:34:31.170,0.79637,0.79667,0.60,0.40
2008.03.03 09:34:31.488,0.79645,0.79675,0.50,4.00
2008.03.03 09:34:31.498,0.79638,0.79668,0.10,0.20
2008.03.03 09:34:31.814,0.7964,0.7967,0.30,4.00
2008.03.03 09:34:31.830,0.79645,0.79675,0.50,4.00
2008.03.03 09:34:32.167,0.79638,0.79668,16.20,0.80
2008.03.03 09:34:32.264,0.79645,0.79675,0.50,4.00
2008.03.03 09:34:32.470,0.79638,0.79668,5.20,0.20
2008.03.03 09:34:32.593,0.79645,0.79675,0.50,4.00
2008.03.03 09:34:32.813,0.79638,0.79668,0.30,4.00
2008.03.03 09:34:32.832,0.79645,0.79675,0.50,4.00
2008.03.03 09:34:33.133,0.79639,0.79669,0.30,0.20
2008.03.03 09:34:33.148,0.79645,0.79675,0.50,4.00
2008.03.03 09:34:33.370,0.7964,0.7967,0.30,0.20
2008.03.03 09:34:33.464,0.79645,0.79675,0.50,4.00
2008.03.03 09:34:33.690,0.79641,0.79671,0.30,0.20
2008.03.03 09:34:33.793,0.79645,0.79675,0.50,4.00
2008.03.03 09:34:34.028,0.79641,0.79671,0.30,0.20
2008.03.03 09:34:34.127,0.79645,0.79675,0.50,4.00
2008.03.03 09:34:34.449,0.79639,0.79669,0.30,0.20
2008.03.03 09:34:34.471,0.79645,0.79675,0.50,4.00
2008.03.03 09:34:34.783,0.79645,0.79675,0.50,4.00
2008.03.03 09:34:34.885,0.79638,0.79668,4.00,0.20
2008.03.03 09:34:35.120,0.79645,0.79675,0.50,4.00
2008.03.03 09:34:35.237,0.79639,0.79669,0.30,0.20
2008.03.03 09:34:35.394,0.79655,0.79675,0.50,4.00
2008.03.03 09:34:35.533,0.7964,0.7967,0.30,0.20
2008.03.03 09:34:35.640,0.79655,0.79675,0.60,4.00
2008.03.03 09:34:35.892,0.79639,0.79669,0.50,0.20
2008.03.03 09:34:35.896,0.79655,0.79675,0.60,4.00
2008.03.03 09:34:36.201,0.79641,0.79671,0.30,0.20
2008.03.03 09:34:36.240,0.79655,0.79675,0.60,4.00
2008.03.03 09:34:36.536,0.79641,0.79671,4.00,2.40
2008.03.03 09:34:36.668,0.79655,0.79675,0.60,4.00
2008.03.03 09:34:36.873,0.79641,0.79671,0.30,0.20
2008.03.03 09:34:37.104,0.79655,0.79675,0.60,4.00
2008.03.03 09:34:37.209,0.79639,0.79669,0.30,0.20
2008.03.03 09:34:37.530,0.7964,0.7967,0.30,0.40
2008.03.03 09:34:37.539,0.79655,0.79675,0.60,4.00
2008.03.03 09:34:37.751,0.79655,0.79675,0.60,4.00
2008.03.03 09:34:37.857,0.79639,0.79669,4.00,2.80
2008.03.03 09:34:37.976,0.79655,0.79675,0.60,4.00
2008.03.03 09:34:38.193,0.79638,0.79668,0.30,4.10
2008.03.03 09:34:38.203,0.79655,0.79675,0.60,4.00
2008.03.03 09:34:38.523,0.79637,0.79667,4.00,0.20
2008.03.03 09:34:38.531,0.79655,0.79675,0.60,4.00
2008.03.03 09:34:38.853,0.79637,0.79667,0.30,0.40
2008.03.03 09:34:38.870,0.79655,0.79675,0.60,4.00
2008.03.03 09:34:39.194,0.79655,0.79675,0.60,4.00
2008.03.03 09:34:39.280,0.79636,0.79666,0.30,0.50
2008.03.03 09:34:39.524,0.79655,0.79675,0.60,4.00
2008.03.03 09:34:39.742,0.79636,0.79666,0.30,0.20
2008.03.03 09:34:39.772,0.79655,0.79675,0.60,4.00
2008.03.03 09:34:40.020,0.79655,0.79675,0.60,4.00
2008.03.03 09:34:40.076,0.79637,0.79667,0.50,0.20
2008.03.03 09:34:40.297,0.79655,0.79675,0.60,4.00
2008.03.03 09:34:40.404,0.79637,0.79667,4.00,0.50
2008.03.03 09:34:40.623,0.79655,0.79675,0.60,4.00
2008.03.03 09:34:40.725,0.79637,0.79667,8.00,0.50
2008.03.03 09:34:40.946,0.79655,0.79675,0.60,4.00
2008.03.03 09:34:41.066,0.79637,0.79667,0.30,0.20
2008.03.03 09:34:41.281,0.79655,0.79675,0.60,4.00
2008.03.03 09:34:41.387,0.79638,0.79668,2.40,4.00
2008.03.03 09:34:41.726,0.79639,0.79669,0.60,0.20
2008.03.03 09:34:41.727,0.79655,0.79675,0.60,4.00
2008.03.03 09:34:42.054,0.79639,0.79669,8.00,0.20
2008.03.03 09:34:42.155,0.79655,0.79675,0.60,4.00
2008.03.03 09:34:42.371,0.79638,0.79668,0.30,2.40
2008.03.03 09:34:42.500,0.79655,0.79675,0.60,4.00
2008.03.03 09:34:42.684,0.79639,0.79669,2.60,2.50
2008.03.03 09:34:42.819,0.79655,0.79675,0.60,4.00
2008.03.03 09:34:43.045,0.79639,0.79669,0.30,2.40
2008.03.03 09:34:43.050,0.79655,0.79675,0.60,4.00
2008.03.03 09:34:43.372,0.79638,0.79668,2.60,2.40
2008.03.03 09:34:43.376,0.79655,0.79675,0.60,4.00
2008.03.03 09:34:43.696,0.79655,0.79675,0.60,4.00
2008.03.03 09:34:43.698,0.79637,0.79667,0.50,4.00
2008.03.03 09:34:44.026,0.79655,0.79675,0.60,4.00
2008.03.03 09:34:44.138,0.79636,0.79666,0.30,0.20
2008.03.03 09:34:44.357,0.79655,0.79675,0.60,4.00
2008.03.03 09:34:44.562,0.79637,0.79667,0.30,0.40
2008.03.03 09:34:44.686,0.79655,0.79675,0.60,4.00
2008.03.03 09:34:45.013,0.79637,0.79667,0.30,10.40
2008.03.03 09:34:45.021,0.79655,0.79675,0.60,4.00
2008.03.03 09:34:45.360,0.79655,0.79675,0.60,4.00
2008.03.03 09:34:45.362,0.79637,0.79667,4.00,0.20
2008.03.03 09:34:45.677,0.79655,0.79675,0.60,4.00
2008.03.03 09:34:45.690,0.79637,0.79667,0.30,0.20
2008.03.03 09:34:46.006,0.79655,0.79675,0.60,4.00
2008.03.03 09:34:46.019,0.79638,0.79668,0.30,0.20
2008.03.03 09:34:46.339,0.79639,0.79669,1.80,0.20
2008.03.03 09:34:46.342,0.79655,0.79675,0.60,4.00
2008.03.03 09:34:46.624,0.79641,0.79671,0.30,0.40
2008.03.03 09:34:46.705,0.79655,0.7968,0.60,0.40
2008.03.03 09:34:46.864,0.79639,0.79669,0.30,0.20
2008.03.03 09:34:47.039,0.79655,0.7968,0.50,0.20
2008.03.03 09:34:47.103,0.79641,0.79666,0.30,4.00
2008.03.03 09:34:47.374,0.7966,0.7968,0.10,0.20
2008.03.03 09:34:47.433,0.79642,0.79667,4.00,0.20
2008.03.03 09:34:47.661,0.7966,0.7968,0.10,0.20
2008.03.03 09:34:47.766,0.79642,0.79667,0.30,0.20
2008.03.03 09:34:47.860,0.7966,0.7968,0.10,0.20
2008.03.03 09:34:48.095,0.79641,0.79666,4.80,0.20
2008.03.03 09:34:48.096,0.7966,0.7968,0.10,0.20
2008.03.03 09:34:48.316,0.7966,0.7968,0.10,0.20
2008.03.03 09:34:48.320,0.7964,0.79665,2.40,0.20
2008.03.03 09:34:48.540,0.79639,0.79664,9.60,3.10
2008.03.03 09:34:48.541,0.7966,0.7968,0.10,0.20
2008.03.03 09:34:48.858,0.79641,0.79666,2.40,0.20
2008.03.03 09:34:48.878,0.7966,0.7968,0.10,0.20
2008.03.03 09:34:49.301,0.79643,0.79668,4.00,0.20
2008.03.03 09:34:49.308,0.7966,0.7968,0.10,0.20
2008.03.03 09:34:49.649,0.7966,0.7968,0.10,0.20
2008.03.03 09:34:49.743,0.79645,0.7967,0.30,8.00
2008.03.03 09:34:49.974,0.7966,0.7968,0.10,0.20
2008.03.03 09:34:50.197,0.79646,0.79671,8.00,2.40
2008.03.03 09:34:50.299,0.7966,0.7968,0.10,0.20
2008.03.03 09:34:50.516,0.79646,0.79671,4.80,6.40
2008.03.03 09:34:50.627,0.7966,0.7968,0.10,0.20
2008.03.03 09:34:50.844,0.79644,0.79669,0.30,0.20
2008.03.03 09:34:50.960,0.79655,0.7968,0.50,0.20
2008.03.03 09:34:51.169,0.79646,0.79671,0.30,0.10
2008.03.03 09:34:51.408,0.79655,0.7968,0.50,0.20
2008.03.03 09:34:51.525,0.79645,0.7967,0.30,0.20
2008.03.03 09:34:51.835,0.79643,0.79668,0.30,0.20
2008.03.03 09:34:52.068,0.7965,0.7968,0.30,0.20
2008.03.03 09:34:52.157,0.79643,0.79668,0.30,0.20
2008.03.03 09:34:52.302,0.7965,0.7968,0.30,0.20
2008.03.03 09:34:52.486,0.79644,0.79669,0.30,0.20
2008.03.03 09:34:52.536,0.7965,0.7968,0.30,0.20
2008.03.03 09:34:52.726,0.79645,0.7967,4.00,0.20
2008.03.03 09:34:52.940,0.7965,0.7968,0.30,0.20
2008.03.03 09:34:53.038,0.79644,0.79669,2.40,2.40
2008.03.03 09:34:53.261,0.7965,0.7968,0.30,0.20
2008.03.03 09:34:53.377,0.79644,0.79669,4.00,9.60
2008.03.03 09:34:53.560,0.79655,0.7968,0.50,0.40
2008.03.03 09:34:53.810,0.79643,0.79668,4.00,0.20
2008.03.03 09:34:54.145,0.7965,0.79675,0.30,4.00
2008.03.03 09:34:54.149,0.79642,0.79667,2.40,0.50
2008.03.03 09:34:54.468,0.7965,0.79675,0.30,4.00
2008.03.03 09:34:54.501,0.79639,0.79664,6.40,2.40
2008.03.03 09:34:54.796,0.79638,0.79663,4.20,0.20
2008.03.03 09:34:54.809,0.7965,0.79675,0.30,4.00
2008.03.03 09:34:55.147,0.7965,0.79675,0.30,4.00
2008.03.03 09:34:55.210,0.79639,0.79664,0.30,0.20
2008.03.03 09:34:55.463,0.7964,0.79665,2.00,0.20
2008.03.03 09:34:55.476,0.7965,0.79675,0.30,4.00
2008.03.03 09:34:55.800,0.79641,0.79666,2.40,4.00
2008.03.03 09:34:55.804,0.7965,0.79675,0.30,4.00
2008.03.03 09:34:56.146,0.79641,0.79666,0.30,4.00
2008.03.03 09:34:56.231,0.7965,0.79675,0.30,4.00
2008.03.03 09:34:56.445,0.79639,0.79669,2.40,2.40
2008.03.03 09:34:56.566,0.7965,0.7968,0.30,0.20
2008.03.03 09:34:56.785,0.7966,0.7968,0.50,0.20
2008.03.03 09:34:56.805,0.79641,0.79671,0.30,0.20
2008.03.03 09:34:57.005,0.7966,0.7968,0.50,0.20
2008.03.03 09:34:57.122,0.79639,0.79669,0.30,0.20
2008.03.03 09:34:57.233,0.7966,0.7968,0.50,0.20
2008.03.03 09:34:57.440,0.7964,0.7967,4.00,0.40
2008.03.03 09:34:57.455,0.7966,0.7968,0.50,0.20
2008.03.03 09:34:57.666,0.79639,0.79669,0.30,0.20
2008.03.03 09:34:57.673,0.7966,0.7968,0.50,0.20
2008.03.03 09:34:57.987,0.79639,0.79669,2.40,0.20
2008.03.03 09:34:58.131,0.7966,0.7968,0.50,0.20
2008.03.03 09:34:58.318,0.79638,0.79668,3.20,0.20
2008.03.03 09:34:58.538,0.7966,0.7968,0.50,0.20
2008.03.03 09:34:58.660,0.7964,0.7967,9.60,0.20
2008.03.03 09:34:58.872,0.7966,0.7968,0.50,0.20
2008.03.03 09:34:59.078,0.79639,0.79669,0.30,4.00
2008.03.03 09:34:59.202,0.7966,0.7968,0.50,0.20
2008.03.03 09:34:59.425,0.79641,0.79671,0.30,0.20
2008.03.03 09:34:59.533,0.7966,0.7968,0.50,0.20
2008.03.03 09:34:59.803,0.79643,0.79673,0.30,0.20
2008.03.03 09:34:59.867,0.7966,0.7968,0.50,0.20
2008.03.03 09:35:00.191,0.7966,0.7968,0.50,0.20
2008.03.03 09:35:00.522,0.7966,0.7968,0.50,0.20
2008.03.03 09:35:00.812,0.7966,0.79675,0.50,4.00
2008.03.03 09:35:00.821,0.79639,0.79669,9.60,0.20
2008.03.03 09:35:01.145,0.7966,0.79675,0.50,4.00
2008.03.03 09:35:01.159,0.79633,0.79663,0.30,0.20
2008.03.03 09:35:01.480,0.7966,0.79675,0.50,4.00
2008.03.03 09:35:01.492,0.79631,0.79661,0.30,0.20
2008.03.03 09:35:01.818,0.79634,0.79664,0.30,0.20
2008.03.03 09:35:01.840,0.7966,0.79675,0.50,4.00
2008.03.03 09:35:02.067,0.7966,0.79675,0.50,4.00
2008.03.03 09:35:02.265,0.79636,0.79666,0.60,0.40
2008.03.03 09:35:02.276,0.7966,0.79675,0.50,4.00
2008.03.03 09:35:02.486,0.7966,0.79675,0.50,4.00
2008.03.03 09:35:02.589,0.79635,0.79665,0.30,0.20
2008.03.03 09:35:02.723,0.7966,0.79675,0.50,4.00
2008.03.03 09:35:02.810,0.79634,0.79664,0.50,0.20
2008.03.03 09:35:03.024,0.79633,0.79663,4.00,0.20
2008.03.03 09:35:03.060,0.7966,0.79675,0.50,4.00
2008.03.03 09:35:03.235,0.79634,0.79664,0.30,0.20
2008.03.03 09:35:03.384,0.7966,0.79675,0.50,4.00
2008.03.03 09:35:03.477,0.79633,0.79663,0.30,0.50
2008.03.03 09:35:03.718,0.7966,0.79675,0.50,4.00
2008.03.03 09:35:03.901,0.79631,0.79661,0.30,4.00
2008.03.03 09:35:03.968,0.79645,0.79675,0.50,4.00
2008.03.03 09:35:04.281,0.79645,0.79675,0.50,4.00
2008.03.03 09:35:04.337,0.79629,0.79659,0.30,0.20
2008.03.03 09:35:04.589,0.79645,0.79675,0.50,4.00
2008.03.03 09:35:04.631,0.7962,0.7967,0.60,0.40
2008.03.03 09:35:04.689,0.79631,0.79661,0.30,2.40
2008.03.03 09:35:04.916,0.79645,0.79675,0.50,4.00
2008.03.03 09:35:05.015,0.79633,0.79663,0.60,0.20
2008.03.03 09:35:05.267,0.79645,0.79675,0.50,4.00
2008.03.03 09:35:05.348,0.79634,0.79664,1.80,0.20
2008.03.03 09:35:05.541,0.79645,0.7968,1.20,0.40
2008.03.03 09:35:05.644,0.79633,0.79663,0.30,0.20
2008.03.03 09:35:05.816,0.79645,0.7968,1.20,0.40
2008.03.03 09:35:06.001,0.7963,0.7966,0.60,0.40
2008.03.03 09:35:06.150,0.7965,0.7968,0.30,0.40
2008.03.03 09:35:06.284,0.79629,0.79659,4.00,0.60
2008.03.03 09:35:06.551,0.79632,0.79662,4.00,0.20
2008.03.03 09:35:06.582,0.7965,0.7968,0.30,0.40
2008.03.03 09:35:06.873,0.79634,0.79664,0.30,0.60
2008.03.03 09:35:06.916,0.7965,0.7968,0.30,0.40
2008.03.03 09:35:07.150,0.7965,0.7968,0.30,0.40
2008.03.03 09:35:07.208,0.79634,0.79664,0.30,4.00
2008.03.03 09:35:07.386,0.7965,0.7968,0.30,0.40
2008.03.03 09:35:07.642,0.79631,0.79661,2.80,0.10
2008.03.03 09:35:07.681,0.7965,0.7968,0.30,0.40
2008.03.03 09:35:07.878,0.79631,0.79661,0.30,0.50
2008.03.03 09:35:07.904,0.79645,0.79675,0.50,4.00
2008.03.03 09:35:08.155,0.79635,0.79665,2.40,2.40
2008.03.03 09:35:08.227,0.79645,0.79675,0.50,4.00
2008.03.03 09:35:08.393,0.79639,0.79669,4.00,0.40
2008.03.03 09:35:08.552,0.79645,0.79675,0.50,4.00
2008.03.03 09:35:08.862,0.79639,0.79669,8.00,0.20
2008.03.03 09:35:08.911,0.79645,0.79675,0.50,4.00
2008.03.03 09:35:09.157,0.79645,0.79675,0.50,4.00
2008.03.03 09:35:09.291,0.79637,0.79667,0.30,0.40
2008.03.03 09:35:09.385,0.79645,0.79675,0.50,4.00
2008.03.03 09:35:09.625,0.79634,0.79664,0.30,0.20
2008.03.03 09:35:09.656,0.79645,0.79675,0.50,4.00
2008.03.03 09:35:09.951,0.79633,0.79663,0.30,4.00
2008.03.03 09:35:10.005,0.79645,0.79675,0.50,4.00
2008.03.03 09:35:10.272,0.79631,0.79661,0.30,0.20
2008.03.03 09:35:10.330,0.79645,0.79675,0.50,4.00
2008.03.03 09:35:10.622,0.79629,0.79659,0.30,0.40
2008.03.03 09:35:10.659,0.79645,0.79675,0.50,4.00
2008.03.03 09:35:10.951,0.79632,0.79662,4.00,0.20
2008.03.03 09:35:10.991,0.79645,0.79675,0.50,4.00
2008.03.03 09:35:11.283,0.79635,0.79665,0.30,0.20
2008.03.03 09:35:11.324,0.79645,0.79675,0.50,4.00
2008.03.03 09:35:11.606,0.79636,0.79666,0.10,0.20
2008.03.03 09:35:11.751,0.79645,0.79675,0.50,4.00
2008.03.03 09:35:11.943,0.79637,0.79667,0.30,2.40
2008.03.03 09:35:12.085,0.79645,0.7968,1.20,0.20
2008.03.03 09:35:12.300,0.79637,0.79667,0.30,0.40
2008.03.03 09:35:12.366,0.7965,0.7968,0.30,0.20
2008.03.03 09:35:12.616,0.79637,0.79667,2.40,2.40
2008.03.03 09:35:12.644,0.7965,0.7968,0.30,0.20
2008.03.03 09:35:12.844,0.79637,0.79667,0.30,4.80
2008.03.03 09:35:12.957,0.7965,0.7968,0.30,0.20
2008.03.03 09:35:13.071,0.79636,0.79666,0.30,3.20
2008.03.03 09:35:13.296,0.7965,0.7968,0.30,0.20
2008.03.03 09:35:13.318,0.79635,0.79665,0.60,0.20
2008.03.03 09:35:13.560,0.79634,0.79659,0.30,0.20
2008.03.03 09:35:13.629,0.7965,0.7968,0.30,0.20
2008.03.03 09:35:13.788,0.79631,0.79656,4.00,0.70
2008.03.03 09:35:13.963,0.7965,0.7968,0.30,0.20
2008.03.03 09:35:14.123,0.79627,0.79657,2.40,0.50
2008.03.03 09:35:14.289,0.7965,0.7968,0.30,0.20
2008.03.03 09:35:14.457,0.79629,0.79654,0.30,0.20
2008.03.03 09:35:14.622,0.7965,0.7968,0.30,0.20
2008.03.03 09:35:14.793,0.79632,0.79657,0.30,4.00
2008.03.03 09:35:14.936,0.7965,0.7968,0.30,0.20
2008.03.03 09:35:15.122,0.79634,0.79659,0.30,0.20
2008.03.03 09:35:15.264,0.7965,0.7968,0.30,0.20
2008.03.03 09:35:15.451,0.79632,0.79657,2.40,0.20
2008.03.03 09:35:15.609,0.7965,0.7968,0.30,0.20
2008.03.03 09:35:15.780,0.79628,0.79653,0.30,9.60
2008.03.03 09:35:15.931,0.7965,0.7968,0.30,0.20
2008.03.03 09:35:16.128,0.79626,0.79651,0.30,0.20
2008.03.03 09:35:16.370,0.7965,0.7968,0.30,0.20
2008.03.03 09:35:16.451,0.79626,0.79651,2.40,2.50
2008.03.03 09:35:16.742,0.7963,0.79655,4.00,0.20
2008.03.03 09:35:16.815,0.7965,0.7968,0.30,0.20
2008.03.03 09:35:17.076,0.79634,0.79659,2.40,2.40
2008.03.03 09:35:17.168,0.7965,0.7968,0.30,0.20
2008.03.03 09:35:17.410,0.79634,0.79659,0.30,0.20
2008.03.03 09:35:17.484,0.7965,0.7968,0.30,0.20
2008.03.03 09:35:17.705,0.7965,0.7968,0.30,0.20
2008.03.03 09:35:17.764,0.79633,0.79658,0.30,0.20
2008.03.03 09:35:17.988,0.79632,0.79657,4.00,0.20
2008.03.03 09:35:18.022,0.7965,0.7968,0.30,0.20
2008.03.03 09:35:18.210,0.79634,0.79659,4.00,0.40
2008.03.03 09:35:18.344,0.7965,0.7968,0.30,0.20
2008.03.03 09:35:18.431,0.79638,0.79663,0.50,0.40
2008.03.03 09:35:18.654,0.79638,0.79663,2.40,2.40
2008.03.03 09:35:18.682,0.7965,0.7968,0.30,0.20
2008.03.03 09:35:18.873,0.79639,0.79664,6.40,4.80
2008.03.03 09:35:19.008,0.7965,0.7968,0.30,0.20
2008.03.03 09:35:19.285,0.79638,0.79663,0.30,0.40
2008.03.03 09:35:19.350,0.7965,0.7968,0.30,0.20
2008.03.03 09:35:19.681,0.7965,0.7968,0.30,0.20
2008.03.03 09:35:19.748,0.79634,0.79659,0.60,0.20
2008.03.03 09:35:20.000,0.7965,0.7968,0.30,0.20
2008.03.03 09:35:20.073,0.79628,0.79653,0.30,0.20
2008.03.03 09:35:20.330,0.7965,0.7968,0.30,0.20
2008.03.03 09:35:20.402,0.79627,0.79652,6.60,0.20
2008.03.03 09:35:20.665,0.7965,0.7968,0.30,0.20
2008.03.03 09:35:20.734,0.7963,0.79655,0.30,0.20
2008.03.03 09:35:21.057,0.79635,0.7966,0.30,4.00
2008.03.03 09:35:21.111,0.7965,0.7968,0.30,0.20
2008.03.03 09:35:21.395,0.79639,0.79664,2.60,2.50
2008.03.03 09:35:21.541,0.7965,0.7968,0.30,0.20
2008.03.03 09:35:21.733,0.79638,0.79663,0.30,4.00
2008.03.03 09:35:21.876,0.79645,0.79675,1.20,4.00
2008.03.03 09:35:22.050,0.79637,0.79662,0.60,0.20
2008.03.03 09:35:22.223,0.79645,0.79675,0.50,4.00
2008.03.03 09:35:22.385,0.79634,0.79659,4.00,0.20
2008.03.03 09:35:22.436,0.79645,0.79675,0.50,4.00
2008.03.03 09:35:22.695,0.79632,0.79657,0.30,0.20
2008.03.03 09:35:22.769,0.79645,0.79675,0.50,4.00
2008.03.03 09:35:23.051,0.79634,0.79659,0.60,0.20
2008.03.03 09:35:23.091,0.79645,0.79675,0.50,4.00
2008.03.03 09:35:23.382,0.79635,0.7966,4.00,2.40
2008.03.03 09:35:23.428,0.79645,0.79675,0.50,4.00
2008.03.03 09:35:23.689,0.79634,0.79659,0.30,0.20
2008.03.03 09:35:23.757,0.79645,0.79675,0.80,4.00
2008.03.03 09:35:24.028,0.79632,0.79657,2.40,2.40
2008.03.03 09:35:24.089,0.79645,0.79675,0.80,4.00
2008.03.03 09:35:24.364,0.79632,0.79657,0.30,0.40
2008.03.03 09:35:24.418,0.79645,0.79675,0.80,4.00
2008.03.03 09:35:24.733,0.79645,0.79675,0.80,4.00
2008.03.03 09:35:24.803,0.79636,0.79661,0.30,0.90
2008.03.03 09:35:25.076,0.79645,0.79675,0.80,4.00
2008.03.03 09:35:25.140,0.79638,0.79663,2.80,0.70
2008.03.03 09:35:25.389,0.79645,0.79675,0.80,4.00
2008.03.03 09:35:25.455,0.79639,0.79664,0.30,0.20
2008.03.03 09:35:25.756,0.79645,0.79675,0.80,4.00
2008.03.03 09:35:25.793,0.79639,0.79664,4.00,0.20
2008.03.03 09:35:26.059,0.79645,0.79675,0.80,4.00
2008.03.03 09:35:26.126,0.79636,0.79661,2.40,2.40
2008.03.03 09:35:26.397,0.79645,0.79675,0.80,4.00
2008.03.03 09:35:26.451,0.79634,0.79659,4.00,0.20
2008.03.03 09:35:26.786,0.79635,0.7966,0.30,0.20
2008.03.03 09:35:26.843,0.79645,0.79675,0.80,4.00
2008.03.03 09:35:27.124,0.79636,0.79661,0.30,4.10
2008.03.03 09:35:27.270,0.79645,0.79675,0.80,4.00
2008.03.03 09:35:27.422,0.79634,0.79659,2.40,2.40
2008.03.03 09:35:27.518,0.79645,0.79675,0.80,4.00
2008.03.03 09:35:27.753,0.79633,0.79658,4.00,0.20
2008.03.03 09:35:27.820,0.79645,0.79675,0.80,4.00
2008.03.03 09:35:28.035,0.79645,0.79675,0.80,4.00
2008.03.03 09:35:28.088,0.79631,0.79656,0.30,0.20
2008.03.03 09:35:28.257,0.79645,0.79675,0.80,4.00
2008.03.03 09:35:28.433,0.79629,0.79654,2.40,0.20
2008.03.03 09:35:28.590,0.79645,0.79675,0.80,4.00
2008.03.03 09:35:28.768,0.79631,0.79656,2.40,2.40
2008.03.03 09:35:29.031,0.79645,0.79675,0.80,4.00
2008.03.03 09:35:29.088,0.79629,0.79654,0.30,0.20
2008.03.03 09:35:29.374,0.79645,0.79675,0.80,4.00
2008.03.03 09:35:29.432,0.79632,0.79657,0.30,0.20
2008.03.03 09:35:29.705,0.79645,0.79675,0.80,4.00
2008.03.03 09:35:29.858,0.79636,0.79661,0.50,0.20
2008.03.03 09:35:30.025,0.79645,0.79675,0.80,4.00
2008.03.03 09:35:30.303,0.79637,0.79662,8.00,0.20
2008.03.03 09:35:30.358,0.79645,0.79675,0.80,4.00
2008.03.03 09:35:30.629,0.79636,0.79661,0.30,0.20
2008.03.03 09:35:30.683,0.79645,0.79675,0.80,4.00
2008.03.03 09:35:30.966,0.79633,0.79658,0.60,0.20
2008.03.03 09:35:31.006,0.79645,0.79675,0.80,4.00
2008.03.03 09:35:31.293,0.79631,0.79656,0.30,0.20
2008.03.03 09:35:31.363,0.79645,0.79675,0.80,4.00
2008.03.03 09:35:31.630,0.79631,0.79656,0.60,0.40
2008.03.03 09:35:31.784,0.79645,0.79675,0.80,4.00
2008.03.03 09:35:31.944,0.79634,0.79659,6.40,0.20
2008.03.03 09:35:32.220,0.79645,0.79675,0.80,4.00
2008.03.03 09:35:32.287,0.79635,0.7966,0.60,0.20
2008.03.03 09:35:32.450,0.79645,0.79675,0.80,4.00
2008.03.03 09:35:32.625,0.79634,0.79659,4.00,0.20
2008.03.03 09:35:32.671,0.79645,0.79675,0.80,4.00
2008.03.03 09:35:32.879,0.79645,0.79675,0.80,4.00
2008.03.03 09:35:32.935,0.79633,0.79658,4.00,0.20
2008.03.03 09:35:33.108,0.79645,0.79675,0.80,4.00
2008.03.03 09:35:33.268,0.79631,0.79656,4.00,0.20
2008.03.03 09:35:33.367,0.79645,0.79675,0.80,4.00
2008.03.03 09:35:33.695,0.79631,0.79656,0.30,0.20
2008.03.03 09:35:33.701,0.79655,0.79675,0.50,4.10
2008.03.03 09:35:34.037,0.79645,0.79675,0.50,4.00
2008.03.03 09:35:34.156,0.79631,0.79656,2.80,2.50
2008.03.03 09:35:34.371,0.79645,0.79675,0.50,4.00
2008.03.03 09:35:34.586,0.79645,0.79675,0.50,4.00
2008.03.03 09:35:34.590,0.79629,0.79654,1.20,0.20
2008.03.03 09:35:34.814,0.79655,0.79675,0.50,4.00
2008.03.03 09:35:35.027,0.79631,0.79656,0.30,0.20
2008.03.03 09:35:35.288,0.79645,0.79675,0.50,4.00
2008.03.03 09:35:35.356,0.79631,0.79656,0.30,4.00
2008.03.03 09:35:35.575,0.79629,0.79654,4.00,0.20
2008.03.03 09:35:35.634,0.79645,0.79675,0.50,4.00
2008.03.03 09:35:35.911,0.79629,0.79654,2.40,2.40
2008.03.03 09:35:36.030,0.79645,0.79675,0.50,4.00
2008.03.03 09:35:36.134,0.79631,0.79656,1.50,2.40
2008.03.03 09:35:36.390,0.79632,0.79657,0.80,4.00
2008.03.03 09:35:36.398,0.79645,0.79675,0.50,4.00
2008.03.03 09:35:36.744,0.79633,0.79658,2.60,2.50
2008.03.03 09:35:36.828,0.79645,0.79675,0.50,4.00
2008.03.03 09:35:37.097,0.79635,0.7966,0.30,0.20
2008.03.03 09:35:37.161,0.79645,0.79675,0.50,4.00
2008.03.03 09:35:37.450,0.79638,0.79663,0.30,0.20
2008.03.03 09:35:37.601,0.79645,0.79675,0.50,4.00
2008.03.03 09:35:37.677,0.79641,0.79666,0.30,6.50
2008.03.03 09:35:37.822,0.79645,0.79675,0.50,4.00
2008.03.03 09:35:37.912,0.79637,0.79662,0.30,0.20
2008.03.03 09:35:38.045,0.79645,0.79675,0.50,4.00
2008.03.03 09:35:38.116,0.79634,0.79659,4.00,0.20
2008.03.03 09:35:38.265,0.79645,0.79675,0.50,4.00
2008.03.03 09:35:38.329,0.79635,0.7966,0.30,0.20
2008.03.03 09:35:38.498,0.79645,0.79675,0.50,4.00
2008.03.03 09:35:38.664,0.79633,0.79663,0.30,0.20
2008.03.03 09:35:38.929,0.79645,0.79675,0.50,4.00
2008.03.03 09:35:38.998,0.79628,0.79663,0.30,4.00
2008.03.03 09:35:39.253,0.79645,0.79675,0.50,4.00
2008.03.03 09:35:39.333,0.79626,0.79661,0.30,0.20
2008.03.03 09:35:39.581,0.79645,0.79675,0.50,4.00
2008.03.03 09:35:39.654,0.79626,0.79661,9.60,0.20
2008.03.03 09:35:39.920,0.79645,0.79675,0.50,4.00
2008.03.03 09:35:39.979,0.79626,0.79661,0.30,4.00
2008.03.03 09:35:40.175,0.79645,0.79675,0.50,4.00
2008.03.03 09:35:40.313,0.79629,0.79664,0.40,0.20
2008.03.03 09:35:40.472,0.79645,0.79675,0.50,4.00
2008.03.03 09:35:40.650,0.79631,0.79666,0.30,4.00
2008.03.03 09:35:40.786,0.79645,0.79675,0.50,4.00
2008.03.03 09:35:40.968,0.79632,0.79667,9.60,0.20
2008.03.03 09:35:41.065,0.79645,0.79675,0.50,4.00
2008.03.03 09:35:41.305,0.79631,0.79666,0.30,2.40
2008.03.03 09:35:41.455,0.79645,0.79675,0.50,4.00
2008.03.03 09:35:41.638,0.79631,0.79666,4.00,0.20
2008.03.03 09:35:41.896,0.79645,0.79675,0.50,4.00
2008.03.03 09:35:41.958,0.79629,0.79664,4.00,0.20
2008.03.03 09:35:42.235,0.79645,0.79675,0.50,4.00
2008.03.03 09:35:42.303,0.79631,0.79666,4.00,0.20
2008.03.03 09:35:42.614,0.79632,0.79667,0.80,0.20
2008.03.03 09:35:42.659,0.79645,0.79675,0.50,4.00
2008.03.03 09:35:42.890,0.79645,0.79675,0.50,4.00
2008.03.03 09:35:42.943,0.79631,0.79666,4.00,0.20
2008.03.03 09:35:43.115,0.79645,0.79675,0.50,4.00
2008.03.03 09:35:43.275,0.79629,0.79664,0.60,2.40
2008.03.03 09:35:43.432,0.79645,0.79675,0.50,4.00
2008.03.03 09:35:43.719,0.79629,0.79664,0.30,0.20
2008.03.03 09:35:43.772,0.79645,0.79675,0.50,4.00
2008.03.03 09:35:44.120,0.79645,0.79675,0.50,4.00
2008.03.03 09:35:44.149,0.79629,0.79664,4.00,0.20
2008.03.03 09:35:44.268,0.7962,0.7967,0.30,0.20
2008.03.03 09:35:44.428,0.79645,0.79675,0.50,4.00
2008.03.03 09:35:44.492,0.79628,0.79663,2.00,0.60
2008.03.03 09:35:44.754,0.79645,0.79675,0.50,4.00
2008.03.03 09:35:44.829,0.79628,0.79663,0.60,2.40
2008.03.03 09:35:45.075,0.79645,0.79675,0.50,4.00
2008.03.03 09:35:45.158,0.79626,0.79661,2.40,2.40
2008.03.03 09:35:45.406,0.79645,0.79675,0.50,4.00
2008.03.03 09:35:45.498,0.79625,0.7966,2.40,2.40
2008.03.03 09:35:45.739,0.79645,0.79675,0.50,4.00
2008.03.03 09:35:45.819,0.79626,0.79661,4.20,4.10
2008.03.03 09:35:46.076,0.79645,0.79675,0.50,4.00
2008.03.03 09:35:46.133,0.79627,0.79662,0.30,0.20
2008.03.03 09:35:46.367,0.7963,0.79665,0.50,0.20
2008.03.03 09:35:46.395,0.79645,0.79675,0.50,4.00
2008.03.03 09:35:46.659,0.79645,0.79675,0.50,4.00
2008.03.03 09:35:46.673,0.79633,0.79668,0.30,0.20
2008.03.03 09:35:47.007,0.79635,0.7967,0.30,0.20
2008.03.03 09:35:47.071,0.79645,0.79675,0.50,4.00
2008.03.03 09:35:47.352,0.79633,0.79668,6.80,4.90
2008.03.03 09:35:47.505,0.79645,0.79675,0.50,4.00
2008.03.03 09:35:47.688,0.79635,0.7967,0.60,4.00
2008.03.03 09:35:47.825,0.79645,0.79675,0.50,4.00
2008.03.03 09:35:47.970,0.79634,0.79669,0.30,4.00
2008.03.03 09:35:48.052,0.79645,0.79675,0.50,4.00
2008.03.03 09:35:48.200,0.79634,0.79669,0.30,4.00
2008.03.03 09:35:48.387,0.79645,0.79675,0.50,4.00
2008.03.03 09:35:48.447,0.79633,0.79668,1.80,4.00
2008.03.03 09:35:48.610,0.79645,0.79675,0.50,4.00
2008.03.03 09:35:48.890,0.79634,0.79669,0.30,0.20
2008.03.03 09:35:48.933,0.79645,0.79675,0.50,4.00
2008.03.03 09:35:49.229,0.79633,0.79668,0.80,0.20
2008.03.03 09:35:49.260,0.79645,0.79675,0.50,4.00
2008.03.03 09:35:49.592,0.79645,0.79675,0.50,4.00
2008.03.03 09:35:49.657,0.79631,0.79666,0.60,0.20
2008.03.03 09:35:49.831,0.79645,0.79675,0.50,4.00
2008.03.03 09:35:50.051,0.79629,0.79664,0.60,2.40
2008.03.03 09:35:50.071,0.79645,0.79665,0.50,4.00
2008.03.03 09:35:50.311,0.79645,0.79665,0.50,4.00
2008.03.03 09:35:50.365,0.7963,0.79665,0.30,0.20
2008.03.03 09:35:50.550,0.79645,0.79675,0.50,6.40
2008.03.03 09:35:50.681,0.79626,0.79671,4.00,5.60
2008.03.03 09:35:50.892,0.79645,0.79675,0.50,4.00
2008.03.03 09:35:50.931,0.79622,0.79672,4.00,0.20
2008.03.03 09:35:51.187,0.79622,0.79672,9.60,4.70
2008.03.03 09:35:51.242,0.79645,0.79675,0.50,4.00
2008.03.03 09:35:51.517,0.79622,0.79672,0.10,0.20
2008.03.03 09:35:51.577,0.79645,0.79675,0.50,4.00
2008.03.03 09:35:51.755,0.79622,0.79672,2.60,2.40
2008.03.03 09:35:51.821,0.79655,0.79675,0.50,4.00
2008.03.03 09:35:52.061,0.79655,0.79675,0.50,4.00
2008.03.03 09:35:52.074,0.79622,0.79672,2.60,2.40
2008.03.03 09:35:52.333,0.79655,0.79675,0.50,4.00
2008.03.03 09:35:52.418,0.79623,0.79673,0.30,0.20
2008.03.03 09:35:52.615,0.79645,0.79675,0.50,4.00
2008.03.03 09:35:52.749,0.79622,0.79672,0.30,0.20
2008.03.03 09:35:52.932,0.79645,0.79675,0.50,4.00
2008.03.03 09:35:53.069,0.79622,0.79672,0.60,0.20
2008.03.03 09:35:53.299,0.79622,0.79672,9.80,0.50
2008.03.03 09:35:53.333,0.79645,0.79675,0.50,4.00
2008.03.03 09:35:53.616,0.79624,0.79674,0.30,0.20
2008.03.03 09:35:53.669,0.79645,0.79675,0.50,4.00
2008.03.03 09:35:53.913,0.79645,0.79675,0.50,4.00
2008.03.03 09:35:54.055,0.79622,0.79672,0.30,0.20
2008.03.03 09:35:54.204,0.79645,0.79675,0.50,4.00
2008.03.03 09:35:54.496,0.79623,0.79673,0.30,0.20
2008.03.03 09:35:54.543,0.79645,0.79675,0.50,4.00
2008.03.03 09:35:54.812,0.79645,0.79675,0.50,4.00
2008.03.03 09:35:54.863,0.79622,0.79672,0.30,0.20
2008.03.03 09:35:55.089,0.79645,0.79675,0.50,4.00
2008.03.03 09:35:55.167,0.79621,0.79671,0.30,4.00
2008.03.03 09:35:55.435,0.79645,0.79675,0.50,4.00
2008.03.03 09:35:55.475,0.79622,0.79672,0.30,0.20
2008.03.03 09:35:55.743,0.79645,0.79675,0.50,4.00
2008.03.03 09:35:55.816,0.79622,0.79672,0.30,0.20
2008.03.03 09:35:56.082,0.79645,0.79675,0.50,4.00
2008.03.03 09:35:56.154,0.79622,0.79672,0.30,0.20
2008.03.03 09:35:56.423,0.79645,0.79675,0.50,4.00
2008.03.03 09:35:56.468,0.79623,0.79673,2.60,2.70
2008.03.03 09:35:56.852,0.79645,0.79675,0.50,4.00
2008.03.03 09:35:56.920,0.79623,0.79673,4.00,0.20
2008.03.03 09:35:57.072,0.79645,0.79675,0.50,4.00
2008.03.03 09:35:57.304,0.79645,0.79675,0.50,4.00
2008.03.03 09:35:57.355,0.79622,0.79672,4.00,0.20
2008.03.03 09:35:57.502,0.79645,0.79675,0.50,4.00
2008.03.03 09:35:57.698,0.79623,0.79673,9.60,0.20
2008.03.03 09:35:57.728,0.79645,0.79675,0.50,4.00
2008.03.03 09:35:57.913,0.79622,0.79672,0.30,0.20
2008.03.03 09:35:58.069,0.79645,0.79675,0.50,4.00
2008.03.03 09:35:58.129,0.79623,0.79673,15.40,2.50
2008.03.03 09:35:58.348,0.79622,0.79672,0.30,0.20
2008.03.03 09:35:58.493,0.79645,0.79675,0.50,4.00
2008.03.03 09:35:58.574,0.79623,0.79673,0.30,4.00
2008.03.03 09:35:58.788,0.79623,0.79673,0.30,0.20
2008.03.03 09:35:58.812,0.79645,0.79675,0.50,4.00
2008.03.03 09:35:59.054,0.79645,0.79675,0.50,4.00
2008.03.03 09:35:59.205,0.79622,0.79672,2.60,2.50
2008.03.03 09:35:59.285,0.79645,0.79675,0.50,4.00
2008.03.03 09:35:59.541,0.79622,0.79672,0.80,0.20
2008.03.03 09:35:59.600,0.79645,0.79675,0.50,4.00
2008.03.03 09:35:59.894,0.79645,0.79675,0.50,4.00
2008.03.03 09:35:59.895,0.79621,0.79671,4.00,0.20
2008.03.03 09:36:00.259,0.79645,0.79675,0.50,4.00
2008.03.03 09:36:00.599,0.79645,0.79675,0.50,4.00
2008.03.03 09:36:00.620,0.79628,0.79678,0.30,0.80
2008.03.03 09:36:00.931,0.79645,0.79675,0.50,4.00
2008.03.03 09:36:00.941,0.79638,0.79688,6.40,0.40
2008.03.03 09:36:01.277,0.7965,0.797,0.30,0.20
2008.03.03 09:36:01.368,0.79645,0.79675,0.50,4.00
2008.03.03 09:36:01.607,0.7966,0.7971,0.30,0.20
2008.03.03 09:36:01.812,0.79645,0.79675,0.50,4.00
2008.03.03 09:36:01.909,0.79666,0.79716,0.30,0.20
2008.03.03 09:36:02.132,0.79645,0.79675,0.50,4.00
2008.03.03 09:36:02.268,0.79674,0.79724,0.30,0.20
2008.03.03 09:36:02.465,0.79645,0.79675,0.50,4.00
2008.03.03 09:36:02.606,0.79678,0.79728,9.60,0.40
2008.03.03 09:36:02.785,0.79645,0.79675,0.50,4.00
2008.03.03 09:36:02.927,0.79679,0.79729,1.80,0.20
2008.03.03 09:36:03.123,0.79645,0.79675,0.50,4.00
2008.03.03 09:36:03.249,0.79675,0.79725,0.30,0.40
2008.03.03 09:36:03.451,0.79645,0.79675,0.50,4.00
2008.03.03 09:36:03.589,0.79668,0.79718,0.30,0.20
2008.03.03 09:36:03.772,0.79645,0.79675,0.50,4.00
2008.03.03 09:36:03.815,0.79665,0.79715,0.30,0.20
2008.03.03 09:36:04.105,0.79645,0.79675,0.50,4.00
2008.03.03 09:36:04.244,0.79665,0.79715,0.30,0.20
2008.03.03 09:36:04.440,0.79645,0.79675,0.50,4.00
2008.03.03 09:36:04.695,0.79664,0.79714,0.30,4.00
2008.03.03 09:36:04.767,0.79645,0.79675,0.50,4.00
2008.03.03 09:36:05.004,0.79661,0.79711,0.70,0.20
2008.03.03 09:36:05.100,0.79645,0.79675,0.50,4.00
2008.03.03 09:36:05.352,0.7966,0.7971,0.30,2.40
2008.03.03 09:36:05.455,0.79645,0.79675,0.50,4.00
2008.03.03 09:36:05.675,0.7966,0.7971,2.40,2.40
2008.03.03 09:36:05.861,0.79645,0.79675,0.50,4.00
2008.03.03 09:36:06.010,0.79662,0.79712,0.30,0.20
2008.03.03 09:36:06.314,0.79645,0.79675,0.50,4.00
2008.03.03 09:36:06.338,0.79663,0.79713,1.80,0.20
2008.03.03 09:36:06.661,0.79661,0.79711,0.30,0.20
2008.03.03 09:36:06.750,0.79645,0.79675,0.50,4.00
2008.03.03 09:36:06.961,0.79645,0.79675,0.50,4.00
2008.03.03 09:36:07.005,0.79659,0.79709,0.70,4.00
2008.03.03 09:36:07.188,0.79645,0.79675,0.50,4.00
2008.03.03 09:36:07.408,0.79645,0.79675,0.50,4.00
2008.03.03 09:36:07.414,0.79658,0.79708,4.00,0.20
2008.03.03 09:36:07.628,0.79645,0.79675,0.50,4.00
2008.03.03 09:36:07.778,0.79657,0.79707,7.20,0.20
2008.03.03 09:36:07.861,0.79645,0.79675,0.50,4.00
2008.03.03 09:36:08.077,0.79655,0.79705,13.60,2.70
2008.03.03 09:36:08.298,0.79645,0.79675,0.50,4.00
2008.03.03 09:36:08.316,0.79656,0.79706,0.30,4.10
2008.03.03 09:36:08.647,0.79657,0.79707,0.30,0.20
2008.03.03 09:36:08.736,0.79645,0.79675,0.50,4.00
2008.03.03 09:36:08.984,0.79656,0.79706,2.40,0.20
2008.03.03 09:36:09.174,0.79645,0.79675,0.50,4.00
2008.03.03 09:36:09.389,0.79645,0.79675,0.50,4.00
2008.03.03 09:36:09.410,0.79653,0.79703,4.00,2.40
2008.03.03 09:36:09.599,0.79645,0.79675,0.50,4.00
2008.03.03 09:36:09.821,0.79645,0.79675,0.50,4.00
2008.03.03 09:36:09.850,0.79651,0.79701,10.40,0.80
2008.03.03 09:36:10.060,0.79645,0.79675,0.50,4.00
2008.03.03 09:36:10.189,0.7965,0.797,0.30,0.20
2008.03.03 09:36:10.458,0.79645,0.79675,0.50,4.00
2008.03.03 09:36:10.519,0.79652,0.79702,2.40,0.20
2008.03.03 09:36:10.787,0.79645,0.79675,0.50,4.00
2008.03.03 09:36:10.849,0.79653,0.79703,0.30,0.20
2008.03.03 09:36:11.157,0.79645,0.79675,0.50,4.00
2008.03.03 09:36:11.276,0.79653,0.79703,0.30,0.20
2008.03.03 09:36:11.551,0.79645,0.79675,0.50,4.00
2008.03.03 09:36:11.622,0.79653,0.79703,9.60,0.20
2008.03.03 09:36:11.907,0.79645,0.79675,0.50,4.00
2008.03.03 09:36:12.048,0.79657,0.79707,0.30,4.10
2008.03.03 09:36:12.145,0.79645,0.79675,0.50,4.00
2008.03.03 09:36:12.273,0.79664,0.79714,0.30,0.20
2008.03.03 09:36:12.478,0.79645,0.79675,0.50,4.00
2008.03.03 09:36:12.490,0.79667,0.79717,4.00,0.20
2008.03.03 09:36:12.691,0.7966,0.79675,0.30,4.00
2008.03.03 09:36:12.712,0.79664,0.79714,0.30,3.20
2008.03.03 09:36:12.905,0.7966,0.79675,0.30,4.00
2008.03.03 09:36:12.931,0.79657,0.79707,0.50,2.40
2008.03.03 09:36:13.235,0.7966,0.79675,0.30,4.00
2008.03.03 09:36:13.373,0.79653,0.79703,0.60,0.40
2008.03.03 09:36:13.574,0.7966,0.79675,0.30,4.00
2008.03.03 09:36:13.816,0.79653,0.79703,0.80,0.20
2008.03.03 09:36:13.901,0.7966,0.79675,0.30,4.00
2008.03.03 09:36:14.228,0.79656,0.79706,0.30,0.20
2008.03.03 09:36:14.230,0.7966,0.79675,0.30,4.00
2008.03.03 09:36:14.454,0.7966,0.79675,0.30,4.00
2008.03.03 09:36:14.575,0.79655,0.79705,0.30,0.40
2008.03.03 09:36:14.698,0.7966,0.79675,0.30,4.00
2008.03.03 09:36:14.912,0.7965,0.797,0.30,0.40
2008.03.03 09:36:14.970,0.7966,0.79675,0.30,4.00
2008.03.03 09:36:15.146,0.79642,0.79702,4.00,0.40
2008.03.03 09:36:15.278,0.79647,0.79697,0.30,0.20
2008.03.03 09:36:15.290,0.7966,0.79675,0.30,4.00
2008.03.03 09:36:15.581,0.79651,0.79701,4.00,0.20
2008.03.03 09:36:15.609,0.7966,0.79675,0.30,4.00
2008.03.03 09:36:15.910,0.79654,0.79704,0.30,0.40
2008.03.03 09:36:15.949,0.7966,0.79675,0.30,4.00
2008.03.03 09:36:16.169,0.79654,0.79704,0.30,0.20
2008.03.03 09:36:16.286,0.7966,0.7968,0.30,0.20
2008.03.03 09:36:16.454,0.79653,0.79703,0.30,0.20
2008.03.03 09:36:16.620,0.7966,0.7968,0.30,0.20
2008.03.03 09:36:16.823,0.7965,0.797,0.30,0.40
2008.03.03 09:36:16.955,0.7966,0.79675,0.30,4.00
2008.03.03 09:36:17.106,0.79648,0.79698,0.30,0.20
2008.03.03 09:36:17.207,0.7966,0.79675,0.30,4.00
2008.03.03 09:36:17.433,0.79647,0.79697,0.80,0.20
2008.03.03 09:36:17.523,0.7966,0.79675,0.30,4.00
2008.03.03 09:36:17.674,0.79645,0.79695,12.00,11.30
2008.03.03 09:36:17.846,0.7966,0.79675,0.30,4.00
2008.03.03 09:36:17.983,0.79641,0.79691,0.30,0.90
2008.03.03 09:36:18.189,0.7966,0.79675,0.30,4.00
2008.03.03 09:36:18.430,0.7964,0.7969,2.60,1.60
2008.03.03 09:36:18.523,0.7966,0.79675,0.30,4.00
2008.03.03 09:36:18.866,0.79645,0.79695,0.30,1.90
2008.03.03 09:36:18.959,0.7966,0.79675,0.30,4.00
2008.03.03 09:36:19.313,0.7965,0.797,0.30,0.40
2008.03.03 09:36:19.386,0.7966,0.79675,0.30,4.00
2008.03.03 09:36:19.713,0.79654,0.79704,1.80,2.50
2008.03.03 09:36:19.720,0.7966,0.79675,0.30,4.00
2008.03.03 09:36:20.045,0.79654,0.79704,0.30,0.20
2008.03.03 09:36:20.085,0.7966,0.79675,0.30,4.00
2008.03.03 09:36:20.373,0.79654,0.79704,2.40,1.60
2008.03.03 09:36:20.395,0.7966,0.79675,0.30,4.00
2008.03.03 09:36:20.604,0.79657,0.79707,0.80,0.20
2008.03.03 09:36:20.716,0.7966,0.79675,0.30,4.00
2008.03.03 09:36:20.834,0.7966,0.7971,0.60,0.90
2008.03.03 09:36:21.045,0.7966,0.79675,0.30,4.00
2008.03.03 09:36:21.180,0.79662,0.79712,0.30,4.00
2008.03.03 09:36:21.379,0.7966,0.79675,0.30,4.00
2008.03.03 09:36:21.525,0.79663,0.79713,2.40,2.40
2008.03.03 09:36:21.734,0.7966,0.79675,0.30,4.00
2008.03.03 09:36:21.955,0.79664,0.79714,2.40,2.40
2008.03.03 09:36:22.094,0.7966,0.79675,0.30,4.00
2008.03.03 09:36:22.322,0.7966,0.79675,0.30,4.00
2008.03.03 09:36:22.397,0.79663,0.79713,0.30,0.40
2008.03.03 09:36:22.575,0.7966,0.79675,0.30,4.00
2008.03.03 09:36:22.721,0.79657,0.79707,0.30,0.20
2008.03.03 09:36:22.807,0.7966,0.79675,0.30,4.00
2008.03.03 09:36:22.930,0.79649,0.79699,0.60,0.40
2008.03.03 09:36:23.143,0.7966,0.79675,0.30,4.00
2008.03.03 09:36:23.164,0.79642,0.79692,4.00,0.40
2008.03.03 09:36:23.468,0.7966,0.79675,0.30,4.00
2008.03.03 09:36:23.477,0.79639,0.79689,0.60,0.20
2008.03.03 09:36:23.791,0.7966,0.79675,0.30,4.00
2008.03.03 09:36:23.818,0.79638,0.79688,0.30,4.00
2008.03.03 09:36:24.124,0.7966,0.79675,0.30,4.00
2008.03.03 09:36:24.252,0.79639,0.79689,5.00,0.20
2008.03.03 09:36:24.459,0.7966,0.79675,0.30,4.00
2008.03.03 09:36:24.634,0.7964,0.7969,6.40,0.20
2008.03.03 09:36:24.780,0.7966,0.79675,0.30,4.00
2008.03.03 09:36:24.919,0.79638,0.79688,4.00,0.40
2008.03.03 09:36:25.003,0.79645,0.79675,0.50,4.00
2008.03.03 09:36:25.227,0.79645,0.79675,0.50,4.00
2008.03.03 09:36:25.292,0.79639,0.79689,2.40,4.10
2008.03.03 09:36:25.528,0.79645,0.79675,0.50,4.00
2008.03.03 09:36:25.592,0.79647,0.79697,0.30,0.20
2008.03.03 09:36:25.877,0.79645,0.79675,0.50,4.00
2008.03.03 09:36:25.911,0.79663,0.79713,2.60,2.50
2008.03.03 09:36:26.217,0.79645,0.79675,0.50,4.00
2008.03.03 09:36:26.240,0.79673,0.79723,0.30,0.80
2008.03.03 09:36:26.562,0.79668,0.79718,0.30,0.40
2008.03.03 09:36:26.659,0.79645,0.79675,0.50,4.00
2008.03.03 09:36:26.998,0.79663,0.79713,0.30,0.20
2008.03.03 09:36:27.089,0.79645,0.79675,0.50,4.00
2008.03.03 09:36:27.344,0.7966,0.7971,2.80,0.80
2008.03.03 09:36:27.528,0.79645,0.79675,0.50,4.00
2008.03.03 09:36:27.568,0.79659,0.79709,6.40,0.20
2008.03.03 09:36:27.762,0.79645,0.79675,0.50,4.00
2008.03.03 09:36:27.793,0.79656,0.79706,0.30,0.20
2008.03.03 09:36:28.013,0.79652,0.79702,2.60,8.10
2008.03.03 09:36:28.077,0.7966,0.79675,0.10,4.00
2008.03.03 09:36:28.234,0.79649,0.79699,0.30,0.20
2008.03.03 09:36:28.314,0.7966,0.79675,0.10,4.00
2008.03.03 09:36:28.441,0.79647,0.79697,4.00,0.20
2008.03.03 09:36:28.633,0.7966,0.79675,0.10,4.00
2008.03.03 09:36:28.778,0.79645,0.79695,0.30,4.00
2008.03.03 09:36:28.985,0.7966,0.79675,0.10,4.00
2008.03.03 09:36:29.111,0.79642,0.79692,0.30,3.20
2008.03.03 09:36:29.290,0.7966,0.79675,0.10,4.00
2008.03.03 09:36:29.535,0.79641,0.79691,0.30,0.20
2008.03.03 09:36:29.628,0.7966,0.79675,0.10,4.00
2008.03.03 09:36:29.862,0.79643,0.79693,0.30,0.20
2008.03.03 09:36:29.949,0.7966,0.79675,0.10,4.00
2008.03.03 09:36:30.201,0.79646,0.79696,4.00,0.60
2008.03.03 09:36:30.283,0.7966,0.79675,0.10,4.00
2008.03.03 09:36:30.529,0.79647,0.79697,2.40,4.00
2008.03.03 09:36:30.569,0.7966,0.79675,0.10,4.00
2008.03.03 09:36:30.837,0.7966,0.79675,0.10,4.00
2008.03.03 09:36:30.873,0.79643,0.79693,1.00,9.60
2008.03.03 09:36:31.164,0.7966,0.79675,0.10,4.00
2008.03.03 09:36:31.194,0.79639,0.79689,0.30,0.20
2008.03.03 09:36:31.484,0.7966,0.79675,0.10,4.00
2008.03.03 09:36:31.519,0.79635,0.79685,0.30,0.20
2008.03.03 09:36:31.818,0.79645,0.7968,1.20,0.40
2008.03.03 09:36:31.859,0.79633,0.79683,0.30,0.20
2008.03.03 09:36:32.152,0.7965,0.7968,0.30,0.40
2008.03.03 09:36:32.172,0.79635,0.79685,2.60,2.70
2008.03.03 09:36:32.488,0.7965,0.7968,0.30,0.40
2008.03.03 09:36:32.506,0.79637,0.79687,0.60,0.40
2008.03.03 09:36:32.734,0.7965,0.7968,1.00,0.20
2008.03.03 09:36:32.739,0.79641,0.79691,4.20,0.20
2008.03.03 09:36:32.959,0.79645,0.79695,4.00,0.20
2008.03.03 09:36:32.978,0.79655,0.7968,0.80,0.20
2008.03.03 09:36:33.222,0.7966,0.7969,0.30,0.20
2008.03.03 09:36:33.278,0.79649,0.79699,0.10,0.20
2008.03.03 09:36:33.495,0.7966,0.7969,0.30,0.20
2008.03.03 09:36:33.612,0.79653,0.79703,0.30,0.20
2008.03.03 09:36:33.783,0.7966,0.7969,0.30,0.20
2008.03.03 09:36:34.050,0.79658,0.79708,0.30,2.70
2008.03.03 09:36:34.086,0.7966,0.7969,0.30,0.20
2008.03.03 09:36:34.360,0.7966,0.7969,0.30,0.20
2008.03.03 09:36:34.384,0.79665,0.79715,2.40,2.40
2008.03.03 09:36:34.644,0.79665,0.7969,0.80,0.20
2008.03.03 09:36:34.816,0.79668,0.79718,0.30,4.10
2008.03.03 09:36:34.928,0.79665,0.7969,0.80,0.20
2008.03.03 09:36:35.151,0.79669,0.79719,2.60,2.50
2008.03.03 09:36:35.213,0.79665,0.7969,0.80,0.20
2008.03.03 09:36:35.486,0.79661,0.79721,2.60,0.20
2008.03.03 09:36:35.512,0.79665,0.7969,0.80,0.20
2008.03.03 09:36:35.785,0.79665,0.7969,0.80,0.20
2008.03.03 09:36:35.808,0.79657,0.79717,2.40,2.40
2008.03.03 09:36:36.114,0.79665,0.7969,0.80,0.20
2008.03.03 09:36:36.130,0.79651,0.79711,0.10,0.20
2008.03.03 09:36:36.450,0.79665,0.7969,0.80,0.20
2008.03.03 09:36:36.461,0.79649,0.79709,0.80,4.00
2008.03.03 09:36:36.693,0.79651,0.79711,0.30,0.20
2008.03.03 09:36:36.783,0.79665,0.7969,0.80,0.20
2008.03.03 09:36:37.012,0.79655,0.79715,2.60,2.50
2008.03.03 09:36:37.117,0.79665,0.7969,0.80,0.20
2008.03.03 09:36:37.335,0.79658,0.79718,0.30,0.20
2008.03.03 09:36:37.550,0.79665,0.7969,0.80,0.20
2008.03.03 09:36:37.675,0.79661,0.79721,4.00,0.50
2008.03.03 09:36:37.769,0.79665,0.7969,0.80,0.20
2008.03.03 09:36:37.988,0.79665,0.7969,0.80,0.20
2008.03.03 09:36:38.006,0.79664,0.79724,2.40,2.40
2008.03.03 09:36:38.207,0.79665,0.7969,0.80,0.20
2008.03.03 09:36:38.309,0.79667,0.79727,2.40,2.40
2008.03.03 09:36:38.430,0.79665,0.7969,0.80,0.20
2008.03.03 09:36:38.642,0.79665,0.79725,4.00,0.20
2008.03.03 09:36:38.833,0.79665,0.7969,0.80,0.20
2008.03.03 09:36:38.977,0.79661,0.79721,0.30,0.20
2008.03.03 09:36:39.146,0.7967,0.7969,0.10,0.20
2008.03.03 09:36:39.433,0.79658,0.79718,4.80,0.20
2008.03.03 09:36:39.480,0.7967,0.7969,0.10,0.20
2008.03.03 09:36:39.748,0.7967,0.7969,0.10,0.20
2008.03.03 09:36:39.877,0.79658,0.79718,0.30,0.20
2008.03.03 09:36:39.984,0.7967,0.7969,0.10,0.20
2008.03.03 09:36:40.288,0.7967,0.7969,0.10,0.20
2008.03.03 09:36:40.310,0.79659,0.79719,4.00,0.20
2008.03.03 09:36:40.622,0.7967,0.7969,0.10,0.20
2008.03.03 09:36:40.647,0.79658,0.79718,6.40,0.20
2008.03.03 09:36:40.871,0.79656,0.79716,2.40,0.40
2008.03.03 09:36:40.959,0.7967,0.7969,0.10,0.20
2008.03.03 09:36:41.207,0.79655,0.79715,0.30,0.20
2008.03.03 09:36:41.282,0.7967,0.7969,0.10,0.20
2008.03.03 09:36:41.521,0.79655,0.79715,2.40,0.20
2008.03.03 09:36:41.606,0.7967,0.7969,0.10,0.20
2008.03.03 09:36:41.853,0.79654,0.79714,0.60,0.20
2008.03.03 09:36:41.940,0.7967,0.7969,0.10,0.20
2008.03.03 09:36:42.190,0.79653,0.79713,0.60,0.20
2008.03.03 09:36:42.275,0.7967,0.797,0.40,0.20
2008.03.03 09:36:42.519,0.79649,0.79709,0.30,0.20
2008.03.03 09:36:42.610,0.7967,0.79705,0.40,4.00
2008.03.03 09:36:42.848,0.79647,0.79707,1.60,12.10
2008.03.03 09:36:42.850,0.7967,0.79715,0.40,2.40
2008.03.03 09:36:43.090,0.7967,0.79715,0.50,2.40
2008.03.03 09:36:43.178,0.79646,0.79706,2.60,2.50
2008.03.03 09:36:43.328,0.7967,0.79725,0.50,8.90
2008.03.03 09:36:43.488,0.79648,0.79708,0.30,0.20
2008.03.03 09:36:43.567,0.7967,0.7972,0.50,0.20
2008.03.03 09:36:43.827,0.79647,0.79707,0.30,0.20
2008.03.03 09:36:43.881,0.7967,0.7972,0.50,0.20
2008.03.03 09:36:44.195,0.7967,0.7972,0.40,0.40
2008.03.03 09:36:44.267,0.79646,0.79706,0.80,0.20
2008.03.03 09:36:44.509,0.7967,0.7972,0.40,0.40
2008.03.03 09:36:44.601,0.79644,0.79704,4.00,0.20
2008.03.03 09:36:44.763,0.7967,0.7972,0.40,0.40
2008.03.03 09:36:44.931,0.79647,0.79707,0.60,2.50
2008.03.03 09:36:45.020,0.797,0.7972,0.30,0.20
2008.03.03 09:36:45.271,0.79652,0.79712,4.20,4.80
2008.03.03 09:36:45.291,0.7972,0.79725,0.30,4.00
2008.03.03 09:36:45.547,0.7972,0.7975,0.10,0.40
2008.03.03 09:36:45.597,0.79658,0.79718,0.30,0.20
2008.03.03 09:36:45.841,0.7971,0.7975,0.80,2.50
2008.03.03 09:36:45.914,0.79659,0.79719,0.60,0.20
2008.03.03 09:36:46.135,0.797,0.79725,0.10,0.90
2008.03.03 09:36:46.251,0.79659,0.79719,0.30,0.20
2008.03.03 09:36:46.429,0.7967,0.79705,0.60,4.00
2008.03.03 09:36:46.580,0.79662,0.79722,0.30,3.20
2008.03.03 09:36:46.763,0.7967,0.797,0.60,0.20
2008.03.03 09:36:46.829,0.79666,0.79726,2.60,2.40
2008.03.03 09:36:47.097,0.7967,0.797,0.60,0.20
2008.03.03 09:36:47.144,0.79669,0.79729,15.40,0.50
2008.03.03 09:36:47.431,0.7969,0.797,0.50,0.20
2008.03.03 09:36:47.461,0.79671,0.79731,4.00,0.20
2008.03.03 09:36:47.667,0.7969,0.797,0.50,0.20
2008.03.03 09:36:47.804,0.79668,0.79728,9.60,0.20
2008.03.03 09:36:47.903,0.79675,0.797,0.50,0.20
2008.03.03 09:36:48.136,0.79664,0.79724,0.30,0.40
2008.03.03 09:36:48.200,0.79675,0.797,0.50,0.20
2008.03.03 09:36:48.433,0.79663,0.79723,0.30,0.20
2008.03.03 09:36:48.440,0.79675,0.797,0.50,0.20
2008.03.03 09:36:48.674,0.7967,0.79705,0.30,4.00
2008.03.03 09:36:48.789,0.79663,0.79723,0.30,9.60
2008.03.03 09:36:48.988,0.7967,0.7973,2.60,2.40
2008.03.03 09:36:49.215,0.79664,0.79724,0.60,0.20
2008.03.03 09:36:49.303,0.79675,0.7973,3.00,0.20
2008.03.03 09:36:49.617,0.7968,0.7973,0.30,0.40
2008.03.03 09:36:49.658,0.79661,0.79721,0.60,0.20
2008.03.03 09:36:49.865,0.7969,0.7973,0.50,0.40
2008.03.03 09:36:49.996,0.79655,0.79715,4.00,2.70
2008.03.03 09:36:50.114,0.797,0.79725,0.50,0.20
2008.03.03 09:36:50.352,0.79651,0.79711,11.40,2.50
2008.03.03 09:36:50.364,0.7971,0.79725,0.50,4.10
2008.03.03 09:36:50.613,0.7968,0.79725,0.60,4.10
2008.03.03 09:36:50.653,0.79651,0.79711,2.40,2.40
2008.03.03 09:36:50.917,0.79685,0.7972,0.50,0.20
2008.03.03 09:36:50.979,0.79653,0.79713,2.40,0.20
2008.03.03 09:36:51.221,0.79695,0.7972,0.50,0.40
2008.03.03 09:36:51.321,0.79654,0.79714,2.40,2.40
2008.03.03 09:36:51.525,0.79695,0.7972,0.50,0.40
2008.03.03 09:36:51.638,0.79651,0.79711,0.60,4.00
2008.03.03 09:36:51.942,0.79695,0.7972,0.50,0.40
2008.03.03 09:36:51.970,0.79651,0.79711,0.30,0.20
2008.03.03 09:36:52.276,0.7968,0.7972,0.60,0.40
2008.03.03 09:36:52.314,0.79652,0.79712,0.80,0.20
2008.03.03 09:36:52.609,0.7968,0.7972,0.60,0.40
2008.03.03 09:36:52.642,0.79654,0.79714,2.80,2.40
2008.03.03 09:36:52.854,0.7969,0.7972,0.50,0.40
2008.03.03 09:36:52.961,0.79654,0.79714,0.30,0.20
2008.03.03 09:36:53.167,0.7969,0.7972,0.50,0.40
2008.03.03 09:36:53.294,0.79651,0.79711,6.40,4.10
2008.03.03 09:36:53.406,0.797,0.7972,0.50,0.40
2008.03.03 09:36:53.600,0.79651,0.79711,2.40,0.20
2008.03.03 09:36:53.679,0.797,0.7972,0.50,0.40
2008.03.03 09:36:53.952,0.79649,0.79709,0.30,9.60
2008.03.03 09:36:53.972,0.7968,0.7972,0.30,0.40
2008.03.03 09:36:54.354,0.7968,0.7972,0.30,0.40
2008.03.03 09:36:54.396,0.79649,0.79709,0.30,0.20
2008.03.03 09:36:54.699,0.7968,0.7972,0.30,0.40
2008.03.03 09:36:54.828,0.79648,0.79708,4.00,0.20
2008.03.03 09:36:55.031,0.79685,0.7972,0.50,0.40
2008.03.03 09:36:55.174,0.7965,0.7971,0.30,0.20
2008.03.03 09:36:55.290,0.7968,0.7972,0.30,0.40
2008.03.03 09:36:55.494,0.79651,0.79711,2.60,2.40
2008.03.03 09:36:55.578,0.7969,0.7972,0.50,0.40
2008.03.03 09:36:55.892,0.79654,0.79714,0.30,0.20
2008.03.03 09:36:55.912,0.7969,0.7972,0.50,0.40
2008.03.03 09:36:56.146,0.79655,0.79715,0.60,0.40
2008.03.03 09:36:56.230,0.7969,0.7972,0.50,0.40
2008.03.03 09:36:56.435,0.79658,0.79718,0.30,0.20
2008.03.03 09:36:56.546,0.7969,0.7972,0.50,0.40
2008.03.03 09:36:56.690,0.79661,0.79721,2.40,2.40
2008.03.03 09:36:56.844,0.797,0.7972,0.50,0.40
2008.03.03 09:36:57.011,0.79661,0.79721,12.00,0.20
2008.03.03 09:36:57.233,0.797,0.7972,0.50,0.40
2008.03.03 09:36:57.346,0.7966,0.7972,0.30,0.20
2008.03.03 09:36:57.567,0.797,0.7972,0.10,0.40
2008.03.03 09:36:57.681,0.79653,0.79713,0.30,0.20
2008.03.03 09:36:57.892,0.797,0.7972,0.10,0.40
2008.03.03 09:36:58.027,0.79648,0.79708,9.80,4.10
2008.03.03 09:36:58.120,0.7968,0.7972,0.30,0.40
2008.03.03 09:36:58.331,0.79645,0.79705,0.30,0.80
2008.03.03 09:36:58.333,0.7968,0.7972,0.60,0.40
2008.03.03 09:36:58.553,0.7968,0.7972,0.60,0.40
2008.03.03 09:36:58.574,0.79646,0.79706,3.10,9.60
2008.03.03 09:36:58.768,0.7968,0.7972,0.60,0.40
2008.03.03 09:36:58.869,0.79649,0.79709,1.00,9.60
2008.03.03 09:36:59.087,0.7968,0.7972,0.60,0.40
2008.03.03 09:36:59.203,0.79651,0.79711,0.30,0.20
2008.03.03 09:36:59.429,0.7968,0.7972,0.60,0.40
2008.03.03 09:36:59.530,0.79653,0.79713,0.60,0.20
2008.03.03 09:36:59.749,0.7968,0.7972,0.60,0.40
2008.03.03 09:36:59.884,0.79651,0.79711,2.40,2.40
2008.03.03 09:36:59.977,0.7968,0.7972,0.60,0.40
2008.03.03 09:37:00.206,0.7968,0.7972,0.60,0.40
2008.03.03 09:37:00.526,0.79658,0.79718,2.40,2.40
2008.03.03 09:37:00.947,0.79667,0.79727,2.60,2.50
2008.03.03 09:37:01.186,0.7967,0.7973,8.00,0.20
2008.03.03 09:37:01.497,0.79671,0.79731,0.30,4.00
2008.03.03 09:37:01.735,0.79672,0.79732,0.30,0.20
2008.03.03 09:37:02.059,0.79675,0.79735,0.30,2.40
2008.03.03 09:37:02.388,0.79677,0.79737,5.60,2.40
2008.03.03 09:37:02.409,0.7968,0.7972,0.60,0.40
2008.03.03 09:37:02.623,0.7968,0.7972,0.60,0.40
2008.03.03 09:37:02.720,0.79676,0.79736,4.00,0.20
2008.03.03 09:37:02.734,0.7968,0.7972,0.60,0.40
2008.03.03 09:37:02.946,0.7968,0.7972,0.60,0.40
2008.03.03 09:37:03.043,0.79672,0.79732,2.40,0.20
2008.03.03 09:37:03.068,0.7968,0.7972,0.60,0.40
2008.03.03 09:37:03.278,0.7968,0.7972,0.60,0.40
2008.03.03 09:37:03.366,0.79668,0.79728,0.30,0.20
2008.03.03 09:37:03.509,0.7968,0.7972,0.60,0.40
2008.03.03 09:37:03.585,0.79666,0.79726,1.80,2.50
2008.03.03 09:37:03.817,0.79666,0.79726,2.40,2.40
2008.03.03 09:37:03.928,0.7968,0.7972,0.60,0.40
2008.03.03 09:37:04.117,0.79666,0.79726,4.80,0.20
2008.03.03 09:37:04.286,0.7968,0.7972,0.60,0.40
2008.03.03 09:37:04.582,0.79668,0.79728,2.40,2.40
2008.03.03 09:37:04.708,0.7968,0.7972,0.60,0.40
2008.03.03 09:37:04.919,0.79671,0.79731,12.20,0.20
2008.03.03 09:37:05.036,0.7968,0.7972,0.60,0.40
2008.03.03 09:37:05.255,0.79672,0.79732,2.60,8.10
2008.03.03 09:37:05.361,0.7968,0.7972,0.60,0.40
2008.03.03 09:37:05.566,0.7967,0.7973,2.80,2.50
2008.03.03 09:37:05.583,0.7968,0.7972,0.60,0.40
2008.03.03 09:37:05.905,0.79668,0.79728,2.40,2.40
2008.03.03 09:37:05.912,0.7968,0.7972,0.60,0.40
2008.03.03 09:37:06.243,0.79668,0.79728,2.40,2.40
2008.03.03 09:37:06.253,0.7968,0.7972,0.60,0.40
2008.03.03 09:37:06.574,0.79668,0.79728,2.40,2.40
2008.03.03 09:37:06.581,0.7968,0.7972,0.60,0.40
2008.03.03 09:37:06.901,0.79667,0.79727,0.30,0.20
2008.03.03 09:37:07.016,0.7968,0.7972,0.60,0.40
2008.03.03 09:37:07.217,0.79666,0.79726,8.20,2.50
2008.03.03 09:37:07.439,0.79666,0.79726,2.40,2.40
2008.03.03 09:37:07.459,0.7968,0.7972,0.60,0.40
2008.03.03 09:37:07.637,0.79667,0.79727,0.30,2.70
2008.03.03 09:37:07.794,0.7968,0.7972,0.60,0.40
2008.03.03 09:37:07.886,0.79671,0.79731,0.30,4.00
2008.03.03 09:37:08.057,0.7968,0.7972,0.60,0.40
2008.03.03 09:37:08.331,0.79673,0.79733,0.30,4.00
2008.03.03 09:37:08.343,0.7968,0.7972,0.60,0.40
2008.03.03 09:37:08.675,0.7968,0.7972,0.60,0.40
2008.03.03 09:37:08.770,0.79675,0.79735,2.80,2.50
2008.03.03 09:37:08.986,0.7968,0.7972,0.60,0.40
2008.03.03 09:37:09.193,0.79674,0.79734,0.30,4.00
2008.03.03 09:37:09.286,0.7968,0.7972,0.60,0.20
2008.03.03 09:37:09.545,0.79674,0.79734,0.30,0.40
2008.03.03 09:37:09.647,0.7968,0.7972,0.60,0.20
2008.03.03 09:37:09.817,0.79673,0.79733,4.00,0.20
2008.03.03 09:37:09.984,0.7968,0.7972,0.60,0.20
2008.03.03 09:37:10.080,0.79671,0.79731,0.30,0.20
2008.03.03 09:37:10.320,0.7968,0.7972,0.60,0.20
2008.03.03 09:37:10.402,0.79671,0.79731,0.30,6.40
2008.03.03 09:37:10.574,0.7968,0.7972,0.60,0.20
2008.03.03 09:37:10.655,0.79671,0.79731,3.20,0.20
2008.03.03 09:37:10.866,0.7968,0.7972,0.60,0.20
2008.03.03 09:37:10.910,0.79673,0.79728,6.60,0.20
2008.03.03 09:37:11.164,0.7967,0.7973,0.80,0.20
2008.03.03 09:37:11.194,0.7968,0.7972,0.60,0.20
2008.03.03 09:37:11.509,0.79668,0.79728,0.30,9.60
2008.03.03 09:37:11.519,0.7968,0.7972,0.60,0.20
2008.03.03 09:37:11.813,0.7968,0.7972,0.60,0.40
2008.03.03 09:37:11.837,0.79667,0.79727,0.30,0.20
2008.03.03 09:37:12.181,0.79668,0.79728,2.80,0.60
2008.03.03 09:37:12.186,0.7968,0.7972,0.60,0.40
2008.03.03 09:37:12.495,0.79669,0.79729,15.40,2.50
2008.03.03 09:37:12.519,0.7968,0.7972,0.60,0.40
2008.03.03 09:37:12.832,0.79671,0.79731,0.30,0.20
2008.03.03 09:37:12.856,0.7968,0.7972,1.20,0.20
2008.03.03 09:37:13.039,0.79672,0.79732,0.60,0.40
2008.03.03 09:37:13.074,0.7969,0.7972,0.30,0.20
2008.03.03 09:37:13.393,0.79673,0.79733,0.30,4.00
2008.03.03 09:37:13.394,0.7969,0.7972,0.30,0.20
2008.03.03 09:37:13.723,0.7969,0.7972,0.30,0.20
2008.03.03 09:37:13.825,0.79673,0.79733,8.00,0.20
2008.03.03 09:37:14.050,0.7969,0.7972,0.30,0.20
2008.03.03 09:37:14.261,0.79674,0.79734,0.30,0.20
2008.03.03 09:37:14.400,0.7969,0.7972,0.30,0.20
2008.03.03 09:37:14.593,0.79673,0.79733,0.30,0.20
2008.03.03 09:37:14.719,0.7969,0.7972,0.30,0.20
2008.03.03 09:37:14.913,0.79671,0.79731,2.40,2.40
2008.03.03 09:37:15.062,0.7969,0.7972,0.30,0.20
2008.03.03 09:37:15.254,0.79668,0.79728,0.30,4.00
2008.03.03 09:37:15.368,0.7969,0.7972,0.30,0.20
2008.03.03 09:37:15.572,0.79667,0.79727,0.30,0.20
2008.03.03 09:37:15.707,0.7969,0.7972,0.30,0.20
2008.03.03 09:37:15.906,0.79667,0.79727,4.80,4.00
2008.03.03 09:37:16.043,0.7969,0.7972,0.30,0.20
2008.03.03 09:37:16.213,0.79668,0.79728,0.60,0.40
2008.03.03 09:37:16.465,0.7969,0.7972,0.30,0.20
2008.03.03 09:37:16.568,0.79667,0.79727,0.30,0.20
2008.03.03 09:37:16.812,0.7969,0.7972,0.30,0.20
2008.03.03 09:37:16.881,0.79666,0.79726,0.30,2.90
2008.03.03 09:37:17.133,0.7969,0.7972,0.30,0.20
2008.03.03 09:37:17.240,0.79665,0.79725,0.30,4.00
2008.03.03 09:37:17.350,0.79665,0.79725,0.30,2.40
2008.03.03 09:37:17.356,0.7969,0.7972,0.30,0.20
2008.03.03 09:37:17.535,0.79668,0.79728,0.30,0.20
2008.03.03 09:37:17.701,0.7969,0.7972,0.30,0.20
2008.03.03 09:37:17.779,0.79672,0.79732,0.30,0.20
2008.03.03 09:37:17.919,0.7969,0.7972,0.30,0.20
2008.03.03 09:37:17.992,0.79675,0.79735,0.30,0.20
2008.03.03 09:37:18.213,0.79674,0.79734,0.30,0.20
2008.03.03 09:37:18.230,0.7969,0.7972,0.30,0.20
2008.03.03 09:37:18.439,0.79671,0.79731,6.40,0.20
2008.03.03 09:37:18.572,0.7969,0.7972,0.30,0.20
2008.03.03 09:37:18.784,0.79671,0.79731,4.00,0.20
2008.03.03 09:37:18.902,0.7969,0.7972,0.30,0.20
2008.03.03 09:37:19.203,0.79668,0.79728,0.60,1.70
2008.03.03 09:37:19.223,0.7969,0.7972,0.30,0.20
2008.03.03 09:37:19.520,0.79667,0.79727,1.00,0.20
2008.03.03 09:37:19.542,0.7969,0.7972,0.30,0.20
2008.03.03 09:37:19.878,0.79668,0.79728,0.30,0.20
2008.03.03 09:37:19.881,0.7969,0.7972,0.30,0.20
2008.03.03 09:37:20.144,0.7969,0.7972,0.30,0.20
2008.03.03 09:37:20.208,0.79675,0.79735,9.80,0.50
2008.03.03 09:37:20.409,0.7969,0.7972,0.30,0.20
2008.03.03 09:37:20.534,0.79678,0.79738,0.30,1.60
2008.03.03 09:37:20.673,0.7969,0.7972,0.30,0.20
2008.03.03 09:37:20.865,0.79675,0.79735,2.80,2.70
2008.03.03 09:37:20.987,0.7969,0.7972,0.30,0.20
2008.03.03 09:37:21.190,0.79673,0.79733,4.80,0.20
2008.03.03 09:37:21.413,0.7969,0.7972,0.30,0.20
2008.03.03 09:37:21.528,0.79674,0.79734,8.00,0.20
2008.03.03 09:37:21.754,0.7969,0.7972,0.30,0.20
2008.03.03 09:37:21.939,0.79674,0.79734,8.00,0.40
2008.03.03 09:37:22.199,0.7969,0.7972,0.30,0.20
2008.03.03 09:37:22.407,0.79676,0.79736,2.40,0.20
2008.03.03 09:37:22.524,0.7969,0.7972,0.30,0.20
2008.03.03 09:37:22.629,0.79677,0.79737,4.00,0.20
2008.03.03 09:37:22.851,0.7969,0.7972,0.30,0.20
2008.03.03 09:37:22.945,0.79677,0.79737,0.30,0.20
2008.03.03 09:37:23.169,0.79675,0.79735,4.00,0.20
2008.03.03 09:37:23.174,0.7969,0.7972,0.30,0.20
2008.03.03 09:37:23.502,0.7969,0.7972,0.30,0.20
2008.03.03 09:37:23.503,0.79672,0.79732,2.40,2.40
2008.03.03 09:37:23.812,0.7969,0.7972,0.30,0.20
2008.03.03 09:37:23.933,0.79668,0.79728,3.60,2.40
2008.03.03 09:37:24.165,0.7969,0.7972,0.30,0.20
2008.03.03 09:37:24.279,0.79667,0.79727,0.30,0.20
2008.03.03 09:37:24.505,0.7969,0.7972,0.30,0.20
2008.03.03 09:37:24.603,0.79667,0.79727,4.80,0.20
2008.03.03 09:37:24.769,0.7969,0.7972,0.30,0.20
2008.03.03 09:37:24.920,0.79665,0.79725,0.30,0.20
2008.03.03 09:37:25.033,0.7969,0.7972,0.30,0.20
2008.03.03 09:37:25.268,0.79663,0.79723,4.00,0.20
2008.03.03 09:37:25.380,0.7969,0.7972,0.30,0.20
2008.03.03 09:37:25.584,0.79662,0.79722,0.30,2.50
2008.03.03 09:37:25.668,0.7969,0.7972,0.30,0.20
2008.03.03 09:37:25.958,0.7969,0.7972,0.30,0.20
2008.03.03 09:37:26.031,0.79664,0.79724,0.30,4.20
2008.03.03 09:37:26.366,0.7969,0.7972,0.30,0.20
2008.03.03 09:37:26.474,0.79664,0.79724,0.30,0.20
2008.03.03 09:37:26.711,0.7969,0.7972,0.30,0.20
2008.03.03 09:37:26.801,0.79665,0.79725,13.60,2.50
2008.03.03 09:37:27.044,0.7969,0.7972,0.30,0.20
2008.03.03 09:37:27.130,0.79667,0.79727,0.30,0.20
2008.03.03 09:37:27.267,0.7969,0.7972,0.30,0.20
2008.03.03 09:37:27.469,0.7967,0.7973,2.60,2.50
2008.03.03 09:37:27.589,0.7969,0.7972,0.30,0.20
2008.03.03 09:37:27.864,0.79669,0.79729,0.30,0.20
2008.03.03 09:37:27.917,0.7969,0.7972,0.30,0.20
2008.03.03 09:37:28.201,0.79668,0.79728,2.60,2.40
2008.03.03 09:37:28.355,0.7969,0.7972,0.30,0.20
2008.03.03 09:37:28.543,0.79671,0.79731,0.30,0.20
2008.03.03 09:37:28.683,0.79675,0.79735,2.40,2.40
2008.03.03 09:37:28.685,0.7969,0.7972,0.30,0.20
2008.03.03 09:37:28.807,0.79679,0.79739,4.00,0.20
2008.03.03 09:37:28.943,0.79678,0.79738,4.00,0.20
2008.03.03 09:37:29.014,0.7969,0.7972,0.30,0.20
2008.03.03 09:37:29.071,0.79677,0.79737,4.00,0.20
2008.03.03 09:37:29.220,0.79676,0.79736,0.30,0.20
2008.03.03 09:37:29.248,0.7969,0.7972,0.60,0.20
2008.03.03 09:37:29.432,0.79675,0.79735,0.30,0.20
2008.03.03 09:37:29.481,0.7969,0.7972,0.60,0.20
2008.03.03 09:37:29.627,0.79674,0.79734,0.30,0.20
2008.03.03 09:37:29.788,0.7969,0.7972,0.60,0.20
2008.03.03 09:37:30.022,0.7969,0.7972,0.60,0.20
2008.03.03 09:37:30.337,0.797,0.7972,0.50,0.20
2008.03.03 09:37:30.640,0.79675,0.79735,0.30,0.10
2008.03.03 09:37:30.687,0.797,0.7972,0.50,0.20
2008.03.03 09:37:30.983,0.797,0.7972,0.50,0.20
2008.03.03 09:37:30.995,0.79677,0.79737,0.60,2.70
2008.03.03 09:37:31.256,0.79676,0.79736,2.40,0.20
2008.03.03 09:37:31.318,0.797,0.7972,0.50,0.20
2008.03.03 09:37:31.494,0.79672,0.79732,0.30,4.00
2008.03.03 09:37:31.653,0.797,0.7972,0.50,0.20
2008.03.03 09:37:31.848,0.79667,0.79727,0.30,0.20
2008.03.03 09:37:31.986,0.797,0.7972,0.50,0.20
2008.03.03 09:37:32.183,0.79662,0.79722,0.30,4.00
2008.03.03 09:37:32.206,0.797,0.7972,0.50,0.20
2008.03.03 09:37:32.426,0.797,0.7972,0.50,0.20
2008.03.03 09:37:32.555,0.79659,0.79719,1.00,1.60
2008.03.03 09:37:32.649,0.797,0.7972,0.50,0.20
2008.03.03 09:37:32.842,0.79659,0.79719,0.30,0.40
2008.03.03 09:37:32.866,0.797,0.7972,0.50,0.20
2008.03.03 09:37:33.065,0.79663,0.79723,2.40,6.50
2008.03.03 09:37:33.085,0.79705,0.7972,0.30,0.20
2008.03.03 09:37:33.397,0.79669,0.79729,8.20,2.50
2008.03.03 09:37:33.421,0.7971,0.7974,0.60,2.40
2008.03.03 09:37:33.624,0.79672,0.79732,0.30,0.20
2008.03.03 09:37:33.754,0.7971,0.7975,0.60,0.20
2008.03.03 09:37:33.959,0.79674,0.79734,9.60,0.20
2008.03.03 09:37:34.088,0.7971,0.7975,0.60,0.40
2008.03.03 09:37:34.317,0.7971,0.7975,0.60,0.20
2008.03.03 09:37:34.378,0.79676,0.79736,12.00,2.40
2008.03.03 09:37:34.608,0.7971,0.7975,0.60,0.20
2008.03.03 09:37:34.719,0.79675,0.79735,2.60,2.70
2008.03.03 09:37:34.837,0.7971,0.7975,0.60,0.20
2008.03.03 09:37:35.048,0.79672,0.79732,0.30,4.00
2008.03.03 09:37:35.169,0.7971,0.7975,0.60,0.20
2008.03.03 09:37:35.415,0.79668,0.79728,4.20,4.80
2008.03.03 09:37:35.598,0.7971,0.7975,0.60,0.20
2008.03.03 09:37:35.718,0.79665,0.79725,0.30,4.10
2008.03.03 09:37:35.948,0.7971,0.7975,0.60,0.20
2008.03.03 09:37:36.041,0.79664,0.79724,2.40,2.40
2008.03.03 09:37:36.371,0.79663,0.79723,0.30,0.20
2008.03.03 09:37:36.385,0.7971,0.7975,0.60,0.20
2008.03.03 09:37:36.698,0.79664,0.79724,0.30,0.20
2008.03.03 09:37:36.719,0.7971,0.79755,0.60,4.10
2008.03.03 09:37:37.030,0.79666,0.79726,4.00,0.20
2008.03.03 09:37:37.052,0.7971,0.79755,0.60,4.10
2008.03.03 09:37:37.290,0.7971,0.79755,0.60,4.10
2008.03.03 09:37:37.452,0.79668,0.79728,4.00,0.20
2008.03.03 09:37:37.528,0.7971,0.79755,0.60,4.10
2008.03.03 09:37:37.767,0.7971,0.79755,0.60,4.10
2008.03.03 09:37:37.787,0.7967,0.7973,0.30,0.20
2008.03.03 09:37:38.006,0.7971,0.79755,0.60,4.10
2008.03.03 09:37:38.127,0.79667,0.79727,2.40,2.40
2008.03.03 09:37:38.244,0.7971,0.79755,0.30,4.10
2008.03.03 09:37:38.450,0.79665,0.79725,0.30,0.20
2008.03.03 09:37:38.557,0.7971,0.79755,0.30,4.10
2008.03.03 09:37:38.683,0.79664,0.79724,4.00,0.20
2008.03.03 09:37:38.871,0.7972,0.79755,0.10,4.10
2008.03.03 09:37:39.112,0.79665,0.79725,8.00,0.20
2008.03.03 09:37:39.184,0.7971,0.79755,0.30,4.10
2008.03.03 09:37:39.447,0.7971,0.79755,0.30,4.10
2008.03.03 09:37:39.554,0.79665,0.79725,0.30,8.00
2008.03.03 09:37:39.792,0.7971,0.79755,0.30,4.10
2008.03.03 09:37:39.967,0.79667,0.79727,2.40,2.40
2008.03.03 09:37:40.057,0.7971,0.79755,0.30,4.10
2008.03.03 09:37:40.321,0.7971,0.7975,0.60,0.20
2008.03.03 09:37:40.440,0.79669,0.79729,0.60,0.40
2008.03.03 09:37:40.656,0.7971,0.7975,0.60,0.20
2008.03.03 09:37:40.876,0.7967,0.7973,0.30,4.00
2008.03.03 09:37:40.991,0.7971,0.7975,0.60,0.20
2008.03.03 09:37:41.089,0.79671,0.79731,0.30,0.20
2008.03.03 09:37:41.286,0.7971,0.7975,0.60,0.20
2008.03.03 09:37:41.325,0.79671,0.79731,0.50,0.20
2008.03.03 09:37:41.531,0.79672,0.79732,0.30,0.40
2008.03.03 09:37:41.662,0.7971,0.7975,0.60,0.20
2008.03.03 09:37:41.753,0.79672,0.79732,0.30,8.00
2008.03.03 09:37:41.997,0.79673,0.79733,0.30,0.20
2008.03.03 09:37:42.093,0.7971,0.7975,0.60,0.20
2008.03.03 09:37:42.427,0.7972,0.7975,0.10,0.20
2008.03.03 09:37:42.670,0.7971,0.7975,0.60,0.20
2008.03.03 09:37:42.988,0.7971,0.7975,0.60,0.20
2008.03.03 09:37:43.307,0.7971,0.7975,0.60,0.20
2008.03.03 09:37:43.499,0.79676,0.79736,0.60,0.20
2008.03.03 09:37:43.627,0.7971,0.7975,0.60,0.20
2008.03.03 09:37:43.728,0.79678,0.79738,4.00,2.40
2008.03.03 09:37:43.927,0.7971,0.7975,0.60,0.20
2008.03.03 09:37:43.962,0.79679,0.79739,0.20,0.20
2008.03.03 09:37:44.201,0.7971,0.7975,0.60,0.20
2008.03.03 09:37:44.394,0.79681,0.79741,0.30,0.20
2008.03.03 09:37:44.518,0.7971,0.7975,0.60,0.20
2008.03.03 09:37:44.731,0.79681,0.79741,0.30,0.20
2008.03.03 09:37:44.855,0.7971,0.7975,0.60,0.20
2008.03.03 09:37:45.065,0.79681,0.79741,2.60,2.40
2008.03.03 09:37:45.175,0.7971,0.7975,0.60,0.20
2008.03.03 09:37:45.397,0.7968,0.7974,0.30,0.20
2008.03.03 09:37:45.474,0.7971,0.7975,0.60,0.20
2008.03.03 09:37:45.725,0.79677,0.79737,4.00,0.20
2008.03.03 09:37:45.728,0.7971,0.7975,0.60,0.20
2008.03.03 09:37:46.050,0.79676,0.79736,0.10,0.20
2008.03.03 09:37:46.054,0.7971,0.7975,0.60,0.20
2008.03.03 09:37:46.384,0.79674,0.79734,2.60,0.60
2008.03.03 09:37:46.389,0.7971,0.7975,0.60,0.20
2008.03.03 09:37:46.710,0.79673,0.79733,0.30,2.40
2008.03.03 09:37:46.726,0.7971,0.7975,0.60,0.20
2008.03.03 09:37:47.035,0.79673,0.79733,0.60,4.00
2008.03.03 09:37:47.158,0.7971,0.7975,0.60,0.20
2008.03.03 09:37:47.362,0.79673,0.79733,0.80,0.20
2008.03.03 09:37:47.586,0.7971,0.7975,0.60,0.20
2008.03.03 09:37:47.692,0.79671,0.79731,0.30,4.10
2008.03.03 09:37:47.832,0.79667,0.79727,2.40,2.80
2008.03.03 09:37:47.919,0.7971,0.7975,0.60,0.20
2008.03.03 09:37:48.015,0.79662,0.79722,0.50,0.40
2008.03.03 09:37:48.269,0.7971,0.7975,0.60,0.20
2008.03.03 09:37:48.348,0.79662,0.79722,0.30,0.20
2008.03.03 09:37:48.585,0.7971,0.7975,0.60,0.20
2008.03.03 09:37:48.667,0.79666,0.79726,2.40,2.40
2008.03.03 09:37:48.924,0.7971,0.7975,0.60,0.20
2008.03.03 09:37:49.009,0.79669,0.79729,0.30,0.80
2008.03.03 09:37:49.248,0.7971,0.7975,0.60,0.20
2008.03.03 09:37:49.439,0.79671,0.79731,0.30,2.40
2008.03.03 09:37:49.596,0.7971,0.7975,0.60,0.20
2008.03.03 09:37:49.780,0.79672,0.79732,0.30,4.80
2008.03.03 09:37:49.916,0.7971,0.7975,0.60,0.20
2008.03.03 09:37:50.122,0.79671,0.79731,0.30,0.20
2008.03.03 09:37:50.239,0.7971,0.7975,0.60,0.20
2008.03.03 09:37:50.440,0.79672,0.79732,0.30,4.00
2008.03.03 09:37:50.555,0.7971,0.7975,0.60,0.20
2008.03.03 09:37:50.768,0.79673,0.79733,0.60,0.20
2008.03.03 09:37:50.910,0.7971,0.7975,0.60,0.20
2008.03.03 09:37:51.110,0.79673,0.79733,0.30,0.40
2008.03.03 09:37:51.232,0.7971,0.7975,0.60,0.20
2008.03.03 09:37:51.435,0.79675,0.79735,4.00,4.70
2008.03.03 09:37:51.558,0.7971,0.7975,0.60,0.20
2008.03.03 09:37:51.762,0.79676,0.79736,0.30,0.20
2008.03.03 09:37:51.904,0.7971,0.7975,0.60,0.20
2008.03.03 09:37:52.085,0.79673,0.79733,0.60,0.20
2008.03.03 09:37:52.237,0.7971,0.7975,0.60,0.20
2008.03.03 09:37:52.423,0.79673,0.79733,0.60,4.40
2008.03.03 09:37:52.571,0.7972,0.7975,0.50,0.40
2008.03.03 09:37:52.861,0.79673,0.79733,0.30,2.40
2008.03.03 09:37:52.888,0.7972,0.7975,0.50,0.40
2008.03.03 09:37:53.126,0.7972,0.79745,0.50,4.00
2008.03.03 09:37:53.201,0.79674,0.79734,0.30,0.20
2008.03.03 09:37:53.365,0.7972,0.79745,0.50,4.00
2008.03.03 09:37:53.516,0.79674,0.79734,9.60,0.20
2008.03.03 09:37:53.604,0.7972,0.79745,0.50,4.00
2008.03.03 09:37:53.731,0.7967,0.7973,0.30,4.10
2008.03.03 09:37:53.913,0.7972,0.7974,0.50,0.20
2008.03.03 09:37:53.949,0.79664,0.79724,0.30,0.20
2008.03.03 09:37:54.175,0.79664,0.79724,0.30,0.20
2008.03.03 09:37:54.223,0.7972,0.7975,0.50,0.20
2008.03.03 09:37:54.521,0.79669,0.79729,0.30,4.00
2008.03.03 09:37:54.533,0.7971,0.7975,0.30,0.40
2008.03.03 09:37:54.867,0.7971,0.7975,0.30,0.40
2008.03.03 09:37:54.947,0.79675,0.79735,4.00,0.20
2008.03.03 09:37:55.127,0.7971,0.79745,0.30,4.00
2008.03.03 09:37:55.288,0.79676,0.79736,0.30,0.20
2008.03.03 09:37:55.388,0.7971,0.79745,0.30,4.00
2008.03.03 09:37:55.629,0.79674,0.79734,2.60,4.00
2008.03.03 09:37:55.648,0.7971,0.7975,0.30,0.40
2008.03.03 09:37:55.911,0.7971,0.7975,0.30,0.40
2008.03.03 09:37:55.914,0.79671,0.79731,0.60,0.40
2008.03.03 09:37:56.174,0.7971,0.7975,0.30,0.40
2008.03.03 09:37:56.244,0.79668,0.79728,1.00,0.20
2008.03.03 09:37:56.437,0.7971,0.7975,0.30,0.40
2008.03.03 09:37:56.575,0.79669,0.79729,0.30,0.40
2008.03.03 09:37:56.735,0.7971,0.7975,0.30,0.40
2008.03.03 09:37:56.929,0.7967,0.7973,0.30,0.20
2008.03.03 09:37:57.068,0.7971,0.79745,0.30,4.00
2008.03.03 09:37:57.229,0.79671,0.79731,0.60,2.40
2008.03.03 09:37:57.403,0.7971,0.79745,0.30,4.00
2008.03.03 09:37:57.479,0.7967,0.7973,9.60,0.20
2008.03.03 09:37:57.737,0.7971,0.7974,0.30,0.20
2008.03.03 09:37:57.815,0.7967,0.7973,0.30,0.20
2008.03.03 09:37:58.046,0.7971,0.7974,0.30,0.20
2008.03.03 09:37:58.146,0.79673,0.79733,0.30,0.20
2008.03.03 09:37:58.406,0.7971,0.7974,0.30,0.20
2008.03.03 09:37:58.579,0.79675,0.79735,4.00,2.40
2008.03.03 09:37:58.712,0.7971,0.7974,0.30,0.20
2008.03.03 09:37:58.910,0.79677,0.79737,2.40,4.10
2008.03.03 09:37:59.035,0.7971,0.7974,0.30,0.20
2008.03.03 09:37:59.238,0.79678,0.79738,0.30,0.20
2008.03.03 09:37:59.328,0.7971,0.7975,0.30,0.40
2008.03.03 09:37:59.621,0.7971,0.7975,0.30,0.40
2008.03.03 09:37:59.681,0.79678,0.79738,0.30,0.20
2008.03.03 09:37:59.916,0.7971,0.7975,0.30,0.40
2008.03.03 09:38:00.202,0.79687,0.79737,0.30,0.20
2008.03.03 09:38:00.255,0.7971,0.7975,0.30,0.40
2008.03.03 09:38:00.590,0.7971,0.7975,0.30,0.40
2008.03.03 09:38:00.879,0.79683,0.79743,0.30,0.20
2008.03.03 09:38:00.906,0.7971,0.7975,0.30,0.40
2008.03.03 09:38:01.200,0.79686,0.79746,2.60,2.50
2008.03.03 09:38:01.241,0.7971,0.7975,0.30,0.40
2008.03.03 09:38:01.541,0.79682,0.79742,0.30,0.20
2008.03.03 09:38:01.566,0.7971,0.7975,0.30,0.40
2008.03.03 09:38:01.908,0.7971,0.7975,0.30,0.40
2008.03.03 09:38:01.979,0.79678,0.79738,0.60,2.40
2008.03.03 09:38:02.350,0.7971,0.7975,0.30,0.40
2008.03.03 09:38:02.412,0.79672,0.79732,4.00,0.20
2008.03.03 09:38:02.647,0.7967,0.7973,0.30,0.20
2008.03.03 09:38:02.787,0.7971,0.7975,0.30,0.40
2008.03.03 09:38:02.863,0.79671,0.79731,2.40,2.40
2008.03.03 09:38:03.103,0.7971,0.7975,0.30,0.40
2008.03.03 09:38:03.164,0.79671,0.79731,0.30,0.20
2008.03.03 09:38:03.338,0.7971,0.7975,0.30,0.40
2008.03.03 09:38:03.395,0.7967,0.7973,0.30,0.20
2008.03.03 09:38:03.665,0.7971,0.7975,0.30,0.40
2008.03.03 09:38:03.729,0.79669,0.79729,0.30,2.50
2008.03.03 09:38:04.000,0.7971,0.7975,0.30,0.40
2008.03.03 09:38:04.064,0.7967,0.7973,4.20,5.60
2008.03.03 09:38:04.323,0.7971,0.7975,0.30,0.40
2008.03.03 09:38:04.402,0.79673,0.79733,2.40,2.40
2008.03.03 09:38:04.649,0.7971,0.7975,0.30,0.40
2008.03.03 09:38:04.731,0.79674,0.79734,8.00,1.70
2008.03.03 09:38:04.981,0.7971,0.7975,0.30,0.40
2008.03.03 09:38:05.049,0.79677,0.79737,0.30,0.20
2008.03.03 09:38:05.303,0.7971,0.7975,0.30,0.40
2008.03.03 09:38:05.390,0.79678,0.79738,2.40,1.00
2008.03.03 09:38:05.669,0.7971,0.7975,0.30,0.40
2008.03.03 09:38:05.721,0.79676,0.79736,3.20,0.20
2008.03.03 09:38:05.964,0.7971,0.7975,0.30,0.40
2008.03.03 09:38:06.041,0.79671,0.79731,0.80,0.20
2008.03.03 09:38:06.301,0.7971,0.7975,0.30,0.40
2008.03.03 09:38:06.381,0.79667,0.79727,0.30,0.40
2008.03.03 09:38:06.635,0.7971,0.7975,0.30,0.40
2008.03.03 09:38:06.714,0.79668,0.79728,4.00,0.20
2008.03.03 09:38:06.956,0.7971,0.7975,0.30,0.40
2008.03.03 09:38:07.039,0.79673,0.79733,2.60,2.70
2008.03.03 09:38:07.362,0.79677,0.79737,0.30,4.00
2008.03.03 09:38:07.391,0.7971,0.7975,0.30,0.40
2008.03.03 09:38:07.676,0.79678,0.79738,0.30,0.20
2008.03.03 09:38:07.727,0.7971,0.7975,0.30,0.40
2008.03.03 09:38:07.913,0.79678,0.79738,0.30,0.20
2008.03.03 09:38:07.946,0.7971,0.7975,0.30,0.40
2008.03.03 09:38:08.133,0.79678,0.79738,0.30,8.00
2008.03.03 09:38:08.172,0.7971,0.7975,0.30,0.40
2008.03.03 09:38:08.353,0.79678,0.79738,4.00,0.20
2008.03.03 09:38:08.386,0.7971,0.7975,0.30,0.40
2008.03.03 09:38:08.606,0.7971,0.7975,0.30,0.40
2008.03.03 09:38:08.678,0.79678,0.79738,0.30,0.80
2008.03.03 09:38:08.837,0.7971,0.7975,0.30,0.40
2008.03.03 09:38:09.065,0.79678,0.79738,8.00,0.20
2008.03.03 09:38:09.141,0.7971,0.7975,0.30,0.40
2008.03.03 09:38:09.439,0.79675,0.79735,1.20,3.20
2008.03.03 09:38:09.445,0.7971,0.79745,0.30,4.00
2008.03.03 09:38:09.743,0.79671,0.79731,4.00,0.40
2008.03.03 09:38:09.751,0.7971,0.7974,0.30,0.20
2008.03.03 09:38:10.027,0.7971,0.7974,0.30,0.20
2008.03.03 09:38:10.047,0.79669,0.79729,0.30,0.20
2008.03.03 09:38:10.308,0.7971,0.7975,0.30,2.50
2008.03.03 09:38:10.351,0.7967,0.7973,2.40,0.10
2008.03.03 09:38:10.547,0.7971,0.7975,0.30,0.20
2008.03.03 09:38:10.656,0.79673,0.79733,1.60,4.00
2008.03.03 09:38:10.815,0.7971,0.7975,0.30,0.20
2008.03.03 09:38:10.895,0.79677,0.79737,0.30,0.20
2008.03.03 09:38:11.153,0.7971,0.7975,0.30,0.40
2008.03.03 09:38:11.223,0.7968,0.7974,0.30,0.20
2008.03.03 09:38:11.487,0.7971,0.7975,0.30,0.40
2008.03.03 09:38:11.548,0.79676,0.79736,0.30,0.20
2008.03.03 09:38:11.881,0.79669,0.79729,4.00,0.20
2008.03.03 09:38:11.915,0.7971,0.7975,0.30,0.40
2008.03.03 09:38:12.201,0.79666,0.79726,2.40,2.40
2008.03.03 09:38:12.238,0.7971,0.7975,0.30,0.40
2008.03.03 09:38:12.569,0.7971,0.7975,0.30,0.40
2008.03.03 09:38:12.634,0.7967,0.7973,0.30,0.20
2008.03.03 09:38:12.867,0.79676,0.79736,4.00,0.20
2008.03.03 09:38:12.891,0.7971,0.7975,0.30,0.40
2008.03.03 09:38:13.189,0.79678,0.79738,6.40,0.80
2008.03.03 09:38:13.229,0.7971,0.7975,0.30,0.40
2008.03.03 09:38:13.426,0.79678,0.79738,0.60,4.00
2008.03.03 09:38:13.542,0.7972,0.7975,0.10,0.40
2008.03.03 09:38:13.727,0.79679,0.79739,2.60,2.50
2008.03.03 09:38:13.882,0.7972,0.7975,0.10,0.40
2008.03.03 09:38:14.070,0.79678,0.79733,0.30,0.20
2008.03.03 09:38:14.236,0.7972,0.7975,0.10,0.40
2008.03.03 09:38:14.404,0.79674,0.79734,0.30,2.40
2008.03.03 09:38:14.464,0.7971,0.7975,0.30,0.40
2008.03.03 09:38:14.692,0.7971,0.7975,0.60,0.40
2008.03.03 09:38:14.838,0.79677,0.79737,0.30,0.20
2008.03.03 09:38:14.992,0.7971,0.7975,0.60,0.40
2008.03.03 09:38:15.178,0.79678,0.79738,0.30,3.30
2008.03.03 09:38:15.319,0.7971,0.7975,0.60,0.40
2008.03.03 09:38:15.499,0.7968,0.7974,0.30,0.20
2008.03.03 09:38:15.658,0.7971,0.7975,0.60,0.40
2008.03.03 09:38:15.840,0.79683,0.79743,0.80,0.20
2008.03.03 09:38:15.972,0.7971,0.7975,0.60,0.40
2008.03.03 09:38:16.164,0.79683,0.79743,0.60,4.00
2008.03.03 09:38:16.306,0.7971,0.7975,0.60,0.40
2008.03.03 09:38:16.486,0.79681,0.79741,2.40,2.40
2008.03.03 09:38:16.751,0.7971,0.7975,0.60,0.40
2008.03.03 09:38:16.825,0.79675,0.79735,0.30,4.00
2008.03.03 09:38:17.159,0.79674,0.79734,0.30,0.20
2008.03.03 09:38:17.196,0.7971,0.7975,0.60,0.40
2008.03.03 09:38:17.488,0.79679,0.79739,4.00,0.20
2008.03.03 09:38:17.520,0.7971,0.7975,0.60,0.40
2008.03.03 09:38:17.838,0.7971,0.7975,0.60,0.40
2008.03.03 09:38:17.886,0.79682,0.79742,0.30,0.40
2008.03.03 09:38:18.092,0.7971,0.7975,0.60,0.40
2008.03.03 09:38:18.131,0.79683,0.79743,0.30,0.20
2008.03.03 09:38:18.361,0.79681,0.79741,0.50,0.20
2008.03.03 09:38:18.508,0.7971,0.7975,0.60,0.40
2008.03.03 09:38:18.649,0.7968,0.7974,2.40,9.60
2008.03.03 09:38:18.857,0.7971,0.7975,0.60,0.40
2008.03.03 09:38:19.003,0.79678,0.79738,0.60,4.00
2008.03.03 09:38:19.283,0.7971,0.7975,0.60,0.40
2008.03.03 09:38:19.337,0.79678,0.79738,2.00,2.50
2008.03.03 09:38:19.498,0.7971,0.7975,0.60,0.40
2008.03.03 09:38:19.671,0.79678,0.79738,0.60,0.20
2008.03.03 09:38:19.832,0.7971,0.7975,0.60,0.40
2008.03.03 09:38:20.006,0.79678,0.79738,3.20,0.20
2008.03.03 09:38:20.048,0.7971,0.7975,0.60,0.40
2008.03.03 09:38:20.342,0.79679,0.79739,2.60,2.50
2008.03.03 09:38:20.380,0.7971,0.7975,0.60,0.40
2008.03.03 09:38:20.672,0.79682,0.79742,0.80,0.20
2008.03.03 09:38:20.812,0.7971,0.7975,0.60,0.40
2008.03.03 09:38:21.006,0.79683,0.79743,0.30,4.00
2008.03.03 09:38:21.158,0.7971,0.7975,0.60,0.40
2008.03.03 09:38:21.338,0.79683,0.79743,0.60,0.20
2008.03.03 09:38:21.493,0.7971,0.79745,0.60,4.00
2008.03.03 09:38:21.645,0.79683,0.79743,0.30,2.70
2008.03.03 09:38:21.827,0.7971,0.7974,0.60,0.20
2008.03.03 09:38:21.884,0.79684,0.79744,4.20,6.40
2008.03.03 09:38:22.242,0.7971,0.7974,0.60,0.20
2008.03.03 09:38:22.323,0.79683,0.79743,0.30,0.20
2008.03.03 09:38:22.471,0.7971,0.7974,0.60,0.20
2008.03.03 09:38:22.660,0.79679,0.79739,2.40,2.40
2008.03.03 09:38:22.792,0.7971,0.7974,0.60,0.20
2008.03.03 09:38:23.085,0.79673,0.79733,0.30,0.20
2008.03.03 09:38:23.132,0.7971,0.7974,0.60,0.20
2008.03.03 09:38:23.313,0.79671,0.79731,0.30,0.20
2008.03.03 09:38:23.459,0.7971,0.7974,0.60,0.20
2008.03.03 09:38:23.635,0.79674,0.79734,0.60,2.40
2008.03.03 09:38:23.787,0.7971,0.7974,0.60,0.20
2008.03.03 09:38:23.862,0.79681,0.79741,0.30,0.20
2008.03.03 09:38:24.124,0.7971,0.7974,0.60,0.20
2008.03.03 09:38:24.183,0.79684,0.79744,0.60,4.00
2008.03.03 09:38:24.446,0.7971,0.7974,0.60,0.20
2008.03.03 09:38:24.625,0.79686,0.79746,0.30,4.00
2008.03.03 09:38:24.767,0.7971,0.7974,0.60,0.20
2008.03.03 09:38:25.055,0.79684,0.79744,0.30,0.40
2008.03.03 09:38:25.101,0.7971,0.7974,0.60,0.20
2008.03.03 09:38:25.398,0.79683,0.79743,4.00,0.20
2008.03.03 09:38:25.442,0.7971,0.7974,0.60,0.20
2008.03.03 09:38:25.727,0.7968,0.7974,0.30,0.80
2008.03.03 09:38:26.010,0.7971,0.7975,0.60,0.20
2008.03.03 09:38:26.049,0.79678,0.79738,2.40,0.40
2008.03.03 09:38:26.281,0.79679,0.79739,0.60,4.40
2008.03.03 09:38:26.294,0.7971,0.7975,0.60,0.20
2008.03.03 09:38:26.620,0.79676,0.79736,2.60,2.40
2008.03.03 09:38:26.628,0.7971,0.7975,0.30,0.20
2008.03.03 09:38:26.939,0.79673,0.79733,8.00,0.20
2008.03.03 09:38:26.981,0.7971,0.7975,0.30,0.20
2008.03.03 09:38:27.269,0.79671,0.79731,2.40,4.00
2008.03.03 09:38:27.316,0.79715,0.7975,0.50,0.20
2008.03.03 09:38:27.534,0.79715,0.7975,0.50,0.20
2008.03.03 09:38:27.594,0.79671,0.79731,0.30,4.10
2008.03.03 09:38:27.854,0.79715,0.7975,0.50,0.20
2008.03.03 09:38:27.931,0.79671,0.79731,2.40,2.50
2008.03.03 09:38:28.074,0.79715,0.7975,0.50,0.20
2008.03.03 09:38:28.263,0.7967,0.7973,0.30,0.20
2008.03.03 09:38:28.293,0.79715,0.7975,0.50,0.20
2008.03.03 09:38:28.587,0.79669,0.79729,4.80,4.00
2008.03.03 09:38:28.621,0.79715,0.7975,0.50,0.20
2008.03.03 09:38:28.907,0.79673,0.79733,0.60,0.20
2008.03.03 09:38:28.955,0.79715,0.7975,0.50,0.20
2008.03.03 09:38:29.143,0.79677,0.79737,8.00,0.10
2008.03.03 09:38:29.291,0.79715,0.7975,0.50,0.20
2008.03.03 09:38:29.477,0.79683,0.79743,6.40,0.20
2008.03.03 09:38:29.604,0.79715,0.7975,0.50,0.20
2008.03.03 09:38:29.912,0.79687,0.79747,0.30,0.40
2008.03.03 09:38:29.947,0.79715,0.7975,0.50,0.20
2008.03.03 09:38:30.282,0.79715,0.7975,0.50,0.20
2008.03.03 09:38:30.341,0.7969,0.7975,0.30,0.20
2008.03.03 09:38:30.597,0.79715,0.7975,0.50,0.20
2008.03.03 09:38:30.678,0.79692,0.79752,2.60,2.50
2008.03.03 09:38:30.898,0.7972,0.7974,0.50,0.20
2008.03.03 09:38:31.002,0.79691,0.79751,4.00,0.20
2008.03.03 09:38:31.196,0.7973,0.7974,0.50,0.20
2008.03.03 09:38:31.346,0.79687,0.79747,0.30,4.00
2008.03.03 09:38:31.495,0.7973,0.7974,0.50,0.20
2008.03.03 09:38:31.637,0.79682,0.79742,0.30,0.40
2008.03.03 09:38:31.828,0.7971,0.7974,0.30,0.20
2008.03.03 09:38:32.009,0.7968,0.7974,4.00,0.40
2008.03.03 09:38:32.163,0.79715,0.7974,0.50,0.20
2008.03.03 09:38:32.314,0.79682,0.79742,0.30,0.20
2008.03.03 09:38:32.598,0.79715,0.7974,0.50,0.20
2008.03.03 09:38:32.651,0.79681,0.79741,2.40,2.40
2008.03.03 09:38:32.922,0.79715,0.7974,0.50,0.20
2008.03.03 09:38:32.995,0.79679,0.79739,1.60,2.40
2008.03.03 09:38:33.244,0.7971,0.7974,0.30,0.20
2008.03.03 09:38:33.320,0.79676,0.79736,4.00,0.20
2008.03.03 09:38:33.545,0.79674,0.79734,4.20,0.50
2008.03.03 09:38:33.546,0.7972,0.7974,0.50,0.20
2008.03.03 09:38:33.857,0.79677,0.79737,2.40,4.00
2008.03.03 09:38:33.904,0.7972,0.7974,0.50,0.20
2008.03.03 09:38:34.191,0.7968,0.7974,2.60,2.40
2008.03.03 09:38:34.206,0.7972,0.7974,0.50,0.20
2008.03.03 09:38:34.511,0.7973,0.7974,0.50,0.20
2008.03.03 09:38:34.530,0.79686,0.79746,4.00,0.20
2008.03.03 09:38:34.765,0.7972,0.7974,0.50,0.40
2008.03.03 09:38:34.970,0.7969,0.7975,0.60,4.00
2008.03.03 09:38:35.018,0.7969,0.7974,0.30,0.40
2008.03.03 09:38:35.281,0.79695,0.7974,0.50,0.40
2008.03.03 09:38:35.414,0.7969,0.7975,0.30,0.20
2008.03.03 09:38:35.566,0.79705,0.7974,0.50,0.40
2008.03.03 09:38:35.740,0.79689,0.79749,4.00,0.20
2008.03.03 09:38:35.849,0.7969,0.7974,0.60,0.40
2008.03.03 09:38:36.065,0.79688,0.79748,0.30,0.20
2008.03.03 09:38:36.131,0.797,0.7974,0.50,0.40
2008.03.03 09:38:36.386,0.79687,0.79747,0.30,0.20
2008.03.03 09:38:36.431,0.797,0.7974,0.50,0.40
2008.03.03 09:38:36.710,0.79687,0.79747,8.80,4.10
2008.03.03 09:38:36.781,0.7971,0.7974,0.50,0.40
2008.03.03 09:38:37.052,0.79686,0.79746,0.30,0.20
2008.03.03 09:38:37.115,0.7972,0.7974,0.50,0.40
2008.03.03 09:38:37.396,0.79684,0.79744,0.30,2.50
2008.03.03 09:38:37.540,0.7972,0.7974,0.50,0.40
2008.03.03 09:38:37.718,0.79679,0.79739,0.30,2.50
2008.03.03 09:38:37.783,0.7973,0.7974,0.50,0.40
2008.03.03 09:38:38.063,0.79677,0.79737,2.40,9.60
2008.03.03 09:38:38.085,0.7973,0.7974,0.50,0.40
2008.03.03 09:38:38.307,0.79677,0.79737,4.00,0.40
2008.03.03 09:38:38.406,0.7973,0.7974,0.50,0.40
2008.03.03 09:38:38.621,0.79678,0.79738,0.30,0.20
2008.03.03 09:38:38.742,0.7973,0.7974,0.50,0.40
2008.03.03 09:38:38.935,0.7968,0.7974,2.40,2.40
2008.03.03 09:38:39.089,0.7973,0.7974,0.50,0.40
2008.03.03 09:38:39.266,0.79679,0.79739,0.30,0.20
2008.03.03 09:38:39.402,0.7973,0.7974,0.50,0.40
2008.03.03 09:38:39.693,0.79679,0.79739,0.30,4.00
2008.03.03 09:38:39.725,0.7973,0.7974,0.50,0.40
2008.03.03 09:38:40.028,0.79682,0.79742,0.30,0.20
2008.03.03 09:38:40.070,0.7973,0.7974,0.50,0.40
2008.03.03 09:38:40.390,0.7973,0.7974,0.50,0.40
2008.03.03 09:38:40.467,0.79685,0.79745,0.30,0.20
2008.03.03 09:38:40.693,0.79685,0.79745,0.30,0.20
2008.03.03 09:38:40.705,0.7973,0.7974,0.50,0.40
2008.03.03 09:38:40.914,0.79681,0.79741,0.70,0.50
2008.03.03 09:38:41.053,0.7973,0.7974,0.50,0.40
2008.03.03 09:38:41.229,0.7968,0.7974,4.00,0.20
2008.03.03 09:38:41.323,0.7973,0.79745,0.50,2.40
2008.03.03 09:38:41.456,0.7968,0.7974,0.30,0.20
2008.03.03 09:38:41.591,0.7973,0.79745,0.50,2.40
2008.03.03 09:38:41.680,0.79677,0.79737,4.20,0.20
2008.03.03 09:38:41.925,0.7973,0.79745,0.50,2.40
2008.03.03 09:38:41.999,0.79675,0.79735,0.30,0.20
2008.03.03 09:38:42.272,0.79685,0.79745,2.40,2.40
2008.03.03 09:38:42.330,0.79676,0.79736,0.30,0.20
2008.03.03 09:38:42.623,0.79685,0.79745,2.80,2.40
2008.03.03 09:38:42.663,0.79677,0.79737,0.30,0.20
2008.03.03 09:38:42.814,0.79685,0.79745,2.80,2.40
2008.03.03 09:38:42.995,0.79677,0.79737,2.60,2.50
2008.03.03 09:38:43.032,0.79685,0.79745,2.80,2.40
2008.03.03 09:38:43.241,0.7969,0.79745,0.50,2.40
2008.03.03 09:38:43.322,0.79679,0.79739,0.30,0.20
2008.03.03 09:38:43.474,0.7969,0.79745,0.50,2.40
2008.03.03 09:38:43.631,0.79682,0.79742,0.30,0.20
2008.03.03 09:38:43.787,0.797,0.79745,0.50,2.40
2008.03.03 09:38:43.989,0.79686,0.79746,2.80,2.50
2008.03.03 09:38:44.112,0.7971,0.79745,0.50,2.40
2008.03.03 09:38:44.418,0.79686,0.79746,0.30,4.00
2008.03.03 09:38:44.456,0.7971,0.79745,0.50,2.40
2008.03.03 09:38:44.696,0.7972,0.79745,0.50,2.40
2008.03.03 09:38:44.761,0.79684,0.79744,0.30,0.40
2008.03.03 09:38:44.904,0.7972,0.79745,0.50,2.40
2008.03.03 09:38:45.084,0.79682,0.79742,0.30,0.20
2008.03.03 09:38:45.241,0.7972,0.79745,0.50,2.40
2008.03.03 09:38:45.418,0.79682,0.79742,0.60,0.40
2008.03.03 09:38:45.562,0.7972,0.79745,0.50,2.40
2008.03.03 09:38:45.752,0.79683,0.79743,0.30,0.20
2008.03.03 09:38:45.917,0.7972,0.79745,0.50,2.40
2008.03.03 09:38:46.087,0.79687,0.79747,14.40,2.40
2008.03.03 09:38:46.326,0.7972,0.79745,0.50,2.40
2008.03.03 09:38:46.408,0.79693,0.79753,4.00,0.20
2008.03.03 09:38:46.652,0.7972,0.79745,0.50,2.40
2008.03.03 09:38:46.728,0.79692,0.79752,0.10,0.20
2008.03.03 09:38:46.972,0.7969,0.79745,0.30,2.50
2008.03.03 09:38:47.061,0.79689,0.79749,0.30,4.00
2008.03.03 09:38:47.292,0.797,0.79735,0.30,0.20
2008.03.03 09:38:47.318,0.79692,0.79742,2.60,4.00
2008.03.03 09:38:47.394,0.79686,0.79746,4.80,0.20
2008.03.03 09:38:47.610,0.7971,0.7974,0.50,0.20
2008.03.03 09:38:47.721,0.79683,0.79743,0.30,0.20
2008.03.03 09:38:47.839,0.7972,0.7974,0.50,0.20
2008.03.03 09:38:48.047,0.79677,0.79737,4.00,2.50
2008.03.03 09:38:48.068,0.79705,0.7974,0.50,0.40
2008.03.03 09:38:48.298,0.797,0.7974,0.60,0.40
2008.03.03 09:38:48.391,0.79673,0.79733,0.30,0.20
2008.03.03 09:38:48.526,0.797,0.7974,0.30,0.40
2008.03.03 09:38:48.709,0.79669,0.79729,0.30,0.20
2008.03.03 09:38:48.820,0.79715,0.7974,0.50,0.40
2008.03.03 09:38:49.045,0.79668,0.79728,0.30,0.80
2008.03.03 09:38:49.113,0.79715,0.7974,0.50,0.40
2008.03.03 09:38:49.463,0.797,0.7974,0.30,0.40
2008.03.03 09:38:49.483,0.79672,0.79732,0.30,0.80
2008.03.03 09:38:49.757,0.797,0.7974,0.30,0.40
2008.03.03 09:38:49.828,0.79676,0.79736,0.30,0.20
2008.03.03 09:38:49.977,0.797,0.7974,0.30,0.40
2008.03.03 09:38:50.196,0.797,0.7974,0.30,0.40
2008.03.03 09:38:50.224,0.79678,0.79738,8.00,0.20
2008.03.03 09:38:50.576,0.79677,0.79737,0.60,0.20
2008.03.03 09:38:50.917,0.79676,0.79736,11.40,2.50
2008.03.03 09:38:51.250,0.79677,0.79737,0.30,4.30
2008.03.03 09:38:51.566,0.79679,0.79739,0.30,4.00
2008.03.03 09:38:51.700,0.797,0.7974,0.30,0.40
2008.03.03 09:38:51.818,0.7972,0.7974,0.50,0.20
2008.03.03 09:38:51.895,0.7968,0.7974,2.40,2.40
2008.03.03 09:38:52.045,0.7972,0.7974,0.50,0.20
2008.03.03 09:38:52.230,0.79681,0.79741,2.60,2.40
2008.03.03 09:38:52.278,0.7972,0.7974,0.50,0.20
2008.03.03 09:38:52.397,0.7972,0.7974,0.50,0.20
2008.03.03 09:38:52.566,0.79679,0.79739,0.50,2.00
2008.03.03 09:38:52.591,0.797,0.7974,0.60,0.20
2008.03.03 09:38:52.715,0.797,0.7974,0.60,0.20
2008.03.03 09:38:52.891,0.79679,0.79739,2.60,2.50
2008.03.03 09:38:53.153,0.797,0.7974,0.60,0.20
2008.03.03 09:38:53.220,0.79681,0.79741,0.30,2.40
2008.03.03 09:38:53.444,0.79682,0.79742,5.60,2.40
2008.03.03 09:38:53.508,0.797,0.7974,0.60,0.20
2008.03.03 09:38:53.771,0.7968,0.7974,6.60,0.20
2008.03.03 09:38:53.858,0.79705,0.7974,0.50,0.20
2008.03.03 09:38:54.053,0.79678,0.79738,2.40,2.40
2008.03.03 09:38:54.055,0.79715,0.7974,0.50,0.20
2008.03.03 09:38:54.268,0.7971,0.7974,0.50,0.20
2008.03.03 09:38:54.386,0.79679,0.79739,9.60,0.20
2008.03.03 09:38:54.482,0.79725,0.7974,0.10,0.20
2008.03.03 09:38:54.703,0.797,0.7974,0.60,0.20
2008.03.03 09:38:54.720,0.7968,0.7974,0.30,0.20
2008.03.03 09:38:54.933,0.797,0.7974,0.60,0.20
2008.03.03 09:38:55.055,0.79678,0.79738,0.30,4.00
2008.03.03 09:38:55.261,0.797,0.7974,0.60,0.20
2008.03.03 09:38:55.300,0.79676,0.79736,4.20,0.60
2008.03.03 09:38:55.614,0.79677,0.79737,0.30,0.50
2008.03.03 09:38:55.667,0.797,0.7974,0.60,0.20
2008.03.03 09:38:55.903,0.79681,0.79741,4.20,0.20
2008.03.03 09:38:56.001,0.797,0.7974,0.80,0.20
2008.03.03 09:38:56.187,0.79684,0.79744,2.40,4.00
2008.03.03 09:38:56.235,0.797,0.7974,0.80,0.20
2008.03.03 09:38:56.444,0.797,0.7974,0.60,0.20
2008.03.03 09:38:56.457,0.79686,0.79746,0.30,4.00
2008.03.03 09:38:56.660,0.797,0.7974,0.60,0.20
2008.03.03 09:38:56.730,0.79686,0.79746,0.60,2.40
2008.03.03 09:38:57.021,0.79685,0.79745,0.30,0.20
2008.03.03 09:38:57.321,0.79689,0.79744,0.30,0.40
2008.03.03 09:38:57.620,0.7969,0.7974,4.00,0.20
2008.03.03 09:38:57.959,0.79685,0.79735,4.20,0.20
2008.03.03 09:38:58.262,0.79683,0.79733,0.30,2.40
2008.03.03 09:38:58.617,0.79684,0.79734,0.60,4.00
2008.03.03 09:38:58.669,0.797,0.7974,0.80,0.20
2008.03.03 09:38:58.810,0.797,0.7974,0.60,0.40
2008.03.03 09:38:58.943,0.79685,0.79735,2.40,2.40
2008.03.03 09:38:58.983,0.797,0.7974,0.60,0.40
2008.03.03 09:38:59.188,0.797,0.7974,0.60,0.40
2008.03.03 09:38:59.385,0.79681,0.79731,14.40,0.20
2008.03.03 09:38:59.407,0.797,0.7974,0.60,0.40
2008.03.03 09:38:59.653,0.797,0.7974,0.60,0.40
2008.03.03 09:38:59.814,0.79679,0.79729,0.30,4.00
2008.03.03 09:39:00.040,0.79675,0.79725,0.30,0.20
2008.03.03 09:39:00.087,0.797,0.7974,0.60,0.40
2008.03.03 09:39:00.356,0.79675,0.79725,0.30,0.20
2008.03.03 09:39:00.524,0.797,0.7974,0.60,0.40
2008.03.03 09:39:00.696,0.79675,0.79725,0.30,0.20
2008.03.03 09:39:00.971,0.797,0.7974,0.60,0.40
2008.03.03 09:39:01.007,0.79675,0.79725,4.80,0.20
2008.03.03 09:39:01.287,0.797,0.7974,0.60,0.40
2008.03.03 09:39:01.341,0.79675,0.79725,0.30,0.40
2008.03.03 09:39:01.510,0.797,0.7974,0.60,0.40
2008.03.03 09:39:01.734,0.797,0.7974,0.30,0.40
2008.03.03 09:39:01.786,0.79675,0.79725,9.60,0.20
2008.03.03 09:39:02.113,0.79675,0.79725,0.80,0.20
2008.03.03 09:39:02.159,0.797,0.7974,0.30,0.40
2008.03.03 09:39:02.453,0.79675,0.79725,0.30,0.20
2008.03.03 09:39:02.607,0.797,0.7974,0.30,0.40
2008.03.03 09:39:02.791,0.79675,0.79725,0.30,4.00
2008.03.03 09:39:02.941,0.797,0.7974,0.60,0.20
2008.03.03 09:39:03.114,0.79675,0.79725,12.00,4.00
2008.03.03 09:39:03.256,0.797,0.7974,0.60,0.20
2008.03.03 09:39:03.487,0.797,0.7974,0.60,0.20
2008.03.03 09:39:03.555,0.79675,0.79725,4.20,2.50
2008.03.03 09:39:03.731,0.797,0.7974,0.60,0.20
2008.03.03 09:39:03.894,0.79675,0.79725,8.00,0.20
2008.03.03 09:39:04.158,0.797,0.7974,0.60,0.20
2008.03.03 09:39:04.326,0.79675,0.79725,2.60,0.20
2008.03.03 09:39:04.583,0.797,0.7974,0.60,0.20
2008.03.03 09:39:04.649,0.79675,0.79725,0.60,0.30
2008.03.03 09:39:04.916,0.797,0.7974,0.60,0.20
2008.03.03 09:39:04.978,0.79675,0.79725,0.30,4.00
2008.03.03 09:39:05.235,0.797,0.7974,0.60,0.20
2008.03.03 09:39:05.314,0.79675,0.79725,2.40,2.40
2008.03.03 09:39:05.458,0.797,0.7974,0.60,0.20
2008.03.03 09:39:05.653,0.79675,0.79725,0.30,0.40
2008.03.03 09:39:05.760,0.797,0.7974,0.60,0.20
2008.03.03 09:39:05.977,0.79675,0.79725,0.30,0.20
2008.03.03 09:39:06.122,0.797,0.7974,0.60,0.20
2008.03.03 09:39:06.309,0.79675,0.79725,0.30,4.00
2008.03.03 09:39:06.449,0.797,0.7974,0.60,0.20
2008.03.03 09:39:06.737,0.79675,0.79725,4.00,0.20
2008.03.03 09:39:06.785,0.797,0.7974,0.60,0.20
2008.03.03 09:39:07.080,0.79675,0.79725,0.30,0.20
2008.03.03 09:39:07.115,0.797,0.7974,0.60,0.20
2008.03.03 09:39:07.451,0.797,0.7974,0.60,0.20
2008.03.03 09:39:07.501,0.79675,0.79725,0.30,0.20
2008.03.03 09:39:07.727,0.79675,0.79725,0.30,0.20
2008.03.03 09:39:07.910,0.797,0.7974,0.60,0.20
2008.03.03 09:39:07.942,0.79675,0.79725,0.30,0.20
2008.03.03 09:39:08.167,0.79675,0.79725,6.40,0.20
2008.03.03 09:39:08.210,0.797,0.7974,0.60,0.20
2008.03.03 09:39:08.394,0.79675,0.79725,4.00,0.20
2008.03.03 09:39:08.537,0.797,0.7974,0.60,0.20
2008.03.03 09:39:08.805,0.79675,0.79725,0.50,0.60
2008.03.03 09:39:08.872,0.797,0.7974,0.60,0.20
2008.03.03 09:39:09.203,0.797,0.7974,0.60,0.20
2008.03.03 09:39:09.267,0.79675,0.79725,0.30,0.20
2008.03.03 09:39:09.530,0.797,0.7974,0.60,0.20
2008.03.03 09:39:09.600,0.79675,0.79725,0.30,0.30
2008.03.03 09:39:09.869,0.797,0.7974,0.60,0.20
2008.03.03 09:39:09.935,0.79675,0.79725,7.20,0.20
2008.03.03 09:39:10.195,0.797,0.7974,0.60,0.20
2008.03.03 09:39:10.323,0.79675,0.79725,1.60,9.60
2008.03.03 09:39:10.440,0.797,0.7974,0.60,0.40
2008.03.03 09:39:10.607,0.79675,0.79725,0.30,0.20
2008.03.03 09:39:10.684,0.797,0.7974,0.80,0.40
2008.03.03 09:39:10.841,0.79678,0.79723,0.30,0.80
2008.03.03 09:39:10.928,0.797,0.7974,0.80,0.40
2008.03.03 09:39:11.093,0.79685,0.79715,0.30,0.20
2008.03.03 09:39:11.275,0.797,0.7974,0.80,0.40
2008.03.03 09:39:11.366,0.79685,0.79715,8.00,2.40
2008.03.03 09:39:11.632,0.797,0.7974,0.80,0.40
2008.03.03 09:39:11.703,0.79685,0.79715,6.40,4.10
2008.03.03 09:39:12.063,0.797,0.7974,0.80,0.40
2008.03.03 09:39:12.125,0.79685,0.79715,0.30,0.40
2008.03.03 09:39:12.284,0.797,0.7974,0.80,0.40
2008.03.03 09:39:12.520,0.797,0.7974,0.80,0.40
2008.03.03 09:39:12.563,0.79685,0.79715,0.50,2.00
2008.03.03 09:39:12.837,0.797,0.7974,0.80,0.40
2008.03.03 09:39:12.884,0.79685,0.79715,8.20,4.00
2008.03.03 09:39:13.234,0.79685,0.79715,0.30,0.20
2008.03.03 09:39:13.547,0.79685,0.79715,0.60,0.20
2008.03.03 09:39:13.783,0.79685,0.79715,2.60,2.50
2008.03.03 09:39:14.222,0.79685,0.79715,0.60,0.20
2008.03.03 09:39:14.653,0.79685,0.79715,4.00,2.40
2008.03.03 09:39:14.774,0.797,0.7974,0.60,0.40
2008.03.03 09:39:14.879,0.79685,0.79715,4.00,0.20
2008.03.03 09:39:15.042,0.797,0.7974,0.60,0.40
2008.03.03 09:39:15.178,0.797,0.7974,0.60,0.40
2008.03.03 09:39:15.211,0.79685,0.79715,1.80,2.50
2008.03.03 09:39:15.281,0.797,0.7974,0.60,0.40
2008.03.03 09:39:15.376,0.797,0.7974,0.60,0.40
2008.03.03 09:39:15.475,0.797,0.7974,0.60,0.40
2008.03.03 09:39:15.521,0.79685,0.79715,0.30,0.20
2008.03.03 09:39:15.604,0.797,0.7974,0.60,0.40
2008.03.03 09:39:15.714,0.797,0.7974,0.60,0.40
2008.03.03 09:39:15.777,0.797,0.7974,0.60,0.40
2008.03.03 09:39:15.847,0.79685,0.79715,4.00,2.40
2008.03.03 09:39:16.134,0.797,0.7974,0.60,0.40
2008.03.03 09:39:16.304,0.79685,0.79715,0.30,0.20
2008.03.03 09:39:16.470,0.797,0.7974,0.60,0.40
2008.03.03 09:39:16.640,0.79685,0.79715,1.80,9.60
2008.03.03 09:39:16.907,0.797,0.7974,0.60,0.40
2008.03.03 09:39:16.965,0.79685,0.79715,2.60,2.50
2008.03.03 09:39:17.189,0.79685,0.79715,0.30,0.20
2008.03.03 09:39:17.354,0.797,0.7974,0.60,0.40
2008.03.03 09:39:17.528,0.79685,0.79715,8.20,0.20
2008.03.03 09:39:17.794,0.797,0.7974,0.60,0.40
2008.03.03 09:39:17.846,0.79685,0.79715,2.40,2.40
2008.03.03 09:39:18.025,0.797,0.7974,0.60,0.40
2008.03.03 09:39:18.284,0.79685,0.79715,2.40,2.40
2008.03.03 09:39:18.342,0.797,0.7974,0.60,0.40
2008.03.03 09:39:18.556,0.797,0.7974,0.60,0.40
2008.03.03 09:39:18.627,0.79685,0.79715,2.60,2.50
2008.03.03 09:39:18.776,0.797,0.7974,0.60,0.40
2008.03.03 09:39:18.944,0.79685,0.79715,2.40,2.40
2008.03.03 09:39:19.004,0.797,0.7974,0.60,0.40
2008.03.03 09:39:19.289,0.79685,0.79715,4.00,0.20
2008.03.03 09:39:19.434,0.797,0.7974,0.60,0.40
2008.03.03 09:39:19.646,0.79685,0.79715,0.30,0.20
2008.03.03 09:39:19.767,0.797,0.7974,0.60,0.40
2008.03.03 09:39:19.901,0.79685,0.79715,0.30,0.40
2008.03.03 09:39:20.151,0.79685,0.79715,4.00,0.20
2008.03.03 09:39:20.202,0.797,0.7974,0.60,0.40
2008.03.03 09:39:20.423,0.797,0.7974,0.60,0.40
2008.03.03 09:39:20.482,0.79685,0.79715,0.30,0.20
2008.03.03 09:39:20.641,0.797,0.7974,0.60,0.40
2008.03.03 09:39:20.751,0.79685,0.79715,4.00,6.40
2008.03.03 09:39:20.863,0.797,0.7974,0.60,0.40
2008.03.03 09:39:21.055,0.79685,0.79715,1.60,2.40
2008.03.03 09:39:21.213,0.797,0.7974,0.60,0.40
2008.03.03 09:39:21.359,0.79685,0.79715,0.80,0.20
2008.03.03 09:39:21.533,0.797,0.7974,0.60,0.20
2008.03.03 09:39:21.699,0.79685,0.79715,4.00,0.20
2008.03.03 09:39:21.852,0.797,0.79745,0.60,4.10
2008.03.03 09:39:22.020,0.79685,0.79715,0.30,2.50
2008.03.03 09:39:22.183,0.797,0.79745,0.60,4.10
2008.03.03 09:39:22.243,0.79685,0.79715,2.40,4.00
2008.03.03 09:39:22.509,0.797,0.79735,0.30,4.00
2008.03.03 09:39:22.576,0.79685,0.79715,4.00,0.20
2008.03.03 09:39:22.835,0.797,0.7973,0.30,0.20
2008.03.03 09:39:22.909,0.79685,0.79715,0.30,4.00
2008.03.03 09:39:23.160,0.797,0.7973,0.30,0.20
2008.03.03 09:39:23.248,0.79685,0.79715,4.00,0.40
2008.03.03 09:39:23.492,0.797,0.7973,0.30,0.20
2008.03.03 09:39:23.686,0.79685,0.79715,8.00,0.40
2008.03.03 09:39:23.859,0.797,0.7973,0.30,0.20
2008.03.03 09:39:23.996,0.79685,0.79715,0.30,0.20
2008.03.03 09:39:24.185,0.797,0.7973,0.30,0.20
2008.03.03 09:39:24.331,0.79685,0.79715,4.80,0.20
2008.03.03 09:39:24.636,0.79685,0.79715,4.40,4.80
2008.03.03 09:39:24.998,0.79685,0.79715,0.60,0.20
2008.03.03 09:39:25.320,0.79685,0.79715,0.30,0.90
2008.03.03 09:39:25.657,0.79685,0.79715,0.30,0.20
2008.03.03 09:39:25.989,0.79685,0.79715,0.30,0.20
2008.03.03 09:39:26.313,0.79685,0.79715,0.30,4.00
2008.03.03 09:39:26.505,0.797,0.7973,0.30,0.20
2008.03.03 09:39:26.650,0.79685,0.79715,2.40,2.40
2008.03.03 09:39:26.803,0.797,0.7973,0.30,0.20
2008.03.03 09:39:26.903,0.797,0.7973,0.30,0.20
2008.03.03 09:39:26.982,0.79685,0.79715,0.80,4.00
2008.03.03 09:39:27.039,0.797,0.7973,0.30,0.20
2008.03.03 09:39:27.135,0.797,0.7973,0.30,0.20
2008.03.03 09:39:27.256,0.797,0.7973,0.30,0.20
2008.03.03 09:39:27.308,0.79685,0.79715,0.30,4.00
2008.03.03 09:39:27.364,0.797,0.7973,0.30,0.20
2008.03.03 09:39:27.466,0.797,0.7973,0.30,0.20
2008.03.03 09:39:27.586,0.797,0.7973,0.30,0.20
2008.03.03 09:39:27.641,0.79685,0.79715,2.80,2.50
2008.03.03 09:39:27.922,0.797,0.79745,0.60,6.50
2008.03.03 09:39:28.074,0.79685,0.79715,0.50,1.90
2008.03.03 09:39:28.273,0.797,0.79745,0.60,4.10
2008.03.03 09:39:28.514,0.79685,0.79715,0.50,4.00
2008.03.03 09:39:28.681,0.797,0.79745,0.60,4.10
2008.03.03 09:39:28.954,0.79685,0.79715,0.30,0.40
2008.03.03 09:39:29.000,0.797,0.79745,0.60,4.10
2008.03.03 09:39:29.233,0.797,0.79745,0.60,4.10
2008.03.03 09:39:29.279,0.79685,0.79715,0.30,0.20
2008.03.03 09:39:29.484,0.797,0.79745,0.60,4.10
2008.03.03 09:39:29.617,0.79685,0.79715,2.40,2.40
2008.03.03 09:39:29.763,0.797,0.79745,0.60,4.10
2008.03.03 09:39:29.941,0.79685,0.79715,5.60,9.60
2008.03.03 09:39:30.097,0.797,0.79745,0.60,4.10
2008.03.03 09:39:30.283,0.79685,0.79715,0.30,2.40
2008.03.03 09:39:30.421,0.797,0.79745,0.30,4.10
2008.03.03 09:39:30.595,0.79685,0.79715,0.30,0.20
2008.03.03 09:39:30.768,0.797,0.79745,0.30,4.10
2008.03.03 09:39:30.936,0.79685,0.79715,4.00,0.40
2008.03.03 09:39:31.097,0.797,0.79745,0.30,4.10
2008.03.03 09:39:31.266,0.79685,0.79715,8.00,1.20
2008.03.03 09:39:31.413,0.797,0.79745,0.30,4.10
2008.03.03 09:39:31.602,0.79685,0.79715,0.30,0.20
2008.03.03 09:39:31.752,0.797,0.79745,0.30,4.10
2008.03.03 09:39:31.923,0.79685,0.79715,0.30,2.40
2008.03.03 09:39:32.093,0.797,0.79745,0.30,4.10
2008.03.03 09:39:32.147,0.79685,0.79715,0.30,0.20
2008.03.03 09:39:32.373,0.79685,0.79715,0.80,4.00
2008.03.03 09:39:32.525,0.797,0.79745,0.30,4.10
2008.03.03 09:39:32.679,0.79685,0.79715,4.00,0.20
2008.03.03 09:39:32.957,0.797,0.79745,0.30,4.10
2008.03.03 09:39:33.130,0.79685,0.79715,12.50,9.60
2008.03.03 09:39:33.285,0.797,0.79745,0.30,4.10
2008.03.03 09:39:33.470,0.79685,0.79715,12.00,2.40
2008.03.03 09:39:33.515,0.797,0.79745,0.30,4.10
2008.03.03 09:39:33.837,0.797,0.79745,0.30,4.10
2008.03.03 09:39:33.904,0.79685,0.79715,4.00,0.50
2008.03.03 09:39:34.240,0.79685,0.79715,4.00,0.80
2008.03.03 09:39:34.285,0.797,0.79745,0.30,4.10
2008.03.03 09:39:34.557,0.79685,0.79715,0.30,0.20
2008.03.03 09:39:34.721,0.797,0.79745,0.30,4.10
2008.03.03 09:39:34.892,0.79685,0.79715,0.30,0.50
2008.03.03 09:39:34.955,0.797,0.79745,0.30,4.10
2008.03.03 09:39:35.226,0.79685,0.79715,0.40,0.20
2008.03.03 09:39:35.276,0.797,0.79745,0.60,4.10
2008.03.03 09:39:35.495,0.797,0.79745,0.60,4.10
2008.03.03 09:39:35.551,0.79685,0.79715,4.00,0.20
2008.03.03 09:39:35.730,0.797,0.79745,0.60,4.10
2008.03.03 09:39:35.878,0.79685,0.79715,0.30,0.40
2008.03.03 09:39:36.050,0.797,0.79745,0.60,4.10
2008.03.03 09:39:36.217,0.79685,0.79715,4.00,0.20
2008.03.03 09:39:36.369,0.797,0.79745,0.60,4.10
2008.03.03 09:39:36.649,0.79685,0.79715,0.30,4.10
2008.03.03 09:39:36.682,0.797,0.79745,0.60,4.10
2008.03.03 09:39:36.975,0.79685,0.79715,0.80,0.20
2008.03.03 09:39:37.032,0.797,0.79745,0.60,4.10
2008.03.03 09:39:37.202,0.79685,0.79715,6.40,0.20
2008.03.03 09:39:37.435,0.79685,0.79715,0.30,0.20
2008.03.03 09:39:37.458,0.797,0.79745,0.60,4.10
2008.03.03 09:39:37.638,0.79685,0.79715,0.30,0.20
2008.03.03 09:39:37.802,0.797,0.79745,0.60,4.10
2008.03.03 09:39:37.870,0.79685,0.79715,0.30,0.20
2008.03.03 09:39:38.008,0.797,0.79745,0.60,4.10
2008.03.03 09:39:38.085,0.79685,0.79715,0.30,0.20
2008.03.03 09:39:38.236,0.797,0.79745,0.60,4.10
2008.03.03 09:39:38.475,0.797,0.79745,0.60,4.10
2008.03.03 09:39:38.517,0.79685,0.79715,0.60,2.40
2008.03.03 09:39:38.672,0.797,0.79745,0.60,4.10
2008.03.03 09:39:38.891,0.797,0.79745,0.60,4.10
2008.03.03 09:39:38.968,0.79685,0.79715,2.40,2.40
2008.03.03 09:39:39.224,0.797,0.79745,0.60,4.10
2008.03.03 09:39:39.295,0.79685,0.79715,9.60,0.20
2008.03.03 09:39:39.564,0.797,0.79745,0.60,4.10
2008.03.03 09:39:39.614,0.79685,0.79715,0.30,0.20
2008.03.03 09:39:39.909,0.797,0.79745,0.60,4.10
2008.03.03 09:39:39.951,0.79685,0.79715,0.30,4.00
2008.03.03 09:39:40.214,0.797,0.79745,0.60,4.10
2008.03.03 09:39:40.278,0.79685,0.79715,0.30,4.00
2008.03.03 09:39:40.543,0.797,0.79745,0.60,4.10
2008.03.03 09:39:40.612,0.79685,0.79715,0.30,4.10
2008.03.03 09:39:40.776,0.797,0.79745,0.60,4.10
2008.03.03 09:39:40.954,0.79685,0.79715,0.30,0.20
2008.03.03 09:39:41.094,0.797,0.79745,0.60,4.10
2008.03.03 09:39:41.297,0.79685,0.79715,13.60,0.20
2008.03.03 09:39:41.428,0.797,0.79745,0.60,4.10
2008.03.03 09:39:41.608,0.79685,0.79715,0.30,0.20
2008.03.03 09:39:41.768,0.797,0.79745,0.60,4.10
2008.03.03 09:39:41.941,0.79685,0.79715,9.60,2.50
2008.03.03 09:39:42.188,0.797,0.79745,0.60,4.10
2008.03.03 09:39:42.263,0.79685,0.79715,0.30,0.40
2008.03.03 09:39:42.532,0.797,0.79745,0.60,4.10
2008.03.03 09:39:42.583,0.79685,0.79715,0.30,0.20
2008.03.03 09:39:42.865,0.797,0.79745,0.60,4.10
2008.03.03 09:39:42.900,0.79685,0.79715,0.30,0.20
2008.03.03 09:39:43.088,0.797,0.79745,0.60,4.10
2008.03.03 09:39:43.144,0.79685,0.79715,0.30,4.00
2008.03.03 09:39:43.304,0.797,0.79745,0.60,4.10
2008.03.03 09:39:43.507,0.797,0.7974,0.60,0.20
2008.03.03 09:39:43.580,0.79685,0.79715,0.20,0.20
2008.03.03 09:39:43.729,0.797,0.7974,0.60,0.20
2008.03.03 09:39:43.968,0.797,0.7974,0.60,0.20
2008.03.03 09:39:44.017,0.79685,0.79715,0.30,0.20
2008.03.03 09:39:44.361,0.79685,0.79715,0.30,0.20
2008.03.03 09:39:44.395,0.797,0.7974,0.60,0.20
2008.03.03 09:39:44.705,0.79685,0.79715,0.30,4.00
2008.03.03 09:39:44.734,0.797,0.7974,0.60,0.20
2008.03.03 09:39:45.009,0.79685,0.79715,2.40,0.20
2008.03.03 09:39:45.063,0.797,0.7974,0.60,0.20
2008.03.03 09:39:45.341,0.79685,0.79715,4.80,0.20
2008.03.03 09:39:45.398,0.797,0.7974,0.60,0.20
2008.03.03 09:39:45.676,0.79685,0.79715,0.30,0.20
2008.03.03 09:39:45.712,0.797,0.7974,0.60,0.20
2008.03.03 09:39:46.009,0.79685,0.79715,9.60,0.50
2008.03.03 09:39:46.051,0.797,0.7974,0.60,0.20
2008.03.03 09:39:46.329,0.79685,0.79715,4.00,0.20
2008.03.03 09:39:46.367,0.797,0.7974,0.60,0.20
2008.03.03 09:39:46.660,0.79685,0.79715,11.40,0.50
2008.03.03 09:39:46.716,0.797,0.7974,0.60,0.20
2008.03.03 09:39:47.025,0.797,0.7974,0.60,0.20
2008.03.03 09:39:47.097,0.79685,0.79715,0.30,0.20
2008.03.03 09:39:47.369,0.797,0.7974,0.60,0.20
2008.03.03 09:39:47.420,0.79685,0.79715,0.30,0.20
2008.03.03 09:39:47.763,0.79685,0.79715,0.30,0.20
2008.03.03 09:39:47.813,0.797,0.7974,0.60,0.20
2008.03.03 09:39:48.092,0.79685,0.79715,4.00,0.40
2008.03.03 09:39:48.250,0.797,0.7974,0.60,0.20
2008.03.03 09:39:48.424,0.79685,0.79715,0.30,0.40
2008.03.03 09:39:48.466,0.797,0.7974,0.60,0.20
2008.03.03 09:39:48.676,0.797,0.7974,0.60,0.20
2008.03.03 09:39:48.865,0.79685,0.79715,0.30,4.00
2008.03.03 09:39:48.906,0.797,0.7974,0.60,0.20
2008.03.03 09:39:49.126,0.797,0.7974,0.60,0.20
2008.03.03 09:39:49.311,0.79685,0.79715,0.20,9.60
2008.03.03 09:39:49.456,0.797,0.7974,0.60,0.20
2008.03.03 09:39:49.638,0.79685,0.79715,0.30,0.20
2008.03.03 09:39:49.778,0.797,0.7974,0.60,0.20
2008.03.03 09:39:49.950,0.79685,0.79715,0.40,0.20
2008.03.03 09:39:50.106,0.797,0.7974,0.60,0.20
2008.03.03 09:39:50.297,0.79685,0.79715,0.30,0.20
2008.03.03 09:39:50.447,0.797,0.7974,0.60,0.20
2008.03.03 09:39:50.629,0.79685,0.79715,0.30,0.20
2008.03.03 09:39:50.775,0.797,0.7974,0.60,0.20
2008.03.03 09:39:50.943,0.79685,0.79715,0.30,4.00
2008.03.03 09:39:51.105,0.797,0.7974,0.60,0.20
2008.03.03 09:39:51.270,0.79685,0.79715,2.80,2.40
2008.03.03 09:39:51.446,0.797,0.7974,0.60,0.20
2008.03.03 09:39:51.600,0.79685,0.79715,0.60,0.20
2008.03.03 09:39:51.871,0.797,0.7974,0.60,0.20
2008.03.03 09:39:51.952,0.79685,0.79715,2.80,2.70
2008.03.03 09:39:52.206,0.797,0.79745,0.60,4.10
2008.03.03 09:39:52.357,0.79685,0.79715,0.30,0.20
2008.03.03 09:39:52.545,0.797,0.79745,0.60,4.10
2008.03.03 09:39:52.598,0.79685,0.79715,6.40,0.40
2008.03.03 09:39:52.862,0.797,0.79745,0.60,4.10
2008.03.03 09:39:52.914,0.79685,0.79715,4.00,0.20
2008.03.03 09:39:53.132,0.79685,0.79715,0.30,4.00
2008.03.03 09:39:53.194,0.797,0.79745,0.60,4.10
2008.03.03 09:39:53.530,0.797,0.79745,0.60,4.10
2008.03.03 09:39:53.582,0.79685,0.79715,4.00,2.50
2008.03.03 09:39:53.829,0.797,0.79745,0.60,4.10
2008.03.03 09:39:53.931,0.79685,0.79715,0.30,0.90
2008.03.03 09:39:54.194,0.797,0.79745,0.60,4.10
2008.03.03 09:39:54.321,0.79685,0.79715,0.60,4.00
2008.03.03 09:39:54.529,0.797,0.79745,0.60,4.10
2008.03.03 09:39:54.551,0.79685,0.79715,4.00,0.20
2008.03.03 09:39:54.841,0.797,0.79745,0.60,4.10
2008.03.03 09:39:54.934,0.79685,0.79715,4.00,0.20
2008.03.03 09:39:55.174,0.797,0.79745,0.60,4.10
2008.03.03 09:39:55.204,0.79685,0.79715,0.30,9.70
2008.03.03 09:39:55.453,0.79685,0.79715,0.30,0.10
2008.03.03 09:39:55.498,0.797,0.79745,0.60,4.10
2008.03.03 09:39:55.738,0.79685,0.79715,4.80,6.40
2008.03.03 09:39:55.828,0.797,0.79745,0.60,4.10
2008.03.03 09:39:56.022,0.79685,0.79715,2.60,6.40
2008.03.03 09:39:56.160,0.797,0.79745,0.60,4.10
2008.03.03 09:39:56.307,0.79683,0.79717,2.40,4.00
2008.03.03 09:39:56.503,0.797,0.79745,0.60,4.10
2008.03.03 09:39:56.596,0.79685,0.79715,0.30,9.60
2008.03.03 09:39:56.885,0.7967,0.7973,0.10,0.20
2008.03.03 09:39:56.942,0.797,0.79745,0.60,4.10
2008.03.03 09:39:57.219,0.7967,0.7973,0.60,0.20
2008.03.03 09:39:57.374,0.797,0.79745,0.60,4.10
2008.03.03 09:39:57.537,0.7967,0.7973,1.60,5.60
2008.03.03 09:39:57.703,0.797,0.79745,0.60,4.10
2008.03.03 09:39:57.773,0.7967,0.7973,0.50,0.20
2008.03.03 09:39:57.927,0.797,0.79745,0.60,4.10
2008.03.03 09:39:58.023,0.7967,0.7973,0.30,0.20
2008.03.03 09:39:58.262,0.797,0.79745,0.60,4.10
2008.03.03 09:39:58.269,0.7967,0.7973,0.30,0.20
2008.03.03 09:39:58.503,0.7967,0.7973,0.60,0.20
2008.03.03 09:39:58.579,0.797,0.79745,0.60,4.10
2008.03.03 09:39:58.838,0.7968,0.7972,0.30,0.20
2008.03.03 09:39:58.922,0.797,0.79745,0.60,4.10
2008.03.03 09:39:59.173,0.79678,0.79723,4.00,0.20
2008.03.03 09:39:59.241,0.797,0.79745,0.60,4.10
2008.03.03 09:39:59.508,0.7968,0.7972,0.30,0.20
2008.03.03 09:39:59.571,0.797,0.79745,0.60,4.10
2008.03.03 09:39:59.905,0.797,0.79745,0.60,4.10
2008.03.03 09:40:00.186,0.79687,0.79721,0.30,4.00
2008.03.03 09:40:00.237,0.797,0.79745,0.60,4.10
2008.03.03 09:40:00.490,0.79687,0.79727,0.30,0.80
2008.03.03 09:40:00.667,0.797,0.79745,0.60,4.10
2008.03.03 09:40:00.794,0.79694,0.79724,0.30,0.20
2008.03.03 09:40:01.009,0.797,0.79745,0.60,4.10
2008.03.03 09:40:01.052,0.79694,0.79724,1.80,0.20
2008.03.03 09:40:01.297,0.79692,0.79722,0.30,4.00
2008.03.03 09:40:01.336,0.797,0.79745,0.60,4.10
2008.03.03 09:40:01.542,0.79694,0.79724,0.30,0.20
2008.03.03 09:40:01.772,0.797,0.79745,0.60,4.10
2008.03.03 09:40:01.787,0.79698,0.79728,0.30,8.00
2008.03.03 09:40:02.112,0.797,0.79745,0.60,4.10
2008.03.03 09:40:02.117,0.79699,0.79729,0.30,2.50
2008.03.03 09:40:02.324,0.797,0.79745,0.60,4.10
2008.03.03 09:40:02.445,0.79697,0.79727,0.30,4.00
2008.03.03 09:40:02.551,0.797,0.79745,0.60,4.10
2008.03.03 09:40:02.766,0.797,0.79745,0.60,4.10
2008.03.03 09:40:02.781,0.79697,0.79727,0.30,0.40
2008.03.03 09:40:03.015,0.797,0.79725,0.60,0.20
2008.03.03 09:40:03.104,0.797,0.79745,0.60,4.10
2008.03.03 09:40:03.249,0.797,0.79725,0.30,0.20
2008.03.03 09:40:03.441,0.797,0.79745,0.60,4.10
2008.03.03 09:40:03.483,0.79701,0.79726,2.40,2.40
2008.03.03 09:40:03.717,0.79684,0.7974,0.60,2.40
2008.03.03 09:40:03.774,0.797,0.79745,0.60,4.10
2008.03.03 09:40:04.052,0.79687,0.79737,0.50,0.20
2008.03.03 09:40:04.203,0.797,0.79745,0.60,4.10
2008.03.03 09:40:04.417,0.79689,0.79734,4.80,0.20
2008.03.03 09:40:04.532,0.797,0.79745,0.60,4.10
2008.03.03 09:40:04.846,0.79688,0.79733,4.00,0.40
2008.03.03 09:40:04.848,0.797,0.79745,0.60,4.10
2008.03.03 09:40:05.184,0.79688,0.79733,0.30,0.20
2008.03.03 09:40:05.189,0.797,0.79745,0.60,4.10
2008.03.03 09:40:05.512,0.79689,0.79734,2.40,2.40
2008.03.03 09:40:05.520,0.797,0.79745,0.60,4.10
2008.03.03 09:40:05.848,0.797,0.79745,0.60,4.10
2008.03.03 09:40:05.851,0.79688,0.79733,0.30,0.20
2008.03.03 09:40:06.167,0.797,0.79745,0.60,4.10
2008.03.03 09:40:06.172,0.79688,0.79733,2.00,4.40
2008.03.03 09:40:06.499,0.79688,0.79733,2.40,2.40
2008.03.03 09:40:06.606,0.797,0.79745,0.60,4.10
2008.03.03 09:40:06.832,0.79689,0.79734,0.30,0.20
2008.03.03 09:40:07.056,0.797,0.79745,0.60,4.10
2008.03.03 09:40:07.165,0.79689,0.79734,2.40,2.40
2008.03.03 09:40:07.492,0.79691,0.79736,0.30,0.20
2008.03.03 09:40:07.497,0.797,0.79745,0.60,4.10
2008.03.03 09:40:07.813,0.79689,0.79734,0.60,0.20
2008.03.03 09:40:07.826,0.797,0.79745,0.60,4.10
2008.03.03 09:40:08.141,0.797,0.79745,0.60,4.10
2008.03.03 09:40:08.155,0.79688,0.79733,0.30,1.60
2008.03.03 09:40:08.485,0.797,0.79745,0.60,4.10
2008.03.03 09:40:08.490,0.79688,0.79733,2.60,2.50
2008.03.03 09:40:08.768,0.79688,0.79733,0.30,4.00
2008.03.03 09:40:08.806,0.797,0.79745,0.60,4.10
2008.03.03 09:40:09.105,0.797,0.7974,0.60,0.20
2008.03.03 09:40:09.146,0.79689,0.79734,4.00,0.20
2008.03.03 09:40:09.470,0.797,0.7974,0.60,0.20
2008.03.03 09:40:09.583,0.79691,0.79736,0.30,0.20
2008.03.03 09:40:09.739,0.797,0.79745,0.60,4.10
2008.03.03 09:40:10.002,0.79689,0.79734,0.30,0.20
2008.03.03 09:40:10.024,0.797,0.79745,0.60,4.10
2008.03.03 09:40:10.343,0.797,0.79745,0.60,4.10
2008.03.03 09:40:10.349,0.79688,0.79733,2.40,2.40
2008.03.03 09:40:10.671,0.797,0.79745,0.60,4.10
2008.03.03 09:40:10.689,0.79688,0.79733,2.60,0.50
2008.03.03 09:40:11.007,0.79688,0.79733,0.60,4.00
2008.03.03 09:40:11.014,0.797,0.79745,0.60,4.10
2008.03.03 09:40:11.262,0.797,0.79745,0.60,4.10
2008.03.03 09:40:11.347,0.79689,0.79734,2.40,2.40
2008.03.03 09:40:11.597,0.797,0.79745,0.60,4.10
2008.03.03 09:40:11.677,0.79689,0.79734,0.60,0.20
2008.03.03 09:40:11.991,0.797,0.79745,0.60,4.10
2008.03.03 09:40:12.104,0.79688,0.79733,0.30,0.20
2008.03.03 09:40:12.339,0.797,0.79745,0.60,4.10
2008.03.03 09:40:12.439,0.79688,0.79733,4.00,0.20
2008.03.03 09:40:12.660,0.797,0.79745,0.60,4.10
2008.03.03 09:40:12.881,0.79688,0.79733,0.70,0.20
2008.03.03 09:40:12.885,0.797,0.79745,0.60,4.10
2008.03.03 09:40:13.208,0.79688,0.79733,2.40,2.40
2008.03.03 09:40:13.220,0.797,0.79745,0.60,4.10
2008.03.03 09:40:13.438,0.797,0.79745,0.60,4.10
2008.03.03 09:40:13.535,0.79688,0.79733,1.60,0.20
2008.03.03 09:40:13.750,0.797,0.79745,0.60,4.10
2008.03.03 09:40:13.870,0.79688,0.79733,2.60,2.70
2008.03.03 09:40:14.101,0.79688,0.79733,4.00,0.20
2008.03.03 09:40:14.106,0.797,0.79745,0.60,4.10
2008.03.03 09:40:14.524,0.79688,0.79733,4.00,0.40
2008.03.03 09:40:14.861,0.79687,0.79732,0.30,0.20
2008.03.03 09:40:15.196,0.79687,0.79732,3.40,0.20
2008.03.03 09:40:15.510,0.79686,0.79731,0.30,0.20
2008.03.03 09:40:15.843,0.79687,0.79732,0.50,0.20
2008.03.03 09:40:15.902,0.797,0.79745,0.60,4.10
2008.03.03 09:40:15.963,0.797,0.79745,0.60,4.10
2008.03.03 09:40:16.032,0.797,0.79745,0.60,4.10
2008.03.03 09:40:16.079,0.797,0.79745,0.60,4.10
2008.03.03 09:40:16.106,0.797,0.79745,0.60,4.10
2008.03.03 09:40:16.176,0.79688,0.79733,0.30,0.20
2008.03.03 09:40:16.210,0.797,0.79745,0.60,4.10
2008.03.03 09:40:16.331,0.797,0.79745,0.60,4.10
2008.03.03 09:40:16.421,0.797,0.79745,0.60,4.10
2008.03.03 09:40:16.519,0.79687,0.79732,0.30,0.20
2008.03.03 09:40:16.534,0.797,0.79745,0.60,4.10
2008.03.03 09:40:16.640,0.797,0.79745,0.60,4.10
2008.03.03 09:40:16.743,0.797,0.79745,0.60,4.10
2008.03.03 09:40:16.842,0.79688,0.79733,1.80,5.60
2008.03.03 09:40:16.876,0.797,0.79745,0.60,4.10
2008.03.03 09:40:17.168,0.79688,0.79733,0.30,0.20
2008.03.03 09:40:17.269,0.797,0.79745,0.60,4.10
2008.03.03 09:40:17.501,0.79688,0.79733,0.60,0.20
2008.03.03 09:40:17.719,0.797,0.79745,0.60,4.10
2008.03.03 09:40:17.878,0.79688,0.79733,0.30,0.20
2008.03.03 09:40:18.052,0.797,0.79745,0.60,4.10
2008.03.03 09:40:18.180,0.79688,0.79733,0.30,0.20
2008.03.03 09:40:18.376,0.797,0.79745,0.60,4.10
2008.03.03 09:40:18.416,0.79688,0.79733,0.30,2.40
2008.03.03 09:40:18.654,0.797,0.79745,0.60,4.10
2008.03.03 09:40:18.664,0.79689,0.79734,3.20,2.40
2008.03.03 09:40:18.898,0.79689,0.79734,2.50,0.20
2008.03.03 09:40:18.922,0.797,0.79745,0.60,4.10
2008.03.03 09:40:19.232,0.79683,0.79739,0.30,0.20
2008.03.03 09:40:19.262,0.797,0.79745,0.60,4.10
2008.03.03 09:40:19.567,0.79681,0.79741,2.60,2.50
2008.03.03 09:40:19.595,0.797,0.79745,0.60,4.10
2008.03.03 09:40:19.916,0.797,0.79745,0.60,4.10
2008.03.03 09:40:19.920,0.79681,0.79741,0.60,0.20
2008.03.03 09:40:20.241,0.79681,0.79741,2.40,2.40
2008.03.03 09:40:20.249,0.797,0.79745,0.60,4.10
2008.03.03 09:40:20.478,0.79681,0.79741,0.30,4.00
2008.03.03 09:40:20.580,0.797,0.79745,0.60,4.10
2008.03.03 09:40:20.790,0.79681,0.79741,0.30,0.40
2008.03.03 09:40:20.897,0.797,0.79745,0.60,4.10
2008.03.03 09:40:21.127,0.79681,0.79741,9.60,0.20
2008.03.03 09:40:21.134,0.797,0.79745,0.60,4.10
2008.03.03 09:40:21.572,0.797,0.79745,0.60,4.10
2008.03.03 09:40:21.576,0.79681,0.79741,0.30,0.20
2008.03.03 09:40:21.909,0.797,0.79745,0.60,4.10
2008.03.03 09:40:22.011,0.79681,0.79741,0.40,0.50
2008.03.03 09:40:22.334,0.79681,0.79741,2.40,2.40
2008.03.03 09:40:22.560,0.79681,0.79741,2.60,2.50
2008.03.03 09:40:22.881,0.79681,0.79741,6.40,0.20
2008.03.03 09:40:23.319,0.79681,0.79741,4.00,2.70
2008.03.03 09:40:23.653,0.79681,0.79741,2.40,1.60
2008.03.03 09:40:23.988,0.79685,0.79735,0.40,0.20
2008.03.03 09:40:24.322,0.79687,0.79732,2.40,2.40
2008.03.03 09:40:24.587,0.79686,0.79731,0.30,0.20
2008.03.03 09:40:24.871,0.79687,0.79732,0.30,4.00
2008.03.03 09:40:25.170,0.79687,0.79732,9.60,0.20
2008.03.03 09:40:25.355,0.797,0.79745,0.60,4.10
2008.03.03 09:40:25.418,0.797,0.79745,1.20,4.00
2008.03.03 09:40:25.477,0.797,0.79745,1.20,4.00
2008.03.03 09:40:25.529,0.79688,0.79733,0.30,0.20
2008.03.03 09:40:25.539,0.797,0.79745,0.60,4.10
2008.03.03 09:40:25.637,0.797,0.79745,0.60,4.10
2008.03.03 09:40:25.757,0.797,0.79745,0.60,4.10
2008.03.03 09:40:25.838,0.797,0.79745,0.60,4.10
2008.03.03 09:40:25.866,0.79688,0.79733,4.80,0.20
2008.03.03 09:40:25.905,0.797,0.79745,0.60,4.10
2008.03.03 09:40:26.080,0.797,0.79745,0.60,4.10
2008.03.03 09:40:26.194,0.79688,0.79733,4.00,3.60
2008.03.03 09:40:26.202,0.797,0.79745,0.60,4.10
2008.03.03 09:40:26.324,0.797,0.79745,0.60,4.10
2008.03.03 09:40:26.439,0.797,0.79745,0.60,4.10
2008.03.03 09:40:26.510,0.79687,0.79732,0.30,0.20
2008.03.03 09:40:26.774,0.797,0.79745,0.60,4.10
2008.03.03 09:40:26.851,0.79687,0.79732,0.30,0.40
2008.03.03 09:40:27.109,0.79705,0.79745,0.30,4.10
2008.03.03 09:40:27.171,0.79687,0.79732,4.00,0.20
2008.03.03 09:40:27.444,0.7971,0.79745,0.30,4.00
2008.03.03 09:40:27.488,0.79688,0.79733,0.30,0.40
2008.03.03 09:40:27.701,0.7971,0.79745,0.30,4.00
2008.03.03 09:40:27.837,0.79688,0.79733,0.30,0.20
2008.03.03 09:40:27.965,0.7971,0.79745,0.30,4.00
2008.03.03 09:40:28.150,0.79688,0.79733,4.00,0.20
2008.03.03 09:40:28.277,0.7971,0.79745,0.30,4.00
2008.03.03 09:40:28.378,0.79687,0.79732,0.30,0.20
2008.03.03 09:40:28.522,0.797,0.79745,0.60,4.10
2008.03.03 09:40:28.812,0.79687,0.79732,0.30,0.20
2008.03.03 09:40:28.839,0.797,0.79745,0.60,4.10
2008.03.03 09:40:29.167,0.79688,0.79733,0.30,0.20
2008.03.03 09:40:29.172,0.797,0.79745,0.60,4.10
2008.03.03 09:40:29.487,0.79689,0.79734,0.30,0.40
2008.03.03 09:40:29.507,0.797,0.79745,0.60,4.10
2008.03.03 09:40:29.768,0.797,0.79745,0.60,4.10
2008.03.03 09:40:29.823,0.79689,0.79734,2.40,2.40
2008.03.03 09:40:30.068,0.79688,0.79733,4.80,0.20
2008.03.03 09:40:30.142,0.797,0.79745,0.60,4.10
2008.03.03 09:40:30.297,0.79687,0.79732,4.00,2.40
2008.03.03 09:40:30.475,0.797,0.79745,0.60,4.10
2008.03.03 09:40:30.595,0.79687,0.79732,0.30,0.40
2008.03.03 09:40:30.723,0.797,0.79745,0.60,4.10
2008.03.03 09:40:30.931,0.79686,0.79731,0.30,0.20
2008.03.03 09:40:30.971,0.797,0.79745,0.60,4.10
2008.03.03 09:40:31.231,0.79685,0.7973,2.40,2.40
2008.03.03 09:40:31.250,0.797,0.79745,0.60,4.10
2008.03.03 09:40:31.515,0.79686,0.79731,0.60,0.40
2008.03.03 09:40:31.587,0.797,0.79745,0.60,4.10
2008.03.03 09:40:31.782,0.79682,0.79738,0.30,0.20
2008.03.03 09:40:32.032,0.797,0.79745,0.60,4.10
2008.03.03 09:40:32.121,0.79682,0.79738,0.30,4.00
2008.03.03 09:40:32.456,0.79683,0.79739,0.30,0.20
2008.03.03 09:40:32.692,0.797,0.79745,0.60,4.10
2008.03.03 09:40:32.765,0.79683,0.79739,4.00,0.20
2008.03.03 09:40:32.915,0.797,0.79745,0.60,4.10
2008.03.03 09:40:33.086,0.79683,0.79739,0.30,0.80
2008.03.03 09:40:33.243,0.797,0.79745,0.60,4.10
2008.03.03 09:40:33.337,0.79683,0.79739,0.30,0.20
2008.03.03 09:40:33.461,0.797,0.79745,0.60,4.10
2008.03.03 09:40:33.776,0.79683,0.79739,0.30,0.40
2008.03.03 09:40:33.788,0.797,0.79745,0.60,4.10
2008.03.03 09:40:34.105,0.797,0.79745,0.60,4.10
2008.03.03 09:40:34.214,0.79683,0.79739,0.30,0.40
2008.03.03 09:40:34.442,0.797,0.79745,0.60,4.10
2008.03.03 09:40:34.547,0.79683,0.79739,0.30,0.20
2008.03.03 09:40:34.767,0.797,0.79745,0.60,4.10
2008.03.03 09:40:34.882,0.79683,0.79739,8.00,0.40
2008.03.03 09:40:35.112,0.797,0.79745,0.60,4.10
2008.03.03 09:40:35.199,0.79683,0.79739,2.40,2.40
2008.03.03 09:40:35.429,0.797,0.79745,0.60,4.10
2008.03.03 09:40:35.502,0.79683,0.79739,0.30,0.20
2008.03.03 09:40:35.770,0.797,0.79745,0.60,4.10
2008.03.03 09:40:35.859,0.79683,0.79739,0.80,2.40
2008.03.03 09:40:36.038,0.797,0.79745,0.60,4.10
2008.03.03 09:40:36.086,0.79683,0.79738,0.30,0.20
2008.03.03 09:40:36.311,0.79683,0.79739,1.00,0.20
2008.03.03 09:40:36.426,0.797,0.79745,0.60,4.10
2008.03.03 09:40:36.644,0.79683,0.79739,0.30,0.20
2008.03.03 09:40:36.760,0.797,0.79745,0.60,4.10
2008.03.03 09:40:37.065,0.79683,0.79739,0.05,4.00
2008.03.03 09:40:37.191,0.797,0.79745,0.60,4.10
2008.03.03 09:40:37.495,0.79683,0.79739,0.30,4.00
2008.03.03 09:40:37.525,0.797,0.79745,0.60,4.10
2008.03.03 09:40:37.850,0.79683,0.79739,0.30,4.00
2008.03.03 09:40:37.969,0.797,0.79745,0.60,4.10
2008.03.03 09:40:38.166,0.79683,0.79739,6.40,2.40
2008.03.03 09:40:38.191,0.797,0.79745,0.60,4.10
2008.03.03 09:40:38.505,0.79683,0.79739,1.80,5.60
2008.03.03 09:40:38.525,0.797,0.79745,0.60,4.10
2008.03.03 09:40:38.754,0.797,0.79745,0.60,4.10
2008.03.03 09:40:38.926,0.79683,0.79739,0.30,0.20
2008.03.03 09:40:39.062,0.797,0.79745,0.60,4.10
2008.03.03 09:40:39.268,0.79683,0.79739,0.30,4.00
2008.03.03 09:40:39.401,0.797,0.79745,0.60,4.10
2008.03.03 09:40:39.701,0.79683,0.79739,0.30,2.40
2008.03.03 09:40:39.855,0.797,0.79745,0.60,4.10
2008.03.03 09:40:40.039,0.79683,0.79739,2.40,2.40
2008.03.03 09:40:40.086,0.797,0.79745,0.60,4.10
2008.03.03 09:40:40.386,0.79683,0.79739,4.00,0.20
2008.03.03 09:40:40.696,0.79683,0.79739,0.10,2.40
2008.03.03 09:40:40.712,0.797,0.79745,0.60,4.10
2008.03.03 09:40:41.034,0.79683,0.79739,16.00,2.40
2008.03.03 09:40:41.042,0.797,0.79745,0.60,4.10
2008.03.03 09:40:41.318,0.79683,0.79739,0.60,0.20
2008.03.03 09:40:41.374,0.797,0.79745,0.60,4.10
2008.03.03 09:40:41.561,0.79683,0.79739,2.40,4.00
2008.03.03 09:40:41.714,0.797,0.79745,0.60,4.10
2008.03.03 09:40:42.013,0.79683,0.79739,0.30,0.20
2008.03.03 09:40:42.150,0.797,0.79745,0.60,4.10
2008.03.03 09:40:42.332,0.79683,0.79739,6.00,0.50
2008.03.03 09:40:42.591,0.797,0.79745,0.60,4.10
2008.03.03 09:40:42.653,0.79681,0.79741,1.00,0.20
2008.03.03 09:40:42.887,0.79681,0.79741,0.30,0.20
2008.03.03 09:40:43.024,0.797,0.79745,0.60,4.10
2008.03.03 09:40:43.123,0.79687,0.79732,0.30,7.30
2008.03.03 09:40:43.253,0.797,0.79745,0.60,4.10
2008.03.03 09:40:43.454,0.79686,0.79731,0.30,7.20
2008.03.03 09:40:43.461,0.797,0.79745,0.60,4.10
2008.03.03 09:40:43.678,0.797,0.79745,0.60,4.10
2008.03.03 09:40:43.793,0.79684,0.79729,0.30,0.20
2008.03.03 09:40:43.898,0.797,0.79745,0.60,4.10
2008.03.03 09:40:44.216,0.79687,0.79732,0.30,2.50
2008.03.03 09:40:44.341,0.797,0.79745,0.60,4.10
2008.03.03 09:40:44.559,0.79688,0.79733,2.40,2.40
2008.03.03 09:40:44.682,0.797,0.79745,0.60,4.10
2008.03.03 09:40:44.890,0.79688,0.79733,0.40,2.40
2008.03.03 09:40:45.112,0.797,0.79745,0.60,4.10
2008.03.03 09:40:45.215,0.79688,0.79733,0.30,2.50
2008.03.03 09:40:45.341,0.797,0.79745,0.60,4.10
2008.03.03 09:40:45.550,0.79689,0.79734,0.30,2.40
2008.03.03 09:40:45.667,0.797,0.79745,0.60,4.10
2008.03.03 09:40:45.864,0.7969,0.79735,2.40,0.30
2008.03.03 09:40:45.885,0.797,0.79745,0.60,4.10
2008.03.03 09:40:46.194,0.7969,0.79735,4.80,0.20
2008.03.03 09:40:46.218,0.797,0.79745,0.60,4.10
2008.03.03 09:40:46.527,0.79689,0.79734,9.60,0.20
2008.03.03 09:40:46.537,0.797,0.79745,0.60,4.10
2008.03.03 09:40:46.868,0.79689,0.79734,2.60,8.10
2008.03.03 09:40:46.881,0.797,0.79745,0.60,4.10
2008.03.03 09:40:47.189,0.7969,0.79735,0.30,2.40
2008.03.03 09:40:47.315,0.797,0.79745,0.60,4.10
2008.03.03 09:40:47.531,0.79691,0.79736,0.60,0.20
2008.03.03 09:40:47.753,0.797,0.79745,0.60,4.10
2008.03.03 09:40:47.841,0.79691,0.79736,0.30,0.20
2008.03.03 09:40:48.177,0.79689,0.79734,0.30,0.20
2008.03.03 09:40:48.198,0.797,0.79745,0.60,4.10
2008.03.03 09:40:48.500,0.79689,0.79734,0.60,0.20
2008.03.03 09:40:48.526,0.797,0.79745,0.60,4.10
2008.03.03 09:40:48.749,0.797,0.79745,0.60,4.10
2008.03.03 09:40:48.944,0.79689,0.79734,0.30,2.40
2008.03.03 09:40:48.958,0.797,0.79745,0.60,4.10
2008.03.03 09:40:49.292,0.797,0.79745,0.60,4.10
2008.03.03 09:40:49.381,0.79688,0.79733,0.30,0.20
2008.03.03 09:40:49.620,0.797,0.79745,0.60,4.10
2008.03.03 09:40:49.829,0.79688,0.79733,8.20,2.50
2008.03.03 09:40:49.907,0.797,0.79745,0.60,4.10
2008.03.03 09:40:50.176,0.797,0.79745,0.60,4.10
2008.03.03 09:40:50.272,0.79687,0.79732,0.30,0.20
2008.03.03 09:40:50.498,0.797,0.79745,0.60,4.10
2008.03.03 09:40:50.604,0.79688,0.79733,0.60,2.40
2008.03.03 09:40:50.830,0.797,0.79745,0.60,4.10
2008.03.03 09:40:50.924,0.79689,0.79734,4.00,0.20
2008.03.03 09:40:51.154,0.797,0.79745,0.60,4.10
2008.03.03 09:40:51.255,0.79688,0.79733,2.60,8.10
2008.03.03 09:40:51.482,0.797,0.79745,0.60,4.10
2008.03.03 09:40:51.587,0.79687,0.79732,0.30,0.20
2008.03.03 09:40:51.820,0.797,0.79745,0.60,4.10
2008.03.03 09:40:51.921,0.79686,0.79731,8.00,0.20
2008.03.03 09:40:52.159,0.797,0.79745,0.60,4.10
2008.03.03 09:40:52.247,0.79687,0.79732,0.30,0.20
2008.03.03 09:40:52.542,0.79688,0.79733,0.30,0.40
2008.03.03 09:40:52.594,0.797,0.79745,0.60,4.10
2008.03.03 09:40:52.873,0.79689,0.79734,0.70,4.00
2008.03.03 09:40:53.045,0.797,0.79745,0.60,4.10
2008.03.03 09:40:53.240,0.7969,0.79735,4.00,0.20
2008.03.03 09:40:53.361,0.797,0.79745,0.60,4.10
2008.03.03 09:40:53.566,0.7969,0.79735,0.30,0.20
2008.03.03 09:40:53.578,0.797,0.79745,0.60,4.10
2008.03.03 09:40:53.795,0.797,0.79745,0.60,4.10
2008.03.03 09:40:53.983,0.7969,0.79735,0.30,0.20
2008.03.03 09:40:54.029,0.797,0.79745,0.60,4.10
2008.03.03 09:40:54.445,0.79689,0.79734,2.00,0.40
2008.03.03 09:40:54.469,0.797,0.79745,0.60,4.10
2008.03.03 09:40:54.785,0.79688,0.79733,0.30,4.00
2008.03.03 09:40:54.907,0.797,0.79745,0.60,4.10
2008.03.03 09:40:55.105,0.79687,0.79732,0.20,0.20
2008.03.03 09:40:55.253,0.797,0.79745,0.60,4.10
2008.03.03 09:40:55.440,0.79688,0.79733,8.00,1.70
2008.03.03 09:40:55.558,0.797,0.79745,0.60,4.10
2008.03.03 09:40:55.779,0.79688,0.79733,0.30,0.20
2008.03.03 09:40:55.895,0.797,0.79745,0.60,4.10
2008.03.03 09:40:56.083,0.79688,0.79733,0.30,0.50
2008.03.03 09:40:56.219,0.797,0.79745,0.60,4.10
2008.03.03 09:40:56.326,0.79689,0.79734,2.40,2.40
2008.03.03 09:40:56.627,0.79689,0.79734,0.30,4.00
2008.03.03 09:40:56.667,0.797,0.79745,0.60,4.10
2008.03.03 09:40:56.871,0.79688,0.79733,4.00,0.20
2008.03.03 09:40:57.107,0.797,0.79745,0.60,4.10
2008.03.03 09:40:57.296,0.79688,0.79733,0.30,2.50
2008.03.03 09:40:57.536,0.797,0.79745,0.60,4.10
2008.03.03 09:40:57.631,0.79692,0.79732,2.40,2.40
2008.03.03 09:40:57.965,0.7969,0.7973,0.30,0.80
2008.03.03 09:40:57.984,0.797,0.79745,0.60,4.10
2008.03.03 09:40:58.180,0.79687,0.79732,6.40,0.20
2008.03.03 09:40:58.314,0.797,0.79745,0.60,4.10
2008.03.03 09:40:58.408,0.79688,0.79733,0.30,4.00
2008.03.03 09:40:58.537,0.797,0.79745,0.60,4.10
2008.03.03 09:40:58.719,0.79689,0.79734,4.00,0.20
2008.03.03 09:40:58.868,0.797,0.79745,0.60,4.10
2008.03.03 09:40:58.952,0.79688,0.79733,0.30,0.20
2008.03.03 09:40:59.199,0.797,0.79745,0.60,4.10
2008.03.03 09:40:59.295,0.79685,0.7973,4.00,0.20
2008.03.03 09:40:59.532,0.797,0.79745,0.60,4.10
2008.03.03 09:40:59.701,0.79683,0.79728,2.60,2.50
2008.03.03 09:40:59.949,0.797,0.79745,0.60,4.10
2008.03.03 09:41:00.283,0.797,0.79745,0.60,4.10
2008.03.03 09:41:00.287,0.7968,0.79725,0.30,0.20
2008.03.03 09:41:00.510,0.79683,0.79728,0.60,0.20
2008.03.03 09:41:00.515,0.797,0.79745,0.60,4.10
2008.03.03 09:41:00.736,0.79685,0.7973,0.30,4.00
2008.03.03 09:41:00.833,0.797,0.79745,0.60,4.10
2008.03.03 09:41:00.960,0.79689,0.79729,2.40,2.40
2008.03.03 09:41:01.069,0.797,0.79745,0.60,4.10
2008.03.03 09:41:01.184,0.79691,0.79731,2.60,2.40
2008.03.03 09:41:01.463,0.797,0.79745,0.60,4.10
2008.03.03 09:41:01.514,0.79689,0.79734,0.30,0.20
2008.03.03 09:41:01.838,0.797,0.79745,0.60,4.10
2008.03.03 09:41:01.850,0.7969,0.79735,0.30,0.20
2008.03.03 09:41:02.180,0.79689,0.79734,0.30,0.40
2008.03.03 09:41:02.236,0.797,0.79745,0.60,4.10
2008.03.03 09:41:02.489,0.79688,0.79733,0.30,4.00
2008.03.03 09:41:02.497,0.797,0.79745,0.60,4.10
2008.03.03 09:41:02.712,0.79688,0.79733,0.30,0.50
2008.03.03 09:41:02.828,0.797,0.79745,0.60,4.10
2008.03.03 09:41:03.047,0.79687,0.79732,0.30,4.00
2008.03.03 09:41:03.154,0.797,0.79745,0.60,4.10
2008.03.03 09:41:03.385,0.79687,0.79732,0.30,0.20
2008.03.03 09:41:03.468,0.797,0.79745,0.60,4.10
2008.03.03 09:41:03.788,0.79688,0.79733,2.40,0.20
2008.03.03 09:41:03.807,0.797,0.79745,0.60,4.10
2008.03.03 09:41:04.131,0.797,0.79745,0.60,4.10
2008.03.03 09:41:04.254,0.79688,0.79733,0.30,0.40
2008.03.03 09:41:04.460,0.797,0.79745,0.60,4.10
2008.03.03 09:41:04.593,0.79687,0.79732,4.00,2.40
2008.03.03 09:41:04.824,0.797,0.79745,0.60,4.10
2008.03.03 09:41:04.926,0.79687,0.79732,0.30,0.20
2008.03.03 09:41:05.141,0.797,0.79745,0.60,4.10
2008.03.03 09:41:05.240,0.79686,0.79731,2.40,0.20
2008.03.03 09:41:05.465,0.797,0.79745,0.60,4.10
2008.03.03 09:41:05.577,0.79686,0.79731,0.80,0.20
2008.03.03 09:41:05.730,0.797,0.79745,0.80,4.10
2008.03.03 09:41:05.906,0.79687,0.79732,2.40,0.50
2008.03.03 09:41:06.014,0.7971,0.79745,0.50,4.10
2008.03.03 09:41:06.182,0.79687,0.79732,9.60,0.20
2008.03.03 09:41:06.262,0.7971,0.79745,0.60,4.10
2008.03.03 09:41:06.451,0.79688,0.79733,0.70,0.40
2008.03.03 09:41:06.596,0.7971,0.79745,0.60,4.10
2008.03.03 09:41:06.787,0.79687,0.79732,4.00,0.20
2008.03.03 09:41:06.930,0.7971,0.79745,0.50,4.10
2008.03.03 09:41:07.149,0.79687,0.79732,0.30,0.20
2008.03.03 09:41:07.265,0.7971,0.79745,0.50,4.10
2008.03.03 09:41:07.455,0.79687,0.79732,0.30,4.10
2008.03.03 09:41:07.489,0.7971,0.79745,0.50,4.10
2008.03.03 09:41:07.712,0.7971,0.79745,0.50,4.10
2008.03.03 09:41:07.751,0.79687,0.79732,0.30,0.20
2008.03.03 09:41:07.936,0.7971,0.79745,0.50,4.10
2008.03.03 09:41:07.999,0.79687,0.79732,4.00,0.50
2008.03.03 09:41:08.196,0.7971,0.79745,0.50,4.10
2008.03.03 09:41:08.295,0.79688,0.79733,2.60,2.50
2008.03.03 09:41:08.547,0.7971,0.79745,0.50,4.10
2008.03.03 09:41:08.617,0.79689,0.79734,0.30,0.20
2008.03.03 09:41:08.866,0.7971,0.79745,0.50,4.10
2008.03.03 09:41:08.968,0.7969,0.79735,2.60,2.70
2008.03.03 09:41:09.205,0.7971,0.79745,0.50,4.10
2008.03.03 09:41:09.302,0.79697,0.79732,2.40,2.40
2008.03.03 09:41:09.527,0.7971,0.79745,0.50,4.10
2008.03.03 09:41:09.650,0.79697,0.79732,0.60,0.40
2008.03.03 09:41:09.856,0.7971,0.79745,0.50,4.10
2008.03.03 09:41:09.972,0.79695,0.7973,0.30,0.20
2008.03.03 09:41:10.111,0.7971,0.79745,0.50,4.10
2008.03.03 09:41:10.267,0.79694,0.79729,0.30,0.90
2008.03.03 09:41:10.400,0.7971,0.79745,0.50,4.10
2008.03.03 09:41:10.536,0.79694,0.79729,4.00,0.20
2008.03.03 09:41:10.659,0.7971,0.79745,0.50,4.10
2008.03.03 09:41:10.862,0.79693,0.79728,0.30,0.20
2008.03.03 09:41:10.956,0.7971,0.79745,0.50,4.10
2008.03.03 09:41:11.213,0.79693,0.79728,2.40,0.20
2008.03.03 09:41:11.296,0.7971,0.79745,0.50,4.10
2008.03.03 09:41:11.462,0.79688,0.79733,2.40,4.00
2008.03.03 09:41:11.721,0.7971,0.79745,0.50,4.10
2008.03.03 09:41:11.750,0.79689,0.79734,0.30,0.20
2008.03.03 09:41:12.040,0.79688,0.79733,1.60,0.20
2008.03.03 09:41:12.063,0.7971,0.79745,0.50,4.10
2008.03.03 09:41:12.329,0.79688,0.79733,0.30,0.20
2008.03.03 09:41:12.511,0.7971,0.79745,0.50,4.10
2008.03.03 09:41:12.618,0.79689,0.79734,4.00,0.20
2008.03.03 09:41:12.823,0.7971,0.79745,0.50,4.10
2008.03.03 09:41:12.957,0.79689,0.79734,2.40,5.60
2008.03.03 09:41:13.162,0.7971,0.79745,0.50,4.10
2008.03.03 09:41:13.283,0.7969,0.79735,2.40,0.05
2008.03.03 09:41:13.483,0.7971,0.79745,0.50,4.10
2008.03.03 09:41:13.627,0.79689,0.79734,0.30,4.00
2008.03.03 09:41:13.791,0.797,0.79745,0.60,4.10
2008.03.03 09:41:14.026,0.79688,0.79733,2.40,0.20
2008.03.03 09:41:14.107,0.79715,0.79745,0.10,4.10
2008.03.03 09:41:14.368,0.79715,0.79745,0.10,4.10
2008.03.03 09:41:14.372,0.79687,0.79732,0.60,2.70
2008.03.03 09:41:14.693,0.79715,0.79745,0.10,4.10
2008.03.03 09:41:14.709,0.79686,0.79731,0.30,0.20
2008.03.03 09:41:15.033,0.79715,0.79745,0.10,4.10
2008.03.03 09:41:15.046,0.79686,0.79731,0.50,0.60
2008.03.03 09:41:15.334,0.79685,0.7973,4.00,4.00
2008.03.03 09:41:15.344,0.79715,0.79745,0.10,4.10
2008.03.03 09:41:15.592,0.79686,0.79731,0.60,2.40
2008.03.03 09:41:15.623,0.797,0.79745,0.60,4.10
2008.03.03 09:41:15.908,0.79685,0.7973,0.30,0.20
2008.03.03 09:41:15.986,0.797,0.79745,0.60,4.10
2008.03.03 09:41:16.242,0.79686,0.79731,6.40,4.00
2008.03.03 09:41:16.344,0.797,0.79745,0.60,4.10
2008.03.03 09:41:16.431,0.79687,0.79732,2.60,2.50
2008.03.03 09:41:16.579,0.79688,0.79733,2.40,2.40
2008.03.03 09:41:16.678,0.79705,0.79745,0.50,4.10
2008.03.03 09:41:16.916,0.79689,0.79734,8.20,2.50
2008.03.03 09:41:17.012,0.79715,0.79745,0.10,4.10
2008.03.03 09:41:17.250,0.79689,0.79734,0.30,0.80
2008.03.03 09:41:17.345,0.79715,0.79745,0.10,4.10
2008.03.03 09:41:17.580,0.7969,0.79735,0.30,0.20
2008.03.03 09:41:17.676,0.79715,0.79745,0.10,4.10
2008.03.03 09:41:17.904,0.797,0.79745,0.60,4.10
2008.03.03 09:41:17.955,0.79691,0.79736,0.60,0.40
2008.03.03 09:41:18.222,0.797,0.79745,0.60,4.10
2008.03.03 09:41:18.288,0.79693,0.79738,0.50,0.40
2008.03.03 09:41:18.539,0.797,0.79745,0.60,4.10
2008.03.03 09:41:18.623,0.79699,0.79733,2.40,4.10
2008.03.03 09:41:18.843,0.797,0.79745,0.60,4.10
2008.03.03 09:41:18.872,0.79697,0.79732,0.60,0.60
2008.03.03 09:41:19.121,0.79702,0.79727,0.30,0.20
2008.03.03 09:41:19.216,0.797,0.79745,0.60,4.10
2008.03.03 09:41:19.370,0.79701,0.79726,0.30,0.40
2008.03.03 09:41:19.548,0.797,0.79745,0.60,4.10
2008.03.03 09:41:19.620,0.79694,0.79729,2.40,0.20
2008.03.03 09:41:19.860,0.797,0.79745,0.60,4.10
2008.03.03 09:41:19.893,0.79692,0.79727,0.30,0.20
2008.03.03 09:41:20.198,0.797,0.79745,0.60,4.10
2008.03.03 09:41:20.215,0.79692,0.79727,0.30,4.00
2008.03.03 09:41:20.539,0.797,0.79745,0.60,4.10
2008.03.03 09:41:20.545,0.79691,0.79726,0.30,0.20
2008.03.03 09:41:20.862,0.797,0.79745,0.60,4.10
2008.03.03 09:41:20.868,0.79693,0.79728,0.60,0.20
2008.03.03 09:41:21.179,0.797,0.79745,0.60,4.10
2008.03.03 09:41:21.214,0.79695,0.7973,0.30,0.20
2008.03.03 09:41:21.535,0.79696,0.79731,0.30,2.40
2008.03.03 09:41:21.621,0.797,0.79745,0.60,4.10
2008.03.03 09:41:21.860,0.79697,0.79732,0.60,0.40
2008.03.03 09:41:21.964,0.797,0.79745,0.60,4.10
2008.03.03 09:41:22.091,0.79696,0.79731,4.00,0.20
2008.03.03 09:41:22.336,0.79693,0.79728,4.00,0.20
2008.03.03 09:41:22.398,0.797,0.79745,0.60,4.10
2008.03.03 09:41:22.568,0.79693,0.79728,4.20,0.20
2008.03.03 09:41:22.636,0.797,0.79745,0.60,4.10
2008.03.03 09:41:22.853,0.79692,0.79727,0.30,0.20
2008.03.03 09:41:22.943,0.797,0.79745,0.60,4.10
2008.03.03 09:41:23.157,0.797,0.79745,0.60,4.10
2008.03.03 09:41:23.293,0.79692,0.79727,2.60,2.40
2008.03.03 09:41:23.382,0.797,0.79745,0.60,4.10
2008.03.03 09:41:23.630,0.79692,0.79727,0.30,0.20
2008.03.03 09:41:23.832,0.797,0.79745,0.60,4.10
2008.03.03 09:41:23.952,0.7969,0.79725,0.30,0.40
2008.03.03 09:41:24.273,0.797,0.79745,0.60,4.10
2008.03.03 09:41:24.289,0.7969,0.79725,0.30,0.20
2008.03.03 09:41:24.606,0.79693,0.79728,2.60,2.50
2008.03.03 09:41:24.612,0.797,0.79745,0.60,4.10
2008.03.03 09:41:24.945,0.797,0.79745,0.60,4.10
2008.03.03 09:41:24.946,0.79694,0.79729,0.60,0.20
2008.03.03 09:41:25.254,0.797,0.79745,0.60,4.10
2008.03.03 09:41:25.281,0.79695,0.7973,5.60,2.50
2008.03.03 09:41:25.578,0.797,0.79745,0.60,4.10
2008.03.03 09:41:25.597,0.79693,0.79728,0.30,0.20
2008.03.03 09:41:25.908,0.797,0.79745,0.60,4.10
2008.03.03 09:41:25.940,0.79693,0.79728,2.80,2.70
2008.03.03 09:41:26.232,0.797,0.79745,0.60,4.10
2008.03.03 09:41:26.268,0.79693,0.79728,0.30,2.50
2008.03.03 09:41:26.575,0.797,0.79745,0.60,4.10
2008.03.03 09:41:26.577,0.79693,0.79728,4.00,0.20
2008.03.03 09:41:26.913,0.79692,0.79727,0.30,0.20
2008.03.03 09:41:27.004,0.797,0.79745,0.60,4.10
2008.03.03 09:41:27.139,0.79692,0.79727,0.30,0.90
2008.03.03 09:41:27.344,0.797,0.79745,0.60,4.10
2008.03.03 09:41:27.460,0.79692,0.79727,0.30,0.20
2008.03.03 09:41:27.671,0.797,0.79745,0.60,4.10
2008.03.03 09:41:27.699,0.7969,0.79725,2.40,0.20
2008.03.03 09:41:28.003,0.797,0.79745,0.60,4.10
2008.03.03 09:41:28.115,0.79692,0.79727,0.30,0.20
2008.03.03 09:41:28.355,0.797,0.79745,0.60,4.10
2008.03.03 09:41:28.449,0.79692,0.79727,2.40,0.20
2008.03.03 09:41:28.660,0.797,0.79745,0.60,4.10
2008.03.03 09:41:28.767,0.79693,0.79728,0.30,0.20
2008.03.03 09:41:29.018,0.797,0.79745,0.60,4.10
2008.03.03 09:41:29.094,0.79694,0.79729,0.30,0.80
2008.03.03 09:41:29.329,0.797,0.79745,0.60,4.10
2008.03.03 09:41:29.444,0.79695,0.7973,2.60,2.40
2008.03.03 09:41:29.671,0.797,0.79745,0.60,4.10
2008.03.03 09:41:29.838,0.79697,0.79732,0.30,0.20
2008.03.03 09:41:29.987,0.797,0.79745,0.60,4.10
2008.03.03 09:41:30.110,0.79697,0.79732,0.10,0.20
2008.03.03 09:41:30.310,0.797,0.79745,0.60,4.10
2008.03.03 09:41:30.439,0.79695,0.7973,2.60,2.50
2008.03.03 09:41:30.636,0.797,0.79745,0.60,4.10
2008.03.03 09:41:30.750,0.79696,0.79731,0.30,4.00
2008.03.03 09:41:30.971,0.797,0.79745,0.60,4.10
2008.03.03 09:41:31.110,0.79693,0.79728,2.40,0.20
2008.03.03 09:41:31.291,0.797,0.79745,0.60,4.10
2008.03.03 09:41:31.438,0.79692,0.79727,0.60,0.40
2008.03.03 09:41:31.643,0.797,0.79745,0.60,4.10
2008.03.03 09:41:31.755,0.79692,0.79727,0.30,0.20
2008.03.03 09:41:32.073,0.797,0.79745,0.60,4.10
2008.03.03 09:41:32.086,0.79692,0.79727,1.00,9.60
2008.03.03 09:41:32.419,0.79691,0.79726,5.60,2.40
2008.03.03 09:41:32.522,0.797,0.79745,0.60,4.10
2008.03.03 09:41:32.638,0.79686,0.79731,3.80,2.40
2008.03.03 09:41:32.845,0.797,0.79745,0.60,4.10
2008.03.03 09:41:32.857,0.79687,0.79732,0.30,0.40
2008.03.03 09:41:33.180,0.797,0.79745,0.60,4.10
2008.03.03 09:41:33.191,0.79687,0.79732,0.30,4.00
2008.03.03 09:41:33.419,0.79695,0.797,0.60,1.60
2008.03.03 09:41:33.628,0.79688,0.79733,4.80,6.40
2008.03.03 09:41:33.722,0.79695,0.797,0.60,1.20
2008.03.03 09:41:34.026,0.797,0.7974,0.60,0.20
2008.03.03 09:41:34.066,0.79688,0.79733,0.30,4.00
2008.03.03 09:41:34.330,0.797,0.7974,0.80,0.20
2008.03.03 09:41:34.405,0.79687,0.79732,0.30,0.20
2008.03.03 09:41:34.588,0.7971,0.79745,0.50,4.10
2008.03.03 09:41:34.725,0.79686,0.79731,4.00,0.50
2008.03.03 09:41:34.809,0.797,0.79745,1.20,4.10
2008.03.03 09:41:35.035,0.79686,0.79731,0.30,0.20
2008.03.03 09:41:35.049,0.797,0.79745,1.20,4.10
2008.03.03 09:41:35.288,0.797,0.7974,1.00,0.20
2008.03.03 09:41:35.356,0.79687,0.79732,0.30,0.20
2008.03.03 09:41:35.465,0.79688,0.79733,2.40,0.20
2008.03.03 09:41:35.527,0.797,0.7974,0.60,0.20
2008.03.03 09:41:35.614,0.79687,0.79732,0.30,4.00
2008.03.03 09:41:35.826,0.797,0.79745,0.60,4.10
2008.03.03 09:41:35.935,0.79687,0.79732,2.80,0.70
2008.03.03 09:41:36.125,0.797,0.79745,0.30,4.10
2008.03.03 09:41:36.303,0.79687,0.79732,4.20,2.40
2008.03.03 09:41:36.426,0.797,0.79745,0.30,4.10
2008.03.03 09:41:36.602,0.79687,0.79732,9.60,4.70
2008.03.03 09:41:36.779,0.79705,0.7975,0.80,2.50
2008.03.03 09:41:36.925,0.79686,0.79731,0.30,0.20
2008.03.03 09:41:37.131,0.7972,0.79745,0.30,0.20
2008.03.03 09:41:37.254,0.79687,0.79732,2.40,2.40
2008.03.03 09:41:37.459,0.7972,0.79745,0.30,0.20
2008.03.03 09:41:37.487,0.79688,0.79733,0.30,0.20
2008.03.03 09:41:37.669,0.7972,0.79745,0.30,0.20
2008.03.03 09:41:37.813,0.79689,0.79734,2.40,2.40
2008.03.03 09:41:37.877,0.7972,0.79745,0.30,0.20
2008.03.03 09:41:38.132,0.7972,0.79745,0.30,0.20
2008.03.03 09:41:38.226,0.79688,0.79733,2.80,4.00
2008.03.03 09:41:38.473,0.7972,0.79745,0.30,0.20
2008.03.03 09:41:38.692,0.79689,0.79734,0.30,0.20
2008.03.03 09:41:38.786,0.7972,0.79745,0.30,0.20
2008.03.03 09:41:39.122,0.79688,0.79733,8.00,0.40
2008.03.03 09:41:39.210,0.7972,0.79745,0.30,0.20
2008.03.03 09:41:39.455,0.79688,0.79733,0.30,0.20
2008.03.03 09:41:39.550,0.7972,0.79745,0.30,0.20
2008.03.03 09:41:39.779,0.79688,0.79733,2.60,2.70
2008.03.03 09:41:39.874,0.7972,0.79745,0.30,0.20
2008.03.03 09:41:40.129,0.79687,0.79732,0.30,4.00
2008.03.03 09:41:40.220,0.7972,0.79745,0.30,0.20
2008.03.03 09:41:40.405,0.79686,0.79731,0.30,4.00
2008.03.03 09:41:40.556,0.7972,0.79745,0.30,0.20
2008.03.03 09:41:40.634,0.79687,0.79732,6.60,0.40
2008.03.03 09:41:40.863,0.79686,0.79731,3.40,0.20
2008.03.03 09:41:40.872,0.7972,0.79745,0.30,0.20
2008.03.03 09:41:41.093,0.79686,0.79731,0.30,0.20
2008.03.03 09:41:41.150,0.7972,0.79745,0.30,0.20
2008.03.03 09:41:41.428,0.7969,0.79725,4.10,2.70
2008.03.03 09:41:41.429,0.7972,0.79745,0.30,0.20
2008.03.03 09:41:41.745,0.7972,0.79745,0.30,0.20
2008.03.03 09:41:41.763,0.79697,0.79722,4.00,0.60
2008.03.03 09:41:42.078,0.7972,0.79745,0.30,0.20
2008.03.03 09:41:42.102,0.797,0.79725,3.20,0.20
2008.03.03 09:41:42.327,0.79702,0.79727,0.60,2.40
2008.03.03 09:41:42.413,0.7972,0.79745,0.30,0.20
2008.03.03 09:41:42.540,0.79702,0.79727,0.80,0.20
2008.03.03 09:41:42.749,0.7972,0.79745,0.30,0.20
2008.03.03 09:41:42.754,0.797,0.79725,0.30,4.00
2008.03.03 09:41:42.962,0.7972,0.79745,0.30,0.20
2008.03.03 09:41:42.972,0.79695,0.7972,0.30,0.20
2008.03.03 09:41:43.175,0.7972,0.79745,0.30,0.20
2008.03.03 09:41:43.389,0.7972,0.79745,0.30,0.20
2008.03.03 09:41:43.424,0.79689,0.79714,0.30,0.20
2008.03.03 09:41:43.603,0.7972,0.79745,0.30,0.20
2008.03.03 09:41:43.862,0.79687,0.79712,0.30,0.20
2008.03.03 09:41:43.941,0.7972,0.79745,0.30,0.20
2008.03.03 09:41:44.276,0.7972,0.79745,0.30,0.20
2008.03.03 09:41:44.297,0.7969,0.79715,0.30,4.00
2008.03.03 09:41:44.631,0.79691,0.79716,0.30,9.60
2008.03.03 09:41:44.688,0.7972,0.79745,0.30,0.20
2008.03.03 09:41:44.903,0.7972,0.79745,0.30,0.20
2008.03.03 09:41:44.951,0.79694,0.79719,0.30,0.40
2008.03.03 09:41:45.163,0.7972,0.79745,0.30,0.20
2008.03.03 09:41:45.294,0.79698,0.79723,0.30,4.00
2008.03.03 09:41:45.393,0.7972,0.79745,0.30,0.20
2008.03.03 09:41:45.623,0.79697,0.79722,0.30,0.20
2008.03.03 09:41:45.702,0.7972,0.79745,0.30,0.20
2008.03.03 09:41:45.947,0.79693,0.79718,0.80,0.20
2008.03.03 09:41:46.035,0.7972,0.79745,0.30,0.20
2008.03.03 09:41:46.278,0.79692,0.79717,0.30,0.20
2008.03.03 09:41:46.369,0.7972,0.79745,0.30,0.20
2008.03.03 09:41:46.617,0.7969,0.79715,2.40,2.40
2008.03.03 09:41:46.813,0.7972,0.79745,0.30,0.20
2008.03.03 09:41:46.927,0.79692,0.79717,0.30,0.20
2008.03.03 09:41:47.147,0.7972,0.79745,0.30,0.20
2008.03.03 09:41:47.272,0.79691,0.79716,0.30,4.00
2008.03.03 09:41:47.576,0.7972,0.79745,0.30,0.20
2008.03.03 09:41:47.606,0.7969,0.79715,0.30,4.00
2008.03.03 09:41:47.939,0.79692,0.79717,4.00,0.20
2008.03.03 09:41:48.011,0.7972,0.79745,0.30,0.20
2008.03.03 09:41:48.341,0.7972,0.79745,0.30,0.20
2008.03.03 09:41:48.367,0.79693,0.79718,0.30,0.10
2008.03.03 09:41:48.571,0.7971,0.7974,0.30,0.20
2008.03.03 09:41:48.800,0.7971,0.7974,0.30,0.20
2008.03.03 09:41:48.809,0.79694,0.79719,0.30,0.20
2008.03.03 09:41:49.090,0.79705,0.7973,0.50,0.20
2008.03.03 09:41:49.219,0.79694,0.79719,0.30,0.20
2008.03.03 09:41:49.379,0.79705,0.7973,0.50,0.20
2008.03.03 09:41:49.587,0.79693,0.79718,0.80,0.20
2008.03.03 09:41:49.668,0.7971,0.7973,0.10,0.20
2008.03.03 09:41:49.911,0.79691,0.79716,4.00,0.20
2008.03.03 09:41:49.977,0.7971,0.7973,0.50,0.20
2008.03.03 09:41:50.244,0.79693,0.79718,2.40,0.20
2008.03.03 09:41:50.318,0.7971,0.7973,0.50,0.20
2008.03.03 09:41:50.576,0.79697,0.79722,2.40,0.20
2008.03.03 09:41:50.597,0.79705,0.7973,0.20,0.20
2008.03.03 09:41:50.877,0.7971,0.7973,0.50,0.20
2008.03.03 09:41:50.898,0.79697,0.79722,0.30,9.60
2008.03.03 09:41:51.131,0.79705,0.7973,0.20,0.20
2008.03.03 09:41:51.220,0.79695,0.7972,2.40,0.20
2008.03.03 09:41:51.423,0.79705,0.7973,0.20,0.20
2008.03.03 09:41:51.568,0.79694,0.79719,0.80,0.20
2008.03.03 09:41:51.677,0.79705,0.7974,0.20,0.20
2008.03.03 09:41:51.895,0.79694,0.79719,0.30,0.40
2008.03.03 09:41:51.932,0.79705,0.79745,0.40,4.10
2008.03.03 09:41:52.211,0.79695,0.7972,6.60,0.20
2008.03.03 09:41:52.266,0.79705,0.79745,0.20,4.10
2008.03.03 09:41:52.443,0.79696,0.79721,2.40,0.20
2008.03.03 09:41:52.599,0.79705,0.7974,0.20,0.40
2008.03.03 09:41:52.759,0.79697,0.79722,0.30,0.20
2008.03.03 09:41:52.976,0.79705,0.7974,0.20,0.40
2008.03.03 09:41:53.090,0.79699,0.79724,0.80,0.20
2008.03.03 09:41:53.277,0.79705,0.7974,0.20,0.40
2008.03.03 09:41:53.432,0.797,0.79725,0.30,0.20
2008.03.03 09:41:53.527,0.79705,0.7974,0.20,0.40
2008.03.03 09:41:53.861,0.79705,0.7974,0.20,0.40
2008.03.03 09:41:53.863,0.79702,0.79727,2.40,2.40
2008.03.03 09:41:54.175,0.79705,0.7974,0.40,0.40
2008.03.03 09:41:54.308,0.79702,0.79727,2.80,2.50
2008.03.03 09:41:54.537,0.79705,0.7974,0.40,0.40
2008.03.03 09:41:54.636,0.79701,0.79726,0.30,0.20
2008.03.03 09:41:54.948,0.79705,0.7974,0.40,0.40
2008.03.03 09:41:54.966,0.79699,0.79724,0.30,2.50
2008.03.03 09:41:55.285,0.79698,0.79723,4.00,0.20
2008.03.03 09:41:55.551,0.79705,0.7974,0.40,0.20
2008.03.03 09:41:55.665,0.79697,0.79722,0.30,4.80
2008.03.03 09:41:55.790,0.79705,0.7974,0.20,0.20
2008.03.03 09:41:55.948,0.79695,0.7972,2.40,0.20
2008.03.03 09:41:56.164,0.79705,0.7974,0.20,0.20
2008.03.03 09:41:56.233,0.79695,0.7972,0.10,0.20
2008.03.03 09:41:56.476,0.79705,0.7974,0.20,0.20
2008.03.03 09:41:56.532,0.79695,0.7972,2.40,2.40
2008.03.03 09:41:56.766,0.79705,0.79735,0.20,4.00
2008.03.03 09:41:56.836,0.79697,0.79722,0.30,0.20
2008.03.03 09:41:57.053,0.79705,0.79735,0.20,4.00
2008.03.03 09:41:57.176,0.79699,0.79724,7.40,0.20
2008.03.03 09:41:57.387,0.79705,0.7973,0.20,0.20
2008.03.03 09:41:57.475,0.79703,0.79728,16.00,2.40
2008.03.03 09:41:57.715,0.79703,0.79728,0.50,0.20
2008.03.03 09:41:57.804,0.79705,0.7973,0.20,0.20
2008.03.03 09:41:58.050,0.79703,0.79728,0.30,0.20
2008.03.03 09:41:58.250,0.79705,0.7973,0.20,0.20
2008.03.03 09:41:58.366,0.79701,0.79726,0.30,0.40
2008.03.03 09:41:58.531,0.79705,0.7973,0.20,0.20
2008.03.03 09:41:58.793,0.79705,0.7973,0.20,0.20
2008.03.03 09:41:58.817,0.79698,0.79723,2.40,0.20
2008.03.03 09:41:59.025,0.79705,0.7973,0.20,0.20
2008.03.03 09:41:59.249,0.79695,0.79721,0.30,0.20
2008.03.03 09:41:59.355,0.79705,0.7973,0.20,0.20
2008.03.03 09:41:59.788,0.79705,0.7973,0.20,0.20
2008.03.03 09:42:00.023,0.79692,0.79718,0.30,0.20
2008.03.03 09:42:00.116,0.79705,0.7973,0.20,0.20
2008.03.03 09:42:00.324,0.79705,0.7973,0.20,0.20
2008.03.03 09:42:00.374,0.79694,0.79719,4.00,0.20
2008.03.03 09:42:00.556,0.79705,0.7973,0.20,0.20
2008.03.03 09:42:00.674,0.79694,0.79719,0.70,4.00
2008.03.03 09:42:00.795,0.79705,0.7973,0.20,0.20
2008.03.03 09:42:00.974,0.79688,0.79724,0.50,0.20
2008.03.03 09:42:00.998,0.79705,0.7973,0.20,0.20
2008.03.03 09:42:01.209,0.79688,0.79724,0.30,0.10
2008.03.03 09:42:01.220,0.79705,0.7973,0.20,0.20
2008.03.03 09:42:01.444,0.79688,0.79724,0.30,4.00
2008.03.03 09:42:01.664,0.79705,0.7973,0.20,0.20
2008.03.03 09:42:01.677,0.79695,0.7972,0.50,2.40
2008.03.03 09:42:02.016,0.79705,0.7973,0.20,0.20
2008.03.03 09:42:02.109,0.79694,0.79719,0.30,4.00
2008.03.03 09:42:02.428,0.79705,0.7973,0.20,0.20
2008.03.03 09:42:02.445,0.79694,0.79719,4.00,0.20
2008.03.03 09:42:02.874,0.79705,0.7973,0.20,0.20
2008.03.03 09:42:02.877,0.79692,0.79717,0.30,4.10
2008.03.03 09:42:03.114,0.79694,0.79719,2.40,2.40
2008.03.03 09:42:03.294,0.79705,0.7973,0.20,0.20
2008.03.03 09:42:03.335,0.79694,0.79719,6.40,0.20
2008.03.03 09:42:03.548,0.79693,0.79718,0.30,0.20
2008.03.03 09:42:03.632,0.79705,0.7973,0.20,0.20
2008.03.03 09:42:03.769,0.79692,0.79717,2.60,2.50
2008.03.03 09:42:03.969,0.79705,0.7973,0.20,0.20
2008.03.03 09:42:04.153,0.79692,0.79717,2.40,0.20
2008.03.03 09:42:04.300,0.79705,0.7973,0.20,0.20
2008.03.03 09:42:04.487,0.79692,0.79717,2.40,0.50
2008.03.03 09:42:04.734,0.79705,0.7973,0.20,0.20
2008.03.03 09:42:04.823,0.79692,0.79717,2.60,0.50
2008.03.03 09:42:05.075,0.79691,0.79716,0.30,0.20
2008.03.03 09:42:05.170,0.79705,0.7973,0.20,0.20
2008.03.03 09:42:05.330,0.79689,0.79719,0.50,2.40
2008.03.03 09:42:05.509,0.79705,0.7973,0.20,0.20
2008.03.03 09:42:05.601,0.79693,0.79718,0.30,4.00
2008.03.03 09:42:05.828,0.79705,0.7973,0.20,0.20
2008.03.03 09:42:05.855,0.79694,0.79719,0.30,2.40
2008.03.03 09:42:06.063,0.79705,0.7973,0.20,0.20
2008.03.03 09:42:06.193,0.79695,0.7972,2.40,2.40
2008.03.03 09:42:06.297,0.79705,0.7973,0.20,0.20
2008.03.03 09:42:06.509,0.79695,0.7972,0.30,4.00
2008.03.03 09:42:06.632,0.79705,0.7973,0.20,0.20
2008.03.03 09:42:06.839,0.79694,0.79719,2.60,2.50
2008.03.03 09:42:07.036,0.79705,0.7973,0.20,0.20
2008.03.03 09:42:07.230,0.79693,0.79718,4.00,0.20
2008.03.03 09:42:07.371,0.79705,0.7973,0.20,0.20
2008.03.03 09:42:07.513,0.79692,0.79717,0.30,0.20
2008.03.03 09:42:07.711,0.79705,0.7973,0.20,0.20
2008.03.03 09:42:07.839,0.7969,0.79715,0.60,0.40
2008.03.03 09:42:08.026,0.79705,0.7973,0.20,0.20
2008.03.03 09:42:08.166,0.79692,0.79717,4.00,0.30
2008.03.03 09:42:08.358,0.79705,0.7973,0.20,0.20
2008.03.03 09:42:08.408,0.79693,0.79718,4.00,0.20
2008.03.03 09:42:08.637,0.79692,0.79717,0.60,0.40
2008.03.03 09:42:08.683,0.79705,0.7973,0.20,0.20
2008.03.03 09:42:08.888,0.79694,0.79719,2.40,2.40
2008.03.03 09:42:09.023,0.79705,0.7973,0.20,0.20
2008.03.03 09:42:09.241,0.7969,0.7972,0.30,4.00
2008.03.03 09:42:09.354,0.79705,0.7973,0.20,0.20
2008.03.03 09:42:09.575,0.7969,0.7972,2.40,4.00
2008.03.03 09:42:09.685,0.79705,0.7973,0.20,0.20
2008.03.03 09:42:09.930,0.7969,0.7972,0.30,0.20
2008.03.03 09:42:10.003,0.79705,0.7973,0.20,0.20
2008.03.03 09:42:10.244,0.7969,0.7972,2.40,0.20
2008.03.03 09:42:10.341,0.79705,0.7973,0.20,0.20
2008.03.03 09:42:10.624,0.79692,0.79722,2.40,0.40
2008.03.03 09:42:10.684,0.79705,0.7973,0.20,0.20
2008.03.03 09:42:10.917,0.7969,0.7972,0.30,0.20
2008.03.03 09:42:11.010,0.79705,0.7973,0.20,0.20
2008.03.03 09:42:11.237,0.7969,0.7972,0.30,0.20
2008.03.03 09:42:11.327,0.79705,0.7973,0.20,0.20
2008.03.03 09:42:11.569,0.79691,0.79721,4.80,0.20
2008.03.03 09:42:11.784,0.79705,0.7973,0.20,0.20
2008.03.03 09:42:11.904,0.79692,0.79722,2.60,2.50
2008.03.03 09:42:12.215,0.79705,0.7973,0.20,0.20
2008.03.03 09:42:12.239,0.79691,0.79721,10.60,14.10
2008.03.03 09:42:12.558,0.7969,0.7972,0.30,4.00
2008.03.03 09:42:12.650,0.79705,0.7973,0.20,0.20
2008.03.03 09:42:12.877,0.79705,0.7973,0.20,0.20
2008.03.03 09:42:12.895,0.79691,0.79721,2.40,2.40
2008.03.03 09:42:13.203,0.79705,0.7973,0.20,0.20
2008.03.03 09:42:13.220,0.79692,0.79722,8.20,2.50
2008.03.03 09:42:13.430,0.79705,0.7973,0.20,0.20
2008.03.03 09:42:13.442,0.79691,0.79721,2.40,2.40
2008.03.03 09:42:13.667,0.79692,0.79722,2.60,8.10
2008.03.03 09:42:13.761,0.79705,0.7973,0.20,0.20
2008.03.03 09:42:13.887,0.7969,0.7972,0.30,0.20
2008.03.03 09:42:14.104,0.79705,0.7973,0.20,0.20
2008.03.03 09:42:14.306,0.7969,0.7972,0.50,0.20
2008.03.03 09:42:14.418,0.79705,0.7973,0.20,0.20
2008.03.03 09:42:14.734,0.79705,0.7973,0.20,0.20
2008.03.03 09:42:14.754,0.7969,0.7972,4.00,0.20
2008.03.03 09:42:15.100,0.7969,0.7972,0.30,0.20
2008.03.03 09:42:15.103,0.79705,0.7973,0.20,0.20
2008.03.03 09:42:15.395,0.79705,0.7973,0.20,0.20
2008.03.03 09:42:15.420,0.7969,0.7972,0.30,2.40
2008.03.03 09:42:15.731,0.79705,0.7973,0.20,0.20
2008.03.03 09:42:15.748,0.79691,0.79721,0.30,0.20
2008.03.03 09:42:16.062,0.7969,0.7972,0.30,0.20
2008.03.03 09:42:16.071,0.79705,0.7973,0.20,0.20
2008.03.03 09:42:16.383,0.79705,0.7973,0.20,0.20
2008.03.03 09:42:16.403,0.7969,0.7972,0.30,4.00
2008.03.03 09:42:16.718,0.79705,0.7973,0.20,0.20
2008.03.03 09:42:16.736,0.7969,0.7972,4.20,2.40
2008.03.03 09:42:17.070,0.79689,0.79719,0.10,0.20
2008.03.03 09:42:17.166,0.79705,0.7973,0.20,0.20
2008.03.03 09:42:17.420,0.7969,0.7972,0.30,4.00
2008.03.03 09:42:17.612,0.79705,0.7973,0.20,0.20
2008.03.03 09:42:17.822,0.7969,0.7972,0.20,0.80
2008.03.03 09:42:17.920,0.79705,0.7973,0.20,0.20
2008.03.03 09:42:18.142,0.79705,0.7973,0.20,0.20
2008.03.03 09:42:18.146,0.7969,0.7972,0.30,0.20
2008.03.03 09:42:18.381,0.7969,0.7972,0.30,0.20
2008.03.03 09:42:18.383,0.79705,0.7973,0.20,0.20
2008.03.03 09:42:18.616,0.79692,0.79717,0.30,0.20
2008.03.03 09:42:18.705,0.79705,0.7973,0.20,0.20
2008.03.03 09:42:18.943,0.79693,0.79718,0.30,4.00
2008.03.03 09:42:19.037,0.79705,0.7973,0.20,0.20
2008.03.03 09:42:19.215,0.79693,0.79718,10.40,0.80
2008.03.03 09:42:19.365,0.79705,0.7973,0.20,0.20
2008.03.03 09:42:19.549,0.79693,0.79718,0.30,0.20
2008.03.03 09:42:19.669,0.79705,0.7973,0.20,0.20
2008.03.03 09:42:19.883,0.79688,0.79724,4.00,0.20
2008.03.03 09:42:20.036,0.79705,0.7973,0.20,0.20
2008.03.03 09:42:20.218,0.79688,0.79724,0.30,4.10
2008.03.03 09:42:20.360,0.79705,0.7973,0.20,0.20
2008.03.03 09:42:20.486,0.79688,0.79724,4.00,0.40
2008.03.03 09:42:20.691,0.79705,0.7973,0.20,0.20
2008.03.03 09:42:20.803,0.79688,0.79724,0.40,2.40
2008.03.03 09:42:21.021,0.79705,0.7973,0.20,0.20
2008.03.03 09:42:21.155,0.79687,0.79723,0.30,2.40
2008.03.03 09:42:21.359,0.79705,0.7973,0.20,0.20
2008.03.03 09:42:21.472,0.79689,0.79719,2.60,4.00
2008.03.03 09:42:21.690,0.79705,0.7973,0.20,0.20
2008.03.03 09:42:21.806,0.79691,0.79716,4.00,0.20
2008.03.03 09:42:22.121,0.79705,0.7973,0.20,0.20
2008.03.03 09:42:22.196,0.7969,0.79715,0.30,0.20
2008.03.03 09:42:22.434,0.79692,0.79717,4.00,0.50
2008.03.03 09:42:22.568,0.79705,0.7973,0.20,0.20
2008.03.03 09:42:22.674,0.79694,0.79719,0.30,0.20
2008.03.03 09:42:22.884,0.79705,0.7973,0.20,0.20
2008.03.03 09:42:22.970,0.79694,0.79719,0.30,0.20
2008.03.03 09:42:23.209,0.7969,0.7972,8.00,4.90
2008.03.03 09:42:23.223,0.79705,0.7973,0.20,0.20
2008.03.03 09:42:23.545,0.7969,0.7972,0.30,0.20
2008.03.03 09:42:23.557,0.79705,0.7973,0.20,0.20
2008.03.03 09:42:23.879,0.7969,0.7972,0.30,0.20
2008.03.03 09:42:23.884,0.79705,0.7973,0.20,0.20
2008.03.03 09:42:24.202,0.79705,0.7973,0.20,0.20
2008.03.03 09:42:24.254,0.79689,0.79719,2.60,2.50
2008.03.03 09:42:24.540,0.79705,0.7973,0.20,0.20
2008.03.03 09:42:24.543,0.7969,0.7972,4.00,0.40
2008.03.03 09:42:24.866,0.79691,0.79721,0.30,0.08
2008.03.03 09:42:24.887,0.79705,0.7973,0.20,0.20
2008.03.03 09:42:25.155,0.79691,0.79721,6.60,6.40
2008.03.03 09:42:25.195,0.79705,0.7973,0.20,0.20
2008.03.03 09:42:25.444,0.7969,0.7972,0.80,4.00
2008.03.03 09:42:25.534,0.79705,0.7973,0.20,0.20
2008.03.03 09:42:25.679,0.79691,0.79721,0.30,4.00
2008.03.03 09:42:25.865,0.79705,0.7973,0.20,0.20
2008.03.03 09:42:25.913,0.79692,0.79722,0.90,0.40
2008.03.03 09:42:26.147,0.79688,0.79724,0.30,0.20
2008.03.03 09:42:26.199,0.79705,0.7973,0.20,0.20
2008.03.03 09:42:26.430,0.79688,0.79724,3.80,2.40
2008.03.03 09:42:26.517,0.79705,0.7973,0.20,0.20
2008.03.03 09:42:26.850,0.79688,0.79724,0.60,2.40
2008.03.03 09:42:26.857,0.79705,0.7973,0.20,0.20
2008.03.03 09:42:27.289,0.79688,0.79724,4.00,0.20
2008.03.03 09:42:27.292,0.79705,0.7973,0.20,0.20
2008.03.03 09:42:27.629,0.79688,0.79724,1.40,0.40
2008.03.03 09:42:27.727,0.79705,0.7973,0.20,0.20
2008.03.03 09:42:27.849,0.79688,0.79724,2.40,2.40
2008.03.03 09:42:28.061,0.79705,0.7973,0.20,0.20
2008.03.03 09:42:28.171,0.79688,0.79724,0.30,0.20
2008.03.03 09:42:28.385,0.79705,0.7973,0.20,0.20
2008.03.03 09:42:28.396,0.79688,0.79724,2.40,2.40
2008.03.03 09:42:28.619,0.79705,0.7973,0.20,0.20
2008.03.03 09:42:28.733,0.79688,0.79724,2.60,2.70
2008.03.03 09:42:28.940,0.79705,0.7973,0.20,0.20
2008.03.03 09:42:29.147,0.79688,0.79724,8.00,0.20
2008.03.03 09:42:29.269,0.79705,0.7973,0.20,0.20
2008.03.03 09:42:29.599,0.79688,0.79724,0.90,0.20
2008.03.03 09:42:29.607,0.79705,0.7973,0.20,0.20
2008.03.03 09:42:29.929,0.79705,0.7973,0.20,0.20
2008.03.03 09:42:30.042,0.79688,0.79724,0.30,0.40
2008.03.03 09:42:30.253,0.79705,0.7973,0.20,0.20
2008.03.03 09:42:30.389,0.79688,0.79724,0.60,0.20
2008.03.03 09:42:30.585,0.79705,0.7973,0.20,0.20
2008.03.03 09:42:30.588,0.79688,0.79724,0.30,2.40
2008.03.03 09:42:30.707,0.79688,0.79724,0.80,4.00
2008.03.03 09:42:30.917,0.79705,0.7973,0.20,0.20
2008.03.03 09:42:30.918,0.79688,0.79724,2.40,2.40
2008.03.03 09:42:31.035,0.79688,0.79724,0.30,0.20
2008.03.03 09:42:31.236,0.79705,0.7973,0.20,0.20
2008.03.03 09:42:31.258,0.79688,0.79724,0.60,0.20
2008.03.03 09:42:31.552,0.79688,0.79724,0.30,0.20
2008.03.03 09:42:31.576,0.79705,0.7973,0.20,0.20
2008.03.03 09:42:31.912,0.79705,0.7973,0.20,0.20
2008.03.03 09:42:32.352,0.79705,0.7973,0.20,0.20
2008.03.03 09:42:32.785,0.79705,0.7973,0.20,0.20
2008.03.03 09:42:33.011,0.79705,0.7973,0.20,0.20
2008.03.03 09:42:33.021,0.79688,0.79724,16.20,0.80
2008.03.03 09:42:33.227,0.79705,0.7973,0.20,0.20
2008.03.03 09:42:33.347,0.79688,0.79724,0.30,0.40
2008.03.03 09:42:33.456,0.79705,0.7973,0.20,0.20
2008.03.03 09:42:33.577,0.79688,0.79724,0.30,0.10
2008.03.03 09:42:33.674,0.79705,0.7973,0.20,0.20
2008.03.03 09:42:33.997,0.79705,0.7973,0.20,0.20
2008.03.03 09:42:33.998,0.79688,0.79724,0.30,0.20
2008.03.03 09:42:34.332,0.79705,0.7973,0.20,0.20
2008.03.03 09:42:34.445,0.79688,0.79724,0.30,0.40
2008.03.03 09:42:34.758,0.79705,0.7973,0.20,0.20
2008.03.03 09:42:34.772,0.79688,0.79724,1.60,9.60
2008.03.03 09:42:34.987,0.79705,0.7973,0.20,0.20
2008.03.03 09:42:35.095,0.79688,0.79724,0.70,0.20
2008.03.03 09:42:35.209,0.79705,0.7973,0.20,0.20
2008.03.03 09:42:35.417,0.79705,0.7973,0.20,0.20
2008.03.03 09:42:35.434,0.79688,0.79724,2.60,2.50
2008.03.03 09:42:35.647,0.79705,0.7973,0.20,0.20
2008.03.03 09:42:35.777,0.79688,0.79724,0.30,0.20
2008.03.03 09:42:35.851,0.79705,0.7973,0.20,0.20
2008.03.03 09:42:36.088,0.79688,0.79724,0.30,0.20
2008.03.03 09:42:36.185,0.79705,0.7973,0.20,0.20
2008.03.03 09:42:36.395,0.79688,0.79724,0.30,2.50
2008.03.03 09:42:36.518,0.79705,0.7973,0.20,0.20
2008.03.03 09:42:36.646,0.79688,0.79724,2.80,2.70
2008.03.03 09:42:36.852,0.79705,0.7973,0.20,0.20
2008.03.03 09:42:36.973,0.79688,0.79724,4.00,2.40
2008.03.03 09:42:37.283,0.79688,0.79724,4.00,0.20
2008.03.03 09:42:37.290,0.79705,0.7973,0.20,0.20
2008.03.03 09:42:37.592,0.79688,0.79724,0.30,0.20
2008.03.03 09:42:37.630,0.79705,0.7973,0.20,0.20
2008.03.03 09:42:37.807,0.79688,0.79724,0.30,0.20
2008.03.03 09:42:38.059,0.79688,0.79724,0.30,0.20
2008.03.03 09:42:38.069,0.79705,0.7973,0.20,0.20
2008.03.03 09:42:38.293,0.79688,0.79724,4.00,0.20
2008.03.03 09:42:38.295,0.79705,0.7973,0.20,0.20
2008.03.03 09:42:38.527,0.79688,0.79724,4.00,0.20
2008.03.03 09:42:38.605,0.79705,0.7973,0.20,0.20
2008.03.03 09:42:38.820,0.79705,0.7973,0.20,0.20
2008.03.03 09:42:38.869,0.79688,0.79724,2.40,2.40
2008.03.03 09:42:39.154,0.79705,0.7973,0.20,0.20
2008.03.03 09:42:39.203,0.79683,0.79729,0.30,0.20
2008.03.03 09:42:39.492,0.79705,0.7973,0.20,0.20
2008.03.03 09:42:39.538,0.79683,0.79729,0.30,4.00
2008.03.03 09:42:39.777,0.79678,0.79734,2.60,2.70
2008.03.03 09:42:39.825,0.79705,0.7973,0.20,0.20
2008.03.03 09:42:40.016,0.79681,0.79731,2.60,2.50
2008.03.03 09:42:40.059,0.79705,0.7973,0.20,0.20
2008.03.03 09:42:40.255,0.79681,0.79731,0.30,0.20
2008.03.03 09:42:40.373,0.79705,0.7973,0.20,0.20
2008.03.03 09:42:40.493,0.79683,0.79729,0.60,9.60
2008.03.03 09:42:40.698,0.79705,0.7973,0.20,0.20
2008.03.03 09:42:40.828,0.7969,0.79724,0.20,0.20
2008.03.03 09:42:40.926,0.79705,0.7973,0.20,0.20
2008.03.03 09:42:41.163,0.79694,0.79719,0.30,0.20
2008.03.03 09:42:41.370,0.79705,0.7973,0.20,0.20
2008.03.03 09:42:41.583,0.79692,0.79717,0.30,0.20
2008.03.03 09:42:41.795,0.79705,0.7973,0.20,0.20
2008.03.03 09:42:41.923,0.79694,0.79719,8.00,2.40
2008.03.03 09:42:42.130,0.797,0.7973,0.30,0.20
2008.03.03 09:42:42.183,0.79692,0.79717,0.30,0.50
2008.03.03 09:42:42.456,0.79691,0.79716,0.30,0.20
2008.03.03 09:42:42.464,0.797,0.7973,0.30,0.20
2008.03.03 09:42:42.895,0.797,0.7973,0.30,0.20
2008.03.03 09:42:42.926,0.7969,0.79715,0.50,0.20
2008.03.03 09:42:43.136,0.797,0.7973,0.30,0.20
2008.03.03 09:42:43.362,0.79691,0.79716,0.30,4.00
2008.03.03 09:42:43.363,0.797,0.7973,0.30,0.20
2008.03.03 09:42:43.672,0.797,0.7973,0.30,0.20
2008.03.03 09:42:43.795,0.79692,0.79717,0.30,0.20
2008.03.03 09:42:43.882,0.79694,0.79719,0.30,0.20
2008.03.03 09:42:43.901,0.797,0.7973,0.30,0.20
2008.03.03 09:42:44.033,0.79692,0.79717,0.60,0.40
2008.03.03 09:42:44.102,0.79692,0.79717,0.30,0.20
2008.03.03 09:42:44.235,0.79692,0.79717,0.30,0.20
2008.03.03 09:42:44.338,0.797,0.7973,0.30,0.20
2008.03.03 09:42:44.353,0.79692,0.79717,2.80,0.70
2008.03.03 09:42:44.447,0.79693,0.79718,0.30,0.20
2008.03.03 09:42:44.577,0.79694,0.79719,0.30,0.20
2008.03.03 09:42:44.681,0.79693,0.79718,0.80,4.00
2008.03.03 09:42:44.748,0.79692,0.79717,4.20,2.40
2008.03.03 09:42:44.783,0.797,0.7973,0.30,0.20
2008.03.03 09:42:44.819,0.79692,0.79717,0.30,0.20
2008.03.03 09:42:45.205,0.797,0.7973,0.30,0.20
2008.03.03 09:42:45.550,0.797,0.7973,0.30,0.20
2008.03.03 09:42:45.870,0.797,0.7973,0.30,0.20
2008.03.03 09:42:46.198,0.797,0.7973,0.30,0.20
2008.03.03 09:42:46.524,0.797,0.7973,0.30,0.20
2008.03.03 09:42:46.754,0.7969,0.79715,0.30,0.20
2008.03.03 09:42:46.865,0.797,0.7973,0.30,0.20
2008.03.03 09:42:47.083,0.79692,0.79717,0.30,4.00
2008.03.03 09:42:47.160,0.797,0.7973,0.30,0.20
2008.03.03 09:42:47.416,0.79693,0.79718,0.50,0.20
2008.03.03 09:42:47.494,0.797,0.7973,0.30,0.20
2008.03.03 09:42:47.747,0.79694,0.79719,0.50,2.40
2008.03.03 09:42:47.861,0.797,0.7973,0.30,0.20
2008.03.03 09:42:48.163,0.79694,0.79719,0.30,0.20
2008.03.03 09:42:48.304,0.797,0.7973,0.30,0.20
2008.03.03 09:42:48.515,0.79695,0.7972,0.30,0.20
2008.03.03 09:42:48.533,0.797,0.7973,0.30,0.20
2008.03.03 09:42:48.761,0.7971,0.7973,0.20,0.20
2008.03.03 09:42:48.846,0.79694,0.79719,0.30,6.40
2008.03.03 09:42:49.067,0.7971,0.7973,0.20,0.20
2008.03.03 09:42:49.075,0.79694,0.79719,0.30,0.20
2008.03.03 09:42:49.411,0.7971,0.7973,0.20,0.20
2008.03.03 09:42:49.508,0.79694,0.79719,4.00,0.40
2008.03.03 09:42:49.731,0.7971,0.7973,0.20,0.20
2008.03.03 09:42:49.849,0.79692,0.79717,0.10,0.20
2008.03.03 09:42:50.051,0.7971,0.7973,0.20,0.20
2008.03.03 09:42:50.283,0.7969,0.79715,8.00,0.20
2008.03.03 09:42:50.388,0.7971,0.7973,0.20,0.20
2008.03.03 09:42:50.619,0.7969,0.79715,4.80,0.20
2008.03.03 09:42:50.707,0.7971,0.7973,0.20,0.20
2008.03.03 09:42:50.953,0.7969,0.79715,0.60,0.20
2008.03.03 09:42:51.048,0.7971,0.7973,0.20,0.20
2008.03.03 09:42:51.324,0.79692,0.79717,0.30,0.20
2008.03.03 09:42:51.370,0.7971,0.7973,0.20,0.20
2008.03.03 09:42:51.608,0.79692,0.79717,0.30,0.20
2008.03.03 09:42:51.696,0.7971,0.7973,0.20,0.20
2008.03.03 09:42:51.917,0.79692,0.79717,0.10,0.20
2008.03.03 09:42:52.022,0.7971,0.7973,0.20,0.20
2008.03.03 09:42:52.252,0.79693,0.79718,0.30,0.20
2008.03.03 09:42:52.361,0.7971,0.7973,0.20,0.20
2008.03.03 09:42:52.593,0.79692,0.79717,0.30,0.20
2008.03.03 09:42:52.792,0.7971,0.7973,0.20,0.20
2008.03.03 09:42:52.925,0.79694,0.79719,2.40,1.60
2008.03.03 09:42:53.255,0.79695,0.7972,0.30,0.20
2008.03.03 09:42:53.261,0.7971,0.7973,0.20,0.20
2008.03.03 09:42:53.569,0.7971,0.7973,0.20,0.20
2008.03.03 09:42:53.583,0.79694,0.79719,0.30,0.20
2008.03.03 09:42:53.800,0.7971,0.7973,0.20,0.20
2008.03.03 09:42:53.909,0.79693,0.79718,0.10,0.20
2008.03.03 09:42:54.125,0.7971,0.7973,0.20,0.20
2008.03.03 09:42:54.236,0.79693,0.79718,4.00,0.20
2008.03.03 09:42:54.463,0.7971,0.7973,0.20,0.20
2008.03.03 09:42:54.571,0.79692,0.79717,2.40,2.40
2008.03.03 09:42:54.793,0.7971,0.7973,0.20,0.20
2008.03.03 09:42:55.006,0.79691,0.79716,0.60,0.20
2008.03.03 09:42:55.108,0.7971,0.7973,0.20,0.20
2008.03.03 09:42:55.385,0.79692,0.79717,2.40,2.40
2008.03.03 09:42:55.434,0.7971,0.7973,0.20,0.20
2008.03.03 09:42:55.629,0.79692,0.79717,0.60,4.00
2008.03.03 09:42:55.784,0.7971,0.7973,0.20,0.20
2008.03.03 09:42:55.873,0.79694,0.79719,2.60,0.50
2008.03.03 09:42:56.106,0.7971,0.7973,0.20,0.20
2008.03.03 09:42:56.117,0.79695,0.7972,2.40,0.20
2008.03.03 09:42:56.439,0.7971,0.7973,0.20,0.20
2008.03.03 09:42:56.446,0.79695,0.7972,4.00,0.20
2008.03.03 09:42:56.760,0.7971,0.7973,0.20,0.20
2008.03.03 09:42:56.775,0.79691,0.79721,0.30,0.20
2008.03.03 09:42:57.104,0.79691,0.79721,0.30,0.20
2008.03.03 09:42:57.127,0.7971,0.7973,0.20,0.20
2008.03.03 09:42:57.433,0.79692,0.79717,4.00,0.40
2008.03.03 09:42:57.434,0.7971,0.7973,0.20,0.20
2008.03.03 09:42:57.707,0.79693,0.79718,2.60,2.40
2008.03.03 09:42:57.768,0.7971,0.7973,0.20,0.20
2008.03.03 09:42:57.941,0.79693,0.79718,2.40,0.30
2008.03.03 09:42:58.123,0.7971,0.7973,0.20,0.20
2008.03.03 09:42:58.177,0.79694,0.79719,0.30,0.20
2008.03.03 09:42:58.410,0.79694,0.79719,0.30,0.20
2008.03.03 09:42:58.522,0.7971,0.7973,0.20,0.20
2008.03.03 09:42:58.744,0.79693,0.79718,0.30,0.20
2008.03.03 09:42:58.757,0.7971,0.7973,0.20,0.20
2008.03.03 09:42:59.079,0.79694,0.79719,0.30,0.20
2008.03.03 09:42:59.092,0.7971,0.7973,0.20,0.20
2008.03.03 09:42:59.414,0.79695,0.7972,0.10,0.20
2008.03.03 09:42:59.432,0.7971,0.7973,0.20,0.20
2008.03.03 09:42:59.740,0.79695,0.79721,0.30,0.20
2008.03.03 09:42:59.846,0.7971,0.7973,0.20,0.20
2008.03.03 09:43:00.179,0.7971,0.7973,0.20,0.20
2008.03.03 09:43:00.488,0.7971,0.7973,0.20,0.20
2008.03.03 09:43:00.707,0.79691,0.79717,0.30,0.20
2008.03.03 09:43:00.747,0.7971,0.7973,0.20,0.20
2008.03.03 09:43:01.005,0.7971,0.7973,0.20,0.20
2008.03.03 09:43:01.052,0.79685,0.7971,0.30,2.50
2008.03.03 09:43:01.264,0.7971,0.7973,0.20,0.20
2008.03.03 09:43:01.356,0.79681,0.79706,0.30,0.20
2008.03.03 09:43:01.591,0.79678,0.79703,0.20,0.20
2008.03.03 09:43:01.602,0.7971,0.7973,0.20,0.20
2008.03.03 09:43:01.932,0.79678,0.79703,0.30,0.80
2008.03.03 09:43:01.940,0.7971,0.7973,0.20,0.20
2008.03.03 09:43:02.337,0.79677,0.79702,2.40,2.40
2008.03.03 09:43:02.386,0.7971,0.7973,0.20,0.20
2008.03.03 09:43:02.671,0.79677,0.79702,0.50,0.20
2008.03.03 09:43:02.707,0.7971,0.7973,0.20,0.20
2008.03.03 09:43:03.007,0.79675,0.797,0.30,0.20
2008.03.03 09:43:03.048,0.7971,0.7973,0.20,0.20
2008.03.03 09:43:03.241,0.79673,0.79698,2.40,2.40
2008.03.03 09:43:03.372,0.7971,0.7973,0.20,0.20
2008.03.03 09:43:03.581,0.79675,0.797,0.30,0.20
2008.03.03 09:43:03.693,0.7971,0.7973,0.20,0.20
2008.03.03 09:43:03.903,0.79677,0.79702,0.30,0.20
2008.03.03 09:43:04.018,0.7971,0.7973,0.20,0.20
2008.03.03 09:43:04.332,0.79677,0.79702,4.00,0.20
2008.03.03 09:43:04.351,0.7971,0.7973,0.20,0.20
2008.03.03 09:43:04.678,0.79678,0.79703,0.60,4.00
2008.03.03 09:43:04.683,0.7971,0.7973,0.20,0.20
2008.03.03 09:43:05.011,0.7971,0.7973,0.20,0.20
2008.03.03 09:43:05.101,0.79678,0.79703,4.00,0.20
2008.03.03 09:43:05.359,0.7971,0.7973,0.20,0.20
2008.03.03 09:43:05.442,0.79677,0.79702,0.60,8.00
2008.03.03 09:43:05.675,0.7971,0.7973,0.20,0.20
2008.03.03 09:43:05.764,0.79676,0.79701,0.30,0.20
2008.03.03 09:43:06.017,0.7971,0.7973,0.20,0.20
2008.03.03 09:43:06.101,0.79675,0.797,0.30,2.50
2008.03.03 09:43:06.334,0.7971,0.7973,0.20,0.20
2008.03.03 09:43:06.404,0.79673,0.79698,0.30,0.20
2008.03.03 09:43:06.754,0.79672,0.79697,2.40,2.40
2008.03.03 09:43:06.783,0.7971,0.7973,0.20,0.20
2008.03.03 09:43:07.087,0.79671,0.79696,1.80,2.50
2008.03.03 09:43:07.224,0.7971,0.7973,0.20,0.20
2008.03.03 09:43:07.517,0.79671,0.79696,4.00,0.20
2008.03.03 09:43:07.650,0.7971,0.7973,0.20,0.20
2008.03.03 09:43:07.886,0.7971,0.7973,0.20,0.20
2008.03.03 09:43:07.887,0.79672,0.79697,0.30,0.40
2008.03.03 09:43:08.203,0.7971,0.7973,0.20,0.20
2008.03.03 09:43:08.223,0.79669,0.79699,0.30,0.20
2008.03.03 09:43:08.539,0.7971,0.7973,0.20,0.20
2008.03.03 09:43:08.876,0.7971,0.7973,0.20,0.20
2008.03.03 09:43:09.199,0.7971,0.7973,0.20,0.20
2008.03.03 09:43:09.238,0.79668,0.79698,2.40,0.40
2008.03.03 09:43:09.321,0.79666,0.79701,4.00,0.20
2008.03.03 09:43:09.520,0.7971,0.7973,0.20,0.20
2008.03.03 09:43:09.850,0.7971,0.7973,0.20,0.20
2008.03.03 09:43:10.188,0.7971,0.7973,0.20,0.20
2008.03.03 09:43:10.528,0.7971,0.7973,0.20,0.20
2008.03.03 09:43:10.850,0.7971,0.7973,0.20,0.20
2008.03.03 09:43:11.059,0.79671,0.79701,0.60,2.40
2008.03.03 09:43:11.176,0.7971,0.7973,0.20,0.20
2008.03.03 09:43:11.388,0.79673,0.79703,0.30,2.40
2008.03.03 09:43:11.502,0.7971,0.7973,0.20,0.20
2008.03.03 09:43:11.719,0.79674,0.79704,2.40,2.40
2008.03.03 09:43:11.948,0.7971,0.7973,0.20,0.20
2008.03.03 09:43:12.134,0.79674,0.79704,2.40,0.20
2008.03.03 09:43:12.387,0.7971,0.7973,0.20,0.20
2008.03.03 09:43:12.481,0.79675,0.79705,0.60,4.00
2008.03.03 09:43:12.609,0.7971,0.7973,0.20,0.20
2008.03.03 09:43:12.909,0.79675,0.79705,0.30,1.90
2008.03.03 09:43:12.936,0.7971,0.7973,0.20,0.20
2008.03.03 09:43:13.132,0.79672,0.79702,9.60,0.20
2008.03.03 09:43:13.149,0.7971,0.7973,0.20,0.20
2008.03.03 09:43:13.358,0.79668,0.79698,0.30,0.20
2008.03.03 09:43:13.360,0.7971,0.7972,0.20,0.20
2008.03.03 09:43:13.681,0.79664,0.79694,4.00,0.40
2008.03.03 09:43:13.682,0.7971,0.7972,0.20,0.20
2008.03.03 09:43:13.911,0.79662,0.79692,0.30,4.00
2008.03.03 09:43:14.001,0.7971,0.7973,0.20,0.20
2008.03.03 09:43:14.321,0.7968,0.79695,0.60,0.60
2008.03.03 09:43:14.344,0.79661,0.79691,0.30,0.80
2008.03.03 09:43:14.641,0.7968,0.79695,0.30,0.60
2008.03.03 09:43:14.778,0.79663,0.79693,0.30,0.20
2008.03.03 09:43:14.884,0.7968,0.79695,0.30,0.60
2008.03.03 09:43:15.114,0.79664,0.79694,0.30,0.20
2008.03.03 09:43:15.138,0.7968,0.79695,0.30,0.60
2008.03.03 09:43:15.454,0.79667,0.79697,3.60,0.70
2008.03.03 09:43:15.467,0.7968,0.79695,0.30,0.60
2008.03.03 09:43:15.745,0.7968,0.79695,0.30,0.60
2008.03.03 09:43:15.775,0.79671,0.79701,2.40,2.40
2008.03.03 09:43:16.102,0.79675,0.79705,8.00,2.40
2008.03.03 09:43:16.117,0.7968,0.79695,0.30,0.60
2008.03.03 09:43:16.396,0.79675,0.79695,3.40,0.60
2008.03.03 09:43:16.439,0.79675,0.79705,2.40,0.50
2008.03.03 09:43:16.675,0.79675,0.79695,1.00,0.60
2008.03.03 09:43:16.760,0.79676,0.79706,0.30,0.20
2008.03.03 09:43:17.009,0.7968,0.79695,0.30,0.60
2008.03.03 09:43:17.109,0.79675,0.79705,0.30,2.50
2008.03.03 09:43:17.343,0.7968,0.79695,0.30,0.60
2008.03.03 09:43:17.433,0.79671,0.79706,2.40,2.40
2008.03.03 09:43:17.766,0.7967,0.79705,8.00,2.40
2008.03.03 09:43:17.772,0.7968,0.79695,0.30,0.60
2008.03.03 09:43:17.998,0.7968,0.79695,0.30,0.60
2008.03.03 09:43:18.090,0.79672,0.79707,0.30,0.20
2008.03.03 09:43:18.216,0.7968,0.79695,0.30,0.60
2008.03.03 09:43:18.305,0.79678,0.79703,4.20,2.50
2008.03.03 09:43:18.446,0.7968,0.79695,0.30,0.60
2008.03.03 09:43:18.519,0.79681,0.79706,2.40,2.40
2008.03.03 09:43:18.747,0.79682,0.79707,0.50,0.40
2008.03.03 09:43:18.897,0.7968,0.79695,0.30,0.60
2008.03.03 09:43:18.973,0.79681,0.79706,4.80,4.00
2008.03.03 09:43:19.190,0.79678,0.79703,0.30,0.20
2008.03.03 09:43:19.318,0.7968,0.79695,0.30,0.60
2008.03.03 09:43:19.612,0.79674,0.79699,0.30,0.20
2008.03.03 09:43:19.754,0.7968,0.79695,0.30,0.60
2008.03.03 09:43:19.984,0.7968,0.79695,0.30,0.60
2008.03.03 09:43:20.070,0.79674,0.79699,0.30,1.60
2008.03.03 09:43:20.322,0.7968,0.79695,0.30,0.60
2008.03.03 09:43:20.392,0.79676,0.79701,4.80,0.20
2008.03.03 09:43:20.662,0.7968,0.79695,0.30,0.60
2008.03.03 09:43:20.727,0.79678,0.79703,11.20,0.20
2008.03.03 09:43:21.063,0.7968,0.79705,0.30,0.40
2008.03.03 09:43:21.079,0.7968,0.79695,0.30,0.60
2008.03.03 09:43:21.385,0.79677,0.79702,0.30,0.20
2008.03.03 09:43:21.401,0.7968,0.79695,0.30,0.60
2008.03.03 09:43:21.713,0.79675,0.797,4.00,0.20
2008.03.03 09:43:21.743,0.7968,0.79695,0.30,0.60
2008.03.03 09:43:22.046,0.79673,0.79698,0.30,0.20
2008.03.03 09:43:22.179,0.7968,0.79695,0.30,0.60
2008.03.03 09:43:22.375,0.79672,0.79697,1.00,0.20
2008.03.03 09:43:22.614,0.7968,0.79695,0.30,0.60
2008.03.03 09:43:22.709,0.79672,0.79697,0.30,0.20
2008.03.03 09:43:22.949,0.7968,0.79695,0.30,0.60
2008.03.03 09:43:23.030,0.79672,0.79697,6.40,0.20
2008.03.03 09:43:23.281,0.7968,0.79695,0.30,0.60
2008.03.03 09:43:23.358,0.79673,0.79698,4.00,0.40
2008.03.03 09:43:23.614,0.7968,0.79695,0.30,0.60
2008.03.03 09:43:23.689,0.79675,0.797,0.30,4.00
2008.03.03 09:43:23.935,0.7968,0.79695,0.30,0.60
2008.03.03 09:43:24.023,0.79677,0.79702,0.60,0.40
2008.03.03 09:43:24.385,0.7968,0.79695,0.30,0.60
2008.03.03 09:43:24.418,0.79675,0.797,2.40,2.40
2008.03.03 09:43:24.796,0.79672,0.79697,4.00,0.90
2008.03.03 09:43:25.032,0.79675,0.79695,3.40,0.60
2008.03.03 09:43:25.199,0.79667,0.79692,0.60,0.20
2008.03.03 09:43:25.270,0.79675,0.79695,1.00,0.60
2008.03.03 09:43:25.523,0.79675,0.79695,1.00,0.60
2008.03.03 09:43:25.574,0.79664,0.79689,2.40,2.40
2008.03.03 09:43:25.774,0.7968,0.79695,0.30,0.60
2008.03.03 09:43:26.000,0.79665,0.7969,0.30,0.20
2008.03.03 09:43:26.090,0.7968,0.79695,0.30,0.60
2008.03.03 09:43:26.329,0.79666,0.79691,0.30,4.00
2008.03.03 09:43:26.468,0.7968,0.79695,0.30,0.60
2008.03.03 09:43:26.664,0.7967,0.79695,2.80,0.50
2008.03.03 09:43:26.803,0.7968,0.79695,0.30,0.60
2008.03.03 09:43:26.985,0.79671,0.79696,0.30,0.20
2008.03.03 09:43:27.236,0.7968,0.79695,0.30,0.60
2008.03.03 09:43:27.315,0.79672,0.79697,0.60,5.70
2008.03.03 09:43:27.570,0.7968,0.79695,0.30,0.60
2008.03.03 09:43:27.665,0.7967,0.79695,2.80,2.50
2008.03.03 09:43:27.907,0.7968,0.79695,0.30,0.60
2008.03.03 09:43:28.098,0.79666,0.79691,4.00,4.00
2008.03.03 09:43:28.126,0.7968,0.79695,0.30,0.60
2008.03.03 09:43:28.340,0.7968,0.79695,0.30,0.60
2008.03.03 09:43:28.424,0.79663,0.79688,4.00,0.20
2008.03.03 09:43:28.557,0.7968,0.79695,0.30,0.60
2008.03.03 09:43:28.752,0.79662,0.79687,0.30,4.00
2008.03.03 09:43:28.781,0.7968,0.79695,0.30,0.60
2008.03.03 09:43:28.984,0.7968,0.79695,1.00,0.60
2008.03.03 09:43:29.089,0.79662,0.79687,0.30,0.20
2008.03.03 09:43:29.317,0.79685,0.79695,0.80,0.60
2008.03.03 09:43:29.514,0.79663,0.79688,0.30,0.20
2008.03.03 09:43:29.762,0.79685,0.79695,0.80,0.60
2008.03.03 09:43:29.954,0.79664,0.79689,0.30,2.40
2008.03.03 09:43:30.097,0.79675,0.79695,0.80,0.60
2008.03.03 09:43:30.326,0.79675,0.79695,0.80,0.60
2008.03.03 09:43:30.402,0.79666,0.79691,0.30,0.20
2008.03.03 09:43:30.645,0.79675,0.79695,0.80,0.60
2008.03.03 09:43:30.737,0.79668,0.79693,4.00,2.40
2008.03.03 09:43:30.874,0.7968,0.79695,0.30,0.60
2008.03.03 09:43:31.064,0.79669,0.79694,0.30,0.20
2008.03.03 09:43:31.182,0.7968,0.79695,0.30,0.60
2008.03.03 09:43:31.394,0.7967,0.79695,0.30,4.00
2008.03.03 09:43:31.522,0.7968,0.79695,0.30,0.60
2008.03.03 09:43:31.727,0.79667,0.79692,0.60,8.00
2008.03.03 09:43:31.841,0.7968,0.79695,0.30,0.60
2008.03.03 09:43:32.057,0.79667,0.79692,0.30,0.90
2008.03.03 09:43:32.173,0.7968,0.79695,0.30,0.60
2008.03.03 09:43:32.379,0.79667,0.79692,0.30,0.40
2008.03.03 09:43:32.511,0.7968,0.79695,0.30,0.60
2008.03.03 09:43:32.721,0.79669,0.79694,0.30,0.20
2008.03.03 09:43:32.950,0.7968,0.79695,0.30,0.60
2008.03.03 09:43:33.039,0.79672,0.79697,0.30,0.20
2008.03.03 09:43:33.309,0.7968,0.79695,0.30,0.60
2008.03.03 09:43:33.369,0.79675,0.797,0.30,2.40
2008.03.03 09:43:33.621,0.7968,0.79695,0.30,0.60
2008.03.03 09:43:33.694,0.79677,0.79702,4.00,0.60
2008.03.03 09:43:33.938,0.7968,0.79695,0.30,0.60
2008.03.03 09:43:34.036,0.79677,0.79702,2.40,0.40
2008.03.03 09:43:34.266,0.7968,0.79695,0.30,0.60
2008.03.03 09:43:34.366,0.79677,0.79702,0.30,10.50
2008.03.03 09:43:34.596,0.7968,0.79695,0.30,0.60
2008.03.03 09:43:34.796,0.79678,0.79703,1.80,4.00
2008.03.03 09:43:34.922,0.7968,0.79695,0.30,0.60
2008.03.03 09:43:35.242,0.79682,0.79707,0.30,0.40
2008.03.03 09:43:35.263,0.7968,0.79695,0.30,0.60
2008.03.03 09:43:35.574,0.79682,0.79707,0.30,2.70
2008.03.03 09:43:35.588,0.7968,0.79695,0.30,0.60
2008.03.03 09:43:35.926,0.7968,0.79695,0.30,0.60
2008.03.03 09:43:35.931,0.79682,0.79707,0.30,0.20
2008.03.03 09:43:36.213,0.7968,0.79695,0.30,0.60
2008.03.03 09:43:36.234,0.79678,0.79703,0.30,4.00
2008.03.03 09:43:36.576,0.79674,0.79699,0.30,0.20
2008.03.03 09:43:36.600,0.7968,0.79695,0.30,0.60
2008.03.03 09:43:36.816,0.7967,0.79695,0.30,0.10
2008.03.03 09:43:36.901,0.7968,0.79695,0.30,0.60
2008.03.03 09:43:37.054,0.7967,0.79695,0.30,0.20
2008.03.03 09:43:37.251,0.7968,0.79695,0.30,0.60
2008.03.03 09:43:37.294,0.79668,0.79698,0.70,4.00
2008.03.03 09:43:37.588,0.7967,0.797,0.30,0.20
2008.03.03 09:43:37.685,0.7968,0.79695,0.30,0.60
2008.03.03 09:43:37.883,0.7967,0.79705,0.30,0.20
2008.03.03 09:43:38.120,0.7968,0.79695,0.30,0.60
2008.03.03 09:43:38.214,0.79673,0.79708,0.30,0.20
2008.03.03 09:43:38.345,0.79675,0.797,0.80,0.20
2008.03.03 09:43:38.544,0.79673,0.79708,0.60,2.40
2008.03.03 09:43:38.581,0.7967,0.79695,1.00,0.60
2008.03.03 09:43:38.821,0.7967,0.79695,1.00,0.60
2008.03.03 09:43:38.867,0.79673,0.79708,0.30,4.00
2008.03.03 09:43:39.029,0.7967,0.797,2.00,0.20
2008.03.03 09:43:39.195,0.79672,0.79707,4.00,0.40
2008.03.03 09:43:39.348,0.79675,0.797,0.80,0.20
2008.03.03 09:43:39.638,0.7967,0.79705,0.50,4.00
2008.03.03 09:43:39.667,0.7968,0.7971,0.30,0.20
2008.03.03 09:43:40.074,0.7968,0.7971,0.30,0.20
2008.03.03 09:43:40.085,0.79668,0.79703,4.00,0.20
2008.03.03 09:43:40.333,0.7968,0.7971,0.30,0.20
2008.03.03 09:43:40.404,0.79668,0.79703,0.30,0.20
2008.03.03 09:43:40.650,0.7968,0.7971,0.30,0.20
2008.03.03 09:43:40.742,0.79667,0.79702,0.20,4.00
2008.03.03 09:43:40.990,0.7968,0.7971,0.30,0.20
2008.03.03 09:43:41.079,0.79665,0.797,6.40,0.20
2008.03.03 09:43:41.319,0.7968,0.7971,0.30,0.20
2008.03.03 09:43:41.404,0.79667,0.79702,0.30,0.20
2008.03.03 09:43:41.632,0.7968,0.7971,0.30,0.20
2008.03.03 09:43:41.736,0.79668,0.79703,0.30,4.00
2008.03.03 09:43:41.966,0.7968,0.7971,0.30,0.20
2008.03.03 09:43:42.062,0.79669,0.79704,0.70,4.00
2008.03.03 09:43:42.297,0.7968,0.7971,0.30,0.20
2008.03.03 09:43:42.389,0.79667,0.79702,0.30,0.20
2008.03.03 09:43:42.635,0.7968,0.7971,0.30,0.20
2008.03.03 09:43:42.710,0.79664,0.79699,0.30,0.40
2008.03.03 09:43:42.988,0.79675,0.797,0.80,0.20
2008.03.03 09:43:43.035,0.79663,0.79698,8.00,0.20
2008.03.03 09:43:43.305,0.7967,0.797,1.00,0.20
2008.03.03 09:43:43.358,0.79665,0.797,0.60,4.00
2008.03.03 09:43:43.534,0.7967,0.797,2.00,0.20
2008.03.03 09:43:43.710,0.79667,0.79702,0.30,0.20
2008.03.03 09:43:43.763,0.79675,0.797,0.80,0.20
2008.03.03 09:43:44.010,0.79675,0.797,0.80,0.20
2008.03.03 09:43:44.042,0.79668,0.79703,2.40,2.40
2008.03.03 09:43:44.238,0.7967,0.797,0.30,0.20
2008.03.03 09:43:44.362,0.79672,0.79707,0.30,0.20
2008.03.03 09:43:44.572,0.7967,0.797,0.30,0.20
2008.03.03 09:43:44.802,0.79675,0.7971,0.30,0.20
2008.03.03 09:43:44.905,0.7967,0.797,0.30,0.20
2008.03.03 09:43:45.245,0.79677,0.79712,9.80,4.10
2008.03.03 09:43:45.248,0.7967,0.797,0.30,0.20
2008.03.03 09:43:45.502,0.7967,0.797,0.30,0.20
2008.03.03 09:43:45.580,0.79677,0.79712,0.30,0.20
2008.03.03 09:43:45.819,0.7967,0.797,0.30,0.20
2008.03.03 09:43:45.917,0.79675,0.7971,1.80,0.20
2008.03.03 09:43:46.069,0.7967,0.797,0.30,0.20
2008.03.03 09:43:46.236,0.79672,0.79707,0.30,0.20
2008.03.03 09:43:46.378,0.7967,0.797,0.30,0.20
2008.03.03 09:43:46.570,0.7967,0.79705,0.30,0.20
2008.03.03 09:43:46.705,0.7967,0.797,0.30,0.20
2008.03.03 09:43:46.900,0.79668,0.79703,2.40,2.40
2008.03.03 09:43:47.025,0.7967,0.797,0.30,0.20
2008.03.03 09:43:47.226,0.79667,0.79702,4.00,0.20
2008.03.03 09:43:47.355,0.7967,0.797,0.30,0.20
2008.03.03 09:43:47.539,0.79667,0.79702,6.40,0.20
2008.03.03 09:43:47.798,0.7967,0.797,0.30,0.20
2008.03.03 09:43:47.874,0.79668,0.79703,0.30,0.20
2008.03.03 09:43:48.198,0.79669,0.79704,13.60,0.20
2008.03.03 09:43:48.240,0.7967,0.797,0.30,0.20
2008.03.03 09:43:48.530,0.79668,0.79703,2.40,4.10
2008.03.03 09:43:48.570,0.7967,0.797,0.30,0.20
2008.03.03 09:43:48.777,0.79668,0.79703,0.30,0.40
2008.03.03 09:43:48.912,0.7967,0.797,0.30,0.20
2008.03.03 09:43:49.088,0.7967,0.79705,0.60,0.20
2008.03.03 09:43:49.226,0.7967,0.797,0.30,0.20
2008.03.03 09:43:49.426,0.79672,0.79707,2.40,2.40
2008.03.03 09:43:49.579,0.7967,0.797,0.30,0.20
2008.03.03 09:43:49.758,0.79672,0.79707,0.30,2.50
2008.03.03 09:43:49.896,0.7967,0.797,0.30,0.20
2008.03.03 09:43:50.190,0.79673,0.79708,0.30,0.20
2008.03.03 09:43:50.224,0.7967,0.797,0.30,0.20
2008.03.03 09:43:50.531,0.79672,0.79707,1.00,0.20
2008.03.03 09:43:50.546,0.7967,0.797,0.30,0.20
2008.03.03 09:43:50.862,0.7967,0.79705,4.00,0.20
2008.03.03 09:43:50.887,0.7967,0.797,0.30,0.20
2008.03.03 09:43:51.195,0.79669,0.79704,0.30,0.40
2008.03.03 09:43:51.199,0.7967,0.797,0.30,0.20
2008.03.03 09:43:51.529,0.7967,0.797,0.30,0.20
2008.03.03 09:43:51.619,0.79668,0.79703,0.20,0.20
2008.03.03 09:43:51.853,0.7967,0.79705,0.30,9.60
2008.03.03 09:43:51.856,0.7967,0.797,0.30,0.20
2008.03.03 09:43:52.187,0.79672,0.79707,0.30,4.00
2008.03.03 09:43:52.190,0.7967,0.797,0.30,0.20
2008.03.03 09:43:52.503,0.79673,0.79708,0.30,0.40
2008.03.03 09:43:52.526,0.7967,0.797,0.30,0.20
2008.03.03 09:43:52.814,0.79675,0.7971,0.30,0.20
2008.03.03 09:43:52.969,0.7967,0.797,0.30,0.20
2008.03.03 09:43:53.172,0.79675,0.7971,0.60,0.20
2008.03.03 09:43:53.411,0.7967,0.797,0.30,0.20
2008.03.03 09:43:53.502,0.79675,0.7971,0.30,0.20
2008.03.03 09:43:53.732,0.7967,0.797,0.30,0.20
2008.03.03 09:43:53.834,0.79675,0.7971,0.30,0.20
2008.03.03 09:43:54.074,0.7967,0.797,0.30,0.20
2008.03.03 09:43:54.139,0.79676,0.79711,4.00,0.40
2008.03.03 09:43:54.392,0.7967,0.797,0.30,0.20
2008.03.03 09:43:54.484,0.79678,0.79713,2.40,2.40
2008.03.03 09:43:54.731,0.7967,0.797,0.30,0.20
2008.03.03 09:43:54.920,0.7968,0.79715,0.30,0.20
2008.03.03 09:43:55.058,0.7967,0.797,0.30,0.20
2008.03.03 09:43:55.255,0.7968,0.79715,8.00,0.20
2008.03.03 09:43:55.385,0.7967,0.797,0.30,0.20
2008.03.03 09:43:55.589,0.79679,0.79714,0.30,0.20
2008.03.03 09:43:55.717,0.7967,0.797,0.30,0.20
2008.03.03 09:43:55.924,0.79677,0.79712,3.40,0.20
2008.03.03 09:43:56.051,0.7967,0.797,0.30,0.20
2008.03.03 09:43:56.245,0.79676,0.79711,0.30,0.10
2008.03.03 09:43:56.387,0.7967,0.797,0.30,0.20
2008.03.03 09:43:56.577,0.79676,0.79711,2.60,11.70
2008.03.03 09:43:56.703,0.7967,0.797,0.30,0.20
2008.03.03 09:43:56.918,0.79675,0.7971,2.60,2.70
2008.03.03 09:43:57.040,0.7967,0.797,0.30,0.20
2008.03.03 09:43:57.247,0.79675,0.7971,0.30,4.00
2008.03.03 09:43:57.355,0.7967,0.797,0.30,0.20
2008.03.03 09:43:57.540,0.79675,0.7971,0.50,0.20
2008.03.03 09:43:57.827,0.7967,0.797,0.30,0.20
2008.03.03 09:43:57.890,0.79675,0.7971,8.00,0.20
2008.03.03 09:43:58.225,0.79675,0.7971,4.00,0.20
2008.03.03 09:43:58.256,0.7967,0.797,0.30,0.20
2008.03.03 09:43:58.462,0.7967,0.797,0.30,0.20
2008.03.03 09:43:58.567,0.79676,0.79711,0.30,4.00
2008.03.03 09:43:58.686,0.7967,0.797,0.30,0.20
2008.03.03 09:43:58.859,0.79675,0.7971,8.00,0.20
2008.03.03 09:43:58.908,0.7967,0.797,0.30,0.20
2008.03.03 09:43:59.131,0.7967,0.797,0.30,0.20
2008.03.03 09:43:59.220,0.7967,0.79705,0.60,0.20
2008.03.03 09:43:59.338,0.7967,0.797,0.30,0.20
2008.03.03 09:43:59.540,0.79664,0.79699,0.30,0.20
2008.03.03 09:43:59.678,0.7967,0.797,0.30,0.20
2008.03.03 09:43:59.974,0.79658,0.79694,0.30,0.20
2008.03.03 09:44:00.123,0.7967,0.797,0.30,0.20
2008.03.03 09:44:00.559,0.7967,0.797,0.30,0.20
2008.03.03 09:44:00.888,0.7967,0.797,0.30,0.20
2008.03.03 09:44:00.947,0.79652,0.79688,0.30,0.20
2008.03.03 09:44:01.238,0.7967,0.797,0.30,0.20
2008.03.03 09:44:01.266,0.79652,0.79688,0.30,0.20
2008.03.03 09:44:01.546,0.7967,0.797,0.30,0.20
2008.03.03 09:44:01.593,0.79652,0.79688,4.00,0.20
2008.03.03 09:44:01.868,0.7967,0.797,0.30,0.20
2008.03.03 09:44:01.933,0.79652,0.79688,12.80,2.40
2008.03.03 09:44:02.203,0.7967,0.797,0.30,0.20
2008.03.03 09:44:02.346,0.79652,0.79688,0.60,0.40
2008.03.03 09:44:02.529,0.7967,0.797,0.30,0.20
2008.03.03 09:44:02.682,0.79652,0.79688,0.30,2.40
2008.03.03 09:44:02.871,0.7967,0.797,0.30,0.20
2008.03.03 09:44:03.021,0.79652,0.79688,0.30,0.80
2008.03.03 09:44:03.245,0.79652,0.79688,4.00,0.20
2008.03.03 09:44:03.305,0.7967,0.797,0.30,0.20
2008.03.03 09:44:03.467,0.79652,0.79688,0.30,4.00
2008.03.03 09:44:03.686,0.79652,0.79688,0.30,0.20
2008.03.03 09:44:03.753,0.7967,0.797,0.30,0.20
2008.03.03 09:44:03.913,0.79652,0.79688,0.30,0.20
2008.03.03 09:44:04.082,0.7967,0.797,0.30,0.20
2008.03.03 09:44:04.341,0.79652,0.79688,8.00,0.20
2008.03.03 09:44:04.404,0.7967,0.797,0.30,0.20
2008.03.03 09:44:04.732,0.7967,0.797,0.30,0.20
2008.03.03 09:44:04.782,0.79652,0.79688,0.30,0.80
2008.03.03 09:44:05.068,0.7967,0.797,0.30,0.20
2008.03.03 09:44:05.122,0.79652,0.79688,1.80,2.50
2008.03.03 09:44:05.451,0.79652,0.79688,0.30,0.20
2008.03.03 09:44:05.516,0.7967,0.797,0.30,0.20
2008.03.03 09:44:05.755,0.7967,0.797,0.30,0.20
2008.03.03 09:44:05.782,0.79652,0.79688,0.30,2.50
2008.03.03 09:44:05.989,0.7967,0.79695,0.30,4.00
2008.03.03 09:44:06.104,0.79652,0.79688,2.40,2.40
2008.03.03 09:44:06.224,0.7967,0.79695,0.30,4.00
2008.03.03 09:44:06.437,0.79652,0.79688,0.30,2.40
2008.03.03 09:44:06.458,0.7967,0.797,0.30,0.20
2008.03.03 09:44:06.718,0.79652,0.79688,2.40,0.40
2008.03.03 09:44:06.793,0.7967,0.797,0.30,0.20
2008.03.03 09:44:06.980,0.79652,0.79688,6.40,0.20
2008.03.03 09:44:07.126,0.7967,0.797,0.30,0.20
2008.03.03 09:44:07.314,0.79652,0.79688,4.00,0.80
2008.03.03 09:44:07.478,0.7967,0.797,0.30,0.20
2008.03.03 09:44:07.644,0.79652,0.79688,9.60,0.20
2008.03.03 09:44:07.708,0.7967,0.797,0.30,0.20
2008.03.03 09:44:07.973,0.79652,0.79688,6.60,0.40
2008.03.03 09:44:08.038,0.7967,0.797,0.30,0.20
2008.03.03 09:44:08.299,0.79652,0.79688,0.30,0.20
2008.03.03 09:44:08.364,0.7967,0.797,0.30,0.20
2008.03.03 09:44:08.628,0.79652,0.79688,0.10,0.20
2008.03.03 09:44:08.686,0.7967,0.797,0.30,0.20
2008.03.03 09:44:08.857,0.79652,0.79688,0.30,10.40
2008.03.03 09:44:09.028,0.7967,0.797,0.30,0.20
2008.03.03 09:44:09.177,0.79652,0.79688,0.30,4.00
2008.03.03 09:44:09.359,0.7967,0.797,0.30,0.20
2008.03.03 09:44:09.526,0.79652,0.79688,0.30,0.20
2008.03.03 09:44:09.687,0.7967,0.797,0.30,0.20
2008.03.03 09:44:09.827,0.79652,0.79688,0.30,0.20
2008.03.03 09:44:09.950,0.79652,0.79688,0.30,0.20
2008.03.03 09:44:10.006,0.7967,0.797,0.30,0.20
2008.03.03 09:44:10.288,0.79652,0.79688,0.30,5.60
2008.03.03 09:44:10.338,0.7967,0.797,0.30,0.20
2008.03.03 09:44:10.588,0.79652,0.79688,0.30,0.20
2008.03.03 09:44:10.674,0.7967,0.797,0.30,0.20
2008.03.03 09:44:10.948,0.79652,0.79688,0.30,8.00
2008.03.03 09:44:10.993,0.7967,0.797,0.30,0.20
2008.03.03 09:44:11.262,0.79652,0.79688,0.30,0.20
2008.03.03 09:44:11.284,0.7967,0.797,0.30,0.20
2008.03.03 09:44:11.552,0.7967,0.797,0.30,0.20
2008.03.03 09:44:11.610,0.79652,0.79688,0.10,0.20
2008.03.03 09:44:11.890,0.7967,0.797,0.30,0.20
2008.03.03 09:44:11.925,0.79652,0.79688,0.30,0.40
2008.03.03 09:44:12.262,0.79652,0.79688,2.40,2.40
2008.03.03 09:44:12.331,0.7967,0.797,0.30,0.20
2008.03.03 09:44:12.600,0.79652,0.79688,4.00,0.20
2008.03.03 09:44:12.665,0.7967,0.797,0.30,0.20
2008.03.03 09:44:12.915,0.79652,0.79688,0.30,5.60
2008.03.03 09:44:12.983,0.7967,0.797,0.30,0.20
2008.03.03 09:44:13.259,0.79652,0.79688,0.30,0.20
2008.03.03 09:44:13.304,0.7967,0.797,0.30,0.20
2008.03.03 09:44:13.531,0.7967,0.797,0.30,0.20
2008.03.03 09:44:13.586,0.79652,0.79688,2.70,2.40
2008.03.03 09:44:13.811,0.79652,0.79688,4.00,0.20
2008.03.03 09:44:13.863,0.7967,0.797,0.30,0.20
2008.03.03 09:44:14.035,0.79652,0.79688,0.30,0.20
2008.03.03 09:44:14.186,0.7967,0.797,0.30,0.20
2008.03.03 09:44:14.471,0.79652,0.79688,0.30,0.20
2008.03.03 09:44:14.519,0.7967,0.797,0.30,0.20
2008.03.03 09:44:14.810,0.79652,0.79688,2.60,2.70
2008.03.03 09:44:14.863,0.7967,0.797,0.30,0.20
2008.03.03 09:44:15.178,0.7967,0.797,0.30,0.20
2008.03.03 09:44:15.238,0.79652,0.79688,0.30,0.20
2008.03.03 09:44:15.487,0.7967,0.797,0.30,0.20
2008.03.03 09:44:15.564,0.79652,0.79688,0.30,0.20
2008.03.03 09:44:15.732,0.7967,0.797,0.30,0.20
2008.03.03 09:44:15.896,0.79652,0.79688,7.40,0.40
2008.03.03 09:44:16.069,0.7967,0.797,0.30,0.20
2008.03.03 09:44:16.255,0.79652,0.79688,0.30,0.40
2008.03.03 09:44:16.393,0.7967,0.797,0.30,0.20
2008.03.03 09:44:16.565,0.79652,0.79688,0.30,4.00
2008.03.03 09:44:16.723,0.7967,0.797,0.30,0.20
2008.03.03 09:44:16.904,0.79652,0.79688,0.40,0.20
2008.03.03 09:44:17.057,0.7967,0.797,0.30,0.20
2008.03.03 09:44:17.217,0.79652,0.79688,0.30,12.10
2008.03.03 09:44:17.497,0.7967,0.797,0.30,0.20
2008.03.03 09:44:17.552,0.79652,0.79688,2.40,2.40
2008.03.03 09:44:17.926,0.7967,0.797,0.30,0.20
2008.03.03 09:44:17.993,0.79652,0.79688,0.60,2.50
2008.03.03 09:44:18.156,0.7967,0.797,0.30,0.20
2008.03.03 09:44:18.325,0.79652,0.79688,0.30,0.20
2008.03.03 09:44:18.474,0.7967,0.797,0.30,0.20
2008.03.03 09:44:18.654,0.79652,0.79688,0.30,0.20
2008.03.03 09:44:18.705,0.7967,0.797,0.30,0.20
2008.03.03 09:44:18.956,0.79652,0.79688,4.00,0.20
2008.03.03 09:44:19.025,0.7967,0.797,0.30,0.20
2008.03.03 09:44:19.190,0.79652,0.79688,0.30,0.20
2008.03.03 09:44:19.359,0.7967,0.797,0.30,0.20
2008.03.03 09:44:19.619,0.79652,0.79688,0.30,5.70
2008.03.03 09:44:19.688,0.7967,0.797,0.30,0.20
2008.03.03 09:44:19.948,0.79652,0.79688,2.60,0.20
2008.03.03 09:44:20.020,0.7967,0.797,0.30,0.20
2008.03.03 09:44:20.354,0.7967,0.797,0.30,0.20
2008.03.03 09:44:20.405,0.79652,0.79688,0.50,2.00
2008.03.03 09:44:20.679,0.7967,0.797,0.30,0.20
2008.03.03 09:44:20.741,0.79652,0.79688,0.30,0.20
2008.03.03 09:44:21.019,0.7967,0.797,0.30,0.20
2008.03.03 09:44:21.095,0.79652,0.79688,0.30,2.40
2008.03.03 09:44:21.334,0.7967,0.797,0.30,0.20
2008.03.03 09:44:21.378,0.79652,0.79688,0.30,0.20
2008.03.03 09:44:21.664,0.7967,0.797,0.30,0.20
2008.03.03 09:44:21.738,0.79652,0.79688,2.40,2.40
2008.03.03 09:44:22.006,0.7967,0.797,0.30,0.20
2008.03.03 09:44:22.051,0.79652,0.79688,13.60,2.50
2008.03.03 09:44:22.391,0.79652,0.79688,0.30,0.20
2008.03.03 09:44:22.430,0.7967,0.797,0.30,0.20
2008.03.03 09:44:22.716,0.79652,0.79688,0.30,0.20
2008.03.03 09:44:22.773,0.7967,0.797,0.30,0.20
2008.03.03 09:44:23.001,0.7967,0.797,0.30,0.20
2008.03.03 09:44:23.043,0.79652,0.79688,0.30,0.40
2008.03.03 09:44:23.229,0.7967,0.797,0.30,0.20
2008.03.03 09:44:23.381,0.79652,0.79688,0.30,0.50
2008.03.03 09:44:23.421,0.7967,0.797,0.30,0.20
2008.03.03 09:44:23.655,0.7967,0.797,0.30,0.20
2008.03.03 09:44:23.718,0.79652,0.79688,4.20,0.20
2008.03.03 09:44:23.863,0.7967,0.797,0.30,0.20
2008.03.03 09:44:24.038,0.79652,0.79688,4.00,0.20
2008.03.03 09:44:24.197,0.7967,0.797,0.30,0.20
2008.03.03 09:44:24.287,0.79652,0.79688,0.70,4.00
2008.03.03 09:44:24.531,0.7967,0.797,0.30,0.20
2008.03.03 09:44:24.620,0.79652,0.79688,0.30,8.00
2008.03.03 09:44:24.870,0.7967,0.797,0.30,0.20
2008.03.03 09:44:25.014,0.79652,0.79688,6.40,0.20
2008.03.03 09:44:25.185,0.7967,0.797,0.30,0.20
2008.03.03 09:44:25.349,0.79652,0.79688,0.30,0.20
2008.03.03 09:44:25.514,0.7967,0.797,0.30,0.20
2008.03.03 09:44:25.692,0.79652,0.79688,0.60,6.40
2008.03.03 09:44:25.849,0.7967,0.797,0.30,0.20
2008.03.03 09:44:26.011,0.79652,0.79688,8.00,0.40
2008.03.03 09:44:26.186,0.7967,0.797,0.30,0.20
2008.03.03 09:44:26.347,0.79652,0.79688,0.50,0.60
2008.03.03 09:44:26.508,0.7967,0.797,0.30,0.20
2008.03.03 09:44:26.689,0.79652,0.79688,0.30,0.20
2008.03.03 09:44:26.848,0.7967,0.797,0.30,0.20
2008.03.03 09:44:27.012,0.79652,0.79688,0.30,0.20
2008.03.03 09:44:27.278,0.7967,0.797,0.30,0.20
2008.03.03 09:44:27.345,0.79652,0.79688,0.40,0.40
2008.03.03 09:44:27.672,0.79652,0.79688,0.30,4.00
2008.03.03 09:44:27.720,0.7967,0.797,0.30,0.20
2008.03.03 09:44:28.083,0.79652,0.79688,0.30,0.90
2008.03.03 09:44:28.155,0.7967,0.797,0.30,0.20
2008.03.03 09:44:28.428,0.79652,0.79688,0.30,0.20
2008.03.03 09:44:28.486,0.7967,0.797,0.30,0.20
2008.03.03 09:44:28.770,0.79652,0.79688,0.30,0.20
2008.03.03 09:44:28.818,0.7967,0.797,0.30,0.20
2008.03.03 09:44:29.098,0.79652,0.79688,2.40,0.40
2008.03.03 09:44:29.158,0.7967,0.797,0.30,0.20
2008.03.03 09:44:29.326,0.79652,0.79688,0.30,4.00
2008.03.03 09:44:29.579,0.7967,0.797,0.30,0.20
2008.03.03 09:44:29.659,0.79652,0.79688,2.40,0.20
2008.03.03 09:44:29.943,0.7967,0.797,0.30,0.20
2008.03.03 09:44:30.090,0.79652,0.79688,0.30,0.20
2008.03.03 09:44:30.250,0.7967,0.797,0.30,0.20
2008.03.03 09:44:30.477,0.7967,0.797,0.30,0.20
2008.03.03 09:44:30.533,0.79652,0.79688,2.40,0.20
2008.03.03 09:44:30.717,0.7967,0.797,0.30,0.20
2008.03.03 09:44:30.854,0.79652,0.79688,0.30,0.20
2008.03.03 09:44:31.027,0.7967,0.797,0.30,0.20
2008.03.03 09:44:31.192,0.79652,0.79688,0.50,0.20
2008.03.03 09:44:31.457,0.7967,0.797,0.30,0.20
2008.03.03 09:44:31.521,0.79652,0.79688,0.60,0.20
2008.03.03 09:44:31.796,0.7967,0.797,0.30,0.20
2008.03.03 09:44:31.854,0.79652,0.79688,0.30,0.20
2008.03.03 09:44:32.165,0.79652,0.79688,2.60,4.10
2008.03.03 09:44:32.230,0.7967,0.797,0.30,0.20
2008.03.03 09:44:32.486,0.79652,0.79688,0.30,0.20
2008.03.03 09:44:32.669,0.7967,0.797,0.30,0.20
2008.03.03 09:44:32.841,0.79652,0.79688,0.60,0.40
2008.03.03 09:44:33.098,0.7967,0.797,0.30,0.20
2008.03.03 09:44:33.154,0.79652,0.79688,0.30,0.20
2008.03.03 09:44:33.328,0.7967,0.797,0.30,0.20
2008.03.03 09:44:33.500,0.79652,0.79688,0.30,1.70
2008.03.03 09:44:33.666,0.7967,0.797,0.30,0.20
2008.03.03 09:44:33.821,0.79652,0.79688,5.60,2.40
2008.03.03 09:44:33.982,0.7967,0.797,0.30,0.20
2008.03.03 09:44:34.036,0.79652,0.79688,4.00,0.20
2008.03.03 09:44:34.197,0.7967,0.797,0.30,0.20
2008.03.03 09:44:34.377,0.79652,0.79688,4.00,0.20
2008.03.03 09:44:34.549,0.7967,0.797,0.30,0.20
2008.03.03 09:44:34.817,0.79652,0.79688,4.80,0.10
2008.03.03 09:44:34.855,0.7967,0.797,0.30,0.20
2008.03.03 09:44:35.199,0.7967,0.797,0.30,0.20
2008.03.03 09:44:35.254,0.79652,0.79688,0.60,0.20
2008.03.03 09:44:35.519,0.7967,0.797,0.30,0.20
2008.03.03 09:44:35.595,0.79652,0.79688,2.40,2.40
2008.03.03 09:44:35.864,0.7967,0.797,0.30,0.20
2008.03.03 09:44:35.922,0.79652,0.79688,0.30,0.20
2008.03.03 09:44:36.194,0.7967,0.797,0.30,0.20
2008.03.03 09:44:36.240,0.79652,0.79688,2.40,4.00
2008.03.03 09:44:36.505,0.7967,0.797,0.30,0.20
2008.03.03 09:44:36.573,0.79652,0.79688,0.30,0.20
2008.03.03 09:44:36.863,0.7967,0.797,0.30,0.20
2008.03.03 09:44:36.910,0.79652,0.79688,0.60,4.00
2008.03.03 09:44:37.166,0.7967,0.797,0.30,0.20
2008.03.03 09:44:37.235,0.79652,0.79688,2.40,2.40
2008.03.03 09:44:37.569,0.79652,0.79688,2.60,2.50
2008.03.03 09:44:37.617,0.7967,0.797,0.30,0.20
2008.03.03 09:44:37.905,0.79652,0.79688,4.00,0.20
2008.03.03 09:44:38.051,0.7967,0.797,0.30,0.20
2008.03.03 09:44:38.329,0.79652,0.79688,8.00,0.20
2008.03.03 09:44:38.676,0.79652,0.79688,0.30,0.20
2008.03.03 09:44:38.997,0.79652,0.79688,1.60,0.20
2008.03.03 09:44:39.223,0.79652,0.79688,2.40,0.20
2008.03.03 09:44:39.323,0.7967,0.797,0.30,0.20
2008.03.03 09:44:39.499,0.7967,0.797,0.30,0.20
2008.03.03 09:44:39.555,0.79652,0.79688,0.30,0.20
2008.03.03 09:44:39.988,0.79652,0.79688,9.60,0.20
2008.03.03 09:44:40.402,0.79652,0.79688,0.30,0.20
2008.03.03 09:44:40.758,0.79652,0.79688,0.30,0.20
2008.03.03 09:44:41.076,0.79652,0.79688,0.30,4.00
2008.03.03 09:44:41.368,0.7967,0.797,0.30,0.20
2008.03.03 09:44:41.406,0.79652,0.79688,0.30,0.05
2008.03.03 09:44:41.481,0.7967,0.797,0.30,0.20
2008.03.03 09:44:41.709,0.7967,0.797,0.30,0.20
2008.03.03 09:44:41.738,0.79652,0.79688,3.60,2.40
2008.03.03 09:44:41.909,0.7967,0.797,0.30,0.20
2008.03.03 09:44:42.075,0.79652,0.79688,0.30,0.20
2008.03.03 09:44:42.132,0.7967,0.797,0.30,0.20
2008.03.03 09:44:42.363,0.7967,0.797,0.30,0.20
2008.03.03 09:44:42.406,0.79652,0.79688,1.80,5.60
2008.03.03 09:44:42.727,0.79652,0.79688,7.20,4.00
2008.03.03 09:44:42.785,0.7967,0.797,0.30,0.20
2008.03.03 09:44:43.055,0.79652,0.79688,0.30,0.20
2008.03.03 09:44:43.124,0.7967,0.797,0.30,0.20
2008.03.03 09:44:43.458,0.79652,0.79688,4.00,0.20
2008.03.03 09:44:43.578,0.7967,0.797,0.30,0.20
2008.03.03 09:44:43.728,0.79652,0.79688,0.30,0.40
2008.03.03 09:44:43.840,0.7967,0.797,0.30,0.20
2008.03.03 09:44:44.048,0.79652,0.79688,4.00,0.20
2008.03.03 09:44:44.118,0.7967,0.797,0.30,0.20
2008.03.03 09:44:44.284,0.79652,0.79688,2.40,2.40
2008.03.03 09:44:44.327,0.7967,0.797,0.30,0.20
2008.03.03 09:44:44.570,0.7967,0.797,0.30,0.20
2008.03.03 09:44:44.717,0.79652,0.79688,4.00,0.20
2008.03.03 09:44:44.989,0.7967,0.797,0.30,0.20
2008.03.03 09:44:45.158,0.79652,0.79688,0.30,0.20
2008.03.03 09:44:45.322,0.7967,0.797,0.30,0.20
2008.03.03 09:44:45.602,0.79652,0.79688,0.60,0.20
2008.03.03 09:44:45.660,0.7967,0.797,0.30,0.20
2008.03.03 09:44:45.934,0.79652,0.79688,2.40,2.40
2008.03.03 09:44:45.991,0.7967,0.797,0.30,0.20
2008.03.03 09:44:46.260,0.79652,0.79688,4.40,6.50
2008.03.03 09:44:46.304,0.7967,0.797,0.30,0.20
2008.03.03 09:44:46.592,0.79652,0.79688,4.00,0.20
2008.03.03 09:44:46.638,0.7967,0.797,0.30,0.20
2008.03.03 09:44:46.915,0.79652,0.79688,2.40,2.50
2008.03.03 09:44:46.972,0.7967,0.797,0.30,0.20
2008.03.03 09:44:47.239,0.79652,0.79688,2.80,2.50
2008.03.03 09:44:47.400,0.7967,0.797,0.30,0.20
2008.03.03 09:44:47.572,0.79652,0.79688,0.30,1.70
2008.03.03 09:44:47.626,0.7967,0.797,0.30,0.20
2008.03.03 09:44:48.006,0.79652,0.79688,4.40,0.20
2008.03.03 09:44:48.444,0.79652,0.79688,1.60,9.60
2008.03.03 09:44:48.775,0.79652,0.79688,0.30,0.20
2008.03.03 09:44:48.989,0.79652,0.79688,0.30,0.20
2008.03.03 09:44:49.214,0.79652,0.79688,0.30,0.20
2008.03.03 09:44:49.456,0.79652,0.79688,4.00,0.20
2008.03.03 09:44:49.662,0.7967,0.797,0.30,0.20
2008.03.03 09:44:49.725,0.7967,0.797,0.30,0.20
2008.03.03 09:44:49.820,0.7967,0.797,0.30,0.20
2008.03.03 09:44:49.878,0.79652,0.79688,0.30,4.00
2008.03.03 09:44:49.935,0.7967,0.797,0.30,0.20
2008.03.03 09:44:50.053,0.7967,0.797,0.30,0.20
2008.03.03 09:44:50.152,0.7967,0.797,0.30,0.20
2008.03.03 09:44:50.281,0.7967,0.797,0.30,0.20
2008.03.03 09:44:50.315,0.79652,0.79688,4.20,2.40
2008.03.03 09:44:50.389,0.7967,0.797,0.30,0.20
2008.03.03 09:44:50.489,0.7967,0.797,0.30,0.20
2008.03.03 09:44:50.605,0.7967,0.797,0.30,0.20
2008.03.03 09:44:50.671,0.79652,0.79688,2.60,4.10
2008.03.03 09:44:50.716,0.7967,0.797,0.30,0.20
2008.03.03 09:44:50.982,0.79652,0.79688,0.30,0.20
2008.03.03 09:44:51.150,0.7967,0.797,0.30,0.20
2008.03.03 09:44:51.341,0.79652,0.79688,0.30,0.20
2008.03.03 09:44:51.577,0.7967,0.797,0.30,0.20
2008.03.03 09:44:51.651,0.79652,0.79688,0.30,0.20
2008.03.03 09:44:51.970,0.79652,0.79688,0.30,0.20
2008.03.03 09:44:52.027,0.7967,0.797,0.30,0.20
2008.03.03 09:44:52.304,0.79652,0.79688,0.30,0.20
2008.03.03 09:44:52.362,0.7967,0.797,0.30,0.20
2008.03.03 09:44:52.625,0.79652,0.79688,8.00,2.40
2008.03.03 09:44:52.797,0.7967,0.797,0.30,0.20
2008.03.03 09:44:52.944,0.79652,0.79688,0.30,0.20
2008.03.03 09:44:53.121,0.7967,0.797,0.30,0.20
2008.03.03 09:44:53.282,0.79652,0.79688,4.00,0.20
2008.03.03 09:44:53.469,0.7967,0.797,0.30,0.20
2008.03.03 09:44:53.625,0.79652,0.79688,0.50,0.20
2008.03.03 09:44:53.776,0.7967,0.797,0.30,0.20
2008.03.03 09:44:53.944,0.79652,0.79688,13.60,0.20
2008.03.03 09:44:54.113,0.7967,0.797,0.30,0.20
2008.03.03 09:44:54.286,0.79652,0.79688,0.30,4.00
2008.03.03 09:44:54.432,0.7967,0.797,0.30,0.20
2008.03.03 09:44:54.511,0.79652,0.79688,4.00,0.20
2008.03.03 09:44:54.780,0.7967,0.797,0.30,0.20
2008.03.03 09:44:54.940,0.79652,0.79688,0.30,0.20
2008.03.03 09:44:55.129,0.7967,0.797,0.30,0.20
2008.03.03 09:44:55.278,0.79652,0.79688,4.00,0.20
2008.03.03 09:44:55.436,0.7967,0.797,0.30,0.20
2008.03.03 09:44:55.713,0.79652,0.79688,0.70,4.00
2008.03.03 09:44:55.771,0.7967,0.797,0.30,0.20
2008.03.03 09:44:56.050,0.79652,0.79688,0.60,0.20
2008.03.03 09:44:56.092,0.7967,0.797,0.30,0.20
2008.03.03 09:44:56.371,0.79652,0.79688,2.80,2.50
2008.03.03 09:44:56.418,0.7967,0.797,0.30,0.20
2008.03.03 09:44:56.695,0.79652,0.79688,2.60,2.50
2008.03.03 09:44:56.750,0.7967,0.797,0.30,0.20
2008.03.03 09:44:57.040,0.79652,0.79688,0.60,4.00
2008.03.03 09:44:57.084,0.7967,0.797,0.30,0.20
2008.03.03 09:44:57.349,0.79652,0.79688,0.30,0.20
2008.03.03 09:44:57.421,0.7967,0.797,0.30,0.20
2008.03.03 09:44:57.687,0.79652,0.79688,0.30,0.20
2008.03.03 09:44:57.855,0.7967,0.797,0.30,0.20
2008.03.03 09:44:58.023,0.79652,0.79688,2.40,0.20
2008.03.03 09:44:58.190,0.7967,0.797,0.30,0.20
2008.03.03 09:44:58.435,0.79652,0.79688,4.00,2.40
2008.03.03 09:44:58.514,0.7967,0.797,0.30,0.20
2008.03.03 09:44:58.760,0.7967,0.797,0.30,0.20
2008.03.03 09:44:58.892,0.79652,0.79688,1.00,0.20
2008.03.03 09:44:58.959,0.7967,0.797,0.30,0.20
2008.03.03 09:44:59.219,0.79652,0.79688,0.30,0.50
2008.03.03 09:44:59.401,0.7967,0.797,0.30,0.20
2008.03.03 09:44:59.557,0.79652,0.79688,0.30,0.20
2008.03.03 09:44:59.839,0.7967,0.797,0.30,0.20
2008.03.03 09:44:59.882,0.79652,0.79688,2.60,2.50
2008.03.03 09:45:00.171,0.7967,0.797,0.30,0.20
2008.03.03 09:45:00.285,0.79651,0.79687,0.30,0.20
2008.03.03 09:45:00.490,0.7967,0.797,0.30,0.20
2008.03.03 09:45:00.632,0.7965,0.79685,4.00,0.20
2008.03.03 09:45:00.833,0.7967,0.797,0.30,0.20
2008.03.03 09:45:00.957,0.79651,0.79686,2.60,2.50
2008.03.03 09:45:01.156,0.7967,0.797,0.30,0.20
2008.03.03 09:45:01.183,0.79653,0.79688,4.00,0.20
2008.03.03 09:45:01.480,0.7967,0.797,0.30,0.20
2008.03.03 09:45:01.500,0.79654,0.79689,2.40,2.40
2008.03.03 09:45:01.804,0.7967,0.797,0.30,0.20
2008.03.03 09:45:01.940,0.79655,0.7969,0.30,0.90
2008.03.03 09:45:02.150,0.7967,0.797,0.30,0.20
2008.03.03 09:45:02.381,0.79655,0.7969,0.30,0.20
2008.03.03 09:45:02.586,0.7967,0.797,0.30,0.20
2008.03.03 09:45:02.827,0.79655,0.7969,0.30,0.20
2008.03.03 09:45:03.009,0.7967,0.797,0.30,0.20
2008.03.03 09:45:03.049,0.79655,0.7969,0.30,8.00
2008.03.03 09:45:03.233,0.7967,0.797,0.30,0.20
2008.03.03 09:45:03.262,0.79654,0.79689,0.30,0.80
2008.03.03 09:45:03.477,0.7967,0.797,0.30,0.20
2008.03.03 09:45:03.585,0.79653,0.79688,4.00,0.20
2008.03.03 09:45:03.783,0.7967,0.797,0.30,0.20
2008.03.03 09:45:03.786,0.79652,0.79687,4.00,0.20
2008.03.03 09:45:04.002,0.7967,0.797,0.30,0.20
2008.03.03 09:45:04.253,0.79651,0.79686,3.80,2.40
2008.03.03 09:45:04.348,0.7967,0.797,0.30,0.20
2008.03.03 09:45:04.700,0.7965,0.79685,0.30,0.20
2008.03.03 09:45:04.788,0.7967,0.797,0.30,0.20
2008.03.03 09:45:05.043,0.79648,0.79683,0.30,0.80
2008.03.03 09:45:05.222,0.7967,0.797,0.30,0.20
2008.03.03 09:45:05.349,0.79649,0.79684,2.40,4.80
2008.03.03 09:45:05.577,0.7967,0.797,0.30,0.20
2008.03.03 09:45:05.690,0.79648,0.79683,2.40,2.40
2008.03.03 09:45:05.884,0.7967,0.797,0.30,0.20
2008.03.03 09:45:06.013,0.79648,0.79683,2.00,0.40
2008.03.03 09:45:06.221,0.7967,0.797,0.30,0.20
2008.03.03 09:45:06.346,0.79651,0.79686,3.20,2.50
2008.03.03 09:45:06.529,0.7967,0.797,0.30,0.20
2008.03.03 09:45:06.660,0.79653,0.79688,0.30,0.20
2008.03.03 09:45:06.873,0.7967,0.797,0.30,0.20
2008.03.03 09:45:06.908,0.79653,0.79688,4.00,0.20
2008.03.03 09:45:07.204,0.7967,0.797,0.30,0.20
2008.03.03 09:45:07.222,0.79651,0.79686,5.60,0.10
2008.03.03 09:45:07.560,0.79649,0.79684,4.00,0.50
2008.03.03 09:45:07.636,0.7967,0.797,0.30,0.20
2008.03.03 09:45:07.861,0.79647,0.79682,4.00,5.60
2008.03.03 09:45:08.077,0.7967,0.797,0.30,0.20
2008.03.03 09:45:08.101,0.79653,0.79678,0.30,0.20
2008.03.03 09:45:08.296,0.7967,0.797,0.30,0.20
2008.03.03 09:45:08.400,0.79658,0.79683,0.30,0.20
2008.03.03 09:45:08.513,0.7967,0.797,0.30,0.20
2008.03.03 09:45:08.639,0.79659,0.79694,0.30,0.20
2008.03.03 09:45:08.729,0.7967,0.797,0.30,0.20
2008.03.03 09:45:08.879,0.79663,0.79698,0.30,0.20
2008.03.03 09:45:08.947,0.7967,0.797,0.30,0.20
2008.03.03 09:45:09.168,0.7967,0.797,0.30,0.20
2008.03.03 09:45:09.214,0.79663,0.79698,0.30,0.20
2008.03.03 09:45:09.509,0.7967,0.797,0.30,0.20
2008.03.03 09:45:09.652,0.7966,0.79695,0.60,0.20
2008.03.03 09:45:09.960,0.7967,0.797,0.30,0.20
2008.03.03 09:45:09.981,0.79652,0.79687,2.40,2.40
2008.03.03 09:45:10.310,0.79646,0.79681,0.30,0.20
2008.03.03 09:45:10.381,0.7967,0.797,0.30,0.20
2008.03.03 09:45:10.640,0.79644,0.79679,2.40,2.40
2008.03.03 09:45:10.716,0.7967,0.797,0.30,0.20
2008.03.03 09:45:10.972,0.79643,0.79678,0.30,0.20
2008.03.03 09:45:11.043,0.7967,0.797,0.30,0.20
2008.03.03 09:45:11.310,0.79646,0.79681,1.00,0.20
2008.03.03 09:45:11.384,0.7967,0.797,0.30,0.20
2008.03.03 09:45:11.635,0.79647,0.79682,4.00,0.40
2008.03.03 09:45:11.706,0.7967,0.797,0.30,0.20
2008.03.03 09:45:11.963,0.79648,0.79683,0.30,0.20
2008.03.03 09:45:12.046,0.7967,0.797,0.30,0.20
2008.03.03 09:45:12.293,0.7965,0.79685,0.30,0.20
2008.03.03 09:45:12.478,0.7967,0.797,0.30,0.20
2008.03.03 09:45:12.732,0.7965,0.79685,3.20,0.20
2008.03.03 09:45:12.813,0.7967,0.797,0.30,0.20
2008.03.03 09:45:13.051,0.7965,0.79685,0.30,0.40
2008.03.03 09:45:13.273,0.7967,0.797,0.30,0.20
2008.03.03 09:45:13.285,0.79648,0.79683,0.30,4.00
2008.03.03 09:45:13.500,0.79644,0.79679,0.30,2.40
2008.03.03 09:45:13.567,0.7967,0.797,0.30,0.20
2008.03.03 09:45:13.814,0.7967,0.797,0.30,0.20
2008.03.03 09:45:13.823,0.7964,0.79675,0.30,0.05
2008.03.03 09:45:14.029,0.7967,0.797,0.30,0.20
2008.03.03 09:45:14.164,0.79642,0.79677,2.40,2.40
2008.03.03 09:45:14.247,0.7967,0.797,0.30,0.20
2008.03.03 09:45:14.575,0.7967,0.797,0.30,0.20
2008.03.03 09:45:14.591,0.79647,0.79682,0.60,4.00
2008.03.03 09:45:14.891,0.7967,0.797,0.30,0.20
2008.03.03 09:45:15.030,0.79654,0.79689,1.60,9.60
2008.03.03 09:45:15.222,0.7967,0.797,0.30,0.20
2008.03.03 09:45:15.380,0.79658,0.79693,8.00,0.20
2008.03.03 09:45:15.446,0.7967,0.797,0.30,0.20
2008.03.03 09:45:15.672,0.7967,0.797,0.30,0.20
2008.03.03 09:45:15.692,0.79658,0.79693,2.60,2.40
2008.03.03 09:45:15.895,0.7967,0.797,0.30,0.20
2008.03.03 09:45:16.015,0.79657,0.79692,0.30,0.20
2008.03.03 09:45:16.216,0.7967,0.797,0.30,0.20
2008.03.03 09:45:16.371,0.79656,0.79691,2.40,2.40
2008.03.03 09:45:16.565,0.7967,0.797,0.30,0.20
2008.03.03 09:45:16.682,0.79655,0.7969,0.30,0.20
2008.03.03 09:45:16.898,0.7967,0.797,0.30,0.20
2008.03.03 09:45:17.020,0.79656,0.79691,0.30,0.20
2008.03.03 09:45:17.229,0.7967,0.797,0.30,0.20
2008.03.03 09:45:17.321,0.79658,0.79693,0.30,0.20
2008.03.03 09:45:17.566,0.79659,0.79694,0.30,0.20
2008.03.03 09:45:17.645,0.7967,0.797,0.30,0.20
2008.03.03 09:45:17.797,0.79659,0.79694,2.40,11.20
2008.03.03 09:45:18.084,0.7967,0.797,0.30,0.20
2008.03.03 09:45:18.233,0.7966,0.79695,0.30,0.20
2008.03.03 09:45:18.523,0.7967,0.797,0.30,0.20
2008.03.03 09:45:18.667,0.79663,0.79698,0.40,2.40
2008.03.03 09:45:18.741,0.7967,0.797,0.30,0.20
2008.03.03 09:45:18.964,0.7967,0.797,0.30,0.20
2008.03.03 09:45:19.100,0.79668,0.79703,4.00,0.20
2008.03.03 09:45:19.176,0.7967,0.797,0.30,0.20
2008.03.03 09:45:19.442,0.79665,0.797,2.40,2.40
2008.03.03 09:45:19.520,0.7967,0.797,0.30,0.20
2008.03.03 09:45:19.767,0.79656,0.79691,0.60,0.20
2008.03.03 09:45:19.848,0.7967,0.797,0.30,0.20
2008.03.03 09:45:20.088,0.7965,0.79685,2.40,4.10
2008.03.03 09:45:20.184,0.7967,0.797,0.30,0.20
2008.03.03 09:45:20.439,0.79647,0.79682,0.80,0.20
2008.03.03 09:45:20.512,0.7967,0.797,0.30,0.20
2008.03.03 09:45:20.755,0.79646,0.79681,4.80,0.20
2008.03.03 09:45:20.838,0.7967,0.797,0.30,0.20
2008.03.03 09:45:21.065,0.79645,0.7968,4.00,0.20
2008.03.03 09:45:21.172,0.7967,0.797,0.30,0.20
2008.03.03 09:45:21.425,0.79643,0.79678,0.50,4.00
2008.03.03 09:45:21.604,0.7967,0.797,0.30,0.20
2008.03.03 09:45:21.740,0.79646,0.79681,0.30,0.20
2008.03.03 09:45:22.043,0.7967,0.797,0.30,0.20
2008.03.03 09:45:22.084,0.79647,0.79682,2.40,2.40
2008.03.03 09:45:22.415,0.7965,0.79685,0.30,0.20
2008.03.03 09:45:22.483,0.7967,0.797,0.30,0.20
2008.03.03 09:45:22.740,0.79651,0.79686,0.60,0.20
2008.03.03 09:45:22.824,0.7967,0.797,0.30,0.20
2008.03.03 09:45:23.057,0.79655,0.7969,0.30,0.20
2008.03.03 09:45:23.263,0.7967,0.797,0.30,0.20
2008.03.03 09:45:23.391,0.79658,0.79693,2.40,2.40
2008.03.03 09:45:23.481,0.7967,0.797,0.30,0.20
2008.03.03 09:45:23.730,0.7966,0.79695,0.30,0.20
2008.03.03 09:45:23.805,0.7967,0.797,0.30,0.20
2008.03.03 09:45:24.026,0.7967,0.797,0.30,0.20
2008.03.03 09:45:24.149,0.79659,0.79694,2.60,0.20
2008.03.03 09:45:24.244,0.7967,0.797,0.30,0.20
2008.03.03 09:45:24.498,0.79656,0.79691,2.40,2.40
2008.03.03 09:45:24.567,0.7967,0.797,0.30,0.20
2008.03.03 09:45:24.823,0.79651,0.79686,2.40,2.40
2008.03.03 09:45:24.910,0.7967,0.797,0.30,0.20
2008.03.03 09:45:25.167,0.79648,0.79683,0.60,0.20
2008.03.03 09:45:25.230,0.7967,0.797,0.30,0.20
2008.03.03 09:45:25.482,0.79647,0.79682,0.60,0.20
2008.03.03 09:45:25.503,0.79665,0.797,0.80,0.20
2008.03.03 09:45:25.770,0.7966,0.797,0.30,0.20
2008.03.03 09:45:25.820,0.79648,0.79683,2.40,2.40
2008.03.03 09:45:26.105,0.7966,0.797,0.30,0.20
2008.03.03 09:45:26.133,0.79651,0.79686,0.30,4.00
2008.03.03 09:45:26.403,0.7966,0.797,0.30,0.20
2008.03.03 09:45:26.474,0.79655,0.7969,0.30,0.20
2008.03.03 09:45:26.674,0.7966,0.797,0.30,0.20
2008.03.03 09:45:26.803,0.79658,0.79693,3.20,2.80
2008.03.03 09:45:26.990,0.7966,0.797,0.30,0.20
2008.03.03 09:45:27.136,0.79658,0.79693,9.60,0.20
2008.03.03 09:45:27.332,0.7966,0.797,0.30,0.20
2008.03.03 09:45:27.475,0.79656,0.79691,0.30,4.40
2008.03.03 09:45:27.694,0.7966,0.797,0.60,0.20
2008.03.03 09:45:27.795,0.79652,0.79687,0.30,0.20
2008.03.03 09:45:28.102,0.7966,0.797,0.60,0.20
2008.03.03 09:45:28.127,0.79649,0.79684,0.30,0.20
2008.03.03 09:45:28.545,0.7966,0.797,0.60,0.20
2008.03.03 09:45:28.557,0.79648,0.79683,0.30,0.20
2008.03.03 09:45:28.891,0.7966,0.797,0.60,0.20
2008.03.03 09:45:28.998,0.79648,0.79683,0.30,0.20
2008.03.03 09:45:29.202,0.7966,0.797,0.60,0.20
2008.03.03 09:45:29.335,0.79649,0.79684,4.00,0.20
2008.03.03 09:45:29.425,0.7966,0.797,0.60,0.20
2008.03.03 09:45:29.656,0.79648,0.79683,0.30,0.20
2008.03.03 09:45:29.755,0.7966,0.797,0.60,0.20
2008.03.03 09:45:29.994,0.79648,0.79683,0.50,6.40
2008.03.03 09:45:30.063,0.7966,0.797,0.60,0.20
2008.03.03 09:45:30.269,0.79647,0.79682,0.10,0.20
2008.03.03 09:45:30.402,0.7966,0.797,0.60,0.20
2008.03.03 09:45:30.555,0.79645,0.7968,2.40,2.40
2008.03.03 09:45:30.739,0.7966,0.797,0.60,0.20
2008.03.03 09:45:30.879,0.79643,0.79678,0.30,9.60
2008.03.03 09:45:31.056,0.7966,0.797,0.60,0.20
2008.03.03 09:45:31.256,0.79642,0.79677,0.30,0.20
2008.03.03 09:45:31.422,0.7966,0.797,0.60,0.20
2008.03.03 09:45:31.541,0.79641,0.79676,0.60,4.00
2008.03.03 09:45:31.717,0.7966,0.797,0.60,0.20
2008.03.03 09:45:31.873,0.79643,0.79678,0.30,0.20
2008.03.03 09:45:32.059,0.7966,0.797,0.60,0.20
2008.03.03 09:45:32.258,0.79647,0.79682,0.30,7.30
2008.03.03 09:45:32.388,0.7966,0.797,0.60,0.20
2008.03.03 09:45:32.541,0.79652,0.79687,1.60,2.40
2008.03.03 09:45:32.821,0.7966,0.797,0.60,0.20
2008.03.03 09:45:32.831,0.79655,0.7969,2.40,0.50
2008.03.03 09:45:33.156,0.7966,0.797,0.60,0.20
2008.03.03 09:45:33.192,0.79656,0.79691,2.60,2.50
2008.03.03 09:45:33.596,0.7966,0.797,0.60,0.20
2008.03.03 09:45:33.618,0.79653,0.79688,4.00,0.20
2008.03.03 09:45:33.822,0.7966,0.797,0.60,0.20
2008.03.03 09:45:34.057,0.79649,0.79684,2.40,2.40
2008.03.03 09:45:34.149,0.7966,0.797,0.60,0.20
2008.03.03 09:45:34.369,0.7966,0.797,0.60,0.20
2008.03.03 09:45:34.502,0.79647,0.79682,0.60,0.40
2008.03.03 09:45:34.682,0.7966,0.797,0.60,0.20
2008.03.03 09:45:34.821,0.79645,0.7968,4.00,0.40
2008.03.03 09:45:34.957,0.7966,0.797,0.60,0.20
2008.03.03 09:45:35.161,0.79642,0.79677,0.30,0.20
2008.03.03 09:45:35.231,0.7966,0.797,1.20,0.20
2008.03.03 09:45:35.442,0.79639,0.79674,2.40,2.40
2008.03.03 09:45:35.502,0.79638,0.79673,0.30,4.00
2008.03.03 09:45:35.504,0.79665,0.797,0.80,0.20
2008.03.03 09:45:35.802,0.7967,0.797,0.30,0.20
2008.03.03 09:45:35.836,0.79638,0.79673,0.30,0.20
2008.03.03 09:45:36.132,0.7967,0.797,0.30,0.20
2008.03.03 09:45:36.160,0.79639,0.79674,0.30,0.20
2008.03.03 09:45:36.452,0.7967,0.797,0.30,0.20
2008.03.03 09:45:36.486,0.79641,0.79676,0.30,0.20
2008.03.03 09:45:36.803,0.7967,0.797,0.30,0.20
2008.03.03 09:45:36.806,0.79644,0.79679,2.40,0.40
2008.03.03 09:45:37.120,0.79648,0.79683,0.30,0.40
2008.03.03 09:45:37.121,0.7967,0.797,0.30,0.20
2008.03.03 09:45:37.433,0.7967,0.797,0.30,0.20
2008.03.03 09:45:37.490,0.79649,0.79684,9.60,4.70
2008.03.03 09:45:37.772,0.7967,0.797,0.30,0.20
2008.03.03 09:45:37.794,0.79648,0.79683,2.40,0.50
2008.03.03 09:45:38.106,0.7966,0.797,0.30,0.40
2008.03.03 09:45:38.129,0.79647,0.79682,0.30,0.10
2008.03.03 09:45:38.439,0.7966,0.797,0.30,0.40
2008.03.03 09:45:38.443,0.79648,0.79683,2.40,2.40
2008.03.03 09:45:38.759,0.79651,0.79686,2.60,2.40
2008.03.03 09:45:38.896,0.7966,0.797,0.30,0.40
2008.03.03 09:45:39.112,0.79654,0.79689,0.80,2.40
2008.03.03 09:45:39.220,0.7966,0.797,0.30,0.40
2008.03.03 09:45:39.453,0.79657,0.79692,0.30,0.20
2008.03.03 09:45:39.520,0.7966,0.797,0.30,0.40
2008.03.03 09:45:39.860,0.7966,0.797,0.30,0.40
2008.03.03 09:45:39.890,0.79656,0.79691,0.60,0.20
2008.03.03 09:45:40.185,0.7966,0.797,0.30,0.40
2008.03.03 09:45:40.222,0.7965,0.79685,4.00,0.20
2008.03.03 09:45:40.521,0.7966,0.797,0.30,0.40
2008.03.03 09:45:40.552,0.79638,0.79673,0.30,0.20
2008.03.03 09:45:40.869,0.7966,0.797,0.30,0.40
2008.03.03 09:45:40.888,0.79633,0.79667,0.60,0.40
2008.03.03 09:45:41.173,0.7966,0.797,0.30,0.40
2008.03.03 09:45:41.197,0.79639,0.79674,9.60,0.20
2008.03.03 09:45:41.408,0.79646,0.79681,0.30,0.20
2008.03.03 09:45:41.520,0.7966,0.797,0.30,0.40
2008.03.03 09:45:41.740,0.79648,0.79683,0.80,0.20
2008.03.03 09:45:41.854,0.7966,0.797,0.30,0.40
2008.03.03 09:45:42.121,0.79647,0.79682,0.30,0.20
2008.03.03 09:45:42.280,0.7966,0.797,0.30,0.40
2008.03.03 09:45:42.456,0.79649,0.79679,4.00,0.20
2008.03.03 09:45:42.617,0.7966,0.797,0.30,0.40
2008.03.03 09:45:42.682,0.79653,0.79678,2.40,4.00
2008.03.03 09:45:42.907,0.79656,0.79681,0.30,0.20
2008.03.03 09:45:42.944,0.7966,0.797,0.30,0.40
2008.03.03 09:45:43.148,0.79658,0.79683,2.40,10.50
2008.03.03 09:45:43.284,0.7966,0.797,0.30,0.40
2008.03.03 09:45:43.390,0.79655,0.7968,0.30,2.40
2008.03.03 09:45:43.545,0.7966,0.797,0.60,0.40
2008.03.03 09:45:43.616,0.7965,0.7968,2.80,2.50
2008.03.03 09:45:43.930,0.7966,0.797,0.60,0.40
2008.03.03 09:45:43.951,0.79645,0.7968,0.60,0.20
2008.03.03 09:45:44.214,0.7966,0.797,0.30,0.40
2008.03.03 09:45:44.286,0.79643,0.79678,0.30,4.00
2008.03.03 09:45:44.585,0.7966,0.797,0.30,0.40
2008.03.03 09:45:44.621,0.79646,0.79676,0.50,0.20
2008.03.03 09:45:44.917,0.7966,0.797,0.30,0.40
2008.03.03 09:45:44.959,0.79647,0.79677,2.40,2.40
2008.03.03 09:45:45.250,0.7966,0.797,0.30,0.40
2008.03.03 09:45:45.298,0.7965,0.7968,1.60,2.80
2008.03.03 09:45:45.589,0.7966,0.797,0.30,0.40
2008.03.03 09:45:45.603,0.79651,0.79681,0.30,0.20
2008.03.03 09:45:45.897,0.79654,0.79684,0.60,4.00
2008.03.03 09:45:45.909,0.7966,0.797,0.30,0.40
2008.03.03 09:45:46.141,0.79658,0.79688,0.30,0.80
2008.03.03 09:45:46.246,0.7966,0.797,0.30,0.40
2008.03.03 09:45:46.386,0.79662,0.79692,0.30,0.20
2008.03.03 09:45:46.579,0.7966,0.797,0.30,0.40
2008.03.03 09:45:46.648,0.79665,0.79695,0.30,0.20
2008.03.03 09:45:46.908,0.7966,0.797,0.30,0.40
2008.03.03 09:45:47.021,0.79662,0.79702,0.30,0.20
2008.03.03 09:45:47.342,0.7966,0.797,0.30,0.40
2008.03.03 09:45:47.359,0.79663,0.79703,2.40,2.40
2008.03.03 09:45:47.696,0.79663,0.79703,4.00,0.40
2008.03.03 09:45:47.780,0.7966,0.797,0.30,0.40
2008.03.03 09:45:47.916,0.79662,0.79702,0.30,4.00
2008.03.03 09:45:47.992,0.7966,0.79695,0.30,5.60
2008.03.03 09:45:48.136,0.79658,0.79698,0.30,4.00
2008.03.03 09:45:48.213,0.79655,0.7966,0.80,0.10
2008.03.03 09:45:48.350,0.79654,0.79694,0.60,4.00
2008.03.03 09:45:48.432,0.79635,0.7965,0.80,0.20
2008.03.03 09:45:48.635,0.7965,0.7969,0.30,0.20
2008.03.03 09:45:48.651,0.7965,0.79665,0.30,3.30
2008.03.03 09:45:48.871,0.7965,0.79665,0.30,3.20
2008.03.03 09:45:48.969,0.79646,0.79686,0.30,0.20
2008.03.03 09:45:49.203,0.79645,0.797,3.20,0.20
2008.03.03 09:45:49.325,0.79646,0.79686,6.60,2.40
2008.03.03 09:45:49.533,0.79695,0.797,0.50,0.20
2008.03.03 09:45:49.658,0.79644,0.79684,0.30,4.00
2008.03.03 09:45:49.862,0.7964,0.79685,0.30,2.40
2008.03.03 09:45:49.948,0.79646,0.79681,4.00,0.20
2008.03.03 09:45:50.096,0.7964,0.79685,0.30,2.40
2008.03.03 09:45:50.237,0.79634,0.79694,0.30,0.20
2008.03.03 09:45:50.330,0.7964,0.79685,0.30,2.40
2008.03.03 09:45:50.557,0.79635,0.79695,0.30,0.20
2008.03.03 09:45:50.563,0.7964,0.79685,0.30,2.40
2008.03.03 09:45:50.797,0.7964,0.79685,0.30,2.40
2008.03.03 09:45:50.889,0.79634,0.79694,2.40,2.40
2008.03.03 09:45:50.951,0.79646,0.79681,2.40,2.40
2008.03.03 09:45:51.150,0.7964,0.79685,0.30,2.40
2008.03.03 09:45:51.218,0.79632,0.79692,0.30,0.20
2008.03.03 09:45:51.508,0.79633,0.79693,0.80,0.20
2008.03.03 09:45:51.541,0.7964,0.79685,0.30,2.40
2008.03.03 09:45:51.767,0.79635,0.79695,0.30,4.00
2008.03.03 09:45:51.959,0.7964,0.79685,0.30,2.40
2008.03.03 09:45:52.108,0.79637,0.79697,0.20,0.20
2008.03.03 09:45:52.406,0.7964,0.79685,0.30,2.40
2008.03.03 09:45:52.437,0.79638,0.79698,0.30,2.40
2008.03.03 09:45:52.753,0.79639,0.79699,0.50,0.20
2008.03.03 09:45:52.831,0.7964,0.79685,0.30,2.40
2008.03.03 09:45:53.048,0.79641,0.79701,0.60,4.00
2008.03.03 09:45:53.060,0.7964,0.79685,0.30,2.40
2008.03.03 09:45:53.305,0.79639,0.79699,9.60,4.70
2008.03.03 09:45:53.386,0.7964,0.79685,0.30,2.40
2008.03.03 09:45:53.584,0.79638,0.79698,2.40,0.20
2008.03.03 09:45:53.710,0.7964,0.79685,0.30,2.40
2008.03.03 09:45:53.853,0.79634,0.79694,0.30,0.40
2008.03.03 09:45:53.948,0.7964,0.79685,0.30,2.40
2008.03.03 09:45:54.187,0.79633,0.79693,0.30,0.20
2008.03.03 09:45:54.262,0.7964,0.79685,0.30,2.40
2008.03.03 09:45:54.550,0.79632,0.79692,0.30,0.20
2008.03.03 09:45:54.596,0.7964,0.79685,0.30,2.40
2008.03.03 09:45:54.884,0.79632,0.79692,0.30,2.70
2008.03.03 09:45:54.933,0.7964,0.79685,0.30,2.40
2008.03.03 09:45:55.178,0.79633,0.79693,2.40,2.50
2008.03.03 09:45:55.274,0.7964,0.79685,0.30,2.40
2008.03.03 09:45:55.520,0.79633,0.79693,0.30,0.20
2008.03.03 09:45:55.585,0.7964,0.79685,0.30,2.40
2008.03.03 09:45:55.843,0.79633,0.79693,4.00,0.40
2008.03.03 09:45:55.928,0.7964,0.79685,0.30,2.40
2008.03.03 09:45:56.157,0.79633,0.79693,0.80,0.20
2008.03.03 09:45:56.256,0.7964,0.79685,0.30,2.40
2008.03.03 09:45:56.529,0.79634,0.79694,0.30,0.20
2008.03.03 09:45:56.577,0.7964,0.79685,0.30,2.40
2008.03.03 09:45:56.834,0.79632,0.79692,0.30,0.20
2008.03.03 09:45:56.913,0.7964,0.79685,0.30,2.40
2008.03.03 09:45:57.154,0.79631,0.79691,2.40,2.40
2008.03.03 09:45:57.248,0.7964,0.79685,0.30,2.40
2008.03.03 09:45:57.490,0.7963,0.7969,0.30,0.20
2008.03.03 09:45:57.672,0.7964,0.79685,0.30,2.40
2008.03.03 09:45:57.813,0.79629,0.79689,4.00,2.40
2008.03.03 09:45:58.010,0.7964,0.79685,0.30,2.40
2008.03.03 09:45:58.154,0.79627,0.79687,0.30,10.50
2008.03.03 09:45:58.240,0.7964,0.79685,0.30,2.40
2008.03.03 09:45:58.468,0.7964,0.79685,0.30,2.40
2008.03.03 09:45:58.473,0.79624,0.79684,0.60,0.20
2008.03.03 09:45:58.772,0.7964,0.79685,0.30,2.40
2008.03.03 09:45:58.799,0.7962,0.7968,0.30,0.20
2008.03.03 09:45:59.111,0.7964,0.79685,0.30,2.40
2008.03.03 09:45:59.140,0.79615,0.79675,0.30,4.10
2008.03.03 09:45:59.432,0.7964,0.79685,0.30,2.40
2008.03.03 09:45:59.766,0.7964,0.79685,0.30,2.40
2008.03.03 09:46:00.043,0.79611,0.79671,0.05,4.00
2008.03.03 09:46:00.106,0.7964,0.79685,0.30,2.40
2008.03.03 09:46:00.386,0.79612,0.79672,2.60,2.50
2008.03.03 09:46:00.433,0.7964,0.79685,0.30,2.40
2008.03.03 09:46:00.707,0.79614,0.79674,0.30,4.00
2008.03.03 09:46:00.766,0.7964,0.79685,0.30,2.40
2008.03.03 09:46:01.035,0.79614,0.79674,2.40,0.20
2008.03.03 09:46:01.082,0.7964,0.79685,0.30,2.40
2008.03.03 09:46:01.377,0.79612,0.79672,0.30,0.20
2008.03.03 09:46:01.424,0.7964,0.79685,0.30,2.40
2008.03.03 09:46:01.687,0.79611,0.79671,0.30,0.20
2008.03.03 09:46:01.702,0.7964,0.79675,0.30,4.00
2008.03.03 09:46:01.987,0.7964,0.7967,1.00,0.20
2008.03.03 09:46:01.998,0.79612,0.79672,4.00,0.20
2008.03.03 09:46:02.227,0.79612,0.79672,4.00,4.80
2008.03.03 09:46:02.321,0.79645,0.7967,1.00,0.20
2008.03.03 09:46:02.585,0.79614,0.79674,0.10,4.00
2008.03.03 09:46:02.654,0.79645,0.7967,1.00,0.20
2008.03.03 09:46:02.901,0.79612,0.79672,4.00,5.60
2008.03.03 09:46:02.988,0.79645,0.7967,1.00,0.20
2008.03.03 09:46:03.208,0.79645,0.7967,0.30,0.20
2008.03.03 09:46:03.243,0.79611,0.79671,0.30,0.20
2008.03.03 09:46:03.428,0.7964,0.7967,0.30,0.20
2008.03.03 09:46:03.567,0.79611,0.79671,4.00,0.20
2008.03.03 09:46:03.746,0.7964,0.7967,0.30,0.20
2008.03.03 09:46:03.887,0.7961,0.7967,0.30,2.40
2008.03.03 09:46:03.955,0.7964,0.7967,0.30,0.20
2008.03.03 09:46:04.235,0.7961,0.7967,0.30,4.00
2008.03.03 09:46:04.239,0.7964,0.7967,0.60,0.20
2008.03.03 09:46:04.522,0.7964,0.7967,0.60,0.20
2008.03.03 09:46:04.549,0.79609,0.79669,2.40,4.10
2008.03.03 09:46:04.806,0.79645,0.7967,0.30,0.20
2008.03.03 09:46:04.982,0.79608,0.79668,0.30,0.20
2008.03.03 09:46:05.090,0.79645,0.7967,1.00,0.20
2008.03.03 09:46:05.329,0.7961,0.7967,0.30,2.40
2008.03.03 09:46:05.348,0.79645,0.7967,1.00,0.20
2008.03.03 09:46:05.620,0.79645,0.7967,1.00,0.20
2008.03.03 09:46:05.651,0.79609,0.79669,4.00,0.20
2008.03.03 09:46:05.880,0.79645,0.7967,1.00,0.20
2008.03.03 09:46:05.992,0.7961,0.7967,2.40,4.00
2008.03.03 09:46:06.161,0.79645,0.7967,1.00,0.20
2008.03.03 09:46:06.312,0.7961,0.7967,2.60,2.50
2008.03.03 09:46:06.497,0.79645,0.7967,1.00,0.20
2008.03.03 09:46:06.617,0.79611,0.79671,4.00,0.20
2008.03.03 09:46:06.803,0.79645,0.7967,1.00,0.20
2008.03.03 09:46:06.861,0.79611,0.79671,0.30,0.40
2008.03.03 09:46:07.073,0.79645,0.7967,0.80,0.20
2008.03.03 09:46:07.198,0.79611,0.79671,0.30,0.20
2008.03.03 09:46:07.416,0.7964,0.7967,0.60,0.20
2008.03.03 09:46:07.619,0.79612,0.79672,0.30,0.20
2008.03.03 09:46:07.799,0.7964,0.7967,0.60,0.20
2008.03.03 09:46:07.954,0.79611,0.79671,0.30,0.40
2008.03.03 09:46:08.232,0.7964,0.7967,0.60,0.20
2008.03.03 09:46:08.297,0.79611,0.79671,0.30,3.20
2008.03.03 09:46:08.450,0.7964,0.7967,0.60,0.20
2008.03.03 09:46:08.617,0.7961,0.7967,2.40,4.00
2008.03.03 09:46:08.684,0.7964,0.7967,0.60,0.20
2008.03.03 09:46:08.844,0.79609,0.79669,0.30,0.20
2008.03.03 09:46:09.005,0.7964,0.7967,0.60,0.20
2008.03.03 09:46:09.165,0.7961,0.7967,2.60,4.00
2008.03.03 09:46:09.342,0.7964,0.7967,0.60,0.20
2008.03.03 09:46:09.392,0.79608,0.79668,0.30,0.40
2008.03.03 09:46:09.656,0.7964,0.7967,0.60,0.20
2008.03.03 09:46:09.822,0.79609,0.79669,2.60,2.40
2008.03.03 09:46:09.988,0.7964,0.7967,0.60,0.20
2008.03.03 09:46:10.155,0.79609,0.79669,0.30,0.40
2008.03.03 09:46:10.320,0.7964,0.7967,0.60,0.20
2008.03.03 09:46:10.597,0.79609,0.79669,0.30,4.00
2008.03.03 09:46:10.646,0.7964,0.7967,0.60,0.20
2008.03.03 09:46:10.930,0.7961,0.7967,4.00,2.50
2008.03.03 09:46:10.975,0.7964,0.7967,0.60,0.20
2008.03.03 09:46:11.272,0.79611,0.79671,0.30,0.20
2008.03.03 09:46:11.341,0.7964,0.7967,0.60,0.20
2008.03.03 09:46:11.589,0.79611,0.79671,0.30,8.00
2008.03.03 09:46:11.615,0.7964,0.79685,0.60,2.50
2008.03.03 09:46:11.890,0.7964,0.79685,0.30,2.40
2008.03.03 09:46:11.930,0.79612,0.79672,0.30,0.40
2008.03.03 09:46:12.181,0.79635,0.79685,1.00,2.40
2008.03.03 09:46:12.229,0.79611,0.79671,0.30,4.00
2008.03.03 09:46:12.541,0.79635,0.79685,1.00,2.40
2008.03.03 09:46:12.557,0.79612,0.79672,9.60,10.80
2008.03.03 09:46:12.897,0.79613,0.79673,2.40,2.40
2008.03.03 09:46:12.972,0.79635,0.79685,1.00,2.40
2008.03.03 09:46:13.238,0.79615,0.79675,0.30,0.20
2008.03.03 09:46:13.401,0.79635,0.79685,1.00,2.40
2008.03.03 09:46:13.579,0.79616,0.79676,0.50,0.40
2008.03.03 09:46:13.633,0.79635,0.79685,1.00,2.40
2008.03.03 09:46:13.801,0.79616,0.79676,2.80,2.40
2008.03.03 09:46:13.956,0.79635,0.79685,1.00,2.40
2008.03.03 09:46:14.023,0.79615,0.79675,0.30,8.00
2008.03.03 09:46:14.277,0.79635,0.79685,1.00,2.40
2008.03.03 09:46:14.336,0.79615,0.79675,0.30,0.40
2008.03.03 09:46:14.616,0.79635,0.79685,1.00,2.40
2008.03.03 09:46:14.783,0.79613,0.79673,0.30,4.00
2008.03.03 09:46:14.944,0.79635,0.79685,1.00,2.40
2008.03.03 09:46:15.215,0.79612,0.79672,0.30,0.20
2008.03.03 09:46:15.273,0.79635,0.79685,1.00,2.40
2008.03.03 09:46:15.596,0.79635,0.79685,1.00,2.40
2008.03.03 09:46:15.647,0.79613,0.79673,4.00,0.20
2008.03.03 09:46:15.891,0.79614,0.79674,0.30,0.20
2008.03.03 09:46:15.934,0.79635,0.79685,1.00,2.40
2008.03.03 09:46:16.173,0.79645,0.79685,0.30,2.40
2008.03.03 09:46:16.212,0.79612,0.79672,0.30,0.20
2008.03.03 09:46:16.491,0.79645,0.797,3.40,0.40
2008.03.03 09:46:16.535,0.79612,0.79672,0.30,4.80
2008.03.03 09:46:16.812,0.7965,0.797,0.30,0.40
2008.03.03 09:46:16.876,0.79612,0.79672,4.00,0.20
2008.03.03 09:46:17.136,0.7965,0.797,0.30,0.40
2008.03.03 09:46:17.232,0.79612,0.79672,0.30,0.20
2008.03.03 09:46:17.470,0.7965,0.797,0.30,0.40
2008.03.03 09:46:17.536,0.79611,0.79671,0.60,4.00
2008.03.03 09:46:17.862,0.7961,0.7967,4.00,0.20
2008.03.03 09:46:17.913,0.7965,0.797,0.30,0.40
2008.03.03 09:46:18.158,0.7961,0.7967,0.30,4.00
2008.03.03 09:46:18.247,0.7965,0.79695,0.60,6.50
2008.03.03 09:46:18.391,0.79614,0.79669,0.30,4.00
2008.03.03 09:46:18.471,0.7965,0.79695,0.60,6.50
2008.03.03 09:46:18.631,0.79615,0.7967,2.60,2.50
2008.03.03 09:46:18.716,0.7965,0.7969,0.60,0.20
2008.03.03 09:46:18.968,0.79614,0.79674,0.30,0.05
2008.03.03 09:46:19.007,0.7965,0.7969,0.60,0.20
2008.03.03 09:46:19.232,0.79645,0.7966,0.80,0.20
2008.03.03 09:46:19.393,0.79615,0.79675,4.00,0.20
2008.03.03 09:46:19.530,0.79635,0.7966,0.80,0.20
2008.03.03 09:46:19.740,0.79612,0.79672,0.30,0.20
2008.03.03 09:46:19.820,0.7964,0.79685,0.30,2.40
2008.03.03 09:46:20.053,0.79611,0.79671,8.00,0.20
2008.03.03 09:46:20.129,0.79635,0.79685,1.00,2.40
2008.03.03 09:46:20.381,0.7961,0.7967,0.30,0.20
2008.03.03 09:46:20.441,0.79635,0.79685,1.00,2.40
2008.03.03 09:46:20.714,0.7961,0.7967,0.30,9.60
2008.03.03 09:46:20.721,0.7964,0.79685,0.30,2.40
2008.03.03 09:46:20.996,0.7964,0.79695,0.30,8.90
2008.03.03 09:46:21.061,0.7961,0.7967,2.60,2.50
2008.03.03 09:46:21.271,0.7964,0.7969,0.30,0.20
2008.03.03 09:46:21.377,0.79609,0.79669,2.40,0.20
2008.03.03 09:46:21.538,0.7964,0.7969,0.30,0.20
2008.03.03 09:46:21.663,0.7961,0.7967,0.70,4.00
2008.03.03 09:46:21.809,0.7964,0.79685,0.30,2.40
2008.03.03 09:46:21.952,0.7961,0.7967,0.30,0.20
2008.03.03 09:46:22.063,0.7964,0.79685,0.30,2.40
2008.03.03 09:46:22.318,0.7964,0.79685,0.30,2.40
2008.03.03 09:46:22.319,0.79611,0.79671,4.00,0.40
2008.03.03 09:46:22.608,0.79612,0.79672,0.30,0.20
2008.03.03 09:46:22.758,0.7964,0.79685,0.30,2.40
2008.03.03 09:46:22.898,0.79612,0.79672,3.20,2.50
2008.03.03 09:46:23.132,0.79612,0.79672,0.30,0.20
2008.03.03 09:46:23.201,0.7964,0.79685,0.30,2.40
2008.03.03 09:46:23.366,0.79611,0.79671,2.40,2.40
2008.03.03 09:46:23.523,0.7964,0.79685,0.30,2.40
2008.03.03 09:46:23.664,0.7961,0.7967,4.20,2.40
2008.03.03 09:46:23.841,0.7964,0.79685,0.30,2.40
2008.03.03 09:46:23.901,0.79611,0.79671,0.30,0.20
2008.03.03 09:46:24.067,0.7964,0.79685,0.30,2.40
2008.03.03 09:46:24.235,0.79611,0.79671,6.60,0.50
2008.03.03 09:46:24.294,0.7964,0.79685,0.30,2.40
2008.03.03 09:46:24.571,0.79612,0.79667,2.60,2.70
2008.03.03 09:46:24.722,0.7964,0.79685,0.30,2.40
2008.03.03 09:46:24.906,0.79611,0.79666,0.30,0.20
2008.03.03 09:46:25.080,0.7964,0.79685,0.30,2.40
2008.03.03 09:46:25.220,0.79613,0.79668,2.40,0.20
2008.03.03 09:46:25.414,0.7964,0.79695,0.30,8.90
2008.03.03 09:46:25.562,0.79616,0.79671,13.60,0.20
2008.03.03 09:46:25.621,0.7964,0.7969,0.30,0.20
2008.03.03 09:46:25.828,0.7964,0.7969,0.30,0.20
2008.03.03 09:46:25.884,0.79617,0.79672,4.00,0.20
2008.03.03 09:46:26.032,0.7964,0.7969,0.30,0.20
2008.03.03 09:46:26.220,0.79619,0.79674,6.60,0.20
2008.03.03 09:46:26.236,0.7964,0.79695,0.30,2.40
2008.03.03 09:46:26.547,0.79619,0.79675,4.00,0.20
2008.03.03 09:46:26.570,0.7964,0.79685,0.30,2.40
2008.03.03 09:46:26.869,0.79619,0.79674,0.30,0.20
2008.03.03 09:46:26.921,0.7964,0.79685,0.30,2.40
2008.03.03 09:46:27.318,0.79617,0.79672,0.30,0.20
2008.03.03 09:46:27.378,0.7964,0.79685,0.30,2.40
2008.03.03 09:46:27.657,0.79615,0.7967,0.30,0.20
2008.03.03 09:46:27.801,0.7964,0.79685,0.30,2.40
2008.03.03 09:46:28.021,0.79616,0.79671,2.40,0.20
2008.03.03 09:46:28.135,0.7964,0.79685,0.30,2.40
2008.03.03 09:46:28.271,0.79616,0.79671,4.00,2.40
2008.03.03 09:46:28.497,0.7964,0.79685,0.30,2.40
2008.03.03 09:46:28.506,0.79617,0.79672,2.60,2.70
2008.03.03 09:46:28.704,0.7964,0.79685,0.30,2.40
2008.03.03 09:46:28.851,0.79617,0.79672,0.30,0.40
2008.03.03 09:46:29.014,0.7964,0.79685,0.30,2.40
2008.03.03 09:46:29.196,0.79617,0.79672,0.30,0.20
2008.03.03 09:46:29.228,0.7964,0.79685,0.30,2.40
2008.03.03 09:46:29.475,0.7964,0.79685,0.30,2.40
2008.03.03 09:46:29.625,0.79616,0.79671,0.30,2.40
2008.03.03 09:46:29.899,0.7964,0.79685,0.30,2.40
2008.03.03 09:46:29.968,0.79616,0.79671,0.30,0.20
2008.03.03 09:46:30.237,0.7964,0.79685,0.30,2.40
2008.03.03 09:46:30.310,0.79615,0.7967,2.60,2.50
2008.03.03 09:46:30.620,0.79612,0.79667,0.60,4.00
2008.03.03 09:46:30.673,0.7964,0.79685,0.30,2.40
2008.03.03 09:46:30.988,0.79611,0.79666,2.40,2.40
2008.03.03 09:46:30.997,0.7964,0.79685,0.30,2.40
2008.03.03 09:46:31.222,0.79611,0.79666,1.00,0.20
2008.03.03 09:46:31.323,0.7964,0.79685,0.30,2.40
2008.03.03 09:46:31.457,0.79617,0.79662,0.30,0.05
2008.03.03 09:46:31.669,0.7964,0.79685,0.30,2.40
2008.03.03 09:46:31.706,0.79621,0.79666,15.40,2.50
2008.03.03 09:46:31.940,0.79614,0.79674,4.00,0.50
2008.03.03 09:46:31.988,0.7964,0.79685,0.30,2.40
2008.03.03 09:46:32.277,0.79613,0.79673,0.60,0.40
2008.03.03 09:46:32.311,0.7964,0.79685,0.30,2.40
2008.03.03 09:46:32.600,0.79613,0.79673,0.30,0.20
2008.03.03 09:46:32.639,0.7964,0.79685,0.30,2.40
2008.03.03 09:46:32.918,0.79614,0.79674,2.40,2.40
2008.03.03 09:46:32.982,0.7964,0.79685,0.30,2.40
2008.03.03 09:46:33.246,0.79612,0.79672,0.60,0.40
2008.03.03 09:46:33.422,0.7964,0.79685,0.30,2.40
2008.03.03 09:46:33.583,0.79612,0.79672,0.30,0.20
2008.03.03 09:46:33.759,0.7964,0.79685,0.30,2.40
2008.03.03 09:46:33.909,0.79612,0.79672,0.30,0.20
2008.03.03 09:46:34.075,0.7964,0.79685,0.30,2.40
2008.03.03 09:46:34.251,0.79612,0.79672,0.30,4.00
2008.03.03 09:46:34.305,0.7964,0.79685,0.30,2.40
2008.03.03 09:46:34.626,0.7964,0.79685,0.30,2.40
2008.03.03 09:46:34.671,0.79613,0.79673,0.30,0.40
2008.03.03 09:46:34.947,0.7964,0.79685,0.30,2.40
2008.03.03 09:46:35.009,0.79612,0.79672,2.40,4.00
2008.03.03 09:46:35.287,0.7964,0.79685,0.30,2.40
2008.03.03 09:46:35.355,0.79611,0.79671,0.60,0.60
2008.03.03 09:46:35.595,0.7964,0.79685,0.30,2.40
2008.03.03 09:46:35.686,0.79611,0.79671,0.30,2.40
2008.03.03 09:46:35.859,0.79645,0.797,3.40,0.40
2008.03.03 09:46:36.004,0.79611,0.79671,0.30,0.20
2008.03.03 09:46:36.123,0.79645,0.797,3.40,0.40
2008.03.03 09:46:36.333,0.79611,0.79671,0.30,0.20
2008.03.03 09:46:36.388,0.7965,0.797,0.30,0.40
2008.03.03 09:46:36.651,0.7965,0.797,0.30,0.40
2008.03.03 09:46:36.654,0.79611,0.79671,0.30,0.20
2008.03.03 09:46:36.940,0.7965,0.797,0.30,0.40
2008.03.03 09:46:36.989,0.79611,0.79671,2.40,2.40
2008.03.03 09:46:37.276,0.7965,0.797,0.30,0.40
2008.03.03 09:46:37.330,0.7961,0.7967,6.40,0.40
2008.03.03 09:46:37.606,0.7965,0.797,0.30,0.40
2008.03.03 09:46:37.662,0.7961,0.7967,0.30,0.20
2008.03.03 09:46:37.985,0.7961,0.7967,10.60,2.40
2008.03.03 09:46:38.049,0.7965,0.797,0.30,0.40
2008.03.03 09:46:38.305,0.79611,0.79671,0.30,0.20
2008.03.03 09:46:38.478,0.7965,0.797,0.30,0.40
2008.03.03 09:46:38.639,0.79611,0.79671,0.30,4.00
2008.03.03 09:46:38.920,0.7965,0.797,0.30,0.40
2008.03.03 09:46:38.965,0.79611,0.79671,2.80,2.70
2008.03.03 09:46:39.251,0.7965,0.797,0.30,0.40
2008.03.03 09:46:39.312,0.79612,0.79672,4.00,0.20
2008.03.03 09:46:39.544,0.7965,0.797,0.30,0.40
2008.03.03 09:46:39.742,0.79611,0.79671,2.60,2.50
2008.03.03 09:46:39.825,0.7964,0.79685,0.30,2.40
2008.03.03 09:46:40.075,0.79612,0.79672,9.80,8.10
2008.03.03 09:46:40.118,0.7964,0.79685,0.30,2.40
2008.03.03 09:46:40.406,0.79611,0.79671,2.60,2.70
2008.03.03 09:46:40.414,0.79635,0.79685,1.00,2.40
2008.03.03 09:46:40.735,0.7961,0.7967,2.60,0.60
2008.03.03 09:46:40.787,0.79635,0.79685,1.00,2.40
2008.03.03 09:46:41.061,0.7961,0.7967,4.20,2.40
2008.03.03 09:46:41.111,0.79635,0.79685,1.00,2.40
2008.03.03 09:46:41.407,0.79608,0.79668,4.00,0.20
2008.03.03 09:46:41.449,0.79635,0.79685,1.00,2.40
2008.03.03 09:46:41.699,0.79608,0.79668,0.30,2.40
2008.03.03 09:46:41.797,0.79635,0.79685,1.00,2.40
2008.03.03 09:46:41.937,0.7961,0.7967,2.40,2.40
2008.03.03 09:46:42.097,0.79635,0.79685,1.00,2.40
2008.03.03 09:46:42.235,0.7961,0.7967,0.30,0.80
2008.03.03 09:46:42.457,0.79635,0.79685,1.00,2.40
2008.03.03 09:46:42.529,0.79611,0.79671,0.30,0.20
2008.03.03 09:46:42.765,0.79635,0.79685,1.00,2.40
2008.03.03 09:46:42.823,0.79612,0.79672,0.30,4.20
2008.03.03 09:46:43.116,0.79635,0.79685,1.00,2.40
2008.03.03 09:46:43.173,0.79613,0.79673,4.00,0.20
2008.03.03 09:46:43.487,0.79612,0.79672,0.30,0.20
2008.03.03 09:46:43.555,0.79635,0.79685,1.00,2.40
2008.03.03 09:46:43.820,0.79612,0.79672,0.20,0.20
2008.03.03 09:46:43.866,0.79635,0.79685,1.00,2.40
2008.03.03 09:46:44.074,0.79635,0.79675,1.00,4.00
2008.03.03 09:46:44.138,0.79614,0.79674,0.30,0.20
2008.03.03 09:46:44.285,0.79635,0.79675,1.00,4.00
2008.03.03 09:46:44.493,0.79635,0.79675,1.00,4.00
2008.03.03 09:46:44.584,0.79615,0.79675,0.30,4.00
2008.03.03 09:46:44.701,0.79635,0.7966,1.00,0.20
2008.03.03 09:46:44.920,0.79615,0.79675,0.30,0.20
2008.03.03 09:46:45.076,0.79635,0.7966,1.00,0.20
2008.03.03 09:46:45.254,0.79613,0.79673,4.00,0.20
2008.03.03 09:46:45.390,0.79635,0.7966,1.00,0.20
2008.03.03 09:46:45.583,0.79612,0.79672,4.00,0.40
2008.03.03 09:46:45.730,0.79635,0.7966,1.00,0.20
2008.03.03 09:46:45.924,0.79612,0.79672,2.40,2.40
2008.03.03 09:46:46.063,0.79635,0.7966,1.00,0.20
2008.03.03 09:46:46.239,0.79612,0.79672,0.30,4.10
2008.03.03 09:46:46.298,0.79635,0.7966,1.00,0.20
2008.03.03 09:46:46.477,0.7961,0.7967,0.30,0.10
2008.03.03 09:46:46.559,0.79635,0.7966,1.00,0.20
2008.03.03 09:46:46.717,0.7961,0.7967,4.00,0.20
2008.03.03 09:46:46.825,0.79635,0.7966,1.00,0.20
2008.03.03 09:46:46.956,0.79609,0.79669,0.40,4.00
2008.03.03 09:46:47.164,0.79635,0.7966,1.00,0.20
2008.03.03 09:46:47.195,0.79617,0.79662,8.00,0.20
2008.03.03 09:46:47.528,0.79621,0.79661,4.00,0.20
2008.03.03 09:46:47.606,0.79635,0.7966,1.00,0.20
2008.03.03 09:46:47.864,0.79633,0.79653,9.60,0.20
2008.03.03 09:46:48.034,0.79635,0.7966,1.00,0.20
2008.03.03 09:46:48.198,0.79631,0.79656,0.30,0.20
2008.03.03 09:46:48.390,0.79635,0.7966,1.00,0.20
2008.03.03 09:46:48.415,0.79628,0.79653,0.60,2.40
2008.03.03 09:46:48.653,0.79626,0.79651,8.00,0.20
2008.03.03 09:46:48.702,0.79635,0.7966,1.00,0.20
2008.03.03 09:46:48.980,0.79628,0.79653,2.40,2.40
2008.03.03 09:46:49.034,0.79635,0.7966,1.00,0.20
2008.03.03 09:46:49.276,0.79628,0.79653,0.20,2.40
2008.03.03 09:46:49.622,0.79628,0.79653,0.50,0.20
2008.03.03 09:46:49.967,0.79627,0.79652,2.60,6.40
2008.03.03 09:46:50.302,0.79629,0.79649,0.30,4.00
2008.03.03 09:46:50.582,0.79624,0.79649,4.00,0.20
2008.03.03 09:46:50.862,0.79626,0.79651,0.30,0.20
2008.03.03 09:46:51.034,0.79635,0.7966,1.00,0.20
2008.03.03 09:46:51.135,0.79635,0.7966,1.00,0.20
2008.03.03 09:46:51.142,0.79634,0.79649,0.40,2.40
2008.03.03 09:46:51.249,0.79635,0.7966,1.00,0.20
2008.03.03 09:46:51.362,0.79635,0.7966,1.00,0.20
2008.03.03 09:46:51.400,0.79612,0.79672,0.30,4.10
2008.03.03 09:46:51.467,0.79635,0.7966,1.00,0.20
2008.03.03 09:46:51.564,0.79635,0.7966,1.00,0.20
2008.03.03 09:46:51.679,0.79635,0.7966,1.00,0.20
2008.03.03 09:46:51.738,0.79614,0.79674,0.30,0.40
2008.03.03 09:46:51.803,0.79635,0.7966,1.00,0.20
2008.03.03 09:46:52.065,0.79612,0.79672,4.00,2.40
2008.03.03 09:46:52.399,0.79611,0.79671,0.30,0.40
2008.03.03 09:46:52.729,0.7961,0.7967,4.80,6.40
2008.03.03 09:46:53.051,0.7961,0.7967,0.30,2.50
2008.03.03 09:46:53.374,0.79608,0.79668,0.60,0.20
2008.03.03 09:46:53.463,0.79635,0.7966,1.00,0.20
2008.03.03 09:46:53.611,0.7961,0.7967,0.30,0.20
2008.03.03 09:46:53.798,0.79635,0.7966,1.00,0.20
2008.03.03 09:46:53.922,0.7961,0.7967,0.60,9.60
2008.03.03 09:46:54.152,0.7961,0.7967,0.30,9.60
2008.03.03 09:46:54.221,0.79635,0.7966,1.00,0.20
2008.03.03 09:46:54.589,0.79611,0.79671,2.40,2.70
2008.03.03 09:46:54.652,0.79635,0.7966,1.00,0.20
2008.03.03 09:46:54.928,0.79612,0.79672,0.30,0.20
2008.03.03 09:46:54.992,0.79635,0.7966,1.00,0.20
2008.03.03 09:46:55.318,0.79635,0.7966,1.00,0.20
2008.03.03 09:46:55.355,0.79613,0.79673,0.30,0.20
2008.03.03 09:46:55.647,0.79635,0.7966,1.00,0.20
2008.03.03 09:46:55.683,0.79615,0.79675,10.00,8.10
2008.03.03 09:46:55.972,0.79635,0.7966,1.00,0.20
2008.03.03 09:46:55.980,0.79612,0.79672,0.30,0.20
2008.03.03 09:46:56.275,0.79612,0.79672,0.30,3.20
2008.03.03 09:46:56.296,0.79635,0.7966,1.00,0.20
2008.03.03 09:46:56.570,0.79611,0.79671,0.30,0.20
2008.03.03 09:46:56.646,0.79635,0.7966,1.00,0.20
2008.03.03 09:46:56.820,0.79612,0.79672,0.30,0.20
2008.03.03 09:46:56.963,0.79635,0.7966,1.00,0.20
2008.03.03 09:46:57.069,0.79613,0.79673,0.30,0.20
2008.03.03 09:46:57.307,0.79635,0.7966,1.00,0.20
2008.03.03 09:46:57.321,0.79612,0.79672,0.30,0.20
2008.03.03 09:46:57.573,0.79612,0.79672,0.50,0.20
2008.03.03 09:46:57.624,0.79635,0.7966,1.00,0.20
2008.03.03 09:46:57.883,0.79612,0.79672,0.30,0.20
2008.03.03 09:46:58.069,0.79635,0.7966,1.00,0.20
2008.03.03 09:46:58.192,0.79614,0.79674,0.30,0.20
2008.03.03 09:46:58.490,0.79635,0.7966,1.00,0.20
2008.03.03 09:46:58.522,0.79612,0.79672,0.30,0.20
2008.03.03 09:46:58.747,0.79612,0.79672,0.30,2.50
2008.03.03 09:46:58.832,0.79635,0.7966,1.00,0.20
2008.03.03 09:46:58.973,0.79613,0.79673,3.20,2.40
2008.03.03 09:46:59.062,0.79635,0.7966,1.00,0.20
2008.03.03 09:46:59.197,0.79611,0.79671,0.60,0.20
2008.03.03 09:46:59.384,0.79635,0.7966,1.00,0.20
2008.03.03 09:46:59.420,0.79609,0.79669,0.30,4.00
2008.03.03 09:46:59.602,0.79635,0.7966,1.00,0.20
2008.03.03 09:46:59.755,0.79607,0.79667,0.70,0.50
2008.03.03 09:47:00.043,0.79635,0.7966,1.00,0.20
2008.03.03 09:47:00.135,0.79604,0.79664,2.40,2.40
2008.03.03 09:47:00.469,0.79603,0.79663,0.30,0.20
2008.03.03 09:47:00.485,0.79635,0.7966,1.00,0.20
2008.03.03 09:47:00.758,0.79602,0.79662,0.30,0.50
2008.03.03 09:47:00.913,0.79635,0.7966,1.00,0.20
2008.03.03 09:47:01.084,0.79601,0.79661,0.30,4.00
2008.03.03 09:47:01.173,0.79635,0.7966,1.00,0.20
2008.03.03 09:47:01.425,0.79601,0.79661,4.00,0.20
2008.03.03 09:47:01.472,0.79635,0.7966,1.00,0.20
2008.03.03 09:47:01.747,0.79601,0.79661,0.10,0.20
2008.03.03 09:47:01.813,0.79635,0.7966,1.00,0.20
2008.03.03 09:47:02.067,0.79601,0.79661,0.30,0.20
2008.03.03 09:47:02.237,0.79635,0.7966,1.00,0.20
2008.03.03 09:47:02.400,0.79601,0.79661,4.00,2.40
2008.03.03 09:47:02.677,0.79635,0.7966,1.00,0.20
2008.03.03 09:47:02.702,0.79601,0.79661,0.30,0.20
2008.03.03 09:47:02.894,0.79635,0.7966,1.00,0.20
2008.03.03 09:47:03.027,0.79601,0.79661,2.60,6.40
2008.03.03 09:47:03.130,0.79635,0.7966,1.00,0.20
2008.03.03 09:47:03.357,0.79601,0.79661,0.30,0.20
2008.03.03 09:47:03.455,0.79635,0.7966,1.00,0.20
2008.03.03 09:47:03.676,0.79601,0.79661,0.30,0.20
2008.03.03 09:47:03.686,0.79635,0.7966,1.00,0.20
2008.03.03 09:47:03.919,0.79601,0.79661,4.80,0.20
2008.03.03 09:47:04.114,0.79635,0.7966,1.00,0.20
2008.03.03 09:47:04.180,0.79601,0.79661,4.00,0.20
2008.03.03 09:47:04.427,0.79601,0.79661,0.30,0.20
2008.03.03 09:47:04.558,0.79635,0.7966,1.00,0.20
2008.03.03 09:47:04.683,0.79601,0.79661,0.30,0.20
2008.03.03 09:47:04.991,0.79635,0.7966,1.00,0.20
2008.03.03 09:47:05.019,0.79601,0.79661,4.00,0.20
2008.03.03 09:47:05.316,0.79635,0.7966,1.00,0.20
2008.03.03 09:47:05.353,0.79601,0.79661,0.30,0.20
2008.03.03 09:47:05.650,0.79635,0.7966,1.00,0.20
2008.03.03 09:47:05.703,0.79601,0.79661,0.30,0.20
2008.03.03 09:47:05.968,0.79606,0.79656,0.30,2.40
2008.03.03 09:47:05.973,0.79635,0.7966,1.00,0.20
2008.03.03 09:47:06.233,0.79612,0.79647,4.00,0.20
2008.03.03 09:47:06.304,0.79635,0.7966,1.00,0.20
2008.03.03 09:47:06.498,0.7961,0.79645,4.00,0.40
2008.03.03 09:47:06.620,0.79635,0.7966,1.00,0.20
2008.03.03 09:47:06.806,0.79612,0.79637,0.30,2.40
2008.03.03 09:47:06.925,0.7964,0.7968,0.30,2.40
2008.03.03 09:47:07.132,0.79611,0.79636,0.30,10.40
2008.03.03 09:47:07.258,0.7964,0.7969,0.30,2.40
2008.03.03 09:47:07.464,0.79612,0.79637,2.40,2.40
2008.03.03 09:47:07.621,0.7964,0.7969,0.30,2.40
2008.03.03 09:47:07.790,0.79614,0.79639,8.00,0.20
2008.03.03 09:47:07.958,0.7964,0.79695,0.30,6.50
2008.03.03 09:47:08.118,0.79616,0.79641,4.00,0.20
2008.03.03 09:47:08.192,0.7964,0.79695,0.30,6.50
2008.03.03 09:47:08.419,0.7964,0.7969,0.30,2.40
2008.03.03 09:47:08.430,0.79617,0.79642,0.30,2.40
2008.03.03 09:47:08.644,0.7964,0.7969,0.30,2.40
2008.03.03 09:47:08.778,0.79619,0.79644,0.30,0.20
2008.03.03 09:47:08.867,0.79635,0.7969,1.00,2.40
2008.03.03 09:47:09.186,0.79635,0.7969,1.00,2.40
2008.03.03 09:47:09.218,0.79619,0.79644,0.20,0.20
2008.03.03 09:47:09.552,0.79617,0.79642,0.30,0.20
2008.03.03 09:47:09.606,0.79635,0.7969,1.00,2.40
2008.03.03 09:47:09.886,0.79614,0.79639,0.30,0.20
2008.03.03 09:47:09.938,0.79635,0.7969,1.00,2.40
2008.03.03 09:47:10.166,0.79635,0.7969,1.00,2.40
2008.03.03 09:47:10.254,0.79614,0.79639,2.00,0.20
2008.03.03 09:47:10.487,0.79635,0.7969,1.00,2.40
2008.03.03 09:47:10.550,0.79617,0.79642,0.30,0.90
2008.03.03 09:47:10.827,0.79635,0.7969,1.00,2.40
2008.03.03 09:47:10.844,0.7962,0.79645,1.00,9.60
2008.03.03 09:47:11.098,0.79619,0.79644,2.40,0.20
2008.03.03 09:47:11.140,0.79635,0.7969,1.00,2.40
2008.03.03 09:47:11.422,0.79617,0.79642,8.80,4.00
2008.03.03 09:47:11.455,0.7964,0.79695,0.30,6.50
2008.03.03 09:47:11.769,0.7964,0.79695,0.30,6.50
2008.03.03 09:47:11.782,0.79617,0.79642,4.00,0.20
2008.03.03 09:47:12.082,0.7964,0.7969,0.30,0.20
2008.03.03 09:47:12.092,0.79617,0.79642,0.30,0.20
2008.03.03 09:47:12.410,0.7964,0.7969,0.30,0.20
2008.03.03 09:47:12.472,0.79617,0.79642,0.70,0.40
2008.03.03 09:47:12.781,0.79619,0.79644,0.30,0.40
2008.03.03 09:47:12.802,0.7964,0.7969,0.30,0.20
2008.03.03 09:47:13.026,0.79621,0.79646,0.30,0.20
2008.03.03 09:47:13.145,0.7964,0.7969,0.30,0.20
2008.03.03 09:47:13.273,0.79616,0.79651,0.30,0.20
2008.03.03 09:47:13.378,0.7964,0.7969,0.30,0.20
2008.03.03 09:47:13.518,0.79615,0.7965,0.30,0.40
2008.03.03 09:47:13.695,0.7964,0.7969,0.30,0.20
2008.03.03 09:47:13.835,0.79614,0.79649,0.60,4.00
2008.03.03 09:47:14.029,0.7964,0.7969,0.30,0.20
2008.03.03 09:47:14.278,0.79613,0.79648,0.30,4.00
2008.03.03 09:47:14.345,0.79635,0.7969,3.40,0.40
2008.03.03 09:47:14.615,0.79613,0.79648,0.30,4.00
2008.03.03 09:47:14.658,0.79635,0.7969,3.40,0.40
2008.03.03 09:47:15.004,0.79635,0.7969,3.40,0.40
2008.03.03 09:47:15.046,0.79612,0.79647,0.30,0.20
2008.03.03 09:47:15.328,0.79635,0.7969,3.40,0.40
2008.03.03 09:47:15.476,0.79612,0.79647,4.00,0.20
2008.03.03 09:47:15.663,0.79635,0.7969,3.40,0.40
2008.03.03 09:47:15.907,0.79635,0.7969,3.40,0.40
2008.03.03 09:47:15.936,0.79613,0.79648,2.40,0.50
2008.03.03 09:47:16.186,0.79635,0.79685,3.40,4.00
2008.03.03 09:47:16.257,0.79615,0.7965,4.80,0.20
2008.03.03 09:47:16.465,0.79635,0.7968,3.40,0.20
2008.03.03 09:47:16.572,0.79616,0.79651,0.30,4.00
2008.03.03 09:47:16.744,0.79635,0.7968,1.00,0.40
2008.03.03 09:47:16.796,0.79617,0.79652,4.00,0.20
2008.03.03 09:47:17.093,0.79635,0.7968,1.00,0.40
2008.03.03 09:47:17.130,0.79617,0.79652,2.60,2.50
2008.03.03 09:47:17.427,0.79635,0.7968,1.00,0.40
2008.03.03 09:47:17.465,0.79618,0.79648,1.60,2.50
2008.03.03 09:47:17.761,0.79635,0.79675,1.00,4.00
2008.03.03 09:47:17.799,0.79614,0.79649,0.30,0.20
2008.03.03 09:47:18.094,0.79635,0.79675,1.00,4.00
2008.03.03 09:47:18.140,0.79613,0.79648,0.80,4.00
2008.03.03 09:47:18.329,0.79635,0.79675,1.00,4.00
2008.03.03 09:47:18.449,0.79614,0.79649,2.60,2.50
2008.03.03 09:47:18.581,0.79635,0.7968,1.00,0.40
2008.03.03 09:47:18.787,0.79614,0.79649,5.60,0.20
2008.03.03 09:47:18.852,0.79635,0.7968,1.00,0.40
2008.03.03 09:47:19.185,0.79635,0.7968,1.00,0.40
2008.03.03 09:47:19.231,0.79613,0.79648,10.40,0.20
2008.03.03 09:47:19.515,0.79635,0.7968,1.00,0.40
2008.03.03 09:47:19.566,0.79612,0.79647,0.30,0.20
2008.03.03 09:47:19.824,0.79635,0.79675,1.00,4.00
2008.03.03 09:47:19.900,0.79614,0.79649,6.40,0.20
2008.03.03 09:47:20.133,0.79635,0.79675,1.00,4.00
2008.03.03 09:47:20.173,0.79615,0.7965,0.30,0.20
2008.03.03 09:47:20.401,0.79635,0.7968,1.00,0.40
2008.03.03 09:47:20.447,0.79614,0.79649,6.40,0.20
2008.03.03 09:47:20.671,0.79635,0.79675,1.00,4.00
2008.03.03 09:47:20.721,0.79617,0.79642,0.30,0.20
2008.03.03 09:47:20.941,0.79635,0.79675,1.00,4.00
2008.03.03 09:47:20.996,0.79616,0.79641,12.40,2.40
2008.03.03 09:47:21.215,0.79635,0.79675,1.00,4.00
2008.03.03 09:47:21.334,0.79615,0.7964,0.60,0.40
2008.03.03 09:47:21.500,0.79635,0.7967,1.00,0.20
2008.03.03 09:47:21.598,0.79614,0.79634,8.20,2.50
2008.03.03 09:47:21.765,0.79635,0.7968,1.00,0.40
2008.03.03 09:47:21.864,0.79613,0.79633,0.30,0.40
2008.03.03 09:47:22.067,0.79635,0.7968,1.00,0.40
2008.03.03 09:47:22.136,0.79615,0.79635,0.30,0.40
2008.03.03 09:47:22.419,0.79635,0.7968,1.00,0.40
2008.03.03 09:47:22.445,0.79618,0.79638,4.00,0.20
2008.03.03 09:47:22.763,0.7962,0.7964,2.40,2.40
2008.03.03 09:47:22.798,0.79635,0.7968,1.00,0.40
2008.03.03 09:47:23.073,0.79617,0.79642,0.10,0.20
2008.03.03 09:47:23.143,0.79635,0.7968,1.00,0.40
2008.03.03 09:47:23.304,0.79618,0.79638,2.80,2.40
2008.03.03 09:47:23.474,0.79635,0.7968,1.00,0.40
2008.03.03 09:47:23.589,0.79619,0.79639,0.30,4.00
2008.03.03 09:47:23.793,0.79635,0.7968,1.00,0.40
2008.03.03 09:47:23.818,0.79621,0.79641,1.00,0.20
2008.03.03 09:47:24.016,0.79635,0.7968,1.00,0.40
2008.03.03 09:47:24.070,0.79625,0.7964,0.30,0.20
2008.03.03 09:47:24.351,0.7964,0.7968,1.00,0.20
2008.03.03 09:47:24.498,0.79626,0.79641,13.60,2.40
2008.03.03 09:47:24.684,0.79645,0.7968,0.80,0.20
2008.03.03 09:47:24.833,0.79621,0.79646,0.30,0.20
2008.03.03 09:47:25.018,0.7965,0.7968,0.30,0.20
2008.03.03 09:47:25.248,0.79645,0.7968,0.80,0.20
2008.03.03 09:47:25.272,0.79621,0.79646,0.30,0.20
2008.03.03 09:47:25.477,0.79635,0.7968,2.60,0.40
2008.03.03 09:47:25.607,0.79621,0.79646,0.30,0.20
2008.03.03 09:47:25.706,0.79635,0.7968,0.30,0.40
2008.03.03 09:47:25.941,0.79622,0.79647,16.00,0.20
2008.03.03 09:47:26.017,0.79635,0.7968,0.30,0.40
2008.03.03 09:47:26.262,0.79624,0.79649,4.00,0.20
2008.03.03 09:47:26.283,0.79635,0.7968,0.30,0.40
2008.03.03 09:47:26.505,0.79624,0.79649,0.30,0.20
2008.03.03 09:47:26.617,0.79635,0.7968,0.30,0.40
2008.03.03 09:47:26.771,0.79622,0.79647,0.30,0.20
2008.03.03 09:47:26.932,0.79635,0.7968,0.30,0.40
2008.03.03 09:47:27.020,0.79618,0.79643,2.40,0.20
2008.03.03 09:47:27.247,0.79635,0.7968,0.30,0.40
2008.03.03 09:47:27.349,0.79616,0.79641,0.40,0.20
2008.03.03 09:47:27.635,0.79635,0.7968,0.30,0.40
2008.03.03 09:47:27.678,0.79614,0.79639,4.00,0.20
2008.03.03 09:47:27.969,0.79635,0.7968,1.00,0.40
2008.03.03 09:47:28.006,0.79614,0.79639,0.30,0.20
2008.03.03 09:47:28.304,0.7964,0.7968,1.00,0.40
2008.03.03 09:47:28.336,0.79614,0.79639,0.30,0.20
2008.03.03 09:47:28.539,0.7964,0.7968,1.00,0.20
2008.03.03 09:47:28.556,0.79615,0.7964,7.20,0.20
2008.03.03 09:47:28.781,0.79611,0.79646,0.30,0.20
2008.03.03 09:47:28.788,0.7964,0.7968,0.80,0.40
2008.03.03 09:47:28.999,0.7961,0.79645,4.80,0.20
2008.03.03 09:47:29.042,0.79635,0.7968,1.00,0.40
2008.03.03 09:47:29.219,0.79615,0.7964,0.30,4.00
2008.03.03 09:47:29.314,0.79635,0.7968,1.00,0.40
2008.03.03 09:47:29.553,0.79617,0.79642,6.40,2.40
2008.03.03 09:47:29.639,0.79635,0.7968,1.00,0.40
2008.03.03 09:47:29.887,0.79613,0.79648,0.30,0.20
2008.03.03 09:47:29.941,0.79635,0.7968,1.00,0.40
2008.03.03 09:47:30.222,0.79614,0.79649,0.60,0.20
2008.03.03 09:47:30.281,0.79635,0.7968,1.00,0.40
2008.03.03 09:47:30.531,0.79612,0.79647,0.30,0.20
2008.03.03 09:47:30.620,0.79635,0.7968,1.00,0.40
2008.03.03 09:47:30.841,0.79607,0.79652,0.60,6.40
2008.03.03 09:47:30.937,0.79635,0.7968,1.00,0.40
2008.03.03 09:47:31.150,0.79608,0.79653,0.30,0.20
2008.03.03 09:47:31.215,0.79635,0.79675,1.00,4.00
2008.03.03 09:47:31.396,0.79609,0.79654,2.60,4.10
2008.03.03 09:47:31.494,0.79635,0.79675,1.00,4.00
2008.03.03 09:47:31.653,0.7961,0.79655,0.30,0.20
2008.03.03 09:47:31.773,0.7964,0.7968,0.80,0.40
2008.03.03 09:47:31.986,0.79609,0.79654,4.00,2.50
2008.03.03 09:47:32.063,0.79645,0.7968,0.80,0.20
2008.03.03 09:47:32.307,0.79608,0.79653,0.30,2.40
2008.03.03 09:47:32.369,0.79645,0.7968,0.80,0.20
2008.03.03 09:47:32.635,0.7961,0.7965,8.00,0.80
2008.03.03 09:47:32.676,0.79645,0.7967,0.80,0.20
2008.03.03 09:47:32.975,0.79612,0.79647,2.60,2.40
2008.03.03 09:47:33.032,0.79645,0.7967,0.80,0.20
2008.03.03 09:47:33.366,0.79645,0.7967,0.80,0.20
2008.03.03 09:47:33.395,0.79614,0.79649,0.30,0.20
2008.03.03 09:47:33.682,0.79645,0.7967,0.80,0.20
2008.03.03 09:47:33.744,0.79615,0.7965,0.30,4.00
2008.03.03 09:47:34.027,0.79645,0.7967,0.80,0.20
2008.03.03 09:47:34.075,0.79615,0.7965,4.00,0.20
2008.03.03 09:47:34.347,0.79645,0.7967,0.80,0.20
2008.03.03 09:47:34.398,0.79616,0.79651,0.30,0.20
2008.03.03 09:47:34.672,0.79645,0.7967,0.80,0.20
2008.03.03 09:47:34.748,0.79615,0.7965,0.30,0.20
2008.03.03 09:47:35.003,0.79645,0.7967,0.80,0.20
2008.03.03 09:47:35.147,0.79614,0.79649,0.60,2.40
2008.03.03 09:47:35.302,0.79645,0.7967,0.80,0.20
2008.03.03 09:47:35.457,0.79615,0.7965,8.00,1.70
2008.03.03 09:47:35.521,0.7964,0.7967,0.30,0.20
2008.03.03 09:47:35.740,0.79635,0.7966,0.80,0.20
2008.03.03 09:47:35.765,0.79618,0.79653,4.00,2.60
2008.03.03 09:47:35.959,0.79635,0.7966,0.80,0.20
2008.03.03 09:47:36.075,0.79622,0.79657,2.40,2.40
2008.03.03 09:47:36.226,0.79635,0.7966,0.80,0.20
2008.03.03 09:47:36.383,0.79633,0.79649,4.00,0.20
2008.03.03 09:47:36.563,0.79635,0.7966,0.80,0.20
2008.03.03 09:47:36.635,0.79631,0.79636,8.00,2.40
2008.03.03 09:47:36.883,0.7964,0.79675,0.30,4.10
2008.03.03 09:47:36.884,0.79617,0.79642,4.00,0.20
2008.03.03 09:47:37.132,0.79616,0.79641,2.40,2.40
2008.03.03 09:47:37.185,0.7964,0.79675,0.30,4.00
2008.03.03 09:47:37.480,0.79616,0.79641,0.30,0.20
2008.03.03 09:47:37.505,0.7964,0.79675,0.30,4.00
2008.03.03 09:47:37.824,0.7964,0.7967,0.30,0.20
2008.03.03 09:47:37.915,0.79617,0.79642,4.00,0.20
2008.03.03 09:47:38.142,0.7964,0.7967,0.30,0.20
2008.03.03 09:47:38.249,0.79617,0.79642,0.60,0.20
2008.03.03 09:47:38.470,0.79616,0.79641,0.80,0.20
2008.03.03 09:47:38.531,0.7964,0.7967,0.30,0.20
2008.03.03 09:47:38.692,0.79615,0.7964,0.60,0.20
2008.03.03 09:47:38.773,0.7964,0.7967,0.30,0.20
2008.03.03 09:47:39.016,0.79614,0.79639,0.30,0.40
2008.03.03 09:47:39.110,0.7964,0.7967,0.30,0.20
2008.03.03 09:47:39.242,0.79614,0.79639,4.80,0.20
2008.03.03 09:47:39.339,0.7964,0.7967,0.30,0.20
2008.03.03 09:47:39.637,0.7964,0.7967,0.30,0.20
2008.03.03 09:47:39.669,0.79617,0.79642,0.30,0.20
2008.03.03 09:47:39.961,0.7964,0.7967,0.30,0.20
2008.03.03 09:47:40.017,0.79621,0.79646,2.60,2.50
2008.03.03 09:47:40.272,0.7964,0.7967,0.30,0.20
2008.03.03 09:47:40.455,0.79621,0.79646,4.00,0.40
2008.03.03 09:47:40.518,0.7964,0.7967,0.30,0.20
2008.03.03 09:47:40.752,0.7964,0.79675,0.30,4.10
2008.03.03 09:47:40.778,0.7962,0.79645,0.30,0.30
2008.03.03 09:47:40.986,0.7964,0.79675,0.30,4.00
2008.03.03 09:47:41.123,0.79618,0.79643,4.00,0.20
2008.03.03 09:47:41.220,0.7964,0.79675,0.30,4.00
2008.03.03 09:47:41.441,0.79617,0.79642,0.30,0.20
2008.03.03 09:47:41.454,0.7964,0.7968,0.30,0.40
2008.03.03 09:47:41.778,0.7962,0.79645,4.00,0.20
2008.03.03 09:47:41.783,0.7964,0.7967,0.30,0.20
2008.03.03 09:47:42.106,0.79622,0.79647,0.30,4.00
2008.03.03 09:47:42.113,0.7964,0.7967,0.30,0.20
2008.03.03 09:47:42.437,0.79621,0.79646,0.30,0.20
2008.03.03 09:47:42.495,0.7964,0.7967,0.30,0.20
2008.03.03 09:47:42.769,0.79617,0.79642,0.30,4.00
2008.03.03 09:47:42.956,0.7964,0.7967,0.30,0.20
2008.03.03 09:47:43.089,0.79614,0.79639,4.00,0.20
2008.03.03 09:47:43.363,0.7964,0.7967,0.30,0.20
2008.03.03 09:47:43.426,0.79612,0.79637,2.40,2.40
2008.03.03 09:47:43.586,0.7964,0.7967,0.30,0.20
2008.03.03 09:47:43.647,0.79614,0.79639,0.80,0.20
2008.03.03 09:47:43.865,0.79615,0.7964,3.10,9.60
2008.03.03 09:47:43.912,0.7964,0.7967,0.30,0.20
2008.03.03 09:47:44.191,0.79616,0.79641,0.70,0.40
2008.03.03 09:47:44.266,0.7964,0.7967,0.30,0.20
2008.03.03 09:47:44.584,0.7964,0.7967,0.30,0.20
2008.03.03 09:47:44.629,0.79615,0.7964,0.30,4.00
2008.03.03 09:47:44.921,0.7964,0.7967,0.30,0.20
2008.03.03 09:47:45.069,0.79614,0.79639,0.50,0.20
2008.03.03 09:47:45.248,0.7964,0.7967,0.30,0.20
2008.03.03 09:47:45.507,0.79614,0.79639,0.80,0.20
2008.03.03 09:47:45.569,0.7964,0.7967,0.30,0.20
2008.03.03 09:47:45.891,0.7964,0.7967,0.30,0.20
2008.03.03 09:47:45.942,0.79613,0.79638,0.30,0.20
2008.03.03 09:47:46.233,0.7964,0.7967,0.30,0.20
2008.03.03 09:47:46.289,0.79614,0.79639,1.00,0.20
2008.03.03 09:47:46.559,0.7964,0.7967,0.30,0.20
2008.03.03 09:47:46.626,0.79616,0.79641,4.00,0.20
2008.03.03 09:47:46.880,0.7964,0.7967,0.30,0.20
2008.03.03 09:47:46.941,0.79617,0.79642,4.80,0.20
2008.03.03 09:47:47.212,0.7964,0.7967,0.30,0.20
2008.03.03 09:47:47.264,0.79618,0.79643,4.00,0.40
2008.03.03 09:47:47.553,0.7964,0.7967,0.30,0.20
2008.03.03 09:47:47.596,0.79619,0.79644,0.30,0.10
2008.03.03 09:47:47.936,0.79619,0.79644,0.30,4.00
2008.03.03 09:47:47.982,0.7964,0.7967,0.30,0.20
2008.03.03 09:47:48.253,0.7962,0.79645,2.00,4.10
2008.03.03 09:47:48.330,0.7964,0.7967,0.30,0.20
2008.03.03 09:47:48.588,0.79619,0.79644,2.40,2.40
2008.03.03 09:47:48.775,0.7964,0.7967,0.30,0.20
2008.03.03 09:47:48.915,0.79617,0.79642,0.60,0.40
2008.03.03 09:47:49.088,0.7964,0.7967,0.30,0.20
2008.03.03 09:47:49.145,0.79616,0.79641,1.00,0.20
2008.03.03 09:47:49.310,0.7964,0.7967,0.30,0.20
2008.03.03 09:47:49.440,0.79617,0.79642,0.30,0.20
2008.03.03 09:47:49.527,0.7964,0.7967,0.30,0.20
2008.03.03 09:47:49.773,0.79617,0.79642,0.30,2.40
2008.03.03 09:47:49.979,0.7964,0.7967,0.30,0.20
2008.03.03 09:47:50.106,0.79617,0.79642,0.30,2.40
2008.03.03 09:47:50.403,0.7964,0.7967,0.30,0.20
2008.03.03 09:47:50.441,0.79619,0.79644,4.00,0.20
2008.03.03 09:47:50.745,0.7964,0.7967,0.30,0.20
2008.03.03 09:47:50.775,0.79617,0.79642,0.30,4.10
2008.03.03 09:47:51.078,0.7964,0.7967,0.30,0.20
2008.03.03 09:47:51.125,0.79617,0.79642,0.60,0.20
2008.03.03 09:47:51.405,0.7964,0.7967,0.30,0.20
2008.03.03 09:47:51.459,0.79617,0.79642,1.00,0.20
2008.03.03 09:47:51.661,0.7964,0.7967,0.30,0.20
2008.03.03 09:47:51.698,0.7962,0.79645,2.40,4.00
2008.03.03 09:47:51.939,0.79627,0.79642,4.80,0.20
2008.03.03 09:47:52.058,0.7964,0.7967,0.30,0.20
2008.03.03 09:47:52.179,0.79622,0.79647,0.50,2.00
2008.03.03 09:47:52.389,0.7964,0.7967,0.30,0.20
2008.03.03 09:47:52.436,0.79621,0.79646,8.00,0.20
2008.03.03 09:47:52.702,0.7964,0.79675,0.30,4.00
2008.03.03 09:47:52.841,0.79618,0.79643,4.20,5.60
2008.03.03 09:47:53.035,0.7964,0.7968,0.30,0.40
2008.03.03 09:47:53.176,0.79616,0.79641,4.00,0.20
2008.03.03 09:47:53.387,0.7964,0.7968,0.30,0.40
2008.03.03 09:47:53.526,0.79617,0.79642,4.00,2.40
2008.03.03 09:47:53.751,0.79618,0.79643,0.30,0.20
2008.03.03 09:47:53.788,0.7964,0.7968,0.30,0.40
2008.03.03 09:47:53.976,0.79615,0.7965,0.30,0.40
2008.03.03 09:47:54.012,0.7964,0.79675,0.30,4.00
2008.03.03 09:47:54.213,0.79615,0.7965,4.20,2.40
2008.03.03 09:47:54.236,0.7964,0.79675,0.30,4.00
2008.03.03 09:47:54.476,0.7964,0.7967,0.30,0.20
2008.03.03 09:47:54.527,0.79616,0.79651,16.20,2.40
2008.03.03 09:47:54.736,0.7964,0.7967,0.30,0.20
2008.03.03 09:47:54.866,0.79615,0.7965,2.80,2.50
2008.03.03 09:47:55.017,0.7964,0.7968,0.30,0.40
2008.03.03 09:47:55.304,0.79615,0.7965,0.30,0.20
2008.03.03 09:47:55.316,0.7964,0.7968,0.30,0.40
2008.03.03 09:47:55.641,0.79614,0.79649,0.30,0.20
2008.03.03 09:47:55.689,0.7964,0.7968,0.30,0.40
2008.03.03 09:47:55.985,0.79615,0.7965,0.30,4.10
2008.03.03 09:47:56.030,0.7964,0.7968,0.30,0.40
2008.03.03 09:47:56.279,0.7964,0.79675,0.30,4.00
2008.03.03 09:47:56.304,0.79616,0.79651,2.60,2.40
2008.03.03 09:47:56.528,0.7964,0.79675,0.30,4.00
2008.03.03 09:47:56.628,0.79616,0.79651,6.40,0.20
2008.03.03 09:47:56.777,0.7964,0.79675,0.30,4.00
2008.03.03 09:47:56.958,0.79615,0.7965,1.00,0.40
2008.03.03 09:47:57.040,0.7964,0.7968,0.30,0.40
2008.03.03 09:47:57.253,0.79613,0.79648,1.60,0.20
2008.03.03 09:47:57.304,0.7964,0.7968,0.30,0.40
2008.03.03 09:47:57.513,0.79611,0.79646,0.60,4.00
2008.03.03 09:47:57.676,0.7964,0.7968,0.30,0.40
2008.03.03 09:47:57.755,0.79608,0.79643,4.00,0.20
2008.03.03 09:47:58.013,0.7964,0.7968,0.30,0.40
2008.03.03 09:47:58.066,0.79614,0.79639,2.40,2.40
2008.03.03 09:47:58.374,0.79616,0.79641,0.30,4.00
2008.03.03 09:47:58.435,0.7964,0.7968,0.30,0.40
2008.03.03 09:47:58.717,0.79619,0.79644,4.20,0.20
2008.03.03 09:47:58.871,0.7964,0.7968,0.30,0.40
2008.03.03 09:47:58.950,0.79621,0.79646,0.30,0.20
2008.03.03 09:47:59.094,0.7964,0.7968,0.30,0.40
2008.03.03 09:47:59.179,0.79622,0.79647,0.30,0.20
2008.03.03 09:47:59.315,0.7964,0.7968,0.30,0.40
2008.03.03 09:47:59.483,0.79624,0.79649,0.30,4.30
2008.03.03 09:47:59.641,0.7964,0.7968,0.30,0.40
2008.03.03 09:47:59.873,0.7964,0.7968,0.30,0.40
2008.03.03 09:47:59.903,0.79626,0.7965,2.40,2.40
2008.03.03 09:48:00.311,0.7964,0.7968,0.30,0.40
2008.03.03 09:48:00.430,0.79633,0.79657,2.40,2.40
2008.03.03 09:48:00.756,0.7964,0.7968,0.30,0.40
2008.03.03 09:48:00.782,0.79636,0.79661,0.30,0.90
2008.03.03 09:48:01.070,0.7964,0.7968,0.30,0.40
2008.03.03 09:48:01.112,0.79639,0.79664,0.30,0.20
2008.03.03 09:48:01.306,0.7964,0.7968,0.30,0.40
2008.03.03 09:48:01.434,0.79639,0.79664,0.30,0.20
2008.03.03 09:48:01.628,0.7964,0.7968,0.30,0.40
2008.03.03 09:48:01.761,0.79641,0.79666,4.00,0.20
2008.03.03 09:48:01.955,0.7964,0.7968,0.30,0.40
2008.03.03 09:48:02.095,0.79641,0.79666,0.30,0.20
2008.03.03 09:48:02.287,0.7964,0.7968,0.30,0.40
2008.03.03 09:48:02.422,0.7964,0.79665,13.80,0.50
2008.03.03 09:48:02.618,0.7964,0.7968,0.30,0.40
2008.03.03 09:48:02.756,0.7964,0.79665,8.00,0.20
2008.03.03 09:48:02.937,0.7964,0.7968,0.30,0.40
2008.03.03 09:48:03.079,0.79638,0.79663,0.30,0.80
2008.03.03 09:48:03.272,0.7964,0.7968,0.30,0.40
2008.03.03 09:48:03.413,0.79638,0.79663,0.30,4.00
2008.03.03 09:48:03.615,0.7964,0.7968,0.30,0.40
2008.03.03 09:48:03.747,0.79636,0.79661,2.40,0.20
2008.03.03 09:48:04.052,0.7964,0.7968,0.30,0.40
2008.03.03 09:48:04.069,0.79638,0.79663,0.30,0.20
2008.03.03 09:48:04.379,0.7964,0.7968,0.30,0.40
2008.03.03 09:48:04.404,0.7964,0.79665,12.00,0.20
2008.03.03 09:48:04.606,0.7964,0.7968,0.30,0.40
2008.03.03 09:48:04.737,0.79643,0.79668,4.00,0.20
2008.03.03 09:48:04.923,0.7964,0.7968,0.30,0.40
2008.03.03 09:48:05.074,0.79646,0.79671,0.30,4.00
2008.03.03 09:48:05.371,0.7964,0.7968,0.30,0.40
2008.03.03 09:48:05.501,0.79647,0.79672,16.00,2.40
2008.03.03 09:48:05.824,0.7964,0.7968,0.30,0.40
2008.03.03 09:48:05.918,0.79648,0.79673,0.30,0.20
2008.03.03 09:48:06.128,0.7964,0.7968,0.30,0.40
2008.03.03 09:48:06.266,0.79648,0.79673,0.30,0.40
2008.03.03 09:48:06.361,0.7964,0.7968,0.30,0.40
2008.03.03 09:48:06.569,0.7964,0.7968,0.30,0.40
2008.03.03 09:48:06.595,0.79648,0.79673,0.30,0.20
2008.03.03 09:48:06.801,0.7964,0.7968,0.30,0.40
2008.03.03 09:48:06.941,0.79647,0.79672,0.30,4.00
2008.03.03 09:48:07.228,0.7964,0.7968,0.30,0.40
2008.03.03 09:48:07.376,0.79647,0.79672,0.30,0.20
2008.03.03 09:48:07.575,0.7964,0.7968,0.30,0.40
2008.03.03 09:48:07.814,0.79646,0.79671,2.40,2.40
2008.03.03 09:48:08.012,0.7964,0.7968,0.30,0.40
2008.03.03 09:48:08.144,0.79646,0.79671,0.30,0.20
2008.03.03 09:48:08.346,0.7964,0.7968,0.30,0.40
2008.03.03 09:48:08.371,0.79644,0.79669,0.60,2.40
2008.03.03 09:48:08.556,0.7964,0.7968,0.30,0.40
2008.03.03 09:48:08.681,0.79643,0.79668,4.00,0.20
2008.03.03 09:48:08.771,0.7964,0.7968,0.30,0.40
2008.03.03 09:48:08.996,0.7965,0.7968,0.30,0.40
2008.03.03 09:48:09.021,0.79642,0.79667,4.00,0.20
2008.03.03 09:48:09.335,0.7965,0.7968,0.30,0.20
2008.03.03 09:48:09.355,0.79643,0.79668,2.60,3.20
2008.03.03 09:48:09.685,0.7965,0.7968,0.30,0.20
2008.03.03 09:48:09.690,0.79644,0.79669,0.30,0.20
2008.03.03 09:48:10.035,0.7965,0.7968,0.30,0.20
2008.03.03 09:48:10.114,0.79645,0.7967,0.30,0.20
2008.03.03 09:48:10.312,0.7965,0.7968,0.30,0.20
2008.03.03 09:48:10.431,0.79646,0.79671,0.30,4.00
2008.03.03 09:48:10.646,0.7965,0.7968,0.30,0.20
2008.03.03 09:48:10.781,0.79645,0.7967,2.40,2.40
2008.03.03 09:48:10.883,0.7965,0.7968,0.30,0.20
2008.03.03 09:48:11.101,0.79646,0.79671,2.40,2.40
2008.03.03 09:48:11.201,0.7965,0.7968,0.30,0.20
2008.03.03 09:48:11.452,0.79647,0.79672,5.60,0.20
2008.03.03 09:48:11.635,0.7965,0.7968,0.30,0.20
2008.03.03 09:48:11.778,0.79647,0.79672,0.30,0.20
2008.03.03 09:48:11.966,0.7965,0.7968,0.30,0.20
2008.03.03 09:48:12.110,0.79648,0.79673,1.00,9.60
2008.03.03 09:48:12.409,0.7965,0.7968,0.30,0.20
2008.03.03 09:48:12.423,0.79646,0.79671,0.60,2.50
2008.03.03 09:48:12.768,0.79645,0.7967,0.30,0.20
2008.03.03 09:48:12.854,0.7965,0.7968,0.30,0.20
2008.03.03 09:48:13.085,0.79643,0.79668,0.30,0.60
2008.03.03 09:48:13.284,0.7965,0.7968,0.30,0.20
2008.03.03 09:48:13.394,0.79643,0.79668,4.00,5.60
2008.03.03 09:48:13.516,0.7965,0.7968,0.30,0.20
2008.03.03 09:48:13.639,0.79644,0.79669,0.30,1.90
2008.03.03 09:48:13.828,0.7965,0.7968,0.30,0.20
2008.03.03 09:48:13.927,0.79646,0.79671,2.80,0.70
2008.03.03 09:48:14.172,0.79646,0.79671,0.30,0.20
2008.03.03 09:48:14.173,0.7965,0.7968,0.30,0.20
2008.03.03 09:48:14.494,0.7965,0.7968,0.30,0.20
2008.03.03 09:48:14.506,0.79652,0.79667,2.40,0.40
2008.03.03 09:48:14.828,0.7965,0.7968,0.30,0.20
2008.03.03 09:48:14.839,0.79646,0.79671,4.20,0.50
2008.03.03 09:48:15.171,0.7965,0.7968,0.30,0.20
2008.03.03 09:48:15.174,0.79646,0.79671,4.00,0.20
2008.03.03 09:48:15.450,0.7965,0.7968,0.30,0.20
2008.03.03 09:48:15.511,0.79647,0.79672,4.00,0.20
2008.03.03 09:48:15.737,0.7965,0.7968,0.30,0.20
2008.03.03 09:48:15.842,0.79647,0.79672,8.00,0.20
2008.03.03 09:48:16.033,0.7965,0.7969,0.30,0.40
2008.03.03 09:48:16.191,0.79648,0.79673,0.30,0.20
2008.03.03 09:48:16.319,0.79645,0.7969,1.00,0.40
2008.03.03 09:48:16.510,0.79646,0.79671,2.60,8.10
2008.03.03 09:48:16.588,0.79645,0.7969,1.00,0.40
2008.03.03 09:48:16.830,0.79645,0.7967,1.00,4.40
2008.03.03 09:48:16.877,0.79645,0.7969,1.00,0.40
2008.03.03 09:48:17.149,0.79643,0.79668,0.30,0.20
2008.03.03 09:48:17.163,0.7964,0.7969,0.30,0.20
2008.03.03 09:48:17.515,0.7964,0.7969,0.60,0.20
2008.03.03 09:48:17.601,0.79642,0.79667,0.60,0.20
2008.03.03 09:48:17.848,0.7964,0.7969,0.60,0.20
2008.03.03 09:48:17.931,0.79642,0.79667,4.00,0.20
2008.03.03 09:48:18.234,0.7964,0.7969,0.60,0.20
2008.03.03 09:48:18.258,0.79641,0.79666,2.60,2.50
2008.03.03 09:48:18.468,0.7964,0.7969,0.60,0.20
2008.03.03 09:48:18.594,0.79642,0.79667,0.30,2.50
2008.03.03 09:48:18.702,0.7964,0.7969,0.60,0.20
2008.03.03 09:48:18.889,0.79643,0.79668,0.30,0.50
2008.03.03 09:48:19.001,0.7964,0.7969,0.60,0.20
2008.03.03 09:48:19.126,0.79642,0.79667,4.00,0.20
2008.03.03 09:48:19.336,0.7964,0.7969,0.60,0.20
2008.03.03 09:48:19.460,0.79641,0.79666,1.00,0.40
2008.03.03 09:48:19.661,0.7964,0.7969,0.60,0.20
2008.03.03 09:48:19.796,0.7964,0.79665,4.40,0.20
2008.03.03 09:48:19.986,0.7964,0.7969,0.60,0.20
2008.03.03 09:48:20.228,0.79638,0.79663,0.30,0.20
2008.03.03 09:48:20.274,0.7964,0.7969,0.60,0.20
2008.03.03 09:48:20.534,0.7964,0.7969,0.60,0.20
2008.03.03 09:48:20.551,0.79637,0.79662,0.30,0.20
2008.03.03 09:48:20.870,0.7964,0.7969,0.60,0.20
2008.03.03 09:48:20.928,0.79636,0.79661,2.40,2.40
2008.03.03 09:48:21.129,0.7964,0.7969,0.60,0.20
2008.03.03 09:48:21.222,0.79636,0.79661,4.20,0.20
2008.03.03 09:48:21.430,0.7964,0.7969,0.60,0.20
2008.03.03 09:48:21.561,0.79638,0.79663,0.30,0.20
2008.03.03 09:48:21.703,0.7964,0.7969,0.60,0.20
2008.03.03 09:48:21.889,0.79639,0.79664,0.30,4.00
2008.03.03 09:48:22.028,0.7964,0.7969,0.60,0.20
2008.03.03 09:48:22.220,0.7964,0.79665,0.30,0.20
2008.03.03 09:48:22.415,0.7964,0.7969,0.60,0.20
2008.03.03 09:48:22.558,0.79642,0.79667,2.60,12.00
2008.03.03 09:48:22.856,0.7964,0.7969,0.60,0.20
2008.03.03 09:48:22.869,0.79643,0.79668,2.40,8.00
2008.03.03 09:48:23.210,0.79645,0.7967,0.30,0.20
2008.03.03 09:48:23.314,0.7964,0.7969,0.60,0.20
2008.03.03 09:48:23.523,0.79642,0.79667,2.40,0.20
2008.03.03 09:48:23.576,0.7964,0.7969,0.60,0.20
2008.03.03 09:48:23.850,0.7964,0.7969,0.60,0.20
2008.03.03 09:48:23.870,0.79641,0.79666,0.30,4.00
2008.03.03 09:48:24.074,0.7964,0.7969,0.60,0.20
2008.03.03 09:48:24.184,0.79639,0.79664,0.30,2.40
2008.03.03 09:48:24.384,0.79645,0.7969,0.30,0.40
2008.03.03 09:48:24.525,0.79638,0.79663,0.30,4.00
2008.03.03 09:48:24.693,0.79645,0.7969,0.30,0.40
2008.03.03 09:48:24.866,0.79639,0.79664,4.00,0.20
2008.03.03 09:48:25.003,0.7965,0.7969,0.30,0.40
2008.03.03 09:48:25.292,0.79638,0.79663,0.30,4.00
2008.03.03 09:48:25.379,0.7965,0.7969,0.30,0.40
2008.03.03 09:48:25.609,0.7965,0.7969,0.30,0.40
2008.03.03 09:48:25.639,0.79638,0.79663,0.30,0.20
2008.03.03 09:48:25.936,0.7965,0.7969,0.30,0.40
2008.03.03 09:48:25.956,0.79636,0.79661,2.40,2.50
2008.03.03 09:48:26.165,0.7965,0.7969,0.30,0.40
2008.03.03 09:48:26.299,0.79636,0.79661,0.30,0.20
2008.03.03 09:48:26.459,0.7965,0.79685,0.30,0.20
2008.03.03 09:48:26.549,0.79634,0.79664,0.30,0.20
2008.03.03 09:48:26.798,0.79634,0.79664,2.60,2.50
2008.03.03 09:48:26.819,0.7965,0.79685,0.30,0.20
2008.03.03 09:48:27.047,0.79637,0.79662,0.60,2.50
2008.03.03 09:48:27.139,0.7965,0.79685,0.30,0.20
2008.03.03 09:48:27.298,0.79638,0.79663,9.60,0.20
2008.03.03 09:48:27.579,0.7965,0.79685,0.30,0.20
2008.03.03 09:48:27.607,0.79638,0.79663,2.40,2.40
2008.03.03 09:48:27.941,0.7965,0.79685,0.30,0.20
2008.03.03 09:48:27.949,0.79638,0.79663,0.30,0.10
2008.03.03 09:48:28.258,0.79639,0.79664,0.60,0.20
2008.03.03 09:48:28.342,0.7965,0.79685,0.30,0.20
2008.03.03 09:48:28.477,0.79641,0.79666,0.30,0.20
2008.03.03 09:48:28.572,0.7965,0.79685,0.30,0.20
2008.03.03 09:48:28.696,0.79642,0.79667,2.80,2.50
2008.03.03 09:48:28.904,0.7965,0.79685,0.30,0.20
2008.03.03 09:48:28.915,0.79644,0.79664,6.60,0.20
2008.03.03 09:48:29.134,0.79646,0.79666,10.40,0.20
2008.03.03 09:48:29.239,0.7965,0.79685,0.30,0.20
2008.03.03 09:48:29.468,0.79647,0.79667,1.80,0.20
2008.03.03 09:48:29.567,0.7965,0.79685,0.30,0.20
2008.03.03 09:48:29.808,0.79646,0.79666,0.30,0.20
2008.03.03 09:48:29.896,0.7965,0.79685,0.30,0.20
2008.03.03 09:48:30.142,0.79647,0.79662,0.30,0.20
2008.03.03 09:48:30.215,0.7965,0.7969,0.30,0.40
2008.03.03 09:48:30.477,0.79645,0.7966,4.00,1.70
2008.03.03 09:48:30.557,0.7965,0.7969,0.30,0.40
2008.03.03 09:48:30.796,0.79641,0.79666,0.30,0.20
2008.03.03 09:48:30.881,0.7965,0.7969,0.30,0.40
2008.03.03 09:48:31.206,0.7965,0.7969,0.30,0.40
2008.03.03 09:48:31.213,0.79641,0.79666,9.60,9.60
2008.03.03 09:48:31.549,0.7965,0.7969,0.30,0.40
2008.03.03 09:48:31.568,0.79642,0.79667,0.30,4.00
2008.03.03 09:48:31.876,0.7965,0.7969,0.30,0.40
2008.03.03 09:48:31.901,0.79642,0.79667,0.30,0.40
2008.03.03 09:48:32.188,0.7965,0.7969,0.30,0.40
2008.03.03 09:48:32.215,0.79641,0.79666,4.00,0.40
2008.03.03 09:48:32.450,0.79639,0.79664,2.40,2.40
2008.03.03 09:48:32.532,0.7965,0.7969,0.30,0.40
2008.03.03 09:48:32.879,0.79639,0.79664,0.30,1.70
2008.03.03 09:48:32.985,0.7965,0.7969,0.30,0.40
2008.03.03 09:48:33.303,0.79641,0.79666,0.60,0.20
2008.03.03 09:48:33.407,0.7965,0.7969,0.30,0.40
2008.03.03 09:48:33.542,0.79642,0.79667,0.50,0.20
2008.03.03 09:48:33.731,0.7965,0.7969,0.30,0.40
2008.03.03 09:48:33.873,0.79643,0.79668,0.60,4.00
2008.03.03 09:48:33.968,0.7965,0.7969,0.30,0.40
2008.03.03 09:48:34.190,0.79646,0.79671,0.30,0.20
2008.03.03 09:48:34.292,0.7965,0.7969,0.30,0.40
2008.03.03 09:48:34.428,0.79648,0.79673,0.30,0.20
2008.03.03 09:48:34.624,0.7965,0.7969,0.30,0.40
2008.03.03 09:48:34.860,0.79649,0.79674,0.30,0.70
2008.03.03 09:48:34.947,0.7965,0.7969,0.30,0.40
2008.03.03 09:48:35.194,0.79649,0.79674,0.30,0.20
2008.03.03 09:48:35.283,0.7965,0.7969,0.30,0.40
2008.03.03 09:48:35.527,0.79648,0.79673,0.30,0.20
2008.03.03 09:48:35.605,0.7965,0.7969,0.30,0.40
2008.03.03 09:48:35.854,0.7965,0.7969,0.30,0.40
2008.03.03 09:48:35.881,0.79648,0.79673,0.30,2.50
2008.03.03 09:48:36.176,0.7965,0.7969,0.30,0.40
2008.03.03 09:48:36.191,0.79647,0.79672,0.30,0.20
2008.03.03 09:48:36.496,0.79646,0.79671,9.60,4.00
2008.03.03 09:48:36.497,0.7965,0.7969,0.30,0.40
2008.03.03 09:48:36.752,0.79645,0.7967,0.60,0.20
2008.03.03 09:48:36.780,0.7965,0.7969,0.30,0.40
2008.03.03 09:48:37.007,0.79649,0.79669,0.60,4.00
2008.03.03 09:48:37.041,0.7965,0.7969,0.30,0.40
2008.03.03 09:48:37.261,0.79649,0.79674,0.30,0.20
2008.03.03 09:48:37.368,0.7965,0.7969,0.30,0.40
2008.03.03 09:48:37.515,0.7965,0.79675,0.30,0.30
2008.03.03 09:48:37.704,0.7965,0.7969,0.30,0.40
2008.03.03 09:48:37.860,0.79651,0.79676,0.70,4.00
2008.03.03 09:48:38.148,0.7965,0.7969,0.30,0.40
2008.03.03 09:48:38.175,0.79649,0.79674,0.60,2.50
2008.03.03 09:48:38.488,0.79648,0.79673,0.60,0.20
2008.03.03 09:48:38.581,0.7965,0.7969,0.30,0.40
2008.03.03 09:48:38.714,0.79648,0.79673,2.60,2.40
2008.03.03 09:48:38.908,0.7965,0.7969,0.30,0.40
2008.03.03 09:48:38.937,0.7965,0.79675,2.40,0.50
2008.03.03 09:48:39.162,0.79649,0.79673,2.40,2.70
2008.03.03 09:48:39.248,0.7965,0.7969,0.30,0.40
2008.03.03 09:48:39.471,0.79645,0.7967,0.30,9.60
2008.03.03 09:48:39.568,0.7965,0.7969,0.30,0.40
2008.03.03 09:48:39.805,0.79647,0.79662,2.60,2.70
2008.03.03 09:48:39.908,0.7965,0.7969,0.30,0.40
2008.03.03 09:48:40.140,0.79643,0.79668,4.20,5.60
2008.03.03 09:48:40.230,0.7965,0.7969,0.30,0.40
2008.03.03 09:48:40.478,0.79643,0.79668,2.40,2.40
2008.03.03 09:48:40.559,0.7965,0.7969,0.30,0.40
2008.03.03 09:48:40.810,0.79645,0.7967,0.30,1.70
2008.03.03 09:48:40.888,0.7965,0.7969,0.30,0.40
2008.03.03 09:48:41.171,0.79642,0.79667,2.60,2.40
2008.03.03 09:48:41.225,0.7965,0.7969,0.30,0.40
2008.03.03 09:48:41.461,0.79641,0.79666,0.30,0.60
2008.03.03 09:48:41.551,0.7965,0.7969,0.30,0.40
2008.03.03 09:48:41.776,0.79641,0.79666,2.40,2.40
2008.03.03 09:48:41.875,0.7965,0.7969,0.30,0.40
2008.03.03 09:48:42.040,0.79639,0.79664,2.60,2.70
2008.03.03 09:48:42.226,0.7965,0.7969,0.30,0.40
2008.03.03 09:48:42.304,0.7964,0.79665,8.00,0.40
2008.03.03 09:48:42.544,0.7965,0.7969,0.30,0.40
2008.03.03 09:48:42.567,0.79639,0.79664,2.80,2.50
2008.03.03 09:48:42.943,0.79639,0.79664,4.00,0.20
2008.03.03 09:48:42.972,0.7965,0.7969,0.30,0.40
2008.03.03 09:48:43.236,0.79639,0.79664,0.30,0.20
2008.03.03 09:48:43.330,0.7965,0.7969,0.30,0.40
2008.03.03 09:48:43.565,0.79641,0.79666,0.30,0.20
2008.03.03 09:48:43.637,0.7965,0.7969,0.30,0.40
2008.03.03 09:48:43.796,0.79639,0.79664,0.10,0.20
2008.03.03 09:48:43.864,0.7965,0.7969,0.30,0.40
2008.03.03 09:48:44.050,0.79635,0.79665,4.00,0.20
2008.03.03 09:48:44.182,0.7965,0.7969,0.30,0.40
2008.03.03 09:48:44.298,0.79636,0.79661,4.00,0.20
2008.03.03 09:48:44.417,0.7965,0.7969,0.30,0.40
2008.03.03 09:48:44.746,0.7965,0.7969,0.30,0.40
2008.03.03 09:48:44.769,0.79634,0.79659,0.30,2.40
2008.03.03 09:48:45.174,0.7965,0.7969,0.30,0.40
2008.03.03 09:48:45.195,0.79635,0.7966,6.40,2.40
2008.03.03 09:48:45.506,0.7965,0.7969,0.30,0.40
2008.03.03 09:48:45.575,0.79636,0.79661,0.30,0.20
2008.03.03 09:48:45.731,0.7965,0.7969,0.30,0.40
2008.03.03 09:48:45.870,0.79638,0.79663,0.30,0.20
2008.03.03 09:48:46.065,0.7965,0.7969,0.30,0.40
2008.03.03 09:48:46.199,0.79639,0.79664,0.40,0.20
2008.03.03 09:48:46.287,0.7965,0.7969,0.30,0.40
2008.03.03 09:48:46.518,0.79639,0.79664,8.20,9.70
2008.03.03 09:48:46.605,0.7965,0.7969,0.30,0.40
2008.03.03 09:48:46.814,0.79638,0.79663,0.30,4.00
2008.03.03 09:48:47.036,0.7965,0.7969,0.30,0.40
2008.03.03 09:48:47.057,0.79636,0.79661,4.00,0.20
2008.03.03 09:48:47.301,0.79632,0.79667,0.30,0.40
2008.03.03 09:48:47.382,0.7965,0.7969,0.30,0.40
2008.03.03 09:48:47.545,0.79633,0.79668,2.40,2.40
2008.03.03 09:48:47.815,0.7965,0.7969,0.30,0.40
2008.03.03 09:48:47.849,0.79634,0.79669,0.30,0.20
2008.03.03 09:48:48.150,0.7965,0.7969,0.30,0.40
2008.03.03 09:48:48.165,0.79635,0.7967,0.30,0.20
2008.03.03 09:48:48.487,0.7965,0.7969,0.30,0.40
2008.03.03 09:48:48.505,0.79636,0.79671,0.30,0.40
2008.03.03 09:48:48.831,0.7965,0.7969,0.30,0.40
2008.03.03 09:48:48.835,0.79636,0.79671,0.30,0.20
2008.03.03 09:48:49.134,0.7965,0.7969,0.30,0.40
2008.03.03 09:48:49.169,0.79637,0.79672,0.30,0.90
2008.03.03 09:48:49.463,0.7965,0.7969,0.30,0.40
2008.03.03 09:48:49.487,0.79638,0.79673,4.00,0.20
2008.03.03 09:48:49.805,0.7965,0.7969,0.30,0.40
2008.03.03 09:48:49.923,0.79638,0.79673,4.00,0.20
2008.03.03 09:48:50.133,0.7965,0.7969,0.30,0.40
2008.03.03 09:48:50.296,0.79637,0.79672,0.30,0.20
2008.03.03 09:48:50.447,0.7965,0.7969,0.30,0.40
2008.03.03 09:48:50.630,0.79636,0.79671,4.00,0.20
2008.03.03 09:48:50.793,0.7965,0.7969,0.30,0.40
2008.03.03 09:48:50.984,0.79632,0.79667,2.60,2.40
2008.03.03 09:48:51.109,0.7965,0.7969,0.30,0.40
2008.03.03 09:48:51.320,0.79637,0.79662,2.40,2.40
2008.03.03 09:48:51.437,0.7965,0.7969,0.30,0.40
2008.03.03 09:48:51.658,0.79637,0.79662,0.60,0.20
2008.03.03 09:48:51.670,0.7965,0.7969,0.30,0.40
2008.03.03 09:48:51.903,0.79639,0.79664,0.30,0.80
2008.03.03 09:48:51.984,0.7965,0.7969,0.30,0.40
2008.03.03 09:48:52.149,0.79645,0.7966,4.00,0.20
2008.03.03 09:48:52.326,0.7965,0.7969,0.30,0.40
2008.03.03 09:48:52.405,0.79649,0.79664,0.30,2.40
2008.03.03 09:48:52.649,0.7965,0.7969,0.30,0.40
2008.03.03 09:48:52.652,0.79651,0.79666,8.00,0.20
2008.03.03 09:48:52.891,0.79651,0.79666,0.30,4.00
2008.03.03 09:48:52.987,0.7965,0.7969,0.30,0.40
2008.03.03 09:48:53.218,0.79651,0.79666,0.30,0.20
2008.03.03 09:48:53.432,0.7965,0.7969,0.30,0.40
2008.03.03 09:48:53.544,0.7965,0.79665,0.30,0.20
2008.03.03 09:48:53.855,0.7965,0.7969,0.30,0.40
2008.03.03 09:48:53.902,0.79649,0.79664,8.00,0.20
2008.03.03 09:48:54.082,0.7965,0.7969,0.30,0.40
2008.03.03 09:48:54.211,0.79651,0.79666,4.00,0.20
2008.03.03 09:48:54.421,0.7965,0.7969,0.30,0.40
2008.03.03 09:48:54.460,0.79654,0.79669,0.30,0.20
2008.03.03 09:48:54.635,0.7965,0.7969,0.30,0.40
2008.03.03 09:48:54.779,0.79656,0.79671,2.40,2.40
2008.03.03 09:48:55.087,0.7965,0.7969,0.30,0.40
2008.03.03 09:48:55.114,0.79658,0.79673,0.30,0.20
2008.03.03 09:48:55.415,0.7965,0.7969,0.30,0.40
2008.03.03 09:48:55.450,0.79656,0.79671,4.00,0.20
2008.03.03 09:48:55.745,0.7965,0.79685,0.30,0.20
2008.03.03 09:48:55.785,0.7965,0.79675,4.00,0.20
2008.03.03 09:48:56.049,0.79648,0.79673,2.60,4.00
2008.03.03 09:48:56.062,0.7965,0.79685,0.30,0.20
2008.03.03 09:48:56.313,0.79642,0.79677,4.00,0.20
2008.03.03 09:48:56.383,0.7965,0.79685,0.30,0.20
2008.03.03 09:48:56.577,0.79646,0.79671,0.50,2.40
2008.03.03 09:48:56.607,0.7965,0.79685,0.30,0.20
2008.03.03 09:48:56.842,0.79642,0.79667,0.30,4.00
2008.03.03 09:48:57.100,0.7964,0.79665,2.40,2.40
2008.03.03 09:48:57.143,0.7965,0.7969,0.30,0.40
2008.03.03 09:48:57.372,0.79639,0.79664,8.00,0.20
2008.03.03 09:48:57.441,0.7965,0.7969,0.30,0.40
2008.03.03 09:48:57.632,0.79641,0.79661,0.30,4.40
2008.03.03 09:48:57.741,0.7965,0.7969,0.30,0.40
2008.03.03 09:48:58.061,0.79644,0.79664,0.30,0.20
2008.03.03 09:48:58.075,0.7966,0.7969,0.80,0.20
2008.03.03 09:48:58.395,0.79646,0.79666,4.00,0.60
2008.03.03 09:48:58.411,0.7967,0.79695,0.30,0.20
2008.03.03 09:48:58.765,0.7967,0.79695,0.30,0.20
2008.03.03 09:48:58.830,0.79647,0.79667,0.60,2.50
2008.03.03 09:48:58.975,0.7965,0.7969,0.30,0.40
2008.03.03 09:48:59.067,0.79646,0.79666,4.40,5.60
2008.03.03 09:48:59.244,0.7965,0.7969,0.30,0.40
2008.03.03 09:48:59.382,0.79644,0.79664,0.30,2.50
2008.03.03 09:48:59.490,0.7965,0.7969,0.30,0.40
2008.03.03 09:48:59.683,0.7965,0.7969,0.30,0.40
2008.03.03 09:48:59.708,0.79642,0.79662,0.80,0.20
2008.03.03 09:48:59.892,0.7965,0.7969,0.30,0.40
2008.03.03 09:48:59.942,0.79641,0.79661,2.40,2.40
2008.03.03 09:49:00.013,0.79643,0.79663,0.30,0.20
2008.03.03 09:49:00.206,0.7965,0.7969,0.60,0.20
2008.03.03 09:49:00.339,0.79646,0.79666,0.30,0.40
2008.03.03 09:49:00.520,0.7966,0.7969,0.30,0.20
2008.03.03 09:49:00.682,0.7965,0.7967,0.30,4.00
2008.03.03 09:49:00.888,0.7966,0.7969,0.30,0.20
2008.03.03 09:49:00.976,0.79653,0.79673,0.30,4.00
2008.03.03 09:49:01.116,0.7966,0.7969,0.30,0.20
2008.03.03 09:49:01.214,0.79656,0.79676,0.30,0.20
2008.03.03 09:49:01.454,0.7966,0.7969,0.30,0.20
2008.03.03 09:49:01.508,0.79656,0.79676,0.30,0.20
2008.03.03 09:49:01.667,0.7965,0.7969,0.30,0.40
2008.03.03 09:49:01.747,0.79658,0.79678,2.60,2.50
2008.03.03 09:49:01.894,0.7965,0.7969,0.30,0.40
2008.03.03 09:49:01.987,0.79657,0.79677,0.30,4.00
2008.03.03 09:49:02.188,0.7965,0.7969,0.30,0.40
2008.03.03 09:49:02.313,0.79653,0.79678,0.30,2.50
2008.03.03 09:49:02.544,0.7965,0.7969,0.30,0.40
2008.03.03 09:49:02.637,0.79654,0.79674,4.00,0.40
2008.03.03 09:49:02.881,0.7965,0.7969,0.30,0.40
2008.03.03 09:49:02.988,0.79653,0.79673,0.30,0.20
2008.03.03 09:49:03.207,0.79651,0.79671,5.60,8.10
2008.03.03 09:49:03.217,0.7965,0.7969,0.30,0.40
2008.03.03 09:49:03.426,0.7965,0.79675,4.00,0.20
2008.03.03 09:49:03.646,0.79649,0.79674,0.30,0.20
2008.03.03 09:49:03.669,0.7965,0.7969,0.30,0.40
2008.03.03 09:49:03.864,0.79648,0.79673,0.30,0.20
2008.03.03 09:49:03.986,0.7965,0.7969,0.30,0.40
2008.03.03 09:49:04.198,0.79647,0.79672,4.20,2.50
2008.03.03 09:49:04.201,0.7965,0.7969,0.30,0.40
2008.03.03 09:49:04.419,0.7965,0.7969,0.30,0.40
2008.03.03 09:49:04.631,0.7965,0.7967,0.30,0.20
2008.03.03 09:49:04.758,0.7965,0.7969,0.30,0.40
2008.03.03 09:49:04.980,0.7965,0.7969,0.30,0.40
2008.03.03 09:49:05.048,0.7965,0.7967,0.30,0.20
2008.03.03 09:49:05.398,0.79652,0.79672,0.60,0.20
2008.03.03 09:49:05.401,0.7965,0.7969,0.30,0.40
2008.03.03 09:49:05.726,0.79655,0.79675,4.00,0.20
2008.03.03 09:49:05.749,0.7965,0.7969,0.30,0.40
2008.03.03 09:49:06.062,0.79656,0.79676,0.30,4.00
2008.03.03 09:49:06.180,0.7965,0.7969,0.30,0.40
2008.03.03 09:49:06.389,0.79654,0.79674,2.60,2.70
2008.03.03 09:49:06.409,0.7965,0.79685,0.30,0.20
2008.03.03 09:49:06.639,0.7965,0.79685,0.30,0.20
2008.03.03 09:49:06.715,0.79651,0.79671,0.30,0.20
2008.03.03 09:49:06.952,0.7965,0.79685,0.30,0.20
2008.03.03 09:49:07.047,0.79651,0.79671,4.00,0.40
2008.03.03 09:49:07.275,0.79651,0.79671,0.30,0.20
2008.03.03 09:49:07.411,0.7965,0.79685,0.30,0.20
2008.03.03 09:49:07.599,0.79653,0.79673,4.00,0.40
2008.03.03 09:49:07.744,0.7965,0.79685,0.30,0.20
2008.03.03 09:49:07.823,0.79656,0.79676,2.40,8.00
2008.03.03 09:49:08.151,0.7965,0.79685,0.30,0.20
2008.03.03 09:49:08.254,0.79658,0.79678,0.30,0.20
2008.03.03 09:49:08.327,0.79655,0.79675,0.30,0.20
2008.03.03 09:49:08.389,0.7965,0.79685,0.30,0.20
2008.03.03 09:49:08.681,0.79653,0.79673,2.40,2.40
2008.03.03 09:49:08.699,0.7965,0.79685,0.30,0.20
2008.03.03 09:49:08.953,0.7965,0.79685,0.30,0.20
2008.03.03 09:49:09.142,0.79651,0.79671,0.30,3.20
2008.03.03 09:49:09.263,0.7965,0.79685,0.30,0.20
2008.03.03 09:49:09.479,0.79653,0.79673,0.30,0.20
2008.03.03 09:49:09.710,0.7965,0.79685,0.30,0.20
2008.03.03 09:49:09.798,0.79653,0.79673,4.00,0.20
2008.03.03 09:49:10.117,0.79653,0.79673,4.00,0.40
2008.03.03 09:49:10.149,0.7965,0.79685,0.30,0.20
2008.03.03 09:49:10.443,0.79653,0.79673,0.30,9.60
2008.03.03 09:49:10.469,0.7965,0.79685,0.30,0.20
2008.03.03 09:49:10.699,0.7965,0.79685,0.30,0.20
2008.03.03 09:49:10.786,0.79653,0.79673,2.60,2.50
2008.03.03 09:49:11.014,0.7965,0.79685,0.30,0.20
2008.03.03 09:49:11.042,0.79655,0.79675,0.30,0.20
2008.03.03 09:49:11.296,0.79652,0.79677,0.30,0.20
2008.03.03 09:49:11.360,0.7965,0.79685,0.30,0.20
2008.03.03 09:49:11.631,0.79651,0.79671,0.30,0.20
2008.03.03 09:49:11.681,0.7965,0.79685,0.30,0.20
2008.03.03 09:49:11.945,0.7965,0.7967,0.30,0.60
2008.03.03 09:49:12.001,0.7965,0.79685,0.30,0.20
2008.03.03 09:49:12.261,0.79651,0.79671,4.00,0.40
2008.03.03 09:49:12.345,0.7965,0.79685,0.30,0.20
2008.03.03 09:49:12.501,0.79649,0.79674,0.30,0.20
2008.03.03 09:49:12.758,0.79646,0.79681,2.40,2.40
2008.03.03 09:49:12.783,0.7965,0.79685,0.30,0.20
2008.03.03 09:49:13.101,0.79644,0.79679,0.30,4.00
2008.03.03 09:49:13.218,0.7965,0.79685,0.30,0.20
2008.03.03 09:49:13.434,0.79643,0.79678,4.00,0.20
2008.03.03 09:49:13.541,0.7965,0.79685,0.30,0.20
2008.03.03 09:49:13.854,0.79644,0.79679,0.30,0.20
2008.03.03 09:49:13.879,0.7965,0.79685,0.30,0.20
2008.03.03 09:49:14.135,0.7965,0.79685,0.30,0.20
2008.03.03 09:49:14.197,0.79643,0.79678,0.30,2.50
2008.03.03 09:49:14.424,0.7965,0.79685,0.30,0.20
2008.03.03 09:49:14.523,0.79644,0.79679,0.30,0.20
2008.03.03 09:49:14.756,0.7965,0.79685,0.30,0.20
2008.03.03 09:49:14.860,0.79645,0.7968,0.30,0.40
2008.03.03 09:49:15.096,0.7965,0.79685,0.30,0.20
2008.03.03 09:49:15.153,0.79643,0.79678,0.50,0.20
2008.03.03 09:49:15.402,0.79644,0.79679,0.30,0.20
2008.03.03 09:49:15.421,0.7965,0.79685,0.30,0.20
2008.03.03 09:49:15.716,0.79644,0.79679,0.30,0.20
2008.03.03 09:49:15.744,0.7965,0.79685,0.30,0.20
2008.03.03 09:49:15.937,0.79643,0.79678,3.20,2.40
2008.03.03 09:49:16.078,0.7965,0.79685,0.30,0.20
2008.03.03 09:49:16.196,0.79644,0.79679,0.30,0.20
2008.03.03 09:49:16.407,0.7965,0.79685,0.30,0.20
2008.03.03 09:49:16.528,0.79643,0.79678,4.00,0.40
2008.03.03 09:49:16.743,0.7965,0.79685,0.30,0.20
2008.03.03 09:49:16.864,0.79652,0.79672,9.00,9.60
2008.03.03 09:49:17.079,0.7965,0.79685,0.30,0.20
2008.03.03 09:49:17.198,0.7965,0.79675,0.30,4.00
2008.03.03 09:49:17.453,0.7965,0.79675,4.20,6.70
2008.03.03 09:49:17.512,0.7965,0.79685,0.30,0.20
2008.03.03 09:49:17.713,0.7965,0.79675,11.20,0.20
2008.03.03 09:49:17.948,0.7965,0.79685,0.30,0.20
2008.03.03 09:49:18.036,0.79648,0.79673,4.00,0.40
2008.03.03 09:49:18.337,0.79648,0.79673,0.30,0.20
2008.03.03 09:49:18.396,0.7965,0.79685,0.30,0.20
2008.03.03 09:49:18.671,0.79648,0.79673,0.30,2.50
2008.03.03 09:49:18.727,0.7965,0.79685,0.30,0.20
2008.03.03 09:49:18.950,0.7965,0.79685,0.30,0.20
2008.03.03 09:49:19.004,0.7965,0.79675,6.40,0.20
2008.03.03 09:49:19.173,0.7965,0.7969,0.30,0.40
2008.03.03 09:49:19.338,0.79643,0.79678,4.00,0.20
2008.03.03 09:49:19.590,0.7965,0.7969,0.30,0.40
2008.03.03 09:49:19.674,0.79647,0.79672,0.30,6.40
2008.03.03 09:49:19.920,0.7965,0.79685,0.30,4.00
2008.03.03 09:49:20.007,0.79648,0.79673,0.30,4.00
2008.03.03 09:49:20.248,0.7965,0.7968,0.30,0.20
2008.03.03 09:49:20.341,0.79648,0.79673,0.30,0.20
2008.03.03 09:49:20.477,0.7965,0.7968,0.30,0.20
2008.03.03 09:49:20.567,0.79645,0.7968,0.30,0.40
2008.03.03 09:49:20.706,0.7965,0.7968,0.30,0.40
2008.03.03 09:49:20.791,0.79646,0.79681,0.30,0.20
2008.03.03 09:49:20.936,0.7965,0.7968,0.30,0.40
2008.03.03 09:49:21.014,0.79647,0.79682,4.10,0.20
2008.03.03 09:49:21.164,0.7965,0.7968,0.30,0.40
2008.03.03 09:49:21.238,0.79651,0.79681,3.20,4.00
2008.03.03 09:49:21.557,0.79651,0.79681,0.30,0.20
2008.03.03 09:49:21.584,0.7965,0.7968,0.30,0.40
2008.03.03 09:49:21.877,0.79652,0.79682,0.30,4.00
2008.03.03 09:49:21.929,0.7965,0.7968,0.30,0.40
2008.03.03 09:49:22.197,0.79651,0.79681,2.80,2.50
2008.03.03 09:49:22.350,0.7965,0.7968,0.30,0.40
2008.03.03 09:49:22.436,0.79651,0.79681,8.00,0.40
2008.03.03 09:49:22.661,0.79651,0.79681,4.00,0.20
2008.03.03 09:49:22.703,0.7967,0.79695,0.30,0.90
2008.03.03 09:49:22.991,0.79649,0.79679,0.30,0.20
2008.03.03 09:49:23.054,0.7965,0.7968,0.30,0.20
2008.03.03 09:49:23.388,0.7965,0.7968,0.30,0.40
2008.03.03 09:49:23.431,0.79647,0.79677,0.30,0.20
2008.03.03 09:49:23.607,0.7965,0.7968,0.30,1.10
2008.03.03 09:49:23.765,0.79646,0.79676,0.30,0.20
2008.03.03 09:49:23.826,0.7965,0.79675,0.30,0.80
2008.03.03 09:49:24.043,0.7965,0.79675,0.30,0.80
2008.03.03 09:49:24.177,0.79645,0.79675,0.30,9.60
2008.03.03 09:49:24.264,0.7965,0.79675,0.30,0.80
2008.03.03 09:49:24.530,0.79644,0.79674,2.40,0.20
2008.03.03 09:49:24.599,0.7965,0.7968,0.30,0.40
2008.03.03 09:49:24.857,0.79647,0.79677,0.30,0.20
2008.03.03 09:49:24.934,0.7965,0.7968,0.30,0.40
2008.03.03 09:49:25.196,0.79648,0.79678,2.60,2.40
2008.03.03 09:49:25.316,0.7965,0.7968,0.30,0.40
2008.03.03 09:49:25.511,0.7965,0.7968,2.60,2.40
2008.03.03 09:49:25.559,0.7965,0.7968,0.30,0.40
2008.03.03 09:49:25.803,0.7965,0.7968,0.30,0.20
2008.03.03 09:49:25.849,0.79648,0.79678,2.00,0.50
2008.03.03 09:49:26.048,0.7965,0.79685,0.30,0.20
2008.03.03 09:49:26.175,0.79647,0.79677,0.30,0.40
2008.03.03 09:49:26.291,0.7965,0.7969,0.60,0.20
2008.03.03 09:49:26.506,0.79646,0.79676,4.00,0.20
2008.03.03 09:49:26.638,0.7965,0.7969,0.60,0.20
2008.03.03 09:49:26.822,0.79646,0.79676,4.80,0.20
2008.03.03 09:49:26.962,0.7965,0.7969,0.60,0.20
2008.03.03 09:49:27.145,0.79647,0.79677,8.00,0.20
2008.03.03 09:49:27.255,0.7965,0.7969,0.60,0.20
2008.03.03 09:49:27.501,0.79647,0.79677,2.40,0.20
2008.03.03 09:49:27.635,0.7965,0.7969,0.60,0.20
2008.03.03 09:49:27.836,0.79646,0.79676,4.00,0.20
2008.03.03 09:49:28.066,0.7965,0.7969,0.60,0.20
2008.03.03 09:49:28.154,0.79646,0.79676,0.50,0.20
2008.03.03 09:49:28.501,0.79645,0.79675,2.80,2.40
2008.03.03 09:49:28.511,0.7965,0.7969,0.60,0.20
2008.03.03 09:49:28.721,0.7965,0.7969,0.60,0.20
2008.03.03 09:49:28.931,0.79646,0.79676,0.30,2.40
2008.03.03 09:49:28.950,0.7965,0.7969,0.60,0.20
2008.03.03 09:49:29.166,0.7965,0.7969,0.60,0.20
2008.03.03 09:49:29.318,0.79646,0.79676,0.50,0.60
2008.03.03 09:49:29.489,0.7965,0.7969,0.60,0.20
2008.03.03 09:49:29.617,0.79644,0.79674,0.30,0.10
2008.03.03 09:49:29.830,0.7965,0.7969,0.60,0.20
2008.03.03 09:49:29.922,0.79645,0.79675,0.30,0.20
2008.03.03 09:49:30.144,0.7965,0.7969,0.60,0.20
2008.03.03 09:49:30.270,0.79644,0.79674,0.30,0.20
2008.03.03 09:49:30.479,0.7965,0.7969,0.60,0.20
2008.03.03 09:49:30.578,0.79646,0.79676,0.30,3.20
2008.03.03 09:49:30.778,0.7965,0.7969,0.60,0.20
2008.03.03 09:49:30.909,0.79646,0.79676,0.30,0.40
2008.03.03 09:49:31.035,0.7965,0.7969,0.60,0.20
2008.03.03 09:49:31.247,0.79646,0.79676,2.60,2.50
2008.03.03 09:49:31.363,0.7965,0.7969,0.60,0.20
2008.03.03 09:49:31.481,0.79647,0.79677,0.30,0.20
2008.03.03 09:49:31.683,0.7965,0.7969,0.60,0.20
2008.03.03 09:49:31.800,0.79646,0.79676,0.30,0.40
2008.03.03 09:49:32.023,0.7965,0.7969,0.60,0.20
2008.03.03 09:49:32.201,0.79645,0.79675,2.40,2.40
2008.03.03 09:49:32.354,0.7965,0.7969,0.60,0.20
2008.03.03 09:49:32.520,0.79649,0.79669,4.00,0.20
2008.03.03 09:49:32.777,0.79645,0.79675,9.60,9.60
2008.03.03 09:49:32.795,0.7965,0.7969,0.60,0.20
2008.03.03 09:49:33.111,0.79646,0.79676,4.00,0.20
2008.03.03 09:49:33.130,0.7965,0.7969,0.60,0.20
2008.03.03 09:49:33.438,0.79646,0.79676,0.30,0.20
2008.03.03 09:49:33.555,0.7965,0.7969,0.60,0.20
2008.03.03 09:49:33.786,0.7965,0.7969,0.60,0.20
2008.03.03 09:49:33.867,0.79646,0.79676,4.00,0.20
2008.03.03 09:49:34.011,0.7965,0.7969,0.60,0.20
2008.03.03 09:49:34.320,0.79646,0.79676,0.60,0.20
2008.03.03 09:49:34.331,0.7965,0.7969,0.60,0.20
2008.03.03 09:49:34.646,0.79647,0.79677,2.40,0.30
2008.03.03 09:49:34.779,0.7965,0.7969,0.60,0.20
2008.03.03 09:49:34.979,0.79648,0.79678,4.00,0.20
2008.03.03 09:49:35.092,0.7965,0.7969,0.60,0.20
2008.03.03 09:49:35.303,0.79647,0.79677,2.40,2.40
2008.03.03 09:49:35.438,0.7965,0.7969,0.60,0.20
2008.03.03 09:49:35.640,0.79648,0.79678,1.60,5.60
2008.03.03 09:49:35.699,0.7965,0.7969,0.60,0.20
2008.03.03 09:49:35.957,0.7965,0.7968,0.10,0.20
2008.03.03 09:49:35.995,0.7965,0.7969,0.60,0.20
2008.03.03 09:49:36.305,0.7965,0.7969,0.60,0.20
2008.03.03 09:49:36.323,0.7965,0.7968,3.10,9.60
2008.03.03 09:49:36.584,0.7965,0.7969,0.60,0.20
2008.03.03 09:49:36.636,0.79648,0.79678,4.80,0.20
2008.03.03 09:49:36.955,0.79647,0.79677,4.00,5.60
2008.03.03 09:49:36.982,0.7965,0.7969,0.60,0.20
2008.03.03 09:49:37.295,0.7965,0.7969,0.60,0.20
2008.03.03 09:49:37.299,0.79646,0.79676,0.30,0.10
2008.03.03 09:49:37.611,0.79647,0.79677,0.50,2.40
2008.03.03 09:49:37.628,0.7965,0.7969,0.30,0.40
2008.03.03 09:49:37.941,0.7965,0.7968,2.40,4.00
2008.03.03 09:49:38.045,0.7965,0.7969,0.30,0.40
2008.03.03 09:49:38.178,0.79651,0.79681,0.30,0.20
2008.03.03 09:49:38.395,0.7965,0.7969,0.30,0.40
2008.03.03 09:49:38.499,0.7965,0.7968,2.40,2.40
2008.03.03 09:49:38.741,0.7965,0.7969,0.30,0.40
2008.03.03 09:49:38.932,0.79649,0.79679,8.00,0.20
2008.03.03 09:49:39.000,0.7965,0.7969,0.60,0.20
2008.03.03 09:49:39.112,0.79655,0.79675,0.30,0.90
2008.03.03 09:49:39.290,0.7965,0.7969,0.60,0.20
2008.03.03 09:49:39.375,0.7965,0.7968,0.30,1.70
2008.03.03 09:49:39.602,0.7965,0.7969,0.60,0.20
2008.03.03 09:49:39.733,0.7965,0.7968,0.30,4.00
2008.03.03 09:49:39.942,0.7965,0.7969,0.60,0.20
2008.03.03 09:49:40.038,0.79649,0.79679,2.40,2.40
2008.03.03 09:49:40.262,0.7965,0.7969,0.60,0.20
2008.03.03 09:49:40.344,0.79649,0.79679,0.30,0.20
2008.03.03 09:49:40.594,0.7965,0.7969,0.60,0.20
2008.03.03 09:49:40.650,0.79649,0.79679,4.00,0.20
2008.03.03 09:49:40.898,0.79648,0.79678,0.80,4.00
2008.03.03 09:49:40.932,0.7965,0.7969,0.60,0.20
2008.03.03 09:49:41.246,0.79647,0.79677,3.10,9.60
2008.03.03 09:49:41.266,0.7965,0.7969,0.60,0.20
2008.03.03 09:49:41.572,0.79646,0.79676,0.30,0.20
2008.03.03 09:49:41.583,0.7965,0.7969,0.60,0.20
2008.03.03 09:49:41.889,0.7965,0.7969,0.60,0.20
2008.03.03 09:49:41.900,0.79646,0.79676,0.30,0.20
2008.03.03 09:49:42.241,0.79646,0.79676,0.30,0.20
2008.03.03 09:49:42.600,0.79644,0.79674,2.40,2.10
2008.03.03 09:49:42.892,0.79645,0.79675,0.30,0.20
2008.03.03 09:49:43.122,0.79646,0.79676,4.00,0.20
2008.03.03 09:49:43.442,0.79646,0.79676,2.80,4.00
2008.03.03 09:49:43.589,0.7966,0.7969,0.30,0.40
2008.03.03 09:49:43.703,0.7965,0.7969,0.30,0.40
2008.03.03 09:49:43.833,0.7965,0.7969,0.30,0.40
2008.03.03 09:49:43.899,0.79647,0.79677,0.30,4.00
2008.03.03 09:49:43.962,0.7965,0.7969,0.30,0.40
2008.03.03 09:49:44.118,0.7965,0.7969,0.60,0.20
2008.03.03 09:49:44.221,0.7965,0.7969,0.60,0.20
2008.03.03 09:49:44.325,0.79646,0.79676,0.30,0.20
2008.03.03 09:49:44.349,0.7965,0.7969,0.60,0.20
2008.03.03 09:49:44.544,0.7965,0.7969,0.30,0.40
2008.03.03 09:49:44.673,0.7965,0.7969,0.30,0.40
2008.03.03 09:49:44.771,0.79646,0.79676,4.00,0.20
2008.03.03 09:49:45.007,0.7965,0.7969,0.60,0.20
2008.03.03 09:49:45.095,0.79645,0.79675,0.60,0.20
2008.03.03 09:49:45.342,0.7965,0.7969,0.60,0.20
2008.03.03 09:49:45.435,0.79647,0.79677,0.30,0.20
2008.03.03 09:49:45.763,0.7965,0.7969,0.60,0.20
2008.03.03 09:49:45.771,0.79647,0.79677,4.00,0.20
2008.03.03 09:49:45.990,0.79648,0.79678,0.30,0.20
2008.03.03 09:49:46.011,0.7965,0.7969,0.60,0.20
2008.03.03 09:49:46.209,0.79648,0.79678,0.30,0.50
2008.03.03 09:49:46.322,0.7965,0.7969,0.60,0.20
2008.03.03 09:49:46.424,0.79648,0.79678,0.30,0.20
2008.03.03 09:49:46.551,0.7965,0.7969,0.60,0.20
2008.03.03 09:49:46.660,0.79649,0.79679,2.40,2.40
2008.03.03 09:49:46.889,0.7965,0.7969,0.60,0.20
2008.03.03 09:49:47.009,0.79657,0.79672,4.00,0.20
2008.03.03 09:49:47.265,0.7965,0.7969,0.60,0.20
2008.03.03 09:49:47.363,0.7965,0.7968,0.30,0.20
2008.03.03 09:49:47.641,0.7965,0.7969,0.60,0.20
2008.03.03 09:49:47.719,0.79648,0.79678,0.30,4.00
2008.03.03 09:49:47.945,0.79648,0.79678,0.60,0.20
2008.03.03 09:49:47.988,0.7965,0.7969,0.60,0.20
2008.03.03 09:49:48.159,0.79652,0.79677,2.40,2.40
2008.03.03 09:49:48.374,0.7965,0.7968,0.30,0.20
2008.03.03 09:49:48.443,0.7965,0.7969,0.60,0.20
2008.03.03 09:49:48.588,0.79648,0.79678,0.30,4.00
2008.03.03 09:49:48.786,0.79647,0.79677,0.30,0.20
2008.03.03 09:49:48.861,0.7965,0.7969,0.60,0.20
2008.03.03 09:49:49.090,0.7965,0.7969,0.30,0.40
2008.03.03 09:49:49.136,0.79646,0.79676,0.30,0.20
2008.03.03 09:49:49.407,0.7965,0.7969,0.30,0.40
2008.03.03 09:49:49.491,0.79646,0.79676,0.30,4.00
2008.03.03 09:49:49.637,0.7965,0.7969,0.60,0.20
2008.03.03 09:49:49.843,0.79644,0.79674,2.40,2.40
2008.03.03 09:49:49.963,0.7965,0.7969,0.60,0.20
2008.03.03 09:49:50.113,0.79643,0.79673,0.30,0.20
2008.03.03 09:49:50.362,0.79644,0.79674,0.30,4.00
2008.03.03 09:49:50.400,0.7965,0.7969,0.60,0.20
2008.03.03 09:49:50.612,0.79647,0.79677,2.40,2.40
2008.03.03 09:49:50.734,0.7965,0.7969,0.30,0.40
2008.03.03 09:49:50.902,0.79648,0.79678,0.30,0.20
2008.03.03 09:49:51.245,0.79647,0.79677,8.80,4.00
2008.03.03 09:49:51.587,0.79646,0.79676,0.30,0.20
2008.03.03 09:49:51.924,0.79646,0.79676,4.00,2.40
2008.03.03 09:49:52.246,0.79646,0.79676,6.40,0.20
2008.03.03 09:49:52.342,0.7965,0.7969,0.30,0.40
2008.03.03 09:49:52.517,0.7965,0.7969,0.30,0.40
2008.03.03 09:49:52.581,0.79647,0.79677,2.60,2.50
2008.03.03 09:49:52.627,0.7965,0.7969,0.30,0.40
2008.03.03 09:49:52.709,0.7965,0.7969,0.30,0.40
2008.03.03 09:49:52.831,0.7965,0.7969,0.30,0.40
2008.03.03 09:49:52.925,0.7965,0.7969,0.30,0.40
2008.03.03 09:49:52.994,0.79648,0.79678,8.00,0.20
2008.03.03 09:49:53.053,0.7965,0.7969,0.30,0.40
2008.03.03 09:49:53.151,0.7965,0.7969,0.30,0.40
2008.03.03 09:49:53.271,0.7965,0.7969,0.30,0.40
2008.03.03 09:49:53.346,0.79648,0.79678,0.30,0.20
2008.03.03 09:49:53.408,0.7965,0.7969,0.30,0.40
2008.03.03 09:49:53.673,0.79647,0.79677,0.30,0.20
2008.03.03 09:49:53.761,0.7965,0.7969,0.30,0.40
2008.03.03 09:49:53.974,0.79647,0.79677,4.00,0.20
2008.03.03 09:49:54.138,0.7965,0.7969,0.30,0.40
2008.03.03 09:49:54.341,0.79647,0.79677,0.30,2.50
2008.03.03 09:49:54.482,0.7965,0.7969,0.30,0.40
2008.03.03 09:49:54.713,0.7965,0.7969,0.30,0.40
2008.03.03 09:49:54.768,0.79648,0.79678,0.30,0.20
2008.03.03 09:49:55.025,0.7965,0.7969,0.30,0.40
2008.03.03 09:49:55.199,0.7965,0.7968,4.40,5.60
2008.03.03 09:49:55.239,0.7965,0.7969,0.30,0.40
2008.03.03 09:49:55.464,0.7965,0.7969,0.30,0.40
2008.03.03 09:49:55.547,0.79651,0.79681,0.30,0.20
2008.03.03 09:49:55.801,0.7965,0.7969,0.30,0.40
2008.03.03 09:49:55.978,0.79651,0.79681,0.30,0.20
2008.03.03 09:49:56.200,0.7965,0.7968,0.30,4.00
2008.03.03 09:49:56.242,0.7965,0.7969,0.30,0.40
2008.03.03 09:49:56.533,0.79648,0.79678,0.30,0.20
2008.03.03 09:49:56.566,0.7965,0.7969,0.30,0.40
2008.03.03 09:49:56.859,0.7965,0.7968,0.30,0.40
2008.03.03 09:49:56.901,0.7965,0.7969,0.30,0.40
2008.03.03 09:49:57.126,0.7965,0.7969,0.30,0.40
2008.03.03 09:49:57.203,0.79649,0.79679,4.00,0.20
2008.03.03 09:49:57.441,0.7965,0.7969,0.30,0.40
2008.03.03 09:49:57.510,0.79649,0.79679,0.30,0.20
2008.03.03 09:49:57.679,0.7965,0.7969,0.30,0.40
2008.03.03 09:49:57.850,0.79649,0.79679,2.40,2.40
2008.03.03 09:49:58.007,0.7965,0.7969,0.30,0.40
2008.03.03 09:49:58.169,0.79647,0.79677,0.30,0.20
2008.03.03 09:49:58.344,0.7965,0.7969,0.30,0.40
2008.03.03 09:49:58.407,0.79642,0.79672,0.30,0.20
2008.03.03 09:49:58.662,0.7965,0.7969,0.30,0.40
2008.03.03 09:49:58.732,0.79639,0.79669,2.60,2.50
2008.03.03 09:49:59.007,0.7965,0.7969,0.30,0.40
2008.03.03 09:49:59.341,0.7965,0.7969,0.30,0.40
2008.03.03 09:49:59.767,0.7965,0.7969,0.30,0.40
2008.03.03 09:49:59.983,0.7965,0.7969,0.30,0.40
2008.03.03 09:50:00.203,0.7965,0.7969,0.30,0.40
2008.03.03 09:50:00.376,0.79633,0.79663,4.00,0.20
2008.03.03 09:50:00.418,0.7965,0.7969,0.30,0.40
2008.03.03 09:50:00.643,0.7965,0.7969,0.30,0.40
2008.03.03 09:50:00.828,0.79633,0.79663,0.30,0.20
2008.03.03 09:50:00.982,0.7965,0.7969,0.30,0.40
2008.03.03 09:50:01.157,0.79638,0.79668,8.00,0.50
2008.03.03 09:50:01.426,0.7965,0.7969,0.30,0.40
2008.03.03 09:50:01.476,0.79639,0.79669,0.30,0.20
2008.03.03 09:50:01.803,0.79636,0.79666,0.30,0.20
2008.03.03 09:50:01.866,0.7965,0.7969,0.30,0.40
2008.03.03 09:50:02.135,0.79632,0.79662,6.40,0.20
2008.03.03 09:50:02.180,0.7965,0.7969,0.30,0.40
2008.03.03 09:50:02.453,0.79635,0.79665,0.30,0.20
2008.03.03 09:50:02.521,0.7965,0.7969,0.30,0.40
2008.03.03 09:50:02.808,0.79639,0.79669,0.30,4.00
2008.03.03 09:50:02.846,0.7965,0.7969,0.30,0.40
2008.03.03 09:50:03.141,0.79639,0.79669,4.00,0.20
2008.03.03 09:50:03.176,0.7965,0.7969,0.30,0.40
2008.03.03 09:50:03.463,0.79643,0.79673,2.40,2.40
2008.03.03 09:50:03.504,0.7965,0.7969,0.30,0.40
2008.03.03 09:50:03.799,0.79647,0.79677,2.40,2.40
2008.03.03 09:50:03.840,0.7965,0.7969,0.30,0.40
2008.03.03 09:50:04.090,0.79646,0.79676,0.30,0.20
2008.03.03 09:50:04.282,0.7965,0.7969,0.30,0.40
2008.03.03 09:50:04.315,0.7964,0.7967,2.00,4.00
2008.03.03 09:50:04.564,0.79636,0.79666,2.40,0.50
2008.03.03 09:50:04.718,0.7965,0.7969,0.30,0.40
2008.03.03 09:50:04.872,0.79636,0.79666,2.80,4.40
2008.03.03 09:50:04.939,0.7965,0.7969,0.30,0.40
2008.03.03 09:50:05.175,0.7965,0.7969,0.30,0.40
2008.03.03 09:50:05.326,0.79637,0.79667,0.30,4.00
2008.03.03 09:50:05.384,0.7965,0.7969,0.30,0.40
2008.03.03 09:50:05.600,0.7965,0.7969,0.30,0.40
2008.03.03 09:50:05.748,0.79639,0.79669,0.90,0.40
2008.03.03 09:50:05.925,0.7965,0.7969,0.30,0.40
2008.03.03 09:50:06.123,0.7964,0.7967,6.40,0.20
2008.03.03 09:50:06.256,0.7965,0.7969,0.30,0.40
2008.03.03 09:50:06.435,0.7964,0.7967,0.30,0.20
2008.03.03 09:50:06.576,0.7965,0.7969,0.30,0.40
2008.03.03 09:50:06.764,0.79641,0.79671,0.30,0.40
2008.03.03 09:50:06.923,0.7965,0.7969,0.30,0.40
2008.03.03 09:50:07.097,0.79635,0.79665,2.60,2.50
2008.03.03 09:50:07.244,0.7965,0.7969,0.30,0.40
2008.03.03 09:50:07.400,0.79631,0.79661,0.50,2.00
2008.03.03 09:50:07.584,0.7965,0.7969,0.30,0.40
2008.03.03 09:50:07.758,0.79631,0.79661,0.30,4.00
2008.03.03 09:50:07.919,0.7965,0.7969,0.30,0.40
2008.03.03 09:50:08.088,0.79634,0.79664,0.30,0.40
2008.03.03 09:50:08.245,0.7965,0.7969,0.30,0.40
2008.03.03 09:50:08.402,0.79631,0.79661,0.30,2.40
2008.03.03 09:50:08.559,0.7965,0.7969,0.30,0.40
2008.03.03 09:50:08.741,0.79628,0.79658,0.30,0.20
2008.03.03 09:50:08.904,0.7965,0.7969,0.30,0.40
2008.03.03 09:50:09.059,0.79631,0.79661,0.30,0.20
2008.03.03 09:50:09.219,0.7965,0.7969,0.30,0.40
2008.03.03 09:50:09.347,0.79637,0.79667,4.00,0.20
2008.03.03 09:50:09.572,0.7965,0.7969,0.30,0.40
2008.03.03 09:50:09.599,0.79635,0.79665,4.00,0.60
2008.03.03 09:50:09.835,0.79631,0.79666,0.50,1.20
2008.03.03 09:50:09.885,0.7965,0.7969,0.30,0.40
2008.03.03 09:50:10.170,0.79634,0.79669,4.00,0.20
2008.03.03 09:50:10.220,0.7965,0.7969,0.30,0.40
2008.03.03 09:50:10.509,0.7964,0.79675,2.60,0.60
2008.03.03 09:50:10.553,0.7965,0.7969,0.30,0.40
2008.03.03 09:50:10.887,0.7965,0.7969,0.30,0.40
2008.03.03 09:50:10.925,0.79643,0.79678,4.00,0.20
2008.03.03 09:50:11.196,0.7965,0.7969,0.30,0.40
2008.03.03 09:50:11.263,0.79641,0.79676,0.30,8.00
2008.03.03 09:50:11.539,0.7965,0.7969,0.30,0.40
2008.03.03 09:50:11.595,0.79639,0.79674,4.00,0.20
2008.03.03 09:50:11.828,0.79636,0.79676,4.00,0.20
2008.03.03 09:50:11.859,0.7965,0.7969,0.30,0.40
2008.03.03 09:50:12.063,0.79639,0.79679,0.30,0.20
2008.03.03 09:50:12.191,0.7965,0.7969,0.60,0.40
2008.03.03 09:50:12.397,0.79645,0.7968,0.30,0.20
2008.03.03 09:50:12.487,0.7965,0.7969,0.60,0.40
2008.03.03 09:50:12.620,0.79646,0.79676,0.20,2.40
2008.03.03 09:50:12.732,0.79643,0.79673,0.30,0.20
2008.03.03 09:50:12.801,0.7966,0.7969,0.30,0.40
2008.03.03 09:50:13.066,0.79643,0.79673,0.30,0.20
2008.03.03 09:50:13.073,0.7966,0.7969,0.30,0.40
2008.03.03 09:50:13.303,0.7965,0.79675,0.30,0.20
2008.03.03 09:50:13.416,0.7966,0.7969,0.30,0.40
2008.03.03 09:50:13.538,0.79649,0.79679,0.30,4.00
2008.03.03 09:50:13.735,0.7966,0.7969,0.30,0.40
2008.03.03 09:50:13.773,0.79644,0.79674,4.00,0.20
2008.03.03 09:50:14.009,0.79644,0.79674,4.00,0.20
2008.03.03 09:50:14.054,0.7966,0.7969,0.30,0.40
2008.03.03 09:50:14.343,0.79646,0.79676,6.40,0.20
2008.03.03 09:50:14.389,0.7966,0.7969,0.30,0.40
2008.03.03 09:50:14.678,0.79647,0.79667,0.30,0.20
2008.03.03 09:50:14.727,0.7966,0.7969,0.30,0.40
2008.03.03 09:50:15.013,0.79637,0.79667,0.30,4.00
2008.03.03 09:50:15.050,0.7966,0.7969,0.30,0.40
2008.03.03 09:50:15.339,0.79638,0.79668,0.30,4.00
2008.03.03 09:50:15.389,0.7966,0.7969,0.30,0.40
2008.03.03 09:50:15.673,0.7964,0.7967,0.30,0.20
2008.03.03 09:50:15.814,0.7966,0.7969,0.30,0.40
2008.03.03 09:50:16.008,0.79644,0.79674,0.30,4.00
2008.03.03 09:50:16.045,0.7966,0.7969,0.30,0.40
2008.03.03 09:50:16.271,0.7966,0.7969,0.30,0.40
2008.03.03 09:50:16.328,0.79646,0.79676,0.30,1.60
2008.03.03 09:50:16.593,0.7966,0.7969,0.30,0.40
2008.03.03 09:50:16.651,0.79643,0.79673,0.60,0.40
2008.03.03 09:50:16.808,0.7966,0.7969,0.30,0.40
2008.03.03 09:50:16.871,0.79639,0.79669,2.60,2.50
2008.03.03 09:50:17.143,0.7966,0.7969,0.30,0.40
2008.03.03 09:50:17.210,0.79636,0.79666,0.30,0.20
2008.03.03 09:50:17.479,0.7966,0.7969,0.30,0.40
2008.03.03 09:50:17.637,0.79635,0.79665,2.80,2.40
2008.03.03 09:50:17.912,0.7966,0.7969,0.30,0.40
2008.03.03 09:50:17.980,0.79636,0.79666,0.30,0.20
2008.03.03 09:50:18.201,0.79638,0.79668,2.40,0.70
2008.03.03 09:50:18.243,0.7966,0.7969,0.30,0.40
2008.03.03 09:50:18.428,0.79643,0.79673,2.40,2.40
2008.03.03 09:50:18.566,0.7966,0.7969,0.30,0.40
2008.03.03 09:50:18.672,0.79645,0.79675,4.00,0.20
2008.03.03 09:50:18.796,0.7966,0.7969,0.30,0.40
2008.03.03 09:50:18.887,0.79642,0.79672,0.30,0.20
2008.03.03 09:50:19.118,0.7966,0.7969,0.30,0.40
2008.03.03 09:50:19.221,0.79641,0.79666,2.60,2.50
2008.03.03 09:50:19.475,0.7966,0.7969,0.30,0.40
2008.03.03 09:50:19.555,0.79642,0.79667,0.20,0.20
2008.03.03 09:50:19.789,0.7966,0.7969,0.30,0.40
2008.03.03 09:50:19.889,0.79642,0.79667,0.30,0.20
2008.03.03 09:50:20.199,0.79639,0.79664,9.60,0.20
2008.03.03 09:50:20.221,0.7966,0.7969,0.30,0.40
2008.03.03 09:50:20.509,0.79629,0.79669,0.30,0.20
2008.03.03 09:50:20.678,0.7966,0.7969,0.30,0.40
2008.03.03 09:50:20.831,0.79625,0.79675,0.60,2.50
2008.03.03 09:50:21.097,0.7966,0.7969,0.30,0.40
2008.03.03 09:50:21.156,0.79628,0.79678,2.40,0.20
2008.03.03 09:50:21.322,0.7966,0.7969,0.30,0.40
2008.03.03 09:50:21.468,0.79631,0.79681,4.00,0.20
2008.03.03 09:50:21.536,0.7966,0.7969,0.30,0.40
2008.03.03 09:50:21.761,0.7966,0.7969,0.30,0.40
2008.03.03 09:50:21.828,0.79631,0.79681,4.20,0.20
2008.03.03 09:50:21.982,0.7966,0.7969,0.30,0.40
2008.03.03 09:50:22.151,0.79632,0.79682,0.30,0.20
2008.03.03 09:50:22.305,0.7966,0.7969,0.30,0.40
2008.03.03 09:50:22.478,0.79631,0.79681,0.30,0.40
2008.03.03 09:50:22.638,0.7966,0.7969,0.30,0.40
2008.03.03 09:50:22.816,0.79632,0.79682,4.00,0.20
2008.03.03 09:50:22.966,0.7966,0.7969,0.30,0.40
2008.03.03 09:50:23.134,0.79633,0.79683,0.50,0.20
2008.03.03 09:50:23.313,0.7966,0.7969,0.30,0.40
2008.03.03 09:50:23.363,0.79635,0.7968,0.80,0.20
2008.03.03 09:50:23.546,0.7965,0.7969,0.60,0.40
2008.03.03 09:50:23.593,0.79638,0.79678,0.30,4.00
2008.03.03 09:50:23.784,0.7965,0.7969,0.30,0.40
2008.03.03 09:50:23.839,0.79636,0.79676,4.20,5.60
2008.03.03 09:50:24.017,0.7965,0.7969,0.30,0.40
2008.03.03 09:50:24.070,0.79633,0.79673,0.30,0.20
2008.03.03 09:50:24.405,0.79626,0.79676,4.00,0.20
2008.03.03 09:50:24.409,0.7965,0.7969,0.30,0.40
2008.03.03 09:50:24.732,0.7965,0.7969,0.30,0.40
2008.03.03 09:50:24.737,0.79632,0.79672,0.60,0.20
2008.03.03 09:50:25.060,0.7965,0.7969,0.30,0.40
2008.03.03 09:50:25.075,0.7963,0.7968,2.60,2.50
2008.03.03 09:50:25.407,0.79633,0.79683,6.40,0.20
2008.03.03 09:50:25.505,0.7965,0.7969,0.30,0.40
2008.03.03 09:50:25.739,0.79636,0.79681,2.60,2.50
2008.03.03 09:50:25.938,0.7965,0.7969,0.30,0.40
2008.03.03 09:50:26.068,0.79633,0.79683,0.30,0.20
2008.03.03 09:50:26.148,0.7965,0.7969,0.30,0.40
2008.03.03 09:50:26.313,0.79634,0.79684,0.30,4.00
2008.03.03 09:50:26.357,0.7965,0.7969,0.30,0.40
2008.03.03 09:50:26.553,0.79635,0.79685,4.00,0.40
2008.03.03 09:50:26.601,0.7965,0.7969,0.30,0.40
2008.03.03 09:50:26.824,0.7965,0.7969,0.30,0.40
2008.03.03 09:50:26.882,0.79633,0.79683,0.30,11.30
2008.03.03 09:50:27.034,0.7965,0.7969,0.30,0.40
2008.03.03 09:50:27.189,0.79631,0.79681,0.70,0.20
2008.03.03 09:50:27.352,0.7965,0.7969,0.60,0.40
2008.03.03 09:50:27.532,0.7963,0.7968,2.40,2.40
2008.03.03 09:50:27.671,0.7965,0.7969,0.30,0.40
2008.03.03 09:50:27.902,0.79628,0.79678,2.40,2.40
2008.03.03 09:50:28.003,0.7965,0.7969,0.30,0.40
2008.03.03 09:50:28.240,0.79628,0.79678,2.40,2.40
2008.03.03 09:50:28.254,0.7965,0.7969,0.30,0.40
2008.03.03 09:50:28.440,0.79624,0.79679,2.40,0.20
2008.03.03 09:50:28.503,0.7965,0.7969,0.30,0.40
2008.03.03 09:50:28.638,0.79621,0.79681,4.00,0.60
2008.03.03 09:50:28.733,0.7965,0.7969,0.30,0.20
2008.03.03 09:50:28.872,0.79622,0.79682,0.30,0.20
2008.03.03 09:50:28.961,0.7965,0.79705,0.30,2.40
2008.03.03 09:50:29.081,0.79623,0.79683,4.00,0.20
2008.03.03 09:50:29.191,0.7965,0.79705,0.30,2.40
2008.03.03 09:50:29.299,0.79626,0.79686,8.00,0.40
2008.03.03 09:50:29.525,0.7965,0.79705,0.30,2.40
2008.03.03 09:50:29.743,0.79626,0.79686,4.00,0.20
2008.03.03 09:50:29.890,0.7965,0.79705,0.30,2.40
2008.03.03 09:50:30.176,0.79625,0.79685,4.00,2.40
2008.03.03 09:50:30.225,0.7965,0.79705,0.30,2.40
2008.03.03 09:50:30.449,0.7965,0.79705,0.30,2.40
2008.03.03 09:50:30.522,0.79624,0.79684,0.60,0.20
2008.03.03 09:50:30.676,0.7965,0.79705,0.30,2.40
2008.03.03 09:50:30.836,0.79622,0.79682,0.30,0.20
2008.03.03 09:50:31.006,0.7965,0.79705,0.30,2.40
2008.03.03 09:50:31.145,0.79625,0.79685,0.30,4.00
2008.03.03 09:50:31.323,0.7965,0.79705,0.30,2.40
2008.03.03 09:50:31.447,0.79628,0.79688,4.80,0.20
2008.03.03 09:50:31.666,0.7965,0.79705,0.30,2.40
2008.03.03 09:50:31.715,0.79627,0.79687,0.30,4.00
2008.03.03 09:50:31.983,0.7965,0.79705,0.30,2.40
2008.03.03 09:50:32.057,0.79626,0.79686,0.60,0.20
2008.03.03 09:50:32.320,0.7965,0.79705,0.30,2.40
2008.03.03 09:50:32.367,0.79625,0.79685,0.60,0.50
2008.03.03 09:50:32.657,0.7965,0.79705,0.30,2.40
2008.03.03 09:50:32.713,0.79625,0.79685,0.60,0.20
2008.03.03 09:50:32.978,0.7965,0.79705,0.30,2.40
2008.03.03 09:50:33.127,0.79622,0.79682,4.00,0.20
2008.03.03 09:50:33.311,0.7965,0.79705,0.30,2.40
2008.03.03 09:50:33.451,0.79622,0.79682,0.60,0.20
2008.03.03 09:50:33.564,0.7965,0.79705,0.30,2.40
2008.03.03 09:50:33.694,0.79626,0.79686,4.00,0.40
2008.03.03 09:50:33.861,0.7965,0.79705,0.30,2.40
2008.03.03 09:50:33.933,0.79628,0.79688,5.60,9.60
2008.03.03 09:50:34.150,0.7963,0.7969,0.30,0.20
2008.03.03 09:50:34.187,0.7965,0.79705,0.30,2.40
2008.03.03 09:50:34.456,0.79629,0.79689,0.30,0.20
2008.03.03 09:50:34.526,0.7965,0.79705,0.30,2.40
2008.03.03 09:50:34.907,0.79626,0.79686,2.40,2.40
2008.03.03 09:50:34.953,0.7965,0.79705,0.30,2.40
2008.03.03 09:50:35.354,0.79625,0.79685,2.40,2.40
2008.03.03 09:50:35.409,0.7965,0.79705,0.30,2.40
2008.03.03 09:50:35.638,0.79645,0.79705,2.40,2.40
2008.03.03 09:50:35.726,0.79624,0.79684,1.80,5.60
2008.03.03 09:50:35.867,0.79645,0.79705,2.40,2.40
2008.03.03 09:50:36.014,0.79622,0.79682,0.30,0.20
2008.03.03 09:50:36.096,0.79645,0.79705,2.40,2.40
2008.03.03 09:50:36.345,0.79622,0.79682,0.30,6.40
2008.03.03 09:50:36.382,0.79645,0.79705,2.40,2.40
2008.03.03 09:50:36.662,0.79622,0.79682,0.10,0.20
2008.03.03 09:50:36.718,0.79645,0.79705,2.40,2.40
2008.03.03 09:50:36.997,0.79623,0.79683,0.30,1.60
2008.03.03 09:50:37.054,0.79645,0.79705,2.40,2.40
2008.03.03 09:50:37.285,0.79622,0.79682,0.30,1.70
2008.03.03 09:50:37.379,0.79645,0.79705,2.40,2.40
2008.03.03 09:50:37.505,0.79623,0.79683,0.60,4.00
2008.03.03 09:50:37.710,0.79645,0.79705,2.40,2.40
2008.03.03 09:50:37.837,0.79625,0.7968,4.80,0.20
2008.03.03 09:50:38.044,0.79645,0.79705,2.40,2.40
2008.03.03 09:50:38.173,0.79627,0.79677,0.30,0.80
2008.03.03 09:50:38.370,0.79645,0.79705,2.40,2.40
2008.03.03 09:50:38.512,0.79622,0.79677,0.60,0.20
2008.03.03 09:50:38.700,0.79645,0.79705,2.40,2.40
2008.03.03 09:50:38.765,0.79622,0.79677,0.30,0.20
2008.03.03 09:50:39.026,0.79645,0.79705,2.40,2.40
2008.03.03 09:50:39.090,0.79622,0.79677,4.00,0.20
2008.03.03 09:50:39.361,0.79645,0.79705,2.40,2.40
2008.03.03 09:50:39.409,0.79623,0.79678,0.30,0.20
2008.03.03 09:50:39.743,0.79625,0.7968,0.60,2.40
2008.03.03 09:50:39.792,0.79645,0.79705,2.40,2.40
2008.03.03 09:50:40.078,0.79626,0.79681,9.60,3.10
2008.03.03 09:50:40.128,0.79645,0.79705,2.40,2.40
2008.03.03 09:50:40.411,0.79626,0.79676,2.60,2.70
2008.03.03 09:50:40.554,0.79645,0.79705,9.60,2.40
2008.03.03 09:50:40.740,0.79624,0.79674,0.30,0.20
2008.03.03 09:50:40.797,0.79655,0.79705,4.20,2.40
2008.03.03 09:50:41.036,0.79665,0.79725,2.40,2.50
2008.03.03 09:50:41.070,0.79626,0.79676,4.00,0.50
2008.03.03 09:50:41.275,0.7967,0.79725,0.30,2.50
2008.03.03 09:50:41.390,0.79632,0.79682,0.30,0.20
2008.03.03 09:50:41.601,0.7967,0.79725,0.30,10.50
2008.03.03 09:50:41.716,0.79635,0.79685,4.00,0.20
2008.03.03 09:50:41.921,0.7967,0.79715,0.30,0.20
2008.03.03 09:50:42.060,0.79636,0.79686,2.60,2.50
2008.03.03 09:50:42.248,0.7967,0.79715,0.30,0.20
2008.03.03 09:50:42.394,0.79636,0.79686,0.30,2.40
2008.03.03 09:50:42.534,0.7967,0.79715,0.30,0.20
2008.03.03 09:50:42.713,0.79633,0.79683,4.00,0.20
2008.03.03 09:50:42.821,0.7967,0.79725,0.30,2.40
2008.03.03 09:50:43.053,0.79633,0.79683,0.30,0.40
2008.03.03 09:50:43.109,0.7967,0.79725,0.30,2.40
2008.03.03 09:50:43.377,0.79632,0.79682,2.60,2.40
2008.03.03 09:50:43.421,0.7967,0.79725,0.30,2.40
2008.03.03 09:50:43.609,0.79632,0.79682,0.30,0.20
2008.03.03 09:50:43.676,0.7967,0.79725,0.30,8.80
2008.03.03 09:50:43.931,0.7967,0.7972,0.30,0.20
2008.03.03 09:50:43.934,0.7963,0.7968,2.60,0.20
2008.03.03 09:50:44.184,0.7967,0.7972,0.30,0.40
2008.03.03 09:50:44.241,0.79628,0.79678,0.60,0.20
2008.03.03 09:50:44.488,0.79629,0.79679,13.60,0.20
2008.03.03 09:50:44.512,0.7967,0.7972,0.30,0.20
2008.03.03 09:50:44.846,0.7967,0.79725,0.30,2.50
2008.03.03 09:50:44.895,0.79631,0.79681,8.20,2.50
2008.03.03 09:50:45.186,0.7967,0.79725,0.30,2.50
2008.03.03 09:50:45.247,0.79632,0.79682,0.30,0.20
2008.03.03 09:50:45.627,0.79631,0.79681,2.40,4.80
2008.03.03 09:50:45.654,0.7967,0.79725,0.30,2.50
2008.03.03 09:50:45.905,0.7963,0.7968,0.60,4.00
2008.03.03 09:50:45.969,0.7967,0.79725,0.30,2.50
2008.03.03 09:50:46.234,0.79627,0.79677,0.30,0.20
2008.03.03 09:50:46.280,0.7967,0.79725,0.30,2.50
2008.03.03 09:50:46.579,0.79625,0.79675,0.30,0.20
2008.03.03 09:50:46.615,0.7967,0.79725,0.30,2.50
2008.03.03 09:50:46.909,0.79626,0.79676,0.30,0.20
2008.03.03 09:50:46.924,0.7967,0.79725,0.30,2.50
2008.03.03 09:50:47.240,0.7963,0.7968,0.30,0.20
2008.03.03 09:50:47.285,0.7967,0.79725,0.30,2.50
2008.03.03 09:50:47.521,0.79636,0.79686,4.00,0.20
2008.03.03 09:50:47.600,0.7967,0.79725,0.30,2.50
2008.03.03 09:50:47.821,0.79639,0.79684,0.30,0.20
2008.03.03 09:50:47.935,0.7967,0.79725,0.30,2.50
2008.03.03 09:50:48.113,0.79633,0.79678,4.00,0.40
2008.03.03 09:50:48.164,0.7967,0.79725,0.30,2.50
2008.03.03 09:50:48.438,0.79626,0.79671,2.60,2.50
2008.03.03 09:50:48.498,0.7967,0.79725,0.30,2.50
2008.03.03 09:50:48.731,0.79623,0.79668,9.60,0.20
2008.03.03 09:50:48.824,0.7967,0.79725,0.30,2.50
2008.03.03 09:50:48.955,0.79622,0.79677,0.30,4.00
2008.03.03 09:50:49.156,0.7967,0.79725,0.30,2.50
2008.03.03 09:50:49.180,0.79625,0.7968,2.40,2.40
2008.03.03 09:50:49.384,0.79625,0.7968,2.40,2.40
2008.03.03 09:50:49.465,0.7967,0.79725,0.30,2.50
2008.03.03 09:50:49.629,0.79624,0.79674,2.60,2.50
2008.03.03 09:50:49.812,0.7967,0.79725,0.30,2.50
2008.03.03 09:50:49.973,0.79623,0.79673,0.30,2.40
2008.03.03 09:50:50.157,0.7967,0.79725,0.30,2.50
2008.03.03 09:50:50.309,0.79626,0.79676,0.80,0.20
2008.03.03 09:50:50.576,0.7967,0.79725,0.30,2.50
2008.03.03 09:50:50.734,0.79625,0.79675,0.30,2.50
2008.03.03 09:50:50.804,0.7967,0.79725,0.30,2.50
2008.03.03 09:50:51.019,0.7967,0.79725,0.30,2.50
2008.03.03 09:50:51.074,0.79624,0.79674,0.30,4.00
2008.03.03 09:50:51.237,0.7967,0.79725,0.30,2.50
2008.03.03 09:50:51.404,0.79624,0.79674,4.00,0.20
2008.03.03 09:50:51.453,0.7967,0.79725,0.30,2.50
2008.03.03 09:50:51.720,0.79625,0.79675,0.30,0.20
2008.03.03 09:50:51.792,0.7967,0.79725,0.30,2.50
2008.03.03 09:50:52.017,0.79625,0.79675,8.00,0.20
2008.03.03 09:50:52.110,0.7967,0.79725,0.30,2.50
2008.03.03 09:50:52.261,0.79626,0.79676,7.20,2.50
2008.03.03 09:50:52.443,0.7967,0.79725,0.30,2.50
2008.03.03 09:50:52.507,0.79627,0.79677,4.00,0.40
2008.03.03 09:50:52.767,0.7967,0.79725,0.30,2.50
2008.03.03 09:50:52.846,0.79628,0.79678,0.30,2.40
2008.03.03 09:50:53.110,0.7967,0.79725,0.30,2.50
2008.03.03 09:50:53.179,0.79631,0.79681,0.30,0.20
2008.03.03 09:50:53.427,0.7967,0.79725,0.30,2.50
2008.03.03 09:50:53.505,0.79631,0.79681,0.60,0.20
2008.03.03 09:50:53.756,0.7967,0.79725,0.30,2.50
2008.03.03 09:50:53.801,0.79629,0.79679,2.40,2.40
2008.03.03 09:50:54.040,0.79627,0.79677,0.30,0.20
2008.03.03 09:50:54.097,0.7967,0.79725,0.30,2.50
2008.03.03 09:50:54.372,0.79628,0.79678,0.30,0.20
2008.03.03 09:50:54.421,0.7967,0.79725,0.30,2.50
2008.03.03 09:50:54.682,0.79627,0.79682,0.30,0.20
2008.03.03 09:50:54.761,0.7967,0.79725,0.30,2.50
2008.03.03 09:50:55.035,0.79633,0.79683,0.30,6.40
2008.03.03 09:50:55.202,0.7967,0.79725,0.30,2.50
2008.03.03 09:50:55.370,0.79631,0.79686,0.60,0.20
2008.03.03 09:50:55.629,0.7967,0.79725,0.30,2.50
2008.03.03 09:50:55.705,0.79633,0.79683,0.30,0.20
2008.03.03 09:50:55.962,0.7967,0.79725,0.30,2.50
2008.03.03 09:50:56.025,0.79631,0.79681,0.60,0.20
2008.03.03 09:50:56.284,0.7967,0.79725,0.30,2.50
2008.03.03 09:50:56.296,0.79629,0.79679,0.30,0.40
2008.03.03 09:50:56.514,0.7967,0.79725,0.30,2.50
2008.03.03 09:50:56.546,0.79631,0.79681,0.30,0.20
2008.03.03 09:50:56.795,0.79631,0.79681,2.40,4.00
2008.03.03 09:50:56.848,0.7967,0.79725,0.30,2.50
2008.03.03 09:50:57.115,0.7963,0.7968,0.30,0.20
2008.03.03 09:50:57.175,0.7967,0.79725,0.30,2.50
2008.03.03 09:50:57.437,0.79631,0.79681,4.00,0.20
2008.03.03 09:50:57.504,0.7967,0.79725,0.30,2.50
2008.03.03 09:50:57.771,0.79629,0.79679,2.60,2.50
2008.03.03 09:50:57.830,0.7967,0.79725,0.30,2.50
2008.03.03 09:50:58.108,0.79629,0.79679,4.00,0.20
2008.03.03 09:50:58.173,0.7967,0.79725,0.30,2.50
2008.03.03 09:50:58.440,0.79631,0.79681,0.30,0.20
2008.03.03 09:50:58.506,0.7967,0.79725,0.30,2.50
2008.03.03 09:50:58.773,0.7963,0.7968,0.30,4.00
2008.03.03 09:50:58.833,0.7967,0.79725,0.30,2.50
2008.03.03 09:50:59.095,0.79631,0.79681,2.60,6.40
2008.03.03 09:50:59.169,0.7967,0.79725,0.30,2.50
2008.03.03 09:50:59.331,0.79636,0.79686,0.30,0.20
2008.03.03 09:50:59.485,0.7967,0.79725,0.30,2.50
2008.03.03 09:50:59.657,0.7964,0.7969,9.60,0.20
2008.03.03 09:50:59.834,0.7967,0.79725,0.30,2.50
2008.03.03 09:51:00.229,0.79642,0.79692,0.20,0.20
2008.03.03 09:51:00.262,0.7967,0.79725,0.30,2.50
2008.03.03 09:51:00.577,0.79639,0.79689,1.80,2.50
2008.03.03 09:51:00.685,0.7967,0.79725,0.30,2.50
2008.03.03 09:51:00.926,0.79638,0.79688,0.40,0.20
2008.03.03 09:51:01.019,0.7967,0.79725,0.30,2.50
2008.03.03 09:51:01.234,0.79638,0.79688,0.60,0.20
2008.03.03 09:51:01.363,0.7967,0.79725,0.30,2.50
2008.03.03 09:51:01.575,0.79637,0.79687,2.60,2.50
2008.03.03 09:51:01.674,0.7967,0.79725,0.30,2.50
2008.03.03 09:51:01.908,0.79636,0.79686,0.30,4.00
2008.03.03 09:51:02.017,0.7967,0.79725,0.30,2.50
2008.03.03 09:51:02.228,0.79637,0.79687,0.30,2.50
2008.03.03 09:51:02.370,0.7967,0.79725,0.30,2.50
2008.03.03 09:51:02.559,0.79637,0.79687,0.30,0.20
2008.03.03 09:51:02.706,0.7967,0.79725,0.30,2.50
2008.03.03 09:51:02.879,0.79636,0.79686,0.50,0.20
2008.03.03 09:51:03.008,0.7967,0.79725,0.30,2.50
2008.03.03 09:51:03.222,0.79634,0.79684,0.30,4.00
2008.03.03 09:51:03.334,0.7967,0.79725,0.30,2.50
2008.03.03 09:51:03.541,0.79633,0.79683,5.60,0.10
2008.03.03 09:51:03.658,0.7967,0.79725,0.30,2.50
2008.03.03 09:51:03.861,0.79633,0.79683,4.00,2.80
2008.03.03 09:51:03.999,0.7967,0.79725,0.30,2.50
2008.03.03 09:51:04.211,0.79633,0.79683,0.60,0.20
2008.03.03 09:51:04.329,0.7967,0.79725,0.30,2.50
2008.03.03 09:51:04.537,0.79633,0.79683,0.30,0.20
2008.03.03 09:51:04.662,0.7967,0.79725,0.30,2.50
2008.03.03 09:51:04.945,0.79634,0.79684,0.60,4.00
2008.03.03 09:51:05.094,0.7967,0.79725,0.30,2.50
2008.03.03 09:51:05.298,0.79635,0.79685,0.30,0.20
2008.03.03 09:51:05.530,0.7967,0.79725,0.30,2.50
2008.03.03 09:51:05.723,0.79634,0.79684,16.20,0.80
2008.03.03 09:51:05.858,0.7967,0.79725,0.30,2.50
2008.03.03 09:51:06.085,0.7967,0.79725,0.30,2.50
2008.03.03 09:51:06.089,0.79632,0.79682,4.00,0.20
2008.03.03 09:51:06.311,0.7967,0.79725,0.30,2.50
2008.03.03 09:51:06.408,0.79631,0.79681,0.10,0.20
2008.03.03 09:51:06.625,0.7967,0.79725,0.30,2.50
2008.03.03 09:51:06.738,0.79633,0.79683,0.30,0.20
2008.03.03 09:51:06.954,0.7967,0.79725,0.30,2.50
2008.03.03 09:51:07.069,0.79634,0.79684,4.00,0.20
2008.03.03 09:51:07.278,0.7967,0.79725,0.30,2.50
2008.03.03 09:51:07.397,0.79634,0.79684,0.30,4.00
2008.03.03 09:51:07.639,0.7967,0.79725,0.30,2.50
2008.03.03 09:51:07.832,0.79636,0.79686,8.00,0.20
2008.03.03 09:51:07.943,0.7967,0.79725,0.30,2.50
2008.03.03 09:51:08.262,0.79636,0.79686,0.30,0.20
2008.03.03 09:51:08.281,0.7967,0.79725,0.30,2.50
2008.03.03 09:51:08.634,0.7967,0.79725,0.30,2.50
2008.03.03 09:51:08.715,0.79636,0.79686,0.30,0.20
2008.03.03 09:51:08.960,0.7967,0.79725,0.30,2.50
2008.03.03 09:51:09.038,0.79635,0.79685,0.30,0.20
2008.03.03 09:51:09.269,0.7967,0.79725,0.30,2.50
2008.03.03 09:51:09.377,0.79634,0.79684,0.30,0.90
2008.03.03 09:51:09.601,0.7967,0.79725,0.30,2.50
2008.03.03 09:51:09.710,0.79633,0.79683,0.30,9.60
2008.03.03 09:51:10.031,0.7967,0.79725,0.30,2.50
2008.03.03 09:51:10.143,0.79634,0.79684,2.60,2.50
2008.03.03 09:51:10.368,0.7967,0.79725,0.30,2.50
2008.03.03 09:51:10.476,0.79635,0.79685,0.30,2.50
2008.03.03 09:51:10.705,0.7967,0.79725,0.30,2.50
2008.03.03 09:51:10.816,0.79637,0.79687,0.30,4.00
2008.03.03 09:51:11.031,0.7967,0.79725,0.30,2.50
2008.03.03 09:51:11.134,0.79639,0.79689,4.00,0.20
2008.03.03 09:51:11.372,0.7967,0.79725,0.30,2.50
2008.03.03 09:51:11.439,0.79638,0.79688,0.30,0.20
2008.03.03 09:51:11.680,0.7967,0.79725,0.30,2.50
2008.03.03 09:51:11.796,0.79637,0.79687,10.40,8.10
2008.03.03 09:51:12.019,0.7967,0.79725,0.30,2.50
2008.03.03 09:51:12.127,0.79636,0.79686,0.30,4.10
2008.03.03 09:51:12.350,0.7967,0.79725,0.30,2.50
2008.03.03 09:51:12.456,0.79635,0.79685,0.30,0.20
2008.03.03 09:51:12.685,0.7967,0.79725,0.30,2.50
2008.03.03 09:51:12.786,0.79637,0.79687,0.30,0.20
2008.03.03 09:51:13.009,0.7967,0.79725,0.30,2.50
2008.03.03 09:51:13.111,0.79639,0.79689,0.30,0.20
2008.03.03 09:51:13.361,0.7967,0.79725,0.30,2.50
2008.03.03 09:51:13.416,0.79639,0.79689,0.30,4.10
2008.03.03 09:51:13.674,0.7967,0.79725,0.30,2.50
2008.03.03 09:51:13.765,0.79639,0.79689,4.00,0.20
2008.03.03 09:51:13.974,0.7967,0.79725,0.30,2.50
2008.03.03 09:51:14.099,0.79637,0.79687,0.30,4.00
2008.03.03 09:51:14.346,0.7967,0.79725,0.30,2.50
2008.03.03 09:51:14.515,0.79634,0.79684,13.60,2.40
2008.03.03 09:51:14.675,0.7967,0.79725,0.30,2.50
2008.03.03 09:51:14.849,0.79633,0.79683,2.40,4.00
2008.03.03 09:51:15.110,0.7967,0.79725,0.30,2.50
2008.03.03 09:51:15.213,0.79632,0.79682,0.30,4.00
2008.03.03 09:51:15.532,0.7967,0.79725,0.30,2.50
2008.03.03 09:51:15.540,0.79633,0.79683,0.30,0.50
2008.03.03 09:51:15.866,0.7967,0.79725,0.30,2.50
2008.03.03 09:51:15.868,0.79635,0.79685,8.00,2.40
2008.03.03 09:51:16.091,0.7967,0.79725,0.30,2.50
2008.03.03 09:51:16.205,0.79636,0.79686,0.30,0.20
2008.03.03 09:51:16.423,0.7967,0.79725,0.30,2.50
2008.03.03 09:51:16.531,0.79637,0.79687,0.30,0.50
2008.03.03 09:51:16.649,0.7967,0.79725,0.30,2.50
2008.03.03 09:51:16.842,0.79637,0.79687,0.30,0.40
2008.03.03 09:51:16.864,0.7967,0.79725,0.30,2.50
2008.03.03 09:51:17.167,0.79636,0.79686,0.30,0.20
2008.03.03 09:51:17.305,0.7967,0.79725,0.30,2.50
2008.03.03 09:51:17.517,0.79632,0.79682,0.30,0.20
2008.03.03 09:51:17.769,0.7967,0.79725,0.30,2.50
2008.03.03 09:51:17.841,0.79631,0.79681,0.30,0.20
2008.03.03 09:51:18.166,0.79632,0.79682,0.30,4.00
2008.03.03 09:51:18.186,0.7967,0.79725,0.30,2.50
2008.03.03 09:51:18.494,0.79633,0.79683,4.00,0.20
2008.03.03 09:51:18.522,0.7967,0.79725,0.30,2.50
2008.03.03 09:51:18.740,0.7967,0.79725,0.30,2.50
2008.03.03 09:51:18.807,0.79636,0.79686,2.40,2.40
2008.03.03 09:51:18.952,0.7967,0.79725,0.30,2.50
2008.03.03 09:51:19.275,0.79637,0.79687,0.30,0.20
2008.03.03 09:51:19.378,0.7967,0.79725,0.30,2.50
2008.03.03 09:51:19.609,0.79638,0.79688,0.30,0.20
2008.03.03 09:51:19.717,0.7967,0.79725,0.30,2.50
2008.03.03 09:51:19.969,0.79636,0.79686,0.50,0.20
2008.03.03 09:51:20.156,0.7967,0.79725,0.30,2.50
2008.03.03 09:51:20.277,0.79634,0.79684,4.00,4.00
2008.03.03 09:51:20.586,0.79635,0.79685,4.00,0.20
2008.03.03 09:51:20.603,0.7967,0.79725,0.30,2.50
2008.03.03 09:51:20.934,0.79636,0.79686,2.60,2.70
2008.03.03 09:51:21.046,0.7967,0.79725,0.30,2.50
2008.03.03 09:51:21.243,0.79637,0.79687,6.40,0.20
2008.03.03 09:51:21.267,0.7967,0.79725,0.30,2.50
2008.03.03 09:51:21.490,0.7967,0.79725,0.30,2.50
2008.03.03 09:51:21.578,0.79638,0.79688,2.40,0.20
2008.03.03 09:51:21.704,0.7967,0.79725,0.30,2.50
2008.03.03 09:51:21.909,0.7967,0.79725,0.30,2.50
2008.03.03 09:51:21.910,0.79639,0.79689,0.60,0.20
2008.03.03 09:51:22.231,0.7964,0.7969,0.30,6.40
2008.03.03 09:51:22.254,0.7967,0.79725,0.30,2.50
2008.03.03 09:51:22.563,0.7964,0.7969,0.30,0.20
2008.03.03 09:51:22.685,0.7967,0.79725,0.30,2.50
2008.03.03 09:51:22.909,0.79637,0.79687,0.30,0.40
2008.03.03 09:51:23.131,0.7967,0.79725,0.30,2.50
2008.03.03 09:51:23.226,0.79634,0.79684,2.40,2.40
2008.03.03 09:51:23.447,0.7967,0.79725,0.30,2.50
2008.03.03 09:51:23.454,0.79633,0.79683,0.30,0.20
2008.03.03 09:51:23.667,0.7967,0.79725,0.30,2.50
2008.03.03 09:51:23.683,0.79636,0.79686,0.30,0.80
2008.03.03 09:51:23.899,0.7967,0.79725,0.30,2.50
2008.03.03 09:51:24.114,0.79638,0.79688,1.60,0.20
2008.03.03 09:51:24.227,0.7967,0.79725,0.30,2.50
2008.03.03 09:51:24.559,0.79638,0.79688,0.50,0.20
2008.03.03 09:51:24.560,0.7967,0.79725,0.30,2.50
2008.03.03 09:51:24.895,0.7967,0.79725,0.30,2.50
2008.03.03 09:51:24.982,0.79638,0.79688,0.30,2.40
2008.03.03 09:51:25.227,0.7967,0.79725,0.30,2.50
2008.03.03 09:51:25.315,0.79637,0.79687,0.30,0.20
2008.03.03 09:51:25.649,0.7967,0.79725,0.30,2.50
2008.03.03 09:51:25.667,0.79635,0.79685,13.60,2.70
2008.03.03 09:51:25.976,0.79633,0.79683,4.00,0.20
2008.03.03 09:51:25.994,0.7967,0.79725,0.30,2.50
2008.03.03 09:51:26.225,0.7967,0.79725,0.30,2.50
2008.03.03 09:51:26.308,0.79633,0.79683,6.40,0.20
2008.03.03 09:51:26.540,0.7967,0.79725,0.30,2.50
2008.03.03 09:51:26.643,0.79635,0.79685,0.30,0.20
2008.03.03 09:51:26.750,0.7967,0.79725,0.30,2.50
2008.03.03 09:51:26.968,0.7967,0.79725,0.30,2.50
2008.03.03 09:51:26.970,0.79637,0.79687,4.00,0.40
2008.03.03 09:51:27.306,0.7967,0.79725,0.30,2.50
2008.03.03 09:51:27.382,0.79637,0.79687,4.00,0.20
2008.03.03 09:51:27.748,0.7967,0.79725,0.30,2.50
2008.03.03 09:51:27.841,0.79638,0.79688,0.30,0.20
2008.03.03 09:51:28.180,0.79638,0.79688,4.20,0.20
2008.03.03 09:51:28.189,0.7967,0.79725,0.30,2.50
2008.03.03 09:51:28.501,0.79637,0.79687,0.30,2.40
2008.03.03 09:51:28.528,0.7967,0.79725,0.30,2.50
2008.03.03 09:51:28.723,0.79637,0.79687,6.40,4.10
2008.03.03 09:51:28.850,0.7967,0.79725,0.30,2.50
2008.03.03 09:51:29.166,0.7967,0.79725,0.30,2.50
2008.03.03 09:51:29.175,0.79638,0.79688,0.30,0.20
2008.03.03 09:51:29.509,0.79639,0.79689,2.40,2.40
2008.03.03 09:51:29.517,0.7967,0.79725,0.30,2.50
2008.03.03 09:51:29.844,0.7967,0.79725,0.30,2.50
2008.03.03 09:51:29.936,0.79639,0.79689,0.30,0.40
2008.03.03 09:51:30.271,0.79638,0.79688,0.50,0.20
2008.03.03 09:51:30.299,0.7967,0.79725,0.30,2.50
2008.03.03 09:51:30.605,0.79636,0.79686,0.60,0.20
2008.03.03 09:51:30.715,0.7967,0.79725,0.30,2.50
2008.03.03 09:51:30.974,0.79634,0.79684,0.30,4.00
2008.03.03 09:51:31.157,0.7967,0.79725,0.30,2.50
2008.03.03 09:51:31.263,0.79636,0.79686,0.30,0.20
2008.03.03 09:51:31.482,0.7967,0.79725,0.30,2.50
2008.03.03 09:51:31.564,0.79636,0.79686,2.40,0.20
2008.03.03 09:51:31.806,0.7967,0.79725,0.30,2.50
2008.03.03 09:51:31.921,0.79636,0.79686,0.30,0.20
2008.03.03 09:51:32.152,0.7967,0.79725,0.30,2.50
2008.03.03 09:51:32.260,0.79636,0.79686,0.60,0.20
2008.03.03 09:51:32.477,0.7967,0.79725,0.30,2.50
2008.03.03 09:51:32.691,0.79636,0.79686,0.30,4.00
2008.03.03 09:51:32.806,0.7967,0.79725,0.30,2.50
2008.03.03 09:51:33.129,0.7967,0.79725,0.30,2.50
2008.03.03 09:51:33.130,0.79636,0.79686,0.30,0.20
2008.03.03 09:51:33.363,0.79665,0.79725,2.40,2.50
2008.03.03 09:51:33.460,0.79633,0.79683,2.40,2.40
2008.03.03 09:51:33.600,0.79665,0.79725,2.40,2.40
2008.03.03 09:51:33.781,0.79632,0.79682,8.00,1.60
2008.03.03 09:51:33.905,0.79665,0.79725,2.40,2.40
2008.03.03 09:51:34.125,0.79634,0.79684,4.00,0.60
2008.03.03 09:51:34.229,0.79665,0.79725,2.40,2.40
2008.03.03 09:51:34.551,0.79635,0.79685,0.30,0.20
2008.03.03 09:51:34.577,0.79665,0.79725,2.40,2.40
2008.03.03 09:51:34.885,0.79632,0.79682,2.60,2.40
2008.03.03 09:51:34.995,0.79665,0.79725,2.40,2.40
2008.03.03 09:51:35.224,0.79632,0.79682,0.30,0.80
2008.03.03 09:51:35.333,0.79665,0.79725,2.40,2.40
2008.03.03 09:51:35.483,0.79633,0.79683,0.30,0.40
2008.03.03 09:51:35.575,0.79665,0.79725,2.40,2.40
2008.03.03 09:51:35.733,0.79634,0.79684,4.80,4.00
2008.03.03 09:51:35.899,0.79665,0.79725,2.40,2.40
2008.03.03 09:51:35.982,0.79636,0.79686,1.00,0.20
2008.03.03 09:51:36.216,0.79665,0.79725,2.40,2.40
2008.03.03 09:51:36.322,0.79635,0.79685,2.40,0.20
2008.03.03 09:51:36.548,0.79665,0.79725,2.40,2.40
2008.03.03 09:51:36.651,0.79637,0.79687,2.00,4.40
2008.03.03 09:51:36.892,0.79665,0.79725,2.40,2.40
2008.03.03 09:51:36.973,0.79637,0.79687,0.30,4.00
2008.03.03 09:51:37.213,0.79665,0.79725,2.40,2.40
2008.03.03 09:51:37.300,0.79638,0.79688,2.40,2.80
2008.03.03 09:51:37.544,0.79665,0.79725,2.40,2.40
2008.03.03 09:51:37.646,0.79638,0.79688,0.30,0.20
2008.03.03 09:51:37.855,0.79665,0.79725,2.40,2.40
2008.03.03 09:51:37.872,0.79638,0.79688,4.00,0.20
2008.03.03 09:51:37.967,0.79639,0.79689,0.30,0.20
2008.03.03 09:51:38.198,0.79665,0.79725,2.40,2.40
2008.03.03 09:51:38.296,0.79639,0.79689,0.30,0.20
2008.03.03 09:51:38.519,0.79665,0.79725,2.40,2.40
2008.03.03 09:51:38.635,0.79636,0.79686,0.30,0.20
2008.03.03 09:51:38.850,0.79665,0.79725,2.40,2.40
2008.03.03 09:51:38.968,0.79633,0.79683,9.60,0.20
2008.03.03 09:51:39.202,0.79665,0.79725,2.40,2.40
2008.03.03 09:51:39.283,0.79632,0.79682,8.00,0.20
2008.03.03 09:51:39.620,0.79631,0.79681,4.80,0.20
2008.03.03 09:51:39.621,0.79665,0.79725,2.40,2.40
2008.03.03 09:51:40.059,0.79631,0.79681,2.40,0.20
2008.03.03 09:51:40.066,0.79665,0.79725,2.40,2.40
2008.03.03 09:51:40.375,0.79635,0.79685,0.30,4.00
2008.03.03 09:51:40.507,0.79665,0.79725,2.40,2.40
2008.03.03 09:51:40.719,0.79638,0.79688,0.30,0.40
2008.03.03 09:51:40.728,0.79665,0.79725,2.40,2.40
2008.03.03 09:51:40.948,0.79665,0.79725,2.40,2.40
2008.03.03 09:51:41.043,0.79638,0.79688,0.30,0.20
2008.03.03 09:51:41.175,0.79665,0.79725,2.40,2.40
2008.03.03 09:51:41.372,0.79637,0.79687,0.30,4.00
2008.03.03 09:51:41.376,0.79665,0.79725,2.40,2.40
2008.03.03 09:51:41.711,0.79634,0.79684,0.30,0.20
2008.03.03 09:51:41.715,0.79665,0.79725,2.40,2.40
2008.03.03 09:51:42.031,0.79633,0.79683,0.30,0.20
2008.03.03 09:51:42.048,0.79665,0.79725,2.40,2.40
2008.03.03 09:51:42.366,0.79665,0.79725,2.40,2.40
2008.03.03 09:51:42.468,0.79633,0.79683,4.00,0.20
2008.03.03 09:51:42.697,0.79665,0.79725,2.40,2.40
2008.03.03 09:51:42.905,0.79635,0.79685,0.30,0.20
2008.03.03 09:51:43.035,0.79665,0.79725,2.40,2.40
2008.03.03 09:51:43.238,0.79637,0.79687,2.40,5.60
2008.03.03 09:51:43.384,0.79665,0.79725,2.40,2.40
2008.03.03 09:51:43.472,0.79639,0.79689,1.80,2.50
2008.03.03 09:51:43.684,0.79665,0.79725,2.40,2.40
2008.03.03 09:51:43.807,0.7964,0.7969,0.30,4.00
2008.03.03 09:51:44.027,0.79665,0.79725,2.40,2.40
2008.03.03 09:51:44.124,0.79638,0.79688,0.30,0.20
2008.03.03 09:51:44.352,0.79665,0.79725,2.40,2.40
2008.03.03 09:51:44.392,0.79637,0.79687,0.30,0.20
2008.03.03 09:51:44.686,0.79665,0.79725,2.40,2.40
2008.03.03 09:51:44.780,0.79636,0.79686,0.30,2.50
2008.03.03 09:51:45.020,0.79665,0.79725,2.40,2.40
2008.03.03 09:51:45.223,0.79635,0.79685,5.80,4.00
2008.03.03 09:51:45.355,0.79665,0.79725,2.40,2.40
2008.03.03 09:51:45.549,0.79636,0.79686,0.30,4.00
2008.03.03 09:51:45.678,0.79665,0.79725,2.40,2.40
2008.03.03 09:51:45.898,0.79635,0.79685,0.80,0.20
2008.03.03 09:51:46.000,0.79665,0.79725,2.40,2.40
2008.03.03 09:51:46.189,0.79633,0.79683,0.60,0.20
2008.03.03 09:51:46.229,0.79665,0.79725,2.40,2.40
2008.03.03 09:51:46.473,0.79635,0.7968,0.30,2.50
2008.03.03 09:51:46.578,0.79665,0.79725,2.40,2.40
2008.03.03 09:51:46.758,0.79637,0.79682,1.80,2.50
2008.03.03 09:51:46.999,0.79665,0.79725,2.40,2.40
2008.03.03 09:51:47.070,0.79639,0.79684,0.30,4.00
2008.03.03 09:51:47.334,0.79665,0.79715,2.40,4.00
2008.03.03 09:51:47.353,0.79641,0.79686,0.30,0.20
2008.03.03 09:51:47.663,0.79634,0.79689,0.30,0.20
2008.03.03 09:51:47.667,0.79655,0.79715,2.40,7.20
2008.03.03 09:51:47.887,0.79655,0.7971,2.40,0.20
2008.03.03 09:51:47.971,0.79631,0.79691,0.30,0.20
2008.03.03 09:51:48.105,0.79655,0.7971,2.40,0.20
2008.03.03 09:51:48.286,0.7963,0.7969,4.00,0.20
2008.03.03 09:51:48.324,0.79655,0.7971,2.40,0.20
2008.03.03 09:51:48.544,0.79655,0.7971,2.40,0.20
2008.03.03 09:51:48.644,0.79629,0.79689,0.60,1.70
2008.03.03 09:51:48.859,0.79655,0.7971,2.40,0.20
2008.03.03 09:51:48.940,0.7963,0.7969,4.00,0.20
2008.03.03 09:51:49.172,0.79655,0.7971,2.40,0.20
2008.03.03 09:51:49.190,0.79629,0.79689,6.40,0.20
2008.03.03 09:51:49.521,0.79655,0.7971,2.40,0.20
2008.03.03 09:51:49.615,0.79629,0.79689,0.30,0.20
2008.03.03 09:51:49.862,0.79655,0.7971,2.40,0.20
2008.03.03 09:51:50.066,0.79629,0.79689,2.40,2.40
2008.03.03 09:51:50.296,0.79655,0.7971,2.40,0.20
2008.03.03 09:51:50.494,0.79631,0.79691,0.30,0.20
2008.03.03 09:51:50.740,0.79655,0.7971,2.40,0.20
2008.03.03 09:51:50.811,0.7963,0.7969,0.60,0.20
2008.03.03 09:51:50.958,0.79655,0.7971,2.40,0.20
2008.03.03 09:51:51.187,0.79632,0.79692,0.10,0.20
2008.03.03 09:51:51.282,0.79655,0.7971,2.40,0.20
2008.03.03 09:51:51.470,0.79631,0.79691,0.30,0.20
2008.03.03 09:51:51.617,0.79655,0.7971,2.40,0.20
2008.03.03 09:51:51.750,0.7963,0.7969,2.60,0.40
2008.03.03 09:51:51.944,0.79655,0.7971,2.40,0.20
2008.03.03 09:51:52.030,0.79631,0.79691,2.60,2.50
2008.03.03 09:51:52.280,0.79655,0.7971,2.40,0.20
2008.03.03 09:51:52.308,0.79633,0.79688,0.30,0.20
2008.03.03 09:51:52.588,0.79633,0.79688,2.40,2.40
2008.03.03 09:51:52.600,0.79655,0.7971,2.40,0.20
2008.03.03 09:51:52.867,0.79631,0.79691,0.50,0.60
2008.03.03 09:51:52.931,0.79655,0.7971,2.40,0.20
2008.03.03 09:51:53.145,0.7963,0.7969,6.40,0.40
2008.03.03 09:51:53.259,0.79655,0.7971,2.40,0.20
2008.03.03 09:51:53.485,0.79629,0.79689,0.30,0.20
2008.03.03 09:51:53.600,0.79655,0.7971,2.40,0.20
2008.03.03 09:51:53.785,0.7963,0.7969,0.30,0.20
2008.03.03 09:51:53.920,0.79655,0.7971,2.40,0.20
2008.03.03 09:51:54.029,0.79631,0.79691,2.60,0.20
2008.03.03 09:51:54.245,0.79655,0.7971,2.40,0.20
2008.03.03 09:51:54.324,0.79629,0.79689,0.30,9.60
2008.03.03 09:51:54.568,0.79629,0.79689,8.00,0.20
2008.03.03 09:51:54.588,0.79655,0.7971,2.40,0.20
2008.03.03 09:51:54.901,0.79628,0.79688,0.30,0.20
2008.03.03 09:51:55.022,0.79655,0.7971,2.40,0.20
2008.03.03 09:51:55.234,0.79628,0.79688,4.00,0.20
2008.03.03 09:51:55.459,0.79655,0.7971,2.40,0.20
2008.03.03 09:51:55.672,0.79628,0.79688,0.30,0.20
2008.03.03 09:51:55.891,0.79655,0.7971,2.40,0.20
2008.03.03 09:51:56.108,0.79629,0.79689,12.00,0.20
2008.03.03 09:51:56.129,0.79655,0.7971,2.40,0.20
2008.03.03 09:51:56.443,0.79629,0.79689,0.30,4.00
2008.03.03 09:51:56.450,0.79655,0.7971,2.40,0.20
2008.03.03 09:51:56.780,0.79655,0.7971,2.40,0.20
2008.03.03 09:51:56.784,0.79629,0.79689,0.60,0.20
2008.03.03 09:51:57.100,0.79655,0.7971,2.40,0.20
2008.03.03 09:51:57.114,0.79628,0.79688,5.60,2.90
2008.03.03 09:51:57.419,0.79629,0.79689,0.30,8.80
2008.03.03 09:51:57.449,0.79655,0.7971,2.40,0.20
2008.03.03 09:51:57.757,0.79631,0.79691,0.30,2.50
2008.03.03 09:51:58.094,0.79632,0.79692,4.00,0.40
2008.03.03 09:51:58.118,0.79655,0.7971,2.40,0.20
2008.03.03 09:51:58.428,0.79655,0.7971,2.40,0.20
2008.03.03 09:51:58.436,0.79631,0.79691,0.20,0.20
2008.03.03 09:51:58.739,0.7963,0.7969,2.40,2.40
2008.03.03 09:51:58.748,0.79655,0.7971,2.40,0.20
2008.03.03 09:51:58.983,0.7963,0.7969,4.00,0.20
2008.03.03 09:51:59.057,0.79655,0.7971,2.40,0.20
2008.03.03 09:51:59.296,0.79628,0.79688,0.30,0.40
2008.03.03 09:51:59.308,0.79655,0.7971,2.40,0.20
2008.03.03 09:51:59.636,0.79627,0.79687,0.30,0.20
2008.03.03 09:51:59.647,0.79655,0.7971,2.40,0.20
2008.03.03 09:52:00.074,0.79655,0.7971,2.40,0.20
2008.03.03 09:52:00.232,0.79627,0.79687,4.00,0.20
2008.03.03 09:52:00.525,0.79655,0.7971,2.40,0.20
2008.03.03 09:52:00.574,0.79629,0.79689,0.30,4.00
2008.03.03 09:52:00.854,0.7963,0.7969,2.40,2.40
2008.03.03 09:52:00.960,0.79655,0.7971,2.40,0.20
2008.03.03 09:52:01.110,0.79632,0.79692,0.30,0.20
2008.03.03 09:52:01.289,0.79655,0.7971,2.40,0.20
2008.03.03 09:52:01.446,0.79632,0.79692,0.30,0.20
2008.03.03 09:52:01.530,0.79655,0.7971,2.40,0.20
2008.03.03 09:52:01.835,0.79655,0.7971,2.40,0.20
2008.03.03 09:52:01.881,0.79632,0.79692,0.60,0.20
2008.03.03 09:52:02.169,0.79655,0.7971,2.40,0.20
2008.03.03 09:52:02.313,0.79631,0.79691,2.40,2.40
2008.03.03 09:52:02.509,0.79655,0.7971,2.40,0.20
2008.03.03 09:52:02.642,0.7963,0.7969,2.60,2.50
2008.03.03 09:52:02.850,0.79655,0.7971,2.40,0.20
2008.03.03 09:52:02.882,0.79629,0.79689,4.20,4.00
2008.03.03 09:52:03.069,0.79655,0.7971,2.40,0.20
2008.03.03 09:52:03.207,0.7963,0.7969,1.60,0.20
2008.03.03 09:52:03.288,0.79655,0.797,2.40,4.00
2008.03.03 09:52:03.479,0.79631,0.79691,0.30,5.60
2008.03.03 09:52:03.606,0.79655,0.797,2.40,4.00
2008.03.03 09:52:03.852,0.79631,0.79691,0.50,0.20
2008.03.03 09:52:03.938,0.79655,0.797,2.40,4.00
2008.03.03 09:52:04.197,0.79629,0.79689,2.70,2.40
2008.03.03 09:52:04.257,0.79655,0.797,2.40,4.00
2008.03.03 09:52:04.569,0.79655,0.797,2.40,4.00
2008.03.03 09:52:04.638,0.79631,0.79691,0.30,0.20
2008.03.03 09:52:04.758,0.79632,0.79692,2.40,0.20
2008.03.03 09:52:04.916,0.79655,0.797,2.40,4.00
2008.03.03 09:52:04.947,0.79631,0.79691,2.40,2.40
2008.03.03 09:52:05.180,0.79629,0.79689,0.20,0.20
2008.03.03 09:52:05.303,0.79631,0.79691,0.30,4.10
2008.03.03 09:52:05.367,0.79655,0.797,2.40,4.00
2008.03.03 09:52:05.465,0.79631,0.79691,2.40,4.00
2008.03.03 09:52:05.617,0.7963,0.7969,0.30,8.00
2008.03.03 09:52:05.792,0.79655,0.797,2.40,4.00
2008.03.03 09:52:06.024,0.79655,0.797,2.40,4.00
2008.03.03 09:52:06.364,0.79655,0.797,2.40,4.00
2008.03.03 09:52:06.568,0.79655,0.797,2.40,4.00
2008.03.03 09:52:06.788,0.79655,0.797,2.40,4.00
2008.03.03 09:52:07.228,0.79655,0.797,2.40,4.00
2008.03.03 09:52:07.252,0.79629,0.79689,0.30,2.40
2008.03.03 09:52:07.495,0.79631,0.79691,0.30,2.40
2008.03.03 09:52:07.669,0.79655,0.797,2.40,4.00
2008.03.03 09:52:07.824,0.79633,0.79693,0.30,4.00
2008.03.03 09:52:07.994,0.79655,0.797,2.40,4.00
2008.03.03 09:52:08.153,0.79633,0.79693,0.30,0.20
2008.03.03 09:52:08.243,0.79655,0.797,2.40,4.00
2008.03.03 09:52:08.482,0.79639,0.79689,0.30,0.20
2008.03.03 09:52:08.550,0.79655,0.797,2.40,4.00
2008.03.03 09:52:08.818,0.79638,0.79688,0.10,0.20
2008.03.03 09:52:08.841,0.79655,0.797,2.40,4.00
2008.03.03 09:52:09.143,0.79636,0.79686,2.40,0.20
2008.03.03 09:52:09.201,0.79655,0.797,2.40,4.00
2008.03.03 09:52:09.464,0.79635,0.79685,0.30,0.40
2008.03.03 09:52:09.527,0.79655,0.797,2.40,4.00
2008.03.03 09:52:09.695,0.79633,0.79683,4.00,0.20
2008.03.03 09:52:09.858,0.79655,0.797,2.40,4.00
2008.03.03 09:52:10.139,0.79633,0.79683,0.30,0.40
2008.03.03 09:52:10.300,0.79655,0.797,2.40,4.00
2008.03.03 09:52:10.579,0.79634,0.79684,0.30,0.20
2008.03.03 09:52:10.644,0.79655,0.797,2.40,4.00
2008.03.03 09:52:10.909,0.79634,0.79684,0.30,4.00
2008.03.03 09:52:11.066,0.79655,0.797,2.40,4.00
2008.03.03 09:52:11.181,0.79633,0.79683,2.60,2.40
2008.03.03 09:52:11.295,0.79655,0.797,2.40,4.00
2008.03.03 09:52:11.454,0.79632,0.79682,0.30,0.20
2008.03.03 09:52:11.519,0.79655,0.797,2.40,4.00
2008.03.03 09:52:11.740,0.79655,0.797,2.40,4.00
2008.03.03 09:52:11.785,0.79631,0.79681,0.60,4.00
2008.03.03 09:52:11.963,0.79655,0.797,2.40,4.00
2008.03.03 09:52:12.119,0.7963,0.7968,0.30,0.20
2008.03.03 09:52:12.396,0.79655,0.797,2.40,4.00
2008.03.03 09:52:12.451,0.79631,0.79681,0.30,4.00
2008.03.03 09:52:12.725,0.79655,0.797,2.40,4.00
2008.03.03 09:52:12.777,0.79634,0.79684,0.30,0.20
2008.03.03 09:52:13.054,0.79655,0.797,2.40,4.00
2008.03.03 09:52:13.073,0.79638,0.79688,5.60,5.60
2008.03.03 09:52:13.314,0.7964,0.7969,0.30,0.20
2008.03.03 09:52:13.378,0.79655,0.797,2.40,4.00
2008.03.03 09:52:13.545,0.79639,0.79689,0.30,0.20
2008.03.03 09:52:13.715,0.79655,0.797,2.40,4.00
2008.03.03 09:52:13.868,0.79638,0.79688,0.60,4.10
2008.03.03 09:52:14.051,0.79655,0.797,2.40,4.00
2008.03.03 09:52:14.255,0.79636,0.79686,4.00,0.20
2008.03.03 09:52:14.373,0.79655,0.797,2.40,4.00
2008.03.03 09:52:14.646,0.79633,0.79683,0.20,0.20
2008.03.03 09:52:14.701,0.79655,0.797,2.40,4.00
2008.03.03 09:52:14.982,0.79631,0.79681,0.60,0.20
2008.03.03 09:52:15.030,0.79655,0.797,2.40,4.00
2008.03.03 09:52:15.287,0.79632,0.79682,2.40,2.40
2008.03.03 09:52:15.364,0.79655,0.797,2.40,4.00
2008.03.03 09:52:15.624,0.79632,0.79682,0.30,0.50
2008.03.03 09:52:15.803,0.79655,0.797,2.40,4.00
2008.03.03 09:52:15.962,0.79633,0.79683,4.00,0.20
2008.03.03 09:52:16.137,0.79655,0.797,2.40,4.00
2008.03.03 09:52:16.286,0.79632,0.79682,0.50,2.40
2008.03.03 09:52:16.463,0.79655,0.797,2.40,4.00
2008.03.03 09:52:16.615,0.79631,0.79681,0.10,0.20
2008.03.03 09:52:16.694,0.79655,0.797,2.40,4.00
2008.03.03 09:52:16.915,0.79655,0.797,2.40,4.00
2008.03.03 09:52:16.951,0.79632,0.79682,9.60,0.20
2008.03.03 09:52:17.135,0.79655,0.797,2.40,4.00
2008.03.03 09:52:17.277,0.79633,0.79683,2.40,2.40
2008.03.03 09:52:17.463,0.79655,0.797,2.40,4.00
2008.03.03 09:52:17.607,0.79633,0.79683,0.30,4.00
2008.03.03 09:52:17.899,0.79655,0.797,2.40,4.00
2008.03.03 09:52:17.949,0.79636,0.79686,3.20,4.70
2008.03.03 09:52:18.226,0.79655,0.797,2.40,4.00
2008.03.03 09:52:18.279,0.79637,0.79687,0.30,0.20
2008.03.03 09:52:18.549,0.79655,0.797,2.40,4.00
2008.03.03 09:52:18.595,0.79637,0.79687,0.30,0.40
2008.03.03 09:52:18.883,0.79655,0.797,2.40,4.00
2008.03.03 09:52:19.043,0.79636,0.79686,4.00,0.20
2008.03.03 09:52:19.223,0.79655,0.797,2.40,4.00
2008.03.03 09:52:19.478,0.79634,0.79684,0.30,0.50
2008.03.03 09:52:19.553,0.79655,0.797,2.40,4.00
2008.03.03 09:52:19.886,0.79655,0.797,2.40,4.00
2008.03.03 09:52:19.927,0.79636,0.79686,9.60,4.70
2008.03.03 09:52:20.197,0.79665,0.797,0.30,4.00
2008.03.03 09:52:20.243,0.79634,0.79684,0.30,0.20
2008.03.03 09:52:20.544,0.79665,0.797,0.30,4.00
2008.03.03 09:52:20.573,0.79632,0.79682,0.30,0.20
2008.03.03 09:52:20.899,0.79631,0.79681,2.60,9.60
2008.03.03 09:52:20.901,0.7967,0.797,0.30,4.00
2008.03.03 09:52:21.232,0.79631,0.79681,0.30,0.20
2008.03.03 09:52:21.303,0.7967,0.797,0.30,4.00
2008.03.03 09:52:21.550,0.79631,0.79681,0.30,0.20
2008.03.03 09:52:21.561,0.7967,0.797,0.30,4.00
2008.03.03 09:52:21.780,0.7967,0.797,0.30,4.00
2008.03.03 09:52:21.884,0.79629,0.79679,2.40,2.40
2008.03.03 09:52:22.000,0.7967,0.797,0.30,4.00
2008.03.03 09:52:22.123,0.79631,0.79681,0.30,0.20
2008.03.03 09:52:22.218,0.7967,0.79695,0.30,4.00
2008.03.03 09:52:22.544,0.7967,0.7969,0.30,4.00
2008.03.03 09:52:22.562,0.79631,0.79681,1.00,0.20
2008.03.03 09:52:22.836,0.7967,0.79695,0.30,4.00
2008.03.03 09:52:22.898,0.79632,0.79682,2.60,2.50
2008.03.03 09:52:23.145,0.7967,0.797,0.30,4.10
2008.03.03 09:52:23.218,0.79634,0.79684,2.40,0.30
2008.03.03 09:52:23.457,0.7967,0.797,0.30,4.10
2008.03.03 09:52:23.530,0.79635,0.79685,9.60,0.20
2008.03.03 09:52:23.721,0.7967,0.797,0.30,4.10
2008.03.03 09:52:23.764,0.79636,0.79686,0.30,0.20
2008.03.03 09:52:24.060,0.7967,0.797,0.30,4.10
2008.03.03 09:52:24.212,0.79635,0.79685,4.00,0.20
2008.03.03 09:52:24.308,0.7967,0.797,0.30,4.00
2008.03.03 09:52:24.607,0.79637,0.79687,0.60,0.20
2008.03.03 09:52:24.686,0.7967,0.79695,0.30,4.00
2008.03.03 09:52:24.940,0.79639,0.79689,0.30,4.00
2008.03.03 09:52:25.020,0.7967,0.7969,0.30,4.00
2008.03.03 09:52:25.242,0.79648,0.79678,4.20,2.40
2008.03.03 09:52:25.355,0.7967,0.797,0.30,4.00
2008.03.03 09:52:25.543,0.79647,0.79677,0.30,0.20
2008.03.03 09:52:25.569,0.7967,0.797,0.30,4.00
2008.03.03 09:52:25.783,0.7967,0.797,0.30,4.00
2008.03.03 09:52:25.843,0.79648,0.79683,0.30,4.00
2008.03.03 09:52:25.997,0.7967,0.797,0.30,4.00
2008.03.03 09:52:26.151,0.7965,0.79685,4.00,0.20
2008.03.03 09:52:26.218,0.7967,0.797,0.30,4.00
2008.03.03 09:52:26.406,0.79646,0.79681,0.30,0.20
2008.03.03 09:52:26.529,0.7967,0.797,0.30,4.00
2008.03.03 09:52:26.660,0.79641,0.79676,0.70,0.20
2008.03.03 09:52:26.913,0.7967,0.797,0.30,4.00
2008.03.03 09:52:26.914,0.7964,0.7967,0.60,0.20
2008.03.03 09:52:27.189,0.79643,0.79668,0.30,0.20
2008.03.03 09:52:27.244,0.7967,0.797,0.30,4.00
2008.03.03 09:52:27.494,0.79647,0.79677,0.50,0.20
2008.03.03 09:52:27.531,0.7967,0.79695,0.30,4.00
2008.03.03 09:52:27.799,0.7965,0.79675,4.00,0.20
2008.03.03 09:52:27.815,0.7967,0.7969,0.30,4.00
2008.03.03 09:52:28.104,0.79644,0.79669,2.40,0.50
2008.03.03 09:52:28.117,0.7967,0.797,0.30,4.00
2008.03.03 09:52:28.343,0.79639,0.79669,4.00,0.20
2008.03.03 09:52:28.460,0.7967,0.797,0.30,4.00
2008.03.03 09:52:28.582,0.79645,0.79665,4.80,0.20
2008.03.03 09:52:28.701,0.7967,0.797,0.30,4.00
2008.03.03 09:52:28.822,0.79641,0.79671,0.30,2.40
2008.03.03 09:52:28.946,0.7967,0.797,0.30,4.00
2008.03.03 09:52:29.061,0.79641,0.79671,0.30,4.00
2008.03.03 09:52:29.232,0.7967,0.797,0.30,4.00
2008.03.03 09:52:29.395,0.79646,0.79676,0.30,0.20
2008.03.03 09:52:29.476,0.7967,0.797,0.30,4.00
2008.03.03 09:52:29.730,0.79648,0.79678,4.00,0.20
2008.03.03 09:52:29.880,0.7967,0.797,0.30,4.00
2008.03.03 09:52:30.065,0.79645,0.79675,0.50,0.20
2008.03.03 09:52:30.323,0.7967,0.797,0.30,4.00
2008.03.03 09:52:30.343,0.79642,0.79672,4.00,2.70
2008.03.03 09:52:30.550,0.7967,0.797,0.30,4.00
2008.03.03 09:52:30.643,0.79643,0.79673,0.60,0.20
2008.03.03 09:52:30.768,0.7967,0.797,0.30,4.00
2008.03.03 09:52:30.923,0.79638,0.79678,0.30,0.80
2008.03.03 09:52:30.993,0.7967,0.797,0.30,4.00
2008.03.03 09:52:31.195,0.7967,0.797,0.30,4.00
2008.03.03 09:52:31.242,0.79636,0.79676,1.00,0.20
2008.03.03 09:52:31.421,0.7967,0.797,0.30,4.00
2008.03.03 09:52:31.578,0.79633,0.79673,0.30,4.00
2008.03.03 09:52:31.755,0.7967,0.797,0.30,4.00
2008.03.03 09:52:31.921,0.79636,0.79676,0.30,0.20
2008.03.03 09:52:32.092,0.7967,0.797,0.30,4.00
2008.03.03 09:52:32.236,0.79636,0.79676,4.00,0.20
2008.03.03 09:52:32.515,0.7967,0.797,0.30,4.00
2008.03.03 09:52:32.578,0.79635,0.79675,4.00,0.20
2008.03.03 09:52:32.742,0.7967,0.797,0.30,4.00
2008.03.03 09:52:32.889,0.79636,0.79676,0.30,0.20
2008.03.03 09:52:32.985,0.7967,0.797,0.30,4.00
2008.03.03 09:52:33.199,0.79635,0.79675,2.40,0.20
2008.03.03 09:52:33.287,0.7967,0.797,0.30,4.00
2008.03.03 09:52:33.552,0.79637,0.79677,4.00,0.20
2008.03.03 09:52:33.620,0.7967,0.797,0.30,4.00
2008.03.03 09:52:33.888,0.79638,0.79678,0.30,0.20
2008.03.03 09:52:33.942,0.7967,0.797,0.30,4.00
2008.03.03 09:52:34.224,0.79639,0.79679,10.20,4.50
2008.03.03 09:52:34.283,0.7967,0.797,0.30,4.00
2008.03.03 09:52:34.622,0.7967,0.797,0.30,4.00
2008.03.03 09:52:34.660,0.79641,0.79681,0.30,0.20
2008.03.03 09:52:35.049,0.7967,0.797,0.30,4.00
2008.03.03 09:52:35.086,0.7964,0.7968,2.60,0.30
2008.03.03 09:52:35.400,0.7967,0.797,0.30,4.00
2008.03.03 09:52:35.420,0.7964,0.7968,4.00,0.20
2008.03.03 09:52:35.609,0.7967,0.797,0.30,4.00
2008.03.03 09:52:35.751,0.79643,0.79683,4.00,0.20
2008.03.03 09:52:35.820,0.7967,0.797,0.30,4.00
2008.03.03 09:52:36.042,0.7967,0.797,0.30,4.00
2008.03.03 09:52:36.063,0.79645,0.79685,0.10,0.20
2008.03.03 09:52:36.254,0.7967,0.797,0.30,4.00
2008.03.03 09:52:36.419,0.79644,0.79684,0.30,0.40
2008.03.03 09:52:36.471,0.7967,0.797,0.30,4.00
2008.03.03 09:52:36.753,0.79643,0.79683,0.60,0.20
2008.03.03 09:52:36.916,0.7967,0.797,0.30,4.00
2008.03.03 09:52:37.075,0.79643,0.79683,0.30,0.20
2008.03.03 09:52:37.254,0.7967,0.797,0.30,4.00
2008.03.03 09:52:37.399,0.79644,0.79684,6.40,0.40
2008.03.03 09:52:37.682,0.7967,0.797,0.30,4.00
2008.03.03 09:52:37.737,0.79642,0.79682,1.00,0.20
2008.03.03 09:52:37.900,0.7967,0.797,0.30,4.00
2008.03.03 09:52:38.075,0.79641,0.79681,0.70,0.40
2008.03.03 09:52:38.135,0.7967,0.797,0.30,4.00
2008.03.03 09:52:38.356,0.7967,0.797,0.30,4.00
2008.03.03 09:52:38.409,0.79641,0.79681,2.50,0.20
2008.03.03 09:52:38.575,0.7967,0.797,0.30,4.00
2008.03.03 09:52:38.733,0.79641,0.79681,0.20,0.20
2008.03.03 09:52:39.012,0.7967,0.797,0.30,4.00
2008.03.03 09:52:39.053,0.7964,0.7968,0.30,0.80
2008.03.03 09:52:39.454,0.7967,0.797,0.30,4.00
2008.03.03 09:52:39.506,0.79642,0.79682,0.60,0.40
2008.03.03 09:52:39.786,0.7967,0.797,0.30,4.00
2008.03.03 09:52:39.929,0.79645,0.79685,2.40,2.40
2008.03.03 09:52:40.220,0.7967,0.797,0.30,4.00
2008.03.03 09:52:40.263,0.79643,0.79683,2.60,2.70
2008.03.03 09:52:40.553,0.7967,0.797,0.30,4.00
2008.03.03 09:52:40.599,0.7964,0.7968,4.00,0.20
2008.03.03 09:52:40.892,0.7967,0.797,0.30,4.00
2008.03.03 09:52:40.917,0.79638,0.79678,0.30,4.00
2008.03.03 09:52:41.210,0.7967,0.797,0.30,4.00
2008.03.03 09:52:41.255,0.79636,0.79676,0.30,9.60
2008.03.03 09:52:41.536,0.7967,0.797,0.30,4.00
2008.03.03 09:52:41.586,0.79638,0.79678,0.30,0.20
2008.03.03 09:52:41.863,0.7967,0.797,0.30,4.00
2008.03.03 09:52:41.921,0.79643,0.79683,2.40,4.00
2008.03.03 09:52:42.200,0.7967,0.797,0.30,4.00
2008.03.03 09:52:42.248,0.79645,0.79685,4.00,0.20
2008.03.03 09:52:42.534,0.7967,0.797,0.30,4.00
2008.03.03 09:52:42.568,0.79644,0.79684,0.30,8.00
2008.03.03 09:52:42.850,0.7967,0.797,0.30,4.00
2008.03.03 09:52:42.905,0.79644,0.79684,0.30,0.20
2008.03.03 09:52:43.183,0.7967,0.797,0.30,4.00
2008.03.03 09:52:43.237,0.79645,0.79685,8.00,0.20
2008.03.03 09:52:43.510,0.7967,0.797,0.30,4.00
2008.03.03 09:52:43.566,0.79645,0.79685,2.40,2.40
2008.03.03 09:52:43.855,0.7967,0.797,0.30,4.00
2008.03.03 09:52:43.891,0.79642,0.79682,0.30,4.00
2008.03.03 09:52:44.121,0.7967,0.797,0.30,4.00
2008.03.03 09:52:44.216,0.79641,0.79681,4.00,0.20
2008.03.03 09:52:44.370,0.7967,0.797,0.30,4.00
2008.03.03 09:52:44.544,0.79639,0.79679,2.40,0.20
2008.03.03 09:52:44.620,0.7967,0.797,0.30,4.00
2008.03.03 09:52:44.953,0.7967,0.797,0.30,4.00
2008.03.03 09:52:44.993,0.79641,0.79681,4.80,2.40
2008.03.03 09:52:45.287,0.7967,0.797,0.30,4.00
2008.03.03 09:52:45.434,0.79645,0.79685,0.30,0.20
2008.03.03 09:52:45.719,0.7967,0.797,0.30,4.00
2008.03.03 09:52:45.778,0.79646,0.79686,0.30,0.40
2008.03.03 09:52:46.054,0.7967,0.797,0.30,4.00
2008.03.03 09:52:46.095,0.79644,0.79684,0.30,0.20
2008.03.03 09:52:46.263,0.7967,0.797,0.30,4.00
2008.03.03 09:52:46.430,0.79639,0.79679,4.00,0.20
2008.03.03 09:52:46.491,0.7967,0.797,0.30,4.00
2008.03.03 09:52:46.717,0.7967,0.797,0.30,4.00
2008.03.03 09:52:46.760,0.79637,0.79677,0.60,0.20
2008.03.03 09:52:47.089,0.79636,0.79676,2.40,2.40
2008.03.03 09:52:47.142,0.7967,0.797,0.30,4.00
2008.03.03 09:52:47.400,0.79636,0.79676,6.40,0.20
2008.03.03 09:52:47.478,0.7967,0.797,0.30,4.00
2008.03.03 09:52:47.755,0.79637,0.79677,2.60,2.50
2008.03.03 09:52:47.913,0.7967,0.797,0.30,4.00
2008.03.03 09:52:48.080,0.79638,0.79678,0.70,4.00
2008.03.03 09:52:48.139,0.7967,0.797,0.30,4.00
2008.03.03 09:52:48.366,0.7967,0.797,0.30,4.00
2008.03.03 09:52:48.402,0.79641,0.79681,0.30,0.20
2008.03.03 09:52:48.698,0.7967,0.797,0.30,4.00
2008.03.03 09:52:48.741,0.79643,0.79683,0.30,4.00
2008.03.03 09:52:49.003,0.79643,0.79683,0.30,0.40
2008.03.03 09:52:49.026,0.7967,0.797,0.30,4.00
2008.03.03 09:52:49.260,0.79643,0.79683,2.40,2.40
2008.03.03 09:52:49.341,0.7967,0.797,0.30,4.00
2008.03.03 09:52:49.621,0.79642,0.79682,0.30,0.20
2008.03.03 09:52:49.676,0.7967,0.797,0.30,4.00
2008.03.03 09:52:49.892,0.79632,0.79692,0.60,0.40
2008.03.03 09:52:50.057,0.79643,0.79683,0.30,4.00
2008.03.03 09:52:50.118,0.7967,0.797,0.30,4.00
2008.03.03 09:52:50.457,0.7967,0.797,0.30,4.00
2008.03.03 09:52:50.492,0.79643,0.79683,4.00,0.20
2008.03.03 09:52:50.822,0.79642,0.79682,0.90,0.40
2008.03.03 09:52:50.887,0.7967,0.797,0.30,4.00
2008.03.03 09:52:51.105,0.7967,0.797,0.30,4.00
2008.03.03 09:52:51.144,0.79639,0.79679,4.20,2.40
2008.03.03 09:52:51.328,0.7967,0.797,0.30,4.00
2008.03.03 09:52:51.496,0.79635,0.79675,0.30,0.20
2008.03.03 09:52:51.562,0.7967,0.797,0.30,4.00
2008.03.03 09:52:51.815,0.79637,0.79677,2.40,0.40
2008.03.03 09:52:51.879,0.7967,0.797,0.30,4.00
2008.03.03 09:52:52.144,0.79642,0.79682,0.30,0.20
2008.03.03 09:52:52.219,0.7967,0.797,0.30,4.00
2008.03.03 09:52:52.490,0.79645,0.79685,0.30,1.60
2008.03.03 09:52:52.544,0.7967,0.797,0.30,4.00
2008.03.03 09:52:52.805,0.79646,0.79686,0.30,4.00
2008.03.03 09:52:52.870,0.7967,0.797,0.30,4.00
2008.03.03 09:52:53.136,0.79643,0.79683,4.00,0.20
2008.03.03 09:52:53.187,0.7967,0.797,0.30,4.00
2008.03.03 09:52:53.469,0.79642,0.79682,0.30,0.20
2008.03.03 09:52:53.525,0.7967,0.797,0.30,4.00
2008.03.03 09:52:53.761,0.7967,0.797,0.30,4.00
2008.03.03 09:52:53.799,0.79643,0.79683,10.80,2.40
2008.03.03 09:52:54.059,0.7967,0.797,0.30,4.00
2008.03.03 09:52:54.127,0.79647,0.79687,2.40,2.40
2008.03.03 09:52:54.401,0.7967,0.797,0.30,4.00
2008.03.03 09:52:54.449,0.79646,0.79686,0.30,0.20
2008.03.03 09:52:54.701,0.7967,0.797,0.30,4.00
2008.03.03 09:52:54.773,0.79645,0.79685,4.00,0.60
2008.03.03 09:52:55.056,0.7967,0.797,0.30,4.00
2008.03.03 09:52:55.134,0.79644,0.79684,0.30,0.20
2008.03.03 09:52:55.393,0.7967,0.797,0.30,4.00
2008.03.03 09:52:55.468,0.79642,0.79682,2.40,2.40
2008.03.03 09:52:55.804,0.79641,0.79681,0.30,2.40
2008.03.03 09:52:55.856,0.7967,0.797,0.30,4.00
2008.03.03 09:52:56.088,0.79639,0.79679,0.30,4.10
2008.03.03 09:52:56.170,0.7967,0.797,0.30,4.00
2008.03.03 09:52:56.374,0.79641,0.79681,0.30,4.10
2008.03.03 09:52:56.492,0.7967,0.797,0.30,4.00
2008.03.03 09:52:56.658,0.7964,0.7968,0.30,0.20
2008.03.03 09:52:56.720,0.7967,0.797,0.30,4.00
2008.03.03 09:52:56.940,0.7967,0.797,0.30,4.00
2008.03.03 09:52:56.975,0.79637,0.79677,0.30,1.60
2008.03.03 09:52:57.267,0.7967,0.797,0.30,4.00
2008.03.03 09:52:57.320,0.79636,0.79676,2.40,0.40
2008.03.03 09:52:57.587,0.7967,0.7969,0.30,4.00
2008.03.03 09:52:57.596,0.79632,0.79672,0.30,4.00
2008.03.03 09:52:57.859,0.79632,0.79672,0.30,0.20
2008.03.03 09:52:57.906,0.7967,0.7969,0.30,4.00
2008.03.03 09:52:58.126,0.7967,0.797,0.30,4.00
2008.03.03 09:52:58.184,0.79632,0.79672,0.30,0.20
2008.03.03 09:52:58.365,0.7967,0.797,0.30,4.00
2008.03.03 09:52:58.511,0.79634,0.79679,4.00,0.20
2008.03.03 09:52:58.584,0.7967,0.797,0.30,4.00
2008.03.03 09:52:58.804,0.7967,0.797,0.30,4.00
2008.03.03 09:52:58.835,0.79638,0.79683,4.00,0.20
2008.03.03 09:52:59.064,0.7964,0.7969,0.10,0.20
2008.03.03 09:52:59.234,0.7967,0.797,0.30,4.00
2008.03.03 09:52:59.406,0.79642,0.79692,0.30,0.20
2008.03.03 09:52:59.563,0.7967,0.797,0.30,4.00
2008.03.03 09:53:00.019,0.7967,0.797,0.30,4.00
2008.03.03 09:53:00.309,0.79645,0.79695,2.40,2.50
2008.03.03 09:53:00.337,0.7967,0.797,0.30,4.00
2008.03.03 09:53:00.670,0.7967,0.797,0.30,4.00
2008.03.03 09:53:00.737,0.79645,0.79695,0.60,0.20
2008.03.03 09:53:01.004,0.7967,0.797,0.30,4.00
2008.03.03 09:53:01.081,0.79645,0.79695,0.60,4.00
2008.03.03 09:53:01.335,0.7967,0.797,0.30,4.00
2008.03.03 09:53:01.404,0.79645,0.79695,3.10,0.20
2008.03.03 09:53:01.667,0.7967,0.797,0.30,4.00
2008.03.03 09:53:01.724,0.79645,0.79695,0.30,0.20
2008.03.03 09:53:01.993,0.7967,0.797,0.30,4.00
2008.03.03 09:53:02.072,0.79645,0.79695,0.30,0.20
2008.03.03 09:53:02.315,0.7967,0.797,0.30,4.00
2008.03.03 09:53:02.393,0.79645,0.79695,0.30,0.20
2008.03.03 09:53:02.645,0.7967,0.797,0.30,4.00
2008.03.03 09:53:02.726,0.79645,0.79695,0.30,0.20
2008.03.03 09:53:02.974,0.7967,0.797,0.30,4.00
2008.03.03 09:53:03.056,0.79645,0.79695,4.00,0.20
2008.03.03 09:53:03.320,0.7967,0.797,0.30,4.00
2008.03.03 09:53:03.388,0.79645,0.79695,4.00,0.20
2008.03.03 09:53:03.642,0.7967,0.797,0.30,4.00
2008.03.03 09:53:03.649,0.79645,0.79695,0.30,4.10
2008.03.03 09:53:03.883,0.79645,0.79695,2.40,2.40
2008.03.03 09:53:03.974,0.7967,0.797,0.30,4.00
2008.03.03 09:53:04.119,0.7965,0.7969,4.20,0.50
2008.03.03 09:53:04.310,0.7967,0.797,0.30,4.00
2008.03.03 09:53:04.476,0.7965,0.7969,0.30,0.50
2008.03.03 09:53:04.632,0.7967,0.797,0.30,4.00
2008.03.03 09:53:04.809,0.7965,0.7969,0.50,0.20
2008.03.03 09:53:04.970,0.7967,0.797,0.30,4.00
2008.03.03 09:53:05.242,0.7965,0.7969,4.00,0.20
2008.03.03 09:53:05.401,0.7967,0.797,0.30,4.00
2008.03.03 09:53:05.558,0.7965,0.7969,0.30,0.40
2008.03.03 09:53:05.738,0.7967,0.797,0.30,4.00
2008.03.03 09:53:05.910,0.7965,0.7969,0.20,0.20
2008.03.03 09:53:06.173,0.7967,0.797,0.30,4.00
2008.03.03 09:53:06.230,0.7965,0.7969,0.30,0.20
2008.03.03 09:53:06.509,0.7967,0.797,0.30,4.00
2008.03.03 09:53:06.580,0.7965,0.7969,0.30,4.00
2008.03.03 09:53:06.836,0.7967,0.797,0.30,4.00
2008.03.03 09:53:06.897,0.7965,0.7969,0.30,0.20
2008.03.03 09:53:07.153,0.7967,0.797,0.30,4.00
2008.03.03 09:53:07.232,0.7965,0.7969,0.30,0.20
2008.03.03 09:53:07.490,0.7967,0.797,0.30,4.00
2008.03.03 09:53:07.644,0.7965,0.7969,2.40,0.30
2008.03.03 09:53:07.764,0.7967,0.797,0.30,4.00
2008.03.03 09:53:08.014,0.7965,0.7969,2.40,1.60
2008.03.03 09:53:08.046,0.7967,0.797,0.30,4.00
2008.03.03 09:53:08.333,0.7965,0.7969,6.40,2.40
2008.03.03 09:53:08.368,0.7967,0.797,0.30,4.00
2008.03.03 09:53:08.699,0.7965,0.7969,0.30,4.00
2008.03.03 09:53:08.708,0.7967,0.797,0.30,4.00
2008.03.03 09:53:08.943,0.79655,0.79685,2.40,2.40
2008.03.03 09:53:09.034,0.7967,0.797,0.30,4.00
2008.03.03 09:53:09.207,0.79655,0.79685,0.30,0.50
2008.03.03 09:53:09.364,0.7967,0.797,0.30,4.00
2008.03.03 09:53:09.562,0.79655,0.79685,0.30,4.00
2008.03.03 09:53:09.697,0.7967,0.797,0.30,4.00
2008.03.03 09:53:09.897,0.79655,0.79685,0.30,0.20
2008.03.03 09:53:10.013,0.7967,0.797,0.30,4.00
2008.03.03 09:53:10.232,0.79655,0.79685,4.20,0.40
2008.03.03 09:53:10.345,0.7967,0.797,0.30,4.00
2008.03.03 09:53:10.525,0.79655,0.79685,0.60,0.20
2008.03.03 09:53:10.681,0.7967,0.797,0.30,4.00
2008.03.03 09:53:10.863,0.79655,0.79685,0.30,2.50
2008.03.03 09:53:11.131,0.7967,0.797,0.30,4.00
2008.03.03 09:53:11.219,0.79655,0.79685,0.30,0.20
2008.03.03 09:53:11.343,0.7967,0.797,0.30,4.00
2008.03.03 09:53:11.519,0.79655,0.79685,0.30,0.20
2008.03.03 09:53:11.666,0.7967,0.797,0.30,4.00
2008.03.03 09:53:11.851,0.79655,0.79685,0.30,1.70
2008.03.03 09:53:12.020,0.7967,0.797,0.30,4.00
2008.03.03 09:53:12.203,0.79655,0.79685,0.30,0.20
2008.03.03 09:53:12.336,0.7967,0.797,0.30,4.00
2008.03.03 09:53:12.513,0.79655,0.79685,0.30,4.10
2008.03.03 09:53:12.657,0.7967,0.797,0.30,4.00
2008.03.03 09:53:12.842,0.79655,0.79685,0.60,0.20
2008.03.03 09:53:12.997,0.7967,0.797,0.30,4.00
2008.03.03 09:53:13.152,0.79655,0.79685,2.60,2.50
2008.03.03 09:53:13.317,0.7967,0.797,0.30,4.00
2008.03.03 09:53:13.384,0.79655,0.79685,0.30,4.00
2008.03.03 09:53:13.656,0.7967,0.797,0.30,4.00
2008.03.03 09:53:13.732,0.79655,0.79685,0.30,0.80
2008.03.03 09:53:13.976,0.7967,0.797,0.30,4.00
2008.03.03 09:53:14.034,0.79655,0.79685,0.30,0.20
2008.03.03 09:53:14.375,0.79655,0.79685,2.60,2.50
2008.03.03 09:53:14.710,0.79655,0.79685,0.30,0.10
2008.03.03 09:53:15.150,0.79655,0.79685,0.60,0.20
2008.03.03 09:53:15.481,0.79655,0.79685,0.30,0.20
2008.03.03 09:53:15.926,0.79655,0.79685,4.00,4.00
2008.03.03 09:53:16.030,0.7967,0.797,0.30,4.00
2008.03.03 09:53:16.090,0.7967,0.797,0.30,4.00
2008.03.03 09:53:16.110,0.7967,0.797,0.30,4.00
2008.03.03 09:53:16.227,0.7967,0.797,0.30,4.00
2008.03.03 09:53:16.255,0.79655,0.79685,4.20,2.40
2008.03.03 09:53:16.278,0.7967,0.797,0.30,4.00
2008.03.03 09:53:16.339,0.7967,0.797,0.30,4.00
2008.03.03 09:53:16.393,0.7967,0.797,0.30,4.00
2008.03.03 09:53:16.447,0.7967,0.797,0.30,4.00
2008.03.03 09:53:16.528,0.7967,0.797,0.30,4.00
2008.03.03 09:53:16.577,0.79655,0.79685,6.40,4.80
2008.03.03 09:53:16.623,0.7967,0.797,0.30,4.00
2008.03.03 09:53:16.740,0.7967,0.797,0.30,4.00
2008.03.03 09:53:16.869,0.79655,0.79685,0.60,0.20
2008.03.03 09:53:16.876,0.7967,0.797,0.30,4.00
2008.03.03 09:53:16.969,0.7967,0.797,0.30,4.00
2008.03.03 09:53:17.103,0.79655,0.79685,2.40,2.40
2008.03.03 09:53:17.334,0.7967,0.797,0.30,4.00
2008.03.03 09:53:17.365,0.79655,0.79685,0.30,4.00
2008.03.03 09:53:17.652,0.7967,0.797,0.30,4.00
2008.03.03 09:53:17.674,0.79655,0.79685,0.30,4.00
2008.03.03 09:53:17.997,0.79655,0.79685,0.60,2.40
2008.03.03 09:53:18.015,0.7967,0.797,0.30,4.00
2008.03.03 09:53:18.272,0.7967,0.797,0.30,4.00
2008.03.03 09:53:18.306,0.79655,0.79685,2.40,0.20
2008.03.03 09:53:18.545,0.79655,0.79685,4.00,0.20
2008.03.03 09:53:18.600,0.7967,0.797,0.30,4.00
2008.03.03 09:53:18.784,0.79655,0.79685,0.30,0.20
2008.03.03 09:53:18.925,0.7967,0.797,0.30,4.00
2008.03.03 09:53:19.106,0.79655,0.79685,0.30,0.80
2008.03.03 09:53:19.159,0.7967,0.797,0.30,4.00
2008.03.03 09:53:19.543,0.79655,0.79685,2.40,4.00
2008.03.03 09:53:19.593,0.7967,0.797,0.30,4.00
2008.03.03 09:53:19.978,0.79655,0.79685,2.40,2.40
2008.03.03 09:53:20.036,0.7967,0.797,0.30,4.00
2008.03.03 09:53:20.312,0.79655,0.79685,4.00,0.20
2008.03.03 09:53:20.475,0.7967,0.797,0.30,4.00
2008.03.03 09:53:20.725,0.79655,0.79685,4.00,2.40
2008.03.03 09:53:20.902,0.7967,0.797,0.30,4.00
2008.03.03 09:53:21.079,0.79655,0.79685,0.30,0.20
2008.03.03 09:53:21.249,0.7967,0.797,0.30,4.00
2008.03.03 09:53:21.419,0.79655,0.79685,4.00,0.20
2008.03.03 09:53:21.573,0.7967,0.797,0.30,4.00
2008.03.03 09:53:21.743,0.79655,0.79685,6.40,0.20
2008.03.03 09:53:21.910,0.7967,0.797,0.30,4.00
2008.03.03 09:53:22.087,0.79655,0.79685,0.30,0.20
2008.03.03 09:53:22.230,0.7967,0.797,0.30,4.00
2008.03.03 09:53:22.411,0.79655,0.79685,0.50,4.00
2008.03.03 09:53:22.556,0.7967,0.797,0.30,4.00
2008.03.03 09:53:22.732,0.79655,0.79685,2.40,12.00
2008.03.03 09:53:22.889,0.7967,0.797,0.30,4.00
2008.03.03 09:53:23.063,0.79655,0.79685,0.30,4.00
2008.03.03 09:53:23.226,0.7967,0.797,0.30,4.00
2008.03.03 09:53:23.371,0.79655,0.79685,4.00,0.20
2008.03.03 09:53:23.538,0.7967,0.797,0.30,4.00
2008.03.03 09:53:23.615,0.79655,0.79685,0.60,2.40
2008.03.03 09:53:23.891,0.7967,0.797,0.30,4.00
2008.03.03 09:53:23.956,0.79655,0.79685,4.00,0.40
2008.03.03 09:53:24.167,0.7967,0.797,0.30,4.00
2008.03.03 09:53:24.271,0.79655,0.79685,0.30,0.20
2008.03.03 09:53:24.424,0.7967,0.797,0.30,4.00
2008.03.03 09:53:24.711,0.79655,0.79685,0.30,4.00
2008.03.03 09:53:24.761,0.7967,0.797,0.30,4.00
2008.03.03 09:53:25.046,0.79655,0.79685,0.30,0.20
2008.03.03 09:53:25.097,0.7967,0.797,0.30,4.00
2008.03.03 09:53:25.387,0.79655,0.79685,4.00,0.20
2008.03.03 09:53:25.412,0.7967,0.797,0.30,4.00
2008.03.03 09:53:25.718,0.79655,0.79685,0.40,0.50
2008.03.03 09:53:25.860,0.7967,0.797,0.30,4.00
2008.03.03 09:53:26.070,0.79655,0.79685,0.80,4.00
2008.03.03 09:53:26.295,0.7967,0.797,0.30,4.00
2008.03.03 09:53:26.360,0.79655,0.79685,0.30,0.20
2008.03.03 09:53:26.520,0.7967,0.797,0.30,4.00
2008.03.03 09:53:26.654,0.79655,0.79685,4.00,0.20
2008.03.03 09:53:26.857,0.7967,0.797,0.30,4.00
2008.03.03 09:53:26.916,0.79655,0.79685,0.30,0.20
2008.03.03 09:53:27.187,0.7967,0.797,0.30,4.00
2008.03.03 09:53:27.252,0.79655,0.79685,0.30,0.20
2008.03.03 09:53:27.492,0.7967,0.79695,0.30,4.00
2008.03.03 09:53:27.646,0.79655,0.79685,4.00,2.80
2008.03.03 09:53:27.796,0.7967,0.7969,0.30,4.00
2008.03.03 09:53:27.945,0.79655,0.79685,0.30,0.20
2008.03.03 09:53:28.103,0.7967,0.797,0.30,4.00
2008.03.03 09:53:28.245,0.79655,0.79685,0.30,0.20
2008.03.03 09:53:28.407,0.7967,0.797,0.30,4.00
2008.03.03 09:53:28.566,0.79655,0.79685,0.30,0.80
2008.03.03 09:53:28.646,0.7967,0.797,0.30,4.00
2008.03.03 09:53:28.875,0.79655,0.79685,0.30,0.20
2008.03.03 09:53:28.943,0.7967,0.797,0.30,4.00
2008.03.03 09:53:29.219,0.79655,0.79685,1.60,0.20
2008.03.03 09:53:29.282,0.7967,0.797,0.30,4.00
2008.03.03 09:53:29.559,0.79655,0.79685,0.30,0.20
2008.03.03 09:53:29.582,0.7967,0.797,0.30,4.00
2008.03.03 09:53:29.880,0.7967,0.797,0.30,4.00
2008.03.03 09:53:29.977,0.79655,0.79685,9.60,1.70
2008.03.03 09:53:30.248,0.7967,0.797,0.30,4.00
2008.03.03 09:53:30.321,0.79655,0.79685,4.80,0.20
2008.03.03 09:53:30.578,0.7967,0.797,0.30,4.00
2008.03.03 09:53:30.663,0.79655,0.79685,0.50,0.20
2008.03.03 09:53:30.997,0.79655,0.79685,0.30,0.20
2008.03.03 09:53:31.023,0.7967,0.797,0.30,4.00
2008.03.03 09:53:31.315,0.79655,0.79685,0.60,5.70
2008.03.03 09:53:31.461,0.7967,0.797,0.30,4.00
2008.03.03 09:53:31.638,0.79655,0.79685,0.30,0.40
2008.03.03 09:53:31.696,0.7967,0.797,0.30,4.00
2008.03.03 09:53:31.961,0.79655,0.79685,0.40,0.20
2008.03.03 09:53:32.017,0.7967,0.797,0.30,4.00
2008.03.03 09:53:32.307,0.79655,0.79685,0.30,0.20
2008.03.03 09:53:32.347,0.7967,0.797,0.30,4.00
2008.03.03 09:53:32.641,0.79655,0.79685,8.00,0.20
2008.03.03 09:53:32.669,0.7967,0.797,0.30,4.00
2008.03.03 09:53:32.838,0.79645,0.79695,0.30,4.00
2008.03.03 09:53:32.965,0.79655,0.79685,0.30,0.20
2008.03.03 09:53:33.005,0.7967,0.797,0.30,4.00
2008.03.03 09:53:33.272,0.79655,0.79685,0.60,0.40
2008.03.03 09:53:33.335,0.7967,0.797,0.30,4.00
2008.03.03 09:53:33.606,0.79655,0.79685,0.30,2.40
2008.03.03 09:53:33.668,0.7967,0.797,0.30,4.00
2008.03.03 09:53:33.965,0.79655,0.79685,0.30,0.20
2008.03.03 09:53:34.007,0.7967,0.797,0.30,4.00
2008.03.03 09:53:34.259,0.79655,0.79685,0.30,0.80
2008.03.03 09:53:34.295,0.7967,0.797,0.30,4.00
2008.03.03 09:53:34.498,0.79655,0.79685,0.30,0.20
2008.03.03 09:53:34.659,0.7967,0.797,0.30,4.00
2008.03.03 09:53:34.904,0.79655,0.79685,2.40,0.40
2008.03.03 09:53:35.092,0.7967,0.797,0.30,4.00
2008.03.03 09:53:35.238,0.79655,0.79685,4.80,0.20
2008.03.03 09:53:35.532,0.7967,0.797,0.30,4.00
2008.03.03 09:53:35.573,0.79655,0.79685,0.30,0.20
2008.03.03 09:53:35.761,0.7967,0.797,0.30,4.00
2008.03.03 09:53:35.842,0.79655,0.79685,0.30,0.20
2008.03.03 09:53:36.086,0.7967,0.797,0.30,4.00
2008.03.03 09:53:36.111,0.79655,0.79685,0.30,0.20
2008.03.03 09:53:36.380,0.79655,0.79685,0.30,0.40
2008.03.03 09:53:36.413,0.7967,0.797,0.30,4.00
2008.03.03 09:53:36.705,0.79655,0.79685,0.60,0.20
2008.03.03 09:53:36.741,0.7967,0.797,0.30,4.00
2008.03.03 09:53:37.035,0.79655,0.79685,0.30,4.00
2008.03.03 09:53:37.071,0.7967,0.797,0.30,4.00
2008.03.03 09:53:37.327,0.79655,0.79685,0.30,0.20
2008.03.03 09:53:37.416,0.7967,0.797,0.30,4.00
2008.03.03 09:53:37.576,0.79655,0.79685,0.70,0.20
2008.03.03 09:53:37.852,0.7967,0.797,0.30,4.00
2008.03.03 09:53:37.908,0.79655,0.79685,0.60,4.00
2008.03.03 09:53:38.171,0.7967,0.797,0.30,4.00
2008.03.03 09:53:38.249,0.79655,0.79685,0.30,0.20
2008.03.03 09:53:38.498,0.7967,0.797,0.30,4.00
2008.03.03 09:53:38.585,0.79655,0.79685,4.00,2.40
2008.03.03 09:53:38.835,0.7967,0.797,0.30,4.00
2008.03.03 09:53:38.889,0.79655,0.79685,2.60,2.40
2008.03.03 09:53:39.119,0.79655,0.79685,0.30,0.20
2008.03.03 09:53:39.207,0.7967,0.797,0.30,4.00
2008.03.03 09:53:39.433,0.79655,0.79685,2.60,2.50
2008.03.03 09:53:39.613,0.7967,0.797,0.30,4.00
2008.03.03 09:53:39.663,0.79655,0.79685,0.80,0.20
2008.03.03 09:53:39.998,0.79655,0.79685,0.30,0.20
2008.03.03 09:53:40.044,0.7967,0.797,0.30,4.00
2008.03.03 09:53:40.332,0.79655,0.79685,0.50,0.20
2008.03.03 09:53:40.481,0.7967,0.797,0.30,4.00
2008.03.03 09:53:40.667,0.79655,0.79685,2.40,2.40
2008.03.03 09:53:40.822,0.7967,0.797,0.30,4.00
2008.03.03 09:53:41.002,0.79655,0.79685,0.30,4.00
2008.03.03 09:53:41.054,0.7967,0.797,0.30,4.00
2008.03.03 09:53:41.361,0.7967,0.797,0.30,4.00
2008.03.03 09:53:41.437,0.79655,0.79685,0.30,0.40
2008.03.03 09:53:41.703,0.7967,0.797,0.30,4.00
2008.03.03 09:53:41.772,0.79655,0.79685,1.80,2.50
2008.03.03 09:53:42.031,0.7967,0.797,0.30,4.00
2008.03.03 09:53:42.104,0.79655,0.79685,2.40,5.60
2008.03.03 09:53:42.325,0.7967,0.797,0.30,4.00
2008.03.03 09:53:42.432,0.79655,0.79685,2.80,2.50
2008.03.03 09:53:42.679,0.7967,0.797,0.30,4.00
2008.03.03 09:53:42.760,0.79655,0.79685,2.60,2.50
2008.03.03 09:53:43.007,0.7967,0.797,0.30,4.00
2008.03.03 09:53:43.173,0.79655,0.79685,1.00,0.20
2008.03.03 09:53:43.338,0.7967,0.797,0.30,4.00
2008.03.03 09:53:43.629,0.79655,0.79685,0.30,4.00
2008.03.03 09:53:43.674,0.7967,0.797,0.30,4.00
2008.03.03 09:53:43.968,0.79655,0.79685,0.40,0.50
2008.03.03 09:53:44.015,0.7967,0.797,0.30,4.00
2008.03.03 09:53:44.276,0.79655,0.79685,0.50,0.40
2008.03.03 09:53:44.337,0.7967,0.797,0.30,4.00
2008.03.03 09:53:44.620,0.79655,0.79685,9.60,0.20
2008.03.03 09:53:44.695,0.7967,0.797,0.30,4.00
2008.03.03 09:53:45.071,0.79655,0.79685,0.30,0.20
2008.03.03 09:53:45.102,0.7967,0.797,0.30,4.00
2008.03.03 09:53:45.492,0.79655,0.79685,2.60,2.50
2008.03.03 09:53:45.550,0.7967,0.797,0.30,4.00
2008.03.03 09:53:45.832,0.79655,0.79685,0.30,0.20
2008.03.03 09:53:45.981,0.7967,0.797,0.30,4.00
2008.03.03 09:53:46.171,0.79655,0.79685,0.30,0.40
2008.03.03 09:53:46.206,0.7967,0.797,0.30,4.00
2008.03.03 09:53:46.448,0.7967,0.797,0.30,4.00
2008.03.03 09:53:46.495,0.79655,0.79685,8.00,0.20
2008.03.03 09:53:46.743,0.7967,0.797,0.30,4.00
2008.03.03 09:53:46.824,0.79655,0.79685,4.00,0.20
2008.03.03 09:53:47.096,0.7967,0.797,0.30,4.00
2008.03.03 09:53:47.161,0.79655,0.79685,2.40,0.20
2008.03.03 09:53:47.415,0.7967,0.797,0.30,4.00
2008.03.03 09:53:47.475,0.79655,0.79685,0.30,0.20
2008.03.03 09:53:47.751,0.7967,0.797,0.30,4.00
2008.03.03 09:53:47.852,0.79655,0.79685,2.40,6.50
2008.03.03 09:53:48.064,0.7967,0.797,0.30,4.00
2008.03.03 09:53:48.145,0.79655,0.79685,0.30,0.20
2008.03.03 09:53:48.319,0.7967,0.797,0.30,4.00
2008.03.03 09:53:48.474,0.79655,0.79685,2.40,0.20
2008.03.03 09:53:48.604,0.7967,0.797,0.30,4.00
2008.03.03 09:53:48.769,0.79655,0.79685,0.60,4.00
2008.03.03 09:53:48.849,0.7967,0.797,0.30,4.00
2008.03.03 09:53:49.009,0.79655,0.79685,2.40,2.40
2008.03.03 09:53:49.176,0.7967,0.797,0.30,4.00
2008.03.03 09:53:49.248,0.79655,0.79685,0.30,0.20
2008.03.03 09:53:49.425,0.7967,0.797,0.30,4.00
2008.03.03 09:53:49.571,0.79655,0.79685,0.30,0.40
2008.03.03 09:53:49.714,0.7967,0.797,0.30,4.00
2008.03.03 09:53:49.982,0.79655,0.79685,0.60,0.20
2008.03.03 09:53:50.055,0.7967,0.797,0.30,4.00
2008.03.03 09:53:50.391,0.7967,0.797,0.30,4.00
2008.03.03 09:53:50.431,0.79655,0.79685,4.00,0.20
2008.03.03 09:53:50.727,0.7967,0.797,0.30,4.00
2008.03.03 09:53:50.765,0.79655,0.79685,0.60,0.20
2008.03.03 09:53:51.052,0.7967,0.797,0.30,4.00
2008.03.03 09:53:51.053,0.79655,0.79685,0.30,0.20
2008.03.03 09:53:51.343,0.79655,0.79685,0.30,0.20
2008.03.03 09:53:51.381,0.7967,0.797,0.30,4.00
2008.03.03 09:53:51.603,0.7967,0.797,0.30,4.00
2008.03.03 09:53:51.633,0.79655,0.79685,10.00,8.10
2008.03.03 09:53:51.821,0.7967,0.797,0.30,4.00
2008.03.03 09:53:51.922,0.79655,0.79685,0.30,0.20
2008.03.03 09:53:52.155,0.7967,0.797,0.30,4.00
2008.03.03 09:53:52.177,0.79655,0.79685,0.30,1.70
2008.03.03 09:53:52.447,0.79658,0.79682,2.40,2.40
2008.03.03 09:53:52.483,0.7967,0.797,0.30,4.00
2008.03.03 09:53:52.702,0.79658,0.79682,0.30,0.20
2008.03.03 09:53:52.790,0.7967,0.797,0.30,4.00
2008.03.03 09:53:52.974,0.79658,0.79682,6.40,0.20
2008.03.03 09:53:53.032,0.7967,0.797,0.30,4.00
2008.03.03 09:53:53.292,0.79658,0.79682,0.30,4.00
2008.03.03 09:53:53.358,0.7967,0.797,0.30,4.00
2008.03.03 09:53:53.587,0.79655,0.79685,0.30,0.20
2008.03.03 09:53:53.685,0.7967,0.797,0.30,4.00
2008.03.03 09:53:53.881,0.79655,0.79685,2.40,2.40
2008.03.03 09:53:54.021,0.7967,0.797,0.30,4.00
2008.03.03 09:53:54.120,0.79655,0.79685,2.40,4.00
2008.03.03 09:53:54.355,0.7967,0.797,0.30,4.00
2008.03.03 09:53:54.360,0.79655,0.79685,2.60,2.50
2008.03.03 09:53:54.600,0.79655,0.79685,0.30,0.20
2008.03.03 09:53:54.678,0.7967,0.797,0.30,4.00
2008.03.03 09:53:54.838,0.79655,0.79685,4.00,0.20
2008.03.03 09:53:55.004,0.7967,0.797,0.30,4.00
2008.03.03 09:53:55.172,0.79658,0.79682,0.30,0.20
2008.03.03 09:53:55.458,0.7967,0.797,0.30,4.00
2008.03.03 09:53:55.507,0.79658,0.79682,0.30,0.20
2008.03.03 09:53:55.840,0.79655,0.79685,0.30,0.20
2008.03.03 09:53:55.884,0.7967,0.797,0.30,4.00
2008.03.03 09:53:56.171,0.79655,0.79685,2.40,0.20
2008.03.03 09:53:56.224,0.7967,0.797,0.30,4.00
2008.03.03 09:53:56.452,0.7967,0.797,0.30,4.00
2008.03.03 09:53:56.504,0.79655,0.79685,0.50,0.20
2008.03.03 09:53:56.770,0.7967,0.797,0.30,4.00
2008.03.03 09:53:56.837,0.79655,0.79685,0.30,4.00
2008.03.03 09:53:57.092,0.7967,0.797,0.30,4.00
2008.03.03 09:53:57.150,0.79655,0.79685,0.30,4.00
2008.03.03 09:53:57.391,0.7967,0.7969,0.30,4.00
2008.03.03 09:53:57.489,0.79655,0.79685,0.30,0.20
2008.03.03 09:53:57.691,0.7967,0.7969,0.30,4.00
2008.03.03 09:53:57.814,0.79655,0.79685,0.60,2.50
2008.03.03 09:53:57.990,0.7967,0.7969,0.30,4.00
2008.03.03 09:53:58.236,0.7967,0.797,0.30,4.00
2008.03.03 09:53:58.249,0.79655,0.79685,0.30,0.20
2008.03.03 09:53:58.481,0.7967,0.797,0.30,4.00
2008.03.03 09:53:58.671,0.79655,0.79685,4.00,0.20
2008.03.03 09:53:58.735,0.7967,0.797,0.30,4.00
2008.03.03 09:53:58.990,0.79655,0.79685,2.40,2.40
2008.03.03 09:53:59.072,0.7967,0.797,0.30,4.00
2008.03.03 09:53:59.245,0.79655,0.79685,8.00,0.20
2008.03.03 09:53:59.365,0.7967,0.797,0.30,4.00
2008.03.03 09:53:59.582,0.79655,0.79685,0.30,0.20
2008.03.03 09:53:59.733,0.7967,0.797,0.30,4.00
2008.03.03 09:54:00.072,0.7967,0.797,0.30,4.00
2008.03.03 09:54:00.502,0.7967,0.797,0.30,4.00
2008.03.03 09:54:00.846,0.7967,0.797,0.30,4.00
2008.03.03 09:54:01.026,0.79643,0.79673,4.00,0.20
2008.03.03 09:54:01.055,0.7967,0.797,0.30,4.00
2008.03.03 09:54:01.289,0.7967,0.797,0.30,4.00
2008.03.03 09:54:01.359,0.79632,0.79662,0.30,0.20
2008.03.03 09:54:01.511,0.7967,0.797,0.30,4.00
2008.03.03 09:54:01.716,0.7967,0.797,0.30,4.00
2008.03.03 09:54:01.795,0.79622,0.79652,0.10,0.20
2008.03.03 09:54:01.940,0.7967,0.797,0.30,4.00
2008.03.03 09:54:02.130,0.79616,0.79646,0.30,1.70
2008.03.03 09:54:02.377,0.7967,0.797,0.30,4.00
2008.03.03 09:54:02.423,0.79612,0.79642,0.30,0.20
2008.03.03 09:54:02.717,0.79607,0.79637,2.40,2.40
2008.03.03 09:54:02.819,0.7967,0.797,0.30,4.00
2008.03.03 09:54:02.986,0.79606,0.79636,0.70,0.50
2008.03.03 09:54:03.159,0.7967,0.797,0.30,4.00
2008.03.03 09:54:03.331,0.79609,0.79639,0.30,0.20
2008.03.03 09:54:03.478,0.7967,0.797,0.30,4.00
2008.03.03 09:54:03.662,0.79614,0.79644,0.30,0.20
2008.03.03 09:54:03.801,0.7967,0.797,0.30,4.00
2008.03.03 09:54:03.903,0.7962,0.7965,0.70,4.00
2008.03.03 09:54:04.037,0.7967,0.797,0.30,4.00
2008.03.03 09:54:04.142,0.79623,0.79653,0.80,4.00
2008.03.03 09:54:04.366,0.7967,0.797,0.30,4.00
2008.03.03 09:54:04.427,0.79624,0.79654,2.40,2.40
2008.03.03 09:54:04.696,0.7967,0.797,0.30,4.00
2008.03.03 09:54:04.755,0.79623,0.79653,0.30,4.90
2008.03.03 09:54:05.098,0.79621,0.79651,0.30,0.20
2008.03.03 09:54:05.134,0.7967,0.797,0.30,4.00
2008.03.03 09:54:05.470,0.7967,0.797,0.30,4.00
2008.03.03 09:54:05.497,0.7962,0.7965,4.80,0.20
2008.03.03 09:54:05.781,0.79622,0.79652,0.30,0.20
2008.03.03 09:54:05.894,0.7967,0.797,0.30,4.00
2008.03.03 09:54:06.078,0.79624,0.79654,2.80,2.40
2008.03.03 09:54:06.130,0.79645,0.797,8.00,2.40
2008.03.03 09:54:06.342,0.7964,0.797,2.40,2.40
2008.03.03 09:54:06.418,0.79628,0.79658,8.00,1.70
2008.03.03 09:54:06.559,0.7964,0.797,2.40,2.40
2008.03.03 09:54:06.857,0.79633,0.79663,0.30,2.40
2008.03.03 09:54:07.300,0.79636,0.79666,4.20,2.40
2008.03.03 09:54:07.599,0.79637,0.79667,0.30,0.20
2008.03.03 09:54:07.960,0.79635,0.79665,0.30,0.20
2008.03.03 09:54:08.241,0.7964,0.797,2.40,2.40
2008.03.03 09:54:08.262,0.79631,0.79661,0.30,10.40
2008.03.03 09:54:08.350,0.7964,0.797,2.40,2.40
2008.03.03 09:54:08.535,0.7964,0.797,2.40,2.40
2008.03.03 09:54:08.596,0.79625,0.79655,2.40,2.40
2008.03.03 09:54:08.642,0.7964,0.797,2.40,2.40
2008.03.03 09:54:08.861,0.7964,0.797,2.40,2.40
2008.03.03 09:54:08.931,0.79623,0.79653,0.30,4.00
2008.03.03 09:54:09.094,0.7964,0.797,2.40,2.40
2008.03.03 09:54:09.205,0.7964,0.797,2.40,2.40
2008.03.03 09:54:09.277,0.79621,0.79651,0.30,0.40
2008.03.03 09:54:09.418,0.7964,0.797,2.40,2.40
2008.03.03 09:54:09.567,0.79623,0.79653,0.30,4.00
2008.03.03 09:54:09.791,0.7962,0.7965,2.40,2.40
2008.03.03 09:54:09.854,0.7964,0.797,2.40,2.40
2008.03.03 09:54:10.037,0.79617,0.79647,0.60,4.00
2008.03.03 09:54:10.189,0.7964,0.797,2.40,2.40
2008.03.03 09:54:10.262,0.79615,0.79645,4.80,0.20
2008.03.03 09:54:10.632,0.7964,0.797,2.40,2.40
2008.03.03 09:54:10.695,0.79614,0.79644,0.30,4.10
2008.03.03 09:54:10.965,0.7964,0.797,2.40,2.40
2008.03.03 09:54:11.133,0.79612,0.79642,0.30,1.70
2008.03.03 09:54:11.300,0.7964,0.797,2.40,6.40
2008.03.03 09:54:11.481,0.79612,0.79642,0.40,0.20
2008.03.03 09:54:11.514,0.7964,0.797,2.40,6.40
2008.03.03 09:54:11.728,0.7964,0.797,2.60,6.40
2008.03.03 09:54:11.792,0.79613,0.79643,0.30,4.00
2008.03.03 09:54:11.956,0.7964,0.797,2.60,6.40
2008.03.03 09:54:12.080,0.79616,0.79646,0.60,2.70
2008.03.03 09:54:12.171,0.7964,0.797,2.60,6.40
2008.03.03 09:54:12.357,0.79622,0.79652,4.00,2.70
2008.03.03 09:54:12.392,0.7964,0.797,2.60,6.40
2008.03.03 09:54:12.614,0.79628,0.79658,0.30,0.40
2008.03.03 09:54:12.837,0.7964,0.797,2.60,6.40
2008.03.03 09:54:12.906,0.79632,0.79662,0.30,0.20
2008.03.03 09:54:13.170,0.7964,0.797,2.60,6.40
2008.03.03 09:54:13.222,0.7963,0.7966,0.30,0.40
2008.03.03 09:54:13.504,0.7964,0.79685,2.60,4.00
2008.03.03 09:54:13.520,0.79626,0.79656,1.00,0.20
2008.03.03 09:54:13.739,0.7964,0.7968,2.80,4.00
2008.03.03 09:54:13.809,0.7962,0.7965,0.30,0.40
2008.03.03 09:54:13.975,0.7964,0.7968,0.60,4.00
2008.03.03 09:54:14.099,0.79612,0.79642,0.60,0.20
2008.03.03 09:54:14.208,0.7964,0.7968,0.60,4.00
2008.03.03 09:54:14.442,0.7964,0.7968,0.60,4.00
2008.03.03 09:54:14.457,0.79609,0.79639,0.30,9.60
2008.03.03 09:54:14.696,0.79609,0.79639,2.80,2.50
2008.03.03 09:54:14.776,0.7964,0.7968,0.60,4.00
2008.03.03 09:54:14.934,0.79612,0.79642,9.60,4.50
2008.03.03 09:54:15.110,0.7964,0.7967,0.60,4.00
2008.03.03 09:54:15.172,0.79621,0.79641,0.60,0.20
2008.03.03 09:54:15.411,0.7962,0.7965,0.30,0.20
2008.03.03 09:54:15.445,0.7964,0.7967,0.60,4.00
2008.03.03 09:54:15.708,0.7964,0.7967,0.30,4.00
2008.03.03 09:54:15.745,0.79623,0.79653,0.30,4.00
2008.03.03 09:54:16.014,0.7964,0.7967,0.30,4.00
2008.03.03 09:54:16.079,0.79628,0.79658,4.80,0.20
2008.03.03 09:54:16.278,0.7964,0.7967,0.30,4.00
2008.03.03 09:54:16.424,0.79632,0.79662,1.60,12.10
2008.03.03 09:54:16.556,0.7964,0.7967,0.30,4.00
2008.03.03 09:54:16.739,0.79635,0.79665,0.30,0.20
2008.03.03 09:54:16.885,0.7964,0.79665,0.30,4.00
2008.03.03 09:54:17.088,0.79638,0.79668,0.30,0.20
2008.03.03 09:54:17.160,0.7964,0.7966,0.30,4.00
2008.03.03 09:54:17.357,0.79639,0.79669,8.00,0.20
2008.03.03 09:54:17.435,0.7964,0.7966,0.30,4.00
2008.03.03 09:54:17.636,0.79638,0.79668,0.30,0.20
2008.03.03 09:54:17.726,0.7964,0.7966,0.30,4.00
2008.03.03 09:54:17.971,0.79638,0.79668,2.60,2.50
2008.03.03 09:54:18.005,0.7964,0.7966,0.30,4.00
2008.03.03 09:54:18.250,0.79637,0.79667,2.60,2.50
2008.03.03 09:54:18.278,0.7964,0.7966,0.30,4.00
2008.03.03 09:54:18.529,0.79636,0.79666,4.00,0.20
2008.03.03 09:54:18.551,0.7964,0.7966,0.30,4.00
2008.03.03 09:54:18.829,0.79641,0.79661,0.30,0.20
2008.03.03 09:54:18.876,0.7964,0.7966,0.30,4.00
2008.03.03 09:54:19.159,0.79639,0.79659,0.60,4.00
2008.03.03 09:54:19.170,0.7964,0.7966,0.30,4.00
2008.03.03 09:54:19.425,0.7964,0.7966,0.30,4.00
2008.03.03 09:54:19.580,0.79636,0.79656,0.30,0.20
2008.03.03 09:54:19.814,0.79627,0.79647,0.30,0.20
2008.03.03 09:54:19.862,0.7964,0.7966,0.30,4.00
2008.03.03 09:54:20.048,0.7962,0.7964,0.30,0.50
2008.03.03 09:54:20.314,0.7964,0.7966,0.30,4.00
2008.03.03 09:54:20.354,0.79612,0.79632,4.00,0.20
2008.03.03 09:54:20.588,0.7961,0.7963,2.40,2.40
2008.03.03 09:54:20.743,0.7964,0.7966,0.30,4.00
2008.03.03 09:54:20.923,0.79609,0.79634,0.30,4.00
2008.03.03 09:54:20.957,0.7963,0.7966,0.30,4.00
2008.03.03 09:54:21.172,0.79625,0.7966,2.40,4.00
2008.03.03 09:54:21.259,0.79613,0.79638,0.30,0.20
2008.03.03 09:54:21.385,0.79625,0.7966,2.40,4.00
2008.03.03 09:54:21.592,0.79616,0.79641,0.20,0.80
2008.03.03 09:54:21.599,0.7961,0.7966,2.60,4.00
2008.03.03 09:54:21.958,0.79617,0.79642,0.30,0.20
2008.03.03 09:54:21.962,0.7961,0.7966,2.60,4.00
2008.03.03 09:54:22.295,0.7961,0.7966,2.60,4.00
2008.03.03 09:54:22.318,0.79619,0.79644,10.00,8.10
2008.03.03 09:54:22.616,0.7961,0.7966,2.60,4.00
2008.03.03 09:54:22.630,0.79621,0.79646,0.30,0.20
2008.03.03 09:54:22.890,0.79617,0.79647,0.30,0.20
2008.03.03 09:54:22.929,0.7961,0.79645,2.60,4.00
2008.03.03 09:54:23.149,0.79615,0.79645,0.30,4.00
2008.03.03 09:54:23.153,0.7961,0.7964,0.30,4.00
2008.03.03 09:54:23.378,0.7961,0.7964,0.60,4.00
2008.03.03 09:54:23.408,0.79613,0.79643,4.00,4.70
2008.03.03 09:54:23.601,0.7961,0.7964,0.30,4.00
2008.03.03 09:54:23.668,0.79616,0.79646,4.80,0.20
2008.03.03 09:54:24.034,0.79621,0.79651,1.00,4.00
2008.03.03 09:54:24.077,0.7961,0.7964,0.30,4.00
2008.03.03 09:54:24.342,0.79628,0.79658,0.30,2.40
2008.03.03 09:54:24.411,0.7961,0.7964,0.30,4.00
2008.03.03 09:54:24.657,0.79631,0.79661,0.30,4.00
2008.03.03 09:54:24.745,0.7961,0.7964,0.30,4.00
2008.03.03 09:54:24.958,0.79633,0.79663,0.60,4.00
2008.03.03 09:54:25.139,0.7961,0.7964,0.30,4.00
2008.03.03 09:54:25.198,0.7963,0.7966,4.00,0.20
2008.03.03 09:54:25.437,0.79627,0.79657,0.30,0.20
2008.03.03 09:54:25.511,0.7961,0.7964,0.30,4.00
2008.03.03 09:54:25.731,0.79623,0.79653,0.60,4.00
2008.03.03 09:54:25.840,0.7961,0.7964,0.30,4.00
2008.03.03 09:54:26.082,0.79621,0.79651,0.30,0.20
2008.03.03 09:54:26.133,0.7961,0.7964,0.30,4.00
2008.03.03 09:54:26.365,0.7961,0.7964,0.30,4.00
2008.03.03 09:54:26.416,0.7962,0.7965,0.30,4.00
2008.03.03 09:54:26.584,0.7961,0.7964,0.30,4.00
2008.03.03 09:54:26.762,0.79619,0.79649,0.50,0.40
2008.03.03 09:54:26.911,0.7961,0.7964,0.30,4.00
2008.03.03 09:54:27.128,0.79617,0.79647,12.00,2.40
2008.03.03 09:54:27.252,0.7961,0.7964,0.30,4.00
2008.03.03 09:54:27.438,0.79617,0.79647,0.30,5.60
2008.03.03 09:54:27.555,0.7961,0.7964,0.30,4.00
2008.03.03 09:54:27.748,0.79619,0.79649,0.30,0.40
2008.03.03 09:54:27.913,0.7961,0.7964,0.30,4.00
2008.03.03 09:54:28.043,0.7962,0.7965,0.60,0.20
2008.03.03 09:54:28.221,0.7961,0.7964,0.30,4.00
2008.03.03 09:54:28.291,0.79623,0.79653,0.30,2.50
2008.03.03 09:54:28.533,0.79627,0.79657,0.30,4.00
2008.03.03 09:54:28.543,0.7961,0.7964,0.30,4.00
2008.03.03 09:54:28.779,0.7961,0.7964,0.30,4.00
2008.03.03 09:54:28.859,0.79631,0.79661,4.00,0.20
2008.03.03 09:54:29.111,0.7961,0.7964,0.30,4.00
2008.03.03 09:54:29.183,0.79634,0.79664,0.30,0.20
2008.03.03 09:54:29.431,0.7961,0.7964,0.30,4.00
2008.03.03 09:54:29.508,0.79634,0.79664,0.30,8.00
2008.03.03 09:54:29.761,0.7961,0.7964,0.30,4.00
2008.03.03 09:54:29.845,0.79637,0.79667,0.30,4.00
2008.03.03 09:54:30.165,0.79638,0.79668,0.30,0.20
2008.03.03 09:54:30.198,0.7961,0.7964,0.30,4.00
2008.03.03 09:54:30.486,0.79638,0.79668,4.00,0.20
2008.03.03 09:54:30.639,0.7961,0.7964,0.30,4.00
2008.03.03 09:54:30.932,0.79639,0.79669,4.00,0.20
2008.03.03 09:54:30.977,0.7961,0.7964,0.30,4.00
2008.03.03 09:54:31.202,0.7961,0.7964,0.30,4.00
2008.03.03 09:54:31.383,0.79635,0.79665,6.40,2.40
2008.03.03 09:54:31.529,0.7961,0.7964,0.30,4.00
2008.03.03 09:54:31.718,0.79631,0.79661,6.40,2.40
2008.03.03 09:54:31.852,0.7961,0.7964,0.30,4.00
2008.03.03 09:54:32.018,0.79624,0.79654,2.60,2.50
2008.03.03 09:54:32.182,0.7961,0.7964,0.30,4.00
2008.03.03 09:54:32.318,0.79619,0.79649,5.60,2.40
2008.03.03 09:54:32.613,0.7961,0.7964,0.30,4.00
2008.03.03 09:54:32.617,0.79618,0.79648,2.40,2.40
2008.03.03 09:54:32.881,0.79619,0.79649,2.60,2.50
2008.03.03 09:54:32.952,0.7961,0.7964,0.30,4.00
2008.03.03 09:54:33.125,0.79619,0.79649,0.50,0.20
2008.03.03 09:54:33.290,0.7961,0.7964,0.30,4.00
2008.03.03 09:54:33.407,0.79618,0.79648,6.60,0.20
2008.03.03 09:54:33.535,0.796,0.7964,3.40,4.00
2008.03.03 09:54:33.691,0.79617,0.79647,6.40,0.90
2008.03.03 09:54:33.779,0.796,0.7964,0.30,4.00
2008.03.03 09:54:33.992,0.79619,0.79649,4.00,0.20
2008.03.03 09:54:34.063,0.7961,0.7964,0.80,4.00
2008.03.03 09:54:34.291,0.79618,0.79648,0.30,0.20
2008.03.03 09:54:34.348,0.79615,0.7965,1.00,4.10
2008.03.03 09:54:34.589,0.79612,0.79642,0.50,0.20
2008.03.03 09:54:34.632,0.7962,0.7965,0.30,4.10
2008.03.03 09:54:34.889,0.79603,0.79633,0.30,0.20
2008.03.03 09:54:34.916,0.7962,0.7965,0.30,4.10
2008.03.03 09:54:35.186,0.79599,0.79629,0.30,0.20
2008.03.03 09:54:35.250,0.7962,0.7965,0.60,4.10
2008.03.03 09:54:35.421,0.796,0.7964,0.30,2.70
2008.03.03 09:54:35.584,0.7962,0.7965,0.60,4.10
2008.03.03 09:54:35.656,0.79607,0.79647,2.40,0.20
2008.03.03 09:54:35.890,0.7961,0.7965,4.00,0.20
2008.03.03 09:54:36.026,0.7962,0.7965,0.60,4.10
2008.03.03 09:54:36.224,0.79609,0.79649,2.60,2.50
2008.03.03 09:54:36.366,0.7962,0.7965,0.60,4.10
2008.03.03 09:54:36.645,0.79608,0.79648,0.30,0.20
2008.03.03 09:54:36.686,0.7962,0.7965,0.60,4.10
2008.03.03 09:54:36.839,0.79614,0.79639,2.40,2.40
2008.03.03 09:54:36.917,0.7962,0.7965,0.60,4.10
2008.03.03 09:54:36.978,0.79607,0.79647,0.30,2.40
2008.03.03 09:54:37.236,0.7962,0.7965,0.60,4.10
2008.03.03 09:54:37.299,0.79607,0.79647,0.90,0.40
2008.03.03 09:54:37.550,0.7962,0.7965,0.60,4.10
2008.03.03 09:54:37.645,0.79606,0.79646,0.30,0.20
2008.03.03 09:54:37.910,0.7962,0.7965,0.60,4.10
2008.03.03 09:54:37.981,0.79604,0.79644,0.60,2.40
2008.03.03 09:54:38.231,0.7962,0.7965,0.60,4.10
2008.03.03 09:54:38.311,0.79604,0.79644,0.30,1.70
2008.03.03 09:54:38.550,0.7962,0.7965,0.60,4.10
2008.03.03 09:54:38.634,0.79604,0.79644,0.30,2.40
2008.03.03 09:54:38.896,0.7962,0.7965,0.60,4.10
2008.03.03 09:54:38.952,0.79606,0.79646,0.60,0.20
2008.03.03 09:54:39.234,0.7962,0.7965,0.60,4.10
2008.03.03 09:54:39.287,0.79608,0.79648,0.60,0.20
2008.03.03 09:54:39.550,0.7962,0.7965,0.60,4.10
2008.03.03 09:54:39.657,0.7961,0.7965,4.00,0.20
2008.03.03 09:54:39.880,0.7962,0.7965,0.60,4.10
2008.03.03 09:54:39.955,0.79612,0.79652,0.80,2.40
2008.03.03 09:54:40.204,0.7962,0.7965,0.60,4.10
2008.03.03 09:54:40.275,0.79616,0.79656,0.30,5.60
2008.03.03 09:54:40.364,0.79627,0.79652,4.00,0.20
2008.03.03 09:54:40.610,0.79621,0.79661,0.30,0.20
2008.03.03 09:54:40.679,0.7962,0.7965,0.60,4.10
2008.03.03 09:54:40.935,0.79619,0.79659,0.30,0.20
2008.03.03 09:54:41.094,0.7962,0.7965,0.60,4.10
2008.03.03 09:54:41.379,0.79615,0.79655,0.30,0.20
2008.03.03 09:54:41.415,0.7962,0.7965,0.60,4.10
2008.03.03 09:54:41.650,0.7962,0.7965,0.60,4.10
2008.03.03 09:54:41.814,0.79608,0.79648,0.30,4.00
2008.03.03 09:54:41.965,0.7962,0.7965,0.60,4.10
2008.03.03 09:54:42.152,0.79606,0.79646,0.30,4.00
2008.03.03 09:54:42.301,0.7962,0.7965,0.60,4.10
2008.03.03 09:54:42.493,0.79604,0.79644,2.60,8.10
2008.03.03 09:54:42.637,0.7962,0.7965,0.60,4.10
2008.03.03 09:54:42.919,0.79607,0.79647,6.60,0.60
2008.03.03 09:54:42.960,0.7962,0.7965,0.60,4.10
2008.03.03 09:54:43.138,0.7961,0.7965,4.80,0.20
2008.03.03 09:54:43.282,0.7962,0.7965,0.60,4.10
2008.03.03 09:54:43.357,0.79614,0.79654,4.00,0.20
2008.03.03 09:54:43.576,0.79617,0.79657,0.30,0.20
2008.03.03 09:54:43.611,0.7962,0.7965,0.60,4.10
2008.03.03 09:54:43.794,0.7962,0.7966,2.40,10.50
2008.03.03 09:54:43.943,0.7962,0.7965,0.60,4.10
2008.03.03 09:54:44.239,0.79624,0.79664,0.30,4.10
2008.03.03 09:54:44.289,0.7962,0.7965,0.60,4.10
2008.03.03 09:54:44.544,0.79625,0.7965,4.00,0.20
2008.03.03 09:54:44.573,0.79627,0.79667,4.00,0.40
2008.03.03 09:54:44.817,0.7963,0.7966,0.30,4.10
2008.03.03 09:54:44.908,0.79635,0.7966,0.30,0.20
2008.03.03 09:54:45.086,0.7963,0.7965,0.30,4.00
2008.03.03 09:54:45.225,0.79631,0.79656,0.60,0.20
2008.03.03 09:54:45.439,0.79625,0.7965,0.30,4.00
2008.03.03 09:54:45.571,0.79625,0.7965,0.90,0.40
2008.03.03 09:54:45.778,0.79625,0.7965,0.30,4.00
2008.03.03 09:54:45.882,0.7962,0.79645,4.00,0.40
2008.03.03 09:54:46.113,0.7963,0.7965,0.30,4.00
2008.03.03 09:54:46.322,0.79617,0.79642,0.30,0.20
2008.03.03 09:54:46.344,0.7963,0.7966,0.60,4.00
2008.03.03 09:54:46.596,0.7963,0.7966,0.60,4.00
2008.03.03 09:54:46.656,0.79617,0.79642,0.30,0.20
2008.03.03 09:54:46.833,0.7963,0.7966,0.50,4.00
2008.03.03 09:54:47.003,0.79618,0.79643,0.80,4.00
2008.03.03 09:54:47.070,0.7963,0.7966,0.50,4.00
2008.03.03 09:54:47.322,0.79616,0.79641,2.40,0.20
2008.03.03 09:54:47.385,0.7963,0.7966,0.50,4.00
2008.03.03 09:54:47.642,0.79614,0.79639,0.90,0.20
2008.03.03 09:54:47.792,0.7963,0.7966,0.50,4.00
2008.03.03 09:54:47.978,0.79611,0.79636,0.30,9.60
2008.03.03 09:54:48.127,0.7963,0.7965,0.50,4.00
2008.03.03 09:54:48.313,0.79609,0.79634,0.30,4.00
2008.03.03 09:54:48.345,0.7963,0.7965,0.50,4.00
2008.03.03 09:54:48.571,0.7963,0.7965,0.50,4.00
2008.03.03 09:54:48.641,0.79608,0.79633,2.40,2.40
2008.03.03 09:54:48.897,0.7963,0.7965,0.50,4.00
2008.03.03 09:54:48.963,0.79609,0.79634,0.30,0.20
2008.03.03 09:54:49.241,0.7963,0.7965,0.50,4.00
2008.03.03 09:54:49.302,0.7961,0.79635,0.30,0.40
2008.03.03 09:54:49.544,0.7963,0.7965,0.50,4.00
2008.03.03 09:54:49.637,0.79612,0.79637,2.40,0.20
2008.03.03 09:54:49.848,0.7963,0.7965,0.50,4.00
2008.03.03 09:54:49.971,0.79616,0.79641,0.20,0.20
2008.03.03 09:54:50.217,0.7963,0.7965,0.50,4.00
2008.03.03 09:54:50.293,0.7962,0.79645,0.60,0.20
2008.03.03 09:54:50.627,0.79622,0.79647,0.50,0.80
2008.03.03 09:54:50.659,0.7963,0.7965,0.50,4.00
2008.03.03 09:54:50.961,0.79623,0.79648,12.00,4.10
2008.03.03 09:54:51.089,0.7963,0.7965,0.50,4.00
2008.03.03 09:54:51.389,0.79624,0.79649,2.40,0.20
2008.03.03 09:54:51.542,0.7963,0.7965,0.50,4.00
2008.03.03 09:54:51.775,0.7963,0.7965,0.50,4.00
2008.03.03 09:54:51.824,0.79623,0.79648,0.30,0.50
2008.03.03 09:54:52.009,0.7962,0.7965,0.60,4.00
2008.03.03 09:54:52.172,0.7962,0.79645,0.30,1.60
2008.03.03 09:54:52.243,0.79625,0.7965,0.10,4.10
2008.03.03 09:54:52.481,0.79616,0.79641,0.30,0.20
2008.03.03 09:54:52.547,0.79625,0.7965,0.10,4.10
2008.03.03 09:54:52.851,0.7963,0.7965,0.30,4.00
2008.03.03 09:54:52.854,0.7961,0.79635,0.30,0.20
2008.03.03 09:54:53.142,0.79607,0.79632,2.60,2.50
2008.03.03 09:54:53.191,0.7963,0.7965,0.30,4.00
2008.03.03 09:54:53.467,0.79607,0.79632,0.30,0.20
2008.03.03 09:54:53.525,0.7963,0.7965,0.30,4.00
2008.03.03 09:54:53.784,0.7961,0.79635,0.30,0.20
2008.03.03 09:54:53.871,0.7963,0.7965,0.30,4.00
2008.03.03 09:54:54.039,0.79615,0.7964,0.30,0.20
2008.03.03 09:54:54.172,0.7963,0.7965,0.30,4.00
2008.03.03 09:54:54.466,0.79621,0.79646,0.30,0.20
2008.03.03 09:54:54.481,0.7963,0.7965,0.30,4.00
2008.03.03 09:54:54.742,0.7963,0.7965,0.30,4.00
2008.03.03 09:54:54.798,0.79624,0.79649,0.30,0.20
2008.03.03 09:54:55.002,0.7963,0.7965,0.30,4.00
2008.03.03 09:54:55.135,0.79624,0.79649,2.40,2.40
2008.03.03 09:54:55.281,0.79625,0.7965,0.80,4.10
2008.03.03 09:54:55.426,0.79624,0.79649,1.20,2.40
2008.03.03 09:54:55.628,0.7963,0.7965,1.00,4.00
2008.03.03 09:54:55.651,0.79624,0.79649,4.20,0.50
2008.03.03 09:54:55.963,0.79635,0.7966,0.80,4.10
2008.03.03 09:54:56.009,0.79622,0.79647,9.60,9.60
2008.03.03 09:54:56.299,0.79635,0.7966,0.80,4.10
2008.03.03 09:54:56.445,0.79624,0.79649,0.30,0.05
2008.03.03 09:54:56.587,0.79635,0.7966,0.80,4.10
2008.03.03 09:54:56.780,0.79624,0.79649,0.30,0.20
2008.03.03 09:54:56.820,0.79635,0.7966,0.80,4.10
2008.03.03 09:54:57.098,0.7964,0.7966,0.30,4.00
2008.03.03 09:54:57.116,0.79622,0.79647,0.30,0.50
2008.03.03 09:54:57.384,0.7964,0.7966,0.30,4.00
2008.03.03 09:54:57.510,0.79624,0.79649,2.40,2.40
2008.03.03 09:54:57.809,0.7964,0.7966,0.30,4.00
2008.03.03 09:54:57.872,0.79627,0.79652,2.60,2.50
2008.03.03 09:54:58.198,0.79629,0.79654,0.30,0.40
2008.03.03 09:54:58.242,0.7964,0.7966,0.30,4.00
2008.03.03 09:54:58.427,0.79631,0.79656,2.60,4.40
2008.03.03 09:54:58.684,0.7964,0.7966,0.30,4.00
2008.03.03 09:54:58.753,0.79631,0.79656,0.30,0.20
2008.03.03 09:54:59.018,0.7964,0.7966,0.30,4.00
2008.03.03 09:54:59.071,0.79633,0.79658,0.30,4.00
2008.03.03 09:54:59.312,0.79633,0.79658,2.60,0.60
2008.03.03 09:54:59.353,0.7964,0.7966,0.30,4.00
2008.03.03 09:54:59.590,0.7964,0.7966,0.30,4.00
2008.03.03 09:54:59.623,0.7963,0.79655,0.30,0.80
2008.03.03 09:54:59.859,0.7964,0.7966,0.30,4.00
2008.03.03 09:54:59.979,0.79629,0.79655,2.60,2.50
2008.03.03 09:55:00.013,0.79622,0.79648,0.30,0.20
2008.03.03 09:55:00.224,0.7964,0.7966,0.30,4.00
2008.03.03 09:55:00.343,0.79613,0.79643,0.30,4.00
2008.03.03 09:55:00.556,0.7964,0.7966,0.30,4.00
2008.03.03 09:55:00.672,0.79606,0.79636,0.30,4.80
2008.03.03 09:55:00.967,0.79603,0.79633,0.30,0.20
2008.03.03 09:55:00.990,0.7964,0.7966,0.30,4.00
2008.03.03 09:55:01.244,0.79604,0.79634,0.60,0.20
2008.03.03 09:55:01.436,0.7964,0.7966,0.30,4.00
2008.03.03 09:55:01.504,0.79606,0.79636,0.30,4.80
2008.03.03 09:55:01.781,0.79609,0.79634,10.00,8.10
2008.03.03 09:55:01.869,0.7964,0.7966,0.30,4.00
2008.03.03 09:55:02.084,0.79607,0.79637,0.30,0.20
2008.03.03 09:55:02.090,0.7964,0.7966,0.30,4.00
2008.03.03 09:55:02.431,0.7964,0.7966,0.30,4.00
2008.03.03 09:55:02.434,0.79605,0.79635,0.60,4.00
2008.03.03 09:55:02.751,0.7964,0.7966,0.30,4.00
2008.03.03 09:55:02.764,0.79603,0.79633,0.30,2.90
2008.03.03 09:55:02.991,0.79599,0.79629,0.30,0.20
2008.03.03 09:55:03.197,0.7964,0.7966,0.30,4.00
2008.03.03 09:55:03.317,0.79595,0.79625,2.40,4.80
2008.03.03 09:55:03.627,0.7964,0.7966,0.30,4.00
2008.03.03 09:55:03.652,0.79592,0.79622,2.40,0.20
2008.03.03 09:55:03.961,0.7964,0.7966,0.30,4.00
2008.03.03 09:55:04.077,0.79593,0.79623,2.40,2.40
2008.03.03 09:55:04.283,0.7964,0.7966,0.30,4.00
2008.03.03 09:55:04.424,0.79594,0.79624,0.30,0.20
2008.03.03 09:55:04.514,0.7964,0.7966,0.30,4.00
2008.03.03 09:55:04.845,0.79595,0.79625,2.60,8.10
2008.03.03 09:55:04.951,0.7964,0.7966,0.30,4.00
2008.03.03 09:55:05.175,0.79595,0.79625,0.30,0.20
2008.03.03 09:55:05.284,0.7964,0.7966,0.30,4.00
2008.03.03 09:55:05.517,0.79596,0.79626,0.30,0.20
2008.03.03 09:55:05.619,0.7964,0.7966,0.30,4.00
2008.03.03 09:55:05.822,0.7965,0.7966,0.50,4.00
2008.03.03 09:55:05.832,0.79598,0.79628,0.80,2.50
2008.03.03 09:55:06.043,0.7965,0.7966,0.50,4.00
2008.03.03 09:55:06.184,0.79599,0.79629,0.30,4.00
2008.03.03 09:55:06.276,0.7965,0.7966,0.50,4.00
2008.03.03 09:55:06.497,0.7965,0.7966,0.50,4.00
2008.03.03 09:55:06.505,0.79599,0.79629,0.30,0.80
2008.03.03 09:55:06.705,0.7965,0.7966,0.50,4.00
2008.03.03 09:55:06.829,0.79601,0.79631,4.00,0.20
2008.03.03 09:55:07.047,0.7965,0.7966,0.50,4.00
2008.03.03 09:55:07.162,0.79603,0.79633,0.60,0.20
2008.03.03 09:55:07.480,0.7965,0.7966,0.50,4.00
2008.03.03 09:55:07.517,0.79604,0.79634,2.40,2.40
2008.03.03 09:55:07.821,0.7965,0.7966,0.50,4.00
2008.03.03 09:55:07.836,0.79606,0.79636,0.30,0.40
2008.03.03 09:55:07.920,0.79609,0.79634,4.00,1.70
2008.03.03 09:55:08.139,0.7965,0.7966,0.50,4.00
2008.03.03 09:55:08.145,0.79607,0.79637,0.30,4.00
2008.03.03 09:55:08.480,0.7965,0.7966,0.50,4.00
2008.03.03 09:55:08.484,0.79607,0.79637,0.30,0.20
2008.03.03 09:55:08.707,0.79605,0.79635,0.30,0.20
2008.03.03 09:55:08.714,0.7965,0.7966,0.50,4.00
2008.03.03 09:55:09.040,0.7965,0.7966,0.50,4.00
2008.03.03 09:55:09.134,0.79601,0.79631,2.60,2.50
2008.03.03 09:55:09.384,0.7965,0.7966,0.50,4.00
2008.03.03 09:55:09.564,0.79598,0.79628,8.00,1.70
2008.03.03 09:55:09.787,0.7965,0.7966,0.50,4.00
2008.03.03 09:55:10.013,0.79595,0.79625,4.00,0.20
2008.03.03 09:55:10.122,0.7965,0.7966,0.50,4.00
2008.03.03 09:55:10.342,0.79595,0.79625,0.30,0.20
2008.03.03 09:55:10.573,0.7965,0.7966,0.50,4.00
2008.03.03 09:55:10.677,0.79595,0.79625,0.30,0.20
2008.03.03 09:55:11.003,0.79599,0.79629,0.30,0.20
2008.03.03 09:55:11.021,0.7965,0.7966,0.50,4.00
2008.03.03 09:55:11.328,0.7965,0.7966,0.50,4.00
2008.03.03 09:55:11.352,0.79603,0.79633,0.30,4.00
2008.03.03 09:55:11.551,0.7965,0.7966,0.50,4.00
2008.03.03 09:55:11.666,0.79607,0.79637,2.40,2.40
2008.03.03 09:55:11.774,0.7965,0.7966,0.50,4.00
2008.03.03 09:55:11.995,0.79609,0.79639,0.30,0.20
2008.03.03 09:55:12.100,0.7965,0.7966,0.50,4.00
2008.03.03 09:55:12.321,0.79611,0.79641,0.30,2.40
2008.03.03 09:55:12.449,0.7965,0.7966,0.50,4.00
2008.03.03 09:55:12.661,0.79614,0.79644,0.80,0.20
2008.03.03 09:55:12.769,0.7965,0.7966,0.50,4.00
2008.03.03 09:55:12.990,0.79616,0.79646,2.40,2.40
2008.03.03 09:55:13.090,0.7965,0.7966,0.50,4.00
2008.03.03 09:55:13.313,0.79615,0.79645,5.60,0.20
2008.03.03 09:55:13.416,0.7965,0.7966,0.50,4.00
2008.03.03 09:55:13.647,0.7961,0.7964,2.40,2.40
2008.03.03 09:55:13.773,0.7965,0.7966,0.50,4.00
2008.03.03 09:55:13.971,0.79605,0.79635,2.40,2.40
2008.03.03 09:55:14.091,0.7965,0.7966,0.50,4.00
2008.03.03 09:55:14.198,0.796,0.7963,2.60,2.50
2008.03.03 09:55:14.363,0.7965,0.7966,0.50,4.00
2008.03.03 09:55:14.541,0.79598,0.79628,0.30,0.20
2008.03.03 09:55:14.629,0.7965,0.7966,0.50,4.00
2008.03.03 09:55:14.958,0.7965,0.7966,0.50,4.00
2008.03.03 09:55:14.968,0.79599,0.79629,0.10,0.20
2008.03.03 09:55:15.310,0.79599,0.79629,0.20,2.70
2008.03.03 09:55:15.409,0.7965,0.7966,0.50,4.00
2008.03.03 09:55:15.708,0.796,0.7963,4.00,0.20
2008.03.03 09:55:15.743,0.7965,0.7966,0.60,4.00
2008.03.03 09:55:15.963,0.7965,0.7967,0.60,4.00
2008.03.03 09:55:16.067,0.79598,0.79628,2.60,2.50
2008.03.03 09:55:16.186,0.7965,0.7967,0.50,4.10
2008.03.03 09:55:16.386,0.79596,0.79626,0.30,0.40
2008.03.03 09:55:16.422,0.7965,0.7967,0.50,4.10
2008.03.03 09:55:16.610,0.79598,0.79623,0.30,0.20
2008.03.03 09:55:16.660,0.7965,0.7967,0.50,4.10
2008.03.03 09:55:16.835,0.79601,0.79626,0.30,0.20
2008.03.03 09:55:16.945,0.7965,0.7967,0.50,4.10
2008.03.03 09:55:17.059,0.79605,0.79635,6.40,0.20
2008.03.03 09:55:17.280,0.7965,0.7967,0.50,4.10
2008.03.03 09:55:17.500,0.79616,0.79646,0.30,0.50
2008.03.03 09:55:17.710,0.7965,0.7967,0.50,4.10
2008.03.03 09:55:17.831,0.7962,0.7965,0.30,0.20
2008.03.03 09:55:18.043,0.7965,0.7967,0.50,4.10
2008.03.03 09:55:18.155,0.79611,0.79641,1.00,9.60
2008.03.03 09:55:18.265,0.7965,0.7967,0.50,4.10
2008.03.03 09:55:18.384,0.796,0.7963,0.30,0.40
2008.03.03 09:55:18.483,0.7965,0.7967,0.50,4.10
2008.03.03 09:55:18.602,0.7959,0.7962,0.30,0.20
2008.03.03 09:55:18.712,0.7965,0.7967,0.50,4.10
2008.03.03 09:55:18.803,0.79583,0.79613,0.30,0.20
2008.03.03 09:55:19.039,0.7958,0.7961,0.60,0.20
2008.03.03 09:55:19.050,0.7965,0.7967,0.50,4.10
2008.03.03 09:55:19.374,0.79582,0.79612,0.30,4.00
2008.03.03 09:55:19.404,0.7965,0.7967,0.50,4.10
2008.03.03 09:55:19.731,0.7965,0.7967,0.50,4.10
2008.03.03 09:55:19.742,0.79587,0.79617,0.30,0.50
2008.03.03 09:55:20.077,0.7959,0.7962,0.30,4.00
2008.03.03 09:55:20.112,0.7965,0.7967,0.60,4.00
2008.03.03 09:55:20.381,0.79592,0.79622,0.30,4.00
2008.03.03 09:55:20.461,0.7965,0.7967,0.60,4.00
2008.03.03 09:55:20.728,0.79591,0.79621,0.30,0.20
2008.03.03 09:55:20.796,0.7965,0.7967,0.50,4.10
2008.03.03 09:55:21.051,0.79592,0.79622,0.30,0.20
2008.03.03 09:55:21.121,0.7965,0.7967,0.50,4.10
2008.03.03 09:55:21.355,0.79594,0.79624,0.30,2.40
2008.03.03 09:55:21.455,0.7965,0.7967,0.50,4.10
2008.03.03 09:55:21.687,0.79598,0.79628,0.30,2.70
2008.03.03 09:55:21.782,0.7965,0.7967,0.50,4.10
2008.03.03 09:55:21.998,0.796,0.7963,2.40,2.40
2008.03.03 09:55:22.063,0.7965,0.7967,0.50,4.10
2008.03.03 09:55:22.342,0.79601,0.79631,0.30,0.20
2008.03.03 09:55:22.448,0.7965,0.7967,0.50,4.10
2008.03.03 09:55:22.670,0.79601,0.79631,0.30,0.20
2008.03.03 09:55:22.781,0.7965,0.7967,0.60,4.00
2008.03.03 09:55:23.006,0.79599,0.79629,2.40,2.40
2008.03.03 09:55:23.209,0.7965,0.7967,0.60,4.00
2008.03.03 09:55:23.333,0.79595,0.79625,2.60,2.40
2008.03.03 09:55:23.428,0.7965,0.7967,0.60,4.00
2008.03.03 09:55:23.656,0.7965,0.7967,0.50,4.10
2008.03.03 09:55:23.679,0.79592,0.79622,0.30,0.20
2008.03.03 09:55:23.890,0.7965,0.7967,0.50,4.10
2008.03.03 09:55:23.992,0.79589,0.79619,0.30,4.00
2008.03.03 09:55:24.191,0.7965,0.7967,0.50,4.10
2008.03.03 09:55:24.237,0.79588,0.79618,4.40,0.20
2008.03.03 09:55:24.433,0.79586,0.79611,0.30,0.20
2008.03.03 09:55:24.489,0.7965,0.7967,0.50,4.10
2008.03.03 09:55:24.570,0.7958,0.7961,0.60,0.20
2008.03.03 09:55:24.797,0.7964,0.7967,0.60,4.10
2008.03.03 09:55:24.904,0.79579,0.79609,4.00,2.40
2008.03.03 09:55:25.096,0.7965,0.7967,0.10,4.10
2008.03.03 09:55:25.308,0.7958,0.7961,0.30,0.20
2008.03.03 09:55:25.518,0.7965,0.7967,0.10,4.10
2008.03.03 09:55:25.647,0.79581,0.79611,0.30,9.60
2008.03.03 09:55:25.955,0.7965,0.7967,0.10,4.10
2008.03.03 09:55:25.973,0.79582,0.79612,0.30,0.50
2008.03.03 09:55:26.171,0.7965,0.7967,0.10,4.10
2008.03.03 09:55:26.336,0.79583,0.79613,2.60,8.10
2008.03.03 09:55:26.404,0.7965,0.7967,0.10,4.10
2008.03.03 09:55:26.574,0.79585,0.79615,0.30,2.40
2008.03.03 09:55:26.622,0.7965,0.7967,0.10,4.10
2008.03.03 09:55:26.812,0.79585,0.79615,4.00,0.20
2008.03.03 09:55:26.844,0.7965,0.7967,0.10,4.10
2008.03.03 09:55:27.063,0.7965,0.7967,0.10,4.10
2008.03.03 09:55:27.070,0.79582,0.79612,7.20,0.20
2008.03.03 09:55:27.309,0.7958,0.7961,0.30,0.20
2008.03.03 09:55:27.488,0.7965,0.7967,0.10,4.10
2008.03.03 09:55:27.613,0.79578,0.79608,2.40,2.40
2008.03.03 09:55:27.823,0.7965,0.7967,0.10,4.10
2008.03.03 09:55:27.929,0.79579,0.79609,0.30,0.20
2008.03.03 09:55:28.158,0.79635,0.7967,0.80,4.10
2008.03.03 09:55:28.274,0.79582,0.79612,4.00,0.20
2008.03.03 09:55:28.402,0.7963,0.7964,0.50,2.40
2008.03.03 09:55:28.599,0.79589,0.79619,0.30,0.20
2008.03.03 09:55:28.647,0.7963,0.7964,0.50,2.40
2008.03.03 09:55:28.827,0.79594,0.79624,8.00,0.40
2008.03.03 09:55:28.907,0.79615,0.7966,2.40,4.00
2008.03.03 09:55:29.156,0.79596,0.79626,0.30,0.20
2008.03.03 09:55:29.171,0.7962,0.7966,0.60,4.00
2008.03.03 09:55:29.473,0.7962,0.7966,0.60,4.00
2008.03.03 09:55:29.545,0.79597,0.79627,0.30,0.20
2008.03.03 09:55:29.766,0.7962,0.7966,0.50,4.00
2008.03.03 09:55:29.879,0.79594,0.79624,4.00,0.20
2008.03.03 09:55:30.064,0.7962,0.79625,0.50,2.40
2008.03.03 09:55:30.213,0.79593,0.79623,0.30,4.00
2008.03.03 09:55:30.419,0.7962,0.7964,0.50,2.40
2008.03.03 09:55:30.547,0.79591,0.79621,4.00,0.20
2008.03.03 09:55:30.773,0.796,0.7964,0.30,2.40
2008.03.03 09:55:30.856,0.79589,0.79619,0.30,4.00
2008.03.03 09:55:31.129,0.796,0.79645,0.80,2.40
2008.03.03 09:55:31.167,0.7959,0.7962,6.40,0.20
2008.03.03 09:55:31.334,0.79585,0.79625,0.80,2.40
2008.03.03 09:55:31.477,0.79591,0.79621,0.30,6.50
2008.03.03 09:55:31.540,0.79575,0.79625,1.60,2.40
2008.03.03 09:55:31.744,0.79575,0.79625,5.00,2.40
2008.03.03 09:55:31.765,0.79595,0.79625,0.30,0.40
2008.03.03 09:55:31.947,0.7958,0.79635,0.80,2.40
2008.03.03 09:55:32.004,0.79596,0.79626,4.00,0.20
2008.03.03 09:55:32.153,0.7959,0.79635,0.30,2.40
2008.03.03 09:55:32.243,0.79597,0.79627,0.30,0.40
2008.03.03 09:55:32.482,0.79599,0.79629,0.30,4.00
2008.03.03 09:55:32.486,0.7959,0.7964,0.30,2.40
2008.03.03 09:55:32.816,0.79602,0.79632,0.50,0.20
2008.03.03 09:55:32.821,0.796,0.7964,0.30,2.40
2008.03.03 09:55:33.150,0.79604,0.79634,0.30,4.00
2008.03.03 09:55:33.156,0.796,0.7964,0.30,2.40
2008.03.03 09:55:33.389,0.796,0.7964,0.30,2.40
2008.03.03 09:55:33.485,0.79604,0.79634,4.00,0.20
2008.03.03 09:55:33.623,0.7959,0.7964,1.00,2.40
2008.03.03 09:55:33.688,0.79604,0.79634,4.00,0.20
2008.03.03 09:55:33.875,0.79595,0.7964,0.30,2.40
2008.03.03 09:55:33.893,0.79604,0.79634,0.30,0.20
2008.03.03 09:55:34.092,0.79595,0.7964,0.30,2.40
2008.03.03 09:55:34.166,0.79603,0.79633,4.00,0.20
2008.03.03 09:55:34.326,0.79595,0.7964,0.30,2.40
2008.03.03 09:55:34.372,0.79601,0.79631,0.30,0.20
2008.03.03 09:55:34.703,0.796,0.7964,0.30,2.40
2008.03.03 09:55:34.763,0.79597,0.79627,0.30,0.40
2008.03.03 09:55:35.011,0.796,0.7964,0.30,2.40
2008.03.03 09:55:35.202,0.79591,0.79621,4.00,2.40
2008.03.03 09:55:35.320,0.79595,0.7964,0.30,2.40
2008.03.03 09:55:35.639,0.79586,0.79616,0.30,4.00
2008.03.03 09:55:35.654,0.79595,0.7964,0.30,2.40
2008.03.03 09:55:35.989,0.7964,0.7967,0.80,4.10
2008.03.03 09:55:36.089,0.79582,0.79612,4.00,0.20
2008.03.03 09:55:36.324,0.79615,0.7965,2.40,4.00
2008.03.03 09:55:36.424,0.79574,0.79604,0.50,2.70
2008.03.03 09:55:36.541,0.79615,0.7965,2.40,4.00
2008.03.03 09:55:36.640,0.7957,0.796,0.30,12.00
2008.03.03 09:55:36.762,0.79615,0.7965,2.40,4.00
2008.03.03 09:55:36.858,0.79572,0.79602,0.60,0.20
2008.03.03 09:55:36.982,0.7962,0.7966,0.30,4.00
2008.03.03 09:55:37.075,0.79584,0.79614,0.30,0.20
2008.03.03 09:55:37.217,0.79615,0.7966,2.40,4.00
2008.03.03 09:55:37.402,0.79594,0.79624,4.00,0.20
2008.03.03 09:55:37.559,0.7962,0.7966,2.40,4.00
2008.03.03 09:55:37.630,0.79601,0.79631,4.00,0.20
2008.03.03 09:55:37.901,0.7962,0.7966,2.40,4.00
2008.03.03 09:55:38.061,0.79603,0.79633,2.60,2.50
2008.03.03 09:55:38.267,0.7962,0.7966,2.40,4.00
2008.03.03 09:55:38.384,0.79603,0.79633,0.30,0.20
2008.03.03 09:55:38.494,0.7962,0.7966,2.40,4.00
2008.03.03 09:55:38.719,0.7962,0.7966,2.40,4.00
2008.03.03 09:55:38.731,0.79602,0.79632,5.60,2.90
2008.03.03 09:55:38.958,0.7962,0.7966,2.40,4.00
2008.03.03 09:55:38.991,0.79601,0.79631,2.60,2.50
2008.03.03 09:55:39.180,0.7962,0.7966,2.40,4.00
2008.03.03 09:55:39.268,0.796,0.7963,0.30,0.20
2008.03.03 09:55:39.417,0.7962,0.7966,2.40,4.00
2008.03.03 09:55:39.601,0.79601,0.79631,0.30,4.00
2008.03.03 09:55:39.826,0.7962,0.7966,2.40,4.00
2008.03.03 09:55:39.935,0.79599,0.79629,0.30,2.40
2008.03.03 09:55:40.163,0.7962,0.7966,2.40,4.00
2008.03.03 09:55:40.373,0.79596,0.79626,4.00,0.20
2008.03.03 09:55:40.495,0.7962,0.7966,2.40,4.00
2008.03.03 09:55:40.710,0.79592,0.79622,0.30,0.20
2008.03.03 09:55:40.829,0.7962,0.7966,2.40,4.00
2008.03.03 09:55:41.033,0.79589,0.79619,4.00,0.20
2008.03.03 09:55:41.250,0.7962,0.7966,2.40,4.00
2008.03.03 09:55:41.354,0.79589,0.79619,0.30,0.20
2008.03.03 09:55:41.483,0.7962,0.7966,2.40,4.00
2008.03.03 09:55:41.669,0.79591,0.79621,0.30,4.00
2008.03.03 09:55:41.693,0.7962,0.7966,2.40,4.00
2008.03.03 09:55:41.902,0.7962,0.7966,2.40,4.00
2008.03.03 09:55:42.021,0.79597,0.79627,0.30,0.20
2008.03.03 09:55:42.111,0.7962,0.7966,2.40,4.00
2008.03.03 09:55:42.352,0.7962,0.7966,2.40,4.00
2008.03.03 09:55:42.365,0.79603,0.79633,2.60,2.50
2008.03.03 09:55:42.672,0.7962,0.79645,2.40,4.00
2008.03.03 09:55:42.693,0.79609,0.79639,2.40,2.40
2008.03.03 09:55:42.992,0.79605,0.7964,0.50,4.00
2008.03.03 09:55:43.025,0.79609,0.79639,0.60,0.20
2008.03.03 09:55:43.319,0.79605,0.79635,0.30,0.20
2008.03.03 09:55:43.320,0.796,0.7964,0.30,4.00
2008.03.03 09:55:43.549,0.796,0.7964,0.60,4.00
2008.03.03 09:55:43.676,0.79599,0.79629,0.30,4.00
2008.03.03 09:55:43.779,0.796,0.7964,0.60,4.00
2008.03.03 09:55:44.012,0.79596,0.79626,2.60,2.50
2008.03.03 09:55:44.111,0.796,0.7964,0.60,4.00
2008.03.03 09:55:44.318,0.79595,0.79625,2.40,2.40
2008.03.03 09:55:44.366,0.796,0.7964,0.60,4.00
2008.03.03 09:55:44.669,0.79598,0.79628,0.30,1.90
2008.03.03 09:55:44.689,0.796,0.7964,0.80,4.00
2008.03.03 09:55:45.000,0.796,0.7964,0.80,4.00
2008.03.03 09:55:45.002,0.796,0.7963,1.60,0.10
2008.03.03 09:55:45.303,0.796,0.7964,0.60,4.00
2008.03.03 09:55:45.356,0.79601,0.79631,0.30,0.20
2008.03.03 09:55:45.643,0.796,0.7964,0.60,4.00
2008.03.03 09:55:45.690,0.79601,0.79631,0.30,4.00
2008.03.03 09:55:45.982,0.79596,0.79631,2.40,2.40
2008.03.03 09:55:46.091,0.796,0.7964,0.60,4.00
2008.03.03 09:55:46.319,0.79592,0.79627,10.40,2.50
2008.03.03 09:55:46.426,0.796,0.7964,0.60,4.00
2008.03.03 09:55:46.644,0.79586,0.79621,0.30,9.60
2008.03.03 09:55:46.746,0.796,0.7964,0.60,4.00
2008.03.03 09:55:46.966,0.79582,0.79617,0.30,0.20
2008.03.03 09:55:46.973,0.796,0.7964,0.60,4.00
2008.03.03 09:55:47.294,0.79579,0.79614,0.30,4.00
2008.03.03 09:55:47.299,0.796,0.7964,0.60,4.00
2008.03.03 09:55:47.537,0.796,0.7964,0.60,4.00
2008.03.03 09:55:47.633,0.79577,0.79612,4.00,0.20
2008.03.03 09:55:47.842,0.796,0.7964,0.60,4.00
2008.03.03 09:55:47.952,0.7958,0.79615,2.40,2.40
2008.03.03 09:55:48.182,0.796,0.7964,0.60,4.00
2008.03.03 09:55:48.292,0.79584,0.79619,2.40,2.40
2008.03.03 09:55:48.603,0.79588,0.79623,0.30,0.20
2008.03.03 09:55:48.616,0.796,0.7964,0.60,4.00
2008.03.03 09:55:48.839,0.7959,0.79625,0.30,1.90
2008.03.03 09:55:48.947,0.796,0.7964,0.60,4.00
2008.03.03 09:55:49.178,0.79592,0.79627,2.40,2.40
2008.03.03 09:55:49.280,0.796,0.7964,0.60,4.00
2008.03.03 09:55:49.532,0.79592,0.79627,0.80,4.00
2008.03.03 09:55:49.577,0.796,0.7964,0.30,4.00
2008.03.03 09:55:49.865,0.79591,0.79626,0.30,0.20
2008.03.03 09:55:49.940,0.796,0.7964,0.30,4.00
2008.03.03 09:55:50.148,0.79588,0.79623,0.30,0.20
2008.03.03 09:55:50.265,0.796,0.79645,0.30,8.00
2008.03.03 09:55:50.546,0.79586,0.79621,2.60,0.50
2008.03.03 09:55:50.601,0.796,0.79645,0.30,8.00
2008.03.03 09:55:50.830,0.79586,0.79621,2.80,2.70
2008.03.03 09:55:51.026,0.796,0.79645,0.30,8.00
2008.03.03 09:55:51.140,0.79587,0.79622,0.30,0.20
2008.03.03 09:55:51.365,0.796,0.79645,0.30,8.00
2008.03.03 09:55:51.482,0.79588,0.79623,4.00,0.20
2008.03.03 09:55:51.703,0.796,0.79645,0.30,8.00
2008.03.03 09:55:51.795,0.79591,0.79626,0.30,0.20
2008.03.03 09:55:51.939,0.7961,0.79645,2.40,8.00
2008.03.03 09:55:52.149,0.79594,0.79629,8.00,0.20
2008.03.03 09:55:52.175,0.7961,0.79645,2.40,8.00
2008.03.03 09:55:52.408,0.79605,0.79645,2.40,4.00
2008.03.03 09:55:52.462,0.79594,0.79629,4.00,0.20
2008.03.03 09:55:52.651,0.79615,0.7965,0.80,0.40
2008.03.03 09:55:52.802,0.79592,0.79627,0.30,2.40
2008.03.03 09:55:52.966,0.79625,0.7965,1.60,0.20
2008.03.03 09:55:53.122,0.79589,0.79624,0.30,4.80
2008.03.03 09:55:53.260,0.79625,0.79645,1.60,3.80
2008.03.03 09:55:53.464,0.79588,0.79623,4.00,0.20
2008.03.03 09:55:53.538,0.7962,0.79645,0.30,3.80
2008.03.03 09:55:53.782,0.79587,0.79622,0.30,4.00
2008.03.03 09:55:53.793,0.79605,0.7965,0.50,0.20
2008.03.03 09:55:54.047,0.796,0.7965,2.40,0.20
2008.03.03 09:55:54.102,0.7959,0.79625,0.30,4.00
2008.03.03 09:55:54.302,0.796,0.7965,2.40,0.20
2008.03.03 09:55:54.555,0.7959,0.79625,0.30,0.20
2008.03.03 09:55:54.556,0.796,0.7965,2.40,0.20
2008.03.03 09:55:54.837,0.796,0.79645,2.40,4.00
2008.03.03 09:55:54.892,0.79594,0.79624,2.40,2.40
2008.03.03 09:55:55.116,0.796,0.79645,2.40,4.00
2008.03.03 09:55:55.227,0.79595,0.79625,0.30,0.20
2008.03.03 09:55:55.414,0.796,0.79645,2.40,4.00
2008.03.03 09:55:55.555,0.79594,0.79624,0.30,0.10
2008.03.03 09:55:55.693,0.796,0.79645,2.40,4.00
2008.03.03 09:55:55.881,0.79594,0.79624,0.30,4.00
2008.03.03 09:55:56.028,0.796,0.79645,2.40,3.80
2008.03.03 09:55:56.219,0.79594,0.79624,0.30,0.40
2008.03.03 09:55:56.421,0.796,0.79645,2.40,3.80
2008.03.03 09:55:56.537,0.79594,0.79624,0.30,2.50
2008.03.03 09:55:56.755,0.796,0.79645,2.40,3.80
2008.03.03 09:55:56.875,0.79593,0.79623,0.30,0.50
2008.03.03 09:55:56.993,0.796,0.79645,2.40,3.80
2008.03.03 09:55:57.185,0.79595,0.79625,0.30,4.00
2008.03.03 09:55:57.232,0.796,0.79645,2.40,4.00
2008.03.03 09:55:57.470,0.796,0.79645,2.40,4.00
2008.03.03 09:55:57.519,0.79595,0.7963,0.30,0.20
2008.03.03 09:55:57.751,0.796,0.79645,2.40,4.00
2008.03.03 09:55:57.960,0.79597,0.79632,0.30,2.50
2008.03.03 09:55:58.071,0.796,0.79645,2.40,4.00
2008.03.03 09:55:58.302,0.79598,0.79633,0.30,0.20
2008.03.03 09:55:58.391,0.796,0.79645,2.40,4.00
2008.03.03 09:55:58.522,0.79598,0.79633,0.30,0.20
2008.03.03 09:55:58.670,0.796,0.79645,2.40,9.60
2008.03.03 09:55:58.741,0.79595,0.7963,2.00,5.60
2008.03.03 09:55:58.924,0.79595,0.79635,2.40,3.80
2008.03.03 09:55:58.960,0.79591,0.79626,2.40,2.40
2008.03.03 09:55:59.180,0.79595,0.7964,2.40,0.20
2008.03.03 09:55:59.182,0.79588,0.79623,0.30,0.10
2008.03.03 09:55:59.433,0.79595,0.79645,2.40,4.00
2008.03.03 09:55:59.687,0.796,0.79635,2.40,3.80
2008.03.03 09:56:00.022,0.79595,0.79635,2.40,3.80
2008.03.03 09:56:00.232,0.79578,0.79603,0.30,0.20
2008.03.03 09:56:00.355,0.79595,0.79645,2.40,3.80
2008.03.03 09:56:00.496,0.79572,0.79602,15.40,2.50
2008.03.03 09:56:00.690,0.796,0.79645,2.40,4.00
2008.03.03 09:56:00.760,0.7957,0.796,0.30,0.20
2008.03.03 09:56:01.033,0.796,0.79645,2.40,4.00
2008.03.03 09:56:01.094,0.7957,0.796,0.60,0.20
2008.03.03 09:56:01.270,0.796,0.79645,2.40,4.00
2008.03.03 09:56:01.407,0.79571,0.79601,8.00,0.20
2008.03.03 09:56:01.592,0.796,0.79645,2.40,4.00
2008.03.03 09:56:01.747,0.79572,0.79602,2.40,2.40
2008.03.03 09:56:01.814,0.796,0.79645,2.40,4.00
2008.03.03 09:56:02.079,0.79572,0.79602,2.60,2.50
2008.03.03 09:56:02.268,0.796,0.79645,2.40,4.00
2008.03.03 09:56:02.404,0.79573,0.79603,2.40,2.40
2008.03.03 09:56:02.601,0.796,0.79645,2.40,4.00
2008.03.03 09:56:02.736,0.79576,0.79606,4.80,0.20
2008.03.03 09:56:03.031,0.796,0.79645,2.40,4.00
2008.03.03 09:56:03.078,0.79576,0.79606,2.60,2.70
2008.03.03 09:56:03.207,0.796,0.79645,2.40,4.10
2008.03.03 09:56:03.398,0.79577,0.79607,8.00,0.20
2008.03.03 09:56:03.451,0.796,0.79645,2.40,4.10
2008.03.03 09:56:03.624,0.79579,0.79609,0.10,0.20
2008.03.03 09:56:03.645,0.796,0.79635,2.40,4.00
2008.03.03 09:56:03.839,0.796,0.79635,2.40,4.00
2008.03.03 09:56:03.848,0.79576,0.79606,3.20,2.80
2008.03.03 09:56:04.168,0.79573,0.79603,0.30,0.20
2008.03.03 09:56:04.172,0.79595,0.79635,2.40,4.00
2008.03.03 09:56:04.506,0.79595,0.79635,2.40,4.00
2008.03.03 09:56:04.609,0.7957,0.796,0.30,4.00
2008.03.03 09:56:04.841,0.796,0.79645,2.40,4.10
2008.03.03 09:56:04.943,0.79568,0.79598,2.80,2.70
2008.03.03 09:56:05.175,0.796,0.79645,2.40,4.10
2008.03.03 09:56:05.276,0.79567,0.79597,4.00,0.20
2008.03.03 09:56:05.539,0.796,0.79645,2.40,4.10
2008.03.03 09:56:05.633,0.79567,0.79597,0.20,9.60
2008.03.03 09:56:05.873,0.796,0.79645,2.40,4.10
2008.03.03 09:56:05.908,0.79568,0.79598,0.30,0.20
2008.03.03 09:56:06.096,0.796,0.79645,2.40,4.10
2008.03.03 09:56:06.182,0.7957,0.796,4.00,0.20
2008.03.03 09:56:06.299,0.796,0.79645,2.40,0.20
2008.03.03 09:56:06.447,0.79572,0.79602,2.40,2.40
2008.03.03 09:56:06.504,0.796,0.7965,2.40,0.40
2008.03.03 09:56:06.606,0.7957,0.79605,2.40,0.20
2008.03.03 09:56:06.709,0.796,0.7965,2.40,0.40
2008.03.03 09:56:06.712,0.79573,0.79603,0.30,0.20
2008.03.03 09:56:06.931,0.796,0.7965,2.40,0.40
2008.03.03 09:56:07.040,0.79572,0.79602,0.30,0.20
2008.03.03 09:56:07.317,0.796,0.7965,2.40,0.40
2008.03.03 09:56:07.370,0.79572,0.79602,0.30,0.20
2008.03.03 09:56:07.700,0.7957,0.796,2.40,2.60
2008.03.03 09:56:07.741,0.796,0.7965,2.40,0.40
2008.03.03 09:56:08.022,0.7957,0.796,0.30,9.60
2008.03.03 09:56:08.078,0.796,0.7965,2.40,0.40
2008.03.03 09:56:08.309,0.796,0.7965,2.40,0.40
2008.03.03 09:56:08.351,0.7957,0.796,0.30,0.20
2008.03.03 09:56:08.525,0.796,0.7965,2.40,0.40
2008.03.03 09:56:08.675,0.7957,0.796,0.30,0.20
2008.03.03 09:56:08.855,0.796,0.7965,2.40,0.40
2008.03.03 09:56:08.906,0.7957,0.796,0.30,0.20
2008.03.03 09:56:09.073,0.796,0.7965,2.40,0.40
2008.03.03 09:56:09.225,0.79567,0.79597,0.30,0.20
2008.03.03 09:56:09.389,0.796,0.7965,2.40,0.40
2008.03.03 09:56:09.558,0.79566,0.79596,2.80,4.00
2008.03.03 09:56:09.728,0.796,0.7965,2.40,0.40
2008.03.03 09:56:09.893,0.79565,0.79595,4.00,0.20
2008.03.03 09:56:10.048,0.796,0.7965,2.40,0.40
2008.03.03 09:56:10.226,0.79565,0.79595,0.80,0.20
2008.03.03 09:56:10.389,0.796,0.7965,2.40,0.40
2008.03.03 09:56:10.500,0.79568,0.79598,2.40,2.40
2008.03.03 09:56:10.774,0.79569,0.79599,2.40,2.40
2008.03.03 09:56:10.836,0.796,0.7965,2.40,0.40
2008.03.03 09:56:11.048,0.79569,0.79599,4.00,2.50
2008.03.03 09:56:11.288,0.796,0.7965,2.40,0.40
2008.03.03 09:56:11.331,0.79568,0.79598,4.00,5.60
2008.03.03 09:56:11.597,0.796,0.7965,2.40,0.40
2008.03.03 09:56:11.633,0.79568,0.79598,0.30,4.00
2008.03.03 09:56:11.817,0.796,0.7965,2.40,0.40
2008.03.03 09:56:11.901,0.7957,0.796,0.30,0.20
2008.03.03 09:56:12.035,0.796,0.7965,2.40,0.40
2008.03.03 09:56:12.169,0.79572,0.79602,10.00,0.20
2008.03.03 09:56:12.252,0.796,0.7965,2.40,0.40
2008.03.03 09:56:12.441,0.7957,0.796,2.60,2.50
2008.03.03 09:56:12.545,0.796,0.7965,2.40,0.40
2008.03.03 09:56:12.754,0.79569,0.79599,4.40,0.20
2008.03.03 09:56:12.913,0.796,0.7965,2.40,0.40
2008.03.03 09:56:13.084,0.7957,0.796,0.30,4.30
2008.03.03 09:56:13.250,0.796,0.7965,2.40,0.40
2008.03.03 09:56:13.417,0.79573,0.79603,9.60,2.40
2008.03.03 09:56:13.590,0.796,0.7965,2.40,0.40
2008.03.03 09:56:13.743,0.79576,0.79606,0.30,0.20
2008.03.03 09:56:13.916,0.796,0.7965,2.40,0.40
2008.03.03 09:56:14.042,0.79579,0.79609,0.30,4.00
2008.03.03 09:56:14.229,0.796,0.7965,2.40,0.40
2008.03.03 09:56:14.400,0.7958,0.7961,2.40,2.40
2008.03.03 09:56:14.467,0.796,0.7965,2.40,0.40
2008.03.03 09:56:14.736,0.79578,0.79608,0.60,0.20
2008.03.03 09:56:14.777,0.796,0.7965,2.40,0.40
2008.03.03 09:56:15.014,0.796,0.7965,2.40,0.40
2008.03.03 09:56:15.176,0.79573,0.79603,0.30,4.00
2008.03.03 09:56:15.331,0.796,0.7965,2.40,0.40
2008.03.03 09:56:15.511,0.79571,0.79601,0.30,0.20
2008.03.03 09:56:15.665,0.796,0.7965,2.40,0.40
2008.03.03 09:56:15.920,0.7957,0.796,0.30,0.20
2008.03.03 09:56:16.000,0.796,0.7965,2.40,0.40
2008.03.03 09:56:16.265,0.79567,0.79597,0.30,3.20
2008.03.03 09:56:16.333,0.796,0.79615,2.40,4.00
2008.03.03 09:56:16.562,0.796,0.79615,2.40,4.00
2008.03.03 09:56:16.602,0.79566,0.79596,0.30,2.40
2008.03.03 09:56:16.792,0.796,0.79615,2.40,4.10
2008.03.03 09:56:16.922,0.79567,0.79597,1.80,2.50
2008.03.03 09:56:17.021,0.7957,0.79615,0.30,4.10
2008.03.03 09:56:17.265,0.79569,0.79599,2.40,2.40
2008.03.03 09:56:17.313,0.7957,0.79615,0.30,4.10
2008.03.03 09:56:17.553,0.7957,0.796,4.80,0.10
2008.03.03 09:56:17.611,0.7957,0.79615,0.30,4.10
2008.03.03 09:56:17.861,0.79572,0.79602,0.30,2.40
2008.03.03 09:56:17.967,0.7957,0.79615,0.30,4.10
2008.03.03 09:56:18.169,0.79571,0.79601,0.30,0.20
2008.03.03 09:56:18.265,0.7957,0.79615,0.30,4.10
2008.03.03 09:56:18.478,0.79569,0.79599,0.30,0.20
2008.03.03 09:56:18.632,0.7957,0.79615,0.30,4.10
2008.03.03 09:56:18.696,0.79568,0.79598,2.40,9.60
2008.03.03 09:56:18.917,0.79567,0.79597,1.10,0.20
2008.03.03 09:56:18.966,0.7957,0.79615,0.30,4.10
2008.03.03 09:56:19.136,0.79568,0.79598,0.30,5.90
2008.03.03 09:56:19.299,0.7957,0.79615,0.30,4.10
2008.03.03 09:56:19.580,0.79571,0.79601,9.60,0.20
2008.03.03 09:56:19.617,0.7957,0.79615,0.30,4.10
2008.03.03 09:56:19.951,0.7957,0.79615,0.30,4.10
2008.03.03 09:56:20.018,0.79572,0.79602,0.30,1.70
2008.03.03 09:56:20.275,0.7957,0.79615,0.30,4.10
2008.03.03 09:56:20.409,0.79572,0.79602,2.40,4.00
2008.03.03 09:56:20.607,0.7957,0.79615,0.30,4.10
2008.03.03 09:56:20.693,0.79571,0.79601,2.60,0.20
2008.03.03 09:56:20.971,0.79568,0.79598,2.60,9.60
2008.03.03 09:56:21.056,0.7957,0.79615,0.30,4.10
2008.03.03 09:56:21.249,0.79568,0.79598,0.30,0.20
2008.03.03 09:56:21.493,0.7957,0.79615,0.30,4.10
2008.03.03 09:56:21.528,0.79572,0.79597,0.30,0.20
2008.03.03 09:56:21.769,0.7957,0.796,2.40,2.50
2008.03.03 09:56:21.826,0.7957,0.79615,0.30,4.10
2008.03.03 09:56:22.061,0.7957,0.79615,0.30,4.10
2008.03.03 09:56:22.065,0.79572,0.79602,0.50,4.00
2008.03.03 09:56:22.294,0.79574,0.79604,2.40,0.20
2008.03.03 09:56:22.319,0.7957,0.79615,0.30,4.10
2008.03.03 09:56:22.628,0.79575,0.79605,0.30,0.40
2008.03.03 09:56:22.715,0.7957,0.79615,0.30,4.10
2008.03.03 09:56:22.963,0.79577,0.79602,0.60,0.20
2008.03.03 09:56:23.136,0.7957,0.79615,0.30,4.10
2008.03.03 09:56:23.297,0.79577,0.79602,8.00,0.40
2008.03.03 09:56:23.474,0.7957,0.79615,0.30,4.10
2008.03.03 09:56:23.630,0.79576,0.79601,4.00,0.20
2008.03.03 09:56:23.798,0.7957,0.79615,0.30,4.10
2008.03.03 09:56:23.944,0.79573,0.79598,2.60,2.50
2008.03.03 09:56:24.146,0.7957,0.79615,0.30,4.10
2008.03.03 09:56:24.180,0.7957,0.79595,0.30,0.40
2008.03.03 09:56:24.414,0.7957,0.79595,2.40,2.40
2008.03.03 09:56:24.461,0.7957,0.79615,0.30,4.10
2008.03.03 09:56:24.627,0.79567,0.79597,0.30,0.20
2008.03.03 09:56:24.799,0.7957,0.79615,0.30,4.10
2008.03.03 09:56:25.060,0.79564,0.79594,2.40,2.40
2008.03.03 09:56:25.135,0.7957,0.79615,0.30,4.10
2008.03.03 09:56:25.408,0.79564,0.79594,0.30,0.20
2008.03.03 09:56:25.447,0.7957,0.79615,0.30,4.10
2008.03.03 09:56:25.722,0.79564,0.79594,4.00,2.40
2008.03.03 09:56:25.783,0.79575,0.79615,2.40,4.10
2008.03.03 09:56:26.059,0.79564,0.79594,0.30,0.20
2008.03.03 09:56:26.117,0.79575,0.79615,2.40,4.10
2008.03.03 09:56:26.377,0.79565,0.79595,2.60,9.60
2008.03.03 09:56:26.452,0.7958,0.79605,0.30,4.00
2008.03.03 09:56:26.686,0.7958,0.79605,0.30,4.00
2008.03.03 09:56:26.695,0.79567,0.79597,0.30,4.00
2008.03.03 09:56:26.936,0.7958,0.79615,0.30,4.10
2008.03.03 09:56:27.058,0.79568,0.79598,0.30,4.00
2008.03.03 09:56:27.169,0.7958,0.79615,0.30,4.10
2008.03.03 09:56:27.385,0.7957,0.796,2.60,0.20
2008.03.03 09:56:27.403,0.7958,0.79615,0.30,4.10
2008.03.03 09:56:27.693,0.7958,0.79615,0.30,4.10
2008.03.03 09:56:27.806,0.79569,0.79599,0.30,4.00
2008.03.03 09:56:27.980,0.7958,0.79615,0.30,4.10
2008.03.03 09:56:28.147,0.79571,0.79601,4.00,0.20
2008.03.03 09:56:28.270,0.7958,0.79615,0.30,4.10
2008.03.03 09:56:28.485,0.79573,0.79603,2.80,2.40
2008.03.03 09:56:28.559,0.7958,0.79615,0.30,4.10
2008.03.03 09:56:28.703,0.79576,0.79606,0.10,0.20
2008.03.03 09:56:28.838,0.7958,0.79615,0.30,4.10
2008.03.03 09:56:28.924,0.79576,0.79606,0.30,0.20
2008.03.03 09:56:29.194,0.7958,0.79615,0.30,4.10
2008.03.03 09:56:29.217,0.79573,0.79603,0.50,0.20
2008.03.03 09:56:29.495,0.7958,0.79615,0.30,4.10
2008.03.03 09:56:29.681,0.79569,0.79599,0.30,0.20
2008.03.03 09:56:29.855,0.7958,0.79615,0.30,4.10
2008.03.03 09:56:30.128,0.79564,0.79594,0.30,0.20
2008.03.03 09:56:30.190,0.7958,0.79615,0.30,4.10
2008.03.03 09:56:30.521,0.7958,0.79615,0.30,4.10
2008.03.03 09:56:30.568,0.79561,0.79591,0.30,0.20
2008.03.03 09:56:30.902,0.79562,0.79592,0.30,0.20
2008.03.03 09:56:30.969,0.7958,0.79615,0.30,4.10
2008.03.03 09:56:31.236,0.79566,0.79596,0.30,0.20
2008.03.03 09:56:31.304,0.79575,0.79615,0.50,4.00
2008.03.03 09:56:31.562,0.7957,0.796,0.30,0.80
2008.03.03 09:56:31.637,0.79575,0.79615,0.50,4.00
2008.03.03 09:56:31.852,0.79575,0.79615,0.50,4.00
2008.03.03 09:56:31.888,0.79573,0.79603,0.60,0.20
2008.03.03 09:56:32.155,0.79575,0.79615,0.50,4.00
2008.03.03 09:56:32.211,0.79575,0.79605,8.00,0.20
2008.03.03 09:56:32.377,0.79575,0.79615,0.50,4.00
2008.03.03 09:56:32.547,0.79574,0.79604,0.30,0.20
2008.03.03 09:56:32.600,0.79575,0.79615,0.50,4.00
2008.03.03 09:56:32.874,0.79572,0.79602,0.30,0.20
2008.03.03 09:56:32.942,0.79575,0.79615,0.50,4.00
2008.03.03 09:56:33.210,0.7957,0.796,0.30,0.20
2008.03.03 09:56:33.371,0.79575,0.79615,0.50,4.00
2008.03.03 09:56:33.636,0.7957,0.796,2.40,2.40
2008.03.03 09:56:33.702,0.79575,0.79615,2.80,4.00
2008.03.03 09:56:33.926,0.79575,0.79615,3.00,4.10
2008.03.03 09:56:33.969,0.79568,0.79598,9.60,0.20
2008.03.03 09:56:34.150,0.79575,0.79615,2.60,4.10
2008.03.03 09:56:34.309,0.79569,0.79599,2.40,2.40
2008.03.03 09:56:34.374,0.7958,0.79615,0.30,4.10
2008.03.03 09:56:34.630,0.79568,0.79598,2.60,2.50
2008.03.03 09:56:34.718,0.7958,0.79615,0.30,4.10
2008.03.03 09:56:35.005,0.7958,0.79615,0.30,4.10
2008.03.03 09:56:35.074,0.79568,0.79598,0.30,0.20
2008.03.03 09:56:35.352,0.7958,0.79615,0.30,4.10
2008.03.03 09:56:35.516,0.79571,0.79601,4.80,0.20
2008.03.03 09:56:35.686,0.7958,0.79615,0.30,4.10
2008.03.03 09:56:35.847,0.79572,0.79602,0.30,1.90
2008.03.03 09:56:36.116,0.7958,0.79615,0.30,4.10
2008.03.03 09:56:36.123,0.79572,0.79602,0.30,0.50
2008.03.03 09:56:36.389,0.79572,0.79602,0.30,0.40
2008.03.03 09:56:36.573,0.7958,0.79615,0.30,4.10
2008.03.03 09:56:36.717,0.79572,0.79602,0.30,0.20
2008.03.03 09:56:36.899,0.7958,0.79615,0.30,4.10
2008.03.03 09:56:37.050,0.79571,0.79601,4.80,2.50
2008.03.03 09:56:37.218,0.7958,0.79615,0.30,4.10
2008.03.03 09:56:37.393,0.7957,0.796,4.00,0.40
2008.03.03 09:56:37.555,0.7958,0.79615,0.30,4.10
2008.03.03 09:56:37.711,0.79571,0.79601,0.30,4.00
2008.03.03 09:56:37.874,0.7958,0.79615,0.30,4.10
2008.03.03 09:56:38.039,0.79572,0.79602,0.30,4.00
2008.03.03 09:56:38.206,0.7958,0.79615,0.30,4.10
2008.03.03 09:56:38.376,0.7957,0.796,0.10,0.20
2008.03.03 09:56:38.546,0.7958,0.79615,0.30,4.10
2008.03.03 09:56:38.683,0.79568,0.79598,6.40,4.00
2008.03.03 09:56:38.809,0.7958,0.79605,0.30,4.00
2008.03.03 09:56:39.041,0.79567,0.79597,0.30,0.20
2008.03.03 09:56:39.079,0.7958,0.79605,0.30,4.00
2008.03.03 09:56:39.338,0.7958,0.79615,0.30,4.10
2008.03.03 09:56:39.363,0.79568,0.79598,0.60,4.00
2008.03.03 09:56:39.579,0.7958,0.79615,0.30,4.10
2008.03.03 09:56:39.699,0.7957,0.796,0.30,0.10
2008.03.03 09:56:39.913,0.7958,0.79615,0.30,4.10
2008.03.03 09:56:40.126,0.7957,0.796,0.60,0.20
2008.03.03 09:56:40.306,0.7958,0.79615,0.30,4.10
2008.03.03 09:56:40.582,0.79568,0.79598,0.30,9.60
2008.03.03 09:56:40.640,0.7958,0.79615,0.30,4.10
2008.03.03 09:56:40.912,0.79568,0.79598,4.00,0.20
2008.03.03 09:56:40.949,0.7958,0.79615,0.30,4.10
2008.03.03 09:56:41.227,0.79568,0.79598,2.80,2.50
2008.03.03 09:56:41.298,0.7958,0.79615,0.30,4.10
2008.03.03 09:56:41.562,0.79564,0.79594,9.60,4.00
2008.03.03 09:56:41.612,0.7958,0.79615,0.30,4.10
2008.03.03 09:56:41.893,0.79564,0.79594,4.00,0.20
2008.03.03 09:56:41.967,0.7958,0.79615,0.30,4.10
2008.03.03 09:56:42.234,0.79567,0.79597,4.00,0.20
2008.03.03 09:56:42.278,0.7958,0.79615,0.30,4.90
2008.03.03 09:56:42.545,0.79567,0.79597,0.30,0.40
2008.03.03 09:56:42.574,0.7958,0.79595,0.30,4.00
2008.03.03 09:56:42.868,0.7957,0.79595,0.60,4.00
2008.03.03 09:56:42.884,0.79566,0.79596,0.30,0.20
2008.03.03 09:56:43.142,0.7957,0.79595,0.60,4.00
2008.03.03 09:56:43.205,0.79564,0.79594,0.80,4.00
2008.03.03 09:56:43.416,0.7958,0.79605,0.30,4.00
2008.03.03 09:56:43.548,0.79564,0.79594,0.20,0.20
2008.03.03 09:56:43.690,0.7958,0.79605,0.30,4.00
2008.03.03 09:56:43.876,0.79566,0.79596,0.30,0.20
2008.03.03 09:56:43.945,0.7958,0.79605,0.30,4.00
2008.03.03 09:56:44.198,0.7958,0.79605,0.30,4.00
2008.03.03 09:56:44.200,0.79568,0.79598,9.60,0.20
2008.03.03 09:56:44.451,0.7958,0.79605,0.30,4.00
2008.03.03 09:56:44.521,0.79567,0.79597,0.60,0.20
2008.03.03 09:56:44.704,0.7958,0.79605,0.30,4.00
2008.03.03 09:56:44.745,0.79567,0.79597,2.60,2.50
2008.03.03 09:56:45.039,0.7958,0.79605,0.30,4.00
2008.03.03 09:56:45.061,0.79566,0.79601,2.60,2.50
2008.03.03 09:56:45.193,0.79569,0.79599,0.30,0.20
2008.03.03 09:56:45.462,0.7958,0.79605,0.30,4.00
2008.03.03 09:56:45.570,0.79568,0.79598,1.00,0.20
2008.03.03 09:56:45.798,0.7958,0.79605,0.30,4.00
2008.03.03 09:56:45.903,0.79571,0.79601,1.80,0.20
2008.03.03 09:56:46.043,0.7958,0.79605,0.30,4.00
2008.03.03 09:56:46.192,0.79573,0.79598,0.30,0.60
2008.03.03 09:56:46.341,0.7958,0.79605,0.30,4.00
2008.03.03 09:56:46.515,0.79572,0.79597,0.30,2.40
2008.03.03 09:56:46.673,0.7958,0.79605,0.30,4.00
2008.03.03 09:56:46.821,0.7957,0.79595,0.60,0.20
2008.03.03 09:56:47.014,0.7958,0.79605,0.30,4.00
2008.03.03 09:56:47.066,0.79567,0.79597,0.30,0.20
2008.03.03 09:56:47.334,0.7958,0.79605,0.30,4.00
2008.03.03 09:56:47.396,0.79567,0.79597,0.30,4.10
2008.03.03 09:56:47.666,0.7958,0.79605,0.30,4.00
2008.03.03 09:56:47.729,0.79567,0.79597,7.20,0.20
2008.03.03 09:56:47.974,0.79567,0.79597,4.00,0.20
2008.03.03 09:56:47.998,0.7958,0.79605,0.30,4.00
2008.03.03 09:56:48.273,0.79565,0.79595,2.40,0.20
2008.03.03 09:56:48.324,0.7958,0.79605,0.30,4.00
2008.03.03 09:56:48.592,0.7958,0.79605,0.30,4.00
2008.03.03 09:56:48.609,0.79563,0.79593,0.30,0.20
2008.03.03 09:56:48.871,0.7958,0.79605,0.30,4.00
2008.03.03 09:56:48.926,0.79561,0.79591,0.80,0.20
2008.03.03 09:56:49.143,0.79562,0.79592,0.30,0.20
2008.03.03 09:56:49.214,0.7958,0.79605,0.30,4.00
2008.03.03 09:56:49.443,0.79564,0.79594,0.30,0.20
2008.03.03 09:56:49.546,0.7958,0.79605,0.30,4.00
2008.03.03 09:56:49.686,0.79567,0.79597,0.30,0.20
2008.03.03 09:56:49.859,0.7958,0.79605,0.30,4.00
2008.03.03 09:56:49.994,0.79569,0.79599,2.40,2.40
2008.03.03 09:56:50.197,0.7958,0.79605,0.30,4.00
2008.03.03 09:56:50.328,0.7957,0.796,0.30,0.90
2008.03.03 09:56:50.635,0.7958,0.79605,0.30,4.00
2008.03.03 09:56:50.663,0.79569,0.79604,0.30,0.20
2008.03.03 09:56:50.969,0.7958,0.79605,0.30,4.00
2008.03.03 09:56:50.997,0.7957,0.79605,4.80,6.40
2008.03.03 09:56:51.299,0.7958,0.79605,0.30,4.00
2008.03.03 09:56:51.302,0.79561,0.79611,0.30,4.00
2008.03.03 09:56:51.605,0.79557,0.79612,0.30,0.90
2008.03.03 09:56:51.645,0.7958,0.79605,0.30,4.00
2008.03.03 09:56:51.909,0.79557,0.79612,5.60,2.40
2008.03.03 09:56:51.959,0.7958,0.79605,0.30,4.00
2008.03.03 09:56:52.134,0.79556,0.79611,4.00,0.20
2008.03.03 09:56:52.289,0.7958,0.79605,0.30,4.00
2008.03.03 09:56:52.444,0.79555,0.79615,0.30,0.20
2008.03.03 09:56:52.619,0.7958,0.79605,0.30,4.00
2008.03.03 09:56:52.773,0.79555,0.79615,4.80,0.20
2008.03.03 09:56:52.948,0.7958,0.79605,0.30,4.00
2008.03.03 09:56:52.997,0.79555,0.79615,4.00,0.20
2008.03.03 09:56:53.274,0.7958,0.79605,0.30,4.00
2008.03.03 09:56:53.345,0.79555,0.79615,0.30,9.60
2008.03.03 09:56:53.600,0.7958,0.79605,0.30,4.00
2008.03.03 09:56:53.662,0.79555,0.79615,9.60,1.70
2008.03.03 09:56:53.946,0.7958,0.79605,0.30,4.00
2008.03.03 09:56:53.981,0.79555,0.79615,0.80,0.20
2008.03.03 09:56:54.196,0.79558,0.79613,2.40,2.40
2008.03.03 09:56:54.268,0.7958,0.79605,0.30,4.00
2008.03.03 09:56:54.429,0.79557,0.79612,0.30,0.20
2008.03.03 09:56:54.555,0.7958,0.79605,0.30,4.00
2008.03.03 09:56:54.654,0.79559,0.79609,6.40,0.20
2008.03.03 09:56:54.917,0.7958,0.79605,0.30,4.00
2008.03.03 09:56:54.945,0.79559,0.79609,0.30,0.20
2008.03.03 09:56:55.257,0.79557,0.79607,0.30,0.20
2008.03.03 09:56:55.261,0.7958,0.79605,0.30,4.00
2008.03.03 09:56:55.613,0.79561,0.79601,0.50,0.20
2008.03.03 09:56:55.696,0.7958,0.79605,0.30,4.00
2008.03.03 09:56:55.958,0.79561,0.79601,9.60,10.80
2008.03.03 09:56:56.126,0.7958,0.79605,0.30,4.00
2008.03.03 09:56:56.187,0.79565,0.796,0.30,0.20
2008.03.03 09:56:56.364,0.7958,0.79605,0.30,4.00
2008.03.03 09:56:56.420,0.79567,0.79602,4.40,4.00
2008.03.03 09:56:56.586,0.7958,0.79605,0.30,4.00
2008.03.03 09:56:56.649,0.79565,0.79605,1.80,0.50
2008.03.03 09:56:56.825,0.7958,0.79605,0.30,4.00
2008.03.03 09:56:56.878,0.79565,0.79605,0.30,4.00
2008.03.03 09:56:57.106,0.79563,0.79608,0.30,0.20
2008.03.03 09:56:57.124,0.7958,0.79605,0.30,4.00
2008.03.03 09:56:57.458,0.79566,0.79606,2.40,0.20
2008.03.03 09:56:57.560,0.7958,0.79605,0.30,4.00
2008.03.03 09:56:57.807,0.79572,0.79602,0.30,0.20
2008.03.03 09:56:57.902,0.7958,0.79605,0.30,4.00
2008.03.03 09:56:58.143,0.79572,0.79602,0.30,0.40
2008.03.03 09:56:58.224,0.7958,0.79605,0.30,4.00
2008.03.03 09:56:58.379,0.79573,0.79603,0.60,0.20
2008.03.03 09:56:58.561,0.7958,0.79605,0.30,4.00
2008.03.03 09:56:58.600,0.79575,0.79605,0.30,0.20
2008.03.03 09:56:58.818,0.79575,0.79605,2.40,4.00
2008.03.03 09:56:58.880,0.7958,0.79605,0.30,4.00
2008.03.03 09:56:59.154,0.79578,0.79603,0.30,4.00
2008.03.03 09:56:59.207,0.7958,0.79605,0.30,4.00
2008.03.03 09:56:59.496,0.7959,0.79615,0.30,4.00
2008.03.03 09:56:59.784,0.7959,0.79615,0.30,4.00
2008.03.03 09:57:00.072,0.7959,0.79615,0.30,4.00
2008.03.03 09:57:00.407,0.79585,0.79615,0.50,4.00
2008.03.03 09:57:00.741,0.79575,0.79615,0.50,4.00
2008.03.03 09:57:01.076,0.7957,0.79615,0.30,4.00
2008.03.03 09:57:01.210,0.79572,0.79607,0.30,0.20
2008.03.03 09:57:01.301,0.7957,0.79615,0.30,4.00
2008.03.03 09:57:01.515,0.79585,0.79615,0.50,4.00
2008.03.03 09:57:01.543,0.79571,0.79606,0.30,0.20
2008.03.03 09:57:01.766,0.79585,0.79615,0.50,4.00
2008.03.03 09:57:01.878,0.79575,0.796,0.60,4.00
2008.03.03 09:57:02.077,0.79585,0.79615,0.50,4.00
2008.03.03 09:57:02.202,0.79572,0.79597,4.00,0.40
2008.03.03 09:57:02.400,0.79585,0.79615,0.50,4.00
2008.03.03 09:57:02.521,0.79569,0.79594,0.30,4.00
2008.03.03 09:57:02.735,0.79585,0.79615,0.50,4.00
2008.03.03 09:57:02.885,0.79566,0.79591,0.30,2.50
2008.03.03 09:57:03.022,0.79575,0.79615,0.60,4.10
2008.03.03 09:57:03.180,0.79567,0.79592,2.40,2.40
2008.03.03 09:57:03.267,0.7958,0.79615,0.30,4.10
2008.03.03 09:57:03.411,0.79568,0.79593,0.80,0.20
2008.03.03 09:57:03.616,0.7958,0.79615,0.30,4.10
2008.03.03 09:57:03.640,0.79569,0.79594,0.30,2.40
2008.03.03 09:57:03.859,0.7958,0.79615,0.30,4.10
2008.03.03 09:57:03.957,0.79568,0.79593,0.30,0.20
2008.03.03 09:57:04.102,0.7958,0.79615,0.30,4.10
2008.03.03 09:57:04.393,0.79567,0.79592,2.40,2.40
2008.03.03 09:57:04.400,0.7958,0.79615,0.30,4.10
2008.03.03 09:57:04.710,0.7958,0.79615,0.30,4.10
2008.03.03 09:57:04.825,0.79567,0.79592,2.40,0.20
2008.03.03 09:57:05.041,0.7958,0.79615,0.30,4.10
2008.03.03 09:57:05.057,0.79568,0.79593,0.30,4.10
2008.03.03 09:57:05.278,0.79569,0.79594,0.70,0.50
2008.03.03 09:57:05.379,0.7958,0.79615,0.30,4.10
2008.03.03 09:57:05.506,0.7957,0.79595,0.30,0.20
2008.03.03 09:57:05.713,0.7958,0.79615,0.30,4.10
2008.03.03 09:57:05.724,0.79569,0.79594,2.60,0.20
2008.03.03 09:57:06.034,0.79568,0.79593,4.00,0.20
2008.03.03 09:57:06.045,0.7958,0.79615,0.30,4.10
2008.03.03 09:57:06.365,0.7958,0.79615,0.30,4.10
2008.03.03 09:57:06.484,0.79569,0.79594,0.10,0.20
2008.03.03 09:57:06.582,0.7958,0.79615,0.30,4.10
2008.03.03 09:57:06.810,0.7958,0.79615,0.30,4.10
2008.03.03 09:57:06.822,0.79569,0.79594,0.40,0.20
2008.03.03 09:57:07.136,0.7958,0.79615,0.30,4.10
2008.03.03 09:57:07.153,0.79567,0.79592,5.60,4.00
2008.03.03 09:57:07.453,0.7958,0.79615,0.30,4.10
2008.03.03 09:57:07.468,0.79567,0.79592,0.80,0.20
2008.03.03 09:57:07.782,0.79567,0.79592,2.40,2.40
2008.03.03 09:57:07.786,0.7958,0.79615,0.30,4.10
2008.03.03 09:57:08.133,0.7958,0.79615,0.30,4.10
2008.03.03 09:57:08.134,0.79568,0.79593,0.30,0.40
2008.03.03 09:57:08.457,0.7958,0.79615,0.30,4.10
2008.03.03 09:57:08.463,0.79569,0.79594,0.30,0.20
2008.03.03 09:57:08.793,0.79567,0.79592,0.30,4.00
2008.03.03 09:57:09.113,0.7958,0.79615,0.30,4.10
2008.03.03 09:57:09.134,0.79567,0.79592,4.00,0.20
2008.03.03 09:57:09.453,0.7958,0.79615,0.30,4.10
2008.03.03 09:57:09.462,0.79565,0.7959,4.00,0.20
2008.03.03 09:57:09.766,0.7958,0.79615,0.30,4.10
2008.03.03 09:57:09.770,0.79567,0.79592,2.40,0.20
2008.03.03 09:57:10.108,0.7958,0.79615,0.30,4.10
2008.03.03 09:57:10.111,0.7957,0.79595,0.30,0.20
2008.03.03 09:57:10.347,0.7957,0.79595,0.30,0.20
2008.03.03 09:57:10.435,0.7958,0.79615,0.30,4.10
2008.03.03 09:57:10.659,0.79573,0.79598,0.30,0.20
2008.03.03 09:57:10.871,0.7958,0.79615,0.30,4.10
2008.03.03 09:57:10.991,0.79574,0.79599,0.60,0.20
2008.03.03 09:57:11.306,0.7958,0.79615,0.30,4.10
2008.03.03 09:57:11.325,0.79575,0.796,4.80,0.10
2008.03.03 09:57:11.537,0.7958,0.79615,0.30,4.10
2008.03.03 09:57:11.668,0.79577,0.79602,0.30,2.40
2008.03.03 09:57:11.758,0.7958,0.79615,0.30,4.10
2008.03.03 09:57:12.087,0.7958,0.79615,0.30,4.10
2008.03.03 09:57:12.094,0.79575,0.796,0.30,0.20
2008.03.03 09:57:12.318,0.7958,0.79615,0.30,4.10
2008.03.03 09:57:12.429,0.79572,0.79597,4.00,0.20
2008.03.03 09:57:12.647,0.7958,0.79615,0.30,4.10
2008.03.03 09:57:12.790,0.79568,0.79593,0.30,4.00
2008.03.03 09:57:12.960,0.7958,0.79615,0.30,4.10
2008.03.03 09:57:13.054,0.79566,0.79591,0.30,6.50
2008.03.03 09:57:13.291,0.7958,0.79615,0.30,4.10
2008.03.03 09:57:13.424,0.79565,0.7959,0.60,0.20
2008.03.03 09:57:13.634,0.7958,0.79615,0.30,4.10
2008.03.03 09:57:13.757,0.79567,0.79592,0.30,4.00
2008.03.03 09:57:13.958,0.7958,0.79615,0.30,4.10
2008.03.03 09:57:14.072,0.79568,0.79593,4.00,0.40
2008.03.03 09:57:14.297,0.7958,0.79615,0.30,4.10
2008.03.03 09:57:14.400,0.7957,0.79595,0.30,8.00
2008.03.03 09:57:14.583,0.7958,0.79615,0.30,4.10
2008.03.03 09:57:14.732,0.7957,0.79595,2.80,2.40
2008.03.03 09:57:14.842,0.7958,0.79615,0.30,4.10
2008.03.03 09:57:15.068,0.79572,0.79597,0.30,4.00
2008.03.03 09:57:15.163,0.7958,0.79615,0.30,4.10
2008.03.03 09:57:15.371,0.7957,0.79595,0.30,0.20
2008.03.03 09:57:15.506,0.7958,0.79615,0.30,4.10
2008.03.03 09:57:15.613,0.79569,0.79594,2.40,2.40
2008.03.03 09:57:15.934,0.7958,0.79615,0.30,4.10
2008.03.03 09:57:15.937,0.7957,0.79595,4.00,0.20
2008.03.03 09:57:16.381,0.7958,0.79615,0.30,4.10
2008.03.03 09:57:16.386,0.79572,0.79597,0.30,4.00
2008.03.03 09:57:16.585,0.7958,0.79615,0.30,4.10
2008.03.03 09:57:16.833,0.7957,0.79595,0.80,0.20
2008.03.03 09:57:16.835,0.7958,0.79615,0.30,4.10
2008.03.03 09:57:17.156,0.7958,0.79615,0.30,4.10
2008.03.03 09:57:17.167,0.79567,0.79592,2.60,2.50
2008.03.03 09:57:17.474,0.7958,0.79615,0.30,4.10
2008.03.03 09:57:17.487,0.79567,0.79592,0.30,2.40
2008.03.03 09:57:17.803,0.7958,0.79615,0.30,4.10
2008.03.03 09:57:17.813,0.79565,0.7959,0.30,0.20
2008.03.03 09:57:18.132,0.7958,0.79615,0.30,4.10
2008.03.03 09:57:18.142,0.79568,0.79593,0.50,0.20
2008.03.03 09:57:18.456,0.7958,0.79615,0.30,4.10
2008.03.03 09:57:18.486,0.7957,0.79595,0.60,0.20
2008.03.03 09:57:18.689,0.7958,0.79615,0.30,4.10
2008.03.03 09:57:18.778,0.79572,0.79597,0.30,0.20
2008.03.03 09:57:19.013,0.7958,0.79615,0.30,4.10
2008.03.03 09:57:19.016,0.7957,0.79595,0.80,0.20
2008.03.03 09:57:19.367,0.7958,0.79615,0.30,4.10
2008.03.03 09:57:19.378,0.79572,0.79597,2.40,2.40
2008.03.03 09:57:19.606,0.7958,0.79615,0.30,4.10
2008.03.03 09:57:19.686,0.79572,0.79597,0.30,0.50
2008.03.03 09:57:20.007,0.7958,0.79615,0.30,4.10
2008.03.03 09:57:20.024,0.7957,0.79595,0.60,0.20
2008.03.03 09:57:20.331,0.7958,0.79605,0.30,4.00
2008.03.03 09:57:20.337,0.79567,0.79592,0.30,0.20
2008.03.03 09:57:20.569,0.79568,0.79593,0.30,0.20
2008.03.03 09:57:20.655,0.7958,0.79605,0.30,4.00
2008.03.03 09:57:20.821,0.79569,0.79594,0.60,0.40
2008.03.03 09:57:20.983,0.7958,0.79605,0.30,4.00
2008.03.03 09:57:21.088,0.79572,0.79597,9.60,0.20
2008.03.03 09:57:21.199,0.79571,0.79601,4.00,0.20
2008.03.03 09:57:21.312,0.79585,0.79605,0.50,4.00
2008.03.03 09:57:21.552,0.79575,0.796,4.00,0.20
2008.03.03 09:57:21.641,0.79585,0.79605,0.50,4.00
2008.03.03 09:57:21.867,0.79585,0.79605,0.50,4.00
2008.03.03 09:57:21.982,0.79572,0.79597,0.30,0.40
2008.03.03 09:57:22.101,0.79585,0.79605,0.50,4.00
2008.03.03 09:57:22.299,0.79571,0.79596,4.00,0.20
2008.03.03 09:57:22.311,0.79585,0.79605,0.50,4.00
2008.03.03 09:57:22.524,0.79585,0.79605,0.50,4.00
2008.03.03 09:57:22.664,0.79569,0.79594,6.40,0.20
2008.03.03 09:57:22.863,0.79585,0.79605,0.50,4.00
2008.03.03 09:57:22.986,0.79568,0.79593,4.20,0.50
2008.03.03 09:57:23.297,0.79585,0.79605,0.50,4.00
2008.03.03 09:57:23.325,0.7957,0.79595,0.30,0.20
2008.03.03 09:57:23.627,0.79571,0.79596,0.30,0.20
2008.03.03 09:57:23.754,0.79585,0.79605,0.50,4.00
2008.03.03 09:57:23.970,0.79571,0.79596,0.60,2.50
2008.03.03 09:57:24.080,0.79585,0.79605,0.50,4.00
2008.03.03 09:57:24.310,0.79569,0.79594,0.30,2.50
2008.03.03 09:57:24.400,0.79585,0.79605,0.50,4.00
2008.03.03 09:57:24.642,0.79566,0.79591,0.30,4.00
2008.03.03 09:57:24.737,0.79585,0.79605,0.50,4.00
2008.03.03 09:57:24.972,0.79565,0.7959,4.80,0.20
2008.03.03 09:57:25.160,0.79585,0.79605,0.50,4.00
2008.03.03 09:57:25.304,0.79565,0.7959,0.30,2.50
2008.03.03 09:57:25.508,0.79585,0.79605,0.50,4.00
2008.03.03 09:57:25.624,0.79567,0.79592,0.30,2.50
2008.03.03 09:57:25.954,0.7957,0.79595,0.30,0.20
2008.03.03 09:57:25.959,0.79585,0.79605,0.50,4.00
2008.03.03 09:57:26.285,0.79573,0.79598,0.30,0.20
2008.03.03 09:57:26.383,0.79585,0.79605,0.50,4.00
2008.03.03 09:57:26.710,0.79571,0.79596,4.00,0.20
2008.03.03 09:57:26.716,0.79585,0.79605,0.50,4.00
2008.03.03 09:57:27.042,0.79585,0.79605,0.50,4.00
2008.03.03 09:57:27.166,0.79568,0.79593,0.30,0.20
2008.03.03 09:57:27.255,0.79585,0.79605,0.50,4.00
2008.03.03 09:57:27.464,0.79585,0.79605,0.50,4.00
2008.03.03 09:57:27.491,0.79565,0.7959,0.30,0.20
2008.03.03 09:57:27.672,0.79585,0.79605,0.50,4.00
2008.03.03 09:57:27.825,0.79565,0.7959,4.00,0.20
2008.03.03 09:57:28.030,0.79585,0.79605,0.50,4.00
2008.03.03 09:57:28.141,0.79565,0.7959,0.30,8.00
2008.03.03 09:57:28.364,0.79585,0.79605,0.50,4.00
2008.03.03 09:57:28.385,0.79566,0.79591,8.20,2.50
2008.03.03 09:57:28.706,0.79566,0.79591,0.10,0.20
2008.03.03 09:57:28.764,0.79585,0.79605,0.50,4.00
2008.03.03 09:57:28.989,0.79585,0.79605,0.50,4.00
2008.03.03 09:57:29.035,0.79567,0.79592,0.30,0.20
2008.03.03 09:57:29.137,0.79563,0.79593,0.60,0.20
2008.03.03 09:57:29.212,0.79585,0.79605,0.50,4.00
2008.03.03 09:57:29.375,0.79563,0.79588,0.30,2.40
2008.03.03 09:57:29.460,0.79585,0.79605,0.50,4.00
2008.03.03 09:57:29.683,0.79585,0.79605,0.50,4.00
2008.03.03 09:57:29.690,0.79563,0.79588,6.40,0.20
2008.03.03 09:57:30.025,0.79565,0.7959,0.30,0.20
2008.03.03 09:57:30.110,0.79585,0.79605,0.50,4.00
2008.03.03 09:57:30.344,0.79567,0.79592,4.00,0.20
2008.03.03 09:57:30.557,0.79585,0.79605,0.50,4.00
2008.03.03 09:57:30.685,0.79571,0.79596,2.60,2.50
2008.03.03 09:57:30.995,0.79585,0.79605,0.50,4.00
2008.03.03 09:57:31.013,0.79573,0.79598,2.10,0.20
2008.03.03 09:57:31.221,0.79585,0.79605,0.50,4.00
2008.03.03 09:57:31.343,0.79573,0.79598,0.30,2.40
2008.03.03 09:57:31.435,0.79585,0.79605,0.50,4.00
2008.03.03 09:57:31.649,0.79585,0.79605,0.50,4.00
2008.03.03 09:57:31.678,0.79572,0.79597,2.80,2.40
2008.03.03 09:57:31.870,0.79585,0.79605,0.50,4.00
2008.03.03 09:57:32.030,0.79571,0.79596,0.50,0.20
2008.03.03 09:57:32.312,0.79585,0.79605,0.50,4.00
2008.03.03 09:57:32.364,0.79572,0.79597,0.30,0.20
2008.03.03 09:57:32.646,0.79585,0.79605,0.50,4.00
2008.03.03 09:57:32.672,0.7957,0.79595,0.30,4.00
2008.03.03 09:57:32.996,0.7957,0.79595,9.60,0.20
2008.03.03 09:57:33.097,0.79585,0.79605,0.50,4.00
2008.03.03 09:57:33.314,0.7957,0.79595,0.30,0.20
2008.03.03 09:57:33.431,0.79585,0.79605,0.50,4.00
2008.03.03 09:57:33.609,0.7957,0.79595,14.40,0.70
2008.03.03 09:57:33.760,0.79585,0.79605,0.50,4.00
2008.03.03 09:57:33.858,0.7957,0.79595,0.30,0.20
2008.03.03 09:57:34.089,0.79585,0.79605,0.50,4.00
2008.03.03 09:57:34.114,0.79568,0.79593,2.60,2.50
2008.03.03 09:57:34.365,0.7957,0.7959,0.30,0.90
2008.03.03 09:57:34.419,0.79585,0.79605,0.50,4.00
2008.03.03 09:57:34.739,0.79585,0.79605,0.50,4.00
2008.03.03 09:57:34.749,0.79564,0.79599,0.30,0.20
2008.03.03 09:57:35.065,0.79565,0.796,4.00,0.20
2008.03.03 09:57:35.167,0.79585,0.79605,0.50,4.00
2008.03.03 09:57:35.408,0.79567,0.79602,4.00,2.40
2008.03.03 09:57:35.505,0.79585,0.79605,0.50,4.00
2008.03.03 09:57:35.739,0.79567,0.79602,0.30,4.00
2008.03.03 09:57:35.846,0.79585,0.79605,0.50,4.00
2008.03.03 09:57:35.978,0.79566,0.79601,4.00,0.50
2008.03.03 09:57:36.178,0.79585,0.79605,0.50,4.00
2008.03.03 09:57:36.217,0.79564,0.79604,6.40,0.40
2008.03.03 09:57:36.457,0.79552,0.79612,2.80,2.70
2008.03.03 09:57:36.497,0.79585,0.79605,0.50,4.00
2008.03.03 09:57:36.720,0.79585,0.79605,0.50,4.00
2008.03.03 09:57:36.790,0.79551,0.79611,0.30,0.20
2008.03.03 09:57:37.053,0.79585,0.79605,0.50,4.00
2008.03.03 09:57:37.165,0.79551,0.79611,0.70,4.00
2008.03.03 09:57:37.496,0.79585,0.79605,0.50,4.00
2008.03.03 09:57:37.507,0.79551,0.79611,2.80,2.70
2008.03.03 09:57:37.932,0.79585,0.79605,0.50,4.00
2008.03.03 09:57:37.939,0.79551,0.79611,0.10,0.20
2008.03.03 09:57:38.248,0.79585,0.79605,0.50,4.00
2008.03.03 09:57:38.380,0.79551,0.79611,15.00,2.50
2008.03.03 09:57:38.603,0.79585,0.79605,0.50,4.00
2008.03.03 09:57:38.714,0.79551,0.79611,0.30,0.20
2008.03.03 09:57:38.938,0.79585,0.79605,0.50,4.00
2008.03.03 09:57:39.033,0.79551,0.79611,0.30,0.20
2008.03.03 09:57:39.242,0.79585,0.79605,0.50,4.00
2008.03.03 09:57:39.265,0.79551,0.79611,0.30,0.70
2008.03.03 09:57:39.560,0.79551,0.79611,0.30,0.20
2008.03.03 09:57:39.586,0.79585,0.79605,0.50,4.00
2008.03.03 09:57:39.855,0.79585,0.79605,0.50,4.00
2008.03.03 09:57:39.894,0.79553,0.79609,0.30,4.00
2008.03.03 09:57:40.206,0.79585,0.79605,0.50,4.00
2008.03.03 09:57:40.228,0.79556,0.79606,0.30,0.20
2008.03.03 09:57:40.560,0.79585,0.79605,0.50,4.00
2008.03.03 09:57:40.584,0.79555,0.79605,0.30,4.10
2008.03.03 09:57:40.827,0.79556,0.79601,0.30,0.20
2008.03.03 09:57:40.997,0.79585,0.79605,0.50,4.00
2008.03.03 09:57:41.070,0.79562,0.79592,0.30,4.00
2008.03.03 09:57:41.313,0.7956,0.7959,4.20,5.60
2008.03.03 09:57:41.344,0.79585,0.79605,0.50,4.00
2008.03.03 09:57:41.553,0.79561,0.79591,2.60,2.40
2008.03.03 09:57:41.664,0.79585,0.79605,0.50,4.00
2008.03.03 09:57:41.888,0.79563,0.79593,4.00,0.20
2008.03.03 09:57:42.027,0.79585,0.79605,0.50,4.00
2008.03.03 09:57:42.222,0.79563,0.79593,0.30,0.20
2008.03.03 09:57:42.332,0.79585,0.79605,0.50,4.00
2008.03.03 09:57:42.569,0.79564,0.79594,0.30,4.00
2008.03.03 09:57:42.651,0.79585,0.79605,0.50,4.00
2008.03.03 09:57:42.838,0.79568,0.79593,0.30,0.20
2008.03.03 09:57:42.988,0.79585,0.79605,0.50,4.00
2008.03.03 09:57:43.096,0.79566,0.79596,0.30,0.20
2008.03.03 09:57:43.310,0.79585,0.79605,0.50,4.00
2008.03.03 09:57:43.438,0.79567,0.79597,7.20,0.20
2008.03.03 09:57:43.648,0.79585,0.79605,0.50,4.00
2008.03.03 09:57:43.700,0.79568,0.79598,0.30,0.40
2008.03.03 09:57:43.984,0.79585,0.79605,0.50,4.00
2008.03.03 09:57:43.995,0.79568,0.79598,4.00,0.20
2008.03.03 09:57:44.303,0.79585,0.79605,0.50,4.00
2008.03.03 09:57:44.322,0.79567,0.79597,4.00,0.40
2008.03.03 09:57:44.634,0.79585,0.79605,0.50,4.00
2008.03.03 09:57:44.642,0.79568,0.79598,0.30,2.40
2008.03.03 09:57:44.955,0.79585,0.79605,0.50,4.00
2008.03.03 09:57:44.978,0.79568,0.79598,2.40,2.40
2008.03.03 09:57:45.104,0.79567,0.79597,4.00,0.20
2008.03.03 09:57:45.315,0.79567,0.79597,0.30,2.40
2008.03.03 09:57:45.400,0.79585,0.79605,0.50,4.00
2008.03.03 09:57:45.630,0.79565,0.79595,0.30,9.60
2008.03.03 09:57:45.756,0.79585,0.79605,0.50,4.00
2008.03.03 09:57:45.864,0.79564,0.79594,0.30,0.20
2008.03.03 09:57:46.171,0.79563,0.79593,2.60,2.40
2008.03.03 09:57:46.182,0.79585,0.79605,0.50,4.00
2008.03.03 09:57:46.391,0.79585,0.79605,0.50,4.00
2008.03.03 09:57:46.405,0.79567,0.79592,0.10,0.20
2008.03.03 09:57:46.641,0.79585,0.79605,0.50,4.00
2008.03.03 09:57:46.650,0.79567,0.79592,0.30,5.60
2008.03.03 09:57:46.956,0.79585,0.79605,0.50,4.00
2008.03.03 09:57:46.983,0.79568,0.79593,0.30,0.20
2008.03.03 09:57:47.281,0.79585,0.79605,0.50,4.00
2008.03.03 09:57:47.318,0.79562,0.79602,0.30,0.90
2008.03.03 09:57:47.595,0.79585,0.79605,0.50,4.00
2008.03.03 09:57:47.651,0.79563,0.79598,0.30,0.20
2008.03.03 09:57:47.916,0.79563,0.79598,0.30,4.80
2008.03.03 09:57:47.929,0.79585,0.79605,0.50,4.00
2008.03.03 09:57:48.180,0.7955,0.7961,6.40,0.20
2008.03.03 09:57:48.244,0.7959,0.79605,0.30,4.00
2008.03.03 09:57:48.487,0.7959,0.79605,0.30,4.00
2008.03.03 09:57:48.532,0.79551,0.79611,0.80,0.20
2008.03.03 09:57:48.796,0.79551,0.79611,0.30,4.40
2008.03.03 09:57:48.808,0.7959,0.79605,0.30,4.00
2008.03.03 09:57:49.048,0.7957,0.79585,0.30,4.00
2008.03.03 09:57:49.050,0.79551,0.79611,0.30,0.20
2008.03.03 09:57:49.332,0.7957,0.79585,0.60,4.00
2008.03.03 09:57:49.379,0.79551,0.79611,0.60,0.20
2008.03.03 09:57:49.617,0.7957,0.79605,0.30,4.10
2008.03.03 09:57:49.725,0.79551,0.79611,0.30,4.00
2008.03.03 09:57:49.900,0.7957,0.79605,0.30,4.10
2008.03.03 09:57:50.045,0.79551,0.79611,0.30,0.20
2008.03.03 09:57:50.184,0.7958,0.79605,0.30,4.10
2008.03.03 09:57:50.364,0.79557,0.79607,0.30,0.40
2008.03.03 09:57:50.518,0.7958,0.79605,0.30,4.10
2008.03.03 09:57:50.683,0.79559,0.79609,0.30,0.40
2008.03.03 09:57:50.852,0.7957,0.79595,0.30,4.00
2008.03.03 09:57:50.923,0.79567,0.79602,8.00,0.20
2008.03.03 09:57:51.187,0.79575,0.79595,0.50,4.00
2008.03.03 09:57:51.193,0.79567,0.79602,2.60,2.50
2008.03.03 09:57:51.429,0.79575,0.79595,0.50,4.00
2008.03.03 09:57:51.434,0.79562,0.79607,2.60,2.70
2008.03.03 09:57:51.666,0.79575,0.79595,0.50,4.00
2008.03.03 09:57:51.674,0.79562,0.79607,2.60,2.50
2008.03.03 09:57:51.893,0.79575,0.79595,0.50,4.00
2008.03.03 09:57:52.009,0.79563,0.79608,0.30,4.00
2008.03.03 09:57:52.117,0.79575,0.79595,0.50,4.00
2008.03.03 09:57:52.343,0.79578,0.79593,0.30,0.20
2008.03.03 09:57:52.441,0.79575,0.79595,0.50,4.00
2008.03.03 09:57:52.678,0.79574,0.79594,0.30,0.20
2008.03.03 09:57:52.775,0.79575,0.79595,0.50,4.00
2008.03.03 09:57:52.971,0.79572,0.79592,0.30,0.50
2008.03.03 09:57:53.106,0.79575,0.79595,0.50,4.00
2008.03.03 09:57:53.214,0.79571,0.79591,0.30,0.20
2008.03.03 09:57:53.429,0.79575,0.79595,0.50,4.00
2008.03.03 09:57:53.458,0.79568,0.79593,2.40,2.40
2008.03.03 09:57:53.777,0.79568,0.79593,8.00,0.20
2008.03.03 09:57:53.780,0.79575,0.79595,0.50,4.00
2008.03.03 09:57:54.089,0.79575,0.79595,0.50,4.00
2008.03.03 09:57:54.104,0.79567,0.79592,0.60,0.20
2008.03.03 09:57:54.353,0.7957,0.79595,0.30,4.00
2008.03.03 09:57:54.443,0.79567,0.79592,9.60,0.20
2008.03.03 09:57:54.636,0.7957,0.79595,0.30,4.00
2008.03.03 09:57:54.768,0.79566,0.79591,0.30,0.20
2008.03.03 09:57:54.983,0.7957,0.79595,0.30,4.00
2008.03.03 09:57:55.087,0.79568,0.79593,4.00,0.20
2008.03.03 09:57:55.302,0.7957,0.79595,0.30,4.00
2008.03.03 09:57:55.432,0.7957,0.79595,0.30,0.20
2008.03.03 09:57:55.747,0.7957,0.79595,0.30,0.80
2008.03.03 09:57:56.087,0.79569,0.79594,5.60,0.20
2008.03.03 09:57:56.520,0.79567,0.79592,0.30,0.20
2008.03.03 09:57:56.914,0.79568,0.79593,0.30,0.20
2008.03.03 09:57:57.187,0.79571,0.79596,0.30,0.20
2008.03.03 09:57:57.230,0.7957,0.79595,0.30,4.00
2008.03.03 09:57:57.266,0.7957,0.79595,0.30,4.00
2008.03.03 09:57:57.308,0.7957,0.79595,0.30,4.00
2008.03.03 09:57:57.446,0.7957,0.79595,0.30,4.00
2008.03.03 09:57:57.510,0.79572,0.79597,4.00,0.20
2008.03.03 09:57:57.528,0.7957,0.79595,0.30,4.00
2008.03.03 09:57:57.621,0.7957,0.79595,0.30,4.00
2008.03.03 09:57:57.722,0.7957,0.79595,0.30,4.00
2008.03.03 09:57:57.845,0.79573,0.79598,0.30,0.20
2008.03.03 09:57:57.861,0.7957,0.79595,0.30,4.00
2008.03.03 09:57:57.949,0.7957,0.79595,0.30,4.00
2008.03.03 09:57:58.106,0.7957,0.79595,0.30,4.00
2008.03.03 09:57:58.185,0.79573,0.79598,9.60,4.80
2008.03.03 09:57:58.189,0.7957,0.79595,0.30,4.00
2008.03.03 09:57:58.512,0.79571,0.79596,0.50,0.20
2008.03.03 09:57:58.612,0.7957,0.79595,0.30,4.00
2008.03.03 09:57:58.776,0.79566,0.79596,2.40,2.40
2008.03.03 09:57:59.049,0.7957,0.79595,0.30,4.00
2008.03.03 09:57:59.066,0.79564,0.79594,2.40,10.50
2008.03.03 09:57:59.392,0.79561,0.79591,0.30,0.20
2008.03.03 09:57:59.487,0.7957,0.79595,0.30,4.00
2008.03.03 09:57:59.719,0.79558,0.79588,4.20,0.50
2008.03.03 09:57:59.811,0.7957,0.79595,0.30,4.00
2008.03.03 09:58:00.139,0.7957,0.79595,0.30,4.00
2008.03.03 09:58:00.284,0.7955,0.7958,0.30,0.20
2008.03.03 09:58:00.384,0.7957,0.79605,0.30,4.10
2008.03.03 09:58:00.617,0.79543,0.79573,0.30,0.20
2008.03.03 09:58:00.718,0.7957,0.79605,0.30,4.10
2008.03.03 09:58:00.940,0.7954,0.7957,0.30,12.00
2008.03.03 09:58:01.054,0.7958,0.79605,0.30,4.10
2008.03.03 09:58:01.265,0.79539,0.79569,2.40,2.40
2008.03.03 09:58:01.465,0.7958,0.79605,0.30,4.10
2008.03.03 09:58:01.601,0.79542,0.79572,0.30,0.40
2008.03.03 09:58:01.680,0.7958,0.79605,0.30,4.10
2008.03.03 09:58:01.879,0.79544,0.79574,0.30,2.40
2008.03.03 09:58:02.019,0.7958,0.79605,0.30,4.10
2008.03.03 09:58:02.141,0.79547,0.79577,0.30,0.20
2008.03.03 09:58:02.241,0.7958,0.79605,0.30,4.10
2008.03.03 09:58:02.423,0.79551,0.79581,0.30,0.20
2008.03.03 09:58:02.455,0.7958,0.79605,0.30,4.00
2008.03.03 09:58:02.696,0.79551,0.79581,2.40,2.40
2008.03.03 09:58:02.773,0.7958,0.79605,0.30,4.00
2008.03.03 09:58:03.019,0.79551,0.79581,0.30,0.20
2008.03.03 09:58:03.073,0.7958,0.79595,0.30,4.00
2008.03.03 09:58:03.346,0.79551,0.79581,0.30,2.40
2008.03.03 09:58:03.372,0.7958,0.79595,0.30,4.00
2008.03.03 09:58:03.651,0.7957,0.79595,0.30,4.00
2008.03.03 09:58:03.659,0.79549,0.79579,0.30,0.20
2008.03.03 09:58:03.931,0.7957,0.79595,0.30,4.00
2008.03.03 09:58:04.030,0.79547,0.79577,2.60,8.10
2008.03.03 09:58:04.220,0.7957,0.79595,0.30,4.00
2008.03.03 09:58:04.338,0.79543,0.79573,0.60,4.00
2008.03.03 09:58:04.498,0.7957,0.79595,0.30,4.00
2008.03.03 09:58:04.687,0.7954,0.7957,2.40,2.40
2008.03.03 09:58:04.761,0.7957,0.79595,0.30,4.00
2008.03.03 09:58:05.009,0.7957,0.79595,0.30,4.00
2008.03.03 09:58:05.095,0.79539,0.79569,2.50,2.40
2008.03.03 09:58:05.304,0.7957,0.79595,0.30,4.00
2008.03.03 09:58:05.446,0.79539,0.79569,0.30,4.00
2008.03.03 09:58:05.636,0.7957,0.79595,0.30,4.00
2008.03.03 09:58:05.780,0.79539,0.79569,1.60,4.00
2008.03.03 09:58:06.085,0.7957,0.79595,0.30,4.00
2008.03.03 09:58:06.159,0.79541,0.79571,0.60,0.40
2008.03.03 09:58:06.418,0.7957,0.79595,0.30,4.00
2008.03.03 09:58:06.442,0.79551,0.79566,0.20,0.20
2008.03.03 09:58:06.628,0.7957,0.79595,0.30,4.00
2008.03.03 09:58:06.726,0.79551,0.79566,0.50,0.60
2008.03.03 09:58:06.837,0.7957,0.79585,0.30,4.00
2008.03.03 09:58:06.995,0.79553,0.79568,9.60,0.20
2008.03.03 09:58:07.046,0.7957,0.79585,0.30,4.00
2008.03.03 09:58:07.260,0.7957,0.79585,0.30,4.00
2008.03.03 09:58:07.279,0.79555,0.7957,0.60,0.20
2008.03.03 09:58:07.489,0.79555,0.7957,0.30,0.20
2008.03.03 09:58:07.538,0.79559,0.79574,0.30,0.20
2008.03.03 09:58:07.842,0.7954,0.7957,0.30,0.20
2008.03.03 09:58:07.874,0.79564,0.79579,2.80,2.50
2008.03.03 09:58:08.192,0.79567,0.79582,0.10,0.20
2008.03.03 09:58:08.193,0.7955,0.79595,0.30,6.40
2008.03.03 09:58:08.510,0.7955,0.79595,0.30,4.00
2008.03.03 09:58:08.537,0.79568,0.79583,0.30,0.40
2008.03.03 09:58:08.747,0.7955,0.79595,0.60,4.00
2008.03.03 09:58:08.931,0.79566,0.79581,2.40,0.20
2008.03.03 09:58:09.052,0.7955,0.79595,0.60,4.00
2008.03.03 09:58:09.165,0.79561,0.79576,0.10,0.20
2008.03.03 09:58:09.272,0.7955,0.79595,0.60,4.00
2008.03.03 09:58:09.405,0.79554,0.79569,0.30,0.40
2008.03.03 09:58:09.615,0.7955,0.79595,0.60,4.00
2008.03.03 09:58:09.640,0.79542,0.79572,2.40,2.40
2008.03.03 09:58:09.940,0.7955,0.79595,0.60,4.00
2008.03.03 09:58:09.959,0.79542,0.79572,0.30,2.50
2008.03.03 09:58:10.360,0.7955,0.79595,0.60,4.00
2008.03.03 09:58:10.391,0.79544,0.79574,0.30,0.20
2008.03.03 09:58:10.694,0.7955,0.79595,0.60,4.00
2008.03.03 09:58:10.725,0.79547,0.79577,0.30,2.40
2008.03.03 09:58:11.023,0.7955,0.79595,0.60,4.00
2008.03.03 09:58:11.061,0.79549,0.79579,0.30,0.20
2008.03.03 09:58:11.358,0.7955,0.79595,0.60,4.00
2008.03.03 09:58:11.398,0.79547,0.79577,0.30,0.20
2008.03.03 09:58:11.681,0.79555,0.79595,0.50,4.00
2008.03.03 09:58:11.704,0.79544,0.79574,0.80,0.20
2008.03.03 09:58:11.908,0.79555,0.79595,0.50,4.00
2008.03.03 09:58:12.089,0.79541,0.79571,0.30,2.40
2008.03.03 09:58:12.121,0.79555,0.79595,0.50,4.00
2008.03.03 09:58:12.336,0.7955,0.79595,0.30,4.00
2008.03.03 09:58:12.372,0.7954,0.7957,0.30,0.20
2008.03.03 09:58:12.550,0.79555,0.79595,0.50,4.00
2008.03.03 09:58:12.720,0.79541,0.79571,0.30,4.00
2008.03.03 09:58:12.898,0.79555,0.79595,0.50,4.00
2008.03.03 09:58:13.049,0.79542,0.79572,0.30,0.20
2008.03.03 09:58:13.257,0.79555,0.79595,0.50,4.00
2008.03.03 09:58:13.363,0.79543,0.79573,0.50,0.20
2008.03.03 09:58:13.579,0.79555,0.79595,0.50,4.00
2008.03.03 09:58:13.691,0.79545,0.79575,0.30,4.00
2008.03.03 09:58:13.888,0.79555,0.79595,0.50,4.00
2008.03.03 09:58:14.034,0.79547,0.79577,4.20,2.40
2008.03.03 09:58:14.215,0.79555,0.79595,0.50,4.00
2008.03.03 09:58:14.355,0.79547,0.79577,0.30,4.00
2008.03.03 09:58:14.566,0.79555,0.79595,0.50,4.00
2008.03.03 09:58:14.696,0.79548,0.79578,2.40,6.50
2008.03.03 09:58:14.888,0.79555,0.79595,0.50,4.00
2008.03.03 09:58:15.020,0.79552,0.79582,0.30,0.20
2008.03.03 09:58:15.206,0.79555,0.79595,0.50,4.00
2008.03.03 09:58:15.357,0.79557,0.79587,2.40,2.40
2008.03.03 09:58:15.523,0.7955,0.79595,0.30,4.00
2008.03.03 09:58:15.787,0.79558,0.79588,0.30,0.20
2008.03.03 09:58:15.873,0.7955,0.79595,0.30,4.00
2008.03.03 09:58:16.121,0.79551,0.79586,4.00,0.20
2008.03.03 09:58:16.226,0.7955,0.79595,0.30,4.00
2008.03.03 09:58:16.492,0.79548,0.79583,0.30,2.40
2008.03.03 09:58:16.561,0.79555,0.79595,0.60,4.00
2008.03.03 09:58:16.780,0.79544,0.79579,0.60,0.20
2008.03.03 09:58:16.795,0.79555,0.79595,0.60,4.00
2008.03.03 09:58:17.029,0.7956,0.79595,0.30,4.00
2008.03.03 09:58:17.111,0.79542,0.79577,2.60,0.20
2008.03.03 09:58:17.292,0.7956,0.79595,0.30,4.00
2008.03.03 09:58:17.433,0.79541,0.79576,4.00,0.20
2008.03.03 09:58:17.553,0.7956,0.79595,0.30,4.00
2008.03.03 09:58:17.751,0.7954,0.79575,0.60,2.40
2008.03.03 09:58:17.839,0.7956,0.79595,0.30,4.00
2008.03.03 09:58:18.073,0.79537,0.79572,4.00,0.60
2008.03.03 09:58:18.172,0.7956,0.79595,0.30,4.00
2008.03.03 09:58:18.429,0.79536,0.79571,0.30,0.20
2008.03.03 09:58:18.476,0.7956,0.79595,0.30,4.00
2008.03.03 09:58:18.750,0.79536,0.79571,0.30,0.20
2008.03.03 09:58:18.857,0.7956,0.79595,0.30,4.00
2008.03.03 09:58:19.133,0.79537,0.79572,2.40,2.40
2008.03.03 09:58:19.163,0.7956,0.79595,0.30,4.00
2008.03.03 09:58:19.425,0.79538,0.79573,0.30,0.90
2008.03.03 09:58:19.497,0.7956,0.79595,0.30,4.00
2008.03.03 09:58:19.748,0.79541,0.79576,0.30,4.00
2008.03.03 09:58:19.829,0.7956,0.79595,0.30,4.00
2008.03.03 09:58:19.972,0.79544,0.79579,0.30,0.20
2008.03.03 09:58:20.156,0.7956,0.79595,0.30,4.00
2008.03.03 09:58:20.412,0.79548,0.79578,4.80,6.40
2008.03.03 09:58:20.485,0.7956,0.79595,0.30,4.00
2008.03.03 09:58:20.806,0.7956,0.79595,0.30,4.00
2008.03.03 09:58:20.839,0.79547,0.79577,0.30,0.20
2008.03.03 09:58:21.154,0.7956,0.79595,0.30,4.00
2008.03.03 09:58:21.179,0.79544,0.79574,0.30,0.80
2008.03.03 09:58:21.512,0.7954,0.7957,2.60,2.70
2008.03.03 09:58:21.578,0.7956,0.79595,0.30,4.00
2008.03.03 09:58:21.836,0.79536,0.79566,0.30,0.20
2008.03.03 09:58:21.921,0.7956,0.79595,0.30,4.00
2008.03.03 09:58:22.145,0.7956,0.79595,0.30,4.00
2008.03.03 09:58:22.170,0.79535,0.79565,10.40,0.20
2008.03.03 09:58:22.364,0.7956,0.79595,0.30,4.00
2008.03.03 09:58:22.507,0.79534,0.79564,2.60,0.20
2008.03.03 09:58:22.684,0.7956,0.79595,0.30,4.00
2008.03.03 09:58:22.857,0.79536,0.79566,12.20,10.10
2008.03.03 09:58:23.020,0.7956,0.79595,0.30,4.00
2008.03.03 09:58:23.151,0.79537,0.79567,0.30,0.40
2008.03.03 09:58:23.309,0.7956,0.79595,0.30,4.00
2008.03.03 09:58:23.493,0.7954,0.7957,0.30,0.20
2008.03.03 09:58:23.598,0.7956,0.79595,0.30,4.00
2008.03.03 09:58:23.794,0.79543,0.79573,0.30,0.20
2008.03.03 09:58:24.016,0.7956,0.79595,0.30,4.00
2008.03.03 09:58:24.153,0.79545,0.79575,0.80,4.00
2008.03.03 09:58:24.343,0.7956,0.79595,0.30,4.00
2008.03.03 09:58:24.475,0.79548,0.79578,2.40,0.20
2008.03.03 09:58:24.612,0.7956,0.79595,0.30,4.00
2008.03.03 09:58:24.804,0.7955,0.7958,0.30,4.00
2008.03.03 09:58:24.884,0.7956,0.79595,0.30,4.00
2008.03.03 09:58:25.127,0.7955,0.7958,0.30,0.20
2008.03.03 09:58:25.209,0.7956,0.79595,0.30,4.00
2008.03.03 09:58:25.467,0.7955,0.7958,0.10,0.20
2008.03.03 09:58:25.564,0.7956,0.79595,0.30,4.00
2008.03.03 09:58:25.876,0.7956,0.79595,0.30,4.00
2008.03.03 09:58:25.894,0.79551,0.79581,0.30,0.40
2008.03.03 09:58:26.210,0.7956,0.79595,0.30,4.00
2008.03.03 09:58:26.236,0.79552,0.79582,12.20,2.40
2008.03.03 09:58:26.562,0.79551,0.79581,2.80,2.50
2008.03.03 09:58:26.668,0.7956,0.79595,0.30,4.00
2008.03.03 09:58:26.877,0.7955,0.7958,0.30,0.20
2008.03.03 09:58:27.075,0.7956,0.79595,0.30,4.00
2008.03.03 09:58:27.159,0.79551,0.79581,0.30,0.20
2008.03.03 09:58:27.310,0.7956,0.79595,0.30,4.00
2008.03.03 09:58:27.452,0.7955,0.7958,0.40,0.50
2008.03.03 09:58:27.515,0.7956,0.79595,0.30,4.00
2008.03.03 09:58:27.752,0.7956,0.79595,0.30,4.00
2008.03.03 09:58:27.783,0.79546,0.79576,0.30,0.20
2008.03.03 09:58:28.082,0.7956,0.79595,0.30,4.00
2008.03.03 09:58:28.147,0.79543,0.79573,2.40,5.60
2008.03.03 09:58:28.422,0.7956,0.79595,0.30,4.00
2008.03.03 09:58:28.451,0.79542,0.79572,0.30,0.50
2008.03.03 09:58:28.754,0.7954,0.79575,2.60,2.50
2008.03.03 09:58:28.852,0.7956,0.79595,0.30,4.00
2008.03.03 09:58:29.102,0.79541,0.79576,4.00,0.20
2008.03.03 09:58:29.166,0.7956,0.79595,0.30,4.00
2008.03.03 09:58:29.416,0.79539,0.79574,0.30,0.20
2008.03.03 09:58:29.515,0.7956,0.79595,0.30,4.00
2008.03.03 09:58:29.748,0.79538,0.79573,0.30,0.90
2008.03.03 09:58:29.827,0.7956,0.79595,0.30,4.00
2008.03.03 09:58:30.079,0.79538,0.79573,0.30,0.20
2008.03.03 09:58:30.163,0.7956,0.79595,0.60,4.00
2008.03.03 09:58:30.496,0.7957,0.79595,0.30,4.00
2008.03.03 09:58:30.514,0.79538,0.79573,0.30,0.20
2008.03.03 09:58:30.829,0.7957,0.79595,0.30,4.00
2008.03.03 09:58:30.847,0.79538,0.79573,2.40,0.40
2008.03.03 09:58:31.047,0.7957,0.79595,0.30,4.00
2008.03.03 09:58:31.263,0.7957,0.79595,0.30,4.00
2008.03.03 09:58:31.295,0.79538,0.79573,0.30,4.00
2008.03.03 09:58:31.474,0.7957,0.79595,0.30,4.00
2008.03.03 09:58:31.624,0.79538,0.79573,0.10,0.20
2008.03.03 09:58:31.682,0.7957,0.79595,0.30,4.00
2008.03.03 09:58:31.891,0.7957,0.79595,0.30,4.00
2008.03.03 09:58:31.957,0.79537,0.79572,4.00,0.20
2008.03.03 09:58:32.252,0.7957,0.79595,0.30,4.00
2008.03.03 09:58:32.373,0.79536,0.79571,0.30,0.20
2008.03.03 09:58:32.581,0.7957,0.79595,0.30,4.00
2008.03.03 09:58:32.671,0.79536,0.79571,2.40,2.40
2008.03.03 09:58:32.910,0.7957,0.79595,0.30,4.00
2008.03.03 09:58:32.920,0.79537,0.79572,0.30,0.20
2008.03.03 09:58:33.168,0.79542,0.79572,0.50,0.40
2008.03.03 09:58:33.244,0.7957,0.79595,0.30,4.00
2008.03.03 09:58:33.484,0.79546,0.79576,0.40,0.20
2008.03.03 09:58:33.568,0.7957,0.79595,0.30,4.00
2008.03.03 09:58:33.792,0.7957,0.79595,0.30,4.00
2008.03.03 09:58:33.818,0.79548,0.79578,0.30,0.20
2008.03.03 09:58:34.132,0.7957,0.79595,0.30,4.00
2008.03.03 09:58:34.157,0.7955,0.7958,0.80,0.20
2008.03.03 09:58:34.452,0.7957,0.79595,0.30,4.00
2008.03.03 09:58:34.482,0.79548,0.79578,6.40,0.40
2008.03.03 09:58:34.773,0.7957,0.79595,0.30,4.00
2008.03.03 09:58:34.817,0.79547,0.79577,0.30,4.00
2008.03.03 09:58:35.111,0.7957,0.79595,0.30,4.00
2008.03.03 09:58:35.150,0.79544,0.79574,2.40,2.40
2008.03.03 09:58:35.455,0.79543,0.79573,4.00,0.20
2008.03.03 09:58:35.501,0.7957,0.79595,0.30,4.00
2008.03.03 09:58:35.835,0.7957,0.79595,0.30,4.00
2008.03.03 09:58:35.904,0.79544,0.79574,0.30,1.70
2008.03.03 09:58:36.213,0.7957,0.79595,0.30,4.00
2008.03.03 09:58:36.238,0.79545,0.79575,0.30,0.20
2008.03.03 09:58:36.438,0.7957,0.79595,0.30,4.00
2008.03.03 09:58:36.565,0.79546,0.79576,10.40,0.20
2008.03.03 09:58:36.660,0.7957,0.79595,0.30,4.00
2008.03.03 09:58:36.907,0.79544,0.79574,0.30,0.20
2008.03.03 09:58:36.966,0.7957,0.79595,0.30,4.00
2008.03.03 09:58:37.193,0.7957,0.79595,0.30,4.00
2008.03.03 09:58:37.241,0.79542,0.79572,0.30,0.20
2008.03.03 09:58:37.527,0.7957,0.79595,0.30,4.00
2008.03.03 09:58:37.543,0.79542,0.79572,0.70,4.00
2008.03.03 09:58:37.633,0.79543,0.79573,0.30,0.20
2008.03.03 09:58:37.854,0.79547,0.79577,2.60,6.40
2008.03.03 09:58:37.877,0.7957,0.79595,0.30,4.00
2008.03.03 09:58:38.087,0.79551,0.79581,4.00,0.60
2008.03.03 09:58:38.195,0.7957,0.79595,0.30,4.00
2008.03.03 09:58:38.439,0.7955,0.7958,2.40,2.40
2008.03.03 09:58:38.515,0.7957,0.79595,0.30,4.00
2008.03.03 09:58:38.754,0.7957,0.79595,0.30,4.00
2008.03.03 09:58:38.762,0.79549,0.79579,0.30,0.40
2008.03.03 09:58:38.999,0.7957,0.79595,0.30,4.00
2008.03.03 09:58:39.101,0.79543,0.79573,4.00,0.40
2008.03.03 09:58:39.295,0.7957,0.79595,0.30,4.00
2008.03.03 09:58:39.428,0.79536,0.79566,17.80,2.40
2008.03.03 09:58:39.619,0.7957,0.79595,0.30,4.00
2008.03.03 09:58:39.753,0.79535,0.79565,0.30,4.00
2008.03.03 09:58:39.952,0.7957,0.79595,0.30,4.00
2008.03.03 09:58:40.103,0.7954,0.7957,5.60,8.10
2008.03.03 09:58:40.229,0.7957,0.79595,0.30,4.00
2008.03.03 09:58:40.430,0.79544,0.79574,6.40,4.80
2008.03.03 09:58:40.608,0.7957,0.79595,0.30,4.00
2008.03.03 09:58:40.853,0.79545,0.79575,2.40,2.40
2008.03.03 09:58:40.952,0.7957,0.79595,0.30,4.00
2008.03.03 09:58:41.195,0.79546,0.79576,0.30,0.20
2008.03.03 09:58:41.374,0.7957,0.79595,0.30,4.00
2008.03.03 09:58:41.528,0.79545,0.79575,0.60,0.40
2008.03.03 09:58:41.608,0.7957,0.79595,0.30,4.00
2008.03.03 09:58:41.829,0.7957,0.79595,0.30,4.00
2008.03.03 09:58:41.859,0.79543,0.79573,0.30,0.20
2008.03.03 09:58:42.155,0.7957,0.79595,0.30,4.00
2008.03.03 09:58:42.171,0.79543,0.79573,0.30,4.00
2008.03.03 09:58:42.493,0.7957,0.79595,0.30,4.00
2008.03.03 09:58:42.519,0.79542,0.79572,0.30,4.00
2008.03.03 09:58:42.818,0.7957,0.79595,0.30,4.00
2008.03.03 09:58:42.847,0.79542,0.79572,0.30,0.20
2008.03.03 09:58:43.102,0.7956,0.79595,0.60,4.00
2008.03.03 09:58:43.175,0.79543,0.79573,0.60,0.20
2008.03.03 09:58:43.360,0.7956,0.79595,0.30,4.00
2008.03.03 09:58:43.487,0.79542,0.79572,0.30,1.90
2008.03.03 09:58:43.690,0.7956,0.79595,0.30,4.00
2008.03.03 09:58:43.936,0.79542,0.79572,0.30,0.20
2008.03.03 09:58:44.020,0.7956,0.79595,0.30,4.00
2008.03.03 09:58:44.274,0.79541,0.79571,0.30,0.20
2008.03.03 09:58:44.294,0.7956,0.79595,0.30,4.00
2008.03.03 09:58:44.552,0.7956,0.79595,0.30,4.00
2008.03.03 09:58:44.597,0.79541,0.79571,0.30,9.60
2008.03.03 09:58:44.908,0.7956,0.79595,0.30,4.00
2008.03.03 09:58:44.938,0.7954,0.7957,0.70,4.00
2008.03.03 09:58:45.224,0.7956,0.79595,0.30,4.00
2008.03.03 09:58:45.239,0.7954,0.7957,6.40,2.40
2008.03.03 09:58:45.564,0.7956,0.79595,0.30,4.00
2008.03.03 09:58:45.691,0.79538,0.79568,0.60,2.40
2008.03.03 09:58:45.995,0.7956,0.79595,0.30,4.00
2008.03.03 09:58:46.036,0.79538,0.79568,0.30,2.40
2008.03.03 09:58:46.338,0.7956,0.79595,0.30,4.00
2008.03.03 09:58:46.449,0.79537,0.79567,2.60,0.20
2008.03.03 09:58:46.561,0.7956,0.79595,0.30,4.00
2008.03.03 09:58:46.738,0.79536,0.79566,6.40,0.20
2008.03.03 09:58:46.799,0.7956,0.79595,0.30,4.00
2008.03.03 09:58:47.015,0.7956,0.79595,0.30,4.00
2008.03.03 09:58:47.025,0.79536,0.79566,0.30,0.20
2008.03.03 09:58:47.234,0.7956,0.79595,0.30,4.00
2008.03.03 09:58:47.338,0.79537,0.79567,1.00,4.00
2008.03.03 09:58:47.537,0.79565,0.796,0.80,0.40
2008.03.03 09:58:47.612,0.79537,0.79567,0.60,0.40
2008.03.03 09:58:47.840,0.79565,0.796,2.00,0.20
2008.03.03 09:58:48.006,0.79539,0.79569,0.30,0.20
2008.03.03 09:58:48.143,0.7958,0.79605,0.30,4.10
2008.03.03 09:58:48.445,0.79543,0.79573,0.80,0.20
2008.03.03 09:58:48.513,0.7958,0.79605,0.30,4.10
2008.03.03 09:58:48.781,0.79546,0.79576,0.30,0.20
2008.03.03 09:58:48.810,0.7958,0.79605,0.30,4.10
2008.03.03 09:58:49.019,0.79548,0.79578,0.30,4.00
2008.03.03 09:58:49.086,0.7958,0.79605,0.30,4.10
2008.03.03 09:58:49.242,0.79549,0.79579,9.60,0.20
2008.03.03 09:58:49.408,0.7958,0.79605,0.30,4.10
2008.03.03 09:58:49.466,0.79549,0.79579,0.30,4.00
2008.03.03 09:58:49.725,0.7958,0.79605,0.30,4.10
2008.03.03 09:58:49.876,0.79551,0.79581,4.20,2.40
2008.03.03 09:58:50.075,0.7958,0.79605,0.30,4.10
2008.03.03 09:58:50.212,0.79552,0.79582,2.80,0.20
2008.03.03 09:58:50.398,0.7958,0.79605,0.30,4.10
2008.03.03 09:58:50.645,0.79552,0.79582,2.40,2.40
2008.03.03 09:58:50.841,0.7958,0.79605,0.30,4.10
2008.03.03 09:58:50.976,0.7955,0.7958,0.40,0.80
2008.03.03 09:58:51.278,0.7958,0.79605,0.30,4.10
2008.03.03 09:58:51.393,0.79549,0.79579,0.30,0.20
2008.03.03 09:58:51.612,0.7958,0.79605,0.30,4.10
2008.03.03 09:58:51.755,0.79548,0.79578,0.60,0.40
2008.03.03 09:58:51.822,0.7958,0.79605,0.30,4.10
2008.03.03 09:58:52.051,0.79549,0.79579,1.80,2.50
2008.03.03 09:58:52.052,0.7958,0.79605,0.30,4.10
2008.03.03 09:58:52.269,0.7958,0.79605,0.30,4.10
2008.03.03 09:58:52.409,0.79549,0.79579,4.00,0.20
2008.03.03 09:58:52.491,0.7958,0.79605,0.30,4.10
2008.03.03 09:58:52.739,0.79548,0.79578,0.30,0.20
2008.03.03 09:58:52.920,0.7958,0.79605,0.30,4.10
2008.03.03 09:58:53.074,0.79546,0.79576,0.60,0.20
2008.03.03 09:58:53.397,0.7958,0.79605,0.30,4.10
2008.03.03 09:58:53.498,0.79545,0.79575,0.30,0.20
2008.03.03 09:58:53.689,0.7958,0.79605,0.30,4.10
2008.03.03 09:58:53.849,0.79543,0.79573,0.30,0.20
2008.03.03 09:58:53.930,0.7958,0.79605,0.30,4.10
2008.03.03 09:58:54.169,0.79543,0.79573,0.30,0.20
2008.03.03 09:58:54.245,0.7958,0.79605,0.30,4.10
2008.03.03 09:58:54.471,0.7958,0.79605,0.30,4.10
2008.03.03 09:58:54.496,0.79543,0.79573,0.80,0.20
2008.03.03 09:58:54.821,0.79543,0.79573,2.40,2.40
2008.03.03 09:58:54.916,0.7958,0.79605,0.30,4.10
2008.03.03 09:58:55.270,0.79542,0.79572,9.60,0.20
2008.03.03 09:58:55.351,0.7958,0.79605,0.30,4.10
2008.03.03 09:58:55.686,0.7956,0.79585,0.30,4.00
2008.03.03 09:58:55.704,0.79542,0.79572,0.80,0.20
2008.03.03 09:58:56.020,0.7956,0.79585,0.30,4.00
2008.03.03 09:58:56.047,0.79543,0.79573,0.30,2.70
2008.03.03 09:58:56.366,0.79542,0.79572,0.30,0.20
2008.03.03 09:58:56.369,0.7956,0.79585,0.30,4.00
2008.03.03 09:58:56.707,0.7956,0.79585,0.30,4.00
2008.03.03 09:58:56.763,0.79541,0.79571,0.30,3.20
2008.03.03 09:58:56.911,0.7956,0.79585,0.30,4.00
2008.03.03 09:58:57.029,0.79539,0.79569,4.80,0.20
2008.03.03 09:58:57.219,0.7956,0.79585,0.30,4.00
2008.03.03 09:58:57.347,0.79538,0.79568,0.30,0.20
2008.03.03 09:58:57.439,0.7956,0.79585,0.30,4.00
2008.03.03 09:58:57.660,0.7956,0.79585,0.30,4.00
2008.03.03 09:58:57.692,0.79538,0.79568,0.80,0.20
2008.03.03 09:58:57.986,0.7956,0.79585,0.30,4.00
2008.03.03 09:58:58.005,0.79539,0.79569,2.40,2.40
2008.03.03 09:58:58.318,0.7956,0.79585,0.30,4.00
2008.03.03 09:58:58.352,0.79543,0.79573,0.30,4.10
2008.03.03 09:58:58.657,0.7956,0.79585,0.30,4.00
2008.03.03 09:58:58.683,0.79548,0.79578,0.30,0.20
2008.03.03 09:58:58.978,0.7956,0.79585,0.30,4.00
2008.03.03 09:58:59.005,0.7955,0.7958,4.00,0.40
2008.03.03 09:58:59.307,0.7956,0.79585,0.30,4.00
2008.03.03 09:58:59.329,0.79549,0.79579,4.80,0.10
2008.03.03 09:58:59.627,0.7956,0.79585,0.30,4.00
2008.03.03 09:58:59.657,0.79548,0.79578,0.30,0.20
2008.03.03 09:58:59.971,0.7956,0.79585,0.30,4.00
2008.03.03 09:59:00.293,0.79541,0.79571,1.80,0.20
2008.03.03 09:59:00.306,0.7956,0.79585,0.30,4.00
2008.03.03 09:59:00.601,0.7956,0.79585,0.30,4.00
2008.03.03 09:59:00.641,0.79535,0.79565,0.60,0.20
2008.03.03 09:59:00.934,0.7956,0.79585,0.30,4.00
2008.03.03 09:59:00.977,0.7953,0.7956,2.40,2.40
2008.03.03 09:59:01.284,0.7956,0.79585,0.30,4.00
2008.03.03 09:59:01.305,0.79529,0.79559,12.40,12.10
2008.03.03 09:59:01.621,0.7956,0.79585,0.30,4.00
2008.03.03 09:59:01.628,0.79531,0.79561,0.60,2.50
2008.03.03 09:59:01.955,0.7956,0.79585,0.30,4.00
2008.03.03 09:59:01.961,0.79534,0.79564,2.40,0.30
2008.03.03 09:59:02.192,0.7956,0.79585,0.30,4.00
2008.03.03 09:59:02.291,0.79536,0.79566,2.40,2.40
2008.03.03 09:59:02.425,0.7956,0.79585,0.30,4.00
2008.03.03 09:59:02.659,0.7956,0.79585,0.30,4.00
2008.03.03 09:59:02.725,0.79535,0.79565,0.30,0.40
2008.03.03 09:59:02.957,0.7956,0.79585,0.30,4.10
2008.03.03 09:59:03.067,0.79535,0.79565,4.00,2.40
2008.03.03 09:59:03.256,0.7956,0.79585,0.30,4.10
2008.03.03 09:59:03.498,0.79534,0.79564,0.30,0.20
2008.03.03 09:59:03.555,0.7956,0.79585,0.30,4.10
2008.03.03 09:59:03.715,0.79533,0.79563,1.80,2.50
2008.03.03 09:59:03.854,0.7956,0.79585,0.30,4.00
2008.03.03 09:59:03.941,0.79532,0.79562,2.60,8.10
2008.03.03 09:59:04.093,0.79555,0.79575,1.20,4.00
2008.03.03 09:59:04.163,0.79531,0.79561,2.80,2.50
2008.03.03 09:59:04.332,0.79555,0.79575,0.50,4.00
2008.03.03 09:59:04.384,0.79529,0.79559,4.00,0.20
2008.03.03 09:59:04.572,0.7956,0.79585,0.30,4.10
2008.03.03 09:59:04.708,0.79525,0.79555,0.30,0.20
2008.03.03 09:59:04.812,0.7956,0.79585,0.30,4.10
2008.03.03 09:59:05.091,0.7956,0.79585,0.30,4.10
2008.03.03 09:59:05.155,0.79522,0.79552,0.30,4.00
2008.03.03 09:59:05.370,0.7956,0.79585,0.30,4.10
2008.03.03 09:59:05.586,0.79521,0.79551,9.60,4.00
2008.03.03 09:59:05.693,0.7956,0.79585,0.30,4.10
2008.03.03 09:59:05.971,0.7956,0.79585,0.30,4.10
2008.03.03 09:59:06.034,0.79522,0.79552,2.40,0.10
2008.03.03 09:59:06.351,0.7956,0.79585,0.30,4.10
2008.03.03 09:59:06.364,0.79527,0.79557,0.30,0.20
2008.03.03 09:59:06.485,0.79531,0.79561,0.60,4.00
2008.03.03 09:59:06.691,0.79532,0.79562,4.00,0.20
2008.03.03 09:59:06.810,0.7956,0.79585,0.30,4.10
2008.03.03 09:59:07.007,0.79532,0.79562,4.10,2.70
2008.03.03 09:59:07.113,0.7956,0.79585,0.30,4.10
2008.03.03 09:59:07.240,0.79531,0.79561,2.60,2.70
2008.03.03 09:59:07.446,0.7956,0.79585,0.30,4.10
2008.03.03 09:59:07.572,0.79532,0.79562,0.30,0.20
2008.03.03 09:59:07.777,0.7956,0.79585,0.30,4.10
2008.03.03 09:59:07.908,0.7953,0.7956,4.00,2.50
2008.03.03 09:59:08.073,0.7956,0.79585,0.30,4.10
2008.03.03 09:59:08.332,0.79529,0.79559,2.40,2.40
2008.03.03 09:59:08.428,0.7956,0.79585,0.30,4.10
2008.03.03 09:59:08.667,0.79529,0.79559,2.40,0.05
2008.03.03 09:59:08.722,0.7956,0.79585,0.30,4.10
2008.03.03 09:59:08.896,0.79531,0.79561,0.30,0.20
2008.03.03 09:59:09.101,0.7956,0.79585,0.30,4.10
2008.03.03 09:59:09.107,0.79531,0.79561,8.20,0.20
2008.03.03 09:59:09.414,0.7956,0.79585,0.30,4.10
2008.03.03 09:59:09.428,0.7953,0.7956,0.30,0.40
2008.03.03 09:59:09.671,0.79527,0.79557,2.40,2.40
2008.03.03 09:59:09.700,0.79555,0.79565,0.50,0.20
2008.03.03 09:59:09.984,0.7953,0.7956,0.30,0.20
2008.03.03 09:59:10.095,0.79525,0.79555,0.30,0.20
2008.03.03 09:59:10.243,0.7953,0.7956,0.30,0.20
2008.03.03 09:59:10.502,0.7953,0.7956,0.30,0.20
2008.03.03 09:59:10.534,0.79521,0.79551,2.40,0.50
2008.03.03 09:59:10.762,0.7953,0.79555,0.30,4.00
2008.03.03 09:59:10.868,0.79515,0.79545,0.30,0.20
2008.03.03 09:59:11.097,0.7953,0.79555,0.30,4.00
2008.03.03 09:59:11.194,0.79512,0.79542,0.30,0.20
2008.03.03 09:59:11.431,0.7953,0.79555,0.30,4.00
2008.03.03 09:59:11.488,0.79512,0.79542,0.30,0.20
2008.03.03 09:59:11.752,0.79512,0.79547,6.40,0.20
2008.03.03 09:59:11.764,0.7953,0.7956,0.30,0.20
2008.03.03 09:59:12.002,0.7953,0.7956,0.30,0.20
2008.03.03 09:59:12.075,0.79515,0.7955,8.00,0.20
2008.03.03 09:59:12.291,0.7953,0.7956,0.30,0.20
2008.03.03 09:59:12.413,0.79516,0.79551,4.00,0.20
2008.03.03 09:59:12.545,0.7953,0.7956,0.30,0.20
2008.03.03 09:59:12.734,0.79516,0.79551,0.30,0.20
2008.03.03 09:59:12.787,0.7953,0.79565,0.30,4.10
2008.03.03 09:59:13.048,0.79519,0.79554,2.60,0.20
2008.03.03 09:59:13.105,0.7954,0.79565,0.30,4.10
2008.03.03 09:59:13.403,0.79521,0.79556,4.00,0.20
2008.03.03 09:59:13.500,0.7954,0.79565,0.30,4.10
2008.03.03 09:59:13.731,0.79523,0.79558,4.00,2.40
2008.03.03 09:59:13.823,0.7954,0.79565,0.30,4.10
2008.03.03 09:59:13.963,0.79522,0.79557,0.30,4.00
2008.03.03 09:59:14.154,0.7954,0.79565,0.30,4.10
2008.03.03 09:59:14.275,0.79523,0.79558,0.30,4.00
2008.03.03 09:59:14.482,0.7954,0.79565,0.30,4.10
2008.03.03 09:59:14.495,0.79523,0.79558,3.20,2.80
2008.03.03 09:59:14.721,0.7954,0.79565,0.30,4.10
2008.03.03 09:59:14.827,0.79522,0.79557,0.60,0.20
2008.03.03 09:59:14.960,0.7954,0.79565,0.30,4.10
2008.03.03 09:59:15.264,0.79525,0.7956,0.30,0.50
2008.03.03 09:59:15.355,0.7954,0.79565,0.30,4.10
2008.03.03 09:59:15.689,0.7954,0.79565,0.30,4.10
2008.03.03 09:59:15.712,0.79526,0.79561,4.20,0.20
2008.03.03 09:59:16.024,0.7954,0.79565,0.30,4.10
2008.03.03 09:59:16.047,0.79526,0.79561,0.30,0.20
2008.03.03 09:59:16.339,0.7954,0.79565,0.30,4.10
2008.03.03 09:59:16.365,0.79525,0.7956,0.30,0.20
2008.03.03 09:59:16.655,0.7954,0.79565,0.30,0.20
2008.03.03 09:59:16.706,0.79522,0.79557,0.30,9.60
2008.03.03 09:59:16.969,0.7954,0.79565,0.30,0.20
2008.03.03 09:59:17.040,0.79519,0.79554,0.30,4.00
2008.03.03 09:59:17.209,0.7954,0.79565,0.30,0.20
2008.03.03 09:59:17.324,0.79517,0.79552,0.30,8.00
2008.03.03 09:59:17.446,0.7954,0.79565,0.30,0.20
2008.03.03 09:59:17.583,0.7952,0.79555,0.30,0.20
2008.03.03 09:59:17.685,0.7954,0.79565,0.30,0.20
2008.03.03 09:59:17.917,0.79521,0.79556,0.80,0.20
2008.03.03 09:59:17.939,0.7954,0.79565,0.30,0.20
2008.03.03 09:59:18.281,0.79522,0.79557,0.30,0.20
2008.03.03 09:59:18.326,0.7954,0.79565,0.30,0.20
2008.03.03 09:59:18.589,0.79523,0.79558,4.00,0.20
2008.03.03 09:59:18.611,0.7954,0.7958,0.60,0.40
2008.03.03 09:59:18.895,0.7954,0.7958,0.60,0.20
2008.03.03 09:59:18.898,0.79521,0.79556,4.00,0.20
2008.03.03 09:59:19.165,0.7955,0.7958,0.30,0.20
2008.03.03 09:59:19.233,0.79517,0.79552,0.30,2.40
2008.03.03 09:59:19.433,0.7955,0.7958,0.30,0.20
2008.03.03 09:59:19.568,0.79515,0.7955,4.00,0.20
2008.03.03 09:59:19.703,0.7955,0.7958,1.00,0.20
2008.03.03 09:59:19.972,0.79555,0.7958,0.50,0.20
2008.03.03 09:59:19.995,0.79515,0.7955,0.30,4.00
2008.03.03 09:59:20.306,0.7956,0.7959,0.30,0.40
2008.03.03 09:59:20.451,0.79518,0.79553,0.60,2.50
2008.03.03 09:59:20.641,0.7956,0.7959,0.30,0.40
2008.03.03 09:59:20.821,0.79521,0.79556,2.40,2.40
2008.03.03 09:59:20.989,0.7956,0.7959,0.30,0.40
2008.03.03 09:59:21.135,0.79518,0.79558,2.40,12.40
2008.03.03 09:59:21.216,0.7956,0.7959,0.30,0.40
2008.03.03 09:59:21.450,0.79521,0.79551,0.30,1.90
2008.03.03 09:59:21.517,0.7956,0.7959,0.30,0.40
2008.03.03 09:59:21.763,0.79521,0.79551,5.60,2.90
2008.03.03 09:59:21.856,0.7956,0.7959,0.30,0.40
2008.03.03 09:59:22.098,0.79523,0.79553,2.60,2.50
2008.03.03 09:59:22.142,0.7956,0.7959,0.30,0.40
2008.03.03 09:59:22.403,0.79523,0.79553,0.30,0.20
2008.03.03 09:59:22.468,0.7956,0.7959,0.30,0.40
2008.03.03 09:59:22.646,0.79525,0.79555,0.30,0.20
2008.03.03 09:59:22.849,0.7956,0.7959,0.30,0.40
2008.03.03 09:59:22.970,0.79525,0.79555,0.30,0.20
2008.03.03 09:59:23.158,0.7956,0.7959,0.30,0.40
2008.03.03 09:59:23.300,0.79524,0.79554,0.30,0.20
2008.03.03 09:59:23.493,0.7956,0.7959,1.00,0.40
2008.03.03 09:59:23.629,0.79525,0.79545,11.40,2.50
2008.03.03 09:59:23.734,0.7956,0.7959,1.80,0.40
2008.03.03 09:59:23.959,0.7951,0.7956,0.30,0.20
2008.03.03 09:59:23.972,0.7956,0.7959,1.80,0.20
2008.03.03 09:59:24.280,0.7956,0.7959,1.80,0.20
2008.03.03 09:59:24.281,0.79513,0.79563,0.30,0.20
2008.03.03 09:59:24.591,0.7956,0.7959,1.80,0.20
2008.03.03 09:59:24.623,0.79514,0.79564,0.30,0.20
2008.03.03 09:59:24.923,0.7956,0.7959,1.80,0.20
2008.03.03 09:59:25.038,0.79514,0.79564,4.20,5.60
2008.03.03 09:59:25.270,0.7956,0.7959,1.80,0.20
2008.03.03 09:59:25.372,0.79514,0.79564,0.30,0.20
2008.03.03 09:59:25.699,0.7956,0.7959,1.80,0.20
2008.03.03 09:59:25.705,0.79513,0.79563,2.40,2.40
2008.03.03 09:59:26.041,0.79515,0.79565,0.50,4.00
2008.03.03 09:59:26.143,0.7956,0.7959,1.80,0.20
2008.03.03 09:59:26.358,0.7956,0.7959,1.80,0.20
2008.03.03 09:59:26.371,0.79517,0.79567,2.60,0.20
2008.03.03 09:59:26.591,0.7956,0.7959,1.80,0.20
2008.03.03 09:59:26.694,0.79517,0.79567,0.30,0.20
2008.03.03 09:59:26.806,0.7956,0.7959,1.80,0.20
2008.03.03 09:59:26.943,0.79517,0.79567,0.30,0.20
2008.03.03 09:59:27.030,0.7956,0.7959,1.80,0.20
2008.03.03 09:59:27.229,0.79516,0.79566,0.30,0.90
2008.03.03 09:59:27.451,0.7956,0.7959,1.80,0.20
2008.03.03 09:59:27.591,0.79515,0.79565,0.30,0.40
2008.03.03 09:59:27.795,0.7956,0.7959,1.80,0.20
2008.03.03 09:59:27.929,0.79515,0.79565,1.80,2.50
2008.03.03 09:59:28.231,0.7956,0.7959,1.80,0.20
2008.03.03 09:59:28.249,0.79515,0.79565,4.00,0.20
2008.03.03 09:59:28.558,0.7956,0.7959,1.80,0.20
2008.03.03 09:59:28.582,0.79516,0.79566,0.30,0.40
2008.03.03 09:59:28.890,0.7956,0.7959,1.80,0.20
2008.03.03 09:59:28.909,0.79517,0.79567,2.60,0.30
2008.03.03 09:59:29.237,0.7956,0.7959,1.80,0.20
2008.03.03 09:59:29.250,0.79518,0.79568,0.30,0.20
2008.03.03 09:59:29.574,0.79518,0.79568,0.30,0.20
2008.03.03 09:59:29.657,0.7956,0.7959,1.80,0.20
2008.03.03 09:59:29.892,0.79517,0.79567,0.30,0.20
2008.03.03 09:59:29.995,0.7956,0.7959,1.80,0.20
2008.03.03 09:59:30.230,0.79515,0.79565,2.40,6.50
2008.03.03 09:59:30.330,0.7956,0.7959,1.80,0.20
2008.03.03 09:59:30.662,0.79514,0.79564,2.40,2.40
2008.03.03 09:59:30.663,0.7956,0.7959,1.80,0.40
2008.03.03 09:59:31.095,0.7956,0.7959,1.80,0.40
2008.03.03 09:59:31.101,0.79514,0.79564,4.00,0.20
2008.03.03 09:59:31.220,0.79512,0.79562,0.10,0.20
2008.03.03 09:59:31.330,0.79515,0.79565,0.30,0.20
2008.03.03 09:59:31.331,0.7956,0.7959,1.80,0.40
2008.03.03 09:59:31.436,0.79515,0.79565,0.30,4.00
2008.03.03 09:59:31.528,0.7956,0.7959,1.80,0.40
2008.03.03 09:59:31.550,0.79516,0.79566,0.30,0.20
2008.03.03 09:59:31.652,0.79516,0.79566,2.60,2.40
2008.03.03 09:59:31.746,0.7956,0.7959,1.80,0.40
2008.03.03 09:59:31.863,0.79516,0.79566,0.30,0.20
2008.03.03 09:59:31.973,0.7956,0.7959,1.80,0.40
2008.03.03 09:59:31.989,0.79515,0.79565,0.30,0.20
2008.03.03 09:59:32.143,0.79514,0.79564,0.30,0.40
2008.03.03 09:59:32.189,0.7956,0.7959,1.80,0.40
2008.03.03 09:59:32.524,0.7956,0.7959,1.80,0.40
2008.03.03 09:59:32.963,0.7956,0.7959,1.80,0.40
2008.03.03 09:59:33.393,0.7956,0.7959,1.80,0.40
2008.03.03 09:59:33.727,0.7956,0.7959,1.80,0.40
2008.03.03 09:59:33.844,0.79514,0.79564,0.30,0.10
2008.03.03 09:59:34.061,0.7956,0.7959,1.80,0.40
2008.03.03 09:59:34.167,0.79512,0.79562,5.60,9.30
2008.03.03 09:59:34.394,0.7956,0.7959,1.80,0.40
2008.03.03 09:59:34.614,0.79514,0.79564,0.80,0.20
2008.03.03 09:59:34.726,0.7956,0.7959,1.80,0.40
2008.03.03 09:59:34.838,0.79524,0.79554,0.30,0.20
2008.03.03 09:59:34.948,0.7951,0.79565,0.60,2.40
2008.03.03 09:59:35.048,0.7956,0.7959,1.80,0.40
2008.03.03 09:59:35.281,0.7951,0.79565,2.40,2.40
2008.03.03 09:59:35.381,0.7956,0.7959,1.80,0.40
2008.03.03 09:59:35.535,0.79511,0.79561,1.00,0.20
2008.03.03 09:59:35.789,0.79512,0.79562,0.30,0.20
2008.03.03 09:59:35.827,0.7956,0.7959,1.80,0.40
2008.03.03 09:59:36.058,0.79508,0.79568,0.60,0.20
2008.03.03 09:59:36.265,0.7956,0.7959,1.80,0.40
2008.03.03 09:59:36.381,0.7951,0.7957,10.40,2.40
2008.03.03 09:59:36.605,0.7956,0.7959,1.80,0.40
2008.03.03 09:59:36.721,0.79511,0.79571,0.80,2.40
2008.03.03 09:59:36.920,0.7956,0.7959,1.80,0.40
2008.03.03 09:59:37.030,0.79511,0.79571,0.30,2.90
2008.03.03 09:59:37.246,0.7956,0.7959,1.80,0.40
2008.03.03 09:59:37.477,0.79512,0.79572,0.30,4.10
2008.03.03 09:59:37.530,0.7956,0.7959,1.80,0.40
2008.03.03 09:59:37.817,0.79511,0.79571,0.30,0.20
2008.03.03 09:59:37.897,0.7956,0.7959,1.80,0.40
2008.03.03 09:59:38.148,0.79512,0.79572,8.00,0.50
2008.03.03 09:59:38.236,0.7956,0.7959,1.80,0.40
2008.03.03 09:59:38.470,0.79513,0.79573,0.30,0.20
2008.03.03 09:59:38.567,0.7956,0.7959,1.80,0.40
2008.03.03 09:59:38.807,0.79514,0.79574,0.30,0.20
2008.03.03 09:59:38.913,0.7956,0.7959,1.80,0.40
2008.03.03 09:59:39.035,0.79512,0.79572,0.30,0.20
2008.03.03 09:59:39.223,0.7956,0.7959,1.80,0.40
2008.03.03 09:59:39.442,0.79511,0.79571,8.20,2.50
2008.03.03 09:59:39.560,0.7956,0.7959,1.80,0.40
2008.03.03 09:59:39.776,0.7951,0.7957,2.60,2.40
2008.03.03 09:59:39.887,0.7956,0.7959,1.80,0.40
2008.03.03 09:59:40.136,0.79508,0.79568,2.40,10.50
2008.03.03 09:59:40.212,0.7956,0.7959,1.80,0.40
2008.03.03 09:59:40.463,0.7951,0.7957,0.30,4.70
2008.03.03 09:59:40.553,0.7956,0.7959,1.80,0.40
2008.03.03 09:59:40.780,0.7951,0.7957,0.30,0.50
2008.03.03 09:59:40.988,0.7956,0.7959,1.80,0.40
2008.03.03 09:59:41.106,0.79509,0.79569,4.00,4.70
2008.03.03 09:59:41.420,0.79509,0.79569,0.30,4.00
2008.03.03 09:59:41.435,0.7956,0.7959,1.80,0.40
2008.03.03 09:59:41.661,0.79513,0.79563,0.30,8.00
2008.03.03 09:59:41.757,0.7956,0.7959,1.80,0.40
2008.03.03 09:59:41.992,0.79512,0.79562,0.10,0.20
2008.03.03 09:59:42.078,0.7956,0.7959,1.80,0.40
2008.03.03 09:59:42.227,0.79506,0.79571,0.60,0.20
2008.03.03 09:59:42.420,0.7956,0.7959,1.80,0.40
2008.03.03 09:59:42.536,0.79507,0.79572,0.30,0.20
2008.03.03 09:59:42.698,0.7956,0.7959,1.80,0.40
2008.03.03 09:59:42.875,0.79507,0.79572,2.40,0.20
2008.03.03 09:59:42.976,0.7956,0.7959,1.80,0.20
2008.03.03 09:59:43.200,0.79507,0.79572,4.00,0.20
2008.03.03 09:59:43.256,0.7956,0.7959,1.80,0.20
2008.03.03 09:59:43.528,0.79506,0.79571,0.30,0.20
2008.03.03 09:59:43.535,0.7956,0.7959,1.80,0.40
2008.03.03 09:59:43.850,0.7956,0.7959,1.80,0.40
2008.03.03 09:59:43.867,0.79506,0.79571,4.00,0.20
2008.03.03 09:59:44.196,0.79506,0.79571,0.60,0.20
2008.03.03 09:59:44.211,0.7956,0.7959,1.80,0.40
2008.03.03 09:59:44.464,0.7956,0.7959,1.80,0.40
2008.03.03 09:59:44.517,0.79506,0.79571,0.30,0.40
2008.03.03 09:59:44.720,0.7956,0.7958,0.80,0.20
2008.03.03 09:59:44.859,0.79507,0.79572,4.00,2.90
2008.03.03 09:59:44.974,0.7955,0.7958,0.30,0.20
2008.03.03 09:59:45.227,0.7955,0.7958,0.30,0.20
2008.03.03 09:59:45.272,0.79507,0.79572,0.30,0.20
2008.03.03 09:59:45.481,0.7955,0.7958,1.80,0.20
2008.03.03 09:59:45.626,0.79507,0.79572,0.30,0.20
2008.03.03 09:59:45.815,0.7955,0.7958,1.80,0.20
2008.03.03 09:59:45.965,0.79507,0.79572,0.30,4.00
2008.03.03 09:59:46.149,0.7955,0.7958,1.80,0.20
2008.03.03 09:59:46.327,0.79508,0.79573,0.30,0.20
2008.03.03 09:59:46.484,0.7955,0.7958,0.30,0.40
2008.03.03 09:59:46.585,0.79505,0.79575,0.30,0.20
2008.03.03 09:59:46.747,0.7955,0.7958,0.30,0.40
2008.03.03 09:59:46.843,0.79505,0.79575,0.60,4.00
2008.03.03 09:59:47.026,0.7955,0.7958,0.30,0.40
2008.03.03 09:59:47.164,0.79505,0.79575,0.30,0.50
2008.03.03 09:59:47.276,0.7955,0.7958,0.30,0.40
2008.03.03 09:59:47.491,0.79505,0.79575,1.00,0.20
2008.03.03 09:59:47.591,0.7955,0.7958,0.30,0.40
2008.03.03 09:59:47.853,0.79505,0.79575,2.40,2.40
2008.03.03 09:59:47.915,0.7955,0.7958,0.30,0.40
2008.03.03 09:59:48.153,0.79505,0.79575,0.30,4.00
2008.03.03 09:59:48.235,0.7955,0.79575,0.30,0.20
2008.03.03 09:59:48.453,0.79495,0.79585,4.00,2.40
2008.03.03 09:59:48.554,0.7955,0.79575,0.30,0.20
2008.03.03 09:59:48.696,0.79495,0.79585,0.30,0.20
2008.03.03 09:59:48.908,0.7955,0.79575,0.30,0.20
2008.03.03 09:59:48.984,0.79495,0.79585,4.00,0.40
2008.03.03 09:59:49.228,0.79495,0.79585,3.60,0.20
2008.03.03 09:59:49.233,0.7955,0.79575,0.30,0.20
2008.03.03 09:59:49.472,0.79495,0.79585,8.00,0.20
2008.03.03 09:59:49.806,0.79495,0.79585,0.30,0.20
2008.03.03 09:59:49.837,0.7955,0.79575,0.30,0.20
2008.03.03 09:59:50.140,0.79495,0.79585,4.00,0.20
2008.03.03 09:59:50.251,0.7955,0.79575,0.30,0.20
2008.03.03 09:59:50.474,0.79495,0.79585,0.30,0.60
2008.03.03 09:59:50.666,0.7955,0.79575,0.30,0.20
2008.03.03 09:59:50.793,0.79495,0.79585,0.60,8.80
2008.03.03 09:59:51.094,0.7955,0.79575,0.30,0.20
2008.03.03 09:59:51.125,0.79495,0.79585,4.20,2.40
2008.03.03 09:59:51.433,0.7955,0.79575,0.30,0.20
2008.03.03 09:59:51.458,0.79495,0.79585,0.30,0.80
2008.03.03 09:59:51.787,0.79495,0.79585,1.80,2.50
2008.03.03 09:59:51.873,0.7955,0.79575,0.30,0.20
2008.03.03 09:59:52.115,0.79495,0.79585,0.60,0.20
2008.03.03 09:59:52.205,0.7955,0.79575,0.30,0.20
2008.03.03 09:59:52.438,0.79495,0.79585,5.60,2.80
2008.03.03 09:59:52.550,0.7955,0.79575,0.30,0.20
2008.03.03 09:59:52.776,0.79495,0.79585,2.80,2.70
2008.03.03 09:59:52.970,0.7955,0.79575,0.30,0.20
2008.03.03 09:59:53.145,0.79495,0.79585,0.30,4.00
2008.03.03 09:59:53.304,0.7955,0.79575,0.30,0.20
2008.03.03 09:59:53.480,0.795,0.7958,0.40,2.40
2008.03.03 09:59:53.618,0.7955,0.79575,0.30,0.20
2008.03.03 09:59:53.733,0.795,0.7958,2.40,4.00
2008.03.03 09:59:53.842,0.7955,0.7958,0.30,0.40
2008.03.03 09:59:53.992,0.79511,0.79571,0.30,0.50
2008.03.03 09:59:54.089,0.7955,0.7958,0.30,0.40
2008.03.03 09:59:54.321,0.79511,0.79571,0.30,0.20
2008.03.03 09:59:54.408,0.7955,0.7958,0.30,0.40
2008.03.03 09:59:54.605,0.79512,0.79572,4.20,2.50
2008.03.03 09:59:54.732,0.7955,0.7958,0.30,0.40
2008.03.03 09:59:54.940,0.79514,0.79574,0.30,0.20
2008.03.03 09:59:55.041,0.7955,0.7958,0.30,0.40
2008.03.03 09:59:55.274,0.79521,0.79571,0.30,4.00
2008.03.03 09:59:55.387,0.7955,0.7958,0.30,0.40
2008.03.03 09:59:55.611,0.79525,0.79575,6.40,0.20
2008.03.03 09:59:55.709,0.79535,0.79565,4.00,0.20
2008.03.03 09:59:55.712,0.7955,0.7958,0.30,0.40
2008.03.03 09:59:55.853,0.79533,0.79563,0.30,0.20
2008.03.03 09:59:55.942,0.7953,0.7956,1.60,4.00
2008.03.03 09:59:56.063,0.7955,0.7958,0.30,0.40
2008.03.03 09:59:56.073,0.79529,0.79559,2.40,2.40
2008.03.03 09:59:56.167,0.79528,0.79558,0.30,0.20
2008.03.03 09:59:56.331,0.79526,0.79556,0.30,4.00
2008.03.03 09:59:56.468,0.79526,0.79556,0.60,0.20
2008.03.03 09:59:56.482,0.7955,0.7958,0.30,0.40
2008.03.03 09:59:56.525,0.79529,0.79554,0.30,2.40
2008.03.03 09:59:56.830,0.7955,0.7958,0.30,0.40
2008.03.03 09:59:57.144,0.7955,0.7958,0.30,0.40
2008.03.03 09:59:57.364,0.7955,0.7958,0.30,0.40
2008.03.03 09:59:57.623,0.7955,0.7958,0.30,0.40
2008.03.03 09:59:58.040,0.7955,0.7958,0.30,0.40
2008.03.03 09:59:58.158,0.79531,0.79556,0.30,0.20
2008.03.03 09:59:58.363,0.7955,0.7958,0.30,0.40
2008.03.03 09:59:58.497,0.79533,0.79558,0.30,0.50
2008.03.03 09:59:58.700,0.7955,0.7958,0.30,0.40
2008.03.03 09:59:58.822,0.79535,0.79561,0.30,0.40
2008.03.03 09:59:59.023,0.7955,0.7958,0.30,0.40
2008.03.03 09:59:59.344,0.7955,0.7958,0.30,0.40
2008.03.03 09:59:59.573,0.7955,0.7958,0.30,0.40
2008.03.03 09:59:59.864,0.7955,0.7958,0.30,0.40
