2010.10.20 23:00:03.870,0.75235,0.75255,1.60,2.80
2010.10.20 23:00:03.967,0.75235,0.75255,1.60,3.20
2010.10.20 23:00:04.067,0.75235,0.75255,1.60,3.60
2010.10.20 23:00:07.788,0.75225,0.7525,1.80,1.40
2010.10.20 23:00:08.132,0.75225,0.75245,1.00,3.20
2010.10.20 23:00:08.480,0.75225,0.75245,1.00,3.60
2010.10.20 23:00:17.270,0.7522,0.75245,4.10,3.60
2010.10.20 23:00:18.798,0.7522,0.75245,4.00,3.60
2010.10.20 23:00:32.663,0.7522,0.75235,4.00,1.00
2010.10.20 23:00:32.820,0.7522,0.75235,4.00,1.10
2010.10.20 23:00:37.180,0.7522,0.75235,4.00,1.00
2010.10.20 23:00:37.398,0.7522,0.75235,4.00,1.00
2010.10.20 23:00:37.618,0.7522,0.75235,4.00,1.00
2010.10.20 23:00:38.018,0.7522,0.75245,4.00,3.60
2010.10.20 23:00:47.050,0.75225,0.75245,1.60,3.60
2010.10.20 23:00:48.088,0.75225,0.75235,1.60,1.00
2010.10.20 23:00:48.283,0.75225,0.75235,1.60,1.10
2010.10.20 23:00:49.970,0.75225,0.75235,4.00,1.00
2010.10.20 23:00:50.192,0.75225,0.7525,4.00,4.00
2010.10.20 23:00:50.690,0.75225,0.7525,4.00,4.00
2010.10.20 23:00:50.908,0.75225,0.7525,4.00,4.00
2010.10.20 23:00:52.044,0.75225,0.7525,4.00,4.00
2010.10.20 23:00:55.129,0.75225,0.7525,4.00,2.40
2010.10.20 23:00:55.691,0.75225,0.7525,4.20,2.40
2010.10.20 23:01:03.317,0.75225,0.7525,4.20,4.00
2010.10.20 23:01:15.297,0.75225,0.7525,4.20,2.40
2010.10.20 23:01:15.638,0.75225,0.7525,4.20,4.00
2010.10.20 23:01:23.418,0.75225,0.7525,4.30,4.00
2010.10.20 23:01:23.642,0.7523,0.7525,1.00,4.00
2010.10.20 23:01:23.704,0.7523,0.7525,1.60,4.00
2010.10.20 23:01:29.258,0.7523,0.7525,2.60,2.40
2010.10.20 23:01:29.319,0.7523,0.75255,5.80,6.60
2010.10.20 23:01:29.428,0.7523,0.75255,6.60,5.80
2010.10.20 23:01:29.488,0.75235,0.75255,1.00,5.20
2010.10.20 23:01:29.547,0.75235,0.75255,1.00,4.00
2010.10.20 23:01:32.328,0.75235,0.75255,1.00,2.40
2010.10.20 23:01:32.660,0.75235,0.75255,1.00,4.00
2010.10.20 23:01:33.679,0.75235,0.75255,1.00,4.20
2010.10.20 23:01:48.947,0.75245,0.75255,1.00,4.00
2010.10.20 23:01:49.077,0.75245,0.7526,2.60,5.80
2010.10.20 23:01:49.119,0.75245,0.7526,2.60,5.00
2010.10.20 23:01:49.158,0.75245,0.7526,2.60,4.40
2010.10.20 23:01:49.259,0.75245,0.7526,2.60,2.00
2010.10.20 23:01:49.299,0.75245,0.7526,2.60,1.00
2010.10.20 23:01:49.728,0.75245,0.7527,2.60,5.40
2010.10.20 23:01:50.073,0.75245,0.7527,4.20,5.40
2010.10.20 23:01:51.750,0.75245,0.7527,4.20,5.40
2010.10.20 23:01:53.019,0.75245,0.75265,1.00,2.40
2010.10.20 23:02:00.920,0.75245,0.75265,1.60,2.40
2010.10.20 23:02:01.149,0.75245,0.7527,1.60,3.00
2010.10.20 23:02:03.610,0.75245,0.7527,1.60,3.40
2010.10.20 23:02:03.852,0.75245,0.75265,1.60,2.40
2010.10.20 23:02:20.777,0.75245,0.75265,1.60,4.00
2010.10.20 23:02:26.879,0.7524,0.75265,4.10,4.00
2010.10.20 23:02:27.699,0.7524,0.75265,4.00,4.00
2010.10.20 23:02:32.568,0.7524,0.75265,4.00,2.40
2010.10.20 23:03:01.279,0.7524,0.75265,4.00,4.00
2010.10.20 23:03:28.428,0.7524,0.75265,4.00,4.00
2010.10.20 23:04:11.237,0.7524,0.75265,4.00,2.40
2010.10.20 23:04:11.914,0.7524,0.75265,5.60,2.40
2010.10.20 23:04:23.637,0.7524,0.75265,5.60,2.40
2010.10.20 23:04:23.710,0.75245,0.75265,1.00,2.40
2010.10.20 23:04:23.887,0.75245,0.75265,1.60,2.40
2010.10.20 23:04:46.467,0.7524,0.75265,4.90,3.80
2010.10.20 23:04:47.151,0.7524,0.75265,4.10,3.80
2010.10.20 23:04:47.629,0.7524,0.75265,4.00,3.80
2010.10.20 23:04:51.850,0.7524,0.7526,4.00,1.00
2010.10.20 23:05:05.771,0.7524,0.7526,1.60,3.00
2010.10.20 23:05:29.219,0.7524,0.7526,2.00,3.00
2010.10.20 23:05:29.753,0.7524,0.7526,1.60,3.00
2010.10.20 23:05:41.667,0.7524,0.7526,1.60,2.80
2010.10.20 23:05:47.750,0.7524,0.7526,1.60,2.80
2010.10.20 23:05:53.408,0.7524,0.7526,2.40,2.40
2010.10.20 23:05:55.448,0.7524,0.7526,2.40,2.40
2010.10.20 23:06:10.412,0.7524,0.75265,7.10,3.60
2010.10.20 23:06:10.999,0.7524,0.75265,8.70,3.60
2010.10.20 23:06:11.208,0.75245,0.75265,1.00,2.80
2010.10.20 23:06:12.800,0.75245,0.75265,1.00,2.80
2010.10.20 23:06:35.200,0.7525,0.75265,1.00,2.80
2010.10.20 23:06:38.393,0.7525,0.7527,1.00,2.40
2010.10.20 23:06:38.829,0.7525,0.7527,1.00,2.40
2010.10.20 23:06:39.496,0.7525,0.75275,7.30,3.60
2010.10.20 23:06:39.842,0.75255,0.75275,1.00,3.60
2010.10.20 23:06:41.692,0.75255,0.75275,1.00,3.60
2010.10.20 23:06:53.317,0.75265,0.75275,1.00,3.60
2010.10.20 23:06:53.656,0.75265,0.7528,1.00,3.60
2010.10.20 23:06:53.840,0.75265,0.75275,1.00,2.40
2010.10.20 23:06:53.933,0.75255,0.75275,1.90,2.40
2010.10.20 23:06:54.335,0.7526,0.7528,1.00,3.60
2010.10.20 23:06:54.438,0.7526,0.7528,1.90,3.60
2010.10.20 23:06:54.782,0.7526,0.7528,1.70,3.60
2010.10.20 23:06:55.133,0.75265,0.7528,1.00,3.60
2010.10.20 23:06:55.910,0.75265,0.75275,1.00,2.40
2010.10.20 23:06:56.144,0.75265,0.7528,1.00,3.60
2010.10.20 23:06:58.364,0.7526,0.7528,2.50,3.80
2010.10.20 23:06:58.643,0.75265,0.75275,1.00,2.40
2010.10.20 23:06:59.129,0.75265,0.7528,1.00,3.60
2010.10.20 23:07:01.373,0.75265,0.7528,1.00,2.80
2010.10.20 23:07:01.572,0.75265,0.7528,1.00,2.40
2010.10.20 23:07:24.082,0.7526,0.7528,3.40,2.60
2010.10.20 23:07:24.289,0.7526,0.75275,3.40,2.40
2010.10.20 23:07:24.809,0.7526,0.75275,1.00,2.40
2010.10.20 23:07:25.091,0.75255,0.75275,2.20,2.40
2010.10.20 23:07:25.733,0.75255,0.75275,1.80,2.40
2010.10.20 23:07:26.009,0.75255,0.75275,1.80,2.40
2010.10.20 23:07:27.769,0.75255,0.75275,1.90,2.40
2010.10.20 23:07:33.551,0.7526,0.75275,1.60,2.40
2010.10.20 23:07:35.249,0.7526,0.75275,1.00,2.40
2010.10.20 23:07:36.303,0.7526,0.7528,1.00,3.40
2010.10.20 23:07:36.827,0.7526,0.7528,2.40,3.40
2010.10.20 23:07:38.527,0.7527,0.7528,1.00,1.00
2010.10.20 23:07:39.072,0.7527,0.75285,1.00,1.00
2010.10.20 23:07:39.258,0.7527,0.7529,1.00,4.00
2010.10.20 23:07:41.630,0.7527,0.7529,1.00,4.00
2010.10.20 23:07:42.171,0.7527,0.7528,1.00,2.40
2010.10.20 23:07:42.492,0.75265,0.7529,4.00,4.00
2010.10.20 23:07:42.820,0.7527,0.7529,1.60,4.00
2010.10.20 23:07:45.759,0.7527,0.7529,1.70,4.00
2010.10.20 23:07:48.513,0.7527,0.7529,1.70,4.20
2010.10.20 23:07:50.155,0.75265,0.7529,1.60,4.20
2010.10.20 23:07:50.406,0.75265,0.7529,1.60,4.00
2010.10.20 23:07:50.653,0.75265,0.7529,1.60,4.00
2010.10.20 23:07:51.677,0.7527,0.7529,1.00,4.00
2010.10.20 23:07:51.931,0.7527,0.7529,1.00,2.40
2010.10.20 23:07:52.485,0.7527,0.7529,1.60,2.40
2010.10.20 23:07:52.843,0.7527,0.7529,1.60,2.40
2010.10.20 23:07:53.662,0.7527,0.7529,1.70,2.40
2010.10.20 23:08:02.117,0.7527,0.75295,4.90,2.40
2010.10.20 23:08:02.334,0.75275,0.75295,1.60,2.40
2010.10.20 23:08:04.246,0.75275,0.75295,1.60,2.60
2010.10.20 23:08:05.098,0.75275,0.75295,1.60,2.60
2010.10.20 23:08:11.140,0.75275,0.753,4.10,6.20
2010.10.20 23:08:11.384,0.7528,0.753,1.00,1.00
2010.10.20 23:08:11.631,0.7528,0.75305,1.00,3.00
2010.10.20 23:08:12.385,0.7528,0.75305,1.00,2.80
2010.10.20 23:08:12.903,0.7528,0.75305,1.00,2.80
2010.10.20 23:08:18.830,0.7529,0.75305,1.20,1.20
2010.10.20 23:08:19.093,0.7529,0.753,4.40,1.00
2010.10.20 23:08:19.254,0.7528,0.75295,1.00,2.40
2010.10.20 23:08:19.733,0.7528,0.753,1.00,2.40
2010.10.20 23:08:19.897,0.7528,0.75305,3.20,1.40
2010.10.20 23:08:20.539,0.7528,0.75305,3.20,1.20
2010.10.20 23:08:20.884,0.7528,0.75305,3.20,1.20
2010.10.20 23:08:23.809,0.7528,0.75295,1.00,2.40
2010.10.20 23:08:24.127,0.7528,0.75295,2.40,2.40
2010.10.20 23:08:24.445,0.7528,0.753,4.10,2.60
2010.10.20 23:08:25.384,0.7528,0.753,4.10,3.40
2010.10.20 23:08:26.681,0.7528,0.753,4.30,3.40
2010.10.20 23:08:27.023,0.7528,0.753,6.70,1.00
2010.10.20 23:08:28.030,0.7528,0.75295,4.10,1.00
2010.10.20 23:08:28.160,0.7528,0.75295,2.40,1.00
2010.10.20 23:08:28.290,0.7528,0.75295,1.00,1.00
2010.10.20 23:08:28.420,0.7528,0.75295,1.00,1.00
2010.10.20 23:08:30.218,0.7528,0.753,1.00,5.00
2010.10.20 23:08:42.953,0.7528,0.753,1.60,5.00
2010.10.20 23:08:47.455,0.75285,0.753,1.00,5.00
2010.10.20 23:08:47.758,0.7529,0.7531,3.20,2.80
2010.10.20 23:08:47.913,0.7529,0.7531,3.20,2.00
2010.10.20 23:08:48.062,0.75295,0.7531,1.00,2.00
2010.10.20 23:08:48.216,0.75295,0.7531,1.60,2.00
2010.10.20 23:08:50.011,0.75305,0.7531,1.60,1.00
2010.10.20 23:08:50.355,0.753,0.7531,4.00,1.00
2010.10.20 23:08:52.040,0.753,0.7531,4.00,1.00
2010.10.20 23:08:52.845,0.753,0.7531,4.10,1.00
2010.10.20 23:09:00.188,0.753,0.75315,4.10,1.00
2010.10.20 23:09:02.866,0.75305,0.75315,2.40,1.00
2010.10.20 23:09:02.971,0.75305,0.75315,3.20,1.00
2010.10.20 23:09:03.021,0.75305,0.75315,4.20,1.00
2010.10.20 23:09:03.125,0.7531,0.75315,2.40,1.00
2010.10.20 23:09:03.339,0.7531,0.75315,3.20,1.00
2010.10.20 23:09:03.699,0.7531,0.7533,3.20,1.60
2010.10.20 23:09:04.013,0.7531,0.75335,4.00,5.20
2010.10.20 23:09:05.226,0.7531,0.75335,4.00,5.20
2010.10.20 23:09:05.812,0.7531,0.75335,4.10,5.20
2010.10.20 23:09:06.745,0.7531,0.7533,4.00,1.00
2010.10.20 23:09:06.952,0.7531,0.7533,1.60,1.00
2010.10.20 23:09:07.153,0.75305,0.7533,2.40,1.00
2010.10.20 23:09:07.615,0.75305,0.75325,1.00,1.00
2010.10.20 23:09:07.888,0.753,0.75325,3.20,1.00
2010.10.20 23:09:10.829,0.75295,0.7532,3.20,1.20
2010.10.20 23:09:11.067,0.75295,0.75315,1.60,2.40
2010.10.20 23:09:11.301,0.7529,0.75315,5.60,2.40
2010.10.20 23:09:11.712,0.7529,0.75315,5.60,2.40
2010.10.20 23:09:12.661,0.7529,0.75315,5.60,2.40
2010.10.20 23:09:13.036,0.7529,0.75315,4.80,3.60
2010.10.20 23:09:20.419,0.7529,0.75315,3.20,3.60
2010.10.20 23:09:20.710,0.7529,0.75315,4.80,3.60
2010.10.20 23:09:24.550,0.753,0.75315,1.00,3.60
2010.10.20 23:09:46.382,0.753,0.75305,1.00,2.40
2010.10.20 23:09:46.604,0.7529,0.7531,2.40,2.60
2010.10.20 23:09:46.711,0.7529,0.753,2.40,1.00
2010.10.20 23:09:47.227,0.75285,0.75295,1.00,2.40
2010.10.20 23:09:47.341,0.75285,0.753,1.00,3.10
2010.10.20 23:09:47.688,0.75285,0.753,1.00,1.60
2010.10.20 23:09:48.372,0.75285,0.753,1.60,1.60
2010.10.20 23:09:48.593,0.75285,0.75305,1.00,1.60
2010.10.20 23:09:54.795,0.75285,0.7531,1.00,2.80
2010.10.20 23:09:54.883,0.75285,0.7531,1.60,2.00
2010.10.20 23:09:55.139,0.75285,0.7531,1.60,1.60
2010.10.20 23:09:57.960,0.75285,0.7531,1.00,2.80
2010.10.20 23:10:00.928,0.75285,0.7531,1.60,2.00
2010.10.20 23:10:08.067,0.7529,0.7531,1.00,1.60
2010.10.20 23:10:10.800,0.7529,0.75315,4.00,5.20
2010.10.20 23:10:12.709,0.7529,0.75315,4.00,5.20
2010.10.20 23:10:13.683,0.7529,0.75315,4.10,5.20
2010.10.20 23:10:20.439,0.7529,0.75315,4.10,5.40
2010.10.20 23:10:27.048,0.753,0.75315,1.00,5.40
2010.10.20 23:10:28.371,0.753,0.75315,1.00,5.40
2010.10.20 23:10:30.896,0.753,0.75315,1.00,4.20
2010.10.20 23:10:35.770,0.753,0.7532,1.00,3.40
2010.10.20 23:10:35.904,0.753,0.7532,1.00,3.00
2010.10.20 23:10:36.131,0.753,0.7532,1.00,4.60
2010.10.20 23:10:38.878,0.753,0.75315,1.00,1.00
2010.10.20 23:10:47.064,0.7531,0.7532,1.00,4.60
2010.10.20 23:10:47.205,0.7531,0.7532,1.00,1.00
2010.10.20 23:10:47.340,0.75315,0.75325,1.00,1.60
2010.10.20 23:10:50.061,0.7531,0.75315,1.00,1.00
2010.10.20 23:10:50.261,0.75305,0.75315,1.70,1.00
2010.10.20 23:10:56.564,0.75305,0.7532,1.70,2.60
2010.10.20 23:10:59.532,0.75305,0.75315,1.00,2.40
2010.10.20 23:11:05.123,0.75305,0.7532,1.00,4.00
2010.10.20 23:11:05.342,0.75305,0.7532,1.00,2.40
2010.10.20 23:11:06.352,0.75305,0.7532,1.00,2.60
2010.10.20 23:11:26.752,0.75305,0.7532,1.00,1.00
2010.10.20 23:11:26.891,0.75305,0.7532,1.70,1.00
2010.10.20 23:11:29.297,0.75305,0.75325,4.10,1.00
2010.10.20 23:11:29.634,0.75315,0.75325,1.00,1.00
2010.10.20 23:11:30.970,0.75315,0.7533,1.00,3.40
2010.10.20 23:11:32.551,0.7531,0.7532,1.00,1.00
2010.10.20 23:11:32.741,0.7531,0.7532,1.00,3.80
2010.10.20 23:11:32.921,0.7531,0.75315,1.00,1.00
2010.10.20 23:11:33.107,0.7531,0.75315,1.00,1.00
2010.10.20 23:11:33.418,0.75295,0.7531,1.00,2.60
2010.10.20 23:11:34.065,0.753,0.7531,1.00,3.00
2010.10.20 23:11:34.374,0.75295,0.7531,1.00,2.80
2010.10.20 23:11:34.592,0.75295,0.7531,1.00,1.00
2010.10.20 23:11:34.803,0.753,0.7531,1.00,3.00
2010.10.20 23:11:35.022,0.75295,0.7531,1.00,3.00
2010.10.20 23:11:36.800,0.75295,0.7531,1.00,1.00
2010.10.20 23:11:37.224,0.75295,0.75305,1.00,1.00
2010.10.20 23:11:44.533,0.75295,0.75305,1.00,2.60
2010.10.20 23:11:46.191,0.75295,0.75305,1.00,2.40
2010.10.20 23:11:49.438,0.75295,0.7531,1.00,3.60
2010.10.20 23:11:52.287,0.75295,0.7531,1.00,3.80
2010.10.20 23:11:58.079,0.75295,0.7531,1.00,3.60
2010.10.20 23:11:58.219,0.75295,0.7531,1.00,1.20
2010.10.20 23:11:58.835,0.75295,0.75305,1.00,1.00
2010.10.20 23:12:00.021,0.75295,0.7531,1.00,3.80
2010.10.20 23:12:25.642,0.75295,0.7531,1.00,1.40
2010.10.20 23:12:25.834,0.75295,0.75305,1.00,1.00
2010.10.20 23:12:27.889,0.75295,0.7531,1.00,4.60
2010.10.20 23:12:28.349,0.75295,0.75305,1.00,2.40
2010.10.20 23:12:28.462,0.75295,0.75305,1.00,2.60
2010.10.20 23:12:28.680,0.7529,0.75305,1.00,2.60
2010.10.20 23:12:28.911,0.7529,0.75305,1.00,3.00
2010.10.20 23:12:29.030,0.7529,0.75305,1.00,3.80
2010.10.20 23:12:31.291,0.7529,0.753,1.00,1.00
2010.10.20 23:12:31.531,0.75285,0.753,1.00,2.60
2010.10.20 23:12:34.819,0.75285,0.753,1.00,2.40
2010.10.20 23:12:35.184,0.75285,0.75305,1.00,3.80
2010.10.20 23:12:35.308,0.75285,0.753,1.00,1.00
2010.10.20 23:12:38.180,0.75285,0.75305,1.00,3.80
2010.10.20 23:12:38.302,0.75295,0.75305,1.00,1.40
2010.10.20 23:12:38.425,0.75295,0.75305,1.00,1.00
2010.10.20 23:12:39.331,0.75295,0.7531,1.00,4.60
2010.10.20 23:12:42.061,0.75295,0.7531,1.00,1.20
2010.10.20 23:12:44.880,0.75295,0.7531,1.00,1.40
2010.10.20 23:12:49.282,0.75295,0.7531,1.00,4.60
2010.10.20 23:12:50.296,0.75295,0.7531,1.00,3.80
2010.10.20 23:13:03.868,0.75295,0.753,1.00,1.00
2010.10.20 23:13:04.103,0.75285,0.753,1.70,1.00
2010.10.20 23:13:04.365,0.7529,0.753,1.00,1.00
2010.10.20 23:13:26.540,0.7528,0.7529,1.20,1.00
2010.10.20 23:13:26.724,0.7528,0.7529,1.00,1.00
2010.10.20 23:13:27.265,0.7527,0.7529,8.50,1.00
2010.10.20 23:13:28.221,0.7527,0.75295,9.50,1.00
2010.10.20 23:13:28.790,0.75275,0.75295,1.00,1.00
2010.10.20 23:13:29.218,0.75275,0.75295,2.60,1.00
2010.10.20 23:13:29.387,0.75275,0.753,4.60,2.00
2010.10.20 23:13:30.810,0.75275,0.753,4.60,2.00
2010.10.20 23:13:34.199,0.75275,0.753,4.60,2.00
2010.10.20 23:13:34.268,0.75275,0.753,3.80,2.80
2010.10.20 23:13:35.571,0.75275,0.753,3.80,1.20
2010.10.20 23:13:36.602,0.75275,0.753,3.80,2.80
2010.10.20 23:13:36.897,0.7528,0.753,3.00,1.00
2010.10.20 23:13:39.503,0.7528,0.753,3.80,1.00
2010.10.20 23:13:41.341,0.7528,0.753,1.00,1.00
2010.10.20 23:13:41.582,0.75275,0.753,7.00,1.40
2010.10.20 23:13:42.299,0.75275,0.753,6.20,1.20
2010.10.20 23:13:43.103,0.7528,0.753,2.60,1.20
2010.10.20 23:13:43.331,0.7528,0.75305,4.00,2.00
2010.10.20 23:13:44.361,0.7528,0.75305,4.00,2.00
2010.10.20 23:13:45.314,0.7528,0.75305,4.00,2.00
2010.10.20 23:13:45.503,0.7528,0.75305,1.60,4.80
2010.10.20 23:13:47.727,0.7528,0.75305,1.60,4.90
2010.10.20 23:13:55.306,0.7528,0.75305,1.60,5.10
2010.10.20 23:13:57.040,0.7528,0.75305,1.60,5.90
2010.10.20 23:14:28.239,0.7528,0.753,1.60,1.00
2010.10.20 23:15:02.350,0.7528,0.753,1.00,1.00
2010.10.20 23:15:02.540,0.7528,0.753,1.00,1.00
2010.10.20 23:15:02.729,0.7528,0.753,1.00,1.00
2010.10.20 23:15:04.669,0.7528,0.753,1.00,1.00
2010.10.20 23:15:04.916,0.7528,0.75305,3.20,3.80
2010.10.20 23:15:05.151,0.7528,0.75305,4.00,3.00
2010.10.20 23:15:05.391,0.7528,0.75305,4.00,2.20
2010.10.20 23:15:06.881,0.7528,0.75305,4.00,2.00
2010.10.20 23:15:07.202,0.7528,0.75305,4.00,2.00
2010.10.20 23:15:07.940,0.7528,0.75305,4.80,2.00
2010.10.20 23:15:08.788,0.7528,0.75305,4.90,2.00
2010.10.20 23:15:48.071,0.75285,0.75305,1.00,2.00
2010.10.20 23:15:48.319,0.75285,0.75305,1.60,2.60
2010.10.20 23:15:53.550,0.75285,0.75305,1.00,2.60
2010.10.20 23:15:53.630,0.7528,0.75305,4.90,2.60
2010.10.20 23:16:18.981,0.75285,0.75305,1.60,2.60
2010.10.20 23:16:23.375,0.75285,0.75305,1.00,2.60
2010.10.20 23:16:23.419,0.7528,0.75305,4.90,2.60
2010.10.20 23:16:44.689,0.7528,0.75305,4.90,1.00
2010.10.20 23:16:50.477,0.7528,0.75305,4.10,1.00
2010.10.20 23:16:59.068,0.75295,0.75305,2.00,1.00
2010.10.20 23:17:03.189,0.7529,0.75295,1.00,1.00
2010.10.20 23:17:03.269,0.7528,0.75295,2.40,1.00
2010.10.20 23:17:03.460,0.75295,0.753,2.00,1.00
2010.10.20 23:17:04.255,0.75295,0.753,2.00,1.00
2010.10.20 23:17:04.388,0.75295,0.75305,2.00,2.60
2010.10.20 23:17:08.599,0.75295,0.75305,2.00,1.80
2010.10.20 23:17:12.312,0.7529,0.75295,4.00,1.00
2010.10.20 23:17:12.552,0.7528,0.75295,2.40,1.00
2010.10.20 23:17:12.796,0.75285,0.753,1.00,4.80
2010.10.20 23:17:13.310,0.7529,0.75295,1.60,1.00
2010.10.20 23:17:13.492,0.75295,0.75305,1.00,1.00
2010.10.20 23:17:13.672,0.75295,0.753,1.00,1.00
2010.10.20 23:17:14.392,0.75295,0.75305,1.00,1.80
2010.10.20 23:17:28.803,0.75295,0.7531,1.00,2.20
2010.10.20 23:17:29.061,0.75295,0.75305,1.00,1.00
2010.10.20 23:17:39.328,0.75285,0.75305,6.20,1.00
2010.10.20 23:18:23.899,0.75285,0.75305,6.00,1.00
2010.10.20 23:18:58.053,0.75285,0.75305,6.20,1.00
2010.10.20 23:18:58.965,0.75285,0.75305,6.10,1.00
2010.10.20 23:18:59.961,0.75285,0.75305,6.00,1.00
2010.10.20 23:19:18.659,0.75285,0.75305,6.10,1.00
2010.10.20 23:19:19.671,0.75285,0.75305,6.20,1.00
2010.10.20 23:19:27.560,0.75285,0.75305,6.00,1.00
2010.10.20 23:19:27.989,0.75285,0.75305,3.60,1.00
2010.10.20 23:19:28.234,0.75285,0.75305,3.20,1.00
2010.10.20 23:19:30.222,0.75285,0.7531,3.20,6.20
2010.10.20 23:19:30.481,0.75285,0.7531,6.00,3.80
2010.10.20 23:19:30.561,0.75285,0.7531,6.00,1.40
2010.10.20 23:19:30.890,0.75285,0.7531,7.60,1.40
2010.10.20 23:19:31.387,0.75285,0.75305,7.60,1.00
2010.10.20 23:19:32.692,0.75285,0.75305,7.70,1.00
2010.10.20 23:19:38.500,0.7529,0.7531,1.60,1.00
2010.10.20 23:19:38.622,0.7529,0.75315,4.00,2.40
2010.10.20 23:19:38.862,0.7529,0.75315,4.80,1.60
2010.10.20 23:19:38.961,0.75295,0.75315,4.00,1.60
2010.10.20 23:19:40.232,0.75295,0.7532,4.00,1.60
2010.10.20 23:19:41.585,0.753,0.75325,3.20,3.60
2010.10.20 23:19:41.775,0.753,0.75325,4.80,3.80
2010.10.20 23:19:41.964,0.753,0.75325,2.40,6.60
2010.10.20 23:19:42.510,0.753,0.75325,1.60,6.60
2010.10.20 23:19:43.810,0.753,0.75325,1.60,6.70
2010.10.20 23:19:43.999,0.753,0.7532,1.60,1.00
2010.10.20 23:19:56.310,0.753,0.7531,1.00,1.00
2010.10.20 23:19:56.830,0.75295,0.7531,1.00,1.00
2010.10.20 23:20:03.141,0.7529,0.7531,3.60,1.00
2010.10.20 23:20:03.241,0.7529,0.7531,2.80,1.00
2010.10.20 23:20:03.340,0.7529,0.7531,1.60,1.00
2010.10.20 23:20:14.477,0.75285,0.7531,6.90,1.00
2010.10.20 23:20:14.845,0.7529,0.7531,1.00,1.00
2010.10.20 23:20:28.132,0.7529,0.7531,1.00,1.00
2010.10.20 23:20:29.227,0.7529,0.7531,1.00,1.00
2010.10.20 23:20:58.561,0.7529,0.7531,1.00,1.00
2010.10.20 23:20:58.830,0.7529,0.75305,1.00,1.00
2010.10.20 23:21:13.334,0.7529,0.7531,1.00,1.00
2010.10.20 23:21:15.370,0.75285,0.7531,7.10,1.00
2010.10.20 23:21:18.923,0.75295,0.75315,1.00,6.60
2010.10.20 23:21:29.058,0.75295,0.7531,1.00,1.00
2010.10.20 23:21:29.204,0.75295,0.7531,1.00,1.20
2010.10.20 23:21:32.181,0.75295,0.75315,1.00,7.40
2010.10.20 23:21:32.441,0.75295,0.75315,1.00,6.60
2010.10.20 23:21:32.701,0.75295,0.75315,1.00,7.40
2010.10.20 23:21:32.881,0.75295,0.75315,1.00,6.90
2010.10.20 23:21:33.060,0.75295,0.75315,1.00,6.50
2010.10.20 23:21:41.513,0.75295,0.75315,1.00,5.60
2010.10.20 23:21:42.431,0.753,0.75315,1.00,5.60
2010.10.20 23:21:42.718,0.75305,0.75315,1.00,1.60
2010.10.20 23:21:43.228,0.75305,0.7532,1.00,2.00
2010.10.20 23:21:43.418,0.75305,0.7532,1.00,1.20
2010.10.20 23:21:52.191,0.75305,0.75325,1.00,6.50
2010.10.20 23:21:55.145,0.75305,0.75325,1.00,6.60
2010.10.20 23:21:58.230,0.75305,0.75325,1.00,6.40
2010.10.20 23:21:59.541,0.7531,0.75325,1.00,5.20
2010.10.20 23:21:59.743,0.75315,0.75325,1.00,1.20
2010.10.20 23:21:59.943,0.75315,0.7533,1.00,3.00
2010.10.20 23:22:00.143,0.75315,0.75335,1.00,5.20
2010.10.20 23:22:00.957,0.75315,0.75335,1.80,5.20
2010.10.20 23:22:01.583,0.75315,0.7533,1.00,3.20
2010.10.20 23:22:01.774,0.75315,0.7533,1.00,3.20
2010.10.20 23:22:01.962,0.75315,0.7533,1.00,1.00
2010.10.20 23:22:02.629,0.75315,0.75335,1.00,6.40
2010.10.20 23:22:02.938,0.75315,0.75335,1.00,6.60
2010.10.20 23:22:04.353,0.7531,0.75335,1.00,7.60
2010.10.20 23:22:04.451,0.7531,0.75335,1.00,7.50
2010.10.20 23:22:04.551,0.7531,0.7533,1.00,3.20
2010.10.20 23:22:04.631,0.7531,0.7533,1.00,3.60
2010.10.20 23:22:04.713,0.75315,0.7533,1.00,5.00
2010.10.20 23:22:04.792,0.75315,0.7533,1.00,3.40
2010.10.20 23:22:05.188,0.75315,0.7533,1.00,2.00
2010.10.20 23:22:05.262,0.75315,0.75335,1.00,6.60
2010.10.20 23:22:06.770,0.75315,0.75335,1.00,6.50
2010.10.20 23:22:07.791,0.75315,0.7533,1.00,5.80
2010.10.20 23:22:07.885,0.75315,0.7533,1.00,1.20
2010.10.20 23:22:07.981,0.75315,0.7533,1.00,1.00
2010.10.20 23:22:08.070,0.75315,0.75335,1.00,6.70
2010.10.20 23:22:08.612,0.75315,0.75335,1.00,6.50
2010.10.20 23:22:08.801,0.75315,0.75335,1.00,6.60
2010.10.20 23:22:09.722,0.75315,0.75335,1.00,6.50
2010.10.20 23:22:18.899,0.75315,0.75335,1.00,6.60
2010.10.20 23:22:20.330,0.75315,0.75335,1.00,6.40
2010.10.20 23:22:21.789,0.75315,0.75335,1.00,6.50
2010.10.20 23:22:33.425,0.7531,0.7533,1.00,6.60
2010.10.20 23:22:35.305,0.75315,0.7533,1.00,3.40
2010.10.20 23:22:35.370,0.75315,0.7533,1.00,3.00
2010.10.20 23:22:35.412,0.75315,0.7533,1.00,1.00
2010.10.20 23:22:35.431,0.75315,0.75335,1.00,6.40
2010.10.20 23:22:35.748,0.75315,0.75335,1.00,5.20
2010.10.20 23:22:37.921,0.75315,0.75335,1.00,6.40
2010.10.20 23:22:39.702,0.75315,0.75335,1.00,6.50
2010.10.20 23:22:40.502,0.75315,0.7533,1.00,2.40
2010.10.20 23:22:40.634,0.7531,0.7533,1.80,4.00
2010.10.20 23:22:40.777,0.75315,0.7533,1.00,5.40
2010.10.20 23:22:40.916,0.75315,0.7533,1.00,1.20
2010.10.20 23:22:41.051,0.75315,0.7533,1.00,1.00
2010.10.20 23:22:41.310,0.75315,0.75335,1.00,6.60
2010.10.20 23:22:41.703,0.75315,0.75335,1.00,6.50
2010.10.20 23:22:42.754,0.75315,0.75335,1.00,6.60
2010.10.20 23:22:46.794,0.75315,0.75335,1.00,6.50
2010.10.20 23:22:52.578,0.75315,0.75335,1.00,6.90
2010.10.20 23:22:52.819,0.75315,0.75335,1.00,7.30
2010.10.20 23:22:53.316,0.75315,0.75335,1.00,7.60
2010.10.20 23:23:03.295,0.75315,0.75335,1.00,7.20
2010.10.20 23:23:03.390,0.75315,0.75335,1.00,6.50
2010.10.20 23:23:08.920,0.7532,0.75335,4.00,5.70
2010.10.20 23:23:08.988,0.7533,0.75335,1.00,2.40
2010.10.20 23:23:09.051,0.7533,0.7534,1.00,4.10
2010.10.20 23:23:09.112,0.7533,0.7534,1.00,1.00
2010.10.20 23:23:09.173,0.7533,0.75345,1.00,2.00
2010.10.20 23:23:09.292,0.7534,0.75345,1.00,1.20
2010.10.20 23:23:09.493,0.75335,0.7535,1.00,2.40
2010.10.20 23:23:09.827,0.75335,0.7535,1.00,1.60
2010.10.20 23:23:10.035,0.7533,0.75345,1.00,1.20
2010.10.20 23:23:11.586,0.75325,0.75345,1.00,1.20
2010.10.20 23:23:13.335,0.7532,0.7534,1.00,1.20
2010.10.20 23:23:13.534,0.7532,0.75335,1.00,1.00
2010.10.20 23:23:13.731,0.75325,0.75335,1.00,1.00
2010.10.20 23:23:24.130,0.75325,0.75335,1.00,1.20
2010.10.20 23:23:33.000,0.7532,0.75335,1.00,1.20
2010.10.20 23:23:33.294,0.75315,0.7533,1.00,1.00
2010.10.20 23:23:33.876,0.75315,0.75325,1.00,1.00
2010.10.20 23:23:34.903,0.7531,0.75325,2.60,1.00
2010.10.20 23:23:39.340,0.7531,0.75325,1.80,1.00
2010.10.20 23:23:39.532,0.7531,0.75325,2.60,1.00
2010.10.20 23:23:40.868,0.7531,0.75325,3.00,1.00
2010.10.20 23:23:52.022,0.7531,0.75325,1.40,1.00
2010.10.20 23:23:52.441,0.7531,0.75325,1.00,1.00
2010.10.20 23:23:55.821,0.7532,0.7533,1.00,9.00
2010.10.20 23:23:56.031,0.7532,0.7533,1.00,6.40
2010.10.20 23:23:56.242,0.7532,0.7533,1.00,1.60
2010.10.20 23:23:56.715,0.75315,0.75325,1.00,1.00
2010.10.20 23:23:57.591,0.75315,0.75325,1.00,1.00
2010.10.20 23:24:30.030,0.75305,0.75325,3.00,1.00
2010.10.20 23:24:30.132,0.75305,0.75325,1.00,1.20
2010.10.20 23:24:31.611,0.7531,0.75325,1.00,1.20
2010.10.20 23:24:31.933,0.75305,0.75325,1.00,1.40
2010.10.20 23:24:32.265,0.75305,0.75325,1.00,3.80
2010.10.20 23:24:32.620,0.75305,0.75315,1.00,1.00
2010.10.20 23:24:33.642,0.75305,0.75325,1.00,6.40
2010.10.20 23:24:34.662,0.75305,0.75325,1.00,6.60
2010.10.20 23:24:41.430,0.75305,0.75325,1.00,6.40
2010.10.20 23:24:41.571,0.75305,0.75325,1.00,3.60
2010.10.20 23:24:41.833,0.75305,0.75325,1.80,2.80
2010.10.20 23:24:42.102,0.75305,0.75325,1.00,2.80
2010.10.20 23:24:42.445,0.75305,0.75325,1.00,2.80
2010.10.20 23:24:43.622,0.75305,0.75325,1.00,2.80
2010.10.20 23:24:50.389,0.75305,0.75325,1.00,1.20
2010.10.20 23:24:59.867,0.753,0.75325,1.60,4.80
2010.10.20 23:25:00.551,0.753,0.75325,2.60,4.80
2010.10.20 23:25:01.488,0.753,0.75325,2.60,6.40
2010.10.20 23:25:02.137,0.753,0.75325,2.60,6.60
2010.10.20 23:25:02.519,0.75305,0.75325,1.00,6.60
2010.10.20 23:25:53.441,0.75305,0.75325,1.00,7.40
2010.10.20 23:25:54.158,0.75305,0.75325,1.00,6.60
2010.10.20 23:25:56.672,0.75305,0.75325,1.00,6.40
2010.10.20 23:25:56.978,0.75305,0.7532,1.00,1.00
2010.10.20 23:25:57.655,0.75285,0.75295,4.80,2.00
2010.10.20 23:25:58.010,0.75285,0.75295,1.60,2.00
2010.10.20 23:25:58.733,0.75285,0.75295,1.60,2.40
2010.10.20 23:25:59.400,0.7528,0.7529,1.60,3.20
2010.10.20 23:26:00.745,0.75275,0.7529,1.60,1.20
2010.10.20 23:26:01.109,0.75275,0.7529,1.60,1.00
2010.10.20 23:26:01.646,0.75275,0.75295,4.00,1.20
2010.10.20 23:26:17.991,0.75275,0.75295,2.40,1.20
2010.10.20 23:26:18.358,0.75275,0.75295,2.40,1.00
2010.10.20 23:26:18.702,0.75275,0.753,2.40,1.20
2010.10.20 23:26:33.894,0.75275,0.753,2.40,2.80
2010.10.20 23:26:41.755,0.75275,0.753,2.40,2.80
2010.10.20 23:26:51.800,0.75275,0.753,2.40,2.80
2010.10.20 23:27:00.040,0.7527,0.75295,8.40,1.00
2010.10.20 23:27:00.124,0.7527,0.75295,8.40,1.20
2010.10.20 23:27:00.282,0.7527,0.75295,5.60,1.20
2010.10.20 23:27:00.712,0.7527,0.75295,5.70,1.20
2010.10.20 23:27:07.755,0.7527,0.75295,4.10,1.20
2010.10.20 23:27:28.820,0.7527,0.75295,4.00,1.20
2010.10.20 23:27:29.073,0.75265,0.7529,8.90,1.00
2010.10.20 23:27:29.159,0.75265,0.7529,6.90,1.00
2010.10.20 23:27:29.597,0.75265,0.7529,4.50,2.00
2010.10.20 23:27:29.815,0.75265,0.7529,5.50,2.00
2010.10.20 23:27:31.152,0.75265,0.7529,5.50,3.00
2010.10.20 23:27:33.081,0.75265,0.7529,5.40,3.00
2010.10.20 23:27:44.756,0.7527,0.7529,1.00,3.80
2010.10.20 23:27:48.268,0.7527,0.75285,1.00,1.00
2010.10.20 23:27:48.613,0.7527,0.75285,1.00,1.00
2010.10.20 23:27:49.190,0.7527,0.75285,1.00,1.20
2010.10.20 23:27:56.440,0.75265,0.75285,4.60,2.20
2010.10.20 23:27:56.694,0.75265,0.75285,1.00,2.60
2010.10.20 23:27:57.215,0.75265,0.75285,1.00,4.60
2010.10.20 23:28:06.262,0.7527,0.75285,1.00,1.40
2010.10.20 23:28:07.427,0.7527,0.75285,1.00,1.20
2010.10.20 23:28:18.763,0.75265,0.75285,1.40,2.20
2010.10.20 23:28:18.954,0.7526,0.75275,7.70,1.00
2010.10.20 23:28:19.145,0.7526,0.75275,1.00,1.80
2010.10.20 23:28:19.304,0.7525,0.7527,3.20,1.00
2010.10.20 23:28:19.623,0.7525,0.7527,5.60,1.00
2010.10.20 23:28:19.785,0.7525,0.7527,4.80,1.00
2010.10.20 23:28:19.944,0.7525,0.7527,1.60,1.00
2010.10.20 23:28:20.385,0.7525,0.7527,1.80,1.00
2010.10.20 23:28:20.549,0.7525,0.7527,4.20,1.00
2010.10.20 23:28:20.716,0.7525,0.7527,5.00,1.00
2010.10.20 23:28:20.871,0.7525,0.7527,5.80,1.00
2010.10.20 23:28:21.718,0.7525,0.7527,5.00,1.20
2010.10.20 23:28:22.206,0.7525,0.7526,1.60,1.00
2010.10.20 23:28:22.397,0.7525,0.75265,4.00,1.00
2010.10.20 23:28:22.572,0.7525,0.7527,4.80,1.00
2010.10.20 23:28:24.153,0.75255,0.7528,3.60,3.80
2010.10.20 23:28:24.575,0.75255,0.7528,5.20,3.80
2010.10.20 23:28:25.195,0.75255,0.75275,5.40,1.00
2010.10.20 23:28:26.118,0.7526,0.7528,1.00,3.80
2010.10.20 23:28:26.673,0.7526,0.7528,3.40,3.40
2010.10.20 23:28:26.902,0.7526,0.7528,4.00,1.80
2010.10.20 23:28:28.637,0.7526,0.7528,4.00,1.60
2010.10.20 23:28:28.990,0.7526,0.7528,1.00,6.80
2010.10.20 23:28:29.129,0.7526,0.7528,3.40,2.20
2010.10.20 23:28:29.884,0.7526,0.7528,3.40,1.00
2010.10.20 23:28:30.021,0.7526,0.7528,4.20,1.00
2010.10.20 23:28:30.361,0.75265,0.7528,1.00,1.00
2010.10.20 23:28:33.176,0.7526,0.75285,3.40,3.80
2010.10.20 23:28:35.319,0.7526,0.7528,3.40,1.60
2010.10.20 23:28:37.878,0.7526,0.7528,3.20,1.60
2010.10.20 23:28:41.505,0.7526,0.75285,3.20,4.60
2010.10.20 23:29:02.121,0.7526,0.7528,3.20,1.00
2010.10.20 23:29:07.471,0.7526,0.7528,3.20,1.00
2010.10.20 23:29:07.812,0.7526,0.7528,2.40,1.00
2010.10.20 23:29:08.772,0.7526,0.7528,3.20,1.00
2010.10.20 23:29:09.960,0.7526,0.7528,3.30,1.00
2010.10.20 23:29:26.062,0.7529,0.753,2.40,1.00
2010.10.20 23:29:26.370,0.7529,0.7531,3.20,1.40
2010.10.20 23:29:28.932,0.7529,0.7531,3.20,1.40
2010.10.20 23:29:30.308,0.7529,0.7531,3.20,1.00
2010.10.20 23:29:30.765,0.7529,0.7531,3.20,1.00
2010.10.20 23:29:31.271,0.7529,0.75315,3.40,2.00
2010.10.20 23:29:31.381,0.75295,0.75315,2.40,2.00
2010.10.20 23:29:31.602,0.75295,0.75315,2.40,1.20
2010.10.20 23:29:33.495,0.7529,0.75315,6.90,1.20
2010.10.20 23:29:34.102,0.75295,0.75315,1.00,1.00
2010.10.20 23:29:34.732,0.7529,0.75315,6.90,1.20
2010.10.20 23:29:34.944,0.7529,0.75315,5.30,2.00
2010.10.20 23:29:35.441,0.7529,0.75315,5.30,4.60
2010.10.20 23:29:35.716,0.7529,0.7531,3.20,1.20
2010.10.20 23:29:36.527,0.7529,0.7531,3.20,1.20
2010.10.20 23:29:37.275,0.7529,0.7531,3.20,1.40
2010.10.20 23:29:37.539,0.7529,0.7531,3.20,1.00
2010.10.20 23:29:44.763,0.7529,0.75315,5.50,2.20
2010.10.20 23:29:44.842,0.75295,0.75315,2.40,2.20
2010.10.20 23:29:44.921,0.75295,0.75315,2.40,1.00
2010.10.20 23:29:45.753,0.75295,0.75315,3.20,1.00
2010.10.20 23:29:47.151,0.75295,0.75315,2.40,1.40
2010.10.20 23:29:47.408,0.7529,0.7531,4.10,1.00
2010.10.20 23:29:47.665,0.7529,0.75315,5.00,1.00
2010.10.20 23:29:47.926,0.75295,0.75315,2.40,1.00
2010.10.20 23:29:48.183,0.75295,0.75315,4.00,1.00
2010.10.20 23:29:52.193,0.75295,0.75315,4.00,1.00
2010.10.20 23:29:55.887,0.75295,0.7532,4.00,1.80
2010.10.20 23:29:56.382,0.75295,0.7532,4.20,1.00
2010.10.20 23:29:56.552,0.75295,0.75325,4.20,3.80
2010.10.20 23:30:03.713,0.75295,0.7532,4.20,1.20
2010.10.20 23:30:04.044,0.75295,0.75325,4.20,3.80
2010.10.20 23:30:07.672,0.75295,0.7532,4.20,1.20
2010.10.20 23:30:18.652,0.75295,0.7532,2.60,1.20
2010.10.20 23:30:22.382,0.75295,0.7532,2.40,1.40
2010.10.20 23:30:22.566,0.75295,0.7532,2.40,2.20
2010.10.20 23:30:22.756,0.7529,0.7532,5.00,4.60
2010.10.20 23:30:22.943,0.7529,0.75315,5.80,1.20
2010.10.20 23:30:23.952,0.7529,0.75315,5.80,1.20
2010.10.20 23:30:24.576,0.7529,0.75315,5.80,1.40
2010.10.20 23:30:29.490,0.7529,0.75315,5.90,1.40
2010.10.20 23:30:32.826,0.7529,0.75315,5.80,1.40
2010.10.20 23:30:40.809,0.7529,0.7531,4.20,1.00
2010.10.20 23:30:41.357,0.7529,0.75315,5.00,1.40
2010.10.20 23:30:41.880,0.7529,0.75315,5.00,1.40
2010.10.20 23:30:42.684,0.7529,0.75315,5.00,1.40
2010.10.20 23:30:44.690,0.7529,0.75315,5.00,1.40
2010.10.20 23:30:44.793,0.7529,0.7531,4.20,1.00
2010.10.20 23:30:58.561,0.7529,0.7531,3.20,1.00
2010.10.20 23:30:59.252,0.75285,0.753,5.60,1.00
2010.10.20 23:30:59.440,0.75285,0.753,2.40,1.00
2010.10.20 23:30:59.956,0.75285,0.75305,4.00,1.00
2010.10.20 23:31:00.607,0.75285,0.75305,4.00,1.00
2010.10.20 23:31:08.603,0.75285,0.7531,4.20,2.80
2010.10.20 23:32:08.800,0.75258,0.75284,4.40,1.00
2010.10.20 23:32:09.700,0.75259,0.75284,3.20,1.60
2010.10.20 23:32:10.007,0.75257,0.75282,1.00,1.80
2010.10.20 23:32:10.566,0.75254,0.75279,6.30,1.80
2010.10.20 23:32:12.526,0.75254,0.75279,2.30,1.00
2010.10.20 23:32:21.638,0.75259,0.75284,2.40,1.60
2010.10.20 23:32:22.465,0.75265,0.7529,5.80,1.60
2010.10.20 23:32:25.323,0.75269,0.75294,7.90,1.00
2010.10.20 23:32:29.666,0.75273,0.75298,3.20,1.60
2010.10.20 23:32:29.761,0.75277,0.75302,4.60,1.00
2010.10.20 23:32:33.512,0.75281,0.75306,1.00,1.00
2010.10.20 23:32:34.862,0.7528,0.75306,1.00,1.00
2010.10.20 23:32:35.361,0.75273,0.75298,5.80,2.40
2010.10.20 23:32:40.379,0.75267,0.75292,2.30,1.00
2010.10.20 23:32:49.625,0.75264,0.75289,1.00,1.00
2010.10.20 23:32:54.773,0.75266,0.75291,1.60,1.00
2010.10.20 23:32:54.923,0.75273,0.75293,1.00,1.00
2010.10.20 23:32:59.580,0.75276,0.75296,5.90,1.80
2010.10.20 23:33:00.925,0.75276,0.75296,5.90,1.00
2010.10.20 23:33:01.420,0.75273,0.75293,3.40,1.60
2010.10.20 23:33:01.785,0.75267,0.75292,5.90,1.00
2010.10.20 23:33:02.465,0.75265,0.7529,1.00,1.00
2010.10.20 23:33:03.503,0.75267,0.75292,5.90,1.00
2010.10.20 23:33:05.735,0.75268,0.75293,2.30,1.00
2010.10.20 23:33:07.054,0.75268,0.75293,5.90,1.80
2010.10.20 23:33:07.647,0.75269,0.75294,5.90,1.00
2010.10.20 23:33:07.944,0.75268,0.75293,1.60,1.00
2010.10.20 23:33:08.250,0.75269,0.75289,1.00,1.00
2010.10.20 23:33:09.078,0.75269,0.75289,7.60,3.80
2010.10.20 23:33:09.317,0.75265,0.7529,5.90,1.90
2010.10.20 23:33:09.435,0.75265,0.7529,6.50,5.00
2010.10.20 23:33:09.554,0.75266,0.75286,2.40,1.60
2010.10.20 23:33:09.800,0.75266,0.75286,1.00,1.80
2010.10.20 23:33:09.925,0.75275,0.7528,4.60,1.00
2010.10.20 23:33:10.337,0.75271,0.75286,6.00,1.80
2010.10.20 23:33:10.565,0.75271,0.75286,8.70,1.80
2010.10.20 23:33:11.003,0.75272,0.75287,8.30,1.80
2010.10.20 23:33:11.217,0.75272,0.75287,6.20,1.00
2010.10.20 23:33:11.421,0.75275,0.7529,6.30,1.00
2010.10.20 23:33:13.861,0.7528,0.753,7.30,1.00
2010.10.20 23:33:21.556,0.75283,0.75303,5.50,5.20
2010.10.20 23:33:22.244,0.75283,0.75298,6.20,1.00
2010.10.20 23:33:22.686,0.7528,0.753,6.00,1.80
2010.10.20 23:33:22.784,0.7528,0.753,1.60,1.00
2010.10.20 23:33:22.885,0.75287,0.75297,5.20,6.20
2010.10.20 23:33:22.994,0.75289,0.75299,1.00,1.60
2010.10.20 23:33:24.462,0.75287,0.75302,1.60,1.60
2010.10.20 23:33:24.720,0.75289,0.75299,6.00,1.80
2010.10.20 23:33:24.970,0.7529,0.75295,5.90,1.00
2010.10.20 23:33:25.295,0.75289,0.75294,2.40,1.60
2010.10.20 23:33:25.366,0.75279,0.75299,5.20,1.80
2010.10.20 23:33:25.435,0.75278,0.75298,8.50,1.80
2010.10.20 23:33:25.507,0.75276,0.75296,8.30,1.80
2010.10.20 23:33:25.576,0.7528,0.75285,1.00,1.00
2010.10.20 23:33:25.645,0.75278,0.75283,6.00,1.00
2010.10.20 23:33:25.714,0.75277,0.75282,1.00,1.00
2010.10.20 23:33:25.785,0.75279,0.75284,1.00,1.00
2010.10.20 23:33:25.912,0.75278,0.75288,4.80,5.80
2010.10.20 23:33:27.058,0.75275,0.7529,1.60,1.80
2010.10.20 23:33:28.122,0.75273,0.75288,6.00,1.00
2010.10.20 23:33:28.763,0.75269,0.75284,1.00,1.80
2010.10.20 23:33:28.983,0.75262,0.75277,7.30,1.00
2010.10.20 23:33:29.197,0.75264,0.75274,6.20,1.00
2010.10.20 23:33:29.420,0.75266,0.75281,4.10,1.00
2010.10.20 23:33:29.756,0.75275,0.75285,6.30,3.80
2010.10.20 23:33:29.938,0.75279,0.75289,5.90,1.80
2010.10.20 23:33:31.873,0.75272,0.75297,3.50,1.00
2010.10.20 23:33:36.401,0.75271,0.75296,5.90,1.80
2010.10.20 23:33:41.285,0.75268,0.75293,1.00,1.00
2010.10.20 23:33:44.728,0.75265,0.7529,3.10,7.60
2010.10.20 23:33:44.959,0.75265,0.7529,1.00,1.80
2010.10.20 23:33:53.104,0.75267,0.75292,1.00,1.00
2010.10.20 23:33:53.410,0.7527,0.75295,1.00,1.60
2010.10.20 23:33:53.857,0.75273,0.75298,4.80,5.80
2010.10.20 23:33:54.203,0.75275,0.753,5.90,1.90
2010.10.20 23:33:54.550,0.75275,0.753,5.90,1.00
2010.10.20 23:33:55.350,0.75273,0.75298,5.90,1.00
2010.10.20 23:33:57.489,0.7527,0.75296,1.00,1.00
2010.10.20 23:34:00.559,0.7529,0.7531,1.80,1.60
2010.10.20 23:34:00.621,0.7529,0.7531,4.20,1.60
2010.10.20 23:34:01.081,0.7529,0.7531,5.80,1.60
2010.10.20 23:34:04.201,0.7529,0.7531,5.80,1.60
2010.10.20 23:34:12.873,0.7529,0.7531,5.80,1.60
2010.10.20 23:34:15.201,0.7529,0.75315,5.80,1.40
2010.10.20 23:34:24.822,0.75295,0.75315,4.20,1.20
2010.10.20 23:34:25.003,0.75295,0.7532,5.40,1.40
2010.10.20 23:34:25.544,0.753,0.7532,1.00,1.40
2010.10.20 23:34:27.986,0.753,0.7532,1.00,2.20
2010.10.20 23:34:48.410,0.753,0.7532,1.00,2.20
2010.10.20 23:35:06.035,0.75305,0.7532,1.00,1.20
2010.10.20 23:35:06.252,0.753,0.75315,3.60,1.00
2010.10.20 23:35:06.395,0.75295,0.75315,1.80,1.80
2010.10.20 23:35:06.727,0.75295,0.75315,2.60,1.00
2010.10.20 23:35:06.813,0.753,0.7532,1.00,2.20
2010.10.20 23:35:07.633,0.75305,0.7532,1.00,1.40
2010.10.20 23:35:07.856,0.753,0.7531,3.60,1.00
2010.10.20 23:35:08.086,0.753,0.75315,1.00,1.40
2010.10.20 23:35:08.594,0.753,0.75315,1.00,1.00
2010.10.20 23:35:08.936,0.753,0.7532,1.00,2.20
2010.10.20 23:35:55.115,0.75305,0.7532,1.00,1.20
2010.10.20 23:35:55.344,0.75305,0.7532,1.00,1.00
2010.10.20 23:35:56.328,0.753,0.7532,1.00,1.40
2010.10.20 23:36:03.565,0.75305,0.7532,1.00,1.00
2010.10.20 23:36:06.871,0.75305,0.7532,1.00,1.00
2010.10.20 23:36:14.633,0.753,0.7532,1.00,2.20
2010.10.20 23:36:14.938,0.75295,0.75315,1.40,2.20
2010.10.20 23:36:15.237,0.75295,0.75315,1.00,2.20
2010.10.20 23:36:15.723,0.75295,0.75315,1.80,2.20
2010.10.20 23:36:17.002,0.75295,0.75315,1.00,1.20
2010.10.20 23:36:19.791,0.7529,0.75315,4.20,1.40
2010.10.20 23:36:20.331,0.7529,0.75315,5.00,1.40
2010.10.20 23:36:21.233,0.75305,0.75315,1.00,1.20
2010.10.20 23:36:21.394,0.75305,0.7532,1.00,1.20
2010.10.20 23:36:25.421,0.75305,0.7532,1.00,1.40
2010.10.20 23:36:27.763,0.753,0.7532,4.60,2.20
2010.10.20 23:36:27.945,0.753,0.7532,1.00,2.20
2010.10.20 23:36:34.041,0.753,0.7532,1.00,1.40
2010.10.20 23:36:37.510,0.753,0.7532,1.80,1.00
2010.10.20 23:36:39.833,0.75305,0.75325,1.00,5.80
2010.10.20 23:36:40.065,0.75305,0.75325,1.00,5.40
2010.10.20 23:36:40.222,0.75305,0.75325,1.00,4.20
2010.10.20 23:36:40.372,0.75305,0.75325,1.80,4.20
2010.10.20 23:36:40.592,0.75305,0.75325,1.80,3.40
2010.10.20 23:36:41.556,0.75305,0.75325,1.00,2.40
2010.10.20 23:36:41.669,0.7531,0.75325,1.00,2.40
2010.10.20 23:36:46.353,0.7531,0.75325,4.20,2.40
2010.10.20 23:36:47.425,0.7531,0.7534,5.80,5.50
2010.10.20 23:36:47.494,0.7531,0.7533,3.40,2.00
2010.10.20 23:36:47.547,0.7531,0.7533,1.60,2.00
2010.10.20 23:36:49.954,0.75315,0.7534,2.40,2.00
2010.10.20 23:36:50.233,0.7531,0.7534,4.80,4.60
2010.10.20 23:36:50.743,0.7531,0.75335,1.00,3.00
2010.10.20 23:36:52.411,0.75305,0.7533,4.20,1.00
2010.10.20 23:36:55.873,0.75305,0.7533,1.60,3.80
2010.10.20 23:36:55.988,0.75305,0.7533,4.20,1.20
2010.10.20 23:36:56.433,0.75305,0.7533,4.20,1.00
2010.10.20 23:36:56.779,0.753,0.7533,5.00,4.60
2010.10.20 23:36:57.683,0.753,0.7533,5.00,4.60
2010.10.20 23:36:58.025,0.753,0.75315,5.80,1.00
2010.10.20 23:36:58.646,0.753,0.75315,5.80,1.00
2010.10.20 23:36:59.230,0.753,0.75315,5.80,1.00
2010.10.20 23:36:59.982,0.753,0.75325,5.80,1.00
2010.10.20 23:37:00.533,0.75305,0.7533,1.80,4.80
2010.10.20 23:37:00.823,0.75305,0.7533,1.60,3.40
2010.10.20 23:37:01.112,0.75305,0.7533,1.60,4.60
2010.10.20 23:37:01.858,0.75305,0.7533,5.00,1.20
2010.10.20 23:37:02.208,0.75305,0.75335,5.00,4.70
2010.10.20 23:37:03.217,0.75305,0.75335,4.20,3.80
2010.10.20 23:37:03.936,0.7531,0.75335,5.00,1.20
2010.10.20 23:37:06.083,0.7531,0.75335,5.00,1.40
2010.10.20 23:37:07.029,0.7531,0.75335,5.00,1.40
2010.10.20 23:37:14.084,0.7531,0.7533,1.00,1.00
2010.10.20 23:37:15.648,0.7531,0.7533,1.00,1.00
2010.10.20 23:37:16.252,0.7531,0.7533,1.00,1.00
2010.10.20 23:37:22.626,0.7531,0.7533,1.00,4.20
2010.10.20 23:37:22.884,0.75305,0.7533,1.80,5.40
2010.10.20 23:37:23.457,0.75305,0.75325,1.00,1.00
2010.10.20 23:37:23.858,0.753,0.75325,5.80,1.00
2010.10.20 23:37:24.056,0.753,0.75325,5.80,1.00
2010.10.20 23:37:38.406,0.753,0.75325,5.80,1.00
2010.10.20 23:37:38.515,0.75305,0.75325,1.60,1.00
2010.10.20 23:37:39.633,0.75305,0.7533,4.20,1.20
2010.10.20 23:37:43.492,0.75305,0.75335,4.20,3.80
2010.10.20 23:37:49.552,0.7531,0.75335,4.20,1.20
2010.10.20 23:37:49.882,0.7531,0.75335,5.00,1.20
2010.10.20 23:37:52.685,0.7531,0.7533,1.60,1.00
2010.10.20 23:37:53.359,0.75305,0.7533,6.30,1.00
2010.10.20 23:37:54.358,0.75315,0.75335,1.00,5.00
2010.10.20 23:37:54.711,0.75315,0.75335,1.00,2.20
2010.10.20 23:37:55.028,0.7531,0.75335,3.20,3.00
2010.10.20 23:37:55.351,0.7531,0.75335,1.00,5.80
2010.10.20 23:37:55.815,0.75305,0.75335,6.20,5.80
2010.10.20 23:37:56.262,0.7531,0.7533,1.00,1.00
2010.10.20 23:37:56.503,0.7531,0.7533,1.00,1.40
2010.10.20 23:37:59.394,0.7531,0.7533,1.00,2.20
2010.10.20 23:38:00.162,0.75315,0.7533,1.00,1.20
2010.10.20 23:38:00.394,0.75315,0.7533,1.00,1.00
2010.10.20 23:38:00.879,0.75315,0.75335,1.00,3.40
2010.10.20 23:38:01.140,0.75315,0.75335,1.00,1.20
2010.10.20 23:38:03.524,0.7531,0.75335,4.20,1.40
2010.10.20 23:38:04.000,0.75315,0.75335,1.00,1.40
2010.10.20 23:38:04.943,0.75315,0.75335,1.00,1.00
2010.10.20 23:38:05.372,0.75315,0.75335,1.00,1.40
2010.10.20 23:38:05.704,0.7531,0.75335,5.00,1.40
2010.10.20 23:38:11.472,0.7531,0.75335,4.20,1.40
2010.10.20 23:38:14.512,0.7531,0.75335,5.00,1.40
2010.10.20 23:38:18.781,0.7531,0.7533,3.20,1.00
2010.10.20 23:38:19.124,0.7531,0.7533,1.00,1.00
2010.10.20 23:38:20.062,0.7531,0.7533,1.00,1.00
2010.10.20 23:38:20.322,0.7531,0.7533,1.00,2.20
2010.10.20 23:38:42.636,0.7531,0.7533,1.00,1.80
2010.10.20 23:38:42.682,0.7531,0.7533,1.00,1.00
2010.10.20 23:38:43.812,0.75315,0.75335,1.00,4.80
2010.10.20 23:38:44.025,0.75315,0.75335,1.00,2.00
2010.10.20 23:38:44.939,0.75315,0.75335,1.00,1.20
2010.10.20 23:38:45.476,0.7531,0.75335,5.00,1.40
2010.10.20 23:38:46.756,0.7531,0.75335,5.00,1.40
2010.10.20 23:38:47.575,0.7531,0.75335,5.00,1.00
2010.10.20 23:38:48.214,0.7531,0.7533,3.20,1.00
2010.10.20 23:38:48.428,0.7531,0.7533,1.00,1.00
2010.10.20 23:38:48.959,0.75305,0.7533,6.30,1.00
2010.10.20 23:38:49.308,0.7531,0.7533,1.00,1.00
2010.10.20 23:38:52.331,0.7531,0.7533,1.00,1.00
2010.10.20 23:38:56.361,0.75315,0.75335,1.00,3.00
2010.10.20 23:38:57.012,0.75315,0.75335,1.00,2.20
2010.10.20 23:38:58.070,0.75315,0.75335,1.00,1.20
2010.10.20 23:38:59.466,0.7531,0.75335,5.00,1.40
2010.10.20 23:39:07.483,0.7531,0.7533,3.20,1.00
2010.10.20 23:39:07.635,0.75305,0.7533,8.20,1.00
2010.10.20 23:39:07.783,0.75305,0.7533,6.20,1.00
2010.10.20 23:39:08.415,0.7531,0.7533,1.00,1.00
2010.10.20 23:39:09.136,0.7531,0.7533,1.00,1.40
2010.10.20 23:39:09.474,0.7531,0.7533,1.00,2.20
2010.10.20 23:39:12.470,0.7531,0.7533,1.00,1.80
2010.10.20 23:39:12.988,0.75315,0.75335,1.00,5.80
2010.10.20 23:39:13.249,0.75315,0.75335,1.00,2.00
2010.10.20 23:39:13.972,0.75315,0.75335,1.00,4.40
2010.10.20 23:39:14.318,0.75315,0.75335,1.00,3.60
2010.10.20 23:39:16.248,0.7531,0.75335,5.00,3.80
2010.10.20 23:39:25.012,0.7531,0.75335,5.00,3.80
2010.10.20 23:39:26.810,0.7531,0.75335,5.00,3.80
2010.10.20 23:39:31.496,0.7531,0.7533,3.20,1.00
2010.10.20 23:39:31.807,0.75305,0.75335,2.60,3.80
2010.10.20 23:39:32.116,0.75305,0.75325,1.60,2.40
2010.10.20 23:39:34.336,0.75305,0.75325,1.60,2.60
2010.10.20 23:39:35.342,0.75305,0.7532,1.60,2.60
2010.10.20 23:39:35.608,0.753,0.7532,1.60,2.60
2010.10.20 23:39:36.003,0.753,0.7532,1.00,2.60
2010.10.20 23:39:36.216,0.753,0.7532,1.00,2.60
2010.10.20 23:39:37.252,0.753,0.7532,1.00,3.40
2010.10.20 23:39:45.982,0.753,0.7532,1.00,3.40
2010.10.20 23:39:47.988,0.753,0.7532,1.00,4.20
2010.10.20 23:39:49.262,0.753,0.7532,1.00,5.40
2010.10.20 23:39:50.052,0.753,0.7532,1.00,4.60
2010.10.20 23:39:54.942,0.753,0.7532,1.00,4.60
2010.10.20 23:40:03.302,0.75305,0.7532,1.00,4.60
2010.10.20 23:40:04.488,0.75305,0.7532,1.00,4.60
2010.10.20 23:40:06.547,0.75305,0.7532,1.00,4.20
2010.10.20 23:40:06.591,0.75305,0.7532,1.00,3.40
2010.10.20 23:40:07.255,0.75305,0.7532,1.00,4.60
2010.10.20 23:40:07.654,0.75305,0.7532,1.00,3.40
2010.10.20 23:40:08.104,0.75305,0.7532,1.00,4.60
2010.10.20 23:40:14.402,0.753,0.7532,1.00,4.60
2010.10.20 23:40:15.090,0.753,0.7532,1.00,3.40
2010.10.20 23:40:21.402,0.753,0.7532,1.80,3.40
2010.10.20 23:40:21.582,0.753,0.7532,2.60,3.40
2010.10.20 23:40:23.755,0.753,0.7532,1.00,6.60
2010.10.20 23:40:24.049,0.753,0.7532,2.60,3.40
2010.10.20 23:40:26.712,0.753,0.7532,2.60,4.20
2010.10.20 23:40:27.063,0.753,0.75315,1.60,1.00
2010.10.20 23:40:27.099,0.753,0.7532,1.00,7.10
2010.10.20 23:40:27.155,0.753,0.7532,1.00,5.90
2010.10.20 23:40:27.213,0.753,0.7532,1.00,3.40
2010.10.20 23:40:28.355,0.753,0.7532,2.60,3.40
2010.10.20 23:40:33.145,0.753,0.75315,1.60,1.00
2010.10.20 23:40:33.496,0.75305,0.75315,1.00,2.40
2010.10.20 23:40:34.018,0.75315,0.7532,1.00,4.50
2010.10.20 23:40:34.371,0.75315,0.75325,1.00,1.00
2010.10.20 23:40:34.709,0.75305,0.7532,1.90,2.40
2010.10.20 23:40:35.328,0.75305,0.75325,1.00,4.60
2010.10.20 23:40:35.591,0.75305,0.75325,1.00,3.60
2010.10.20 23:40:36.734,0.753,0.7532,4.20,1.00
2010.10.20 23:40:37.106,0.753,0.7532,1.80,2.60
2010.10.20 23:40:39.907,0.753,0.7532,1.00,3.40
2010.10.20 23:40:43.047,0.753,0.7532,1.00,3.40
2010.10.20 23:40:44.482,0.753,0.7532,1.00,3.40
2010.10.20 23:40:44.648,0.753,0.7532,1.00,4.60
2010.10.20 23:40:52.095,0.75305,0.7532,1.00,1.20
2010.10.20 23:40:52.375,0.75305,0.75325,1.00,1.20
2010.10.20 23:40:52.622,0.75305,0.75325,1.00,1.00
2010.10.20 23:40:53.032,0.7531,0.75325,1.00,1.00
2010.10.20 23:40:53.412,0.7531,0.7533,1.80,1.00
2010.10.20 23:40:53.713,0.7532,0.7534,1.00,1.60
2010.10.20 23:40:54.006,0.7532,0.7534,1.00,1.20
2010.10.20 23:40:56.773,0.7532,0.7534,1.00,1.20
2010.10.20 23:40:57.663,0.7532,0.7534,1.00,1.20
2010.10.20 23:40:58.753,0.7532,0.7534,1.00,1.20
2010.10.20 23:41:08.232,0.7532,0.75345,1.00,3.60
2010.10.20 23:41:08.413,0.75325,0.75345,1.00,1.20
2010.10.20 23:41:09.653,0.75325,0.75345,1.80,1.20
2010.10.20 23:41:12.395,0.75325,0.75345,1.80,3.60
2010.10.20 23:41:12.590,0.75325,0.7534,1.00,1.20
2010.10.20 23:41:14.210,0.75325,0.7534,1.00,1.20
2010.10.20 23:41:15.855,0.75335,0.7534,1.00,1.20
2010.10.20 23:41:16.344,0.75335,0.75345,1.00,1.20
2010.10.20 23:41:16.790,0.75335,0.75345,1.00,1.00
2010.10.20 23:41:19.133,0.75345,0.75355,1.00,2.20
2010.10.20 23:41:19.360,0.7534,0.75355,1.00,1.00
2010.10.20 23:41:19.587,0.7534,0.75355,1.00,1.00
2010.10.20 23:41:19.815,0.7534,0.75355,1.00,1.20
2010.10.20 23:41:20.042,0.75335,0.75355,3.00,1.20
2010.10.20 23:41:20.906,0.75335,0.75355,1.80,1.20
2010.10.20 23:41:22.775,0.7534,0.75355,1.00,1.20
2010.10.20 23:41:22.949,0.7534,0.75355,1.80,1.20
2010.10.20 23:41:24.227,0.7534,0.75355,1.00,1.20
2010.10.20 23:41:25.390,0.7534,0.75355,1.00,1.20
2010.10.20 23:41:26.391,0.7534,0.7536,1.00,1.20
2010.10.20 23:41:31.210,0.7534,0.7536,1.00,1.20
2010.10.20 23:41:32.274,0.7535,0.7536,1.00,1.20
2010.10.20 23:41:32.539,0.75355,0.75365,1.00,1.20
2010.10.20 23:41:32.888,0.7536,0.75375,1.00,2.20
2010.10.20 23:41:33.817,0.7536,0.75375,1.00,1.20
2010.10.20 23:41:40.361,0.7536,0.75375,1.00,1.20
2010.10.20 23:41:45.507,0.75355,0.75375,1.00,1.20
2010.10.20 23:41:46.813,0.75355,0.75375,1.80,1.20
2010.10.20 23:42:42.042,0.7536,0.75375,1.00,1.20
2010.10.20 23:43:04.661,0.7536,0.7538,1.00,3.70
2010.10.20 23:43:04.962,0.7536,0.75375,1.00,1.20
2010.10.20 23:43:12.006,0.75355,0.75375,1.00,2.00
2010.10.20 23:43:12.075,0.75355,0.75375,1.00,4.80
2010.10.20 23:43:12.103,0.75355,0.75375,1.00,5.20
2010.10.20 23:43:12.133,0.75355,0.75375,1.00,5.60
2010.10.20 23:43:12.163,0.75355,0.7537,1.00,1.00
2010.10.20 23:43:12.272,0.75355,0.7537,1.00,1.20
2010.10.20 23:43:12.916,0.7536,0.75375,1.00,3.60
2010.10.20 23:43:13.569,0.7536,0.75375,1.00,1.20
2010.10.20 23:44:36.011,0.7536,0.75375,1.00,3.60
2010.10.20 23:45:26.712,0.75355,0.75375,1.00,3.60
2010.10.20 23:45:59.244,0.75355,0.75375,1.80,4.00
2010.10.20 23:46:13.093,0.75355,0.75375,1.80,3.60
2010.10.20 23:46:40.482,0.7536,0.75375,1.00,3.60
2010.10.20 23:47:03.463,0.75337,0.75362,1.10,7.40
2010.10.20 23:47:04.228,0.75337,0.75362,1.50,3.40
2010.10.20 23:47:06.157,0.75338,0.75363,1.00,7.40
2010.10.20 23:47:07.316,0.7534,0.75365,1.50,2.40
2010.10.20 23:47:07.668,0.7534,0.75365,1.00,7.40
2010.10.20 23:47:10.147,0.75339,0.75364,1.50,2.40
2010.10.20 23:47:11.567,0.75335,0.7536,1.00,7.40
2010.10.20 23:47:14.309,0.75334,0.75359,1.00,7.00
2010.10.20 23:47:19.669,0.75334,0.75359,1.00,7.40
2010.10.20 23:47:20.137,0.75337,0.75362,2.30,7.40
2010.10.20 23:47:21.438,0.75342,0.75367,1.50,2.60
2010.10.20 23:47:23.209,0.75349,0.75374,2.70,7.40
2010.10.20 23:47:27.219,0.75351,0.75375,1.10,7.40
2010.10.20 23:47:27.552,0.75346,0.75371,1.50,2.60
2010.10.20 23:47:30.269,0.75343,0.75368,1.50,3.40
2010.10.20 23:47:32.509,0.7534,0.75365,1.10,7.40
2010.10.20 23:47:33.931,0.75338,0.75363,1.10,7.50
2010.10.20 23:47:34.204,0.75337,0.75362,1.10,7.40
2010.10.20 23:47:35.672,0.75337,0.75362,2.30,7.40
2010.10.20 23:47:37.953,0.75337,0.75362,2.70,7.40
2010.10.20 23:47:39.056,0.75336,0.75361,1.10,7.40
2010.10.20 23:47:42.118,0.75333,0.75358,1.90,2.60
2010.10.20 23:47:42.287,0.75328,0.75353,1.00,2.40
2010.10.20 23:47:42.775,0.75325,0.75351,1.10,7.50
2010.10.20 23:47:45.295,0.75327,0.75352,1.00,7.40
2010.10.20 23:47:45.820,0.75332,0.75357,1.00,7.00
2010.10.20 23:47:46.558,0.75341,0.75356,1.50,1.00
2010.10.20 23:47:46.629,0.75343,0.75363,2.70,5.80
2010.10.20 23:47:51.188,0.75344,0.75364,1.00,7.40
2010.10.20 23:47:52.558,0.75342,0.75362,1.00,7.40
2010.10.20 23:47:53.376,0.75342,0.75362,1.50,1.00
2010.10.20 23:47:57.251,0.7534,0.7536,2.30,7.40
2010.10.20 23:47:57.596,0.75343,0.75357,1.00,7.50
2010.10.20 23:48:11.392,0.75355,0.75375,1.00,3.80
2010.10.20 23:48:17.463,0.7535,0.75375,6.60,3.80
2010.10.20 23:48:17.926,0.7535,0.75375,5.80,3.80
2010.10.20 23:48:43.298,0.7535,0.75375,5.80,3.80
2010.10.20 23:49:18.064,0.7535,0.75375,5.00,3.80
2010.10.20 23:49:36.804,0.7535,0.75375,2.60,1.40
2010.10.20 23:49:56.429,0.7535,0.75375,1.60,1.20
2010.10.20 23:50:02.184,0.7535,0.7537,1.60,1.00
2010.10.20 23:50:02.351,0.7535,0.75375,2.40,1.20
2010.10.20 23:50:02.432,0.7535,0.75375,3.40,1.40
2010.10.20 23:50:33.732,0.7535,0.75375,2.60,1.40
2010.10.20 23:50:33.914,0.7535,0.75375,1.80,1.40
2010.10.20 23:51:02.661,0.7535,0.75375,1.00,1.40
2010.10.20 23:51:28.664,0.7535,0.75375,1.10,1.40
2010.10.20 23:52:15.970,0.75355,0.75375,1.00,1.00
2010.10.20 23:52:16.796,0.75355,0.75375,1.80,1.00
2010.10.20 23:52:17.088,0.75355,0.75375,1.00,1.00
2010.10.20 23:52:17.681,0.7536,0.7538,1.00,1.00
2010.10.20 23:52:17.875,0.7536,0.7538,3.20,1.00
2010.10.20 23:52:18.065,0.7536,0.75385,4.00,4.00
2010.10.20 23:52:18.993,0.7536,0.75385,4.80,4.00
2010.10.20 23:52:19.801,0.7536,0.75385,4.80,4.00
2010.10.20 23:52:21.299,0.7537,0.75385,1.00,2.40
2010.10.20 23:52:21.851,0.75375,0.75385,1.00,2.40
2010.10.20 23:52:22.186,0.75375,0.75405,1.80,4.60
2010.10.20 23:52:22.909,0.75395,0.75405,1.20,4.60
2010.10.20 23:52:23.262,0.75395,0.75405,1.00,4.60
2010.10.20 23:52:23.595,0.75395,0.75405,1.00,3.80
2010.10.20 23:52:27.756,0.75375,0.75405,4.20,3.80
2010.10.20 23:53:01.479,0.7538,0.75405,4.20,1.20
2010.10.20 23:53:01.701,0.75385,0.7541,1.80,4.60
2010.10.20 23:53:02.227,0.7539,0.7541,1.00,2.40
2010.10.20 23:53:20.852,0.75385,0.75405,5.00,1.00
2010.10.20 23:53:21.145,0.75385,0.754,1.00,1.00
2010.10.20 23:53:21.429,0.7538,0.75405,1.00,3.80
2010.10.20 23:53:38.307,0.7537,0.7539,2.80,1.00
2010.10.20 23:53:38.660,0.75365,0.7539,4.20,1.20
2010.10.20 23:53:42.397,0.75365,0.7539,4.20,1.00
2010.10.20 23:53:45.213,0.75365,0.7539,3.40,1.20
2010.10.20 23:53:45.558,0.75365,0.7539,3.40,1.00
2010.10.20 23:53:45.846,0.75365,0.7539,4.20,1.00
2010.10.20 23:53:47.847,0.7537,0.75395,1.00,3.90
2010.10.20 23:53:48.111,0.75375,0.754,4.20,1.00
2010.10.20 23:53:57.223,0.7538,0.75405,1.00,3.90
2010.10.20 23:53:58.057,0.7538,0.75405,1.00,3.80
2010.10.20 23:54:01.675,0.75375,0.754,4.20,1.20
2010.10.20 23:54:07.109,0.7538,0.75405,1.00,3.80
2010.10.20 23:54:07.274,0.75375,0.75405,4.20,3.80
2010.10.20 23:54:07.451,0.75375,0.754,4.20,1.20
2010.10.20 23:54:16.134,0.75375,0.754,4.30,1.20
2010.10.20 23:54:23.689,0.75375,0.754,4.20,1.20
2010.10.20 23:54:53.013,0.7538,0.75405,1.00,5.60
2010.10.20 23:54:58.082,0.75375,0.754,4.00,1.00
2010.10.20 23:54:58.735,0.75375,0.75405,4.00,5.60
2010.10.20 23:54:59.094,0.7538,0.75405,1.00,5.60
2010.10.20 23:55:11.651,0.75375,0.754,4.00,1.20
2010.10.20 23:55:11.994,0.75375,0.754,4.00,1.20
2010.10.20 23:55:21.927,0.75375,0.75395,4.00,1.00
2010.10.20 23:55:22.161,0.7537,0.75395,1.60,3.80
2010.10.20 23:55:22.741,0.75365,0.7539,4.20,1.20
2010.10.20 23:55:27.655,0.7536,0.7539,1.60,1.20
2010.10.20 23:55:31.058,0.75365,0.7539,4.00,1.20
2010.10.20 23:55:32.432,0.75365,0.7539,4.20,1.20
2010.10.20 23:55:34.034,0.75365,0.7539,1.80,1.20
2010.10.20 23:55:35.195,0.75365,0.75395,1.80,5.60
2010.10.20 23:55:36.936,0.75365,0.75395,1.80,5.00
2010.10.20 23:55:37.193,0.75365,0.75395,1.80,4.60
2010.10.20 23:55:43.254,0.7537,0.75395,1.00,4.60
2010.10.20 23:55:44.649,0.7537,0.75395,1.00,5.00
2010.10.20 23:55:46.289,0.7537,0.75395,1.00,4.60
2010.10.20 23:56:15.892,0.7537,0.75395,1.00,5.40
2010.10.20 23:56:16.688,0.7537,0.75395,1.00,4.60
2010.10.20 23:57:15.434,0.7537,0.75395,1.00,5.40
2010.10.20 23:57:21.123,0.7537,0.75395,1.00,5.00
2010.10.20 23:57:21.821,0.7537,0.75395,1.00,4.60
2010.10.20 23:57:35.013,0.7537,0.75395,1.00,3.80
2010.10.20 23:58:00.184,0.7537,0.75395,1.00,3.60
2010.10.20 23:58:00.654,0.75375,0.754,2.40,2.40
2010.10.20 23:58:01.020,0.75375,0.754,4.20,1.20
2010.10.20 23:58:02.153,0.7538,0.754,1.00,1.00
2010.10.20 23:58:02.501,0.7538,0.75405,1.00,3.60
2010.10.20 23:58:02.846,0.7538,0.75405,1.80,2.40
2010.10.20 23:58:03.587,0.75385,0.75405,2.40,2.40
2010.10.20 23:58:07.753,0.75385,0.75405,2.40,2.60
2010.10.20 23:58:08.056,0.75385,0.75405,2.40,3.60
2010.10.20 23:58:08.346,0.75385,0.75405,2.40,3.80
2010.10.20 23:58:08.978,0.75385,0.75405,2.40,3.60
2010.10.20 23:58:10.293,0.7538,0.75405,5.00,3.60
2010.10.20 23:58:11.469,0.75375,0.754,6.30,1.00
2010.10.20 23:58:11.842,0.75375,0.754,5.40,1.00
2010.10.20 23:58:12.193,0.75375,0.754,3.40,1.00
2010.10.20 23:58:12.542,0.75375,0.754,2.60,1.00
2010.10.20 23:58:13.552,0.75375,0.754,1.80,1.00
2010.10.20 23:58:20.214,0.75375,0.75395,1.60,2.40
2010.10.20 23:58:22.734,0.75375,0.75395,1.60,2.60
2010.10.20 23:58:24.550,0.75375,0.75395,2.60,2.40
2010.10.20 23:58:26.059,0.75375,0.754,1.80,1.00
2010.10.20 23:58:28.192,0.75375,0.75395,1.60,2.40
2010.10.20 23:58:32.735,0.75375,0.75395,1.60,2.60
2010.10.20 23:58:45.410,0.7537,0.75395,5.80,3.80
2010.10.20 23:58:47.054,0.75375,0.75395,1.00,2.60
2010.10.20 23:59:01.545,0.75375,0.754,2.60,1.00
2010.10.20 23:59:01.862,0.75375,0.754,1.60,1.00
2010.10.20 23:59:02.531,0.75375,0.754,1.60,1.40
2010.10.20 23:59:02.882,0.75375,0.754,1.60,1.00
2010.10.20 23:59:03.236,0.75375,0.754,1.60,1.40
2010.10.20 23:59:03.580,0.7538,0.754,4.80,1.00
2010.10.20 23:59:03.926,0.75375,0.754,1.60,1.00
2010.10.20 23:59:04.560,0.75375,0.75395,1.60,1.00
2010.10.20 23:59:05.194,0.75375,0.7539,1.60,1.00
2010.10.20 23:59:06.978,0.75375,0.7539,4.00,1.00
2010.10.20 23:59:09.499,0.75375,0.7539,4.00,1.00
2010.10.20 23:59:17.360,0.75375,0.7539,4.00,1.00
2010.10.20 23:59:35.775,0.75375,0.7539,1.60,1.00
2010.10.20 23:59:36.417,0.75375,0.75395,1.60,3.40
2010.10.20 23:59:37.007,0.75375,0.7539,1.60,1.00
2010.10.20 23:59:39.123,0.75375,0.7539,1.00,1.00
2010.10.20 23:59:39.208,0.7537,0.7539,4.90,1.00
2010.10.20 23:59:39.775,0.7537,0.7539,4.80,1.00
2010.10.20 23:59:41.103,0.7537,0.7539,4.00,1.00
2010.10.20 23:59:42.146,0.75375,0.7539,2.40,1.00
2010.10.20 23:59:42.489,0.75375,0.75385,2.40,1.00
2010.10.20 23:59:42.832,0.7537,0.75385,2.40,1.00
2010.10.20 23:59:43.181,0.7537,0.75385,2.40,1.00
