2015.06.23 03:00:00.545,0.68474,0.68488,1.00,1.12
2015.06.23 03:00:00.648,0.68471,0.68486,2.25,1.00
2015.06.23 03:00:00.750,0.68471,0.68484,1.00,1.00
2015.06.23 03:00:01.258,0.6847,0.68486,1.87,1.87
2015.06.23 03:00:03.946,0.6847,0.68486,1.87,2.25
2015.06.23 03:00:04.699,0.6847,0.68483,1.37,1.12
2015.06.23 03:00:05.760,0.6847,0.68483,1.00,1.00
2015.06.23 03:00:06.180,0.6847,0.68485,1.37,1.12
2015.06.23 03:00:06.831,0.68472,0.68486,1.00,3.00
2015.06.23 03:00:07.406,0.68472,0.68486,1.00,1.87
2015.06.23 03:00:07.851,0.6847,0.68485,1.87,1.00
2015.06.23 03:00:08.337,0.6847,0.68483,1.00,1.00
2015.06.23 03:00:08.842,0.68468,0.68483,2.62,1.00
2015.06.23 03:00:09.496,0.68468,0.68484,2.62,1.00
2015.06.23 03:00:14.484,0.6847,0.68484,1.00,1.00
2015.06.23 03:00:16.654,0.68468,0.68484,3.37,1.00
2015.06.23 03:00:21.132,0.6847,0.68485,1.00,1.00
2015.06.23 03:00:22.794,0.68468,0.68484,3.37,1.00
2015.06.23 03:00:26.205,0.68468,0.68483,1.37,1.00
2015.06.23 03:00:28.616,0.6847,0.68484,1.00,1.87
2015.06.23 03:00:29.155,0.68471,0.68485,1.12,1.00
2015.06.23 03:00:29.519,0.68471,0.68487,1.12,1.87
2015.06.23 03:00:30.035,0.68471,0.68487,1.37,2.25
2015.06.23 03:00:30.738,0.6847,0.68485,2.62,1.12
2015.06.23 03:00:31.545,0.6847,0.68485,2.25,1.87
2015.06.23 03:00:33.151,0.68469,0.68484,1.50,1.37
2015.06.23 03:00:33.666,0.68472,0.68482,1.00,1.00
2015.06.23 03:00:35.795,0.68469,0.68482,1.12,1.00
2015.06.23 03:00:40.222,0.68468,0.68482,1.00,1.37
2015.06.23 03:00:40.706,0.68466,0.6848,2.62,1.37
2015.06.23 03:00:50.956,0.68467,0.6848,1.00,1.00
2015.06.23 03:00:51.450,0.68467,0.6848,1.00,1.37
2015.06.23 03:00:55.546,0.68464,0.68479,1.00,3.00
2015.06.23 03:00:55.597,0.68463,0.68476,1.12,1.12
2015.06.23 03:00:55.904,0.68461,0.68473,1.12,1.00
2015.06.23 03:00:56.237,0.68461,0.68473,1.12,2.62
2015.06.23 03:00:56.568,0.68461,0.68472,1.12,1.37
2015.06.23 03:00:57.584,0.68461,0.68472,1.12,1.00
2015.06.23 03:00:58.692,0.68461,0.68472,1.37,1.00
2015.06.23 03:01:00.125,0.68462,0.68474,1.12,1.00
2015.06.23 03:01:00.176,0.68464,0.68474,1.37,1.00
2015.06.23 03:01:00.278,0.68464,0.68478,1.87,1.00
2015.06.23 03:01:00.583,0.68464,0.68476,1.12,1.00
2015.06.23 03:01:00.888,0.68461,0.68474,2.47,1.00
2015.06.23 03:01:01.617,0.68461,0.68472,1.87,1.00
2015.06.23 03:01:11.403,0.68461,0.68473,1.87,1.00
2015.06.23 03:01:11.707,0.68461,0.68471,1.87,1.00
2015.06.23 03:01:20.750,0.6846,0.6847,1.12,1.00
2015.06.23 03:01:20.954,0.68456,0.68467,1.87,1.00
2015.06.23 03:01:21.055,0.68454,0.68467,1.87,1.00
2015.06.23 03:01:21.805,0.68455,0.68466,1.12,1.00
2015.06.23 03:01:22.540,0.6846,0.68466,1.00,1.00
2015.06.23 03:01:22.591,0.6846,0.6847,1.00,1.37
2015.06.23 03:01:22.643,0.6846,0.6847,1.37,1.00
2015.06.23 03:01:23.010,0.6846,0.68474,1.72,1.12
2015.06.23 03:01:23.061,0.68464,0.68474,1.00,1.00
2015.06.23 03:01:23.608,0.68464,0.68475,1.00,1.00
2015.06.23 03:01:24.740,0.68462,0.68473,1.00,1.00
2015.06.23 03:01:24.792,0.68458,0.68472,1.87,1.00
2015.06.23 03:01:24.894,0.68456,0.68469,1.37,1.00
2015.06.23 03:01:24.946,0.68455,0.68469,1.12,1.00
2015.06.23 03:01:25.759,0.68455,0.68469,1.37,1.50
2015.06.23 03:01:26.124,0.68453,0.68467,1.37,1.00
2015.06.23 03:01:26.176,0.68453,0.68467,1.12,1.00
2015.06.23 03:01:26.278,0.68456,0.68467,1.00,1.00
2015.06.23 03:01:26.330,0.68454,0.68469,1.00,1.12
2015.06.23 03:01:26.433,0.68453,0.68466,1.50,2.25
2015.06.23 03:01:26.535,0.6845,0.68464,2.62,1.00
2015.06.23 03:01:26.790,0.6845,0.68465,2.62,1.00
2015.06.23 03:01:30.816,0.68452,0.68464,1.00,1.00
2015.06.23 03:01:31.121,0.68454,0.68466,1.00,1.00
2015.06.23 03:01:31.993,0.68452,0.68465,1.00,1.00
2015.06.23 03:01:32.044,0.68454,0.68465,1.00,1.00
2015.06.23 03:01:32.264,0.68452,0.68465,1.00,1.00
2015.06.23 03:01:33.028,0.68452,0.68466,1.00,1.00
2015.06.23 03:01:33.491,0.68456,0.68466,1.00,1.00
2015.06.23 03:01:33.796,0.68456,0.68464,1.00,1.37
2015.06.23 03:01:33.847,0.68454,0.68464,1.00,1.87
2015.06.23 03:01:33.898,0.68448,0.68461,1.47,1.12
2015.06.23 03:01:34.000,0.68447,0.6846,1.12,1.50
2015.06.23 03:01:34.051,0.68447,0.68458,1.12,1.00
2015.06.23 03:01:35.046,0.68451,0.68457,1.00,1.12
2015.06.23 03:01:35.098,0.68452,0.68464,1.87,1.00
2015.06.23 03:01:35.149,0.68454,0.68466,1.12,1.00
2015.06.23 03:01:35.657,0.68454,0.68465,1.12,1.00
2015.06.23 03:01:36.064,0.68456,0.68465,1.00,1.00
2015.06.23 03:01:36.574,0.68456,0.68466,1.50,1.00
2015.06.23 03:01:36.879,0.68459,0.68467,1.00,1.00
2015.06.23 03:01:37.140,0.68459,0.68469,1.00,1.00
2015.06.23 03:01:37.907,0.68459,0.68471,1.00,1.00
2015.06.23 03:01:37.958,0.68461,0.68471,1.00,1.00
2015.06.23 03:01:38.213,0.68459,0.68471,1.00,1.00
2015.06.23 03:01:38.900,0.68459,0.6847,1.50,1.00
2015.06.23 03:01:39.524,0.68459,0.68471,1.50,1.00
2015.06.23 03:01:50.576,0.68458,0.68469,1.50,1.00
2015.06.23 03:01:53.648,0.68458,0.68469,1.87,1.00
2015.06.23 03:01:54.356,0.68459,0.68471,1.87,1.00
2015.06.23 03:02:00.317,0.68459,0.68472,1.50,1.00
2015.06.23 03:02:00.639,0.6846,0.68474,1.37,1.00
2015.06.23 03:02:01.324,0.68464,0.68477,1.12,1.00
2015.06.23 03:02:01.426,0.68466,0.68479,1.87,1.00
2015.06.23 03:02:01.927,0.68469,0.68479,1.00,1.00
2015.06.23 03:02:01.980,0.68469,0.68482,1.00,1.00
2015.06.23 03:02:02.487,0.68468,0.68481,1.50,1.00
2015.06.23 03:02:03.770,0.68468,0.68479,1.50,1.00
2015.06.23 03:02:07.395,0.68466,0.68479,1.87,1.00
2015.06.23 03:02:07.897,0.68465,0.68478,1.00,1.00
2015.06.23 03:02:08.305,0.68476,0.6848,1.87,1.00
2015.06.23 03:02:08.459,0.68476,0.68484,1.87,1.00
2015.06.23 03:02:08.829,0.68472,0.6848,1.35,1.00
2015.06.23 03:02:08.884,0.68466,0.6847,1.00,1.00
2015.06.23 03:02:08.935,0.68462,0.68467,1.00,1.00
2015.06.23 03:02:09.239,0.68463,0.68469,1.12,1.00
2015.06.23 03:02:09.746,0.68464,0.68469,1.00,1.00
2015.06.23 03:02:11.144,0.68464,0.68471,1.12,1.00
2015.06.23 03:02:11.549,0.68466,0.68472,1.00,1.00
2015.06.23 03:02:12.061,0.68465,0.68472,1.00,1.00
2015.06.23 03:02:13.132,0.68466,0.68475,1.50,1.00
2015.06.23 03:02:13.184,0.68468,0.68475,1.00,1.00
2015.06.23 03:02:14.342,0.68467,0.68475,1.37,1.00
2015.06.23 03:02:14.402,0.68465,0.68474,1.00,1.00
2015.06.23 03:02:15.210,0.68466,0.68474,1.00,1.00
2015.06.23 03:02:20.585,0.68466,0.68477,1.50,1.00
2015.06.23 03:02:22.384,0.68466,0.68479,1.87,1.00
2015.06.23 03:02:22.537,0.6847,0.6848,1.00,1.50
2015.06.23 03:02:23.057,0.6847,0.68482,1.00,1.50
2015.06.23 03:02:23.593,0.68471,0.68482,1.00,1.50
2015.06.23 03:02:33.278,0.6847,0.68482,1.12,1.00
2015.06.23 03:02:37.635,0.68471,0.68482,1.75,1.00
2015.06.23 03:02:37.889,0.68473,0.68485,1.37,1.50
2015.06.23 03:02:38.490,0.68475,0.68486,1.00,1.50
2015.06.23 03:02:39.398,0.68476,0.68486,1.00,1.00
2015.06.23 03:02:43.261,0.68475,0.68486,1.00,1.00
2015.06.23 03:02:44.139,0.68474,0.68486,1.50,1.00
2015.06.23 03:02:48.188,0.68478,0.68486,1.50,1.00
2015.06.23 03:02:52.321,0.68481,0.68486,1.50,1.00
2015.06.23 03:02:52.372,0.68481,0.68488,1.50,1.00
2015.06.23 03:02:52.891,0.68481,0.68489,1.50,1.50
2015.06.23 03:02:55.971,0.68479,0.68489,1.12,1.50
2015.06.23 03:02:58.803,0.68477,0.68489,1.00,1.00
2015.06.23 03:02:59.056,0.68476,0.68487,1.12,1.00
2015.06.23 03:03:05.141,0.68473,0.68487,2.62,1.00
2015.06.23 03:03:05.649,0.68476,0.68488,1.00,1.00
2015.06.23 03:03:06.364,0.68477,0.68488,1.37,1.00
2015.06.23 03:03:06.902,0.68477,0.68488,1.12,1.00
2015.06.23 03:03:08.257,0.68478,0.68488,1.12,1.00
2015.06.23 03:03:08.802,0.68476,0.68488,1.87,1.00
2015.06.23 03:03:09.382,0.68476,0.68487,1.37,1.00
2015.06.23 03:03:10.900,0.68475,0.68487,2.25,1.00
2015.06.23 03:03:11.460,0.68475,0.68487,2.25,1.00
2015.06.23 03:03:13.875,0.68474,0.68485,1.87,1.00
2015.06.23 03:03:18.872,0.68474,0.68487,2.62,1.00
2015.06.23 03:03:19.833,0.68474,0.68488,2.62,1.00
2015.06.23 03:03:20.340,0.68475,0.68489,3.00,1.00
2015.06.23 03:03:25.376,0.68474,0.68488,1.75,1.00
2015.06.23 03:03:25.941,0.68474,0.68487,1.37,1.00
2015.06.23 03:03:26.446,0.68472,0.68486,1.37,2.25
2015.06.23 03:03:26.549,0.68472,0.68484,1.37,1.00
2015.06.23 03:03:27.648,0.68472,0.68486,1.37,1.12
2015.06.23 03:03:28.019,0.68473,0.68488,2.25,1.50
2015.06.23 03:03:30.607,0.68473,0.68485,1.37,1.37
2015.06.23 03:03:30.810,0.68466,0.6848,3.75,1.12
2015.06.23 03:03:31.318,0.68466,0.68476,1.12,1.00
2015.06.23 03:03:31.369,0.68462,0.68476,2.62,1.00
2015.06.23 03:03:31.420,0.68462,0.68475,1.87,1.00
2015.06.23 03:03:31.471,0.68461,0.68473,1.37,1.00
2015.06.23 03:03:31.573,0.68458,0.68472,2.25,1.00
2015.06.23 03:03:31.623,0.68458,0.68469,1.50,1.00
2015.06.23 03:03:34.156,0.68458,0.6847,1.50,1.00
2015.06.23 03:03:34.791,0.68458,0.68469,1.50,1.00
2015.06.23 03:03:36.111,0.68457,0.6847,3.75,1.00
2015.06.23 03:03:36.679,0.68457,0.68469,1.00,1.50
2015.06.23 03:03:37.276,0.68454,0.68466,1.00,1.50
2015.06.23 03:03:37.327,0.6845,0.68466,1.00,2.62
2015.06.23 03:03:37.796,0.68449,0.68464,1.00,1.12
2015.06.23 03:03:38.308,0.68451,0.68464,1.00,1.00
2015.06.23 03:03:38.821,0.68453,0.68464,1.00,1.00
2015.06.23 03:03:39.395,0.68452,0.68463,1.00,1.50
2015.06.23 03:03:40.953,0.68452,0.68463,1.37,1.00
2015.06.23 03:03:42.811,0.68452,0.68465,1.37,1.50
2015.06.23 03:03:44.191,0.68455,0.68466,1.12,1.00
2015.06.23 03:03:44.495,0.68457,0.68468,1.00,1.00
2015.06.23 03:03:45.115,0.68458,0.68468,1.00,1.00
2015.06.23 03:03:46.574,0.68459,0.68468,1.12,1.00
2015.06.23 03:03:47.377,0.68459,0.68469,1.12,1.00
2015.06.23 03:03:51.337,0.68459,0.68468,1.12,1.00
2015.06.23 03:03:52.188,0.68459,0.6847,1.12,1.00
2015.06.23 03:03:52.696,0.68459,0.68469,1.00,1.00
2015.06.23 03:03:54.097,0.6846,0.68469,1.50,1.00
2015.06.23 03:03:57.571,0.6846,0.6847,1.87,1.00
2015.06.23 03:04:00.434,0.68461,0.6847,1.00,1.00
2015.06.23 03:04:01.117,0.68461,0.68473,1.00,1.37
2015.06.23 03:04:01.719,0.68462,0.68473,1.00,1.37
2015.06.23 03:04:02.074,0.68462,0.68474,1.50,1.12
2015.06.23 03:04:02.397,0.68466,0.68474,1.37,1.00
2015.06.23 03:04:02.452,0.6847,0.68481,1.50,1.00
2015.06.23 03:04:02.554,0.68472,0.68488,1.87,3.45
2015.06.23 03:04:02.657,0.68475,0.68489,1.00,1.10
2015.06.23 03:04:02.811,0.68476,0.68491,1.00,2.25
2015.06.23 03:04:03.868,0.68476,0.68489,1.87,1.00
2015.06.23 03:04:04.380,0.68476,0.68488,1.12,1.00
2015.06.23 03:04:06.488,0.68478,0.68489,1.00,1.00
2015.06.23 03:04:06.540,0.68479,0.68494,1.00,1.87
2015.06.23 03:04:06.591,0.68484,0.68494,1.00,1.00
2015.06.23 03:04:07.027,0.68484,0.68496,1.00,1.00
2015.06.23 03:04:08.455,0.68483,0.68496,1.50,1.00
2015.06.23 03:04:09.495,0.68482,0.68496,1.00,1.00
2015.06.23 03:04:10.002,0.68481,0.68496,1.50,1.00
2015.06.23 03:04:10.378,0.6848,0.68494,2.25,1.00
2015.06.23 03:04:15.027,0.68478,0.68493,1.12,1.50
2015.06.23 03:04:18.425,0.68476,0.68491,2.25,1.00
2015.06.23 03:04:23.852,0.68477,0.6849,1.12,1.00
2015.06.23 03:04:24.381,0.68477,0.68491,1.12,1.00
2015.06.23 03:04:24.534,0.68477,0.68493,2.25,1.87
2015.06.23 03:04:25.183,0.6848,0.68493,1.00,1.00
2015.06.23 03:04:29.210,0.68479,0.68493,1.00,1.50
2015.06.23 03:04:29.548,0.68479,0.68488,1.00,1.00
2015.06.23 03:04:29.600,0.68474,0.68487,1.87,1.00
2015.06.23 03:04:29.916,0.68472,0.68486,1.50,1.50
2015.06.23 03:04:30.169,0.68474,0.68486,1.00,1.50
2015.06.23 03:04:30.732,0.68474,0.68483,1.00,1.00
2015.06.23 03:04:30.784,0.68469,0.68482,1.00,1.00
2015.06.23 03:04:31.295,0.68468,0.68484,1.87,1.50
2015.06.23 03:04:31.872,0.68469,0.68484,1.00,1.00
2015.06.23 03:04:32.677,0.68468,0.68481,1.00,1.00
2015.06.23 03:04:35.627,0.68468,0.68483,1.00,1.00
2015.06.23 03:04:35.983,0.6847,0.68485,1.00,1.00
2015.06.23 03:04:36.492,0.68471,0.68486,1.00,1.00
2015.06.23 03:04:47.598,0.68471,0.68485,1.12,1.00
2015.06.23 03:04:48.877,0.68472,0.68487,1.00,1.00
2015.06.23 03:04:49.383,0.68472,0.68488,2.62,1.50
2015.06.23 03:04:50.948,0.68474,0.68488,1.00,1.50
2015.06.23 03:04:51.276,0.68472,0.68488,3.00,1.50
2015.06.23 03:04:54.647,0.68473,0.68488,3.75,1.12
2015.06.23 03:04:58.263,0.68476,0.6849,1.00,1.00
2015.06.23 03:04:58.852,0.68477,0.68491,1.50,1.00
2015.06.23 03:04:59.354,0.68477,0.68491,1.50,1.00
2015.06.23 03:04:59.405,0.68477,0.68493,1.50,1.87
2015.06.23 03:05:00.487,0.68476,0.68492,3.00,1.00
2015.06.23 03:05:01.021,0.68477,0.68493,1.37,1.87
2015.06.23 03:05:03.504,0.68476,0.68492,3.00,1.00
2015.06.23 03:05:05.505,0.68477,0.68492,1.00,1.00
2015.06.23 03:05:09.572,0.68478,0.68492,1.00,1.00
2015.06.23 03:05:11.108,0.68479,0.68494,1.00,1.00
2015.06.23 03:05:11.160,0.68481,0.68495,1.00,1.87
2015.06.23 03:05:11.312,0.68482,0.68498,1.50,3.00
2015.06.23 03:05:11.851,0.68483,0.68498,1.00,1.50
2015.06.23 03:05:11.953,0.68481,0.68497,2.25,1.00
2015.06.23 03:05:12.466,0.6848,0.68495,1.00,1.00
2015.06.23 03:05:13.027,0.68479,0.68495,1.00,1.50
2015.06.23 03:05:13.367,0.68481,0.68495,1.00,1.50
2015.06.23 03:05:13.939,0.68481,0.68496,1.00,1.00
2015.06.23 03:05:14.662,0.68483,0.68496,1.00,1.00
2015.06.23 03:05:15.180,0.68484,0.68499,1.00,1.12
2015.06.23 03:05:16.029,0.68486,0.68499,1.00,1.12
2015.06.23 03:05:16.536,0.68487,0.685,1.00,1.00
2015.06.23 03:05:16.992,0.68487,0.68499,1.00,1.37
2015.06.23 03:05:17.043,0.68484,0.68499,1.00,1.87
2015.06.23 03:05:17.247,0.68482,0.68498,1.50,3.00
2015.06.23 03:05:18.303,0.68483,0.68498,1.00,1.12
2015.06.23 03:05:24.848,0.68478,0.68493,2.25,1.00
2015.06.23 03:05:25.365,0.68477,0.68491,1.87,1.12
2015.06.23 03:05:28.441,0.68479,0.68493,1.00,1.87
2015.06.23 03:05:28.493,0.68479,0.68493,1.87,1.00
2015.06.23 03:05:29.024,0.6848,0.68494,1.00,1.12
2015.06.23 03:05:30.695,0.6848,0.68496,1.87,1.12
2015.06.23 03:05:31.016,0.68483,0.68496,1.00,1.00
2015.06.23 03:05:31.552,0.68481,0.68497,1.37,1.50
2015.06.23 03:05:32.044,0.68484,0.68497,1.00,1.00
2015.06.23 03:05:32.399,0.68485,0.685,1.00,1.37
2015.06.23 03:05:32.908,0.68484,0.685,1.50,1.87
2015.06.23 03:05:34.281,0.68483,0.68496,2.25,1.00
2015.06.23 03:05:34.484,0.68479,0.68494,1.50,1.12
2015.06.23 03:05:35.258,0.68478,0.68494,1.00,2.25
2015.06.23 03:05:39.899,0.68479,0.68493,2.25,1.00
2015.06.23 03:05:39.950,0.68479,0.68495,2.25,1.12
2015.06.23 03:05:40.102,0.68481,0.68496,1.00,1.00
2015.06.23 03:05:41.085,0.68482,0.68496,1.50,1.00
2015.06.23 03:05:41.502,0.6848,0.68495,1.00,1.87
2015.06.23 03:05:42.009,0.6848,0.68494,1.00,1.00
2015.06.23 03:05:42.212,0.68478,0.68494,1.87,1.50
2015.06.23 03:05:42.761,0.68478,0.68493,1.00,1.50
2015.06.23 03:05:44.359,0.68482,0.68493,1.00,1.00
2015.06.23 03:05:44.411,0.68481,0.68495,1.00,1.00
2015.06.23 03:05:44.903,0.68481,0.68497,2.25,2.25
2015.06.23 03:05:45.004,0.68483,0.68497,1.00,1.50
2015.06.23 03:05:56.525,0.68482,0.68497,1.00,2.62
2015.06.23 03:05:57.740,0.68481,0.68497,1.50,2.62
2015.06.23 03:05:58.045,0.68483,0.68499,1.00,2.25
2015.06.23 03:05:58.599,0.68484,0.68499,1.00,1.12
2015.06.23 03:05:58.904,0.68486,0.68501,1.00,1.12
2015.06.23 03:05:59.577,0.68486,0.68501,1.00,1.37
2015.06.23 03:06:00.336,0.68486,0.685,1.00,1.50
2015.06.23 03:06:00.932,0.68486,0.68501,1.00,1.87
2015.06.23 03:06:01.252,0.68488,0.68501,1.00,1.12
2015.06.23 03:06:01.804,0.68487,0.68501,1.00,1.12
2015.06.23 03:06:02.058,0.68485,0.68501,1.50,1.87
2015.06.23 03:06:07.935,0.68486,0.68501,1.00,1.12
2015.06.23 03:06:08.037,0.68489,0.68503,1.00,3.00
2015.06.23 03:06:08.547,0.68489,0.68503,1.00,2.25
2015.06.23 03:06:12.490,0.68491,0.68503,1.50,2.25
2015.06.23 03:06:14.152,0.68491,0.68503,1.50,3.00
2015.06.23 03:06:17.381,0.68493,0.68503,1.50,1.50
2015.06.23 03:06:17.485,0.68493,0.68504,1.50,1.87
2015.06.23 03:06:17.537,0.68492,0.68496,1.87,1.00
2015.06.23 03:06:17.588,0.68489,0.68496,1.00,1.00
2015.06.23 03:06:17.690,0.68484,0.68494,1.00,1.12
2015.06.23 03:06:17.793,0.68483,0.68493,1.50,1.37
2015.06.23 03:06:18.098,0.68486,0.68496,1.87,1.00
2015.06.23 03:06:18.149,0.68482,0.68496,1.00,1.00
2015.06.23 03:06:18.676,0.68481,0.68496,3.37,1.00
2015.06.23 03:06:30.766,0.68481,0.68497,1.00,1.00
2015.06.23 03:06:30.818,0.68494,0.68498,1.00,2.62
2015.06.23 03:06:30.970,0.68498,0.68508,1.87,1.75
2015.06.23 03:06:31.072,0.68498,0.68512,2.25,2.70
2015.06.23 03:06:31.225,0.68497,0.68513,1.00,2.70
2015.06.23 03:06:32.024,0.68496,0.68512,2.62,2.25
2015.06.23 03:06:34.989,0.68497,0.68512,1.50,1.00
2015.06.23 03:06:35.142,0.685,0.68514,1.00,1.87
2015.06.23 03:06:49.377,0.68501,0.68514,1.87,1.00
2015.06.23 03:06:51.698,0.68501,0.68515,1.87,1.00
2015.06.23 03:06:52.634,0.68501,0.68516,1.87,2.62
2015.06.23 03:06:57.363,0.68501,0.68515,3.37,1.00
2015.06.23 03:06:57.871,0.68502,0.68515,1.00,1.00
2015.06.23 03:06:59.821,0.68502,0.68518,1.00,2.62
2015.06.23 03:07:00.527,0.68503,0.68518,1.00,1.87
2015.06.23 03:07:01.545,0.68503,0.68518,1.00,1.87
2015.06.23 03:07:02.260,0.68502,0.68518,1.00,2.62
2015.06.23 03:07:18.602,0.68502,0.68515,1.00,1.37
2015.06.23 03:07:18.961,0.685,0.68515,1.50,1.37
2015.06.23 03:07:19.603,0.685,0.68515,1.50,1.00
2015.06.23 03:07:20.327,0.68502,0.68515,1.00,1.00
2015.06.23 03:07:20.939,0.68502,0.68516,1.50,1.00
2015.06.23 03:07:21.244,0.68507,0.68519,1.00,1.87
2015.06.23 03:07:21.592,0.68509,0.68521,1.00,2.25
2015.06.23 03:07:21.644,0.6851,0.68525,1.50,1.00
2015.06.23 03:07:22.151,0.6851,0.68526,1.50,1.50
2015.06.23 03:07:24.536,0.6851,0.68525,1.00,1.00
2015.06.23 03:07:25.352,0.6851,0.68525,1.37,1.00
2015.06.23 03:07:26.639,0.6851,0.68526,1.87,2.25
2015.06.23 03:07:26.740,0.6851,0.68526,1.87,1.37
2015.06.23 03:07:27.477,0.6851,0.68526,1.87,1.12
2015.06.23 03:07:27.988,0.6851,0.68526,2.25,1.37
2015.06.23 03:07:30.807,0.6851,0.68526,1.87,1.37
2015.06.23 03:07:31.857,0.6851,0.68526,2.25,1.37
2015.06.23 03:07:35.373,0.6851,0.68526,1.87,1.37
2015.06.23 03:07:41.448,0.6851,0.68526,1.50,1.00
2015.06.23 03:07:49.169,0.68511,0.68526,1.00,1.00
2015.06.23 03:07:49.372,0.68513,0.68527,1.00,1.12
2015.06.23 03:07:49.878,0.68514,0.68528,1.50,1.00
2015.06.23 03:07:51.843,0.68513,0.68528,1.00,1.00
2015.06.23 03:07:57.239,0.68513,0.68529,1.00,4.12
2015.06.23 03:07:57.775,0.68512,0.68526,1.87,1.00
2015.06.23 03:07:59.455,0.68512,0.68526,1.00,1.37
2015.06.23 03:08:01.059,0.68515,0.68526,1.00,1.37
2015.06.23 03:08:01.624,0.68517,0.68526,1.00,1.37
2015.06.23 03:08:01.726,0.68517,0.68528,1.00,1.50
2015.06.23 03:08:02.235,0.68518,0.68529,1.00,1.12
2015.06.23 03:08:04.029,0.68515,0.68529,1.50,1.87
2015.06.23 03:08:09.080,0.68516,0.68529,1.00,1.12
2015.06.23 03:08:09.739,0.68519,0.68531,1.00,1.50
2015.06.23 03:08:09.942,0.68515,0.68531,1.50,1.75
2015.06.23 03:08:10.246,0.68517,0.68532,1.50,2.25
2015.06.23 03:08:10.703,0.68519,0.68532,1.00,1.75
2015.06.23 03:08:11.039,0.68517,0.68532,1.50,1.75
2015.06.23 03:08:11.585,0.68517,0.68527,1.00,1.00
2015.06.23 03:08:11.636,0.68517,0.68527,1.00,1.37
2015.06.23 03:08:11.737,0.68514,0.68525,1.00,1.50
2015.06.23 03:08:11.789,0.68514,0.6852,1.00,1.00
2015.06.23 03:08:11.840,0.6851,0.6852,1.00,1.00
2015.06.23 03:08:11.891,0.68508,0.6852,1.50,1.00
2015.06.23 03:08:11.942,0.68508,0.68518,1.00,1.00
2015.06.23 03:08:12.146,0.68506,0.68517,1.00,1.00
2015.06.23 03:08:12.652,0.68505,0.68517,1.50,1.00
2015.06.23 03:08:13.472,0.68506,0.68516,1.00,1.00
2015.06.23 03:08:13.523,0.68504,0.6852,1.50,2.25
2015.06.23 03:08:14.033,0.68504,0.6852,1.50,1.87
2015.06.23 03:08:22.237,0.68505,0.6852,1.00,1.50
2015.06.23 03:08:22.743,0.68506,0.68522,1.50,1.37
2015.06.23 03:08:23.253,0.68506,0.68522,1.50,1.00
2015.06.23 03:08:29.224,0.68507,0.68522,1.00,1.00
2015.06.23 03:08:35.287,0.68508,0.68522,1.00,1.00
2015.06.23 03:08:51.875,0.68509,0.68522,1.00,1.00
2015.06.23 03:08:51.926,0.68511,0.68522,1.00,1.00
2015.06.23 03:08:51.977,0.68511,0.68526,1.50,1.12
2015.06.23 03:08:52.079,0.68513,0.68527,1.00,1.00
2015.06.23 03:08:52.333,0.68514,0.68529,1.00,1.50
2015.06.23 03:08:52.960,0.68513,0.68529,1.00,2.25
2015.06.23 03:08:56.641,0.68513,0.68529,1.00,1.50
2015.06.23 03:09:04.189,0.68513,0.68529,1.00,3.00
2015.06.23 03:09:04.715,0.68512,0.68528,1.00,1.37
2015.06.23 03:09:05.395,0.68512,0.68528,1.00,1.00
2015.06.23 03:09:10.421,0.68509,0.68525,1.50,1.37
2015.06.23 03:09:11.335,0.68508,0.68524,1.12,1.37
2015.06.23 03:09:12.499,0.68508,0.68524,1.00,1.87
2015.06.23 03:09:12.830,0.6851,0.68524,1.00,1.50
2015.06.23 03:09:12.984,0.68512,0.68527,1.00,1.50
2015.06.23 03:09:13.501,0.68512,0.68528,1.50,3.00
2015.06.23 03:09:14.213,0.68511,0.68527,1.00,1.12
2015.06.23 03:09:14.606,0.68511,0.68527,1.12,1.37
2015.06.23 03:09:24.528,0.6851,0.68526,1.00,1.87
2015.06.23 03:09:29.531,0.6851,0.68526,1.00,2.62
2015.06.23 03:09:29.880,0.68508,0.68522,1.00,1.00
2015.06.23 03:09:35.252,0.68507,0.68522,1.00,1.87
2015.06.23 03:09:36.472,0.68507,0.68522,1.00,1.87
2015.06.23 03:09:36.979,0.68507,0.6852,1.00,1.00
2015.06.23 03:09:38.887,0.68506,0.6852,1.00,1.00
2015.06.23 03:09:38.989,0.68504,0.6852,2.62,1.12
2015.06.23 03:09:39.864,0.68506,0.68522,1.00,4.12
2015.06.23 03:09:42.316,0.68507,0.68522,1.00,3.37
2015.06.23 03:09:43.129,0.68508,0.68522,1.00,2.62
2015.06.23 03:09:43.181,0.68508,0.68522,1.00,1.50
2015.06.23 03:09:44.582,0.68508,0.68522,1.00,1.87
2015.06.23 03:09:49.236,0.68508,0.68522,1.00,2.25
2015.06.23 03:09:52.367,0.68508,0.68524,1.50,1.87
2015.06.23 03:09:52.469,0.68512,0.68527,1.00,3.00
2015.06.23 03:09:52.520,0.68512,0.68527,1.12,2.62
2015.06.23 03:09:52.571,0.68515,0.68529,1.00,3.75
2015.06.23 03:09:52.724,0.68515,0.68529,1.00,3.00
2015.06.23 03:09:56.707,0.68515,0.68529,1.00,3.00
2015.06.23 03:09:57.488,0.68513,0.68527,1.50,1.00
2015.06.23 03:10:02.970,0.68511,0.68527,1.50,1.12
2015.06.23 03:10:03.478,0.68511,0.68526,1.00,1.12
2015.06.23 03:10:05.416,0.68511,0.68527,1.50,1.00
2015.06.23 03:10:06.129,0.68513,0.68527,1.00,1.00
2015.06.23 03:10:06.948,0.68513,0.68528,1.50,1.12
2015.06.23 03:10:07.464,0.68513,0.68527,1.50,1.00
2015.06.23 03:10:09.703,0.68516,0.68528,1.50,1.12
2015.06.23 03:10:10.405,0.6852,0.68532,1.00,1.87
2015.06.23 03:10:10.456,0.6852,0.68533,1.00,1.37
2015.06.23 03:10:10.965,0.68521,0.68534,1.50,1.50
2015.06.23 03:10:11.804,0.68521,0.68534,1.00,1.50
2015.06.23 03:10:15.049,0.68521,0.68534,1.00,1.50
2015.06.23 03:10:23.886,0.68521,0.68535,1.00,2.25
2015.06.23 03:10:26.774,0.68521,0.68534,1.00,1.50
2015.06.23 03:10:28.717,0.68521,0.68534,1.00,1.50
2015.06.23 03:10:38.987,0.68522,0.68534,1.00,1.50
2015.06.23 03:10:41.876,0.68522,0.68534,1.00,1.50
2015.06.23 03:10:42.426,0.68521,0.68534,1.00,1.50
2015.06.23 03:10:44.282,0.68522,0.68535,1.00,2.25
2015.06.23 03:10:44.435,0.68524,0.68535,1.00,1.00
2015.06.23 03:10:44.537,0.68524,0.6854,1.87,3.00
2015.06.23 03:10:45.044,0.68526,0.68541,1.12,3.00
2015.06.23 03:10:50.929,0.68527,0.68541,1.50,1.75
2015.06.23 03:10:51.265,0.68525,0.6854,1.50,1.37
2015.06.23 03:10:51.660,0.68527,0.68541,2.62,1.87
2015.06.23 03:10:51.964,0.68529,0.68542,1.87,1.87
2015.06.23 03:10:56.864,0.68529,0.68543,1.87,1.37
2015.06.23 03:11:04.864,0.68529,0.6854,1.87,1.00
2015.06.23 03:11:05.206,0.68529,0.6854,1.87,1.59
2015.06.23 03:11:06.396,0.68529,0.68543,1.87,1.87
2015.06.23 03:11:09.916,0.68528,0.68543,2.25,1.87
2015.06.23 03:11:14.823,0.68528,0.68543,1.87,2.62
2015.06.23 03:11:16.426,0.68526,0.68542,2.25,1.37
2015.06.23 03:11:26.977,0.68527,0.68542,1.12,1.12
2015.06.23 03:11:27.028,0.68527,0.68542,1.87,1.00
2015.06.23 03:11:27.537,0.68527,0.68543,2.62,2.62
2015.06.23 03:11:47.485,0.68527,0.68543,3.00,1.87
2015.06.23 03:11:54.471,0.68527,0.68541,1.87,1.37
2015.06.23 03:11:58.173,0.68527,0.68541,1.12,1.12
2015.06.23 03:11:58.723,0.68527,0.68541,1.50,1.37
2015.06.23 03:12:00.251,0.68527,0.68541,1.50,1.75
2015.06.23 03:12:04.649,0.68527,0.68541,1.87,1.37
2015.06.23 03:12:05.476,0.68527,0.68542,1.87,1.00
2015.06.23 03:12:13.568,0.68527,0.68543,1.87,1.50
2015.06.23 03:12:14.074,0.68528,0.68544,1.37,1.87
2015.06.23 03:12:14.959,0.68528,0.68544,1.37,1.87
2015.06.23 03:12:26.992,0.68528,0.68544,1.37,1.87
2015.06.23 03:12:28.916,0.68528,0.68543,1.12,2.25
2015.06.23 03:12:29.437,0.68527,0.68542,1.37,1.00
2015.06.23 03:12:32.524,0.68527,0.68542,1.37,1.12
2015.06.23 03:12:34.229,0.68527,0.68542,1.37,1.00
2015.06.23 03:12:34.831,0.68528,0.68539,1.00,1.87
2015.06.23 03:12:35.135,0.6852,0.68527,1.00,1.00
2015.06.23 03:12:35.186,0.68515,0.68527,1.00,1.00
2015.06.23 03:12:35.288,0.68513,0.68527,1.00,2.25
2015.06.23 03:12:35.739,0.68518,0.68532,1.00,1.87
2015.06.23 03:12:35.790,0.68518,0.68532,1.00,1.12
2015.06.23 03:12:36.296,0.68519,0.68532,1.00,1.12
2015.06.23 03:12:36.802,0.6852,0.68532,1.00,1.00
2015.06.23 03:12:39.981,0.68518,0.68534,1.87,1.87
2015.06.23 03:12:40.298,0.6852,0.68534,1.00,1.37
2015.06.23 03:13:17.939,0.68521,0.68536,1.00,1.87
2015.06.23 03:13:17.990,0.68523,0.68536,1.12,1.00
2015.06.23 03:13:18.041,0.68525,0.68536,1.00,1.00
2015.06.23 03:13:18.092,0.68525,0.6854,1.37,2.40
2015.06.23 03:13:18.396,0.68526,0.68541,1.37,1.12
2015.06.23 03:13:18.599,0.68527,0.68542,1.37,1.87
2015.06.23 03:13:18.903,0.68527,0.68542,1.50,1.00
2015.06.23 03:13:20.374,0.68527,0.68543,1.50,1.50
2015.06.23 03:13:21.499,0.68527,0.68543,1.87,1.87
2015.06.23 03:13:22.500,0.68527,0.68543,1.87,1.87
2015.06.23 03:13:23.280,0.68528,0.68543,2.25,1.00
2015.06.23 03:13:23.604,0.68531,0.68544,1.00,1.50
2015.06.23 03:13:23.909,0.68531,0.68544,1.37,1.12
2015.06.23 03:13:24.315,0.68531,0.68544,1.12,1.50
2015.06.23 03:13:24.958,0.68531,0.68544,1.12,1.12
2015.06.23 03:13:25.460,0.6853,0.68544,1.12,1.50
2015.06.23 03:13:25.563,0.6853,0.68544,1.00,1.50
2015.06.23 03:13:26.532,0.6853,0.68544,1.37,1.50
2015.06.23 03:13:27.040,0.68531,0.68544,1.12,1.12
2015.06.23 03:13:27.962,0.6853,0.68544,1.00,1.50
2015.06.23 03:13:28.771,0.6853,0.68544,1.00,2.25
2015.06.23 03:13:30.084,0.6853,0.68544,1.12,2.25
2015.06.23 03:13:36.000,0.68531,0.68544,1.37,1.12
2015.06.23 03:13:36.386,0.68531,0.68544,1.12,1.12
2015.06.23 03:13:43.090,0.6853,0.68545,1.87,1.37
2015.06.23 03:13:44.200,0.6853,0.68545,1.87,1.50
2015.06.23 03:13:46.631,0.68532,0.68546,1.00,2.62
2015.06.23 03:13:46.733,0.68536,0.68546,1.00,1.50
2015.06.23 03:13:46.785,0.68536,0.68548,1.00,1.00
2015.06.23 03:13:47.293,0.68536,0.6855,2.25,1.37
2015.06.23 03:13:47.953,0.68536,0.6855,2.25,1.00
2015.06.23 03:13:48.618,0.68536,0.6855,2.62,1.00
2015.06.23 03:13:53.562,0.68539,0.6855,1.00,1.00
2015.06.23 03:13:53.714,0.68539,0.68553,1.12,1.12
2015.06.23 03:13:59.345,0.68541,0.68554,1.35,2.25
2015.06.23 03:13:59.599,0.68543,0.68557,1.00,3.75
2015.06.23 03:13:59.650,0.68545,0.68557,1.00,2.25
2015.06.23 03:13:59.701,0.68545,0.68558,1.50,1.00
2015.06.23 03:13:59.753,0.68545,0.68561,1.87,2.62
2015.06.23 03:13:59.804,0.68545,0.68559,1.12,1.00
2015.06.23 03:14:00.219,0.68542,0.68556,1.37,1.37
2015.06.23 03:14:00.525,0.68541,0.68556,3.00,1.37
2015.06.23 03:14:01.352,0.68541,0.68556,3.00,1.00
2015.06.23 03:14:03.521,0.6854,0.68554,3.22,1.87
2015.06.23 03:14:03.573,0.6854,0.68554,1.87,1.87
2015.06.23 03:14:04.085,0.6854,0.68554,1.00,1.87
2015.06.23 03:14:06.944,0.6854,0.68552,1.00,1.00
2015.06.23 03:14:07.626,0.6854,0.68553,1.00,1.12
2015.06.23 03:14:10.396,0.68539,0.68553,1.00,1.37
2015.06.23 03:14:10.599,0.68536,0.68551,1.00,1.37
2015.06.23 03:14:11.164,0.68537,0.68552,1.00,2.62
2015.06.23 03:14:11.672,0.68537,0.68552,1.12,2.62
2015.06.23 03:14:12.093,0.68537,0.6855,1.50,1.37
2015.06.23 03:14:12.144,0.68535,0.68548,1.00,1.12
2015.06.23 03:14:12.296,0.68537,0.6855,1.12,1.00
2015.06.23 03:14:14.762,0.68538,0.68553,1.00,2.62
2015.06.23 03:14:15.398,0.68538,0.68553,1.12,1.37
2015.06.23 03:14:16.264,0.68539,0.68553,1.00,1.37
2015.06.23 03:14:16.907,0.68541,0.68554,1.00,1.87
2015.06.23 03:14:17.989,0.68542,0.68555,1.37,1.00
2015.06.23 03:14:22.368,0.68544,0.68557,1.50,1.37
2015.06.23 03:14:22.824,0.68546,0.68559,1.00,2.47
2015.06.23 03:14:22.926,0.68547,0.68559,1.37,1.00
2015.06.23 03:14:22.978,0.68547,0.68562,1.37,2.47
2015.06.23 03:14:23.484,0.68549,0.68562,1.12,1.12
2015.06.23 03:14:24.436,0.68549,0.68564,2.25,1.87
2015.06.23 03:14:24.937,0.68549,0.68563,1.87,1.37
2015.06.23 03:14:28.054,0.68554,0.68563,1.00,1.37
2015.06.23 03:14:28.105,0.68553,0.68568,1.97,2.25
2015.06.23 03:14:28.156,0.68553,0.68568,1.72,2.25
2015.06.23 03:14:28.410,0.68556,0.68568,1.50,1.12
2015.06.23 03:14:28.512,0.68553,0.68566,1.12,1.00
2015.06.23 03:14:29.070,0.68552,0.68565,1.87,1.00
2015.06.23 03:14:30.576,0.68552,0.68564,1.00,1.60
2015.06.23 03:14:30.830,0.68549,0.68563,1.37,2.47
2015.06.23 03:14:31.336,0.68549,0.68563,1.37,1.72
2015.06.23 03:14:31.670,0.68548,0.68558,1.50,1.00
2015.06.23 03:14:31.722,0.6855,0.68563,1.37,1.37
2015.06.23 03:14:32.224,0.6855,0.68563,1.37,1.87
2015.06.23 03:14:32.730,0.6855,0.68563,1.37,1.00
2015.06.23 03:14:35.798,0.6855,0.68563,1.37,1.37
2015.06.23 03:14:37.062,0.6855,0.68563,1.12,1.37
2015.06.23 03:14:42.102,0.68551,0.68563,1.00,1.37
2015.06.23 03:14:44.812,0.68552,0.68564,1.12,1.00
2015.06.23 03:14:45.318,0.68551,0.68565,2.25,1.00
2015.06.23 03:14:45.623,0.68556,0.68567,1.00,1.12
2015.06.23 03:14:45.978,0.68557,0.68571,1.00,1.87
2015.06.23 03:14:46.029,0.68552,0.68567,2.62,1.37
2015.06.23 03:14:46.334,0.68553,0.68567,1.37,2.62
2015.06.23 03:14:47.214,0.68551,0.68565,1.50,1.87
2015.06.23 03:14:49.453,0.68551,0.68565,1.87,1.50
2015.06.23 03:14:50.552,0.68553,0.68565,1.00,1.12
2015.06.23 03:14:50.655,0.68553,0.68567,1.50,1.87
2015.06.23 03:14:51.086,0.68553,0.68567,1.50,1.00
2015.06.23 03:14:51.396,0.68555,0.68569,1.00,1.00
2015.06.23 03:14:51.447,0.68559,0.68568,1.00,1.37
2015.06.23 03:14:51.600,0.68558,0.68572,1.12,1.12
2015.06.23 03:14:51.804,0.68556,0.68568,1.35,1.00
2015.06.23 03:14:51.956,0.68554,0.68568,1.50,1.00
2015.06.23 03:14:52.160,0.68557,0.68567,1.00,1.00
2015.06.23 03:14:52.211,0.68559,0.6857,1.00,1.00
2015.06.23 03:14:52.639,0.68559,0.68574,1.00,1.50
2015.06.23 03:14:53.997,0.68559,0.68574,1.00,1.87
2015.06.23 03:14:57.690,0.68559,0.68574,1.00,1.87
2015.06.23 03:14:59.153,0.68561,0.68573,1.00,1.37
2015.06.23 03:15:00.118,0.68565,0.68576,1.00,2.25
2015.06.23 03:15:00.604,0.68565,0.68576,1.00,1.87
2015.06.23 03:15:00.655,0.68561,0.68574,1.00,1.37
2015.06.23 03:15:05.797,0.68561,0.68574,1.00,1.87
2015.06.23 03:15:08.182,0.6856,0.68574,1.00,1.87
2015.06.23 03:15:08.786,0.6856,0.6857,1.00,1.00
2015.06.23 03:15:08.889,0.68559,0.68572,1.00,1.12
2015.06.23 03:15:09.092,0.68559,0.68572,1.00,1.37
2015.06.23 03:15:09.855,0.68559,0.68572,1.00,1.37
2015.06.23 03:15:10.460,0.68559,0.68572,1.00,1.12
2015.06.23 03:15:10.791,0.68561,0.68574,1.00,1.37
2015.06.23 03:15:12.343,0.68561,0.68574,1.00,1.37
2015.06.23 03:15:26.298,0.68561,0.68575,1.00,1.87
2015.06.23 03:15:29.257,0.6856,0.68573,1.00,1.37
2015.06.23 03:15:30.414,0.6856,0.68573,1.00,1.37
2015.06.23 03:15:38.439,0.68559,0.68572,1.00,1.12
2015.06.23 03:15:42.272,0.68559,0.68571,1.00,1.00
2015.06.23 03:15:43.766,0.68558,0.6857,1.00,1.50
2015.06.23 03:15:44.080,0.68552,0.68565,1.50,1.12
2015.06.23 03:15:44.131,0.68551,0.68565,1.00,1.87
2015.06.23 03:15:44.284,0.68549,0.68563,1.50,1.00
2015.06.23 03:15:44.386,0.68548,0.68561,1.50,1.00
2015.06.23 03:15:45.235,0.6855,0.68562,1.00,1.50
2015.06.23 03:15:45.389,0.6855,0.68565,1.00,1.87
2015.06.23 03:15:46.474,0.68549,0.68563,1.50,1.12
2015.06.23 03:15:50.028,0.68549,0.68563,2.62,1.12
2015.06.23 03:15:50.945,0.68549,0.68564,1.00,1.50
2015.06.23 03:15:52.403,0.68549,0.68561,1.12,1.00
2015.06.23 03:15:54.412,0.68547,0.68559,1.50,1.00
2015.06.23 03:15:54.867,0.68545,0.68559,1.00,1.50
2015.06.23 03:15:55.440,0.68545,0.68559,1.00,1.87
2015.06.23 03:15:58.262,0.68543,0.68554,1.87,1.00
2015.06.23 03:15:58.314,0.68542,0.68553,1.00,1.12
2015.06.23 03:15:58.416,0.68538,0.68553,1.50,2.62
2015.06.23 03:15:58.569,0.68538,0.68549,1.12,1.00
2015.06.23 03:15:59.636,0.68535,0.6855,1.00,2.62
2015.06.23 03:16:00.147,0.68535,0.6855,1.87,2.25
2015.06.23 03:16:05.924,0.68535,0.68549,1.37,1.00
2015.06.23 03:16:05.975,0.68535,0.68546,1.37,1.00
2015.06.23 03:16:06.178,0.6853,0.68542,1.50,1.00
2015.06.23 03:16:06.905,0.6853,0.68541,1.50,1.00
2015.06.23 03:16:06.957,0.68527,0.68539,1.00,1.00
2015.06.23 03:16:07.160,0.68527,0.68541,1.00,1.87
2015.06.23 03:16:07.669,0.68528,0.68541,1.00,1.00
2015.06.23 03:16:08.815,0.68526,0.68541,1.00,1.50
2015.06.23 03:16:09.823,0.68527,0.68541,1.00,1.50
2015.06.23 03:16:10.281,0.68528,0.68543,1.50,1.00
2015.06.23 03:16:10.384,0.68527,0.68541,1.00,1.00
2015.06.23 03:16:11.100,0.68526,0.68541,1.00,1.87
2015.06.23 03:16:11.867,0.68527,0.68541,1.00,1.87
2015.06.23 03:16:12.395,0.68526,0.68541,1.50,1.12
2015.06.23 03:16:14.599,0.68526,0.6854,1.50,1.00
2015.06.23 03:16:15.124,0.68526,0.68541,2.62,1.00
2015.06.23 03:16:21.392,0.68526,0.6854,1.50,1.00
2015.06.23 03:16:23.802,0.68526,0.6854,1.00,1.37
2015.06.23 03:16:24.341,0.68525,0.6854,1.12,1.00
2015.06.23 03:16:24.855,0.68525,0.6854,1.00,1.37
2015.06.23 03:16:25.362,0.68525,0.6854,1.87,1.00
2015.06.23 03:16:32.871,0.68526,0.6854,1.00,1.00
2015.06.23 03:16:40.014,0.68525,0.68539,1.00,1.12
2015.06.23 03:16:40.268,0.68525,0.68541,2.62,2.25
2015.06.23 03:16:40.776,0.68525,0.68541,2.25,2.62
2015.06.23 03:16:41.057,0.68525,0.68541,2.62,2.25
2015.06.23 03:16:41.606,0.68525,0.6854,1.37,1.00
2015.06.23 03:16:42.460,0.68525,0.6854,1.00,1.12
2015.06.23 03:16:42.963,0.68525,0.68539,1.00,1.00
2015.06.23 03:16:45.369,0.68526,0.68539,1.00,1.50
2015.06.23 03:16:51.868,0.68525,0.68539,1.00,1.50
2015.06.23 03:17:04.949,0.68524,0.68539,1.87,1.87
2015.06.23 03:17:05.589,0.68525,0.68539,1.87,1.00
2015.06.23 03:17:06.132,0.68525,0.68539,1.50,1.00
2015.06.23 03:17:07.179,0.68525,0.6854,1.37,2.25
2015.06.23 03:17:08.339,0.68525,0.6854,1.00,1.87
2015.06.23 03:17:09.135,0.68524,0.6854,3.37,1.87
2015.06.23 03:17:35.950,0.68525,0.68539,1.00,1.00
2015.06.23 03:17:36.255,0.6853,0.68542,1.00,1.37
2015.06.23 03:17:36.761,0.68531,0.68542,1.00,1.12
2015.06.23 03:17:37.264,0.68528,0.68542,1.00,1.37
2015.06.23 03:17:37.793,0.68528,0.68542,1.00,1.12
2015.06.23 03:17:38.045,0.68526,0.68542,1.50,1.87
2015.06.23 03:17:41.151,0.68525,0.68539,1.00,1.00
2015.06.23 03:17:41.354,0.68523,0.68539,1.50,1.50
2015.06.23 03:17:41.858,0.68524,0.68539,1.00,1.00
2015.06.23 03:17:42.031,0.68524,0.68536,1.00,1.00
2015.06.23 03:17:42.134,0.6852,0.68535,1.50,1.37
2015.06.23 03:17:42.286,0.68518,0.68532,2.62,1.00
2015.06.23 03:17:42.833,0.68517,0.68531,1.37,1.87
2015.06.23 03:17:43.752,0.68518,0.68532,1.50,1.00
2015.06.23 03:17:51.392,0.6852,0.68529,1.00,1.37
2015.06.23 03:18:04.463,0.68504,0.68514,1.00,1.00
2015.06.23 03:18:04.819,0.68502,0.68514,1.50,1.50
2015.06.23 03:18:04.870,0.68502,0.68514,1.50,1.87
2015.06.23 03:18:05.292,0.68502,0.68512,1.50,1.37
2015.06.23 03:18:09.690,0.68502,0.68514,1.00,3.22
2015.06.23 03:18:19.734,0.68501,0.68513,1.00,1.37
2015.06.23 03:18:19.836,0.68502,0.68513,1.37,1.37
2015.06.23 03:18:19.938,0.68502,0.68515,1.87,1.50
2015.06.23 03:18:20.040,0.68504,0.68518,1.50,1.00
2015.06.23 03:18:20.092,0.68506,0.68518,1.00,1.00
2015.06.23 03:18:20.143,0.68507,0.68521,1.00,1.00
2015.06.23 03:18:20.674,0.68506,0.6852,1.00,1.50
2015.06.23 03:18:20.826,0.68506,0.68518,1.00,1.00
2015.06.23 03:18:22.524,0.68506,0.68519,1.00,1.00
2015.06.23 03:18:23.070,0.68506,0.6852,1.00,1.50
2015.06.23 03:18:28.579,0.68504,0.68518,1.87,1.00
2015.06.23 03:18:29.298,0.68504,0.68515,1.00,1.37
2015.06.23 03:18:31.282,0.68504,0.68517,1.00,1.87
2015.06.23 03:18:31.876,0.68503,0.68517,1.50,1.87
2015.06.23 03:18:35.869,0.68503,0.68517,1.50,1.87
2015.06.23 03:18:38.306,0.68502,0.68516,1.37,1.37
2015.06.23 03:18:39.451,0.68502,0.68516,1.12,2.62
2015.06.23 03:18:41.380,0.68503,0.68516,1.37,1.00
2015.06.23 03:18:41.582,0.68504,0.68518,1.37,1.00
2015.06.23 03:18:42.147,0.68503,0.68518,1.50,1.12
2015.06.23 03:18:46.108,0.68503,0.68518,1.37,1.12
2015.06.23 03:18:46.362,0.68504,0.68516,1.12,1.00
2015.06.23 03:18:50.818,0.68503,0.68517,1.87,1.12
2015.06.23 03:18:51.552,0.68503,0.68518,3.00,1.12
2015.06.23 03:19:04.848,0.68503,0.68518,1.00,2.62
2015.06.23 03:19:12.815,0.68502,0.68518,3.75,2.62
2015.06.23 03:19:20.329,0.68501,0.68516,2.25,1.12
2015.06.23 03:19:20.431,0.68505,0.68518,1.12,1.12
2015.06.23 03:19:20.938,0.68504,0.68518,1.00,1.50
2015.06.23 03:19:27.860,0.68503,0.68518,1.50,1.87
2015.06.23 03:19:30.784,0.68503,0.68518,1.37,1.12
2015.06.23 03:19:39.114,0.68503,0.68518,1.87,1.12
2015.06.23 03:19:39.777,0.68503,0.68518,1.87,1.12
2015.06.23 03:19:40.373,0.68504,0.68517,1.12,1.00
2015.06.23 03:19:46.514,0.685,0.68511,1.00,3.97
2015.06.23 03:19:47.047,0.68496,0.68511,1.12,3.22
2015.06.23 03:19:47.149,0.68496,0.68511,1.50,2.85
2015.06.23 03:19:47.689,0.68496,0.68511,1.50,2.25
2015.06.23 03:19:47.939,0.68496,0.68511,1.12,2.25
2015.06.23 03:19:48.488,0.68495,0.68511,3.75,2.62
2015.06.23 03:19:49.142,0.68495,0.68511,3.75,2.62
2015.06.23 03:19:49.936,0.68497,0.68511,1.12,2.47
2015.06.23 03:19:55.431,0.68496,0.68511,1.12,3.22
2015.06.23 03:19:55.584,0.68496,0.68511,1.12,3.22
2015.06.23 03:19:56.093,0.68494,0.68508,1.12,1.00
2015.06.23 03:19:56.901,0.685,0.68508,1.12,1.00
2015.06.23 03:19:56.958,0.685,0.68511,1.12,1.00
2015.06.23 03:19:58.827,0.68498,0.68511,1.37,1.00
2015.06.23 03:19:59.336,0.68498,0.6851,1.00,1.00
2015.06.23 03:20:00.874,0.68498,0.6851,1.37,1.00
2015.06.23 03:20:03.891,0.68498,0.6851,1.00,1.00
2015.06.23 03:20:06.305,0.68498,0.6851,1.00,1.60
2015.06.23 03:20:06.949,0.68498,0.6851,1.12,1.12
2015.06.23 03:20:11.576,0.68498,0.68512,1.00,3.37
2015.06.23 03:20:12.115,0.68499,0.68512,1.00,3.37
2015.06.23 03:20:15.276,0.68499,0.68511,1.00,1.00
2015.06.23 03:20:17.946,0.68497,0.68511,1.00,1.12
2015.06.23 03:20:33.832,0.68497,0.68511,1.50,1.00
2015.06.23 03:20:35.212,0.68497,0.68512,1.50,3.97
2015.06.23 03:20:37.106,0.68496,0.6851,1.87,1.12
2015.06.23 03:20:37.757,0.68496,0.6851,1.37,1.12
2015.06.23 03:20:38.202,0.68496,0.6851,1.12,1.12
2015.06.23 03:20:43.027,0.68496,0.6851,1.37,1.12
2015.06.23 03:21:04.492,0.68499,0.6851,1.00,1.00
2015.06.23 03:21:04.796,0.68499,0.68512,1.75,1.12
2015.06.23 03:21:05.311,0.685,0.68514,1.75,1.87
2015.06.23 03:21:38.818,0.685,0.68514,1.37,2.62
2015.06.23 03:21:46.066,0.685,0.68514,1.87,2.62
2015.06.23 03:21:50.787,0.685,0.68514,1.87,2.62
2015.06.23 03:22:02.623,0.68502,0.68515,1.37,1.00
2015.06.23 03:22:02.726,0.68505,0.68519,1.00,1.87
2015.06.23 03:22:03.377,0.68505,0.68519,3.00,1.50
2015.06.23 03:22:03.429,0.68508,0.68523,1.00,1.87
2015.06.23 03:22:03.939,0.68508,0.68523,1.37,1.87
2015.06.23 03:22:04.904,0.68507,0.68521,1.37,1.00
2015.06.23 03:22:05.234,0.68505,0.6852,2.25,1.00
2015.06.23 03:22:05.641,0.68504,0.68519,1.87,1.50
2015.06.23 03:22:19.319,0.68503,0.68518,1.87,1.00
2015.06.23 03:22:20.489,0.68504,0.68518,1.12,1.00
2015.06.23 03:22:21.165,0.68505,0.68519,1.00,1.12
2015.06.23 03:22:24.586,0.68506,0.68519,1.00,1.12
2015.06.23 03:22:26.879,0.68505,0.68519,1.00,1.12
2015.06.23 03:22:40.127,0.68504,0.68519,1.12,1.87
2015.06.23 03:22:40.638,0.68503,0.68519,1.87,1.87
2015.06.23 03:22:41.527,0.68503,0.68514,1.12,1.12
2015.06.23 03:22:41.884,0.685,0.68512,1.37,1.00
2015.06.23 03:22:42.603,0.685,0.68512,1.00,1.12
2015.06.23 03:22:43.348,0.68499,0.68512,1.00,1.12
2015.06.23 03:22:44.469,0.68499,0.68511,1.00,1.00
2015.06.23 03:22:48.872,0.68499,0.68511,1.00,1.37
2015.06.23 03:22:48.973,0.68499,0.68508,1.00,1.12
2015.06.23 03:22:49.126,0.68497,0.68508,1.12,1.12
2015.06.23 03:22:49.847,0.68498,0.68508,1.00,1.12
2015.06.23 03:22:50.954,0.68498,0.68509,1.00,1.12
2015.06.23 03:22:52.616,0.68497,0.6851,1.50,1.37
2015.06.23 03:22:58.318,0.68497,0.6851,1.00,1.00
2015.06.23 03:23:05.732,0.68496,0.6851,3.75,1.12
2015.06.23 03:23:10.748,0.68496,0.68512,3.00,3.97
2015.06.23 03:23:33.383,0.685,0.68512,1.37,1.50
2015.06.23 03:23:33.484,0.685,0.68515,2.25,1.12
2015.06.23 03:23:33.535,0.68502,0.68515,1.00,1.12
2015.06.23 03:23:34.387,0.68506,0.68519,1.50,1.37
2015.06.23 03:23:34.442,0.68508,0.68522,1.00,2.62
2015.06.23 03:23:34.799,0.68508,0.68523,1.87,3.00
2015.06.23 03:23:41.259,0.68508,0.68518,1.37,1.00
2015.06.23 03:23:41.310,0.68506,0.68519,1.00,1.37
2015.06.23 03:23:41.815,0.68505,0.68519,2.62,1.37
2015.06.23 03:23:42.621,0.68505,0.68519,2.62,1.00
2015.06.23 03:24:00.970,0.68505,0.68516,1.12,1.00
2015.06.23 03:24:01.274,0.68502,0.68511,1.00,1.00
2015.06.23 03:24:01.781,0.68502,0.6851,1.00,1.00
2015.06.23 03:24:02.136,0.68502,0.68511,1.37,1.00
2015.06.23 03:24:02.289,0.68502,0.68513,1.37,1.00
2015.06.23 03:24:02.792,0.68501,0.68513,2.25,1.00
2015.06.23 03:24:03.573,0.68501,0.68513,1.50,1.00
2015.06.23 03:24:03.624,0.68501,0.68511,1.50,1.00
2015.06.23 03:24:04.130,0.68499,0.6851,1.12,1.00
2015.06.23 03:24:04.636,0.68498,0.68509,1.37,1.00
2015.06.23 03:24:05.172,0.68498,0.68508,1.37,1.00
2015.06.23 03:24:16.644,0.68501,0.68508,1.00,1.00
2015.06.23 03:24:17.205,0.68501,0.68509,1.37,1.00
2015.06.23 03:24:20.114,0.68501,0.68508,1.37,1.00
2015.06.23 03:24:21.088,0.68502,0.68509,1.12,1.00
2015.06.23 03:24:23.593,0.68502,0.6851,1.12,1.00
2015.06.23 03:24:25.597,0.68502,0.68509,1.12,1.00
2015.06.23 03:24:26.581,0.68502,0.68511,1.00,1.00
2015.06.23 03:24:26.684,0.68503,0.68512,1.37,1.12
2015.06.23 03:24:26.836,0.68504,0.68518,1.12,2.25
2015.06.23 03:24:27.221,0.68506,0.68519,1.00,1.50
2015.06.23 03:24:27.374,0.68507,0.68521,1.87,1.12
2015.06.23 03:24:28.551,0.68507,0.68523,1.87,3.37
2015.06.23 03:24:30.747,0.68507,0.6852,1.37,1.00
2015.06.23 03:24:30.951,0.68506,0.6852,1.12,1.00
2015.06.23 03:24:31.459,0.68506,0.68519,1.00,1.00
2015.06.23 03:24:34.478,0.68506,0.68519,1.00,1.37
2015.06.23 03:24:36.254,0.68505,0.68519,1.50,1.37
2015.06.23 03:24:37.575,0.68505,0.68521,2.62,3.75
2015.06.23 03:24:39.655,0.68507,0.68521,1.50,1.00
2015.06.23 03:24:40.161,0.68507,0.68522,1.50,2.62
2015.06.23 03:24:41.639,0.68507,0.68522,1.50,3.00
2015.06.23 03:24:42.303,0.68506,0.6852,1.00,2.62
2015.06.23 03:24:50.866,0.68507,0.68521,1.00,2.62
2015.06.23 03:24:52.945,0.68507,0.68523,2.62,3.00
2015.06.23 03:24:53.614,0.68507,0.68521,1.87,1.00
2015.06.23 03:24:54.162,0.68507,0.68521,1.50,1.00
2015.06.23 03:24:58.294,0.68507,0.68522,1.50,1.87
2015.06.23 03:24:59.787,0.68507,0.68521,1.50,1.00
2015.06.23 03:25:00.093,0.68506,0.68519,1.12,1.50
2015.06.23 03:25:00.705,0.68505,0.68518,1.00,1.00
2015.06.23 03:25:01.251,0.68504,0.68518,1.50,1.12
2015.06.23 03:25:01.792,0.68504,0.68517,1.50,1.00
2015.06.23 03:25:05.299,0.68504,0.68515,1.50,1.00
2015.06.23 03:25:15.138,0.68503,0.68515,1.87,1.00
2015.06.23 03:25:15.240,0.68503,0.68518,2.25,1.00
2015.06.23 03:25:26.148,0.68504,0.68518,1.00,1.00
2015.06.23 03:25:27.109,0.68504,0.68519,1.00,1.87
2015.06.23 03:25:27.712,0.68504,0.68518,1.00,1.00
2015.06.23 03:25:33.378,0.68504,0.68517,1.00,1.00
2015.06.23 03:25:33.929,0.68503,0.68517,1.87,1.00
2015.06.23 03:25:47.491,0.68504,0.68517,1.00,1.00
2015.06.23 03:25:49.043,0.68503,0.68517,1.87,1.00
2015.06.23 03:25:49.872,0.68503,0.68516,1.12,1.00
2015.06.23 03:25:49.923,0.68502,0.68514,2.25,1.00
2015.06.23 03:25:50.816,0.68498,0.6851,1.87,1.37
2015.06.23 03:25:51.904,0.68498,0.6851,1.87,1.37
2015.06.23 03:25:52.481,0.68498,0.68511,2.25,1.00
2015.06.23 03:25:52.583,0.68499,0.68514,1.87,1.12
2015.06.23 03:25:52.988,0.68503,0.68517,1.37,2.25
2015.06.23 03:25:53.242,0.68505,0.68519,1.00,2.25
2015.06.23 03:25:53.401,0.68507,0.6852,1.00,2.25
2015.06.23 03:25:58.418,0.68507,0.68522,1.12,1.12
2015.06.23 03:26:01.437,0.68507,0.68523,1.87,1.50
2015.06.23 03:26:02.133,0.68507,0.68523,1.87,1.50
2015.06.23 03:26:09.400,0.68509,0.68523,1.00,1.00
2015.06.23 03:26:09.939,0.68509,0.68523,1.37,1.12
2015.06.23 03:26:18.264,0.6851,0.68524,1.12,1.00
2015.06.23 03:26:25.013,0.68511,0.68524,1.00,1.50
2015.06.23 03:26:25.165,0.68508,0.68522,1.37,1.12
2015.06.23 03:26:25.781,0.68508,0.68522,1.00,1.50
2015.06.23 03:26:26.881,0.68508,0.68522,1.37,1.87
2015.06.23 03:26:40.672,0.6851,0.68524,1.12,1.12
2015.06.23 03:26:40.977,0.68511,0.68526,1.87,1.00
2015.06.23 03:26:41.080,0.68513,0.68527,1.00,1.00
2015.06.23 03:26:41.689,0.68516,0.68529,1.00,1.50
2015.06.23 03:26:42.225,0.68516,0.68528,1.12,1.00
2015.06.23 03:26:42.727,0.68516,0.68529,1.12,1.50
2015.06.23 03:26:44.407,0.68516,0.68528,1.12,1.00
2015.06.23 03:26:44.611,0.68517,0.68532,1.00,1.87
2015.06.23 03:26:44.764,0.68517,0.68529,1.00,1.00
2015.06.23 03:26:45.566,0.68515,0.6853,3.00,1.00
2015.06.23 03:26:57.454,0.68515,0.6853,2.62,1.00
2015.06.23 03:26:57.758,0.68517,0.68531,1.00,1.00
2015.06.23 03:27:02.580,0.68516,0.68529,1.12,1.00
2015.06.23 03:27:02.632,0.68514,0.68528,1.87,1.50
2015.06.23 03:27:03.773,0.68513,0.68527,2.25,1.00
2015.06.23 03:27:07.449,0.6851,0.68523,1.00,1.12
2015.06.23 03:27:07.792,0.68509,0.68521,1.00,1.50
2015.06.23 03:27:07.944,0.68505,0.6852,2.25,1.50
2015.06.23 03:27:08.472,0.68505,0.68519,2.62,1.00
2015.06.23 03:27:08.974,0.68505,0.68519,2.25,1.00
2015.06.23 03:27:11.164,0.68506,0.68521,1.00,1.00
2015.06.23 03:27:11.266,0.68508,0.68522,1.00,1.00
2015.06.23 03:27:11.773,0.6851,0.68523,1.00,1.00
2015.06.23 03:27:14.899,0.6851,0.68524,1.50,1.00
2015.06.23 03:27:15.257,0.68508,0.68524,1.87,2.25
2015.06.23 03:27:17.151,0.68509,0.68524,1.00,1.50
2015.06.23 03:27:18.053,0.6851,0.68524,1.00,1.50
2015.06.23 03:27:22.694,0.68509,0.68524,1.00,1.50
2015.06.23 03:27:27.119,0.68509,0.68523,1.00,1.00
2015.06.23 03:27:27.643,0.68509,0.68524,1.00,2.62
2015.06.23 03:27:28.630,0.68509,0.68522,1.12,1.00
2015.06.23 03:27:33.805,0.68508,0.68521,2.25,1.00
2015.06.23 03:27:44.384,0.68509,0.68524,1.00,2.62
2015.06.23 03:27:44.620,0.68511,0.68524,1.12,1.00
2015.06.23 03:27:57.890,0.68511,0.68525,1.12,1.87
2015.06.23 03:28:10.401,0.68511,0.68522,1.12,1.50
2015.06.23 03:28:10.762,0.68507,0.68522,1.00,2.62
2015.06.23 03:28:10.914,0.6851,0.68523,1.00,1.37
2015.06.23 03:28:11.068,0.68511,0.68526,1.00,2.62
2015.06.23 03:28:11.575,0.68512,0.68526,1.00,1.00
2015.06.23 03:28:12.082,0.68511,0.68526,1.87,1.00
2015.06.23 03:28:13.432,0.68511,0.68522,1.00,1.87
2015.06.23 03:28:13.484,0.68507,0.68522,1.00,2.25
2015.06.23 03:28:13.993,0.68509,0.68523,1.00,1.50
2015.06.23 03:28:14.500,0.6851,0.68523,1.00,1.00
2015.06.23 03:28:15.411,0.68511,0.68525,1.00,1.12
2015.06.23 03:28:20.414,0.68511,0.68524,1.12,1.00
2015.06.23 03:28:20.466,0.68511,0.68522,1.00,1.12
2015.06.23 03:28:20.619,0.68507,0.68522,1.00,2.62
2015.06.23 03:28:21.128,0.68509,0.68523,1.00,1.00
2015.06.23 03:28:21.634,0.68509,0.68524,1.00,1.87
2015.06.23 03:28:23.120,0.6851,0.68524,1.00,1.87
2015.06.23 03:28:31.120,0.6851,0.68524,1.00,1.87
2015.06.23 03:28:31.646,0.68509,0.68524,2.25,1.50
2015.06.23 03:28:31.951,0.68512,0.68524,1.00,1.00
2015.06.23 03:28:34.041,0.68512,0.68517,1.00,1.00
2015.06.23 03:28:34.193,0.68505,0.68512,3.00,1.00
2015.06.23 03:28:34.244,0.68502,0.68512,1.10,1.00
2015.06.23 03:28:34.396,0.68498,0.68512,1.87,1.00
2015.06.23 03:28:34.902,0.68498,0.68512,1.87,2.85
2015.06.23 03:28:36.581,0.68498,0.68512,1.87,1.60
2015.06.23 03:28:37.210,0.68498,0.68512,1.87,1.97
2015.06.23 03:28:47.311,0.68498,0.68512,1.87,1.97
2015.06.23 03:28:54.868,0.68498,0.68512,1.87,1.72
2015.06.23 03:28:59.090,0.68498,0.68512,1.87,1.37
2015.06.23 03:29:06.118,0.68498,0.68512,1.87,1.37
2015.06.23 03:29:11.191,0.68498,0.68512,1.87,3.22
2015.06.23 03:29:11.707,0.68498,0.68511,1.87,1.30
2015.06.23 03:29:23.759,0.68498,0.68511,3.00,1.72
2015.06.23 03:29:29.239,0.685,0.68511,1.37,1.72
2015.06.23 03:29:32.319,0.685,0.68512,1.37,2.47
2015.06.23 03:29:35.794,0.685,0.68511,1.37,1.30
2015.06.23 03:29:49.269,0.68498,0.68512,1.50,1.72
2015.06.23 03:29:49.788,0.68498,0.68512,1.50,1.72
2015.06.23 03:29:50.323,0.68498,0.68512,1.50,1.72
2015.06.23 03:29:51.089,0.68498,0.68512,1.50,1.72
2015.06.23 03:29:55.243,0.68498,0.6851,1.12,1.50
2015.06.23 03:29:55.297,0.68495,0.68506,1.12,1.72
2015.06.23 03:29:55.605,0.68489,0.68498,1.37,1.35
2015.06.23 03:29:55.656,0.68484,0.68497,1.87,1.50
2015.06.23 03:29:58.237,0.68486,0.685,1.00,2.62
2015.06.23 03:29:58.288,0.68486,0.685,1.00,2.62
2015.06.23 03:29:58.491,0.68487,0.68501,1.00,2.47
2015.06.23 03:29:58.694,0.68489,0.68501,1.12,1.12
2015.06.23 03:29:59.217,0.6849,0.68502,1.00,1.00
2015.06.23 03:29:59.572,0.68491,0.68504,1.00,1.12
2015.06.23 03:29:59.725,0.68492,0.68506,1.50,1.00
2015.06.23 03:30:00.942,0.68491,0.68505,1.50,1.00
2015.06.23 03:30:01.347,0.68493,0.68506,1.00,1.00
2015.06.23 03:30:05.460,0.68491,0.68506,1.87,1.87
2015.06.23 03:30:08.117,0.68491,0.68506,3.00,1.50
2015.06.23 03:30:12.431,0.68492,0.68507,2.25,1.50
2015.06.23 03:30:12.634,0.68496,0.68509,1.37,1.87
2015.06.23 03:30:13.193,0.68496,0.6851,1.87,1.00
2015.06.23 03:30:14.100,0.68498,0.6851,1.37,1.00
2015.06.23 03:30:15.134,0.68498,0.68512,1.37,2.47
2015.06.23 03:30:15.236,0.685,0.68512,1.37,1.00
2015.06.23 03:30:15.852,0.68501,0.68512,1.37,1.00
2015.06.23 03:30:17.096,0.68501,0.68512,1.37,1.00
2015.06.23 03:30:18.426,0.685,0.6851,1.12,1.00
2015.06.23 03:30:18.848,0.685,0.6851,1.37,1.00
2015.06.23 03:30:19.115,0.685,0.68512,1.37,1.50
2015.06.23 03:30:19.216,0.685,0.68512,1.37,1.87
2015.06.23 03:30:20.536,0.68498,0.68512,1.37,1.87
2015.06.23 03:30:21.574,0.68498,0.68509,1.37,1.00
2015.06.23 03:30:21.625,0.68498,0.68509,1.37,1.00
2015.06.23 03:30:25.320,0.68498,0.68509,1.37,1.00
2015.06.23 03:30:25.430,0.68498,0.68509,1.37,1.12
2015.06.23 03:30:25.533,0.68496,0.68509,1.87,1.12
2015.06.23 03:30:26.042,0.68496,0.68509,1.87,1.00
2015.06.23 03:30:26.923,0.68496,0.68509,1.87,1.00
2015.06.23 03:30:27.662,0.68496,0.68509,1.87,1.00
2015.06.23 03:30:28.661,0.68496,0.68509,1.37,1.00
2015.06.23 03:30:32.184,0.68498,0.68511,1.37,2.62
2015.06.23 03:30:32.691,0.68498,0.6851,1.37,1.00
2015.06.23 03:30:33.224,0.68498,0.6851,1.37,1.00
2015.06.23 03:30:35.214,0.68498,0.68511,1.37,1.87
2015.06.23 03:30:35.266,0.68498,0.68511,1.50,1.00
2015.06.23 03:30:35.768,0.68498,0.68513,3.00,1.37
2015.06.23 03:30:36.371,0.685,0.68513,1.87,1.12
2015.06.23 03:30:36.625,0.68502,0.68515,1.37,1.00
2015.06.23 03:30:36.676,0.68502,0.68516,1.00,1.12
2015.06.23 03:30:37.281,0.68505,0.6852,1.50,1.37
2015.06.23 03:30:37.812,0.68505,0.6852,1.50,1.37
2015.06.23 03:30:38.863,0.68505,0.68517,1.00,1.00
2015.06.23 03:30:39.015,0.68501,0.68516,1.50,1.37
2015.06.23 03:30:39.066,0.68501,0.68516,1.37,1.37
2015.06.23 03:30:40.281,0.68501,0.68515,1.37,1.12
2015.06.23 03:30:43.071,0.68502,0.68516,1.37,1.87
2015.06.23 03:30:43.591,0.68504,0.68516,1.37,1.00
2015.06.23 03:30:51.474,0.68503,0.68516,1.75,1.00
2015.06.23 03:30:51.525,0.68505,0.68519,1.37,2.25
2015.06.23 03:30:51.908,0.68506,0.6852,1.00,1.00
2015.06.23 03:30:52.416,0.68506,0.68519,2.25,1.00
2015.06.23 03:30:53.404,0.68507,0.68519,1.00,1.00
2015.06.23 03:30:55.152,0.68507,0.6852,1.00,1.00
2015.06.23 03:30:55.492,0.68512,0.6852,1.00,1.00
2015.06.23 03:30:55.543,0.68515,0.68526,1.00,1.00
2015.06.23 03:30:56.050,0.68515,0.68527,1.00,1.50
2015.06.23 03:30:57.740,0.68515,0.68529,1.00,1.87
2015.06.23 03:31:04.338,0.68515,0.6853,1.50,1.50
2015.06.23 03:31:04.877,0.68515,0.68529,1.50,1.00
2015.06.23 03:31:06.652,0.68515,0.68527,1.00,1.00
2015.06.23 03:31:07.516,0.68515,0.68528,1.00,1.00
2015.06.23 03:31:08.757,0.68515,0.68529,1.00,1.00
2015.06.23 03:31:12.579,0.68513,0.68527,1.87,1.00
2015.06.23 03:31:13.307,0.68513,0.68526,1.37,1.87
2015.06.23 03:31:13.628,0.68512,0.68524,1.37,1.00
2015.06.23 03:31:15.640,0.68517,0.68526,1.37,1.00
2015.06.23 03:31:15.793,0.68518,0.68532,1.75,1.00
2015.06.23 03:31:15.845,0.68518,0.68533,1.87,1.87
2015.06.23 03:31:15.947,0.6852,0.68533,1.50,1.50
2015.06.23 03:31:16.505,0.68522,0.68534,1.00,1.00
2015.06.23 03:31:16.557,0.68519,0.68534,1.50,1.00
2015.06.23 03:31:16.813,0.68525,0.68535,1.00,1.50
2015.06.23 03:31:16.864,0.68522,0.68535,1.00,1.50
2015.06.23 03:31:16.966,0.68525,0.68536,1.00,2.25
2015.06.23 03:31:17.119,0.68522,0.68536,1.00,2.25
2015.06.23 03:31:17.170,0.6852,0.68536,2.25,2.25
2015.06.23 03:31:17.427,0.6852,0.68534,1.00,1.00
2015.06.23 03:31:17.731,0.68518,0.68532,1.00,1.00
2015.06.23 03:31:18.032,0.68519,0.68534,1.87,1.00
2015.06.23 03:31:25.381,0.68521,0.68536,1.75,1.50
2015.06.23 03:31:25.484,0.68524,0.68538,1.12,3.00
2015.06.23 03:31:25.637,0.68525,0.6854,1.87,2.25
2015.06.23 03:31:26.013,0.68527,0.6854,1.00,1.00
2015.06.23 03:31:36.244,0.68529,0.6854,1.00,1.00
2015.06.23 03:31:36.296,0.68529,0.68542,1.00,1.00
2015.06.23 03:31:40.719,0.68527,0.68542,2.62,1.00
2015.06.23 03:31:45.530,0.68527,0.68541,1.87,1.00
2015.06.23 03:31:45.886,0.68526,0.68541,1.50,1.00
2015.06.23 03:31:46.592,0.68526,0.68541,2.62,1.00
2015.06.23 03:31:55.220,0.68527,0.68541,1.00,1.00
2015.06.23 03:31:55.530,0.68526,0.68541,2.25,1.00
2015.06.23 03:31:58.107,0.68528,0.68541,1.37,1.00
2015.06.23 03:32:00.082,0.68537,0.68541,1.00,1.00
2015.06.23 03:32:00.133,0.68537,0.68543,1.00,1.50
2015.06.23 03:32:00.543,0.68537,0.68545,1.00,1.50
2015.06.23 03:32:01.086,0.68536,0.68545,1.00,1.00
2015.06.23 03:32:10.127,0.68536,0.68546,1.12,1.87
2015.06.23 03:32:10.229,0.68536,0.68548,1.37,1.50
2015.06.23 03:32:10.770,0.68537,0.6855,1.87,1.37
2015.06.23 03:32:10.821,0.68537,0.6855,1.50,1.37
2015.06.23 03:32:11.559,0.68536,0.68552,1.00,1.00
2015.06.23 03:32:12.073,0.68535,0.68551,3.00,1.00
2015.06.23 03:32:12.848,0.68535,0.68551,3.00,1.00
2015.06.23 03:32:13.229,0.68537,0.68553,1.12,1.87
2015.06.23 03:32:13.996,0.68536,0.68552,1.87,1.00
2015.06.23 03:32:15.278,0.68537,0.68553,1.00,2.25
2015.06.23 03:32:15.691,0.68536,0.68551,1.37,1.00
2015.06.23 03:32:15.843,0.68536,0.68552,1.50,1.00
2015.06.23 03:32:17.361,0.68536,0.68552,1.37,1.87
2015.06.23 03:32:18.878,0.68536,0.68552,1.37,1.87
2015.06.23 03:32:19.498,0.68536,0.68551,1.37,1.00
2015.06.23 03:32:20.224,0.68536,0.6855,1.37,1.00
2015.06.23 03:32:25.974,0.68537,0.68545,1.37,1.00
2015.06.23 03:32:26.329,0.68529,0.68544,1.50,1.12
2015.06.23 03:32:26.380,0.68529,0.68542,1.37,1.00
2015.06.23 03:32:27.145,0.68527,0.68541,2.62,1.50
2015.06.23 03:32:27.197,0.68527,0.68541,2.25,1.50
2015.06.23 03:32:30.250,0.6853,0.68543,1.37,1.00
2015.06.23 03:32:30.301,0.6853,0.68544,1.50,1.00
2015.06.23 03:32:30.756,0.68531,0.68546,1.37,1.12
2015.06.23 03:32:31.366,0.68531,0.68546,1.37,1.00
2015.06.23 03:32:31.469,0.68533,0.68547,1.12,1.87
2015.06.23 03:32:43.703,0.68532,0.68544,1.37,1.00
2015.06.23 03:32:44.012,0.68528,0.68542,1.37,1.00
2015.06.23 03:32:45.028,0.68533,0.68542,1.00,1.00
2015.06.23 03:33:00.586,0.68532,0.68542,1.12,1.00
2015.06.23 03:33:04.804,0.68532,0.68544,1.12,2.25
2015.06.23 03:33:04.907,0.68536,0.68548,1.00,1.87
2015.06.23 03:33:05.163,0.68538,0.68552,1.50,1.12
2015.06.23 03:33:05.215,0.6854,0.68552,1.00,1.00
2015.06.23 03:33:06.058,0.68537,0.68552,1.50,1.00
2015.06.23 03:33:21.347,0.68536,0.6855,1.87,1.00
2015.06.23 03:33:21.854,0.68536,0.6855,1.37,1.00
2015.06.23 03:33:22.402,0.68537,0.6855,1.37,1.00
2015.06.23 03:33:22.928,0.68537,0.6855,1.37,1.00
2015.06.23 03:33:24.803,0.68535,0.68549,1.37,1.00
2015.06.23 03:33:26.608,0.68533,0.68544,2.25,1.00
2015.06.23 03:33:26.761,0.68532,0.68544,1.37,1.00
2015.06.23 03:33:26.863,0.68532,0.68541,1.00,1.00
2015.06.23 03:33:27.707,0.68532,0.68543,1.37,1.00
2015.06.23 03:33:28.215,0.68532,0.68544,1.37,1.00
2015.06.23 03:33:29.247,0.68532,0.68542,1.37,1.00
2015.06.23 03:33:29.669,0.68532,0.68542,1.12,1.00
2015.06.23 03:33:30.487,0.68533,0.68542,1.00,1.00
2015.06.23 03:33:33.826,0.68532,0.68542,1.00,1.00
2015.06.23 03:33:34.329,0.68532,0.68542,1.37,1.00
2015.06.23 03:33:35.238,0.68532,0.68543,1.37,1.50
2015.06.23 03:33:39.139,0.68533,0.68541,1.12,1.00
2015.06.23 03:33:55.293,0.68532,0.68543,1.37,1.50
2015.06.23 03:33:55.947,0.68532,0.68542,1.00,1.00
2015.06.23 03:33:56.601,0.68532,0.68541,1.00,1.00
2015.06.23 03:33:57.586,0.68533,0.68541,1.00,1.00
2015.06.23 03:33:57.637,0.68533,0.68543,1.00,2.25
2015.06.23 03:34:03.940,0.68532,0.68543,1.00,1.50
2015.06.23 03:34:04.553,0.68532,0.68546,1.50,1.87
2015.06.23 03:34:04.656,0.68533,0.68547,1.00,1.00
2015.06.23 03:34:04.911,0.68536,0.68548,1.00,1.00
2015.06.23 03:34:05.124,0.68537,0.6855,1.12,1.00
2015.06.23 03:34:05.235,0.68538,0.68552,1.00,1.50
2015.06.23 03:34:05.773,0.68537,0.68552,1.00,1.87
2015.06.23 03:34:06.078,0.68537,0.6855,1.00,1.00
2015.06.23 03:34:06.231,0.68537,0.68552,1.00,2.25
2015.06.23 03:34:06.745,0.68538,0.68552,1.00,1.50
2015.06.23 03:34:07.365,0.68538,0.68548,1.00,1.00
2015.06.23 03:34:07.518,0.68535,0.68548,1.00,1.00
2015.06.23 03:34:07.944,0.68534,0.68548,1.37,1.87
2015.06.23 03:34:08.632,0.68532,0.68546,1.12,1.50
2015.06.23 03:34:08.986,0.68532,0.68546,1.37,1.50
2015.06.23 03:34:10.456,0.68533,0.68546,1.37,1.00
2015.06.23 03:34:11.186,0.68532,0.68546,1.50,1.00
2015.06.23 03:34:11.847,0.68532,0.68545,1.00,1.12
2015.06.23 03:34:13.886,0.68532,0.68544,1.00,1.00
2015.06.23 03:34:16.773,0.68532,0.68545,1.00,1.00
2015.06.23 03:34:17.374,0.68533,0.68546,1.00,1.87
2015.06.23 03:34:22.026,0.68532,0.68545,1.00,1.00
2015.06.23 03:34:29.101,0.68532,0.68545,1.37,1.00
2015.06.23 03:34:29.783,0.68532,0.68546,1.37,1.87
2015.06.23 03:34:30.115,0.68532,0.68542,1.12,1.00
2015.06.23 03:34:30.623,0.68532,0.68542,1.37,1.00
2015.06.23 03:34:40.495,0.68532,0.68543,1.37,1.00
2015.06.23 03:34:41.066,0.68532,0.68543,1.12,1.00
2015.06.23 03:34:54.691,0.68532,0.68541,1.12,1.00
2015.06.23 03:34:56.653,0.68532,0.68541,1.37,1.00
2015.06.23 03:34:56.704,0.68532,0.68543,1.37,1.87
2015.06.23 03:34:58.981,0.68533,0.68542,1.12,1.00
2015.06.23 03:35:09.567,0.68533,0.68543,1.12,1.87
2015.06.23 03:35:17.675,0.68532,0.68543,1.12,1.00
2015.06.23 03:35:18.402,0.68535,0.68543,2.62,1.00
2015.06.23 03:35:18.454,0.68538,0.68551,1.00,1.00
2015.06.23 03:35:19.829,0.68536,0.68551,1.87,1.50
2015.06.23 03:35:20.380,0.68536,0.68551,1.50,1.00
2015.06.23 03:35:27.694,0.68536,0.68551,1.37,1.50
2015.06.23 03:35:33.053,0.68536,0.68551,1.50,1.00
2015.06.23 03:35:46.845,0.68537,0.6855,1.00,1.00
2015.06.23 03:35:50.891,0.68537,0.68552,2.25,1.00
2015.06.23 03:36:01.214,0.68537,0.68552,1.87,1.50
2015.06.23 03:36:15.229,0.68539,0.68552,1.00,1.00
2015.06.23 03:36:19.341,0.68539,0.68551,1.00,1.00
2015.06.23 03:36:25.887,0.68539,0.68553,1.00,1.50
2015.06.23 03:36:27.157,0.68537,0.6855,3.37,1.00
2015.06.23 03:36:31.138,0.68538,0.68553,1.12,1.00
2015.06.23 03:36:35.199,0.68537,0.68552,1.37,1.00
2015.06.23 03:36:40.110,0.68537,0.68553,2.62,2.25
2015.06.23 03:36:40.724,0.68537,0.68552,2.62,1.00
2015.06.23 03:36:41.467,0.68537,0.68548,1.87,1.00
2015.06.23 03:36:42.240,0.68535,0.68543,1.00,1.50
2015.06.23 03:36:42.291,0.68532,0.68543,1.12,2.10
2015.06.23 03:36:47.589,0.68532,0.68543,1.37,1.50
2015.06.23 03:36:53.258,0.68532,0.68543,1.12,1.50
2015.06.23 03:36:59.495,0.68532,0.68542,1.00,1.00
2015.06.23 03:36:59.546,0.68532,0.68544,1.00,1.00
2015.06.23 03:36:59.901,0.68533,0.68547,1.50,1.00
2015.06.23 03:37:00.106,0.68536,0.6855,1.00,1.50
2015.06.23 03:37:00.157,0.68536,0.68551,1.00,1.50
2015.06.23 03:37:00.554,0.68538,0.68551,1.50,1.00
2015.06.23 03:37:00.707,0.68538,0.68553,2.25,1.12
2015.06.23 03:37:01.467,0.68538,0.68553,2.62,1.12
2015.06.23 03:37:05.563,0.68538,0.68553,3.00,1.50
2015.06.23 03:37:10.947,0.68538,0.68552,2.25,1.00
2015.06.23 03:37:11.453,0.68538,0.68552,1.87,1.00
2015.06.23 03:37:12.494,0.68538,0.68552,1.75,1.00
2015.06.23 03:37:13.005,0.68539,0.68553,1.50,1.00
2015.06.23 03:37:17.932,0.68538,0.68553,1.37,1.50
2015.06.23 03:37:26.146,0.68539,0.68552,1.37,1.00
2015.06.23 03:37:42.910,0.68538,0.68551,1.37,1.00
2015.06.23 03:37:43.113,0.68537,0.68548,1.37,1.00
2015.06.23 03:37:43.531,0.68533,0.68543,1.00,1.50
2015.06.23 03:37:43.785,0.68532,0.68541,1.37,1.00
2015.06.23 03:37:44.095,0.68532,0.68543,1.37,1.00
2015.06.23 03:37:45.477,0.68532,0.68544,1.37,1.00
2015.06.23 03:37:45.760,0.68532,0.68544,1.37,1.00
2015.06.23 03:37:46.270,0.68532,0.68545,1.00,1.50
2015.06.23 03:37:47.674,0.68532,0.68545,1.37,1.50
2015.06.23 03:37:48.224,0.68532,0.68544,1.37,1.00
2015.06.23 03:37:49.286,0.68532,0.68543,1.00,1.00
2015.06.23 03:37:51.327,0.68532,0.68542,1.00,1.00
2015.06.23 03:38:07.296,0.68532,0.68543,1.00,1.50
2015.06.23 03:38:07.803,0.68532,0.68542,1.00,1.00
2015.06.23 03:38:08.602,0.68532,0.68543,1.00,1.00
2015.06.23 03:38:08.905,0.68532,0.68545,1.00,1.50
2015.06.23 03:38:09.411,0.68532,0.68544,1.00,1.50
2015.06.23 03:38:10.364,0.68532,0.68545,1.00,1.00
2015.06.23 03:38:12.614,0.68531,0.68545,1.00,2.25
2015.06.23 03:38:13.358,0.68531,0.68544,1.00,1.00
2015.06.23 03:38:18.904,0.6853,0.68544,1.00,1.00
2015.06.23 03:38:19.429,0.68529,0.68543,1.12,1.00
2015.06.23 03:38:23.054,0.68529,0.68544,1.87,1.50
2015.06.23 03:38:23.157,0.68531,0.68544,1.00,1.12
2015.06.23 03:38:33.073,0.6853,0.68544,1.00,1.00
2015.06.23 03:38:33.589,0.6853,0.68545,1.87,1.00
2015.06.23 03:38:35.198,0.68531,0.68545,1.00,1.00
2015.06.23 03:38:49.712,0.6853,0.68545,1.50,1.87
2015.06.23 03:38:50.384,0.68527,0.68542,1.87,1.00
2015.06.23 03:38:50.892,0.6853,0.68545,1.50,1.87
2015.06.23 03:38:51.500,0.6853,0.68545,1.87,1.50
2015.06.23 03:39:02.532,0.6853,0.68545,1.87,1.00
2015.06.23 03:39:02.584,0.68534,0.68547,1.00,1.00
2015.06.23 03:39:02.787,0.68535,0.68548,1.37,1.00
2015.06.23 03:39:03.142,0.68537,0.68551,1.00,1.87
2015.06.23 03:39:07.042,0.68538,0.68551,1.00,1.00
2015.06.23 03:39:11.512,0.68539,0.68552,1.00,1.00
2015.06.23 03:39:12.579,0.68544,0.68552,1.00,1.00
2015.06.23 03:39:12.631,0.68545,0.68557,1.00,1.00
2015.06.23 03:39:12.785,0.68547,0.68558,1.50,1.12
2015.06.23 03:39:13.192,0.68547,0.68562,1.50,1.00
2015.06.23 03:39:40.368,0.68549,0.68562,1.00,1.87
2015.06.23 03:39:48.769,0.68551,0.68563,1.00,1.37
2015.06.23 03:39:54.001,0.68549,0.68562,1.12,1.12
2015.06.23 03:40:06.873,0.68554,0.68562,1.00,1.00
2015.06.23 03:40:06.974,0.68552,0.68567,1.12,1.87
2015.06.23 03:40:08.609,0.68552,0.68567,1.12,2.62
2015.06.23 03:40:09.633,0.68551,0.68563,1.37,1.12
2015.06.23 03:40:11.539,0.68551,0.68563,1.00,1.12
2015.06.23 03:40:15.254,0.68551,0.68562,1.00,1.50
2015.06.23 03:40:22.153,0.68549,0.68562,1.00,1.87
2015.06.23 03:40:23.502,0.68551,0.68563,1.00,1.37
2015.06.23 03:40:24.006,0.6855,0.68563,1.00,1.12
2015.06.23 03:40:29.975,0.68551,0.68563,1.00,1.12
2015.06.23 03:40:30.505,0.68551,0.68562,1.00,1.37
2015.06.23 03:40:52.364,0.6855,0.68562,1.00,1.37
2015.06.23 03:41:03.149,0.6855,0.68563,1.00,1.12
2015.06.23 03:41:03.951,0.6855,0.68565,1.12,2.25
2015.06.23 03:41:07.263,0.6855,0.68564,1.37,1.00
2015.06.23 03:41:07.365,0.68549,0.68563,1.37,1.37
2015.06.23 03:41:14.978,0.68554,0.68564,1.00,1.87
2015.06.23 03:41:15.282,0.68559,0.68572,1.00,1.50
2015.06.23 03:41:15.384,0.68561,0.68573,1.00,1.37
2015.06.23 03:41:15.486,0.68561,0.68574,1.00,1.50
2015.06.23 03:41:15.537,0.68561,0.68574,1.00,1.50
2015.06.23 03:41:16.057,0.6856,0.68574,1.00,1.50
2015.06.23 03:41:18.373,0.68559,0.68573,1.50,1.37
2015.06.23 03:41:18.969,0.6856,0.68573,1.00,1.37
2015.06.23 03:41:21.129,0.68559,0.68572,1.00,1.87
2015.06.23 03:41:21.434,0.68557,0.68572,1.87,1.87
2015.06.23 03:41:23.069,0.68557,0.68572,1.37,1.87
2015.06.23 03:41:32.399,0.68557,0.68571,1.00,1.00
2015.06.23 03:41:47.385,0.68556,0.68567,1.12,1.00
2015.06.23 03:41:47.537,0.68552,0.68566,1.12,1.37
2015.06.23 03:41:47.943,0.6855,0.68565,1.50,1.50
2015.06.23 03:41:48.415,0.68552,0.68566,1.50,1.50
2015.06.23 03:41:49.168,0.68553,0.68566,1.87,1.00
2015.06.23 03:41:50.510,0.68554,0.68567,1.00,2.25
2015.06.23 03:41:52.181,0.68552,0.68565,1.37,1.00
2015.06.23 03:41:55.391,0.68552,0.68566,1.37,2.62
2015.06.23 03:41:59.930,0.6855,0.68564,2.62,1.00
2015.06.23 03:42:00.602,0.6855,0.68564,2.62,1.00
2015.06.23 03:42:01.668,0.6855,0.68564,1.50,1.37
2015.06.23 03:42:15.616,0.68549,0.68562,2.25,1.12
2015.06.23 03:42:32.464,0.68549,0.68562,2.25,1.37
2015.06.23 03:42:35.121,0.68548,0.68555,1.00,1.00
2015.06.23 03:42:35.274,0.68547,0.68557,1.00,2.10
2015.06.23 03:42:35.325,0.68543,0.68556,1.00,1.00
2015.06.23 03:42:35.376,0.68543,0.6855,1.00,1.00
2015.06.23 03:42:35.747,0.68538,0.68545,1.00,1.00
2015.06.23 03:42:35.798,0.68532,0.68545,1.75,1.00
2015.06.23 03:42:35.907,0.68532,0.68545,1.00,1.12
2015.06.23 03:42:36.438,0.68531,0.68544,2.25,1.00
2015.06.23 03:42:37.203,0.68536,0.68544,1.50,1.00
2015.06.23 03:42:37.254,0.68537,0.68548,1.00,1.50
2015.06.23 03:42:37.458,0.68538,0.6855,1.50,1.12
2015.06.23 03:42:37.560,0.6854,0.68551,1.00,1.87
2015.06.23 03:42:37.661,0.68538,0.68551,2.25,1.50
2015.06.23 03:42:37.966,0.68541,0.68551,1.00,1.00
2015.06.23 03:42:38.507,0.6854,0.68551,1.00,1.00
2015.06.23 03:42:41.151,0.68538,0.68551,1.50,1.00
2015.06.23 03:42:41.656,0.68534,0.68546,1.00,1.00
2015.06.23 03:42:41.808,0.68531,0.68544,1.87,1.00
2015.06.23 03:42:44.854,0.68532,0.68545,1.00,1.00
2015.06.23 03:42:47.158,0.68532,0.68544,1.00,1.00
2015.06.23 03:42:47.362,0.6853,0.68542,1.37,1.00
2015.06.23 03:42:47.413,0.68529,0.68542,1.00,1.12
2015.06.23 03:42:48.144,0.68528,0.68541,1.12,1.00
2015.06.23 03:42:48.829,0.68529,0.68542,1.00,1.12
2015.06.23 03:42:59.204,0.68528,0.68541,1.87,1.00
2015.06.23 03:42:59.513,0.68527,0.68538,2.62,1.00
2015.06.23 03:42:59.667,0.68526,0.68537,1.00,1.12
2015.06.23 03:43:00.250,0.68525,0.68534,1.12,1.00
2015.06.23 03:43:00.453,0.68522,0.68534,1.00,1.00
2015.06.23 03:43:01.072,0.68523,0.68534,1.00,1.00
2015.06.23 03:43:01.580,0.68523,0.68535,2.25,1.00
2015.06.23 03:43:02.876,0.68523,0.68533,1.50,1.00
2015.06.23 03:43:03.403,0.68522,0.68533,1.50,1.00
2015.06.23 03:43:05.530,0.68521,0.68533,1.00,1.00
2015.06.23 03:43:05.581,0.68517,0.6853,1.12,1.00
2015.06.23 03:43:05.683,0.68515,0.68528,2.62,1.00
2015.06.23 03:43:06.228,0.68515,0.68528,1.12,1.00
2015.06.23 03:43:07.645,0.68516,0.68529,1.00,1.00
2015.06.23 03:43:08.603,0.68518,0.68531,1.00,1.00
2015.06.23 03:43:09.152,0.68519,0.68531,1.00,1.00
2015.06.23 03:43:09.902,0.6852,0.68531,1.00,1.00
2015.06.23 03:43:12.297,0.68519,0.6853,1.00,1.00
2015.06.23 03:43:12.720,0.68516,0.68529,1.00,1.00
2015.06.23 03:43:17.119,0.68517,0.6853,1.00,1.00
2015.06.23 03:43:18.115,0.68517,0.68528,1.00,1.00
2015.06.23 03:43:18.496,0.68517,0.6853,1.00,2.25
2015.06.23 03:43:19.033,0.68516,0.68529,1.00,1.00
2015.06.23 03:43:20.116,0.68517,0.6853,1.00,1.00
2015.06.23 03:43:20.524,0.68519,0.68531,1.00,1.00
2015.06.23 03:43:21.109,0.68519,0.68533,1.50,1.12
2015.06.23 03:43:21.160,0.68523,0.68534,1.00,1.50
2015.06.23 03:43:21.363,0.68524,0.68536,1.00,1.50
2015.06.23 03:43:21.618,0.68526,0.68538,1.00,1.87
2015.06.23 03:43:22.179,0.68524,0.68538,1.50,1.37
2015.06.23 03:43:22.230,0.68526,0.68538,1.00,1.37
2015.06.23 03:43:22.746,0.68527,0.6854,1.00,1.87
2015.06.23 03:43:24.407,0.68525,0.68539,2.62,1.37
2015.06.23 03:43:24.956,0.68525,0.68539,1.00,2.25
2015.06.23 03:43:26.901,0.68523,0.68534,1.00,1.00
2015.06.23 03:43:27.464,0.68523,0.68535,1.00,1.50
2015.06.23 03:43:27.972,0.68524,0.68535,1.50,1.00
2015.06.23 03:43:28.320,0.68529,0.68537,1.00,1.00
2015.06.23 03:43:28.827,0.68529,0.68541,1.00,1.87
2015.06.23 03:43:30.104,0.68527,0.68541,2.25,2.25
2015.06.23 03:43:36.268,0.68527,0.68541,2.25,1.87
2015.06.23 03:43:45.048,0.68528,0.68541,2.62,1.87
2015.06.23 03:43:46.753,0.68534,0.68541,1.50,1.50
2015.06.23 03:43:46.804,0.68535,0.68546,1.00,1.00
2015.06.23 03:43:47.149,0.68536,0.68549,1.87,1.00
2015.06.23 03:43:47.456,0.68536,0.6855,4.50,1.00
2015.06.23 03:43:48.590,0.68537,0.6855,1.50,1.00
2015.06.23 03:43:49.109,0.68537,0.68549,1.50,1.00
2015.06.23 03:43:50.267,0.68544,0.68553,1.75,1.00
2015.06.23 03:43:50.370,0.68543,0.68553,1.37,1.00
2015.06.23 03:43:50.522,0.68541,0.68551,1.37,1.00
2015.06.23 03:43:50.624,0.68542,0.68555,1.87,1.50
2015.06.23 03:43:51.131,0.68544,0.68557,1.87,1.00
2015.06.23 03:43:51.335,0.68544,0.68557,2.25,1.00
2015.06.23 03:43:52.030,0.68546,0.68557,1.00,1.00
2015.06.23 03:43:54.114,0.68544,0.68551,1.37,1.00
2015.06.23 03:43:54.267,0.68542,0.68548,1.00,1.00
2015.06.23 03:43:54.318,0.68536,0.68548,2.62,1.00
2015.06.23 03:43:54.471,0.68537,0.68549,1.50,1.00
2015.06.23 03:43:54.625,0.68537,0.68549,1.50,1.00
2015.06.23 03:43:55.187,0.6854,0.68551,1.00,1.00
2015.06.23 03:43:57.615,0.68537,0.68549,2.25,1.00
2015.06.23 03:43:58.577,0.68536,0.68549,3.00,1.00
2015.06.23 03:44:07.278,0.68536,0.68549,3.00,1.00
2015.06.23 03:44:12.106,0.68536,0.68549,3.00,1.00
2015.06.23 03:44:14.977,0.68536,0.68547,2.25,1.00
2015.06.23 03:44:16.631,0.68536,0.68549,1.87,1.12
2015.06.23 03:44:20.363,0.68536,0.68548,2.25,1.00
2015.06.23 03:44:22.084,0.68536,0.68548,2.25,1.00
2015.06.23 03:44:24.625,0.68536,0.68543,1.50,1.00
2015.06.23 03:44:24.880,0.68533,0.68541,1.00,1.00
2015.06.23 03:44:24.931,0.68531,0.68539,1.37,1.00
2015.06.23 03:44:25.033,0.68529,0.68539,1.00,1.00
2015.06.23 03:44:25.135,0.68531,0.68543,1.37,1.50
2015.06.23 03:44:25.654,0.68534,0.68544,1.37,1.00
2015.06.23 03:44:25.705,0.68534,0.68547,1.37,1.00
2015.06.23 03:44:25.858,0.68535,0.68548,1.12,1.50
2015.06.23 03:44:26.078,0.68535,0.68548,1.37,1.50
2015.06.23 03:44:27.866,0.68535,0.68548,1.12,1.50
2015.06.23 03:44:28.389,0.68535,0.68547,1.12,1.00
2015.06.23 03:44:28.675,0.68534,0.68545,2.62,1.00
2015.06.23 03:44:29.233,0.68534,0.68543,1.00,1.00
2015.06.23 03:44:29.287,0.68534,0.68546,1.00,1.00
2015.06.23 03:44:30.418,0.68534,0.68546,1.37,1.00
2015.06.23 03:44:33.291,0.68534,0.68546,1.37,1.00
2015.06.23 03:44:35.112,0.68537,0.68547,1.00,1.00
2015.06.23 03:44:35.657,0.68537,0.68548,1.00,1.50
2015.06.23 03:44:43.205,0.68536,0.68548,2.25,1.00
2015.06.23 03:44:43.912,0.68536,0.68548,2.25,1.00
2015.06.23 03:44:45.894,0.68536,0.68549,1.00,1.50
2015.06.23 03:44:46.147,0.68536,0.68549,3.00,1.00
2015.06.23 03:44:46.553,0.68537,0.68549,2.25,1.00
2015.06.23 03:44:48.155,0.68537,0.6855,2.25,1.00
2015.06.23 03:44:49.397,0.68539,0.68549,1.75,1.00
2015.06.23 03:44:49.653,0.68538,0.68549,1.50,1.00
2015.06.23 03:44:50.441,0.68536,0.68549,1.75,1.00
2015.06.23 03:44:50.645,0.68536,0.68546,1.75,1.00
2015.06.23 03:44:52.825,0.68536,0.68547,1.37,1.00
2015.06.23 03:44:52.978,0.68534,0.68545,1.00,1.00
2015.06.23 03:44:53.080,0.68536,0.68546,1.00,1.00
2015.06.23 03:44:53.131,0.68537,0.68548,1.00,1.00
2015.06.23 03:44:53.182,0.68537,0.68548,1.37,1.00
2015.06.23 03:44:53.545,0.68537,0.68549,2.62,1.00
2015.06.23 03:44:54.053,0.68536,0.68548,2.62,1.00
2015.06.23 03:44:55.629,0.68536,0.68549,2.62,1.00
2015.06.23 03:45:02.245,0.68535,0.68549,1.50,1.00
2015.06.23 03:45:04.124,0.68535,0.68549,1.87,1.00
2015.06.23 03:45:04.175,0.68536,0.68547,1.12,1.00
2015.06.23 03:45:04.379,0.68534,0.68547,1.12,1.00
2015.06.23 03:45:05.395,0.68534,0.68548,1.12,1.00
2015.06.23 03:45:05.931,0.68535,0.68548,1.00,1.00
2015.06.23 03:45:10.054,0.68536,0.68548,1.00,1.00
2015.06.23 03:45:10.578,0.68536,0.68549,1.50,1.00
2015.06.23 03:45:12.493,0.68536,0.68549,2.62,1.00
2015.06.23 03:45:13.039,0.68537,0.68548,1.12,1.00
2015.06.23 03:45:16.462,0.68536,0.6855,1.12,1.00
2015.06.23 03:45:17.023,0.68537,0.6855,1.87,1.00
2015.06.23 03:45:17.528,0.68536,0.68549,1.87,1.00
2015.06.23 03:45:17.986,0.68537,0.68551,1.12,1.00
2015.06.23 03:45:23.083,0.68536,0.68549,1.87,1.00
2015.06.23 03:45:23.568,0.68536,0.68547,1.12,1.00
2015.06.23 03:45:23.720,0.68533,0.68547,2.62,1.00
2015.06.23 03:45:24.887,0.68534,0.68547,1.50,1.00
2015.06.23 03:45:27.391,0.68534,0.68548,1.87,1.00
2015.06.23 03:45:32.283,0.68534,0.68548,1.87,1.00
2015.06.23 03:45:32.837,0.68534,0.68547,1.37,1.00
2015.06.23 03:45:33.967,0.68534,0.68547,1.37,1.00
2015.06.23 03:45:35.485,0.68534,0.68547,1.00,1.00
2015.06.23 03:45:36.184,0.68534,0.68547,1.37,1.00
2015.06.23 03:45:36.643,0.68533,0.68547,1.00,1.00
2015.06.23 03:45:37.240,0.68534,0.68547,1.00,1.00
2015.06.23 03:45:43.393,0.68534,0.68548,1.87,1.00
2015.06.23 03:45:44.021,0.68535,0.68548,1.00,1.00
2015.06.23 03:45:48.179,0.68535,0.68548,1.37,1.00
2015.06.23 03:45:48.280,0.68535,0.68548,1.00,1.00
2015.06.23 03:45:48.332,0.68537,0.68548,1.00,1.00
2015.06.23 03:45:48.839,0.68537,0.68549,1.12,1.00
2015.06.23 03:45:50.943,0.68535,0.68549,2.62,1.00
2015.06.23 03:45:53.951,0.68535,0.68548,1.12,1.00
2015.06.23 03:45:54.874,0.68536,0.68548,1.00,1.00
2015.06.23 03:46:01.033,0.68536,0.68548,2.62,1.00
2015.06.23 03:46:05.262,0.68538,0.68548,1.00,1.00
2015.06.23 03:46:11.760,0.68538,0.68547,1.00,1.00
2015.06.23 03:46:11.813,0.68535,0.68547,1.87,1.00
2015.06.23 03:46:12.682,0.68535,0.68547,1.50,1.00
2015.06.23 03:46:13.421,0.68534,0.68546,2.62,1.00
2015.06.23 03:46:19.090,0.68536,0.68546,1.00,1.00
2015.06.23 03:46:19.504,0.68537,0.68548,1.00,1.12
2015.06.23 03:46:19.708,0.68539,0.68548,1.00,1.00
2015.06.23 03:46:20.012,0.68539,0.68551,1.50,2.25
2015.06.23 03:46:20.873,0.6854,0.68552,1.00,1.00
2015.06.23 03:46:22.993,0.68539,0.68553,1.50,1.12
2015.06.23 03:46:23.653,0.68541,0.68553,1.00,1.00
2015.06.23 03:46:24.008,0.68539,0.68552,1.00,1.00
2015.06.23 03:46:24.414,0.68537,0.68553,1.00,1.50
2015.06.23 03:46:26.070,0.68536,0.68552,1.50,1.00
2015.06.23 03:46:26.611,0.68537,0.68553,1.00,1.50
2015.06.23 03:46:29.044,0.68537,0.68549,1.00,1.00
2015.06.23 03:46:34.519,0.68537,0.68547,1.12,1.00
2015.06.23 03:46:34.961,0.68534,0.68548,1.50,1.00
2015.06.23 03:46:35.467,0.68535,0.68548,1.00,1.00
2015.06.23 03:46:41.324,0.68535,0.68546,1.00,1.00
2015.06.23 03:46:41.527,0.6853,0.68544,1.00,1.00
2015.06.23 03:46:41.578,0.6853,0.68541,1.00,1.00
2015.06.23 03:46:41.882,0.68529,0.68539,1.00,1.00
2015.06.23 03:46:42.291,0.68526,0.68539,1.87,1.00
2015.06.23 03:46:43.456,0.68526,0.68539,1.50,1.00
2015.06.23 03:46:43.970,0.68525,0.68538,1.50,1.00
2015.06.23 03:46:44.021,0.68523,0.68536,1.00,1.00
2015.06.23 03:46:44.325,0.68521,0.68534,1.50,1.00
2015.06.23 03:46:44.629,0.68521,0.68532,1.00,1.00
2015.06.23 03:46:45.397,0.68521,0.68531,1.00,1.00
2015.06.23 03:46:45.448,0.68517,0.68529,1.00,1.00
2015.06.23 03:46:46.671,0.6852,0.68529,1.00,1.00
2015.06.23 03:46:46.728,0.6852,0.68531,1.00,1.00
2015.06.23 03:46:46.830,0.68519,0.68529,1.50,1.00
2015.06.23 03:46:46.933,0.68517,0.68529,1.12,1.00
2015.06.23 03:46:47.238,0.68518,0.68531,1.00,1.00
2015.06.23 03:46:47.909,0.68519,0.68531,1.00,1.00
2015.06.23 03:46:47.960,0.68516,0.68529,1.37,1.00
2015.06.23 03:46:48.469,0.68516,0.68529,1.00,1.00
2015.06.23 03:46:49.247,0.68516,0.6853,1.12,1.00
2015.06.23 03:46:49.552,0.68518,0.6853,1.00,1.00
2015.06.23 03:46:50.149,0.68519,0.6853,1.00,1.00
2015.06.23 03:46:50.677,0.68519,0.68531,1.00,1.00
2015.06.23 03:46:51.203,0.6852,0.68531,1.00,1.00
2015.06.23 03:47:07.801,0.68521,0.68534,1.00,1.00
2015.06.23 03:47:07.903,0.68522,0.68536,1.37,1.00
2015.06.23 03:47:08.321,0.68524,0.68538,1.00,1.50
2015.06.23 03:47:08.831,0.68523,0.68538,1.87,1.00
2015.06.23 03:47:10.276,0.68523,0.68536,1.00,1.00
2015.06.23 03:47:10.781,0.68524,0.68537,1.00,1.00
2015.06.23 03:47:11.297,0.68524,0.68538,1.50,1.00
2015.06.23 03:47:11.965,0.68522,0.68537,1.50,1.00
2015.06.23 03:47:12.474,0.68523,0.68537,1.50,1.00
2015.06.23 03:47:16.405,0.68524,0.68537,1.00,1.00
2015.06.23 03:47:17.753,0.68526,0.68537,1.50,1.00
2015.06.23 03:47:17.804,0.68526,0.68539,1.50,1.00
2015.06.23 03:47:19.061,0.68524,0.68539,3.37,1.00
2015.06.23 03:47:20.374,0.68524,0.68537,2.62,1.00
2015.06.23 03:47:20.890,0.6852,0.68531,1.00,1.00
2015.06.23 03:47:20.941,0.68515,0.6853,2.62,1.00
2015.06.23 03:47:21.095,0.68515,0.6853,1.87,1.87
2015.06.23 03:47:21.451,0.68513,0.68528,2.62,1.12
2015.06.23 03:47:21.987,0.68513,0.68528,1.87,1.12
2015.06.23 03:47:22.507,0.68514,0.68528,1.00,1.12
2015.06.23 03:47:22.761,0.68516,0.68528,1.50,1.12
2015.06.23 03:47:23.601,0.68516,0.68531,1.50,1.87
2015.06.23 03:47:24.860,0.68516,0.6853,1.87,1.00
2015.06.23 03:47:26.626,0.68516,0.68528,1.12,1.00
2015.06.23 03:47:29.383,0.68516,0.68527,1.12,1.00
2015.06.23 03:47:31.716,0.68516,0.68528,1.87,1.12
2015.06.23 03:47:32.343,0.68515,0.68528,1.50,1.12
2015.06.23 03:47:37.129,0.68516,0.68526,1.50,1.00
2015.06.23 03:47:37.537,0.68516,0.68524,1.00,1.00
2015.06.23 03:47:37.742,0.68512,0.68521,1.50,1.00
2015.06.23 03:47:38.173,0.68508,0.68521,1.87,1.50
2015.06.23 03:47:38.631,0.68508,0.68519,1.87,1.00
2015.06.23 03:47:42.367,0.68507,0.68518,1.50,1.00
2015.06.23 03:47:42.923,0.68506,0.68519,1.87,1.50
2015.06.23 03:47:47.243,0.68507,0.68518,1.50,1.00
2015.06.23 03:47:47.556,0.68507,0.68516,1.50,1.00
2015.06.23 03:47:48.895,0.68506,0.68516,1.87,1.00
2015.06.23 03:47:49.201,0.68507,0.68518,1.12,1.00
2015.06.23 03:47:49.714,0.68508,0.68519,1.00,1.50
2015.06.23 03:47:50.022,0.68508,0.68519,1.87,1.50
2015.06.23 03:47:50.175,0.68508,0.68519,1.50,1.87
2015.06.23 03:47:50.480,0.6851,0.68519,1.00,1.00
2015.06.23 03:47:51.017,0.68511,0.68519,1.50,1.00
2015.06.23 03:47:51.691,0.68511,0.68523,1.50,1.12
2015.06.23 03:47:51.742,0.68514,0.68525,1.00,1.00
2015.06.23 03:47:51.946,0.68514,0.68527,1.00,1.50
2015.06.23 03:47:52.150,0.68515,0.68525,1.00,1.00
2015.06.23 03:47:53.370,0.68515,0.68527,1.00,1.50
2015.06.23 03:47:53.877,0.68516,0.68529,1.12,1.00
2015.06.23 03:47:53.928,0.68518,0.68529,1.00,1.00
2015.06.23 03:47:54.473,0.68519,0.68529,1.00,1.00
2015.06.23 03:47:54.981,0.6852,0.6853,1.00,1.00
2015.06.23 03:47:55.582,0.68519,0.6853,1.87,1.00
2015.06.23 03:47:56.090,0.68518,0.6853,1.50,1.00
2015.06.23 03:47:57.095,0.68517,0.6853,1.00,1.00
2015.06.23 03:47:57.605,0.68518,0.6853,1.50,1.00
2015.06.23 03:47:59.872,0.68517,0.6853,1.00,1.00
2015.06.23 03:48:00.466,0.68516,0.6853,1.87,1.00
2015.06.23 03:48:01.295,0.68516,0.6853,1.87,1.00
2015.06.23 03:48:03.415,0.68516,0.68528,1.87,1.00
2015.06.23 03:48:07.051,0.6852,0.68528,1.00,1.00
2015.06.23 03:48:07.736,0.68518,0.68528,1.00,1.00
2015.06.23 03:48:08.573,0.68518,0.68531,1.00,1.00
2015.06.23 03:48:08.679,0.6852,0.68531,1.00,1.00
2015.06.23 03:48:10.562,0.68519,0.68531,1.12,1.00
2015.06.23 03:48:22.121,0.68519,0.68531,1.37,1.00
2015.06.23 03:48:22.954,0.68519,0.68531,1.12,1.00
2015.06.23 03:48:23.470,0.68517,0.6853,1.37,1.00
2015.06.23 03:48:24.057,0.68517,0.6853,1.37,1.00
2015.06.23 03:48:27.553,0.68516,0.6853,1.37,1.00
2015.06.23 03:48:31.681,0.68515,0.6853,1.37,2.25
2015.06.23 03:48:31.733,0.68514,0.68528,1.37,1.00
2015.06.23 03:48:32.060,0.68514,0.68528,1.00,1.00
2015.06.23 03:48:32.213,0.68513,0.68524,1.12,1.00
2015.06.23 03:48:32.315,0.68511,0.68524,1.12,1.00
2015.06.23 03:48:33.031,0.68509,0.68523,1.00,1.00
2015.06.23 03:48:33.539,0.68509,0.68522,1.00,1.00
2015.06.23 03:48:33.641,0.68507,0.68521,1.00,1.50
2015.06.23 03:48:34.238,0.68511,0.68522,1.00,1.00
2015.06.23 03:48:34.291,0.68511,0.68524,1.00,2.62
2015.06.23 03:48:34.932,0.68511,0.68525,1.00,3.00
2015.06.23 03:48:35.475,0.68514,0.68525,1.00,1.00
2015.06.23 03:48:36.079,0.68514,0.68526,1.00,1.50
2015.06.23 03:48:37.601,0.68514,0.68524,1.00,1.00
2015.06.23 03:48:42.782,0.68514,0.68525,1.00,1.00
2015.06.23 03:48:44.243,0.68512,0.68525,1.00,1.00
2015.06.23 03:48:44.777,0.68511,0.68525,1.00,1.00
2015.06.23 03:48:46.689,0.68511,0.68522,1.00,1.00
2015.06.23 03:48:47.234,0.6851,0.68522,1.50,1.00
2015.06.23 03:48:49.245,0.68511,0.68522,1.00,1.00
2015.06.23 03:48:49.840,0.68512,0.68522,1.00,1.00
2015.06.23 03:48:51.981,0.68513,0.68524,1.12,1.00
2015.06.23 03:48:52.439,0.68514,0.68527,1.12,1.50
2015.06.23 03:48:53.700,0.68515,0.68528,1.00,1.00
2015.06.23 03:48:53.852,0.68516,0.6853,1.00,1.00
2015.06.23 03:48:54.907,0.68515,0.6853,1.50,1.50
2015.06.23 03:48:55.214,0.68513,0.68529,2.25,3.00
2015.06.23 03:48:55.727,0.68514,0.68529,1.00,1.00
2015.06.23 03:48:57.928,0.68514,0.68528,1.00,1.00
2015.06.23 03:48:59.036,0.68514,0.68529,1.00,1.50
2015.06.23 03:49:02.459,0.68514,0.6853,1.50,2.25
2015.06.23 03:49:02.970,0.68517,0.6853,1.00,1.00
2015.06.23 03:49:03.745,0.68517,0.68529,1.00,1.00
2015.06.23 03:49:04.106,0.68516,0.68531,1.00,1.50
2015.06.23 03:49:04.208,0.68519,0.68531,1.00,1.00
2015.06.23 03:49:04.260,0.68519,0.68533,1.00,1.00
2015.06.23 03:49:04.413,0.68521,0.68533,1.00,1.00
2015.06.23 03:49:04.465,0.68521,0.68535,1.00,1.87
2015.06.23 03:49:05.206,0.68525,0.68535,1.00,1.00
2015.06.23 03:49:05.257,0.68525,0.6854,1.00,1.00
2015.06.23 03:49:05.774,0.68525,0.68539,1.00,1.00
2015.06.23 03:49:07.424,0.68524,0.68538,1.50,1.00
2015.06.23 03:49:10.750,0.68524,0.68537,1.00,1.00
2015.06.23 03:49:19.538,0.68524,0.6854,3.00,2.25
2015.06.23 03:49:20.312,0.68523,0.68537,1.50,1.00
2015.06.23 03:49:26.460,0.68522,0.68537,1.00,1.50
2015.06.23 03:49:26.962,0.68521,0.68537,1.50,1.50
2015.06.23 03:49:27.304,0.6852,0.68534,1.87,1.00
2015.06.23 03:49:27.408,0.68518,0.68534,1.50,2.62
2015.06.23 03:49:27.967,0.68517,0.68532,1.87,1.00
2015.06.23 03:49:28.962,0.68517,0.68531,1.87,1.00
2015.06.23 03:49:29.442,0.68515,0.68529,1.50,1.00
2015.06.23 03:49:29.494,0.68513,0.68529,2.62,1.50
2015.06.23 03:49:30.111,0.68514,0.68529,1.00,1.50
2015.06.23 03:49:30.700,0.68513,0.68529,2.25,1.50
2015.06.23 03:49:31.302,0.68513,0.68527,1.50,1.00
2015.06.23 03:49:32.450,0.68513,0.68529,1.50,2.25
2015.06.23 03:49:37.010,0.68514,0.68529,1.00,1.00
2015.06.23 03:49:37.810,0.68522,0.68531,1.00,1.00
2015.06.23 03:49:37.862,0.68522,0.68537,1.50,2.25
2015.06.23 03:49:40.246,0.68522,0.68537,1.50,1.87
2015.06.23 03:49:40.921,0.68521,0.68536,1.00,1.37
2015.06.23 03:49:46.161,0.6852,0.68535,1.50,1.12
2015.06.23 03:49:53.554,0.6852,0.68534,1.00,1.00
2015.06.23 03:49:55.455,0.6852,0.68535,1.00,1.12
2015.06.23 03:49:58.317,0.6852,0.68534,1.00,1.00
2015.06.23 03:50:00.163,0.6852,0.68536,1.00,2.62
2015.06.23 03:50:09.316,0.68521,0.68536,1.00,1.87
2015.06.23 03:50:16.593,0.68521,0.68536,1.00,1.12
2015.06.23 03:50:17.349,0.68521,0.68536,1.12,1.37
2015.06.23 03:50:31.649,0.68521,0.68537,1.12,2.62
2015.06.23 03:50:35.085,0.68518,0.68533,1.00,2.62
2015.06.23 03:50:35.599,0.68517,0.68531,1.12,1.00
2015.06.23 03:50:36.146,0.68517,0.68533,1.87,2.62
2015.06.23 03:50:44.468,0.68518,0.68533,1.00,1.87
2015.06.23 03:50:44.979,0.68519,0.68533,1.00,1.00
2015.06.23 03:50:45.485,0.68519,0.68534,1.00,1.87
2015.06.23 03:50:46.367,0.68518,0.68534,1.87,2.62
2015.06.23 03:50:46.672,0.68521,0.68535,1.00,1.12
2015.06.23 03:50:47.442,0.68521,0.68536,1.00,1.00
2015.06.23 03:50:48.012,0.68523,0.68536,1.00,1.00
2015.06.23 03:50:50.492,0.68521,0.68536,1.00,2.62
2015.06.23 03:50:50.760,0.6852,0.68536,1.50,2.62
2015.06.23 03:50:52.663,0.6852,0.68536,1.50,2.62
2015.06.23 03:50:53.169,0.6852,0.68535,1.00,1.87
2015.06.23 03:50:54.591,0.68521,0.68535,1.00,1.00
2015.06.23 03:50:54.844,0.68521,0.68537,1.50,3.37
2015.06.23 03:50:57.344,0.68521,0.68536,1.50,1.00
2015.06.23 03:50:59.232,0.68521,0.68535,1.50,1.00
2015.06.23 03:51:00.544,0.68521,0.68534,1.50,1.00
2015.06.23 03:51:00.863,0.68521,0.68532,1.00,1.00
2015.06.23 03:51:00.915,0.68515,0.68529,1.00,1.00
2015.06.23 03:51:00.966,0.68515,0.68525,1.00,1.00
2015.06.23 03:51:01.017,0.68513,0.68524,1.00,1.87
2015.06.23 03:51:01.119,0.6851,0.68523,1.10,1.00
2015.06.23 03:51:01.221,0.68508,0.68522,1.87,1.00
2015.06.23 03:51:01.323,0.68508,0.6852,1.12,1.00
2015.06.23 03:51:01.628,0.68502,0.68516,2.25,1.00
2015.06.23 03:51:02.188,0.685,0.68514,1.00,1.00
2015.06.23 03:51:02.697,0.685,0.68515,1.50,1.87
2015.06.23 03:51:03.103,0.685,0.68515,1.87,1.87
2015.06.23 03:51:03.408,0.68496,0.68509,1.20,3.37
2015.06.23 03:51:03.510,0.68492,0.68506,3.37,1.00
2015.06.23 03:51:04.073,0.68492,0.68505,1.00,1.87
2015.06.23 03:51:04.278,0.6849,0.68504,1.00,1.87
2015.06.23 03:51:04.330,0.68489,0.68501,1.00,1.00
2015.06.23 03:51:04.634,0.68486,0.68502,1.50,2.62
2015.06.23 03:51:06.252,0.68484,0.68499,1.00,1.50
2015.06.23 03:51:06.303,0.68483,0.68495,1.00,1.00
2015.06.23 03:51:06.507,0.6848,0.68493,1.50,1.50
2015.06.23 03:51:06.709,0.68475,0.68489,3.07,1.00
2015.06.23 03:51:07.216,0.68473,0.68488,1.57,2.25
2015.06.23 03:51:07.368,0.68472,0.68484,1.37,1.87
2015.06.23 03:51:07.420,0.68469,0.68484,1.87,2.62
2015.06.23 03:51:08.036,0.68471,0.68482,1.75,1.00
2015.06.23 03:51:08.342,0.68478,0.68489,1.50,1.00
2015.06.23 03:51:08.698,0.68482,0.68494,1.50,1.00
2015.06.23 03:51:08.801,0.68483,0.68496,1.87,1.00
2015.06.23 03:51:09.207,0.68486,0.68496,1.00,1.00
2015.06.23 03:51:09.936,0.68485,0.68497,1.12,1.00
2015.06.23 03:51:10.820,0.68481,0.68488,1.47,1.00
2015.06.23 03:51:10.973,0.68478,0.68484,1.00,1.00
2015.06.23 03:51:11.024,0.68471,0.68482,1.75,1.00
2015.06.23 03:51:11.076,0.68471,0.68482,1.00,1.00
2015.06.23 03:51:11.127,0.68474,0.68482,1.87,1.00
2015.06.23 03:51:11.229,0.68474,0.68487,2.25,1.50
2015.06.23 03:51:11.331,0.68474,0.68488,1.75,1.00
2015.06.23 03:51:12.041,0.68472,0.68486,1.75,1.00
2015.06.23 03:51:12.143,0.6847,0.68483,1.00,1.50
2015.06.23 03:51:12.195,0.6847,0.68478,1.00,1.00
2015.06.23 03:51:12.298,0.68462,0.68476,1.12,1.50
2015.06.23 03:51:12.553,0.6846,0.68474,1.37,1.00
2015.06.23 03:51:13.100,0.68457,0.68465,1.00,1.00
2015.06.23 03:51:13.152,0.68451,0.68465,1.00,1.00
2015.06.23 03:51:13.254,0.68453,0.68467,1.00,1.00
2015.06.23 03:51:14.119,0.68453,0.68466,1.00,1.00
2015.06.23 03:51:14.748,0.68451,0.68464,1.00,1.00
2015.06.23 03:51:14.850,0.68448,0.68464,1.12,1.00
2015.06.23 03:51:15.053,0.6845,0.68464,1.00,1.00
2015.06.23 03:51:15.154,0.68451,0.68467,3.37,1.50
2015.06.23 03:51:15.257,0.68453,0.68469,1.00,1.00
2015.06.23 03:51:15.562,0.68456,0.6847,1.00,1.50
2015.06.23 03:51:16.242,0.68455,0.68469,1.12,1.00
2015.06.23 03:51:16.749,0.68455,0.68469,1.72,1.00
2015.06.23 03:51:16.901,0.68456,0.68472,1.87,2.25
2015.06.23 03:51:17.307,0.68457,0.68472,1.37,1.00
2015.06.23 03:51:19.602,0.68458,0.6847,1.30,1.00
2015.06.23 03:51:20.734,0.68457,0.6847,1.12,1.00
2015.06.23 03:51:21.075,0.68457,0.6847,1.72,1.00
2015.06.23 03:51:21.127,0.68457,0.6847,1.72,1.00
2015.06.23 03:51:21.645,0.68456,0.6847,1.12,1.00
2015.06.23 03:51:21.849,0.68453,0.68468,1.00,1.12
2015.06.23 03:51:21.901,0.68452,0.68465,1.00,1.00
2015.06.23 03:51:22.520,0.6845,0.68465,2.47,1.00
2015.06.23 03:51:22.827,0.6844,0.68453,1.12,1.37
2015.06.23 03:51:23.343,0.6844,0.68452,1.00,1.00
2015.06.23 03:51:24.820,0.68438,0.6845,1.00,1.50
2015.06.23 03:51:26.074,0.68438,0.68448,1.00,1.12
2015.06.23 03:51:26.125,0.68433,0.68448,2.06,1.12
2015.06.23 03:51:26.495,0.6843,0.68434,1.00,1.87
2015.06.23 03:51:26.546,0.68422,0.68434,1.00,2.62
2015.06.23 03:51:26.597,0.68419,0.68434,1.37,1.37
2015.06.23 03:51:26.749,0.68418,0.6843,1.00,1.00
2015.06.23 03:51:26.952,0.68414,0.68428,1.87,1.00
2015.06.23 03:51:27.256,0.68417,0.68427,1.00,1.00
2015.06.23 03:51:27.800,0.68421,0.68427,1.00,1.00
2015.06.23 03:51:27.851,0.68421,0.68429,1.00,1.00
2015.06.23 03:51:27.953,0.68423,0.68433,1.00,1.00
2015.06.23 03:51:28.055,0.68424,0.68435,1.00,1.00
2015.06.23 03:51:28.156,0.68427,0.68437,1.00,1.00
2015.06.23 03:51:28.612,0.68427,0.68439,1.00,1.00
2015.06.23 03:51:28.664,0.68429,0.68439,1.00,1.00
2015.06.23 03:51:29.173,0.68429,0.6844,1.00,1.00
2015.06.23 03:51:29.224,0.68435,0.68448,1.00,1.00
2015.06.23 03:51:29.579,0.68435,0.6845,1.00,1.00
2015.06.23 03:51:30.118,0.68435,0.68449,2.62,1.00
2015.06.23 03:51:30.371,0.68435,0.68449,1.50,1.50
2015.06.23 03:51:31.161,0.68435,0.68447,1.12,1.00
2015.06.23 03:51:31.467,0.68439,0.68449,1.00,1.00
2015.06.23 03:51:31.670,0.68442,0.68455,1.12,1.00
2015.06.23 03:51:31.772,0.68443,0.68455,1.37,1.00
2015.06.23 03:51:32.282,0.68444,0.68456,1.00,1.00
2015.06.23 03:51:35.334,0.68444,0.68457,1.00,1.00
2015.06.23 03:51:36.099,0.68445,0.68457,1.00,1.00
2015.06.23 03:51:38.405,0.68445,0.68456,1.00,1.00
2015.06.23 03:51:41.491,0.68442,0.68453,1.37,1.00
2015.06.23 03:51:41.694,0.68437,0.6845,1.00,1.00
2015.06.23 03:51:42.814,0.68437,0.68451,1.00,1.00
2015.06.23 03:51:43.394,0.68436,0.68451,1.87,1.00
2015.06.23 03:51:43.496,0.68435,0.68449,2.32,1.00
2015.06.23 03:51:44.515,0.68435,0.6845,1.37,1.00
2015.06.23 03:51:45.309,0.68437,0.68451,1.00,1.00
2015.06.23 03:51:46.546,0.68437,0.68453,1.00,1.00
2015.06.23 03:51:47.011,0.68439,0.68453,1.87,1.00
2015.06.23 03:51:47.975,0.68437,0.68453,1.00,1.00
2015.06.23 03:51:49.254,0.68438,0.68453,1.87,1.00
2015.06.23 03:51:50.826,0.68437,0.68453,1.37,1.00
2015.06.23 03:51:50.878,0.68437,0.68451,1.37,1.00
2015.06.23 03:51:51.134,0.68434,0.6845,4.50,1.50
2015.06.23 03:51:52.187,0.68438,0.6845,1.00,1.50
2015.06.23 03:51:52.693,0.68438,0.68451,1.12,1.00
2015.06.23 03:51:53.593,0.68438,0.68451,1.00,1.60
2015.06.23 03:51:54.375,0.68429,0.68444,1.00,1.00
2015.06.23 03:51:54.898,0.68428,0.68444,1.00,1.87
2015.06.23 03:51:55.103,0.68426,0.68442,1.00,1.00
2015.06.23 03:51:55.647,0.68427,0.68443,1.12,1.87
2015.06.23 03:51:58.216,0.68427,0.68441,1.00,1.37
2015.06.23 03:51:58.581,0.68427,0.68436,1.00,1.00
2015.06.23 03:51:58.632,0.68421,0.68435,1.87,1.00
2015.06.23 03:51:58.734,0.68423,0.68437,1.12,1.12
2015.06.23 03:51:59.243,0.68421,0.68437,2.25,1.12
2015.06.23 03:51:59.497,0.68419,0.68435,5.85,1.37
2015.06.23 03:52:00.099,0.68421,0.68435,1.67,1.00
2015.06.23 03:52:00.304,0.68423,0.68437,1.00,1.12
2015.06.23 03:52:00.406,0.68425,0.68439,1.12,1.87
2015.06.23 03:52:00.609,0.68426,0.68442,1.00,1.87
2015.06.23 03:52:00.914,0.68426,0.6844,1.00,1.00
2015.06.23 03:52:01.493,0.68423,0.68439,2.25,1.00
2015.06.23 03:52:02.796,0.68425,0.68439,1.87,1.00
2015.06.23 03:52:03.555,0.68426,0.68442,1.87,1.87
2015.06.23 03:52:03.657,0.68427,0.6844,1.00,1.00
2015.06.23 03:52:05.051,0.68425,0.6843,2.25,1.00
2015.06.23 03:52:05.102,0.68424,0.6843,1.00,1.00
2015.06.23 03:52:05.154,0.68422,0.68428,1.00,1.00
2015.06.23 03:52:05.506,0.68416,0.68429,2.25,1.00
2015.06.23 03:52:05.559,0.6842,0.68436,1.87,2.25
2015.06.23 03:52:05.864,0.68422,0.68436,1.87,2.25
2015.06.23 03:52:05.916,0.68422,0.68436,1.87,1.50
2015.06.23 03:52:07.709,0.68423,0.68439,1.37,1.12
2015.06.23 03:52:07.811,0.68422,0.68434,1.87,1.12
2015.06.23 03:52:07.863,0.68418,0.68434,2.62,1.12
2015.06.23 03:52:08.370,0.68418,0.68433,1.87,1.00
2015.06.23 03:52:09.736,0.68418,0.68434,3.37,1.87
2015.06.23 03:52:09.940,0.68418,0.6843,1.87,1.50
2015.06.23 03:52:10.867,0.68418,0.68428,1.87,1.00
2015.06.23 03:52:11.920,0.68418,0.68432,1.87,1.37
2015.06.23 03:52:12.074,0.68416,0.68431,1.50,1.12
2015.06.23 03:52:12.774,0.6841,0.68425,1.37,1.60
2015.06.23 03:52:13.047,0.6841,0.68426,1.37,1.00
2015.06.23 03:52:13.149,0.68412,0.68426,1.75,1.00
2015.06.23 03:52:13.251,0.68413,0.68428,1.35,1.00
2015.06.23 03:52:13.455,0.68415,0.6843,1.00,1.50
2015.06.23 03:52:13.964,0.68417,0.68433,1.00,1.00
2015.06.23 03:52:14.334,0.68417,0.68431,1.00,1.00
2015.06.23 03:52:15.901,0.68418,0.68427,1.87,1.00
2015.06.23 03:52:15.953,0.68418,0.68429,1.87,2.25
2015.06.23 03:52:16.297,0.68416,0.68428,1.87,1.00
2015.06.23 03:52:16.349,0.68418,0.68428,1.87,1.00
2015.06.23 03:52:16.727,0.68415,0.68428,1.12,1.00
2015.06.23 03:52:17.083,0.68412,0.68427,1.50,1.50
2015.06.23 03:52:17.135,0.68413,0.68424,1.00,1.00
2015.06.23 03:52:17.237,0.68411,0.68424,1.00,2.25
2015.06.23 03:52:17.553,0.68409,0.68423,1.50,1.50
2015.06.23 03:52:17.877,0.68411,0.68425,1.00,1.50
2015.06.23 03:52:18.339,0.6841,0.68417,1.37,1.00
2015.06.23 03:52:18.592,0.68408,0.68414,2.25,1.00
2015.06.23 03:52:18.643,0.68408,0.68413,1.50,1.00
2015.06.23 03:52:20.235,0.68408,0.68415,1.50,1.00
2015.06.23 03:52:20.640,0.68405,0.68413,2.10,1.00
2015.06.23 03:52:20.792,0.68403,0.68413,1.72,1.00
2015.06.23 03:52:20.843,0.68403,0.68413,1.67,1.00
2015.06.23 03:52:20.894,0.68403,0.68418,1.67,1.00
2015.06.23 03:52:21.098,0.68405,0.68416,1.00,1.00
2015.06.23 03:52:21.464,0.68405,0.68419,1.50,1.50
2015.06.23 03:52:21.515,0.68405,0.68421,1.50,1.00
2015.06.23 03:52:21.819,0.68407,0.68423,1.37,1.12
2015.06.23 03:52:21.971,0.6841,0.68424,1.12,1.00
2015.06.23 03:52:22.174,0.68411,0.68427,1.37,1.18
2015.06.23 03:52:22.385,0.68412,0.68428,1.50,1.20
2015.06.23 03:52:22.689,0.68407,0.68418,1.37,1.00
2015.06.23 03:52:23.362,0.68411,0.68418,1.87,1.00
2015.06.23 03:52:24.167,0.68409,0.68418,1.87,1.00
2015.06.23 03:52:24.472,0.68409,0.68421,1.87,1.00
2015.06.23 03:52:24.979,0.68403,0.68419,1.37,1.37
2015.06.23 03:52:25.081,0.68404,0.68419,1.50,1.50
2015.06.23 03:52:25.284,0.68407,0.68423,1.00,1.50
2015.06.23 03:52:25.654,0.68405,0.68421,1.87,1.50
2015.06.23 03:52:25.756,0.68403,0.68416,1.37,1.00
2015.06.23 03:52:25.909,0.68401,0.68415,1.00,1.60
2015.06.23 03:52:25.960,0.68398,0.68411,1.50,1.00
2015.06.23 03:52:26.113,0.68397,0.68411,1.87,1.00
2015.06.23 03:52:26.164,0.68397,0.68413,1.12,1.00
2015.06.23 03:52:26.503,0.68396,0.68411,1.00,1.00
2015.06.23 03:52:26.808,0.68391,0.68407,3.08,1.50
2015.06.23 03:52:27.113,0.68393,0.68408,1.75,1.00
2015.06.23 03:52:27.164,0.68398,0.68414,1.37,2.25
2015.06.23 03:52:27.549,0.68402,0.68416,1.00,1.00
2015.06.23 03:52:27.600,0.68402,0.68418,1.00,2.62
2015.06.23 03:52:27.975,0.68406,0.68419,1.00,1.12
2015.06.23 03:52:28.524,0.68406,0.68418,1.00,1.00
2015.06.23 03:52:28.828,0.68406,0.68412,1.00,1.00
2015.06.23 03:52:29.292,0.68395,0.684,1.87,1.00
2015.06.23 03:52:29.495,0.6839,0.68396,1.00,1.00
2015.06.23 03:52:29.547,0.6839,0.68394,1.00,1.00
2015.06.23 03:52:29.599,0.68383,0.68394,1.00,1.00
2015.06.23 03:52:29.903,0.68382,0.68396,1.00,1.00
2015.06.23 03:52:30.634,0.68382,0.68397,1.00,1.50
2015.06.23 03:52:30.790,0.68382,0.68397,1.00,1.87
2015.06.23 03:52:31.196,0.68382,0.68397,1.00,1.12
2015.06.23 03:52:32.127,0.68383,0.68394,1.00,1.00
2015.06.23 03:52:32.179,0.68381,0.68394,1.87,1.50
2015.06.23 03:52:32.688,0.68382,0.68394,1.00,1.00
2015.06.23 03:52:33.099,0.68386,0.68396,1.87,1.50
2015.06.23 03:52:33.467,0.68386,0.68399,2.62,1.00
2015.06.23 03:52:35.143,0.68386,0.68401,3.37,1.12
2015.06.23 03:52:35.245,0.6839,0.68402,1.35,1.00
2015.06.23 03:52:35.550,0.68392,0.68403,1.00,1.00
2015.06.23 03:52:36.282,0.6839,0.68403,1.12,1.00
2015.06.23 03:52:36.500,0.68389,0.684,1.37,1.00
2015.06.23 03:52:36.806,0.68375,0.68385,2.40,1.00
2015.06.23 03:52:36.857,0.68375,0.68385,2.10,1.00
2015.06.23 03:52:36.960,0.68375,0.68387,2.10,1.50
2015.06.23 03:52:38.122,0.68373,0.68387,1.00,1.12
2015.06.23 03:52:38.223,0.68373,0.68384,1.00,1.00
2015.06.23 03:52:38.528,0.68374,0.68379,2.10,1.00
2015.06.23 03:52:38.579,0.68368,0.68379,1.00,1.50
2015.06.23 03:52:38.943,0.68369,0.68376,1.87,1.00
2015.06.23 03:52:39.046,0.68369,0.6838,2.62,1.00
2015.06.23 03:52:39.098,0.68369,0.68378,3.37,1.00
2015.06.23 03:52:39.352,0.68366,0.68381,2.62,1.50
2015.06.23 03:52:40.111,0.68369,0.68381,1.87,1.00
2015.06.23 03:52:40.865,0.68371,0.68383,1.00,1.00
2015.06.23 03:52:40.967,0.68372,0.68385,1.87,1.50
2015.06.23 03:52:41.018,0.68372,0.68387,2.62,1.50
2015.06.23 03:52:41.069,0.68375,0.68387,1.00,1.00
2015.06.23 03:52:41.374,0.68378,0.68387,1.00,1.00
2015.06.23 03:52:42.975,0.68379,0.68387,1.00,1.00
2015.06.23 03:52:43.373,0.68379,0.68393,2.62,1.37
2015.06.23 03:52:43.577,0.68383,0.68393,1.00,1.00
2015.06.23 03:52:43.679,0.68383,0.68396,1.00,1.00
2015.06.23 03:52:43.883,0.68388,0.68397,1.87,1.00
2015.06.23 03:52:44.252,0.68393,0.68398,1.87,1.00
2015.06.23 03:52:46.323,0.68393,0.68401,1.87,1.00
2015.06.23 03:52:46.618,0.68397,0.68409,1.50,1.00
2015.06.23 03:52:46.821,0.68395,0.68409,1.50,1.00
2015.06.23 03:52:47.075,0.68402,0.6841,1.87,1.00
2015.06.23 03:52:47.228,0.68402,0.68412,1.87,1.00
2015.06.23 03:52:47.597,0.68409,0.68413,1.87,1.00
2015.06.23 03:52:47.649,0.68409,0.68418,1.87,1.00
2015.06.23 03:52:47.700,0.68409,0.6842,1.87,1.50
2015.06.23 03:52:47.804,0.68413,0.68423,1.87,1.50
2015.06.23 03:52:49.022,0.68413,0.68422,1.87,1.00
2015.06.23 03:52:49.327,0.68413,0.68424,1.87,1.50
2015.06.23 03:52:49.835,0.68414,0.68425,1.00,1.00
2015.06.23 03:52:50.275,0.68417,0.68426,1.87,1.00
2015.06.23 03:52:50.589,0.6842,0.68428,1.87,1.00
2015.06.23 03:52:51.962,0.6841,0.68423,3.37,1.00
2015.06.23 03:52:52.015,0.6841,0.68421,1.87,1.00
2015.06.23 03:52:54.016,0.6841,0.68416,1.87,1.00
2015.06.23 03:52:54.118,0.68406,0.68416,1.00,1.00
2015.06.23 03:52:54.220,0.68403,0.68415,1.07,1.00
2015.06.23 03:52:54.756,0.68402,0.68415,1.87,1.00
2015.06.23 03:52:56.595,0.68402,0.68416,2.62,1.87
2015.06.23 03:52:56.646,0.68408,0.68417,1.87,1.00
2015.06.23 03:52:56.697,0.68408,0.68419,1.87,1.00
2015.06.23 03:52:56.900,0.68413,0.68422,2.10,1.87
2015.06.23 03:52:57.413,0.68413,0.68423,2.10,1.50
2015.06.23 03:52:57.718,0.68415,0.68424,2.10,1.00
2015.06.23 03:53:00.035,0.68413,0.68424,1.87,1.50
2015.06.23 03:53:00.087,0.68405,0.68417,3.97,1.12
2015.06.23 03:53:00.596,0.68405,0.68416,3.97,1.00
2015.06.23 03:53:01.103,0.68405,0.68415,3.97,1.00
2015.06.23 03:53:01.868,0.68405,0.68414,2.10,1.00
2015.06.23 03:53:03.571,0.68405,0.68416,2.10,1.50
2015.06.23 03:53:04.658,0.68406,0.68417,1.00,1.37
2015.06.23 03:53:05.381,0.68406,0.68415,1.00,1.12
2015.06.23 03:53:05.610,0.68405,0.68417,2.10,1.00
2015.06.23 03:53:06.143,0.68406,0.68416,2.10,1.00
2015.06.23 03:53:06.245,0.68406,0.68418,2.10,1.00
2015.06.23 03:53:06.296,0.68413,0.68418,2.10,1.00
2015.06.23 03:53:06.398,0.68409,0.68419,1.87,1.00
2015.06.23 03:53:06.449,0.68409,0.68422,3.37,1.50
2015.06.23 03:53:06.837,0.68401,0.68405,3.07,1.00
2015.06.23 03:53:06.888,0.68392,0.68405,2.62,1.00
2015.06.23 03:53:07.419,0.68392,0.68404,1.87,1.00
2015.06.23 03:53:15.035,0.68393,0.68404,1.00,1.00
2015.06.23 03:53:16.759,0.68391,0.68404,3.37,1.00
2015.06.23 03:53:18.860,0.68392,0.68403,1.12,1.12
2015.06.23 03:53:19.356,0.6839,0.68403,3.37,1.00
2015.06.23 03:53:19.610,0.68391,0.68403,1.87,1.00
2015.06.23 03:53:19.964,0.68391,0.68405,3.37,1.00
2015.06.23 03:53:20.066,0.68393,0.68407,1.00,2.10
2015.06.23 03:53:20.279,0.68393,0.68407,1.00,1.37
2015.06.23 03:53:20.482,0.68393,0.68407,1.00,1.00
2015.06.23 03:53:20.584,0.68396,0.68407,1.87,1.00
2015.06.23 03:53:21.097,0.68396,0.68408,1.87,1.50
2015.06.23 03:53:24.964,0.68396,0.68406,1.87,3.22
2015.06.23 03:53:25.117,0.68392,0.68398,1.50,1.00
2015.06.23 03:53:25.168,0.68388,0.68398,1.00,2.47
2015.06.23 03:53:25.512,0.68384,0.68393,2.62,1.50
2015.06.23 03:53:25.566,0.6839,0.68395,1.87,1.50
2015.06.23 03:53:25.770,0.6839,0.68398,1.87,1.10
2015.06.23 03:53:27.145,0.6839,0.68399,1.87,1.00
2015.06.23 03:53:27.678,0.6839,0.684,1.87,1.20
2015.06.23 03:53:31.138,0.6839,0.68402,2.62,1.00
2015.06.23 03:53:31.190,0.6839,0.68395,1.87,1.00
2015.06.23 03:53:31.394,0.6838,0.68389,2.62,1.00
2015.06.23 03:53:31.496,0.6838,0.68387,1.87,1.50
2015.06.23 03:53:31.598,0.68374,0.68387,2.62,2.25
2015.06.23 03:53:31.701,0.68374,0.68383,1.87,1.00
2015.06.23 03:53:32.158,0.68378,0.68384,1.87,1.50
2015.06.23 03:53:33.283,0.68378,0.68388,1.87,1.50
2015.06.23 03:53:35.195,0.68378,0.68389,1.87,1.50
2015.06.23 03:53:36.556,0.68377,0.68389,1.00,1.50
2015.06.23 03:53:40.072,0.68377,0.68387,1.00,1.00
2015.06.23 03:53:42.372,0.68378,0.68387,1.87,1.00
2015.06.23 03:53:43.242,0.6838,0.68387,1.87,1.00
2015.06.23 03:53:46.699,0.6838,0.6839,1.87,1.10
2015.06.23 03:53:48.674,0.6838,0.68389,1.87,1.00
2015.06.23 03:53:49.363,0.68381,0.68389,1.00,1.00
2015.06.23 03:53:49.415,0.68384,0.68396,1.00,1.10
2015.06.23 03:53:49.720,0.68384,0.68399,3.37,1.57
2015.06.23 03:53:49.873,0.68387,0.68399,1.50,1.10
2015.06.23 03:53:50.379,0.68387,0.68397,1.50,1.00
2015.06.23 03:53:50.913,0.68387,0.68398,1.50,1.00
2015.06.23 03:53:53.404,0.68387,0.68397,1.50,1.00
2015.06.23 03:53:53.911,0.68387,0.68396,1.50,1.00
2015.06.23 03:53:54.647,0.68387,0.68397,1.50,1.00
2015.06.23 03:53:55.346,0.68387,0.68398,1.50,1.50
2015.06.23 03:54:01.347,0.68388,0.68401,1.00,1.00
2015.06.23 03:54:01.500,0.6839,0.68402,1.00,1.00
2015.06.23 03:54:01.804,0.68392,0.68404,2.25,1.00
2015.06.23 03:54:02.114,0.68394,0.68404,1.00,1.00
2015.06.23 03:54:03.316,0.68393,0.68404,1.50,1.50
2015.06.23 03:54:04.621,0.68394,0.68404,1.50,1.00
2015.06.23 03:54:05.686,0.68392,0.68404,1.87,1.00
2015.06.23 03:54:05.890,0.68391,0.68401,1.00,1.00
2015.06.23 03:54:05.941,0.68389,0.68401,1.87,1.00
2015.06.23 03:54:07.154,0.68393,0.68404,1.50,1.50
2015.06.23 03:54:07.627,0.68393,0.68408,1.50,1.87
2015.06.23 03:54:07.678,0.68393,0.68408,1.50,1.50
2015.06.23 03:54:07.883,0.68395,0.68409,2.62,1.50
2015.06.23 03:54:08.189,0.68398,0.68409,1.50,1.00
2015.06.23 03:54:08.240,0.68398,0.68411,1.50,1.87
2015.06.23 03:54:08.342,0.68402,0.68411,1.87,1.00
2015.06.23 03:54:08.705,0.68404,0.68413,1.50,1.00
2015.06.23 03:54:13.611,0.68404,0.68415,1.50,2.62
2015.06.23 03:54:14.070,0.68406,0.68416,1.50,1.50
2015.06.23 03:54:16.154,0.68409,0.68416,1.50,1.50
2015.06.23 03:54:16.611,0.68411,0.68419,1.50,1.50
2015.06.23 03:54:17.416,0.68414,0.68423,1.50,1.50
2015.06.23 03:54:17.747,0.68414,0.68425,1.50,1.12
2015.06.23 03:54:19.401,0.68414,0.68426,1.50,2.25
2015.06.23 03:54:19.554,0.68416,0.68427,1.50,1.00
2015.06.23 03:54:20.097,0.68416,0.68428,1.50,1.00
2015.06.23 03:54:22.350,0.68416,0.68429,1.50,1.00
2015.06.23 03:54:22.881,0.68417,0.68429,1.50,1.00
2015.06.23 03:54:27.040,0.68417,0.68428,2.25,1.00
2015.06.23 03:54:27.813,0.68417,0.68429,2.25,1.00
2015.06.23 03:54:28.343,0.68418,0.68429,1.50,1.00
2015.06.23 03:54:29.149,0.68426,0.68437,1.50,1.50
2015.06.23 03:54:29.666,0.68426,0.68437,1.50,1.00
2015.06.23 03:54:33.070,0.68429,0.68437,1.50,1.00
2015.06.23 03:54:34.639,0.6843,0.68439,1.50,2.47
2015.06.23 03:54:35.349,0.68429,0.68437,1.50,1.37
2015.06.23 03:54:36.289,0.68429,0.68439,1.50,3.75
2015.06.23 03:54:36.392,0.68431,0.68439,1.50,1.00
2015.06.23 03:54:36.443,0.68431,0.68441,1.50,1.00
2015.06.23 03:54:36.596,0.68435,0.68442,1.50,1.00
2015.06.23 03:54:37.018,0.68435,0.68445,1.50,1.00
2015.06.23 03:54:37.347,0.68435,0.68447,1.50,1.87
2015.06.23 03:54:37.855,0.68436,0.68447,1.50,1.00
2015.06.23 03:54:38.999,0.68445,0.68452,1.50,1.00
2015.06.23 03:54:39.050,0.68445,0.68455,1.50,3.37
2015.06.23 03:54:40.131,0.68445,0.68453,1.50,1.00
2015.06.23 03:54:43.330,0.68439,0.68453,1.50,2.25
2015.06.23 03:54:43.381,0.68439,0.68451,1.50,1.50
2015.06.23 03:54:43.686,0.68439,0.68448,1.50,1.00
2015.06.23 03:54:44.599,0.68439,0.68446,1.50,1.00
2015.06.23 03:54:45.240,0.68439,0.68444,1.50,1.00
2015.06.23 03:54:45.291,0.68436,0.68444,1.50,1.00
2015.06.23 03:54:45.393,0.68436,0.68442,1.50,1.00
2015.06.23 03:54:45.849,0.68432,0.68441,1.50,1.00
2015.06.23 03:54:46.052,0.6843,0.68439,1.50,1.00
2015.06.23 03:54:46.606,0.68427,0.68434,1.50,1.00
2015.06.23 03:54:49.368,0.68424,0.68434,1.50,1.00
2015.06.23 03:54:49.571,0.68428,0.68434,1.50,1.00
2015.06.23 03:54:49.831,0.68426,0.68434,1.50,1.00
2015.06.23 03:54:50.863,0.68426,0.68435,1.50,1.00
2015.06.23 03:54:51.118,0.68424,0.68435,1.50,1.37
2015.06.23 03:54:51.708,0.68424,0.68435,1.50,1.12
2015.06.23 03:54:53.530,0.6842,0.68434,1.50,1.00
2015.06.23 03:54:53.582,0.6842,0.68429,1.50,1.00
2015.06.23 03:54:54.040,0.68425,0.68431,1.50,1.00
2015.06.23 03:54:54.096,0.68418,0.6843,1.00,1.00
2015.06.23 03:54:54.147,0.68416,0.68427,1.50,1.00
2015.06.23 03:54:54.452,0.68421,0.68431,1.50,1.00
2015.06.23 03:54:54.982,0.68414,0.68426,1.00,1.00
2015.06.23 03:54:56.370,0.68414,0.68425,1.00,1.00
2015.06.23 03:54:56.625,0.68417,0.68425,1.50,1.00
2015.06.23 03:54:57.051,0.68413,0.68425,2.25,1.00
2015.06.23 03:54:57.708,0.68413,0.68423,1.50,1.00
2015.06.23 03:54:59.848,0.6842,0.68425,1.87,1.35
2015.06.23 03:54:59.899,0.68421,0.68426,1.87,1.00
2015.06.23 03:54:59.950,0.68423,0.6843,1.50,1.00
2015.06.23 03:55:00.103,0.68422,0.68426,1.87,1.00
2015.06.23 03:55:00.154,0.68416,0.68425,1.50,1.00
2015.06.23 03:55:00.804,0.6842,0.68425,1.50,1.00
2015.06.23 03:55:00.956,0.68421,0.68428,1.50,1.00
2015.06.23 03:55:01.109,0.6842,0.68424,1.87,1.00
2015.06.23 03:55:01.824,0.68416,0.68424,1.50,1.00
2015.06.23 03:55:02.107,0.68416,0.68426,1.50,1.87
2015.06.23 03:55:02.158,0.68421,0.68427,1.50,1.00
2015.06.23 03:55:02.260,0.68422,0.68429,1.50,1.12
2015.06.23 03:55:02.362,0.6842,0.68429,1.50,1.12
2015.06.23 03:55:02.920,0.68421,0.68429,1.50,1.00
2015.06.23 03:55:03.767,0.68415,0.68429,1.12,1.00
2015.06.23 03:55:05.410,0.68416,0.6843,1.00,1.00
2015.06.23 03:55:05.588,0.68419,0.6843,1.00,1.00
2015.06.23 03:55:06.122,0.68418,0.68431,1.00,1.00
2015.06.23 03:55:10.431,0.68417,0.68431,1.87,1.00
2015.06.23 03:55:11.569,0.68418,0.68431,1.87,1.00
2015.06.23 03:55:13.240,0.68417,0.6843,1.37,1.00
2015.06.23 03:55:14.859,0.6842,0.68431,1.87,1.00
2015.06.23 03:55:15.516,0.68421,0.68431,1.87,1.00
2015.06.23 03:55:23.963,0.68422,0.68433,1.12,1.72
2015.06.23 03:55:24.500,0.68422,0.68434,1.12,1.37
2015.06.23 03:55:25.033,0.68423,0.68434,1.50,1.37
2015.06.23 03:55:25.540,0.68424,0.68434,1.87,1.37
2015.06.23 03:55:26.395,0.68424,0.68435,1.87,1.00
2015.06.23 03:55:26.446,0.68427,0.68436,2.62,1.00
2015.06.23 03:55:26.498,0.68427,0.68439,2.62,1.00
2015.06.23 03:55:26.650,0.68425,0.68438,1.50,1.00
2015.06.23 03:55:26.701,0.68424,0.68435,1.87,1.00
2015.06.23 03:55:27.007,0.6843,0.68436,1.87,1.37
2015.06.23 03:55:27.589,0.6843,0.68436,1.87,1.00
2015.06.23 03:55:27.863,0.68433,0.6844,1.87,1.12
2015.06.23 03:55:28.295,0.68438,0.68443,1.87,1.87
2015.06.23 03:55:28.397,0.68439,0.68447,1.87,1.10
2015.06.23 03:55:28.755,0.68434,0.68445,2.62,1.00
2015.06.23 03:55:29.110,0.68434,0.68443,2.62,1.00
2015.06.23 03:55:29.718,0.68437,0.68445,1.37,1.50
2015.06.23 03:55:30.341,0.6844,0.68445,1.00,1.00
2015.06.23 03:55:30.552,0.68454,0.68461,1.00,1.00
2015.06.23 03:55:30.654,0.68455,0.68464,1.87,1.50
2015.06.23 03:55:30.859,0.68459,0.68465,1.87,1.00
2015.06.23 03:55:30.910,0.6846,0.68468,1.87,1.50
2015.06.23 03:55:31.113,0.6846,0.68473,2.62,1.00
2015.06.23 03:55:31.661,0.6846,0.68474,2.62,1.00
2015.06.23 03:55:31.865,0.68465,0.68474,1.00,1.00
2015.06.23 03:55:32.169,0.68469,0.68478,2.25,1.00
2015.06.23 03:55:32.372,0.68466,0.68478,1.00,1.00
2015.06.23 03:55:33.429,0.68468,0.68478,1.00,1.00
2015.06.23 03:55:33.645,0.6847,0.68481,1.00,1.00
2015.06.23 03:55:33.851,0.68472,0.6848,1.00,1.00
2015.06.23 03:55:34.159,0.68475,0.68481,1.00,1.00
2015.06.23 03:55:34.314,0.68474,0.68486,1.00,1.37
2015.06.23 03:55:34.415,0.68475,0.68486,1.87,1.00
2015.06.23 03:55:34.517,0.68479,0.68487,1.00,1.37
2015.06.23 03:55:34.619,0.68482,0.68488,2.62,1.00
2015.06.23 03:55:34.929,0.68484,0.6849,1.87,1.00
2015.06.23 03:55:34.982,0.68484,0.68496,1.87,1.60
2015.06.23 03:55:35.365,0.68482,0.68494,2.62,1.00
2015.06.23 03:55:35.518,0.68486,0.68493,1.00,1.00
2015.06.23 03:55:35.773,0.68486,0.68495,1.00,1.00
2015.06.23 03:55:37.076,0.68486,0.68496,1.00,1.00
2015.06.23 03:55:37.916,0.68487,0.68496,1.00,1.00
2015.06.23 03:55:38.226,0.68489,0.68496,1.00,1.00
2015.06.23 03:55:38.693,0.68488,0.68492,1.50,1.00
2015.06.23 03:55:38.744,0.68485,0.68492,1.00,1.00
2015.06.23 03:55:39.150,0.68488,0.68493,1.00,1.00
2015.06.23 03:55:39.303,0.68485,0.68492,1.00,1.00
2015.06.23 03:55:39.354,0.68485,0.68496,1.00,1.00
2015.06.23 03:55:39.405,0.68487,0.68496,1.00,1.00
2015.06.23 03:55:39.718,0.68489,0.68497,1.00,1.00
2015.06.23 03:55:40.739,0.68485,0.68497,1.00,1.00
2015.06.23 03:55:41.102,0.68485,0.68495,1.00,1.00
2015.06.23 03:55:43.092,0.68485,0.68497,1.00,1.00
2015.06.23 03:55:43.625,0.68485,0.68498,1.00,1.00
2015.06.23 03:55:43.880,0.68487,0.68499,1.00,1.50
2015.06.23 03:55:44.083,0.68487,0.68501,1.00,1.50
2015.06.23 03:55:44.895,0.68486,0.68501,2.25,1.00
2015.06.23 03:55:45.161,0.68489,0.68501,1.00,1.00
2015.06.23 03:55:45.263,0.68489,0.68503,1.00,1.87
2015.06.23 03:55:45.956,0.68489,0.68505,2.47,1.50
2015.06.23 03:55:47.377,0.68489,0.68505,1.87,1.00
2015.06.23 03:55:47.823,0.6849,0.685,1.87,1.00
2015.06.23 03:55:47.874,0.68489,0.685,1.00,1.00
2015.06.23 03:55:47.976,0.68484,0.685,1.87,3.75
2015.06.23 03:55:48.078,0.68483,0.68497,3.00,1.00
2015.06.23 03:55:48.682,0.68487,0.68502,1.87,1.12
2015.06.23 03:55:49.165,0.68487,0.68499,1.87,1.00
2015.06.23 03:55:50.271,0.68491,0.68499,1.60,1.00
2015.06.23 03:55:50.374,0.68491,0.68503,1.00,1.50
2015.06.23 03:55:50.578,0.6849,0.68505,1.12,1.12
2015.06.23 03:55:51.289,0.68497,0.68511,1.87,1.60
2015.06.23 03:55:51.343,0.68497,0.68511,1.87,1.00
2015.06.23 03:55:51.647,0.68498,0.68511,1.87,1.00
2015.06.23 03:55:52.233,0.68498,0.68512,1.87,1.12
2015.06.23 03:55:52.842,0.68498,0.68511,1.87,1.00
2015.06.23 03:55:53.190,0.68498,0.68509,1.87,1.00
2015.06.23 03:55:55.024,0.68497,0.68511,1.87,1.00
2015.06.23 03:55:55.633,0.68497,0.6851,2.62,1.00
2015.06.23 03:55:58.541,0.68497,0.6851,1.00,1.00
2015.06.23 03:55:59.280,0.68495,0.68511,3.00,2.25
2015.06.23 03:55:59.331,0.68495,0.68508,1.12,1.00
2015.06.23 03:55:59.635,0.68495,0.68505,1.50,1.72
2015.06.23 03:55:59.889,0.68491,0.68503,1.87,1.72
2015.06.23 03:56:00.285,0.68488,0.68502,1.87,1.87
2015.06.23 03:56:00.387,0.68488,0.68499,1.87,1.00
2015.06.23 03:56:00.877,0.68484,0.68499,1.37,1.00
2015.06.23 03:56:06.942,0.68488,0.68499,1.87,1.00
2015.06.23 03:56:09.584,0.68488,0.68498,1.87,1.00
2015.06.23 03:56:18.283,0.68488,0.68499,1.87,1.50
2015.06.23 03:56:21.658,0.68486,0.68499,1.50,1.00
2015.06.23 03:56:25.839,0.68486,0.68498,1.12,1.00
2015.06.23 03:56:29.356,0.68485,0.68499,1.37,1.00
2015.06.23 03:56:30.100,0.68485,0.68499,1.75,1.00
2015.06.23 03:56:37.735,0.68485,0.68499,1.50,1.00
2015.06.23 03:56:47.125,0.68487,0.68499,1.00,1.00
2015.06.23 03:57:05.534,0.68486,0.68498,1.12,1.00
2015.06.23 03:57:05.585,0.68486,0.68495,1.12,1.00
2015.06.23 03:57:06.087,0.68483,0.68495,1.37,1.00
2015.06.23 03:57:07.841,0.68484,0.68498,1.37,1.50
2015.06.23 03:57:11.360,0.68484,0.68498,1.12,1.50
2015.06.23 03:57:14.191,0.68484,0.68494,1.12,1.00
2015.06.23 03:57:14.496,0.68477,0.6849,1.87,1.12
2015.06.23 03:57:14.547,0.68477,0.6849,1.37,1.00
2015.06.23 03:57:14.903,0.68475,0.6849,3.00,1.12
2015.06.23 03:57:16.263,0.68479,0.6849,1.00,1.00
2015.06.23 03:57:17.364,0.68479,0.68492,1.00,1.50
2015.06.23 03:57:19.148,0.68479,0.6849,1.00,1.00
2015.06.23 03:57:20.559,0.68479,0.68489,1.00,1.00
2015.06.23 03:57:21.830,0.6848,0.68489,1.00,1.00
2015.06.23 03:57:21.932,0.6848,0.68491,1.00,1.00
2015.06.23 03:57:23.258,0.6848,0.68489,1.00,1.00
2015.06.23 03:57:25.404,0.6848,0.68487,1.00,1.00
2015.06.23 03:57:27.707,0.68479,0.68487,1.00,1.00
2015.06.23 03:57:31.118,0.68479,0.6849,1.00,1.87
2015.06.23 03:57:40.026,0.6848,0.6849,1.00,1.87
2015.06.23 03:57:40.601,0.6848,0.68492,1.00,1.87
2015.06.23 03:57:40.653,0.68479,0.68492,2.25,1.87
2015.06.23 03:57:45.976,0.6848,0.68493,1.00,1.37
2015.06.23 03:57:46.027,0.6848,0.68493,1.37,1.00
2015.06.23 03:57:46.689,0.6848,0.68493,1.75,1.00
2015.06.23 03:57:46.741,0.68487,0.685,1.00,1.87
2015.06.23 03:57:47.414,0.68487,0.685,1.00,1.50
2015.06.23 03:57:55.243,0.68487,0.68499,1.00,1.50
2015.06.23 03:57:56.316,0.68495,0.68501,1.00,1.12
2015.06.23 03:57:56.420,0.68497,0.68507,1.00,1.37
2015.06.23 03:57:56.471,0.68497,0.68507,1.00,1.00
2015.06.23 03:57:56.573,0.68497,0.68507,1.37,1.00
2015.06.23 03:57:56.624,0.68499,0.68511,1.12,1.50
2015.06.23 03:57:56.879,0.68498,0.68509,1.00,1.00
2015.06.23 03:57:57.133,0.68496,0.68508,1.00,1.00
2015.06.23 03:57:57.647,0.68496,0.68509,1.00,1.50
2015.06.23 03:58:02.880,0.68496,0.68505,2.25,1.00
2015.06.23 03:58:02.932,0.68501,0.68511,1.35,1.10
2015.06.23 03:58:02.983,0.68505,0.68511,1.00,1.10
2015.06.23 03:58:03.034,0.68506,0.68515,1.50,1.00
2015.06.23 03:58:03.136,0.68506,0.68518,1.50,1.12
2015.06.23 03:58:03.290,0.68505,0.68514,1.00,1.00
2015.06.23 03:58:03.442,0.68503,0.68516,1.37,1.50
2015.06.23 03:58:04.195,0.68505,0.68518,1.37,1.87
2015.06.23 03:58:04.247,0.68504,0.68515,1.37,1.00
2015.06.23 03:58:04.452,0.68506,0.68518,1.00,1.00
2015.06.23 03:58:04.961,0.68505,0.68519,1.12,1.37
2015.06.23 03:58:05.711,0.68505,0.68519,1.00,1.00
2015.06.23 03:58:05.863,0.68503,0.68516,1.00,1.50
2015.06.23 03:58:06.168,0.68504,0.68519,1.37,2.47
2015.06.23 03:58:06.372,0.68504,0.68519,1.87,1.00
2015.06.23 03:58:07.841,0.68507,0.6852,1.00,1.50
2015.06.23 03:58:12.627,0.68507,0.6852,1.37,1.00
2015.06.23 03:58:13.087,0.68507,0.6852,1.00,1.00
2015.06.23 03:58:19.772,0.68508,0.6852,1.00,1.12
2015.06.23 03:58:22.026,0.68507,0.6852,1.12,1.00
2015.06.23 03:58:27.413,0.68507,0.68522,3.00,1.87
2015.06.23 03:58:27.920,0.68508,0.68522,1.87,1.50
2015.06.23 03:58:28.021,0.68508,0.68522,1.87,1.37
2015.06.23 03:58:33.427,0.68508,0.68522,2.25,1.12
2015.06.23 03:58:46.317,0.68508,0.68522,1.87,1.12
2015.06.23 03:58:49.276,0.68507,0.68522,2.25,1.37
2015.06.23 03:58:53.883,0.68508,0.68522,1.37,1.37
2015.06.23 03:59:00.368,0.68509,0.68521,1.00,1.00
2015.06.23 03:59:00.875,0.68507,0.6852,1.50,1.12
2015.06.23 03:59:03.358,0.68502,0.68515,1.37,1.00
2015.06.23 03:59:04.238,0.685,0.68514,1.37,1.00
2015.06.23 03:59:04.340,0.68499,0.68514,1.87,1.87
2015.06.23 03:59:04.985,0.68498,0.68513,1.12,2.25
2015.06.23 03:59:08.763,0.68503,0.68513,1.00,1.50
2015.06.23 03:59:08.970,0.68507,0.68518,1.12,1.00
2015.06.23 03:59:09.072,0.68507,0.6852,1.00,2.62
2015.06.23 03:59:09.274,0.68504,0.68519,1.00,1.50
2015.06.23 03:59:09.910,0.68505,0.68519,1.00,1.00
2015.06.23 03:59:13.677,0.68505,0.68517,1.00,1.00
2015.06.23 03:59:13.778,0.68503,0.68517,1.12,2.25
2015.06.23 03:59:15.280,0.68505,0.68518,1.00,1.00
2015.06.23 03:59:15.845,0.68505,0.68519,1.50,1.87
2015.06.23 03:59:16.545,0.68505,0.68519,1.87,1.87
2015.06.23 03:59:24.125,0.68506,0.68519,1.12,1.00
2015.06.23 03:59:24.480,0.68504,0.68518,2.25,1.00
2015.06.23 03:59:28.302,0.68504,0.68517,1.00,1.00
2015.06.23 03:59:28.607,0.68502,0.68516,1.12,1.50
2015.06.23 03:59:29.135,0.68501,0.68516,1.00,1.50
2015.06.23 03:59:29.596,0.68501,0.68514,1.00,1.00
2015.06.23 03:59:30.169,0.68501,0.68515,1.50,1.00
2015.06.23 03:59:33.131,0.68501,0.68514,1.00,1.37
2015.06.23 03:59:33.233,0.68498,0.68512,1.87,1.12
2015.06.23 03:59:34.046,0.68498,0.68511,1.00,1.00
2015.06.23 03:59:36.284,0.68496,0.68509,1.37,1.00
2015.06.23 03:59:36.624,0.68496,0.68507,1.37,1.00
2015.06.23 03:59:36.980,0.68496,0.68507,1.00,1.00
2015.06.23 03:59:37.031,0.68496,0.68509,1.00,1.50
2015.06.23 03:59:38.239,0.68496,0.68511,1.87,1.50
2015.06.23 03:59:39.663,0.68496,0.68509,1.00,1.00
2015.06.23 03:59:40.234,0.68497,0.68508,1.00,1.00
2015.06.23 03:59:40.767,0.68496,0.68508,1.12,1.00
2015.06.23 03:59:41.839,0.68496,0.68509,1.87,1.50
2015.06.23 03:59:42.439,0.68496,0.68508,1.12,1.00
2015.06.23 03:59:45.326,0.68496,0.68509,1.12,1.00
2015.06.23 03:59:47.036,0.68496,0.68508,1.12,1.00
2015.06.23 03:59:47.552,0.68496,0.68508,1.37,1.00
2015.06.23 03:59:48.515,0.68496,0.68509,1.37,1.00
2015.06.23 03:59:49.620,0.68495,0.68507,1.00,1.50
2015.06.23 03:59:50.012,0.68495,0.68507,1.37,1.50
2015.06.23 03:59:51.988,0.68495,0.68509,1.37,1.50
