2011.04.01 03:00:01.978,0.76012,0.76032,1.21,2.85
2011.04.01 03:00:02.543,0.76008,0.76031,1.50,2.10
2011.04.01 03:00:02.657,0.76009,0.76031,1.50,1.35
2011.04.01 03:00:03.303,0.76012,0.76034,1.45,3.38
2011.04.01 03:00:03.422,0.76012,0.76033,1.82,1.50
2011.04.01 03:00:09.540,0.76012,0.76035,1.21,2.85
2011.04.01 03:00:09.648,0.76014,0.76035,1.50,1.35
2011.04.01 03:00:09.977,0.76015,0.76038,1.21,1.35
2011.04.01 03:00:10.478,0.76015,0.76039,1.21,2.10
2011.04.01 03:01:09.609,0.76015,0.7604,1.21,1.35
2011.04.01 03:01:09.826,0.76015,0.76041,1.21,4.50
2011.04.01 03:01:44.929,0.76014,0.7604,1.21,3.75
2011.04.01 03:01:45.260,0.76011,0.76033,1.88,2.25
2011.04.01 03:02:04.647,0.76012,0.76032,1.13,2.25
2011.04.01 03:02:04.757,0.76012,0.7603,1.13,2.85
2011.04.01 03:02:11.799,0.76008,0.76029,1.50,1.35
2011.04.01 03:02:11.908,0.76007,0.76028,1.50,2.25
2011.04.01 03:02:12.510,0.76006,0.76028,1.50,3.75
2011.04.01 03:02:12.618,0.76006,0.76025,1.50,2.10
2011.04.01 03:02:23.439,0.76006,0.76025,1.50,2.85
2011.04.01 03:02:23.769,0.76008,0.76029,1.50,2.10
2011.04.01 03:02:29.309,0.76008,0.76029,1.50,2.85
2011.04.01 03:02:29.859,0.76008,0.76029,1.50,2.10
2011.04.01 03:02:55.779,0.76006,0.76025,2.25,1.35
2011.04.01 03:02:55.888,0.76005,0.76025,1.50,1.35
2011.04.01 03:02:56.867,0.75999,0.76024,2.94,1.50
2011.04.01 03:02:57.200,0.75998,0.76018,1.50,1.50
2011.04.01 03:02:57.308,0.75998,0.7602,1.50,1.50
2011.04.01 03:02:57.528,0.75998,0.7602,2.25,1.50
2011.04.01 03:02:57.748,0.75998,0.7602,2.25,1.50
2011.04.01 03:02:58.117,0.76,0.7602,1.50,1.50
2011.04.01 03:02:58.450,0.76005,0.7602,1.50,1.50
2011.04.01 03:02:58.558,0.76002,0.76024,2.10,1.50
2011.04.01 03:02:58.888,0.76004,0.76026,1.59,1.65
2011.04.01 03:02:59.457,0.76004,0.76026,1.96,1.65
2011.04.01 03:03:00.177,0.76005,0.76026,1.50,1.65
2011.04.01 03:03:05.448,0.76006,0.76026,1.21,1.02
2011.04.01 03:03:06.218,0.76007,0.76027,1.13,1.02
2011.04.01 03:03:06.548,0.76011,0.7603,1.50,1.62
2011.04.01 03:03:07.790,0.76011,0.76032,1.50,1.62
2011.04.01 03:03:07.898,0.76011,0.76035,1.59,1.62
2011.04.01 03:03:08.010,0.7601,0.76035,1.96,1.62
2011.04.01 03:03:10.358,0.76011,0.76033,1.21,1.50
2011.04.01 03:03:10.470,0.76009,0.76018,1.21,1.50
2011.04.01 03:03:10.582,0.75988,0.76006,1.10,3.00
2011.04.01 03:03:10.810,0.75995,0.76006,1.13,2.25
2011.04.01 03:03:10.921,0.75995,0.76015,1.88,1.50
2011.04.01 03:03:11.040,0.76,0.76021,1.13,1.50
2011.04.01 03:03:11.150,0.76001,0.76022,1.13,1.50
2011.04.01 03:03:11.700,0.76002,0.76028,1.59,2.40
2011.04.01 03:03:11.918,0.76001,0.76028,1.21,2.40
2011.04.01 03:03:12.500,0.76001,0.76026,1.21,1.65
2011.04.01 03:03:15.348,0.76,0.76026,2.71,1.62
2011.04.01 03:03:16.118,0.76003,0.76027,1.02,1.02
2011.04.01 03:03:16.449,0.76006,0.76026,1.13,1.02
2011.04.01 03:03:17.021,0.76006,0.7603,1.96,2.37
2011.04.01 03:03:20.338,0.76006,0.7603,1.96,2.63
2011.04.01 03:03:40.668,0.76005,0.76028,1.96,1.50
2011.04.01 03:03:42.948,0.76005,0.76027,1.13,1.50
2011.04.01 03:03:47.187,0.76004,0.76027,1.88,1.65
2011.04.01 03:03:49.068,0.76006,0.76028,1.50,2.40
2011.04.01 03:03:59.198,0.76005,0.76028,1.50,2.25
2011.04.01 03:04:26.328,0.76007,0.76028,1.13,2.40
2011.04.01 03:04:30.149,0.76004,0.76028,1.88,2.25
2011.04.01 03:04:30.887,0.76004,0.76028,1.88,2.40
2011.04.01 03:04:40.609,0.76007,0.76027,1.88,1.50
2011.04.01 03:04:47.240,0.76002,0.76026,2.34,2.25
2011.04.01 03:04:49.137,0.76002,0.76023,2.34,1.50
2011.04.01 03:05:15.897,0.75999,0.76023,1.96,2.85
2011.04.01 03:05:38.644,0.76,0.76023,1.88,2.85
2011.04.01 03:05:44.268,0.76,0.76022,1.96,1.50
2011.04.01 03:05:49.263,0.76,0.76022,1.21,1.50
2011.04.01 03:06:00.078,0.75998,0.76021,1.50,1.88
2011.04.01 03:06:38.899,0.75997,0.7602,1.13,2.25
2011.04.01 03:06:39.119,0.75996,0.76018,1.88,2.25
2011.04.01 03:06:39.711,0.75996,0.76016,1.88,1.50
2011.04.01 03:07:34.118,0.75995,0.76017,1.50,2.25
2011.04.01 03:07:51.674,0.75991,0.76017,1.40,1.50
2011.04.01 03:07:51.791,0.75991,0.76017,1.40,1.50
2011.04.01 03:07:58.006,0.75992,0.76017,1.40,1.50
2011.04.01 03:07:58.615,0.75992,0.76017,1.40,1.50
2011.04.01 03:07:59.280,0.75993,0.76017,1.32,1.50
2011.04.01 03:08:09.339,0.75994,0.76017,1.32,1.50
2011.04.01 03:08:16.330,0.75994,0.76017,1.13,1.50
2011.04.01 03:08:16.807,0.75995,0.7602,1.13,1.50
2011.04.01 03:08:24.268,0.75995,0.7602,1.13,1.50
2011.04.01 03:08:31.825,0.75997,0.7602,1.88,1.50
2011.04.01 03:08:32.049,0.75999,0.76021,1.50,1.50
2011.04.01 03:08:32.720,0.76,0.76022,1.13,2.25
2011.04.01 03:08:42.208,0.75999,0.76022,1.88,2.25
2011.04.01 03:09:27.418,0.75999,0.76022,1.96,1.50
2011.04.01 03:09:32.060,0.75999,0.76022,1.21,1.50
2011.04.01 03:09:40.151,0.75998,0.76022,1.36,1.50
2011.04.01 03:09:40.358,0.76,0.76022,1.28,1.50
2011.04.01 03:09:40.690,0.76007,0.76024,1.50,1.50
2011.04.01 03:09:40.800,0.7601,0.76027,1.50,1.50
2011.04.01 03:09:41.018,0.7601,0.76031,1.88,2.10
2011.04.01 03:09:58.419,0.76012,0.76031,1.50,2.10
2011.04.01 03:09:58.530,0.76012,0.76034,1.59,2.25
2011.04.01 03:09:58.639,0.76013,0.76036,1.13,1.50
2011.04.01 03:09:58.750,0.76013,0.76036,1.13,1.50
2011.04.01 03:09:59.333,0.76011,0.76038,2.19,2.63
2011.04.01 03:10:08.398,0.76012,0.76038,1.13,1.88
2011.04.01 03:10:24.169,0.76013,0.76037,1.13,1.50
2011.04.01 03:10:26.290,0.76017,0.76033,1.50,1.50
2011.04.01 03:10:26.619,0.76018,0.76039,5.10,1.50
2011.04.01 03:10:26.731,0.76018,0.7604,5.25,1.35
2011.04.01 03:10:26.849,0.76018,0.76039,3.75,1.13
2011.04.01 03:10:27.418,0.76015,0.76038,1.35,1.50
2011.04.01 03:10:30.794,0.76015,0.76038,1.35,2.25
2011.04.01 03:10:31.020,0.76012,0.76034,1.96,2.25
2011.04.01 03:10:31.239,0.7601,0.76033,1.21,2.25
2011.04.01 03:10:39.354,0.76014,0.76033,1.50,2.25
2011.04.01 03:10:39.688,0.76024,0.76039,1.02,1.50
2011.04.01 03:10:39.800,0.76024,0.76041,1.02,1.50
2011.04.01 03:10:39.908,0.76024,0.76043,1.02,1.13
2011.04.01 03:10:40.021,0.76026,0.76043,3.00,1.13
2011.04.01 03:10:40.129,0.76028,0.76046,1.50,1.09
2011.04.01 03:10:40.349,0.7603,0.76052,1.35,1.65
2011.04.01 03:10:40.568,0.76028,0.7605,1.59,2.03
2011.04.01 03:10:41.888,0.76028,0.7604,1.59,2.25
2011.04.01 03:10:42.110,0.7602,0.76034,2.48,1.50
2011.04.01 03:10:42.329,0.76011,0.76032,1.96,1.50
2011.04.01 03:10:42.438,0.76011,0.76033,1.96,1.50
2011.04.01 03:10:42.988,0.76011,0.76033,1.96,2.25
2011.04.01 03:10:45.359,0.76016,0.76036,1.50,1.35
2011.04.01 03:10:46.659,0.76017,0.76036,1.50,1.35
2011.04.01 03:10:46.989,0.7602,0.76042,1.21,1.50
2011.04.01 03:10:47.210,0.7602,0.76043,1.81,1.50
2011.04.01 03:10:48.585,0.7602,0.76042,1.81,1.50
2011.04.01 03:10:50.168,0.76018,0.7604,2.71,1.50
2011.04.01 03:10:50.608,0.76016,0.76038,1.50,4.19
2011.04.01 03:10:51.554,0.76013,0.76036,1.96,1.50
2011.04.01 03:10:51.892,0.76013,0.76033,1.96,2.85
2011.04.01 03:10:52.011,0.76013,0.76033,1.35,1.50
2011.04.01 03:10:55.498,0.76015,0.76036,1.35,1.35
2011.04.01 03:11:29.968,0.76015,0.76036,1.35,2.10
2011.04.01 03:11:39.925,0.76015,0.76036,1.35,2.29
2011.04.01 03:12:03.928,0.76014,0.76037,1.13,2.63
2011.04.01 03:12:05.445,0.76016,0.76037,1.44,1.88
2011.04.01 03:12:06.087,0.76016,0.76037,1.44,1.88
2011.04.01 03:12:07.770,0.76014,0.76026,1.48,1.35
2011.04.01 03:12:07.988,0.76007,0.76026,1.59,1.35
2011.04.01 03:12:09.128,0.76005,0.76028,2.56,3.04
2011.04.01 03:12:11.348,0.76005,0.76027,1.44,1.13
2011.04.01 03:12:15.270,0.76006,0.76029,1.50,2.27
2011.04.01 03:12:15.920,0.76009,0.76032,1.50,3.00
2011.04.01 03:12:16.249,0.76009,0.76032,1.13,2.85
2011.04.01 03:12:25.909,0.76008,0.76029,1.73,1.50
2011.04.01 03:12:26.458,0.76006,0.76029,1.50,3.60
2011.04.01 03:12:26.790,0.76007,0.76028,1.13,1.15
2011.04.01 03:12:27.009,0.76009,0.76031,1.21,1.50
2011.04.01 03:12:27.228,0.76009,0.76032,1.13,2.25
2011.04.01 03:12:27.339,0.76009,0.76032,1.13,1.50
2011.04.01 03:12:31.039,0.76009,0.76032,1.21,1.50
2011.04.01 03:12:31.498,0.76009,0.76031,1.21,1.50
2011.04.01 03:12:55.978,0.76009,0.76032,1.96,1.50
2011.04.01 03:13:14.842,0.76008,0.76031,1.59,1.50
2011.04.01 03:13:15.182,0.76011,0.76035,1.59,3.38
2011.04.01 03:13:20.229,0.76011,0.76034,1.44,1.13
2011.04.01 03:13:20.963,0.76011,0.76034,1.44,1.13
2011.04.01 03:13:25.560,0.76011,0.76035,2.19,2.63
2011.04.01 03:13:30.159,0.76013,0.76035,1.50,1.13
2011.04.01 03:13:30.380,0.76016,0.76039,1.50,1.88
2011.04.01 03:13:39.053,0.76017,0.76039,1.50,1.88
2011.04.01 03:13:39.861,0.76017,0.76039,1.50,2.03
2011.04.01 03:14:33.612,0.76017,0.76038,2.85,1.28
2011.04.01 03:14:50.800,0.76018,0.76037,1.50,1.50
2011.04.01 03:15:00.148,0.76016,0.76037,1.50,1.50
2011.04.01 03:15:00.480,0.76013,0.76036,1.59,1.73
2011.04.01 03:15:02.010,0.76015,0.76036,1.59,1.73
2011.04.01 03:15:02.119,0.76017,0.76037,1.50,1.13
2011.04.01 03:15:02.700,0.76017,0.76038,2.10,2.25
2011.04.01 03:15:20.068,0.76017,0.76037,2.10,1.50
2011.04.01 03:15:20.399,0.76015,0.76023,1.50,1.50
2011.04.01 03:15:20.512,0.75999,0.76019,5.28,1.13
2011.04.01 03:15:20.738,0.75998,0.76017,1.50,1.50
2011.04.01 03:15:21.290,0.75998,0.76018,1.50,1.50
2011.04.01 03:15:21.920,0.75997,0.76018,1.50,1.50
2011.04.01 03:15:23.482,0.76001,0.76024,1.59,1.13
2011.04.01 03:15:23.715,0.76003,0.76023,2.25,1.50
2011.04.01 03:15:24.268,0.76,0.76023,1.59,1.88
2011.04.01 03:15:30.128,0.76,0.76023,1.59,1.88
2011.04.01 03:15:30.238,0.76,0.76023,1.59,1.62
2011.04.01 03:15:35.269,0.76,0.76024,2.34,1.62
2011.04.01 03:15:35.819,0.76,0.76024,2.34,2.37
2011.04.01 03:15:39.169,0.75998,0.76022,3.09,2.37
2011.04.01 03:15:40.338,0.75998,0.76022,3.09,2.63
2011.04.01 03:15:45.659,0.76,0.76023,1.59,1.88
2011.04.01 03:15:46.209,0.76,0.76024,2.34,2.25
2011.04.01 03:15:46.428,0.76,0.76023,1.59,1.50
2011.04.01 03:15:49.403,0.76002,0.76023,3.69,1.13
2011.04.01 03:15:49.631,0.76006,0.76027,1.59,1.50
2011.04.01 03:15:50.329,0.76007,0.76028,1.59,1.62
2011.04.01 03:15:55.210,0.76005,0.76025,1.44,1.62
2011.04.01 03:15:55.321,0.76004,0.76025,1.85,1.88
2011.04.01 03:15:55.540,0.76002,0.76024,1.59,1.50
2011.04.01 03:16:23.721,0.75999,0.7601,2.25,1.50
2011.04.01 03:16:24.049,0.75989,0.76009,1.13,6.06
2011.04.01 03:16:24.269,0.7599,0.76008,1.13,2.31
2011.04.01 03:16:25.770,0.75989,0.76008,1.13,1.50
2011.04.01 03:16:26.429,0.75986,0.76004,1.21,1.50
2011.04.01 03:16:26.762,0.7598,0.75997,1.35,3.00
2011.04.01 03:16:26.882,0.7598,0.76,1.73,4.50
2011.04.01 03:16:28.649,0.7598,0.76001,2.56,1.35
2011.04.01 03:16:31.318,0.75979,0.76001,1.13,1.35
2011.04.01 03:16:34.830,0.75979,0.76001,1.88,1.35
2011.04.01 03:16:51.719,0.7598,0.76003,1.96,2.10
2011.04.01 03:17:08.198,0.7598,0.76003,1.96,2.10
2011.04.01 03:17:09.909,0.75981,0.76003,1.59,2.10
2011.04.01 03:17:14.861,0.75983,0.76003,1.59,2.10
2011.04.01 03:17:15.081,0.75992,0.76007,3.17,1.13
2011.04.01 03:17:15.194,0.75992,0.76008,1.82,1.13
2011.04.01 03:17:15.312,0.75992,0.76014,1.21,2.85
2011.04.01 03:17:15.540,0.75989,0.76011,2.56,1.50
2011.04.01 03:17:15.868,0.75989,0.76011,2.56,1.35
2011.04.01 03:17:20.190,0.75992,0.76013,1.59,1.50
2011.04.01 03:17:20.410,0.75994,0.76019,1.50,2.85
2011.04.01 03:17:20.520,0.75994,0.76019,2.34,1.50
2011.04.01 03:17:20.629,0.75997,0.7602,1.50,1.50
2011.04.01 03:17:21.102,0.75999,0.76021,1.59,1.13
2011.04.01 03:17:21.225,0.76001,0.76023,3.00,1.13
2011.04.01 03:17:25.259,0.76001,0.76024,3.00,1.13
2011.04.01 03:17:49.228,0.76003,0.76026,1.50,1.88
2011.04.01 03:17:49.778,0.76004,0.76028,1.96,2.25
2011.04.01 03:17:57.169,0.76004,0.76028,1.96,1.50
2011.04.01 03:17:57.930,0.76005,0.76028,1.13,1.50
2011.04.01 03:18:21.528,0.76004,0.76028,1.96,1.58
2011.04.01 03:18:23.431,0.76005,0.76028,1.13,1.58
2011.04.01 03:18:28.252,0.76007,0.76028,1.13,1.58
2011.04.01 03:18:28.360,0.76007,0.76029,1.96,1.17
2011.04.01 03:18:28.471,0.76009,0.7603,1.50,1.02
2011.04.01 03:18:28.579,0.7601,0.76032,1.50,1.58
2011.04.01 03:18:29.568,0.7601,0.76035,2.71,1.58
2011.04.01 03:18:37.099,0.76011,0.76035,1.96,2.25
2011.04.01 03:18:56.321,0.7601,0.76036,5.34,1.50
2011.04.01 03:18:56.431,0.76011,0.76038,1.59,1.58
2011.04.01 03:18:56.540,0.76011,0.76037,1.59,1.58
2011.04.01 03:18:56.760,0.76011,0.76037,1.59,1.58
2011.04.01 03:18:57.089,0.76011,0.76037,3.84,1.58
2011.04.01 03:18:57.940,0.76011,0.76037,3.84,1.58
2011.04.01 03:19:01.240,0.76015,0.76037,1.50,1.58
2011.04.01 03:19:01.762,0.76017,0.7604,1.50,1.58
2011.04.01 03:19:06.994,0.76018,0.76041,2.05,1.50
2011.04.01 03:19:07.439,0.7602,0.76044,3.00,2.25
2011.04.01 03:19:08.679,0.7602,0.76044,3.00,2.25
2011.04.01 03:19:11.759,0.7602,0.76041,2.25,1.35
2011.04.01 03:19:11.979,0.76018,0.76041,1.59,1.35
2011.04.01 03:19:18.428,0.76018,0.76041,1.59,1.35
2011.04.01 03:19:18.759,0.76018,0.76043,3.69,2.25
2011.04.01 03:19:30.709,0.76021,0.76043,1.35,1.50
2011.04.01 03:19:30.930,0.76021,0.76044,1.35,2.25
2011.04.01 03:19:31.478,0.76021,0.76046,1.44,2.10
2011.04.01 03:19:33.198,0.76021,0.76046,1.44,2.10
2011.04.01 03:20:00.717,0.76021,0.76042,1.21,1.50
2011.04.01 03:20:01.049,0.76021,0.76042,1.13,2.25
2011.04.01 03:20:02.420,0.76018,0.76042,1.96,2.25
2011.04.01 03:20:03.209,0.76017,0.7604,1.59,1.50
2011.04.01 03:20:20.039,0.76017,0.7604,1.59,1.62
2011.04.01 03:20:25.009,0.76017,0.7604,1.59,1.50
2011.04.01 03:21:00.860,0.76016,0.7604,3.09,1.88
2011.04.01 03:21:31.779,0.76016,0.7604,3.24,1.50
2011.04.01 03:21:36.299,0.76016,0.7604,3.99,1.50
2011.04.01 03:21:36.877,0.76016,0.7604,3.24,1.50
2011.04.01 03:21:40.148,0.76016,0.7604,3.99,1.50
2011.04.01 03:21:51.961,0.76019,0.76043,1.50,3.75
2011.04.01 03:21:52.289,0.76021,0.76043,1.35,2.25
2011.04.01 03:21:52.509,0.76021,0.76043,1.35,2.25
2011.04.01 03:22:06.209,0.76021,0.76045,1.65,2.25
2011.04.01 03:22:28.771,0.76024,0.76045,1.50,1.50
2011.04.01 03:22:30.759,0.76028,0.76047,1.50,1.50
2011.04.01 03:23:00.139,0.76028,0.76047,1.50,1.58
2011.04.01 03:23:04.929,0.76028,0.76047,1.50,2.95
2011.04.01 03:23:09.949,0.76028,0.76047,1.88,1.50
2011.04.01 03:23:28.905,0.76027,0.7605,2.78,1.50
2011.04.01 03:23:54.335,0.76026,0.7605,2.40,2.25
2011.04.01 03:24:11.240,0.76028,0.76049,1.50,1.50
2011.04.01 03:24:20.614,0.76027,0.7605,1.50,3.38
2011.04.01 03:24:43.408,0.76036,0.7605,3.75,2.25
2011.04.01 03:24:49.438,0.76027,0.7605,3.00,2.25
2011.04.01 03:24:59.709,0.76036,0.7605,3.75,2.25
2011.04.01 03:25:02.848,0.76028,0.7605,1.50,2.25
2011.04.01 03:25:15.580,0.76028,0.76048,1.50,1.50
2011.04.01 03:25:18.731,0.76032,0.76049,1.35,1.88
2011.04.01 03:25:18.951,0.76032,0.76048,2.20,1.88
2011.04.01 03:25:19.170,0.76027,0.76048,2.19,1.13
2011.04.01 03:25:29.660,0.76028,0.76049,1.50,1.13
2011.04.01 03:25:30.302,0.76028,0.76051,1.96,1.35
2011.04.01 03:25:48.409,0.76031,0.76052,1.50,1.50
2011.04.01 03:25:49.761,0.76031,0.76052,1.13,1.50
2011.04.01 03:26:25.959,0.76036,0.7605,3.75,2.10
2011.04.01 03:26:26.512,0.76036,0.76052,5.25,1.50
2011.04.01 03:26:26.840,0.7604,0.76056,3.75,1.50
2011.04.01 03:26:27.389,0.7604,0.7606,3.75,2.25
2011.04.01 03:26:27.979,0.7604,0.7606,3.75,2.25
2011.04.01 03:26:28.759,0.7604,0.7606,3.90,2.25
2011.04.01 03:26:30.300,0.76044,0.7606,3.75,2.25
2011.04.01 03:26:31.230,0.76046,0.76061,3.75,1.50
2011.04.01 03:26:31.781,0.76046,0.76063,3.75,2.25
2011.04.01 03:26:31.889,0.76041,0.76063,1.13,2.25
2011.04.01 03:26:33.200,0.76042,0.76063,1.65,2.85
2011.04.01 03:26:33.531,0.76052,0.76077,1.96,1.50
2011.04.01 03:26:33.754,0.76056,0.76078,1.21,1.13
2011.04.01 03:26:33.982,0.76058,0.76077,1.13,1.50
2011.04.01 03:26:34.200,0.76057,0.7608,1.21,1.13
2011.04.01 03:26:34.311,0.76057,0.76081,1.59,1.88
2011.04.01 03:26:34.859,0.76059,0.7608,1.21,1.13
2011.04.01 03:26:35.404,0.76059,0.76083,1.21,1.88
2011.04.01 03:26:35.945,0.76066,0.76085,1.21,1.13
2011.04.01 03:26:36.282,0.76064,0.76089,1.59,1.73
2011.04.01 03:26:36.840,0.76068,0.76089,2.71,1.13
2011.04.01 03:26:37.501,0.76068,0.76089,2.71,1.13
2011.04.01 03:26:39.513,0.76068,0.76085,1.96,1.13
2011.04.01 03:26:39.632,0.76068,0.76085,1.13,1.13
2011.04.01 03:26:40.399,0.76063,0.76083,1.21,1.50
2011.04.01 03:26:40.730,0.76062,0.76083,1.59,1.88
2011.04.01 03:26:42.841,0.76065,0.76088,1.59,1.88
2011.04.01 03:26:44.490,0.76067,0.76087,1.21,1.13
2011.04.01 03:26:44.820,0.76066,0.76089,1.21,1.50
2011.04.01 03:26:46.532,0.76067,0.76088,2.34,1.13
2011.04.01 03:26:47.078,0.76068,0.7609,1.59,1.88
2011.04.01 03:26:47.999,0.7607,0.76091,1.59,1.50
2011.04.01 03:26:51.439,0.7607,0.76093,1.59,2.63
2011.04.01 03:26:52.093,0.7607,0.76091,1.59,1.50
2011.04.01 03:26:52.650,0.76069,0.76091,1.59,1.88
2011.04.01 03:26:52.870,0.76066,0.7609,2.71,1.50
2011.04.01 03:26:53.090,0.76066,0.7609,2.71,1.50
2011.04.01 03:26:54.939,0.76066,0.76089,1.59,1.50
2011.04.01 03:27:00.349,0.76066,0.7609,2.34,1.50
2011.04.01 03:27:02.770,0.76066,0.7609,1.96,1.50
2011.04.01 03:27:07.940,0.76067,0.7609,1.21,1.50
2011.04.01 03:27:09.090,0.76066,0.7609,2.71,1.50
2011.04.01 03:27:09.479,0.76066,0.7609,1.96,1.50
2011.04.01 03:27:10.062,0.76067,0.76089,1.21,1.13
2011.04.01 03:27:10.689,0.76066,0.7609,1.96,1.50
2011.04.01 03:27:10.799,0.76066,0.7609,1.96,1.50
2011.04.01 03:27:12.030,0.76067,0.7609,1.21,1.50
2011.04.01 03:27:12.849,0.76067,0.7609,1.21,1.50
2011.04.01 03:27:13.849,0.76067,0.7609,1.21,1.50
2011.04.01 03:27:14.421,0.76067,0.76089,1.21,1.13
2011.04.01 03:27:14.929,0.76066,0.7609,1.96,1.50
2011.04.01 03:27:15.581,0.76072,0.76094,1.45,2.25
2011.04.01 03:27:16.166,0.76073,0.76091,1.13,1.50
2011.04.01 03:27:16.290,0.76069,0.7609,1.21,1.13
2011.04.01 03:27:16.513,0.76067,0.76091,1.96,1.50
2011.04.01 03:27:23.379,0.76067,0.76089,1.96,1.88
2011.04.01 03:27:23.931,0.76067,0.76089,1.59,1.50
2011.04.01 03:27:31.622,0.76067,0.76089,1.96,1.50
2011.04.01 03:27:32.169,0.76067,0.76089,1.96,1.50
2011.04.01 03:27:33.001,0.76067,0.76089,1.59,1.88
2011.04.01 03:27:36.384,0.76067,0.76089,1.59,1.88
2011.04.01 03:27:37.530,0.76067,0.76089,1.59,1.88
2011.04.01 03:27:38.361,0.76067,0.76087,1.96,1.13
2011.04.01 03:27:38.922,0.76066,0.76087,1.21,1.13
2011.04.01 03:27:44.543,0.76066,0.76087,1.21,1.13
2011.04.01 03:27:45.079,0.76067,0.76085,1.21,1.13
2011.04.01 03:27:45.869,0.76068,0.76089,1.50,1.88
2011.04.01 03:27:46.205,0.76087,0.761,1.59,1.50
2011.04.01 03:27:46.433,0.76087,0.76094,1.50,1.73
2011.04.01 03:27:46.553,0.76087,0.76098,3.00,2.25
2011.04.01 03:27:46.781,0.76091,0.76109,3.00,2.63
2011.04.01 03:27:47.005,0.76087,0.76096,1.50,1.50
2011.04.01 03:27:47.122,0.76091,0.761,2.10,1.13
2011.04.01 03:27:47.233,0.7608,0.76101,1.50,4.88
2011.04.01 03:27:47.350,0.76075,0.76101,1.59,4.88
2011.04.01 03:27:48.154,0.76075,0.76098,1.50,1.50
2011.04.01 03:27:48.958,0.76078,0.761,1.50,1.50
2011.04.01 03:27:49.293,0.76081,0.76099,3.00,1.13
2011.04.01 03:27:49.849,0.76077,0.76099,2.34,1.88
2011.04.01 03:27:50.183,0.76077,0.76099,2.25,1.88
2011.04.01 03:27:50.302,0.76075,0.76095,3.00,1.13
2011.04.01 03:27:50.414,0.76075,0.76092,3.00,1.35
2011.04.01 03:27:50.533,0.76071,0.7609,3.75,1.88
2011.04.01 03:27:50.762,0.76068,0.76089,1.50,1.13
2011.04.01 03:27:50.871,0.76071,0.7609,3.00,1.50
2011.04.01 03:27:51.421,0.76071,0.76092,3.00,2.10
2011.04.01 03:28:16.810,0.76071,0.76094,3.90,1.50
2011.04.01 03:28:28.634,0.76071,0.76094,3.90,1.50
2011.04.01 03:28:34.110,0.76073,0.76094,2.14,1.50
2011.04.01 03:28:57.354,0.76073,0.76094,2.14,1.50
2011.04.01 03:28:57.690,0.76084,0.76103,1.35,1.13
2011.04.01 03:28:57.800,0.76084,0.76106,1.35,1.03
2011.04.01 03:28:57.910,0.76085,0.76106,1.59,1.03
2011.04.01 03:28:58.240,0.7609,0.76112,2.19,1.65
2011.04.01 03:29:00.810,0.76093,0.76113,1.59,2.03
2011.04.01 03:29:01.249,0.76094,0.76117,2.19,2.03
2011.04.01 03:29:02.016,0.76095,0.76117,1.59,1.65
2011.04.01 03:29:03.539,0.76093,0.76114,1.59,1.28
2011.04.01 03:29:05.230,0.76094,0.76118,2.19,1.28
2011.04.01 03:29:05.561,0.76098,0.76116,1.59,1.50
2011.04.01 03:29:05.672,0.76088,0.76109,1.50,2.25
2011.04.01 03:29:05.780,0.76085,0.76109,3.09,2.25
2011.04.01 03:29:18.640,0.76087,0.76109,1.59,1.50
2011.04.01 03:29:23.693,0.76089,0.76111,1.50,1.88
2011.04.01 03:29:24.032,0.76094,0.76115,1.35,1.88
2011.04.01 03:29:24.143,0.76094,0.76114,1.35,1.50
2011.04.01 03:29:24.372,0.76093,0.76114,2.10,3.00
2011.04.01 03:29:25.067,0.76091,0.76114,1.35,3.00
2011.04.01 03:29:25.891,0.76091,0.76113,1.35,1.50
2011.04.01 03:29:38.153,0.76091,0.76114,1.35,3.00
2011.04.01 03:29:41.670,0.76088,0.76108,3.69,1.50
2011.04.01 03:29:41.782,0.76087,0.76108,3.84,2.10
2011.04.01 03:29:41.890,0.76085,0.76108,1.59,3.23
2011.04.01 03:29:43.794,0.76085,0.76106,1.59,1.59
2011.04.01 03:29:44.131,0.76079,0.761,1.56,3.60
2011.04.01 03:29:44.460,0.76077,0.761,2.22,3.60
2011.04.01 03:29:46.220,0.76077,0.761,1.47,3.98
2011.04.01 03:29:49.670,0.76077,0.761,1.47,3.98
2011.04.01 03:29:51.490,0.76076,0.761,1.62,1.13
2011.04.01 03:29:55.073,0.76076,0.76101,1.62,2.63
2011.04.01 03:29:55.631,0.76077,0.76101,1.77,1.50
2011.04.01 03:29:55.741,0.76078,0.76102,1.62,1.13
2011.04.01 03:29:56.071,0.76081,0.76108,3.87,1.50
2011.04.01 03:29:56.183,0.76081,0.76105,3.87,1.50
2011.04.01 03:30:02.569,0.76081,0.76105,1.62,1.88
2011.04.01 03:30:33.201,0.76081,0.76105,1.62,1.88
2011.04.01 03:30:36.660,0.76083,0.76105,1.62,1.88
2011.04.01 03:30:40.571,0.76083,0.76106,1.62,1.13
2011.04.01 03:30:41.893,0.76083,0.76104,1.62,1.13
2011.04.01 03:30:47.569,0.7608,0.76104,1.62,1.13
2011.04.01 03:30:47.901,0.7608,0.76103,1.62,1.88
2011.04.01 03:31:04.599,0.7608,0.76101,1.62,1.88
2011.04.01 03:31:13.651,0.7608,0.76102,1.62,2.25
2011.04.01 03:31:19.660,0.76081,0.76103,2.37,1.13
2011.04.01 03:31:19.992,0.76088,0.76111,2.25,1.50
2011.04.01 03:31:20.101,0.76088,0.76113,6.09,1.50
2011.04.01 03:31:20.210,0.76089,0.76113,1.53,1.50
2011.04.01 03:31:21.722,0.76089,0.76111,1.68,1.88
2011.04.01 03:31:22.053,0.7609,0.76113,1.59,1.88
2011.04.01 03:31:22.635,0.7609,0.76114,1.59,1.13
2011.04.01 03:31:27.021,0.76091,0.76114,1.14,1.13
2011.04.01 03:31:27.580,0.76091,0.76115,1.14,1.50
2011.04.01 03:31:27.911,0.76098,0.76118,1.50,1.88
2011.04.01 03:31:28.131,0.76102,0.7612,1.50,1.50
2011.04.01 03:31:28.349,0.76102,0.76122,1.50,1.13
2011.04.01 03:31:29.231,0.76107,0.76122,1.35,1.13
2011.04.01 03:31:29.779,0.76115,0.76138,2.25,1.88
2011.04.01 03:31:29.891,0.76117,0.76138,1.50,2.25
2011.04.01 03:31:30.002,0.76117,0.76138,2.19,1.50
2011.04.01 03:31:30.549,0.76117,0.76137,1.44,1.13
2011.04.01 03:31:30.882,0.76108,0.76132,3.93,1.50
2011.04.01 03:31:30.994,0.76108,0.76132,3.93,1.50
2011.04.01 03:31:37.149,0.76111,0.76132,1.74,2.63
2011.04.01 03:31:38.570,0.76112,0.76132,1.74,1.13
2011.04.01 03:31:39.820,0.76112,0.76132,1.74,1.88
2011.04.01 03:31:40.371,0.76111,0.76133,1.14,3.23
2011.04.01 03:31:42.529,0.76109,0.76132,1.74,1.50
2011.04.01 03:31:42.751,0.76112,0.76132,1.14,1.13
2011.04.01 03:31:43.479,0.76112,0.76133,1.74,2.63
2011.04.01 03:31:49.360,0.76112,0.76133,1.89,2.25
2011.04.01 03:31:49.471,0.76112,0.76133,1.59,2.63
2011.04.01 03:31:55.740,0.76112,0.76133,1.74,1.50
2011.04.01 03:31:58.255,0.76112,0.76133,1.74,1.50
2011.04.01 03:31:59.360,0.76113,0.76135,1.74,2.25
2011.04.01 03:32:06.460,0.76112,0.76132,1.36,1.50
2011.04.01 03:32:06.793,0.76115,0.76131,1.50,2.25
2011.04.01 03:32:06.901,0.76117,0.76136,1.88,1.50
2011.04.01 03:32:07.120,0.76119,0.76138,1.50,3.00
2011.04.01 03:32:07.230,0.76119,0.7614,1.50,1.50
2011.04.01 03:32:07.342,0.76122,0.76143,1.13,1.50
2011.04.01 03:32:09.090,0.76119,0.76142,1.89,1.50
2011.04.01 03:32:09.750,0.7612,0.76145,1.74,2.25
2011.04.01 03:32:10.291,0.76128,0.76149,3.00,1.50
2011.04.01 03:32:10.515,0.76134,0.76156,2.28,1.13
2011.04.01 03:32:10.962,0.76134,0.76158,2.28,2.25
2011.04.01 03:32:12.160,0.76134,0.76156,1.74,1.13
2011.04.01 03:32:12.490,0.76131,0.76152,1.74,1.50
2011.04.01 03:32:12.711,0.76131,0.76153,1.74,1.88
2011.04.01 03:32:13.040,0.76131,0.76154,1.74,1.88
2011.04.01 03:32:13.260,0.76139,0.76154,3.75,2.63
2011.04.01 03:32:13.589,0.76144,0.76154,3.75,3.38
2011.04.01 03:32:14.250,0.7615,0.76158,3.75,1.88
2011.04.01 03:32:15.223,0.7615,0.76157,3.75,1.13
2011.04.01 03:32:15.331,0.76145,0.76155,3.75,1.88
2011.04.01 03:32:19.490,0.76141,0.76155,3.75,1.13
2011.04.01 03:32:22.970,0.76131,0.76155,1.74,1.13
2011.04.01 03:32:23.710,0.76134,0.76155,1.59,1.13
2011.04.01 03:32:42.189,0.76134,0.76155,1.59,1.88
2011.04.01 03:32:42.300,0.76134,0.76155,1.59,2.03
2011.04.01 03:32:42.521,0.76134,0.76155,1.59,1.13
2011.04.01 03:32:45.201,0.76134,0.76155,1.59,1.28
2011.04.01 03:32:45.422,0.76134,0.76155,1.59,1.13
2011.04.01 03:32:46.651,0.76134,0.76155,1.59,1.13
2011.04.01 03:33:05.820,0.76129,0.76154,4.59,1.88
2011.04.01 03:33:05.931,0.76129,0.76152,4.59,1.50
2011.04.01 03:33:06.260,0.76127,0.76149,1.59,1.13
2011.04.01 03:33:06.590,0.76127,0.76149,1.59,1.13
2011.04.01 03:33:10.554,0.76127,0.76151,1.59,1.13
2011.04.01 03:33:10.781,0.76127,0.76151,1.59,1.13
2011.04.01 03:33:12.053,0.76127,0.76151,1.59,1.13
2011.04.01 03:33:12.732,0.76127,0.7615,1.59,1.13
2011.04.01 03:33:13.883,0.76127,0.7615,1.59,1.88
2011.04.01 03:33:14.101,0.76127,0.7615,1.59,2.03
2011.04.01 03:33:14.652,0.76127,0.76152,1.59,2.03
2011.04.01 03:33:14.762,0.76127,0.76152,1.59,1.88
2011.04.01 03:33:14.982,0.76129,0.76152,1.50,1.13
2011.04.01 03:33:15.310,0.76131,0.76155,1.59,1.13
2011.04.01 03:33:18.162,0.76131,0.76156,1.59,1.88
2011.04.01 03:33:18.860,0.76131,0.76156,1.74,1.13
2011.04.01 03:33:21.801,0.76131,0.76156,1.74,1.88
2011.04.01 03:33:25.739,0.76131,0.76156,1.74,1.88
2011.04.01 03:33:26.640,0.76131,0.76155,1.74,1.13
2011.04.01 03:33:36.889,0.76131,0.76156,1.74,1.13
2011.04.01 03:33:37.712,0.76131,0.76155,1.74,1.13
2011.04.01 03:33:38.739,0.76131,0.76155,1.74,1.13
2011.04.01 03:33:41.930,0.76131,0.76154,1.74,1.13
2011.04.01 03:33:46.141,0.76131,0.76153,1.74,1.13
2011.04.01 03:33:48.640,0.76131,0.76153,2.49,1.13
2011.04.01 03:33:49.257,0.7614,0.76153,1.32,1.13
2011.04.01 03:33:50.710,0.76139,0.76156,2.67,1.13
2011.04.01 03:33:52.580,0.7614,0.76157,1.32,1.13
2011.04.01 03:33:56.249,0.7614,0.76157,1.32,1.13
2011.04.01 03:33:56.950,0.76139,0.76157,2.67,1.13
2011.04.01 03:33:57.839,0.7614,0.76158,1.50,1.13
2011.04.01 03:33:58.061,0.76139,0.76158,1.50,1.88
2011.04.01 03:33:58.660,0.76134,0.76158,1.59,1.88
2011.04.01 03:33:59.232,0.76134,0.76157,1.59,1.13
2011.04.01 03:34:05.691,0.76134,0.76157,1.59,1.88
2011.04.01 03:34:06.790,0.76134,0.76157,1.59,1.50
2011.04.01 03:34:12.870,0.76134,0.76157,1.59,2.03
2011.04.01 03:34:23.009,0.76134,0.76157,1.59,1.13
2011.04.01 03:34:23.762,0.76134,0.76156,1.59,1.13
2011.04.01 03:34:24.951,0.76134,0.76156,1.59,1.13
2011.04.01 03:34:25.759,0.76134,0.76156,1.59,1.13
2011.04.01 03:34:27.779,0.76134,0.76156,1.59,1.88
2011.04.01 03:34:28.431,0.76134,0.76156,1.59,1.13
2011.04.01 03:34:34.521,0.76136,0.76157,1.59,1.88
2011.04.01 03:34:35.641,0.76136,0.76157,1.59,1.13
2011.04.01 03:34:36.193,0.76136,0.76156,1.59,1.13
2011.04.01 03:34:36.522,0.76137,0.76159,3.09,1.13
2011.04.01 03:34:39.601,0.76138,0.7616,1.59,1.13
2011.04.01 03:34:39.930,0.76138,0.76161,2.19,1.13
2011.04.01 03:34:40.480,0.7614,0.7616,1.59,1.13
2011.04.01 03:34:44.230,0.7614,0.7616,1.59,1.13
2011.04.01 03:34:47.170,0.76138,0.76158,1.74,1.50
2011.04.01 03:34:47.391,0.76138,0.76157,1.50,1.13
2011.04.01 03:34:47.500,0.76135,0.76157,1.59,1.88
2011.04.01 03:34:48.711,0.76133,0.76155,1.59,1.50
2011.04.01 03:34:49.260,0.76132,0.76155,1.59,1.50
2011.04.01 03:34:49.701,0.76134,0.76157,1.59,3.38
2011.04.01 03:34:50.580,0.76135,0.76158,1.59,1.88
2011.04.01 03:34:50.912,0.76129,0.76149,1.59,2.25
2011.04.01 03:34:51.021,0.76131,0.76149,1.59,1.50
2011.04.01 03:34:51.131,0.76136,0.76155,1.59,5.10
2011.04.01 03:34:51.241,0.76136,0.76158,1.59,1.13
2011.04.01 03:34:51.681,0.76136,0.76158,1.59,1.13
2011.04.01 03:34:52.454,0.76136,0.76158,1.59,1.13
2011.04.01 03:34:53.507,0.76138,0.7616,1.59,1.13
2011.04.01 03:34:55.651,0.76138,0.76162,1.59,1.13
2011.04.01 03:34:55.883,0.76138,0.76163,1.59,1.88
2011.04.01 03:34:56.004,0.76138,0.76162,1.74,1.13
2011.04.01 03:34:56.791,0.76141,0.76163,1.59,1.88
2011.04.01 03:35:02.754,0.76144,0.76165,1.88,1.50
2011.04.01 03:35:03.364,0.76151,0.76166,1.35,1.50
2011.04.01 03:35:03.486,0.76151,0.76174,2.19,1.13
2011.04.01 03:35:05.052,0.76151,0.76175,1.59,1.88
2011.04.01 03:35:07.260,0.76154,0.76175,1.59,1.13
2011.04.01 03:35:07.872,0.76154,0.76176,1.59,1.88
2011.04.01 03:35:10.721,0.76154,0.76176,1.59,1.88
2011.04.01 03:35:16.027,0.76154,0.76179,1.59,1.50
2011.04.01 03:35:19.082,0.76154,0.76179,1.59,1.50
2011.04.01 03:35:19.630,0.76154,0.76179,2.71,1.50
2011.04.01 03:35:21.139,0.76154,0.76179,2.71,1.50
2011.04.01 03:35:26.141,0.76154,0.76179,1.59,2.25
2011.04.01 03:35:29.203,0.76154,0.76179,1.59,1.50
2011.04.01 03:35:29.852,0.76154,0.76179,2.11,1.50
2011.04.01 03:35:33.162,0.76151,0.76174,1.36,1.50
2011.04.01 03:35:33.381,0.76149,0.76168,1.59,1.50
2011.04.01 03:35:33.930,0.76149,0.76168,2.28,1.50
2011.04.01 03:35:34.639,0.76149,0.76171,3.03,3.81
2011.04.01 03:35:35.191,0.7615,0.76171,1.53,3.81
2011.04.01 03:35:35.651,0.76151,0.76171,1.59,3.81
2011.04.01 03:35:35.982,0.76151,0.76175,1.59,1.13
2011.04.01 03:35:36.640,0.76152,0.76175,1.59,1.13
2011.04.01 03:35:38.722,0.76152,0.76175,1.59,1.88
2011.04.01 03:35:38.832,0.76149,0.7617,3.03,1.35
2011.04.01 03:35:38.943,0.76149,0.7617,1.98,3.60
2011.04.01 03:35:40.480,0.76149,0.7617,1.66,2.85
2011.04.01 03:35:45.251,0.7615,0.7617,1.21,2.16
2011.04.01 03:35:46.712,0.76148,0.76168,1.59,2.10
2011.04.01 03:35:46.932,0.76148,0.76167,1.50,1.35
2011.04.01 03:35:57.440,0.76148,0.76169,1.50,1.13
2011.04.01 03:35:57.661,0.76148,0.76173,5.25,2.25
2011.04.01 03:35:57.990,0.76148,0.76173,6.09,2.25
2011.04.01 03:35:58.981,0.76149,0.76173,1.59,1.50
2011.04.01 03:36:00.691,0.76149,0.76175,1.74,2.63
2011.04.01 03:36:27.331,0.76149,0.76174,1.59,1.88
2011.04.01 03:36:30.032,0.76157,0.76175,1.50,1.50
2011.04.01 03:36:30.604,0.76157,0.76179,1.50,1.50
2011.04.01 03:36:39.994,0.76162,0.7618,1.05,1.50
2011.04.01 03:36:40.335,0.7616,0.76183,1.65,2.25
2011.04.01 03:36:40.451,0.7616,0.76183,1.65,2.25
2011.04.01 03:36:46.231,0.76162,0.76182,1.05,1.50
2011.04.01 03:36:46.673,0.7616,0.76182,1.74,1.50
2011.04.01 03:36:47.001,0.76161,0.76182,1.05,1.50
2011.04.01 03:36:47.765,0.76159,0.76182,1.21,2.25
2011.04.01 03:36:47.884,0.76158,0.76181,2.49,1.13
2011.04.01 03:36:52.117,0.76158,0.7618,1.74,1.88
2011.04.01 03:36:53.442,0.76161,0.7618,1.05,1.13
2011.04.01 03:36:54.002,0.76158,0.76179,1.74,1.13
2011.04.01 03:36:55.917,0.76161,0.76179,1.05,1.13
2011.04.01 03:36:56.435,0.76158,0.76179,1.74,1.13
2011.04.01 03:36:57.991,0.76158,0.76179,1.74,1.28
2011.04.01 03:36:58.102,0.76158,0.76179,1.74,1.13
2011.04.01 03:36:58.671,0.76157,0.7618,1.74,1.88
2011.04.01 03:36:59.235,0.76157,0.76179,1.74,1.13
2011.04.01 03:36:59.914,0.76157,0.76179,1.74,1.13
2011.04.01 03:37:00.566,0.76161,0.76183,1.05,2.25
2011.04.01 03:37:01.485,0.76157,0.7618,1.89,1.50
2011.04.01 03:37:02.042,0.76157,0.76179,1.89,1.13
2011.04.01 03:37:04.232,0.76157,0.7618,1.89,1.13
2011.04.01 03:37:05.621,0.76157,0.7618,1.89,1.88
2011.04.01 03:37:05.953,0.76161,0.76179,1.05,1.13
2011.04.01 03:37:08.262,0.76157,0.76179,1.74,1.13
2011.04.01 03:37:08.610,0.76177,0.76186,2.25,5.25
2011.04.01 03:37:08.833,0.76177,0.76184,2.25,1.50
2011.04.01 03:37:08.944,0.76184,0.762,2.10,1.13
2011.04.01 03:37:09.162,0.76184,0.76207,2.94,1.50
2011.04.01 03:37:09.385,0.76188,0.76209,2.34,1.13
2011.04.01 03:37:10.050,0.76188,0.76209,1.59,1.13
2011.04.01 03:37:11.787,0.76186,0.76208,2.28,1.50
2011.04.01 03:37:12.123,0.76191,0.76215,1.59,2.85
2011.04.01 03:37:12.342,0.76195,0.7622,1.21,1.50
2011.04.01 03:37:12.451,0.76196,0.76221,1.59,2.25
2011.04.01 03:37:12.561,0.76196,0.76223,1.50,2.25
2011.04.01 03:37:12.895,0.76204,0.76223,1.59,2.25
2011.04.01 03:37:13.235,0.76219,0.76223,1.13,1.50
2011.04.01 03:37:13.463,0.76215,0.76228,2.34,1.50
2011.04.01 03:37:14.012,0.76212,0.76228,1.62,1.50
2011.04.01 03:37:14.341,0.76212,0.76228,1.62,1.50
2011.04.01 03:37:15.723,0.76211,0.76228,3.12,2.25
2011.04.01 03:37:16.054,0.76202,0.76221,1.57,1.50
2011.04.01 03:37:16.393,0.76193,0.76217,1.62,1.13
2011.04.01 03:37:16.941,0.76192,0.76216,1.62,1.50
2011.04.01 03:37:18.524,0.76191,0.76215,1.62,1.50
2011.04.01 03:37:19.763,0.76192,0.76216,1.02,1.88
2011.04.01 03:37:20.752,0.76193,0.76216,1.02,1.88
2011.04.01 03:37:20.861,0.76193,0.76216,1.17,1.88
2011.04.01 03:37:21.082,0.76193,0.76216,1.02,1.88
2011.04.01 03:37:24.965,0.76193,0.76217,1.02,2.63
2011.04.01 03:37:26.046,0.76191,0.76215,1.62,1.50
2011.04.01 03:37:30.995,0.76188,0.76212,1.17,1.50
2011.04.01 03:37:31.113,0.76188,0.7621,1.17,1.50
2011.04.01 03:37:31.661,0.76187,0.7621,2.52,1.88
2011.04.01 03:37:33.761,0.76188,0.76213,2.52,1.88
2011.04.01 03:37:38.423,0.7619,0.76214,1.62,1.50
2011.04.01 03:37:41.193,0.76188,0.76212,3.27,1.50
2011.04.01 03:37:44.634,0.76188,0.76212,2.37,1.50
2011.04.01 03:37:48.041,0.76189,0.76214,1.02,4.88
2011.04.01 03:37:48.652,0.76188,0.76212,2.37,1.88
2011.04.01 03:37:50.541,0.76191,0.76212,2.32,1.13
2011.04.01 03:37:50.654,0.76191,0.76212,2.32,1.65
2011.04.01 03:37:51.101,0.76188,0.76211,1.62,1.13
2011.04.01 03:37:54.101,0.76188,0.76212,3.12,1.73
2011.04.01 03:37:54.322,0.7619,0.76212,1.62,1.13
2011.04.01 03:37:54.432,0.76195,0.76214,1.50,2.25
2011.04.01 03:37:54.654,0.7619,0.76212,1.62,1.13
2011.04.01 03:37:54.774,0.76188,0.76207,1.62,1.12
2011.04.01 03:37:54.894,0.76188,0.76214,1.62,3.98
2011.04.01 03:37:55.297,0.76189,0.76214,1.62,3.98
2011.04.01 03:37:56.401,0.76189,0.76213,1.62,1.50
2011.04.01 03:37:56.732,0.76186,0.76209,1.62,3.00
2011.04.01 03:37:56.953,0.76181,0.76203,2.00,1.50
2011.04.01 03:37:58.072,0.76184,0.76207,1.62,1.50
2011.04.01 03:37:58.183,0.76186,0.76209,3.12,1.88
2011.04.01 03:37:58.402,0.7619,0.76214,1.62,2.48
2011.04.01 03:37:58.733,0.76188,0.76212,2.37,1.50
2011.04.01 03:37:59.064,0.7619,0.76214,1.62,1.50
2011.04.01 03:37:59.401,0.76191,0.76215,1.62,1.50
2011.04.01 03:37:59.621,0.76191,0.76215,1.62,1.88
2011.04.01 03:38:06.143,0.76189,0.76213,1.62,1.62
2011.04.01 03:38:07.660,0.76189,0.76216,1.62,1.62
2011.04.01 03:38:08.102,0.76188,0.76214,1.62,1.62
2011.04.01 03:38:08.434,0.7619,0.76215,1.62,1.62
2011.04.01 03:38:08.990,0.7619,0.76215,1.62,1.62
2011.04.01 03:38:10.003,0.7619,0.76215,1.62,1.88
2011.04.01 03:38:10.551,0.76189,0.76213,1.62,1.50
2011.04.01 03:38:10.771,0.7619,0.76213,1.62,1.13
2011.04.01 03:38:14.793,0.76192,0.76215,1.25,3.75
2011.04.01 03:38:15.016,0.76191,0.76215,1.25,3.75
2011.04.01 03:38:15.352,0.76193,0.76215,1.25,1.50
2011.04.01 03:38:18.092,0.7619,0.76214,1.62,1.88
2011.04.01 03:38:23.889,0.76192,0.76215,1.62,1.50
2011.04.01 03:38:27.882,0.7619,0.76215,1.62,1.88
2011.04.01 03:38:41.380,0.76191,0.76215,1.62,1.50
2011.04.01 03:38:50.059,0.76189,0.76214,1.62,1.13
2011.04.01 03:38:50.503,0.76186,0.7621,1.62,1.50
2011.04.01 03:38:50.832,0.76187,0.7621,1.62,1.50
2011.04.01 03:39:00.992,0.76185,0.7621,1.62,1.50
2011.04.01 03:39:01.322,0.76187,0.7621,1.62,1.50
2011.04.01 03:39:07.266,0.76186,0.7621,1.62,1.50
2011.04.01 03:39:08.843,0.76187,0.7621,1.62,1.65
2011.04.01 03:39:09.211,0.76187,0.7621,1.62,1.50
2011.04.01 03:39:14.236,0.76183,0.76205,2.37,1.50
2011.04.01 03:39:14.470,0.76182,0.76203,3.12,1.50
2011.04.01 03:39:14.584,0.76182,0.76202,2.37,1.50
2011.04.01 03:39:14.702,0.76182,0.76202,2.37,2.25
2011.04.01 03:39:15.252,0.7618,0.76202,2.37,2.63
2011.04.01 03:39:16.694,0.76182,0.76202,2.37,2.63
2011.04.01 03:39:18.691,0.76182,0.76191,2.37,1.35
2011.04.01 03:39:19.022,0.76164,0.7619,1.62,1.50
2011.04.01 03:39:19.132,0.76164,0.76187,1.62,1.13
2011.04.01 03:39:19.242,0.76164,0.76186,1.50,1.13
2011.04.01 03:39:19.461,0.76159,0.76184,1.50,1.88
2011.04.01 03:39:21.703,0.76168,0.76184,1.50,1.88
2011.04.01 03:39:21.812,0.76168,0.76189,3.00,1.50
2011.04.01 03:39:22.252,0.76168,0.76187,2.25,2.25
2011.04.01 03:39:22.473,0.76163,0.76185,1.50,1.13
2011.04.01 03:39:22.594,0.76165,0.76186,1.50,1.50
2011.04.01 03:39:22.920,0.76163,0.76186,1.50,1.50
2011.04.01 03:39:23.533,0.7616,0.76186,4.62,1.50
2011.04.01 03:39:23.751,0.76158,0.76182,1.77,1.50
2011.04.01 03:39:25.579,0.76154,0.7618,2.37,1.50
2011.04.01 03:39:25.911,0.76148,0.76172,3.12,1.13
2011.04.01 03:39:26.242,0.76145,0.76168,4.25,1.88
2011.04.01 03:39:26.353,0.76145,0.76166,2.37,1.13
2011.04.01 03:39:26.462,0.76144,0.76166,2.37,1.88
2011.04.01 03:39:47.461,0.76138,0.76163,3.15,1.50
2011.04.01 03:39:48.451,0.76138,0.76161,3.30,1.50
2011.04.01 03:39:49.001,0.76138,0.76161,3.15,1.50
2011.04.01 03:39:51.891,0.76138,0.76163,3.30,1.50
2011.04.01 03:39:53.940,0.76138,0.76163,3.90,1.50
2011.04.01 03:39:57.061,0.76138,0.76163,4.80,1.50
2011.04.01 03:40:00.452,0.76138,0.76164,4.80,1.50
2011.04.01 03:40:01.801,0.76138,0.76163,4.05,1.50
2011.04.01 03:40:01.911,0.76138,0.76162,4.05,1.50
2011.04.01 03:40:02.461,0.76138,0.7616,1.80,1.50
2011.04.01 03:40:03.224,0.76138,0.7616,1.50,1.50
2011.04.01 03:40:03.784,0.76138,0.76159,1.50,1.50
2011.04.01 03:40:04.772,0.76137,0.76158,1.50,1.50
2011.04.01 03:40:05.294,0.76138,0.76158,1.50,1.50
2011.04.01 03:40:08.205,0.76138,0.76158,2.25,1.50
2011.04.01 03:40:08.653,0.76138,0.76158,1.95,1.50
2011.04.01 03:40:18.681,0.76138,0.76161,2.25,1.35
2011.04.01 03:40:19.013,0.76142,0.76164,2.25,1.50
2011.04.01 03:40:19.340,0.76147,0.76168,1.50,1.50
2011.04.01 03:40:20.023,0.76147,0.76168,1.50,1.50
2011.04.01 03:40:22.032,0.76147,0.76168,1.50,1.65
2011.04.01 03:40:29.540,0.76147,0.76168,1.50,1.13
2011.04.01 03:40:30.093,0.76147,0.7617,1.50,1.50
2011.04.01 03:40:37.221,0.76149,0.7617,1.50,1.50
2011.04.01 03:40:38.575,0.76149,0.7617,1.50,1.50
2011.04.01 03:40:46.403,0.76147,0.76168,1.50,1.50
2011.04.01 03:40:46.735,0.76144,0.76167,2.03,1.13
2011.04.01 03:40:46.852,0.76144,0.76167,1.28,1.13
2011.04.01 03:40:47.071,0.76143,0.76167,2.25,1.09
2011.04.01 03:40:47.292,0.76147,0.76169,1.50,1.50
2011.04.01 03:41:00.051,0.76147,0.76169,1.50,2.63
2011.04.01 03:41:11.371,0.76147,0.76169,1.50,2.63
2011.04.01 03:41:12.148,0.76147,0.76169,1.50,2.63
2011.04.01 03:41:12.703,0.76147,0.76169,1.50,2.78
2011.04.01 03:41:19.812,0.76148,0.76173,2.25,2.63
2011.04.01 03:41:20.142,0.76148,0.76169,1.50,2.63
2011.04.01 03:41:31.902,0.76145,0.76166,2.25,1.50
2011.04.01 03:41:32.618,0.76142,0.76162,1.45,1.50
2011.04.01 03:41:32.735,0.7614,0.7616,1.50,1.50
2011.04.01 03:41:32.853,0.76138,0.7616,1.65,1.13
2011.04.01 03:41:32.962,0.7614,0.76159,1.50,1.50
2011.04.01 03:41:33.291,0.76142,0.76163,1.50,1.88
2011.04.01 03:41:34.172,0.76143,0.76163,1.50,1.13
2011.04.01 03:41:34.503,0.76147,0.76167,1.50,1.50
2011.04.01 03:41:36.071,0.76146,0.76166,2.85,3.60
2011.04.01 03:41:36.183,0.76146,0.76167,2.85,1.50
2011.04.01 03:41:36.411,0.76146,0.76167,2.85,1.50
2011.04.01 03:41:36.971,0.76146,0.76167,2.10,1.50
2011.04.01 03:41:38.390,0.76146,0.76167,2.85,1.50
2011.04.01 03:41:40.360,0.76146,0.76167,2.85,1.50
2011.04.01 03:41:40.910,0.76147,0.76167,1.50,1.50
2011.04.01 03:42:46.671,0.76147,0.76165,1.50,1.13
2011.04.01 03:42:46.894,0.76142,0.76164,1.50,1.13
2011.04.01 03:42:47.362,0.76142,0.76165,1.50,1.13
2011.04.01 03:42:47.711,0.76142,0.76163,1.50,1.13
2011.04.01 03:42:47.931,0.76139,0.76163,1.50,1.13
2011.04.01 03:42:54.922,0.76142,0.76163,1.50,1.13
2011.04.01 03:42:55.033,0.76147,0.76166,1.50,1.50
2011.04.01 03:42:55.142,0.76147,0.76167,2.25,2.25
2011.04.01 03:42:56.916,0.76141,0.76162,2.20,3.00
2011.04.01 03:42:57.450,0.76132,0.76153,1.50,1.13
2011.04.01 03:42:58.002,0.7613,0.76154,1.50,1.13
2011.04.01 03:42:58.544,0.7613,0.76154,1.50,1.13
2011.04.01 03:43:06.991,0.76131,0.76154,1.50,1.13
2011.04.01 03:43:09.342,0.7613,0.76156,1.50,2.25
2011.04.01 03:43:37.811,0.7613,0.76156,1.50,2.25
2011.04.01 03:44:00.822,0.76128,0.76153,3.00,1.50
2011.04.01 03:44:01.042,0.76127,0.76151,4.50,1.50
2011.04.01 03:44:01.591,0.76127,0.76151,2.25,1.88
2011.04.01 03:44:02.871,0.76127,0.76151,2.25,1.88
2011.04.01 03:44:02.981,0.76127,0.76151,2.25,2.03
2011.04.01 03:44:03.091,0.76127,0.76151,2.25,1.88
2011.04.01 03:44:05.381,0.76127,0.76151,2.25,1.88
2011.04.01 03:44:07.595,0.76127,0.76152,2.25,1.88
2011.04.01 03:44:11.655,0.76127,0.76152,2.25,1.88
2011.04.01 03:44:11.881,0.76127,0.76152,2.25,2.03
2011.04.01 03:44:12.322,0.76127,0.76153,5.10,1.65
2011.04.01 03:44:12.543,0.76127,0.7615,4.50,1.88
2011.04.01 03:44:13.131,0.76127,0.7615,2.25,1.88
2011.04.01 03:44:13.682,0.76127,0.7615,2.25,1.88
2011.04.01 03:44:14.186,0.76127,0.7615,2.25,1.88
2011.04.01 03:44:15.772,0.76126,0.76147,1.50,1.88
2011.04.01 03:44:15.995,0.7612,0.76145,1.62,1.13
2011.04.01 03:44:18.981,0.76119,0.76145,1.80,1.13
2011.04.01 03:44:32.852,0.7612,0.76146,1.50,1.50
2011.04.01 03:44:33.572,0.76119,0.76146,1.65,1.88
2011.04.01 03:44:34.334,0.76119,0.76146,1.80,1.88
2011.04.01 03:44:46.886,0.76119,0.76146,1.05,1.88
2011.04.01 03:44:47.221,0.76119,0.76146,1.05,1.88
2011.04.01 03:44:56.679,0.76121,0.76148,3.00,2.03
2011.04.01 03:44:57.342,0.76121,0.76147,3.38,1.65
2011.04.01 03:44:57.892,0.76122,0.76148,1.13,2.03
2011.04.01 03:44:58.584,0.76121,0.76147,3.00,2.03
2011.04.01 03:45:00.802,0.76121,0.76146,2.25,2.03
2011.04.01 03:45:01.195,0.76121,0.76146,2.25,2.03
2011.04.01 03:45:09.555,0.76123,0.76149,1.50,3.75
2011.04.01 03:45:09.784,0.76127,0.76151,2.25,1.50
2011.04.01 03:45:10.444,0.76128,0.76152,1.88,1.50
2011.04.01 03:45:10.661,0.76129,0.76154,1.50,2.10
2011.04.01 03:45:17.461,0.76134,0.76159,1.28,3.75
2011.04.01 03:45:24.992,0.76134,0.76159,1.43,3.75
2011.04.01 03:45:29.972,0.76134,0.76159,1.43,3.00
2011.04.01 03:45:32.994,0.76134,0.76159,1.28,3.00
2011.04.01 03:45:33.555,0.76134,0.76159,1.28,3.00
2011.04.01 03:45:36.824,0.76133,0.76159,1.77,3.00
2011.04.01 03:45:41.212,0.76134,0.76159,1.28,3.00
2011.04.01 03:45:46.532,0.76134,0.76159,1.28,3.00
2011.04.01 03:45:48.065,0.76135,0.76159,1.50,2.25
2011.04.01 03:45:48.402,0.76142,0.76163,1.50,1.50
2011.04.01 03:45:48.514,0.76143,0.76167,1.50,1.50
2011.04.01 03:45:48.844,0.76146,0.76171,1.50,1.88
2011.04.01 03:45:50.981,0.76146,0.76172,2.25,1.50
2011.04.01 03:45:53.312,0.76146,0.76172,1.50,2.63
2011.04.01 03:45:54.172,0.76146,0.76172,2.63,1.50
2011.04.01 03:45:59.902,0.76148,0.76172,1.13,2.25
2011.04.01 03:46:00.911,0.76148,0.76172,1.13,2.25
2011.04.01 03:46:04.173,0.76146,0.76172,2.25,2.25
2011.04.01 03:46:08.443,0.76146,0.76171,2.40,1.13
2011.04.01 03:46:09.212,0.76148,0.76172,1.28,1.50
2011.04.01 03:46:09.322,0.76152,0.76174,1.50,3.75
2011.04.01 03:46:09.651,0.76152,0.76176,1.50,1.50
2011.04.01 03:46:11.545,0.76154,0.7618,1.62,3.00
2011.04.01 03:46:13.471,0.76153,0.76179,1.25,1.50
2011.04.01 03:46:15.434,0.76156,0.7618,1.50,3.00
2011.04.01 03:46:15.762,0.76157,0.76183,2.00,1.88
2011.04.01 03:46:20.712,0.76158,0.76183,1.25,1.50
2011.04.01 03:46:21.263,0.76159,0.76183,2.00,1.50
2011.04.01 03:46:21.938,0.76161,0.76185,1.47,1.50
2011.04.01 03:46:22.443,0.76164,0.76189,2.75,3.00
2011.04.01 03:46:30.696,0.76164,0.76189,1.40,3.00
2011.04.01 03:46:31.942,0.76167,0.76189,1.50,3.00
2011.04.01 03:46:32.058,0.76168,0.76193,1.13,2.25
2011.04.01 03:46:32.282,0.76168,0.76193,1.13,2.25
2011.04.01 03:46:35.671,0.76169,0.76193,1.13,2.25
2011.04.01 03:46:36.413,0.76168,0.76193,1.13,2.25
2011.04.01 03:46:46.262,0.7617,0.76193,1.88,2.25
2011.04.01 03:46:50.011,0.7617,0.76193,1.88,1.50
2011.04.01 03:46:52.849,0.7617,0.76193,2.03,1.50
2011.04.01 03:46:54.045,0.76172,0.76193,1.65,1.50
2011.04.01 03:46:54.385,0.76179,0.76198,1.50,2.25
2011.04.01 03:46:54.505,0.76179,0.76204,1.88,1.50
2011.04.01 03:46:54.624,0.76191,0.76209,1.13,1.50
2011.04.01 03:46:55.073,0.7619,0.76216,1.13,1.13
2011.04.01 03:46:55.292,0.7619,0.76216,1.13,1.13
2011.04.01 03:46:55.512,0.76191,0.76217,1.50,1.50
2011.04.01 03:46:56.602,0.76193,0.76217,1.13,1.50
2011.04.01 03:46:57.103,0.76193,0.76216,1.13,1.13
2011.04.01 03:46:58.355,0.7619,0.76217,2.00,1.88
2011.04.01 03:46:59.142,0.7619,0.76216,1.62,1.13
2011.04.01 03:46:59.822,0.7619,0.76216,1.62,1.13
2011.04.01 03:47:00.614,0.7619,0.76214,1.62,1.13
2011.04.01 03:47:01.632,0.76194,0.76213,3.00,1.13
2011.04.01 03:47:01.963,0.76198,0.76219,1.50,1.13
2011.04.01 03:47:14.553,0.76198,0.76222,1.50,2.63
2011.04.01 03:47:40.392,0.76199,0.76222,1.88,1.50
2011.04.01 03:47:44.161,0.76198,0.76222,1.50,2.63
2011.04.01 03:47:44.711,0.76198,0.76222,1.50,1.50
2011.04.01 03:47:48.413,0.76198,0.76222,1.50,2.63
2011.04.01 03:47:51.642,0.76198,0.76222,1.50,2.63
2011.04.01 03:47:59.292,0.762,0.76223,1.88,1.50
2011.04.01 03:47:59.623,0.76202,0.76227,1.88,1.35
2011.04.01 03:48:00.064,0.76204,0.76231,1.62,2.63
2011.04.01 03:48:00.288,0.76205,0.76232,1.25,1.50
2011.04.01 03:48:05.332,0.76202,0.76228,2.03,2.63
2011.04.01 03:48:07.061,0.76202,0.76228,1.28,2.63
2011.04.01 03:48:07.612,0.76202,0.76228,1.50,2.25
2011.04.01 03:48:08.260,0.76201,0.76227,1.88,1.13
2011.04.01 03:48:10.663,0.76199,0.76227,1.62,1.13
2011.04.01 03:48:11.854,0.76199,0.76225,1.62,1.13
2011.04.01 03:48:12.861,0.762,0.76228,1.62,2.63
2011.04.01 03:48:15.212,0.76198,0.76227,6.12,1.13
2011.04.01 03:48:15.542,0.76198,0.76225,5.37,1.13
2011.04.01 03:48:16.192,0.76199,0.76227,1.62,1.13
2011.04.01 03:48:16.303,0.76199,0.76227,1.62,1.13
2011.04.01 03:48:21.973,0.76199,0.76226,1.02,1.13
2011.04.01 03:48:22.543,0.76199,0.76226,1.02,1.13
2011.04.01 03:48:27.843,0.762,0.76227,1.62,1.13
2011.04.01 03:48:28.385,0.76199,0.76225,1.02,1.13
2011.04.01 03:48:28.503,0.76199,0.76226,1.02,1.88
2011.04.01 03:48:30.283,0.76199,0.76226,1.77,1.13
2011.04.01 03:48:34.113,0.76199,0.76226,1.02,1.88
2011.04.01 03:48:35.652,0.76199,0.76225,1.02,1.13
2011.04.01 03:48:45.023,0.76199,0.76225,1.02,1.13
2011.04.01 03:49:00.162,0.762,0.76226,1.62,1.13
2011.04.01 03:49:02.712,0.76199,0.76225,1.62,1.13
2011.04.01 03:49:05.661,0.76198,0.76225,4.77,1.28
2011.04.01 03:49:07.132,0.76198,0.76225,1.50,2.03
2011.04.01 03:49:09.455,0.76198,0.76225,1.65,1.88
2011.04.01 03:49:22.791,0.76198,0.76225,2.40,1.88
2011.04.01 03:49:23.951,0.76199,0.76225,1.65,1.50
2011.04.01 03:49:31.811,0.76198,0.76225,1.65,1.88
2011.04.01 03:49:48.566,0.76198,0.7622,1.50,1.50
2011.04.01 03:49:48.904,0.76191,0.76206,2.00,1.50
2011.04.01 03:49:49.016,0.76188,0.76209,1.50,3.75
2011.04.01 03:49:49.134,0.76192,0.76214,1.13,1.56
2011.04.01 03:49:49.244,0.76192,0.76214,1.13,2.25
2011.04.01 03:49:49.465,0.76185,0.76208,1.62,1.50
2011.04.01 03:49:54.132,0.76178,0.76206,1.62,2.63
2011.04.01 03:50:14.184,0.76178,0.76205,1.62,1.13
2011.04.01 03:50:20.665,0.76178,0.76206,1.62,2.63
2011.04.01 03:50:35.611,0.76178,0.76205,2.37,1.13
2011.04.01 03:50:41.954,0.76177,0.76204,1.62,1.50
2011.04.01 03:50:42.068,0.76177,0.76201,1.62,1.50
2011.04.01 03:50:42.405,0.76169,0.762,1.62,1.13
2011.04.01 03:50:42.525,0.76168,0.762,1.62,3.38
2011.04.01 03:50:42.634,0.76168,0.76199,1.50,1.13
2011.04.01 03:50:53.656,0.76167,0.76197,1.50,1.50
2011.04.01 03:50:53.984,0.76167,0.76195,1.50,1.50
2011.04.01 03:51:15.403,0.76166,0.76193,1.13,1.50
2011.04.01 03:51:15.735,0.76162,0.76182,2.37,1.50
2011.04.01 03:51:16.064,0.76153,0.76175,1.62,3.00
2011.04.01 03:51:16.284,0.7615,0.76175,1.88,3.75
2011.04.01 03:51:16.723,0.76147,0.76173,1.13,1.50
2011.04.01 03:51:16.834,0.76146,0.76169,1.13,3.00
2011.04.01 03:51:18.172,0.76146,0.76169,1.13,3.75
2011.04.01 03:51:19.013,0.76145,0.76169,1.88,3.75
2011.04.01 03:51:23.983,0.7615,0.76169,1.50,2.25
2011.04.01 03:51:24.204,0.76155,0.76176,1.50,2.25
2011.04.01 03:51:26.883,0.76155,0.76175,1.50,2.25
2011.04.01 03:51:26.993,0.76151,0.76174,1.45,1.50
2011.04.01 03:51:35.912,0.76151,0.76174,1.45,1.50
2011.04.01 03:51:36.517,0.76152,0.76171,1.45,1.35
2011.04.01 03:51:36.633,0.76148,0.76171,3.00,2.10
2011.04.01 03:51:37.201,0.76148,0.76171,1.50,1.35
2011.04.01 03:51:39.881,0.76151,0.7617,1.50,1.35
2011.04.01 03:51:40.217,0.76159,0.76181,1.45,1.50
2011.04.01 03:51:40.333,0.76157,0.7618,3.00,1.50
2011.04.01 03:51:40.443,0.76155,0.76179,2.10,3.00
2011.04.01 03:51:41.662,0.76155,0.76179,2.22,3.75
2011.04.01 03:51:48.753,0.76153,0.76176,1.62,1.50
2011.04.01 03:52:01.562,0.76155,0.76179,1.88,3.00
2011.04.01 03:52:03.842,0.76155,0.76179,1.50,3.00
2011.04.01 03:52:10.194,0.76157,0.76179,1.50,2.25
2011.04.01 03:52:10.634,0.76158,0.76184,1.62,1.13
2011.04.01 03:52:11.233,0.76158,0.76185,3.12,1.88
2011.04.01 03:52:20.363,0.76158,0.76185,3.12,1.13
2011.04.01 03:52:21.366,0.76158,0.76185,3.12,1.88
2011.04.01 03:52:21.923,0.7616,0.76186,1.62,1.88
2011.04.01 03:52:24.663,0.76164,0.76185,1.13,1.88
2011.04.01 03:52:24.996,0.76163,0.76185,1.13,1.88
2011.04.01 03:52:26.942,0.76163,0.76185,1.13,1.88
2011.04.01 03:52:27.703,0.76163,0.76184,1.13,1.13
2011.04.01 03:52:31.569,0.76164,0.76184,1.13,1.13
2011.04.01 03:52:35.637,0.7616,0.76185,1.25,1.88
2011.04.01 03:52:36.393,0.7616,0.76185,1.25,1.13
2011.04.01 03:52:36.952,0.76161,0.76184,1.25,1.13
2011.04.01 03:52:37.413,0.76161,0.76184,1.25,1.13
2011.04.01 03:52:38.185,0.76161,0.76184,1.25,1.13
2011.04.01 03:52:55.623,0.76161,0.76183,1.25,1.13
2011.04.01 03:52:57.872,0.76154,0.7618,1.13,1.88
2011.04.01 03:52:58.203,0.76156,0.76179,1.13,1.13
2011.04.01 03:53:00.523,0.76161,0.7618,1.13,2.25
2011.04.01 03:53:00.632,0.76161,0.76183,1.13,3.00
2011.04.01 03:53:01.586,0.76157,0.76181,2.00,1.50
2011.04.01 03:53:01.707,0.76156,0.76178,1.62,1.50
2011.04.01 03:53:02.017,0.76156,0.76178,1.62,1.50
2011.04.01 03:53:03.953,0.76155,0.76178,1.13,1.50
2011.04.01 03:53:13.833,0.76153,0.76179,1.13,1.88
2011.04.01 03:53:57.753,0.76153,0.76179,1.13,1.88
2011.04.01 03:54:07.323,0.76153,0.76179,1.13,1.13
2011.04.01 03:54:16.433,0.7615,0.76172,3.12,1.50
2011.04.01 03:54:16.764,0.76148,0.76172,1.50,2.63
2011.04.01 03:54:17.389,0.76148,0.76172,1.50,2.63
2011.04.01 03:54:17.944,0.76148,0.76172,1.50,1.50
2011.04.01 03:54:30.923,0.76147,0.76166,1.88,1.50
2011.04.01 03:54:31.255,0.76147,0.76164,1.13,1.35
2011.04.01 03:54:31.584,0.76141,0.76162,1.13,1.50
2011.04.01 03:55:22.240,0.76137,0.76163,3.12,2.63
2011.04.01 03:55:22.464,0.76137,0.76161,2.00,1.50
2011.04.01 03:55:22.684,0.76132,0.7616,1.62,1.13
2011.04.01 03:55:22.903,0.76131,0.76158,1.25,1.88
2011.04.01 03:55:23.233,0.76134,0.76157,1.50,1.13
2011.04.01 03:56:23.310,0.76131,0.76159,1.40,1.13
2011.04.01 03:56:33.241,0.76131,0.76159,1.25,1.13
2011.04.01 03:56:33.802,0.7613,0.76158,1.62,1.13
2011.04.01 03:56:35.122,0.76132,0.76159,1.25,1.13
2011.04.01 03:56:35.823,0.76133,0.76159,1.13,1.13
2011.04.01 03:56:36.484,0.76131,0.76159,1.25,1.13
2011.04.01 03:56:41.151,0.76131,0.76159,1.25,1.13
2011.04.01 03:56:50.266,0.76132,0.76159,1.25,1.13
2011.04.01 03:56:50.492,0.76132,0.7616,1.25,4.13
2011.04.01 03:56:51.382,0.76131,0.7616,1.40,4.13
2011.04.01 03:56:55.294,0.76131,0.76159,1.25,1.13
2011.04.01 03:56:56.132,0.76133,0.76159,1.50,1.50
2011.04.01 03:57:56.243,0.76132,0.76158,1.25,1.13
2011.04.01 03:58:00.292,0.76129,0.76158,1.62,1.13
2011.04.01 03:58:03.897,0.76129,0.76157,1.62,1.13
2011.04.01 03:58:04.622,0.76129,0.76157,1.62,1.13
2011.04.01 03:58:09.102,0.7613,0.76158,1.62,1.13
2011.04.01 03:58:09.684,0.76129,0.76158,1.62,1.13
2011.04.01 03:58:11.053,0.7613,0.76157,1.62,1.13
2011.04.01 03:58:12.232,0.76128,0.76156,2.37,1.13
2011.04.01 03:58:26.165,0.7613,0.76159,1.62,1.13
2011.04.01 03:58:26.273,0.76133,0.76159,1.13,1.13
2011.04.01 03:58:26.384,0.76133,0.7616,1.13,3.38
2011.04.01 03:58:26.896,0.76132,0.7616,2.15,4.88
2011.04.01 03:58:34.413,0.76132,0.76159,1.02,1.88
2011.04.01 03:58:35.182,0.76132,0.76157,1.02,1.13
2011.04.01 03:58:35.402,0.76132,0.76158,1.02,1.13
2011.04.01 03:58:40.903,0.76132,0.76158,1.02,1.13
2011.04.01 03:58:44.852,0.76132,0.76158,1.02,1.13
2011.04.01 03:58:49.764,0.76132,0.76158,1.02,1.13
2011.04.01 03:58:51.742,0.76132,0.76158,1.02,1.13
2011.04.01 03:58:56.195,0.76132,0.76157,1.02,1.13
2011.04.01 03:58:56.742,0.76132,0.76156,1.02,1.13
2011.04.01 03:59:01.252,0.7613,0.76156,1.62,1.13
2011.04.01 03:59:20.972,0.7613,0.76157,2.37,1.13
2011.04.01 03:59:26.812,0.7613,0.76157,1.62,1.13
2011.04.01 03:59:27.902,0.76135,0.7616,1.13,2.25
2011.04.01 03:59:28.014,0.76137,0.7616,1.13,2.25
2011.04.01 03:59:28.342,0.76137,0.7616,1.88,3.00
2011.04.01 03:59:42.312,0.76134,0.7616,1.13,3.75
2011.04.01 03:59:43.632,0.76132,0.7616,1.13,4.13
2011.04.01 03:59:44.183,0.76131,0.76159,1.77,1.13
2011.04.01 03:59:44.743,0.76132,0.76159,1.13,1.13
2011.04.01 03:59:46.043,0.76133,0.76159,1.88,1.13
2011.04.01 03:59:49.902,0.76133,0.76159,1.13,1.13
2011.04.01 03:59:55.884,0.76132,0.76159,1.13,1.13
